E_keV,counts_per_h_per_keV,sigma_counts_per_h_per_keV
20.5,0.430760,0.249418
21.5,0.576810,0.279692
22.5,0.754483,0.307727
23.5,0.967387,0.348088
24.5,1.212940,0.409017
25.5,1.479000,0.482635
26.5,1.744962,0.551615
27.5,1.987857,0.600817
28.5,2.190653,0.624003
29.5,2.348267,0.625291
30.5,2.468162,0.616017
31.5,2.565668,0.608115
32.5,2.657033,0.607837
33.5,2.753813,0.614676
34.5,2.860656,0.625341
35.5,2.976304,0.637558
36.5,3.096133,0.650765
37.5,3.214551,0.665115
38.5,3.326357,0.680777
39.5,3.427134,0.697773
40.5,3.513190,0.715605
41.5,3.581537,0.732598
42.5,3.630182,0.745779
43.5,3.658617,0.751829
44.5,3.668278,0.748660
45.5,3.662617,0.736613
46.5,3.646644,0.718573
47.5,3.625862,0.698942
48.5,3.604929,0.681928
49.5,3.586468,0.669983
50.5,3.570450,0.663184
51.5,3.554383,0.659751
52.5,3.534248,0.657199
53.5,3.505856,0.653352
54.5,3.466266,0.646841
55.5,3.414828,0.637128
56.5,3.353682,0.624305
57.5,3.287665,0.608881
58.5,3.223706,0.591710
59.5,3.169921,0.574029
60.5,3.134515,0.557539
61.5,3.124709,0.544363
62.5,3.145755,0.536747
63.5,3.200190,0.536482
64.5,3.287382,0.544248
65.5,3.403461,0.559252
66.5,3.541658,0.579402
67.5,3.693018,0.601914
68.5,3.847414,0.623993
69.5,3.994694,0.643329
70.5,4.125816,0.658332
71.5,4.233776,0.668173
72.5,4.314220,0.672723
73.5,4.365656,0.672460
74.5,4.389281,0.668351
75.5,4.388470,0.661714
76.5,4.368050,0.654018
77.5,4.333472,0.646627
78.5,4.290017,0.640553
79.5,4.242126,0.636265
80.5,4.192931,0.633672
81.5,4.144004,0.632243
82.5,4.095323,0.631250
83.5,4.045428,0.629985
84.5,3.991717,0.627913
85.5,3.930829,0.624685
86.5,3.859084,0.620063
87.5,3.772924,0.613802
88.5,3.669332,0.605548
89.5,3.546205,0.594818
90.5,3.402643,0.581057
91.5,3.239138,0.563764
92.5,3.057638,0.542640
93.5,2.861486,0.517704
94.5,2.655219,0.489361
95.5,2.444258,0.458397
96.5,2.234505,0.425917
97.5,2.031910,0.393243
98.5,1.842037,0.361795
99.5,1.669684,0.332960
100.5,1.518587,0.307989
101.5,1.391237,0.287886
102.5,1.288813,0.273325
103.5,1.211225,0.264574
104.5,1.157250,0.261449
105.5,1.124748,0.263325
106.5,1.110905,0.269215
107.5,1.112523,0.277889
108.5,1.126294,0.288018
109.5,1.149062,0.298312
110.5,1.178049,0.307632
111.5,1.211028,0.315098
112.5,1.246439,0.320162
113.5,1.283430,0.322678
114.5,1.321819,0.322929
115.5,1.361993,0.321630
116.5,1.404733,0.319867
117.5,1.451004,0.318976
118.5,1.501707,0.320334
119.5,1.557454,0.325089
120.5,1.618359,0.333900
121.5,1.683895,0.346779
122.5,1.752824,0.363106
123.5,1.823208,0.381781
124.5,1.892510,0.401445
125.5,1.957768,0.420669
126.5,2.015817,0.438104
127.5,2.063552,0.452577
128.5,2.098186,0.463149
129.5,2.117480,0.469156
130.5,2.119928,0.470231
131.5,2.104879,0.466309
132.5,2.072573,0.457620
133.5,2.024110,0.444666
134.5,1.961339,0.428174
135.5,1.886706,0.409046
136.5,1.803051,0.388287
137.5,1.713398,0.366933
138.5,1.620751,0.345969
139.5,1.527903,0.326260
140.5,1.437294,0.308483
141.5,1.350909,0.293082
142.5,1.270218,0.280248
143.5,1.196173,0.269932
144.5,1.129238,0.261886
145.5,1.069450,0.255729
146.5,1.016503,0.251011
147.5,0.969839,0.247276
148.5,0.928745,0.244108
149.5,0.892436,0.241160
150.5,0.860131,0.238171
151.5,0.831113,0.234971
152.5,0.804766,0.231481
153.5,0.780604,0.227699
154.5,0.758281,0.223685
155.5,0.737589,0.219537
156.5,0.718447,0.215369
157.5,0.700887,0.211284
158.5,0.685033,0.207366
159.5,0.671078,0.203669
160.5,0.659270,0.200226
161.5,0.649880,0.197065
162.5,0.643198,0.194227
163.5,0.639505,0.191785
164.5,0.639064,0.189850
165.5,0.642103,0.188567
166.5,0.648806,0.188099
167.5,0.659296,0.188596
168.5,0.673627,0.190173
169.5,0.691774,0.192881
170.5,0.713624,0.196704
171.5,0.738970,0.201566
172.5,0.767506,0.207351
173.5,0.798827,0.213932
174.5,0.832427,0.221181
175.5,0.867709,0.228990
176.5,0.903990,0.237260
177.5,0.940515,0.245896
178.5,0.976473,0.254785
179.5,1.011019,0.263781
180.5,1.043293,0.272694
181.5,1.072453,0.281286
182.5,1.097701,0.289278
183.5,1.118309,0.296365
184.5,1.133656,0.302238
185.5,1.143246,0.306608
186.5,1.146736,0.309228
187.5,1.143948,0.309920
188.5,1.134880,0.308582
189.5,1.119710,0.305206
190.5,1.098779,0.299878
191.5,1.072583,0.292774
192.5,1.041746,0.284153
193.5,1.006990,0.274339
194.5,0.969100,0.263698
195.5,0.928889,0.252621
196.5,0.887167,0.241486
197.5,0.844703,0.230639
198.5,0.802203,0.220363
199.5,0.760290,0.210859
200.5,0.719485,0.202237
201.5,0.680208,0.194517
202.5,0.642772,0.187639
203.5,0.607395,0.181489
204.5,0.574204,0.175924
205.5,0.543255,0.170799
206.5,0.514546,0.165986
207.5,0.488028,0.161392
208.5,0.463629,0.156961
209.5,0.441255,0.152673
210.5,0.420809,0.148542
211.5,0.402196,0.144601
212.5,0.385324,0.140896
213.5,0.370113,0.137473
214.5,0.356491,0.134373
215.5,0.344395,0.131621
216.5,0.333768,0.129226
217.5,0.324561,0.127183
218.5,0.316724,0.125473
219.5,0.310212,0.124072
220.5,0.304973,0.122952
221.5,0.300955,0.122093
222.5,0.298101,0.121480
223.5,0.296348,0.121111
224.5,0.295627,0.120994
225.5,0.295864,0.121141
226.5,0.296976,0.121568
227.5,0.298877,0.122283
228.5,0.301476,0.123285
229.5,0.304675,0.124555
230.5,0.308376,0.126055
231.5,0.312481,0.127731
232.5,0.316891,0.129511
233.5,0.321510,0.131314
234.5,0.326249,0.133057
235.5,0.331026,0.134663
236.5,0.335766,0.136066
237.5,0.340405,0.137220
238.5,0.344894,0.138100
239.5,0.349191,0.138707
240.5,0.353267,0.139065
241.5,0.357104,0.139222
242.5,0.360692,0.139240
243.5,0.364030,0.139191
244.5,0.367119,0.139147
245.5,0.369965,0.139172
246.5,0.372576,0.139315
247.5,0.374957,0.139601
248.5,0.377110,0.140030
249.5,0.379034,0.140579
250.5,0.380726,0.141203
251.5,0.382176,0.141846
252.5,0.383372,0.142444
253.5,0.384297,0.142937
254.5,0.384934,0.143275
255.5,0.385262,0.143423
256.5,0.385261,0.143366
257.5,0.384910,0.143107
258.5,0.384188,0.142670
259.5,0.383072,0.142093
260.5,0.381542,0.141422
261.5,0.379573,0.140710
262.5,0.377141,0.140005
263.5,0.374220,0.139349
264.5,0.370781,0.138766
265.5,0.366791,0.138264
266.5,0.362217,0.137833
267.5,0.357025,0.137441
268.5,0.351180,0.137040
269.5,0.344649,0.136571
270.5,0.337404,0.135963
271.5,0.329423,0.135145
272.5,0.320694,0.134047
273.5,0.311215,0.132604
274.5,0.301000,0.130760
275.5,0.290078,0.128473
276.5,0.278494,0.125712
277.5,0.266311,0.122463
278.5,0.253610,0.118727
279.5,0.240490,0.114518
280.5,0.227064,0.109866
281.5,0.213458,0.104814
282.5,0.199809,0.099415
283.5,0.186262,0.093733
284.5,0.172965,0.087838
285.5,0.160069,0.081807
286.5,0.147720,0.075722
287.5,0.136060,0.069667
288.5,0.125221,0.063729
289.5,0.115325,0.058000
290.5,0.106479,0.052579
291.5,0.098776,0.047574
292.5,0.092294,0.043113
293.5,0.087092,0.039340
294.5,0.083212,0.036418
295.5,0.080679,0.034509
296.5,0.079499,0.033733
297.5,0.079661,0.034132
298.5,0.081139,0.035641
299.5,0.083890,0.038120
300.5,0.087854,0.041394
301.5,0.092957,0.045294
302.5,0.099113,0.049675
303.5,0.106220,0.054416
304.5,0.114166,0.059417
305.5,0.122828,0.064589
306.5,0.132076,0.069855
307.5,0.141770,0.075138
308.5,0.151768,0.080366
309.5,0.161921,0.085468
310.5,0.172085,0.090376
311.5,0.182113,0.095025
312.5,0.191866,0.099352
313.5,0.201212,0.103301
314.5,0.210029,0.106824
315.5,0.218206,0.109882
316.5,0.225648,0.112442
317.5,0.232278,0.114487
318.5,0.238033,0.116008
319.5,0.242873,0.117010
320.5,0.246773,0.117509
321.5,0.249730,0.117532
322.5,0.251759,0.117116
323.5,0.252889,0.116309
324.5,0.253168,0.115162
325.5,0.252657,0.113735
326.5,0.251427,0.112086
327.5,0.249557,0.110278
328.5,0.247136,0.108367
329.5,0.244254,0.106406
330.5,0.241003,0.104443
331.5,0.237475,0.102518
332.5,0.233761,0.100660
333.5,0.229945,0.098893
334.5,0.226108,0.097234
335.5,0.222323,0.095691
336.5,0.218656,0.094269
337.5,0.215167,0.092970
338.5,0.211906,0.091794
339.5,0.208917,0.090741
340.5,0.206234,0.089813
341.5,0.203887,0.089011
342.5,0.201896,0.088339
343.5,0.200277,0.087803
344.5,0.199036,0.087407
345.5,0.198178,0.087157
346.5,0.197700,0.087057
347.5,0.197594,0.087109
348.5,0.197848,0.087313
349.5,0.198446,0.087668
350.5,0.199367,0.088168
351.5,0.200587,0.088804
352.5,0.202080,0.089565
353.5,0.203813,0.090439
354.5,0.205756,0.091408
355.5,0.207872,0.092456
356.5,0.210126,0.093563
357.5,0.212479,0.094708
358.5,0.214895,0.095869
359.5,0.217336,0.097024
360.5,0.219767,0.098149
361.5,0.222152,0.099221
362.5,0.224461,0.100219
363.5,0.226664,0.101123
364.5,0.228737,0.101912
365.5,0.230660,0.102572
366.5,0.232417,0.103090
367.5,0.233997,0.103457
368.5,0.235394,0.103670
369.5,0.236606,0.103729
370.5,0.237639,0.103641
371.5,0.238499,0.103416
372.5,0.239198,0.103071
373.5,0.239752,0.102626
374.5,0.240177,0.102105
375.5,0.240492,0.101537
376.5,0.240716,0.100950
377.5,0.240867,0.100376
378.5,0.240963,0.099843
379.5,0.241018,0.099380
380.5,0.241044,0.099010
381.5,0.241049,0.098754
382.5,0.241037,0.098624
383.5,0.241007,0.098628
384.5,0.240952,0.098763
385.5,0.240863,0.099023
386.5,0.240725,0.099392
387.5,0.240518,0.099850
388.5,0.240220,0.100369
389.5,0.239805,0.100920
390.5,0.239247,0.101471
391.5,0.238518,0.101989
392.5,0.237588,0.102441
393.5,0.236434,0.102797
394.5,0.235028,0.103029
395.5,0.233352,0.103112
396.5,0.231387,0.103026
397.5,0.229124,0.102756
398.5,0.226556,0.102290
399.5,0.223684,0.101624
400.5,0.220516,0.100754
401.5,0.217066,0.099685
402.5,0.213357,0.098424
403.5,0.209415,0.096981
404.5,0.205278,0.095369
405.5,0.200984,0.093607
406.5,0.196582,0.091713
407.5,0.192121,0.089707
408.5,0.187658,0.087613
409.5,0.183248,0.085456
410.5,0.178951,0.083263
411.5,0.174828,0.081063
412.5,0.170938,0.078887
413.5,0.167338,0.076770
414.5,0.164085,0.074749
415.5,0.161230,0.072861
416.5,0.158819,0.071150
417.5,0.156896,0.069657
418.5,0.155496,0.068423
419.5,0.154647,0.067488
420.5,0.154372,0.066883
421.5,0.154683,0.066634
422.5,0.155586,0.066757
423.5,0.157078,0.067253
424.5,0.159149,0.068113
425.5,0.161778,0.069316
426.5,0.164939,0.070832
427.5,0.168596,0.072621
428.5,0.172709,0.074641
429.5,0.177228,0.076846
430.5,0.182102,0.079188
431.5,0.187271,0.081623
432.5,0.192673,0.084107
433.5,0.198246,0.086601
434.5,0.203922,0.089065
435.5,0.209635,0.091467
436.5,0.215320,0.093775
437.5,0.220912,0.095963
438.5,0.226350,0.098006
439.5,0.231577,0.099883
440.5,0.236540,0.101578
441.5,0.241192,0.103075
442.5,0.245491,0.104364
443.5,0.249404,0.105437
444.5,0.252902,0.106291
445.5,0.255967,0.106925
446.5,0.258587,0.107342
447.5,0.260758,0.107548
448.5,0.262483,0.107552
449.5,0.263774,0.107368
450.5,0.264648,0.107009
451.5,0.265132,0.106493
452.5,0.265255,0.105839
453.5,0.265053,0.105066
454.5,0.264569,0.104195
455.5,0.263846,0.103246
456.5,0.262932,0.102238
457.5,0.261877,0.101191
458.5,0.260732,0.100124
459.5,0.259548,0.099054
460.5,0.258376,0.097999
461.5,0.257265,0.096975
462.5,0.256263,0.095997
463.5,0.255414,0.095084
464.5,0.254757,0.094252
465.5,0.254329,0.093519
466.5,0.254161,0.092903
467.5,0.254279,0.092423
468.5,0.254703,0.092097
469.5,0.255447,0.091942
470.5,0.256519,0.091972
471.5,0.257920,0.092199
472.5,0.259646,0.092629
473.5,0.261687,0.093262
474.5,0.264027,0.094091
475.5,0.266645,0.095104
476.5,0.269514,0.096281
477.5,0.272605,0.097596
478.5,0.275885,0.099018
479.5,0.279317,0.100513
480.5,0.282864,0.102043
481.5,0.286486,0.103571
482.5,0.290145,0.105061
483.5,0.293801,0.106478
484.5,0.297416,0.107792
485.5,0.300955,0.108977
486.5,0.304384,0.110012
487.5,0.307671,0.110884
488.5,0.310788,0.111585
489.5,0.313712,0.112112
490.5,0.316421,0.112473
491.5,0.318897,0.112678
492.5,0.321124,0.112743
493.5,0.323092,0.112691
494.5,0.324791,0.112545
495.5,0.326214,0.112332
496.5,0.327355,0.112081
497.5,0.328211,0.111817
498.5,0.328778,0.111565
499.5,0.329052,0.111345
500.5,0.329032,0.111175
501.5,0.328713,0.111063
502.5,0.328091,0.111013
503.5,0.327163,0.111023
504.5,0.325923,0.111084
505.5,0.324366,0.111181
506.5,0.322484,0.111295
507.5,0.320273,0.111402
508.5,0.317727,0.111477
509.5,0.314840,0.111494
510.5,0.311610,0.111425
511.5,0.308034,0.111246
512.5,0.304115,0.110932
513.5,0.299855,0.110462
514.5,0.295262,0.109819
515.5,0.290347,0.108989
516.5,0.285125,0.107961
517.5,0.279617,0.106730
518.5,0.273844,0.105293
519.5,0.267837,0.103654
520.5,0.261627,0.101819
521.5,0.255250,0.099800
522.5,0.248745,0.097612
523.5,0.242156,0.095274
524.5,0.235526,0.092812
525.5,0.228900,0.090252
526.5,0.222326,0.087626
527.5,0.215849,0.084969
528.5,0.209514,0.082321
529.5,0.203365,0.079724
530.5,0.197441,0.077220
531.5,0.191779,0.074855
532.5,0.186410,0.072674
533.5,0.181364,0.070719
534.5,0.176661,0.069027
535.5,0.172317,0.067631
536.5,0.168344,0.066551
537.5,0.164745,0.065800
538.5,0.161519,0.065375
539.5,0.158657,0.065262
540.5,0.156146,0.065437
541.5,0.153967,0.065865
542.5,0.152097,0.066504
543.5,0.150507,0.067307
544.5,0.149166,0.068229
545.5,0.148040,0.069221
546.5,0.147092,0.070241
547.5,0.146285,0.071248
548.5,0.145578,0.072207
549.5,0.144935,0.073087
550.5,0.144316,0.073863
551.5,0.143685,0.074516
552.5,0.143009,0.075030
553.5,0.142254,0.075396
554.5,0.141391,0.075607
555.5,0.140394,0.075661
556.5,0.139241,0.075558
557.5,0.137913,0.075304
558.5,0.136395,0.074903
559.5,0.134676,0.074362
560.5,0.132748,0.073692
561.5,0.130607,0.072900
562.5,0.128253,0.071997
563.5,0.125689,0.070991
564.5,0.122922,0.069891
565.5,0.119960,0.068705
566.5,0.116814,0.067440
567.5,0.113497,0.066101
568.5,0.110026,0.064694
569.5,0.106416,0.063222
570.5,0.102685,0.061689
571.5,0.098854,0.060096
572.5,0.094940,0.058446
573.5,0.090963,0.056740
574.5,0.086944,0.054982
575.5,0.082903,0.053172
576.5,0.078858,0.051315
577.5,0.074829,0.049414
578.5,0.070834,0.047472
579.5,0.066890,0.045496
580.5,0.063015,0.043492
581.5,0.059224,0.041466
582.5,0.055532,0.039426
583.5,0.051952,0.037379
584.5,0.048498,0.035336
585.5,0.045181,0.033304
586.5,0.042011,0.031293
587.5,0.038998,0.029311
588.5,0.036150,0.027368
589.5,0.033475,0.025473
590.5,0.030980,0.023633
591.5,0.028670,0.021857
592.5,0.026550,0.020153
593.5,0.024624,0.018528
594.5,0.022898,0.016991
595.5,0.021372,0.015550
596.5,0.020052,0.014215
597.5,0.018938,0.012998
598.5,0.018034,0.011913
599.5,0.017340,0.010978
600.5,0.016860,0.010214
601.5,0.016595,0.009647
602.5,0.016546,0.009300
603.5,0.016716,0.009190
604.5,0.017105,0.009324
605.5,0.017715,0.009696
606.5,0.018548,0.010291
607.5,0.019605,0.011085
608.5,0.020887,0.012056
609.5,0.022394,0.013185
610.5,0.024127,0.014455
611.5,0.026086,0.015853
612.5,0.028270,0.017370
613.5,0.030678,0.018998
614.5,0.033308,0.020730
615.5,0.036156,0.022559
616.5,0.039220,0.024479
617.5,0.042494,0.026484
618.5,0.045972,0.028567
619.5,0.049647,0.030718
620.5,0.053510,0.032930
621.5,0.057551,0.035193
622.5,0.061761,0.037495
623.5,0.066125,0.039827
624.5,0.070632,0.042176
625.5,0.075266,0.044529
626.5,0.080011,0.046875
627.5,0.084851,0.049200
628.5,0.089768,0.051492
629.5,0.094743,0.053739
630.5,0.099758,0.055928
631.5,0.104793,0.058048
632.5,0.109827,0.060090
633.5,0.114841,0.062045
634.5,0.119814,0.063905
635.5,0.124725,0.065664
636.5,0.129554,0.067318
637.5,0.134282,0.068865
638.5,0.138888,0.070303
639.5,0.143354,0.071633
640.5,0.147661,0.072858
641.5,0.151790,0.073983
642.5,0.155726,0.075012
643.5,0.159450,0.075951
644.5,0.162947,0.076809
645.5,0.166203,0.077591
646.5,0.169203,0.078307
647.5,0.171934,0.078962
648.5,0.174384,0.079563
649.5,0.176540,0.080115
650.5,0.178394,0.080621
651.5,0.179934,0.081083
652.5,0.181153,0.081500
653.5,0.182044,0.081871
654.5,0.182599,0.082191
655.5,0.182815,0.082455
656.5,0.182689,0.082654
657.5,0.182217,0.082781
658.5,0.181399,0.082826
659.5,0.180236,0.082778
660.5,0.178732,0.082627
661.5,0.176890,0.082363
662.5,0.174717,0.081976
663.5,0.172221,0.081458
664.5,0.169413,0.080800
665.5,0.166305,0.079998
666.5,0.162910,0.079046
667.5,0.159246,0.077943
668.5,0.155329,0.076688
669.5,0.151180,0.075282
670.5,0.146821,0.073728
671.5,0.142273,0.072032
672.5,0.137562,0.070201
673.5,0.132713,0.068244
674.5,0.127753,0.066169
675.5,0.122708,0.063989
676.5,0.117607,0.061717
677.5,0.112477,0.059365
678.5,0.107347,0.056948
679.5,0.102244,0.054481
680.5,0.097195,0.051979
681.5,0.092227,0.049456
682.5,0.087366,0.046929
683.5,0.082635,0.044413
684.5,0.078059,0.041924
685.5,0.073657,0.039476
686.5,0.069450,0.037086
687.5,0.065456,0.034769
688.5,0.061691,0.032542
689.5,0.058169,0.030421
690.5,0.054902,0.028425
691.5,0.051900,0.026572
692.5,0.049170,0.024885
693.5,0.046719,0.023384
694.5,0.044551,0.022095
695.5,0.042667,0.021039
696.5,0.041068,0.020239
697.5,0.039752,0.019708
698.5,0.038715,0.019455
699.5,0.037953,0.019478
700.5,0.037459,0.019763
701.5,0.037226,0.020289
702.5,0.037243,0.021029
703.5,0.037501,0.021954
704.5,0.037988,0.023033
705.5,0.038693,0.024241
706.5,0.039601,0.025552
707.5,0.040700,0.026945
708.5,0.041973,0.028401
709.5,0.043408,0.029903
710.5,0.044987,0.031437
711.5,0.046696,0.032991
712.5,0.048518,0.034552
713.5,0.050438,0.036109
714.5,0.052439,0.037654
715.5,0.054506,0.039176
716.5,0.056622,0.040667
717.5,0.058774,0.042119
718.5,0.060945,0.043525
719.5,0.063121,0.044877
720.5,0.065289,0.046170
721.5,0.067436,0.047397
722.5,0.069550,0.048553
723.5,0.071619,0.049634
724.5,0.073634,0.050635
725.5,0.075585,0.051554
726.5,0.077465,0.052387
727.5,0.079267,0.053133
728.5,0.080986,0.053791
729.5,0.082617,0.054360
730.5,0.084158,0.054839
731.5,0.085607,0.055231
732.5,0.086966,0.055535
733.5,0.088234,0.055755
734.5,0.089414,0.055892
735.5,0.090510,0.055952
736.5,0.091528,0.055937
737.5,0.092472,0.055854
738.5,0.093350,0.055707
739.5,0.094170,0.055504
740.5,0.094941,0.055252
741.5,0.095671,0.054959
742.5,0.096370,0.054634
743.5,0.097048,0.054288
744.5,0.097716,0.053930
745.5,0.098384,0.053572
746.5,0.099062,0.053226
747.5,0.099759,0.052903
748.5,0.100487,0.052615
749.5,0.101252,0.052373
750.5,0.102065,0.052188
751.5,0.102933,0.052070
752.5,0.103862,0.052028
753.5,0.104859,0.052067
754.5,0.105928,0.052192
755.5,0.107074,0.052407
756.5,0.108299,0.052711
757.5,0.109605,0.053102
758.5,0.110993,0.053577
759.5,0.112462,0.054129
760.5,0.114010,0.054750
761.5,0.115635,0.055432
762.5,0.117333,0.056164
763.5,0.119100,0.056936
764.5,0.120929,0.057737
765.5,0.122814,0.058557
766.5,0.124748,0.059387
767.5,0.126723,0.060216
768.5,0.128730,0.061036
769.5,0.130761,0.061842
770.5,0.132805,0.062625
771.5,0.134854,0.063382
772.5,0.136897,0.064110
773.5,0.138923,0.064806
774.5,0.140922,0.065468
775.5,0.142885,0.066097
776.5,0.144800,0.066693
777.5,0.146657,0.067259
778.5,0.148445,0.067794
779.5,0.150156,0.068303
780.5,0.151779,0.068786
781.5,0.153305,0.069246
782.5,0.154724,0.069685
783.5,0.156029,0.070103
784.5,0.157210,0.070502
785.5,0.158262,0.070882
786.5,0.159175,0.071241
787.5,0.159945,0.071578
788.5,0.160566,0.071889
789.5,0.161032,0.072173
790.5,0.161341,0.072423
791.5,0.161488,0.072636
792.5,0.161472,0.072807
793.5,0.161292,0.072928
794.5,0.160949,0.072996
795.5,0.160442,0.073003
796.5,0.159776,0.072944
797.5,0.158953,0.072815
798.5,0.157980,0.072609
799.5,0.156861,0.072322
800.5,0.155606,0.071952
801.5,0.154223,0.071495
802.5,0.152724,0.070950
803.5,0.151119,0.070317
804.5,0.149422,0.069595
805.5,0.147647,0.068786
806.5,0.145809,0.067894
807.5,0.143925,0.066922
808.5,0.142012,0.065877
809.5,0.140088,0.064764
810.5,0.138171,0.063593
811.5,0.136281,0.062373
812.5,0.134436,0.061115
813.5,0.132656,0.059832
814.5,0.130959,0.058538
815.5,0.129364,0.057249
816.5,0.127889,0.055981
817.5,0.126552,0.054754
818.5,0.125367,0.053586
819.5,0.124351,0.052498
820.5,0.123516,0.051511
821.5,0.122874,0.050644
822.5,0.122437,0.049919
823.5,0.122210,0.049352
824.5,0.122202,0.048960
825.5,0.122416,0.048755
826.5,0.122854,0.048746
827.5,0.123514,0.048937
828.5,0.124396,0.049326
829.5,0.125494,0.049907
830.5,0.126800,0.050671
831.5,0.128306,0.051604
832.5,0.130000,0.052689
833.5,0.131869,0.053905
834.5,0.133897,0.055233
835.5,0.136069,0.056652
836.5,0.138367,0.058138
837.5,0.140770,0.059671
838.5,0.143260,0.061231
839.5,0.145815,0.062797
840.5,0.148414,0.064351
841.5,0.151036,0.065875
842.5,0.153659,0.067354
843.5,0.156264,0.068772
844.5,0.158829,0.070117
845.5,0.161335,0.071376
846.5,0.163764,0.072539
847.5,0.166100,0.073597
848.5,0.168327,0.074542
849.5,0.170432,0.075367
850.5,0.172403,0.076069
851.5,0.174231,0.076644
852.5,0.175908,0.077089
853.5,0.177430,0.077405
854.5,0.178793,0.077592
855.5,0.179998,0.077653
856.5,0.181045,0.077592
857.5,0.181939,0.077413
858.5,0.182685,0.077124
859.5,0.183292,0.076731
860.5,0.183770,0.076245
861.5,0.184131,0.075676
862.5,0.184387,0.075034
863.5,0.184554,0.074332
864.5,0.184646,0.073584
865.5,0.184681,0.072803
866.5,0.184676,0.072004
867.5,0.184648,0.071201
868.5,0.184616,0.070409
869.5,0.184597,0.069643
870.5,0.184609,0.068919
871.5,0.184669,0.068248
872.5,0.184794,0.067644
873.5,0.184999,0.067119
874.5,0.185299,0.066683
875.5,0.185707,0.066343
876.5,0.186234,0.066107
877.5,0.186892,0.065978
878.5,0.187689,0.065958
879.5,0.188632,0.066048
880.5,0.189726,0.066246
881.5,0.190976,0.066548
882.5,0.192382,0.066948
883.5,0.193945,0.067441
884.5,0.195664,0.068018
885.5,0.197534,0.068670
886.5,0.199551,0.069390
887.5,0.201707,0.070168
888.5,0.203996,0.070994
889.5,0.206407,0.071861
890.5,0.208930,0.072758
891.5,0.211552,0.073678
892.5,0.214261,0.074613
893.5,0.217043,0.075557
894.5,0.219883,0.076501
895.5,0.222766,0.077441
896.5,0.225676,0.078371
897.5,0.228597,0.079287
898.5,0.231513,0.080182
899.5,0.234407,0.081055
900.5,0.237263,0.081901
901.5,0.240064,0.082717
902.5,0.242796,0.083501
903.5,0.245441,0.084250
904.5,0.247985,0.084961
905.5,0.250413,0.085633
906.5,0.252712,0.086264
907.5,0.254867,0.086852
908.5,0.256868,0.087395
909.5,0.258702,0.087892
910.5,0.260359,0.088342
911.5,0.261829,0.088743
912.5,0.263105,0.089094
913.5,0.264179,0.089393
914.5,0.265046,0.089639
915.5,0.265699,0.089831
916.5,0.266137,0.089968
917.5,0.266357,0.090048
918.5,0.266357,0.090070
919.5,0.266138,0.090034
920.5,0.265702,0.089937
921.5,0.265051,0.089779
922.5,0.264191,0.089560
923.5,0.263125,0.089277
924.5,0.261862,0.088932
925.5,0.260407,0.088524
926.5,0.258771,0.088052
927.5,0.256963,0.087518
928.5,0.254993,0.086921
929.5,0.252873,0.086265
930.5,0.250616,0.085549
931.5,0.248234,0.084778
932.5,0.245741,0.083953
933.5,0.243151,0.083079
934.5,0.240477,0.082161
935.5,0.237735,0.081203
936.5,0.234938,0.080213
937.5,0.232101,0.079197
938.5,0.229237,0.078164
939.5,0.226361,0.077122
940.5,0.223485,0.076079
941.5,0.220622,0.075048
942.5,0.217783,0.074037
943.5,0.214979,0.073057
944.5,0.212220,0.072120
945.5,0.209515,0.071235
946.5,0.206872,0.070413
947.5,0.204296,0.069663
948.5,0.201792,0.068992
949.5,0.199366,0.068407
950.5,0.197018,0.067913
951.5,0.194750,0.067513
952.5,0.192563,0.067206
953.5,0.190454,0.066993
954.5,0.188421,0.066869
955.5,0.186460,0.066827
956.5,0.184566,0.066862
957.5,0.182733,0.066962
958.5,0.180954,0.067117
959.5,0.179222,0.067316
960.5,0.177529,0.067545
961.5,0.175865,0.067792
962.5,0.174222,0.068044
963.5,0.172590,0.068288
964.5,0.170960,0.068512
965.5,0.169321,0.068706
966.5,0.167665,0.068858
967.5,0.165983,0.068960
968.5,0.164266,0.069004
969.5,0.162505,0.068984
970.5,0.160693,0.068893
971.5,0.158823,0.068728
972.5,0.156889,0.068487
973.5,0.154885,0.068169
974.5,0.152808,0.067772
975.5,0.150654,0.067299
976.5,0.148419,0.066752
977.5,0.146103,0.066133
978.5,0.143704,0.065447
979.5,0.141223,0.064697
980.5,0.138661,0.063890
981.5,0.136021,0.063030
982.5,0.133303,0.062124
983.5,0.130513,0.061176
984.5,0.127655,0.060194
985.5,0.124732,0.059182
986.5,0.121752,0.058147
987.5,0.118718,0.057092
988.5,0.115639,0.056023
989.5,0.112520,0.054944
990.5,0.109368,0.053858
991.5,0.106190,0.052768
992.5,0.102994,0.051676
993.5,0.099787,0.050583
994.5,0.096576,0.049492
995.5,0.093368,0.048401
996.5,0.090170,0.047311
997.5,0.086990,0.046222
998.5,0.083835,0.045133
999.5,0.080710,0.044042
1000.5,0.077622,0.042950
1001.5,0.074578,0.041854
1002.5,0.071584,0.040753
1003.5,0.068644,0.039648
1004.5,0.065765,0.038537
1005.5,0.062951,0.037419
1006.5,0.060207,0.036295
1007.5,0.057537,0.035164
1008.5,0.054947,0.034029
1009.5,0.052438,0.032889
1010.5,0.050016,0.031745
1011.5,0.047684,0.030601
1012.5,0.045443,0.029458
1013.5,0.043298,0.028319
1014.5,0.041250,0.027187
1015.5,0.039301,0.026066
1016.5,0.037454,0.024960
1017.5,0.035711,0.023873
1018.5,0.034072,0.022811
1019.5,0.032538,0.021779
1020.5,0.031111,0.020783
1021.5,0.029791,0.019830
1022.5,0.028579,0.018928
1023.5,0.027474,0.018084
1024.5,0.026476,0.017309
1025.5,0.025584,0.016611
1026.5,0.024798,0.016000
1027.5,0.024117,0.015487
1028.5,0.023540,0.015079
1029.5,0.023064,0.014784
1030.5,0.022688,0.014609
1031.5,0.022409,0.014557
1032.5,0.022226,0.014627
1033.5,0.022135,0.014815
1034.5,0.022134,0.015117
1035.5,0.022218,0.015524
1036.5,0.022386,0.016026
1037.5,0.022632,0.016612
1038.5,0.022954,0.017272
1039.5,0.023346,0.017995
1040.5,0.023806,0.018771
1041.5,0.024328,0.019590
1042.5,0.024907,0.020444
1043.5,0.025540,0.021324
1044.5,0.026222,0.022224
1045.5,0.026948,0.023135
1046.5,0.027713,0.024052
1047.5,0.028512,0.024968
1048.5,0.029342,0.025877
1049.5,0.030198,0.026774
1050.5,0.031076,0.027653
1051.5,0.031971,0.028510
1052.5,0.032879,0.029339
1053.5,0.033799,0.030136
1054.5,0.034725,0.030896
1055.5,0.035656,0.031616
1056.5,0.036588,0.032292
1057.5,0.037521,0.032920
1058.5,0.038451,0.033497
1059.5,0.039379,0.034021
1060.5,0.040303,0.034489
1061.5,0.041224,0.034900
1062.5,0.042141,0.035252
1063.5,0.043056,0.035546
1064.5,0.043969,0.035780
1065.5,0.044883,0.035956
1066.5,0.045801,0.036074
1067.5,0.046724,0.036137
1068.5,0.047655,0.036148
1069.5,0.048600,0.036110
1070.5,0.049560,0.036028
1071.5,0.050541,0.035907
1072.5,0.051548,0.035753
1073.5,0.052583,0.035572
1074.5,0.053653,0.035374
1075.5,0.054763,0.035166
1076.5,0.055916,0.034959
1077.5,0.057118,0.034761
1078.5,0.058373,0.034584
1079.5,0.059686,0.034438
1080.5,0.061060,0.034335
1081.5,0.062500,0.034285
1082.5,0.064009,0.034299
1083.5,0.065588,0.034386
1084.5,0.067241,0.034555
1085.5,0.068970,0.034813
1086.5,0.070773,0.035164
1087.5,0.072653,0.035612
1088.5,0.074607,0.036160
1089.5,0.076636,0.036805
1090.5,0.078735,0.037545
1091.5,0.080903,0.038377
1092.5,0.083135,0.039294
1093.5,0.085426,0.040289
1094.5,0.087771,0.041354
1095.5,0.090162,0.042480
1096.5,0.092594,0.043658
1097.5,0.095057,0.044878
1098.5,0.097543,0.046130
1099.5,0.100042,0.047405
1100.5,0.102546,0.048693
1101.5,0.105042,0.049984
1102.5,0.107521,0.051270
1103.5,0.109972,0.052542
1104.5,0.112383,0.053791
1105.5,0.114742,0.055010
1106.5,0.117038,0.056191
1107.5,0.119260,0.057327
1108.5,0.121397,0.058412
1109.5,0.123437,0.059439
1110.5,0.125370,0.060404
1111.5,0.127185,0.061300
1112.5,0.128874,0.062123
1113.5,0.130427,0.062869
1114.5,0.131836,0.063535
1115.5,0.133093,0.064118
1116.5,0.134193,0.064613
1117.5,0.135128,0.065021
1118.5,0.135895,0.065339
1119.5,0.136491,0.065565
1120.5,0.136912,0.065699
1121.5,0.137156,0.065742
1122.5,0.137225,0.065693
1123.5,0.137117,0.065553
1124.5,0.136835,0.065323
1125.5,0.136381,0.065007
1126.5,0.135760,0.064605
1127.5,0.134975,0.064120
1128.5,0.134034,0.063556
1129.5,0.132941,0.062917
1130.5,0.131704,0.062207
1131.5,0.130331,0.061430
1132.5,0.128832,0.060592
1133.5,0.127214,0.059698
1134.5,0.125488,0.058753
1135.5,0.123664,0.057765
1136.5,0.121753,0.056739
1137.5,0.119764,0.055684
1138.5,0.117710,0.054605
1139.5,0.115599,0.053510
1140.5,0.113444,0.052408
1141.5,0.111256,0.051305
1142.5,0.109043,0.050209
1143.5,0.106817,0.049129
1144.5,0.104588,0.048072
1145.5,0.102365,0.047044
1146.5,0.100157,0.046054
1147.5,0.097972,0.045108
1148.5,0.095818,0.044211
1149.5,0.093703,0.043369
1150.5,0.091634,0.042585
1151.5,0.089617,0.041864
1152.5,0.087657,0.041207
1153.5,0.085759,0.040616
1154.5,0.083928,0.040090
1155.5,0.082167,0.039629
1156.5,0.080480,0.039229
1157.5,0.078868,0.038888
1158.5,0.077335,0.038602
1159.5,0.075881,0.038366
1160.5,0.074507,0.038174
1161.5,0.073214,0.038020
1162.5,0.072003,0.037900
1163.5,0.070873,0.037807
1164.5,0.069824,0.037736
1165.5,0.068855,0.037680
1166.5,0.067965,0.037636
1167.5,0.067154,0.037598
1168.5,0.066419,0.037564
1169.5,0.065760,0.037530
1170.5,0.065176,0.037493
1171.5,0.064666,0.037452
1172.5,0.064228,0.037405
1173.5,0.063860,0.037353
1174.5,0.063564,0.037295
1175.5,0.063336,0.037232
1176.5,0.063177,0.037165
1177.5,0.063086,0.037096
1178.5,0.063064,0.037028
1179.5,0.063109,0.036961
1180.5,0.063222,0.036899
1181.5,0.063404,0.036844
1182.5,0.063655,0.036798
1183.5,0.063975,0.036765
1184.5,0.064367,0.036746
1185.5,0.064831,0.036743
1186.5,0.065369,0.036759
1187.5,0.065983,0.036795
1188.5,0.066674,0.036852
1189.5,0.067445,0.036930
1190.5,0.068298,0.037032
1191.5,0.069235,0.037156
1192.5,0.070260,0.037303
1193.5,0.071373,0.037472
1194.5,0.072579,0.037664
1195.5,0.073880,0.037878
1196.5,0.075278,0.038114
1197.5,0.076776,0.038371
1198.5,0.078377,0.038650
1199.5,0.080083,0.038950
1200.5,0.081897,0.039271
1201.5,0.083820,0.039616
1202.5,0.085855,0.039983
1203.5,0.088003,0.040376
1204.5,0.090266,0.040795
1205.5,0.092644,0.041243
1206.5,0.095139,0.041722
1207.5,0.097751,0.042234
1208.5,0.100478,0.042782
1209.5,0.103322,0.043368
1210.5,0.106279,0.043996
1211.5,0.109350,0.044668
1212.5,0.112531,0.045385
1213.5,0.115820,0.046151
1214.5,0.119212,0.046965
1215.5,0.122704,0.047830
1216.5,0.126291,0.048746
1217.5,0.129967,0.049712
1218.5,0.133727,0.050728
1219.5,0.137562,0.051791
1220.5,0.141467,0.052900
1221.5,0.145431,0.054051
1222.5,0.149448,0.055241
1223.5,0.153506,0.056466
1224.5,0.157597,0.057721
1225.5,0.161709,0.059000
1226.5,0.165832,0.060298
1227.5,0.169955,0.061608
1228.5,0.174065,0.062926
1229.5,0.178150,0.064243
1230.5,0.182198,0.065554
1231.5,0.186196,0.066852
1232.5,0.190133,0.068131
1233.5,0.193994,0.069383
1234.5,0.197768,0.070603
1235.5,0.201442,0.071784
1236.5,0.205003,0.072921
1237.5,0.208440,0.074007
1238.5,0.211742,0.075039
1239.5,0.214896,0.076009
1240.5,0.217894,0.076916
1241.5,0.220723,0.077753
1242.5,0.223376,0.078518
1243.5,0.225843,0.079208
1244.5,0.228117,0.079821
1245.5,0.230191,0.080354
1246.5,0.232059,0.080805
1247.5,0.233715,0.081175
1248.5,0.235156,0.081463
1249.5,0.236378,0.081668
1250.5,0.237379,0.081793
1251.5,0.238159,0.081837
1252.5,0.238715,0.081804
1253.5,0.239050,0.081695
1254.5,0.239165,0.081512
1255.5,0.239062,0.081259
1256.5,0.238745,0.080940
1257.5,0.238219,0.080558
1258.5,0.237488,0.080118
1259.5,0.236558,0.079623
1260.5,0.235435,0.079078
1261.5,0.234128,0.078489
1262.5,0.232644,0.077859
1263.5,0.230990,0.077193
1264.5,0.229176,0.076497
1265.5,0.227211,0.075775
1266.5,0.225103,0.075031
1267.5,0.222863,0.074270
1268.5,0.220500,0.073497
1269.5,0.218024,0.072714
1270.5,0.215445,0.071927
1271.5,0.212773,0.071137
1272.5,0.210016,0.070349
1273.5,0.207185,0.069565
1274.5,0.204289,0.068788
1275.5,0.201337,0.068019
1276.5,0.198337,0.067260
1277.5,0.195299,0.066513
1278.5,0.192229,0.065779
1279.5,0.189137,0.065059
1280.5,0.186028,0.064352
1281.5,0.182911,0.063660
1282.5,0.179791,0.062982
1283.5,0.176674,0.062319
1284.5,0.173566,0.061669
1285.5,0.170472,0.061034
1286.5,0.167397,0.060411
1287.5,0.164345,0.059801
1288.5,0.161320,0.059202
1289.5,0.158325,0.058615
1290.5,0.155363,0.058037
1291.5,0.152437,0.057469
1292.5,0.149549,0.056910
1293.5,0.146702,0.056358
1294.5,0.143897,0.055814
1295.5,0.141135,0.055275
1296.5,0.138419,0.054742
1297.5,0.135747,0.054213
1298.5,0.133122,0.053689
1299.5,0.130544,0.053167
1300.5,0.128013,0.052649
1301.5,0.125530,0.052132
1302.5,0.123094,0.051618
1303.5,0.120705,0.051104
1304.5,0.118364,0.050592
1305.5,0.116069,0.050080
1306.5,0.113822,0.049569
1307.5,0.111620,0.049058
1308.5,0.109464,0.048548
1309.5,0.107354,0.048040
1310.5,0.105288,0.047533
1311.5,0.103266,0.047028
1312.5,0.101288,0.046526
1313.5,0.099353,0.046027
1314.5,0.097459,0.045532
1315.5,0.095607,0.045043
1316.5,0.093796,0.044561
1317.5,0.092024,0.044086
1318.5,0.090292,0.043620
1319.5,0.088598,0.043163
1320.5,0.086941,0.042718
1321.5,0.085322,0.042286
1322.5,0.083738,0.041866
1323.5,0.082189,0.041461
1324.5,0.080674,0.041070
1325.5,0.079193,0.040695
1326.5,0.077744,0.040336
1327.5,0.076326,0.039993
1328.5,0.074940,0.039665
1329.5,0.073583,0.039352
1330.5,0.072255,0.039054
1331.5,0.070955,0.038769
1332.5,0.069683,0.038496
1333.5,0.068438,0.038233
1334.5,0.067218,0.037979
1335.5,0.066024,0.037732
1336.5,0.064854,0.037489
1337.5,0.063708,0.037249
1338.5,0.062585,0.037009
1339.5,0.061486,0.036766
1340.5,0.060409,0.036519
1341.5,0.059354,0.036265
1342.5,0.058322,0.036002
1343.5,0.057311,0.035728
1344.5,0.056322,0.035442
1345.5,0.055355,0.035141
1346.5,0.054410,0.034826
1347.5,0.053487,0.034494
1348.5,0.052586,0.034146
1349.5,0.051708,0.033781
1350.5,0.050853,0.033400
1351.5,0.050021,0.033002
1352.5,0.049213,0.032590
1353.5,0.048430,0.032165
1354.5,0.047671,0.031728
1355.5,0.046938,0.031281
1356.5,0.046232,0.030829
1357.5,0.045551,0.030373
1358.5,0.044899,0.029916
1359.5,0.044274,0.029464
1360.5,0.043677,0.029020
1361.5,0.043109,0.028587
1362.5,0.042571,0.028172
1363.5,0.042062,0.027777
1364.5,0.041582,0.027409
1365.5,0.041132,0.027070
1366.5,0.040712,0.026766
1367.5,0.040321,0.026501
1368.5,0.039960,0.026277
1369.5,0.039627,0.026099
1370.5,0.039323,0.025967
1371.5,0.039046,0.025884
1372.5,0.038795,0.025850
1373.5,0.038571,0.025865
1374.5,0.038371,0.025927
1375.5,0.038195,0.026036
1376.5,0.038040,0.026187
1377.5,0.037906,0.026378
1378.5,0.037791,0.026605
1379.5,0.037692,0.026862
1380.5,0.037610,0.027146
1381.5,0.037540,0.027450
1382.5,0.037482,0.027771
1383.5,0.037434,0.028102
1384.5,0.037393,0.028438
1385.5,0.037358,0.028774
1386.5,0.037327,0.029105
1387.5,0.037299,0.029427
1388.5,0.037270,0.029734
1389.5,0.037240,0.030024
1390.5,0.037207,0.030291
1391.5,0.037169,0.030533
1392.5,0.037126,0.030746
1393.5,0.037076,0.030928
1394.5,0.037018,0.031076
1395.5,0.036951,0.031187
1396.5,0.036876,0.031262
1397.5,0.036790,0.031297
1398.5,0.036696,0.031292
1399.5,0.036592,0.031246
1400.5,0.036479,0.031159
1401.5,0.036358,0.031032
1402.5,0.036229,0.030863
1403.5,0.036094,0.030655
1404.5,0.035953,0.030408
1405.5,0.035809,0.030123
1406.5,0.035663,0.029803
1407.5,0.035518,0.029448
1408.5,0.035374,0.029063
1409.5,0.035235,0.028649
1410.5,0.035103,0.028210
1411.5,0.034980,0.027748
1412.5,0.034870,0.027269
1413.5,0.034774,0.026775
1414.5,0.034696,0.026272
1415.5,0.034638,0.025765
1416.5,0.034603,0.025258
1417.5,0.034595,0.024758
1418.5,0.034615,0.024271
1419.5,0.034667,0.023803
1420.5,0.034752,0.023361
1421.5,0.034874,0.022951
1422.5,0.035035,0.022582
1423.5,0.035236,0.022259
1424.5,0.035480,0.021989
1425.5,0.035769,0.021780
1426.5,0.036103,0.021636
1427.5,0.036483,0.021563
1428.5,0.036912,0.021565
1429.5,0.037389,0.021644
1430.5,0.037914,0.021801
1431.5,0.038488,0.022037
1432.5,0.039111,0.022349
1433.5,0.039781,0.022737
1434.5,0.040498,0.023195
1435.5,0.041260,0.023719
1436.5,0.042067,0.024305
1437.5,0.042915,0.024945
1438.5,0.043804,0.025634
1439.5,0.044730,0.026366
1440.5,0.045691,0.027134
1441.5,0.046685,0.027932
1442.5,0.047708,0.028754
1443.5,0.048756,0.029593
1444.5,0.049827,0.030444
1445.5,0.050918,0.031301
1446.5,0.052023,0.032159
1447.5,0.053140,0.033013
1448.5,0.054265,0.033857
1449.5,0.055395,0.034687
1450.5,0.056524,0.035499
1451.5,0.057651,0.036288
1452.5,0.058771,0.037051
1453.5,0.059881,0.037784
1454.5,0.060977,0.038482
1455.5,0.062057,0.039144
1456.5,0.063117,0.039766
1457.5,0.064155,0.040346
1458.5,0.065168,0.040881
1459.5,0.066154,0.041369
1460.5,0.067112,0.041808
1461.5,0.068039,0.042197
1462.5,0.068935,0.042536
1463.5,0.069798,0.042822
1464.5,0.070628,0.043056
1465.5,0.071425,0.043238
1466.5,0.072188,0.043369
1467.5,0.072919,0.043448
1468.5,0.073618,0.043478
1469.5,0.074285,0.043459
1470.5,0.074923,0.043395
1471.5,0.075533,0.043286
1472.5,0.076116,0.043137
1473.5,0.076676,0.042951
1474.5,0.077213,0.042730
1475.5,0.077732,0.042481
1476.5,0.078234,0.042206
1477.5,0.078722,0.041910
1478.5,0.079199,0.041600
1479.5,0.079669,0.041281
1480.5,0.080134,0.040957
1481.5,0.080597,0.040637
1482.5,0.081061,0.040324
1483.5,0.081529,0.040027
1484.5,0.082004,0.039750
1485.5,0.082488,0.039500
1486.5,0.082984,0.039282
1487.5,0.083495,0.039103
1488.5,0.084022,0.038966
1489.5,0.084567,0.038876
1490.5,0.085132,0.038837
1491.5,0.085718,0.038852
1492.5,0.086327,0.038922
1493.5,0.086959,0.039048
1494.5,0.087615,0.039231
1495.5,0.088294,0.039469
1496.5,0.088998,0.039760
1497.5,0.089725,0.040103
1498.5,0.090475,0.040493
1499.5,0.091247,0.040926
1500.5,0.092041,0.041398
1501.5,0.092854,0.041904
1502.5,0.093686,0.042438
1503.5,0.094534,0.042994
1504.5,0.095398,0.043568
1505.5,0.096274,0.044152
1506.5,0.097162,0.044742
1507.5,0.098060,0.045331
1508.5,0.098964,0.045915
1509.5,0.099874,0.046488
1510.5,0.100787,0.047045
1511.5,0.101702,0.047581
1512.5,0.102617,0.048092
1513.5,0.103530,0.048575
1514.5,0.104440,0.049025
1515.5,0.105347,0.049440
1516.5,0.106248,0.049816
1517.5,0.107144,0.050152
1518.5,0.108034,0.050446
1519.5,0.108919,0.050695
1520.5,0.109797,0.050900
1521.5,0.110671,0.051060
1522.5,0.111540,0.051174
1523.5,0.112407,0.051243
1524.5,0.113272,0.051267
1525.5,0.114137,0.051249
1526.5,0.115005,0.051190
1527.5,0.115878,0.051093
1528.5,0.116758,0.050960
1529.5,0.117649,0.050794
1530.5,0.118553,0.050600
1531.5,0.119474,0.050382
1532.5,0.120415,0.050144
1533.5,0.121379,0.049892
1534.5,0.122370,0.049630
1535.5,0.123391,0.049366
1536.5,0.124446,0.049104
1537.5,0.125538,0.048853
1538.5,0.126670,0.048617
1539.5,0.127846,0.048404
1540.5,0.129068,0.048220
1541.5,0.130339,0.048072
1542.5,0.131661,0.047965
1543.5,0.133037,0.047907
1544.5,0.134467,0.047901
1545.5,0.135954,0.047953
1546.5,0.137497,0.048066
1547.5,0.139098,0.048243
1548.5,0.140755,0.048487
1549.5,0.142470,0.048798
1550.5,0.144239,0.049177
1551.5,0.146062,0.049623
1552.5,0.147936,0.050133
1553.5,0.149859,0.050706
1554.5,0.151828,0.051337
1555.5,0.153838,0.052023
1556.5,0.155885,0.052758
1557.5,0.157965,0.053537
1558.5,0.160072,0.054354
1559.5,0.162200,0.055203
1560.5,0.164344,0.056078
1561.5,0.166498,0.056972
1562.5,0.168653,0.057879
1563.5,0.170804,0.058793
1564.5,0.172944,0.059707
1565.5,0.175063,0.060615
1566.5,0.177156,0.061512
1567.5,0.179215,0.062392
1568.5,0.181231,0.063251
1569.5,0.183197,0.064082
1570.5,0.185105,0.064881
1571.5,0.186949,0.065645
1572.5,0.188720,0.066369
1573.5,0.190412,0.067050
1574.5,0.192018,0.067685
1575.5,0.193532,0.068270
1576.5,0.194946,0.068805
1577.5,0.196256,0.069286
1578.5,0.197457,0.069712
1579.5,0.198543,0.070082
1580.5,0.199510,0.070395
1581.5,0.200354,0.070651
1582.5,0.201073,0.070848
1583.5,0.201664,0.070987
1584.5,0.202125,0.071069
1585.5,0.202453,0.071094
1586.5,0.202649,0.071063
1587.5,0.202712,0.070977
1588.5,0.202643,0.070838
1589.5,0.202442,0.070647
1590.5,0.202111,0.070406
1591.5,0.201652,0.070117
1592.5,0.201068,0.069783
1593.5,0.200361,0.069405
1594.5,0.199535,0.068986
1595.5,0.198595,0.068530
1596.5,0.197544,0.068038
1597.5,0.196388,0.067514
1598.5,0.195131,0.066960
1599.5,0.193779,0.066380
1600.5,0.192339,0.065777
1601.5,0.190815,0.065153
1602.5,0.189214,0.064511
1603.5,0.187542,0.063856
1604.5,0.185806,0.063190
1605.5,0.184012,0.062515
1606.5,0.182167,0.061837
1607.5,0.180277,0.061156
1608.5,0.178348,0.060476
1609.5,0.176387,0.059801
1610.5,0.174401,0.059133
1611.5,0.172394,0.058474
1612.5,0.170373,0.057828
1613.5,0.168344,0.057196
1614.5,0.166311,0.056582
1615.5,0.164281,0.055987
1616.5,0.162258,0.055413
1617.5,0.160247,0.054863
1618.5,0.158251,0.054337
1619.5,0.156276,0.053837
1620.5,0.154324,0.053364
1621.5,0.152399,0.052918
1622.5,0.150504,0.052502
1623.5,0.148642,0.052114
1624.5,0.146814,0.051755
1625.5,0.145024,0.051424
1626.5,0.143272,0.051122
1627.5,0.141560,0.050846
1628.5,0.139889,0.050597
1629.5,0.138261,0.050373
1630.5,0.136675,0.050172
1631.5,0.135133,0.049993
1632.5,0.133633,0.049833
1633.5,0.132177,0.049691
1634.5,0.130763,0.049565
1635.5,0.129392,0.049452
1636.5,0.128063,0.049349
1637.5,0.126775,0.049256
1638.5,0.125528,0.049169
1639.5,0.124320,0.049085
1640.5,0.123151,0.049004
1641.5,0.122019,0.048921
1642.5,0.120924,0.048837
1643.5,0.119865,0.048747
1644.5,0.118841,0.048652
1645.5,0.117850,0.048548
1646.5,0.116892,0.048436
1647.5,0.115967,0.048312
1648.5,0.115072,0.048177
1649.5,0.114208,0.048030
1650.5,0.113374,0.047870
1651.5,0.112569,0.047697
1652.5,0.111793,0.047511
1653.5,0.111045,0.047312
1654.5,0.110326,0.047101
1655.5,0.109634,0.046878
1656.5,0.108971,0.046644
1657.5,0.108335,0.046401
1658.5,0.107728,0.046151
1659.5,0.107149,0.045893
1660.5,0.106598,0.045632
1661.5,0.106076,0.045368
1662.5,0.105584,0.045104
1663.5,0.105121,0.044841
1664.5,0.104688,0.044584
1665.5,0.104286,0.044333
1666.5,0.103915,0.044091
1667.5,0.103575,0.043861
1668.5,0.103268,0.043644
1669.5,0.102993,0.043444
1670.5,0.102752,0.043262
1671.5,0.102543,0.043101
1672.5,0.102369,0.042961
1673.5,0.102229,0.042844
1674.5,0.102123,0.042751
1675.5,0.102052,0.042684
1676.5,0.102016,0.042642
1677.5,0.102014,0.042626
1678.5,0.102047,0.042635
1679.5,0.102114,0.042670
1680.5,0.102215,0.042729
1681.5,0.102350,0.042811
1682.5,0.102517,0.042915
1683.5,0.102717,0.043040
1684.5,0.102948,0.043184
1685.5,0.103210,0.043344
1686.5,0.103501,0.043520
1687.5,0.103820,0.043709
1688.5,0.104166,0.043909
1689.5,0.104537,0.044118
1690.5,0.104932,0.044335
1691.5,0.105349,0.044557
1692.5,0.105786,0.044784
1693.5,0.106242,0.045013
1694.5,0.106713,0.045242
1695.5,0.107199,0.045472
1696.5,0.107697,0.045701
1697.5,0.108204,0.045928
1698.5,0.108719,0.046153
1699.5,0.109238,0.046375
1700.5,0.109758,0.046594
1701.5,0.110279,0.046810
1702.5,0.110796,0.047023
1703.5,0.111307,0.047233
1704.5,0.111808,0.047440
1705.5,0.112298,0.047645
1706.5,0.112774,0.047848
1707.5,0.113231,0.048050
1708.5,0.113668,0.048250
1709.5,0.114082,0.048450
1710.5,0.114469,0.048648
1711.5,0.114826,0.048847
1712.5,0.115151,0.049044
1713.5,0.115441,0.049240
1714.5,0.115693,0.049436
1715.5,0.115904,0.049629
1716.5,0.116071,0.049820
1717.5,0.116192,0.050008
1718.5,0.116264,0.050191
1719.5,0.116285,0.050368
1720.5,0.116252,0.050539
1721.5,0.116162,0.050700
1722.5,0.116014,0.050851
1723.5,0.115806,0.050989
1724.5,0.115536,0.051112
1725.5,0.115202,0.051219
1726.5,0.114802,0.051307
1727.5,0.114335,0.051375
1728.5,0.113801,0.051419
1729.5,0.113197,0.051438
1730.5,0.112524,0.051430
1731.5,0.111780,0.051393
1732.5,0.110966,0.051324
1733.5,0.110081,0.051223
1734.5,0.109125,0.051086
1735.5,0.108100,0.050914
1736.5,0.107004,0.050705
1737.5,0.105840,0.050456
1738.5,0.104609,0.050169
1739.5,0.103311,0.049841
1740.5,0.101949,0.049472
1741.5,0.100525,0.049063
1742.5,0.099040,0.048612
1743.5,0.097496,0.048120
1744.5,0.095898,0.047588
1745.5,0.094246,0.047016
1746.5,0.092545,0.046404
1747.5,0.090797,0.045755
1748.5,0.089006,0.045068
1749.5,0.087176,0.044345
1750.5,0.085310,0.043588
1751.5,0.083412,0.042798
1752.5,0.081487,0.041977
1753.5,0.079538,0.041127
1754.5,0.077570,0.040251
1755.5,0.075587,0.039350
1756.5,0.073594,0.038426
1757.5,0.071596,0.037482
1758.5,0.069596,0.036521
1759.5,0.067599,0.035544
1760.5,0.065611,0.034554
1761.5,0.063635,0.033554
1762.5,0.061677,0.032546
1763.5,0.059742,0.031533
1764.5,0.057832,0.030516
1765.5,0.055954,0.029500
1766.5,0.054112,0.028485
1767.5,0.052310,0.027475
1768.5,0.050552,0.026472
1769.5,0.048842,0.025478
1770.5,0.047186,0.024496
1771.5,0.045586,0.023529
1772.5,0.044046,0.022578
1773.5,0.042572,0.021646
1774.5,0.041165,0.020737
1775.5,0.039829,0.019852
1776.5,0.038569,0.018994
1777.5,0.037387,0.018167
1778.5,0.036286,0.017373
1779.5,0.035269,0.016617
1780.5,0.034340,0.015902
1781.5,0.033500,0.015232
1782.5,0.032753,0.014613
1783.5,0.032100,0.014050
1784.5,0.031545,0.013548
1785.5,0.031088,0.013113
1786.5,0.030733,0.012750
1787.5,0.030481,0.012467
1788.5,0.030334,0.012267
1789.5,0.030292,0.012155
1790.5,0.030359,0.012135
1791.5,0.030535,0.012207
1792.5,0.030821,0.012372
1793.5,0.031218,0.012628
1794.5,0.031727,0.012973
1795.5,0.032349,0.013402
1796.5,0.033085,0.013911
1797.5,0.033935,0.014496
1798.5,0.034899,0.015150
1799.5,0.035977,0.015870
1800.5,0.037169,0.016651
1801.5,0.038476,0.017488
1802.5,0.039896,0.018380
1803.5,0.041430,0.019321
1804.5,0.043076,0.020309
1805.5,0.044834,0.021342
1806.5,0.046702,0.022417
1807.5,0.048679,0.023531
1808.5,0.050764,0.024683
1809.5,0.052956,0.025871
1810.5,0.055251,0.027091
1811.5,0.057648,0.028343
1812.5,0.060144,0.029624
1813.5,0.062738,0.030932
1814.5,0.065426,0.032265
1815.5,0.068205,0.033621
1816.5,0.071072,0.034998
1817.5,0.074024,0.036392
1818.5,0.077057,0.037802
1819.5,0.080166,0.039226
1820.5,0.083348,0.040660
1821.5,0.086599,0.042101
1822.5,0.089914,0.043548
1823.5,0.093288,0.044996
1824.5,0.096717,0.046444
1825.5,0.100195,0.047889
1826.5,0.103716,0.049326
1827.5,0.107277,0.050754
1828.5,0.110870,0.052169
1829.5,0.114491,0.053569
1830.5,0.118134,0.054949
1831.5,0.121793,0.056308
1832.5,0.125461,0.057642
1833.5,0.129133,0.058948
1834.5,0.132803,0.060224
1835.5,0.136464,0.061467
1836.5,0.140111,0.062674
1837.5,0.143738,0.063843
1838.5,0.147338,0.064971
1839.5,0.150906,0.066057
1840.5,0.154435,0.067097
1841.5,0.157920,0.068091
1842.5,0.161355,0.069037
1843.5,0.164735,0.069933
1844.5,0.168054,0.070778
1845.5,0.171307,0.071570
1846.5,0.174488,0.072309
1847.5,0.177594,0.072995
1848.5,0.180618,0.073627
1849.5,0.183558,0.074203
1850.5,0.186408,0.074726
1851.5,0.189165,0.075194
1852.5,0.191825,0.075609
1853.5,0.194385,0.075970
1854.5,0.196841,0.076280
1855.5,0.199190,0.076537
1856.5,0.201431,0.076745
1857.5,0.203560,0.076904
1858.5,0.205576,0.077016
1859.5,0.207477,0.077082
1860.5,0.209261,0.077104
1861.5,0.210929,0.077085
1862.5,0.212477,0.077025
1863.5,0.213908,0.076928
1864.5,0.215219,0.076794
1865.5,0.216411,0.076627
1866.5,0.217484,0.076429
1867.5,0.218439,0.076201
1868.5,0.219277,0.075946
1869.5,0.219999,0.075665
1870.5,0.220605,0.075362
1871.5,0.221098,0.075037
1872.5,0.221480,0.074693
1873.5,0.221751,0.074331
1874.5,0.221915,0.073954
1875.5,0.221974,0.073562
1876.5,0.221929,0.073158
1877.5,0.221784,0.072743
1878.5,0.221542,0.072318
1879.5,0.221205,0.071884
1880.5,0.220777,0.071443
1881.5,0.220259,0.070995
1882.5,0.219657,0.070542
1883.5,0.218972,0.070084
1884.5,0.218208,0.069621
1885.5,0.217369,0.069156
1886.5,0.216458,0.068687
1887.5,0.215478,0.068216
1888.5,0.214434,0.067744
1889.5,0.213327,0.067271
1890.5,0.212162,0.066797
1891.5,0.210943,0.066322
1892.5,0.209672,0.065848
1893.5,0.208354,0.065375
1894.5,0.206991,0.064903
1895.5,0.205586,0.064433
1896.5,0.204144,0.063966
1897.5,0.202667,0.063501
1898.5,0.201158,0.063039
1899.5,0.199621,0.062582
1900.5,0.198057,0.062130
1901.5,0.196472,0.061682
1902.5,0.194866,0.061241
1903.5,0.193242,0.060806
1904.5,0.191604,0.060378
1905.5,0.189954,0.059958
1906.5,0.188294,0.059547
1907.5,0.186627,0.059144
1908.5,0.184954,0.058750
1909.5,0.183278,0.058366
1910.5,0.181600,0.057991
1911.5,0.179924,0.057628
1912.5,0.178249,0.057274
1913.5,0.176579,0.056931
1914.5,0.174914,0.056599
1915.5,0.173256,0.056276
1916.5,0.171606,0.055965
1917.5,0.169966,0.055663
1918.5,0.168338,0.055371
1919.5,0.166721,0.055087
1920.5,0.165117,0.054813
1921.5,0.163527,0.054546
1922.5,0.161953,0.054287
1923.5,0.160394,0.054034
1924.5,0.158852,0.053787
1925.5,0.157327,0.053545
1926.5,0.155820,0.053307
1927.5,0.154332,0.053071
1928.5,0.152863,0.052839
1929.5,0.151415,0.052607
1930.5,0.149987,0.052377
1931.5,0.148579,0.052146
1932.5,0.147194,0.051914
1933.5,0.145831,0.051680
1934.5,0.144490,0.051445
1935.5,0.143173,0.051206
1936.5,0.141880,0.050964
1937.5,0.140610,0.050719
1938.5,0.139366,0.050470
1939.5,0.138147,0.050217
1940.5,0.136954,0.049960
1941.5,0.135788,0.049698
1942.5,0.134649,0.049433
1943.5,0.133537,0.049165
1944.5,0.132454,0.048893
1945.5,0.131399,0.048619
1946.5,0.130374,0.048343
1947.5,0.129379,0.048065
1948.5,0.128414,0.047786
1949.5,0.127481,0.047508
1950.5,0.126580,0.047231
1951.5,0.125710,0.046957
1952.5,0.124874,0.046685
1953.5,0.124071,0.046418
1954.5,0.123302,0.046157
1955.5,0.122568,0.045902
1956.5,0.121868,0.045656
1957.5,0.121203,0.045418
1958.5,0.120573,0.045191
1959.5,0.119979,0.044976
1960.5,0.119421,0.044774
1961.5,0.118900,0.044585
1962.5,0.118414,0.044412
1963.5,0.117964,0.044255
1964.5,0.117550,0.044115
1965.5,0.117172,0.043992
1966.5,0.116830,0.043889
1967.5,0.116523,0.043805
1968.5,0.116251,0.043741
1969.5,0.116013,0.043696
1970.5,0.115809,0.043673
1971.5,0.115639,0.043669
1972.5,0.115501,0.043687
1973.5,0.115394,0.043724
1974.5,0.115319,0.043782
1975.5,0.115273,0.043859
1976.5,0.115256,0.043954
1977.5,0.115267,0.044067
1978.5,0.115305,0.044198
1979.5,0.115368,0.044344
1980.5,0.115455,0.044505
1981.5,0.115566,0.044679
1982.5,0.115699,0.044864
1983.5,0.115852,0.045060
1984.5,0.116024,0.045265
1985.5,0.116215,0.045477
1986.5,0.116422,0.045694
1987.5,0.116645,0.045914
1988.5,0.116883,0.046136
1989.5,0.117134,0.046357
1990.5,0.117398,0.046577
1991.5,0.117672,0.046793
1992.5,0.117958,0.047003
1993.5,0.118253,0.047206
1994.5,0.118557,0.047400
1995.5,0.118869,0.047584
1996.5,0.119189,0.047755
1997.5,0.119516,0.047913
1998.5,0.119851,0.048057
1999.5,0.120193,0.048184
2000.5,0.120542,0.048295
2001.5,0.120898,0.048388
2002.5,0.121261,0.048463
2003.5,0.121633,0.048519
2004.5,0.122012,0.048555
2005.5,0.122401,0.048572
2006.5,0.122800,0.048570
2007.5,0.123210,0.048548
2008.5,0.123632,0.048508
2009.5,0.124067,0.048450
2010.5,0.124517,0.048374
2011.5,0.124982,0.048283
2012.5,0.125465,0.048176
2013.5,0.125966,0.048056
2014.5,0.126488,0.047925
2015.5,0.127032,0.047783
2016.5,0.127600,0.047635
2017.5,0.128194,0.047480
2018.5,0.128814,0.047323
2019.5,0.129464,0.047166
2020.5,0.130145,0.047012
2021.5,0.130857,0.046862
2022.5,0.131604,0.046721
2023.5,0.132386,0.046592
2024.5,0.133205,0.046476
2025.5,0.134061,0.046378
2026.5,0.134957,0.046300
2027.5,0.135893,0.046246
2028.5,0.136871,0.046216
2029.5,0.137889,0.046216
2030.5,0.138950,0.046245
2031.5,0.140054,0.046308
2032.5,0.141200,0.046404
2033.5,0.142388,0.046536
2034.5,0.143618,0.046705
2035.5,0.144889,0.046911
2036.5,0.146201,0.047155
2037.5,0.147552,0.047437
2038.5,0.148940,0.047756
2039.5,0.150365,0.048111
2040.5,0.151824,0.048502
2041.5,0.153315,0.048926
2042.5,0.154835,0.049383
2043.5,0.156382,0.049869
2044.5,0.157953,0.050383
2045.5,0.159545,0.050922
2046.5,0.161154,0.051483
2047.5,0.162777,0.052064
2048.5,0.164410,0.052661
2049.5,0.166049,0.053272
2050.5,0.167689,0.053894
2051.5,0.169327,0.054523
2052.5,0.170958,0.055156
2053.5,0.172578,0.055792
2054.5,0.174181,0.056425
2055.5,0.175764,0.057054
2056.5,0.177321,0.057676
2057.5,0.178847,0.058288
2058.5,0.180338,0.058887
2059.5,0.181789,0.059471
2060.5,0.183196,0.060038
2061.5,0.184553,0.060585
2062.5,0.185855,0.061110
2063.5,0.187100,0.061612
2064.5,0.188281,0.062088
2065.5,0.189396,0.062536
2066.5,0.190439,0.062956
2067.5,0.191408,0.063345
2068.5,0.192298,0.063702
2069.5,0.193106,0.064027
2070.5,0.193829,0.064318
2071.5,0.194464,0.064574
2072.5,0.195008,0.064795
2073.5,0.195460,0.064980
2074.5,0.195816,0.065128
2075.5,0.196076,0.065239
2076.5,0.196238,0.065313
2077.5,0.196301,0.065350
2078.5,0.196264,0.065350
2079.5,0.196127,0.065312
2080.5,0.195889,0.065238
2081.5,0.195552,0.065127
2082.5,0.195114,0.064980
2083.5,0.194578,0.064797
2084.5,0.193945,0.064579
2085.5,0.193215,0.064328
2086.5,0.192391,0.064043
2087.5,0.191476,0.063725
2088.5,0.190471,0.063376
2089.5,0.189378,0.062997
2090.5,0.188202,0.062589
2091.5,0.186945,0.062154
2092.5,0.185610,0.061692
2093.5,0.184202,0.061205
2094.5,0.182723,0.060694
2095.5,0.181178,0.060162
2096.5,0.179572,0.059610
2097.5,0.177907,0.059039
2098.5,0.176190,0.058451
2099.5,0.174423,0.057849
2100.5,0.172612,0.057233
2101.5,0.170761,0.056607
2102.5,0.168875,0.055971
2103.5,0.166959,0.055328
2104.5,0.165017,0.054679
2105.5,0.163054,0.054028
2106.5,0.161074,0.053375
2107.5,0.159082,0.052723
2108.5,0.157083,0.052073
2109.5,0.155081,0.051429
2110.5,0.153079,0.050791
2111.5,0.151084,0.050162
2112.5,0.149097,0.049544
2113.5,0.147123,0.048938
2114.5,0.145167,0.048347
2115.5,0.143231,0.047771
2116.5,0.141318,0.047213
2117.5,0.139433,0.046674
2118.5,0.137577,0.046155
2119.5,0.135754,0.045659
2120.5,0.133966,0.045185
2121.5,0.132215,0.044735
2122.5,0.130504,0.044310
2123.5,0.128835,0.043910
2124.5,0.127208,0.043537
2125.5,0.125626,0.043189
2126.5,0.124089,0.042869
2127.5,0.122599,0.042575
2128.5,0.121157,0.042308
2129.5,0.119762,0.042067
2130.5,0.118416,0.041851
2131.5,0.117118,0.041661
2132.5,0.115868,0.041496
2133.5,0.114666,0.041355
2134.5,0.113512,0.041236
2135.5,0.112404,0.041139
2136.5,0.111343,0.041063
2137.5,0.110326,0.041006
2138.5,0.109354,0.040968
2139.5,0.108424,0.040946
2140.5,0.107536,0.040941
2141.5,0.106687,0.040949
2142.5,0.105877,0.040970
2143.5,0.105103,0.041003
2144.5,0.104364,0.041045
2145.5,0.103658,0.041097
2146.5,0.102983,0.041155
2147.5,0.102337,0.041220
2148.5,0.101717,0.041289
2149.5,0.101123,0.041362
2150.5,0.100552,0.041437
2151.5,0.100002,0.041513
2152.5,0.099470,0.041589
2153.5,0.098955,0.041663
2154.5,0.098456,0.041735
2155.5,0.097969,0.041804
2156.5,0.097493,0.041869
2157.5,0.097027,0.041928
2158.5,0.096568,0.041980
2159.5,0.096115,0.042026
2160.5,0.095666,0.042064
2161.5,0.095219,0.042093
2162.5,0.094774,0.042112
2163.5,0.094329,0.042121
2164.5,0.093883,0.042120
2165.5,0.093434,0.042107
2166.5,0.092982,0.042082
2167.5,0.092525,0.042044
2168.5,0.092064,0.041993
2169.5,0.091597,0.041929
2170.5,0.091125,0.041852
2171.5,0.090646,0.041760
2172.5,0.090160,0.041654
2173.5,0.089668,0.041533
2174.5,0.089169,0.041398
2175.5,0.088664,0.041248
2176.5,0.088153,0.041083
2177.5,0.087636,0.040904
2178.5,0.087115,0.040710
2179.5,0.086588,0.040502
2180.5,0.086059,0.040281
2181.5,0.085526,0.040045
2182.5,0.084992,0.039797
2183.5,0.084457,0.039537
2184.5,0.083923,0.039264
2185.5,0.083391,0.038981
2186.5,0.082862,0.038687
2187.5,0.082338,0.038384
2188.5,0.081820,0.038073
2189.5,0.081310,0.037755
2190.5,0.080810,0.037431
2191.5,0.080320,0.037102
2192.5,0.079844,0.036770
2193.5,0.079382,0.036435
2194.5,0.078936,0.036101
2195.5,0.078508,0.035768
2196.5,0.078100,0.035437
2197.5,0.077714,0.035112
2198.5,0.077351,0.034792
2199.5,0.077013,0.034480
2200.5,0.076702,0.034179
2201.5,0.076420,0.033889
2202.5,0.076167,0.033612
2203.5,0.075946,0.033351
2204.5,0.075758,0.033106
2205.5,0.075604,0.032880
2206.5,0.075486,0.032675
2207.5,0.075406,0.032490
2208.5,0.075363,0.032329
2209.5,0.075360,0.032192
2210.5,0.075397,0.032080
2211.5,0.075476,0.031995
2212.5,0.075596,0.031936
2213.5,0.075759,0.031905
2214.5,0.075965,0.031902
2215.5,0.076215,0.031926
2216.5,0.076508,0.031979
2217.5,0.076846,0.032060
2218.5,0.077227,0.032169
2219.5,0.077653,0.032304
2220.5,0.078123,0.032465
2221.5,0.078636,0.032653
2222.5,0.079192,0.032864
2223.5,0.079791,0.033099
2224.5,0.080431,0.033357
2225.5,0.081112,0.033635
2226.5,0.081833,0.033933
2227.5,0.082594,0.034250
2228.5,0.083392,0.034583
2229.5,0.084226,0.034933
2230.5,0.085095,0.035296
2231.5,0.085998,0.035673
2232.5,0.086933,0.036061
2233.5,0.087897,0.036459
2234.5,0.088890,0.036867
2235.5,0.089910,0.037282
2236.5,0.090954,0.037703
2237.5,0.092020,0.038130
2238.5,0.093106,0.038561
2239.5,0.094211,0.038995
2240.5,0.095331,0.039431
2241.5,0.096465,0.039868
2242.5,0.097610,0.040305
2243.5,0.098763,0.040742
2244.5,0.099923,0.041176
2245.5,0.101087,0.041608
2246.5,0.102252,0.042036
2247.5,0.103416,0.042461
2248.5,0.104576,0.042880
2249.5,0.105730,0.043293
2250.5,0.106875,0.043700
2251.5,0.108009,0.044100
2252.5,0.109129,0.044493
2253.5,0.110234,0.044877
2254.5,0.111319,0.045251
2255.5,0.112384,0.045617
2256.5,0.113425,0.045972
2257.5,0.114441,0.046316
2258.5,0.115429,0.046650
2259.5,0.116387,0.046971
2260.5,0.117312,0.047280
2261.5,0.118204,0.047577
2262.5,0.119059,0.047860
2263.5,0.119877,0.048129
2264.5,0.120654,0.048385
2265.5,0.121390,0.048625
2266.5,0.122082,0.048851
2267.5,0.122730,0.049062
2268.5,0.123331,0.049257
2269.5,0.123885,0.049436
2270.5,0.124390,0.049599
2271.5,0.124846,0.049745
2272.5,0.125250,0.049875
2273.5,0.125602,0.049987
2274.5,0.125902,0.050082
2275.5,0.126149,0.050160
2276.5,0.126342,0.050220
2277.5,0.126480,0.050263
2278.5,0.126564,0.050287
2279.5,0.126593,0.050294
2280.5,0.126567,0.050282
2281.5,0.126487,0.050253
2282.5,0.126352,0.050206
2283.5,0.126162,0.050141
2284.5,0.125919,0.050059
2285.5,0.125622,0.049958
2286.5,0.125272,0.049841
2287.5,0.124870,0.049706
2288.5,0.124417,0.049554
2289.5,0.123914,0.049386
2290.5,0.123361,0.049201
2291.5,0.122760,0.049000
2292.5,0.122112,0.048783
2293.5,0.121419,0.048551
2294.5,0.120681,0.048304
2295.5,0.119900,0.048043
2296.5,0.119079,0.047768
2297.5,0.118217,0.047479
2298.5,0.117319,0.047178
2299.5,0.116383,0.046865
2300.5,0.115414,0.046539
2301.5,0.114412,0.046203
2302.5,0.113380,0.045857
2303.5,0.112320,0.045501
2304.5,0.111233,0.045135
2305.5,0.110121,0.044762
2306.5,0.108987,0.044380
2307.5,0.107833,0.043992
2308.5,0.106661,0.043597
2309.5,0.105472,0.043197
2310.5,0.104270,0.042791
2311.5,0.103055,0.042382
2312.5,0.101831,0.041969
2313.5,0.100600,0.041553
2314.5,0.099362,0.041134
2315.5,0.098121,0.040715
2316.5,0.096879,0.040294
2317.5,0.095637,0.039874
2318.5,0.094397,0.039453
2319.5,0.093162,0.039034
2320.5,0.091933,0.038617
2321.5,0.090713,0.038202
2322.5,0.089502,0.037790
2323.5,0.088302,0.037382
2324.5,0.087116,0.036978
2325.5,0.085945,0.036579
2326.5,0.084790,0.036185
2327.5,0.083652,0.035798
2328.5,0.082534,0.035418
2329.5,0.081437,0.035045
2330.5,0.080361,0.034680
2331.5,0.079308,0.034323
2332.5,0.078280,0.033977
2333.5,0.077276,0.033640
2334.5,0.076298,0.033314
2335.5,0.075347,0.032999
2336.5,0.074423,0.032696
2337.5,0.073528,0.032406
2338.5,0.072661,0.032129
2339.5,0.071824,0.031866
2340.5,0.071016,0.031617
2341.5,0.070238,0.031384
2342.5,0.069490,0.031166
2343.5,0.068772,0.030964
2344.5,0.068085,0.030778
2345.5,0.067428,0.030610
2346.5,0.066802,0.030458
2347.5,0.066206,0.030324
2348.5,0.065639,0.030207
2349.5,0.065102,0.030108
2350.5,0.064594,0.030027
2351.5,0.064114,0.029963
2352.5,0.063663,0.029916
2353.5,0.063239,0.029885
2354.5,0.062843,0.029872
2355.5,0.062472,0.029874
2356.5,0.062127,0.029892
2357.5,0.061806,0.029924
2358.5,0.061509,0.029970
2359.5,0.061235,0.030029
2360.5,0.060983,0.030100
2361.5,0.060752,0.030181
2362.5,0.060541,0.030273
2363.5,0.060349,0.030374
2364.5,0.060175,0.030482
2365.5,0.060018,0.030597
2366.5,0.059877,0.030717
2367.5,0.059751,0.030841
2368.5,0.059638,0.030968
2369.5,0.059538,0.031097
2370.5,0.059451,0.031227
2371.5,0.059373,0.031356
2372.5,0.059306,0.031483
2373.5,0.059247,0.031608
2374.5,0.059196,0.031729
2375.5,0.059152,0.031846
2376.5,0.059114,0.031957
2377.5,0.059081,0.032061
2378.5,0.059052,0.032159
2379.5,0.059026,0.032248
2380.5,0.059004,0.032329
2381.5,0.058983,0.032401
2382.5,0.058963,0.032464
2383.5,0.058945,0.032516
2384.5,0.058926,0.032558
2385.5,0.058907,0.032590
2386.5,0.058887,0.032610
2387.5,0.058866,0.032620
2388.5,0.058843,0.032619
2389.5,0.058818,0.032607
2390.5,0.058791,0.032585
2391.5,0.058761,0.032552
2392.5,0.058729,0.032508
2393.5,0.058693,0.032455
2394.5,0.058655,0.032392
2395.5,0.058614,0.032320
2396.5,0.058570,0.032240
2397.5,0.058524,0.032152
2398.5,0.058474,0.032057
2399.5,0.058421,0.031955
2400.5,0.058366,0.031847
2401.5,0.058308,0.031735
2402.5,0.058248,0.031619
2403.5,0.058186,0.031499
2404.5,0.058122,0.031378
2405.5,0.058056,0.031255
2406.5,0.057988,0.031132
2407.5,0.057919,0.031010
2408.5,0.057849,0.030889
2409.5,0.057778,0.030771
2410.5,0.057706,0.030656
2411.5,0.057634,0.030547
2412.5,0.057562,0.030442
2413.5,0.057489,0.030344
2414.5,0.057417,0.030252
2415.5,0.057344,0.030169
2416.5,0.057272,0.030094
2417.5,0.057201,0.030027
2418.5,0.057130,0.029970
2419.5,0.057059,0.029923
2420.5,0.056989,0.029886
2421.5,0.056919,0.029860
2422.5,0.056850,0.029844
2423.5,0.056781,0.029838
2424.5,0.056712,0.029842
2425.5,0.056644,0.029857
2426.5,0.056575,0.029882
2427.5,0.056506,0.029915
2428.5,0.056437,0.029958
2429.5,0.056367,0.030009
2430.5,0.056295,0.030068
2431.5,0.056223,0.030134
2432.5,0.056149,0.030205
2433.5,0.056072,0.030283
2434.5,0.055994,0.030364
2435.5,0.055912,0.030449
2436.5,0.055828,0.030537
2437.5,0.055740,0.030626
2438.5,0.055647,0.030716
2439.5,0.055551,0.030806
2440.5,0.055450,0.030894
2441.5,0.055343,0.030980
2442.5,0.055231,0.031063
2443.5,0.055113,0.031141
2444.5,0.054989,0.031215
2445.5,0.054858,0.031282
2446.5,0.054721,0.031343
2447.5,0.054576,0.031396
2448.5,0.054423,0.031441
2449.5,0.054263,0.031477
2450.5,0.054096,0.031503
2451.5,0.053920,0.031518
2452.5,0.053736,0.031523
2453.5,0.053544,0.031517
2454.5,0.053344,0.031498
2455.5,0.053136,0.031468
2456.5,0.052920,0.031425
2457.5,0.052696,0.031369
2458.5,0.052464,0.031300
2459.5,0.052226,0.031218
2460.5,0.051980,0.031122
2461.5,0.051727,0.031014
2462.5,0.051469,0.030892
2463.5,0.051205,0.030757
2464.5,0.050936,0.030609
2465.5,0.050662,0.030448
2466.5,0.050384,0.030275
2467.5,0.050104,0.030089
2468.5,0.049821,0.029892
2469.5,0.049536,0.029683
2470.5,0.049251,0.029464
2471.5,0.048967,0.029234
2472.5,0.048684,0.028995
2473.5,0.048403,0.028747
2474.5,0.048125,0.028492
2475.5,0.047852,0.028229
2476.5,0.047584,0.027960
2477.5,0.047323,0.027686
2478.5,0.047070,0.027408
2479.5,0.046826,0.027127
2480.5,0.046593,0.026845
2481.5,0.046370,0.026562
2482.5,0.046161,0.026280
2483.5,0.045966,0.026000
2484.5,0.045785,0.025724
2485.5,0.045621,0.025452
2486.5,0.045475,0.025188
2487.5,0.045347,0.024932
2488.5,0.045240,0.024685
2489.5,0.045153,0.024450
2490.5,0.045089,0.024227
2491.5,0.045048,0.024018
2492.5,0.045031,0.023826
2493.5,0.045040,0.023650
2494.5,0.045076,0.023492
2495.5,0.045139,0.023355
2496.5,0.045230,0.023238
2497.5,0.045350,0.023142
2498.5,0.045499,0.023070
2499.5,0.045680,0.023021
2500.5,0.045892,0.022995
2501.5,0.046135,0.022995
2502.5,0.046411,0.023018
2503.5,0.046720,0.023067
2504.5,0.047062,0.023140
2505.5,0.047438,0.023237
2506.5,0.047848,0.023359
2507.5,0.048291,0.023503
2508.5,0.048768,0.023671
2509.5,0.049280,0.023860
2510.5,0.049826,0.024071
2511.5,0.050405,0.024301
2512.5,0.051019,0.024551
2513.5,0.051665,0.024818
2514.5,0.052345,0.025103
2515.5,0.053057,0.025403
2516.5,0.053801,0.025718
2517.5,0.054577,0.026047
2518.5,0.055384,0.026388
2519.5,0.056220,0.026741
2520.5,0.057086,0.027105
2521.5,0.057980,0.027478
2522.5,0.058901,0.027860
2523.5,0.059848,0.028249
2524.5,0.060821,0.028646
2525.5,0.061817,0.029049
2526.5,0.062836,0.029458
2527.5,0.063877,0.029872
2528.5,0.064937,0.030290
2529.5,0.066017,0.030712
2530.5,0.067113,0.031137
2531.5,0.068225,0.031565
2532.5,0.069350,0.031995
2533.5,0.070488,0.032427
2534.5,0.071637,0.032860
2535.5,0.072795,0.033295
2536.5,0.073960,0.033730
2537.5,0.075131,0.034165
2538.5,0.076305,0.034600
2539.5,0.077481,0.035034
2540.5,0.078657,0.035467
2541.5,0.079831,0.035899
2542.5,0.081002,0.036329
2543.5,0.082167,0.036756
2544.5,0.083325,0.037181
2545.5,0.084473,0.037602
2546.5,0.085611,0.038020
2547.5,0.086735,0.038433
2548.5,0.087845,0.038841
2549.5,0.088938,0.039243
2550.5,0.090013,0.039639
2551.5,0.091068,0.040028
2552.5,0.092101,0.040409
2553.5,0.093111,0.040782
2554.5,0.094095,0.041146
2555.5,0.095054,0.041500
2556.5,0.095984,0.041844
2557.5,0.096885,0.042176
2558.5,0.097755,0.042497
2559.5,0.098594,0.042804
2560.5,0.099399,0.043098
2561.5,0.100170,0.043377
2562.5,0.100906,0.043641
2563.5,0.101605,0.043890
2564.5,0.102267,0.044122
2565.5,0.102892,0.044337
2566.5,0.103478,0.044534
2567.5,0.104025,0.044713
2568.5,0.104533,0.044872
2569.5,0.105000,0.045013
2570.5,0.105428,0.045133
2571.5,0.105816,0.045233
2572.5,0.106164,0.045312
2573.5,0.106471,0.045371
2574.5,0.106739,0.045408
2575.5,0.106967,0.045424
2576.5,0.107156,0.045419
2577.5,0.107306,0.045392
2578.5,0.107418,0.045344
2579.5,0.107493,0.045275
2580.5,0.107532,0.045185
2581.5,0.107535,0.045075
2582.5,0.107503,0.044945
2583.5,0.107438,0.044796
2584.5,0.107340,0.044627
2585.5,0.107212,0.044441
2586.5,0.107053,0.044237
2587.5,0.106866,0.044017
2588.5,0.106652,0.043781
2589.5,0.106412,0.043531
2590.5,0.106148,0.043268
2591.5,0.105862,0.042993
2592.5,0.105554,0.042708
2593.5,0.105227,0.042413
2594.5,0.104882,0.042111
2595.5,0.104521,0.041802
2596.5,0.104146,0.041489
2597.5,0.103757,0.041173
2598.5,0.103357,0.040856
2599.5,0.102947,0.040539
2600.5,0.102529,0.040225
2601.5,0.102104,0.039914
2602.5,0.101673,0.039610
2603.5,0.101239,0.039312
2604.5,0.100802,0.039024
2605.5,0.100364,0.038746
2606.5,0.099926,0.038481
2607.5,0.099489,0.038230
2608.5,0.099055,0.037993
2609.5,0.098623,0.037773
2610.5,0.098196,0.037571
2611.5,0.097774,0.037387
2612.5,0.097357,0.037223
2613.5,0.096947,0.037079
2614.5,0.096544,0.036955
2615.5,0.096149,0.036852
2616.5,0.095762,0.036771
2617.5,0.095382,0.036710
2618.5,0.095012,0.036669
2619.5,0.094649,0.036649
2620.5,0.094296,0.036649
2621.5,0.093951,0.036667
2622.5,0.093614,0.036703
2623.5,0.093286,0.036756
2624.5,0.092965,0.036824
2625.5,0.092652,0.036907
2626.5,0.092346,0.037002
2627.5,0.092046,0.037108
2628.5,0.091753,0.037223
2629.5,0.091465,0.037347
2630.5,0.091182,0.037476
2631.5,0.090903,0.037611
2632.5,0.090627,0.037748
2633.5,0.090354,0.037886
2634.5,0.090082,0.038024
2635.5,0.089812,0.038160
2636.5,0.089542,0.038292
2637.5,0.089271,0.038419
2638.5,0.088998,0.038540
2639.5,0.088724,0.038653
2640.5,0.088446,0.038757
2641.5,0.088165,0.038851
2642.5,0.087879,0.038934
2643.5,0.087588,0.039004
2644.5,0.087291,0.039061
2645.5,0.086988,0.039105
2646.5,0.086677,0.039133
2647.5,0.086359,0.039147
2648.5,0.086033,0.039145
2649.5,0.085699,0.039127
2650.5,0.085356,0.039093
2651.5,0.085004,0.039042
2652.5,0.084642,0.038975
2653.5,0.084272,0.038891
2654.5,0.083892,0.038791
2655.5,0.083503,0.038675
2656.5,0.083104,0.038543
2657.5,0.082697,0.038396
2658.5,0.082281,0.038233
2659.5,0.081857,0.038056
2660.5,0.081424,0.037865
2661.5,0.080985,0.037660
2662.5,0.080538,0.037443
2663.5,0.080085,0.037215
2664.5,0.079626,0.036975
2665.5,0.079163,0.036726
2666.5,0.078696,0.036467
2667.5,0.078225,0.036200
2668.5,0.077753,0.035927
2669.5,0.077279,0.035647
2670.5,0.076806,0.035362
2671.5,0.076334,0.035074
2672.5,0.075863,0.034782
2673.5,0.075397,0.034489
2674.5,0.074935,0.034196
2675.5,0.074479,0.033903
2676.5,0.074030,0.033611
2677.5,0.073590,0.033322
2678.5,0.073159,0.033037
2679.5,0.072740,0.032756
2680.5,0.072333,0.032481
2681.5,0.071940,0.032212
2682.5,0.071562,0.031950
2683.5,0.071201,0.031697
2684.5,0.070857,0.031452
2685.5,0.070532,0.031217
2686.5,0.070228,0.030993
2687.5,0.069946,0.030779
2688.5,0.069686,0.030577
2689.5,0.069451,0.030387
2690.5,0.069241,0.030209
2691.5,0.069057,0.030043
2692.5,0.068900,0.029891
2693.5,0.068773,0.029753
2694.5,0.068674,0.029628
2695.5,0.068606,0.029517
2696.5,0.068569,0.029420
2697.5,0.068565,0.029337
2698.5,0.068593,0.029269
2699.5,0.068655,0.029215
2700.5,0.068751,0.029176
2701.5,0.068882,0.029152
2702.5,0.069048,0.029142
2703.5,0.069250,0.029148
2704.5,0.069487,0.029168
2705.5,0.069762,0.029203
2706.5,0.070072,0.029253
2707.5,0.070420,0.029318
2708.5,0.070804,0.029398
2709.5,0.071225,0.029494
2710.5,0.071683,0.029605
2711.5,0.072177,0.029730
2712.5,0.072707,0.029872
2713.5,0.073273,0.030028
2714.5,0.073874,0.030199
2715.5,0.074510,0.030386
2716.5,0.075181,0.030587
2717.5,0.075885,0.030804
2718.5,0.076622,0.031035
2719.5,0.077391,0.031281
2720.5,0.078191,0.031541
2721.5,0.079022,0.031815
2722.5,0.079881,0.032103
2723.5,0.080768,0.032405
2724.5,0.081682,0.032719
2725.5,0.082621,0.033045
2726.5,0.083585,0.033384
2727.5,0.084571,0.033734
2728.5,0.085578,0.034095
2729.5,0.086604,0.034465
2730.5,0.087649,0.034845
2731.5,0.088709,0.035234
2732.5,0.089785,0.035631
2733.5,0.090872,0.036034
2734.5,0.091971,0.036444
2735.5,0.093079,0.036859
2736.5,0.094193,0.037278
2737.5,0.095313,0.037701
2738.5,0.096435,0.038126
2739.5,0.097559,0.038553
2740.5,0.098681,0.038981
2741.5,0.099800,0.039409
2742.5,0.100914,0.039835
2743.5,0.102020,0.040259
2744.5,0.103117,0.040680
2745.5,0.104202,0.041097
2746.5,0.105273,0.041509
2747.5,0.106328,0.041916
2748.5,0.107365,0.042315
2749.5,0.108381,0.042708
2750.5,0.109376,0.043091
2751.5,0.110346,0.043466
2752.5,0.111289,0.043831
2753.5,0.112205,0.044185
2754.5,0.113090,0.044527
2755.5,0.113943,0.044858
2756.5,0.114762,0.045176
2757.5,0.115545,0.045480
2758.5,0.116291,0.045770
2759.5,0.116997,0.046046
2760.5,0.117663,0.046306
2761.5,0.118287,0.046551
2762.5,0.118868,0.046780
2763.5,0.119403,0.046992
2764.5,0.119893,0.047187
2765.5,0.120335,0.047364
2766.5,0.120729,0.047524
2767.5,0.121075,0.047666
2768.5,0.121370,0.047789
2769.5,0.121614,0.047893
2770.5,0.121808,0.047979
2771.5,0.121949,0.048045
2772.5,0.122039,0.048092
2773.5,0.122076,0.048120
2774.5,0.122061,0.048128
2775.5,0.121993,0.048116
2776.5,0.121872,0.048085
2777.5,0.121700,0.048034
2778.5,0.121476,0.047963
2779.5,0.121200,0.047873
2780.5,0.120873,0.047762
2781.5,0.120496,0.047633
2782.5,0.120069,0.047484
2783.5,0.119594,0.047316
2784.5,0.119071,0.047128
2785.5,0.118501,0.046922
2786.5,0.117887,0.046698
2787.5,0.117228,0.046455
2788.5,0.116526,0.046195
2789.5,0.115783,0.045917
2790.5,0.115000,0.045622
2791.5,0.114180,0.045311
2792.5,0.113323,0.044984
2793.5,0.112431,0.044641
2794.5,0.111506,0.044283
2795.5,0.110551,0.043910
2796.5,0.109566,0.043525
2797.5,0.108555,0.043126
2798.5,0.107518,0.042715
2799.5,0.106458,0.042292
2800.5,0.105378,0.041859
2801.5,0.104278,0.041417
2802.5,0.103162,0.040965
2803.5,0.102032,0.040506
2804.5,0.100888,0.040039
2805.5,0.099735,0.039567
2806.5,0.098573,0.039090
2807.5,0.097404,0.038610
2808.5,0.096232,0.038127
2809.5,0.095057,0.037643
2810.5,0.093883,0.037159
2811.5,0.092709,0.036676
2812.5,0.091540,0.036195
2813.5,0.090376,0.035718
2814.5,0.089219,0.035247
2815.5,0.088071,0.034782
2816.5,0.086933,0.034325
2817.5,0.085808,0.033877
2818.5,0.084696,0.033440
2819.5,0.083599,0.033015
2820.5,0.082519,0.032603
2821.5,0.081456,0.032205
2822.5,0.080412,0.031824
2823.5,0.079388,0.031459
2824.5,0.078384,0.031112
2825.5,0.077402,0.030785
2826.5,0.076443,0.030478
2827.5,0.075507,0.030191
2828.5,0.074595,0.029926
2829.5,0.073707,0.029684
2830.5,0.072843,0.029464
2831.5,0.072005,0.029267
2832.5,0.071192,0.029093
2833.5,0.070404,0.028942
2834.5,0.069641,0.028815
2835.5,0.068904,0.028710
2836.5,0.068192,0.028626
2837.5,0.067505,0.028565
2838.5,0.066843,0.028524
2839.5,0.066205,0.028503
2840.5,0.065592,0.028501
2841.5,0.065001,0.028516
2842.5,0.064434,0.028548
2843.5,0.063888,0.028594
2844.5,0.063365,0.028655
2845.5,0.062862,0.028727
2846.5,0.062379,0.028811
2847.5,0.061916,0.028903
2848.5,0.061471,0.029003
2849.5,0.061044,0.029109
2850.5,0.060633,0.029220
2851.5,0.060239,0.029333
2852.5,0.059859,0.029449
2853.5,0.059493,0.029565
2854.5,0.059140,0.029679
2855.5,0.058799,0.029791
2856.5,0.058470,0.029900
2857.5,0.058150,0.030003
2858.5,0.057840,0.030101
2859.5,0.057539,0.030192
2860.5,0.057245,0.030274
2861.5,0.056958,0.030348
2862.5,0.056676,0.030412
2863.5,0.056400,0.030466
2864.5,0.056128,0.030509
2865.5,0.055860,0.030540
2866.5,0.055596,0.030559
2867.5,0.055333,0.030566
2868.5,0.055072,0.030559
2869.5,0.054813,0.030540
2870.5,0.054555,0.030508
2871.5,0.054297,0.030462
2872.5,0.054039,0.030402
2873.5,0.053781,0.030330
2874.5,0.053523,0.030244
2875.5,0.053264,0.030146
2876.5,0.053003,0.030035
2877.5,0.052742,0.029911
2878.5,0.052480,0.029776
2879.5,0.052217,0.029629
2880.5,0.051953,0.029471
2881.5,0.051688,0.029303
2882.5,0.051421,0.029126
2883.5,0.051155,0.028939
2884.5,0.050887,0.028745
2885.5,0.050620,0.028543
2886.5,0.050352,0.028335
2887.5,0.050085,0.028122
2888.5,0.049819,0.027904
2889.5,0.049553,0.027682
2890.5,0.049289,0.027458
2891.5,0.049027,0.027232
2892.5,0.048767,0.027007
2893.5,0.048510,0.026781
2894.5,0.048255,0.026558
2895.5,0.048005,0.026337
2896.5,0.047758,0.026121
2897.5,0.047516,0.025909
2898.5,0.047279,0.025703
2899.5,0.047047,0.025504
2900.5,0.046821,0.025313
2901.5,0.046602,0.025132
2902.5,0.046389,0.024959
2903.5,0.046184,0.024797
2904.5,0.045986,0.024647
2905.5,0.045796,0.024508
2906.5,0.045615,0.024382
2907.5,0.045442,0.024268
2908.5,0.045279,0.024167
2909.5,0.045125,0.024080
2910.5,0.044980,0.024006
2911.5,0.044846,0.023946
2912.5,0.044722,0.023900
2913.5,0.044609,0.023866
2914.5,0.044506,0.023846
2915.5,0.044414,0.023839
2916.5,0.044333,0.023844
2917.5,0.044263,0.023861
2918.5,0.044204,0.023889
2919.5,0.044157,0.023927
2920.5,0.044121,0.023976
2921.5,0.044096,0.024034
2922.5,0.044083,0.024101
2923.5,0.044081,0.024175
2924.5,0.044091,0.024256
2925.5,0.044111,0.024344
2926.5,0.044143,0.024437
2927.5,0.044186,0.024535
2928.5,0.044241,0.024636
2929.5,0.044306,0.024741
2930.5,0.044382,0.024848
2931.5,0.044468,0.024957
2932.5,0.044565,0.025067
2933.5,0.044673,0.025177
2934.5,0.044791,0.025288
2935.5,0.044919,0.025398
2936.5,0.045057,0.025506
2937.5,0.045205,0.025614
2938.5,0.045362,0.025719
2939.5,0.045530,0.025822
2940.5,0.045707,0.025923
2941.5,0.045893,0.026020
2942.5,0.046088,0.026115
2943.5,0.046293,0.026206
2944.5,0.046507,0.026294
2945.5,0.046731,0.026379
2946.5,0.046963,0.026460
2947.5,0.047204,0.026538
2948.5,0.047455,0.026611
2949.5,0.047714,0.026682
2950.5,0.047982,0.026748
2951.5,0.048260,0.026812
2952.5,0.048547,0.026872
2953.5,0.048842,0.026929
2954.5,0.049148,0.026983
2955.5,0.049462,0.027034
2956.5,0.049786,0.027083
2957.5,0.050120,0.027129
2958.5,0.050464,0.027173
2959.5,0.050817,0.027215
2960.5,0.051181,0.027256
2961.5,0.051555,0.027295
2962.5,0.051939,0.027334
2963.5,0.052335,0.027372
2964.5,0.052741,0.027409
2965.5,0.053158,0.027447
2966.5,0.053587,0.027485
2967.5,0.054027,0.027525
2968.5,0.054479,0.027565
2969.5,0.054942,0.027607
2970.5,0.055418,0.027652
2971.5,0.055906,0.027699
2972.5,0.056407,0.027749
2973.5,0.056921,0.027803
2974.5,0.057447,0.027860
2975.5,0.057987,0.027923
2976.5,0.058539,0.027990
2977.5,0.059105,0.028062
2978.5,0.059684,0.028141
2979.5,0.060276,0.028226
2980.5,0.060882,0.028317
2981.5,0.061501,0.028416
2982.5,0.062133,0.028523
2983.5,0.062779,0.028637
2984.5,0.063438,0.028761
2985.5,0.064110,0.028893
2986.5,0.064795,0.029034
2987.5,0.065492,0.029184
2988.5,0.066202,0.029345
2989.5,0.066923,0.029515
2990.5,0.067657,0.029695
2991.5,0.068402,0.029885
2992.5,0.069158,0.030085
2993.5,0.069924,0.030296
2994.5,0.070700,0.030517
2995.5,0.071486,0.030747
2996.5,0.072280,0.030988
2997.5,0.073083,0.031238
2998.5,0.073893,0.031497
2999.5,0.074710,0.031766
3000.5,0.075532,0.032043
3001.5,0.076360,0.032328
3002.5,0.077192,0.032621
3003.5,0.078027,0.032920
3004.5,0.078865,0.033227
3005.5,0.079704,0.033539
3006.5,0.080544,0.033856
3007.5,0.081383,0.034178
3008.5,0.082221,0.034504
3009.5,0.083056,0.034832
3010.5,0.083887,0.035163
3011.5,0.084713,0.035495
3012.5,0.085534,0.035828
3013.5,0.086347,0.036160
3014.5,0.087152,0.036492
3015.5,0.087947,0.036821
3016.5,0.088732,0.037148
3017.5,0.089505,0.037471
3018.5,0.090266,0.037790
3019.5,0.091012,0.038103
3020.5,0.091743,0.038411
3021.5,0.092458,0.038711
3022.5,0.093155,0.039004
3023.5,0.093834,0.039289
3024.5,0.094494,0.039565
3025.5,0.095133,0.039831
3026.5,0.095750,0.040086
3027.5,0.096346,0.040331
3028.5,0.096918,0.040564
3029.5,0.097465,0.040785
3030.5,0.097988,0.040993
3031.5,0.098486,0.041188
3032.5,0.098957,0.041370
3033.5,0.099401,0.041537
3034.5,0.099817,0.041691
3035.5,0.100205,0.041829
3036.5,0.100565,0.041953
3037.5,0.100895,0.042061
3038.5,0.101196,0.042155
3039.5,0.101468,0.042233
3040.5,0.101710,0.042295
3041.5,0.101922,0.042342
3042.5,0.102104,0.042373
3043.5,0.102256,0.042388
3044.5,0.102378,0.042388
3045.5,0.102471,0.042373
3046.5,0.102534,0.042342
3047.5,0.102567,0.042297
3048.5,0.102572,0.042237
3049.5,0.102549,0.042162
3050.5,0.102497,0.042073
3051.5,0.102419,0.041971
3052.5,0.102313,0.041855
3053.5,0.102182,0.041727
3054.5,0.102025,0.041586
3055.5,0.101843,0.041433
3056.5,0.101638,0.041269
3057.5,0.101410,0.041094
3058.5,0.101161,0.040908
3059.5,0.100890,0.040714
3060.5,0.100600,0.040510
3061.5,0.100291,0.040299
3062.5,0.099964,0.040079
3063.5,0.099621,0.039853
3064.5,0.099262,0.039621
3065.5,0.098890,0.039384
3066.5,0.098504,0.039142
3067.5,0.098107,0.038897
3068.5,0.097700,0.038649
3069.5,0.097283,0.038398
3070.5,0.096859,0.038146
3071.5,0.096428,0.037894
3072.5,0.095992,0.037642
3073.5,0.095551,0.037391
3074.5,0.095108,0.037142
3075.5,0.094663,0.036895
3076.5,0.094218,0.036652
3077.5,0.093774,0.036413
3078.5,0.093332,0.036179
3079.5,0.092893,0.035951
3080.5,0.092459,0.035728
3081.5,0.092030,0.035513
3082.5,0.091608,0.035305
3083.5,0.091194,0.035105
3084.5,0.090788,0.034913
3085.5,0.090392,0.034731
3086.5,0.090007,0.034558
3087.5,0.089633,0.034395
3088.5,0.089272,0.034242
3089.5,0.088925,0.034100
3090.5,0.088591,0.033969
3091.5,0.088272,0.033849
3092.5,0.087969,0.033740
3093.5,0.087682,0.033643
3094.5,0.087412,0.033556
3095.5,0.087159,0.033482
3096.5,0.086925,0.033418
3097.5,0.086708,0.033366
3098.5,0.086511,0.033324
3099.5,0.086333,0.033293
3100.5,0.086175,0.033273
3101.5,0.086036,0.033264
3102.5,0.085918,0.033264
3103.5,0.085820,0.033273
3104.5,0.085743,0.033292
3105.5,0.085686,0.033320
3106.5,0.085651,0.033356
3107.5,0.085636,0.033400
3108.5,0.085643,0.033451
3109.5,0.085670,0.033509
3110.5,0.085719,0.033574
3111.5,0.085789,0.033645
3112.5,0.085880,0.033721
3113.5,0.085992,0.033802
3114.5,0.086124,0.033887
3115.5,0.086278,0.033976
3116.5,0.086451,0.034069
3117.5,0.086646,0.034165
3118.5,0.086860,0.034264
3119.5,0.087095,0.034365
3120.5,0.087349,0.034468
3121.5,0.087623,0.034572
3122.5,0.087916,0.034678
3123.5,0.088228,0.034784
3124.5,0.088559,0.034892
3125.5,0.088909,0.035000
3126.5,0.089277,0.035108
3127.5,0.089664,0.035216
3128.5,0.090068,0.035324
3129.5,0.090489,0.035432
3130.5,0.090928,0.035540
3131.5,0.091384,0.035648
3132.5,0.091857,0.035756
3133.5,0.092346,0.035863
3134.5,0.092851,0.035971
3135.5,0.093372,0.036078
3136.5,0.093909,0.036186
3137.5,0.094460,0.036294
3138.5,0.095027,0.036402
3139.5,0.095609,0.036511
3140.5,0.096205,0.036621
3141.5,0.096816,0.036732
3142.5,0.097440,0.036844
3143.5,0.098078,0.036958
3144.5,0.098729,0.037074
3145.5,0.099392,0.037192
3146.5,0.100069,0.037312
3147.5,0.100758,0.037435
3148.5,0.101459,0.037561
3149.5,0.102172,0.037691
3150.5,0.102896,0.037823
3151.5,0.103631,0.037959
3152.5,0.104377,0.038099
3153.5,0.105134,0.038244
3154.5,0.105900,0.038392
3155.5,0.106676,0.038545
3156.5,0.107461,0.038703
3157.5,0.108255,0.038865
3158.5,0.109058,0.039032
3159.5,0.109869,0.039204
3160.5,0.110687,0.039381
3161.5,0.111513,0.039563
3162.5,0.112345,0.039750
3163.5,0.113184,0.039941
3164.5,0.114028,0.040138
3165.5,0.114878,0.040338
3166.5,0.115732,0.040544
3167.5,0.116591,0.040753
3168.5,0.117454,0.040967
3169.5,0.118320,0.041185
3170.5,0.119189,0.041406
3171.5,0.120060,0.041631
3172.5,0.120932,0.041859
3173.5,0.121806,0.042089
3174.5,0.122680,0.042322
3175.5,0.123554,0.042558
3176.5,0.124427,0.042795
3177.5,0.125298,0.043033
3178.5,0.126168,0.043273
3179.5,0.127035,0.043513
3180.5,0.127899,0.043754
3181.5,0.128758,0.043994
3182.5,0.129614,0.044235
3183.5,0.130464,0.044474
3184.5,0.131308,0.044713
3185.5,0.132146,0.044950
3186.5,0.132976,0.045185
3187.5,0.133799,0.045419
3188.5,0.134614,0.045650
3189.5,0.135420,0.045878
3190.5,0.136216,0.046103
3191.5,0.137002,0.046325
3192.5,0.137777,0.046543
3193.5,0.138541,0.046758
3194.5,0.139293,0.046968
3195.5,0.140032,0.047174
3196.5,0.140759,0.047376
3197.5,0.141472,0.047572
3198.5,0.142171,0.047764
3199.5,0.142855,0.047950
3200.5,0.143525,0.048131
3201.5,0.144179,0.048307
3202.5,0.144817,0.048476
3203.5,0.145440,0.048640
3204.5,0.146045,0.048797
3205.5,0.146634,0.048949
3206.5,0.147205,0.049094
3207.5,0.147759,0.049232
3208.5,0.148295,0.049364
3209.5,0.148812,0.049489
3210.5,0.149312,0.049607
3211.5,0.149792,0.049718
3212.5,0.150254,0.049822
3213.5,0.150697,0.049919
3214.5,0.151122,0.050009
3215.5,0.151526,0.050091
3216.5,0.151912,0.050166
3217.5,0.152278,0.050234
3218.5,0.152625,0.050294
3219.5,0.152953,0.050347
3220.5,0.153261,0.050392
3221.5,0.153550,0.050430
3222.5,0.153819,0.050460
3223.5,0.154069,0.050483
3224.5,0.154300,0.050498
3225.5,0.154512,0.050506
3226.5,0.154705,0.050507
3227.5,0.154879,0.050501
3228.5,0.155034,0.050488
3229.5,0.155171,0.050468
3230.5,0.155289,0.050441
3231.5,0.155389,0.050408
3232.5,0.155471,0.050369
3233.5,0.155535,0.050323
3234.5,0.155581,0.050272
3235.5,0.155609,0.050215
3236.5,0.155620,0.050153
3237.5,0.155614,0.050085
3238.5,0.155590,0.050014
3239.5,0.155550,0.049938
3240.5,0.155493,0.049858
3241.5,0.155419,0.049774
3242.5,0.155329,0.049688
3243.5,0.155223,0.049598
3244.5,0.155100,0.049506
3245.5,0.154961,0.049413
3246.5,0.154806,0.049317
3247.5,0.154636,0.049221
3248.5,0.154449,0.049123
3249.5,0.154247,0.049026
3250.5,0.154029,0.048928
3251.5,0.153795,0.048831
3252.5,0.153546,0.048734
3253.5,0.153281,0.048638
3254.5,0.153000,0.048544
3255.5,0.152703,0.048451
3256.5,0.152391,0.048360
3257.5,0.152063,0.048271
3258.5,0.151718,0.048184
3259.5,0.151358,0.048100
3260.5,0.150982,0.048018
3261.5,0.150589,0.047938
3262.5,0.150179,0.047861
3263.5,0.149753,0.047787
3264.5,0.149310,0.047715
3265.5,0.148850,0.047645
3266.5,0.148372,0.047578
3267.5,0.147877,0.047513
3268.5,0.147364,0.047449
3269.5,0.146834,0.047387
3270.5,0.146285,0.047326
3271.5,0.145718,0.047266
3272.5,0.145132,0.047207
3273.5,0.144527,0.047147
3274.5,0.143904,0.047087
3275.5,0.143261,0.047027
3276.5,0.142598,0.046965
3277.5,0.141916,0.046901
3278.5,0.141214,0.046836
3279.5,0.140492,0.046767
3280.5,0.139750,0.046695
3281.5,0.138987,0.046619
3282.5,0.138205,0.046539
3283.5,0.137401,0.046454
3284.5,0.136578,0.046364
3285.5,0.135733,0.046267
3286.5,0.134868,0.046164
3287.5,0.133983,0.046055
3288.5,0.133077,0.045937
3289.5,0.132151,0.045812
3290.5,0.131205,0.045679
3291.5,0.130239,0.045537
3292.5,0.129254,0.045386
3293.5,0.128248,0.045226
3294.5,0.127224,0.045056
3295.5,0.126181,0.044875
3296.5,0.125120,0.044685
3297.5,0.124041,0.044484
3298.5,0.122944,0.044272
3299.5,0.121831,0.044050
3300.5,0.120702,0.043816
3301.5,0.119557,0.043571
3302.5,0.118397,0.043315
3303.5,0.117224,0.043048
3304.5,0.116037,0.042770
3305.5,0.114837,0.042481
3306.5,0.113626,0.042181
3307.5,0.112405,0.041870
3308.5,0.111174,0.041548
3309.5,0.109934,0.041215
3310.5,0.108687,0.040872
3311.5,0.107433,0.040519
3312.5,0.106174,0.040157
3313.5,0.104911,0.039784
3314.5,0.103646,0.039403
3315.5,0.102378,0.039013
3316.5,0.101110,0.038614
3317.5,0.099843,0.038208
3318.5,0.098579,0.037794
3319.5,0.097318,0.037373
3320.5,0.096061,0.036946
3321.5,0.094811,0.036513
3322.5,0.093569,0.036075
3323.5,0.092336,0.035632
3324.5,0.091113,0.035185
3325.5,0.089902,0.034736
3326.5,0.088705,0.034283
3327.5,0.087521,0.033829
3328.5,0.086354,0.033374
3329.5,0.085205,0.032919
3330.5,0.084074,0.032465
3331.5,0.082963,0.032012
3332.5,0.081873,0.031562
3333.5,0.080806,0.031116
3334.5,0.079764,0.030674
3335.5,0.078746,0.030238
3336.5,0.077754,0.029808
3337.5,0.076791,0.029386
3338.5,0.075855,0.028973
3339.5,0.074950,0.028570
3340.5,0.074075,0.028177
3341.5,0.073232,0.027797
3342.5,0.072422,0.027431
3343.5,0.071645,0.027079
3344.5,0.070903,0.026743
3345.5,0.070196,0.026423
3346.5,0.069525,0.026122
3347.5,0.068891,0.025839
3348.5,0.068293,0.025577
3349.5,0.067734,0.025336
3350.5,0.067213,0.025116
3351.5,0.066730,0.024920
3352.5,0.066287,0.024747
3353.5,0.065882,0.024598
3354.5,0.065518,0.024474
3355.5,0.065193,0.024375
3356.5,0.064908,0.024301
3357.5,0.064663,0.024253
3358.5,0.064458,0.024230
3359.5,0.064292,0.024232
3360.5,0.064167,0.024260
3361.5,0.064080,0.024312
3362.5,0.064033,0.024387
3363.5,0.064025,0.024487
3364.5,0.064055,0.024608
3365.5,0.064123,0.024751
3366.5,0.064229,0.024915
3367.5,0.064372,0.025098
3368.5,0.064551,0.025300
3369.5,0.064766,0.025519
3370.5,0.065016,0.025753
3371.5,0.065300,0.026003
3372.5,0.065618,0.026266
3373.5,0.065969,0.026541
3374.5,0.066352,0.026828
3375.5,0.066766,0.027124
3376.5,0.067210,0.027429
3377.5,0.067684,0.027741
3378.5,0.068185,0.028059
3379.5,0.068714,0.028382
3380.5,0.069269,0.028710
3381.5,0.069850,0.029040
3382.5,0.070454,0.029373
3383.5,0.071082,0.029706
3384.5,0.071732,0.030040
3385.5,0.072403,0.030373
3386.5,0.073095,0.030705
3387.5,0.073805,0.031035
3388.5,0.074533,0.031362
3389.5,0.075278,0.031686
3390.5,0.076038,0.032005
3391.5,0.076814,0.032321
3392.5,0.077603,0.032631
3393.5,0.078405,0.032936
3394.5,0.079218,0.033235
3395.5,0.080042,0.033528
3396.5,0.080876,0.033814
3397.5,0.081719,0.034094
3398.5,0.082569,0.034367
3399.5,0.083426,0.034634
3400.5,0.084290,0.034892
3401.5,0.085158,0.035144
3402.5,0.086031,0.035389
3403.5,0.086907,0.035626
3404.5,0.087786,0.035856
3405.5,0.088667,0.036078
3406.5,0.089550,0.036294
3407.5,0.090432,0.036502
3408.5,0.091315,0.036704
3409.5,0.092197,0.036898
3410.5,0.093077,0.037086
3411.5,0.093956,0.037268
3412.5,0.094832,0.037444
3413.5,0.095704,0.037613
3414.5,0.096573,0.037777
3415.5,0.097438,0.037936
3416.5,0.098299,0.038089
3417.5,0.099154,0.038238
3418.5,0.100004,0.038382
3419.5,0.100848,0.038521
3420.5,0.101686,0.038657
3421.5,0.102518,0.038790
3422.5,0.103342,0.038919
3423.5,0.104159,0.039045
3424.5,0.104969,0.039169
3425.5,0.105770,0.039291
3426.5,0.106564,0.039410
3427.5,0.107349,0.039529
3428.5,0.108126,0.039646
3429.5,0.108893,0.039762
3430.5,0.109651,0.039877
3431.5,0.110400,0.039992
3432.5,0.111139,0.040108
3433.5,0.111868,0.040223
3434.5,0.112587,0.040340
3435.5,0.113295,0.040457
3436.5,0.113992,0.040575
3437.5,0.114679,0.040695
3438.5,0.115354,0.040816
3439.5,0.116017,0.040939
3440.5,0.116669,0.041065
3441.5,0.117308,0.041192
3442.5,0.117935,0.041322
3443.5,0.118550,0.041454
3444.5,0.119151,0.041589
3445.5,0.119739,0.041727
3446.5,0.120313,0.041868
3447.5,0.120873,0.042011
3448.5,0.121418,0.042157
3449.5,0.121949,0.042307
3450.5,0.122465,0.042459
3451.5,0.122965,0.042614
3452.5,0.123449,0.042771
3453.5,0.123916,0.042931
3454.5,0.124367,0.043094
3455.5,0.124801,0.043259
3456.5,0.125217,0.043426
3457.5,0.125615,0.043595
3458.5,0.125995,0.043766
3459.5,0.126356,0.043938
3460.5,0.126697,0.044111
3461.5,0.127019,0.044285
3462.5,0.127321,0.044459
3463.5,0.127602,0.044633
3464.5,0.127862,0.044807
3465.5,0.128100,0.044980
3466.5,0.128317,0.045152
3467.5,0.128512,0.045322
3468.5,0.128684,0.045489
3469.5,0.128833,0.045654
3470.5,0.128959,0.045816
3471.5,0.129062,0.045973
3472.5,0.129141,0.046127
3473.5,0.129195,0.046275
3474.5,0.129226,0.046418
3475.5,0.129232,0.046554
3476.5,0.129213,0.046684
3477.5,0.129170,0.046807
3478.5,0.129102,0.046922
3479.5,0.129008,0.047028
3480.5,0.128890,0.047126
3481.5,0.128747,0.047214
3482.5,0.128579,0.047292
3483.5,0.128386,0.047359
3484.5,0.128169,0.047415
3485.5,0.127927,0.047460
3486.5,0.127661,0.047493
3487.5,0.127370,0.047513
3488.5,0.127057,0.047520
3489.5,0.126720,0.047514
3490.5,0.126360,0.047495
3491.5,0.125978,0.047461
3492.5,0.125574,0.047414
3493.5,0.125149,0.047352
3494.5,0.124703,0.047275
3495.5,0.124238,0.047184
3496.5,0.123753,0.047077
3497.5,0.123249,0.046956
3498.5,0.122728,0.046820
3499.5,0.122190,0.046670
3500.5,0.121636,0.046504
3501.5,0.121066,0.046324
3502.5,0.120483,0.046129
3503.5,0.119886,0.045921
3504.5,0.119277,0.045698
3505.5,0.118657,0.045462
3506.5,0.118027,0.045213
3507.5,0.117388,0.044952
3508.5,0.116741,0.044678
3509.5,0.116087,0.044393
3510.5,0.115427,0.044097
3511.5,0.114763,0.043791
3512.5,0.114095,0.043476
3513.5,0.113425,0.043153
3514.5,0.112754,0.042821
3515.5,0.112082,0.042483
3516.5,0.111412,0.042140
3517.5,0.110744,0.041791
3518.5,0.110079,0.041439
3519.5,0.109419,0.041085
3520.5,0.108764,0.040729
3521.5,0.108115,0.040372
3522.5,0.107474,0.040017
3523.5,0.106841,0.039664
3524.5,0.106218,0.039314
3525.5,0.105604,0.038969
3526.5,0.105002,0.038631
3527.5,0.104411,0.038299
3528.5,0.103833,0.037976
3529.5,0.103268,0.037662
3530.5,0.102716,0.037359
3531.5,0.102179,0.037069
3532.5,0.101658,0.036791
3533.5,0.101151,0.036528
3534.5,0.100660,0.036280
3535.5,0.100186,0.036048
3536.5,0.099727,0.035833
3537.5,0.099286,0.035636
3538.5,0.098861,0.035457
3539.5,0.098453,0.035297
3540.5,0.098062,0.035156
3541.5,0.097687,0.035034
3542.5,0.097329,0.034932
3543.5,0.096988,0.034850
3544.5,0.096663,0.034787
3545.5,0.096354,0.034743
3546.5,0.096061,0.034718
3547.5,0.095782,0.034711
3548.5,0.095519,0.034722
3549.5,0.095270,0.034750
3550.5,0.095034,0.034795
3551.5,0.094811,0.034854
3552.5,0.094601,0.034928
3553.5,0.094402,0.035015
3554.5,0.094214,0.035114
3555.5,0.094037,0.035224
3556.5,0.093868,0.035344
3557.5,0.093708,0.035472
3558.5,0.093556,0.035607
3559.5,0.093410,0.035748
3560.5,0.093270,0.035893
3561.5,0.093135,0.036042
3562.5,0.093004,0.036193
3563.5,0.092875,0.036345
3564.5,0.092749,0.036496
3565.5,0.092623,0.036646
3566.5,0.092498,0.036793
3567.5,0.092372,0.036936
3568.5,0.092244,0.037074
3569.5,0.092114,0.037207
3570.5,0.091979,0.037332
3571.5,0.091841,0.037450
3572.5,0.091697,0.037560
3573.5,0.091547,0.037660
3574.5,0.091391,0.037749
3575.5,0.091227,0.037829
3576.5,0.091054,0.037897
3577.5,0.090873,0.037953
3578.5,0.090682,0.037997
3579.5,0.090482,0.038028
3580.5,0.090270,0.038046
3581.5,0.090048,0.038050
3582.5,0.089814,0.038041
3583.5,0.089568,0.038019
3584.5,0.089310,0.037982
3585.5,0.089039,0.037931
3586.5,0.088756,0.037866
3587.5,0.088460,0.037787
3588.5,0.088151,0.037695
3589.5,0.087830,0.037588
3590.5,0.087495,0.037468
3591.5,0.087148,0.037335
3592.5,0.086788,0.037188
3593.5,0.086415,0.037029
3594.5,0.086030,0.036857
3595.5,0.085633,0.036674
3596.5,0.085224,0.036479
3597.5,0.084804,0.036273
3598.5,0.084373,0.036057
3599.5,0.083931,0.035831
3600.5,0.083480,0.035595
3601.5,0.083019,0.035351
3602.5,0.082549,0.035099
3603.5,0.082070,0.034840
3604.5,0.081584,0.034574
3605.5,0.081091,0.034303
3606.5,0.080592,0.034026
3607.5,0.080087,0.033746
3608.5,0.079578,0.033462
3609.5,0.079064,0.033175
3610.5,0.078547,0.032887
3611.5,0.078027,0.032598
3612.5,0.077505,0.032309
3613.5,0.076982,0.032021
3614.5,0.076459,0.031735
3615.5,0.075937,0.031451
3616.5,0.075415,0.031171
3617.5,0.074896,0.030895
3618.5,0.074379,0.030625
3619.5,0.073866,0.030360
3620.5,0.073357,0.030102
3621.5,0.072854,0.029851
3622.5,0.072355,0.029609
3623.5,0.071863,0.029375
3624.5,0.071379,0.029151
3625.5,0.070901,0.028937
3626.5,0.070432,0.028733
3627.5,0.069972,0.028541
3628.5,0.069520,0.028360
3629.5,0.069079,0.028191
3630.5,0.068648,0.028034
3631.5,0.068227,0.027889
3632.5,0.067818,0.027757
3633.5,0.067420,0.027638
3634.5,0.067034,0.027531
3635.5,0.066660,0.027437
3636.5,0.066298,0.027356
3637.5,0.065949,0.027287
3638.5,0.065612,0.027230
3639.5,0.065289,0.027185
3640.5,0.064978,0.027152
3641.5,0.064680,0.027129
3642.5,0.064396,0.027118
3643.5,0.064124,0.027116
3644.5,0.063865,0.027125
3645.5,0.063620,0.027142
3646.5,0.063387,0.027168
3647.5,0.063167,0.027202
3648.5,0.062960,0.027244
3649.5,0.062765,0.027292
3650.5,0.062582,0.027346
3651.5,0.062412,0.027406
3652.5,0.062252,0.027471
3653.5,0.062105,0.027540
3654.5,0.061968,0.027613
3655.5,0.061842,0.027689
3656.5,0.061726,0.027767
3657.5,0.061621,0.027847
3658.5,0.061525,0.027929
3659.5,0.061438,0.028011
3660.5,0.061360,0.028094
3661.5,0.061290,0.028177
3662.5,0.061229,0.028259
3663.5,0.061174,0.028341
3664.5,0.061127,0.028421
3665.5,0.061087,0.028499
3666.5,0.061053,0.028576
3667.5,0.061024,0.028650
3668.5,0.061001,0.028722
3669.5,0.060982,0.028791
3670.5,0.060968,0.028857
3671.5,0.060958,0.028921
3672.5,0.060951,0.028980
3673.5,0.060948,0.029037
3674.5,0.060947,0.029090
3675.5,0.060948,0.029139
3676.5,0.060951,0.029185
3677.5,0.060955,0.029227
3678.5,0.060960,0.029265
3679.5,0.060966,0.029300
3680.5,0.060972,0.029331
3681.5,0.060978,0.029358
3682.5,0.060984,0.029382
3683.5,0.060988,0.029402
3684.5,0.060992,0.029419
3685.5,0.060994,0.029432
3686.5,0.060995,0.029443
3687.5,0.060994,0.029450
3688.5,0.060990,0.029454
3689.5,0.060984,0.029454
3690.5,0.060976,0.029453
3691.5,0.060964,0.029448
3692.5,0.060950,0.029441
3693.5,0.060932,0.029431
3694.5,0.060911,0.029419
3695.5,0.060887,0.029405
3696.5,0.060858,0.029388
3697.5,0.060827,0.029370
3698.5,0.060791,0.029349
3699.5,0.060751,0.029327
3700.5,0.060707,0.029303
3701.5,0.060659,0.029278
3702.5,0.060607,0.029251
3703.5,0.060551,0.029222
3704.5,0.060491,0.029193
3705.5,0.060427,0.029161
3706.5,0.060358,0.029129
3707.5,0.060286,0.029096
3708.5,0.060209,0.029061
3709.5,0.060128,0.029026
3710.5,0.060043,0.028989
3711.5,0.059955,0.028952
3712.5,0.059862,0.028913
3713.5,0.059766,0.028874
3714.5,0.059666,0.028834
3715.5,0.059562,0.028792
3716.5,0.059455,0.028750
3717.5,0.059345,0.028707
3718.5,0.059231,0.028664
3719.5,0.059115,0.028619
3720.5,0.058995,0.028573
3721.5,0.058873,0.028527
3722.5,0.058748,0.028479
3723.5,0.058620,0.028431
3724.5,0.058491,0.028381
3725.5,0.058359,0.028331
3726.5,0.058225,0.028280
3727.5,0.058090,0.028228
3728.5,0.057953,0.028175
3729.5,0.057815,0.028121
3730.5,0.057675,0.028066
3731.5,0.057535,0.028010
3732.5,0.057394,0.027953
3733.5,0.057253,0.027895
3734.5,0.057111,0.027837
3735.5,0.056969,0.027777
3736.5,0.056828,0.027717
3737.5,0.056687,0.027656
3738.5,0.056547,0.027594
3739.5,0.056407,0.027531
3740.5,0.056269,0.027468
3741.5,0.056132,0.027404
3742.5,0.055997,0.027340
3743.5,0.055864,0.027275
3744.5,0.055733,0.027210
3745.5,0.055604,0.027144
3746.5,0.055478,0.027078
3747.5,0.055355,0.027012
3748.5,0.055236,0.026947
3749.5,0.055119,0.026881
3750.5,0.055007,0.026815
3751.5,0.054899,0.026749
3752.5,0.054795,0.026684
3753.5,0.054695,0.026620
3754.5,0.054601,0.026556
3755.5,0.054511,0.026492
3756.5,0.054427,0.026430
3757.5,0.054349,0.026368
3758.5,0.054277,0.026308
3759.5,0.054210,0.026248
3760.5,0.054151,0.026190
3761.5,0.054098,0.026134
3762.5,0.054052,0.026079
3763.5,0.054013,0.026025
3764.5,0.053982,0.025974
3765.5,0.053959,0.025924
3766.5,0.053943,0.025876
3767.5,0.053936,0.025831
3768.5,0.053938,0.025788
3769.5,0.053948,0.025747
3770.5,0.053967,0.025709
3771.5,0.053995,0.025674
3772.5,0.054033,0.025641
3773.5,0.054081,0.025611
3774.5,0.054138,0.025585
3775.5,0.054205,0.025561
3776.5,0.054283,0.025541
3777.5,0.054371,0.025524
3778.5,0.054469,0.025511
3779.5,0.054579,0.025501
3780.5,0.054699,0.025496
3781.5,0.054831,0.025494
3782.5,0.054973,0.025496
3783.5,0.055127,0.025502
3784.5,0.055293,0.025513
3785.5,0.055470,0.025528
3786.5,0.055658,0.025548
3787.5,0.055859,0.025572
3788.5,0.056071,0.025601
3789.5,0.056295,0.025635
3790.5,0.056531,0.025674
3791.5,0.056779,0.025718
3792.5,0.057039,0.025767
3793.5,0.057311,0.025821
3794.5,0.057596,0.025881
3795.5,0.057892,0.025947
3796.5,0.058200,0.026017
3797.5,0.058520,0.026094
3798.5,0.058852,0.026176
3799.5,0.059196,0.026263
3800.5,0.059552,0.026356
3801.5,0.059919,0.026455
3802.5,0.060298,0.026559
3803.5,0.060688,0.026669
3804.5,0.061090,0.026785
3805.5,0.061503,0.026906
3806.5,0.061927,0.027032
3807.5,0.062363,0.027163
3808.5,0.062808,0.027300
3809.5,0.063265,0.027442
3810.5,0.063732,0.027588
3811.5,0.064209,0.027739
3812.5,0.064696,0.027895
3813.5,0.065194,0.028055
3814.5,0.065700,0.028218
3815.5,0.066216,0.028386
3816.5,0.066742,0.028557
3817.5,0.067276,0.028731
3818.5,0.067819,0.028909
3819.5,0.068371,0.029089
3820.5,0.068930,0.029271
3821.5,0.069498,0.029455
3822.5,0.070073,0.029642
3823.5,0.070656,0.029829
3824.5,0.071246,0.030018
3825.5,0.071843,0.030207
3826.5,0.072447,0.030397
3827.5,0.073057,0.030588
3828.5,0.073673,0.030778
3829.5,0.074295,0.030967
3830.5,0.074923,0.031156
3831.5,0.075556,0.031344
3832.5,0.076194,0.031530
3833.5,0.076838,0.031715
3834.5,0.077486,0.031898
3835.5,0.078138,0.032079
3836.5,0.078794,0.032257
3837.5,0.079455,0.032433
3838.5,0.080119,0.032606
3839.5,0.080787,0.032777
3840.5,0.081459,0.032944
3841.5,0.082133,0.033108
3842.5,0.082810,0.033269
3843.5,0.083490,0.033426
3844.5,0.084173,0.033580
3845.5,0.084858,0.033730
3846.5,0.085546,0.033876
3847.5,0.086235,0.034020
3848.5,0.086927,0.034159
3849.5,0.087620,0.034295
3850.5,0.088315,0.034427
3851.5,0.089011,0.034556
3852.5,0.089709,0.034682
3853.5,0.090408,0.034804
3854.5,0.091109,0.034923
3855.5,0.091810,0.035040
3856.5,0.092513,0.035153
3857.5,0.093216,0.035264
3858.5,0.093920,0.035373
3859.5,0.094625,0.035479
3860.5,0.095331,0.035583
3861.5,0.096037,0.035686
3862.5,0.096743,0.035787
3863.5,0.097450,0.035887
3864.5,0.098157,0.035986
3865.5,0.098864,0.036084
3866.5,0.099572,0.036181
3867.5,0.100279,0.036278
3868.5,0.100987,0.036375
3869.5,0.101694,0.036473
3870.5,0.102401,0.036571
3871.5,0.103108,0.036669
3872.5,0.103814,0.036769
3873.5,0.104520,0.036869
3874.5,0.105225,0.036971
3875.5,0.105930,0.037075
3876.5,0.106633,0.037180
3877.5,0.107335,0.037288
3878.5,0.108037,0.037397
3879.5,0.108736,0.037509
3880.5,0.109435,0.037623
3881.5,0.110131,0.037739
3882.5,0.110826,0.037858
3883.5,0.111518,0.037979
3884.5,0.112209,0.038103
3885.5,0.112896,0.038229
3886.5,0.113581,0.038358
3887.5,0.114263,0.038490
3888.5,0.114942,0.038624
3889.5,0.115617,0.038761
3890.5,0.116288,0.038900
3891.5,0.116955,0.039041
3892.5,0.117618,0.039185
3893.5,0.118275,0.039330
3894.5,0.118928,0.039477
3895.5,0.119576,0.039626
3896.5,0.120217,0.039777
3897.5,0.120853,0.039928
3898.5,0.121481,0.040081
3899.5,0.122103,0.040235
3900.5,0.122718,0.040389
3901.5,0.123325,0.040544
3902.5,0.123924,0.040698
3903.5,0.124514,0.040853
3904.5,0.125096,0.041007
3905.5,0.125668,0.041160
3906.5,0.126230,0.041312
3907.5,0.126782,0.041464
3908.5,0.127323,0.041613
3909.5,0.127853,0.041761
3910.5,0.128372,0.041907
3911.5,0.128879,0.042050
3912.5,0.129373,0.042191
3913.5,0.129854,0.042329
3914.5,0.130322,0.042464
3915.5,0.130777,0.042596
3916.5,0.131217,0.042723
3917.5,0.131642,0.042848
3918.5,0.132053,0.042968
3919.5,0.132448,0.043083
3920.5,0.132827,0.043195
3921.5,0.133190,0.043301
3922.5,0.133537,0.043403
3923.5,0.133866,0.043500
3924.5,0.134178,0.043592
3925.5,0.134473,0.043678
3926.5,0.134749,0.043759
3927.5,0.135007,0.043834
3928.5,0.135247,0.043904
3929.5,0.135468,0.043968
3930.5,0.135669,0.044026
3931.5,0.135851,0.044078
3932.5,0.136014,0.044124
3933.5,0.136156,0.044164
3934.5,0.136279,0.044198
3935.5,0.136381,0.044226
3936.5,0.136463,0.044248
3937.5,0.136525,0.044264
3938.5,0.136565,0.044273
3939.5,0.136585,0.044277
3940.5,0.136585,0.044275
3941.5,0.136563,0.044267
3942.5,0.136520,0.044253
3943.5,0.136457,0.044233
3944.5,0.136373,0.044207
3945.5,0.136267,0.044176
3946.5,0.136141,0.044139
3947.5,0.135995,0.044097
3948.5,0.135827,0.044049
3949.5,0.135640,0.043996
3950.5,0.135431,0.043938
3951.5,0.135203,0.043875
3952.5,0.134955,0.043807
3953.5,0.134686,0.043734
3954.5,0.134398,0.043656
3955.5,0.134091,0.043575
3956.5,0.133765,0.043488
3957.5,0.133419,0.043398
3958.5,0.133056,0.043303
3959.5,0.132674,0.043204
3960.5,0.132274,0.043102
3961.5,0.131856,0.042995
3962.5,0.131422,0.042885
3963.5,0.130970,0.042772
3964.5,0.130502,0.042655
3965.5,0.130019,0.042535
3966.5,0.129519,0.042411
3967.5,0.129004,0.042285
3968.5,0.128475,0.042156
3969.5,0.127931,0.042023
3970.5,0.127374,0.041888
3971.5,0.126803,0.041751
3972.5,0.126220,0.041611
3973.5,0.125624,0.041468
3974.5,0.125016,0.041323
3975.5,0.124397,0.041175
3976.5,0.123767,0.041025
3977.5,0.123127,0.040873
3978.5,0.122477,0.040719
3979.5,0.121818,0.040563
3980.5,0.121150,0.040404
3981.5,0.120474,0.040244
3982.5,0.119790,0.040082
3983.5,0.119099,0.039918
3984.5,0.118402,0.039752
3985.5,0.117699,0.039584
3986.5,0.116991,0.039415
3987.5,0.116278,0.039244
3988.5,0.115560,0.039072
3989.5,0.114838,0.038898
3990.5,0.114114,0.038723
3991.5,0.113387,0.038547
3992.5,0.112657,0.038370
3993.5,0.111926,0.038191
3994.5,0.111194,0.038012
3995.5,0.110461,0.037832
3996.5,0.109729,0.037650
3997.5,0.108996,0.037469
3998.5,0.108265,0.037287
3999.5,0.107535,0.037104
4000.5,0.106807,0.036921
4001.5,0.106081,0.036738
4002.5,0.105358,0.036556
4003.5,0.104639,0.036373
4004.5,0.103923,0.036191
4005.5,0.103212,0.036009
4006.5,0.102505,0.035829
4007.5,0.101802,0.035649
4008.5,0.101106,0.035470
4009.5,0.100415,0.035292
4010.5,0.099730,0.035116
4011.5,0.099051,0.034942
4012.5,0.098380,0.034770
4013.5,0.097715,0.034600
4014.5,0.097058,0.034432
4015.5,0.096408,0.034266
4016.5,0.095767,0.034103
4017.5,0.095133,0.033943
4018.5,0.094508,0.033786
4019.5,0.093892,0.033633
4020.5,0.093284,0.033483
4021.5,0.092685,0.033336
4022.5,0.092095,0.033193
4023.5,0.091515,0.033055
4024.5,0.090944,0.032920
4025.5,0.090382,0.032789
4026.5,0.089830,0.032663
4027.5,0.089288,0.032542
4028.5,0.088755,0.032425
4029.5,0.088231,0.032312
4030.5,0.087718,0.032205
4031.5,0.087214,0.032102
4032.5,0.086719,0.032005
4033.5,0.086234,0.031912
4034.5,0.085758,0.031824
4035.5,0.085292,0.031742
4036.5,0.084835,0.031664
4037.5,0.084387,0.031592
4038.5,0.083948,0.031524
4039.5,0.083518,0.031461
4040.5,0.083096,0.031404
4041.5,0.082682,0.031351
4042.5,0.082277,0.031303
4043.5,0.081879,0.031260
4044.5,0.081490,0.031221
4045.5,0.081107,0.031187
4046.5,0.080732,0.031157
4047.5,0.080363,0.031132
4048.5,0.080001,0.031110
4049.5,0.079645,0.031092
4050.5,0.079295,0.031079
4051.5,0.078950,0.031068
4052.5,0.078610,0.031061
4053.5,0.078276,0.031057
4054.5,0.077945,0.031056
4055.5,0.077619,0.031058
4056.5,0.077297,0.031062
4057.5,0.076978,0.031068
4058.5,0.076661,0.031076
4059.5,0.076348,0.031086
4060.5,0.076036,0.031098
4061.5,0.075727,0.031110
4062.5,0.075419,0.031124
4063.5,0.075112,0.031138
4064.5,0.074805,0.031152
4065.5,0.074500,0.031167
4066.5,0.074194,0.031181
4067.5,0.073888,0.031195
4068.5,0.073581,0.031207
4069.5,0.073273,0.031219
4070.5,0.072964,0.031229
4071.5,0.072653,0.031237
4072.5,0.072340,0.031244
4073.5,0.072026,0.031247
4074.5,0.071708,0.031249
4075.5,0.071388,0.031247
4076.5,0.071066,0.031242
4077.5,0.070740,0.031233
4078.5,0.070411,0.031221
4079.5,0.070078,0.031204
4080.5,0.069742,0.031183
4081.5,0.069402,0.031157
4082.5,0.069059,0.031127
4083.5,0.068711,0.031091
4084.5,0.068360,0.031049
4085.5,0.068005,0.031002
4086.5,0.067645,0.030949
4087.5,0.067282,0.030890
4088.5,0.066915,0.030825
4089.5,0.066544,0.030753
4090.5,0.066170,0.030674
4091.5,0.065792,0.030589
4092.5,0.065411,0.030497
4093.5,0.065026,0.030397
4094.5,0.064639,0.030291
4095.5,0.064249,0.030177
4096.5,0.063856,0.030056
4097.5,0.063462,0.029927
4098.5,0.063065,0.029791
4099.5,0.062667,0.029648
4100.5,0.062268,0.029497
4101.5,0.061868,0.029340
4102.5,0.061468,0.029175
4103.5,0.061068,0.029002
4104.5,0.060668,0.028823
4105.5,0.060270,0.028637
4106.5,0.059873,0.028445
4107.5,0.059479,0.028246
4108.5,0.059087,0.028041
4109.5,0.058698,0.027830
4110.5,0.058313,0.027613
4111.5,0.057933,0.027392
4112.5,0.057557,0.027165
4113.5,0.057188,0.026934
4114.5,0.056824,0.026698
4115.5,0.056467,0.026459
4116.5,0.056118,0.026217
4117.5,0.055777,0.025973
4118.5,0.055445,0.025726
4119.5,0.055123,0.025477
4120.5,0.054810,0.025228
4121.5,0.054509,0.024979
4122.5,0.054218,0.024729
4123.5,0.053940,0.024481
4124.5,0.053675,0.024235
4125.5,0.053423,0.023992
4126.5,0.053185,0.023751
4127.5,0.052962,0.023515
4128.5,0.052754,0.023284
4129.5,0.052562,0.023059
4130.5,0.052387,0.022840
4131.5,0.052228,0.022629
4132.5,0.052087,0.022426
4133.5,0.051964,0.022233
4134.5,0.051859,0.022049
4135.5,0.051774,0.021877
4136.5,0.051708,0.021716
4137.5,0.051662,0.021568
4138.5,0.051637,0.021433
4139.5,0.051632,0.021312
4140.5,0.051648,0.021206
4141.5,0.051685,0.021116
4142.5,0.051745,0.021041
4143.5,0.051826,0.020983
4144.5,0.051929,0.020942
4145.5,0.052054,0.020918
4146.5,0.052202,0.020912
4147.5,0.052373,0.020923
4148.5,0.052566,0.020952
4149.5,0.052782,0.020999
4150.5,0.053020,0.021064
4151.5,0.053282,0.021147
4152.5,0.053565,0.021246
4153.5,0.053872,0.021363
4154.5,0.054200,0.021497
4155.5,0.054551,0.021647
4156.5,0.054924,0.021812
4157.5,0.055318,0.021993
4158.5,0.055734,0.022188
4159.5,0.056171,0.022397
4160.5,0.056628,0.022619
4161.5,0.057106,0.022854
4162.5,0.057604,0.023100
4163.5,0.058121,0.023357
4164.5,0.058657,0.023624
4165.5,0.059211,0.023901
4166.5,0.059783,0.024186
4167.5,0.060372,0.024479
4168.5,0.060977,0.024779
4169.5,0.061599,0.025085
4170.5,0.062236,0.025397
4171.5,0.062887,0.025713
4172.5,0.063552,0.026034
4173.5,0.064230,0.026358
4174.5,0.064920,0.026685
4175.5,0.065621,0.027014
4176.5,0.066334,0.027345
4177.5,0.067055,0.027676
4178.5,0.067786,0.028008
4179.5,0.068525,0.028339
4180.5,0.069271,0.028670
4181.5,0.070023,0.028999
4182.5,0.070780,0.029327
4183.5,0.071542,0.029652
4184.5,0.072307,0.029975
4185.5,0.073075,0.030294
4186.5,0.073844,0.030610
4187.5,0.074614,0.030922
4188.5,0.075384,0.031229
4189.5,0.076153,0.031532
4190.5,0.076919,0.031830
4191.5,0.077683,0.032123
4192.5,0.078442,0.032410
4193.5,0.079196,0.032691
4194.5,0.079945,0.032966
4195.5,0.080687,0.033235
4196.5,0.081421,0.033497
4197.5,0.082147,0.033752
4198.5,0.082864,0.034001
4199.5,0.083570,0.034242
4200.5,0.084265,0.034476
4201.5,0.084949,0.034702
4202.5,0.085620,0.034921
4203.5,0.086277,0.035132
4204.5,0.086920,0.035335
4205.5,0.087548,0.035530
4206.5,0.088161,0.035717
4207.5,0.088757,0.035896
4208.5,0.089336,0.036067
4209.5,0.089898,0.036230
4210.5,0.090441,0.036384
4211.5,0.090965,0.036530
4212.5,0.091470,0.036668
4213.5,0.091955,0.036797
4214.5,0.092420,0.036919
4215.5,0.092863,0.037032
4216.5,0.093285,0.037137
4217.5,0.093685,0.037233
4218.5,0.094063,0.037322
4219.5,0.094418,0.037402
4220.5,0.094750,0.037474
4221.5,0.095059,0.037539
4222.5,0.095344,0.037595
4223.5,0.095605,0.037644
4224.5,0.095843,0.037684
4225.5,0.096055,0.037718
4226.5,0.096243,0.037744
4227.5,0.096407,0.037762
4228.5,0.096546,0.037773
4229.5,0.096660,0.037777
4230.5,0.096749,0.037774
4231.5,0.096813,0.037763
4232.5,0.096852,0.037746
4233.5,0.096865,0.037723
4234.5,0.096854,0.037693
4235.5,0.096818,0.037656
4236.5,0.096758,0.037613
4237.5,0.096672,0.037564
4238.5,0.096562,0.037510
4239.5,0.096428,0.037449
4240.5,0.096269,0.037382
4241.5,0.096086,0.037310
4242.5,0.095880,0.037233
4243.5,0.095650,0.037150
4244.5,0.095396,0.037062
4245.5,0.095120,0.036969
4246.5,0.094821,0.036871
4247.5,0.094500,0.036769
4248.5,0.094156,0.036661
4249.5,0.093791,0.036549
4250.5,0.093405,0.036433
4251.5,0.092997,0.036312
4252.5,0.092569,0.036187
4253.5,0.092122,0.036058
4254.5,0.091654,0.035925
4255.5,0.091168,0.035788
4256.5,0.090662,0.035647
4257.5,0.090139,0.035502
4258.5,0.089598,0.035354
4259.5,0.089039,0.035201
4260.5,0.088464,0.035045
4261.5,0.087873,0.034886
4262.5,0.087267,0.034722
4263.5,0.086645,0.034556
4264.5,0.086009,0.034385
4265.5,0.085360,0.034212
4266.5,0.084697,0.034034
4267.5,0.084021,0.033854
4268.5,0.083334,0.033669
4269.5,0.082635,0.033482
4270.5,0.081925,0.033291
4271.5,0.081205,0.033096
4272.5,0.080476,0.032898
4273.5,0.079738,0.032696
4274.5,0.078992,0.032491
4275.5,0.078239,0.032282
4276.5,0.077478,0.032070
4277.5,0.076712,0.031854
4278.5,0.075941,0.031635
4279.5,0.075164,0.031412
4280.5,0.074384,0.031186
4281.5,0.073601,0.030955
4282.5,0.072815,0.030722
4283.5,0.072027,0.030485
4284.5,0.071238,0.030244
4285.5,0.070449,0.029999
4286.5,0.069660,0.029751
4287.5,0.068872,0.029500
4288.5,0.068087,0.029245
4289.5,0.067304,0.028987
4290.5,0.066524,0.028725
4291.5,0.065748,0.028460
4292.5,0.064978,0.028192
4293.5,0.064213,0.027921
4294.5,0.063454,0.027647
4295.5,0.062702,0.027370
4296.5,0.061958,0.027090
4297.5,0.061223,0.026808
4298.5,0.060497,0.026524
4299.5,0.059781,0.026237
4300.5,0.059076,0.025949
4301.5,0.058383,0.025659
4302.5,0.057701,0.025367
4303.5,0.057033,0.025075
4304.5,0.056378,0.024781
4305.5,0.055738,0.024487
4306.5,0.055112,0.024193
4307.5,0.054502,0.023899
4308.5,0.053909,0.023606
4309.5,0.053332,0.023314
4310.5,0.052773,0.023023
4311.5,0.052232,0.022735
4312.5,0.051711,0.022449
4313.5,0.051208,0.022166
4314.5,0.050726,0.021887
4315.5,0.050264,0.021612
4316.5,0.049823,0.021342
4317.5,0.049404,0.021078
4318.5,0.049008,0.020820
4319.5,0.048633,0.020569
4320.5,0.048282,0.020325
4321.5,0.047954,0.020090
4322.5,0.047651,0.019864
4323.5,0.047371,0.019649
4324.5,0.047116,0.019444
4325.5,0.046887,0.019250
4326.5,0.046682,0.019069
4327.5,0.046503,0.018901
4328.5,0.046350,0.018747
4329.5,0.046223,0.018607
4330.5,0.046123,0.018483
4331.5,0.046049,0.018375
4332.5,0.046001,0.018284
4333.5,0.045980,0.018210
4334.5,0.045986,0.018153
4335.5,0.046018,0.018115
4336.5,0.046077,0.018096
4337.5,0.046163,0.018095
4338.5,0.046276,0.018113
4339.5,0.046415,0.018151
4340.5,0.046581,0.018207
4341.5,0.046773,0.018283
4342.5,0.046991,0.018378
4343.5,0.047235,0.018491
4344.5,0.047504,0.018623
4345.5,0.047799,0.018773
4346.5,0.048119,0.018940
4347.5,0.048464,0.019125
4348.5,0.048832,0.019325
4349.5,0.049225,0.019542
4350.5,0.049640,0.019773
4351.5,0.050079,0.020019
4352.5,0.050540,0.020278
4353.5,0.051023,0.020550
4354.5,0.051527,0.020834
4355.5,0.052051,0.021129
4356.5,0.052596,0.021434
4357.5,0.053159,0.021749
4358.5,0.053742,0.022073
4359.5,0.054342,0.022404
4360.5,0.054960,0.022743
4361.5,0.055594,0.023088
4362.5,0.056244,0.023438
4363.5,0.056908,0.023793
4364.5,0.057587,0.024153
4365.5,0.058279,0.024515
4366.5,0.058984,0.024881
4367.5,0.059701,0.025248
4368.5,0.060428,0.025616
4369.5,0.061165,0.025985
4370.5,0.061911,0.026355
4371.5,0.062666,0.026723
4372.5,0.063428,0.027090
4373.5,0.064196,0.027456
4374.5,0.064970,0.027819
4375.5,0.065749,0.028179
4376.5,0.066532,0.028536
4377.5,0.067318,0.028889
4378.5,0.068106,0.029238
4379.5,0.068895,0.029581
4380.5,0.069685,0.029920
4381.5,0.070475,0.030252
4382.5,0.071264,0.030579
4383.5,0.072050,0.030898
4384.5,0.072835,0.031211
4385.5,0.073616,0.031517
4386.5,0.074393,0.031815
4387.5,0.075165,0.032105
4388.5,0.075931,0.032386
4389.5,0.076692,0.032659
4390.5,0.077446,0.032923
4391.5,0.078193,0.033178
4392.5,0.078932,0.033423
4393.5,0.079663,0.033659
4394.5,0.080384,0.033886
4395.5,0.081097,0.034102
4396.5,0.081800,0.034308
4397.5,0.082492,0.034503
4398.5,0.083175,0.034689
4399.5,0.083846,0.034863
4400.5,0.084507,0.035027
4401.5,0.085156,0.035181
4402.5,0.085794,0.035323
4403.5,0.086420,0.035455
4404.5,0.087034,0.035577
4405.5,0.087636,0.035687
4406.5,0.088227,0.035787
4407.5,0.088806,0.035876
4408.5,0.089373,0.035955
4409.5,0.089928,0.036023
4410.5,0.090471,0.036081
4411.5,0.091003,0.036128
4412.5,0.091523,0.036166
4413.5,0.092032,0.036194
4414.5,0.092531,0.036212
4415.5,0.093019,0.036221
4416.5,0.093496,0.036221
4417.5,0.093964,0.036213
4418.5,0.094422,0.036195
4419.5,0.094870,0.036170
4420.5,0.095310,0.036137
4421.5,0.095742,0.036097
4422.5,0.096166,0.036049
4423.5,0.096583,0.035995
4424.5,0.096992,0.035935
4425.5,0.097396,0.035869
4426.5,0.097794,0.035798
4427.5,0.098186,0.035723
4428.5,0.098574,0.035643
4429.5,0.098958,0.035560
4430.5,0.099339,0.035473
4431.5,0.099717,0.035384
4432.5,0.100093,0.035294
4433.5,0.100467,0.035202
4434.5,0.100840,0.035110
4435.5,0.101213,0.035017
4436.5,0.101586,0.034925
4437.5,0.101959,0.034835
4438.5,0.102335,0.034746
4439.5,0.102712,0.034660
4440.5,0.103091,0.034578
4441.5,0.103474,0.034499
4442.5,0.103860,0.034425
4443.5,0.104250,0.034356
4444.5,0.104645,0.034293
4445.5,0.105045,0.034236
4446.5,0.105450,0.034186
4447.5,0.105861,0.034144
4448.5,0.106278,0.034110
4449.5,0.106702,0.034084
4450.5,0.107132,0.034068
4451.5,0.107570,0.034061
4452.5,0.108015,0.034065
4453.5,0.108467,0.034078
4454.5,0.108927,0.034102
4455.5,0.109395,0.034137
4456.5,0.109871,0.034184
4457.5,0.110355,0.034241
4458.5,0.110847,0.034310
4459.5,0.111347,0.034391
4460.5,0.111854,0.034482
4461.5,0.112370,0.034586
4462.5,0.112893,0.034701
4463.5,0.113424,0.034827
4464.5,0.113961,0.034964
4465.5,0.114506,0.035112
4466.5,0.115058,0.035270
4467.5,0.115616,0.035438
4468.5,0.116179,0.035617
4469.5,0.116749,0.035804
4470.5,0.117323,0.036000
4471.5,0.117902,0.036205
4472.5,0.118485,0.036418
4473.5,0.119072,0.036637
4474.5,0.119661,0.036863
4475.5,0.120253,0.037096
4476.5,0.120846,0.037333
4477.5,0.121441,0.037575
4478.5,0.122035,0.037822
4479.5,0.122630,0.038071
4480.5,0.123223,0.038323
4481.5,0.123814,0.038578
4482.5,0.124402,0.038833
4483.5,0.124987,0.039089
4484.5,0.125568,0.039345
4485.5,0.126143,0.039600
4486.5,0.126713,0.039854
4487.5,0.127275,0.040105
4488.5,0.127830,0.040354
4489.5,0.128377,0.040599
4490.5,0.128914,0.040841
4491.5,0.129441,0.041078
4492.5,0.129958,0.041309
4493.5,0.130462,0.041535
4494.5,0.130954,0.041755
4495.5,0.131432,0.041968
4496.5,0.131897,0.042173
4497.5,0.132346,0.042371
4498.5,0.132779,0.042561
4499.5,0.133196,0.042743
4500.5,0.133596,0.042915
4501.5,0.133978,0.043078
4502.5,0.134341,0.043232
4503.5,0.134686,0.043376
4504.5,0.135010,0.043510
4505.5,0.135314,0.043634
4506.5,0.135597,0.043747
4507.5,0.135858,0.043850
4508.5,0.136098,0.043942
4509.5,0.136315,0.044023
4510.5,0.136509,0.044093
4511.5,0.136679,0.044152
4512.5,0.136827,0.044200
4513.5,0.136950,0.044238
4514.5,0.137049,0.044264
4515.5,0.137124,0.044279
4516.5,0.137174,0.044284
4517.5,0.137199,0.044277
4518.5,0.137200,0.044261
4519.5,0.137175,0.044234
4520.5,0.137125,0.044196
4521.5,0.137051,0.044149
4522.5,0.136951,0.044092
4523.5,0.136827,0.044025
4524.5,0.136678,0.043949
4525.5,0.136505,0.043864
4526.5,0.136307,0.043771
4527.5,0.136085,0.043669
4528.5,0.135839,0.043559
4529.5,0.135570,0.043441
4530.5,0.135277,0.043315
4531.5,0.134962,0.043183
4532.5,0.134624,0.043044
4533.5,0.134265,0.042898
4534.5,0.133884,0.042747
4535.5,0.133483,0.042589
4536.5,0.133061,0.042427
4537.5,0.132619,0.042259
4538.5,0.132158,0.042087
4539.5,0.131679,0.041911
4540.5,0.131182,0.041730
4541.5,0.130667,0.041546
4542.5,0.130137,0.041359
4543.5,0.129590,0.041169
4544.5,0.129028,0.040977
4545.5,0.128453,0.040782
4546.5,0.127863,0.040585
4547.5,0.127261,0.040387
4548.5,0.126647,0.040187
4549.5,0.126022,0.039986
4550.5,0.125387,0.039784
4551.5,0.124742,0.039581
4552.5,0.124089,0.039378
4553.5,0.123428,0.039174
4554.5,0.122760,0.038971
4555.5,0.122086,0.038767
4556.5,0.121407,0.038564
4557.5,0.120724,0.038361
4558.5,0.120037,0.038159
4559.5,0.119347,0.037958
4560.5,0.118656,0.037757
4561.5,0.117964,0.037557
4562.5,0.117271,0.037358
4563.5,0.116580,0.037160
4564.5,0.115890,0.036963
4565.5,0.115202,0.036768
4566.5,0.114518,0.036574
4567.5,0.113838,0.036381
4568.5,0.113163,0.036190
4569.5,0.112493,0.036000
4570.5,0.111829,0.035812
4571.5,0.111173,0.035625
4572.5,0.110524,0.035440
4573.5,0.109884,0.035257
4574.5,0.109253,0.035076
4575.5,0.108632,0.034896
4576.5,0.108021,0.034719
4577.5,0.107422,0.034544
4578.5,0.106834,0.034372
4579.5,0.106259,0.034201
4580.5,0.105697,0.034034
4581.5,0.105148,0.033869
4582.5,0.104613,0.033707
4583.5,0.104092,0.033548
4584.5,0.103587,0.033392
4585.5,0.103097,0.033240
4586.5,0.102623,0.033091
4587.5,0.102165,0.032947
4588.5,0.101723,0.032806
4589.5,0.101299,0.032670
4590.5,0.100891,0.032539
4591.5,0.100501,0.032412
4592.5,0.100129,0.032291
4593.5,0.099775,0.032175
4594.5,0.099439,0.032065
4595.5,0.099121,0.031961
4596.5,0.098822,0.031863
4597.5,0.098541,0.031772
4598.5,0.098279,0.031688
4599.5,0.098035,0.031611
4600.5,0.097810,0.031542
4601.5,0.097604,0.031480
4602.5,0.097416,0.031426
4603.5,0.097247,0.031381
4604.5,0.097096,0.031344
4605.5,0.096963,0.031315
4606.5,0.096848,0.031295
4607.5,0.096751,0.031284
4608.5,0.096672,0.031282
4609.5,0.096609,0.031289
4610.5,0.096564,0.031306
4611.5,0.096535,0.031332
4612.5,0.096523,0.031366
4613.5,0.096527,0.031411
4614.5,0.096546,0.031464
4615.5,0.096580,0.031526
4616.5,0.096628,0.031597
4617.5,0.096691,0.031677
4618.5,0.096767,0.031766
4619.5,0.096856,0.031863
4620.5,0.096957,0.031968
4621.5,0.097070,0.032080
4622.5,0.097195,0.032201
4623.5,0.097330,0.032328
4624.5,0.097475,0.032462
4625.5,0.097629,0.032603
4626.5,0.097791,0.032750
4627.5,0.097961,0.032902
4628.5,0.098139,0.033060
4629.5,0.098322,0.033222
4630.5,0.098512,0.033388
4631.5,0.098706,0.033558
4632.5,0.098904,0.033731
4633.5,0.099105,0.033908
4634.5,0.099308,0.034086
4635.5,0.099514,0.034266
4636.5,0.099720,0.034447
4637.5,0.099925,0.034629
4638.5,0.100131,0.034811
4639.5,0.100334,0.034993
4640.5,0.100535,0.035174
4641.5,0.100733,0.035354
4642.5,0.100927,0.035532
4643.5,0.101116,0.035708
4644.5,0.101299,0.035880
4645.5,0.101476,0.036050
4646.5,0.101646,0.036216
4647.5,0.101808,0.036378
4648.5,0.101961,0.036536
4649.5,0.102104,0.036689
4650.5,0.102238,0.036836
4651.5,0.102361,0.036978
4652.5,0.102472,0.037113
4653.5,0.102571,0.037242
4654.5,0.102657,0.037365
4655.5,0.102730,0.037480
4656.5,0.102789,0.037589
4657.5,0.102833,0.037689
4658.5,0.102863,0.037782
4659.5,0.102877,0.037866
4660.5,0.102874,0.037943
4661.5,0.102856,0.038010
4662.5,0.102820,0.038069
4663.5,0.102767,0.038119
4664.5,0.102697,0.038160
4665.5,0.102608,0.038191
4666.5,0.102501,0.038213
4667.5,0.102376,0.038226
4668.5,0.102232,0.038229
4669.5,0.102070,0.038223
4670.5,0.101888,0.038206
4671.5,0.101687,0.038180
4672.5,0.101467,0.038145
4673.5,0.101228,0.038099
4674.5,0.100969,0.038044
4675.5,0.100691,0.037979
4676.5,0.100394,0.037904
4677.5,0.100078,0.037819
4678.5,0.099744,0.037726
4679.5,0.099390,0.037622
4680.5,0.099018,0.037509
4681.5,0.098627,0.037387
4682.5,0.098219,0.037256
4683.5,0.097792,0.037116
4684.5,0.097349,0.036967
4685.5,0.096888,0.036810
4686.5,0.096411,0.036644
4687.5,0.095917,0.036470
4688.5,0.095408,0.036288
4689.5,0.094883,0.036098
4690.5,0.094344,0.035901
4691.5,0.093790,0.035696
4692.5,0.093223,0.035484
4693.5,0.092642,0.035266
4694.5,0.092049,0.035041
4695.5,0.091444,0.034811
4696.5,0.090827,0.034574
4697.5,0.090200,0.034332
4698.5,0.089563,0.034085
4699.5,0.088916,0.033834
4700.5,0.088261,0.033578
4701.5,0.087597,0.033318
4702.5,0.086927,0.033054
4703.5,0.086249,0.032787
4704.5,0.085566,0.032517
4705.5,0.084878,0.032245
4706.5,0.084185,0.031971
4707.5,0.083488,0.031695
4708.5,0.082789,0.031418
4709.5,0.082087,0.031140
4710.5,0.081383,0.030862
4711.5,0.080679,0.030583
4712.5,0.079974,0.030306
4713.5,0.079270,0.030029
4714.5,0.078568,0.029754
4715.5,0.077867,0.029480
4716.5,0.077169,0.029209
4717.5,0.076474,0.028941
4718.5,0.075783,0.028675
4719.5,0.075096,0.028413
4720.5,0.074415,0.028155
4721.5,0.073739,0.027902
4722.5,0.073070,0.027653
4723.5,0.072408,0.027409
4724.5,0.071753,0.027170
4725.5,0.071107,0.026938
4726.5,0.070468,0.026712
4727.5,0.069839,0.026492
4728.5,0.069219,0.026279
4729.5,0.068610,0.026073
4730.5,0.068010,0.025874
4731.5,0.067421,0.025684
4732.5,0.066844,0.025501
4733.5,0.066278,0.025326
4734.5,0.065724,0.025159
4735.5,0.065182,0.025001
4736.5,0.064652,0.024852
4737.5,0.064135,0.024711
4738.5,0.063631,0.024579
4739.5,0.063140,0.024455
4740.5,0.062662,0.024341
4741.5,0.062198,0.024235
4742.5,0.061747,0.024138
4743.5,0.061310,0.024050
4744.5,0.060887,0.023971
4745.5,0.060478,0.023900
4746.5,0.060082,0.023837
4747.5,0.059701,0.023783
4748.5,0.059333,0.023737
4749.5,0.058979,0.023698
4750.5,0.058640,0.023668
4751.5,0.058313,0.023645
4752.5,0.058001,0.023629
4753.5,0.057702,0.023620
4754.5,0.057417,0.023617
4755.5,0.057145,0.023622
4756.5,0.056886,0.023632
4757.5,0.056641,0.023648
4758.5,0.056408,0.023669
4759.5,0.056187,0.023696
4760.5,0.055979,0.023728
4761.5,0.055784,0.023764
4762.5,0.055600,0.023804
4763.5,0.055428,0.023849
4764.5,0.055267,0.023897
4765.5,0.055118,0.023949
4766.5,0.054979,0.024003
4767.5,0.054851,0.024060
4768.5,0.054733,0.024120
4769.5,0.054626,0.024182
4770.5,0.054527,0.024246
4771.5,0.054439,0.024311
4772.5,0.054359,0.024378
4773.5,0.054289,0.024446
4774.5,0.054226,0.024514
4775.5,0.054172,0.024583
4776.5,0.054126,0.024653
4777.5,0.054087,0.024723
4778.5,0.054055,0.024792
4779.5,0.054030,0.024862
4780.5,0.054012,0.024931
4781.5,0.054000,0.024999
4782.5,0.053995,0.025066
4783.5,0.053994,0.025132
4784.5,0.054000,0.025197
4785.5,0.054010,0.025261
4786.5,0.054025,0.025323
4787.5,0.054045,0.025383
4788.5,0.054070,0.025442
4789.5,0.054098,0.025498
4790.5,0.054131,0.025553
4791.5,0.054167,0.025605
4792.5,0.054206,0.025655
4793.5,0.054249,0.025703
4794.5,0.054295,0.025748
4795.5,0.054343,0.025790
4796.5,0.054395,0.025830
4797.5,0.054449,0.025867
4798.5,0.054505,0.025901
4799.5,0.054564,0.025932
4800.5,0.054625,0.025960
4801.5,0.054688,0.025986
4802.5,0.054753,0.026008
4803.5,0.054820,0.026028
4804.5,0.054889,0.026044
4805.5,0.054959,0.026058
4806.5,0.055032,0.026068
4807.5,0.055106,0.026076
4808.5,0.055182,0.026080
4809.5,0.055259,0.026082
4810.5,0.055338,0.026081
4811.5,0.055419,0.026076
4812.5,0.055502,0.026070
4813.5,0.055587,0.026060
4814.5,0.055673,0.026048
4815.5,0.055762,0.026033
4816.5,0.055852,0.026016
4817.5,0.055945,0.025997
4818.5,0.056040,0.025975
4819.5,0.056137,0.025951
4820.5,0.056236,0.025926
4821.5,0.056339,0.025899
4822.5,0.056443,0.025870
4823.5,0.056551,0.025840
4824.5,0.056662,0.025808
4825.5,0.056776,0.025775
4826.5,0.056893,0.025742
4827.5,0.057013,0.025708
4828.5,0.057137,0.025674
4829.5,0.057265,0.025639
4830.5,0.057397,0.025604
4831.5,0.057532,0.025570
4832.5,0.057672,0.025536
4833.5,0.057817,0.025502
4834.5,0.057966,0.025470
4835.5,0.058120,0.025439
4836.5,0.058279,0.025409
4837.5,0.058443,0.025381
4838.5,0.058612,0.025355
4839.5,0.058787,0.025330
4840.5,0.058967,0.025309
4841.5,0.059154,0.025290
4842.5,0.059346,0.025274
4843.5,0.059544,0.025261
4844.5,0.059749,0.025251
4845.5,0.059959,0.025245
4846.5,0.060177,0.025243
4847.5,0.060401,0.025245
4848.5,0.060631,0.025250
4849.5,0.060869,0.025261
4850.5,0.061113,0.025275
4851.5,0.061365,0.025295
4852.5,0.061624,0.025319
4853.5,0.061889,0.025348
4854.5,0.062162,0.025382
4855.5,0.062442,0.025421
4856.5,0.062730,0.025466
4857.5,0.063025,0.025516
4858.5,0.063327,0.025571
4859.5,0.063636,0.025631
4860.5,0.063953,0.025697
4861.5,0.064277,0.025768
4862.5,0.064608,0.025845
4863.5,0.064947,0.025927
4864.5,0.065293,0.026014
4865.5,0.065645,0.026106
4866.5,0.066005,0.026204
4867.5,0.066371,0.026306
4868.5,0.066745,0.026413
4869.5,0.067124,0.026525
4870.5,0.067511,0.026642
4871.5,0.067903,0.026763
4872.5,0.068302,0.026888
4873.5,0.068707,0.027017
4874.5,0.069117,0.027150
4875.5,0.069533,0.027287
4876.5,0.069954,0.027428
4877.5,0.070381,0.027571
4878.5,0.070812,0.027718
4879.5,0.071248,0.027867
4880.5,0.071689,0.028019
4881.5,0.072133,0.028173
4882.5,0.072582,0.028330
4883.5,0.073034,0.028488
4884.5,0.073489,0.028647
4885.5,0.073947,0.028808
4886.5,0.074408,0.028971
4887.5,0.074871,0.029133
4888.5,0.075337,0.029297
4889.5,0.075803,0.029461
4890.5,0.076272,0.029624
4891.5,0.076741,0.029788
4892.5,0.077211,0.029951
4893.5,0.077681,0.030114
4894.5,0.078151,0.030276
4895.5,0.078621,0.030436
4896.5,0.079089,0.030596
4897.5,0.079557,0.030754
4898.5,0.080023,0.030910
4899.5,0.080488,0.031065
4900.5,0.080950,0.031217
4901.5,0.081409,0.031367
4902.5,0.081865,0.031515
4903.5,0.082318,0.031660
4904.5,0.082768,0.031803
4905.5,0.083213,0.031943
4906.5,0.083654,0.032079
4907.5,0.084090,0.032213
4908.5,0.084520,0.032344
4909.5,0.084945,0.032471
4910.5,0.085365,0.032595
4911.5,0.085778,0.032716
4912.5,0.086184,0.032833
4913.5,0.086584,0.032947
4914.5,0.086976,0.033057
4915.5,0.087361,0.033164
4916.5,0.087738,0.033266
4917.5,0.088106,0.033366
4918.5,0.088467,0.033461
4919.5,0.088818,0.033553
4920.5,0.089160,0.033641
4921.5,0.089493,0.033726
4922.5,0.089817,0.033807
4923.5,0.090130,0.033884
4924.5,0.090433,0.033958
4925.5,0.090726,0.034028
4926.5,0.091009,0.034095
4927.5,0.091280,0.034159
4928.5,0.091540,0.034218
4929.5,0.091789,0.034275
4930.5,0.092027,0.034328
4931.5,0.092253,0.034378
4932.5,0.092467,0.034425
4933.5,0.092669,0.034469
4934.5,0.092859,0.034509
4935.5,0.093036,0.034547
4936.5,0.093202,0.034582
4937.5,0.093354,0.034613
4938.5,0.093494,0.034642
4939.5,0.093621,0.034668
4940.5,0.093736,0.034691
4941.5,0.093837,0.034711
4942.5,0.093925,0.034729
4943.5,0.094001,0.034744
4944.5,0.094063,0.034756
4945.5,0.094112,0.034766
4946.5,0.094148,0.034773
4947.5,0.094171,0.034777
4948.5,0.094181,0.034778
4949.5,0.094178,0.034777
4950.5,0.094162,0.034773
4951.5,0.094133,0.034766
4952.5,0.094090,0.034757
4953.5,0.094035,0.034745
4954.5,0.093967,0.034730
4955.5,0.093887,0.034712
4956.5,0.093793,0.034691
4957.5,0.093688,0.034667
4958.5,0.093569,0.034640
4959.5,0.093439,0.034610
4960.5,0.093297,0.034577
4961.5,0.093142,0.034541
4962.5,0.092976,0.034501
4963.5,0.092799,0.034459
4964.5,0.092610,0.034412
4965.5,0.092410,0.034363
4966.5,0.092199,0.034309
4967.5,0.091977,0.034252
4968.5,0.091745,0.034192
4969.5,0.091503,0.034128
4970.5,0.091250,0.034060
4971.5,0.090989,0.033988
4972.5,0.090717,0.033913
4973.5,0.090437,0.033833
4974.5,0.090148,0.033750
4975.5,0.089850,0.033663
4976.5,0.089545,0.033572
4977.5,0.089231,0.033478
4978.5,0.088910,0.033379
4979.5,0.088582,0.033277
4980.5,0.088247,0.033171
4981.5,0.087906,0.033061
4982.5,0.087559,0.032947
4983.5,0.087206,0.032830
4984.5,0.086848,0.032709
4985.5,0.086484,0.032585
4986.5,0.086117,0.032457
4987.5,0.085745,0.032326
4988.5,0.085370,0.032193
4989.5,0.084992,0.032056
4990.5,0.084610,0.031916
4991.5,0.084226,0.031774
4992.5,0.083841,0.031629
4993.5,0.083453,0.031482
4994.5,0.083065,0.031333
4995.5,0.082676,0.031182
4996.5,0.082286,0.031029
4997.5,0.081897,0.030875
4998.5,0.081508,0.030720
4999.5,0.081120,0.030564
5000.5,0.080734,0.030407
5001.5,0.080350,0.030249
5002.5,0.079968,0.030092
5003.5,0.079588,0.029934
5004.5,0.079212,0.029777
5005.5,0.078840,0.029620
5006.5,0.078471,0.029465
5007.5,0.078107,0.029310
5008.5,0.077748,0.029157
5009.5,0.077394,0.029005
5010.5,0.077045,0.028856
5011.5,0.076703,0.028709
5012.5,0.076367,0.028564
5013.5,0.076038,0.028422
5014.5,0.075716,0.028283
5015.5,0.075401,0.028148
5016.5,0.075095,0.028016
5017.5,0.074796,0.027887
5018.5,0.074507,0.027763
5019.5,0.074226,0.027643
5020.5,0.073954,0.027528
5021.5,0.073692,0.027417
5022.5,0.073440,0.027310
5023.5,0.073197,0.027209
5024.5,0.072965,0.027113
5025.5,0.072744,0.027022
5026.5,0.072534,0.026937
5027.5,0.072335,0.026857
5028.5,0.072147,0.026783
5029.5,0.071971,0.026714
5030.5,0.071806,0.026651
5031.5,0.071654,0.026594
5032.5,0.071514,0.026543
5033.5,0.071386,0.026497
5034.5,0.071270,0.026458
5035.5,0.071167,0.026424
5036.5,0.071077,0.026396
5037.5,0.071000,0.026374
5038.5,0.070935,0.026358
5039.5,0.070884,0.026348
5040.5,0.070845,0.026343
5041.5,0.070820,0.026344
5042.5,0.070807,0.026350
5043.5,0.070808,0.026362
5044.5,0.070823,0.026379
5045.5,0.070850,0.026401
5046.5,0.070890,0.026428
5047.5,0.070944,0.026460
5048.5,0.071011,0.026497
5049.5,0.071090,0.026539
5050.5,0.071183,0.026586
5051.5,0.071289,0.026637
5052.5,0.071407,0.026692
5053.5,0.071538,0.026752
5054.5,0.071681,0.026815
5055.5,0.071837,0.026883
5056.5,0.072005,0.026955
5057.5,0.072185,0.027030
5058.5,0.072377,0.027109
5059.5,0.072581,0.027192
5060.5,0.072796,0.027278
5061.5,0.073022,0.027367
5062.5,0.073260,0.027460
5063.5,0.073508,0.027556
5064.5,0.073767,0.027655
5065.5,0.074036,0.027757
5066.5,0.074315,0.027862
5067.5,0.074604,0.027970
5068.5,0.074902,0.028080
5069.5,0.075210,0.028194
5070.5,0.075526,0.028310
5071.5,0.075851,0.028428
5072.5,0.076184,0.028550
5073.5,0.076525,0.028674
5074.5,0.076874,0.028800
5075.5,0.077229,0.028930
5076.5,0.077592,0.029061
5077.5,0.077961,0.029196
5078.5,0.078335,0.029332
5079.5,0.078716,0.029471
5080.5,0.079102,0.029613
5081.5,0.079492,0.029757
5082.5,0.079887,0.029904
5083.5,0.080286,0.030053
5084.5,0.080689,0.030204
5085.5,0.081094,0.030358
5086.5,0.081503,0.030515
5087.5,0.081914,0.030673
5088.5,0.082326,0.030835
5089.5,0.082741,0.030998
5090.5,0.083156,0.031164
5091.5,0.083571,0.031332
5092.5,0.083987,0.031503
5093.5,0.084402,0.031676
5094.5,0.084817,0.031851
5095.5,0.085230,0.032028
5096.5,0.085641,0.032207
5097.5,0.086050,0.032389
5098.5,0.086457,0.032572
5099.5,0.086860,0.032757
5100.5,0.087260,0.032945
5101.5,0.087655,0.033134
5102.5,0.088046,0.033324
5103.5,0.088433,0.033517
5104.5,0.088813,0.033710
5105.5,0.089188,0.033905
5106.5,0.089557,0.034102
5107.5,0.089919,0.034299
5108.5,0.090273,0.034497
5109.5,0.090620,0.034696
5110.5,0.090960,0.034896
5111.5,0.091290,0.035096
5112.5,0.091612,0.035296
5113.5,0.091925,0.035496
5114.5,0.092228,0.035697
5115.5,0.092521,0.035896
5116.5,0.092803,0.036096
5117.5,0.093075,0.036295
5118.5,0.093336,0.036492
5119.5,0.093586,0.036689
5120.5,0.093824,0.036884
5121.5,0.094049,0.037077
5122.5,0.094263,0.037269
5123.5,0.094463,0.037458
5124.5,0.094651,0.037646
5125.5,0.094826,0.037830
5126.5,0.094988,0.038012
5127.5,0.095135,0.038190
5128.5,0.095269,0.038366
5129.5,0.095389,0.038537
5130.5,0.095495,0.038705
5131.5,0.095587,0.038869
5132.5,0.095664,0.039028
5133.5,0.095726,0.039183
5134.5,0.095774,0.039333
5135.5,0.095807,0.039478
5136.5,0.095825,0.039617
5137.5,0.095829,0.039751
5138.5,0.095817,0.039879
5139.5,0.095790,0.040001
5140.5,0.095749,0.040117
5141.5,0.095693,0.040227
5142.5,0.095622,0.040329
5143.5,0.095536,0.040425
5144.5,0.095435,0.040514
5145.5,0.095320,0.040596
5146.5,0.095191,0.040670
5147.5,0.095047,0.040736
5148.5,0.094889,0.040795
5149.5,0.094718,0.040846
5150.5,0.094533,0.040889
5151.5,0.094334,0.040923
5152.5,0.094122,0.040950
5153.5,0.093897,0.040967
5154.5,0.093660,0.040977
5155.5,0.093410,0.040978
5156.5,0.093148,0.040970
5157.5,0.092875,0.040953
5158.5,0.092590,0.040928
5159.5,0.092294,0.040893
5160.5,0.091988,0.040850
5161.5,0.091672,0.040798
5162.5,0.091345,0.040737
5163.5,0.091010,0.040668
5164.5,0.090665,0.040590
5165.5,0.090313,0.040502
5166.5,0.089952,0.040407
5167.5,0.089583,0.040303
5168.5,0.089208,0.040190
5169.5,0.088826,0.040069
5170.5,0.088438,0.039940
5171.5,0.088044,0.039802
5172.5,0.087645,0.039657
5173.5,0.087242,0.039504
5174.5,0.086835,0.039344
5175.5,0.086424,0.039176
5176.5,0.086010,0.039001
5177.5,0.085594,0.038820
5178.5,0.085176,0.038632
5179.5,0.084756,0.038437
5180.5,0.084335,0.038237
5181.5,0.083914,0.038031
5182.5,0.083493,0.037819
5183.5,0.083073,0.037603
5184.5,0.082653,0.037382
5185.5,0.082236,0.037156
5186.5,0.081820,0.036927
5187.5,0.081407,0.036694
5188.5,0.080997,0.036458
5189.5,0.080591,0.036220
5190.5,0.080188,0.035979
5191.5,0.079790,0.035736
5192.5,0.079396,0.035492
5193.5,0.079008,0.035247
5194.5,0.078626,0.035001
5195.5,0.078249,0.034756
5196.5,0.077879,0.034510
5197.5,0.077515,0.034266
5198.5,0.077159,0.034023
5199.5,0.076810,0.033782
5200.5,0.076469,0.033543
5201.5,0.076135,0.033306
5202.5,0.075810,0.033073
5203.5,0.075494,0.032844
5204.5,0.075186,0.032618
5205.5,0.074887,0.032397
5206.5,0.074597,0.032181
5207.5,0.074316,0.031970
5208.5,0.074045,0.031765
5209.5,0.073784,0.031565
5210.5,0.073532,0.031372
5211.5,0.073291,0.031185
5212.5,0.073059,0.031006
5213.5,0.072837,0.030833
5214.5,0.072625,0.030668
5215.5,0.072423,0.030511
5216.5,0.072231,0.030361
5217.5,0.072049,0.030219
5218.5,0.071878,0.030085
5219.5,0.071716,0.029959
5220.5,0.071564,0.029841
5221.5,0.071421,0.029732
5222.5,0.071289,0.029630
5223.5,0.071166,0.029537
5224.5,0.071052,0.029452
5225.5,0.070948,0.029374
5226.5,0.070853,0.029304
5227.5,0.070767,0.029242
5228.5,0.070689,0.029187
5229.5,0.070620,0.029140
5230.5,0.070559,0.029099
5231.5,0.070507,0.029065
5232.5,0.070462,0.029038
5233.5,0.070425,0.029016
5234.5,0.070395,0.029001
5235.5,0.070372,0.028990
5236.5,0.070356,0.028985
5237.5,0.070347,0.028985
5238.5,0.070344,0.028989
5239.5,0.070346,0.028997
5240.5,0.070355,0.029009
5241.5,0.070368,0.029025
5242.5,0.070387,0.029043
5243.5,0.070410,0.029064
5244.5,0.070437,0.029087
5245.5,0.070469,0.029113
5246.5,0.070504,0.029140
5247.5,0.070542,0.029168
5248.5,0.070584,0.029198
5249.5,0.070628,0.029228
5250.5,0.070675,0.029258
5251.5,0.070724,0.029289
5252.5,0.070775,0.029320
5253.5,0.070827,0.029350
5254.5,0.070880,0.029380
5255.5,0.070934,0.029409
5256.5,0.070989,0.029437
5257.5,0.071044,0.029464
5258.5,0.071099,0.029490
5259.5,0.071154,0.029514
5260.5,0.071208,0.029536
5261.5,0.071262,0.029557
5262.5,0.071314,0.029576
5263.5,0.071365,0.029593
5264.5,0.071415,0.029608
5265.5,0.071463,0.029621
5266.5,0.071509,0.029632
5267.5,0.071552,0.029641
5268.5,0.071594,0.029648
5269.5,0.071632,0.029652
5270.5,0.071668,0.029654
5271.5,0.071701,0.029654
5272.5,0.071731,0.029652
5273.5,0.071758,0.029648
5274.5,0.071781,0.029641
5275.5,0.071801,0.029633
5276.5,0.071817,0.029622
5277.5,0.071830,0.029609
5278.5,0.071838,0.029595
5279.5,0.071843,0.029578
5280.5,0.071844,0.029560
5281.5,0.071841,0.029540
5282.5,0.071834,0.029518
5283.5,0.071823,0.029495
5284.5,0.071807,0.029470
5285.5,0.071788,0.029444
5286.5,0.071764,0.029416
5287.5,0.071737,0.029387
5288.5,0.071705,0.029356
5289.5,0.071669,0.029325
5290.5,0.071629,0.029292
5291.5,0.071585,0.029258
5292.5,0.071537,0.029223
5293.5,0.071485,0.029187
5294.5,0.071430,0.029150
5295.5,0.071370,0.029112
5296.5,0.071307,0.029073
5297.5,0.071241,0.029033
5298.5,0.071171,0.028993
5299.5,0.071098,0.028951
5300.5,0.071021,0.028909
5301.5,0.070942,0.028866
5302.5,0.070860,0.028823
5303.5,0.070775,0.028779
5304.5,0.070687,0.028734
5305.5,0.070597,0.028688
5306.5,0.070504,0.028642
5307.5,0.070410,0.028594
5308.5,0.070313,0.028547
5309.5,0.070215,0.028498
5310.5,0.070115,0.028449
5311.5,0.070014,0.028400
5312.5,0.069912,0.028349
5313.5,0.069808,0.028298
5314.5,0.069704,0.028247
5315.5,0.069600,0.028194
5316.5,0.069495,0.028141
5317.5,0.069390,0.028088
5318.5,0.069285,0.028034
5319.5,0.069180,0.027979
5320.5,0.069076,0.027924
5321.5,0.068973,0.027868
5322.5,0.068871,0.027812
5323.5,0.068770,0.027755
5324.5,0.068670,0.027698
5325.5,0.068573,0.027640
5326.5,0.068477,0.027583
5327.5,0.068383,0.027525
5328.5,0.068292,0.027466
5329.5,0.068204,0.027408
5330.5,0.068118,0.027350
5331.5,0.068035,0.027292
5332.5,0.067956,0.027234
5333.5,0.067881,0.027176
5334.5,0.067809,0.027119
5335.5,0.067742,0.027062
5336.5,0.067678,0.027006
5337.5,0.067619,0.026951
5338.5,0.067565,0.026896
5339.5,0.067516,0.026843
5340.5,0.067472,0.026790
5341.5,0.067434,0.026739
5342.5,0.067401,0.026690
5343.5,0.067374,0.026642
5344.5,0.067353,0.026595
5345.5,0.067338,0.026551
5346.5,0.067330,0.026508
5347.5,0.067328,0.026468
5348.5,0.067333,0.026430
5349.5,0.067345,0.026395
5350.5,0.067365,0.026362
5351.5,0.067391,0.026332
5352.5,0.067425,0.026305
5353.5,0.067467,0.026281
5354.5,0.067516,0.026260
5355.5,0.067573,0.026243
5356.5,0.067638,0.026229
5357.5,0.067712,0.026218
5358.5,0.067794,0.026212
5359.5,0.067884,0.026209
5360.5,0.067982,0.026211
5361.5,0.068089,0.026216
5362.5,0.068205,0.026226
5363.5,0.068330,0.026240
5364.5,0.068463,0.026258
5365.5,0.068605,0.026281
5366.5,0.068756,0.026308
5367.5,0.068916,0.026339
5368.5,0.069085,0.026376
5369.5,0.069262,0.026417
5370.5,0.069449,0.026462
5371.5,0.069645,0.026512
5372.5,0.069849,0.026567
5373.5,0.070063,0.026627
5374.5,0.070285,0.026691
5375.5,0.070516,0.026760
5376.5,0.070756,0.026833
5377.5,0.071005,0.026911
5378.5,0.071262,0.026993
5379.5,0.071527,0.027080
5380.5,0.071801,0.027171
5381.5,0.072083,0.027267
5382.5,0.072373,0.027367
5383.5,0.072672,0.027471
5384.5,0.072978,0.027579
5385.5,0.073291,0.027691
5386.5,0.073612,0.027807
5387.5,0.073941,0.027927
5388.5,0.074276,0.028050
5389.5,0.074618,0.028177
5390.5,0.074967,0.028308
5391.5,0.075323,0.028441
5392.5,0.075684,0.028578
5393.5,0.076051,0.028718
5394.5,0.076424,0.028861
5395.5,0.076803,0.029006
5396.5,0.077186,0.029154
5397.5,0.077574,0.029304
5398.5,0.077967,0.029457
5399.5,0.078364,0.029612
5400.5,0.078764,0.029768
5401.5,0.079169,0.029927
5402.5,0.079576,0.030087
5403.5,0.079986,0.030248
5404.5,0.080398,0.030411
5405.5,0.080813,0.030575
5406.5,0.081229,0.030739
5407.5,0.081647,0.030905
5408.5,0.082065,0.031071
5409.5,0.082485,0.031237
5410.5,0.082904,0.031404
5411.5,0.083323,0.031571
5412.5,0.083741,0.031737
5413.5,0.084158,0.031904
5414.5,0.084574,0.032069
5415.5,0.084988,0.032234
5416.5,0.085400,0.032398
5417.5,0.085808,0.032562
5418.5,0.086214,0.032723
5419.5,0.086616,0.032884
5420.5,0.087014,0.033043
5421.5,0.087407,0.033200
5422.5,0.087796,0.033355
5423.5,0.088179,0.033508
5424.5,0.088557,0.033659
5425.5,0.088928,0.033808
5426.5,0.089293,0.033953
5427.5,0.089650,0.034096
5428.5,0.090001,0.034236
5429.5,0.090343,0.034373
5430.5,0.090677,0.034507
5431.5,0.091003,0.034637
5432.5,0.091319,0.034763
5433.5,0.091626,0.034886
5434.5,0.091924,0.035005
5435.5,0.092211,0.035120
5436.5,0.092487,0.035230
5437.5,0.092752,0.035337
5438.5,0.093007,0.035439
5439.5,0.093249,0.035536
5440.5,0.093479,0.035629
5441.5,0.093698,0.035716
5442.5,0.093903,0.035799
5443.5,0.094096,0.035877
5444.5,0.094275,0.035950
5445.5,0.094441,0.036017
5446.5,0.094593,0.036079
5447.5,0.094731,0.036136
5448.5,0.094855,0.036187
5449.5,0.094964,0.036233
5450.5,0.095059,0.036273
5451.5,0.095138,0.036307
5452.5,0.095203,0.036335
5453.5,0.095252,0.036358
5454.5,0.095286,0.036374
5455.5,0.095304,0.036385
5456.5,0.095306,0.036390
5457.5,0.095292,0.036388
5458.5,0.095263,0.036381
5459.5,0.095217,0.036368
5460.5,0.095156,0.036348
5461.5,0.095078,0.036323
5462.5,0.094984,0.036291
5463.5,0.094873,0.036254
5464.5,0.094747,0.036210
5465.5,0.094604,0.036161
5466.5,0.094445,0.036105
5467.5,0.094270,0.036043
5468.5,0.094079,0.035976
5469.5,0.093871,0.035903
5470.5,0.093648,0.035823
5471.5,0.093409,0.035738
5472.5,0.093154,0.035648
5473.5,0.092883,0.035551
5474.5,0.092597,0.035449
5475.5,0.092296,0.035342
5476.5,0.091980,0.035229
5477.5,0.091649,0.035111
5478.5,0.091303,0.034988
5479.5,0.090942,0.034859
5480.5,0.090567,0.034726
5481.5,0.090179,0.034587
5482.5,0.089776,0.034444
5483.5,0.089360,0.034296
5484.5,0.088931,0.034144
5485.5,0.088488,0.033987
5486.5,0.088033,0.033826
5487.5,0.087566,0.033661
5488.5,0.087087,0.033491
5489.5,0.086596,0.033318
5490.5,0.086094,0.033141
5491.5,0.085581,0.032961
5492.5,0.085057,0.032777
5493.5,0.084523,0.032590
5494.5,0.083979,0.032400
5495.5,0.083425,0.032207
5496.5,0.082862,0.032011
5497.5,0.082291,0.031812
5498.5,0.081711,0.031611
5499.5,0.081123,0.031408
5500.5,0.080528,0.031203
5501.5,0.079925,0.030996
5502.5,0.079316,0.030787
5503.5,0.078700,0.030576
5504.5,0.078079,0.030364
5505.5,0.077451,0.030151
5506.5,0.076819,0.029937
5507.5,0.076182,0.029722
5508.5,0.075541,0.029506
5509.5,0.074895,0.029289
5510.5,0.074246,0.029073
5511.5,0.073594,0.028856
5512.5,0.072940,0.028638
5513.5,0.072283,0.028421
5514.5,0.071624,0.028205
5515.5,0.070963,0.027988
5516.5,0.070301,0.027773
5517.5,0.069639,0.027558
5518.5,0.068976,0.027344
5519.5,0.068313,0.027131
5520.5,0.067651,0.026919
5521.5,0.066989,0.026708
5522.5,0.066328,0.026499
5523.5,0.065668,0.026291
5524.5,0.065011,0.026085
5525.5,0.064355,0.025881
5526.5,0.063701,0.025679
5527.5,0.063051,0.025479
5528.5,0.062403,0.025281
5529.5,0.061758,0.025085
5530.5,0.061117,0.024891
5531.5,0.060480,0.024700
5532.5,0.059847,0.024512
5533.5,0.059218,0.024326
5534.5,0.058594,0.024143
5535.5,0.057975,0.023963
5536.5,0.057361,0.023785
5537.5,0.056752,0.023611
5538.5,0.056148,0.023439
5539.5,0.055550,0.023271
5540.5,0.054958,0.023105
5541.5,0.054373,0.022943
5542.5,0.053793,0.022784
5543.5,0.053220,0.022628
5544.5,0.052653,0.022476
5545.5,0.052093,0.022326
5546.5,0.051540,0.022180
5547.5,0.050994,0.022037
5548.5,0.050454,0.021898
5549.5,0.049922,0.021762
5550.5,0.049398,0.021630
5551.5,0.048880,0.021500
5552.5,0.048370,0.021374
5553.5,0.047868,0.021252
5554.5,0.047373,0.021133
5555.5,0.046885,0.021017
5556.5,0.046406,0.020904
5557.5,0.045934,0.020795
5558.5,0.045470,0.020689
5559.5,0.045013,0.020586
5560.5,0.044565,0.020486
5561.5,0.044124,0.020390
5562.5,0.043691,0.020296
5563.5,0.043266,0.020206
5564.5,0.042849,0.020118
5565.5,0.042439,0.020034
5566.5,0.042038,0.019952
5567.5,0.041644,0.019873
5568.5,0.041258,0.019796
5569.5,0.040879,0.019722
5570.5,0.040509,0.019651
5571.5,0.040146,0.019582
5572.5,0.039790,0.019515
5573.5,0.039443,0.019451
5574.5,0.039102,0.019389
5575.5,0.038770,0.019328
5576.5,0.038444,0.019270
5577.5,0.038127,0.019214
5578.5,0.037816,0.019159
5579.5,0.037513,0.019106
5580.5,0.037217,0.019054
5581.5,0.036928,0.019004
5582.5,0.036647,0.018954
5583.5,0.036372,0.018907
5584.5,0.036105,0.018860
5585.5,0.035845,0.018814
5586.5,0.035591,0.018769
5587.5,0.035345,0.018725
5588.5,0.035105,0.018681
5589.5,0.034872,0.018638
5590.5,0.034646,0.018595
5591.5,0.034427,0.018553
5592.5,0.034214,0.018511
5593.5,0.034008,0.018469
5594.5,0.033809,0.018427
5595.5,0.033616,0.018386
5596.5,0.033429,0.018344
5597.5,0.033250,0.018302
5598.5,0.033076,0.018260
5599.5,0.032909,0.018218
5600.5,0.032749,0.018176
5601.5,0.032594,0.018134
5602.5,0.032447,0.018091
5603.5,0.032305,0.018048
5604.5,0.032170,0.018005
5605.5,0.032041,0.017961
5606.5,0.031919,0.017918
5607.5,0.031803,0.017874
5608.5,0.031693,0.017830
5609.5,0.031590,0.017786
5610.5,0.031493,0.017741
5611.5,0.031403,0.017697
5612.5,0.031319,0.017653
5613.5,0.031241,0.017608
5614.5,0.031170,0.017564
5615.5,0.031105,0.017520
5616.5,0.031047,0.017477
5617.5,0.030995,0.017434
5618.5,0.030950,0.017392
5619.5,0.030911,0.017350
5620.5,0.030879,0.017309
5621.5,0.030854,0.017269
5622.5,0.030836,0.017230
5623.5,0.030824,0.017193
5624.5,0.030820,0.017156
5625.5,0.030822,0.017121
5626.5,0.030831,0.017088
5627.5,0.030847,0.017057
5628.5,0.030871,0.017027
5629.5,0.030901,0.017000
5630.5,0.030939,0.016975
5631.5,0.030984,0.016952
5632.5,0.031037,0.016931
5633.5,0.031097,0.016913
5634.5,0.031164,0.016898
5635.5,0.031239,0.016886
5636.5,0.031322,0.016877
5637.5,0.031413,0.016871
5638.5,0.031511,0.016868
5639.5,0.031617,0.016868
5640.5,0.031732,0.016872
5641.5,0.031854,0.016879
5642.5,0.031985,0.016890
5643.5,0.032124,0.016904
5644.5,0.032271,0.016922
5645.5,0.032427,0.016944
5646.5,0.032591,0.016969
5647.5,0.032764,0.016998
5648.5,0.032945,0.017031
5649.5,0.033135,0.017068
5650.5,0.033334,0.017108
5651.5,0.033542,0.017152
5652.5,0.033759,0.017200
5653.5,0.033985,0.017251
5654.5,0.034220,0.017307
5655.5,0.034464,0.017366
5656.5,0.034718,0.017428
5657.5,0.034981,0.017494
5658.5,0.035253,0.017563
5659.5,0.035535,0.017636
5660.5,0.035826,0.017712
5661.5,0.036127,0.017791
5662.5,0.036438,0.017874
5663.5,0.036758,0.017959
5664.5,0.037088,0.018047
5665.5,0.037428,0.018139
5666.5,0.037778,0.018233
5667.5,0.038138,0.018330
5668.5,0.038508,0.018430
5669.5,0.038888,0.018532
5670.5,0.039278,0.018637
5671.5,0.039677,0.018744
5672.5,0.040088,0.018854
5673.5,0.040508,0.018966
5674.5,0.040938,0.019080
5675.5,0.041379,0.019196
5676.5,0.041829,0.019315
5677.5,0.042290,0.019436
5678.5,0.042761,0.019559
5679.5,0.043243,0.019684
5680.5,0.043734,0.019810
5681.5,0.044236,0.019939
5682.5,0.044748,0.020070
5683.5,0.045270,0.020203
5684.5,0.045803,0.020338
5685.5,0.046345,0.020475
5686.5,0.046897,0.020613
5687.5,0.047460,0.020754
5688.5,0.048032,0.020897
5689.5,0.048615,0.021041
5690.5,0.049207,0.021188
5691.5,0.049809,0.021336
5692.5,0.050421,0.021486
5693.5,0.051043,0.021639
5694.5,0.051674,0.021793
5695.5,0.052315,0.021950
5696.5,0.052965,0.022108
5697.5,0.053624,0.022269
5698.5,0.054293,0.022431
5699.5,0.054971,0.022596
5700.5,0.055657,0.022763
5701.5,0.056353,0.022932
5702.5,0.057057,0.023103
5703.5,0.057770,0.023277
5704.5,0.058491,0.023452
5705.5,0.059221,0.023630
5706.5,0.059959,0.023809
5707.5,0.060704,0.023991
5708.5,0.061458,0.024175
5709.5,0.062219,0.024362
5710.5,0.062987,0.024550
5711.5,0.063763,0.024740
5712.5,0.064545,0.024933
5713.5,0.065334,0.025127
5714.5,0.066130,0.025324
5715.5,0.066933,0.025522
5716.5,0.067741,0.025723
5717.5,0.068555,0.025925
5718.5,0.069375,0.026129
5719.5,0.070200,0.026334
5720.5,0.071031,0.026542
5721.5,0.071866,0.026750
5722.5,0.072706,0.026961
5723.5,0.073550,0.027173
5724.5,0.074399,0.027386
5725.5,0.075251,0.027600
5726.5,0.076106,0.027815
5727.5,0.076965,0.028032
5728.5,0.077827,0.028249
5729.5,0.078691,0.028467
5730.5,0.079558,0.028686
5731.5,0.080426,0.028906
5732.5,0.081297,0.029125
5733.5,0.082168,0.029345
5734.5,0.083041,0.029566
5735.5,0.083915,0.029786
5736.5,0.084789,0.030006
5737.5,0.085663,0.030226
5738.5,0.086536,0.030446
5739.5,0.087410,0.030665
5740.5,0.088282,0.030883
5741.5,0.089153,0.031101
5742.5,0.090023,0.031318
5743.5,0.090891,0.031534
5744.5,0.091757,0.031748
5745.5,0.092620,0.031961
5746.5,0.093481,0.032173
5747.5,0.094338,0.032383
5748.5,0.095193,0.032591
5749.5,0.096043,0.032797
5750.5,0.096890,0.033001
5751.5,0.097732,0.033203
5752.5,0.098570,0.033402
5753.5,0.099402,0.033599
5754.5,0.100230,0.033793
5755.5,0.101053,0.033985
5756.5,0.101869,0.034174
5757.5,0.102680,0.034359
5758.5,0.103485,0.034542
5759.5,0.104283,0.034721
5760.5,0.105075,0.034897
5761.5,0.105859,0.035069
5762.5,0.106637,0.035238
5763.5,0.107407,0.035403
5764.5,0.108170,0.035564
5765.5,0.108926,0.035722
5766.5,0.109673,0.035875
5767.5,0.110413,0.036024
5768.5,0.111144,0.036169
5769.5,0.111867,0.036310
5770.5,0.112582,0.036446
5771.5,0.113288,0.036578
5772.5,0.113986,0.036706
5773.5,0.114675,0.036829
5774.5,0.115355,0.036948
5775.5,0.116026,0.037062
5776.5,0.116689,0.037171
5777.5,0.117342,0.037276
5778.5,0.117986,0.037376
5779.5,0.118622,0.037471
5780.5,0.119248,0.037562
5781.5,0.119865,0.037648
5782.5,0.120473,0.037729
5783.5,0.121073,0.037806
5784.5,0.121663,0.037878
5785.5,0.122245,0.037946
5786.5,0.122817,0.038009
5787.5,0.123381,0.038067
5788.5,0.123937,0.038121
5789.5,0.124483,0.038171
5790.5,0.125022,0.038217
5791.5,0.125552,0.038258
5792.5,0.126073,0.038295
5793.5,0.126587,0.038329
5794.5,0.127093,0.038358
5795.5,0.127591,0.038384
5796.5,0.128081,0.038406
5797.5,0.128564,0.038425
5798.5,0.129039,0.038440
5799.5,0.129508,0.038452
5800.5,0.129969,0.038461
5801.5,0.130424,0.038468
5802.5,0.130872,0.038471
5803.5,0.131314,0.038472
5804.5,0.131749,0.038471
5805.5,0.132179,0.038468
5806.5,0.132603,0.038463
5807.5,0.133021,0.038456
5808.5,0.133434,0.038447
5809.5,0.133842,0.038438
5810.5,0.134245,0.038427
5811.5,0.134643,0.038416
5812.5,0.135036,0.038404
5813.5,0.135425,0.038391
5814.5,0.135810,0.038378
5815.5,0.136191,0.038366
5816.5,0.136568,0.038353
5817.5,0.136941,0.038342
5818.5,0.137311,0.038331
5819.5,0.137677,0.038321
5820.5,0.138040,0.038312
5821.5,0.138400,0.038304
5822.5,0.138758,0.038298
5823.5,0.139112,0.038294
5824.5,0.139464,0.038292
5825.5,0.139813,0.038292
5826.5,0.140159,0.038295
5827.5,0.140503,0.038300
5828.5,0.140844,0.038308
5829.5,0.141184,0.038318
5830.5,0.141521,0.038332
5831.5,0.141855,0.038349
5832.5,0.142187,0.038369
5833.5,0.142517,0.038393
5834.5,0.142845,0.038420
5835.5,0.143170,0.038450
5836.5,0.143492,0.038485
5837.5,0.143812,0.038523
5838.5,0.144130,0.038565
5839.5,0.144444,0.038610
5840.5,0.144756,0.038660
5841.5,0.145065,0.038713
5842.5,0.145371,0.038770
5843.5,0.145673,0.038831
5844.5,0.145972,0.038896
5845.5,0.146267,0.038964
5846.5,0.146558,0.039036
5847.5,0.146845,0.039111
5848.5,0.147128,0.039190
5849.5,0.147406,0.039273
5850.5,0.147679,0.039358
5851.5,0.147947,0.039447
5852.5,0.148209,0.039538
5853.5,0.148465,0.039632
5854.5,0.148715,0.039729
5855.5,0.148959,0.039829
5856.5,0.149196,0.039930
5857.5,0.149425,0.040034
5858.5,0.149647,0.040139
5859.5,0.149861,0.040246
5860.5,0.150066,0.040354
5861.5,0.150263,0.040464
5862.5,0.150451,0.040574
5863.5,0.150628,0.040685
5864.5,0.150796,0.040796
5865.5,0.150954,0.040908
5866.5,0.151101,0.041019
5867.5,0.151236,0.041130
5868.5,0.151360,0.041241
5869.5,0.151471,0.041350
5870.5,0.151570,0.041459
5871.5,0.151656,0.041565
5872.5,0.151729,0.041670
5873.5,0.151788,0.041774
5874.5,0.151833,0.041874
5875.5,0.151863,0.041973
5876.5,0.151878,0.042068
5877.5,0.151878,0.042161
5878.5,0.151862,0.042250
5879.5,0.151830,0.042335
5880.5,0.151781,0.042417
5881.5,0.151716,0.042494
5882.5,0.151633,0.042567
5883.5,0.151533,0.042636
5884.5,0.151415,0.042700
5885.5,0.151279,0.042758
5886.5,0.151125,0.042811
5887.5,0.150952,0.042859
5888.5,0.150760,0.042901
5889.5,0.150549,0.042938
5890.5,0.150319,0.042968
5891.5,0.150070,0.042991
5892.5,0.149801,0.043008
5893.5,0.149512,0.043019
5894.5,0.149204,0.043023
5895.5,0.148875,0.043019
5896.5,0.148527,0.043009
5897.5,0.148159,0.042991
5898.5,0.147771,0.042966
5899.5,0.147362,0.042933
5900.5,0.146934,0.042892
5901.5,0.146487,0.042844
5902.5,0.146019,0.042788
5903.5,0.145532,0.042724
5904.5,0.145025,0.042652
5905.5,0.144500,0.042572
5906.5,0.143955,0.042484
5907.5,0.143391,0.042387
5908.5,0.142809,0.042283
5909.5,0.142209,0.042170
5910.5,0.141590,0.042049
5911.5,0.140954,0.041920
5912.5,0.140301,0.041783
5913.5,0.139632,0.041638
5914.5,0.138945,0.041485
5915.5,0.138243,0.041323
5916.5,0.137526,0.041154
5917.5,0.136793,0.040977
5918.5,0.136046,0.040792
5919.5,0.135286,0.040599
5920.5,0.134512,0.040399
5921.5,0.133725,0.040192
5922.5,0.132926,0.039977
5923.5,0.132116,0.039755
5924.5,0.131296,0.039526
5925.5,0.130465,0.039291
5926.5,0.129624,0.039049
5927.5,0.128776,0.038800
5928.5,0.127919,0.038546
5929.5,0.127055,0.038285
5930.5,0.126185,0.038019
5931.5,0.125309,0.037747
5932.5,0.124428,0.037471
5933.5,0.123543,0.037189
5934.5,0.122655,0.036903
5935.5,0.121765,0.036612
5936.5,0.120873,0.036318
5937.5,0.119980,0.036020
5938.5,0.119087,0.035718
5939.5,0.118195,0.035414
5940.5,0.117305,0.035107
5941.5,0.116418,0.034798
5942.5,0.115534,0.034487
5943.5,0.114654,0.034175
5944.5,0.113780,0.033861
5945.5,0.112911,0.033547
5946.5,0.112049,0.033233
5947.5,0.111195,0.032919
5948.5,0.110349,0.032606
5949.5,0.109512,0.032294
5950.5,0.108686,0.031984
5951.5,0.107870,0.031676
5952.5,0.107066,0.031370
5953.5,0.106274,0.031068
5954.5,0.105495,0.030769
5955.5,0.104730,0.030474
5956.5,0.103979,0.030184
5957.5,0.103243,0.029899
5958.5,0.102524,0.029620
5959.5,0.101821,0.029347
5960.5,0.101134,0.029080
5961.5,0.100466,0.028821
5962.5,0.099816,0.028569
5963.5,0.099184,0.028326
5964.5,0.098572,0.028091
5965.5,0.097980,0.027865
5966.5,0.097408,0.027649
5967.5,0.096857,0.027443
5968.5,0.096327,0.027248
5969.5,0.095819,0.027063
5970.5,0.095332,0.026890
5971.5,0.094868,0.026728
5972.5,0.094426,0.026579
5973.5,0.094007,0.026442
5974.5,0.093612,0.026317
5975.5,0.093239,0.026205
5976.5,0.092890,0.026106
5977.5,0.092565,0.026021
5978.5,0.092263,0.025949
5979.5,0.091985,0.025890
5980.5,0.091730,0.025845
5981.5,0.091500,0.025813
5982.5,0.091293,0.025795
5983.5,0.091110,0.025790
5984.5,0.090951,0.025799
5985.5,0.090815,0.025820
5986.5,0.090703,0.025855
5987.5,0.090614,0.025902
5988.5,0.090548,0.025962
5989.5,0.090504,0.026034
5990.5,0.090483,0.026117
5991.5,0.090484,0.026212
5992.5,0.090507,0.026319
5993.5,0.090552,0.026436
5994.5,0.090617,0.026563
5995.5,0.090703,0.026700
5996.5,0.090810,0.026846
5997.5,0.090936,0.027002
5998.5,0.091081,0.027166
5999.5,0.091245,0.027337
6000.5,0.091427,0.027516
6001.5,0.091627,0.027702
6002.5,0.091844,0.027895
6003.5,0.092077,0.028093
6004.5,0.092326,0.028297
6005.5,0.092590,0.028506
6006.5,0.092868,0.028719
6007.5,0.093161,0.028937
6008.5,0.093466,0.029158
6009.5,0.093783,0.029382
6010.5,0.094112,0.029608
6011.5,0.094452,0.029837
6012.5,0.094802,0.030067
6013.5,0.095161,0.030299
6014.5,0.095529,0.030531
6015.5,0.095904,0.030764
6016.5,0.096286,0.030997
6017.5,0.096674,0.031230
6018.5,0.097068,0.031462
6019.5,0.097466,0.031694
6020.5,0.097867,0.031923
6021.5,0.098272,0.032152
6022.5,0.098678,0.032378
6023.5,0.099086,0.032602
6024.5,0.099494,0.032823
6025.5,0.099901,0.033041
6026.5,0.100307,0.033256
6027.5,0.100711,0.033468
6028.5,0.101112,0.033676
6029.5,0.101509,0.033881
6030.5,0.101902,0.034081
6031.5,0.102289,0.034277
6032.5,0.102671,0.034468
6033.5,0.103045,0.034654
6034.5,0.103412,0.034836
6035.5,0.103771,0.035012
6036.5,0.104120,0.035183
6037.5,0.104460,0.035349
6038.5,0.104789,0.035509
6039.5,0.105107,0.035663
6040.5,0.105413,0.035812
6041.5,0.105707,0.035954
6042.5,0.105987,0.036090
6043.5,0.106254,0.036220
6044.5,0.106506,0.036344
6045.5,0.106744,0.036461
6046.5,0.106966,0.036571
6047.5,0.107172,0.036675
6048.5,0.107362,0.036772
6049.5,0.107535,0.036863
6050.5,0.107690,0.036946
6051.5,0.107827,0.037023
6052.5,0.107947,0.037092
6053.5,0.108047,0.037155
6054.5,0.108129,0.037210
6055.5,0.108191,0.037258
6056.5,0.108233,0.037300
6057.5,0.108256,0.037334
6058.5,0.108258,0.037360
6059.5,0.108240,0.037380
6060.5,0.108201,0.037392
6061.5,0.108141,0.037397
6062.5,0.108061,0.037395
6063.5,0.107959,0.037386
6064.5,0.107836,0.037369
6065.5,0.107692,0.037345
6066.5,0.107526,0.037314
6067.5,0.107339,0.037276
6068.5,0.107131,0.037230
6069.5,0.106901,0.037178
6070.5,0.106650,0.037118
6071.5,0.106378,0.037051
6072.5,0.106084,0.036977
6073.5,0.105770,0.036896
6074.5,0.105435,0.036808
6075.5,0.105079,0.036713
6076.5,0.104703,0.036611
6077.5,0.104306,0.036502
6078.5,0.103890,0.036386
6079.5,0.103454,0.036264
6080.5,0.102998,0.036135
6081.5,0.102524,0.035999
6082.5,0.102031,0.035857
6083.5,0.101519,0.035709
6084.5,0.100989,0.035554
6085.5,0.100442,0.035393
6086.5,0.099877,0.035225
6087.5,0.099295,0.035052
6088.5,0.098698,0.034872
6089.5,0.098084,0.034687
6090.5,0.097455,0.034496
6091.5,0.096811,0.034299
6092.5,0.096153,0.034096
6093.5,0.095480,0.033889
6094.5,0.094795,0.033675
6095.5,0.094096,0.033457
6096.5,0.093385,0.033233
6097.5,0.092663,0.033005
6098.5,0.091930,0.032772
6099.5,0.091186,0.032534
6100.5,0.090432,0.032291
6101.5,0.089668,0.032045
6102.5,0.088896,0.031794
6103.5,0.088116,0.031539
6104.5,0.087328,0.031280
6105.5,0.086534,0.031018
6106.5,0.085733,0.030752
6107.5,0.084926,0.030483
6108.5,0.084115,0.030211
6109.5,0.083299,0.029937
6110.5,0.082479,0.029659
6111.5,0.081656,0.029379
6112.5,0.080830,0.029097
6113.5,0.080003,0.028813
6114.5,0.079174,0.028527
6115.5,0.078344,0.028240
6116.5,0.077515,0.027952
6117.5,0.076686,0.027662
6118.5,0.075857,0.027372
6119.5,0.075031,0.027082
6120.5,0.074207,0.026791
6121.5,0.073385,0.026501
6122.5,0.072567,0.026210
6123.5,0.071753,0.025921
6124.5,0.070943,0.025633
6125.5,0.070138,0.025346
6126.5,0.069339,0.025060
6127.5,0.068545,0.024777
6128.5,0.067758,0.024496
6129.5,0.066978,0.024218
6130.5,0.066205,0.023942
6131.5,0.065440,0.023670
6132.5,0.064684,0.023401
6133.5,0.063935,0.023137
6134.5,0.063197,0.022876
6135.5,0.062467,0.022621
6136.5,0.061747,0.022370
6137.5,0.061038,0.022124
6138.5,0.060339,0.021885
6139.5,0.059650,0.021651
6140.5,0.058973,0.021423
6141.5,0.058308,0.021202
6142.5,0.057654,0.020988
6143.5,0.057012,0.020782
6144.5,0.056382,0.020582
6145.5,0.055764,0.020391
6146.5,0.055159,0.020208
6147.5,0.054567,0.020032
6148.5,0.053988,0.019866
6149.5,0.053422,0.019708
6150.5,0.052869,0.019558
6151.5,0.052329,0.019418
6152.5,0.051803,0.019287
6153.5,0.051290,0.019165
6154.5,0.050791,0.019053
6155.5,0.050305,0.018950
6156.5,0.049833,0.018856
6157.5,0.049375,0.018772
6158.5,0.048931,0.018697
6159.5,0.048500,0.018631
6160.5,0.048082,0.018574
6161.5,0.047679,0.018527
6162.5,0.047289,0.018488
6163.5,0.046912,0.018458
6164.5,0.046548,0.018437
6165.5,0.046198,0.018423
6166.5,0.045861,0.018418
6167.5,0.045538,0.018420
6168.5,0.045227,0.018430
6169.5,0.044929,0.018447
6170.5,0.044643,0.018470
6171.5,0.044370,0.018500
6172.5,0.044109,0.018536
6173.5,0.043861,0.018578
6174.5,0.043624,0.018625
6175.5,0.043399,0.018676
6176.5,0.043186,0.018733
6177.5,0.042984,0.018793
6178.5,0.042793,0.018858
6179.5,0.042613,0.018925
6180.5,0.042444,0.018996
6181.5,0.042286,0.019069
6182.5,0.042137,0.019145
6183.5,0.041999,0.019222
6184.5,0.041870,0.019301
6185.5,0.041751,0.019381
6186.5,0.041642,0.019463
6187.5,0.041541,0.019544
6188.5,0.041450,0.019626
6189.5,0.041367,0.019708
6190.5,0.041292,0.019789
6191.5,0.041226,0.019870
6192.5,0.041167,0.019950
6193.5,0.041117,0.020029
6194.5,0.041073,0.020107
6195.5,0.041037,0.020183
6196.5,0.041009,0.020257
6197.5,0.040987,0.020329
6198.5,0.040971,0.020399
6199.5,0.040962,0.020467
6200.5,0.040960,0.020532
6201.5,0.040963,0.020595
6202.5,0.040973,0.020655
6203.5,0.040988,0.020712
6204.5,0.041008,0.020766
6205.5,0.041034,0.020817
6206.5,0.041065,0.020865
6207.5,0.041101,0.020910
6208.5,0.041142,0.020951
6209.5,0.041188,0.020990
6210.5,0.041239,0.021025
6211.5,0.041294,0.021057
6212.5,0.041354,0.021086
6213.5,0.041418,0.021111
6214.5,0.041486,0.021133
6215.5,0.041558,0.021152
6216.5,0.041635,0.021168
6217.5,0.041715,0.021181
6218.5,0.041800,0.021190
6219.5,0.041888,0.021197
6220.5,0.041980,0.021201
6221.5,0.042077,0.021203
6222.5,0.042177,0.021201
6223.5,0.042280,0.021198
6224.5,0.042388,0.021192
6225.5,0.042499,0.021183
6226.5,0.042614,0.021173
6227.5,0.042733,0.021160
6228.5,0.042856,0.021146
6229.5,0.042983,0.021130
6230.5,0.043114,0.021113
6231.5,0.043248,0.021095
6232.5,0.043387,0.021075
6233.5,0.043530,0.021055
6234.5,0.043676,0.021034
6235.5,0.043827,0.021012
6236.5,0.043982,0.020990
6237.5,0.044142,0.020968
6238.5,0.044306,0.020947
6239.5,0.044474,0.020925
6240.5,0.044647,0.020904
6241.5,0.044825,0.020884
6242.5,0.045008,0.020864
6243.5,0.045195,0.020846
6244.5,0.045387,0.020829
6245.5,0.045585,0.020814
6246.5,0.045788,0.020800
6247.5,0.045995,0.020788
6248.5,0.046209,0.020778
6249.5,0.046428,0.020771
6250.5,0.046652,0.020766
6251.5,0.046882,0.020764
6252.5,0.047118,0.020764
6253.5,0.047360,0.020767
6254.5,0.047608,0.020773
6255.5,0.047862,0.020783
6256.5,0.048123,0.020796
6257.5,0.048389,0.020812
6258.5,0.048662,0.020831
6259.5,0.048942,0.020855
6260.5,0.049228,0.020882
6261.5,0.049521,0.020913
6262.5,0.049821,0.020947
6263.5,0.050128,0.020986
6264.5,0.050441,0.021028
6265.5,0.050762,0.021074
6266.5,0.051089,0.021125
6267.5,0.051424,0.021179
6268.5,0.051766,0.021237
6269.5,0.052115,0.021300
6270.5,0.052471,0.021366
6271.5,0.052835,0.021436
6272.5,0.053206,0.021511
6273.5,0.053584,0.021589
6274.5,0.053969,0.021670
6275.5,0.054362,0.021756
6276.5,0.054762,0.021846
6277.5,0.055170,0.021939
6278.5,0.055584,0.022035
6279.5,0.056006,0.022135
6280.5,0.056435,0.022239
6281.5,0.056872,0.022346
6282.5,0.057315,0.022456
6283.5,0.057765,0.022570
6284.5,0.058223,0.022686
6285.5,0.058687,0.022806
6286.5,0.059158,0.022928
6287.5,0.059636,0.023054
6288.5,0.060120,0.023182
6289.5,0.060611,0.023312
6290.5,0.061108,0.023446
6291.5,0.061611,0.023582
6292.5,0.062120,0.023720
6293.5,0.062635,0.023860
6294.5,0.063156,0.024003
6295.5,0.063682,0.024148
6296.5,0.064214,0.024295
6297.5,0.064751,0.024444
6298.5,0.065293,0.024595
6299.5,0.065839,0.024748
6300.5,0.066390,0.024902
6301.5,0.066945,0.025058
6302.5,0.067505,0.025216
6303.5,0.068068,0.025375
6304.5,0.068635,0.025536
6305.5,0.069205,0.025698
6306.5,0.069778,0.025861
6307.5,0.070354,0.026026
6308.5,0.070932,0.026191
6309.5,0.071512,0.026358
6310.5,0.072095,0.026526
6311.5,0.072679,0.026694
6312.5,0.073264,0.026864
6313.5,0.073850,0.027034
6314.5,0.074437,0.027205
6315.5,0.075024,0.027376
6316.5,0.075612,0.027548
6317.5,0.076199,0.027721
6318.5,0.076785,0.027894
6319.5,0.077370,0.028067
6320.5,0.077954,0.028240
6321.5,0.078536,0.028413
6322.5,0.079116,0.028586
6323.5,0.079694,0.028759
6324.5,0.080269,0.028932
6325.5,0.080841,0.029105
6326.5,0.081410,0.029277
6327.5,0.081974,0.029448
6328.5,0.082535,0.029619
6329.5,0.083091,0.029789
6330.5,0.083642,0.029958
6331.5,0.084188,0.030126
6332.5,0.084728,0.030293
6333.5,0.085262,0.030458
6334.5,0.085790,0.030622
6335.5,0.086312,0.030785
6336.5,0.086826,0.030945
6337.5,0.087333,0.031104
6338.5,0.087832,0.031261
6339.5,0.088324,0.031416
6340.5,0.088807,0.031568
6341.5,0.089281,0.031718
6342.5,0.089747,0.031866
6343.5,0.090203,0.032010
6344.5,0.090650,0.032152
6345.5,0.091086,0.032291
6346.5,0.091513,0.032426
6347.5,0.091929,0.032559
6348.5,0.092335,0.032688
6349.5,0.092729,0.032813
6350.5,0.093112,0.032934
6351.5,0.093484,0.033052
6352.5,0.093844,0.033166
6353.5,0.094192,0.033275
6354.5,0.094528,0.033381
6355.5,0.094852,0.033482
6356.5,0.095163,0.033578
6357.5,0.095462,0.033670
6358.5,0.095747,0.033757
6359.5,0.096019,0.033839
6360.5,0.096279,0.033917
6361.5,0.096525,0.033989
6362.5,0.096757,0.034056
6363.5,0.096976,0.034118
6364.5,0.097181,0.034175
6365.5,0.097372,0.034226
6366.5,0.097550,0.034273
6367.5,0.097714,0.034313
6368.5,0.097864,0.034348
6369.5,0.097999,0.034378
6370.5,0.098121,0.034402
6371.5,0.098229,0.034420
6372.5,0.098323,0.034433
6373.5,0.098403,0.034440
6374.5,0.098470,0.034442
6375.5,0.098522,0.034437
6376.5,0.098560,0.034428
6377.5,0.098585,0.034412
6378.5,0.098596,0.034392
6379.5,0.098594,0.034365
6380.5,0.098578,0.034333
6381.5,0.098549,0.034296
6382.5,0.098507,0.034254
6383.5,0.098452,0.034206
6384.5,0.098384,0.034153
6385.5,0.098304,0.034095
6386.5,0.098211,0.034032
6387.5,0.098106,0.033964
6388.5,0.097989,0.033891
6389.5,0.097860,0.033814
6390.5,0.097719,0.033732
6391.5,0.097567,0.033645
6392.5,0.097405,0.033555
6393.5,0.097231,0.033460
6394.5,0.097047,0.033362
6395.5,0.096852,0.033259
6396.5,0.096648,0.033154
6397.5,0.096433,0.033044
6398.5,0.096210,0.032932
6399.5,0.095977,0.032816
6400.5,0.095736,0.032697
6401.5,0.095486,0.032576
6402.5,0.095229,0.032452
6403.5,0.094963,0.032326
6404.5,0.094690,0.032198
6405.5,0.094410,0.032068
6406.5,0.094123,0.031936
6407.5,0.093830,0.031803
6408.5,0.093531,0.031668
6409.5,0.093226,0.031533
6410.5,0.092916,0.031396
6411.5,0.092601,0.031259
6412.5,0.092281,0.031122
6413.5,0.091957,0.030984
6414.5,0.091629,0.030846
6415.5,0.091297,0.030709
6416.5,0.090963,0.030572
6417.5,0.090625,0.030435
6418.5,0.090285,0.030300
6419.5,0.089943,0.030165
6420.5,0.089600,0.030031
6421.5,0.089254,0.029899
6422.5,0.088908,0.029768
6423.5,0.088561,0.029639
6424.5,0.088214,0.029512
6425.5,0.087866,0.029387
6426.5,0.087519,0.029264
6427.5,0.087172,0.029143
6428.5,0.086826,0.029025
6429.5,0.086482,0.028910
6430.5,0.086139,0.028797
6431.5,0.085797,0.028687
6432.5,0.085458,0.028580
6433.5,0.085121,0.028476
6434.5,0.084787,0.028375
6435.5,0.084456,0.028277
6436.5,0.084128,0.028183
6437.5,0.083803,0.028092
6438.5,0.083482,0.028004
6439.5,0.083165,0.027920
6440.5,0.082852,0.027839
6441.5,0.082544,0.027761
6442.5,0.082240,0.027687
6443.5,0.081941,0.027617
6444.5,0.081647,0.027550
6445.5,0.081358,0.027487
6446.5,0.081075,0.027427
6447.5,0.080797,0.027371
6448.5,0.080525,0.027318
6449.5,0.080258,0.027269
6450.5,0.079998,0.027223
6451.5,0.079744,0.027181
6452.5,0.079496,0.027141
6453.5,0.079255,0.027106
6454.5,0.079020,0.027073
6455.5,0.078792,0.027044
6456.5,0.078571,0.027017
6457.5,0.078356,0.026994
6458.5,0.078149,0.026974
6459.5,0.077948,0.026957
6460.5,0.077755,0.026943
6461.5,0.077568,0.026932
6462.5,0.077389,0.026923
6463.5,0.077217,0.026918
6464.5,0.077053,0.026915
6465.5,0.076895,0.026915
6466.5,0.076745,0.026917
6467.5,0.076603,0.026922
6468.5,0.076468,0.026930
6469.5,0.076340,0.026940
6470.5,0.076220,0.026953
6471.5,0.076107,0.026968
6472.5,0.076001,0.026985
6473.5,0.075903,0.027005
6474.5,0.075812,0.027028
6475.5,0.075728,0.027053
6476.5,0.075652,0.027080
6477.5,0.075583,0.027110
6478.5,0.075521,0.027142
6479.5,0.075467,0.027176
6480.5,0.075419,0.027213
6481.5,0.075378,0.027253
6482.5,0.075345,0.027295
6483.5,0.075318,0.027339
6484.5,0.075299,0.027386
6485.5,0.075286,0.027436
6486.5,0.075279,0.027488
6487.5,0.075280,0.027542
6488.5,0.075287,0.027600
6489.5,0.075300,0.027660
6490.5,0.075320,0.027722
6491.5,0.075346,0.027788
6492.5,0.075378,0.027856
6493.5,0.075417,0.027927
6494.5,0.075461,0.028001
6495.5,0.075512,0.028077
6496.5,0.075568,0.028157
6497.5,0.075630,0.028239
6498.5,0.075697,0.028325
6499.5,0.075770,0.028413
6500.5,0.075849,0.028504
6501.5,0.075933,0.028598
6502.5,0.076022,0.028696
6503.5,0.076116,0.028796
6504.5,0.076215,0.028899
6505.5,0.076319,0.029005
6506.5,0.076428,0.029113
6507.5,0.076542,0.029225
6508.5,0.076660,0.029340
6509.5,0.076782,0.029457
6510.5,0.076909,0.029577
6511.5,0.077040,0.029699
6512.5,0.077175,0.029824
6513.5,0.077314,0.029952
6514.5,0.077458,0.030082
6515.5,0.077605,0.030214
6516.5,0.077755,0.030348
6517.5,0.077909,0.030485
6518.5,0.078067,0.030623
6519.5,0.078228,0.030763
6520.5,0.078393,0.030905
6521.5,0.078560,0.031048
6522.5,0.078731,0.031193
6523.5,0.078904,0.031339
6524.5,0.079081,0.031486
6525.5,0.079260,0.031633
6526.5,0.079442,0.031782
6527.5,0.079627,0.031930
6528.5,0.079814,0.032079
6529.5,0.080004,0.032229
6530.5,0.080196,0.032378
6531.5,0.080390,0.032527
6532.5,0.080587,0.032675
6533.5,0.080785,0.032823
6534.5,0.080986,0.032970
6535.5,0.081189,0.033116
6536.5,0.081393,0.033260
6537.5,0.081600,0.033404
6538.5,0.081808,0.033545
6539.5,0.082018,0.033685
6540.5,0.082230,0.033822
6541.5,0.082443,0.033958
6542.5,0.082658,0.034090
6543.5,0.082874,0.034221
6544.5,0.083092,0.034348
6545.5,0.083311,0.034473
6546.5,0.083532,0.034594
6547.5,0.083754,0.034712
6548.5,0.083977,0.034827
6549.5,0.084202,0.034938
6550.5,0.084428,0.035046
6551.5,0.084655,0.035149
6552.5,0.084883,0.035249
6553.5,0.085112,0.035344
6554.5,0.085343,0.035436
6555.5,0.085575,0.035523
6556.5,0.085808,0.035605
6557.5,0.086042,0.035684
6558.5,0.086277,0.035757
6559.5,0.086514,0.035827
6560.5,0.086751,0.035891
6561.5,0.086990,0.035951
6562.5,0.087230,0.036006
6563.5,0.087471,0.036057
6564.5,0.087713,0.036102
6565.5,0.087956,0.036144
6566.5,0.088201,0.036180
6567.5,0.088446,0.036212
6568.5,0.088693,0.036239
6569.5,0.088942,0.036262
6570.5,0.089191,0.036280
6571.5,0.089442,0.036294
6572.5,0.089693,0.036303
6573.5,0.089947,0.036308
6574.5,0.090201,0.036309
6575.5,0.090457,0.036306
6576.5,0.090714,0.036299
6577.5,0.090973,0.036289
6578.5,0.091233,0.036274
6579.5,0.091495,0.036256
6580.5,0.091757,0.036235
6581.5,0.092022,0.036211
6582.5,0.092288,0.036184
6583.5,0.092555,0.036153
6584.5,0.092824,0.036120
6585.5,0.093095,0.036085
6586.5,0.093367,0.036047
6587.5,0.093640,0.036008
6588.5,0.093915,0.035966
6589.5,0.094192,0.035923
6590.5,0.094471,0.035878
6591.5,0.094751,0.035831
6592.5,0.095032,0.035784
6593.5,0.095316,0.035736
6594.5,0.095600,0.035687
6595.5,0.095887,0.035637
6596.5,0.096175,0.035587
6597.5,0.096465,0.035537
6598.5,0.096756,0.035487
6599.5,0.097049,0.035438
6600.5,0.097343,0.035388
6601.5,0.097639,0.035340
6602.5,0.097937,0.035292
6603.5,0.098235,0.035245
6604.5,0.098536,0.035199
6605.5,0.098838,0.035154
6606.5,0.099141,0.035110
6607.5,0.099445,0.035068
6608.5,0.099751,0.035028
6609.5,0.100057,0.034989
6610.5,0.100365,0.034953
6611.5,0.100674,0.034918
6612.5,0.100984,0.034885
6613.5,0.101295,0.034854
6614.5,0.101607,0.034825
6615.5,0.101920,0.034798
6616.5,0.102233,0.034774
6617.5,0.102547,0.034751
6618.5,0.102862,0.034731
6619.5,0.103177,0.034713
6620.5,0.103492,0.034698
6621.5,0.103808,0.034684
6622.5,0.104124,0.034673
6623.5,0.104439,0.034664
6624.5,0.104755,0.034658
6625.5,0.105070,0.034653
6626.5,0.105386,0.034650
6627.5,0.105700,0.034650
6628.5,0.106014,0.034651
6629.5,0.106328,0.034654
6630.5,0.106640,0.034659
6631.5,0.106952,0.034666
6632.5,0.107262,0.034674
6633.5,0.107572,0.034684
6634.5,0.107879,0.034695
6635.5,0.108186,0.034708
6636.5,0.108490,0.034722
6637.5,0.108793,0.034737
6638.5,0.109094,0.034754
6639.5,0.109392,0.034771
6640.5,0.109688,0.034789
6641.5,0.109982,0.034808
6642.5,0.110273,0.034828
6643.5,0.110561,0.034848
6644.5,0.110847,0.034869
6645.5,0.111129,0.034891
6646.5,0.111408,0.034913
6647.5,0.111683,0.034935
6648.5,0.111955,0.034958
6649.5,0.112223,0.034980
6650.5,0.112487,0.035003
6651.5,0.112747,0.035026
6652.5,0.113003,0.035049
6653.5,0.113254,0.035072
6654.5,0.113501,0.035095
6655.5,0.113742,0.035118
6656.5,0.113979,0.035140
6657.5,0.114211,0.035162
6658.5,0.114437,0.035185
6659.5,0.114658,0.035206
6660.5,0.114873,0.035228
6661.5,0.115082,0.035249
6662.5,0.115286,0.035270
6663.5,0.115483,0.035291
6664.5,0.115674,0.035311
6665.5,0.115858,0.035331
6666.5,0.116036,0.035350
6667.5,0.116208,0.035369
6668.5,0.116372,0.035388
6669.5,0.116529,0.035407
6670.5,0.116679,0.035425
6671.5,0.116821,0.035442
6672.5,0.116956,0.035460
6673.5,0.117084,0.035477
6674.5,0.117203,0.035493
6675.5,0.117315,0.035509
6676.5,0.117419,0.035525
6677.5,0.117514,0.035541
6678.5,0.117601,0.035556
6679.5,0.117680,0.035571
6680.5,0.117750,0.035585
6681.5,0.117811,0.035599
6682.5,0.117864,0.035613
6683.5,0.117908,0.035626
6684.5,0.117942,0.035638
6685.5,0.117968,0.035651
6686.5,0.117984,0.035662
6687.5,0.117991,0.035674
6688.5,0.117989,0.035684
6689.5,0.117977,0.035694
6690.5,0.117956,0.035704
6691.5,0.117925,0.035713
6692.5,0.117885,0.035721
6693.5,0.117834,0.035728
6694.5,0.117774,0.035735
6695.5,0.117704,0.035741
6696.5,0.117624,0.035746
6697.5,0.117535,0.035750
6698.5,0.117435,0.035753
6699.5,0.117325,0.035754
6700.5,0.117205,0.035755
6701.5,0.117075,0.035754
6702.5,0.116935,0.035753
6703.5,0.116785,0.035749
6704.5,0.116625,0.035745
6705.5,0.116455,0.035738
6706.5,0.116275,0.035731
6707.5,0.116085,0.035721
6708.5,0.115885,0.035710
6709.5,0.115674,0.035697
6710.5,0.115454,0.035682
6711.5,0.115225,0.035665
6712.5,0.114985,0.035645
6713.5,0.114736,0.035624
6714.5,0.114477,0.035601
6715.5,0.114208,0.035575
6716.5,0.113930,0.035547
6717.5,0.113643,0.035516
6718.5,0.113346,0.035483
6719.5,0.113040,0.035448
6720.5,0.112725,0.035409
6721.5,0.112402,0.035368
6722.5,0.112069,0.035325
6723.5,0.111728,0.035278
6724.5,0.111379,0.035229
6725.5,0.111021,0.035177
6726.5,0.110655,0.035122
6727.5,0.110281,0.035065
6728.5,0.109899,0.035004
6729.5,0.109510,0.034940
6730.5,0.109114,0.034874
6731.5,0.108710,0.034804
6732.5,0.108300,0.034731
6733.5,0.107882,0.034656
6734.5,0.107459,0.034577
6735.5,0.107029,0.034496
6736.5,0.106593,0.034412
6737.5,0.106152,0.034324
6738.5,0.105705,0.034234
6739.5,0.105253,0.034142
6740.5,0.104796,0.034046
6741.5,0.104334,0.033947
6742.5,0.103869,0.033846
6743.5,0.103399,0.033743
6744.5,0.102926,0.033636
6745.5,0.102449,0.033528
6746.5,0.101969,0.033417
6747.5,0.101487,0.033303
6748.5,0.101002,0.033187
6749.5,0.100515,0.033069
6750.5,0.100027,0.032949
6751.5,0.099537,0.032828
6752.5,0.099046,0.032704
6753.5,0.098555,0.032578
6754.5,0.098063,0.032451
6755.5,0.097572,0.032322
6756.5,0.097081,0.032192
6757.5,0.096590,0.032060
6758.5,0.096101,0.031928
6759.5,0.095614,0.031794
6760.5,0.095128,0.031659
6761.5,0.094645,0.031523
6762.5,0.094165,0.031387
6763.5,0.093687,0.031250
6764.5,0.093213,0.031113
6765.5,0.092743,0.030975
6766.5,0.092277,0.030838
6767.5,0.091816,0.030700
6768.5,0.091360,0.030562
6769.5,0.090909,0.030425
6770.5,0.090464,0.030288
6771.5,0.090025,0.030151
6772.5,0.089593,0.030015
6773.5,0.089167,0.029880
6774.5,0.088749,0.029746
6775.5,0.088338,0.029613
6776.5,0.087935,0.029481
6777.5,0.087540,0.029351
6778.5,0.087154,0.029222
6779.5,0.086777,0.029095
6780.5,0.086410,0.028969
6781.5,0.086051,0.028846
6782.5,0.085703,0.028724
6783.5,0.085365,0.028605
6784.5,0.085038,0.028488
6785.5,0.084722,0.028373
6786.5,0.084416,0.028261
6787.5,0.084123,0.028152
6788.5,0.083841,0.028045
6789.5,0.083570,0.027942
6790.5,0.083313,0.027841
6791.5,0.083067,0.027744
6792.5,0.082835,0.027650
6793.5,0.082615,0.027560
6794.5,0.082409,0.027473
6795.5,0.082216,0.027390
6796.5,0.082036,0.027311
6797.5,0.081870,0.027235
6798.5,0.081719,0.027164
6799.5,0.081581,0.027097
6800.5,0.081458,0.027034
6801.5,0.081349,0.026975
6802.5,0.081254,0.026921
6803.5,0.081175,0.026872
6804.5,0.081110,0.026827
6805.5,0.081060,0.026786
6806.5,0.081024,0.026751
6807.5,0.081004,0.026720
6808.5,0.080999,0.026695
6809.5,0.081009,0.026674
6810.5,0.081034,0.026658
6811.5,0.081075,0.026648
6812.5,0.081130,0.026642
6813.5,0.081200,0.026642
6814.5,0.081286,0.026647
6815.5,0.081387,0.026657
6816.5,0.081503,0.026672
6817.5,0.081634,0.026693
6818.5,0.081780,0.026719
6819.5,0.081940,0.026750
6820.5,0.082115,0.026786
6821.5,0.082306,0.026828
6822.5,0.082510,0.026875
6823.5,0.082729,0.026927
6824.5,0.082962,0.026984
6825.5,0.083210,0.027046
6826.5,0.083471,0.027113
6827.5,0.083746,0.027185
6828.5,0.084034,0.027261
6829.5,0.084336,0.027343
6830.5,0.084652,0.027429
6831.5,0.084980,0.027519
6832.5,0.085321,0.027614
6833.5,0.085674,0.027713
6834.5,0.086040,0.027817
6835.5,0.086418,0.027924
6836.5,0.086808,0.028035
6837.5,0.087209,0.028150
6838.5,0.087621,0.028269
6839.5,0.088044,0.028391
6840.5,0.088478,0.028516
6841.5,0.088923,0.028645
6842.5,0.089377,0.028776
6843.5,0.089841,0.028910
6844.5,0.090315,0.029046
6845.5,0.090798,0.029185
6846.5,0.091290,0.029327
6847.5,0.091790,0.029470
6848.5,0.092298,0.029615
6849.5,0.092814,0.029761
6850.5,0.093338,0.029910
6851.5,0.093869,0.030059
6852.5,0.094406,0.030210
6853.5,0.094951,0.030361
6854.5,0.095501,0.030513
6855.5,0.096057,0.030666
6856.5,0.096619,0.030819
6857.5,0.097186,0.030972
6858.5,0.097757,0.031125
6859.5,0.098333,0.031278
6860.5,0.098913,0.031431
6861.5,0.099497,0.031583
6862.5,0.100084,0.031734
6863.5,0.100674,0.031885
6864.5,0.101267,0.032035
6865.5,0.101862,0.032183
6866.5,0.102460,0.032331
6867.5,0.103059,0.032476
6868.5,0.103659,0.032621
6869.5,0.104261,0.032763
6870.5,0.104863,0.032904
6871.5,0.105466,0.033043
6872.5,0.106069,0.033180
6873.5,0.106672,0.033315
6874.5,0.107275,0.033447
6875.5,0.107876,0.033577
6876.5,0.108477,0.033705
6877.5,0.109077,0.033831
6878.5,0.109675,0.033953
6879.5,0.110271,0.034073
6880.5,0.110865,0.034191
6881.5,0.111456,0.034306
6882.5,0.112045,0.034418
6883.5,0.112632,0.034527
6884.5,0.113215,0.034633
6885.5,0.113795,0.034736
6886.5,0.114371,0.034837
6887.5,0.114944,0.034934
6888.5,0.115513,0.035029
6889.5,0.116078,0.035121
6890.5,0.116638,0.035209
6891.5,0.117194,0.035295
6892.5,0.117745,0.035378
6893.5,0.118291,0.035458
6894.5,0.118833,0.035536
6895.5,0.119369,0.035610
6896.5,0.119900,0.035682
6897.5,0.120426,0.035751
6898.5,0.120945,0.035817
6899.5,0.121460,0.035880
6900.5,0.121968,0.035941
6901.5,0.122470,0.036000
6902.5,0.122967,0.036056
6903.5,0.123457,0.036109
6904.5,0.123941,0.036160
6905.5,0.124418,0.036209
6906.5,0.124890,0.036256
6907.5,0.125354,0.036301
6908.5,0.125812,0.036343
6909.5,0.126263,0.036384
6910.5,0.126708,0.036423
6911.5,0.127146,0.036460
6912.5,0.127576,0.036495
6913.5,0.128000,0.036529
6914.5,0.128417,0.036561
6915.5,0.128827,0.036592
6916.5,0.129229,0.036622
6917.5,0.129625,0.036650
6918.5,0.130013,0.036677
6919.5,0.130394,0.036704
6920.5,0.130768,0.036729
6921.5,0.131135,0.036753
6922.5,0.131494,0.036777
6923.5,0.131845,0.036800
6924.5,0.132190,0.036822
6925.5,0.132526,0.036844
6926.5,0.132856,0.036866
6927.5,0.133177,0.036887
6928.5,0.133492,0.036908
6929.5,0.133798,0.036929
6930.5,0.134097,0.036949
6931.5,0.134388,0.036970
6932.5,0.134672,0.036991
6933.5,0.134948,0.037011
6934.5,0.135216,0.037033
6935.5,0.135476,0.037054
6936.5,0.135728,0.037075
6937.5,0.135972,0.037097
6938.5,0.136208,0.037120
6939.5,0.136437,0.037143
6940.5,0.136657,0.037166
6941.5,0.136869,0.037190
6942.5,0.137073,0.037215
6943.5,0.137268,0.037240
6944.5,0.137456,0.037265
6945.5,0.137635,0.037292
6946.5,0.137805,0.037319
6947.5,0.137967,0.037346
6948.5,0.138121,0.037375
6949.5,0.138266,0.037404
6950.5,0.138402,0.037433
6951.5,0.138529,0.037463
6952.5,0.138648,0.037494
6953.5,0.138757,0.037526
6954.5,0.138858,0.037558
6955.5,0.138950,0.037590
6956.5,0.139032,0.037623
6957.5,0.139105,0.037657
6958.5,0.139169,0.037690
6959.5,0.139224,0.037724
6960.5,0.139269,0.037759
6961.5,0.139304,0.037793
6962.5,0.139330,0.037828
6963.5,0.139346,0.037863
6964.5,0.139352,0.037897
6965.5,0.139348,0.037932
6966.5,0.139335,0.037966
6967.5,0.139311,0.038000
6968.5,0.139277,0.038033
6969.5,0.139233,0.038066
6970.5,0.139179,0.038098
6971.5,0.139114,0.038130
6972.5,0.139039,0.038160
6973.5,0.138954,0.038190
6974.5,0.138858,0.038218
6975.5,0.138751,0.038246
6976.5,0.138634,0.038271
6977.5,0.138506,0.038295
6978.5,0.138367,0.038318
6979.5,0.138218,0.038339
6980.5,0.138058,0.038357
6981.5,0.137887,0.038374
6982.5,0.137705,0.038388
6983.5,0.137513,0.038400
6984.5,0.137309,0.038410
6985.5,0.137095,0.038417
6986.5,0.136870,0.038421
6987.5,0.136634,0.038422
6988.5,0.136387,0.038420
6989.5,0.136130,0.038415
6990.5,0.135862,0.038407
6991.5,0.135584,0.038395
6992.5,0.135295,0.038380
6993.5,0.134995,0.038361
6994.5,0.134685,0.038338
6995.5,0.134365,0.038311
6996.5,0.134035,0.038280
6997.5,0.133694,0.038245
6998.5,0.133344,0.038206
6999.5,0.132984,0.038162
7000.5,0.132614,0.038114
7001.5,0.132235,0.038061
7002.5,0.131847,0.038004
7003.5,0.131450,0.037942
7004.5,0.131043,0.037876
7005.5,0.130628,0.037805
7006.5,0.130205,0.037729
7007.5,0.129773,0.037648
7008.5,0.129333,0.037562
7009.5,0.128886,0.037471
7010.5,0.128431,0.037375
7011.5,0.127968,0.037275
7012.5,0.127499,0.037169
7013.5,0.127024,0.037059
7014.5,0.126541,0.036943
7015.5,0.126053,0.036823
7016.5,0.125560,0.036698
7017.5,0.125060,0.036568
7018.5,0.124556,0.036434
7019.5,0.124048,0.036295
7020.5,0.123534,0.036152
7021.5,0.123017,0.036004
7022.5,0.122497,0.035852
7023.5,0.121973,0.035695
7024.5,0.121446,0.035535
7025.5,0.120917,0.035371
7026.5,0.120386,0.035203
7027.5,0.119854,0.035031
7028.5,0.119320,0.034856
7029.5,0.118786,0.034678
7030.5,0.118251,0.034497
7031.5,0.117716,0.034313
7032.5,0.117182,0.034127
7033.5,0.116649,0.033938
7034.5,0.116117,0.033747
7035.5,0.115587,0.033554
7036.5,0.115059,0.033359
7037.5,0.114534,0.033163
7038.5,0.114013,0.032966
7039.5,0.113494,0.032769
7040.5,0.112980,0.032570
7041.5,0.112470,0.032372
7042.5,0.111965,0.032174
7043.5,0.111465,0.031976
7044.5,0.110971,0.031779
7045.5,0.110483,0.031583
7046.5,0.110001,0.031389
7047.5,0.109526,0.031196
7048.5,0.109059,0.031005
7049.5,0.108600,0.030817
7050.5,0.108148,0.030631
7051.5,0.107705,0.030449
7052.5,0.107271,0.030270
7053.5,0.106846,0.030095
7054.5,0.106430,0.029924
7055.5,0.106024,0.029757
7056.5,0.105629,0.029596
7057.5,0.105244,0.029439
7058.5,0.104870,0.029288
7059.5,0.104507,0.029142
7060.5,0.104155,0.029003
7061.5,0.103816,0.028870
7062.5,0.103488,0.028743
7063.5,0.103172,0.028623
7064.5,0.102868,0.028511
7065.5,0.102578,0.028405
7066.5,0.102300,0.028307
7067.5,0.102035,0.028217
7068.5,0.101783,0.028134
7069.5,0.101545,0.028059
7070.5,0.101320,0.027993
7071.5,0.101109,0.027935
7072.5,0.100912,0.027885
7073.5,0.100728,0.027843
7074.5,0.100559,0.027809
7075.5,0.100403,0.027784
7076.5,0.100262,0.027768
7077.5,0.100134,0.027759
7078.5,0.100021,0.027759
7079.5,0.099922,0.027767
7080.5,0.099837,0.027783
7081.5,0.099767,0.027807
7082.5,0.099710,0.027839
7083.5,0.099668,0.027878
7084.5,0.099639,0.027925
7085.5,0.099625,0.027979
7086.5,0.099625,0.028041
7087.5,0.099638,0.028109
7088.5,0.099665,0.028183
7089.5,0.099705,0.028264
7090.5,0.099759,0.028351
7091.5,0.099826,0.028443
7092.5,0.099907,0.028542
7093.5,0.100000,0.028645
7094.5,0.100106,0.028753
7095.5,0.100225,0.028866
7096.5,0.100356,0.028983
7097.5,0.100499,0.029105
7098.5,0.100654,0.029230
7099.5,0.100821,0.029358
7100.5,0.101000,0.029490
7101.5,0.101190,0.029624
7102.5,0.101390,0.029761
7103.5,0.101602,0.029901
7104.5,0.101824,0.030042
7105.5,0.102056,0.030185
7106.5,0.102299,0.030330
7107.5,0.102551,0.030475
7108.5,0.102812,0.030622
7109.5,0.103083,0.030769
7110.5,0.103363,0.030917
7111.5,0.103651,0.031066
7112.5,0.103947,0.031214
7113.5,0.104252,0.031362
7114.5,0.104564,0.031510
7115.5,0.104884,0.031657
7116.5,0.105211,0.031804
7117.5,0.105545,0.031949
7118.5,0.105885,0.032094
7119.5,0.106232,0.032238
7120.5,0.106585,0.032380
7121.5,0.106944,0.032521
7122.5,0.107308,0.032661
7123.5,0.107677,0.032798
7124.5,0.108052,0.032935
7125.5,0.108431,0.033069
7126.5,0.108814,0.033202
7127.5,0.109202,0.033332
7128.5,0.109594,0.033461
7129.5,0.109989,0.033588
7130.5,0.110388,0.033713
7131.5,0.110790,0.033836
7132.5,0.111195,0.033957
7133.5,0.111603,0.034075
7134.5,0.112013,0.034192
7135.5,0.112426,0.034307
7136.5,0.112840,0.034420
7137.5,0.113257,0.034531
7138.5,0.113676,0.034640
7139.5,0.114096,0.034747
7140.5,0.114518,0.034852
7141.5,0.114940,0.034956
7142.5,0.115364,0.035058
7143.5,0.115789,0.035158
7144.5,0.116215,0.035257
7145.5,0.116642,0.035355
7146.5,0.117068,0.035451
7147.5,0.117496,0.035546
7148.5,0.117924,0.035639
7149.5,0.118351,0.035732
7150.5,0.118779,0.035823
7151.5,0.119207,0.035914
7152.5,0.119635,0.036004
7153.5,0.120063,0.036093
7154.5,0.120490,0.036182
7155.5,0.120917,0.036270
7156.5,0.121344,0.036358
7157.5,0.121770,0.036445
7158.5,0.122196,0.036533
7159.5,0.122621,0.036620
7160.5,0.123045,0.036707
7161.5,0.123469,0.036795
7162.5,0.123892,0.036882
7163.5,0.124315,0.036970
7164.5,0.124736,0.037058
7165.5,0.125157,0.037147
7166.5,0.125577,0.037237
7167.5,0.125996,0.037326
7168.5,0.126415,0.037417
7169.5,0.126832,0.037509
7170.5,0.127248,0.037601
7171.5,0.127664,0.037694
7172.5,0.128078,0.037788
7173.5,0.128491,0.037883
7174.5,0.128904,0.037978
7175.5,0.129315,0.038075
7176.5,0.129726,0.038173
7177.5,0.130135,0.038272
7178.5,0.130543,0.038372
7179.5,0.130950,0.038473
7180.5,0.131356,0.038575
7181.5,0.131760,0.038678
7182.5,0.132164,0.038783
7183.5,0.132566,0.038888
7184.5,0.132967,0.038994
7185.5,0.133366,0.039101
7186.5,0.133764,0.039209
7187.5,0.134160,0.039318
7188.5,0.134555,0.039427
7189.5,0.134949,0.039538
7190.5,0.135340,0.039649
7191.5,0.135730,0.039760
7192.5,0.136118,0.039872
7193.5,0.136504,0.039985
7194.5,0.136888,0.040098
7195.5,0.137270,0.040212
7196.5,0.137650,0.040325
7197.5,0.138027,0.040439
7198.5,0.138402,0.040553
7199.5,0.138775,0.040667
7200.5,0.139144,0.040781
7201.5,0.139511,0.040894
7202.5,0.139875,0.041008
7203.5,0.140236,0.041120
7204.5,0.140594,0.041233
7205.5,0.140948,0.041345
7206.5,0.141298,0.041456
7207.5,0.141645,0.041566
7208.5,0.141987,0.041676
7209.5,0.142326,0.041784
7210.5,0.142660,0.041892
7211.5,0.142990,0.041998
7212.5,0.143315,0.042103
7213.5,0.143635,0.042206
7214.5,0.143950,0.042309
7215.5,0.144259,0.042409
7216.5,0.144563,0.042508
7217.5,0.144861,0.042605
7218.5,0.145153,0.042701
7219.5,0.145439,0.042794
7220.5,0.145718,0.042886
7221.5,0.145990,0.042975
7222.5,0.146256,0.043063
7223.5,0.146514,0.043148
7224.5,0.146764,0.043231
7225.5,0.147007,0.043311
7226.5,0.147241,0.043389
7227.5,0.147468,0.043464
7228.5,0.147685,0.043537
7229.5,0.147894,0.043607
7230.5,0.148094,0.043674
7231.5,0.148284,0.043739
7232.5,0.148465,0.043800
7233.5,0.148636,0.043859
7234.5,0.148797,0.043914
7235.5,0.148947,0.043967
7236.5,0.149087,0.044016
7237.5,0.149216,0.044062
7238.5,0.149333,0.044104
7239.5,0.149440,0.044144
7240.5,0.149534,0.044180
7241.5,0.149617,0.044212
7242.5,0.149688,0.044241
7243.5,0.149746,0.044266
7244.5,0.149792,0.044287
7245.5,0.149825,0.044305
7246.5,0.149845,0.044319
7247.5,0.149852,0.044329
7248.5,0.149845,0.044335
7249.5,0.149825,0.044337
7250.5,0.149791,0.044335
7251.5,0.149744,0.044329
7252.5,0.149682,0.044319
7253.5,0.149606,0.044305
7254.5,0.149516,0.044286
7255.5,0.149411,0.044263
7256.5,0.149291,0.044236
7257.5,0.149157,0.044204
7258.5,0.149008,0.044168
7259.5,0.148844,0.044128
7260.5,0.148665,0.044082
7261.5,0.148471,0.044032
7262.5,0.148262,0.043978
7263.5,0.148038,0.043919
7264.5,0.147798,0.043855
7265.5,0.147543,0.043786
7266.5,0.147273,0.043713
7267.5,0.146988,0.043634
7268.5,0.146687,0.043551
7269.5,0.146372,0.043463
7270.5,0.146041,0.043370
7271.5,0.145695,0.043272
7272.5,0.145334,0.043170
7273.5,0.144959,0.043062
7274.5,0.144568,0.042949
7275.5,0.144162,0.042832
7276.5,0.143743,0.042709
7277.5,0.143308,0.042582
7278.5,0.142859,0.042450
7279.5,0.142396,0.042312
7280.5,0.141919,0.042170
7281.5,0.141429,0.042024
7282.5,0.140924,0.041872
7283.5,0.140406,0.041716
7284.5,0.139875,0.041555
7285.5,0.139332,0.041389
7286.5,0.138775,0.041219
7287.5,0.138206,0.041045
7288.5,0.137625,0.040866
7289.5,0.137031,0.040682
7290.5,0.136426,0.040495
7291.5,0.135810,0.040303
7292.5,0.135183,0.040108
7293.5,0.134545,0.039908
7294.5,0.133897,0.039705
7295.5,0.133238,0.039498
7296.5,0.132570,0.039288
7297.5,0.131893,0.039074
7298.5,0.131206,0.038857
7299.5,0.130511,0.038637
7300.5,0.129807,0.038413
7301.5,0.129096,0.038188
7302.5,0.128377,0.037959
7303.5,0.127651,0.037729
7304.5,0.126918,0.037496
7305.5,0.126179,0.037260
7306.5,0.125433,0.037024
7307.5,0.124682,0.036785
7308.5,0.123926,0.036545
7309.5,0.123166,0.036304
7310.5,0.122400,0.036062
7311.5,0.121631,0.035819
7312.5,0.120858,0.035576
7313.5,0.120083,0.035332
7314.5,0.119304,0.035088
7315.5,0.118523,0.034844
7316.5,0.117740,0.034601
7317.5,0.116956,0.034358
7318.5,0.116170,0.034116
7319.5,0.115384,0.033875
7320.5,0.114597,0.033635
7321.5,0.113811,0.033397
7322.5,0.113025,0.033160
7323.5,0.112240,0.032926
7324.5,0.111456,0.032693
7325.5,0.110673,0.032463
7326.5,0.109893,0.032236
7327.5,0.109115,0.032011
7328.5,0.108340,0.031789
7329.5,0.107568,0.031571
7330.5,0.106799,0.031355
7331.5,0.106035,0.031144
7332.5,0.105274,0.030936
7333.5,0.104518,0.030732
7334.5,0.103767,0.030532
7335.5,0.103020,0.030336
7336.5,0.102280,0.030144
7337.5,0.101544,0.029957
7338.5,0.100815,0.029774
7339.5,0.100093,0.029596
7340.5,0.099377,0.029423
7341.5,0.098668,0.029254
7342.5,0.097966,0.029091
7343.5,0.097271,0.028932
7344.5,0.096584,0.028777
7345.5,0.095905,0.028628
7346.5,0.095234,0.028484
7347.5,0.094571,0.028344
7348.5,0.093918,0.028210
7349.5,0.093272,0.028080
7350.5,0.092636,0.027955
7351.5,0.092009,0.027834
7352.5,0.091391,0.027719
7353.5,0.090783,0.027607
7354.5,0.090184,0.027501
7355.5,0.089596,0.027398
7356.5,0.089017,0.027300
7357.5,0.088448,0.027206
7358.5,0.087890,0.027116
7359.5,0.087342,0.027029
7360.5,0.086805,0.026947
7361.5,0.086278,0.026867
7362.5,0.085762,0.026792
7363.5,0.085257,0.026719
7364.5,0.084762,0.026650
7365.5,0.084279,0.026583
7366.5,0.083807,0.026519
7367.5,0.083346,0.026458
7368.5,0.082896,0.026399
7369.5,0.082457,0.026342
7370.5,0.082030,0.026287
7371.5,0.081613,0.026234
7372.5,0.081209,0.026183
7373.5,0.080816,0.026134
7374.5,0.080434,0.026086
7375.5,0.080063,0.026039
7376.5,0.079705,0.025994
7377.5,0.079357,0.025950
7378.5,0.079022,0.025906
7379.5,0.078697,0.025864
7380.5,0.078385,0.025822
7381.5,0.078083,0.025781
7382.5,0.077794,0.025740
7383.5,0.077516,0.025701
7384.5,0.077249,0.025661
7385.5,0.076994,0.025622
7386.5,0.076750,0.025583
7387.5,0.076517,0.025545
7388.5,0.076296,0.025507
7389.5,0.076087,0.025470
7390.5,0.075889,0.025432
7391.5,0.075701,0.025395
7392.5,0.075526,0.025359
7393.5,0.075361,0.025322
7394.5,0.075208,0.025287
7395.5,0.075065,0.025251
7396.5,0.074934,0.025217
7397.5,0.074814,0.025183
7398.5,0.074705,0.025149
7399.5,0.074606,0.025117
7400.5,0.074518,0.025085
7401.5,0.074442,0.025054
7402.5,0.074375,0.025025
7403.5,0.074320,0.024997
7404.5,0.074275,0.024970
7405.5,0.074240,0.024944
7406.5,0.074216,0.024920
7407.5,0.074202,0.024898
7408.5,0.074198,0.024878
7409.5,0.074205,0.024860
7410.5,0.074222,0.024844
7411.5,0.074248,0.024830
7412.5,0.074285,0.024819
7413.5,0.074331,0.024810
7414.5,0.074387,0.024804
7415.5,0.074452,0.024801
7416.5,0.074527,0.024801
7417.5,0.074612,0.024804
7418.5,0.074706,0.024810
7419.5,0.074809,0.024820
7420.5,0.074921,0.024833
7421.5,0.075042,0.024849
7422.5,0.075172,0.024869
7423.5,0.075310,0.024893
7424.5,0.075457,0.024921
7425.5,0.075613,0.024953
7426.5,0.075777,0.024989
7427.5,0.075950,0.025028
7428.5,0.076130,0.025072
7429.5,0.076319,0.025119
7430.5,0.076516,0.025171
7431.5,0.076720,0.025227
7432.5,0.076932,0.025286
7433.5,0.077151,0.025350
7434.5,0.077378,0.025417
7435.5,0.077612,0.025489
7436.5,0.077853,0.025564
7437.5,0.078101,0.025643
7438.5,0.078356,0.025726
7439.5,0.078617,0.025812
7440.5,0.078885,0.025901
7441.5,0.079159,0.025994
7442.5,0.079440,0.026090
7443.5,0.079727,0.026189
7444.5,0.080019,0.026291
7445.5,0.080318,0.026396
7446.5,0.080622,0.026503
7447.5,0.080931,0.026613
7448.5,0.081246,0.026724
7449.5,0.081566,0.026838
7450.5,0.081891,0.026954
7451.5,0.082221,0.027071
7452.5,0.082556,0.027190
7453.5,0.082896,0.027310
7454.5,0.083240,0.027431
7455.5,0.083588,0.027553
7456.5,0.083941,0.027676
7457.5,0.084297,0.027799
7458.5,0.084658,0.027922
7459.5,0.085022,0.028045
7460.5,0.085390,0.028169
7461.5,0.085762,0.028291
7462.5,0.086137,0.028414
7463.5,0.086516,0.028535
7464.5,0.086898,0.028656
7465.5,0.087283,0.028776
7466.5,0.087670,0.028894
7467.5,0.088061,0.029011
7468.5,0.088455,0.029126
7469.5,0.088851,0.029240
7470.5,0.089250,0.029352
7471.5,0.089651,0.029462
7472.5,0.090055,0.029569
7473.5,0.090461,0.029674
7474.5,0.090870,0.029777
7475.5,0.091281,0.029878
7476.5,0.091694,0.029975
7477.5,0.092109,0.030070
7478.5,0.092526,0.030162
7479.5,0.092945,0.030252
7480.5,0.093366,0.030338
7481.5,0.093789,0.030421
7482.5,0.094214,0.030502
7483.5,0.094640,0.030579
7484.5,0.095069,0.030653
7485.5,0.095499,0.030724
7486.5,0.095932,0.030792
7487.5,0.096366,0.030857
7488.5,0.096802,0.030918
7489.5,0.097239,0.030976
7490.5,0.097679,0.031032
7491.5,0.098120,0.031084
7492.5,0.098564,0.031133
7493.5,0.099009,0.031180
7494.5,0.099456,0.031223
7495.5,0.099905,0.031264
7496.5,0.100356,0.031302
7497.5,0.100810,0.031337
7498.5,0.101265,0.031370
7499.5,0.101722,0.031400
7500.5,0.102182,0.031428
7501.5,0.102644,0.031454
7502.5,0.103108,0.031478
7503.5,0.103575,0.031500
7504.5,0.104044,0.031520
7505.5,0.104515,0.031539
7506.5,0.104989,0.031556
7507.5,0.105466,0.031572
7508.5,0.105946,0.031587
7509.5,0.106428,0.031601
7510.5,0.106913,0.031614
7511.5,0.107401,0.031627
7512.5,0.107893,0.031639
7513.5,0.108387,0.031651
7514.5,0.108884,0.031663
7515.5,0.109385,0.031676
7516.5,0.109889,0.031688
7517.5,0.110397,0.031702
7518.5,0.110907,0.031716
7519.5,0.111422,0.031731
7520.5,0.111940,0.031748
7521.5,0.112461,0.031766
7522.5,0.112987,0.031785
7523.5,0.113516,0.031806
7524.5,0.114049,0.031830
7525.5,0.114585,0.031855
7526.5,0.115126,0.031883
7527.5,0.115670,0.031913
7528.5,0.116219,0.031945
7529.5,0.116771,0.031981
7530.5,0.117328,0.032020
7531.5,0.117888,0.032061
7532.5,0.118452,0.032106
7533.5,0.119021,0.032154
7534.5,0.119593,0.032206
7535.5,0.120169,0.032261
7536.5,0.120749,0.032320
7537.5,0.121333,0.032382
7538.5,0.121921,0.032449
7539.5,0.122513,0.032519
7540.5,0.123109,0.032593
7541.5,0.123708,0.032671
7542.5,0.124311,0.032753
7543.5,0.124917,0.032839
7544.5,0.125527,0.032929
7545.5,0.126141,0.033022
7546.5,0.126757,0.033120
7547.5,0.127377,0.033222
7548.5,0.128000,0.033327
7549.5,0.128625,0.033436
7550.5,0.129254,0.033549
7551.5,0.129884,0.033666
7552.5,0.130518,0.033786
7553.5,0.131154,0.033910
7554.5,0.131791,0.034036
7555.5,0.132431,0.034167
7556.5,0.133073,0.034300
7557.5,0.133716,0.034436
7558.5,0.134360,0.034575
7559.5,0.135005,0.034716
7560.5,0.135652,0.034860
7561.5,0.136299,0.035007
7562.5,0.136946,0.035155
7563.5,0.137594,0.035306
7564.5,0.138242,0.035458
7565.5,0.138889,0.035612
7566.5,0.139536,0.035767
7567.5,0.140182,0.035924
7568.5,0.140827,0.036082
7569.5,0.141471,0.036241
7570.5,0.142113,0.036400
7571.5,0.142753,0.036560
7572.5,0.143391,0.036720
7573.5,0.144027,0.036880
7574.5,0.144659,0.037040
7575.5,0.145289,0.037200
7576.5,0.145916,0.037359
7577.5,0.146539,0.037518
7578.5,0.147157,0.037676
7579.5,0.147772,0.037832
7580.5,0.148382,0.037988
7581.5,0.148988,0.038142
7582.5,0.149588,0.038295
7583.5,0.150183,0.038446
7584.5,0.150772,0.038595
7585.5,0.151356,0.038741
7586.5,0.151933,0.038886
7587.5,0.152504,0.039028
7588.5,0.153067,0.039168
7589.5,0.153624,0.039305
7590.5,0.154173,0.039439
7591.5,0.154715,0.039570
7592.5,0.155249,0.039699
7593.5,0.155775,0.039823
7594.5,0.156292,0.039945
7595.5,0.156801,0.040063
7596.5,0.157301,0.040178
7597.5,0.157792,0.040289
7598.5,0.158274,0.040396
7599.5,0.158746,0.040500
7600.5,0.159208,0.040599
7601.5,0.159661,0.040695
7602.5,0.160103,0.040786
7603.5,0.160535,0.040874
7604.5,0.160957,0.040957
7605.5,0.161368,0.041036
7606.5,0.161769,0.041111
7607.5,0.162158,0.041181
7608.5,0.162536,0.041248
7609.5,0.162904,0.041309
7610.5,0.163260,0.041367
7611.5,0.163604,0.041420
7612.5,0.163938,0.041469
7613.5,0.164259,0.041513
7614.5,0.164570,0.041553
7615.5,0.164868,0.041589
7616.5,0.165155,0.041620
7617.5,0.165430,0.041647
7618.5,0.165694,0.041670
7619.5,0.165945,0.041688
7620.5,0.166185,0.041702
7621.5,0.166413,0.041712
7622.5,0.166630,0.041718
7623.5,0.166834,0.041720
7624.5,0.167027,0.041718
7625.5,0.167209,0.041712
7626.5,0.167379,0.041702
7627.5,0.167537,0.041688
7628.5,0.167684,0.041671
7629.5,0.167820,0.041650
7630.5,0.167945,0.041625
7631.5,0.168059,0.041597
7632.5,0.168161,0.041566
7633.5,0.168253,0.041531
7634.5,0.168334,0.041494
7635.5,0.168405,0.041453
7636.5,0.168465,0.041410
7637.5,0.168515,0.041363
7638.5,0.168555,0.041314
7639.5,0.168585,0.041263
7640.5,0.168606,0.041209
7641.5,0.168617,0.041153
7642.5,0.168619,0.041095
7643.5,0.168612,0.041034
7644.5,0.168595,0.040972
7645.5,0.168571,0.040908
7646.5,0.168538,0.040843
7647.5,0.168496,0.040776
7648.5,0.168447,0.040708
7649.5,0.168390,0.040638
7650.5,0.168325,0.040568
7651.5,0.168254,0.040496
7652.5,0.168175,0.040424
7653.5,0.168089,0.040352
7654.5,0.167997,0.040279
7655.5,0.167899,0.040205
7656.5,0.167795,0.040132
7657.5,0.167685,0.040058
7658.5,0.167570,0.039985
7659.5,0.167449,0.039911
7660.5,0.167323,0.039838
7661.5,0.167193,0.039766
7662.5,0.167058,0.039694
7663.5,0.166919,0.039623
7664.5,0.166776,0.039553
7665.5,0.166630,0.039484
7666.5,0.166479,0.039416
7667.5,0.166326,0.039349
7668.5,0.166170,0.039283
7669.5,0.166011,0.039219
7670.5,0.165849,0.039157
7671.5,0.165686,0.039096
7672.5,0.165520,0.039036
7673.5,0.165352,0.038979
7674.5,0.165183,0.038923
7675.5,0.165013,0.038869
7676.5,0.164842,0.038817
7677.5,0.164669,0.038767
7678.5,0.164496,0.038719
7679.5,0.164323,0.038673
7680.5,0.164149,0.038630
7681.5,0.163975,0.038588
7682.5,0.163801,0.038549
7683.5,0.163628,0.038511
7684.5,0.163455,0.038476
7685.5,0.163283,0.038443
7686.5,0.163111,0.038413
7687.5,0.162941,0.038384
7688.5,0.162772,0.038357
7689.5,0.162604,0.038333
7690.5,0.162438,0.038311
7691.5,0.162273,0.038290
7692.5,0.162110,0.038272
7693.5,0.161949,0.038255
7694.5,0.161790,0.038240
7695.5,0.161633,0.038228
7696.5,0.161479,0.038216
7697.5,0.161327,0.038207
7698.5,0.161177,0.038199
7699.5,0.161031,0.038192
7700.5,0.160886,0.038187
7701.5,0.160745,0.038183
7702.5,0.160607,0.038180
7703.5,0.160472,0.038178
7704.5,0.160339,0.038178
7705.5,0.160210,0.038178
7706.5,0.160085,0.038179
7707.5,0.159962,0.038181
7708.5,0.159844,0.038183
7709.5,0.159728,0.038186
7710.5,0.159616,0.038189
7711.5,0.159508,0.038193
7712.5,0.159403,0.038197
7713.5,0.159302,0.038201
7714.5,0.159205,0.038204
7715.5,0.159112,0.038208
7716.5,0.159022,0.038212
7717.5,0.158936,0.038215
7718.5,0.158855,0.038218
7719.5,0.158777,0.038221
7720.5,0.158703,0.038223
7721.5,0.158633,0.038225
7722.5,0.158567,0.038226
7723.5,0.158505,0.038226
7724.5,0.158447,0.038226
7725.5,0.158393,0.038224
7726.5,0.158343,0.038223
7727.5,0.158297,0.038220
7728.5,0.158255,0.038216
7729.5,0.158218,0.038211
7730.5,0.158184,0.038206
7731.5,0.158154,0.038200
7732.5,0.158129,0.038192
7733.5,0.158107,0.038184
7734.5,0.158090,0.038175
7735.5,0.158076,0.038165
7736.5,0.158067,0.038154
7737.5,0.158061,0.038143
7738.5,0.158059,0.038130
7739.5,0.158062,0.038117
7740.5,0.158068,0.038103
7741.5,0.158078,0.038089
7742.5,0.158091,0.038074
7743.5,0.158109,0.038059
7744.5,0.158130,0.038043
7745.5,0.158155,0.038027
7746.5,0.158184,0.038011
7747.5,0.158216,0.037994
7748.5,0.158251,0.037978
7749.5,0.158291,0.037962
7750.5,0.158333,0.037946
7751.5,0.158379,0.037930
7752.5,0.158428,0.037914
7753.5,0.158480,0.037899
7754.5,0.158536,0.037885
7755.5,0.158594,0.037872
7756.5,0.158655,0.037859
7757.5,0.158719,0.037847
7758.5,0.158786,0.037837
7759.5,0.158856,0.037828
7760.5,0.158928,0.037820
7761.5,0.159002,0.037813
7762.5,0.159079,0.037808
7763.5,0.159158,0.037805
7764.5,0.159240,0.037804
7765.5,0.159323,0.037804
7766.5,0.159408,0.037807
7767.5,0.159494,0.037811
7768.5,0.159582,0.037818
7769.5,0.159672,0.037827
7770.5,0.159763,0.037838
7771.5,0.159855,0.037851
7772.5,0.159948,0.037867
7773.5,0.160042,0.037886
7774.5,0.160136,0.037907
7775.5,0.160231,0.037931
7776.5,0.160326,0.037957
7777.5,0.160421,0.037985
7778.5,0.160516,0.038017
7779.5,0.160611,0.038051
7780.5,0.160705,0.038087
7781.5,0.160799,0.038126
7782.5,0.160892,0.038168
7783.5,0.160984,0.038212
7784.5,0.161074,0.038258
7785.5,0.161164,0.038307
7786.5,0.161251,0.038358
7787.5,0.161337,0.038411
7788.5,0.161420,0.038467
7789.5,0.161502,0.038524
7790.5,0.161580,0.038583
7791.5,0.161656,0.038644
7792.5,0.161729,0.038707
7793.5,0.161799,0.038771
7794.5,0.161866,0.038837
7795.5,0.161929,0.038903
7796.5,0.161988,0.038971
7797.5,0.162043,0.039040
7798.5,0.162093,0.039110
7799.5,0.162140,0.039180
7800.5,0.162181,0.039250
7801.5,0.162218,0.039321
7802.5,0.162249,0.039391
7803.5,0.162275,0.039462
7804.5,0.162296,0.039532
7805.5,0.162311,0.039602
7806.5,0.162319,0.039671
7807.5,0.162322,0.039739
7808.5,0.162318,0.039806
7809.5,0.162308,0.039872
7810.5,0.162291,0.039936
7811.5,0.162267,0.039999
7812.5,0.162236,0.040060
7813.5,0.162198,0.040119
7814.5,0.162152,0.040175
7815.5,0.162099,0.040229
7816.5,0.162038,0.040281
7817.5,0.161970,0.040330
7818.5,0.161893,0.040376
7819.5,0.161808,0.040419
7820.5,0.161715,0.040459
7821.5,0.161614,0.040496
7822.5,0.161504,0.040529
7823.5,0.161386,0.040558
7824.5,0.161260,0.040584
7825.5,0.161124,0.040606
7826.5,0.160981,0.040624
7827.5,0.160828,0.040638
7828.5,0.160666,0.040647
7829.5,0.160496,0.040653
7830.5,0.160317,0.040654
7831.5,0.160130,0.040650
7832.5,0.159933,0.040642
7833.5,0.159728,0.040630
7834.5,0.159514,0.040612
7835.5,0.159291,0.040591
7836.5,0.159060,0.040564
7837.5,0.158820,0.040533
7838.5,0.158572,0.040497
7839.5,0.158315,0.040456
7840.5,0.158050,0.040410
7841.5,0.157777,0.040360
7842.5,0.157496,0.040305
7843.5,0.157207,0.040245
7844.5,0.156910,0.040180
7845.5,0.156606,0.040111
7846.5,0.156295,0.040037
7847.5,0.155976,0.039959
7848.5,0.155650,0.039876
7849.5,0.155317,0.039789
7850.5,0.154978,0.039697
7851.5,0.154633,0.039601
7852.5,0.154281,0.039501
7853.5,0.153924,0.039397
7854.5,0.153561,0.039289
7855.5,0.153192,0.039177
7856.5,0.152819,0.039062
7857.5,0.152441,0.038943
7858.5,0.152058,0.038820
7859.5,0.151671,0.038694
7860.5,0.151281,0.038565
7861.5,0.150887,0.038433
7862.5,0.150489,0.038298
7863.5,0.150089,0.038161
7864.5,0.149686,0.038021
7865.5,0.149281,0.037879
7866.5,0.148874,0.037734
7867.5,0.148465,0.037588
7868.5,0.148056,0.037440
7869.5,0.147645,0.037290
7870.5,0.147234,0.037139
7871.5,0.146823,0.036987
7872.5,0.146413,0.036834
7873.5,0.146003,0.036681
7874.5,0.145593,0.036526
7875.5,0.145186,0.036372
7876.5,0.144780,0.036217
7877.5,0.144376,0.036063
7878.5,0.143974,0.035909
7879.5,0.143575,0.035756
7880.5,0.143180,0.035603
7881.5,0.142788,0.035451
7882.5,0.142400,0.035301
7883.5,0.142015,0.035152
7884.5,0.141636,0.035005
7885.5,0.141261,0.034860
7886.5,0.140892,0.034717
7887.5,0.140528,0.034576
7888.5,0.140170,0.034438
7889.5,0.139817,0.034303
7890.5,0.139472,0.034171
7891.5,0.139133,0.034042
7892.5,0.138801,0.033916
7893.5,0.138476,0.033794
7894.5,0.138159,0.033676
7895.5,0.137849,0.033562
7896.5,0.137548,0.033452
7897.5,0.137255,0.033346
7898.5,0.136970,0.033245
7899.5,0.136694,0.033148
7900.5,0.136426,0.033056
7901.5,0.136168,0.032969
7902.5,0.135919,0.032887
7903.5,0.135679,0.032811
7904.5,0.135449,0.032739
7905.5,0.135228,0.032673
7906.5,0.135017,0.032613
7907.5,0.134815,0.032558
7908.5,0.134624,0.032509
7909.5,0.134443,0.032465
7910.5,0.134271,0.032427
7911.5,0.134110,0.032395
7912.5,0.133958,0.032369
7913.5,0.133817,0.032349
7914.5,0.133686,0.032334
7915.5,0.133565,0.032326
7916.5,0.133454,0.032323
7917.5,0.133352,0.032326
7918.5,0.133261,0.032334
7919.5,0.133180,0.032349
7920.5,0.133108,0.032369
7921.5,0.133046,0.032394
7922.5,0.132994,0.032425
7923.5,0.132950,0.032461
7924.5,0.132916,0.032503
7925.5,0.132891,0.032549
7926.5,0.132875,0.032601
7927.5,0.132868,0.032658
7928.5,0.132869,0.032719
7929.5,0.132878,0.032785
7930.5,0.132895,0.032855
7931.5,0.132921,0.032930
7932.5,0.132953,0.033008
7933.5,0.132993,0.033091
7934.5,0.133040,0.033177
7935.5,0.133093,0.033267
7936.5,0.133153,0.033360
7937.5,0.133219,0.033456
7938.5,0.133290,0.033556
7939.5,0.133367,0.033658
7940.5,0.133449,0.033762
7941.5,0.133536,0.033869
7942.5,0.133627,0.033978
7943.5,0.133722,0.034089
7944.5,0.133821,0.034201
7945.5,0.133923,0.034315
7946.5,0.134027,0.034431
7947.5,0.134135,0.034547
7948.5,0.134244,0.034664
7949.5,0.134355,0.034782
7950.5,0.134467,0.034900
7951.5,0.134580,0.035019
7952.5,0.134694,0.035137
7953.5,0.134807,0.035255
7954.5,0.134921,0.035373
7955.5,0.135033,0.035490
7956.5,0.135144,0.035606
7957.5,0.135254,0.035721
7958.5,0.135361,0.035835
7959.5,0.135466,0.035948
7960.5,0.135569,0.036059
7961.5,0.135668,0.036168
7962.5,0.135763,0.036275
7963.5,0.135854,0.036381
7964.5,0.135941,0.036484
7965.5,0.136022,0.036584
7966.5,0.136099,0.036682
7967.5,0.136170,0.036777
7968.5,0.136234,0.036869
7969.5,0.136293,0.036959
7970.5,0.136344,0.037045
7971.5,0.136389,0.037128
7972.5,0.136425,0.037207
7973.5,0.136454,0.037283
7974.5,0.136475,0.037355
7975.5,0.136487,0.037424
7976.5,0.136490,0.037488
7977.5,0.136484,0.037549
7978.5,0.136469,0.037606
7979.5,0.136444,0.037658
7980.5,0.136408,0.037706
7981.5,0.136363,0.037750
7982.5,0.136306,0.037790
7983.5,0.136239,0.037826
7984.5,0.136161,0.037857
7985.5,0.136071,0.037883
7986.5,0.135970,0.037905
7987.5,0.135858,0.037922
7988.5,0.135733,0.037935
7989.5,0.135596,0.037943
7990.5,0.135447,0.037946
7991.5,0.135285,0.037945
7992.5,0.135111,0.037939
7993.5,0.134924,0.037929
7994.5,0.134725,0.037914
7995.5,0.134512,0.037894
7996.5,0.134287,0.037869
7997.5,0.134048,0.037840
7998.5,0.133797,0.037806
7999.5,0.133532,0.037768
8000.5,0.133254,0.037725
8001.5,0.132963,0.037677
8002.5,0.132659,0.037625
8003.5,0.132342,0.037568
8004.5,0.132012,0.037507
8005.5,0.131668,0.037442
8006.5,0.131312,0.037372
8007.5,0.130943,0.037298
8008.5,0.130560,0.037220
8009.5,0.130166,0.037137
8010.5,0.129758,0.037051
8011.5,0.129338,0.036960
8012.5,0.128906,0.036865
8013.5,0.128461,0.036767
8014.5,0.128005,0.036664
8015.5,0.127536,0.036558
8016.5,0.127056,0.036448
8017.5,0.126565,0.036334
8018.5,0.126062,0.036217
8019.5,0.125548,0.036096
8020.5,0.125024,0.035972
8021.5,0.124489,0.035845
8022.5,0.123944,0.035714
8023.5,0.123389,0.035580
8024.5,0.122824,0.035443
8025.5,0.122249,0.035303
8026.5,0.121666,0.035160
8027.5,0.121074,0.035014
8028.5,0.120474,0.034865
8029.5,0.119865,0.034713
8030.5,0.119249,0.034559
8031.5,0.118625,0.034403
8032.5,0.117994,0.034243
8033.5,0.117357,0.034082
8034.5,0.116713,0.033918
8035.5,0.116063,0.033752
8036.5,0.115408,0.033583
8037.5,0.114748,0.033413
8038.5,0.114083,0.033241
8039.5,0.113413,0.033066
8040.5,0.112740,0.032890
8041.5,0.112063,0.032712
8042.5,0.111384,0.032532
8043.5,0.110701,0.032351
8044.5,0.110017,0.032169
8045.5,0.109330,0.031984
8046.5,0.108642,0.031799
8047.5,0.107954,0.031612
8048.5,0.107265,0.031424
8049.5,0.106576,0.031235
8050.5,0.105887,0.031045
8051.5,0.105200,0.030854
8052.5,0.104514,0.030662
8053.5,0.103829,0.030469
8054.5,0.103147,0.030276
8055.5,0.102468,0.030082
8056.5,0.101791,0.029888
8057.5,0.101119,0.029693
8058.5,0.100450,0.029498
8059.5,0.099786,0.029303
8060.5,0.099127,0.029108
8061.5,0.098474,0.028913
8062.5,0.097826,0.028718
8063.5,0.097184,0.028523
8064.5,0.096549,0.028329
8065.5,0.095922,0.028135
8066.5,0.095302,0.027942
8067.5,0.094690,0.027750
8068.5,0.094086,0.027559
8069.5,0.093492,0.027368
8070.5,0.092906,0.027179
8071.5,0.092330,0.026992
8072.5,0.091764,0.026805
8073.5,0.091209,0.026621
8074.5,0.090665,0.026438
8075.5,0.090131,0.026257
8076.5,0.089610,0.026079
8077.5,0.089100,0.025902
8078.5,0.088603,0.025728
8079.5,0.088118,0.025557
8080.5,0.087646,0.025389
8081.5,0.087188,0.025223
8082.5,0.086743,0.025061
8083.5,0.086312,0.024902
8084.5,0.085896,0.024747
8085.5,0.085494,0.024595
8086.5,0.085107,0.024448
8087.5,0.084735,0.024304
8088.5,0.084379,0.024165
8089.5,0.084038,0.024031
8090.5,0.083713,0.023901
8091.5,0.083405,0.023776
8092.5,0.083112,0.023656
8093.5,0.082837,0.023541
8094.5,0.082578,0.023432
8095.5,0.082336,0.023328
8096.5,0.082111,0.023230
8097.5,0.081904,0.023139
8098.5,0.081714,0.023053
8099.5,0.081542,0.022973
8100.5,0.081388,0.022900
8101.5,0.081252,0.022834
8102.5,0.081133,0.022774
8103.5,0.081033,0.022721
8104.5,0.080951,0.022675
8105.5,0.080887,0.022636
8106.5,0.080842,0.022604
8107.5,0.080815,0.022579
8108.5,0.080807,0.022562
8109.5,0.080817,0.022552
8110.5,0.080845,0.022549
8111.5,0.080892,0.022553
8112.5,0.080958,0.022565
8113.5,0.081042,0.022584
8114.5,0.081144,0.022610
8115.5,0.081265,0.022644
8116.5,0.081404,0.022685
8117.5,0.081561,0.022733
8118.5,0.081736,0.022789
8119.5,0.081930,0.022851
8120.5,0.082141,0.022921
8121.5,0.082370,0.022997
8122.5,0.082617,0.023080
8123.5,0.082881,0.023170
8124.5,0.083163,0.023266
8125.5,0.083461,0.023368
8126.5,0.083777,0.023477
8127.5,0.084109,0.023592
8128.5,0.084458,0.023712
8129.5,0.084823,0.023839
8130.5,0.085205,0.023971
8131.5,0.085602,0.024108
8132.5,0.086015,0.024250
8133.5,0.086443,0.024398
8134.5,0.086886,0.024550
8135.5,0.087344,0.024707
8136.5,0.087816,0.024868
8137.5,0.088303,0.025034
8138.5,0.088803,0.025203
8139.5,0.089317,0.025377
8140.5,0.089844,0.025554
8141.5,0.090384,0.025734
8142.5,0.090936,0.025918
8143.5,0.091501,0.026104
8144.5,0.092077,0.026294
8145.5,0.092664,0.026486
8146.5,0.093263,0.026681
8147.5,0.093872,0.026878
8148.5,0.094491,0.027077
8149.5,0.095120,0.027278
8150.5,0.095758,0.027481
8151.5,0.096405,0.027686
8152.5,0.097060,0.027892
8153.5,0.097724,0.028099
8154.5,0.098395,0.028307
8155.5,0.099073,0.028516
8156.5,0.099758,0.028726
8157.5,0.100450,0.028937
8158.5,0.101147,0.029148
8159.5,0.101849,0.029359
8160.5,0.102556,0.029571
8161.5,0.103268,0.029782
8162.5,0.103983,0.029993
8163.5,0.104702,0.030204
8164.5,0.105424,0.030415
8165.5,0.106149,0.030625
8166.5,0.106875,0.030834
8167.5,0.107603,0.031043
8168.5,0.108332,0.031250
8169.5,0.109062,0.031457
8170.5,0.109792,0.031662
8171.5,0.110521,0.031866
8172.5,0.111250,0.032069
8173.5,0.111977,0.032270
8174.5,0.112703,0.032469
8175.5,0.113426,0.032667
8176.5,0.114147,0.032862
8177.5,0.114864,0.033056
8178.5,0.115578,0.033247
8179.5,0.116288,0.033437
8180.5,0.116994,0.033624
8181.5,0.117694,0.033808
8182.5,0.118389,0.033990
8183.5,0.119079,0.034169
8184.5,0.119762,0.034346
8185.5,0.120438,0.034520
8186.5,0.121108,0.034691
8187.5,0.121770,0.034858
8188.5,0.122424,0.035023
8189.5,0.123070,0.035184
8190.5,0.123707,0.035343
8191.5,0.124335,0.035497
8192.5,0.124954,0.035649
8193.5,0.125563,0.035796
8194.5,0.126162,0.035941
8195.5,0.126751,0.036081
8196.5,0.127329,0.036218
8197.5,0.127896,0.036350
8198.5,0.128452,0.036479
8199.5,0.128996,0.036604
8200.5,0.129528,0.036725
8201.5,0.130048,0.036841
8202.5,0.130555,0.036954
8203.5,0.131050,0.037062
8204.5,0.131532,0.037166
8205.5,0.132000,0.037265
8206.5,0.132456,0.037360
8207.5,0.132897,0.037451
8208.5,0.133325,0.037537
8209.5,0.133739,0.037618
8210.5,0.134139,0.037695
8211.5,0.134524,0.037768
8212.5,0.134895,0.037835
8213.5,0.135252,0.037898
8214.5,0.135594,0.037956
8215.5,0.135921,0.038010
8216.5,0.136233,0.038059
8217.5,0.136530,0.038103
8218.5,0.136812,0.038142
8219.5,0.137079,0.038177
8220.5,0.137331,0.038206
8221.5,0.137568,0.038231
8222.5,0.137790,0.038252
8223.5,0.137996,0.038267
8224.5,0.138187,0.038278
8225.5,0.138363,0.038284
8226.5,0.138524,0.038286
8227.5,0.138670,0.038282
8228.5,0.138801,0.038275
8229.5,0.138917,0.038262
8230.5,0.139018,0.038245
8231.5,0.139104,0.038224
8232.5,0.139175,0.038198
8233.5,0.139232,0.038168
8234.5,0.139275,0.038134
8235.5,0.139303,0.038096
8236.5,0.139316,0.038053
8237.5,0.139316,0.038006
8238.5,0.139302,0.037956
8239.5,0.139274,0.037901
8240.5,0.139233,0.037843
8241.5,0.139178,0.037781
8242.5,0.139110,0.037715
8243.5,0.139029,0.037646
8244.5,0.138935,0.037574
8245.5,0.138829,0.037498
8246.5,0.138710,0.037419
8247.5,0.138579,0.037337
8248.5,0.138437,0.037252
8249.5,0.138283,0.037164
8250.5,0.138117,0.037074
8251.5,0.137940,0.036981
8252.5,0.137753,0.036886
8253.5,0.137555,0.036788
8254.5,0.137346,0.036689
8255.5,0.137128,0.036587
8256.5,0.136900,0.036483
8257.5,0.136662,0.036378
8258.5,0.136415,0.036272
8259.5,0.136159,0.036163
8260.5,0.135895,0.036054
8261.5,0.135622,0.035944
8262.5,0.135341,0.035832
8263.5,0.135052,0.035720
8264.5,0.134756,0.035607
8265.5,0.134453,0.035494
8266.5,0.134142,0.035380
8267.5,0.133826,0.035266
8268.5,0.133503,0.035152
8269.5,0.133173,0.035038
8270.5,0.132838,0.034924
8271.5,0.132498,0.034811
8272.5,0.132153,0.034698
8273.5,0.131802,0.034585
8274.5,0.131447,0.034474
8275.5,0.131088,0.034363
8276.5,0.130725,0.034253
8277.5,0.130358,0.034145
8278.5,0.129987,0.034038
8279.5,0.129613,0.033932
8280.5,0.129237,0.033827
8281.5,0.128857,0.033724
8282.5,0.128475,0.033623
8283.5,0.128091,0.033523
8284.5,0.127705,0.033425
8285.5,0.127317,0.033330
8286.5,0.126927,0.033236
8287.5,0.126537,0.033144
8288.5,0.126145,0.033054
8289.5,0.125752,0.032966
8290.5,0.125359,0.032881
8291.5,0.124965,0.032798
8292.5,0.124571,0.032717
8293.5,0.124177,0.032638
8294.5,0.123783,0.032562
8295.5,0.123389,0.032488
8296.5,0.122996,0.032417
8297.5,0.122604,0.032347
8298.5,0.122212,0.032280
8299.5,0.121821,0.032216
8300.5,0.121432,0.032154
8301.5,0.121043,0.032094
8302.5,0.120656,0.032036
8303.5,0.120270,0.031981
8304.5,0.119887,0.031928
8305.5,0.119504,0.031877
8306.5,0.119124,0.031828
8307.5,0.118745,0.031781
8308.5,0.118369,0.031736
8309.5,0.117995,0.031693
8310.5,0.117623,0.031652
8311.5,0.117253,0.031613
8312.5,0.116885,0.031576
8313.5,0.116520,0.031540
8314.5,0.116157,0.031506
8315.5,0.115797,0.031473
8316.5,0.115440,0.031442
8317.5,0.115085,0.031412
8318.5,0.114733,0.031383
8319.5,0.114383,0.031356
8320.5,0.114036,0.031330
8321.5,0.113692,0.031305
8322.5,0.113351,0.031280
8323.5,0.113012,0.031257
8324.5,0.112676,0.031234
8325.5,0.112343,0.031212
8326.5,0.112013,0.031191
8327.5,0.111685,0.031170
8328.5,0.111360,0.031150
8329.5,0.111038,0.031130
8330.5,0.110719,0.031111
8331.5,0.110402,0.031091
8332.5,0.110088,0.031072
8333.5,0.109777,0.031053
8334.5,0.109468,0.031034
8335.5,0.109163,0.031014
8336.5,0.108859,0.030995
8337.5,0.108559,0.030976
8338.5,0.108261,0.030956
8339.5,0.107965,0.030936
8340.5,0.107672,0.030916
8341.5,0.107381,0.030895
8342.5,0.107093,0.030874
8343.5,0.106807,0.030853
8344.5,0.106524,0.030831
8345.5,0.106242,0.030808
8346.5,0.105963,0.030785
8347.5,0.105687,0.030762
8348.5,0.105412,0.030737
8349.5,0.105140,0.030713
8350.5,0.104870,0.030687
8351.5,0.104602,0.030661
8352.5,0.104336,0.030634
8353.5,0.104072,0.030606
8354.5,0.103810,0.030578
8355.5,0.103550,0.030549
8356.5,0.103292,0.030520
8357.5,0.103035,0.030489
8358.5,0.102781,0.030458
8359.5,0.102529,0.030427
8360.5,0.102278,0.030394
8361.5,0.102029,0.030361
8362.5,0.101782,0.030327
8363.5,0.101537,0.030293
8364.5,0.101293,0.030258
8365.5,0.101051,0.030222
8366.5,0.100811,0.030185
8367.5,0.100573,0.030148
8368.5,0.100337,0.030111
8369.5,0.100102,0.030073
8370.5,0.099868,0.030034
8371.5,0.099637,0.029995
8372.5,0.099407,0.029955
8373.5,0.099179,0.029915
8374.5,0.098953,0.029874
8375.5,0.098728,0.029833
8376.5,0.098506,0.029791
8377.5,0.098284,0.029749
8378.5,0.098065,0.029707
8379.5,0.097848,0.029664
8380.5,0.097632,0.029621
8381.5,0.097419,0.029577
8382.5,0.097207,0.029533
8383.5,0.096997,0.029489
8384.5,0.096789,0.029445
8385.5,0.096583,0.029401
8386.5,0.096379,0.029356
8387.5,0.096178,0.029311
8388.5,0.095978,0.029266
8389.5,0.095781,0.029221
8390.5,0.095586,0.029175
8391.5,0.095393,0.029130
8392.5,0.095203,0.029084
8393.5,0.095015,0.029038
8394.5,0.094830,0.028992
8395.5,0.094647,0.028947
8396.5,0.094467,0.028901
8397.5,0.094289,0.028855
8398.5,0.094114,0.028809
8399.5,0.093943,0.028763
8400.5,0.093774,0.028717
8401.5,0.093608,0.028672
8402.5,0.093445,0.028626
8403.5,0.093285,0.028580
8404.5,0.093129,0.028535
8405.5,0.092976,0.028489
8406.5,0.092827,0.028444
8407.5,0.092681,0.028399
8408.5,0.092538,0.028354
8409.5,0.092399,0.028310
8410.5,0.092265,0.028265
8411.5,0.092134,0.028221
8412.5,0.092007,0.028177
8413.5,0.091884,0.028134
8414.5,0.091765,0.028090
8415.5,0.091651,0.028047
8416.5,0.091541,0.028005
8417.5,0.091436,0.027962
8418.5,0.091335,0.027921
8419.5,0.091239,0.027879
8420.5,0.091147,0.027839
8421.5,0.091061,0.027798
8422.5,0.090979,0.027758
8423.5,0.090903,0.027719
8424.5,0.090832,0.027681
8425.5,0.090766,0.027643
8426.5,0.090706,0.027606
8427.5,0.090651,0.027569
8428.5,0.090602,0.027533
8429.5,0.090558,0.027499
8430.5,0.090521,0.027465
8431.5,0.090489,0.027431
8432.5,0.090463,0.027399
8433.5,0.090443,0.027368
8434.5,0.090430,0.027338
8435.5,0.090423,0.027309
8436.5,0.090422,0.027281
8437.5,0.090428,0.027254
8438.5,0.090440,0.027229
8439.5,0.090459,0.027204
8440.5,0.090484,0.027182
8441.5,0.090517,0.027160
8442.5,0.090556,0.027140
8443.5,0.090603,0.027121
8444.5,0.090656,0.027104
8445.5,0.090717,0.027089
8446.5,0.090784,0.027075
8447.5,0.090860,0.027063
8448.5,0.090942,0.027052
8449.5,0.091032,0.027043
8450.5,0.091129,0.027037
8451.5,0.091234,0.027032
8452.5,0.091346,0.027028
8453.5,0.091467,0.027027
8454.5,0.091595,0.027028
8455.5,0.091730,0.027031
8456.5,0.091874,0.027036
8457.5,0.092025,0.027043
8458.5,0.092184,0.027052
8459.5,0.092351,0.027064
8460.5,0.092526,0.027077
8461.5,0.092709,0.027093
8462.5,0.092900,0.027111
8463.5,0.093099,0.027132
8464.5,0.093306,0.027155
8465.5,0.093522,0.027180
8466.5,0.093745,0.027207
8467.5,0.093976,0.027237
8468.5,0.094216,0.027269
8469.5,0.094463,0.027304
8470.5,0.094719,0.027341
8471.5,0.094983,0.027380
8472.5,0.095255,0.027422
8473.5,0.095535,0.027467
8474.5,0.095823,0.027513
8475.5,0.096119,0.027562
8476.5,0.096423,0.027614
8477.5,0.096735,0.027668
8478.5,0.097055,0.027724
8479.5,0.097383,0.027782
8480.5,0.097719,0.027843
8481.5,0.098063,0.027907
8482.5,0.098414,0.027972
8483.5,0.098773,0.028040
8484.5,0.099140,0.028110
8485.5,0.099515,0.028182
8486.5,0.099897,0.028256
8487.5,0.100287,0.028333
8488.5,0.100684,0.028411
8489.5,0.101089,0.028492
8490.5,0.101501,0.028574
8491.5,0.101920,0.028659
8492.5,0.102346,0.028745
8493.5,0.102780,0.028834
8494.5,0.103220,0.028924
8495.5,0.103668,0.029015
8496.5,0.104122,0.029109
8497.5,0.104583,0.029204
8498.5,0.105051,0.029301
8499.5,0.105525,0.029399
8500.5,0.106005,0.029498
8501.5,0.106492,0.029599
8502.5,0.106986,0.029702
8503.5,0.107485,0.029805
8504.5,0.107991,0.029910
8505.5,0.108502,0.030016
8506.5,0.109019,0.030123
8507.5,0.109542,0.030230
8508.5,0.110071,0.030339
8509.5,0.110605,0.030449
8510.5,0.111144,0.030559
8511.5,0.111689,0.030670
8512.5,0.112239,0.030782
8513.5,0.112794,0.030895
8514.5,0.113354,0.031008
8515.5,0.113918,0.031121
8516.5,0.114487,0.031235
8517.5,0.115061,0.031349
8518.5,0.115639,0.031463
8519.5,0.116222,0.031577
8520.5,0.116809,0.031692
8521.5,0.117399,0.031806
8522.5,0.117994,0.031921
8523.5,0.118592,0.032035
8524.5,0.119194,0.032149
8525.5,0.119800,0.032264
8526.5,0.120409,0.032377
8527.5,0.121021,0.032491
8528.5,0.121637,0.032604
8529.5,0.122256,0.032717
8530.5,0.122877,0.032829
8531.5,0.123502,0.032940
8532.5,0.124129,0.033052
8533.5,0.124758,0.033162
8534.5,0.125391,0.033272
8535.5,0.126025,0.033381
8536.5,0.126662,0.033489
8537.5,0.127301,0.033596
8538.5,0.127942,0.033703
8539.5,0.128585,0.033809
8540.5,0.129229,0.033913
8541.5,0.129876,0.034017
8542.5,0.130524,0.034120
8543.5,0.131173,0.034222
8544.5,0.131824,0.034323
8545.5,0.132476,0.034423
8546.5,0.133129,0.034521
8547.5,0.133784,0.034619
8548.5,0.134439,0.034716
8549.5,0.135095,0.034811
8550.5,0.135752,0.034905
8551.5,0.136410,0.034999
8552.5,0.137068,0.035091
8553.5,0.137727,0.035182
8554.5,0.138386,0.035272
8555.5,0.139046,0.035360
8556.5,0.139706,0.035448
8557.5,0.140366,0.035534
8558.5,0.141027,0.035620
8559.5,0.141687,0.035704
8560.5,0.142347,0.035787
8561.5,0.143007,0.035870
8562.5,0.143667,0.035951
8563.5,0.144327,0.036031
8564.5,0.144987,0.036110
8565.5,0.145646,0.036188
8566.5,0.146304,0.036266
8567.5,0.146962,0.036342
8568.5,0.147620,0.036418
8569.5,0.148277,0.036493
8570.5,0.148933,0.036567
8571.5,0.149589,0.036640
8572.5,0.150243,0.036712
8573.5,0.150897,0.036784
8574.5,0.151550,0.036855
8575.5,0.152202,0.036926
8576.5,0.152852,0.036996
8577.5,0.153502,0.037065
8578.5,0.154151,0.037135
8579.5,0.154798,0.037203
8580.5,0.155444,0.037271
8581.5,0.156089,0.037339
8582.5,0.156732,0.037407
8583.5,0.157374,0.037474
8584.5,0.158015,0.037542
8585.5,0.158654,0.037609
8586.5,0.159292,0.037676
8587.5,0.159928,0.037743
8588.5,0.160562,0.037809
8589.5,0.161195,0.037876
8590.5,0.161826,0.037943
8591.5,0.162455,0.038010
8592.5,0.163082,0.038077
8593.5,0.163708,0.038145
8594.5,0.164331,0.038212
8595.5,0.164953,0.038280
8596.5,0.165572,0.038348
8597.5,0.166190,0.038416
8598.5,0.166805,0.038485
8599.5,0.167419,0.038554
8600.5,0.168030,0.038623
8601.5,0.168639,0.038693
8602.5,0.169245,0.038763
8603.5,0.169849,0.038833
8604.5,0.170451,0.038904
8605.5,0.171051,0.038975
8606.5,0.171648,0.039047
8607.5,0.172242,0.039119
8608.5,0.172834,0.039191
8609.5,0.173423,0.039264
8610.5,0.174010,0.039337
8611.5,0.174594,0.039411
8612.5,0.175175,0.039485
8613.5,0.175753,0.039560
8614.5,0.176328,0.039634
8615.5,0.176901,0.039709
8616.5,0.177470,0.039785
8617.5,0.178036,0.039860
8618.5,0.178600,0.039936
8619.5,0.179160,0.040012
8620.5,0.179717,0.040089
8621.5,0.180271,0.040165
8622.5,0.180821,0.040241
8623.5,0.181369,0.040318
8624.5,0.181912,0.040394
8625.5,0.182453,0.040471
8626.5,0.182990,0.040547
8627.5,0.183523,0.040623
8628.5,0.184053,0.040699
8629.5,0.184579,0.040775
8630.5,0.185102,0.040850
8631.5,0.185620,0.040925
8632.5,0.186135,0.040999
8633.5,0.186646,0.041073
8634.5,0.187154,0.041147
8635.5,0.187657,0.041220
8636.5,0.188157,0.041292
8637.5,0.188652,0.041363
8638.5,0.189143,0.041434
8639.5,0.189631,0.041504
8640.5,0.190114,0.041573
8641.5,0.190593,0.041640
8642.5,0.191068,0.041707
8643.5,0.191538,0.041773
8644.5,0.192005,0.041838
8645.5,0.192467,0.041901
8646.5,0.192924,0.041964
8647.5,0.193377,0.042025
8648.5,0.193826,0.042084
8649.5,0.194270,0.042143
8650.5,0.194710,0.042200
8651.5,0.195145,0.042255
8652.5,0.195576,0.042309
8653.5,0.196002,0.042361
8654.5,0.196424,0.042412
8655.5,0.196841,0.042462
8656.5,0.197253,0.042509
8657.5,0.197660,0.042555
8658.5,0.198063,0.042600
8659.5,0.198461,0.042643
8660.5,0.198854,0.042684
8661.5,0.199242,0.042723
8662.5,0.199626,0.042761
8663.5,0.200005,0.042797
8664.5,0.200379,0.042832
8665.5,0.200748,0.042864
8666.5,0.201112,0.042896
8667.5,0.201471,0.042925
8668.5,0.201826,0.042953
8669.5,0.202175,0.042979
8670.5,0.202519,0.043004
8671.5,0.202859,0.043027
8672.5,0.203193,0.043049
8673.5,0.203523,0.043069
8674.5,0.203847,0.043088
8675.5,0.204167,0.043106
8676.5,0.204481,0.043122
8677.5,0.204790,0.043137
8678.5,0.205095,0.043151
8679.5,0.205394,0.043163
8680.5,0.205688,0.043175
8681.5,0.205976,0.043185
8682.5,0.206260,0.043195
8683.5,0.206538,0.043203
8684.5,0.206812,0.043211
8685.5,0.207080,0.043218
8686.5,0.207342,0.043225
8687.5,0.207600,0.043231
8688.5,0.207852,0.043236
8689.5,0.208099,0.043241
8690.5,0.208340,0.043246
8691.5,0.208577,0.043250
8692.5,0.208807,0.043255
8693.5,0.209033,0.043259
8694.5,0.209252,0.043263
8695.5,0.209466,0.043267
8696.5,0.209675,0.043271
8697.5,0.209878,0.043276
8698.5,0.210076,0.043281
8699.5,0.210267,0.043286
8700.5,0.210453,0.043291
8701.5,0.210633,0.043297
8702.5,0.210808,0.043304
8703.5,0.210976,0.043311
8704.5,0.211139,0.043319
8705.5,0.211295,0.043328
8706.5,0.211446,0.043338
8707.5,0.211590,0.043348
8708.5,0.211728,0.043359
8709.5,0.211860,0.043372
8710.5,0.211986,0.043385
8711.5,0.212105,0.043399
8712.5,0.212218,0.043414
8713.5,0.212324,0.043431
8714.5,0.212424,0.043448
8715.5,0.212516,0.043466
8716.5,0.212603,0.043486
8717.5,0.212682,0.043506
8718.5,0.212754,0.043528
8719.5,0.212820,0.043550
8720.5,0.212878,0.043574
8721.5,0.212929,0.043599
8722.5,0.212973,0.043624
8723.5,0.213010,0.043651
8724.5,0.213039,0.043678
8725.5,0.213061,0.043706
8726.5,0.213075,0.043735
8727.5,0.213082,0.043765
8728.5,0.213080,0.043795
8729.5,0.213071,0.043826
8730.5,0.213054,0.043858
8731.5,0.213029,0.043890
8732.5,0.212996,0.043922
8733.5,0.212955,0.043954
8734.5,0.212905,0.043987
8735.5,0.212847,0.044020
8736.5,0.212781,0.044052
8737.5,0.212707,0.044085
8738.5,0.212623,0.044117
8739.5,0.212532,0.044149
8740.5,0.212431,0.044180
8741.5,0.212322,0.044210
8742.5,0.212204,0.044240
8743.5,0.212077,0.044269
8744.5,0.211942,0.044298
8745.5,0.211797,0.044325
8746.5,0.211644,0.044350
8747.5,0.211481,0.044375
8748.5,0.211310,0.044398
8749.5,0.211130,0.044419
8750.5,0.210940,0.044439
8751.5,0.210741,0.044456
8752.5,0.210534,0.044472
8753.5,0.210317,0.044486
8754.5,0.210092,0.044497
8755.5,0.209857,0.044506
8756.5,0.209613,0.044513
8757.5,0.209360,0.044517
8758.5,0.209099,0.044519
8759.5,0.208828,0.044517
8760.5,0.208549,0.044513
8761.5,0.208261,0.044506
8762.5,0.207964,0.044496
8763.5,0.207659,0.044483
8764.5,0.207345,0.044466
8765.5,0.207022,0.044446
8766.5,0.206692,0.044423
8767.5,0.206353,0.044396
8768.5,0.206006,0.044366
8769.5,0.205651,0.044332
8770.5,0.205289,0.044294
8771.5,0.204918,0.044253
8772.5,0.204541,0.044208
8773.5,0.204156,0.044159
8774.5,0.203763,0.044107
8775.5,0.203364,0.044050
8776.5,0.202959,0.043990
8777.5,0.202546,0.043926
8778.5,0.202128,0.043858
8779.5,0.201703,0.043786
8780.5,0.201273,0.043711
8781.5,0.200837,0.043631
8782.5,0.200395,0.043548
8783.5,0.199949,0.043461
8784.5,0.199498,0.043370
8785.5,0.199042,0.043275
8786.5,0.198582,0.043177
8787.5,0.198119,0.043075
8788.5,0.197651,0.042970
8789.5,0.197181,0.042861
8790.5,0.196707,0.042749
8791.5,0.196231,0.042633
8792.5,0.195753,0.042514
8793.5,0.195273,0.042393
8794.5,0.194791,0.042268
8795.5,0.194307,0.042140
8796.5,0.193823,0.042009
8797.5,0.193339,0.041876
8798.5,0.192854,0.041741
8799.5,0.192370,0.041603
8800.5,0.191886,0.041462
8801.5,0.191404,0.041320
8802.5,0.190922,0.041176
8803.5,0.190443,0.041030
8804.5,0.189965,0.040882
8805.5,0.189491,0.040733
8806.5,0.189019,0.040582
8807.5,0.188551,0.040431
8808.5,0.188086,0.040279
8809.5,0.187626,0.040126
8810.5,0.187170,0.039972
8811.5,0.186720,0.039818
8812.5,0.186274,0.039664
8813.5,0.185835,0.039510
8814.5,0.185402,0.039357
8815.5,0.184975,0.039204
8816.5,0.184555,0.039052
8817.5,0.184143,0.038900
8818.5,0.183738,0.038750
8819.5,0.183341,0.038601
8820.5,0.182953,0.038454
8821.5,0.182574,0.038308
8822.5,0.182204,0.038165
8823.5,0.181844,0.038024
8824.5,0.181493,0.037885
8825.5,0.181153,0.037749
8826.5,0.180823,0.037616
8827.5,0.180504,0.037486
8828.5,0.180197,0.037359
8829.5,0.179901,0.037236
8830.5,0.179616,0.037117
8831.5,0.179344,0.037001
8832.5,0.179084,0.036890
8833.5,0.178837,0.036782
8834.5,0.178603,0.036680
8835.5,0.178382,0.036582
8836.5,0.178174,0.036488
8837.5,0.177980,0.036400
8838.5,0.177799,0.036317
8839.5,0.177633,0.036239
8840.5,0.177480,0.036167
8841.5,0.177342,0.036100
8842.5,0.177219,0.036039
8843.5,0.177110,0.035983
8844.5,0.177015,0.035934
8845.5,0.176936,0.035890
8846.5,0.176871,0.035852
8847.5,0.176821,0.035821
8848.5,0.176787,0.035795
8849.5,0.176767,0.035776
8850.5,0.176762,0.035763
8851.5,0.176773,0.035757
8852.5,0.176799,0.035756
8853.5,0.176839,0.035762
8854.5,0.176895,0.035774
8855.5,0.176966,0.035793
8856.5,0.177051,0.035817
8857.5,0.177152,0.035848
8858.5,0.177267,0.035885
8859.5,0.177397,0.035928
8860.5,0.177541,0.035977
8861.5,0.177700,0.036031
8862.5,0.177873,0.036092
8863.5,0.178059,0.036158
8864.5,0.178260,0.036230
8865.5,0.178474,0.036307
8866.5,0.178702,0.036390
8867.5,0.178943,0.036478
8868.5,0.179196,0.036570
8869.5,0.179462,0.036668
8870.5,0.179741,0.036771
8871.5,0.180031,0.036878
8872.5,0.180334,0.036989
8873.5,0.180647,0.037105
8874.5,0.180972,0.037225
8875.5,0.181307,0.037348
8876.5,0.181653,0.037476
8877.5,0.182009,0.037607
8878.5,0.182375,0.037741
8879.5,0.182749,0.037878
8880.5,0.183133,0.038018
8881.5,0.183524,0.038162
8882.5,0.183924,0.038307
8883.5,0.184332,0.038455
8884.5,0.184746,0.038605
8885.5,0.185167,0.038757
8886.5,0.185595,0.038911
8887.5,0.186028,0.039066
8888.5,0.186466,0.039223
8889.5,0.186909,0.039381
8890.5,0.187357,0.039540
8891.5,0.187808,0.039700
8892.5,0.188262,0.039860
8893.5,0.188720,0.040021
8894.5,0.189180,0.040182
8895.5,0.189641,0.040343
8896.5,0.190104,0.040503
8897.5,0.190568,0.040664
8898.5,0.191032,0.040824
8899.5,0.191496,0.040983
8900.5,0.191959,0.041141
8901.5,0.192422,0.041299
8902.5,0.192882,0.041455
8903.5,0.193340,0.041610
8904.5,0.193796,0.041763
8905.5,0.194248,0.041914
8906.5,0.194697,0.042064
8907.5,0.195141,0.042212
8908.5,0.195581,0.042358
8909.5,0.196016,0.042501
8910.5,0.196445,0.042642
8911.5,0.196868,0.042780
8912.5,0.197284,0.042916
8913.5,0.197694,0.043049
8914.5,0.198096,0.043179
8915.5,0.198490,0.043305
8916.5,0.198876,0.043429
8917.5,0.199253,0.043549
8918.5,0.199621,0.043666
8919.5,0.199979,0.043780
8920.5,0.200328,0.043889
8921.5,0.200666,0.043995
8922.5,0.200994,0.044097
8923.5,0.201310,0.044196
8924.5,0.201615,0.044290
8925.5,0.201909,0.044380
8926.5,0.202190,0.044466
8927.5,0.202459,0.044548
8928.5,0.202715,0.044625
8929.5,0.202959,0.044698
8930.5,0.203189,0.044767
8931.5,0.203406,0.044831
8932.5,0.203609,0.044891
8933.5,0.203799,0.044946
8934.5,0.203974,0.044996
8935.5,0.204135,0.045041
8936.5,0.204281,0.045082
8937.5,0.204413,0.045118
8938.5,0.204530,0.045149
8939.5,0.204632,0.045175
8940.5,0.204719,0.045197
8941.5,0.204791,0.045214
8942.5,0.204848,0.045225
8943.5,0.204889,0.045232
8944.5,0.204916,0.045234
8945.5,0.204926,0.045231
8946.5,0.204922,0.045223
8947.5,0.204901,0.045210
8948.5,0.204866,0.045193
8949.5,0.204815,0.045170
8950.5,0.204749,0.045143
8951.5,0.204667,0.045111
8952.5,0.204570,0.045074
8953.5,0.204458,0.045032
8954.5,0.204331,0.044986
8955.5,0.204189,0.044935
8956.5,0.204032,0.044880
8957.5,0.203860,0.044820
8958.5,0.203674,0.044755
8959.5,0.203474,0.044686
8960.5,0.203259,0.044613
8961.5,0.203030,0.044536
8962.5,0.202788,0.044454
8963.5,0.202532,0.044369
8964.5,0.202262,0.044279
8965.5,0.201980,0.044186
8966.5,0.201684,0.044088
8967.5,0.201376,0.043988
8968.5,0.201056,0.043883
8969.5,0.200724,0.043775
8970.5,0.200380,0.043664
8971.5,0.200024,0.043549
8972.5,0.199657,0.043432
8973.5,0.199279,0.043311
8974.5,0.198891,0.043188
8975.5,0.198493,0.043062
8976.5,0.198085,0.042933
8977.5,0.197667,0.042802
8978.5,0.197240,0.042669
8979.5,0.196805,0.042534
8980.5,0.196360,0.042397
8981.5,0.195908,0.042257
8982.5,0.195448,0.042117
8983.5,0.194981,0.041975
8984.5,0.194507,0.041831
8985.5,0.194026,0.041687
8986.5,0.193539,0.041541
8987.5,0.193047,0.041395
8988.5,0.192548,0.041248
8989.5,0.192045,0.041100
8990.5,0.191537,0.040953
8991.5,0.191025,0.040805
8992.5,0.190509,0.040657
8993.5,0.189989,0.040510
8994.5,0.189466,0.040363
8995.5,0.188941,0.040216
8996.5,0.188413,0.040070
8997.5,0.187883,0.039926
8998.5,0.187351,0.039782
8999.5,0.186818,0.039640
9000.5,0.186284,0.039499
9001.5,0.185750,0.039359
9002.5,0.185215,0.039222
9003.5,0.184681,0.039086
9004.5,0.184147,0.038952
9005.5,0.183614,0.038820
9006.5,0.183082,0.038691
9007.5,0.182551,0.038565
9008.5,0.182022,0.038440
9009.5,0.181495,0.038319
9010.5,0.180971,0.038201
9011.5,0.180449,0.038085
9012.5,0.179930,0.037972
9013.5,0.179415,0.037863
9014.5,0.178903,0.037757
9015.5,0.178394,0.037654
9016.5,0.177890,0.037555
9017.5,0.177390,0.037459
9018.5,0.176894,0.037367
9019.5,0.176404,0.037279
9020.5,0.175918,0.037194
9021.5,0.175437,0.037113
9022.5,0.174961,0.037035
9023.5,0.174491,0.036962
9024.5,0.174027,0.036892
9025.5,0.173569,0.036826
9026.5,0.173116,0.036764
9027.5,0.172670,0.036706
9028.5,0.172230,0.036651
9029.5,0.171797,0.036601
9030.5,0.171370,0.036554
9031.5,0.170949,0.036510
9032.5,0.170535,0.036471
9033.5,0.170129,0.036435
9034.5,0.169729,0.036403
9035.5,0.169336,0.036374
9036.5,0.168950,0.036348
9037.5,0.168571,0.036326
9038.5,0.168199,0.036307
9039.5,0.167835,0.036292
9040.5,0.167477,0.036279
9041.5,0.167127,0.036270
9042.5,0.166784,0.036263
9043.5,0.166448,0.036260
9044.5,0.166119,0.036259
9045.5,0.165798,0.036260
9046.5,0.165483,0.036264
9047.5,0.165176,0.036271
9048.5,0.164876,0.036279
9049.5,0.164583,0.036290
9050.5,0.164296,0.036303
9051.5,0.164017,0.036317
9052.5,0.163745,0.036334
9053.5,0.163479,0.036352
9054.5,0.163220,0.036371
9055.5,0.162967,0.036392
9056.5,0.162721,0.036414
9057.5,0.162482,0.036437
9058.5,0.162249,0.036461
9059.5,0.162022,0.036486
9060.5,0.161801,0.036512
9061.5,0.161586,0.036539
9062.5,0.161376,0.036566
9063.5,0.161173,0.036593
9064.5,0.160975,0.036621
9065.5,0.160783,0.036649
9066.5,0.160596,0.036677
9067.5,0.160415,0.036705
9068.5,0.160238,0.036733
9069.5,0.160067,0.036760
9070.5,0.159900,0.036787
9071.5,0.159738,0.036814
9072.5,0.159580,0.036841
9073.5,0.159427,0.036866
9074.5,0.159279,0.036892
9075.5,0.159134,0.036916
9076.5,0.158994,0.036939
9077.5,0.158857,0.036962
9078.5,0.158724,0.036984
9079.5,0.158595,0.037004
9080.5,0.158469,0.037024
9081.5,0.158347,0.037042
9082.5,0.158227,0.037060
9083.5,0.158111,0.037076
9084.5,0.157998,0.037091
9085.5,0.157887,0.037104
9086.5,0.157779,0.037116
9087.5,0.157674,0.037127
9088.5,0.157571,0.037136
9089.5,0.157471,0.037144
9090.5,0.157372,0.037150
9091.5,0.157276,0.037155
9092.5,0.157182,0.037159
9093.5,0.157090,0.037161
9094.5,0.156999,0.037161
9095.5,0.156910,0.037161
9096.5,0.156822,0.037158
9097.5,0.156736,0.037154
9098.5,0.156652,0.037149
9099.5,0.156568,0.037142
9100.5,0.156486,0.037134
9101.5,0.156405,0.037124
9102.5,0.156325,0.037113
9103.5,0.156245,0.037100
9104.5,0.156167,0.037086
9105.5,0.156089,0.037071
9106.5,0.156012,0.037055
9107.5,0.155936,0.037037
9108.5,0.155860,0.037018
9109.5,0.155785,0.036999
9110.5,0.155710,0.036977
9111.5,0.155636,0.036955
9112.5,0.155562,0.036932
9113.5,0.155488,0.036908
9114.5,0.155415,0.036883
9115.5,0.155342,0.036857
9116.5,0.155269,0.036831
9117.5,0.155196,0.036803
9118.5,0.155123,0.036775
9119.5,0.155051,0.036747
9120.5,0.154978,0.036717
9121.5,0.154906,0.036688
9122.5,0.154833,0.036658
9123.5,0.154760,0.036627
9124.5,0.154688,0.036597
9125.5,0.154615,0.036566
9126.5,0.154542,0.036535
9127.5,0.154470,0.036503
9128.5,0.154397,0.036472
9129.5,0.154324,0.036441
9130.5,0.154251,0.036410
9131.5,0.154177,0.036379
9132.5,0.154104,0.036349
9133.5,0.154030,0.036319
9134.5,0.153957,0.036289
9135.5,0.153883,0.036260
9136.5,0.153809,0.036231
9137.5,0.153734,0.036202
9138.5,0.153660,0.036175
9139.5,0.153585,0.036148
9140.5,0.153511,0.036122
9141.5,0.153436,0.036096
9142.5,0.153361,0.036071
9143.5,0.153285,0.036048
9144.5,0.153210,0.036025
9145.5,0.153134,0.036003
9146.5,0.153058,0.035982
9147.5,0.152982,0.035962
9148.5,0.152906,0.035943
9149.5,0.152830,0.035926
9150.5,0.152753,0.035909
9151.5,0.152676,0.035894
9152.5,0.152599,0.035879
9153.5,0.152522,0.035866
9154.5,0.152444,0.035854
9155.5,0.152367,0.035843
9156.5,0.152289,0.035834
9157.5,0.152210,0.035826
9158.5,0.152132,0.035819
9159.5,0.152053,0.035813
9160.5,0.151974,0.035808
9161.5,0.151895,0.035804
9162.5,0.151815,0.035802
9163.5,0.151735,0.035801
9164.5,0.151655,0.035800
9165.5,0.151574,0.035801
9166.5,0.151493,0.035803
9167.5,0.151412,0.035806
9168.5,0.151330,0.035810
9169.5,0.151248,0.035815
9170.5,0.151166,0.035821
9171.5,0.151083,0.035827
9172.5,0.151000,0.035835
9173.5,0.150916,0.035843
9174.5,0.150831,0.035852
9175.5,0.150747,0.035861
9176.5,0.150661,0.035871
9177.5,0.150575,0.035881
9178.5,0.150489,0.035892
9179.5,0.150402,0.035904
9180.5,0.150315,0.035915
9181.5,0.150227,0.035927
9182.5,0.150138,0.035939
9183.5,0.150048,0.035952
9184.5,0.149958,0.035964
9185.5,0.149868,0.035976
9186.5,0.149777,0.035988
9187.5,0.149685,0.036000
9188.5,0.149592,0.036012
9189.5,0.149499,0.036023
9190.5,0.149405,0.036034
9191.5,0.149310,0.036045
9192.5,0.149214,0.036055
9193.5,0.149118,0.036064
9194.5,0.149021,0.036073
9195.5,0.148924,0.036081
9196.5,0.148825,0.036089
9197.5,0.148726,0.036095
9198.5,0.148627,0.036101
9199.5,0.148526,0.036105
9200.5,0.148425,0.036109
9201.5,0.148323,0.036112
9202.5,0.148221,0.036113
9203.5,0.148118,0.036113
9204.5,0.148014,0.036112
9205.5,0.147910,0.036110
9206.5,0.147805,0.036106
9207.5,0.147699,0.036101
9208.5,0.147593,0.036095
9209.5,0.147487,0.036087
9210.5,0.147380,0.036078
9211.5,0.147273,0.036067
9212.5,0.147165,0.036055
9213.5,0.147057,0.036041
9214.5,0.146948,0.036026
9215.5,0.146840,0.036009
9216.5,0.146731,0.035991
9217.5,0.146622,0.035971
9218.5,0.146513,0.035949
9219.5,0.146404,0.035926
9220.5,0.146295,0.035902
9221.5,0.146187,0.035875
9222.5,0.146078,0.035847
9223.5,0.145970,0.035818
9224.5,0.145862,0.035787
9225.5,0.145754,0.035755
9226.5,0.145648,0.035721
9227.5,0.145541,0.035686
9228.5,0.145435,0.035649
9229.5,0.145330,0.035611
9230.5,0.145226,0.035572
9231.5,0.145123,0.035531
9232.5,0.145021,0.035489
9233.5,0.144920,0.035446
9234.5,0.144820,0.035402
9235.5,0.144722,0.035357
9236.5,0.144625,0.035311
9237.5,0.144530,0.035263
9238.5,0.144436,0.035215
9239.5,0.144344,0.035166
9240.5,0.144254,0.035117
9241.5,0.144166,0.035066
9242.5,0.144080,0.035015
9243.5,0.143996,0.034964
9244.5,0.143914,0.034912
9245.5,0.143835,0.034860
9246.5,0.143759,0.034808
9247.5,0.143685,0.034755
9248.5,0.143614,0.034702
9249.5,0.143546,0.034650
9250.5,0.143480,0.034597
9251.5,0.143418,0.034545
9252.5,0.143360,0.034493
9253.5,0.143304,0.034441
9254.5,0.143252,0.034390
9255.5,0.143204,0.034339
9256.5,0.143159,0.034289
9257.5,0.143118,0.034240
9258.5,0.143081,0.034192
9259.5,0.143048,0.034145
9260.5,0.143019,0.034098
9261.5,0.142995,0.034053
9262.5,0.142974,0.034009
9263.5,0.142958,0.033967
9264.5,0.142947,0.033926
9265.5,0.142940,0.033886
9266.5,0.142938,0.033849
9267.5,0.142940,0.033812
9268.5,0.142948,0.033778
9269.5,0.142960,0.033746
9270.5,0.142978,0.033715
9271.5,0.143000,0.033686
9272.5,0.143028,0.033660
9273.5,0.143061,0.033636
9274.5,0.143100,0.033614
9275.5,0.143143,0.033594
9276.5,0.143192,0.033576
9277.5,0.143247,0.033561
9278.5,0.143307,0.033549
9279.5,0.143373,0.033539
9280.5,0.143444,0.033531
9281.5,0.143521,0.033526
9282.5,0.143604,0.033523
9283.5,0.143692,0.033524
9284.5,0.143786,0.033526
9285.5,0.143886,0.033532
9286.5,0.143991,0.033540
9287.5,0.144103,0.033551
9288.5,0.144220,0.033564
9289.5,0.144343,0.033580
9290.5,0.144471,0.033599
9291.5,0.144606,0.033620
9292.5,0.144746,0.033644
9293.5,0.144892,0.033671
9294.5,0.145043,0.033700
9295.5,0.145201,0.033732
9296.5,0.145364,0.033766
9297.5,0.145532,0.033803
9298.5,0.145706,0.033842
9299.5,0.145886,0.033883
9300.5,0.146071,0.033927
9301.5,0.146261,0.033973
9302.5,0.146457,0.034021
9303.5,0.146658,0.034071
9304.5,0.146865,0.034124
9305.5,0.147076,0.034178
9306.5,0.147293,0.034234
9307.5,0.147514,0.034292
9308.5,0.147741,0.034352
9309.5,0.147972,0.034413
9310.5,0.148208,0.034476
9311.5,0.148448,0.034541
9312.5,0.148693,0.034606
9313.5,0.148943,0.034673
9314.5,0.149197,0.034742
9315.5,0.149455,0.034811
9316.5,0.149717,0.034882
9317.5,0.149983,0.034953
9318.5,0.150252,0.035025
9319.5,0.150526,0.035098
9320.5,0.150803,0.035172
9321.5,0.151084,0.035246
9322.5,0.151368,0.035321
9323.5,0.151655,0.035396
9324.5,0.151945,0.035472
9325.5,0.152239,0.035547
9326.5,0.152535,0.035623
9327.5,0.152833,0.035699
9328.5,0.153135,0.035775
9329.5,0.153438,0.035851
9330.5,0.153744,0.035926
9331.5,0.154053,0.036001
9332.5,0.154363,0.036076
9333.5,0.154675,0.036151
9334.5,0.154988,0.036225
9335.5,0.155303,0.036298
9336.5,0.155620,0.036371
9337.5,0.155938,0.036443
9338.5,0.156257,0.036515
9339.5,0.156577,0.036585
9340.5,0.156898,0.036655
9341.5,0.157220,0.036724
9342.5,0.157542,0.036792
9343.5,0.157864,0.036859
9344.5,0.158187,0.036925
9345.5,0.158510,0.036990
9346.5,0.158833,0.037054
9347.5,0.159156,0.037117
9348.5,0.159479,0.037179
9349.5,0.159801,0.037239
9350.5,0.160123,0.037299
9351.5,0.160445,0.037357
9352.5,0.160765,0.037414
9353.5,0.161085,0.037469
9354.5,0.161404,0.037524
9355.5,0.161721,0.037577
9356.5,0.162038,0.037629
9357.5,0.162353,0.037680
9358.5,0.162666,0.037729
9359.5,0.162979,0.037778
9360.5,0.163289,0.037825
9361.5,0.163598,0.037871
9362.5,0.163905,0.037915
9363.5,0.164210,0.037959
9364.5,0.164513,0.038001
9365.5,0.164814,0.038042
9366.5,0.165112,0.038082
9367.5,0.165409,0.038120
9368.5,0.165703,0.038158
9369.5,0.165995,0.038195
9370.5,0.166284,0.038230
9371.5,0.166571,0.038264
9372.5,0.166855,0.038298
9373.5,0.167137,0.038330
9374.5,0.167415,0.038361
9375.5,0.167691,0.038392
9376.5,0.167965,0.038421
9377.5,0.168235,0.038450
9378.5,0.168503,0.038477
9379.5,0.168767,0.038504
9380.5,0.169029,0.038530
9381.5,0.169288,0.038555
9382.5,0.169543,0.038579
9383.5,0.169796,0.038603
9384.5,0.170046,0.038625
9385.5,0.170292,0.038647
9386.5,0.170536,0.038669
9387.5,0.170776,0.038689
9388.5,0.171014,0.038709
9389.5,0.171248,0.038728
9390.5,0.171480,0.038747
9391.5,0.171708,0.038765
9392.5,0.171933,0.038782
9393.5,0.172156,0.038799
9394.5,0.172375,0.038815
9395.5,0.172592,0.038831
9396.5,0.172805,0.038846
9397.5,0.173016,0.038860
9398.5,0.173224,0.038874
9399.5,0.173429,0.038887
9400.5,0.173631,0.038900
9401.5,0.173831,0.038912
9402.5,0.174028,0.038924
9403.5,0.174222,0.038935
9404.5,0.174414,0.038946
9405.5,0.174604,0.038956
9406.5,0.174791,0.038965
9407.5,0.174975,0.038974
9408.5,0.175158,0.038983
9409.5,0.175338,0.038991
9410.5,0.175516,0.038998
9411.5,0.175692,0.039005
9412.5,0.175866,0.039011
9413.5,0.176038,0.039017
9414.5,0.176209,0.039022
9415.5,0.176377,0.039027
9416.5,0.176545,0.039031
9417.5,0.176710,0.039034
9418.5,0.176874,0.039037
9419.5,0.177037,0.039040
9420.5,0.177199,0.039042
9421.5,0.177359,0.039043
9422.5,0.177518,0.039044
9423.5,0.177677,0.039044
9424.5,0.177834,0.039043
9425.5,0.177991,0.039042
9426.5,0.178148,0.039041
9427.5,0.178303,0.039039
9428.5,0.178459,0.039036
9429.5,0.178614,0.039033
9430.5,0.178769,0.039029
9431.5,0.178924,0.039025
9432.5,0.179079,0.039020
9433.5,0.179234,0.039015
9434.5,0.179389,0.039010
9435.5,0.179545,0.039004
9436.5,0.179701,0.038997
9437.5,0.179858,0.038990
9438.5,0.180016,0.038983
9439.5,0.180174,0.038976
9440.5,0.180334,0.038968
9441.5,0.180494,0.038960
9442.5,0.180656,0.038951
9443.5,0.180819,0.038943
9444.5,0.180983,0.038934
9445.5,0.181149,0.038925
9446.5,0.181317,0.038916
9447.5,0.181486,0.038907
9448.5,0.181657,0.038898
9449.5,0.181830,0.038889
9450.5,0.182005,0.038880
9451.5,0.182182,0.038871
9452.5,0.182362,0.038862
9453.5,0.182543,0.038854
9454.5,0.182728,0.038846
9455.5,0.182914,0.038838
9456.5,0.183103,0.038830
9457.5,0.183295,0.038823
9458.5,0.183490,0.038817
9459.5,0.183687,0.038811
9460.5,0.183887,0.038805
9461.5,0.184091,0.038801
9462.5,0.184297,0.038797
9463.5,0.184507,0.038793
9464.5,0.184719,0.038791
9465.5,0.184935,0.038789
9466.5,0.185154,0.038789
9467.5,0.185377,0.038789
9468.5,0.185602,0.038791
9469.5,0.185832,0.038793
9470.5,0.186064,0.038797
9471.5,0.186300,0.038802
9472.5,0.186540,0.038808
9473.5,0.186783,0.038816
9474.5,0.187030,0.038825
9475.5,0.187280,0.038835
9476.5,0.187534,0.038847
9477.5,0.187791,0.038860
9478.5,0.188052,0.038875
9479.5,0.188317,0.038891
9480.5,0.188585,0.038909
9481.5,0.188857,0.038928
9482.5,0.189132,0.038949
9483.5,0.189410,0.038972
9484.5,0.189693,0.038997
9485.5,0.189978,0.039023
9486.5,0.190267,0.039051
9487.5,0.190559,0.039081
9488.5,0.190855,0.039113
9489.5,0.191153,0.039146
9490.5,0.191455,0.039182
9491.5,0.191760,0.039219
9492.5,0.192068,0.039257
9493.5,0.192379,0.039298
9494.5,0.192692,0.039341
9495.5,0.193008,0.039385
9496.5,0.193327,0.039431
9497.5,0.193649,0.039479
9498.5,0.193973,0.039528
9499.5,0.194299,0.039579
9500.5,0.194627,0.039632
9501.5,0.194958,0.039687
9502.5,0.195290,0.039743
9503.5,0.195624,0.039801
9504.5,0.195960,0.039861
9505.5,0.196297,0.039922
9506.5,0.196636,0.039984
9507.5,0.196976,0.040048
9508.5,0.197316,0.040113
9509.5,0.197658,0.040180
9510.5,0.198001,0.040248
9511.5,0.198343,0.040317
9512.5,0.198687,0.040387
9513.5,0.199030,0.040459
9514.5,0.199374,0.040531
9515.5,0.199717,0.040605
9516.5,0.200060,0.040680
9517.5,0.200402,0.040755
9518.5,0.200743,0.040831
9519.5,0.201084,0.040908
9520.5,0.201423,0.040986
9521.5,0.201761,0.041064
9522.5,0.202097,0.041143
9523.5,0.202431,0.041222
9524.5,0.202764,0.041301
9525.5,0.203094,0.041381
9526.5,0.203421,0.041461
9527.5,0.203746,0.041541
9528.5,0.204068,0.041622
9529.5,0.204387,0.041702
9530.5,0.204702,0.041782
9531.5,0.205014,0.041862
9532.5,0.205322,0.041942
9533.5,0.205626,0.042021
9534.5,0.205926,0.042100
9535.5,0.206221,0.042179
9536.5,0.206512,0.042257
9537.5,0.206797,0.042334
9538.5,0.207078,0.042411
9539.5,0.207353,0.042487
9540.5,0.207622,0.042561
9541.5,0.207886,0.042635
9542.5,0.208143,0.042708
9543.5,0.208395,0.042780
9544.5,0.208640,0.042851
9545.5,0.208878,0.042921
9546.5,0.209109,0.042989
9547.5,0.209334,0.043055
9548.5,0.209550,0.043121
9549.5,0.209760,0.043185
9550.5,0.209962,0.043247
9551.5,0.210156,0.043307
9552.5,0.210342,0.043366
9553.5,0.210519,0.043424
9554.5,0.210689,0.043479
9555.5,0.210849,0.043532
9556.5,0.211001,0.043584
9557.5,0.211144,0.043633
9558.5,0.211278,0.043681
9559.5,0.211403,0.043726
9560.5,0.211518,0.043769
9561.5,0.211624,0.043810
9562.5,0.211720,0.043849
9563.5,0.211807,0.043885
9564.5,0.211884,0.043919
9565.5,0.211950,0.043951
9566.5,0.212007,0.043981
9567.5,0.212053,0.044007
9568.5,0.212089,0.044032
9569.5,0.212115,0.044054
9570.5,0.212130,0.044073
9571.5,0.212135,0.044090
9572.5,0.212129,0.044104
9573.5,0.212112,0.044116
9574.5,0.212085,0.044125
9575.5,0.212047,0.044132
9576.5,0.211998,0.044135
9577.5,0.211938,0.044136
9578.5,0.211868,0.044135
9579.5,0.211786,0.044131
9580.5,0.211694,0.044124
9581.5,0.211591,0.044114
9582.5,0.211477,0.044101
9583.5,0.211353,0.044086
9584.5,0.211218,0.044069
9585.5,0.211072,0.044048
9586.5,0.210915,0.044025
9587.5,0.210748,0.043999
9588.5,0.210570,0.043970
9589.5,0.210381,0.043939
9590.5,0.210183,0.043905
9591.5,0.209974,0.043869
9592.5,0.209755,0.043829
9593.5,0.209525,0.043788
9594.5,0.209286,0.043743
9595.5,0.209037,0.043696
9596.5,0.208778,0.043647
9597.5,0.208510,0.043595
9598.5,0.208232,0.043540
9599.5,0.207945,0.043483
9600.5,0.207649,0.043424
9601.5,0.207344,0.043362
9602.5,0.207030,0.043298
9603.5,0.206707,0.043232
9604.5,0.206376,0.043163
9605.5,0.206037,0.043093
9606.5,0.205690,0.043019
9607.5,0.205335,0.042944
9608.5,0.204973,0.042867
9609.5,0.204603,0.042788
9610.5,0.204226,0.042706
9611.5,0.203842,0.042623
9612.5,0.203452,0.042538
9613.5,0.203055,0.042451
9614.5,0.202653,0.042362
9615.5,0.202244,0.042271
9616.5,0.201830,0.042179
9617.5,0.201410,0.042085
9618.5,0.200985,0.041990
9619.5,0.200556,0.041893
9620.5,0.200122,0.041794
9621.5,0.199684,0.041694
9622.5,0.199242,0.041593
9623.5,0.198796,0.041491
9624.5,0.198347,0.041387
9625.5,0.197895,0.041282
9626.5,0.197441,0.041177
9627.5,0.196984,0.041070
9628.5,0.196524,0.040962
9629.5,0.196063,0.040854
9630.5,0.195601,0.040744
9631.5,0.195137,0.040634
9632.5,0.194672,0.040524
9633.5,0.194207,0.040413
9634.5,0.193742,0.040301
9635.5,0.193276,0.040189
9636.5,0.192812,0.040077
9637.5,0.192347,0.039964
9638.5,0.191884,0.039851
9639.5,0.191422,0.039738
9640.5,0.190962,0.039626
9641.5,0.190504,0.039513
9642.5,0.190047,0.039400
9643.5,0.189594,0.039288
9644.5,0.189143,0.039176
9645.5,0.188696,0.039065
9646.5,0.188252,0.038954
9647.5,0.187811,0.038844
9648.5,0.187375,0.038734
9649.5,0.186943,0.038625
9650.5,0.186516,0.038517
9651.5,0.186094,0.038410
9652.5,0.185676,0.038304
9653.5,0.185265,0.038199
9654.5,0.184859,0.038096
9655.5,0.184458,0.037994
9656.5,0.184065,0.037893
9657.5,0.183677,0.037793
9658.5,0.183297,0.037696
9659.5,0.182923,0.037600
9660.5,0.182556,0.037506
9661.5,0.182197,0.037413
9662.5,0.181846,0.037323
9663.5,0.181503,0.037234
9664.5,0.181167,0.037148
9665.5,0.180840,0.037064
9666.5,0.180521,0.036982
9667.5,0.180211,0.036903
9668.5,0.179910,0.036826
9669.5,0.179617,0.036752
9670.5,0.179334,0.036680
9671.5,0.179060,0.036611
9672.5,0.178796,0.036545
9673.5,0.178541,0.036481
9674.5,0.178295,0.036421
9675.5,0.178060,0.036363
9676.5,0.177834,0.036309
9677.5,0.177619,0.036257
9678.5,0.177413,0.036209
9679.5,0.177218,0.036164
9680.5,0.177033,0.036123
9681.5,0.176858,0.036084
9682.5,0.176693,0.036049
9683.5,0.176539,0.036017
9684.5,0.176395,0.035989
9685.5,0.176262,0.035965
9686.5,0.176139,0.035943
9687.5,0.176027,0.035926
9688.5,0.175925,0.035912
9689.5,0.175833,0.035901
9690.5,0.175752,0.035894
9691.5,0.175681,0.035891
9692.5,0.175621,0.035891
9693.5,0.175571,0.035895
9694.5,0.175531,0.035902
9695.5,0.175501,0.035913
9696.5,0.175481,0.035928
9697.5,0.175471,0.035946
9698.5,0.175471,0.035967
9699.5,0.175480,0.035992
9700.5,0.175499,0.036021
9701.5,0.175528,0.036053
9702.5,0.175565,0.036088
9703.5,0.175612,0.036126
9704.5,0.175668,0.036168
9705.5,0.175733,0.036213
9706.5,0.175806,0.036261
9707.5,0.175888,0.036313
9708.5,0.175978,0.036367
9709.5,0.176077,0.036424
9710.5,0.176183,0.036484
9711.5,0.176296,0.036547
9712.5,0.176417,0.036613
9713.5,0.176546,0.036681
9714.5,0.176681,0.036752
9715.5,0.176823,0.036825
9716.5,0.176971,0.036900
9717.5,0.177126,0.036978
9718.5,0.177286,0.037057
9719.5,0.177452,0.037139
9720.5,0.177624,0.037223
9721.5,0.177800,0.037309
9722.5,0.177981,0.037396
9723.5,0.178167,0.037485
9724.5,0.178357,0.037575
9725.5,0.178551,0.037667
9726.5,0.178749,0.037759
9727.5,0.178950,0.037853
9728.5,0.179154,0.037949
9729.5,0.179361,0.038044
9730.5,0.179570,0.038141
9731.5,0.179781,0.038239
9732.5,0.179994,0.038336
9733.5,0.180208,0.038435
9734.5,0.180423,0.038533
9735.5,0.180639,0.038632
9736.5,0.180856,0.038731
9737.5,0.181072,0.038830
9738.5,0.181288,0.038929
9739.5,0.181504,0.039027
9740.5,0.181719,0.039125
9741.5,0.181933,0.039222
9742.5,0.182145,0.039319
9743.5,0.182355,0.039415
9744.5,0.182563,0.039511
9745.5,0.182769,0.039605
9746.5,0.182971,0.039698
9747.5,0.183171,0.039790
9748.5,0.183367,0.039881
9749.5,0.183559,0.039970
9750.5,0.183747,0.040058
9751.5,0.183931,0.040145
9752.5,0.184110,0.040229
9753.5,0.184284,0.040312
9754.5,0.184453,0.040393
9755.5,0.184616,0.040473
9756.5,0.184773,0.040550
9757.5,0.184924,0.040625
9758.5,0.185069,0.040697
9759.5,0.185207,0.040768
9760.5,0.185338,0.040836
9761.5,0.185462,0.040902
9762.5,0.185578,0.040965
9763.5,0.185687,0.041026
9764.5,0.185787,0.041084
9765.5,0.185880,0.041139
9766.5,0.185964,0.041192
9767.5,0.186039,0.041242
9768.5,0.186106,0.041289
9769.5,0.186163,0.041333
9770.5,0.186212,0.041374
9771.5,0.186251,0.041412
9772.5,0.186280,0.041447
9773.5,0.186299,0.041479
9774.5,0.186309,0.041508
9775.5,0.186308,0.041533
9776.5,0.186298,0.041556
9777.5,0.186277,0.041575
9778.5,0.186245,0.041591
9779.5,0.186203,0.041603
9780.5,0.186150,0.041613
9781.5,0.186086,0.041619
9782.5,0.186012,0.041622
9783.5,0.185926,0.041621
9784.5,0.185829,0.041617
9785.5,0.185721,0.041610
9786.5,0.185602,0.041600
9787.5,0.185472,0.041586
9788.5,0.185330,0.041569
9789.5,0.185177,0.041548
9790.5,0.185013,0.041524
9791.5,0.184837,0.041497
9792.5,0.184650,0.041467
9793.5,0.184452,0.041433
9794.5,0.184242,0.041396
9795.5,0.184021,0.041356
9796.5,0.183789,0.041313
9797.5,0.183545,0.041267
9798.5,0.183291,0.041217
9799.5,0.183025,0.041165
9800.5,0.182748,0.041109
9801.5,0.182460,0.041050
9802.5,0.182161,0.040989
9803.5,0.181852,0.040924
9804.5,0.181531,0.040857
9805.5,0.181200,0.040787
9806.5,0.180858,0.040714
9807.5,0.180506,0.040639
9808.5,0.180144,0.040560
9809.5,0.179772,0.040480
9810.5,0.179389,0.040396
9811.5,0.178997,0.040311
9812.5,0.178595,0.040223
9813.5,0.178183,0.040132
9814.5,0.177762,0.040039
9815.5,0.177331,0.039945
9816.5,0.176892,0.039848
9817.5,0.176444,0.039749
9818.5,0.175987,0.039648
9819.5,0.175521,0.039545
9820.5,0.175047,0.039440
9821.5,0.174565,0.039334
9822.5,0.174075,0.039226
9823.5,0.173577,0.039117
9824.5,0.173071,0.039006
9825.5,0.172559,0.038893
9826.5,0.172039,0.038780
9827.5,0.171512,0.038665
9828.5,0.170978,0.038549
9829.5,0.170438,0.038432
9830.5,0.169892,0.038314
9831.5,0.169339,0.038195
9832.5,0.168781,0.038075
9833.5,0.168217,0.037955
9834.5,0.167648,0.037834
9835.5,0.167073,0.037712
9836.5,0.166494,0.037590
9837.5,0.165909,0.037468
9838.5,0.165321,0.037345
9839.5,0.164728,0.037222
9840.5,0.164130,0.037099
9841.5,0.163529,0.036976
9842.5,0.162925,0.036853
9843.5,0.162317,0.036731
9844.5,0.161706,0.036608
9845.5,0.161091,0.036486
9846.5,0.160474,0.036364
9847.5,0.159855,0.036242
9848.5,0.159233,0.036121
9849.5,0.158609,0.036001
9850.5,0.157983,0.035881
9851.5,0.157355,0.035762
9852.5,0.156726,0.035643
9853.5,0.156095,0.035526
9854.5,0.155463,0.035409
9855.5,0.154830,0.035294
9856.5,0.154196,0.035179
9857.5,0.153562,0.035066
9858.5,0.152927,0.034954
9859.5,0.152292,0.034843
9860.5,0.151657,0.034733
9861.5,0.151022,0.034624
9862.5,0.150386,0.034517
9863.5,0.149752,0.034411
9864.5,0.149117,0.034307
9865.5,0.148484,0.034204
9866.5,0.147851,0.034103
9867.5,0.147218,0.034003
9868.5,0.146587,0.033905
9869.5,0.145957,0.033808
9870.5,0.145328,0.033713
9871.5,0.144701,0.033620
9872.5,0.144074,0.033528
9873.5,0.143450,0.033439
9874.5,0.142827,0.033350
9875.5,0.142205,0.033264
9876.5,0.141586,0.033179
9877.5,0.140968,0.033096
9878.5,0.140352,0.033015
9879.5,0.139738,0.032935
9880.5,0.139126,0.032858
9881.5,0.138516,0.032782
9882.5,0.137908,0.032707
9883.5,0.137302,0.032635
9884.5,0.136698,0.032564
9885.5,0.136097,0.032495
9886.5,0.135497,0.032428
9887.5,0.134900,0.032362
9888.5,0.134305,0.032298
9889.5,0.133713,0.032236
9890.5,0.133122,0.032176
9891.5,0.132534,0.032117
9892.5,0.131948,0.032059
9893.5,0.131363,0.032003
9894.5,0.130782,0.031949
9895.5,0.130202,0.031896
9896.5,0.129624,0.031845
9897.5,0.129048,0.031795
9898.5,0.128475,0.031746
9899.5,0.127903,0.031699
9900.5,0.127333,0.031653
9901.5,0.126765,0.031608
9902.5,0.126199,0.031565
9903.5,0.125634,0.031522
9904.5,0.125071,0.031481
9905.5,0.124510,0.031441
9906.5,0.123950,0.031402
9907.5,0.123391,0.031363
9908.5,0.122834,0.031326
9909.5,0.122278,0.031290
9910.5,0.121723,0.031254
9911.5,0.121169,0.031219
9912.5,0.120616,0.031185
9913.5,0.120064,0.031151
9914.5,0.119513,0.031118
9915.5,0.118963,0.031085
9916.5,0.118413,0.031053
9917.5,0.117863,0.031021
9918.5,0.117314,0.030990
9919.5,0.116765,0.030958
9920.5,0.116216,0.030927
9921.5,0.115668,0.030896
9922.5,0.115119,0.030865
9923.5,0.114570,0.030834
9924.5,0.114021,0.030803
9925.5,0.113471,0.030771
9926.5,0.112921,0.030740
9927.5,0.112370,0.030708
9928.5,0.111818,0.030676
9929.5,0.111266,0.030643
9930.5,0.110713,0.030609
9931.5,0.110158,0.030576
9932.5,0.109602,0.030541
9933.5,0.109046,0.030506
9934.5,0.108487,0.030470
9935.5,0.107927,0.030433
9936.5,0.107366,0.030395
9937.5,0.106803,0.030356
9938.5,0.106238,0.030316
9939.5,0.105671,0.030275
9940.5,0.105103,0.030233
9941.5,0.104532,0.030189
9942.5,0.103959,0.030144
9943.5,0.103384,0.030098
9944.5,0.102806,0.030050
9945.5,0.102226,0.030001
9946.5,0.101643,0.029950
9947.5,0.101058,0.029898
9948.5,0.100471,0.029844
9949.5,0.099880,0.029788
9950.5,0.099287,0.029730
9951.5,0.098691,0.029670
9952.5,0.098092,0.029609
9953.5,0.097490,0.029545
9954.5,0.096885,0.029480
9955.5,0.096277,0.029412
9956.5,0.095666,0.029342
9957.5,0.095052,0.029270
9958.5,0.094435,0.029196
9959.5,0.093814,0.029120
9960.5,0.093191,0.029041
9961.5,0.092564,0.028960
9962.5,0.091933,0.028876
9963.5,0.091300,0.028791
9964.5,0.090663,0.028702
9965.5,0.090023,0.028611
9966.5,0.089380,0.028518
9967.5,0.088733,0.028422
9968.5,0.088083,0.028324
9969.5,0.087430,0.028223
9970.5,0.086774,0.028119
9971.5,0.086114,0.028013
9972.5,0.085451,0.027904
9973.5,0.084785,0.027792
9974.5,0.084116,0.027678
9975.5,0.083444,0.027561
9976.5,0.082769,0.027441
9977.5,0.082091,0.027319
9978.5,0.081410,0.027194
9979.5,0.080726,0.027066
9980.5,0.080039,0.026936
9981.5,0.079349,0.026803
9982.5,0.078657,0.026667
9983.5,0.077962,0.026528
9984.5,0.077265,0.026387
9985.5,0.076565,0.026243
9986.5,0.075863,0.026096
9987.5,0.075158,0.025947
9988.5,0.074451,0.025795
9989.5,0.073743,0.025641
9990.5,0.073032,0.025484
9991.5,0.072319,0.025324
9992.5,0.071605,0.025162
9993.5,0.070889,0.024998
9994.5,0.070171,0.024831
9995.5,0.069452,0.024661
9996.5,0.068732,0.024489
9997.5,0.068010,0.024315
9998.5,0.067287,0.024139
9999.5,0.066563,0.023960
