E_keV,counts_per_h_per_keV,sigma_counts_per_h_per_keV
20.5,25.658334,3.116999
21.5,27.275213,3.174638
22.5,29.147902,3.281009
23.5,31.142078,3.402878
24.5,33.107665,3.501328
25.5,34.934192,3.554007
26.5,36.584890,3.564372
27.5,38.093157,3.555961
28.5,39.530186,3.555421
29.5,40.966305,3.575870
30.5,42.446896,3.613885
31.5,43.990537,3.659889
32.5,45.602618,3.708698
33.5,47.291575,3.761382
34.5,49.076781,3.821207
35.5,50.985363,3.889977
36.5,53.041734,3.966849
37.5,55.256929,4.048233
38.5,57.623264,4.128276
39.5,60.115772,4.200841
40.5,62.698719,4.262775
41.5,65.333326,4.316213
42.5,67.983380,4.367808
43.5,70.616491,4.425083
44.5,73.201638,4.492415
45.5,75.704838,4.569263
46.5,78.085937,4.651141
47.5,80.298092,4.731749
48.5,82.290749,4.804572
49.5,84.015118,4.863578
50.5,85.430921,4.903703
51.5,86.512339,4.921644
52.5,87.252108,4.916665
53.5,87.662805,4.890794
54.5,87.775289,4.848077
55.5,87.634553,4.793246
56.5,87.293956,4.730562
57.5,86.809008,4.663377
58.5,86.231766,4.594411
59.5,85.606911,4.526279
60.5,84.969631,4.461694
61.5,84.345304,4.403127
62.5,83.750480,4.352111
63.5,83.194586,4.308683
64.5,82.681787,4.271384
65.5,82.212536,4.237899
66.5,81.784529,4.206084
67.5,81.393097,4.174862
68.5,81.030968,4.144564
69.5,80.687718,4.116564
70.5,80.349275,4.092374
71.5,79.997906,4.072654
72.5,79.612944,4.056611
73.5,79.172581,4.042067
74.5,78.656392,4.026147
75.5,78.048238,4.006249
76.5,77.338915,3.980906
77.5,76.527945,3.950248
78.5,75.624001,3.915980
79.5,74.643858,3.880922
80.5,73.609924,3.848266
81.5,72.546942,3.820749
82.5,71.478399,3.799947
83.5,70.423350,3.785890
84.5,69.394223,3.777105
85.5,68.395810,3.771078
86.5,67.425614,3.764965
87.5,66.475276,3.756325
88.5,65.532750,3.743625
89.5,64.584787,3.726413
90.5,63.619337,3.705119
91.5,62.627442,3.680606
92.5,61.604508,3.653656
93.5,60.550794,3.624544
94.5,59.471257,3.592884
95.5,58.374802,3.557737
96.5,57.273147,3.517962
97.5,56.179511,3.472657
98.5,55.107249,3.421556
99.5,54.068646,3.365259
100.5,53.073885,3.305238
101.5,52.130367,3.243622
102.5,51.242294,3.182811
103.5,50.410574,3.125025
104.5,49.633018,3.071907
105.5,48.904777,3.024291
106.5,48.218916,2.982173
107.5,47.567180,2.944874
108.5,46.940726,2.911312
109.5,46.330861,2.880285
110.5,45.729729,2.850672
111.5,45.130851,2.821525
112.5,44.529538,2.792080
113.5,43.923207,2.761714
114.5,43.311457,2.729921
115.5,42.696052,2.696335
116.5,42.080750,2.660792
117.5,41.470969,2.623416
118.5,40.873354,2.584693
119.5,40.295252,2.545488
120.5,39.744077,2.507002
121.5,39.226654,2.470650
122.5,38.748582,2.437895
123.5,38.313679,2.410047
124.5,37.923525,2.388072
125.5,37.577184,2.372437
126.5,37.271185,2.363029
127.5,36.999677,2.359149
128.5,36.754823,2.359596
129.5,36.527402,2.362819
130.5,36.307521,2.367123
131.5,36.085343,2.370877
132.5,35.851894,2.372728
133.5,35.599680,2.371749
134.5,35.323182,2.367536
135.5,35.019122,2.360224
136.5,34.686571,2.350406
137.5,34.326755,2.338991
138.5,33.942760,2.326992
139.5,33.539096,2.315305
140.5,33.121196,2.304506
141.5,32.694925,2.294721
142.5,32.266147,2.285591
143.5,31.840409,2.276350
144.5,31.422742,2.265982
145.5,31.017568,2.253433
146.5,30.628748,2.237817
147.5,30.259672,2.218591
148.5,29.913390,2.195665
149.5,29.592749,2.169432
150.5,29.300481,2.140733
151.5,29.039212,2.110755
152.5,28.811427,2.080897
153.5,28.619350,2.052616
154.5,28.464756,2.027271
155.5,28.348764,2.005993
156.5,28.271620,1.989602
157.5,28.232501,1.978553
158.5,28.229384,1.972942
159.5,28.258949,1.972547
160.5,28.316602,1.976900
161.5,28.396541,1.985371
162.5,28.491923,1.997248
163.5,28.595067,2.011814
164.5,28.697734,2.028391
165.5,28.791414,2.046363
166.5,28.867628,2.065175
167.5,28.918226,2.084298
168.5,28.935675,2.103194
169.5,28.913305,2.121260
170.5,28.845528,2.137798
171.5,28.728004,2.151989
172.5,28.557793,2.162909
173.5,28.333428,2.169566
174.5,28.054967,2.170971
175.5,27.724004,2.166225
176.5,27.343611,2.154618
177.5,26.918266,2.135718
178.5,26.453702,2.109447
179.5,25.956737,2.076130
180.5,25.435055,2.036511
181.5,24.896958,1.991732
182.5,24.351057,1.943280
183.5,23.806010,1.892899
184.5,23.270200,1.842473
185.5,22.751441,1.793902
186.5,22.256711,1.748955
187.5,21.791930,1.709146
188.5,21.361770,1.675622
189.5,20.969529,1.649092
190.5,20.617063,1.629806
191.5,20.304811,1.617580
192.5,20.031837,1.611863
193.5,19.795965,1.611834
194.5,19.593940,1.616508
195.5,19.421641,1.624825
196.5,19.274313,1.635738
197.5,19.146816,1.648259
198.5,19.033857,1.661499
199.5,18.930246,1.674678
200.5,18.831096,1.687126
201.5,18.732012,1.698273
202.5,18.629239,1.707639
203.5,18.519773,1.714816
204.5,18.401426,1.719463
205.5,18.272862,1.721294
206.5,18.133555,1.720081
207.5,17.983771,1.715660
208.5,17.824463,1.707939
209.5,17.657164,1.696912
210.5,17.483856,1.682672
211.5,17.306822,1.665417
212.5,17.128500,1.645461
213.5,16.951322,1.623228
214.5,16.777591,1.599239
215.5,16.609332,1.574093
216.5,16.448212,1.548434
217.5,16.295451,1.522917
218.5,16.151767,1.498162
219.5,16.017366,1.474716
220.5,15.891946,1.453014
221.5,15.774734,1.433353
222.5,15.664552,1.415874
223.5,15.559910,1.400566
224.5,15.459082,1.387274
225.5,15.360236,1.375726
226.5,15.261533,1.365566
227.5,15.161234,1.356388
228.5,15.057794,1.347771
229.5,14.949946,1.339315
230.5,14.836761,1.330666
231.5,14.717690,1.321535
232.5,14.592582,1.311712
233.5,14.461688,1.301077
234.5,14.325630,1.289594
235.5,14.185361,1.277315
236.5,14.042110,1.264364
237.5,13.897309,1.250931
238.5,13.752523,1.237253
239.5,13.609362,1.223596
240.5,13.469408,1.210242
241.5,13.334136,1.197463
242.5,13.204848,1.185514
243.5,13.082611,1.174612
244.5,12.968213,1.164932
245.5,12.862126,1.156595
246.5,12.764486,1.149670
247.5,12.675082,1.144175
248.5,12.593367,1.140076
249.5,12.518470,1.137294
250.5,12.449221,1.135708
251.5,12.384196,1.135165
252.5,12.321759,1.135479
253.5,12.260115,1.136440
254.5,12.197364,1.137817
255.5,12.131559,1.139366
256.5,12.060771,1.140835
257.5,11.983145,1.141968
258.5,11.896953,1.142519
259.5,11.800648,1.142250
260.5,11.692909,1.140947
261.5,11.572681,1.138419
262.5,11.439208,1.134507
263.5,11.292045,1.129088
264.5,11.131072,1.122078
265.5,10.956505,1.113432
266.5,10.768866,1.103151
267.5,10.568987,1.091279
268.5,10.357970,1.077904
269.5,10.137151,1.063155
270.5,9.908069,1.047202
271.5,9.672415,1.030249
272.5,9.431982,1.012530
273.5,9.188621,0.994295
274.5,8.944191,0.975803
275.5,8.700520,0.957309
276.5,8.459354,0.939050
277.5,8.222332,0.921233
278.5,7.990953,0.904027
279.5,7.766553,0.887555
280.5,7.550296,0.871892
281.5,7.343165,0.857064
282.5,7.145961,0.843060
283.5,6.959307,0.829838
284.5,6.783665,0.817336
285.5,6.619342,0.805486
286.5,6.466516,0.794223
287.5,6.325246,0.783498
288.5,6.195498,0.773279
289.5,6.077157,0.763558
290.5,5.970050,0.754348
291.5,5.873951,0.745685
292.5,5.788596,0.737621
293.5,5.713693,0.730219
294.5,5.648921,0.723550
295.5,5.593931,0.717685
296.5,5.548350,0.712693
297.5,5.511774,0.708635
298.5,5.483765,0.705561
299.5,5.463842,0.703506
300.5,5.451482,0.702488
301.5,5.446112,0.702504
302.5,5.447106,0.703529
303.5,5.453787,0.705515
304.5,5.465426,0.708387
305.5,5.481246,0.712045
306.5,5.500429,0.716366
307.5,5.522127,0.721206
308.5,5.545471,0.726402
309.5,5.569583,0.731780
310.5,5.593596,0.737160
311.5,5.616666,0.742363
312.5,5.637991,0.747215
313.5,5.656827,0.751554
314.5,5.672503,0.755237
315.5,5.684434,0.758143
316.5,5.692135,0.760173
317.5,5.695228,0.761258
318.5,5.693454,0.761357
319.5,5.686662,0.760457
320.5,5.674824,0.758574
321.5,5.658023,0.755753
322.5,5.636441,0.752066
323.5,5.610352,0.747610
324.5,5.580107,0.742508
325.5,5.546115,0.736908
326.5,5.508823,0.730974
327.5,5.468697,0.724892
328.5,5.426196,0.718856
329.5,5.381760,0.713068
330.5,5.335780,0.707724
331.5,5.288588,0.703007
332.5,5.240443,0.699072
333.5,5.191514,0.696039
334.5,5.141881,0.693976
335.5,5.091528,0.692893
336.5,5.040348,0.692735
337.5,4.988150,0.693385
338.5,4.934673,0.694662
339.5,4.879601,0.696333
340.5,4.822583,0.698125
341.5,4.763253,0.699739
342.5,4.701257,0.700868
343.5,4.636280,0.701210
344.5,4.568059,0.700488
345.5,4.496416,0.698456
346.5,4.421267,0.694921
347.5,4.342644,0.689740
348.5,4.260701,0.682835
349.5,4.175720,0.674193
350.5,4.088106,0.663869
351.5,3.998387,0.651983
352.5,3.907195,0.638722
353.5,3.815256,0.624332
354.5,3.723364,0.609110
355.5,3.632359,0.593402
356.5,3.543099,0.577585
357.5,3.456433,0.562061
358.5,3.373175,0.547232
359.5,3.294076,0.533492
360.5,3.219798,0.521197
361.5,3.150899,0.510649
362.5,3.087810,0.502075
363.5,3.030829,0.495610
364.5,2.980109,0.491289
365.5,2.935658,0.489044
366.5,2.897345,0.488712
367.5,2.864899,0.490053
368.5,2.837933,0.492770
369.5,2.815951,0.496528
370.5,2.798367,0.500982
371.5,2.784535,0.505789
372.5,2.773760,0.510628
373.5,2.765324,0.515208
374.5,2.758513,0.519275
375.5,2.752632,0.522618
376.5,2.747028,0.525069
377.5,2.741104,0.526505
378.5,2.734335,0.526848
379.5,2.726277,0.526059
380.5,2.716577,0.524143
381.5,2.704973,0.521138
382.5,2.691299,0.517120
383.5,2.675480,0.512192
384.5,2.657526,0.506483
385.5,2.637528,0.500140
386.5,2.615646,0.493327
387.5,2.592101,0.486211
388.5,2.567159,0.478963
389.5,2.541120,0.471746
390.5,2.514308,0.464709
391.5,2.487057,0.457985
392.5,2.459700,0.451682
393.5,2.432559,0.445882
394.5,2.405935,0.440641
395.5,2.380102,0.435988
396.5,2.355300,0.431929
397.5,2.331732,0.428448
398.5,2.309556,0.425513
399.5,2.288895,0.423085
400.5,2.269822,0.421114
401.5,2.252374,0.419551
402.5,2.236547,0.418348
403.5,2.222299,0.417459
404.5,2.209558,0.416844
405.5,2.198222,0.416464
406.5,2.188164,0.416287
407.5,2.179238,0.416280
408.5,2.171284,0.416415
409.5,2.164131,0.416659
410.5,2.157600,0.416982
411.5,2.151515,0.417351
412.5,2.145698,0.417732
413.5,2.139979,0.418089
414.5,2.134198,0.418387
415.5,2.128210,0.418589
416.5,2.121883,0.418662
417.5,2.115105,0.418572
418.5,2.107785,0.418292
419.5,2.099852,0.417796
420.5,2.091262,0.417062
421.5,2.081993,0.416074
422.5,2.072051,0.414821
423.5,2.061463,0.413296
424.5,2.050284,0.411499
425.5,2.038590,0.409434
426.5,2.026481,0.407114
427.5,2.014074,0.404558
428.5,2.001503,0.401791
429.5,1.988916,0.398849
430.5,1.976474,0.395774
431.5,1.964345,0.392617
432.5,1.952695,0.389437
433.5,1.941689,0.386300
434.5,1.931489,0.383280
435.5,1.922248,0.380450
436.5,1.914102,0.377888
437.5,1.907170,0.375666
438.5,1.901551,0.373855
439.5,1.897320,0.372510
440.5,1.894524,0.371679
441.5,1.893182,0.371390
442.5,1.893287,0.371654
443.5,1.894800,0.372463
444.5,1.897653,0.373791
445.5,1.901752,0.375594
446.5,1.906980,0.377812
447.5,1.913194,0.380372
448.5,1.920235,0.383194
449.5,1.927931,0.386190
450.5,1.936098,0.389273
451.5,1.944549,0.392356
452.5,1.953099,0.395354
453.5,1.961569,0.398190
454.5,1.969794,0.400795
455.5,1.977627,0.403106
456.5,1.984943,0.405070
457.5,1.991648,0.406645
458.5,1.997679,0.407796
459.5,2.003012,0.408496
460.5,2.007663,0.408728
461.5,2.011690,0.408483
462.5,2.015195,0.407759
463.5,2.018327,0.406565
464.5,2.021277,0.404916
465.5,2.024281,0.402836
466.5,2.027616,0.400360
467.5,2.031595,0.397533
468.5,2.036563,0.394413
469.5,2.042896,0.391068
470.5,2.050988,0.387582
471.5,2.061249,0.384050
472.5,2.074096,0.380583
473.5,2.089943,0.377302
474.5,2.109194,0.374341
475.5,2.132234,0.371841
476.5,2.159420,0.369947
477.5,2.191069,0.368804
478.5,2.227453,0.368549
479.5,2.268789,0.369305
480.5,2.315229,0.371178
481.5,2.366860,0.374243
482.5,2.423685,0.378549
483.5,2.485632,0.384111
484.5,2.552542,0.390908
485.5,2.624168,0.398889
486.5,2.700176,0.407974
487.5,2.780143,0.418056
488.5,2.863564,0.429010
489.5,2.949849,0.440695
490.5,3.038336,0.452961
491.5,3.128294,0.465651
492.5,3.218932,0.478606
493.5,3.309411,0.491666
494.5,3.398854,0.504674
495.5,3.486358,0.517477
496.5,3.571010,0.529925
497.5,3.651898,0.541876
498.5,3.728126,0.553191
499.5,3.798827,0.563741
500.5,3.863182,0.573404
501.5,3.920426,0.582065
502.5,3.969867,0.589622
503.5,4.010894,0.595981
504.5,4.042988,0.601060
505.5,4.065734,0.604790
506.5,4.078823,0.607117
507.5,4.082058,0.608001
508.5,4.075361,0.607419
509.5,4.058771,0.605362
510.5,4.032446,0.601843
511.5,3.996652,0.596889
512.5,3.951768,0.590548
513.5,3.898273,0.582884
514.5,3.836739,0.573979
515.5,3.767820,0.563932
516.5,3.692242,0.552858
517.5,3.610790,0.540885
518.5,3.524294,0.528155
519.5,3.433616,0.514818
520.5,3.339637,0.501036
521.5,3.243243,0.486973
522.5,3.145309,0.472797
523.5,3.046693,0.458678
524.5,2.948219,0.444779
525.5,2.850669,0.431259
526.5,2.754774,0.418265
527.5,2.661205,0.405931
528.5,2.570568,0.394373
529.5,2.483402,0.383688
530.5,2.400171,0.373949
531.5,2.321266,0.365206
532.5,2.247004,0.357484
533.5,2.177628,0.350782
534.5,2.113313,0.345080
535.5,2.054165,0.340335
536.5,2.000230,0.336488
537.5,1.951494,0.333471
538.5,1.907893,0.331204
539.5,1.869318,0.329608
540.5,1.835619,0.328601
541.5,1.806612,0.328105
542.5,1.782087,0.328049
543.5,1.761813,0.328368
544.5,1.745544,0.329005
545.5,1.733019,0.329911
546.5,1.723974,0.331046
547.5,1.718145,0.332374
548.5,1.715267,0.333870
549.5,1.715079,0.335511
550.5,1.717330,0.337279
551.5,1.721778,0.339161
552.5,1.728191,0.341145
553.5,1.736349,0.343223
554.5,1.746045,0.345386
555.5,1.757085,0.347630
556.5,1.769287,0.349948
557.5,1.782483,0.352336
558.5,1.796517,0.354789
559.5,1.811241,0.357305
560.5,1.826521,0.359879
561.5,1.842230,0.362508
562.5,1.858253,0.365190
563.5,1.874478,0.367920
564.5,1.890802,0.370696
565.5,1.907125,0.373515
566.5,1.923355,0.376372
567.5,1.939399,0.379262
568.5,1.955171,0.382180
569.5,1.970583,0.385121
570.5,1.985552,0.388076
571.5,1.999995,0.391038
572.5,2.013829,0.393997
573.5,2.026974,0.396943
574.5,2.039347,0.399862
575.5,2.050871,0.402743
576.5,2.061467,0.405568
577.5,2.071060,0.408322
578.5,2.079577,0.410986
579.5,2.086951,0.413539
580.5,2.093115,0.415958
581.5,2.098012,0.418218
582.5,2.101592,0.420293
583.5,2.103810,0.422155
584.5,2.104633,0.423773
585.5,2.104039,0.425116
586.5,2.102014,0.426155
587.5,2.098560,0.426856
588.5,2.093693,0.427192
589.5,2.087442,0.427135
590.5,2.079850,0.426660
591.5,2.070983,0.425749
592.5,2.060913,0.424389
593.5,2.049731,0.422572
594.5,2.037544,0.420301
595.5,2.024471,0.417587
596.5,2.010647,0.414452
597.5,1.996213,0.410929
598.5,1.981327,0.407063
599.5,1.966148,0.402910
600.5,1.950844,0.398538
601.5,1.935583,0.394028
602.5,1.920536,0.389470
603.5,1.905869,0.384962
604.5,1.891742,0.380610
605.5,1.878307,0.376524
606.5,1.865705,0.372813
607.5,1.854063,0.369585
608.5,1.843489,0.366938
609.5,1.834075,0.364959
610.5,1.825891,0.363718
611.5,1.818984,0.363267
612.5,1.813377,0.363631
613.5,1.809071,0.364812
614.5,1.806040,0.366787
615.5,1.804235,0.369509
616.5,1.803584,0.372905
617.5,1.803990,0.376887
618.5,1.805339,0.381349
619.5,1.807495,0.386175
620.5,1.810308,0.391240
621.5,1.813614,0.396418
622.5,1.817237,0.401583
623.5,1.820997,0.406611
624.5,1.824707,0.411386
625.5,1.828184,0.415799
626.5,1.831244,0.419752
627.5,1.833711,0.423159
628.5,1.835419,0.425943
629.5,1.836216,0.428042
630.5,1.835963,0.429409
631.5,1.834541,0.430009
632.5,1.831849,0.429818
633.5,1.827807,0.428830
634.5,1.822361,0.427048
635.5,1.815476,0.424490
636.5,1.807143,0.421185
637.5,1.797376,0.417174
638.5,1.786210,0.412506
639.5,1.773702,0.407242
640.5,1.759931,0.401449
641.5,1.744993,0.395201
642.5,1.728998,0.388579
643.5,1.712073,0.381668
644.5,1.694356,0.374552
645.5,1.675992,0.367322
646.5,1.657134,0.360062
647.5,1.637937,0.352860
648.5,1.618558,0.345796
649.5,1.599151,0.338946
650.5,1.579870,0.332380
651.5,1.560855,0.326159
652.5,1.542246,0.320336
653.5,1.524167,0.314953
654.5,1.506734,0.310044
655.5,1.490048,0.305630
656.5,1.474197,0.301723
657.5,1.459256,0.298324
658.5,1.445283,0.295426
659.5,1.432323,0.293014
660.5,1.420405,0.291065
661.5,1.409547,0.289550
662.5,1.399750,0.288437
663.5,1.391003,0.287691
664.5,1.383285,0.287273
665.5,1.376564,0.287145
666.5,1.370798,0.287269
667.5,1.365938,0.287605
668.5,1.361928,0.288118
669.5,1.358708,0.288772
670.5,1.356214,0.289535
671.5,1.354378,0.290376
672.5,1.353132,0.291268
673.5,1.352408,0.292185
674.5,1.352139,0.293106
675.5,1.352262,0.294014
676.5,1.352714,0.294893
677.5,1.353437,0.295733
678.5,1.354377,0.296527
679.5,1.355483,0.297272
680.5,1.356712,0.297971
681.5,1.358024,0.298628
682.5,1.359383,0.299254
683.5,1.360758,0.299863
684.5,1.362122,0.300470
685.5,1.363455,0.301096
686.5,1.364735,0.301763
687.5,1.365947,0.302495
688.5,1.367077,0.303313
689.5,1.368112,0.304243
690.5,1.369041,0.305303
691.5,1.369854,0.306512
692.5,1.370539,0.307883
693.5,1.371085,0.309423
694.5,1.371481,0.311135
695.5,1.371713,0.313014
696.5,1.371764,0.315047
697.5,1.371620,0.317214
698.5,1.371261,0.319489
699.5,1.370667,0.321840
700.5,1.369816,0.324228
701.5,1.368686,0.326611
702.5,1.367252,0.328942
703.5,1.365490,0.331174
704.5,1.363376,0.333260
705.5,1.360887,0.335152
706.5,1.358000,0.336806
707.5,1.354694,0.338181
708.5,1.350951,0.339242
709.5,1.346755,0.339959
710.5,1.342095,0.340309
711.5,1.336962,0.340276
712.5,1.331353,0.339852
713.5,1.325269,0.339038
714.5,1.318715,0.337842
715.5,1.311703,0.336280
716.5,1.304249,0.334375
717.5,1.296373,0.332160
718.5,1.288100,0.329670
719.5,1.279464,0.326948
720.5,1.270497,0.324039
721.5,1.261238,0.320993
722.5,1.251730,0.317861
723.5,1.242016,0.314692
724.5,1.232144,0.311535
725.5,1.222162,0.308436
726.5,1.212119,0.305437
727.5,1.202067,0.302573
728.5,1.192052,0.299875
729.5,1.182126,0.297363
730.5,1.172333,0.295052
731.5,1.162720,0.292950
732.5,1.153330,0.291056
733.5,1.144200,0.289364
734.5,1.135367,0.287859
735.5,1.126865,0.286527
736.5,1.118720,0.285345
737.5,1.110956,0.284292
738.5,1.103595,0.283344
739.5,1.096650,0.282480
740.5,1.090133,0.281679
741.5,1.084049,0.280923
742.5,1.078399,0.280197
743.5,1.073182,0.279489
744.5,1.068389,0.278791
745.5,1.064011,0.278100
746.5,1.060031,0.277414
747.5,1.056431,0.276736
748.5,1.053189,0.276068
749.5,1.050281,0.275416
750.5,1.047678,0.274785
751.5,1.045351,0.274180
752.5,1.043268,0.273606
753.5,1.041397,0.273065
754.5,1.039705,0.272555
755.5,1.038156,0.272075
756.5,1.036718,0.271618
757.5,1.035357,0.271175
758.5,1.034041,0.270734
759.5,1.032739,0.270280
760.5,1.031422,0.269798
761.5,1.030065,0.269269
762.5,1.028643,0.268676
763.5,1.027136,0.268001
764.5,1.025529,0.267227
765.5,1.023806,0.266339
766.5,1.021958,0.265326
767.5,1.019980,0.264180
768.5,1.017870,0.262897
769.5,1.015628,0.261475
770.5,1.013260,0.259921
771.5,1.010773,0.258244
772.5,1.008181,0.256458
773.5,1.005495,0.254583
774.5,1.002732,0.252640
775.5,0.999909,0.250658
776.5,0.997044,0.248665
777.5,0.994156,0.246692
778.5,0.991264,0.244772
779.5,0.988386,0.242937
780.5,0.985539,0.241218
781.5,0.982736,0.239642
782.5,0.979993,0.238235
783.5,0.977316,0.237017
784.5,0.974714,0.236003
785.5,0.972190,0.235202
786.5,0.969744,0.234617
787.5,0.967370,0.234245
788.5,0.965062,0.234075
789.5,0.962806,0.234095
790.5,0.960588,0.234282
791.5,0.958388,0.234614
792.5,0.956183,0.235064
793.5,0.953949,0.235603
794.5,0.951657,0.236201
795.5,0.949279,0.236827
796.5,0.946783,0.237452
797.5,0.944137,0.238047
798.5,0.941310,0.238588
799.5,0.938270,0.239049
800.5,0.934988,0.239411
801.5,0.931432,0.239655
802.5,0.927579,0.239766
803.5,0.923404,0.239733
804.5,0.918885,0.239547
805.5,0.914008,0.239200
806.5,0.908760,0.238689
807.5,0.903132,0.238013
808.5,0.897122,0.237171
809.5,0.890731,0.236166
810.5,0.883966,0.235001
811.5,0.876840,0.233680
812.5,0.869370,0.232209
813.5,0.861577,0.230595
814.5,0.853490,0.228846
815.5,0.845140,0.226969
816.5,0.836563,0.224973
817.5,0.827800,0.222869
818.5,0.818895,0.220666
819.5,0.809895,0.218377
820.5,0.800851,0.216014
821.5,0.791816,0.213591
822.5,0.782842,0.211123
823.5,0.773987,0.208625
824.5,0.765306,0.206116
825.5,0.756856,0.203613
826.5,0.748693,0.201137
827.5,0.740873,0.198708
828.5,0.733449,0.196348
829.5,0.726474,0.194079
830.5,0.719996,0.191923
831.5,0.714063,0.189902
832.5,0.708718,0.188039
833.5,0.704000,0.186352
834.5,0.699944,0.184863
835.5,0.696581,0.183587
836.5,0.693937,0.182539
837.5,0.692032,0.181732
838.5,0.690883,0.181174
839.5,0.690500,0.180872
840.5,0.690885,0.180826
841.5,0.692040,0.181038
842.5,0.693956,0.181502
843.5,0.696621,0.182211
844.5,0.700017,0.183157
845.5,0.704120,0.184326
846.5,0.708900,0.185705
847.5,0.714324,0.187279
848.5,0.720352,0.189030
849.5,0.726941,0.190941
850.5,0.734042,0.192994
851.5,0.741602,0.195170
852.5,0.749566,0.197450
853.5,0.757874,0.199816
854.5,0.766466,0.202250
855.5,0.775276,0.204732
856.5,0.784238,0.207244
857.5,0.793286,0.209769
858.5,0.802352,0.212288
859.5,0.811367,0.214784
860.5,0.820263,0.217240
861.5,0.828973,0.219639
862.5,0.837432,0.221964
863.5,0.845576,0.224199
864.5,0.853344,0.226327
865.5,0.860678,0.228334
866.5,0.867522,0.230205
867.5,0.873827,0.231925
868.5,0.879544,0.233482
869.5,0.884634,0.234863
870.5,0.889059,0.236057
871.5,0.892787,0.237054
872.5,0.895795,0.237846
873.5,0.898062,0.238425
874.5,0.899576,0.238786
875.5,0.900329,0.238925
876.5,0.900320,0.238839
877.5,0.899557,0.238528
878.5,0.898051,0.237994
879.5,0.895820,0.237238
880.5,0.892889,0.236266
881.5,0.889289,0.235084
882.5,0.885056,0.233701
883.5,0.880231,0.232126
884.5,0.874861,0.230371
885.5,0.868996,0.228448
886.5,0.862691,0.226373
887.5,0.856005,0.224160
888.5,0.848999,0.221826
889.5,0.841736,0.219391
890.5,0.834282,0.216872
891.5,0.826703,0.214291
892.5,0.819068,0.211669
893.5,0.811442,0.209027
894.5,0.803892,0.206390
895.5,0.796483,0.203779
896.5,0.789278,0.201221
897.5,0.782337,0.198739
898.5,0.775717,0.196357
899.5,0.769471,0.194102
900.5,0.763649,0.191997
901.5,0.758294,0.190065
902.5,0.753447,0.188331
903.5,0.749139,0.186814
904.5,0.745400,0.185535
905.5,0.742250,0.184508
906.5,0.739705,0.183750
907.5,0.737775,0.183268
908.5,0.736461,0.183070
909.5,0.735759,0.183157
910.5,0.735660,0.183528
911.5,0.736145,0.184174
912.5,0.737193,0.185086
913.5,0.738775,0.186247
914.5,0.740856,0.187638
915.5,0.743399,0.189237
916.5,0.746358,0.191018
917.5,0.749686,0.192954
918.5,0.753331,0.195016
919.5,0.757239,0.197173
920.5,0.761352,0.199394
921.5,0.765612,0.201649
922.5,0.769957,0.203908
923.5,0.774328,0.206141
924.5,0.778663,0.208322
925.5,0.782902,0.210423
926.5,0.786987,0.212421
927.5,0.790860,0.214294
928.5,0.794466,0.216021
929.5,0.797755,0.217586
930.5,0.800678,0.218974
931.5,0.803192,0.220170
932.5,0.805256,0.221166
933.5,0.806837,0.221952
934.5,0.807904,0.222524
935.5,0.808434,0.222877
936.5,0.808406,0.223010
937.5,0.807808,0.222923
938.5,0.806632,0.222619
939.5,0.804876,0.222100
940.5,0.802544,0.221374
941.5,0.799644,0.220445
942.5,0.796191,0.219324
943.5,0.792204,0.218019
944.5,0.787706,0.216542
945.5,0.782726,0.214904
946.5,0.777296,0.213118
947.5,0.771453,0.211198
948.5,0.765234,0.209159
949.5,0.758683,0.207017
950.5,0.751842,0.204788
951.5,0.744757,0.202490
952.5,0.737476,0.200141
953.5,0.730045,0.197760
954.5,0.722512,0.195367
955.5,0.714926,0.192980
956.5,0.707333,0.190621
957.5,0.699778,0.188310
958.5,0.692305,0.186067
959.5,0.684958,0.183912
960.5,0.677776,0.181864
961.5,0.670796,0.179941
962.5,0.664054,0.178160
963.5,0.657580,0.176537
964.5,0.651403,0.175084
965.5,0.645549,0.173812
966.5,0.640039,0.172728
967.5,0.634890,0.171837
968.5,0.630119,0.171140
969.5,0.625736,0.170635
970.5,0.621750,0.170318
971.5,0.618165,0.170179
972.5,0.614984,0.170209
973.5,0.612206,0.170392
974.5,0.609828,0.170714
975.5,0.607843,0.171157
976.5,0.606243,0.171702
977.5,0.605020,0.172330
978.5,0.604161,0.173022
979.5,0.603654,0.173759
980.5,0.603486,0.174522
981.5,0.603641,0.175295
982.5,0.604106,0.176062
983.5,0.604865,0.176809
984.5,0.605903,0.177525
985.5,0.607205,0.178199
986.5,0.608757,0.178825
987.5,0.610545,0.179397
988.5,0.612556,0.179913
989.5,0.614778,0.180371
990.5,0.617201,0.180775
991.5,0.619813,0.181125
992.5,0.622607,0.181429
993.5,0.625574,0.181692
994.5,0.628708,0.181923
995.5,0.632004,0.182129
996.5,0.635458,0.182321
997.5,0.639066,0.182508
998.5,0.642827,0.182700
999.5,0.646739,0.182906
1000.5,0.650802,0.183135
1001.5,0.655017,0.183395
1002.5,0.659386,0.183693
1003.5,0.663910,0.184034
1004.5,0.668591,0.184422
1005.5,0.673433,0.184860
1006.5,0.678438,0.185350
1007.5,0.683609,0.185890
1008.5,0.688950,0.186479
1009.5,0.694464,0.187115
1010.5,0.700155,0.187792
1011.5,0.706024,0.188507
1012.5,0.712075,0.189254
1013.5,0.718309,0.190027
1014.5,0.724728,0.190820
1015.5,0.731333,0.191629
1016.5,0.738124,0.192449
1017.5,0.745100,0.193274
1018.5,0.752260,0.194103
1019.5,0.759601,0.194933
1020.5,0.767120,0.195764
1021.5,0.774812,0.196596
1022.5,0.782670,0.197431
1023.5,0.790687,0.198273
1024.5,0.798855,0.199127
1025.5,0.807162,0.199997
1026.5,0.815596,0.200890
1027.5,0.824144,0.201814
1028.5,0.832789,0.202776
1029.5,0.841514,0.203785
1030.5,0.850299,0.204846
1031.5,0.859122,0.205968
1032.5,0.867962,0.207156
1033.5,0.876791,0.208415
1034.5,0.885582,0.209748
1035.5,0.894307,0.211156
1036.5,0.902934,0.212638
1037.5,0.911431,0.214192
1038.5,0.919762,0.215812
1039.5,0.927893,0.217492
1040.5,0.935786,0.219221
1041.5,0.943403,0.220989
1042.5,0.950705,0.222782
1043.5,0.957653,0.224585
1044.5,0.964206,0.226382
1045.5,0.970325,0.228155
1046.5,0.975970,0.229887
1047.5,0.981102,0.231558
1048.5,0.985683,0.233151
1049.5,0.989676,0.234647
1050.5,0.993046,0.236027
1051.5,0.995759,0.237276
1052.5,0.997784,0.238377
1053.5,0.999092,0.239316
1054.5,0.999657,0.240079
1055.5,0.999457,0.240656
1056.5,0.998471,0.241035
1057.5,0.996683,0.241211
1058.5,0.994082,0.241176
1059.5,0.990658,0.240928
1060.5,0.986406,0.240463
1061.5,0.981327,0.239782
1062.5,0.975423,0.238888
1063.5,0.968701,0.237783
1064.5,0.961174,0.236473
1065.5,0.952856,0.234966
1066.5,0.943769,0.233268
1067.5,0.933933,0.231391
1068.5,0.923377,0.229344
1069.5,0.912130,0.227139
1070.5,0.900225,0.224788
1071.5,0.887700,0.222303
1072.5,0.874592,0.219697
1073.5,0.860945,0.216983
1074.5,0.846800,0.214173
1075.5,0.832204,0.211281
1076.5,0.817204,0.208316
1077.5,0.801848,0.205291
1078.5,0.786186,0.202216
1079.5,0.770268,0.199101
1080.5,0.754145,0.195953
1081.5,0.737867,0.192781
1082.5,0.721486,0.189591
1083.5,0.705051,0.186389
1084.5,0.688612,0.183181
1085.5,0.672219,0.179969
1086.5,0.655919,0.176760
1087.5,0.639759,0.173555
1088.5,0.623784,0.170357
1089.5,0.608039,0.167171
1090.5,0.592564,0.163999
1091.5,0.577401,0.160846
1092.5,0.562587,0.157715
1093.5,0.548159,0.154612
1094.5,0.534149,0.151543
1095.5,0.520591,0.148516
1096.5,0.507512,0.145539
1097.5,0.494940,0.142623
1098.5,0.482897,0.139779
1099.5,0.471407,0.137020
1100.5,0.460488,0.134362
1101.5,0.450156,0.131819
1102.5,0.440424,0.129410
1103.5,0.431304,0.127150
1104.5,0.422804,0.125060
1105.5,0.414929,0.123155
1106.5,0.407683,0.121454
1107.5,0.401065,0.119973
1108.5,0.395075,0.118725
1109.5,0.389706,0.117722
1110.5,0.384953,0.116972
1111.5,0.380805,0.116480
1112.5,0.377252,0.116247
1113.5,0.374280,0.116269
1114.5,0.371874,0.116539
1115.5,0.370015,0.117044
1116.5,0.368686,0.117770
1117.5,0.367866,0.118698
1118.5,0.367533,0.119807
1119.5,0.367665,0.121073
1120.5,0.368238,0.122472
1121.5,0.369226,0.123980
1122.5,0.370606,0.125570
1123.5,0.372352,0.127218
1124.5,0.374437,0.128900
1125.5,0.376837,0.130593
1126.5,0.379526,0.132276
1127.5,0.382479,0.133930
1128.5,0.385672,0.135538
1129.5,0.389079,0.137083
1130.5,0.392679,0.138554
1131.5,0.396449,0.139939
1132.5,0.400368,0.141230
1133.5,0.404415,0.142422
1134.5,0.408571,0.143510
1135.5,0.412819,0.144492
1136.5,0.417141,0.145371
1137.5,0.421523,0.146148
1138.5,0.425949,0.146829
1139.5,0.430408,0.147420
1140.5,0.434885,0.147930
1141.5,0.439371,0.148369
1142.5,0.443855,0.148747
1143.5,0.448327,0.149078
1144.5,0.452779,0.149373
1145.5,0.457202,0.149647
1146.5,0.461589,0.149913
1147.5,0.465933,0.150185
1148.5,0.470224,0.150475
1149.5,0.474458,0.150796
1150.5,0.478626,0.151158
1151.5,0.482720,0.151571
1152.5,0.486733,0.152044
1153.5,0.490658,0.152581
1154.5,0.494485,0.153188
1155.5,0.498204,0.153865
1156.5,0.501808,0.154613
1157.5,0.505284,0.155429
1158.5,0.508623,0.156308
1159.5,0.511813,0.157244
1160.5,0.514841,0.158229
1161.5,0.517696,0.159252
1162.5,0.520363,0.160304
1163.5,0.522830,0.161371
1164.5,0.525083,0.162441
1165.5,0.527107,0.163500
1166.5,0.528889,0.164536
1167.5,0.530415,0.165534
1168.5,0.531671,0.166482
1169.5,0.532643,0.167366
1170.5,0.533320,0.168176
1171.5,0.533688,0.168898
1172.5,0.533735,0.169524
1173.5,0.533453,0.170044
1174.5,0.532832,0.170450
1175.5,0.531863,0.170735
1176.5,0.530542,0.170892
1177.5,0.528861,0.170918
1178.5,0.526820,0.170809
1179.5,0.524415,0.170562
1180.5,0.521649,0.170176
1181.5,0.518522,0.169651
1182.5,0.515041,0.168988
1183.5,0.511211,0.168187
1184.5,0.507043,0.167252
1185.5,0.502545,0.166186
1186.5,0.497733,0.164992
1187.5,0.492620,0.163675
1188.5,0.487224,0.162239
1189.5,0.481565,0.160690
1190.5,0.475663,0.159034
1191.5,0.469542,0.157276
1192.5,0.463226,0.155423
1193.5,0.456743,0.153480
1194.5,0.450119,0.151455
1195.5,0.443384,0.149354
1196.5,0.436569,0.147184
1197.5,0.429706,0.144952
1198.5,0.422826,0.142666
1199.5,0.415964,0.140333
1200.5,0.409152,0.137962
1201.5,0.402426,0.135559
1202.5,0.395820,0.133135
1203.5,0.389369,0.130699
1204.5,0.383106,0.128260
1205.5,0.377067,0.125830
1206.5,0.371283,0.123419
1207.5,0.365789,0.121041
1208.5,0.360616,0.118709
1209.5,0.355795,0.116438
1210.5,0.351356,0.114242
1211.5,0.347327,0.112139
1212.5,0.343735,0.110146
1213.5,0.340605,0.108281
1214.5,0.337959,0.106563
1215.5,0.335821,0.105011
1216.5,0.334207,0.103645
1217.5,0.333136,0.102482
1218.5,0.332621,0.101540
1219.5,0.332676,0.100836
1220.5,0.333309,0.100384
1221.5,0.334527,0.100194
1222.5,0.336334,0.100275
1223.5,0.338733,0.100632
1224.5,0.341722,0.101266
1225.5,0.345296,0.102176
1226.5,0.349449,0.103354
1227.5,0.354171,0.104793
1228.5,0.359451,0.106479
1229.5,0.365271,0.108399
1230.5,0.371616,0.110536
1231.5,0.378464,0.112871
1232.5,0.385792,0.115386
1233.5,0.393575,0.118062
1234.5,0.401785,0.120878
1235.5,0.410391,0.123815
1236.5,0.419363,0.126853
1237.5,0.428665,0.129974
1238.5,0.438262,0.133159
1239.5,0.448117,0.136391
1240.5,0.458190,0.139653
1241.5,0.468442,0.142929
1242.5,0.478833,0.146203
1243.5,0.489319,0.149461
1244.5,0.499860,0.152690
1245.5,0.510412,0.155875
1246.5,0.520933,0.159006
1247.5,0.531382,0.162069
1248.5,0.541715,0.165054
1249.5,0.551892,0.167951
1250.5,0.561872,0.170748
1251.5,0.571617,0.173437
1252.5,0.581088,0.176009
1253.5,0.590248,0.178455
1254.5,0.599065,0.180767
1255.5,0.607504,0.182938
1256.5,0.615537,0.184961
1257.5,0.623134,0.186830
1258.5,0.630270,0.188539
1259.5,0.636924,0.190083
1260.5,0.643074,0.191456
1261.5,0.648703,0.192657
1262.5,0.653799,0.193680
1263.5,0.658349,0.194524
1264.5,0.662346,0.195187
1265.5,0.665785,0.195668
1266.5,0.668664,0.195967
1267.5,0.670985,0.196084
1268.5,0.672752,0.196022
1269.5,0.673974,0.195782
1270.5,0.674660,0.195368
1271.5,0.674824,0.194784
1272.5,0.674482,0.194036
1273.5,0.673653,0.193129
1274.5,0.672357,0.192072
1275.5,0.670619,0.190871
1276.5,0.668463,0.189537
1277.5,0.665917,0.188078
1278.5,0.663009,0.186506
1279.5,0.659770,0.184833
1280.5,0.656231,0.183070
1281.5,0.652425,0.181232
1282.5,0.648385,0.179331
1283.5,0.644144,0.177382
1284.5,0.639735,0.175401
1285.5,0.635195,0.173401
1286.5,0.630554,0.171399
1287.5,0.625846,0.169410
1288.5,0.621105,0.167450
1289.5,0.616361,0.165533
1290.5,0.611644,0.163675
1291.5,0.606985,0.161890
1292.5,0.602410,0.160191
1293.5,0.597945,0.158591
1294.5,0.593615,0.157100
1295.5,0.589443,0.155730
1296.5,0.585448,0.154488
1297.5,0.581649,0.153381
1298.5,0.578063,0.152414
1299.5,0.574703,0.151591
1300.5,0.571583,0.150914
1301.5,0.568712,0.150381
1302.5,0.566097,0.149990
1303.5,0.563744,0.149739
1304.5,0.561657,0.149620
1305.5,0.559836,0.149628
1306.5,0.558282,0.149755
1307.5,0.556992,0.149990
1308.5,0.555962,0.150326
1309.5,0.555186,0.150750
1310.5,0.554657,0.151253
1311.5,0.554366,0.151824
1312.5,0.554302,0.152450
1313.5,0.554456,0.153123
1314.5,0.554813,0.153831
1315.5,0.555361,0.154564
1316.5,0.556088,0.155313
1317.5,0.556977,0.156069
1318.5,0.558014,0.156825
1319.5,0.559184,0.157574
1320.5,0.560472,0.158308
1321.5,0.561862,0.159022
1322.5,0.563340,0.159712
1323.5,0.564890,0.160373
1324.5,0.566497,0.161003
1325.5,0.568148,0.161598
1326.5,0.569829,0.162157
1327.5,0.571527,0.162679
1328.5,0.573228,0.163162
1329.5,0.574923,0.163607
1330.5,0.576600,0.164014
1331.5,0.578250,0.164382
1332.5,0.579864,0.164714
1333.5,0.581434,0.165010
1334.5,0.582953,0.165271
1335.5,0.584417,0.165499
1336.5,0.585820,0.165693
1337.5,0.587160,0.165857
1338.5,0.588435,0.165991
1339.5,0.589642,0.166095
1340.5,0.590784,0.166171
1341.5,0.591861,0.166219
1342.5,0.592876,0.166240
1343.5,0.593832,0.166234
1344.5,0.594735,0.166202
1345.5,0.595590,0.166143
1346.5,0.596404,0.166057
1347.5,0.597186,0.165943
1348.5,0.597944,0.165802
1349.5,0.598688,0.165634
1350.5,0.599430,0.165437
1351.5,0.600180,0.165213
1352.5,0.600951,0.164960
1353.5,0.601756,0.164680
1354.5,0.602609,0.164374
1355.5,0.603525,0.164042
1356.5,0.604517,0.163687
1357.5,0.605602,0.163311
1358.5,0.606794,0.162916
1359.5,0.608109,0.162507
1360.5,0.609563,0.162087
1361.5,0.611171,0.161662
1362.5,0.612949,0.161238
1363.5,0.614912,0.160822
1364.5,0.617075,0.160420
1365.5,0.619452,0.160040
1366.5,0.622058,0.159692
1367.5,0.624904,0.159384
1368.5,0.628005,0.159126
1369.5,0.631371,0.158926
1370.5,0.635012,0.158796
1371.5,0.638937,0.158745
1372.5,0.643154,0.158781
1373.5,0.647670,0.158915
1374.5,0.652489,0.159153
1375.5,0.657616,0.159504
1376.5,0.663051,0.159974
1377.5,0.668795,0.160568
1378.5,0.674846,0.161289
1379.5,0.681201,0.162140
1380.5,0.687855,0.163122
1381.5,0.694800,0.164235
1382.5,0.702026,0.165475
1383.5,0.709524,0.166840
1384.5,0.717279,0.168323
1385.5,0.725278,0.169919
1386.5,0.733504,0.171620
1387.5,0.741938,0.173417
1388.5,0.750561,0.175301
1389.5,0.759351,0.177260
1390.5,0.768284,0.179285
1391.5,0.777336,0.181364
1392.5,0.786482,0.183485
1393.5,0.795693,0.185637
1394.5,0.804943,0.187808
1395.5,0.814202,0.189986
1396.5,0.823440,0.192161
1397.5,0.832627,0.194322
1398.5,0.841733,0.196458
1399.5,0.850726,0.198559
1400.5,0.859575,0.200617
1401.5,0.868249,0.202621
1402.5,0.876717,0.204564
1403.5,0.884950,0.206439
1404.5,0.892916,0.208238
1405.5,0.900588,0.209954
1406.5,0.907938,0.211581
1407.5,0.914937,0.213115
1408.5,0.921561,0.214550
1409.5,0.927785,0.215882
1410.5,0.933586,0.217107
1411.5,0.938944,0.218222
1412.5,0.943840,0.219224
1413.5,0.948254,0.220109
1414.5,0.952173,0.220877
1415.5,0.955583,0.221525
1416.5,0.958473,0.222051
1417.5,0.960833,0.222456
1418.5,0.962657,0.222738
1419.5,0.963941,0.222897
1420.5,0.964682,0.222933
1421.5,0.964881,0.222847
1422.5,0.964540,0.222639
1423.5,0.963665,0.222311
1424.5,0.962263,0.221864
1425.5,0.960343,0.221300
1426.5,0.957917,0.220622
1427.5,0.955000,0.219833
1428.5,0.951606,0.218934
1429.5,0.947755,0.217931
1430.5,0.943467,0.216827
1431.5,0.938763,0.215627
1432.5,0.933667,0.214335
1433.5,0.928204,0.212957
1434.5,0.922400,0.211498
1435.5,0.916284,0.209964
1436.5,0.909885,0.208363
1437.5,0.903234,0.206700
1438.5,0.896360,0.204983
1439.5,0.889297,0.203219
1440.5,0.882077,0.201417
1441.5,0.874732,0.199584
1442.5,0.867296,0.197728
1443.5,0.859803,0.195858
1444.5,0.852285,0.193982
1445.5,0.844776,0.192109
1446.5,0.837309,0.190248
1447.5,0.829916,0.188407
1448.5,0.822629,0.186595
1449.5,0.815478,0.184821
1450.5,0.808494,0.183093
1451.5,0.801706,0.181418
1452.5,0.795142,0.179806
1453.5,0.788828,0.178264
1454.5,0.782788,0.176799
1455.5,0.777048,0.175418
1456.5,0.771628,0.174128
1457.5,0.766549,0.172934
1458.5,0.761830,0.171843
1459.5,0.757486,0.170859
1460.5,0.753534,0.169988
1461.5,0.749986,0.169232
1462.5,0.746852,0.168595
1463.5,0.744141,0.168080
1464.5,0.741861,0.167689
1465.5,0.740015,0.167423
1466.5,0.738607,0.167282
1467.5,0.737636,0.167267
1468.5,0.737103,0.167377
1469.5,0.737002,0.167610
1470.5,0.737328,0.167963
1471.5,0.738075,0.168435
1472.5,0.739233,0.169021
1473.5,0.740791,0.169717
1474.5,0.742736,0.170518
1475.5,0.745053,0.171419
1476.5,0.747727,0.172413
1477.5,0.750741,0.173493
1478.5,0.754074,0.174654
1479.5,0.757708,0.175887
1480.5,0.761621,0.177185
1481.5,0.765790,0.178539
1482.5,0.770192,0.179941
1483.5,0.774803,0.181382
1484.5,0.779598,0.182854
1485.5,0.784551,0.184349
1486.5,0.789637,0.185857
1487.5,0.794830,0.187370
1488.5,0.800102,0.188880
1489.5,0.805428,0.190378
1490.5,0.810780,0.191856
1491.5,0.816133,0.193307
1492.5,0.821461,0.194723
1493.5,0.826737,0.196098
1494.5,0.831937,0.197424
1495.5,0.837036,0.198696
1496.5,0.842010,0.199908
1497.5,0.846837,0.201054
1498.5,0.851494,0.202131
1499.5,0.855961,0.203134
1500.5,0.860217,0.204059
1501.5,0.864243,0.204904
1502.5,0.868023,0.205665
1503.5,0.871539,0.206340
1504.5,0.874778,0.206929
1505.5,0.877725,0.207429
1506.5,0.880369,0.207841
1507.5,0.882698,0.208163
1508.5,0.884705,0.208396
1509.5,0.886382,0.208541
1510.5,0.887723,0.208598
1511.5,0.888723,0.208569
1512.5,0.889380,0.208455
1513.5,0.889692,0.208258
1514.5,0.889660,0.207980
1515.5,0.889287,0.207623
1516.5,0.888574,0.207190
1517.5,0.887527,0.206683
1518.5,0.886152,0.206105
1519.5,0.884457,0.205459
1520.5,0.882451,0.204748
1521.5,0.880144,0.203974
1522.5,0.877548,0.203142
1523.5,0.874675,0.202254
1524.5,0.871538,0.201314
1525.5,0.868154,0.200324
1526.5,0.864536,0.199288
1527.5,0.860703,0.198209
1528.5,0.856671,0.197092
1529.5,0.852458,0.195938
1530.5,0.848084,0.194752
1531.5,0.843567,0.193537
1532.5,0.838928,0.192297
1533.5,0.834185,0.191036
1534.5,0.829361,0.189756
1535.5,0.824475,0.188463
1536.5,0.819547,0.187159
1537.5,0.814600,0.185849
1538.5,0.809652,0.184537
1539.5,0.804725,0.183228
1540.5,0.799839,0.181924
1541.5,0.795013,0.180632
1542.5,0.790267,0.179356
1543.5,0.785619,0.178100
1544.5,0.781087,0.176869
1545.5,0.776689,0.175669
1546.5,0.772441,0.174504
1547.5,0.768359,0.173379
1548.5,0.764458,0.172300
1549.5,0.760751,0.171273
1550.5,0.757251,0.170301
1551.5,0.753969,0.169390
1552.5,0.750915,0.168546
1553.5,0.748099,0.167773
1554.5,0.745528,0.167075
1555.5,0.743207,0.166457
1556.5,0.741144,0.165924
1557.5,0.739339,0.165477
1558.5,0.737796,0.165121
1559.5,0.736515,0.164858
1560.5,0.735496,0.164689
1561.5,0.734735,0.164617
1562.5,0.734229,0.164641
1563.5,0.733973,0.164761
1564.5,0.733961,0.164977
1565.5,0.734184,0.165286
1566.5,0.734633,0.165686
1567.5,0.735298,0.166173
1568.5,0.736168,0.166744
1569.5,0.737229,0.167394
1570.5,0.738467,0.168117
1571.5,0.739867,0.168908
1572.5,0.741415,0.169759
1573.5,0.743093,0.170663
1574.5,0.744884,0.171614
1575.5,0.746771,0.172603
1576.5,0.748734,0.173621
1577.5,0.750756,0.174662
1578.5,0.752817,0.175715
1579.5,0.754899,0.176774
1580.5,0.756981,0.177829
1581.5,0.759045,0.178872
1582.5,0.761072,0.179895
1583.5,0.763044,0.180891
1584.5,0.764941,0.181852
1585.5,0.766747,0.182771
1586.5,0.768445,0.183641
1587.5,0.770017,0.184456
1588.5,0.771448,0.185211
1589.5,0.772724,0.185901
1590.5,0.773830,0.186521
1591.5,0.774755,0.187067
1592.5,0.775486,0.187537
1593.5,0.776013,0.187927
1594.5,0.776327,0.188237
1595.5,0.776419,0.188464
1596.5,0.776284,0.188609
1597.5,0.775915,0.188673
1598.5,0.775309,0.188655
1599.5,0.774462,0.188557
1600.5,0.773374,0.188383
1601.5,0.772043,0.188134
1602.5,0.770472,0.187815
1603.5,0.768662,0.187429
1604.5,0.766616,0.186981
1605.5,0.764341,0.186476
1606.5,0.761840,0.185920
1607.5,0.759121,0.185319
1608.5,0.756191,0.184679
1609.5,0.753059,0.184005
1610.5,0.749735,0.183306
1611.5,0.746228,0.182587
1612.5,0.742549,0.181856
1613.5,0.738710,0.181119
1614.5,0.734721,0.180383
1615.5,0.730595,0.179655
1616.5,0.726345,0.178939
1617.5,0.721983,0.178243
1618.5,0.717522,0.177572
1619.5,0.712974,0.176931
1620.5,0.708352,0.176323
1621.5,0.703669,0.175754
1622.5,0.698936,0.175226
1623.5,0.694167,0.174742
1624.5,0.689372,0.174303
1625.5,0.684563,0.173911
1626.5,0.679750,0.173567
1627.5,0.674945,0.173270
1628.5,0.670156,0.173018
1629.5,0.665393,0.172812
1630.5,0.660665,0.172648
1631.5,0.655979,0.172523
1632.5,0.651343,0.172435
1633.5,0.646762,0.172379
1634.5,0.642244,0.172352
1635.5,0.637793,0.172349
1636.5,0.633414,0.172365
1637.5,0.629110,0.172395
1638.5,0.624885,0.172434
1639.5,0.620741,0.172477
1640.5,0.616681,0.172519
1641.5,0.612705,0.172554
1642.5,0.608814,0.172578
1643.5,0.605009,0.172585
1644.5,0.601289,0.172571
1645.5,0.597654,0.172531
1646.5,0.594102,0.172462
1647.5,0.590632,0.172359
1648.5,0.587242,0.172219
1649.5,0.583930,0.172040
1650.5,0.580694,0.171817
1651.5,0.577530,0.171550
1652.5,0.574437,0.171236
1653.5,0.571410,0.170874
1654.5,0.568448,0.170463
1655.5,0.565547,0.170003
1656.5,0.562705,0.169493
1657.5,0.559917,0.168934
1658.5,0.557181,0.168327
1659.5,0.554495,0.167674
1660.5,0.551855,0.166975
1661.5,0.549258,0.166233
1662.5,0.546703,0.165451
1663.5,0.544187,0.164631
1664.5,0.541707,0.163776
1665.5,0.539262,0.162889
1666.5,0.536850,0.161974
1667.5,0.534470,0.161035
1668.5,0.532119,0.160076
1669.5,0.529798,0.159100
1670.5,0.527505,0.158111
1671.5,0.525240,0.157114
1672.5,0.523002,0.156113
1673.5,0.520792,0.155112
1674.5,0.518610,0.154113
1675.5,0.516455,0.153122
1676.5,0.514330,0.152142
1677.5,0.512234,0.151176
1678.5,0.510168,0.150226
1679.5,0.508134,0.149297
1680.5,0.506134,0.148390
1681.5,0.504169,0.147507
1682.5,0.502240,0.146650
1683.5,0.500350,0.145821
1684.5,0.498500,0.145021
1685.5,0.496693,0.144251
1686.5,0.494931,0.143510
1687.5,0.493217,0.142800
1688.5,0.491552,0.142120
1689.5,0.489939,0.141469
1690.5,0.488381,0.140848
1691.5,0.486881,0.140256
1692.5,0.485440,0.139691
1693.5,0.484061,0.139153
1694.5,0.482747,0.138641
1695.5,0.481500,0.138154
1696.5,0.480323,0.137691
1697.5,0.479218,0.137251
1698.5,0.478187,0.136833
1699.5,0.477233,0.136437
1700.5,0.476357,0.136062
1701.5,0.475561,0.135708
1702.5,0.474848,0.135376
1703.5,0.474218,0.135064
1704.5,0.473673,0.134774
1705.5,0.473215,0.134506
1706.5,0.472845,0.134260
1707.5,0.472563,0.134038
1708.5,0.472370,0.133841
1709.5,0.472267,0.133669
1710.5,0.472254,0.133524
1711.5,0.472330,0.133407
1712.5,0.472496,0.133319
1713.5,0.472751,0.133262
1714.5,0.473094,0.133236
1715.5,0.473525,0.133243
1716.5,0.474041,0.133283
1717.5,0.474642,0.133357
1718.5,0.475325,0.133465
1719.5,0.476088,0.133608
1720.5,0.476930,0.133786
1721.5,0.477847,0.133997
1722.5,0.478836,0.134241
1723.5,0.479895,0.134518
1724.5,0.481020,0.134825
1725.5,0.482207,0.135161
1726.5,0.483454,0.135524
1727.5,0.484755,0.135913
1728.5,0.486107,0.136324
1729.5,0.487505,0.136755
1730.5,0.488945,0.137203
1731.5,0.490423,0.137665
1732.5,0.491933,0.138139
1733.5,0.493471,0.138622
1734.5,0.495033,0.139109
1735.5,0.496612,0.139600
1736.5,0.498205,0.140089
1737.5,0.499806,0.140576
1738.5,0.501411,0.141056
1739.5,0.503014,0.141529
1740.5,0.504611,0.141990
1741.5,0.506197,0.142438
1742.5,0.507767,0.142872
1743.5,0.509317,0.143289
1744.5,0.510842,0.143688
1745.5,0.512338,0.144068
1746.5,0.513801,0.144429
1747.5,0.515227,0.144768
1748.5,0.516612,0.145086
1749.5,0.517953,0.145383
1750.5,0.519246,0.145659
1751.5,0.520488,0.145913
1752.5,0.521677,0.146146
1753.5,0.522809,0.146359
1754.5,0.523883,0.146552
1755.5,0.524895,0.146726
1756.5,0.525844,0.146883
1757.5,0.526729,0.147022
1758.5,0.527548,0.147145
1759.5,0.528299,0.147253
1760.5,0.528983,0.147347
1761.5,0.529597,0.147428
1762.5,0.530142,0.147497
1763.5,0.530618,0.147555
1764.5,0.531023,0.147603
1765.5,0.531359,0.147642
1766.5,0.531626,0.147673
1767.5,0.531824,0.147695
1768.5,0.531954,0.147711
1769.5,0.532017,0.147720
1770.5,0.532015,0.147722
1771.5,0.531948,0.147717
1772.5,0.531818,0.147707
1773.5,0.531626,0.147690
1774.5,0.531374,0.147667
1775.5,0.531064,0.147637
1776.5,0.530697,0.147600
1777.5,0.530277,0.147555
1778.5,0.529804,0.147503
1779.5,0.529281,0.147442
1780.5,0.528710,0.147372
1781.5,0.528094,0.147292
1782.5,0.527435,0.147203
1783.5,0.526734,0.147102
1784.5,0.525995,0.146990
1785.5,0.525220,0.146866
1786.5,0.524410,0.146730
1787.5,0.523570,0.146582
1788.5,0.522700,0.146420
1789.5,0.521803,0.146246
1790.5,0.520882,0.146058
1791.5,0.519939,0.145857
1792.5,0.518975,0.145644
1793.5,0.517993,0.145417
1794.5,0.516995,0.145179
1795.5,0.515983,0.144930
1796.5,0.514958,0.144669
1797.5,0.513923,0.144399
1798.5,0.512878,0.144120
1799.5,0.511825,0.143834
1800.5,0.510766,0.143541
1801.5,0.509701,0.143242
1802.5,0.508632,0.142940
1803.5,0.507558,0.142636
1804.5,0.506482,0.142331
1805.5,0.505401,0.142027
1806.5,0.504319,0.141725
1807.5,0.503233,0.141428
1808.5,0.502144,0.141135
1809.5,0.501052,0.140850
1810.5,0.499955,0.140573
1811.5,0.498852,0.140305
1812.5,0.497743,0.140048
1813.5,0.496626,0.139804
1814.5,0.495500,0.139572
1815.5,0.494362,0.139353
1816.5,0.493211,0.139149
1817.5,0.492044,0.138959
1818.5,0.490859,0.138784
1819.5,0.489652,0.138624
1820.5,0.488423,0.138478
1821.5,0.487166,0.138346
1822.5,0.485879,0.138228
1823.5,0.484559,0.138122
1824.5,0.483202,0.138028
1825.5,0.481805,0.137944
1826.5,0.480364,0.137870
1827.5,0.478875,0.137802
1828.5,0.477335,0.137740
1829.5,0.475739,0.137682
1830.5,0.474085,0.137625
1831.5,0.472367,0.137567
1832.5,0.470583,0.137506
1833.5,0.468728,0.137440
1834.5,0.466799,0.137366
1835.5,0.464793,0.137281
1836.5,0.462706,0.137183
1837.5,0.460535,0.137070
1838.5,0.458278,0.136938
1839.5,0.455931,0.136785
1840.5,0.453492,0.136609
1841.5,0.450959,0.136406
1842.5,0.448329,0.136176
1843.5,0.445602,0.135914
1844.5,0.442776,0.135620
1845.5,0.439850,0.135291
1846.5,0.436824,0.134924
1847.5,0.433697,0.134520
1848.5,0.430469,0.134075
1849.5,0.427141,0.133588
1850.5,0.423714,0.133059
1851.5,0.420190,0.132485
1852.5,0.416570,0.131867
1853.5,0.412857,0.131204
1854.5,0.409052,0.130496
1855.5,0.405159,0.129742
1856.5,0.401182,0.128944
1857.5,0.397125,0.128100
1858.5,0.392990,0.127213
1859.5,0.388784,0.126282
1860.5,0.384511,0.125310
1861.5,0.380176,0.124298
1862.5,0.375784,0.123247
1863.5,0.371342,0.122160
1864.5,0.366857,0.121039
1865.5,0.362333,0.119886
1866.5,0.357778,0.118704
1867.5,0.353198,0.117495
1868.5,0.348601,0.116264
1869.5,0.343993,0.115012
1870.5,0.339383,0.113744
1871.5,0.334776,0.112464
1872.5,0.330181,0.111173
1873.5,0.325605,0.109878
1874.5,0.321055,0.108580
1875.5,0.316539,0.107285
1876.5,0.312064,0.105995
1877.5,0.307638,0.104716
1878.5,0.303267,0.103451
1879.5,0.298959,0.102203
1880.5,0.294720,0.100976
1881.5,0.290557,0.099775
1882.5,0.286477,0.098603
1883.5,0.282486,0.097462
1884.5,0.278590,0.096357
1885.5,0.274796,0.095290
1886.5,0.271107,0.094264
1887.5,0.267531,0.093281
1888.5,0.264072,0.092344
1889.5,0.260734,0.091455
1890.5,0.257522,0.090615
1891.5,0.254441,0.089826
1892.5,0.251493,0.089088
1893.5,0.248684,0.088402
1894.5,0.246015,0.087769
1895.5,0.243490,0.087188
1896.5,0.241111,0.086659
1897.5,0.238881,0.086182
1898.5,0.236802,0.085756
1899.5,0.234876,0.085380
1900.5,0.233103,0.085053
1901.5,0.231486,0.084772
1902.5,0.230025,0.084537
1903.5,0.228720,0.084346
1904.5,0.227573,0.084196
1905.5,0.226582,0.084087
1906.5,0.225749,0.084016
1907.5,0.225073,0.083982
1908.5,0.224553,0.083983
1909.5,0.224188,0.084016
1910.5,0.223979,0.084081
1911.5,0.223923,0.084177
1912.5,0.224019,0.084301
1913.5,0.224266,0.084452
1914.5,0.224662,0.084630
1915.5,0.225206,0.084834
1916.5,0.225896,0.085063
1917.5,0.226729,0.085317
1918.5,0.227704,0.085595
1919.5,0.228817,0.085898
1920.5,0.230068,0.086225
1921.5,0.231452,0.086576
1922.5,0.232968,0.086952
1923.5,0.234612,0.087353
1924.5,0.236382,0.087779
1925.5,0.238274,0.088232
1926.5,0.240287,0.088710
1927.5,0.242415,0.089215
1928.5,0.244656,0.089748
1929.5,0.247007,0.090308
1930.5,0.249464,0.090895
1931.5,0.252024,0.091511
1932.5,0.254682,0.092154
1933.5,0.257435,0.092825
1934.5,0.260279,0.093524
1935.5,0.263210,0.094249
1936.5,0.266224,0.095000
1937.5,0.269317,0.095776
1938.5,0.272485,0.096577
1939.5,0.275724,0.097400
1940.5,0.279029,0.098245
1941.5,0.282396,0.099109
1942.5,0.285821,0.099991
1943.5,0.289298,0.100889
1944.5,0.292825,0.101800
1945.5,0.296396,0.102723
1946.5,0.300008,0.103655
1947.5,0.303656,0.104593
1948.5,0.307335,0.105535
1949.5,0.311042,0.106478
1950.5,0.314771,0.107420
1951.5,0.318520,0.108358
1952.5,0.322284,0.109290
1953.5,0.326058,0.110213
1954.5,0.329841,0.111124
1955.5,0.333626,0.112022
1956.5,0.337412,0.112905
1957.5,0.341195,0.113769
1958.5,0.344972,0.114613
1959.5,0.348739,0.115435
1960.5,0.352495,0.116234
1961.5,0.356235,0.117008
1962.5,0.359959,0.117756
1963.5,0.363664,0.118477
1964.5,0.367348,0.119169
1965.5,0.371009,0.119832
1966.5,0.374647,0.120466
1967.5,0.378260,0.121070
1968.5,0.381847,0.121644
1969.5,0.385408,0.122188
1970.5,0.388943,0.122702
1971.5,0.392451,0.123187
1972.5,0.395932,0.123643
1973.5,0.399388,0.124072
1974.5,0.402819,0.124474
1975.5,0.406226,0.124850
1976.5,0.409611,0.125202
1977.5,0.412974,0.125530
1978.5,0.416318,0.125838
1979.5,0.419644,0.126125
1980.5,0.422955,0.126395
1981.5,0.426252,0.126649
1982.5,0.429538,0.126889
1983.5,0.432816,0.127118
1984.5,0.436088,0.127337
1985.5,0.439357,0.127549
1986.5,0.442626,0.127755
1987.5,0.445898,0.127959
1988.5,0.449175,0.128163
1989.5,0.452461,0.128369
1990.5,0.455758,0.128579
1991.5,0.459070,0.128796
1992.5,0.462399,0.129021
1993.5,0.465747,0.129258
1994.5,0.469117,0.129509
1995.5,0.472513,0.129774
1996.5,0.475936,0.130057
1997.5,0.479387,0.130359
1998.5,0.482870,0.130681
1999.5,0.486386,0.131027
2000.5,0.489937,0.131396
2001.5,0.493523,0.131790
2002.5,0.497146,0.132210
2003.5,0.500806,0.132658
2004.5,0.504504,0.133133
2005.5,0.508240,0.133637
2006.5,0.512015,0.134169
2007.5,0.515826,0.134730
2008.5,0.519674,0.135321
2009.5,0.523557,0.135940
2010.5,0.527474,0.136587
2011.5,0.531423,0.137261
2012.5,0.535402,0.137963
2013.5,0.539408,0.138690
2014.5,0.543439,0.139442
2015.5,0.547491,0.140218
2016.5,0.551560,0.141015
2017.5,0.555644,0.141833
2018.5,0.559738,0.142670
2019.5,0.563836,0.143524
2020.5,0.567936,0.144393
2021.5,0.572031,0.145274
2022.5,0.576116,0.146167
2023.5,0.580187,0.147069
2024.5,0.584236,0.147977
2025.5,0.588258,0.148890
2026.5,0.592248,0.149805
2027.5,0.596198,0.150720
2028.5,0.600102,0.151633
2029.5,0.603954,0.152541
2030.5,0.607746,0.153443
2031.5,0.611472,0.154335
2032.5,0.615124,0.155217
2033.5,0.618697,0.156085
2034.5,0.622182,0.156937
2035.5,0.625573,0.157772
2036.5,0.628863,0.158588
2037.5,0.632044,0.159382
2038.5,0.635110,0.160153
2039.5,0.638053,0.160898
2040.5,0.640867,0.161617
2041.5,0.643546,0.162307
2042.5,0.646081,0.162967
2043.5,0.648469,0.163595
2044.5,0.650700,0.164190
2045.5,0.652771,0.164751
2046.5,0.654674,0.165276
2047.5,0.656405,0.165763
2048.5,0.657958,0.166213
2049.5,0.659327,0.166623
2050.5,0.660509,0.166993
2051.5,0.661498,0.167321
2052.5,0.662290,0.167608
2053.5,0.662882,0.167852
2054.5,0.663269,0.168052
2055.5,0.663449,0.168208
2056.5,0.663420,0.168319
2057.5,0.663177,0.168384
2058.5,0.662721,0.168404
2059.5,0.662048,0.168377
2060.5,0.661158,0.168304
2061.5,0.660050,0.168183
2062.5,0.658723,0.168015
2063.5,0.657179,0.167800
2064.5,0.655417,0.167537
2065.5,0.653438,0.167226
2066.5,0.651245,0.166868
2067.5,0.648838,0.166461
2068.5,0.646220,0.166006
2069.5,0.643394,0.165504
2070.5,0.640364,0.164954
2071.5,0.637133,0.164356
2072.5,0.633706,0.163712
2073.5,0.630086,0.163020
2074.5,0.626280,0.162282
2075.5,0.622293,0.161497
2076.5,0.618130,0.160667
2077.5,0.613799,0.159793
2078.5,0.609305,0.158874
2079.5,0.604657,0.157911
2080.5,0.599861,0.156906
2081.5,0.594926,0.155859
2082.5,0.589860,0.154772
2083.5,0.584671,0.153646
2084.5,0.579368,0.152482
2085.5,0.573960,0.151282
2086.5,0.568458,0.150046
2087.5,0.562869,0.148778
2088.5,0.557205,0.147479
2089.5,0.551475,0.146151
2090.5,0.545689,0.144796
2091.5,0.539857,0.143417
2092.5,0.533991,0.142016
2093.5,0.528099,0.140596
2094.5,0.522193,0.139161
2095.5,0.516283,0.137712
2096.5,0.510379,0.136253
2097.5,0.504492,0.134788
2098.5,0.498632,0.133321
2099.5,0.492808,0.131855
2100.5,0.487032,0.130393
2101.5,0.481311,0.128940
2102.5,0.475657,0.127500
2103.5,0.470078,0.126078
2104.5,0.464582,0.124676
2105.5,0.459180,0.123301
2106.5,0.453878,0.121955
2107.5,0.448685,0.120644
2108.5,0.443609,0.119371
2109.5,0.438656,0.118140
2110.5,0.433833,0.116957
2111.5,0.429147,0.115824
2112.5,0.424603,0.114745
2113.5,0.420207,0.113725
2114.5,0.415962,0.112765
2115.5,0.411875,0.111868
2116.5,0.407948,0.111039
2117.5,0.404184,0.110277
2118.5,0.400587,0.109586
2119.5,0.397159,0.108966
2120.5,0.393900,0.108418
2121.5,0.390814,0.107943
2122.5,0.387899,0.107540
2123.5,0.385156,0.107208
2124.5,0.382585,0.106948
2125.5,0.380185,0.106756
2126.5,0.377955,0.106632
2127.5,0.375892,0.106572
2128.5,0.373995,0.106575
2129.5,0.372260,0.106637
2130.5,0.370684,0.106754
2131.5,0.369264,0.106923
2132.5,0.367996,0.107141
2133.5,0.366876,0.107404
2134.5,0.365898,0.107707
2135.5,0.365058,0.108046
2136.5,0.364351,0.108418
2137.5,0.363771,0.108818
2138.5,0.363312,0.109242
2139.5,0.362968,0.109686
2140.5,0.362734,0.110147
2141.5,0.362603,0.110621
2142.5,0.362568,0.111104
2143.5,0.362623,0.111594
2144.5,0.362762,0.112086
2145.5,0.362976,0.112578
2146.5,0.363261,0.113067
2147.5,0.363609,0.113550
2148.5,0.364014,0.114026
2149.5,0.364468,0.114492
2150.5,0.364965,0.114946
2151.5,0.365500,0.115387
2152.5,0.366064,0.115813
2153.5,0.366652,0.116223
2154.5,0.367258,0.116615
2155.5,0.367876,0.116989
2156.5,0.368499,0.117344
2157.5,0.369122,0.117680
2158.5,0.369741,0.117995
2159.5,0.370348,0.118290
2160.5,0.370940,0.118564
2161.5,0.371512,0.118818
2162.5,0.372058,0.119050
2163.5,0.372575,0.119262
2164.5,0.373059,0.119453
2165.5,0.373505,0.119623
2166.5,0.373910,0.119773
2167.5,0.374271,0.119903
2168.5,0.374585,0.120013
2169.5,0.374849,0.120103
2170.5,0.375060,0.120173
2171.5,0.375217,0.120224
2172.5,0.375317,0.120256
2173.5,0.375358,0.120269
2174.5,0.375340,0.120262
2175.5,0.375260,0.120237
2176.5,0.375119,0.120193
2177.5,0.374916,0.120129
2178.5,0.374650,0.120047
2179.5,0.374321,0.119945
2180.5,0.373929,0.119825
2181.5,0.373475,0.119684
2182.5,0.372959,0.119524
2183.5,0.372383,0.119345
2184.5,0.371747,0.119145
2185.5,0.371052,0.118925
2186.5,0.370301,0.118685
2187.5,0.369494,0.118424
2188.5,0.368634,0.118142
2189.5,0.367723,0.117841
2190.5,0.366763,0.117518
2191.5,0.365757,0.117176
2192.5,0.364707,0.116813
2193.5,0.363615,0.116431
2194.5,0.362486,0.116030
2195.5,0.361321,0.115610
2196.5,0.360123,0.115172
2197.5,0.358897,0.114718
2198.5,0.357645,0.114248
2199.5,0.356370,0.113764
2200.5,0.355077,0.113267
2201.5,0.353768,0.112759
2202.5,0.352448,0.112241
2203.5,0.351118,0.111715
2204.5,0.349784,0.111183
2205.5,0.348448,0.110648
2206.5,0.347114,0.110112
2207.5,0.345786,0.109576
2208.5,0.344466,0.109044
2209.5,0.343159,0.108518
2210.5,0.341868,0.108001
2211.5,0.340597,0.107494
2212.5,0.339347,0.107001
2213.5,0.338123,0.106523
2214.5,0.336928,0.106064
2215.5,0.335764,0.105625
2216.5,0.334635,0.105208
2217.5,0.333542,0.104816
2218.5,0.332490,0.104449
2219.5,0.331480,0.104110
2220.5,0.330514,0.103800
2221.5,0.329596,0.103519
2222.5,0.328726,0.103268
2223.5,0.327908,0.103048
2224.5,0.327142,0.102859
2225.5,0.326432,0.102701
2226.5,0.325777,0.102573
2227.5,0.325180,0.102474
2228.5,0.324643,0.102404
2229.5,0.324166,0.102361
2230.5,0.323750,0.102344
2231.5,0.323397,0.102352
2232.5,0.323108,0.102382
2233.5,0.322882,0.102432
2234.5,0.322722,0.102502
2235.5,0.322628,0.102588
2236.5,0.322600,0.102688
2237.5,0.322638,0.102802
2238.5,0.322744,0.102925
2239.5,0.322917,0.103057
2240.5,0.323159,0.103196
2241.5,0.323468,0.103340
2242.5,0.323847,0.103486
2243.5,0.324293,0.103635
2244.5,0.324809,0.103784
2245.5,0.325394,0.103932
2246.5,0.326049,0.104079
2247.5,0.326772,0.104223
2248.5,0.327566,0.104364
2249.5,0.328430,0.104502
2250.5,0.329364,0.104637
2251.5,0.330368,0.104768
2252.5,0.331443,0.104897
2253.5,0.332590,0.105024
2254.5,0.333808,0.105149
2255.5,0.335097,0.105273
2256.5,0.336459,0.105398
2257.5,0.337893,0.105524
2258.5,0.339400,0.105652
2259.5,0.340981,0.105785
2260.5,0.342635,0.105923
2261.5,0.344364,0.106068
2262.5,0.346168,0.106222
2263.5,0.348048,0.106386
2264.5,0.350003,0.106561
2265.5,0.352035,0.106749
2266.5,0.354145,0.106951
2267.5,0.356332,0.107169
2268.5,0.358598,0.107404
2269.5,0.360943,0.107657
2270.5,0.363367,0.107930
2271.5,0.365872,0.108222
2272.5,0.368457,0.108535
2273.5,0.371123,0.108870
2274.5,0.373871,0.109226
2275.5,0.376700,0.109604
2276.5,0.379613,0.110004
2277.5,0.382608,0.110427
2278.5,0.385687,0.110871
2279.5,0.388848,0.111337
2280.5,0.392094,0.111824
2281.5,0.395424,0.112332
2282.5,0.398837,0.112859
2283.5,0.402335,0.113405
2284.5,0.405917,0.113969
2285.5,0.409583,0.114550
2286.5,0.413333,0.115147
2287.5,0.417167,0.115758
2288.5,0.421084,0.116383
2289.5,0.425085,0.117021
2290.5,0.429168,0.117670
2291.5,0.433334,0.118329
2292.5,0.437581,0.118997
2293.5,0.441910,0.119673
2294.5,0.446318,0.120355
2295.5,0.450807,0.121044
2296.5,0.455374,0.121739
2297.5,0.460020,0.122437
2298.5,0.464742,0.123139
2299.5,0.469539,0.123845
2300.5,0.474411,0.124553
2301.5,0.479356,0.125263
2302.5,0.484373,0.125976
2303.5,0.489460,0.126690
2304.5,0.494614,0.127407
2305.5,0.499836,0.128126
2306.5,0.505122,0.128847
2307.5,0.510471,0.129570
2308.5,0.515881,0.130297
2309.5,0.521348,0.131027
2310.5,0.526872,0.131762
2311.5,0.532448,0.132502
2312.5,0.538076,0.133247
2313.5,0.543750,0.133998
2314.5,0.549470,0.134757
2315.5,0.555230,0.135525
2316.5,0.561029,0.136301
2317.5,0.566862,0.137087
2318.5,0.572725,0.137884
2319.5,0.578616,0.138693
2320.5,0.584528,0.139514
2321.5,0.590459,0.140349
2322.5,0.596404,0.141197
2323.5,0.602358,0.142060
2324.5,0.608316,0.142939
2325.5,0.614273,0.143832
2326.5,0.620223,0.144742
2327.5,0.626162,0.145667
2328.5,0.632082,0.146609
2329.5,0.637980,0.147567
2330.5,0.643847,0.148540
2331.5,0.649679,0.149529
2332.5,0.655469,0.150533
2333.5,0.661209,0.151551
2334.5,0.666893,0.152582
2335.5,0.672515,0.153626
2336.5,0.678067,0.154681
2337.5,0.683541,0.155746
2338.5,0.688931,0.156820
2339.5,0.694229,0.157901
2340.5,0.699427,0.158988
2341.5,0.704519,0.160078
2342.5,0.709496,0.161171
2343.5,0.714350,0.162263
2344.5,0.719075,0.163353
2345.5,0.723662,0.164439
2346.5,0.728103,0.165518
2347.5,0.732392,0.166588
2348.5,0.736520,0.167646
2349.5,0.740481,0.168691
2350.5,0.744267,0.169720
2351.5,0.747871,0.170730
2352.5,0.751287,0.171718
2353.5,0.754506,0.172683
2354.5,0.757524,0.173621
2355.5,0.760334,0.174531
2356.5,0.762930,0.175408
2357.5,0.765306,0.176252
2358.5,0.767457,0.177059
2359.5,0.769379,0.177827
2360.5,0.771066,0.178553
2361.5,0.772515,0.179236
2362.5,0.773722,0.179872
2363.5,0.774683,0.180461
2364.5,0.775396,0.180998
2365.5,0.775859,0.181484
2366.5,0.776070,0.181914
2367.5,0.776028,0.182289
2368.5,0.775730,0.182605
2369.5,0.775179,0.182862
2370.5,0.774373,0.183058
2371.5,0.773314,0.183191
2372.5,0.772003,0.183261
2373.5,0.770441,0.183265
2374.5,0.768633,0.183204
2375.5,0.766580,0.183077
2376.5,0.764286,0.182883
2377.5,0.761756,0.182621
2378.5,0.758994,0.182292
2379.5,0.756007,0.181894
2380.5,0.752799,0.181430
2381.5,0.749376,0.180898
2382.5,0.745747,0.180299
2383.5,0.741919,0.179634
2384.5,0.737899,0.178904
2385.5,0.733695,0.178110
2386.5,0.729317,0.177253
2387.5,0.724774,0.176334
2388.5,0.720076,0.175355
2389.5,0.715232,0.174319
2390.5,0.710253,0.173226
2391.5,0.705150,0.172080
2392.5,0.699934,0.170882
2393.5,0.694615,0.169636
2394.5,0.689206,0.168343
2395.5,0.683718,0.167007
2396.5,0.678163,0.165630
2397.5,0.672553,0.164217
2398.5,0.666899,0.162770
2399.5,0.661215,0.161293
2400.5,0.655512,0.159789
2401.5,0.649803,0.158263
2402.5,0.644099,0.156718
2403.5,0.638413,0.155158
2404.5,0.632757,0.153588
2405.5,0.627141,0.152011
2406.5,0.621579,0.150432
2407.5,0.616080,0.148855
2408.5,0.610658,0.147284
2409.5,0.605321,0.145725
2410.5,0.600081,0.144182
2411.5,0.594949,0.142658
2412.5,0.589933,0.141159
2413.5,0.585043,0.139690
2414.5,0.580288,0.138254
2415.5,0.575678,0.136856
2416.5,0.571219,0.135500
2417.5,0.566919,0.134190
2418.5,0.562786,0.132932
2419.5,0.558826,0.131727
2420.5,0.555046,0.130581
2421.5,0.551449,0.129496
2422.5,0.548042,0.128477
2423.5,0.544828,0.127525
2424.5,0.541811,0.126644
2425.5,0.538995,0.125836
2426.5,0.536381,0.125103
2427.5,0.533971,0.124447
2428.5,0.531767,0.123869
2429.5,0.529769,0.123370
2430.5,0.527977,0.122951
2431.5,0.526390,0.122611
2432.5,0.525008,0.122351
2433.5,0.523828,0.122170
2434.5,0.522847,0.122067
2435.5,0.522064,0.122040
2436.5,0.521474,0.122088
2437.5,0.521074,0.122208
2438.5,0.520858,0.122398
2439.5,0.520822,0.122656
2440.5,0.520961,0.122977
2441.5,0.521268,0.123358
2442.5,0.521736,0.123797
2443.5,0.522360,0.124289
2444.5,0.523131,0.124830
2445.5,0.524043,0.125417
2446.5,0.525088,0.126044
2447.5,0.526257,0.126708
2448.5,0.527543,0.127405
2449.5,0.528936,0.128129
2450.5,0.530428,0.128878
2451.5,0.532011,0.129645
2452.5,0.533675,0.130428
2453.5,0.535411,0.131221
2454.5,0.537211,0.132021
2455.5,0.539065,0.132824
2456.5,0.540964,0.133625
2457.5,0.542899,0.134422
2458.5,0.544862,0.135209
2459.5,0.546843,0.135983
2460.5,0.548834,0.136742
2461.5,0.550827,0.137482
2462.5,0.552813,0.138200
2463.5,0.554785,0.138893
2464.5,0.556734,0.139558
2465.5,0.558654,0.140193
2466.5,0.560537,0.140795
2467.5,0.562377,0.141363
2468.5,0.564167,0.141894
2469.5,0.565901,0.142388
2470.5,0.567574,0.142842
2471.5,0.569181,0.143255
2472.5,0.570716,0.143627
2473.5,0.572176,0.143956
2474.5,0.573556,0.144241
2475.5,0.574854,0.144484
2476.5,0.576066,0.144682
2477.5,0.577190,0.144837
2478.5,0.578223,0.144949
2479.5,0.579165,0.145017
2480.5,0.580014,0.145043
2481.5,0.580769,0.145028
2482.5,0.581431,0.144972
2483.5,0.581999,0.144877
2484.5,0.582474,0.144743
2485.5,0.582858,0.144573
2486.5,0.583152,0.144368
2487.5,0.583357,0.144130
2488.5,0.583477,0.143861
2489.5,0.583513,0.143562
2490.5,0.583468,0.143236
2491.5,0.583347,0.142885
2492.5,0.583152,0.142511
2493.5,0.582887,0.142117
2494.5,0.582556,0.141704
2495.5,0.582164,0.141276
2496.5,0.581715,0.140835
2497.5,0.581214,0.140383
2498.5,0.580665,0.139922
2499.5,0.580074,0.139455
2500.5,0.579445,0.138985
2501.5,0.578784,0.138514
2502.5,0.578096,0.138045
2503.5,0.577386,0.137579
2504.5,0.576659,0.137119
2505.5,0.575921,0.136667
2506.5,0.575175,0.136226
2507.5,0.574428,0.135797
2508.5,0.573685,0.135382
2509.5,0.572949,0.134984
2510.5,0.572227,0.134603
2511.5,0.571522,0.134243
2512.5,0.570838,0.133904
2513.5,0.570181,0.133588
2514.5,0.569553,0.133297
2515.5,0.568959,0.133031
2516.5,0.568402,0.132792
2517.5,0.567885,0.132581
2518.5,0.567411,0.132399
2519.5,0.566983,0.132247
2520.5,0.566604,0.132125
2521.5,0.566276,0.132034
2522.5,0.566000,0.131975
2523.5,0.565778,0.131947
2524.5,0.565612,0.131952
2525.5,0.565503,0.131988
2526.5,0.565451,0.132056
2527.5,0.565458,0.132156
2528.5,0.565523,0.132288
2529.5,0.565646,0.132450
2530.5,0.565827,0.132642
2531.5,0.566066,0.132864
2532.5,0.566361,0.133114
2533.5,0.566713,0.133392
2534.5,0.567119,0.133696
2535.5,0.567578,0.134024
2536.5,0.568090,0.134377
2537.5,0.568651,0.134751
2538.5,0.569260,0.135145
2539.5,0.569915,0.135558
2540.5,0.570614,0.135988
2541.5,0.571354,0.136432
2542.5,0.572133,0.136888
2543.5,0.572949,0.137356
2544.5,0.573799,0.137831
2545.5,0.574679,0.138313
2546.5,0.575588,0.138798
2547.5,0.576523,0.139286
2548.5,0.577481,0.139772
2549.5,0.578460,0.140256
2550.5,0.579455,0.140736
2551.5,0.580466,0.141208
2552.5,0.581488,0.141670
2553.5,0.582520,0.142122
2554.5,0.583559,0.142561
2555.5,0.584603,0.142984
2556.5,0.585648,0.143391
2557.5,0.586693,0.143780
2558.5,0.587735,0.144150
2559.5,0.588772,0.144498
2560.5,0.589803,0.144825
2561.5,0.590824,0.145129
2562.5,0.591835,0.145409
2563.5,0.592833,0.145665
2564.5,0.593816,0.145897
2565.5,0.594784,0.146104
2566.5,0.595734,0.146286
2567.5,0.596665,0.146444
2568.5,0.597577,0.146578
2569.5,0.598467,0.146689
2570.5,0.599334,0.146777
2571.5,0.600178,0.146843
2572.5,0.600996,0.146890
2573.5,0.601790,0.146917
2574.5,0.602557,0.146926
2575.5,0.603296,0.146920
2576.5,0.604006,0.146899
2577.5,0.604687,0.146867
2578.5,0.605338,0.146823
2579.5,0.605958,0.146771
2580.5,0.606546,0.146713
2581.5,0.607102,0.146650
2582.5,0.607623,0.146585
2583.5,0.608109,0.146520
2584.5,0.608560,0.146456
2585.5,0.608973,0.146395
2586.5,0.609349,0.146339
2587.5,0.609685,0.146290
2588.5,0.609981,0.146249
2589.5,0.610235,0.146218
2590.5,0.610445,0.146197
2591.5,0.610611,0.146187
2592.5,0.610729,0.146189
2593.5,0.610800,0.146203
2594.5,0.610820,0.146230
2595.5,0.610789,0.146269
2596.5,0.610704,0.146321
2597.5,0.610563,0.146383
2598.5,0.610365,0.146456
2599.5,0.610106,0.146539
2600.5,0.609785,0.146630
2601.5,0.609401,0.146727
2602.5,0.608949,0.146829
2603.5,0.608429,0.146934
2604.5,0.607838,0.147040
2605.5,0.607173,0.147145
2606.5,0.606433,0.147246
2607.5,0.605616,0.147341
2608.5,0.604718,0.147427
2609.5,0.603739,0.147502
2610.5,0.602676,0.147564
2611.5,0.601527,0.147609
2612.5,0.600291,0.147636
2613.5,0.598965,0.147641
2614.5,0.597549,0.147623
2615.5,0.596039,0.147579
2616.5,0.594437,0.147507
2617.5,0.592740,0.147405
2618.5,0.590947,0.147272
2619.5,0.589058,0.147105
2620.5,0.587072,0.146903
2621.5,0.584990,0.146665
2622.5,0.582810,0.146390
2623.5,0.580533,0.146077
2624.5,0.578160,0.145725
2625.5,0.575692,0.145334
2626.5,0.573128,0.144903
2627.5,0.570471,0.144433
2628.5,0.567721,0.143924
2629.5,0.564881,0.143376
2630.5,0.561952,0.142791
2631.5,0.558937,0.142168
2632.5,0.555838,0.141510
2633.5,0.552658,0.140817
2634.5,0.549399,0.140090
2635.5,0.546066,0.139332
2636.5,0.542660,0.138545
2637.5,0.539186,0.137729
2638.5,0.535648,0.136888
2639.5,0.532050,0.136024
2640.5,0.528395,0.135138
2641.5,0.524689,0.134233
2642.5,0.520935,0.133312
2643.5,0.517139,0.132376
2644.5,0.513304,0.131430
2645.5,0.509437,0.130474
2646.5,0.505541,0.129512
2647.5,0.501623,0.128546
2648.5,0.497687,0.127578
2649.5,0.493738,0.126611
2650.5,0.489782,0.125648
2651.5,0.485823,0.124690
2652.5,0.481867,0.123739
2653.5,0.477920,0.122799
2654.5,0.473985,0.121870
2655.5,0.470070,0.120955
2656.5,0.466177,0.120056
2657.5,0.462314,0.119173
2658.5,0.458483,0.118309
2659.5,0.454691,0.117464
2660.5,0.450942,0.116641
2661.5,0.447240,0.115839
2662.5,0.443590,0.115061
2663.5,0.439996,0.114306
2664.5,0.436463,0.113576
2665.5,0.432993,0.112871
2666.5,0.429592,0.112191
2667.5,0.426262,0.111537
2668.5,0.423008,0.110909
2669.5,0.419831,0.110308
2670.5,0.416737,0.109732
2671.5,0.413726,0.109183
2672.5,0.410803,0.108661
2673.5,0.407969,0.108164
2674.5,0.405226,0.107694
2675.5,0.402578,0.107249
2676.5,0.400026,0.106830
2677.5,0.397571,0.106436
2678.5,0.395215,0.106068
2679.5,0.392959,0.105724
2680.5,0.390806,0.105404
2681.5,0.388754,0.105109
2682.5,0.386806,0.104838
2683.5,0.384962,0.104590
2684.5,0.383223,0.104366
2685.5,0.381588,0.104164
2686.5,0.380059,0.103985
2687.5,0.378634,0.103828
2688.5,0.377314,0.103692
2689.5,0.376099,0.103578
2690.5,0.374988,0.103484
2691.5,0.373980,0.103411
2692.5,0.373076,0.103357
2693.5,0.372274,0.103323
2694.5,0.371573,0.103307
2695.5,0.370973,0.103310
2696.5,0.370472,0.103330
2697.5,0.370069,0.103367
2698.5,0.369764,0.103420
2699.5,0.369554,0.103488
2700.5,0.369439,0.103572
2701.5,0.369416,0.103670
2702.5,0.369485,0.103781
2703.5,0.369644,0.103905
2704.5,0.369892,0.104041
2705.5,0.370226,0.104189
2706.5,0.370645,0.104347
2707.5,0.371148,0.104515
2708.5,0.371732,0.104692
2709.5,0.372395,0.104878
2710.5,0.373136,0.105073
2711.5,0.373954,0.105274
2712.5,0.374845,0.105483
2713.5,0.375809,0.105699
2714.5,0.376842,0.105920
2715.5,0.377944,0.106148
2716.5,0.379111,0.106381
2717.5,0.380343,0.106620
2718.5,0.381636,0.106863
2719.5,0.382989,0.107112
2720.5,0.384399,0.107366
2721.5,0.385865,0.107626
2722.5,0.387383,0.107890
2723.5,0.388953,0.108160
2724.5,0.390571,0.108436
2725.5,0.392234,0.108717
2726.5,0.393942,0.109004
2727.5,0.395691,0.109298
2728.5,0.397478,0.109598
2729.5,0.399301,0.109905
2730.5,0.401158,0.110220
2731.5,0.403047,0.110542
2732.5,0.404963,0.110872
2733.5,0.406905,0.111210
2734.5,0.408869,0.111557
2735.5,0.410854,0.111912
2736.5,0.412856,0.112276
2737.5,0.414872,0.112649
2738.5,0.416899,0.113031
2739.5,0.418935,0.113422
2740.5,0.420976,0.113821
2741.5,0.423018,0.114229
2742.5,0.425060,0.114645
2743.5,0.427097,0.115069
2744.5,0.429128,0.115500
2745.5,0.431147,0.115938
2746.5,0.433152,0.116382
2747.5,0.435141,0.116831
2748.5,0.437108,0.117285
2749.5,0.439052,0.117742
2750.5,0.440968,0.118202
2751.5,0.442854,0.118663
2752.5,0.444706,0.119125
2753.5,0.446520,0.119586
2754.5,0.448294,0.120044
2755.5,0.450024,0.120500
2756.5,0.451707,0.120950
2757.5,0.453339,0.121395
2758.5,0.454917,0.121832
2759.5,0.456439,0.122261
2760.5,0.457901,0.122679
2761.5,0.459299,0.123086
2762.5,0.460632,0.123480
2763.5,0.461896,0.123861
2764.5,0.463088,0.124225
2765.5,0.464206,0.124573
2766.5,0.465248,0.124904
2767.5,0.466209,0.125215
2768.5,0.467090,0.125507
2769.5,0.467886,0.125777
2770.5,0.468596,0.126026
2771.5,0.469218,0.126252
2772.5,0.469751,0.126455
2773.5,0.470192,0.126633
2774.5,0.470541,0.126787
2775.5,0.470796,0.126915
2776.5,0.470955,0.127018
2777.5,0.471018,0.127094
2778.5,0.470985,0.127144
2779.5,0.470854,0.127168
2780.5,0.470626,0.127164
2781.5,0.470299,0.127133
2782.5,0.469874,0.127076
2783.5,0.469352,0.126992
2784.5,0.468733,0.126881
2785.5,0.468017,0.126743
2786.5,0.467205,0.126579
2787.5,0.466298,0.126389
2788.5,0.465298,0.126174
2789.5,0.464205,0.125933
2790.5,0.463022,0.125667
2791.5,0.461750,0.125377
2792.5,0.460391,0.125064
2793.5,0.458947,0.124727
2794.5,0.457420,0.124367
2795.5,0.455814,0.123985
2796.5,0.454130,0.123582
2797.5,0.452371,0.123159
2798.5,0.450541,0.122715
2799.5,0.448643,0.122253
2800.5,0.446679,0.121772
2801.5,0.444653,0.121274
2802.5,0.442568,0.120759
2803.5,0.440428,0.120229
2804.5,0.438237,0.119684
2805.5,0.435998,0.119125
2806.5,0.433716,0.118554
2807.5,0.431393,0.117971
2808.5,0.429034,0.117378
2809.5,0.426642,0.116776
2810.5,0.424223,0.116165
2811.5,0.421779,0.115548
2812.5,0.419315,0.114925
2813.5,0.416835,0.114298
2814.5,0.414343,0.113669
2815.5,0.411842,0.113037
2816.5,0.409338,0.112407
2817.5,0.406833,0.111777
2818.5,0.404331,0.111151
2819.5,0.401837,0.110529
2820.5,0.399354,0.109914
2821.5,0.396886,0.109306
2822.5,0.394436,0.108707
2823.5,0.392008,0.108120
2824.5,0.389604,0.107544
2825.5,0.387229,0.106983
2826.5,0.384886,0.106437
2827.5,0.382578,0.105908
2828.5,0.380306,0.105397
2829.5,0.378075,0.104905
2830.5,0.375887,0.104434
2831.5,0.373745,0.103985
2832.5,0.371650,0.103559
2833.5,0.369605,0.103156
2834.5,0.367612,0.102778
2835.5,0.365673,0.102424
2836.5,0.363790,0.102097
2837.5,0.361964,0.101795
2838.5,0.360197,0.101520
2839.5,0.358491,0.101270
2840.5,0.356846,0.101046
2841.5,0.355263,0.100849
2842.5,0.353744,0.100676
2843.5,0.352290,0.100528
2844.5,0.350900,0.100404
2845.5,0.349575,0.100303
2846.5,0.348317,0.100224
2847.5,0.347125,0.100166
2848.5,0.345999,0.100127
2849.5,0.344940,0.100107
2850.5,0.343948,0.100104
2851.5,0.343022,0.100116
2852.5,0.342162,0.100143
2853.5,0.341368,0.100181
2854.5,0.340640,0.100231
2855.5,0.339978,0.100290
2856.5,0.339380,0.100357
2857.5,0.338847,0.100430
2858.5,0.338378,0.100508
2859.5,0.337971,0.100589
2860.5,0.337628,0.100672
2861.5,0.337347,0.100756
2862.5,0.337127,0.100839
2863.5,0.336967,0.100921
2864.5,0.336868,0.101000
2865.5,0.336828,0.101076
2866.5,0.336846,0.101148
2867.5,0.336922,0.101215
2868.5,0.337056,0.101276
2869.5,0.337246,0.101332
2870.5,0.337492,0.101382
2871.5,0.337793,0.101426
2872.5,0.338148,0.101464
2873.5,0.338558,0.101496
2874.5,0.339020,0.101523
2875.5,0.339536,0.101544
2876.5,0.340103,0.101561
2877.5,0.340722,0.101574
2878.5,0.341392,0.101583
2879.5,0.342112,0.101590
2880.5,0.342882,0.101595
2881.5,0.343702,0.101599
2882.5,0.344571,0.101604
2883.5,0.345488,0.101610
2884.5,0.346452,0.101619
2885.5,0.347465,0.101632
2886.5,0.348524,0.101649
2887.5,0.349630,0.101673
2888.5,0.350781,0.101704
2889.5,0.351978,0.101744
2890.5,0.353219,0.101794
2891.5,0.354504,0.101855
2892.5,0.355833,0.101928
2893.5,0.357205,0.102014
2894.5,0.358619,0.102114
2895.5,0.360074,0.102229
2896.5,0.361569,0.102360
2897.5,0.363105,0.102508
2898.5,0.364679,0.102673
2899.5,0.366291,0.102856
2900.5,0.367940,0.103058
2901.5,0.369625,0.103278
2902.5,0.371344,0.103517
2903.5,0.373096,0.103775
2904.5,0.374881,0.104051
2905.5,0.376696,0.104347
2906.5,0.378541,0.104661
2907.5,0.380413,0.104993
2908.5,0.382312,0.105343
2909.5,0.384235,0.105710
2910.5,0.386181,0.106093
2911.5,0.388148,0.106491
2912.5,0.390134,0.106904
2913.5,0.392138,0.107331
2914.5,0.394157,0.107770
2915.5,0.396189,0.108220
2916.5,0.398232,0.108681
2917.5,0.400284,0.109150
2918.5,0.402343,0.109627
2919.5,0.404406,0.110110
2920.5,0.406472,0.110597
2921.5,0.408538,0.111088
2922.5,0.410601,0.111581
2923.5,0.412660,0.112074
2924.5,0.414711,0.112566
2925.5,0.416753,0.113056
2926.5,0.418782,0.113543
2927.5,0.420797,0.114024
2928.5,0.422796,0.114498
2929.5,0.424775,0.114966
2930.5,0.426732,0.115424
2931.5,0.428665,0.115872
2932.5,0.430572,0.116308
2933.5,0.432450,0.116733
2934.5,0.434297,0.117144
2935.5,0.436111,0.117541
2936.5,0.437890,0.117924
2937.5,0.439631,0.118290
2938.5,0.441332,0.118640
2939.5,0.442992,0.118973
2940.5,0.444607,0.119289
2941.5,0.446178,0.119587
2942.5,0.447700,0.119867
2943.5,0.449174,0.120129
2944.5,0.450597,0.120372
2945.5,0.451967,0.120596
2946.5,0.453283,0.120802
2947.5,0.454543,0.120990
2948.5,0.455747,0.121159
2949.5,0.456892,0.121311
2950.5,0.457978,0.121445
2951.5,0.459004,0.121561
2952.5,0.459967,0.121661
2953.5,0.460868,0.121745
2954.5,0.461705,0.121814
2955.5,0.462478,0.121867
2956.5,0.463186,0.121906
2957.5,0.463828,0.121932
2958.5,0.464403,0.121944
2959.5,0.464911,0.121945
2960.5,0.465352,0.121934
2961.5,0.465724,0.121912
2962.5,0.466028,0.121881
2963.5,0.466263,0.121840
2964.5,0.466429,0.121791
2965.5,0.466526,0.121735
2966.5,0.466554,0.121671
2967.5,0.466512,0.121601
2968.5,0.466400,0.121525
2969.5,0.466219,0.121444
2970.5,0.465968,0.121359
2971.5,0.465648,0.121269
2972.5,0.465258,0.121175
2973.5,0.464799,0.121078
2974.5,0.464271,0.120978
2975.5,0.463674,0.120874
2976.5,0.463008,0.120768
2977.5,0.462273,0.120659
2978.5,0.461471,0.120547
2979.5,0.460600,0.120433
2980.5,0.459662,0.120315
2981.5,0.458657,0.120194
2982.5,0.457585,0.120070
2983.5,0.456446,0.119942
2984.5,0.455242,0.119810
2985.5,0.453972,0.119673
2986.5,0.452638,0.119531
2987.5,0.451239,0.119384
2988.5,0.449777,0.119231
2989.5,0.448252,0.119071
2990.5,0.446664,0.118903
2991.5,0.445015,0.118727
2992.5,0.443306,0.118543
2993.5,0.441536,0.118350
2994.5,0.439708,0.118146
2995.5,0.437821,0.117932
2996.5,0.435878,0.117706
2997.5,0.433878,0.117468
2998.5,0.431824,0.117217
2999.5,0.429716,0.116953
3000.5,0.427556,0.116675
3001.5,0.425345,0.116383
3002.5,0.423085,0.116075
3003.5,0.420776,0.115751
3004.5,0.418421,0.115412
3005.5,0.416021,0.115056
3006.5,0.413578,0.114683
3007.5,0.411094,0.114294
3008.5,0.408571,0.113886
3009.5,0.406010,0.113462
3010.5,0.403414,0.113020
3011.5,0.400784,0.112560
3012.5,0.398124,0.112082
3013.5,0.395435,0.111587
3014.5,0.392719,0.111075
3015.5,0.389980,0.110546
3016.5,0.387219,0.110000
3017.5,0.384439,0.109438
3018.5,0.381644,0.108861
3019.5,0.378835,0.108268
3020.5,0.376016,0.107660
3021.5,0.373189,0.107039
3022.5,0.370358,0.106405
3023.5,0.367525,0.105759
3024.5,0.364693,0.105101
3025.5,0.361866,0.104434
3026.5,0.359046,0.103757
3027.5,0.356237,0.103072
3028.5,0.353442,0.102381
3029.5,0.350664,0.101684
3030.5,0.347906,0.100983
3031.5,0.345173,0.100279
3032.5,0.342465,0.099573
3033.5,0.339788,0.098868
3034.5,0.337144,0.098164
3035.5,0.334537,0.097463
3036.5,0.331969,0.096766
3037.5,0.329444,0.096075
3038.5,0.326964,0.095391
3039.5,0.324534,0.094717
3040.5,0.322156,0.094052
3041.5,0.319832,0.093400
3042.5,0.317566,0.092761
3043.5,0.315361,0.092137
3044.5,0.313219,0.091529
3045.5,0.311143,0.090938
3046.5,0.309136,0.090367
3047.5,0.307200,0.089816
3048.5,0.305337,0.089286
3049.5,0.303549,0.088778
3050.5,0.301840,0.088295
3051.5,0.300210,0.087836
3052.5,0.298662,0.087402
3053.5,0.297197,0.086995
3054.5,0.295817,0.086615
3055.5,0.294524,0.086263
3056.5,0.293319,0.085940
3057.5,0.292203,0.085645
3058.5,0.291177,0.085380
3059.5,0.290242,0.085145
3060.5,0.289399,0.084940
3061.5,0.288649,0.084765
3062.5,0.287992,0.084620
3063.5,0.287428,0.084505
3064.5,0.286957,0.084421
3065.5,0.286580,0.084367
3066.5,0.286296,0.084343
3067.5,0.286105,0.084348
3068.5,0.286007,0.084383
3069.5,0.286001,0.084447
3070.5,0.286086,0.084540
3071.5,0.286262,0.084661
3072.5,0.286527,0.084809
3073.5,0.286879,0.084985
3074.5,0.287319,0.085187
3075.5,0.287843,0.085414
3076.5,0.288452,0.085667
3077.5,0.289142,0.085944
3078.5,0.289912,0.086245
3079.5,0.290761,0.086569
3080.5,0.291685,0.086914
3081.5,0.292684,0.087281
3082.5,0.293753,0.087668
3083.5,0.294892,0.088075
3084.5,0.296098,0.088500
3085.5,0.297367,0.088942
3086.5,0.298698,0.089401
3087.5,0.300087,0.089875
3088.5,0.301532,0.090364
3089.5,0.303030,0.090865
3090.5,0.304579,0.091379
3091.5,0.306174,0.091903
3092.5,0.307813,0.092437
3093.5,0.309493,0.092980
3094.5,0.311211,0.093529
3095.5,0.312964,0.094085
3096.5,0.314749,0.094645
3097.5,0.316563,0.095209
3098.5,0.318402,0.095774
3099.5,0.320263,0.096340
3100.5,0.322145,0.096906
3101.5,0.324042,0.097469
3102.5,0.325953,0.098030
3103.5,0.327875,0.098586
3104.5,0.329804,0.099136
3105.5,0.331738,0.099679
3106.5,0.333674,0.100213
3107.5,0.335609,0.100739
3108.5,0.337541,0.101253
3109.5,0.339466,0.101756
3110.5,0.341383,0.102246
3111.5,0.343289,0.102723
3112.5,0.345182,0.103184
3113.5,0.347060,0.103630
3114.5,0.348920,0.104060
3115.5,0.350760,0.104472
3116.5,0.352579,0.104867
3117.5,0.354374,0.105243
3118.5,0.356144,0.105601
3119.5,0.357888,0.105939
3120.5,0.359603,0.106257
3121.5,0.361289,0.106556
3122.5,0.362944,0.106835
3123.5,0.364568,0.107093
3124.5,0.366158,0.107331
3125.5,0.367715,0.107550
3126.5,0.369237,0.107749
3127.5,0.370725,0.107928
3128.5,0.372176,0.108088
3129.5,0.373591,0.108230
3130.5,0.374970,0.108353
3131.5,0.376311,0.108459
3132.5,0.377616,0.108548
3133.5,0.378884,0.108621
3134.5,0.380115,0.108679
3135.5,0.381309,0.108722
3136.5,0.382467,0.108752
3137.5,0.383588,0.108769
3138.5,0.384674,0.108775
3139.5,0.385724,0.108770
3140.5,0.386739,0.108755
3141.5,0.387720,0.108732
3142.5,0.388668,0.108702
3143.5,0.389582,0.108665
3144.5,0.390464,0.108623
3145.5,0.391314,0.108577
3146.5,0.392134,0.108528
3147.5,0.392924,0.108477
3148.5,0.393684,0.108425
3149.5,0.394416,0.108372
3150.5,0.395121,0.108321
3151.5,0.395800,0.108271
3152.5,0.396452,0.108224
3153.5,0.397080,0.108181
3154.5,0.397684,0.108141
3155.5,0.398265,0.108107
3156.5,0.398823,0.108077
3157.5,0.399360,0.108054
3158.5,0.399876,0.108037
3159.5,0.400372,0.108027
3160.5,0.400849,0.108023
3161.5,0.401307,0.108028
3162.5,0.401747,0.108039
3163.5,0.402170,0.108059
3164.5,0.402576,0.108085
3165.5,0.402966,0.108120
3166.5,0.403341,0.108162
3167.5,0.403700,0.108211
3168.5,0.404044,0.108267
3169.5,0.404373,0.108330
3170.5,0.404689,0.108399
3171.5,0.404991,0.108474
3172.5,0.405279,0.108555
3173.5,0.405554,0.108640
3174.5,0.405816,0.108730
3175.5,0.406064,0.108824
3176.5,0.406301,0.108921
3177.5,0.406524,0.109021
3178.5,0.406735,0.109122
3179.5,0.406933,0.109225
3180.5,0.407119,0.109328
3181.5,0.407293,0.109431
3182.5,0.407454,0.109533
3183.5,0.407603,0.109633
3184.5,0.407739,0.109731
3185.5,0.407863,0.109825
3186.5,0.407975,0.109916
3187.5,0.408075,0.110003
3188.5,0.408163,0.110084
3189.5,0.408238,0.110160
3190.5,0.408302,0.110229
3191.5,0.408354,0.110291
3192.5,0.408394,0.110346
3193.5,0.408422,0.110393
3194.5,0.408439,0.110431
3195.5,0.408445,0.110461
3196.5,0.408440,0.110481
3197.5,0.408424,0.110492
3198.5,0.408399,0.110493
3199.5,0.408363,0.110483
3200.5,0.408319,0.110464
3201.5,0.408265,0.110434
3202.5,0.408203,0.110395
3203.5,0.408133,0.110344
3204.5,0.408056,0.110284
3205.5,0.407973,0.110213
3206.5,0.407884,0.110133
3207.5,0.407790,0.110043
3208.5,0.407692,0.109943
3209.5,0.407591,0.109835
3210.5,0.407488,0.109718
3211.5,0.407383,0.109593
3212.5,0.407278,0.109461
3213.5,0.407174,0.109321
3214.5,0.407072,0.109176
3215.5,0.406974,0.109025
3216.5,0.406879,0.108869
3217.5,0.406790,0.108710
3218.5,0.406708,0.108547
3219.5,0.406634,0.108382
3220.5,0.406569,0.108215
3221.5,0.406515,0.108048
3222.5,0.406473,0.107882
3223.5,0.406444,0.107716
3224.5,0.406430,0.107553
3225.5,0.406432,0.107392
3226.5,0.406451,0.107236
3227.5,0.406490,0.107084
3228.5,0.406548,0.106939
3229.5,0.406628,0.106799
3230.5,0.406730,0.106667
3231.5,0.406857,0.106543
3232.5,0.407009,0.106428
3233.5,0.407188,0.106322
3234.5,0.407395,0.106226
3235.5,0.407631,0.106141
3236.5,0.407897,0.106067
3237.5,0.408195,0.106004
3238.5,0.408525,0.105953
3239.5,0.408889,0.105914
3240.5,0.409286,0.105887
3241.5,0.409720,0.105872
3242.5,0.410189,0.105870
3243.5,0.410696,0.105881
3244.5,0.411240,0.105904
3245.5,0.411822,0.105939
3246.5,0.412443,0.105987
3247.5,0.413104,0.106046
3248.5,0.413804,0.106118
3249.5,0.414544,0.106200
3250.5,0.415325,0.106294
3251.5,0.416147,0.106399
3252.5,0.417009,0.106514
3253.5,0.417911,0.106639
3254.5,0.418854,0.106774
3255.5,0.419837,0.106918
3256.5,0.420860,0.107071
3257.5,0.421923,0.107232
3258.5,0.423025,0.107402
3259.5,0.424166,0.107579
3260.5,0.425344,0.107764
3261.5,0.426560,0.107957
3262.5,0.427811,0.108156
3263.5,0.429098,0.108362
3264.5,0.430420,0.108575
3265.5,0.431774,0.108795
3266.5,0.433160,0.109021
3267.5,0.434577,0.109253
3268.5,0.436022,0.109492
3269.5,0.437496,0.109738
3270.5,0.438995,0.109990
3271.5,0.440518,0.110249
3272.5,0.442064,0.110514
3273.5,0.443630,0.110787
3274.5,0.445215,0.111066
3275.5,0.446816,0.111353
3276.5,0.448431,0.111648
3277.5,0.450059,0.111950
3278.5,0.451697,0.112259
3279.5,0.453342,0.112576
3280.5,0.454993,0.112902
3281.5,0.456647,0.113235
3282.5,0.458300,0.113576
3283.5,0.459952,0.113925
3284.5,0.461599,0.114282
3285.5,0.463239,0.114646
3286.5,0.464869,0.115018
3287.5,0.466486,0.115396
3288.5,0.468088,0.115781
3289.5,0.469673,0.116172
3290.5,0.471237,0.116568
3291.5,0.472778,0.116970
3292.5,0.474293,0.117375
3293.5,0.475780,0.117783
3294.5,0.477237,0.118193
3295.5,0.478660,0.118605
3296.5,0.480047,0.119017
3297.5,0.481397,0.119427
3298.5,0.482706,0.119835
3299.5,0.483973,0.120239
3300.5,0.485195,0.120638
3301.5,0.486370,0.121030
3302.5,0.487497,0.121415
3303.5,0.488574,0.121789
3304.5,0.489598,0.122153
3305.5,0.490569,0.122503
3306.5,0.491484,0.122840
3307.5,0.492344,0.123160
3308.5,0.493146,0.123464
3309.5,0.493889,0.123748
3310.5,0.494574,0.124012
3311.5,0.495198,0.124254
3312.5,0.495763,0.124473
3313.5,0.496267,0.124667
3314.5,0.496711,0.124835
3315.5,0.497095,0.124977
3316.5,0.497419,0.125090
3317.5,0.497683,0.125174
3318.5,0.497889,0.125229
3319.5,0.498038,0.125253
3320.5,0.498130,0.125245
3321.5,0.498167,0.125206
3322.5,0.498150,0.125135
3323.5,0.498083,0.125031
3324.5,0.497965,0.124895
3325.5,0.497800,0.124726
3326.5,0.497590,0.124525
3327.5,0.497338,0.124293
3328.5,0.497046,0.124029
3329.5,0.496717,0.123735
3330.5,0.496355,0.123411
3331.5,0.495962,0.123058
3332.5,0.495543,0.122677
3333.5,0.495100,0.122271
3334.5,0.494638,0.121839
3335.5,0.494159,0.121384
3336.5,0.493669,0.120908
3337.5,0.493171,0.120413
3338.5,0.492669,0.119900
3339.5,0.492167,0.119372
3340.5,0.491670,0.118830
3341.5,0.491182,0.118279
3342.5,0.490707,0.117719
3343.5,0.490250,0.117154
3344.5,0.489815,0.116586
3345.5,0.489406,0.116019
3346.5,0.489027,0.115454
3347.5,0.488683,0.114896
3348.5,0.488377,0.114346
3349.5,0.488115,0.113808
3350.5,0.487899,0.113284
3351.5,0.487734,0.112779
3352.5,0.487623,0.112293
3353.5,0.487570,0.111831
3354.5,0.487579,0.111396
3355.5,0.487652,0.110989
3356.5,0.487793,0.110613
3357.5,0.488005,0.110271
3358.5,0.488289,0.109966
3359.5,0.488649,0.109698
3360.5,0.489088,0.109471
3361.5,0.489605,0.109285
3362.5,0.490205,0.109143
3363.5,0.490887,0.109045
3364.5,0.491653,0.108993
3365.5,0.492504,0.108988
3366.5,0.493441,0.109030
3367.5,0.494463,0.109120
3368.5,0.495571,0.109257
3369.5,0.496765,0.109441
3370.5,0.498043,0.109673
3371.5,0.499405,0.109951
3372.5,0.500850,0.110275
3373.5,0.502377,0.110643
3374.5,0.503982,0.111055
3375.5,0.505665,0.111508
3376.5,0.507423,0.112002
3377.5,0.509252,0.112534
3378.5,0.511151,0.113103
3379.5,0.513116,0.113706
3380.5,0.515143,0.114342
3381.5,0.517228,0.115008
3382.5,0.519368,0.115702
3383.5,0.521558,0.116421
3384.5,0.523793,0.117164
3385.5,0.526068,0.117927
3386.5,0.528380,0.118708
3387.5,0.530722,0.119504
3388.5,0.533089,0.120314
3389.5,0.535475,0.121135
3390.5,0.537876,0.121964
3391.5,0.540284,0.122799
3392.5,0.542695,0.123637
3393.5,0.545101,0.124477
3394.5,0.547497,0.125315
3395.5,0.549877,0.126150
3396.5,0.552233,0.126979
3397.5,0.554561,0.127801
3398.5,0.556853,0.128613
3399.5,0.559103,0.129413
3400.5,0.561304,0.130200
3401.5,0.563451,0.130971
3402.5,0.565537,0.131725
3403.5,0.567555,0.132459
3404.5,0.569500,0.133173
3405.5,0.571365,0.133865
3406.5,0.573144,0.134532
3407.5,0.574832,0.135175
3408.5,0.576423,0.135790
3409.5,0.577910,0.136378
3410.5,0.579289,0.136937
3411.5,0.580555,0.137465
3412.5,0.581701,0.137962
3413.5,0.582725,0.138426
3414.5,0.583620,0.138856
3415.5,0.584382,0.139253
3416.5,0.585008,0.139614
3417.5,0.585493,0.139939
3418.5,0.585834,0.140227
3419.5,0.586028,0.140478
3420.5,0.586070,0.140692
3421.5,0.585959,0.140867
3422.5,0.585692,0.141003
3423.5,0.585266,0.141100
3424.5,0.584681,0.141157
3425.5,0.583933,0.141175
3426.5,0.583023,0.141152
3427.5,0.581949,0.141090
3428.5,0.580709,0.140987
3429.5,0.579305,0.140844
3430.5,0.577736,0.140661
3431.5,0.576002,0.140438
3432.5,0.574105,0.140175
3433.5,0.572044,0.139872
3434.5,0.569821,0.139530
3435.5,0.567438,0.139148
3436.5,0.564897,0.138727
3437.5,0.562200,0.138268
3438.5,0.559349,0.137771
3439.5,0.556348,0.137235
3440.5,0.553199,0.136663
3441.5,0.549906,0.136054
3442.5,0.546472,0.135408
3443.5,0.542902,0.134727
3444.5,0.539200,0.134012
3445.5,0.535370,0.133262
3446.5,0.531417,0.132478
3447.5,0.527346,0.131662
3448.5,0.523162,0.130813
3449.5,0.518871,0.129934
3450.5,0.514478,0.129024
3451.5,0.509989,0.128084
3452.5,0.505410,0.127116
3453.5,0.500747,0.126120
3454.5,0.496007,0.125098
3455.5,0.491196,0.124049
3456.5,0.486320,0.122976
3457.5,0.481387,0.121879
3458.5,0.476402,0.120760
3459.5,0.471375,0.119620
3460.5,0.466310,0.118459
3461.5,0.461215,0.117279
3462.5,0.456098,0.116081
3463.5,0.450966,0.114867
3464.5,0.445825,0.113638
3465.5,0.440684,0.112395
3466.5,0.435549,0.111140
3467.5,0.430427,0.109874
3468.5,0.425326,0.108599
3469.5,0.420254,0.107317
3470.5,0.415216,0.106028
3471.5,0.410220,0.104736
3472.5,0.405273,0.103442
3473.5,0.400382,0.102148
3474.5,0.395553,0.100855
3475.5,0.390794,0.099566
3476.5,0.386111,0.098283
3477.5,0.381510,0.097009
3478.5,0.376997,0.095745
3479.5,0.372579,0.094494
3480.5,0.368261,0.093258
3481.5,0.364050,0.092041
3482.5,0.359950,0.090844
3483.5,0.355966,0.089670
3484.5,0.352105,0.088523
3485.5,0.348371,0.087404
3486.5,0.344768,0.086318
3487.5,0.341301,0.085266
3488.5,0.337975,0.084251
3489.5,0.334792,0.083278
3490.5,0.331757,0.082347
3491.5,0.328873,0.081463
3492.5,0.326142,0.080628
3493.5,0.323569,0.079845
3494.5,0.321155,0.079117
3495.5,0.318903,0.078445
3496.5,0.316815,0.077833
3497.5,0.314892,0.077283
3498.5,0.313135,0.076795
3499.5,0.311547,0.076373
3500.5,0.310126,0.076018
3501.5,0.308875,0.075730
3502.5,0.307794,0.075510
3503.5,0.306881,0.075360
3504.5,0.306137,0.075278
3505.5,0.305562,0.075266
3506.5,0.305153,0.075322
3507.5,0.304910,0.075446
3508.5,0.304832,0.075636
3509.5,0.304916,0.075891
3510.5,0.305160,0.076210
3511.5,0.305563,0.076589
3512.5,0.306120,0.077028
3513.5,0.306831,0.077523
3514.5,0.307690,0.078072
3515.5,0.308696,0.078672
3516.5,0.309844,0.079320
3517.5,0.311131,0.080014
3518.5,0.312552,0.080749
3519.5,0.314104,0.081523
3520.5,0.315782,0.082332
3521.5,0.317580,0.083174
3522.5,0.319496,0.084045
3523.5,0.321522,0.084942
3524.5,0.323655,0.085862
3525.5,0.325889,0.086803
3526.5,0.328219,0.087760
3527.5,0.330639,0.088731
3528.5,0.333143,0.089714
3529.5,0.335726,0.090706
3530.5,0.338382,0.091703
3531.5,0.341106,0.092705
3532.5,0.343890,0.093707
3533.5,0.346730,0.094709
3534.5,0.349619,0.095707
3535.5,0.352551,0.096700
3536.5,0.355520,0.097686
3537.5,0.358520,0.098663
3538.5,0.361546,0.099629
3539.5,0.364590,0.100583
3540.5,0.367647,0.101522
3541.5,0.370712,0.102446
3542.5,0.373778,0.103353
3543.5,0.376840,0.104242
3544.5,0.379892,0.105111
3545.5,0.382929,0.105960
3546.5,0.385944,0.106786
3547.5,0.388933,0.107591
3548.5,0.391890,0.108371
3549.5,0.394811,0.109128
3550.5,0.397690,0.109859
3551.5,0.400523,0.110564
3552.5,0.403305,0.111243
3553.5,0.406031,0.111894
3554.5,0.408698,0.112518
3555.5,0.411302,0.113114
3556.5,0.413838,0.113681
3557.5,0.416302,0.114219
3558.5,0.418693,0.114727
3559.5,0.421006,0.115206
3560.5,0.423238,0.115655
3561.5,0.425386,0.116074
3562.5,0.427448,0.116463
3563.5,0.429422,0.116821
3564.5,0.431306,0.117149
3565.5,0.433097,0.117446
3566.5,0.434794,0.117713
3567.5,0.436395,0.117949
3568.5,0.437900,0.118154
3569.5,0.439308,0.118329
3570.5,0.440617,0.118474
3571.5,0.441828,0.118589
3572.5,0.442940,0.118674
3573.5,0.443953,0.118729
3574.5,0.444867,0.118755
3575.5,0.445683,0.118751
3576.5,0.446402,0.118719
3577.5,0.447024,0.118659
3578.5,0.447550,0.118570
3579.5,0.447982,0.118454
3580.5,0.448321,0.118312
3581.5,0.448569,0.118142
3582.5,0.448727,0.117947
3583.5,0.448798,0.117727
3584.5,0.448784,0.117483
3585.5,0.448687,0.117214
3586.5,0.448510,0.116923
3587.5,0.448254,0.116610
3588.5,0.447924,0.116276
3589.5,0.447522,0.115921
3590.5,0.447051,0.115547
3591.5,0.446513,0.115156
3592.5,0.445913,0.114747
3593.5,0.445253,0.114322
3594.5,0.444537,0.113882
3595.5,0.443769,0.113430
3596.5,0.442950,0.112965
3597.5,0.442086,0.112489
3598.5,0.441180,0.112005
3599.5,0.440235,0.111512
3600.5,0.439255,0.111013
3601.5,0.438243,0.110509
3602.5,0.437204,0.110002
3603.5,0.436140,0.109493
3604.5,0.435055,0.108985
3605.5,0.433952,0.108477
3606.5,0.432836,0.107974
3607.5,0.431709,0.107475
3608.5,0.430575,0.106982
3609.5,0.429437,0.106498
3610.5,0.428298,0.106024
3611.5,0.427161,0.105561
3612.5,0.426030,0.105111
3613.5,0.424907,0.104675
3614.5,0.423795,0.104255
3615.5,0.422697,0.103853
3616.5,0.421615,0.103470
3617.5,0.420552,0.103106
3618.5,0.419510,0.102764
3619.5,0.418491,0.102444
3620.5,0.417498,0.102146
3621.5,0.416532,0.101873
3622.5,0.415595,0.101625
3623.5,0.414690,0.101402
3624.5,0.413816,0.101205
3625.5,0.412977,0.101033
3626.5,0.412172,0.100889
3627.5,0.411403,0.100770
3628.5,0.410672,0.100678
3629.5,0.409979,0.100612
3630.5,0.409324,0.100572
3631.5,0.408709,0.100556
3632.5,0.408133,0.100566
3633.5,0.407597,0.100599
3634.5,0.407102,0.100656
3635.5,0.406647,0.100734
3636.5,0.406233,0.100834
3637.5,0.405858,0.100953
3638.5,0.405524,0.101091
3639.5,0.405229,0.101246
3640.5,0.404973,0.101417
3641.5,0.404757,0.101603
3642.5,0.404578,0.101802
3643.5,0.404437,0.102012
3644.5,0.404333,0.102232
3645.5,0.404265,0.102460
3646.5,0.404232,0.102695
3647.5,0.404233,0.102936
3648.5,0.404268,0.103181
3649.5,0.404335,0.103428
3650.5,0.404435,0.103676
3651.5,0.404564,0.103924
3652.5,0.404724,0.104170
3653.5,0.404912,0.104413
3654.5,0.405128,0.104652
3655.5,0.405371,0.104886
3656.5,0.405639,0.105114
3657.5,0.405933,0.105334
3658.5,0.406251,0.105546
3659.5,0.406591,0.105750
3660.5,0.406955,0.105944
3661.5,0.407339,0.106128
3662.5,0.407745,0.106302
3663.5,0.408171,0.106465
3664.5,0.408617,0.106616
3665.5,0.409081,0.106757
3666.5,0.409564,0.106886
3667.5,0.410066,0.107004
3668.5,0.410584,0.107111
3669.5,0.411121,0.107206
3670.5,0.411674,0.107292
3671.5,0.412244,0.107367
3672.5,0.412831,0.107433
3673.5,0.413435,0.107490
3674.5,0.414055,0.107539
3675.5,0.414693,0.107580
3676.5,0.415347,0.107615
3677.5,0.416018,0.107645
3678.5,0.416707,0.107670
3679.5,0.417413,0.107692
3680.5,0.418137,0.107711
3681.5,0.418880,0.107730
3682.5,0.419641,0.107749
3683.5,0.420421,0.107770
3684.5,0.421221,0.107793
3685.5,0.422041,0.107821
3686.5,0.422881,0.107854
3687.5,0.423743,0.107894
3688.5,0.424626,0.107943
3689.5,0.425532,0.108002
3690.5,0.426460,0.108072
3691.5,0.427411,0.108154
3692.5,0.428386,0.108251
3693.5,0.429385,0.108362
3694.5,0.430409,0.108490
3695.5,0.431458,0.108636
3696.5,0.432532,0.108800
3697.5,0.433631,0.108984
3698.5,0.434757,0.109189
3699.5,0.435908,0.109415
3700.5,0.437086,0.109664
3701.5,0.438290,0.109936
3702.5,0.439520,0.110232
3703.5,0.440776,0.110552
3704.5,0.442058,0.110897
3705.5,0.443366,0.111266
3706.5,0.444698,0.111661
3707.5,0.446055,0.112081
3708.5,0.447436,0.112525
3709.5,0.448840,0.112995
3710.5,0.450267,0.113489
3711.5,0.451715,0.114007
3712.5,0.453183,0.114549
3713.5,0.454671,0.115114
3714.5,0.456176,0.115700
3715.5,0.457698,0.116308
3716.5,0.459234,0.116936
3717.5,0.460784,0.117583
3718.5,0.462345,0.118248
3719.5,0.463916,0.118930
3720.5,0.465494,0.119627
3721.5,0.467077,0.120338
3722.5,0.468664,0.121061
3723.5,0.470251,0.121795
3724.5,0.471836,0.122538
3725.5,0.473417,0.123288
3726.5,0.474991,0.124044
3727.5,0.476555,0.124804
3728.5,0.478107,0.125567
3729.5,0.479643,0.126329
3730.5,0.481161,0.127090
3731.5,0.482658,0.127848
3732.5,0.484129,0.128600
3733.5,0.485573,0.129345
3734.5,0.486986,0.130081
3735.5,0.488365,0.130806
3736.5,0.489706,0.131519
3737.5,0.491006,0.132217
3738.5,0.492262,0.132898
3739.5,0.493471,0.133561
3740.5,0.494629,0.134205
3741.5,0.495734,0.134827
3742.5,0.496780,0.135426
3743.5,0.497766,0.136000
3744.5,0.498689,0.136547
3745.5,0.499545,0.137067
3746.5,0.500331,0.137558
3747.5,0.501044,0.138018
3748.5,0.501681,0.138446
3749.5,0.502239,0.138841
3750.5,0.502716,0.139201
3751.5,0.503108,0.139526
3752.5,0.503414,0.139815
3753.5,0.503631,0.140066
3754.5,0.503756,0.140279
3755.5,0.503787,0.140453
3756.5,0.503723,0.140587
3757.5,0.503561,0.140681
3758.5,0.503300,0.140733
3759.5,0.502937,0.140745
3760.5,0.502473,0.140715
3761.5,0.501904,0.140643
3762.5,0.501231,0.140528
3763.5,0.500452,0.140372
3764.5,0.499567,0.140173
3765.5,0.498575,0.139931
3766.5,0.497475,0.139648
3767.5,0.496267,0.139323
3768.5,0.494953,0.138956
3769.5,0.493530,0.138548
3770.5,0.492001,0.138099
3771.5,0.490365,0.137610
3772.5,0.488623,0.137081
3773.5,0.486777,0.136513
3774.5,0.484826,0.135907
3775.5,0.482774,0.135264
3776.5,0.480620,0.134584
3777.5,0.478367,0.133869
3778.5,0.476016,0.133120
3779.5,0.473570,0.132337
3780.5,0.471030,0.131521
3781.5,0.468399,0.130675
3782.5,0.465679,0.129799
3783.5,0.462874,0.128895
3784.5,0.459985,0.127963
3785.5,0.457015,0.127006
3786.5,0.453969,0.126024
3787.5,0.450847,0.125020
3788.5,0.447655,0.123995
3789.5,0.444395,0.122950
3790.5,0.441071,0.121887
3791.5,0.437686,0.120807
3792.5,0.434244,0.119713
3793.5,0.430749,0.118605
3794.5,0.427204,0.117486
3795.5,0.423613,0.116357
3796.5,0.419980,0.115221
3797.5,0.416309,0.114078
3798.5,0.412604,0.112930
3799.5,0.408870,0.111780
3800.5,0.405109,0.110628
3801.5,0.401326,0.109477
3802.5,0.397525,0.108329
3803.5,0.393710,0.107184
3804.5,0.389885,0.106045
3805.5,0.386055,0.104914
3806.5,0.382222,0.103791
3807.5,0.378391,0.102679
3808.5,0.374566,0.101579
3809.5,0.370751,0.100493
3810.5,0.366949,0.099421
3811.5,0.363164,0.098367
3812.5,0.359400,0.097329
3813.5,0.355661,0.096311
3814.5,0.351950,0.095314
3815.5,0.348271,0.094337
3816.5,0.344627,0.093383
3817.5,0.341021,0.092453
3818.5,0.337457,0.091547
3819.5,0.333937,0.090666
3820.5,0.330465,0.089810
3821.5,0.327045,0.088982
3822.5,0.323677,0.088180
3823.5,0.320367,0.087406
3824.5,0.317115,0.086659
3825.5,0.313926,0.085940
3826.5,0.310801,0.085250
3827.5,0.307742,0.084587
3828.5,0.304753,0.083953
3829.5,0.301836,0.083346
3830.5,0.298992,0.082767
3831.5,0.296223,0.082215
3832.5,0.293532,0.081691
3833.5,0.290921,0.081192
3834.5,0.288391,0.080719
3835.5,0.285944,0.080272
3836.5,0.283582,0.079849
3837.5,0.281306,0.079449
3838.5,0.279119,0.079073
3839.5,0.277020,0.078719
3840.5,0.275012,0.078386
3841.5,0.273096,0.078073
3842.5,0.271273,0.077780
3843.5,0.269545,0.077506
3844.5,0.267912,0.077250
3845.5,0.266375,0.077011
3846.5,0.264937,0.076788
3847.5,0.263596,0.076580
3848.5,0.262356,0.076387
3849.5,0.261215,0.076208
3850.5,0.260176,0.076043
3851.5,0.259239,0.075890
3852.5,0.258405,0.075749
3853.5,0.257674,0.075620
3854.5,0.257047,0.075503
3855.5,0.256525,0.075396
3856.5,0.256109,0.075300
3857.5,0.255799,0.075214
3858.5,0.255595,0.075138
3859.5,0.255499,0.075073
3860.5,0.255511,0.075019
3861.5,0.255630,0.074974
3862.5,0.255859,0.074941
3863.5,0.256196,0.074918
3864.5,0.256643,0.074906
3865.5,0.257200,0.074907
3866.5,0.257867,0.074919
3867.5,0.258645,0.074944
3868.5,0.259533,0.074982
3869.5,0.260533,0.075035
3870.5,0.261643,0.075102
3871.5,0.262865,0.075184
3872.5,0.264199,0.075283
3873.5,0.265643,0.075399
3874.5,0.267200,0.075533
3875.5,0.268868,0.075686
3876.5,0.270647,0.075858
3877.5,0.272538,0.076051
3878.5,0.274540,0.076266
3879.5,0.276652,0.076503
3880.5,0.278875,0.076764
3881.5,0.281207,0.077048
3882.5,0.283649,0.077358
3883.5,0.286201,0.077693
3884.5,0.288860,0.078054
3885.5,0.291627,0.078442
3886.5,0.294500,0.078858
3887.5,0.297480,0.079301
3888.5,0.300564,0.079773
3889.5,0.303752,0.080274
3890.5,0.307042,0.080803
3891.5,0.310434,0.081361
3892.5,0.313925,0.081948
3893.5,0.317515,0.082564
3894.5,0.321201,0.083208
3895.5,0.324982,0.083881
3896.5,0.328856,0.084581
3897.5,0.332822,0.085309
3898.5,0.336877,0.086064
3899.5,0.341019,0.086845
3900.5,0.345245,0.087652
3901.5,0.349554,0.088483
3902.5,0.353943,0.089338
3903.5,0.358410,0.090215
3904.5,0.362951,0.091113
3905.5,0.367564,0.092032
3906.5,0.372245,0.092970
3907.5,0.376993,0.093925
3908.5,0.381804,0.094897
3909.5,0.386675,0.095884
3910.5,0.391602,0.096884
3911.5,0.396583,0.097897
3912.5,0.401613,0.098920
3913.5,0.406690,0.099952
3914.5,0.411809,0.100992
3915.5,0.416968,0.102038
3916.5,0.422161,0.103088
3917.5,0.427387,0.104142
3918.5,0.432641,0.105196
3919.5,0.437919,0.106251
3920.5,0.443217,0.107304
3921.5,0.448532,0.108353
3922.5,0.453859,0.109399
3923.5,0.459195,0.110438
3924.5,0.464536,0.111469
3925.5,0.469877,0.112492
3926.5,0.475216,0.113504
3927.5,0.480548,0.114505
3928.5,0.485869,0.115493
3929.5,0.491176,0.116467
3930.5,0.496465,0.117426
3931.5,0.501732,0.118368
3932.5,0.506973,0.119293
3933.5,0.512186,0.120199
3934.5,0.517366,0.121086
3935.5,0.522509,0.121952
3936.5,0.527614,0.122797
3937.5,0.532676,0.123620
3938.5,0.537692,0.124420
3939.5,0.542659,0.125196
3940.5,0.547575,0.125948
3941.5,0.552437,0.126676
3942.5,0.557241,0.127378
3943.5,0.561985,0.128054
3944.5,0.566668,0.128704
3945.5,0.571286,0.129328
3946.5,0.575838,0.129925
3947.5,0.580321,0.130495
3948.5,0.584734,0.131039
3949.5,0.589074,0.131555
3950.5,0.593341,0.132044
3951.5,0.597534,0.132506
3952.5,0.601649,0.132941
3953.5,0.605688,0.133349
3954.5,0.609648,0.133731
3955.5,0.613529,0.134086
3956.5,0.617331,0.134416
3957.5,0.621052,0.134720
3958.5,0.624692,0.135000
3959.5,0.628252,0.135255
3960.5,0.631731,0.135486
3961.5,0.635130,0.135694
3962.5,0.638448,0.135880
3963.5,0.641686,0.136044
3964.5,0.644844,0.136187
3965.5,0.647923,0.136310
3966.5,0.650924,0.136413
3967.5,0.653847,0.136499
3968.5,0.656695,0.136567
3969.5,0.659466,0.136618
3970.5,0.662163,0.136655
3971.5,0.664787,0.136677
3972.5,0.667339,0.136687
3973.5,0.669821,0.136684
3974.5,0.672233,0.136671
3975.5,0.674578,0.136648
3976.5,0.676856,0.136617
3977.5,0.679070,0.136578
3978.5,0.681221,0.136534
3979.5,0.683310,0.136485
3980.5,0.685339,0.136432
3981.5,0.687310,0.136378
3982.5,0.689224,0.136322
3983.5,0.691083,0.136267
3984.5,0.692888,0.136213
3985.5,0.694641,0.136161
3986.5,0.696344,0.136114
3987.5,0.697997,0.136072
3988.5,0.699602,0.136035
3989.5,0.701161,0.136006
3990.5,0.702674,0.135985
3991.5,0.704143,0.135973
3992.5,0.705569,0.135971
3993.5,0.706953,0.135980
3994.5,0.708295,0.136001
3995.5,0.709597,0.136034
3996.5,0.710859,0.136081
3997.5,0.712082,0.136142
3998.5,0.713267,0.136216
3999.5,0.714412,0.136306
4000.5,0.715520,0.136411
4001.5,0.716589,0.136532
4002.5,0.717620,0.136668
4003.5,0.718613,0.136820
4004.5,0.719568,0.136988
4005.5,0.720483,0.137171
4006.5,0.721360,0.137371
4007.5,0.722196,0.137586
4008.5,0.722991,0.137816
4009.5,0.723744,0.138061
4010.5,0.724455,0.138320
4011.5,0.725122,0.138592
4012.5,0.725743,0.138878
4013.5,0.726318,0.139176
4014.5,0.726846,0.139485
4015.5,0.727323,0.139805
4016.5,0.727750,0.140134
4017.5,0.728123,0.140472
4018.5,0.728442,0.140817
4019.5,0.728705,0.141169
4020.5,0.728908,0.141525
4021.5,0.729051,0.141885
4022.5,0.729132,0.142248
4023.5,0.729147,0.142612
4024.5,0.729096,0.142975
4025.5,0.728975,0.143337
4026.5,0.728783,0.143696
4027.5,0.728518,0.144050
4028.5,0.728176,0.144398
4029.5,0.727757,0.144739
4030.5,0.727257,0.145070
4031.5,0.726674,0.145391
4032.5,0.726007,0.145701
4033.5,0.725254,0.145997
4034.5,0.724411,0.146278
4035.5,0.723477,0.146543
4036.5,0.722451,0.146791
4037.5,0.721330,0.147019
4038.5,0.720113,0.147227
4039.5,0.718798,0.147414
4040.5,0.717383,0.147578
4041.5,0.715867,0.147718
4042.5,0.714248,0.147833
4043.5,0.712526,0.147922
4044.5,0.710700,0.147984
4045.5,0.708768,0.148018
4046.5,0.706729,0.148022
4047.5,0.704583,0.147997
4048.5,0.702330,0.147941
4049.5,0.699969,0.147854
4050.5,0.697500,0.147735
4051.5,0.694924,0.147583
4052.5,0.692239,0.147398
4053.5,0.689447,0.147180
4054.5,0.686549,0.146928
4055.5,0.683544,0.146642
4056.5,0.680435,0.146322
4057.5,0.677221,0.145967
4058.5,0.673905,0.145579
4059.5,0.670487,0.145156
4060.5,0.666971,0.144698
4061.5,0.663356,0.144207
4062.5,0.659646,0.143682
4063.5,0.655843,0.143124
4064.5,0.651948,0.142533
4065.5,0.647966,0.141910
4066.5,0.643897,0.141255
4067.5,0.639746,0.140569
4068.5,0.635516,0.139852
4069.5,0.631208,0.139106
4070.5,0.626828,0.138331
4071.5,0.622378,0.137528
4072.5,0.617863,0.136698
4073.5,0.613285,0.135843
4074.5,0.608649,0.134963
4075.5,0.603959,0.134059
4076.5,0.599219,0.133133
4077.5,0.594433,0.132185
4078.5,0.589605,0.131218
4079.5,0.584741,0.130232
4080.5,0.579844,0.129229
4081.5,0.574919,0.128211
4082.5,0.569971,0.127178
4083.5,0.565004,0.126132
4084.5,0.560023,0.125076
4085.5,0.555033,0.124009
4086.5,0.550038,0.122934
4087.5,0.545043,0.121853
4088.5,0.540054,0.120767
4089.5,0.535075,0.119677
4090.5,0.530110,0.118586
4091.5,0.525164,0.117494
4092.5,0.520243,0.116404
4093.5,0.515350,0.115317
4094.5,0.510490,0.114235
4095.5,0.505668,0.113159
4096.5,0.500889,0.112091
4097.5,0.496156,0.111033
4098.5,0.491474,0.109986
4099.5,0.486848,0.108951
4100.5,0.482281,0.107931
4101.5,0.477777,0.106927
4102.5,0.473341,0.105940
4103.5,0.468975,0.104971
4104.5,0.464685,0.104023
4105.5,0.460473,0.103096
4106.5,0.456342,0.102191
4107.5,0.452297,0.101311
4108.5,0.448339,0.100456
4109.5,0.444473,0.099627
4110.5,0.440700,0.098826
4111.5,0.437024,0.098053
4112.5,0.433447,0.097310
4113.5,0.429972,0.096597
4114.5,0.426599,0.095915
4115.5,0.423333,0.095265
4116.5,0.420173,0.094648
4117.5,0.417123,0.094064
4118.5,0.414182,0.093514
4119.5,0.411354,0.092998
4120.5,0.408638,0.092517
4121.5,0.406037,0.092071
4122.5,0.403549,0.091660
4123.5,0.401177,0.091283
4124.5,0.398921,0.090942
4125.5,0.396780,0.090637
4126.5,0.394755,0.090366
4127.5,0.392846,0.090130
4128.5,0.391053,0.089928
4129.5,0.389375,0.089761
4130.5,0.387812,0.089627
4131.5,0.386363,0.089526
4132.5,0.385026,0.089458
4133.5,0.383802,0.089421
4134.5,0.382688,0.089416
4135.5,0.381684,0.089441
4136.5,0.380789,0.089495
4137.5,0.379999,0.089578
4138.5,0.379315,0.089688
4139.5,0.378733,0.089825
4140.5,0.378253,0.089988
4141.5,0.377871,0.090175
4142.5,0.377586,0.090386
4143.5,0.377396,0.090619
4144.5,0.377298,0.090874
4145.5,0.377289,0.091148
4146.5,0.377367,0.091441
4147.5,0.377530,0.091752
4148.5,0.377775,0.092079
4149.5,0.378098,0.092422
4150.5,0.378498,0.092779
4151.5,0.378970,0.093148
4152.5,0.379512,0.093530
4153.5,0.380122,0.093922
4154.5,0.380796,0.094323
4155.5,0.381531,0.094732
4156.5,0.382323,0.095149
4157.5,0.383170,0.095572
4158.5,0.384068,0.095999
4159.5,0.385015,0.096430
4160.5,0.386007,0.096864
4161.5,0.387040,0.097300
4162.5,0.388112,0.097736
4163.5,0.389219,0.098172
4164.5,0.390359,0.098607
4165.5,0.391527,0.099040
4166.5,0.392721,0.099469
4167.5,0.393937,0.099895
4168.5,0.395174,0.100316
4169.5,0.396426,0.100732
4170.5,0.397691,0.101142
4171.5,0.398967,0.101545
4172.5,0.400250,0.101940
4173.5,0.401537,0.102327
4174.5,0.402826,0.102705
4175.5,0.404113,0.103074
4176.5,0.405396,0.103434
4177.5,0.406671,0.103783
4178.5,0.407937,0.104121
4179.5,0.409191,0.104449
4180.5,0.410430,0.104765
4181.5,0.411651,0.105069
4182.5,0.412853,0.105361
4183.5,0.414032,0.105642
4184.5,0.415187,0.105909
4185.5,0.416315,0.106165
4186.5,0.417415,0.106407
4187.5,0.418483,0.106637
4188.5,0.419518,0.106854
4189.5,0.420519,0.107059
4190.5,0.421483,0.107250
4191.5,0.422409,0.107429
4192.5,0.423294,0.107595
4193.5,0.424138,0.107749
4194.5,0.424939,0.107890
4195.5,0.425695,0.108019
4196.5,0.426404,0.108136
4197.5,0.427066,0.108240
4198.5,0.427680,0.108333
4199.5,0.428244,0.108415
4200.5,0.428756,0.108485
4201.5,0.429217,0.108544
4202.5,0.429625,0.108593
4203.5,0.429979,0.108630
4204.5,0.430279,0.108658
4205.5,0.430523,0.108675
4206.5,0.430712,0.108683
4207.5,0.430844,0.108681
4208.5,0.430919,0.108670
4209.5,0.430936,0.108649
4210.5,0.430896,0.108620
4211.5,0.430797,0.108583
4212.5,0.430640,0.108537
4213.5,0.430424,0.108482
4214.5,0.430150,0.108420
4215.5,0.429816,0.108350
4216.5,0.429423,0.108273
4217.5,0.428972,0.108188
4218.5,0.428462,0.108095
4219.5,0.427893,0.107995
4220.5,0.427265,0.107888
4221.5,0.426579,0.107774
4222.5,0.425835,0.107653
4223.5,0.425033,0.107525
4224.5,0.424174,0.107389
4225.5,0.423258,0.107247
4226.5,0.422286,0.107098
4227.5,0.421258,0.106941
4228.5,0.420174,0.106777
4229.5,0.419036,0.106606
4230.5,0.417843,0.106427
4231.5,0.416597,0.106241
4232.5,0.415299,0.106048
4233.5,0.413948,0.105846
4234.5,0.412546,0.105637
4235.5,0.411094,0.105420
4236.5,0.409593,0.105195
4237.5,0.408042,0.104962
4238.5,0.406445,0.104721
4239.5,0.404800,0.104470
4240.5,0.403110,0.104212
4241.5,0.401375,0.103945
4242.5,0.399596,0.103669
4243.5,0.397775,0.103384
4244.5,0.395913,0.103090
4245.5,0.394010,0.102787
4246.5,0.392069,0.102475
4247.5,0.390089,0.102154
4248.5,0.388073,0.101824
4249.5,0.386021,0.101485
4250.5,0.383935,0.101136
4251.5,0.381817,0.100779
4252.5,0.379666,0.100412
4253.5,0.377486,0.100037
4254.5,0.375276,0.099653
4255.5,0.373040,0.099260
4256.5,0.370777,0.098859
4257.5,0.368489,0.098449
4258.5,0.366178,0.098031
4259.5,0.363846,0.097606
4260.5,0.361493,0.097173
4261.5,0.359121,0.096732
4262.5,0.356731,0.096284
4263.5,0.354325,0.095830
4264.5,0.351905,0.095369
4265.5,0.349472,0.094902
4266.5,0.347027,0.094430
4267.5,0.344573,0.093952
4268.5,0.342110,0.093470
4269.5,0.339639,0.092982
4270.5,0.337164,0.092491
4271.5,0.334684,0.091997
4272.5,0.332202,0.091499
4273.5,0.329718,0.090999
4274.5,0.327235,0.090496
4275.5,0.324754,0.089992
4276.5,0.322276,0.089487
4277.5,0.319803,0.088981
4278.5,0.317337,0.088474
4279.5,0.314878,0.087968
4280.5,0.312428,0.087463
4281.5,0.309989,0.086959
4282.5,0.307562,0.086457
4283.5,0.305148,0.085957
4284.5,0.302748,0.085460
4285.5,0.300365,0.084966
4286.5,0.297999,0.084476
4287.5,0.295651,0.083990
4288.5,0.293324,0.083508
4289.5,0.291017,0.083031
4290.5,0.288733,0.082560
4291.5,0.286472,0.082094
4292.5,0.284235,0.081635
4293.5,0.282025,0.081182
4294.5,0.279841,0.080736
4295.5,0.277685,0.080297
4296.5,0.275558,0.079866
4297.5,0.273460,0.079443
4298.5,0.271394,0.079028
4299.5,0.269359,0.078621
4300.5,0.267358,0.078223
4301.5,0.265389,0.077834
4302.5,0.263456,0.077454
4303.5,0.261557,0.077084
4304.5,0.259694,0.076723
4305.5,0.257868,0.076372
4306.5,0.256080,0.076031
4307.5,0.254330,0.075700
4308.5,0.252618,0.075379
4309.5,0.250946,0.075068
4310.5,0.249314,0.074768
4311.5,0.247722,0.074478
4312.5,0.246171,0.074199
4313.5,0.244662,0.073930
4314.5,0.243194,0.073672
4315.5,0.241769,0.073424
4316.5,0.240387,0.073187
4317.5,0.239047,0.072960
4318.5,0.237751,0.072744
4319.5,0.236498,0.072538
4320.5,0.235290,0.072342
4321.5,0.234125,0.072157
4322.5,0.233006,0.071981
4323.5,0.231930,0.071816
4324.5,0.230900,0.071660
4325.5,0.229914,0.071514
4326.5,0.228973,0.071378
4327.5,0.228077,0.071251
4328.5,0.227227,0.071133
4329.5,0.226422,0.071024
4330.5,0.225662,0.070924
4331.5,0.224948,0.070832
4332.5,0.224278,0.070749
4333.5,0.223654,0.070674
4334.5,0.223076,0.070606
4335.5,0.222542,0.070547
4336.5,0.222054,0.070495
4337.5,0.221611,0.070450
4338.5,0.221212,0.070412
4339.5,0.220859,0.070382
4340.5,0.220550,0.070358
4341.5,0.220286,0.070340
4342.5,0.220066,0.070329
4343.5,0.219891,0.070324
4344.5,0.219760,0.070325
4345.5,0.219673,0.070332
4346.5,0.219629,0.070344
4347.5,0.219629,0.070363
4348.5,0.219673,0.070386
4349.5,0.219760,0.070416
4350.5,0.219889,0.070451
4351.5,0.220061,0.070491
4352.5,0.220276,0.070536
4353.5,0.220532,0.070587
4354.5,0.220831,0.070644
4355.5,0.221171,0.070706
4356.5,0.221552,0.070773
4357.5,0.221975,0.070846
4358.5,0.222438,0.070925
4359.5,0.222941,0.071009
4360.5,0.223484,0.071100
4361.5,0.224067,0.071197
4362.5,0.224689,0.071300
4363.5,0.225350,0.071410
4364.5,0.226049,0.071526
4365.5,0.226786,0.071650
4366.5,0.227561,0.071780
4367.5,0.228372,0.071918
4368.5,0.229221,0.072064
4369.5,0.230106,0.072217
4370.5,0.231026,0.072379
4371.5,0.231981,0.072549
4372.5,0.232971,0.072727
4373.5,0.233995,0.072915
4374.5,0.235053,0.073111
4375.5,0.236143,0.073316
4376.5,0.237266,0.073531
4377.5,0.238420,0.073755
4378.5,0.239606,0.073989
4379.5,0.240821,0.074232
4380.5,0.242066,0.074486
4381.5,0.243340,0.074749
4382.5,0.244643,0.075022
4383.5,0.245972,0.075305
4384.5,0.247329,0.075598
4385.5,0.248711,0.075901
4386.5,0.250118,0.076213
4387.5,0.251549,0.076535
4388.5,0.253004,0.076866
4389.5,0.254481,0.077207
4390.5,0.255979,0.077556
4391.5,0.257499,0.077914
4392.5,0.259038,0.078281
4393.5,0.260595,0.078655
4394.5,0.262171,0.079036
4395.5,0.263763,0.079425
4396.5,0.265371,0.079821
4397.5,0.266994,0.080223
4398.5,0.268630,0.080630
4399.5,0.270280,0.081042
4400.5,0.271941,0.081459
4401.5,0.273613,0.081880
4402.5,0.275294,0.082304
4403.5,0.276984,0.082731
4404.5,0.278681,0.083161
4405.5,0.280384,0.083591
4406.5,0.282093,0.084022
4407.5,0.283806,0.084454
4408.5,0.285522,0.084885
4409.5,0.287240,0.085314
4410.5,0.288958,0.085742
4411.5,0.290677,0.086168
4412.5,0.292394,0.086590
4413.5,0.294109,0.087008
4414.5,0.295820,0.087422
4415.5,0.297527,0.087831
4416.5,0.299229,0.088234
4417.5,0.300923,0.088631
4418.5,0.302610,0.089021
4419.5,0.304289,0.089405
4420.5,0.305958,0.089780
4421.5,0.307616,0.090147
4422.5,0.309263,0.090505
4423.5,0.310897,0.090855
4424.5,0.312518,0.091195
4425.5,0.314124,0.091525
4426.5,0.315715,0.091845
4427.5,0.317290,0.092155
4428.5,0.318848,0.092455
4429.5,0.320389,0.092743
4430.5,0.321911,0.093021
4431.5,0.323413,0.093288
4432.5,0.324896,0.093544
4433.5,0.326358,0.093789
4434.5,0.327799,0.094022
4435.5,0.329217,0.094245
4436.5,0.330614,0.094456
4437.5,0.331986,0.094657
4438.5,0.333336,0.094846
4439.5,0.334661,0.095026
4440.5,0.335961,0.095195
4441.5,0.337236,0.095353
4442.5,0.338485,0.095502
4443.5,0.339708,0.095641
4444.5,0.340906,0.095771
4445.5,0.342076,0.095892
4446.5,0.343219,0.096004
4447.5,0.344335,0.096108
4448.5,0.345423,0.096204
4449.5,0.346483,0.096292
4450.5,0.347516,0.096373
4451.5,0.348520,0.096448
4452.5,0.349496,0.096515
4453.5,0.350444,0.096577
4454.5,0.351363,0.096634
4455.5,0.352254,0.096685
4456.5,0.353116,0.096731
4457.5,0.353949,0.096773
4458.5,0.354754,0.096810
4459.5,0.355531,0.096844
4460.5,0.356279,0.096875
4461.5,0.356999,0.096902
4462.5,0.357691,0.096926
4463.5,0.358355,0.096948
4464.5,0.358991,0.096967
4465.5,0.359599,0.096984
4466.5,0.360179,0.096999
4467.5,0.360733,0.097012
4468.5,0.361259,0.097024
4469.5,0.361759,0.097034
4470.5,0.362232,0.097042
4471.5,0.362679,0.097048
4472.5,0.363101,0.097054
4473.5,0.363496,0.097057
4474.5,0.363867,0.097059
4475.5,0.364213,0.097060
4476.5,0.364535,0.097059
4477.5,0.364832,0.097056
4478.5,0.365106,0.097051
4479.5,0.365357,0.097044
4480.5,0.365585,0.097035
4481.5,0.365791,0.097023
4482.5,0.365975,0.097009
4483.5,0.366137,0.096992
4484.5,0.366279,0.096972
4485.5,0.366401,0.096949
4486.5,0.366502,0.096923
4487.5,0.366585,0.096894
4488.5,0.366648,0.096860
4489.5,0.366693,0.096823
4490.5,0.366721,0.096782
4491.5,0.366732,0.096737
4492.5,0.366725,0.096688
4493.5,0.366703,0.096634
4494.5,0.366666,0.096576
4495.5,0.366613,0.096513
4496.5,0.366547,0.096446
4497.5,0.366466,0.096374
4498.5,0.366373,0.096297
4499.5,0.366267,0.096216
4500.5,0.366149,0.096131
4501.5,0.366020,0.096041
4502.5,0.365880,0.095947
4503.5,0.365731,0.095849
4504.5,0.365571,0.095747
4505.5,0.365403,0.095642
4506.5,0.365227,0.095533
4507.5,0.365043,0.095421
4508.5,0.364852,0.095306
4509.5,0.364655,0.095189
4510.5,0.364452,0.095069
4511.5,0.364244,0.094948
4512.5,0.364031,0.094826
4513.5,0.363814,0.094702
4514.5,0.363593,0.094578
4515.5,0.363370,0.094455
4516.5,0.363144,0.094331
4517.5,0.362916,0.094209
4518.5,0.362687,0.094088
4519.5,0.362458,0.093969
4520.5,0.362228,0.093852
4521.5,0.361998,0.093739
4522.5,0.361769,0.093628
4523.5,0.361541,0.093522
4524.5,0.361315,0.093420
4525.5,0.361090,0.093322
4526.5,0.360869,0.093230
4527.5,0.360650,0.093144
4528.5,0.360435,0.093063
4529.5,0.360223,0.092989
4530.5,0.360016,0.092922
4531.5,0.359813,0.092861
4532.5,0.359615,0.092808
4533.5,0.359422,0.092762
4534.5,0.359234,0.092724
4535.5,0.359052,0.092694
4536.5,0.358876,0.092672
4537.5,0.358706,0.092657
4538.5,0.358543,0.092651
4539.5,0.358386,0.092652
4540.5,0.358236,0.092662
4541.5,0.358093,0.092679
4542.5,0.357958,0.092704
4543.5,0.357830,0.092736
4544.5,0.357709,0.092776
4545.5,0.357596,0.092823
4546.5,0.357491,0.092877
4547.5,0.357394,0.092937
4548.5,0.357305,0.093003
4549.5,0.357224,0.093075
4550.5,0.357151,0.093152
4551.5,0.357087,0.093234
4552.5,0.357031,0.093320
4553.5,0.356983,0.093411
4554.5,0.356944,0.093505
4555.5,0.356914,0.093602
4556.5,0.356892,0.093701
4557.5,0.356879,0.093803
4558.5,0.356874,0.093906
4559.5,0.356879,0.094010
4560.5,0.356892,0.094114
4561.5,0.356914,0.094219
4562.5,0.356945,0.094323
4563.5,0.356985,0.094426
4564.5,0.357034,0.094527
4565.5,0.357092,0.094627
4566.5,0.357160,0.094725
4567.5,0.357237,0.094819
4568.5,0.357323,0.094911
4569.5,0.357419,0.094999
4570.5,0.357524,0.095083
4571.5,0.357639,0.095164
4572.5,0.357764,0.095240
4573.5,0.357899,0.095311
4574.5,0.358045,0.095377
4575.5,0.358200,0.095439
4576.5,0.358367,0.095495
4577.5,0.358543,0.095546
4578.5,0.358731,0.095592
4579.5,0.358930,0.095632
4580.5,0.359140,0.095667
4581.5,0.359362,0.095696
4582.5,0.359596,0.095720
4583.5,0.359841,0.095738
4584.5,0.360099,0.095752
4585.5,0.360369,0.095760
4586.5,0.360653,0.095764
4587.5,0.360949,0.095763
4588.5,0.361259,0.095757
4589.5,0.361582,0.095748
4590.5,0.361920,0.095734
4591.5,0.362272,0.095717
4592.5,0.362638,0.095697
4593.5,0.363019,0.095674
4594.5,0.363415,0.095649
4595.5,0.363827,0.095621
4596.5,0.364254,0.095592
4597.5,0.364698,0.095562
4598.5,0.365158,0.095531
4599.5,0.365634,0.095500
4600.5,0.366127,0.095470
4601.5,0.366638,0.095439
4602.5,0.367165,0.095411
4603.5,0.367711,0.095384
4604.5,0.368274,0.095359
4605.5,0.368855,0.095336
4606.5,0.369454,0.095317
4607.5,0.370071,0.095301
4608.5,0.370707,0.095290
4609.5,0.371361,0.095283
4610.5,0.372034,0.095281
4611.5,0.372725,0.095284
4612.5,0.373436,0.095293
4613.5,0.374165,0.095309
4614.5,0.374912,0.095330
4615.5,0.375679,0.095359
4616.5,0.376464,0.095395
4617.5,0.377267,0.095438
4618.5,0.378089,0.095489
4619.5,0.378929,0.095547
4620.5,0.379787,0.095614
4621.5,0.380663,0.095689
4622.5,0.381557,0.095772
4623.5,0.382467,0.095864
4624.5,0.383395,0.095965
4625.5,0.384339,0.096074
4626.5,0.385299,0.096191
4627.5,0.386274,0.096317
4628.5,0.387265,0.096452
4629.5,0.388271,0.096595
4630.5,0.389291,0.096746
4631.5,0.390324,0.096905
4632.5,0.391371,0.097072
4633.5,0.392430,0.097247
4634.5,0.393501,0.097429
4635.5,0.394583,0.097619
4636.5,0.395675,0.097815
4637.5,0.396777,0.098018
4638.5,0.397888,0.098227
4639.5,0.399007,0.098442
4640.5,0.400134,0.098662
4641.5,0.401267,0.098888
4642.5,0.402406,0.099118
4643.5,0.403549,0.099353
4644.5,0.404697,0.099592
4645.5,0.405849,0.099834
4646.5,0.407002,0.100079
4647.5,0.408157,0.100327
4648.5,0.409312,0.100578
4649.5,0.410468,0.100829
4650.5,0.411622,0.101083
4651.5,0.412774,0.101337
4652.5,0.413923,0.101591
4653.5,0.415068,0.101845
4654.5,0.416209,0.102099
4655.5,0.417344,0.102352
4656.5,0.418473,0.102604
4657.5,0.419595,0.102854
4658.5,0.420709,0.103102
4659.5,0.421814,0.103347
4660.5,0.422909,0.103590
4661.5,0.423994,0.103829
4662.5,0.425069,0.104064
4663.5,0.426131,0.104296
4664.5,0.427181,0.104523
4665.5,0.428219,0.104745
4666.5,0.429243,0.104962
4667.5,0.430253,0.105173
4668.5,0.431248,0.105379
4669.5,0.432228,0.105579
4670.5,0.433193,0.105773
4671.5,0.434142,0.105960
4672.5,0.435074,0.106141
4673.5,0.435990,0.106314
4674.5,0.436889,0.106480
4675.5,0.437772,0.106639
4676.5,0.438637,0.106790
4677.5,0.439484,0.106933
4678.5,0.440314,0.107068
4679.5,0.441127,0.107195
4680.5,0.441922,0.107314
4681.5,0.442700,0.107424
4682.5,0.443461,0.107526
4683.5,0.444205,0.107619
4684.5,0.444931,0.107704
4685.5,0.445641,0.107779
4686.5,0.446335,0.107846
4687.5,0.447012,0.107905
4688.5,0.447674,0.107954
4689.5,0.448320,0.107995
4690.5,0.448952,0.108027
4691.5,0.449570,0.108050
4692.5,0.450174,0.108065
4693.5,0.450764,0.108071
4694.5,0.451343,0.108069
4695.5,0.451909,0.108059
4696.5,0.452464,0.108040
4697.5,0.453009,0.108014
4698.5,0.453544,0.107980
4699.5,0.454070,0.107939
4700.5,0.454588,0.107891
4701.5,0.455099,0.107836
4702.5,0.455603,0.107775
4703.5,0.456101,0.107707
4704.5,0.456595,0.107634
4705.5,0.457084,0.107556
4706.5,0.457571,0.107472
4707.5,0.458055,0.107384
4708.5,0.458539,0.107292
4709.5,0.459021,0.107196
4710.5,0.459505,0.107097
4711.5,0.459989,0.106996
4712.5,0.460476,0.106893
4713.5,0.460966,0.106788
4714.5,0.461459,0.106682
4715.5,0.461958,0.106577
4716.5,0.462461,0.106471
4717.5,0.462971,0.106366
4718.5,0.463489,0.106264
4719.5,0.464013,0.106163
4720.5,0.464547,0.106065
4721.5,0.465089,0.105970
4722.5,0.465640,0.105880
4723.5,0.466202,0.105794
4724.5,0.466775,0.105714
4725.5,0.467359,0.105640
4726.5,0.467954,0.105572
4727.5,0.468561,0.105511
4728.5,0.469181,0.105458
4729.5,0.469813,0.105413
4730.5,0.470458,0.105377
4731.5,0.471116,0.105351
4732.5,0.471787,0.105333
4733.5,0.472471,0.105326
4734.5,0.473168,0.105329
4735.5,0.473879,0.105344
4736.5,0.474602,0.105369
4737.5,0.475337,0.105405
4738.5,0.476086,0.105453
4739.5,0.476846,0.105513
4740.5,0.477618,0.105584
4741.5,0.478401,0.105668
4742.5,0.479195,0.105763
4743.5,0.479999,0.105870
4744.5,0.480813,0.105989
4745.5,0.481635,0.106119
4746.5,0.482465,0.106261
4747.5,0.483303,0.106414
4748.5,0.484147,0.106578
4749.5,0.484996,0.106753
4750.5,0.485850,0.106937
4751.5,0.486707,0.107132
4752.5,0.487566,0.107335
4753.5,0.488427,0.107548
4754.5,0.489287,0.107769
4755.5,0.490145,0.107997
4756.5,0.491001,0.108233
4757.5,0.491853,0.108475
4758.5,0.492700,0.108723
4759.5,0.493540,0.108977
4760.5,0.494371,0.109235
4761.5,0.495192,0.109496
4762.5,0.496002,0.109761
4763.5,0.496800,0.110028
4764.5,0.497582,0.110297
4765.5,0.498349,0.110567
4766.5,0.499098,0.110837
4767.5,0.499828,0.111106
4768.5,0.500537,0.111375
4769.5,0.501223,0.111641
4770.5,0.501885,0.111905
4771.5,0.502521,0.112166
4772.5,0.503130,0.112423
4773.5,0.503709,0.112676
4774.5,0.504258,0.112923
4775.5,0.504774,0.113165
4776.5,0.505256,0.113401
4777.5,0.505701,0.113630
4778.5,0.506110,0.113852
4779.5,0.506480,0.114066
4780.5,0.506809,0.114272
4781.5,0.507096,0.114469
4782.5,0.507340,0.114658
4783.5,0.507539,0.114837
4784.5,0.507691,0.115006
4785.5,0.507795,0.115166
4786.5,0.507850,0.115315
4787.5,0.507855,0.115454
4788.5,0.507807,0.115582
4789.5,0.507707,0.115699
4790.5,0.507552,0.115806
4791.5,0.507342,0.115901
4792.5,0.507075,0.115985
4793.5,0.506750,0.116057
4794.5,0.506367,0.116118
4795.5,0.505925,0.116168
4796.5,0.505422,0.116206
4797.5,0.504857,0.116233
4798.5,0.504231,0.116248
4799.5,0.503541,0.116251
4800.5,0.502789,0.116244
4801.5,0.501972,0.116224
4802.5,0.501090,0.116194
4803.5,0.500143,0.116152
4804.5,0.499131,0.116099
4805.5,0.498052,0.116035
4806.5,0.496907,0.115959
4807.5,0.495696,0.115873
4808.5,0.494418,0.115776
4809.5,0.493072,0.115668
4810.5,0.491660,0.115550
4811.5,0.490181,0.115420
4812.5,0.488635,0.115280
4813.5,0.487021,0.115130
4814.5,0.485341,0.114969
4815.5,0.483595,0.114797
4816.5,0.481782,0.114616
4817.5,0.479903,0.114424
4818.5,0.477958,0.114221
4819.5,0.475949,0.114009
4820.5,0.473874,0.113786
4821.5,0.471736,0.113553
4822.5,0.469534,0.113310
4823.5,0.467269,0.113056
4824.5,0.464941,0.112792
4825.5,0.462552,0.112518
4826.5,0.460103,0.112233
4827.5,0.457593,0.111939
4828.5,0.455025,0.111633
4829.5,0.452398,0.111317
4830.5,0.449715,0.110991
4831.5,0.446975,0.110654
4832.5,0.444180,0.110306
4833.5,0.441332,0.109948
4834.5,0.438430,0.109579
4835.5,0.435478,0.109198
4836.5,0.432474,0.108807
4837.5,0.429422,0.108405
4838.5,0.426322,0.107991
4839.5,0.423175,0.107566
4840.5,0.419984,0.107130
4841.5,0.416749,0.106682
4842.5,0.413471,0.106223
4843.5,0.410153,0.105753
4844.5,0.406796,0.105270
4845.5,0.403401,0.104776
4846.5,0.399970,0.104271
4847.5,0.396505,0.103754
4848.5,0.393006,0.103225
4849.5,0.389477,0.102684
4850.5,0.385918,0.102132
4851.5,0.382331,0.101567
4852.5,0.378719,0.100992
4853.5,0.375082,0.100404
4854.5,0.371422,0.099805
4855.5,0.367742,0.099194
4856.5,0.364043,0.098572
4857.5,0.360328,0.097939
4858.5,0.356597,0.097294
4859.5,0.352852,0.096639
4860.5,0.349097,0.095972
4861.5,0.345332,0.095295
4862.5,0.341560,0.094607
4863.5,0.337782,0.093908
4864.5,0.334001,0.093200
4865.5,0.330218,0.092481
4866.5,0.326436,0.091753
4867.5,0.322656,0.091015
4868.5,0.318881,0.090268
4869.5,0.315112,0.089512
4870.5,0.311352,0.088748
4871.5,0.307603,0.087975
4872.5,0.303866,0.087195
4873.5,0.300144,0.086407
4874.5,0.296439,0.085612
4875.5,0.292753,0.084810
4876.5,0.289087,0.084001
4877.5,0.285445,0.083187
4878.5,0.281827,0.082368
4879.5,0.278237,0.081544
4880.5,0.274675,0.080715
4881.5,0.271145,0.079882
4882.5,0.267648,0.079046
4883.5,0.264186,0.078207
4884.5,0.260762,0.077365
4885.5,0.257376,0.076522
4886.5,0.254032,0.075678
4887.5,0.250731,0.074833
4888.5,0.247475,0.073989
4889.5,0.244266,0.073145
4890.5,0.241106,0.072303
4891.5,0.237997,0.071463
4892.5,0.234941,0.070626
4893.5,0.231939,0.069792
4894.5,0.228993,0.068964
4895.5,0.226106,0.068140
4896.5,0.223279,0.067323
4897.5,0.220513,0.066512
4898.5,0.217811,0.065710
4899.5,0.215174,0.064916
4900.5,0.212603,0.064131
4901.5,0.210101,0.063358
4902.5,0.207668,0.062595
4903.5,0.205307,0.061846
4904.5,0.203019,0.061110
4905.5,0.200804,0.060388
4906.5,0.198666,0.059682
4907.5,0.196604,0.058992
4908.5,0.194621,0.058321
4909.5,0.192717,0.057668
4910.5,0.190894,0.057035
4911.5,0.189152,0.056423
4912.5,0.187494,0.055833
4913.5,0.185920,0.055266
4914.5,0.184430,0.054723
4915.5,0.183026,0.054206
4916.5,0.181709,0.053715
4917.5,0.180479,0.053252
4918.5,0.179338,0.052817
4919.5,0.178285,0.052411
4920.5,0.177323,0.052036
4921.5,0.176450,0.051691
4922.5,0.175667,0.051379
4923.5,0.174976,0.051100
4924.5,0.174376,0.050853
4925.5,0.173868,0.050641
4926.5,0.173452,0.050463
4927.5,0.173127,0.050320
4928.5,0.172895,0.050213
4929.5,0.172755,0.050141
4930.5,0.172707,0.050104
4931.5,0.172751,0.050103
4932.5,0.172887,0.050138
4933.5,0.173115,0.050208
4934.5,0.173433,0.050313
4935.5,0.173843,0.050453
4936.5,0.174343,0.050627
4937.5,0.174932,0.050835
4938.5,0.175611,0.051076
4939.5,0.176378,0.051349
4940.5,0.177233,0.051655
4941.5,0.178175,0.051991
4942.5,0.179203,0.052357
4943.5,0.180315,0.052752
4944.5,0.181512,0.053175
4945.5,0.182792,0.053626
4946.5,0.184153,0.054102
4947.5,0.185595,0.054603
4948.5,0.187116,0.055128
4949.5,0.188715,0.055676
4950.5,0.190390,0.056246
4951.5,0.192140,0.056836
4952.5,0.193963,0.057446
4953.5,0.195857,0.058074
4954.5,0.197822,0.058720
4955.5,0.199854,0.059382
4956.5,0.201953,0.060059
4957.5,0.204116,0.060750
4958.5,0.206342,0.061454
4959.5,0.208628,0.062171
4960.5,0.210973,0.062899
4961.5,0.213374,0.063637
4962.5,0.215829,0.064384
4963.5,0.218336,0.065140
4964.5,0.220892,0.065903
4965.5,0.223496,0.066673
4966.5,0.226146,0.067449
4967.5,0.228838,0.068229
4968.5,0.231570,0.069014
4969.5,0.234340,0.069802
4970.5,0.237145,0.070593
4971.5,0.239984,0.071385
4972.5,0.242852,0.072179
4973.5,0.245748,0.072972
4974.5,0.248669,0.073766
4975.5,0.251613,0.074558
4976.5,0.254576,0.075349
4977.5,0.257556,0.076137
4978.5,0.260551,0.076923
4979.5,0.263557,0.077705
4980.5,0.266573,0.078482
4981.5,0.269594,0.079255
4982.5,0.272619,0.080022
4983.5,0.275644,0.080784
4984.5,0.278668,0.081538
4985.5,0.281686,0.082286
4986.5,0.284697,0.083027
4987.5,0.287698,0.083759
4988.5,0.290686,0.084482
4989.5,0.293658,0.085197
4990.5,0.296611,0.085901
4991.5,0.299544,0.086596
4992.5,0.302453,0.087280
4993.5,0.305335,0.087954
4994.5,0.308188,0.088616
4995.5,0.311009,0.089266
4996.5,0.313797,0.089904
4997.5,0.316547,0.090529
4998.5,0.319259,0.091141
4999.5,0.321929,0.091740
5000.5,0.324554,0.092325
5001.5,0.327134,0.092896
5002.5,0.329664,0.093452
5003.5,0.332144,0.093993
5004.5,0.334570,0.094520
5005.5,0.336942,0.095031
5006.5,0.339255,0.095526
5007.5,0.341509,0.096005
5008.5,0.343702,0.096467
5009.5,0.345831,0.096913
5010.5,0.347895,0.097342
5011.5,0.349892,0.097754
5012.5,0.351820,0.098149
5013.5,0.353678,0.098526
5014.5,0.355464,0.098885
5015.5,0.357177,0.099226
5016.5,0.358814,0.099549
5017.5,0.360376,0.099854
5018.5,0.361860,0.100139
5019.5,0.363265,0.100407
5020.5,0.364591,0.100655
5021.5,0.365836,0.100884
5022.5,0.366999,0.101094
5023.5,0.368079,0.101285
5024.5,0.369077,0.101457
5025.5,0.369990,0.101609
5026.5,0.370819,0.101741
5027.5,0.371562,0.101854
5028.5,0.372221,0.101948
5029.5,0.372793,0.102022
5030.5,0.373279,0.102076
5031.5,0.373679,0.102110
5032.5,0.373993,0.102125
5033.5,0.374221,0.102121
5034.5,0.374362,0.102097
5035.5,0.374418,0.102053
5036.5,0.374388,0.101990
5037.5,0.374272,0.101907
5038.5,0.374072,0.101806
5039.5,0.373787,0.101685
5040.5,0.373419,0.101545
5041.5,0.372967,0.101386
5042.5,0.372433,0.101209
5043.5,0.371819,0.101013
5044.5,0.371123,0.100799
5045.5,0.370348,0.100567
5046.5,0.369494,0.100318
5047.5,0.368563,0.100050
5048.5,0.367556,0.099766
5049.5,0.366475,0.099464
5050.5,0.365319,0.099146
5051.5,0.364092,0.098811
5052.5,0.362794,0.098460
5053.5,0.361426,0.098094
5054.5,0.359992,0.097713
5055.5,0.358491,0.097316
5056.5,0.356926,0.096905
5057.5,0.355298,0.096481
5058.5,0.353610,0.096042
5059.5,0.351863,0.095591
5060.5,0.350058,0.095127
5061.5,0.348198,0.094650
5062.5,0.346285,0.094163
5063.5,0.344320,0.093664
5064.5,0.342306,0.093154
5065.5,0.340244,0.092634
5066.5,0.338137,0.092106
5067.5,0.335986,0.091568
5068.5,0.333793,0.091022
5069.5,0.331562,0.090468
5070.5,0.329292,0.089907
5071.5,0.326988,0.089339
5072.5,0.324651,0.088766
5073.5,0.322282,0.088187
5074.5,0.319884,0.087604
5075.5,0.317459,0.087017
5076.5,0.315010,0.086427
5077.5,0.312537,0.085833
5078.5,0.310044,0.085238
5079.5,0.307532,0.084641
5080.5,0.305003,0.084043
5081.5,0.302459,0.083445
5082.5,0.299902,0.082848
5083.5,0.297335,0.082251
5084.5,0.294758,0.081656
5085.5,0.292174,0.081063
5086.5,0.289586,0.080473
5087.5,0.286994,0.079886
5088.5,0.284400,0.079303
5089.5,0.281807,0.078724
5090.5,0.279215,0.078150
5091.5,0.276627,0.077582
5092.5,0.274044,0.077019
5093.5,0.271468,0.076462
5094.5,0.268901,0.075912
5095.5,0.266344,0.075369
5096.5,0.263798,0.074834
5097.5,0.261265,0.074306
5098.5,0.258746,0.073786
5099.5,0.256243,0.073274
5100.5,0.253757,0.072771
5101.5,0.251290,0.072277
5102.5,0.248841,0.071792
5103.5,0.246414,0.071316
5104.5,0.244008,0.070850
5105.5,0.241625,0.070393
5106.5,0.239266,0.069946
5107.5,0.236932,0.069508
5108.5,0.234623,0.069080
5109.5,0.232341,0.068662
5110.5,0.230087,0.068253
5111.5,0.227861,0.067855
5112.5,0.225664,0.067466
5113.5,0.223497,0.067086
5114.5,0.221361,0.066716
5115.5,0.219255,0.066356
5116.5,0.217182,0.066004
5117.5,0.215140,0.065662
5118.5,0.213132,0.065329
5119.5,0.211156,0.065005
5120.5,0.209214,0.064690
5121.5,0.207306,0.064383
5122.5,0.205433,0.064084
5123.5,0.203594,0.063793
5124.5,0.201790,0.063511
5125.5,0.200022,0.063236
5126.5,0.198289,0.062969
5127.5,0.196591,0.062709
5128.5,0.194930,0.062456
5129.5,0.193304,0.062211
5130.5,0.191715,0.061972
5131.5,0.190162,0.061739
5132.5,0.188645,0.061513
5133.5,0.187164,0.061294
5134.5,0.185719,0.061080
5135.5,0.184311,0.060873
5136.5,0.182940,0.060671
5137.5,0.181605,0.060474
5138.5,0.180305,0.060283
5139.5,0.179043,0.060098
5140.5,0.177816,0.059918
5141.5,0.176626,0.059743
5142.5,0.175471,0.059572
5143.5,0.174352,0.059407
5144.5,0.173270,0.059247
5145.5,0.172222,0.059091
5146.5,0.171211,0.058940
5147.5,0.170235,0.058794
5148.5,0.169294,0.058652
5149.5,0.168389,0.058515
5150.5,0.167518,0.058382
5151.5,0.166683,0.058254
5152.5,0.165882,0.058130
5153.5,0.165116,0.058010
5154.5,0.164385,0.057895
5155.5,0.163688,0.057784
5156.5,0.163026,0.057677
5157.5,0.162397,0.057575
5158.5,0.161803,0.057476
5159.5,0.161243,0.057382
5160.5,0.160717,0.057293
5161.5,0.160225,0.057207
5162.5,0.159766,0.057125
5163.5,0.159341,0.057048
5164.5,0.158950,0.056975
5165.5,0.158592,0.056906
5166.5,0.158267,0.056841
5167.5,0.157976,0.056780
5168.5,0.157718,0.056724
5169.5,0.157493,0.056671
5170.5,0.157302,0.056623
5171.5,0.157144,0.056579
5172.5,0.157019,0.056539
5173.5,0.156927,0.056503
5174.5,0.156868,0.056471
5175.5,0.156843,0.056443
5176.5,0.156850,0.056419
5177.5,0.156891,0.056400
5178.5,0.156965,0.056384
5179.5,0.157071,0.056373
5180.5,0.157211,0.056366
5181.5,0.157384,0.056363
5182.5,0.157590,0.056365
5183.5,0.157829,0.056371
5184.5,0.158102,0.056382
5185.5,0.158407,0.056397
5186.5,0.158745,0.056416
5187.5,0.159117,0.056440
5188.5,0.159522,0.056470
5189.5,0.159959,0.056503
5190.5,0.160430,0.056542
5191.5,0.160934,0.056587
5192.5,0.161471,0.056636
5193.5,0.162041,0.056691
5194.5,0.162644,0.056752
5195.5,0.163280,0.056818
5196.5,0.163949,0.056890
5197.5,0.164650,0.056969
5198.5,0.165384,0.057054
5199.5,0.166150,0.057145
5200.5,0.166949,0.057244
5201.5,0.167780,0.057349
5202.5,0.168643,0.057462
5203.5,0.169538,0.057582
5204.5,0.170464,0.057711
5205.5,0.171422,0.057847
5206.5,0.172411,0.057991
5207.5,0.173431,0.058144
5208.5,0.174482,0.058306
5209.5,0.175563,0.058477
5210.5,0.176674,0.058657
5211.5,0.177815,0.058847
5212.5,0.178985,0.059046
5213.5,0.180183,0.059255
5214.5,0.181410,0.059474
5215.5,0.182665,0.059704
5216.5,0.183948,0.059944
5217.5,0.185257,0.060194
5218.5,0.186592,0.060456
5219.5,0.187953,0.060728
5220.5,0.189339,0.061011
5221.5,0.190750,0.061304
5222.5,0.192184,0.061609
5223.5,0.193641,0.061925
5224.5,0.195121,0.062252
5225.5,0.196621,0.062589
5226.5,0.198143,0.062937
5227.5,0.199685,0.063296
5228.5,0.201245,0.063665
5229.5,0.202824,0.064044
5230.5,0.204419,0.064434
5231.5,0.206031,0.064833
5232.5,0.207659,0.065242
5233.5,0.209300,0.065659
5234.5,0.210955,0.066086
5235.5,0.212622,0.066521
5236.5,0.214301,0.066964
5237.5,0.215989,0.067414
5238.5,0.217686,0.067871
5239.5,0.219391,0.068335
5240.5,0.221103,0.068805
5241.5,0.222821,0.069281
5242.5,0.224543,0.069761
5243.5,0.226268,0.070245
5244.5,0.227995,0.070733
5245.5,0.229723,0.071224
5246.5,0.231451,0.071718
5247.5,0.233177,0.072213
5248.5,0.234900,0.072709
5249.5,0.236619,0.073205
5250.5,0.238333,0.073701
5251.5,0.240041,0.074196
5252.5,0.241741,0.074689
5253.5,0.243432,0.075179
5254.5,0.245113,0.075666
5255.5,0.246783,0.076149
5256.5,0.248441,0.076628
5257.5,0.250085,0.077101
5258.5,0.251715,0.077568
5259.5,0.253329,0.078029
5260.5,0.254926,0.078482
5261.5,0.256505,0.078927
5262.5,0.258066,0.079363
5263.5,0.259606,0.079790
5264.5,0.261126,0.080206
5265.5,0.262624,0.080613
5266.5,0.264099,0.081008
5267.5,0.265550,0.081391
5268.5,0.266978,0.081763
5269.5,0.268380,0.082122
5270.5,0.269756,0.082467
5271.5,0.271106,0.082799
5272.5,0.272428,0.083117
5273.5,0.273723,0.083420
5274.5,0.274989,0.083709
5275.5,0.276227,0.083983
5276.5,0.277435,0.084241
5277.5,0.278613,0.084484
5278.5,0.279762,0.084711
5279.5,0.280880,0.084922
5280.5,0.281968,0.085116
5281.5,0.283025,0.085295
5282.5,0.284051,0.085457
5283.5,0.285046,0.085603
5284.5,0.286010,0.085732
5285.5,0.286944,0.085845
5286.5,0.287847,0.085942
5287.5,0.288719,0.086022
5288.5,0.289561,0.086087
5289.5,0.290373,0.086135
5290.5,0.291156,0.086168
5291.5,0.291910,0.086185
5292.5,0.292635,0.086188
5293.5,0.293331,0.086175
5294.5,0.294001,0.086148
5295.5,0.294643,0.086108
5296.5,0.295259,0.086053
5297.5,0.295850,0.085985
5298.5,0.296417,0.085905
5299.5,0.296959,0.085812
5300.5,0.297479,0.085708
5301.5,0.297977,0.085592
5302.5,0.298455,0.085466
5303.5,0.298912,0.085330
5304.5,0.299351,0.085185
5305.5,0.299773,0.085031
5306.5,0.300178,0.084869
5307.5,0.300568,0.084700
5308.5,0.300945,0.084524
5309.5,0.301308,0.084343
5310.5,0.301661,0.084156
5311.5,0.302005,0.083965
5312.5,0.302339,0.083770
5313.5,0.302667,0.083572
5314.5,0.302990,0.083372
5315.5,0.303308,0.083171
5316.5,0.303624,0.082968
5317.5,0.303940,0.082766
5318.5,0.304255,0.082565
5319.5,0.304573,0.082364
5320.5,0.304895,0.082166
5321.5,0.305222,0.081971
5322.5,0.305555,0.081779
5323.5,0.305897,0.081592
5324.5,0.306249,0.081409
5325.5,0.306613,0.081232
5326.5,0.306989,0.081060
5327.5,0.307381,0.080895
5328.5,0.307789,0.080737
5329.5,0.308215,0.080587
5330.5,0.308660,0.080445
5331.5,0.309126,0.080311
5332.5,0.309615,0.080186
5333.5,0.310127,0.080071
5334.5,0.310665,0.079965
5335.5,0.311230,0.079869
5336.5,0.311824,0.079784
5337.5,0.312447,0.079709
5338.5,0.313102,0.079646
5339.5,0.313790,0.079593
5340.5,0.314511,0.079551
5341.5,0.315268,0.079521
5342.5,0.316061,0.079502
5343.5,0.316892,0.079495
5344.5,0.317762,0.079500
5345.5,0.318672,0.079516
5346.5,0.319624,0.079545
5347.5,0.320619,0.079585
5348.5,0.321657,0.079636
5349.5,0.322739,0.079699
5350.5,0.323867,0.079774
5351.5,0.325042,0.079861
5352.5,0.326264,0.079959
5353.5,0.327535,0.080068
5354.5,0.328854,0.080189
5355.5,0.330224,0.080321
5356.5,0.331644,0.080464
5357.5,0.333116,0.080618
5358.5,0.334639,0.080783
5359.5,0.336216,0.080959
5360.5,0.337845,0.081145
5361.5,0.339527,0.081342
5362.5,0.341264,0.081549
5363.5,0.343055,0.081766
5364.5,0.344901,0.081993
5365.5,0.346801,0.082230
5366.5,0.348757,0.082477
5367.5,0.350769,0.082734
5368.5,0.352836,0.083001
5369.5,0.354958,0.083277
5370.5,0.357136,0.083562
5371.5,0.359370,0.083857
5372.5,0.361659,0.084161
5373.5,0.364004,0.084474
5374.5,0.366403,0.084796
5375.5,0.368858,0.085127
5376.5,0.371368,0.085468
5377.5,0.373931,0.085817
5378.5,0.376549,0.086175
5379.5,0.379220,0.086541
5380.5,0.381944,0.086917
5381.5,0.384721,0.087301
5382.5,0.387549,0.087693
5383.5,0.390428,0.088094
5384.5,0.393358,0.088504
5385.5,0.396338,0.088921
5386.5,0.399366,0.089347
5387.5,0.402442,0.089782
5388.5,0.405565,0.090224
5389.5,0.408735,0.090674
5390.5,0.411949,0.091132
5391.5,0.415208,0.091599
5392.5,0.418509,0.092072
5393.5,0.421852,0.092554
5394.5,0.425235,0.093042
5395.5,0.428658,0.093538
5396.5,0.432119,0.094041
5397.5,0.435616,0.094551
5398.5,0.439148,0.095068
5399.5,0.442714,0.095592
5400.5,0.446312,0.096122
5401.5,0.449941,0.096658
5402.5,0.453599,0.097200
5403.5,0.457284,0.097747
5404.5,0.460996,0.098301
5405.5,0.464731,0.098859
5406.5,0.468489,0.099422
5407.5,0.472267,0.099990
5408.5,0.476064,0.100562
5409.5,0.479879,0.101138
5410.5,0.483708,0.101718
5411.5,0.487551,0.102302
5412.5,0.491404,0.102888
5413.5,0.495268,0.103477
5414.5,0.499138,0.104068
5415.5,0.503014,0.104661
5416.5,0.506893,0.105255
5417.5,0.510774,0.105850
5418.5,0.514654,0.106447
5419.5,0.518530,0.107043
5420.5,0.522402,0.107639
5421.5,0.526267,0.108235
5422.5,0.530122,0.108830
5423.5,0.533966,0.109423
5424.5,0.537797,0.110014
5425.5,0.541612,0.110603
5426.5,0.545409,0.111189
5427.5,0.549186,0.111772
5428.5,0.552941,0.112351
5429.5,0.556671,0.112926
5430.5,0.560375,0.113496
5431.5,0.564051,0.114062
5432.5,0.567695,0.114621
5433.5,0.571307,0.115175
5434.5,0.574884,0.115723
5435.5,0.578424,0.116263
5436.5,0.581924,0.116797
5437.5,0.585384,0.117322
5438.5,0.588800,0.117840
5439.5,0.592171,0.118349
5440.5,0.595495,0.118849
5441.5,0.598769,0.119339
5442.5,0.601993,0.119820
5443.5,0.605163,0.120291
5444.5,0.608279,0.120752
5445.5,0.611338,0.121201
5446.5,0.614339,0.121640
5447.5,0.617279,0.122067
5448.5,0.620158,0.122482
5449.5,0.622973,0.122885
5450.5,0.625722,0.123276
5451.5,0.628406,0.123654
5452.5,0.631020,0.124019
5453.5,0.633566,0.124371
5454.5,0.636040,0.124710
5455.5,0.638441,0.125035
5456.5,0.640769,0.125347
5457.5,0.643022,0.125644
5458.5,0.645199,0.125927
5459.5,0.647298,0.126196
5460.5,0.649319,0.126451
5461.5,0.651260,0.126692
5462.5,0.653121,0.126917
5463.5,0.654901,0.127129
5464.5,0.656598,0.127325
5465.5,0.658213,0.127507
5466.5,0.659744,0.127674
5467.5,0.661190,0.127827
5468.5,0.662552,0.127965
5469.5,0.663828,0.128088
5470.5,0.665018,0.128197
5471.5,0.666122,0.128291
5472.5,0.667139,0.128371
5473.5,0.668070,0.128437
5474.5,0.668913,0.128489
5475.5,0.669668,0.128527
5476.5,0.670337,0.128551
5477.5,0.670917,0.128561
5478.5,0.671411,0.128558
5479.5,0.671816,0.128541
5480.5,0.672135,0.128512
5481.5,0.672366,0.128470
5482.5,0.672511,0.128415
5483.5,0.672568,0.128348
5484.5,0.672540,0.128269
5485.5,0.672426,0.128178
5486.5,0.672226,0.128075
5487.5,0.671942,0.127962
5488.5,0.671573,0.127837
5489.5,0.671120,0.127702
5490.5,0.670584,0.127557
5491.5,0.669966,0.127401
5492.5,0.669266,0.127236
5493.5,0.668485,0.127061
5494.5,0.667624,0.126877
5495.5,0.666684,0.126685
5496.5,0.665665,0.126484
5497.5,0.664569,0.126275
5498.5,0.663396,0.126057
5499.5,0.662148,0.125833
5500.5,0.660825,0.125601
5501.5,0.659429,0.125362
5502.5,0.657960,0.125117
5503.5,0.656420,0.124865
5504.5,0.654810,0.124607
5505.5,0.653130,0.124343
5506.5,0.651383,0.124073
5507.5,0.649570,0.123799
5508.5,0.647691,0.123519
5509.5,0.645747,0.123234
5510.5,0.643741,0.122944
5511.5,0.641674,0.122651
5512.5,0.639545,0.122352
5513.5,0.637358,0.122050
5514.5,0.635113,0.121744
5515.5,0.632812,0.121434
5516.5,0.630456,0.121121
5517.5,0.628046,0.120804
5518.5,0.625583,0.120484
5519.5,0.623070,0.120161
5520.5,0.620507,0.119834
5521.5,0.617896,0.119505
5522.5,0.615238,0.119172
5523.5,0.612534,0.118837
5524.5,0.609787,0.118499
5525.5,0.606997,0.118158
5526.5,0.604166,0.117814
5527.5,0.601295,0.117468
5528.5,0.598386,0.117118
5529.5,0.595440,0.116766
5530.5,0.592459,0.116411
5531.5,0.589444,0.116054
5532.5,0.586396,0.115693
5533.5,0.583317,0.115330
5534.5,0.580208,0.114964
5535.5,0.577072,0.114595
5536.5,0.573908,0.114223
5537.5,0.570719,0.113848
5538.5,0.567507,0.113469
5539.5,0.564272,0.113088
5540.5,0.561016,0.112703
5541.5,0.557741,0.112315
5542.5,0.554448,0.111923
5543.5,0.551138,0.111528
5544.5,0.547814,0.111129
5545.5,0.544475,0.110727
5546.5,0.541125,0.110321
5547.5,0.537764,0.109911
5548.5,0.534394,0.109498
5549.5,0.531017,0.109080
5550.5,0.527633,0.108659
5551.5,0.524245,0.108233
5552.5,0.520853,0.107804
5553.5,0.517460,0.107371
5554.5,0.514067,0.106933
5555.5,0.510675,0.106491
5556.5,0.507285,0.106046
5557.5,0.503900,0.105596
5558.5,0.500521,0.105142
5559.5,0.497149,0.104684
5560.5,0.493786,0.104222
5561.5,0.490433,0.103756
5562.5,0.487092,0.103286
5563.5,0.483764,0.102813
5564.5,0.480451,0.102336
5565.5,0.477153,0.101855
5566.5,0.473874,0.101371
5567.5,0.470613,0.100883
5568.5,0.467373,0.100393
5569.5,0.464155,0.099899
5570.5,0.460960,0.099403
5571.5,0.457790,0.098904
5572.5,0.454646,0.098403
5573.5,0.451529,0.097900
5574.5,0.448442,0.097395
5575.5,0.445385,0.096889
5576.5,0.442359,0.096382
5577.5,0.439367,0.095874
5578.5,0.436408,0.095365
5579.5,0.433486,0.094857
5580.5,0.430600,0.094349
5581.5,0.427752,0.093841
5582.5,0.424943,0.093335
5583.5,0.422175,0.092831
5584.5,0.419448,0.092329
5585.5,0.416764,0.091830
5586.5,0.414124,0.091334
5587.5,0.411529,0.090842
5588.5,0.408979,0.090354
5589.5,0.406477,0.089871
5590.5,0.404022,0.089394
5591.5,0.401615,0.088923
5592.5,0.399259,0.088458
5593.5,0.396952,0.088002
5594.5,0.394697,0.087553
5595.5,0.392493,0.087113
5596.5,0.390342,0.086682
5597.5,0.388244,0.086262
5598.5,0.386200,0.085852
5599.5,0.384210,0.085454
5600.5,0.382274,0.085068
5601.5,0.380394,0.084695
5602.5,0.378569,0.084335
5603.5,0.376799,0.083990
5604.5,0.375085,0.083659
5605.5,0.373427,0.083343
5606.5,0.371826,0.083044
5607.5,0.370280,0.082761
5608.5,0.368791,0.082496
5609.5,0.367357,0.082248
5610.5,0.365980,0.082018
5611.5,0.364658,0.081807
5612.5,0.363392,0.081615
5613.5,0.362180,0.081443
5614.5,0.361023,0.081290
5615.5,0.359921,0.081157
5616.5,0.358872,0.081045
5617.5,0.357876,0.080953
5618.5,0.356932,0.080882
5619.5,0.356040,0.080831
5620.5,0.355198,0.080801
5621.5,0.354407,0.080792
5622.5,0.353665,0.080803
5623.5,0.352970,0.080835
5624.5,0.352323,0.080887
5625.5,0.351721,0.080958
5626.5,0.351164,0.081049
5627.5,0.350651,0.081159
5628.5,0.350180,0.081288
5629.5,0.349750,0.081435
5630.5,0.349360,0.081599
5631.5,0.349007,0.081780
5632.5,0.348692,0.081977
5633.5,0.348411,0.082190
5634.5,0.348165,0.082417
5635.5,0.347950,0.082658
5636.5,0.347766,0.082912
5637.5,0.347611,0.083178
5638.5,0.347483,0.083455
5639.5,0.347381,0.083743
5640.5,0.347302,0.084039
5641.5,0.347245,0.084344
5642.5,0.347209,0.084656
5643.5,0.347191,0.084975
5644.5,0.347189,0.085299
5645.5,0.347203,0.085627
5646.5,0.347230,0.085958
5647.5,0.347268,0.086291
5648.5,0.347315,0.086625
5649.5,0.347370,0.086959
5650.5,0.347431,0.087293
5651.5,0.347496,0.087624
5652.5,0.347563,0.087953
5653.5,0.347631,0.088277
5654.5,0.347697,0.088597
5655.5,0.347761,0.088911
5656.5,0.347820,0.089218
5657.5,0.347873,0.089518
5658.5,0.347918,0.089809
5659.5,0.347954,0.090091
5660.5,0.347978,0.090363
5661.5,0.347991,0.090624
5662.5,0.347989,0.090874
5663.5,0.347972,0.091111
5664.5,0.347938,0.091336
5665.5,0.347886,0.091547
5666.5,0.347814,0.091744
5667.5,0.347723,0.091926
5668.5,0.347609,0.092093
5669.5,0.347473,0.092245
5670.5,0.347313,0.092380
5671.5,0.347129,0.092499
5672.5,0.346919,0.092602
5673.5,0.346683,0.092687
5674.5,0.346419,0.092754
5675.5,0.346128,0.092804
5676.5,0.345808,0.092837
5677.5,0.345459,0.092851
5678.5,0.345081,0.092847
5679.5,0.344674,0.092825
5680.5,0.344236,0.092785
5681.5,0.343767,0.092727
5682.5,0.343269,0.092650
5683.5,0.342740,0.092555
5684.5,0.342180,0.092443
5685.5,0.341590,0.092312
5686.5,0.340969,0.092164
5687.5,0.340318,0.091998
5688.5,0.339637,0.091815
5689.5,0.338927,0.091616
5690.5,0.338188,0.091399
5691.5,0.337420,0.091167
5692.5,0.336624,0.090918
5693.5,0.335800,0.090655
5694.5,0.334950,0.090376
5695.5,0.334074,0.090083
5696.5,0.333173,0.089776
5697.5,0.332248,0.089455
5698.5,0.331299,0.089121
5699.5,0.330327,0.088775
5700.5,0.329335,0.088418
5701.5,0.328322,0.088049
5702.5,0.327290,0.087669
5703.5,0.326240,0.087280
5704.5,0.325173,0.086882
5705.5,0.324091,0.086476
5706.5,0.322995,0.086061
5707.5,0.321886,0.085640
5708.5,0.320766,0.085213
5709.5,0.319635,0.084780
5710.5,0.318496,0.084342
5711.5,0.317350,0.083901
5712.5,0.316198,0.083456
5713.5,0.315041,0.083009
5714.5,0.313882,0.082561
5715.5,0.312721,0.082112
5716.5,0.311561,0.081663
5717.5,0.310402,0.081214
5718.5,0.309246,0.080768
5719.5,0.308095,0.080324
5720.5,0.306950,0.079884
5721.5,0.305813,0.079447
5722.5,0.304685,0.079016
5723.5,0.303567,0.078590
5724.5,0.302461,0.078170
5725.5,0.301369,0.077758
5726.5,0.300291,0.077354
5727.5,0.299230,0.076959
5728.5,0.298186,0.076573
5729.5,0.297160,0.076197
5730.5,0.296155,0.075831
5731.5,0.295171,0.075477
5732.5,0.294210,0.075136
5733.5,0.293272,0.074806
5734.5,0.292359,0.074490
5735.5,0.291471,0.074188
5736.5,0.290611,0.073899
5737.5,0.289778,0.073626
5738.5,0.288974,0.073367
5739.5,0.288200,0.073124
5740.5,0.287456,0.072897
5741.5,0.286743,0.072686
5742.5,0.286063,0.072491
5743.5,0.285415,0.072313
5744.5,0.284800,0.072152
5745.5,0.284218,0.072008
5746.5,0.283672,0.071881
5747.5,0.283159,0.071772
5748.5,0.282682,0.071679
5749.5,0.282240,0.071604
5750.5,0.281834,0.071546
5751.5,0.281463,0.071505
5752.5,0.281129,0.071481
5753.5,0.280830,0.071474
5754.5,0.280567,0.071483
5755.5,0.280341,0.071509
5756.5,0.280150,0.071551
5757.5,0.279995,0.071609
5758.5,0.279875,0.071682
5759.5,0.279791,0.071770
5760.5,0.279741,0.071873
5761.5,0.279726,0.071990
5762.5,0.279745,0.072121
5763.5,0.279797,0.072265
5764.5,0.279882,0.072422
5765.5,0.280000,0.072591
5766.5,0.280149,0.072772
5767.5,0.280330,0.072964
5768.5,0.280540,0.073167
5769.5,0.280781,0.073380
5770.5,0.281049,0.073602
5771.5,0.281346,0.073833
5772.5,0.281669,0.074073
5773.5,0.282018,0.074320
5774.5,0.282392,0.074574
5775.5,0.282790,0.074835
5776.5,0.283211,0.075102
5777.5,0.283653,0.075374
5778.5,0.284116,0.075651
5779.5,0.284599,0.075932
5780.5,0.285100,0.076216
5781.5,0.285617,0.076504
5782.5,0.286151,0.076793
5783.5,0.286699,0.077085
5784.5,0.287261,0.077378
5785.5,0.287835,0.077672
5786.5,0.288419,0.077966
5787.5,0.289013,0.078259
5788.5,0.289616,0.078552
5789.5,0.290225,0.078844
5790.5,0.290839,0.079134
5791.5,0.291458,0.079421
5792.5,0.292080,0.079706
5793.5,0.292704,0.079988
5794.5,0.293328,0.080267
5795.5,0.293951,0.080541
5796.5,0.294571,0.080811
5797.5,0.295188,0.081077
5798.5,0.295801,0.081338
5799.5,0.296407,0.081593
5800.5,0.297005,0.081843
5801.5,0.297595,0.082087
5802.5,0.298175,0.082324
5803.5,0.298745,0.082555
5804.5,0.299301,0.082779
5805.5,0.299845,0.082997
5806.5,0.300373,0.083207
5807.5,0.300887,0.083409
5808.5,0.301383,0.083604
5809.5,0.301862,0.083791
5810.5,0.302321,0.083971
5811.5,0.302761,0.084142
5812.5,0.303180,0.084304
5813.5,0.303578,0.084459
5814.5,0.303952,0.084604
5815.5,0.304304,0.084741
5816.5,0.304630,0.084870
5817.5,0.304932,0.084989
5818.5,0.305208,0.085100
5819.5,0.305457,0.085201
5820.5,0.305678,0.085294
5821.5,0.305872,0.085377
5822.5,0.306037,0.085452
5823.5,0.306173,0.085517
5824.5,0.306279,0.085573
5825.5,0.306355,0.085619
5826.5,0.306401,0.085657
5827.5,0.306415,0.085685
5828.5,0.306399,0.085704
5829.5,0.306350,0.085714
5830.5,0.306270,0.085714
5831.5,0.306157,0.085706
5832.5,0.306012,0.085688
5833.5,0.305834,0.085661
5834.5,0.305624,0.085625
5835.5,0.305381,0.085580
5836.5,0.305105,0.085526
5837.5,0.304797,0.085462
5838.5,0.304456,0.085390
5839.5,0.304082,0.085309
5840.5,0.303676,0.085219
5841.5,0.303237,0.085121
5842.5,0.302767,0.085014
5843.5,0.302264,0.084898
5844.5,0.301730,0.084773
5845.5,0.301165,0.084640
5846.5,0.300569,0.084498
5847.5,0.299943,0.084349
5848.5,0.299286,0.084190
5849.5,0.298600,0.084024
5850.5,0.297885,0.083850
5851.5,0.297141,0.083667
5852.5,0.296370,0.083477
5853.5,0.295571,0.083279
5854.5,0.294745,0.083073
5855.5,0.293892,0.082860
5856.5,0.293015,0.082639
5857.5,0.292112,0.082411
5858.5,0.291185,0.082176
5859.5,0.290235,0.081933
5860.5,0.289263,0.081684
5861.5,0.288268,0.081429
5862.5,0.287252,0.081166
5863.5,0.286216,0.080898
5864.5,0.285161,0.080623
5865.5,0.284087,0.080342
5866.5,0.282995,0.080056
5867.5,0.281886,0.079764
5868.5,0.280761,0.079467
5869.5,0.279621,0.079165
5870.5,0.278467,0.078858
5871.5,0.277299,0.078547
5872.5,0.276118,0.078231
5873.5,0.274926,0.077911
5874.5,0.273723,0.077588
5875.5,0.272511,0.077262
5876.5,0.271289,0.076932
5877.5,0.270059,0.076600
5878.5,0.268822,0.076266
5879.5,0.267579,0.075929
5880.5,0.266331,0.075591
5881.5,0.265077,0.075252
5882.5,0.263820,0.074912
5883.5,0.262561,0.074572
5884.5,0.261299,0.074231
5885.5,0.260035,0.073891
5886.5,0.258772,0.073552
5887.5,0.257509,0.073215
5888.5,0.256246,0.072878
5889.5,0.254986,0.072545
5890.5,0.253728,0.072213
5891.5,0.252474,0.071885
5892.5,0.251223,0.071560
5893.5,0.249977,0.071239
5894.5,0.248736,0.070923
5895.5,0.247502,0.070611
5896.5,0.246273,0.070305
5897.5,0.245052,0.070004
5898.5,0.243838,0.069710
5899.5,0.242632,0.069421
5900.5,0.241435,0.069140
5901.5,0.240247,0.068866
5902.5,0.239068,0.068600
5903.5,0.237899,0.068342
5904.5,0.236741,0.068092
5905.5,0.235592,0.067851
5906.5,0.234455,0.067619
5907.5,0.233329,0.067395
5908.5,0.232214,0.067182
5909.5,0.231110,0.066978
5910.5,0.230019,0.066784
5911.5,0.228939,0.066599
5912.5,0.227872,0.066425
5913.5,0.226816,0.066261
5914.5,0.225773,0.066107
5915.5,0.224742,0.065964
5916.5,0.223723,0.065831
5917.5,0.222716,0.065708
5918.5,0.221722,0.065595
5919.5,0.220740,0.065492
5920.5,0.219770,0.065399
5921.5,0.218811,0.065316
5922.5,0.217865,0.065242
5923.5,0.216930,0.065177
5924.5,0.216007,0.065122
5925.5,0.215095,0.065075
5926.5,0.214193,0.065036
5927.5,0.213303,0.065005
5928.5,0.212423,0.064982
5929.5,0.211553,0.064967
5930.5,0.210693,0.064957
5931.5,0.209843,0.064955
5932.5,0.209002,0.064957
5933.5,0.208170,0.064966
5934.5,0.207346,0.064979
5935.5,0.206531,0.064996
5936.5,0.205723,0.065018
5937.5,0.204923,0.065042
5938.5,0.204130,0.065069
5939.5,0.203344,0.065099
5940.5,0.202564,0.065129
5941.5,0.201790,0.065161
5942.5,0.201022,0.065194
5943.5,0.200259,0.065226
5944.5,0.199501,0.065258
5945.5,0.198747,0.065289
5946.5,0.197998,0.065318
5947.5,0.197252,0.065345
5948.5,0.196510,0.065369
5949.5,0.195770,0.065390
5950.5,0.195034,0.065407
5951.5,0.194300,0.065420
5952.5,0.193568,0.065429
5953.5,0.192838,0.065432
5954.5,0.192110,0.065430
5955.5,0.191383,0.065422
5956.5,0.190658,0.065407
5957.5,0.189933,0.065386
5958.5,0.189210,0.065358
5959.5,0.188487,0.065322
5960.5,0.187764,0.065278
5961.5,0.187042,0.065227
5962.5,0.186320,0.065167
5963.5,0.185599,0.065099
5964.5,0.184878,0.065022
5965.5,0.184157,0.064935
5966.5,0.183437,0.064840
5967.5,0.182717,0.064735
5968.5,0.181997,0.064621
5969.5,0.181279,0.064497
5970.5,0.180560,0.064364
5971.5,0.179843,0.064221
5972.5,0.179127,0.064068
5973.5,0.178412,0.063905
5974.5,0.177698,0.063733
5975.5,0.176987,0.063550
5976.5,0.176278,0.063358
5977.5,0.175571,0.063157
5978.5,0.174867,0.062945
5979.5,0.174166,0.062725
5980.5,0.173469,0.062495
5981.5,0.172777,0.062256
5982.5,0.172088,0.062008
5983.5,0.171406,0.061752
5984.5,0.170728,0.061487
5985.5,0.170057,0.061215
5986.5,0.169393,0.060934
5987.5,0.168736,0.060646
5988.5,0.168087,0.060351
5989.5,0.167446,0.060050
5990.5,0.166815,0.059742
5991.5,0.166193,0.059428
5992.5,0.165583,0.059109
5993.5,0.164983,0.058785
5994.5,0.164395,0.058457
5995.5,0.163820,0.058124
5996.5,0.163258,0.057789
5997.5,0.162711,0.057451
5998.5,0.162178,0.057111
5999.5,0.161660,0.056770
6000.5,0.161159,0.056427
6001.5,0.160675,0.056085
6002.5,0.160209,0.055744
6003.5,0.159761,0.055404
6004.5,0.159332,0.055066
6005.5,0.158924,0.054731
6006.5,0.158535,0.054399
6007.5,0.158169,0.054073
6008.5,0.157824,0.053751
6009.5,0.157502,0.053436
6010.5,0.157203,0.053128
6011.5,0.156928,0.052827
6012.5,0.156678,0.052536
6013.5,0.156453,0.052253
6014.5,0.156254,0.051982
6015.5,0.156082,0.051721
6016.5,0.155936,0.051473
6017.5,0.155818,0.051238
6018.5,0.155728,0.051016
6019.5,0.155666,0.050809
6020.5,0.155634,0.050617
6021.5,0.155630,0.050442
6022.5,0.155657,0.050283
6023.5,0.155713,0.050141
6024.5,0.155800,0.050018
6025.5,0.155918,0.049913
6026.5,0.156066,0.049828
6027.5,0.156246,0.049762
6028.5,0.156457,0.049716
6029.5,0.156699,0.049691
6030.5,0.156973,0.049686
6031.5,0.157278,0.049703
6032.5,0.157615,0.049740
6033.5,0.157984,0.049799
6034.5,0.158385,0.049879
6035.5,0.158816,0.049981
6036.5,0.159280,0.050103
6037.5,0.159774,0.050247
6038.5,0.160299,0.050411
6039.5,0.160855,0.050596
6040.5,0.161442,0.050800
6041.5,0.162059,0.051025
6042.5,0.162705,0.051268
6043.5,0.163381,0.051530
6044.5,0.164085,0.051810
6045.5,0.164819,0.052108
6046.5,0.165580,0.052422
6047.5,0.166368,0.052752
6048.5,0.167183,0.053097
6049.5,0.168025,0.053456
6050.5,0.168892,0.053830
6051.5,0.169783,0.054215
6052.5,0.170699,0.054613
6053.5,0.171639,0.055022
6054.5,0.172601,0.055441
6055.5,0.173584,0.055869
6056.5,0.174589,0.056306
6057.5,0.175614,0.056750
6058.5,0.176659,0.057201
6059.5,0.177722,0.057657
6060.5,0.178802,0.058119
6061.5,0.179899,0.058584
6062.5,0.181011,0.059053
6063.5,0.182139,0.059524
6064.5,0.183280,0.059996
6065.5,0.184434,0.060470
6066.5,0.185599,0.060943
6067.5,0.186775,0.061415
6068.5,0.187961,0.061886
6069.5,0.189156,0.062354
6070.5,0.190358,0.062820
6071.5,0.191567,0.063282
6072.5,0.192782,0.063740
6073.5,0.194001,0.064192
6074.5,0.195224,0.064640
6075.5,0.196450,0.065081
6076.5,0.197677,0.065516
6077.5,0.198904,0.065943
6078.5,0.200132,0.066364
6079.5,0.201358,0.066776
6080.5,0.202581,0.067179
6081.5,0.203801,0.067574
6082.5,0.205017,0.067960
6083.5,0.206228,0.068336
6084.5,0.207432,0.068702
6085.5,0.208630,0.069058
6086.5,0.209819,0.069404
6087.5,0.211000,0.069739
6088.5,0.212172,0.070063
6089.5,0.213333,0.070376
6090.5,0.214482,0.070678
6091.5,0.215620,0.070969
6092.5,0.216745,0.071248
6093.5,0.217857,0.071516
6094.5,0.218955,0.071773
6095.5,0.220038,0.072018
6096.5,0.221105,0.072252
6097.5,0.222157,0.072474
6098.5,0.223192,0.072685
6099.5,0.224210,0.072885
6100.5,0.225210,0.073073
6101.5,0.226193,0.073251
6102.5,0.227156,0.073417
6103.5,0.228101,0.073574
6104.5,0.229027,0.073719
6105.5,0.229933,0.073854
6106.5,0.230818,0.073980
6107.5,0.231684,0.074095
6108.5,0.232528,0.074201
6109.5,0.233352,0.074298
6110.5,0.234155,0.074386
6111.5,0.234937,0.074465
6112.5,0.235697,0.074536
6113.5,0.236435,0.074599
6114.5,0.237152,0.074654
6115.5,0.237847,0.074702
6116.5,0.238521,0.074743
6117.5,0.239173,0.074777
6118.5,0.239803,0.074806
6119.5,0.240411,0.074828
6120.5,0.240998,0.074845
6121.5,0.241563,0.074858
6122.5,0.242106,0.074865
6123.5,0.242628,0.074868
6124.5,0.243130,0.074867
6125.5,0.243610,0.074863
6126.5,0.244069,0.074855
6127.5,0.244508,0.074844
6128.5,0.244927,0.074831
6129.5,0.245325,0.074816
6130.5,0.245704,0.074799
6131.5,0.246063,0.074780
6132.5,0.246403,0.074760
6133.5,0.246724,0.074739
6134.5,0.247027,0.074717
6135.5,0.247312,0.074695
6136.5,0.247578,0.074672
6137.5,0.247828,0.074649
6138.5,0.248060,0.074627
6139.5,0.248276,0.074605
6140.5,0.248476,0.074583
6141.5,0.248659,0.074561
6142.5,0.248828,0.074541
6143.5,0.248982,0.074521
6144.5,0.249121,0.074502
6145.5,0.249246,0.074484
6146.5,0.249358,0.074467
6147.5,0.249457,0.074451
6148.5,0.249543,0.074436
6149.5,0.249618,0.074422
6150.5,0.249680,0.074409
6151.5,0.249732,0.074397
6152.5,0.249773,0.074385
6153.5,0.249805,0.074375
6154.5,0.249826,0.074364
6155.5,0.249839,0.074355
6156.5,0.249843,0.074345
6157.5,0.249839,0.074336
6158.5,0.249828,0.074327
6159.5,0.249810,0.074318
6160.5,0.249785,0.074309
6161.5,0.249754,0.074299
6162.5,0.249719,0.074289
6163.5,0.249678,0.074278
6164.5,0.249633,0.074266
6165.5,0.249584,0.074252
6166.5,0.249532,0.074238
6167.5,0.249478,0.074222
6168.5,0.249421,0.074205
6169.5,0.249362,0.074186
6170.5,0.249303,0.074165
6171.5,0.249242,0.074142
6172.5,0.249182,0.074116
6173.5,0.249122,0.074089
6174.5,0.249064,0.074058
6175.5,0.249006,0.074026
6176.5,0.248951,0.073990
6177.5,0.248899,0.073952
6178.5,0.248850,0.073911
6179.5,0.248804,0.073867
6180.5,0.248762,0.073820
6181.5,0.248726,0.073771
6182.5,0.248694,0.073718
6183.5,0.248668,0.073662
6184.5,0.248649,0.073604
6185.5,0.248636,0.073542
6186.5,0.248631,0.073478
6187.5,0.248634,0.073411
6188.5,0.248645,0.073341
6189.5,0.248664,0.073269
6190.5,0.248694,0.073194
6191.5,0.248733,0.073117
6192.5,0.248783,0.073038
6193.5,0.248843,0.072958
6194.5,0.248915,0.072875
6195.5,0.248999,0.072791
6196.5,0.249095,0.072705
6197.5,0.249205,0.072619
6198.5,0.249327,0.072531
6199.5,0.249464,0.072444
6200.5,0.249615,0.072355
6201.5,0.249781,0.072267
6202.5,0.249962,0.072179
6203.5,0.250159,0.072092
6204.5,0.250371,0.072006
6205.5,0.250601,0.071921
6206.5,0.250848,0.071837
6207.5,0.251112,0.071755
6208.5,0.251394,0.071676
6209.5,0.251694,0.071599
6210.5,0.252013,0.071525
6211.5,0.252351,0.071454
6212.5,0.252709,0.071386
6213.5,0.253086,0.071322
6214.5,0.253484,0.071263
6215.5,0.253902,0.071208
6216.5,0.254341,0.071158
6217.5,0.254801,0.071112
6218.5,0.255283,0.071072
6219.5,0.255786,0.071038
6220.5,0.256312,0.071010
6221.5,0.256859,0.070988
6222.5,0.257429,0.070972
6223.5,0.258022,0.070962
6224.5,0.258638,0.070960
6225.5,0.259277,0.070965
6226.5,0.259939,0.070977
6227.5,0.260625,0.070996
6228.5,0.261334,0.071023
6229.5,0.262067,0.071057
6230.5,0.262824,0.071099
6231.5,0.263604,0.071150
6232.5,0.264409,0.071208
6233.5,0.265237,0.071274
6234.5,0.266090,0.071348
6235.5,0.266966,0.071431
6236.5,0.267866,0.071521
6237.5,0.268790,0.071620
6238.5,0.269738,0.071727
6239.5,0.270710,0.071842
6240.5,0.271705,0.071965
6241.5,0.272723,0.072096
6242.5,0.273765,0.072236
6243.5,0.274830,0.072383
6244.5,0.275917,0.072537
6245.5,0.277027,0.072700
6246.5,0.278160,0.072870
6247.5,0.279315,0.073047
6248.5,0.280491,0.073232
6249.5,0.281688,0.073424
6250.5,0.282907,0.073622
6251.5,0.284147,0.073828
6252.5,0.285406,0.074040
6253.5,0.286686,0.074259
6254.5,0.287985,0.074484
6255.5,0.289302,0.074715
6256.5,0.290639,0.074952
6257.5,0.291993,0.075194
6258.5,0.293364,0.075442
6259.5,0.294753,0.075696
6260.5,0.296157,0.075954
6261.5,0.297577,0.076218
6262.5,0.299013,0.076486
6263.5,0.300463,0.076758
6264.5,0.301926,0.077035
6265.5,0.303403,0.077316
6266.5,0.304892,0.077601
6267.5,0.306393,0.077889
6268.5,0.307905,0.078181
6269.5,0.309427,0.078476
6270.5,0.310959,0.078775
6271.5,0.312499,0.079075
6272.5,0.314048,0.079379
6273.5,0.315604,0.079685
6274.5,0.317166,0.079993
6275.5,0.318734,0.080303
6276.5,0.320307,0.080614
6277.5,0.321883,0.080927
6278.5,0.323463,0.081242
6279.5,0.325045,0.081557
6280.5,0.326629,0.081874
6281.5,0.328214,0.082191
6282.5,0.329798,0.082508
6283.5,0.331381,0.082825
6284.5,0.332963,0.083143
6285.5,0.334542,0.083460
6286.5,0.336117,0.083777
6287.5,0.337688,0.084093
6288.5,0.339253,0.084407
6289.5,0.340813,0.084721
6290.5,0.342365,0.085033
6291.5,0.343910,0.085344
6292.5,0.345447,0.085652
6293.5,0.346974,0.085959
6294.5,0.348491,0.086262
6295.5,0.349997,0.086564
6296.5,0.351491,0.086862
6297.5,0.352973,0.087157
6298.5,0.354441,0.087448
6299.5,0.355896,0.087736
6300.5,0.357336,0.088020
6301.5,0.358760,0.088300
6302.5,0.360169,0.088576
6303.5,0.361561,0.088846
6304.5,0.362935,0.089112
6305.5,0.364292,0.089372
6306.5,0.365630,0.089628
6307.5,0.366948,0.089877
6308.5,0.368247,0.090121
6309.5,0.369526,0.090358
6310.5,0.370784,0.090589
6311.5,0.372020,0.090814
6312.5,0.373235,0.091031
6313.5,0.374427,0.091242
6314.5,0.375597,0.091446
6315.5,0.376744,0.091642
6316.5,0.377868,0.091830
6317.5,0.378968,0.092011
6318.5,0.380044,0.092184
6319.5,0.381096,0.092349
6320.5,0.382123,0.092506
6321.5,0.383126,0.092654
6322.5,0.384103,0.092794
6323.5,0.385056,0.092926
6324.5,0.385984,0.093049
6325.5,0.386886,0.093163
6326.5,0.387763,0.093268
6327.5,0.388614,0.093365
6328.5,0.389440,0.093452
6329.5,0.390241,0.093531
6330.5,0.391017,0.093601
6331.5,0.391767,0.093662
6332.5,0.392492,0.093715
6333.5,0.393192,0.093758
6334.5,0.393867,0.093793
6335.5,0.394517,0.093819
6336.5,0.395143,0.093837
6337.5,0.395745,0.093846
6338.5,0.396323,0.093848
6339.5,0.396876,0.093841
6340.5,0.397407,0.093826
6341.5,0.397914,0.093803
6342.5,0.398399,0.093773
6343.5,0.398861,0.093736
6344.5,0.399301,0.093692
6345.5,0.399720,0.093641
6346.5,0.400117,0.093583
6347.5,0.400493,0.093520
6348.5,0.400849,0.093450
6349.5,0.401185,0.093375
6350.5,0.401502,0.093295
6351.5,0.401800,0.093210
6352.5,0.402079,0.093121
6353.5,0.402340,0.093027
6354.5,0.402583,0.092930
6355.5,0.402810,0.092829
6356.5,0.403020,0.092726
6357.5,0.403214,0.092620
6358.5,0.403393,0.092512
6359.5,0.403557,0.092403
6360.5,0.403706,0.092293
6361.5,0.403841,0.092181
6362.5,0.403963,0.092070
6363.5,0.404072,0.091959
6364.5,0.404168,0.091848
6365.5,0.404253,0.091739
6366.5,0.404325,0.091631
6367.5,0.404387,0.091525
6368.5,0.404439,0.091421
6369.5,0.404480,0.091321
6370.5,0.404511,0.091224
6371.5,0.404533,0.091130
6372.5,0.404546,0.091041
6373.5,0.404551,0.090956
6374.5,0.404547,0.090876
6375.5,0.404536,0.090801
6376.5,0.404517,0.090732
6377.5,0.404491,0.090668
6378.5,0.404458,0.090611
6379.5,0.404418,0.090561
6380.5,0.404372,0.090517
6381.5,0.404319,0.090480
6382.5,0.404261,0.090451
6383.5,0.404197,0.090429
6384.5,0.404127,0.090414
6385.5,0.404051,0.090408
6386.5,0.403970,0.090409
6387.5,0.403884,0.090418
6388.5,0.403792,0.090436
6389.5,0.403694,0.090461
6390.5,0.403591,0.090495
6391.5,0.403483,0.090536
6392.5,0.403369,0.090586
6393.5,0.403250,0.090644
6394.5,0.403125,0.090710
6395.5,0.402994,0.090783
6396.5,0.402857,0.090865
6397.5,0.402713,0.090953
6398.5,0.402564,0.091049
6399.5,0.402407,0.091152
6400.5,0.402244,0.091262
6401.5,0.402073,0.091379
6402.5,0.401895,0.091502
6403.5,0.401709,0.091631
6404.5,0.401514,0.091765
6405.5,0.401311,0.091905
6406.5,0.401099,0.092050
6407.5,0.400878,0.092200
6408.5,0.400647,0.092354
6409.5,0.400405,0.092512
6410.5,0.400153,0.092673
6411.5,0.399890,0.092837
6412.5,0.399615,0.093005
6413.5,0.399328,0.093174
6414.5,0.399028,0.093345
6415.5,0.398714,0.093518
6416.5,0.398388,0.093692
6417.5,0.398047,0.093866
6418.5,0.397691,0.094041
6419.5,0.397320,0.094215
6420.5,0.396933,0.094389
6421.5,0.396529,0.094561
6422.5,0.396109,0.094732
6423.5,0.395671,0.094902
6424.5,0.395215,0.095069
6425.5,0.394741,0.095233
6426.5,0.394247,0.095394
6427.5,0.393734,0.095552
6428.5,0.393200,0.095706
6429.5,0.392646,0.095856
6430.5,0.392071,0.096001
6431.5,0.391474,0.096142
6432.5,0.390854,0.096277
6433.5,0.390212,0.096408
6434.5,0.389547,0.096532
6435.5,0.388858,0.096651
6436.5,0.388145,0.096764
6437.5,0.387408,0.096870
6438.5,0.386646,0.096970
6439.5,0.385858,0.097063
6440.5,0.385044,0.097149
6441.5,0.384205,0.097228
6442.5,0.383339,0.097299
6443.5,0.382447,0.097363
6444.5,0.381527,0.097419
6445.5,0.380580,0.097468
6446.5,0.379606,0.097509
6447.5,0.378604,0.097542
6448.5,0.377574,0.097566
6449.5,0.376516,0.097583
6450.5,0.375429,0.097592
6451.5,0.374314,0.097592
6452.5,0.373170,0.097584
6453.5,0.371997,0.097568
6454.5,0.370796,0.097544
6455.5,0.369566,0.097511
6456.5,0.368307,0.097470
6457.5,0.367019,0.097421
6458.5,0.365703,0.097364
6459.5,0.364357,0.097298
6460.5,0.362983,0.097224
6461.5,0.361580,0.097142
6462.5,0.360149,0.097051
6463.5,0.358690,0.096953
6464.5,0.357202,0.096846
6465.5,0.355686,0.096731
6466.5,0.354143,0.096608
6467.5,0.352572,0.096478
6468.5,0.350974,0.096339
6469.5,0.349349,0.096192
6470.5,0.347697,0.096038
6471.5,0.346019,0.095875
6472.5,0.344314,0.095705
6473.5,0.342585,0.095527
6474.5,0.340830,0.095342
6475.5,0.339050,0.095148
6476.5,0.337246,0.094947
6477.5,0.335418,0.094738
6478.5,0.333566,0.094522
6479.5,0.331692,0.094298
6480.5,0.329795,0.094067
6481.5,0.327876,0.093827
6482.5,0.325936,0.093581
6483.5,0.323974,0.093327
6484.5,0.321993,0.093065
6485.5,0.319992,0.092795
6486.5,0.317971,0.092519
6487.5,0.315932,0.092234
6488.5,0.313875,0.091942
6489.5,0.311801,0.091643
6490.5,0.309711,0.091335
6491.5,0.307604,0.091021
6492.5,0.305482,0.090698
6493.5,0.303346,0.090368
6494.5,0.301196,0.090031
6495.5,0.299032,0.089685
6496.5,0.296856,0.089332
6497.5,0.294668,0.088972
6498.5,0.292469,0.088604
6499.5,0.290260,0.088228
6500.5,0.288041,0.087844
6501.5,0.285814,0.087453
6502.5,0.283578,0.087054
6503.5,0.281335,0.086648
6504.5,0.279086,0.086234
6505.5,0.276831,0.085812
6506.5,0.274571,0.085383
6507.5,0.272306,0.084947
6508.5,0.270039,0.084503
6509.5,0.267769,0.084051
6510.5,0.265496,0.083592
6511.5,0.263223,0.083126
6512.5,0.260950,0.082653
6513.5,0.258677,0.082172
6514.5,0.256406,0.081685
6515.5,0.254136,0.081191
6516.5,0.251870,0.080690
6517.5,0.249608,0.080182
6518.5,0.247350,0.079668
6519.5,0.245098,0.079148
6520.5,0.242852,0.078621
6521.5,0.240613,0.078089
6522.5,0.238382,0.077550
6523.5,0.236159,0.077006
6524.5,0.233946,0.076457
6525.5,0.231744,0.075903
6526.5,0.229552,0.075343
6527.5,0.227372,0.074779
6528.5,0.225206,0.074211
6529.5,0.223052,0.073638
6530.5,0.220913,0.073062
6531.5,0.218789,0.072482
6532.5,0.216681,0.071899
6533.5,0.214589,0.071313
6534.5,0.212515,0.070724
6535.5,0.210460,0.070133
6536.5,0.208423,0.069541
6537.5,0.206406,0.068946
6538.5,0.204410,0.068351
6539.5,0.202434,0.067754
6540.5,0.200481,0.067158
6541.5,0.198551,0.066561
6542.5,0.196644,0.065964
6543.5,0.194761,0.065369
6544.5,0.192903,0.064775
6545.5,0.191071,0.064182
6546.5,0.189265,0.063591
6547.5,0.187487,0.063003
6548.5,0.185736,0.062418
6549.5,0.184013,0.061836
6550.5,0.182319,0.061259
6551.5,0.180655,0.060685
6552.5,0.179021,0.060116
6553.5,0.177419,0.059553
6554.5,0.175848,0.058995
6555.5,0.174309,0.058444
6556.5,0.172802,0.057899
6557.5,0.171329,0.057362
6558.5,0.169890,0.056832
6559.5,0.168485,0.056310
6560.5,0.167115,0.055797
6561.5,0.165780,0.055292
6562.5,0.164482,0.054798
6563.5,0.163220,0.054313
6564.5,0.161994,0.053839
6565.5,0.160806,0.053376
6566.5,0.159655,0.052925
6567.5,0.158543,0.052485
6568.5,0.157469,0.052058
6569.5,0.156434,0.051643
6570.5,0.155438,0.051242
6571.5,0.154482,0.050854
6572.5,0.153565,0.050481
6573.5,0.152688,0.050122
6574.5,0.151852,0.049778
6575.5,0.151057,0.049449
6576.5,0.150302,0.049135
6577.5,0.149588,0.048838
6578.5,0.148915,0.048557
6579.5,0.148284,0.048292
6580.5,0.147694,0.048045
6581.5,0.147145,0.047814
6582.5,0.146638,0.047601
6583.5,0.146173,0.047406
6584.5,0.145750,0.047229
6585.5,0.145368,0.047069
6586.5,0.145027,0.046928
6587.5,0.144728,0.046805
6588.5,0.144471,0.046701
6589.5,0.144255,0.046615
6590.5,0.144081,0.046547
6591.5,0.143947,0.046498
6592.5,0.143854,0.046468
6593.5,0.143802,0.046456
6594.5,0.143791,0.046463
6595.5,0.143820,0.046488
6596.5,0.143889,0.046531
6597.5,0.143997,0.046592
6598.5,0.144145,0.046671
6599.5,0.144331,0.046768
6600.5,0.144556,0.046882
6601.5,0.144820,0.047013
6602.5,0.145121,0.047161
6603.5,0.145459,0.047326
6604.5,0.145834,0.047506
6605.5,0.146245,0.047703
6606.5,0.146692,0.047915
6607.5,0.147174,0.048142
6608.5,0.147691,0.048384
6609.5,0.148241,0.048640
6610.5,0.148825,0.048910
6611.5,0.149442,0.049194
6612.5,0.150090,0.049490
6613.5,0.150770,0.049798
6614.5,0.151481,0.050119
6615.5,0.152222,0.050451
6616.5,0.152992,0.050794
6617.5,0.153790,0.051147
6618.5,0.154615,0.051510
6619.5,0.155468,0.051882
6620.5,0.156347,0.052263
6621.5,0.157250,0.052653
6622.5,0.158178,0.053050
6623.5,0.159130,0.053455
6624.5,0.160104,0.053866
6625.5,0.161099,0.054283
6626.5,0.162116,0.054706
6627.5,0.163152,0.055134
6628.5,0.164207,0.055567
6629.5,0.165281,0.056004
6630.5,0.166371,0.056444
6631.5,0.167478,0.056887
6632.5,0.168600,0.057333
6633.5,0.169736,0.057781
6634.5,0.170885,0.058231
6635.5,0.172047,0.058681
6636.5,0.173220,0.059132
6637.5,0.174403,0.059583
6638.5,0.175596,0.060034
6639.5,0.176798,0.060484
6640.5,0.178007,0.060932
6641.5,0.179222,0.061379
6642.5,0.180443,0.061824
6643.5,0.181669,0.062266
6644.5,0.182898,0.062705
6645.5,0.184130,0.063140
6646.5,0.185364,0.063571
6647.5,0.186598,0.063999
6648.5,0.187833,0.064421
6649.5,0.189067,0.064839
6650.5,0.190299,0.065251
6651.5,0.191528,0.065658
6652.5,0.192754,0.066058
6653.5,0.193975,0.066452
6654.5,0.195191,0.066840
6655.5,0.196401,0.067220
6656.5,0.197604,0.067593
6657.5,0.198799,0.067959
6658.5,0.199986,0.068317
6659.5,0.201163,0.068666
6660.5,0.202331,0.069008
6661.5,0.203488,0.069341
6662.5,0.204633,0.069665
6663.5,0.205767,0.069980
6664.5,0.206888,0.070286
6665.5,0.207995,0.070583
6666.5,0.209089,0.070870
6667.5,0.210168,0.071148
6668.5,0.211232,0.071416
6669.5,0.212281,0.071674
6670.5,0.213313,0.071922
6671.5,0.214329,0.072161
6672.5,0.215328,0.072389
6673.5,0.216310,0.072608
6674.5,0.217274,0.072816
6675.5,0.218220,0.073014
6676.5,0.219147,0.073202
6677.5,0.220056,0.073380
6678.5,0.220945,0.073548
6679.5,0.221815,0.073705
6680.5,0.222666,0.073853
6681.5,0.223496,0.073991
6682.5,0.224307,0.074120
6683.5,0.225098,0.074238
6684.5,0.225869,0.074347
6685.5,0.226619,0.074447
6686.5,0.227349,0.074538
6687.5,0.228059,0.074619
6688.5,0.228748,0.074692
6689.5,0.229417,0.074756
6690.5,0.230065,0.074812
6691.5,0.230694,0.074860
6692.5,0.231302,0.074899
6693.5,0.231891,0.074932
6694.5,0.232459,0.074956
6695.5,0.233008,0.074974
6696.5,0.233538,0.074985
6697.5,0.234048,0.074990
6698.5,0.234539,0.074988
6699.5,0.235012,0.074981
6700.5,0.235466,0.074968
6701.5,0.235902,0.074950
6702.5,0.236321,0.074928
6703.5,0.236722,0.074901
6704.5,0.237106,0.074870
6705.5,0.237473,0.074836
6706.5,0.237824,0.074799
6707.5,0.238160,0.074759
6708.5,0.238480,0.074716
6709.5,0.238785,0.074672
6710.5,0.239076,0.074626
6711.5,0.239353,0.074579
6712.5,0.239617,0.074531
6713.5,0.239867,0.074483
6714.5,0.240106,0.074436
6715.5,0.240332,0.074388
6716.5,0.240548,0.074342
6717.5,0.240752,0.074297
6718.5,0.240947,0.074253
6719.5,0.241132,0.074212
6720.5,0.241308,0.074172
6721.5,0.241476,0.074136
6722.5,0.241636,0.074103
6723.5,0.241789,0.074073
6724.5,0.241935,0.074047
6725.5,0.242076,0.074024
6726.5,0.242211,0.074007
6727.5,0.242341,0.073993
6728.5,0.242468,0.073985
6729.5,0.242590,0.073981
6730.5,0.242710,0.073983
6731.5,0.242828,0.073990
6732.5,0.242944,0.074002
6733.5,0.243059,0.074021
6734.5,0.243174,0.074045
6735.5,0.243289,0.074075
6736.5,0.243404,0.074110
6737.5,0.243521,0.074152
6738.5,0.243640,0.074200
6739.5,0.243762,0.074255
6740.5,0.243887,0.074315
6741.5,0.244015,0.074381
6742.5,0.244148,0.074453
6743.5,0.244285,0.074531
6744.5,0.244428,0.074614
6745.5,0.244577,0.074704
6746.5,0.244732,0.074798
6747.5,0.244894,0.074899
6748.5,0.245063,0.075004
6749.5,0.245240,0.075114
6750.5,0.245426,0.075229
6751.5,0.245621,0.075349
6752.5,0.245825,0.075472
6753.5,0.246039,0.075600
6754.5,0.246263,0.075732
6755.5,0.246497,0.075867
6756.5,0.246743,0.076005
6757.5,0.247000,0.076146
6758.5,0.247269,0.076290
6759.5,0.247550,0.076437
6760.5,0.247844,0.076585
6761.5,0.248151,0.076735
6762.5,0.248471,0.076887
6763.5,0.248805,0.077039
6764.5,0.249152,0.077193
6765.5,0.249514,0.077347
6766.5,0.249890,0.077501
6767.5,0.250280,0.077656
6768.5,0.250686,0.077810
6769.5,0.251107,0.077963
6770.5,0.251543,0.078116
6771.5,0.251995,0.078267
6772.5,0.252462,0.078418
6773.5,0.252946,0.078566
6774.5,0.253445,0.078713
6775.5,0.253961,0.078858
6776.5,0.254493,0.079000
6777.5,0.255042,0.079140
6778.5,0.255607,0.079278
6779.5,0.256188,0.079413
6780.5,0.256787,0.079545
6781.5,0.257402,0.079674
6782.5,0.258033,0.079800
6783.5,0.258682,0.079923
6784.5,0.259347,0.080042
6785.5,0.260029,0.080159
6786.5,0.260728,0.080271
6787.5,0.261443,0.080381
6788.5,0.262175,0.080487
6789.5,0.262923,0.080589
6790.5,0.263687,0.080689
6791.5,0.264468,0.080784
6792.5,0.265265,0.080877
6793.5,0.266078,0.080966
6794.5,0.266907,0.081052
6795.5,0.267752,0.081135
6796.5,0.268612,0.081215
6797.5,0.269487,0.081293
6798.5,0.270377,0.081367
6799.5,0.271282,0.081439
6800.5,0.272201,0.081508
6801.5,0.273135,0.081576
6802.5,0.274082,0.081641
6803.5,0.275043,0.081704
6804.5,0.276018,0.081766
6805.5,0.277006,0.081825
6806.5,0.278006,0.081884
6807.5,0.279018,0.081942
6808.5,0.280042,0.081998
6809.5,0.281078,0.082054
6810.5,0.282125,0.082109
6811.5,0.283182,0.082164
6812.5,0.284250,0.082219
6813.5,0.285328,0.082275
6814.5,0.286414,0.082330
6815.5,0.287510,0.082386
6816.5,0.288614,0.082443
6817.5,0.289726,0.082501
6818.5,0.290845,0.082560
6819.5,0.291970,0.082620
6820.5,0.293102,0.082682
6821.5,0.294240,0.082745
6822.5,0.295383,0.082810
6823.5,0.296530,0.082878
6824.5,0.297681,0.082947
6825.5,0.298836,0.083019
6826.5,0.299993,0.083093
6827.5,0.301153,0.083169
6828.5,0.302314,0.083248
6829.5,0.303475,0.083330
6830.5,0.304637,0.083414
6831.5,0.305799,0.083501
6832.5,0.306959,0.083591
6833.5,0.308118,0.083684
6834.5,0.309274,0.083779
6835.5,0.310427,0.083877
6836.5,0.311576,0.083978
6837.5,0.312721,0.084081
6838.5,0.313861,0.084187
6839.5,0.314994,0.084296
6840.5,0.316121,0.084407
6841.5,0.317241,0.084520
6842.5,0.318353,0.084635
6843.5,0.319457,0.084753
6844.5,0.320551,0.084872
6845.5,0.321635,0.084994
6846.5,0.322708,0.085116
6847.5,0.323770,0.085240
6848.5,0.324820,0.085366
6849.5,0.325857,0.085492
6850.5,0.326881,0.085619
6851.5,0.327890,0.085746
6852.5,0.328885,0.085874
6853.5,0.329864,0.086002
6854.5,0.330827,0.086129
6855.5,0.331774,0.086257
6856.5,0.332703,0.086383
6857.5,0.333614,0.086509
6858.5,0.334507,0.086633
6859.5,0.335380,0.086756
6860.5,0.336234,0.086877
6861.5,0.337068,0.086996
6862.5,0.337880,0.087112
6863.5,0.338671,0.087227
6864.5,0.339440,0.087338
6865.5,0.340187,0.087446
6866.5,0.340911,0.087551
6867.5,0.341611,0.087652
6868.5,0.342287,0.087750
6869.5,0.342939,0.087843
6870.5,0.343567,0.087932
6871.5,0.344169,0.088016
6872.5,0.344745,0.088096
6873.5,0.345296,0.088170
6874.5,0.345820,0.088240
6875.5,0.346318,0.088304
6876.5,0.346789,0.088362
6877.5,0.347232,0.088415
6878.5,0.347648,0.088462
6879.5,0.348037,0.088502
6880.5,0.348397,0.088537
6881.5,0.348730,0.088565
6882.5,0.349034,0.088587
6883.5,0.349310,0.088602
6884.5,0.349557,0.088610
6885.5,0.349776,0.088611
6886.5,0.349965,0.088606
6887.5,0.350127,0.088594
6888.5,0.350259,0.088575
6889.5,0.350362,0.088549
6890.5,0.350437,0.088515
6891.5,0.350483,0.088475
6892.5,0.350500,0.088428
6893.5,0.350488,0.088374
6894.5,0.350448,0.088312
6895.5,0.350379,0.088244
6896.5,0.350283,0.088169
6897.5,0.350158,0.088087
6898.5,0.350005,0.087999
6899.5,0.349825,0.087903
6900.5,0.349617,0.087801
6901.5,0.349382,0.087693
6902.5,0.349120,0.087578
6903.5,0.348832,0.087457
6904.5,0.348517,0.087330
6905.5,0.348176,0.087197
6906.5,0.347810,0.087058
6907.5,0.347418,0.086913
6908.5,0.347001,0.086763
6909.5,0.346560,0.086607
6910.5,0.346095,0.086447
6911.5,0.345606,0.086281
6912.5,0.345094,0.086111
6913.5,0.344559,0.085936
6914.5,0.344002,0.085757
6915.5,0.343423,0.085574
6916.5,0.342822,0.085386
6917.5,0.342201,0.085195
6918.5,0.341559,0.085001
6919.5,0.340898,0.084803
6920.5,0.340217,0.084602
6921.5,0.339518,0.084399
6922.5,0.338800,0.084192
6923.5,0.338064,0.083984
6924.5,0.337311,0.083773
6925.5,0.336542,0.083561
6926.5,0.335757,0.083346
6927.5,0.334956,0.083131
6928.5,0.334140,0.082914
6929.5,0.333309,0.082696
6930.5,0.332465,0.082477
6931.5,0.331608,0.082258
6932.5,0.330738,0.082038
6933.5,0.329855,0.081818
6934.5,0.328961,0.081598
6935.5,0.328056,0.081379
6936.5,0.327140,0.081160
6937.5,0.326214,0.080942
6938.5,0.325279,0.080724
6939.5,0.324335,0.080508
6940.5,0.323382,0.080293
6941.5,0.322421,0.080079
6942.5,0.321453,0.079867
6943.5,0.320478,0.079656
6944.5,0.319496,0.079448
6945.5,0.318509,0.079241
6946.5,0.317515,0.079037
6947.5,0.316517,0.078835
6948.5,0.315514,0.078635
6949.5,0.314507,0.078438
6950.5,0.313496,0.078243
6951.5,0.312482,0.078051
6952.5,0.311465,0.077862
6953.5,0.310445,0.077676
6954.5,0.309423,0.077493
6955.5,0.308399,0.077313
6956.5,0.307374,0.077137
6957.5,0.306347,0.076963
6958.5,0.305320,0.076792
6959.5,0.304292,0.076625
6960.5,0.303264,0.076461
6961.5,0.302235,0.076301
6962.5,0.301207,0.076143
6963.5,0.300180,0.075989
6964.5,0.299154,0.075839
6965.5,0.298128,0.075691
6966.5,0.297104,0.075547
6967.5,0.296082,0.075406
6968.5,0.295061,0.075269
6969.5,0.294042,0.075134
6970.5,0.293025,0.075003
6971.5,0.292010,0.074875
6972.5,0.290998,0.074749
6973.5,0.289988,0.074627
6974.5,0.288981,0.074508
6975.5,0.287976,0.074391
6976.5,0.286974,0.074277
6977.5,0.285975,0.074165
6978.5,0.284980,0.074057
6979.5,0.283987,0.073950
6980.5,0.282997,0.073846
6981.5,0.282011,0.073743
6982.5,0.281028,0.073643
6983.5,0.280048,0.073545
6984.5,0.279072,0.073448
6985.5,0.278099,0.073353
6986.5,0.277130,0.073260
6987.5,0.276164,0.073168
6988.5,0.275202,0.073077
6989.5,0.274243,0.072987
6990.5,0.273287,0.072898
6991.5,0.272336,0.072810
6992.5,0.271387,0.072723
6993.5,0.270443,0.072636
6994.5,0.269501,0.072549
6995.5,0.268564,0.072462
6996.5,0.267630,0.072376
6997.5,0.266699,0.072289
6998.5,0.265772,0.072202
6999.5,0.264849,0.072114
7000.5,0.263930,0.072026
7001.5,0.263013,0.071937
7002.5,0.262101,0.071847
7003.5,0.261192,0.071757
7004.5,0.260287,0.071665
7005.5,0.259385,0.071571
7006.5,0.258488,0.071477
7007.5,0.257594,0.071380
7008.5,0.256704,0.071282
7009.5,0.255817,0.071183
7010.5,0.254935,0.071081
7011.5,0.254056,0.070977
7012.5,0.253181,0.070872
7013.5,0.252311,0.070764
7014.5,0.251444,0.070653
7015.5,0.250582,0.070541
7016.5,0.249725,0.070425
7017.5,0.248871,0.070308
7018.5,0.248022,0.070187
7019.5,0.247178,0.070065
7020.5,0.246339,0.069939
7021.5,0.245505,0.069811
7022.5,0.244675,0.069680
7023.5,0.243851,0.069546
7024.5,0.243033,0.069409
7025.5,0.242219,0.069270
7026.5,0.241412,0.069128
7027.5,0.240611,0.068983
7028.5,0.239815,0.068835
7029.5,0.239027,0.068685
7030.5,0.238244,0.068532
7031.5,0.237469,0.068376
7032.5,0.236700,0.068218
7033.5,0.235939,0.068057
7034.5,0.235185,0.067894
7035.5,0.234440,0.067728
7036.5,0.233702,0.067560
7037.5,0.232972,0.067391
7038.5,0.232251,0.067219
7039.5,0.231539,0.067045
7040.5,0.230837,0.066869
7041.5,0.230144,0.066692
7042.5,0.229460,0.066514
7043.5,0.228787,0.066334
7044.5,0.228124,0.066153
7045.5,0.227472,0.065971
7046.5,0.226831,0.065788
7047.5,0.226201,0.065605
7048.5,0.225584,0.065421
7049.5,0.224978,0.065237
7050.5,0.224385,0.065053
7051.5,0.223804,0.064870
7052.5,0.223237,0.064687
7053.5,0.222683,0.064505
7054.5,0.222143,0.064324
7055.5,0.221617,0.064144
7056.5,0.221106,0.063965
7057.5,0.220610,0.063788
7058.5,0.220128,0.063614
7059.5,0.219662,0.063441
7060.5,0.219213,0.063272
7061.5,0.218779,0.063105
7062.5,0.218362,0.062941
7063.5,0.217962,0.062780
7064.5,0.217578,0.062624
7065.5,0.217213,0.062471
7066.5,0.216865,0.062322
7067.5,0.216535,0.062178
7068.5,0.216224,0.062039
7069.5,0.215931,0.061905
7070.5,0.215658,0.061776
7071.5,0.215404,0.061653
7072.5,0.215169,0.061536
7073.5,0.214953,0.061424
7074.5,0.214758,0.061319
7075.5,0.214583,0.061221
7076.5,0.214428,0.061130
7077.5,0.214295,0.061046
7078.5,0.214181,0.060968
7079.5,0.214090,0.060899
7080.5,0.214019,0.060837
7081.5,0.213969,0.060783
7082.5,0.213941,0.060737
7083.5,0.213935,0.060699
7084.5,0.213950,0.060669
7085.5,0.213987,0.060648
7086.5,0.214046,0.060636
7087.5,0.214128,0.060632
7088.5,0.214231,0.060636
7089.5,0.214356,0.060650
7090.5,0.214504,0.060672
7091.5,0.214673,0.060703
7092.5,0.214865,0.060743
7093.5,0.215079,0.060791
7094.5,0.215315,0.060849
7095.5,0.215574,0.060915
7096.5,0.215854,0.060990
7097.5,0.216156,0.061073
7098.5,0.216480,0.061165
7099.5,0.216826,0.061265
7100.5,0.217193,0.061373
7101.5,0.217582,0.061489
7102.5,0.217993,0.061613
7103.5,0.218424,0.061745
7104.5,0.218877,0.061884
7105.5,0.219350,0.062031
7106.5,0.219844,0.062185
7107.5,0.220358,0.062345
7108.5,0.220892,0.062512
7109.5,0.221446,0.062686
7110.5,0.222020,0.062865
7111.5,0.222613,0.063050
7112.5,0.223226,0.063241
7113.5,0.223857,0.063437
7114.5,0.224506,0.063637
7115.5,0.225173,0.063843
7116.5,0.225858,0.064052
7117.5,0.226561,0.064266
7118.5,0.227281,0.064483
7119.5,0.228017,0.064704
7120.5,0.228769,0.064927
7121.5,0.229538,0.065154
7122.5,0.230322,0.065383
7123.5,0.231121,0.065614
7124.5,0.231934,0.065846
7125.5,0.232762,0.066081
7126.5,0.233604,0.066316
7127.5,0.234459,0.066552
7128.5,0.235326,0.066789
7129.5,0.236207,0.067027
7130.5,0.237099,0.067264
7131.5,0.238003,0.067502
7132.5,0.238917,0.067739
7133.5,0.239842,0.067975
7134.5,0.240778,0.068211
7135.5,0.241722,0.068445
7136.5,0.242676,0.068678
7137.5,0.243638,0.068910
7138.5,0.244609,0.069140
7139.5,0.245587,0.069368
7140.5,0.246571,0.069593
7141.5,0.247563,0.069817
7142.5,0.248560,0.070039
7143.5,0.249563,0.070257
7144.5,0.250571,0.070474
7145.5,0.251583,0.070687
7146.5,0.252599,0.070898
7147.5,0.253618,0.071106
7148.5,0.254640,0.071311
7149.5,0.255664,0.071513
7150.5,0.256691,0.071712
7151.5,0.257718,0.071908
7152.5,0.258746,0.072101
7153.5,0.259774,0.072291
7154.5,0.260802,0.072477
7155.5,0.261829,0.072661
7156.5,0.262855,0.072841
7157.5,0.263878,0.073018
7158.5,0.264899,0.073193
7159.5,0.265918,0.073364
7160.5,0.266932,0.073532
7161.5,0.267943,0.073698
7162.5,0.268949,0.073860
7163.5,0.269950,0.074020
7164.5,0.270945,0.074177
7165.5,0.271934,0.074332
7166.5,0.272917,0.074484
7167.5,0.273892,0.074633
7168.5,0.274860,0.074781
7169.5,0.275819,0.074926
7170.5,0.276770,0.075069
7171.5,0.277712,0.075210
7172.5,0.278644,0.075349
7173.5,0.279565,0.075486
7174.5,0.280476,0.075621
7175.5,0.281376,0.075755
7176.5,0.282264,0.075887
7177.5,0.283139,0.076018
7178.5,0.284002,0.076148
7179.5,0.284852,0.076276
7180.5,0.285688,0.076403
7181.5,0.286510,0.076529
7182.5,0.287318,0.076653
7183.5,0.288110,0.076777
7184.5,0.288887,0.076900
7185.5,0.289647,0.077022
7186.5,0.290391,0.077143
7187.5,0.291118,0.077263
7188.5,0.291828,0.077383
7189.5,0.292520,0.077501
7190.5,0.293193,0.077619
7191.5,0.293848,0.077736
7192.5,0.294483,0.077853
7193.5,0.295099,0.077968
7194.5,0.295694,0.078083
7195.5,0.296269,0.078197
7196.5,0.296824,0.078309
7197.5,0.297356,0.078421
7198.5,0.297867,0.078532
7199.5,0.298356,0.078641
7200.5,0.298823,0.078750
7201.5,0.299266,0.078857
7202.5,0.299686,0.078962
7203.5,0.300082,0.079066
7204.5,0.300455,0.079168
7205.5,0.300803,0.079269
7206.5,0.301126,0.079367
7207.5,0.301424,0.079463
7208.5,0.301697,0.079557
7209.5,0.301944,0.079649
7210.5,0.302165,0.079738
7211.5,0.302360,0.079824
7212.5,0.302529,0.079907
7213.5,0.302670,0.079987
7214.5,0.302785,0.080064
7215.5,0.302872,0.080137
7216.5,0.302932,0.080206
7217.5,0.302964,0.080272
7218.5,0.302968,0.080333
7219.5,0.302944,0.080390
7220.5,0.302892,0.080442
7221.5,0.302811,0.080490
7222.5,0.302702,0.080533
7223.5,0.302564,0.080570
7224.5,0.302398,0.080602
7225.5,0.302203,0.080629
7226.5,0.301979,0.080649
7227.5,0.301726,0.080664
7228.5,0.301444,0.080673
7229.5,0.301133,0.080675
7230.5,0.300793,0.080671
7231.5,0.300425,0.080660
7232.5,0.300028,0.080642
7233.5,0.299602,0.080617
7234.5,0.299148,0.080584
7235.5,0.298665,0.080545
7236.5,0.298154,0.080498
7237.5,0.297614,0.080443
7238.5,0.297047,0.080380
7239.5,0.296452,0.080309
7240.5,0.295830,0.080231
7241.5,0.295180,0.080144
7242.5,0.294504,0.080049
7243.5,0.293800,0.079945
7244.5,0.293071,0.079833
7245.5,0.292316,0.079713
7246.5,0.291535,0.079584
7247.5,0.290729,0.079446
7248.5,0.289898,0.079299
7249.5,0.289043,0.079144
7250.5,0.288164,0.078980
7251.5,0.287262,0.078808
7252.5,0.286337,0.078626
7253.5,0.285390,0.078436
7254.5,0.284421,0.078237
7255.5,0.283431,0.078030
7256.5,0.282421,0.077814
7257.5,0.281391,0.077589
7258.5,0.280341,0.077356
7259.5,0.279273,0.077114
7260.5,0.278187,0.076864
7261.5,0.277084,0.076606
7262.5,0.275965,0.076340
7263.5,0.274829,0.076066
7264.5,0.273679,0.075784
7265.5,0.272515,0.075494
7266.5,0.271338,0.075197
7267.5,0.270147,0.074892
7268.5,0.268945,0.074581
7269.5,0.267733,0.074262
7270.5,0.266510,0.073937
7271.5,0.265278,0.073605
7272.5,0.264037,0.073268
7273.5,0.262790,0.072924
7274.5,0.261535,0.072574
7275.5,0.260275,0.072219
7276.5,0.259010,0.071859
7277.5,0.257742,0.071494
7278.5,0.256470,0.071124
7279.5,0.255197,0.070751
7280.5,0.253923,0.070373
7281.5,0.252648,0.069992
7282.5,0.251374,0.069608
7283.5,0.250102,0.069221
7284.5,0.248833,0.068831
7285.5,0.247567,0.068440
7286.5,0.246306,0.068047
7287.5,0.245050,0.067652
7288.5,0.243801,0.067257
7289.5,0.242559,0.066862
7290.5,0.241325,0.066467
7291.5,0.240101,0.066072
7292.5,0.238886,0.065678
7293.5,0.237682,0.065286
7294.5,0.236490,0.064896
7295.5,0.235311,0.064508
7296.5,0.234145,0.064123
7297.5,0.232993,0.063741
7298.5,0.231857,0.063363
7299.5,0.230736,0.062990
7300.5,0.229632,0.062622
7301.5,0.228546,0.062259
7302.5,0.227477,0.061902
7303.5,0.226428,0.061551
7304.5,0.225398,0.061207
7305.5,0.224388,0.060871
7306.5,0.223399,0.060542
7307.5,0.222432,0.060222
7308.5,0.221487,0.059911
7309.5,0.220564,0.059609
7310.5,0.219665,0.059317
7311.5,0.218790,0.059035
7312.5,0.217939,0.058764
7313.5,0.217113,0.058504
7314.5,0.216312,0.058256
7315.5,0.215536,0.058020
7316.5,0.214787,0.057795
7317.5,0.214064,0.057584
7318.5,0.213367,0.057385
7319.5,0.212698,0.057200
7320.5,0.212056,0.057028
7321.5,0.211442,0.056871
7322.5,0.210855,0.056727
7323.5,0.210296,0.056597
7324.5,0.209765,0.056482
7325.5,0.209262,0.056381
7326.5,0.208787,0.056295
7327.5,0.208341,0.056223
7328.5,0.207922,0.056167
7329.5,0.207532,0.056124
7330.5,0.207171,0.056097
7331.5,0.206837,0.056084
7332.5,0.206531,0.056086
7333.5,0.206253,0.056102
7334.5,0.206003,0.056132
7335.5,0.205780,0.056177
7336.5,0.205584,0.056235
7337.5,0.205415,0.056307
7338.5,0.205273,0.056392
7339.5,0.205157,0.056489
7340.5,0.205067,0.056600
7341.5,0.205003,0.056722
7342.5,0.204964,0.056857
7343.5,0.204949,0.057003
7344.5,0.204959,0.057160
7345.5,0.204993,0.057327
7346.5,0.205050,0.057505
7347.5,0.205130,0.057692
7348.5,0.205232,0.057888
7349.5,0.205355,0.058093
7350.5,0.205500,0.058306
7351.5,0.205665,0.058526
7352.5,0.205850,0.058754
7353.5,0.206054,0.058988
7354.5,0.206277,0.059229
7355.5,0.206518,0.059474
7356.5,0.206775,0.059725
7357.5,0.207049,0.059980
7358.5,0.207339,0.060239
7359.5,0.207644,0.060501
7360.5,0.207963,0.060766
7361.5,0.208296,0.061033
7362.5,0.208641,0.061303
7363.5,0.208998,0.061573
7364.5,0.209367,0.061844
7365.5,0.209746,0.062116
7366.5,0.210134,0.062387
7367.5,0.210532,0.062658
7368.5,0.210937,0.062928
7369.5,0.211350,0.063196
7370.5,0.211769,0.063463
7371.5,0.212194,0.063727
7372.5,0.212624,0.063988
7373.5,0.213058,0.064246
7374.5,0.213495,0.064501
7375.5,0.213935,0.064752
7376.5,0.214377,0.064998
7377.5,0.214820,0.065240
7378.5,0.215263,0.065477
7379.5,0.215705,0.065710
7380.5,0.216147,0.065936
7381.5,0.216587,0.066157
7382.5,0.217024,0.066372
7383.5,0.217458,0.066581
7384.5,0.217888,0.066783
7385.5,0.218313,0.066979
7386.5,0.218733,0.067168
7387.5,0.219147,0.067350
7388.5,0.219555,0.067525
7389.5,0.219955,0.067692
7390.5,0.220348,0.067852
7391.5,0.220732,0.068004
7392.5,0.221108,0.068149
7393.5,0.221474,0.068286
7394.5,0.221830,0.068415
7395.5,0.222176,0.068536
7396.5,0.222511,0.068649
7397.5,0.222835,0.068754
7398.5,0.223147,0.068850
7399.5,0.223446,0.068939
7400.5,0.223734,0.069020
7401.5,0.224008,0.069093
7402.5,0.224269,0.069158
7403.5,0.224516,0.069214
7404.5,0.224750,0.069263
7405.5,0.224970,0.069304
7406.5,0.225175,0.069337
7407.5,0.225365,0.069362
7408.5,0.225540,0.069379
7409.5,0.225701,0.069389
7410.5,0.225846,0.069392
7411.5,0.225976,0.069387
7412.5,0.226090,0.069375
7413.5,0.226189,0.069356
7414.5,0.226272,0.069330
7415.5,0.226339,0.069297
7416.5,0.226391,0.069257
7417.5,0.226426,0.069211
7418.5,0.226446,0.069159
7419.5,0.226450,0.069100
7420.5,0.226439,0.069036
7421.5,0.226412,0.068966
7422.5,0.226369,0.068890
7423.5,0.226310,0.068809
7424.5,0.226236,0.068722
7425.5,0.226147,0.068631
7426.5,0.226043,0.068535
7427.5,0.225924,0.068434
7428.5,0.225790,0.068329
7429.5,0.225641,0.068220
7430.5,0.225478,0.068107
7431.5,0.225301,0.067990
7432.5,0.225110,0.067870
7433.5,0.224905,0.067746
7434.5,0.224687,0.067620
7435.5,0.224456,0.067490
7436.5,0.224211,0.067358
7437.5,0.223955,0.067223
7438.5,0.223686,0.067087
7439.5,0.223405,0.066948
7440.5,0.223112,0.066807
7441.5,0.222809,0.066665
7442.5,0.222494,0.066521
7443.5,0.222168,0.066376
7444.5,0.221833,0.066230
7445.5,0.221487,0.066083
7446.5,0.221132,0.065936
7447.5,0.220767,0.065788
7448.5,0.220394,0.065639
7449.5,0.220013,0.065491
7450.5,0.219623,0.065342
7451.5,0.219225,0.065194
7452.5,0.218821,0.065046
7453.5,0.218409,0.064898
7454.5,0.217990,0.064751
7455.5,0.217566,0.064605
7456.5,0.217135,0.064459
7457.5,0.216699,0.064315
7458.5,0.216258,0.064171
7459.5,0.215812,0.064029
7460.5,0.215362,0.063888
7461.5,0.214908,0.063748
7462.5,0.214450,0.063610
7463.5,0.213988,0.063473
7464.5,0.213524,0.063338
7465.5,0.213057,0.063205
7466.5,0.212587,0.063073
7467.5,0.212116,0.062943
7468.5,0.211643,0.062815
7469.5,0.211168,0.062689
7470.5,0.210693,0.062565
7471.5,0.210217,0.062443
7472.5,0.209740,0.062323
7473.5,0.209263,0.062205
7474.5,0.208786,0.062090
7475.5,0.208309,0.061976
7476.5,0.207833,0.061865
7477.5,0.207358,0.061756
7478.5,0.206883,0.061649
7479.5,0.206410,0.061545
7480.5,0.205939,0.061443
7481.5,0.205469,0.061343
7482.5,0.205001,0.061245
7483.5,0.204535,0.061150
7484.5,0.204071,0.061057
7485.5,0.203610,0.060966
7486.5,0.203151,0.060878
7487.5,0.202694,0.060792
7488.5,0.202241,0.060709
7489.5,0.201790,0.060628
7490.5,0.201342,0.060549
7491.5,0.200898,0.060473
7492.5,0.200457,0.060399
7493.5,0.200019,0.060327
7494.5,0.199584,0.060258
7495.5,0.199152,0.060191
7496.5,0.198724,0.060127
7497.5,0.198300,0.060065
7498.5,0.197879,0.060005
7499.5,0.197461,0.059948
7500.5,0.197047,0.059893
7501.5,0.196636,0.059840
7502.5,0.196229,0.059790
7503.5,0.195825,0.059742
7504.5,0.195424,0.059696
7505.5,0.195027,0.059653
7506.5,0.194633,0.059612
7507.5,0.194242,0.059574
7508.5,0.193854,0.059537
7509.5,0.193469,0.059503
7510.5,0.193087,0.059471
7511.5,0.192708,0.059442
7512.5,0.192332,0.059414
7513.5,0.191958,0.059389
7514.5,0.191586,0.059365
7515.5,0.191217,0.059344
7516.5,0.190850,0.059325
7517.5,0.190485,0.059307
7518.5,0.190122,0.059292
7519.5,0.189761,0.059278
7520.5,0.189401,0.059267
7521.5,0.189043,0.059256
7522.5,0.188685,0.059248
7523.5,0.188329,0.059241
7524.5,0.187974,0.059236
7525.5,0.187619,0.059232
7526.5,0.187265,0.059229
7527.5,0.186911,0.059227
7528.5,0.186558,0.059227
7529.5,0.186204,0.059227
7530.5,0.185850,0.059229
7531.5,0.185495,0.059231
7532.5,0.185139,0.059234
7533.5,0.184783,0.059237
7534.5,0.184426,0.059241
7535.5,0.184067,0.059246
7536.5,0.183706,0.059250
7537.5,0.183344,0.059254
7538.5,0.182980,0.059258
7539.5,0.182615,0.059262
7540.5,0.182246,0.059266
7541.5,0.181875,0.059269
7542.5,0.181502,0.059272
7543.5,0.181125,0.059273
7544.5,0.180745,0.059274
7545.5,0.180362,0.059273
7546.5,0.179976,0.059271
7547.5,0.179586,0.059268
7548.5,0.179192,0.059263
7549.5,0.178794,0.059257
7550.5,0.178392,0.059249
7551.5,0.177986,0.059238
7552.5,0.177575,0.059226
7553.5,0.177160,0.059211
7554.5,0.176740,0.059194
7555.5,0.176315,0.059174
7556.5,0.175885,0.059152
7557.5,0.175450,0.059126
7558.5,0.175009,0.059098
7559.5,0.174564,0.059067
7560.5,0.174113,0.059032
7561.5,0.173656,0.058994
7562.5,0.173194,0.058953
7563.5,0.172727,0.058908
7564.5,0.172253,0.058860
7565.5,0.171774,0.058808
7566.5,0.171289,0.058752
7567.5,0.170798,0.058692
7568.5,0.170302,0.058629
7569.5,0.169799,0.058561
7570.5,0.169291,0.058489
7571.5,0.168777,0.058414
7572.5,0.168257,0.058333
7573.5,0.167731,0.058249
7574.5,0.167200,0.058161
7575.5,0.166662,0.058068
7576.5,0.166120,0.057971
7577.5,0.165571,0.057870
7578.5,0.165017,0.057764
7579.5,0.164458,0.057654
7580.5,0.163893,0.057540
7581.5,0.163324,0.057421
7582.5,0.162749,0.057298
7583.5,0.162169,0.057171
7584.5,0.161585,0.057040
7585.5,0.160996,0.056904
7586.5,0.160402,0.056765
7587.5,0.159804,0.056621
7588.5,0.159203,0.056473
7589.5,0.158597,0.056322
7590.5,0.157988,0.056166
7591.5,0.157375,0.056007
7592.5,0.156759,0.055843
7593.5,0.156140,0.055677
7594.5,0.155518,0.055506
7595.5,0.154894,0.055332
7596.5,0.154268,0.055155
7597.5,0.153639,0.054975
7598.5,0.153009,0.054791
7599.5,0.152378,0.054605
7600.5,0.151746,0.054415
7601.5,0.151113,0.054223
7602.5,0.150479,0.054028
7603.5,0.149846,0.053830
7604.5,0.149213,0.053630
7605.5,0.148580,0.053428
7606.5,0.147948,0.053223
7607.5,0.147317,0.053017
7608.5,0.146688,0.052809
7609.5,0.146061,0.052599
7610.5,0.145437,0.052387
7611.5,0.144815,0.052174
7612.5,0.144196,0.051960
7613.5,0.143580,0.051745
7614.5,0.142969,0.051529
7615.5,0.142362,0.051312
7616.5,0.141759,0.051094
7617.5,0.141161,0.050876
7618.5,0.140569,0.050658
7619.5,0.139983,0.050439
7620.5,0.139402,0.050221
7621.5,0.138829,0.050003
7622.5,0.138262,0.049785
7623.5,0.137703,0.049568
7624.5,0.137152,0.049351
7625.5,0.136609,0.049136
7626.5,0.136074,0.048922
7627.5,0.135549,0.048709
7628.5,0.135033,0.048497
7629.5,0.134526,0.048287
7630.5,0.134030,0.048079
7631.5,0.133545,0.047873
7632.5,0.133071,0.047670
7633.5,0.132607,0.047468
7634.5,0.132156,0.047270
7635.5,0.131717,0.047074
7636.5,0.131290,0.046881
7637.5,0.130876,0.046692
7638.5,0.130476,0.046506
7639.5,0.130089,0.046323
7640.5,0.129716,0.046144
7641.5,0.129357,0.045970
7642.5,0.129013,0.045799
7643.5,0.128684,0.045633
7644.5,0.128370,0.045472
7645.5,0.128071,0.045316
7646.5,0.127789,0.045164
7647.5,0.127522,0.045018
7648.5,0.127273,0.044877
7649.5,0.127040,0.044742
7650.5,0.126824,0.044613
7651.5,0.126625,0.044489
7652.5,0.126444,0.044372
7653.5,0.126280,0.044261
7654.5,0.126135,0.044157
7655.5,0.126008,0.044060
7656.5,0.125900,0.043969
7657.5,0.125810,0.043886
7658.5,0.125739,0.043810
7659.5,0.125688,0.043741
7660.5,0.125655,0.043680
7661.5,0.125642,0.043626
7662.5,0.125648,0.043580
7663.5,0.125675,0.043542
7664.5,0.125721,0.043512
7665.5,0.125787,0.043490
7666.5,0.125873,0.043477
7667.5,0.125979,0.043471
7668.5,0.126105,0.043474
7669.5,0.126252,0.043486
7670.5,0.126419,0.043506
7671.5,0.126606,0.043534
7672.5,0.126814,0.043571
7673.5,0.127043,0.043616
7674.5,0.127292,0.043670
7675.5,0.127561,0.043732
7676.5,0.127851,0.043802
7677.5,0.128161,0.043881
7678.5,0.128491,0.043968
7679.5,0.128842,0.044064
7680.5,0.129214,0.044167
7681.5,0.129605,0.044279
7682.5,0.130017,0.044398
7683.5,0.130448,0.044526
7684.5,0.130900,0.044660
7685.5,0.131371,0.044803
7686.5,0.131862,0.044953
7687.5,0.132373,0.045109
7688.5,0.132903,0.045273
7689.5,0.133452,0.045444
7690.5,0.134021,0.045621
7691.5,0.134608,0.045805
7692.5,0.135214,0.045995
7693.5,0.135839,0.046191
7694.5,0.136481,0.046392
7695.5,0.137142,0.046599
7696.5,0.137821,0.046812
7697.5,0.138517,0.047029
7698.5,0.139231,0.047252
7699.5,0.139962,0.047478
7700.5,0.140710,0.047710
7701.5,0.141474,0.047945
7702.5,0.142255,0.048184
7703.5,0.143051,0.048427
7704.5,0.143864,0.048673
7705.5,0.144692,0.048922
7706.5,0.145535,0.049174
7707.5,0.146393,0.049429
7708.5,0.147266,0.049686
7709.5,0.148152,0.049945
7710.5,0.149053,0.050207
7711.5,0.149967,0.050470
7712.5,0.150895,0.050734
7713.5,0.151835,0.051000
7714.5,0.152788,0.051267
7715.5,0.153753,0.051535
7716.5,0.154730,0.051803
7717.5,0.155718,0.052072
7718.5,0.156718,0.052341
7719.5,0.157728,0.052611
7720.5,0.158749,0.052880
7721.5,0.159780,0.053149
7722.5,0.160820,0.053418
7723.5,0.161870,0.053686
7724.5,0.162929,0.053954
7725.5,0.163996,0.054220
7726.5,0.165071,0.054486
7727.5,0.166155,0.054751
7728.5,0.167245,0.055015
7729.5,0.168343,0.055277
7730.5,0.169447,0.055538
7731.5,0.170558,0.055798
7732.5,0.171675,0.056056
7733.5,0.172797,0.056312
7734.5,0.173924,0.056566
7735.5,0.175056,0.056819
7736.5,0.176193,0.057070
7737.5,0.177333,0.057320
7738.5,0.178478,0.057567
7739.5,0.179625,0.057812
7740.5,0.180776,0.058055
7741.5,0.181929,0.058296
7742.5,0.183084,0.058535
7743.5,0.184241,0.058772
7744.5,0.185400,0.059007
7745.5,0.186560,0.059240
7746.5,0.187720,0.059470
7747.5,0.188881,0.059698
7748.5,0.190042,0.059925
7749.5,0.191203,0.060149
7750.5,0.192363,0.060370
7751.5,0.193522,0.060590
7752.5,0.194680,0.060808
7753.5,0.195836,0.061023
7754.5,0.196990,0.061236
7755.5,0.198142,0.061447
7756.5,0.199292,0.061657
7757.5,0.200438,0.061864
7758.5,0.201581,0.062068
7759.5,0.202720,0.062271
7760.5,0.203856,0.062472
7761.5,0.204987,0.062671
7762.5,0.206114,0.062868
7763.5,0.207236,0.063063
7764.5,0.208352,0.063256
7765.5,0.209464,0.063447
7766.5,0.210569,0.063636
7767.5,0.211669,0.063824
7768.5,0.212762,0.064009
7769.5,0.213849,0.064193
7770.5,0.214929,0.064375
7771.5,0.216002,0.064555
7772.5,0.217067,0.064733
7773.5,0.218125,0.064910
7774.5,0.219175,0.065085
7775.5,0.220216,0.065258
7776.5,0.221250,0.065429
7777.5,0.222274,0.065598
7778.5,0.223290,0.065766
7779.5,0.224297,0.065933
7780.5,0.225294,0.066097
7781.5,0.226281,0.066260
7782.5,0.227259,0.066421
7783.5,0.228227,0.066580
7784.5,0.229184,0.066738
7785.5,0.230131,0.066894
7786.5,0.231067,0.067048
7787.5,0.231992,0.067200
7788.5,0.232906,0.067351
7789.5,0.233809,0.067500
7790.5,0.234700,0.067647
7791.5,0.235579,0.067793
7792.5,0.236447,0.067936
7793.5,0.237302,0.068078
7794.5,0.238145,0.068218
7795.5,0.238976,0.068356
7796.5,0.239794,0.068492
7797.5,0.240600,0.068627
7798.5,0.241392,0.068759
7799.5,0.242172,0.068889
7800.5,0.242938,0.069018
7801.5,0.243691,0.069144
7802.5,0.244430,0.069269
7803.5,0.245156,0.069391
7804.5,0.245868,0.069511
7805.5,0.246566,0.069629
7806.5,0.247250,0.069745
7807.5,0.247920,0.069858
7808.5,0.248576,0.069970
7809.5,0.249218,0.070079
7810.5,0.249845,0.070185
7811.5,0.250458,0.070289
7812.5,0.251056,0.070391
7813.5,0.251640,0.070490
7814.5,0.252208,0.070587
7815.5,0.252762,0.070681
7816.5,0.253302,0.070773
7817.5,0.253826,0.070861
7818.5,0.254336,0.070947
7819.5,0.254830,0.071031
7820.5,0.255310,0.071111
7821.5,0.255775,0.071189
7822.5,0.256224,0.071263
7823.5,0.256659,0.071335
7824.5,0.257078,0.071403
7825.5,0.257483,0.071469
7826.5,0.257872,0.071531
7827.5,0.258246,0.071590
7828.5,0.258606,0.071646
7829.5,0.258950,0.071699
7830.5,0.259280,0.071748
7831.5,0.259595,0.071794
7832.5,0.259894,0.071837
7833.5,0.260179,0.071876
7834.5,0.260450,0.071911
7835.5,0.260706,0.071943
7836.5,0.260947,0.071972
7837.5,0.261174,0.071997
7838.5,0.261386,0.072018
7839.5,0.261584,0.072035
7840.5,0.261768,0.072049
7841.5,0.261938,0.072059
7842.5,0.262094,0.072066
7843.5,0.262236,0.072068
7844.5,0.262365,0.072067
7845.5,0.262479,0.072062
7846.5,0.262581,0.072053
7847.5,0.262669,0.072041
7848.5,0.262744,0.072024
7849.5,0.262807,0.072004
7850.5,0.262856,0.071980
7851.5,0.262893,0.071952
7852.5,0.262917,0.071921
7853.5,0.262930,0.071886
7854.5,0.262930,0.071847
7855.5,0.262918,0.071805
7856.5,0.262895,0.071759
7857.5,0.262860,0.071709
7858.5,0.262814,0.071656
7859.5,0.262757,0.071600
7860.5,0.262689,0.071540
7861.5,0.262610,0.071477
7862.5,0.262521,0.071411
7863.5,0.262422,0.071342
7864.5,0.262313,0.071270
7865.5,0.262194,0.071195
7866.5,0.262066,0.071117
7867.5,0.261928,0.071036
7868.5,0.261782,0.070953
7869.5,0.261627,0.070868
7870.5,0.261463,0.070780
7871.5,0.261291,0.070691
7872.5,0.261111,0.070599
7873.5,0.260922,0.070505
7874.5,0.260727,0.070410
7875.5,0.260524,0.070313
7876.5,0.260314,0.070215
7877.5,0.260097,0.070116
7878.5,0.259873,0.070015
7879.5,0.259643,0.069914
7880.5,0.259406,0.069812
7881.5,0.259164,0.069710
7882.5,0.258916,0.069607
7883.5,0.258663,0.069505
7884.5,0.258404,0.069402
7885.5,0.258140,0.069299
7886.5,0.257872,0.069197
7887.5,0.257599,0.069096
7888.5,0.257321,0.068995
7889.5,0.257039,0.068895
7890.5,0.256753,0.068797
7891.5,0.256464,0.068699
7892.5,0.256171,0.068603
7893.5,0.255874,0.068509
7894.5,0.255574,0.068416
7895.5,0.255272,0.068326
7896.5,0.254966,0.068237
7897.5,0.254658,0.068151
7898.5,0.254347,0.068067
7899.5,0.254033,0.067985
7900.5,0.253718,0.067906
7901.5,0.253401,0.067830
7902.5,0.253081,0.067757
7903.5,0.252760,0.067686
7904.5,0.252437,0.067618
7905.5,0.252113,0.067553
7906.5,0.251788,0.067491
7907.5,0.251461,0.067432
7908.5,0.251133,0.067377
7909.5,0.250804,0.067324
7910.5,0.250474,0.067275
7911.5,0.250143,0.067228
7912.5,0.249812,0.067185
7913.5,0.249480,0.067145
7914.5,0.249147,0.067108
7915.5,0.248814,0.067073
7916.5,0.248481,0.067042
7917.5,0.248147,0.067013
7918.5,0.247812,0.066988
7919.5,0.247478,0.066964
7920.5,0.247143,0.066944
7921.5,0.246809,0.066925
7922.5,0.246474,0.066909
7923.5,0.246139,0.066895
7924.5,0.245804,0.066883
7925.5,0.245469,0.066873
7926.5,0.245134,0.066865
7927.5,0.244800,0.066858
7928.5,0.244465,0.066852
7929.5,0.244130,0.066848
7930.5,0.243796,0.066844
7931.5,0.243462,0.066842
7932.5,0.243128,0.066840
7933.5,0.242794,0.066838
7934.5,0.242460,0.066837
7935.5,0.242127,0.066835
7936.5,0.241793,0.066834
7937.5,0.241460,0.066832
7938.5,0.241128,0.066830
7939.5,0.240795,0.066827
7940.5,0.240463,0.066823
7941.5,0.240131,0.066818
7942.5,0.239799,0.066812
7943.5,0.239468,0.066804
7944.5,0.239136,0.066795
7945.5,0.238806,0.066784
7946.5,0.238475,0.066772
7947.5,0.238145,0.066757
7948.5,0.237815,0.066740
7949.5,0.237486,0.066721
7950.5,0.237157,0.066699
7951.5,0.236828,0.066676
7952.5,0.236500,0.066649
7953.5,0.236172,0.066620
7954.5,0.235845,0.066588
7955.5,0.235518,0.066553
7956.5,0.235192,0.066515
7957.5,0.234867,0.066475
7958.5,0.234542,0.066431
7959.5,0.234218,0.066385
7960.5,0.233895,0.066335
7961.5,0.233573,0.066283
7962.5,0.233252,0.066228
7963.5,0.232932,0.066169
7964.5,0.232612,0.066108
7965.5,0.232294,0.066044
7966.5,0.231978,0.065977
7967.5,0.231662,0.065907
7968.5,0.231348,0.065834
7969.5,0.231036,0.065759
7970.5,0.230725,0.065681
7971.5,0.230416,0.065601
7972.5,0.230108,0.065519
7973.5,0.229803,0.065434
7974.5,0.229500,0.065348
7975.5,0.229199,0.065259
7976.5,0.228900,0.065168
7977.5,0.228604,0.065076
7978.5,0.228311,0.064983
7979.5,0.228020,0.064888
7980.5,0.227732,0.064791
7981.5,0.227447,0.064694
7982.5,0.227165,0.064596
7983.5,0.226887,0.064497
7984.5,0.226613,0.064398
7985.5,0.226342,0.064298
7986.5,0.226075,0.064198
7987.5,0.225812,0.064098
7988.5,0.225553,0.063999
7989.5,0.225298,0.063900
7990.5,0.225049,0.063801
7991.5,0.224804,0.063703
7992.5,0.224564,0.063606
7993.5,0.224329,0.063509
7994.5,0.224100,0.063415
7995.5,0.223876,0.063321
7996.5,0.223658,0.063229
7997.5,0.223446,0.063139
7998.5,0.223240,0.063050
7999.5,0.223040,0.062964
8000.5,0.222847,0.062879
8001.5,0.222661,0.062797
8002.5,0.222482,0.062717
8003.5,0.222310,0.062639
8004.5,0.222145,0.062564
8005.5,0.221988,0.062492
8006.5,0.221839,0.062422
8007.5,0.221698,0.062355
8008.5,0.221565,0.062291
8009.5,0.221441,0.062230
8010.5,0.221325,0.062172
8011.5,0.221218,0.062116
8012.5,0.221121,0.062064
8013.5,0.221032,0.062015
8014.5,0.220953,0.061969
8015.5,0.220884,0.061926
8016.5,0.220824,0.061886
8017.5,0.220775,0.061849
8018.5,0.220736,0.061816
8019.5,0.220707,0.061785
8020.5,0.220689,0.061757
8021.5,0.220682,0.061733
8022.5,0.220685,0.061711
8023.5,0.220700,0.061693
8024.5,0.220727,0.061677
8025.5,0.220765,0.061664
8026.5,0.220814,0.061654
8027.5,0.220876,0.061646
8028.5,0.220950,0.061642
8029.5,0.221035,0.061640
8030.5,0.221134,0.061640
8031.5,0.221244,0.061643
8032.5,0.221368,0.061649
8033.5,0.221504,0.061656
8034.5,0.221653,0.061667
8035.5,0.221815,0.061679
8036.5,0.221990,0.061694
8037.5,0.222179,0.061711
8038.5,0.222381,0.061730
8039.5,0.222596,0.061751
8040.5,0.222826,0.061774
8041.5,0.223069,0.061799
8042.5,0.223325,0.061826
8043.5,0.223596,0.061855
8044.5,0.223881,0.061886
8045.5,0.224179,0.061918
8046.5,0.224492,0.061953
8047.5,0.224819,0.061989
8048.5,0.225160,0.062028
8049.5,0.225515,0.062068
8050.5,0.225885,0.062110
8051.5,0.226269,0.062153
8052.5,0.226668,0.062199
8053.5,0.227080,0.062247
8054.5,0.227507,0.062296
8055.5,0.227949,0.062348
8056.5,0.228405,0.062401
8057.5,0.228875,0.062457
8058.5,0.229359,0.062515
8059.5,0.229858,0.062575
8060.5,0.230370,0.062637
8061.5,0.230897,0.062702
8062.5,0.231438,0.062769
8063.5,0.231993,0.062838
8064.5,0.232562,0.062910
8065.5,0.233145,0.062985
8066.5,0.233741,0.063062
8067.5,0.234351,0.063142
8068.5,0.234974,0.063225
8069.5,0.235610,0.063312
8070.5,0.236260,0.063401
8071.5,0.236923,0.063493
8072.5,0.237598,0.063589
8073.5,0.238287,0.063688
8074.5,0.238987,0.063791
8075.5,0.239700,0.063897
8076.5,0.240425,0.064007
8077.5,0.241161,0.064121
8078.5,0.241910,0.064239
8079.5,0.242669,0.064360
8080.5,0.243440,0.064486
8081.5,0.244221,0.064616
8082.5,0.245013,0.064750
8083.5,0.245815,0.064888
8084.5,0.246626,0.065031
8085.5,0.247448,0.065178
8086.5,0.248279,0.065329
8087.5,0.249118,0.065485
8088.5,0.249966,0.065645
8089.5,0.250822,0.065810
8090.5,0.251686,0.065980
8091.5,0.252558,0.066154
8092.5,0.253436,0.066332
8093.5,0.254321,0.066515
8094.5,0.255213,0.066703
8095.5,0.256110,0.066895
8096.5,0.257012,0.067091
8097.5,0.257919,0.067292
8098.5,0.258831,0.067498
8099.5,0.259746,0.067707
8100.5,0.260665,0.067921
8101.5,0.261587,0.068139
8102.5,0.262511,0.068361
8103.5,0.263437,0.068587
8104.5,0.264365,0.068817
8105.5,0.265293,0.069050
8106.5,0.266222,0.069287
8107.5,0.267150,0.069528
8108.5,0.268078,0.069771
8109.5,0.269005,0.070018
8110.5,0.269929,0.070268
8111.5,0.270852,0.070520
8112.5,0.271771,0.070775
8113.5,0.272686,0.071032
8114.5,0.273598,0.071292
8115.5,0.274504,0.071553
8116.5,0.275405,0.071816
8117.5,0.276300,0.072081
8118.5,0.277189,0.072347
8119.5,0.278070,0.072613
8120.5,0.278944,0.072881
8121.5,0.279809,0.073149
8122.5,0.280665,0.073418
8123.5,0.281511,0.073686
8124.5,0.282347,0.073955
8125.5,0.283172,0.074223
8126.5,0.283986,0.074490
8127.5,0.284788,0.074756
8128.5,0.285577,0.075021
8129.5,0.286353,0.075284
8130.5,0.287115,0.075545
8131.5,0.287862,0.075805
8132.5,0.288595,0.076062
8133.5,0.289311,0.076316
8134.5,0.290012,0.076568
8135.5,0.290696,0.076816
8136.5,0.291362,0.077061
8137.5,0.292011,0.077302
8138.5,0.292641,0.077539
8139.5,0.293253,0.077771
8140.5,0.293845,0.077999
8141.5,0.294417,0.078223
8142.5,0.294968,0.078441
8143.5,0.295499,0.078654
8144.5,0.296008,0.078862
8145.5,0.296495,0.079063
8146.5,0.296960,0.079259
8147.5,0.297402,0.079448
8148.5,0.297821,0.079631
8149.5,0.298217,0.079807
8150.5,0.298588,0.079976
8151.5,0.298935,0.080138
8152.5,0.299258,0.080293
8153.5,0.299556,0.080440
8154.5,0.299828,0.080579
8155.5,0.300075,0.080710
8156.5,0.300296,0.080833
8157.5,0.300491,0.080948
8158.5,0.300659,0.081054
8159.5,0.300801,0.081151
8160.5,0.300916,0.081240
8161.5,0.301004,0.081320
8162.5,0.301066,0.081391
8163.5,0.301099,0.081452
8164.5,0.301106,0.081504
8165.5,0.301085,0.081547
8166.5,0.301037,0.081581
8167.5,0.300961,0.081604
8168.5,0.300857,0.081618
8169.5,0.300726,0.081623
8170.5,0.300568,0.081618
8171.5,0.300382,0.081602
8172.5,0.300168,0.081578
8173.5,0.299928,0.081543
8174.5,0.299660,0.081498
8175.5,0.299364,0.081444
8176.5,0.299042,0.081379
8177.5,0.298694,0.081305
8178.5,0.298318,0.081221
8179.5,0.297917,0.081127
8180.5,0.297489,0.081024
8181.5,0.297035,0.080911
8182.5,0.296556,0.080788
8183.5,0.296052,0.080656
8184.5,0.295522,0.080515
8185.5,0.294968,0.080364
8186.5,0.294390,0.080205
8187.5,0.293789,0.080036
8188.5,0.293164,0.079858
8189.5,0.292515,0.079672
8190.5,0.291845,0.079478
8191.5,0.291152,0.079275
8192.5,0.290438,0.079063
8193.5,0.289702,0.078844
8194.5,0.288946,0.078617
8195.5,0.288170,0.078383
8196.5,0.287375,0.078141
8197.5,0.286560,0.077892
8198.5,0.285727,0.077637
8199.5,0.284877,0.077375
8200.5,0.284009,0.077106
8201.5,0.283125,0.076832
8202.5,0.282224,0.076551
8203.5,0.281309,0.076265
8204.5,0.280378,0.075974
8205.5,0.279434,0.075678
8206.5,0.278476,0.075378
8207.5,0.277506,0.075073
8208.5,0.276524,0.074764
8209.5,0.275530,0.074452
8210.5,0.274526,0.074136
8211.5,0.273512,0.073817
8212.5,0.272488,0.073495
8213.5,0.271457,0.073171
8214.5,0.270417,0.072845
8215.5,0.269370,0.072517
8216.5,0.268317,0.072188
8217.5,0.267259,0.071858
8218.5,0.266195,0.071527
8219.5,0.265128,0.071196
8220.5,0.264057,0.070865
8221.5,0.262983,0.070534
8222.5,0.261907,0.070203
8223.5,0.260830,0.069874
8224.5,0.259753,0.069545
8225.5,0.258675,0.069219
8226.5,0.257599,0.068894
8227.5,0.256524,0.068571
8228.5,0.255452,0.068251
8229.5,0.254382,0.067934
8230.5,0.253316,0.067619
8231.5,0.252255,0.067308
8232.5,0.251199,0.067001
8233.5,0.250148,0.066697
8234.5,0.249104,0.066398
8235.5,0.248067,0.066103
8236.5,0.247038,0.065812
8237.5,0.246017,0.065526
8238.5,0.245006,0.065245
8239.5,0.244004,0.064969
8240.5,0.243012,0.064699
8241.5,0.242031,0.064434
8242.5,0.241062,0.064174
8243.5,0.240105,0.063921
8244.5,0.239161,0.063673
8245.5,0.238230,0.063432
8246.5,0.237312,0.063196
8247.5,0.236409,0.062967
8248.5,0.235521,0.062744
8249.5,0.234649,0.062528
8250.5,0.233792,0.062318
8251.5,0.232952,0.062114
8252.5,0.232129,0.061917
8253.5,0.231323,0.061726
8254.5,0.230535,0.061542
8255.5,0.229765,0.061364
8256.5,0.229015,0.061193
8257.5,0.228283,0.061028
8258.5,0.227571,0.060870
8259.5,0.226879,0.060718
8260.5,0.226208,0.060572
8261.5,0.225557,0.060432
8262.5,0.224928,0.060299
8263.5,0.224320,0.060172
8264.5,0.223734,0.060050
8265.5,0.223170,0.059935
8266.5,0.222629,0.059825
8267.5,0.222111,0.059721
8268.5,0.221616,0.059622
8269.5,0.221144,0.059529
8270.5,0.220696,0.059442
8271.5,0.220272,0.059359
8272.5,0.219872,0.059282
8273.5,0.219496,0.059209
8274.5,0.219145,0.059142
8275.5,0.218819,0.059079
8276.5,0.218519,0.059021
8277.5,0.218243,0.058967
8278.5,0.217993,0.058918
8279.5,0.217768,0.058874
8280.5,0.217569,0.058833
8281.5,0.217396,0.058797
8282.5,0.217249,0.058765
8283.5,0.217128,0.058736
8284.5,0.217034,0.058712
8285.5,0.216966,0.058692
8286.5,0.216924,0.058675
8287.5,0.216908,0.058662
8288.5,0.216919,0.058652
8289.5,0.216957,0.058647
8290.5,0.217022,0.058645
8291.5,0.217113,0.058646
8292.5,0.217231,0.058651
8293.5,0.217375,0.058660
8294.5,0.217546,0.058672
8295.5,0.217744,0.058687
8296.5,0.217968,0.058707
8297.5,0.218219,0.058730
8298.5,0.218497,0.058756
8299.5,0.218801,0.058786
8300.5,0.219131,0.058820
8301.5,0.219488,0.058858
8302.5,0.219870,0.058899
8303.5,0.220279,0.058945
8304.5,0.220714,0.058994
8305.5,0.221175,0.059047
8306.5,0.221661,0.059105
8307.5,0.222173,0.059167
8308.5,0.222711,0.059233
8309.5,0.223273,0.059303
8310.5,0.223860,0.059378
8311.5,0.224473,0.059458
8312.5,0.225109,0.059542
8313.5,0.225770,0.059631
8314.5,0.226455,0.059725
8315.5,0.227164,0.059825
8316.5,0.227897,0.059929
8317.5,0.228653,0.060039
8318.5,0.229431,0.060154
8319.5,0.230232,0.060274
8320.5,0.231056,0.060400
8321.5,0.231901,0.060532
8322.5,0.232769,0.060669
8323.5,0.233657,0.060813
8324.5,0.234566,0.060962
8325.5,0.235496,0.061117
8326.5,0.236446,0.061279
8327.5,0.237415,0.061447
8328.5,0.238404,0.061620
8329.5,0.239411,0.061800
8330.5,0.240437,0.061987
8331.5,0.241481,0.062179
8332.5,0.242542,0.062378
8333.5,0.243620,0.062583
8334.5,0.244714,0.062795
8335.5,0.245824,0.063013
8336.5,0.246949,0.063237
8337.5,0.248089,0.063467
8338.5,0.249244,0.063704
8339.5,0.250411,0.063947
8340.5,0.251592,0.064195
8341.5,0.252785,0.064450
8342.5,0.253990,0.064710
8343.5,0.255206,0.064977
8344.5,0.256433,0.065248
8345.5,0.257669,0.065526
8346.5,0.258915,0.065808
8347.5,0.260169,0.066096
8348.5,0.261431,0.066389
8349.5,0.262700,0.066686
8350.5,0.263976,0.066988
8351.5,0.265257,0.067295
8352.5,0.266543,0.067605
8353.5,0.267834,0.067920
8354.5,0.269128,0.068238
8355.5,0.270424,0.068560
8356.5,0.271723,0.068885
8357.5,0.273023,0.069213
8358.5,0.274323,0.069543
8359.5,0.275624,0.069876
8360.5,0.276923,0.070211
8361.5,0.278220,0.070548
8362.5,0.279514,0.070886
8363.5,0.280805,0.071226
8364.5,0.282092,0.071566
8365.5,0.283374,0.071907
8366.5,0.284650,0.072249
8367.5,0.285919,0.072590
8368.5,0.287180,0.072931
8369.5,0.288434,0.073272
8370.5,0.289678,0.073611
8371.5,0.290912,0.073949
8372.5,0.292136,0.074286
8373.5,0.293348,0.074620
8374.5,0.294548,0.074952
8375.5,0.295735,0.075282
8376.5,0.296908,0.075609
8377.5,0.298066,0.075933
8378.5,0.299209,0.076253
8379.5,0.300335,0.076569
8380.5,0.301445,0.076881
8381.5,0.302536,0.077189
8382.5,0.303610,0.077492
8383.5,0.304664,0.077791
8384.5,0.305698,0.078084
8385.5,0.306711,0.078371
8386.5,0.307703,0.078653
8387.5,0.308673,0.078928
8388.5,0.309621,0.079198
8389.5,0.310545,0.079460
8390.5,0.311444,0.079716
8391.5,0.312320,0.079965
8392.5,0.313169,0.080207
8393.5,0.313993,0.080441
8394.5,0.314791,0.080668
8395.5,0.315561,0.080887
8396.5,0.316304,0.081098
8397.5,0.317018,0.081300
8398.5,0.317704,0.081495
8399.5,0.318361,0.081680
8400.5,0.318988,0.081857
8401.5,0.319585,0.082026
8402.5,0.320151,0.082185
8403.5,0.320687,0.082335
8404.5,0.321191,0.082476
8405.5,0.321664,0.082608
8406.5,0.322104,0.082731
8407.5,0.322512,0.082844
8408.5,0.322888,0.082948
8409.5,0.323230,0.083042
8410.5,0.323540,0.083126
8411.5,0.323816,0.083201
8412.5,0.324058,0.083267
8413.5,0.324267,0.083322
8414.5,0.324442,0.083368
8415.5,0.324582,0.083405
8416.5,0.324689,0.083431
8417.5,0.324761,0.083448
8418.5,0.324800,0.083456
8419.5,0.324803,0.083453
8420.5,0.324773,0.083442
8421.5,0.324708,0.083421
8422.5,0.324609,0.083390
8423.5,0.324476,0.083350
8424.5,0.324309,0.083301
8425.5,0.324109,0.083243
8426.5,0.323874,0.083176
8427.5,0.323606,0.083099
8428.5,0.323304,0.083014
8429.5,0.322970,0.082920
8430.5,0.322602,0.082818
8431.5,0.322202,0.082707
8432.5,0.321769,0.082588
8433.5,0.321305,0.082460
8434.5,0.320809,0.082325
8435.5,0.320282,0.082181
8436.5,0.319723,0.082030
8437.5,0.319135,0.081871
8438.5,0.318516,0.081705
8439.5,0.317868,0.081532
8440.5,0.317190,0.081351
8441.5,0.316484,0.081164
8442.5,0.315750,0.080969
8443.5,0.314988,0.080769
8444.5,0.314200,0.080561
8445.5,0.313385,0.080348
8446.5,0.312544,0.080129
8447.5,0.311677,0.079903
8448.5,0.310786,0.079673
8449.5,0.309871,0.079436
8450.5,0.308933,0.079195
8451.5,0.307972,0.078948
8452.5,0.306989,0.078697
8453.5,0.305984,0.078440
8454.5,0.304959,0.078180
8455.5,0.303914,0.077915
8456.5,0.302849,0.077646
8457.5,0.301766,0.077373
8458.5,0.300666,0.077096
8459.5,0.299548,0.076816
8460.5,0.298414,0.076533
8461.5,0.297264,0.076246
8462.5,0.296100,0.075956
8463.5,0.294922,0.075664
8464.5,0.293730,0.075369
8465.5,0.292527,0.075072
8466.5,0.291311,0.074772
8467.5,0.290085,0.074471
8468.5,0.288849,0.074167
8469.5,0.287604,0.073862
8470.5,0.286350,0.073556
8471.5,0.285088,0.073248
8472.5,0.283820,0.072939
8473.5,0.282546,0.072629
8474.5,0.281266,0.072319
8475.5,0.279982,0.072008
8476.5,0.278694,0.071696
8477.5,0.277404,0.071384
8478.5,0.276111,0.071073
8479.5,0.274817,0.070761
8480.5,0.273523,0.070449
8481.5,0.272229,0.070138
8482.5,0.270935,0.069828
8483.5,0.269644,0.069519
8484.5,0.268355,0.069210
8485.5,0.267069,0.068903
8486.5,0.265787,0.068597
8487.5,0.264510,0.068292
8488.5,0.263239,0.067989
8489.5,0.261973,0.067688
8490.5,0.260714,0.067389
8491.5,0.259463,0.067092
8492.5,0.258220,0.066797
8493.5,0.256985,0.066505
8494.5,0.255760,0.066215
8495.5,0.254546,0.065929
8496.5,0.253341,0.065645
8497.5,0.252149,0.065365
8498.5,0.250968,0.065088
8499.5,0.249799,0.064814
8500.5,0.248644,0.064544
8501.5,0.247502,0.064278
8502.5,0.246375,0.064016
8503.5,0.245262,0.063758
8504.5,0.244164,0.063505
8505.5,0.243082,0.063256
8506.5,0.242016,0.063012
8507.5,0.240966,0.062772
8508.5,0.239934,0.062538
8509.5,0.238919,0.062308
8510.5,0.237922,0.062084
8511.5,0.236944,0.061866
8512.5,0.235984,0.061653
8513.5,0.235043,0.061445
8514.5,0.234121,0.061244
8515.5,0.233220,0.061049
8516.5,0.232338,0.060859
8517.5,0.231477,0.060676
8518.5,0.230636,0.060500
8519.5,0.229816,0.060330
8520.5,0.229017,0.060166
8521.5,0.228240,0.060009
8522.5,0.227484,0.059859
8523.5,0.226750,0.059716
8524.5,0.226039,0.059580
8525.5,0.225349,0.059451
8526.5,0.224682,0.059329
8527.5,0.224037,0.059214
8528.5,0.223414,0.059106
8529.5,0.222815,0.059006
8530.5,0.222238,0.058913
8531.5,0.221684,0.058827
8532.5,0.221153,0.058748
8533.5,0.220645,0.058677
8534.5,0.220160,0.058613
8535.5,0.219698,0.058556
8536.5,0.219259,0.058507
8537.5,0.218843,0.058465
8538.5,0.218451,0.058430
8539.5,0.218081,0.058402
8540.5,0.217734,0.058381
8541.5,0.217410,0.058367
8542.5,0.217109,0.058360
8543.5,0.216830,0.058360
8544.5,0.216574,0.058366
8545.5,0.216341,0.058379
8546.5,0.216130,0.058399
8547.5,0.215942,0.058425
8548.5,0.215775,0.058457
8549.5,0.215631,0.058495
8550.5,0.215508,0.058539
8551.5,0.215407,0.058589
8552.5,0.215328,0.058644
8553.5,0.215269,0.058705
8554.5,0.215232,0.058772
8555.5,0.215216,0.058843
8556.5,0.215221,0.058919
8557.5,0.215245,0.059000
8558.5,0.215291,0.059086
8559.5,0.215356,0.059176
8560.5,0.215440,0.059270
8561.5,0.215545,0.059368
8562.5,0.215668,0.059471
8563.5,0.215811,0.059576
8564.5,0.215972,0.059685
8565.5,0.216152,0.059798
8566.5,0.216350,0.059913
8567.5,0.216565,0.060032
8568.5,0.216799,0.060153
8569.5,0.217049,0.060276
8570.5,0.217317,0.060402
8571.5,0.217601,0.060531
8572.5,0.217902,0.060661
8573.5,0.218219,0.060793
8574.5,0.218551,0.060926
8575.5,0.218899,0.061061
8576.5,0.219262,0.061198
8577.5,0.219641,0.061336
8578.5,0.220033,0.061474
8579.5,0.220440,0.061614
8580.5,0.220861,0.061754
8581.5,0.221295,0.061895
8582.5,0.221742,0.062037
8583.5,0.222203,0.062179
8584.5,0.222676,0.062321
8585.5,0.223161,0.062464
8586.5,0.223659,0.062606
8587.5,0.224168,0.062749
8588.5,0.224688,0.062891
8589.5,0.225220,0.063033
8590.5,0.225762,0.063175
8591.5,0.226314,0.063317
8592.5,0.226877,0.063458
8593.5,0.227449,0.063599
8594.5,0.228030,0.063739
8595.5,0.228621,0.063879
8596.5,0.229221,0.064018
8597.5,0.229829,0.064156
8598.5,0.230445,0.064294
8599.5,0.231069,0.064431
8600.5,0.231701,0.064567
8601.5,0.232340,0.064703
8602.5,0.232985,0.064838
8603.5,0.233638,0.064972
8604.5,0.234297,0.065105
8605.5,0.234962,0.065238
8606.5,0.235632,0.065370
8607.5,0.236309,0.065501
8608.5,0.236990,0.065631
8609.5,0.237676,0.065761
8610.5,0.238367,0.065889
8611.5,0.239063,0.066017
8612.5,0.239762,0.066145
8613.5,0.240465,0.066272
8614.5,0.241172,0.066398
8615.5,0.241882,0.066523
8616.5,0.242595,0.066648
8617.5,0.243310,0.066772
8618.5,0.244028,0.066895
8619.5,0.244748,0.067018
8620.5,0.245470,0.067141
8621.5,0.246194,0.067262
8622.5,0.246920,0.067384
8623.5,0.247646,0.067505
8624.5,0.248373,0.067625
8625.5,0.249101,0.067745
8626.5,0.249830,0.067865
8627.5,0.250559,0.067984
8628.5,0.251287,0.068102
8629.5,0.252016,0.068221
8630.5,0.252743,0.068338
8631.5,0.253471,0.068456
8632.5,0.254197,0.068573
8633.5,0.254922,0.068690
8634.5,0.255645,0.068806
8635.5,0.256367,0.068922
8636.5,0.257087,0.069037
8637.5,0.257805,0.069152
8638.5,0.258521,0.069267
8639.5,0.259235,0.069381
8640.5,0.259945,0.069495
8641.5,0.260653,0.069608
8642.5,0.261358,0.069720
8643.5,0.262059,0.069832
8644.5,0.262757,0.069944
8645.5,0.263451,0.070055
8646.5,0.264142,0.070165
8647.5,0.264828,0.070274
8648.5,0.265510,0.070383
8649.5,0.266188,0.070491
8650.5,0.266861,0.070598
8651.5,0.267530,0.070705
8652.5,0.268193,0.070810
8653.5,0.268851,0.070914
8654.5,0.269504,0.071018
8655.5,0.270152,0.071120
8656.5,0.270794,0.071221
8657.5,0.271431,0.071321
8658.5,0.272061,0.071420
8659.5,0.272685,0.071517
8660.5,0.273303,0.071613
8661.5,0.273915,0.071707
8662.5,0.274520,0.071800
8663.5,0.275119,0.071892
8664.5,0.275711,0.071981
8665.5,0.276296,0.072069
8666.5,0.276874,0.072156
8667.5,0.277445,0.072240
8668.5,0.278008,0.072322
8669.5,0.278564,0.072403
8670.5,0.279113,0.072482
8671.5,0.279654,0.072558
8672.5,0.280187,0.072633
8673.5,0.280712,0.072705
8674.5,0.281230,0.072775
8675.5,0.281739,0.072843
8676.5,0.282241,0.072908
8677.5,0.282734,0.072971
8678.5,0.283218,0.073032
8679.5,0.283695,0.073090
8680.5,0.284162,0.073146
8681.5,0.284622,0.073199
8682.5,0.285072,0.073250
8683.5,0.285514,0.073298
8684.5,0.285947,0.073344
8685.5,0.286372,0.073387
8686.5,0.286787,0.073428
8687.5,0.287194,0.073465
8688.5,0.287591,0.073501
8689.5,0.287980,0.073533
8690.5,0.288359,0.073563
8691.5,0.288729,0.073591
8692.5,0.289090,0.073616
8693.5,0.289442,0.073638
8694.5,0.289784,0.073657
8695.5,0.290118,0.073675
8696.5,0.290442,0.073689
8697.5,0.290756,0.073701
8698.5,0.291061,0.073711
8699.5,0.291357,0.073719
8700.5,0.291644,0.073724
8701.5,0.291920,0.073726
8702.5,0.292188,0.073727
8703.5,0.292446,0.073725
8704.5,0.292695,0.073721
8705.5,0.292934,0.073715
8706.5,0.293164,0.073707
8707.5,0.293384,0.073698
8708.5,0.293595,0.073686
8709.5,0.293796,0.073673
8710.5,0.293988,0.073657
8711.5,0.294170,0.073641
8712.5,0.294343,0.073623
8713.5,0.294506,0.073603
8714.5,0.294660,0.073582
8715.5,0.294805,0.073560
8716.5,0.294940,0.073536
8717.5,0.295066,0.073512
8718.5,0.295182,0.073486
8719.5,0.295289,0.073460
8720.5,0.295386,0.073433
8721.5,0.295474,0.073405
8722.5,0.295553,0.073377
8723.5,0.295623,0.073348
8724.5,0.295683,0.073319
8725.5,0.295734,0.073289
8726.5,0.295775,0.073259
8727.5,0.295807,0.073229
8728.5,0.295830,0.073199
8729.5,0.295844,0.073169
8730.5,0.295848,0.073139
8731.5,0.295843,0.073110
8732.5,0.295829,0.073080
8733.5,0.295806,0.073051
8734.5,0.295773,0.073022
8735.5,0.295731,0.072994
8736.5,0.295680,0.072966
8737.5,0.295620,0.072939
8738.5,0.295550,0.072912
8739.5,0.295472,0.072886
8740.5,0.295384,0.072861
8741.5,0.295287,0.072836
8742.5,0.295180,0.072812
8743.5,0.295065,0.072789
8744.5,0.294940,0.072767
8745.5,0.294806,0.072745
8746.5,0.294663,0.072725
8747.5,0.294510,0.072705
8748.5,0.294348,0.072685
8749.5,0.294177,0.072667
8750.5,0.293997,0.072649
8751.5,0.293808,0.072632
8752.5,0.293609,0.072615
8753.5,0.293401,0.072599
8754.5,0.293183,0.072584
8755.5,0.292956,0.072569
8756.5,0.292720,0.072555
8757.5,0.292475,0.072541
8758.5,0.292220,0.072528
8759.5,0.291955,0.072514
8760.5,0.291681,0.072501
8761.5,0.291398,0.072488
8762.5,0.291105,0.072475
8763.5,0.290803,0.072462
8764.5,0.290491,0.072449
8765.5,0.290170,0.072436
8766.5,0.289839,0.072422
8767.5,0.289498,0.072408
8768.5,0.289148,0.072393
8769.5,0.288788,0.072378
8770.5,0.288419,0.072361
8771.5,0.288040,0.072344
8772.5,0.287651,0.072326
8773.5,0.287252,0.072307
8774.5,0.286844,0.072287
8775.5,0.286426,0.072265
8776.5,0.285998,0.072242
8777.5,0.285561,0.072217
8778.5,0.285114,0.072191
8779.5,0.284657,0.072163
8780.5,0.284190,0.072133
8781.5,0.283713,0.072101
8782.5,0.283227,0.072067
8783.5,0.282731,0.072031
8784.5,0.282225,0.071993
8785.5,0.281709,0.071952
8786.5,0.281184,0.071909
8787.5,0.280648,0.071863
8788.5,0.280104,0.071815
8789.5,0.279549,0.071764
8790.5,0.278985,0.071711
8791.5,0.278411,0.071654
8792.5,0.277828,0.071595
8793.5,0.277234,0.071533
8794.5,0.276632,0.071467
8795.5,0.276020,0.071399
8796.5,0.275398,0.071327
8797.5,0.274767,0.071253
8798.5,0.274127,0.071175
8799.5,0.273477,0.071094
8800.5,0.272819,0.071010
8801.5,0.272151,0.070923
8802.5,0.271474,0.070832
8803.5,0.270788,0.070738
8804.5,0.270093,0.070641
8805.5,0.269390,0.070541
8806.5,0.268678,0.070437
8807.5,0.267957,0.070330
8808.5,0.267227,0.070220
8809.5,0.266490,0.070107
8810.5,0.265744,0.069990
8811.5,0.264990,0.069871
8812.5,0.264228,0.069748
8813.5,0.263458,0.069623
8814.5,0.262680,0.069494
8815.5,0.261895,0.069362
8816.5,0.261102,0.069228
8817.5,0.260302,0.069091
8818.5,0.259495,0.068950
8819.5,0.258681,0.068808
8820.5,0.257861,0.068662
8821.5,0.257033,0.068514
8822.5,0.256200,0.068364
8823.5,0.255360,0.068211
8824.5,0.254514,0.068056
8825.5,0.253662,0.067898
8826.5,0.252804,0.067739
8827.5,0.251941,0.067577
8828.5,0.251073,0.067413
8829.5,0.250200,0.067248
8830.5,0.249322,0.067081
8831.5,0.248440,0.066912
8832.5,0.247553,0.066741
8833.5,0.246662,0.066569
8834.5,0.245767,0.066395
8835.5,0.244869,0.066220
8836.5,0.243967,0.066044
8837.5,0.243062,0.065866
8838.5,0.242154,0.065688
8839.5,0.241244,0.065509
8840.5,0.240331,0.065328
8841.5,0.239416,0.065147
8842.5,0.238499,0.064965
8843.5,0.237581,0.064783
8844.5,0.236661,0.064600
8845.5,0.235741,0.064416
8846.5,0.234819,0.064232
8847.5,0.233897,0.064048
8848.5,0.232975,0.063863
8849.5,0.232053,0.063679
8850.5,0.231132,0.063494
8851.5,0.230211,0.063309
8852.5,0.229291,0.063124
8853.5,0.228372,0.062940
8854.5,0.227455,0.062755
8855.5,0.226540,0.062571
8856.5,0.225627,0.062387
8857.5,0.224716,0.062203
8858.5,0.223808,0.062020
8859.5,0.222903,0.061837
8860.5,0.222001,0.061655
8861.5,0.221103,0.061473
8862.5,0.220208,0.061292
8863.5,0.219318,0.061111
8864.5,0.218432,0.060931
8865.5,0.217551,0.060752
8866.5,0.216675,0.060574
8867.5,0.215805,0.060396
8868.5,0.214940,0.060219
8869.5,0.214081,0.060043
8870.5,0.213228,0.059868
8871.5,0.212381,0.059693
8872.5,0.211542,0.059520
8873.5,0.210709,0.059348
8874.5,0.209883,0.059176
8875.5,0.209066,0.059006
8876.5,0.208256,0.058836
8877.5,0.207454,0.058668
8878.5,0.206660,0.058501
8879.5,0.205875,0.058335
8880.5,0.205099,0.058170
8881.5,0.204332,0.058006
8882.5,0.203575,0.057844
8883.5,0.202827,0.057682
8884.5,0.202089,0.057523
8885.5,0.201361,0.057364
8886.5,0.200644,0.057207
8887.5,0.199937,0.057051
8888.5,0.199241,0.056897
8889.5,0.198556,0.056744
8890.5,0.197882,0.056592
8891.5,0.197220,0.056443
8892.5,0.196569,0.056295
8893.5,0.195930,0.056148
8894.5,0.195304,0.056004
8895.5,0.194689,0.055861
8896.5,0.194087,0.055720
8897.5,0.193497,0.055581
8898.5,0.192920,0.055444
8899.5,0.192356,0.055310
8900.5,0.191806,0.055177
8901.5,0.191268,0.055047
8902.5,0.190743,0.054919
8903.5,0.190232,0.054793
8904.5,0.189735,0.054670
8905.5,0.189251,0.054549
8906.5,0.188781,0.054431
8907.5,0.188325,0.054316
8908.5,0.187883,0.054204
8909.5,0.187456,0.054095
8910.5,0.187042,0.053989
8911.5,0.186642,0.053886
8912.5,0.186257,0.053787
8913.5,0.185887,0.053690
8914.5,0.185530,0.053598
8915.5,0.185188,0.053509
8916.5,0.184861,0.053423
8917.5,0.184548,0.053342
8918.5,0.184249,0.053264
8919.5,0.183965,0.053191
8920.5,0.183696,0.053122
8921.5,0.183440,0.053057
8922.5,0.183200,0.052996
8923.5,0.182973,0.052940
8924.5,0.182761,0.052889
8925.5,0.182564,0.052842
8926.5,0.182380,0.052800
8927.5,0.182211,0.052763
8928.5,0.182056,0.052731
8929.5,0.181915,0.052704
8930.5,0.181788,0.052682
8931.5,0.181674,0.052666
8932.5,0.181575,0.052654
8933.5,0.181488,0.052648
8934.5,0.181416,0.052648
8935.5,0.181356,0.052653
8936.5,0.181310,0.052663
8937.5,0.181277,0.052679
8938.5,0.181256,0.052701
8939.5,0.181248,0.052728
8940.5,0.181253,0.052760
8941.5,0.181270,0.052799
8942.5,0.181299,0.052842
8943.5,0.181340,0.052892
8944.5,0.181392,0.052947
8945.5,0.181456,0.053007
8946.5,0.181531,0.053073
8947.5,0.181617,0.053144
8948.5,0.181714,0.053220
8949.5,0.181822,0.053302
8950.5,0.181940,0.053389
8951.5,0.182067,0.053481
8952.5,0.182205,0.053578
8953.5,0.182352,0.053679
8954.5,0.182508,0.053785
8955.5,0.182673,0.053896
8956.5,0.182846,0.054011
8957.5,0.183028,0.054131
8958.5,0.183218,0.054254
8959.5,0.183416,0.054381
8960.5,0.183622,0.054512
8961.5,0.183834,0.054647
8962.5,0.184054,0.054785
8963.5,0.184280,0.054926
8964.5,0.184512,0.055070
8965.5,0.184751,0.055216
8966.5,0.184995,0.055366
8967.5,0.185245,0.055517
8968.5,0.185499,0.055670
8969.5,0.185758,0.055825
8970.5,0.186022,0.055982
8971.5,0.186290,0.056140
8972.5,0.186562,0.056299
8973.5,0.186838,0.056459
8974.5,0.187117,0.056619
8975.5,0.187398,0.056780
8976.5,0.187683,0.056940
8977.5,0.187970,0.057101
8978.5,0.188259,0.057261
8979.5,0.188550,0.057420
8980.5,0.188842,0.057578
8981.5,0.189136,0.057735
8982.5,0.189431,0.057891
8983.5,0.189727,0.058045
8984.5,0.190023,0.058197
8985.5,0.190320,0.058347
8986.5,0.190617,0.058495
8987.5,0.190913,0.058640
8988.5,0.191210,0.058782
8989.5,0.191505,0.058921
8990.5,0.191800,0.059057
8991.5,0.192094,0.059189
8992.5,0.192387,0.059317
8993.5,0.192679,0.059442
8994.5,0.192969,0.059563
8995.5,0.193257,0.059680
8996.5,0.193544,0.059792
8997.5,0.193829,0.059899
8998.5,0.194111,0.060002
8999.5,0.194392,0.060100
9000.5,0.194670,0.060193
9001.5,0.194946,0.060281
9002.5,0.195219,0.060364
9003.5,0.195490,0.060442
9004.5,0.195759,0.060514
9005.5,0.196024,0.060581
9006.5,0.196288,0.060642
9007.5,0.196548,0.060697
9008.5,0.196806,0.060747
9009.5,0.197061,0.060791
9010.5,0.197313,0.060829
9011.5,0.197563,0.060862
9012.5,0.197810,0.060888
9013.5,0.198055,0.060909
9014.5,0.198297,0.060925
9015.5,0.198537,0.060934
9016.5,0.198774,0.060938
9017.5,0.199009,0.060936
9018.5,0.199242,0.060928
9019.5,0.199473,0.060915
9020.5,0.199702,0.060896
9021.5,0.199930,0.060872
9022.5,0.200155,0.060843
9023.5,0.200380,0.060808
9024.5,0.200603,0.060769
9025.5,0.200825,0.060724
9026.5,0.201047,0.060675
9027.5,0.201267,0.060621
9028.5,0.201487,0.060562
9029.5,0.201707,0.060500
9030.5,0.201927,0.060433
9031.5,0.202148,0.060362
9032.5,0.202368,0.060288
9033.5,0.202590,0.060210
9034.5,0.202813,0.060129
9035.5,0.203036,0.060044
9036.5,0.203262,0.059957
9037.5,0.203489,0.059867
9038.5,0.203719,0.059775
9039.5,0.203951,0.059681
9040.5,0.204185,0.059585
9041.5,0.204423,0.059487
9042.5,0.204664,0.059389
9043.5,0.204909,0.059289
9044.5,0.205157,0.059188
9045.5,0.205410,0.059087
9046.5,0.205668,0.058986
9047.5,0.205930,0.058885
9048.5,0.206198,0.058785
9049.5,0.206471,0.058685
9050.5,0.206750,0.058586
9051.5,0.207036,0.058489
9052.5,0.207328,0.058394
9053.5,0.207626,0.058300
9054.5,0.207932,0.058209
9055.5,0.208246,0.058120
9056.5,0.208567,0.058034
9057.5,0.208896,0.057951
9058.5,0.209233,0.057872
9059.5,0.209579,0.057796
9060.5,0.209935,0.057724
9061.5,0.210299,0.057657
9062.5,0.210673,0.057594
9063.5,0.211057,0.057536
9064.5,0.211450,0.057483
9065.5,0.211855,0.057435
9066.5,0.212269,0.057393
9067.5,0.212695,0.057357
9068.5,0.213131,0.057326
9069.5,0.213579,0.057302
9070.5,0.214039,0.057284
9071.5,0.214510,0.057272
9072.5,0.214993,0.057268
9073.5,0.215488,0.057270
9074.5,0.215995,0.057279
9075.5,0.216515,0.057295
9076.5,0.217047,0.057318
9077.5,0.217592,0.057348
9078.5,0.218150,0.057386
9079.5,0.218721,0.057432
9080.5,0.219305,0.057485
9081.5,0.219902,0.057545
9082.5,0.220512,0.057613
9083.5,0.221136,0.057688
9084.5,0.221773,0.057771
9085.5,0.222424,0.057862
9086.5,0.223088,0.057960
9087.5,0.223766,0.058066
9088.5,0.224457,0.058179
9089.5,0.225161,0.058299
9090.5,0.225879,0.058427
9091.5,0.226611,0.058561
9092.5,0.227355,0.058703
9093.5,0.228114,0.058852
9094.5,0.228885,0.059007
9095.5,0.229669,0.059169
9096.5,0.230467,0.059338
9097.5,0.231277,0.059513
9098.5,0.232101,0.059694
9099.5,0.232937,0.059881
9100.5,0.233785,0.060073
9101.5,0.234646,0.060272
9102.5,0.235519,0.060476
9103.5,0.236404,0.060685
9104.5,0.237301,0.060899
9105.5,0.238210,0.061118
9106.5,0.239129,0.061341
9107.5,0.240060,0.061569
9108.5,0.241002,0.061800
9109.5,0.241954,0.062036
9110.5,0.242917,0.062275
9111.5,0.243890,0.062518
9112.5,0.244872,0.062764
9113.5,0.245865,0.063013
9114.5,0.246866,0.063264
9115.5,0.247876,0.063518
9116.5,0.248895,0.063775
9117.5,0.249922,0.064033
9118.5,0.250956,0.064293
9119.5,0.251999,0.064555
9120.5,0.253048,0.064818
9121.5,0.254105,0.065082
9122.5,0.255168,0.065348
9123.5,0.256237,0.065613
9124.5,0.257311,0.065880
9125.5,0.258392,0.066146
9126.5,0.259477,0.066413
9127.5,0.260566,0.066679
9128.5,0.261660,0.066945
9129.5,0.262758,0.067211
9130.5,0.263859,0.067476
9131.5,0.264963,0.067739
9132.5,0.266069,0.068002
9133.5,0.267178,0.068264
9134.5,0.268289,0.068524
9135.5,0.269401,0.068782
9136.5,0.270514,0.069039
9137.5,0.271627,0.069293
9138.5,0.272741,0.069546
9139.5,0.273855,0.069796
9140.5,0.274968,0.070044
9141.5,0.276079,0.070289
9142.5,0.277190,0.070532
9143.5,0.278298,0.070772
9144.5,0.279405,0.071009
9145.5,0.280508,0.071243
9146.5,0.281609,0.071474
9147.5,0.282706,0.071702
9148.5,0.283800,0.071926
9149.5,0.284889,0.072147
9150.5,0.285974,0.072364
9151.5,0.287054,0.072577
9152.5,0.288129,0.072787
9153.5,0.289198,0.072993
9154.5,0.290261,0.073196
9155.5,0.291318,0.073394
9156.5,0.292368,0.073588
9157.5,0.293411,0.073778
9158.5,0.294446,0.073965
9159.5,0.295474,0.074147
9160.5,0.296494,0.074324
9161.5,0.297506,0.074498
9162.5,0.298509,0.074668
9163.5,0.299503,0.074833
9164.5,0.300488,0.074993
9165.5,0.301463,0.075150
9166.5,0.302429,0.075302
9167.5,0.303385,0.075450
9168.5,0.304330,0.075593
9169.5,0.305265,0.075733
9170.5,0.306189,0.075867
9171.5,0.307102,0.075998
9172.5,0.308004,0.076124
9173.5,0.308894,0.076246
9174.5,0.309772,0.076364
9175.5,0.310638,0.076477
9176.5,0.311493,0.076587
9177.5,0.312335,0.076692
9178.5,0.313164,0.076793
9179.5,0.313981,0.076889
9180.5,0.314784,0.076982
9181.5,0.315575,0.077071
9182.5,0.316352,0.077156
9183.5,0.317116,0.077237
9184.5,0.317866,0.077314
9185.5,0.318603,0.077388
9186.5,0.319325,0.077458
9187.5,0.320034,0.077524
9188.5,0.320729,0.077587
9189.5,0.321409,0.077646
9190.5,0.322075,0.077702
9191.5,0.322726,0.077755
9192.5,0.323363,0.077805
9193.5,0.323985,0.077851
9194.5,0.324593,0.077894
9195.5,0.325185,0.077935
9196.5,0.325763,0.077973
9197.5,0.326325,0.078008
9198.5,0.326873,0.078040
9199.5,0.327405,0.078070
9200.5,0.327922,0.078097
9201.5,0.328423,0.078122
9202.5,0.328910,0.078145
9203.5,0.329380,0.078165
9204.5,0.329836,0.078184
9205.5,0.330275,0.078201
9206.5,0.330699,0.078216
9207.5,0.331108,0.078229
9208.5,0.331500,0.078240
9209.5,0.331877,0.078250
9210.5,0.332239,0.078259
9211.5,0.332584,0.078266
9212.5,0.332914,0.078272
9213.5,0.333227,0.078276
9214.5,0.333525,0.078280
9215.5,0.333807,0.078283
9216.5,0.334073,0.078284
9217.5,0.334323,0.078285
9218.5,0.334556,0.078285
9219.5,0.334774,0.078285
9220.5,0.334976,0.078283
9221.5,0.335162,0.078281
9222.5,0.335332,0.078279
9223.5,0.335485,0.078276
9224.5,0.335623,0.078273
9225.5,0.335744,0.078269
9226.5,0.335850,0.078266
9227.5,0.335939,0.078261
9228.5,0.336012,0.078257
9229.5,0.336069,0.078252
9230.5,0.336110,0.078247
9231.5,0.336135,0.078242
9232.5,0.336144,0.078237
9233.5,0.336136,0.078231
9234.5,0.336113,0.078225
9235.5,0.336073,0.078219
9236.5,0.336017,0.078213
9237.5,0.335945,0.078206
9238.5,0.335857,0.078199
9239.5,0.335753,0.078192
9240.5,0.335633,0.078184
9241.5,0.335497,0.078176
9242.5,0.335345,0.078167
9243.5,0.335177,0.078158
9244.5,0.334993,0.078148
9245.5,0.334793,0.078138
9246.5,0.334577,0.078127
9247.5,0.334345,0.078115
9248.5,0.334098,0.078102
9249.5,0.333834,0.078088
9250.5,0.333555,0.078072
9251.5,0.333261,0.078056
9252.5,0.332950,0.078038
9253.5,0.332625,0.078019
9254.5,0.332283,0.077999
9255.5,0.331927,0.077976
9256.5,0.331554,0.077952
9257.5,0.331167,0.077926
9258.5,0.330765,0.077899
9259.5,0.330347,0.077869
9260.5,0.329915,0.077836
9261.5,0.329467,0.077802
9262.5,0.329005,0.077765
9263.5,0.328528,0.077725
9264.5,0.328037,0.077683
9265.5,0.327531,0.077638
9266.5,0.327011,0.077590
9267.5,0.326477,0.077539
9268.5,0.325929,0.077484
9269.5,0.325368,0.077427
9270.5,0.324792,0.077366
9271.5,0.324203,0.077301
9272.5,0.323601,0.077233
9273.5,0.322986,0.077161
9274.5,0.322358,0.077086
9275.5,0.321717,0.077006
9276.5,0.321064,0.076923
9277.5,0.320398,0.076835
9278.5,0.319721,0.076743
9279.5,0.319031,0.076648
9280.5,0.318330,0.076547
9281.5,0.317618,0.076443
9282.5,0.316895,0.076334
9283.5,0.316161,0.076221
9284.5,0.315417,0.076103
9285.5,0.314663,0.075981
9286.5,0.313898,0.075854
9287.5,0.313125,0.075722
9288.5,0.312342,0.075586
9289.5,0.311550,0.075446
9290.5,0.310749,0.075301
9291.5,0.309941,0.075151
9292.5,0.309124,0.074997
9293.5,0.308300,0.074839
9294.5,0.307469,0.074676
9295.5,0.306631,0.074508
9296.5,0.305786,0.074337
9297.5,0.304936,0.074160
9298.5,0.304080,0.073980
9299.5,0.303219,0.073796
9300.5,0.302353,0.073608
9301.5,0.301483,0.073415
9302.5,0.300609,0.073219
9303.5,0.299731,0.073019
9304.5,0.298850,0.072816
9305.5,0.297967,0.072609
9306.5,0.297081,0.072399
9307.5,0.296194,0.072186
9308.5,0.295306,0.071969
9309.5,0.294416,0.071750
9310.5,0.293527,0.071528
9311.5,0.292637,0.071304
9312.5,0.291749,0.071077
9313.5,0.290861,0.070849
9314.5,0.289975,0.070618
9315.5,0.289091,0.070385
9316.5,0.288210,0.070152
9317.5,0.287332,0.069916
9318.5,0.286457,0.069680
9319.5,0.285587,0.069443
9320.5,0.284721,0.069205
9321.5,0.283860,0.068967
9322.5,0.283005,0.068729
9323.5,0.282155,0.068491
9324.5,0.281313,0.068253
9325.5,0.280477,0.068016
9326.5,0.279649,0.067779
9327.5,0.278829,0.067544
9328.5,0.278017,0.067310
9329.5,0.277215,0.067078
9330.5,0.276422,0.066847
9331.5,0.275639,0.066619
9332.5,0.274866,0.066393
9333.5,0.274105,0.066170
9334.5,0.273354,0.065949
9335.5,0.272616,0.065732
9336.5,0.271890,0.065518
9337.5,0.271176,0.065308
9338.5,0.270476,0.065101
9339.5,0.269790,0.064899
9340.5,0.269117,0.064701
9341.5,0.268459,0.064507
9342.5,0.267816,0.064319
9343.5,0.267188,0.064135
9344.5,0.266576,0.063957
9345.5,0.265980,0.063784
9346.5,0.265400,0.063616
9347.5,0.264838,0.063455
9348.5,0.264292,0.063299
9349.5,0.263764,0.063150
9350.5,0.263254,0.063007
9351.5,0.262762,0.062870
9352.5,0.262289,0.062741
9353.5,0.261834,0.062617
9354.5,0.261399,0.062501
9355.5,0.260983,0.062392
9356.5,0.260586,0.062290
9357.5,0.260210,0.062195
9358.5,0.259854,0.062108
9359.5,0.259518,0.062028
9360.5,0.259203,0.061955
9361.5,0.258909,0.061890
9362.5,0.258635,0.061833
9363.5,0.258383,0.061783
9364.5,0.258153,0.061740
9365.5,0.257944,0.061706
9366.5,0.257757,0.061678
9367.5,0.257591,0.061659
9368.5,0.257448,0.061647
9369.5,0.257326,0.061642
9370.5,0.257227,0.061645
9371.5,0.257150,0.061656
9372.5,0.257095,0.061673
9373.5,0.257063,0.061698
9374.5,0.257053,0.061730
9375.5,0.257065,0.061770
9376.5,0.257100,0.061816
9377.5,0.257158,0.061869
9378.5,0.257237,0.061929
9379.5,0.257339,0.061995
9380.5,0.257464,0.062068
9381.5,0.257611,0.062148
9382.5,0.257780,0.062233
9383.5,0.257971,0.062325
9384.5,0.258184,0.062422
9385.5,0.258419,0.062525
9386.5,0.258676,0.062634
9387.5,0.258955,0.062748
9388.5,0.259255,0.062867
9389.5,0.259577,0.062992
9390.5,0.259920,0.063121
9391.5,0.260284,0.063255
9392.5,0.260669,0.063393
9393.5,0.261075,0.063536
9394.5,0.261501,0.063682
9395.5,0.261948,0.063833
9396.5,0.262415,0.063987
9397.5,0.262901,0.064145
9398.5,0.263408,0.064306
9399.5,0.263933,0.064470
9400.5,0.264478,0.064638
9401.5,0.265042,0.064808
9402.5,0.265624,0.064980
9403.5,0.266224,0.065155
9404.5,0.266842,0.065332
9405.5,0.267479,0.065512
9406.5,0.268132,0.065693
9407.5,0.268803,0.065876
9408.5,0.269490,0.066060
9409.5,0.270194,0.066246
9410.5,0.270914,0.066433
9411.5,0.271649,0.066622
9412.5,0.272401,0.066811
9413.5,0.273167,0.067000
9414.5,0.273948,0.067191
9415.5,0.274743,0.067382
9416.5,0.275552,0.067573
9417.5,0.276375,0.067765
9418.5,0.277212,0.067956
9419.5,0.278061,0.068148
9420.5,0.278923,0.068340
9421.5,0.279797,0.068531
9422.5,0.280682,0.068722
9423.5,0.281580,0.068913
9424.5,0.282488,0.069103
9425.5,0.283407,0.069292
9426.5,0.284336,0.069481
9427.5,0.285275,0.069669
9428.5,0.286224,0.069856
9429.5,0.287181,0.070042
9430.5,0.288148,0.070227
9431.5,0.289123,0.070412
9432.5,0.290106,0.070595
9433.5,0.291096,0.070777
9434.5,0.292094,0.070958
9435.5,0.293098,0.071137
9436.5,0.294109,0.071315
9437.5,0.295126,0.071493
9438.5,0.296149,0.071668
9439.5,0.297177,0.071843
9440.5,0.298210,0.072016
9441.5,0.299247,0.072187
9442.5,0.300289,0.072358
9443.5,0.301334,0.072527
9444.5,0.302384,0.072694
9445.5,0.303436,0.072860
9446.5,0.304491,0.073025
9447.5,0.305548,0.073188
9448.5,0.306608,0.073350
9449.5,0.307669,0.073511
9450.5,0.308731,0.073670
9451.5,0.309795,0.073827
9452.5,0.310860,0.073984
9453.5,0.311924,0.074139
9454.5,0.312989,0.074292
9455.5,0.314054,0.074444
9456.5,0.315118,0.074595
9457.5,0.316182,0.074745
9458.5,0.317244,0.074893
9459.5,0.318305,0.075040
9460.5,0.319364,0.075186
9461.5,0.320421,0.075330
9462.5,0.321476,0.075473
9463.5,0.322528,0.075615
9464.5,0.323578,0.075756
9465.5,0.324624,0.075895
9466.5,0.325667,0.076033
9467.5,0.326707,0.076170
9468.5,0.327742,0.076306
9469.5,0.328774,0.076440
9470.5,0.329802,0.076573
9471.5,0.330825,0.076705
9472.5,0.331843,0.076836
9473.5,0.332856,0.076966
9474.5,0.333865,0.077094
9475.5,0.334868,0.077221
9476.5,0.335866,0.077347
9477.5,0.336858,0.077471
9478.5,0.337844,0.077595
9479.5,0.338824,0.077717
9480.5,0.339798,0.077837
9481.5,0.340766,0.077957
9482.5,0.341728,0.078075
9483.5,0.342683,0.078191
9484.5,0.343631,0.078306
9485.5,0.344573,0.078420
9486.5,0.345507,0.078532
9487.5,0.346435,0.078643
9488.5,0.347356,0.078753
9489.5,0.348269,0.078860
9490.5,0.349175,0.078967
9491.5,0.350074,0.079071
9492.5,0.350966,0.079174
9493.5,0.351850,0.079275
9494.5,0.352726,0.079375
9495.5,0.353595,0.079473
9496.5,0.354457,0.079569
9497.5,0.355311,0.079663
9498.5,0.356157,0.079756
9499.5,0.356995,0.079846
9500.5,0.357826,0.079935
9501.5,0.358650,0.080022
9502.5,0.359465,0.080107
9503.5,0.360273,0.080190
9504.5,0.361074,0.080271
9505.5,0.361867,0.080350
9506.5,0.362652,0.080427
9507.5,0.363430,0.080502
9508.5,0.364200,0.080574
9509.5,0.364963,0.080645
9510.5,0.365718,0.080714
9511.5,0.366467,0.080781
9512.5,0.367208,0.080845
9513.5,0.367941,0.080908
9514.5,0.368668,0.080968
9515.5,0.369388,0.081027
9516.5,0.370101,0.081083
9517.5,0.370807,0.081137
9518.5,0.371507,0.081190
9519.5,0.372199,0.081240
9520.5,0.372886,0.081288
9521.5,0.373566,0.081335
9522.5,0.374240,0.081379
9523.5,0.374907,0.081422
9524.5,0.375569,0.081463
9525.5,0.376225,0.081502
9526.5,0.376875,0.081539
9527.5,0.377520,0.081574
9528.5,0.378159,0.081608
9529.5,0.378793,0.081641
9530.5,0.379422,0.081672
9531.5,0.380046,0.081701
9532.5,0.380665,0.081729
9533.5,0.381279,0.081756
9534.5,0.381889,0.081782
9535.5,0.382494,0.081806
9536.5,0.383096,0.081830
9537.5,0.383693,0.081852
9538.5,0.384286,0.081873
9539.5,0.384876,0.081894
9540.5,0.385462,0.081914
9541.5,0.386045,0.081933
9542.5,0.386624,0.081952
9543.5,0.387201,0.081970
9544.5,0.387774,0.081988
9545.5,0.388345,0.082006
9546.5,0.388914,0.082023
9547.5,0.389480,0.082040
9548.5,0.390043,0.082058
9549.5,0.390605,0.082075
9550.5,0.391165,0.082092
9551.5,0.391723,0.082110
9552.5,0.392279,0.082128
9553.5,0.392834,0.082147
9554.5,0.393387,0.082166
9555.5,0.393940,0.082186
9556.5,0.394491,0.082206
9557.5,0.395041,0.082227
9558.5,0.395591,0.082249
9559.5,0.396140,0.082272
9560.5,0.396688,0.082296
9561.5,0.397237,0.082321
9562.5,0.397784,0.082347
9563.5,0.398332,0.082374
9564.5,0.398880,0.082403
9565.5,0.399427,0.082433
9566.5,0.399975,0.082464
9567.5,0.400523,0.082496
9568.5,0.401071,0.082530
9569.5,0.401620,0.082566
9570.5,0.402169,0.082603
9571.5,0.402719,0.082641
9572.5,0.403269,0.082681
9573.5,0.403820,0.082723
9574.5,0.404372,0.082766
9575.5,0.404924,0.082811
9576.5,0.405477,0.082857
9577.5,0.406031,0.082905
9578.5,0.406586,0.082955
9579.5,0.407141,0.083006
9580.5,0.407698,0.083059
9581.5,0.408255,0.083113
9582.5,0.408813,0.083169
9583.5,0.409372,0.083227
9584.5,0.409932,0.083286
9585.5,0.410492,0.083347
9586.5,0.411053,0.083409
9587.5,0.411615,0.083472
9588.5,0.412177,0.083537
9589.5,0.412740,0.083604
9590.5,0.413303,0.083671
9591.5,0.413867,0.083740
9592.5,0.414431,0.083810
9593.5,0.414995,0.083882
9594.5,0.415560,0.083954
9595.5,0.416124,0.084028
9596.5,0.416688,0.084102
9597.5,0.417252,0.084178
9598.5,0.417816,0.084254
9599.5,0.418379,0.084332
9600.5,0.418942,0.084410
9601.5,0.419503,0.084489
9602.5,0.420064,0.084568
9603.5,0.420623,0.084648
9604.5,0.421181,0.084729
9605.5,0.421738,0.084810
9606.5,0.422293,0.084892
9607.5,0.422846,0.084974
9608.5,0.423397,0.085056
9609.5,0.423945,0.085138
9610.5,0.424491,0.085221
9611.5,0.425034,0.085304
9612.5,0.425574,0.085387
9613.5,0.426111,0.085470
9614.5,0.426644,0.085553
9615.5,0.427174,0.085636
9616.5,0.427699,0.085719
9617.5,0.428221,0.085801
9618.5,0.428737,0.085883
9619.5,0.429249,0.085966
9620.5,0.429756,0.086047
9621.5,0.430257,0.086129
9622.5,0.430752,0.086210
9623.5,0.431242,0.086290
9624.5,0.431725,0.086370
9625.5,0.432202,0.086450
9626.5,0.432671,0.086529
9627.5,0.433134,0.086607
9628.5,0.433588,0.086685
9629.5,0.434035,0.086762
9630.5,0.434474,0.086838
9631.5,0.434904,0.086914
9632.5,0.435325,0.086989
9633.5,0.435737,0.087063
9634.5,0.436140,0.087137
9635.5,0.436532,0.087209
9636.5,0.436914,0.087281
9637.5,0.437286,0.087352
9638.5,0.437647,0.087422
9639.5,0.437996,0.087492
9640.5,0.438334,0.087560
9641.5,0.438660,0.087627
9642.5,0.438973,0.087694
9643.5,0.439274,0.087759
9644.5,0.439561,0.087824
9645.5,0.439836,0.087887
9646.5,0.440096,0.087950
9647.5,0.440342,0.088011
9648.5,0.440574,0.088071
9649.5,0.440791,0.088131
9650.5,0.440993,0.088189
9651.5,0.441179,0.088246
9652.5,0.441349,0.088302
9653.5,0.441504,0.088357
9654.5,0.441641,0.088410
9655.5,0.441762,0.088463
9656.5,0.441865,0.088514
9657.5,0.441951,0.088564
9658.5,0.442019,0.088612
9659.5,0.442068,0.088660
9660.5,0.442099,0.088706
9661.5,0.442112,0.088750
9662.5,0.442105,0.088793
9663.5,0.442078,0.088835
9664.5,0.442032,0.088875
9665.5,0.441965,0.088913
9666.5,0.441878,0.088950
9667.5,0.441771,0.088985
9668.5,0.441642,0.089018
9669.5,0.441492,0.089050
9670.5,0.441321,0.089080
9671.5,0.441128,0.089108
9672.5,0.440913,0.089134
9673.5,0.440675,0.089158
9674.5,0.440415,0.089180
9675.5,0.440132,0.089199
9676.5,0.439827,0.089217
9677.5,0.439498,0.089232
9678.5,0.439145,0.089245
9679.5,0.438769,0.089255
9680.5,0.438370,0.089263
9681.5,0.437946,0.089268
9682.5,0.437498,0.089270
9683.5,0.437026,0.089270
9684.5,0.436529,0.089266
9685.5,0.436008,0.089260
9686.5,0.435462,0.089251
9687.5,0.434892,0.089238
9688.5,0.434296,0.089223
9689.5,0.433676,0.089203
9690.5,0.433030,0.089181
9691.5,0.432360,0.089155
9692.5,0.431664,0.089125
9693.5,0.430943,0.089092
9694.5,0.430196,0.089054
9695.5,0.429425,0.089013
9696.5,0.428628,0.088968
9697.5,0.427806,0.088919
9698.5,0.426958,0.088865
9699.5,0.426086,0.088807
9700.5,0.425188,0.088745
9701.5,0.424265,0.088678
9702.5,0.423318,0.088607
9703.5,0.422345,0.088531
9704.5,0.421347,0.088450
9705.5,0.420325,0.088364
9706.5,0.419278,0.088274
9707.5,0.418207,0.088178
9708.5,0.417112,0.088078
9709.5,0.415992,0.087972
9710.5,0.414849,0.087861
9711.5,0.413682,0.087745
9712.5,0.412492,0.087623
9713.5,0.411278,0.087496
9714.5,0.410041,0.087364
9715.5,0.408782,0.087226
9716.5,0.407500,0.087082
9717.5,0.406196,0.086933
9718.5,0.404871,0.086778
9719.5,0.403524,0.086618
9720.5,0.402155,0.086451
9721.5,0.400766,0.086280
9722.5,0.399356,0.086102
9723.5,0.397927,0.085919
9724.5,0.396477,0.085730
9725.5,0.395008,0.085535
9726.5,0.393521,0.085334
9727.5,0.392015,0.085128
9728.5,0.390491,0.084916
9729.5,0.388949,0.084699
9730.5,0.387390,0.084476
9731.5,0.385815,0.084247
9732.5,0.384223,0.084013
9733.5,0.382616,0.083773
9734.5,0.380993,0.083528
9735.5,0.379356,0.083278
9736.5,0.377705,0.083023
9737.5,0.376040,0.082762
9738.5,0.374363,0.082496
9739.5,0.372673,0.082225
9740.5,0.370971,0.081950
9741.5,0.369257,0.081669
9742.5,0.367533,0.081384
9743.5,0.365799,0.081095
9744.5,0.364055,0.080801
9745.5,0.362302,0.080503
9746.5,0.360541,0.080201
9747.5,0.358772,0.079895
9748.5,0.356996,0.079585
9749.5,0.355214,0.079272
9750.5,0.353426,0.078955
9751.5,0.351632,0.078635
9752.5,0.349834,0.078312
9753.5,0.348032,0.077986
9754.5,0.346227,0.077658
9755.5,0.344419,0.077327
9756.5,0.342609,0.076994
9757.5,0.340798,0.076659
9758.5,0.338986,0.076322
9759.5,0.337175,0.075984
9760.5,0.335363,0.075644
9761.5,0.333553,0.075303
9762.5,0.331745,0.074962
9763.5,0.329940,0.074620
9764.5,0.328138,0.074277
9765.5,0.326339,0.073934
9766.5,0.324545,0.073592
9767.5,0.322757,0.073250
9768.5,0.320974,0.072908
9769.5,0.319197,0.072568
9770.5,0.317428,0.072228
9771.5,0.315666,0.071890
9772.5,0.313912,0.071554
9773.5,0.312167,0.071220
9774.5,0.310432,0.070887
9775.5,0.308706,0.070558
9776.5,0.306991,0.070231
9777.5,0.305288,0.069906
9778.5,0.303596,0.069585
9779.5,0.301916,0.069268
9780.5,0.300249,0.068954
9781.5,0.298596,0.068644
9782.5,0.296956,0.068338
9783.5,0.295331,0.068037
9784.5,0.293721,0.067740
9785.5,0.292126,0.067448
9786.5,0.290547,0.067161
9787.5,0.288984,0.066879
9788.5,0.287439,0.066602
9789.5,0.285910,0.066331
9790.5,0.284399,0.066066
9791.5,0.282906,0.065807
9792.5,0.281431,0.065553
9793.5,0.279975,0.065306
9794.5,0.278539,0.065066
9795.5,0.277122,0.064831
9796.5,0.275725,0.064604
9797.5,0.274348,0.064383
9798.5,0.272992,0.064169
9799.5,0.271656,0.063962
9800.5,0.270342,0.063761
9801.5,0.269048,0.063568
9802.5,0.267777,0.063382
9803.5,0.266527,0.063203
9804.5,0.265300,0.063031
9805.5,0.264094,0.062867
9806.5,0.262911,0.062709
9807.5,0.261751,0.062559
9808.5,0.260613,0.062416
9809.5,0.259498,0.062280
9810.5,0.258406,0.062151
9811.5,0.257338,0.062029
9812.5,0.256292,0.061914
9813.5,0.255270,0.061807
9814.5,0.254270,0.061706
9815.5,0.253295,0.061611
9816.5,0.252342,0.061524
9817.5,0.251413,0.061443
9818.5,0.250507,0.061369
9819.5,0.249624,0.061301
9820.5,0.248765,0.061239
9821.5,0.247929,0.061183
9822.5,0.247116,0.061133
9823.5,0.246325,0.061090
9824.5,0.245558,0.061051
9825.5,0.244814,0.061019
9826.5,0.244092,0.060992
9827.5,0.243392,0.060970
9828.5,0.242715,0.060953
9829.5,0.242060,0.060941
9830.5,0.241427,0.060934
9831.5,0.240815,0.060931
9832.5,0.240225,0.060933
9833.5,0.239656,0.060940
9834.5,0.239109,0.060950
9835.5,0.238582,0.060964
9836.5,0.238075,0.060982
9837.5,0.237588,0.061004
9838.5,0.237122,0.061029
9839.5,0.236675,0.061057
9840.5,0.236247,0.061089
9841.5,0.235838,0.061123
9842.5,0.235447,0.061160
9843.5,0.235075,0.061200
9844.5,0.234720,0.061243
9845.5,0.234383,0.061288
9846.5,0.234063,0.061335
9847.5,0.233760,0.061384
9848.5,0.233473,0.061435
9849.5,0.233201,0.061488
9850.5,0.232946,0.061542
9851.5,0.232705,0.061598
9852.5,0.232478,0.061656
9853.5,0.232266,0.061715
9854.5,0.232068,0.061775
9855.5,0.231882,0.061836
9856.5,0.231710,0.061898
9857.5,0.231549,0.061962
9858.5,0.231401,0.062025
9859.5,0.231264,0.062090
9860.5,0.231137,0.062155
9861.5,0.231021,0.062221
9862.5,0.230915,0.062287
9863.5,0.230818,0.062353
9864.5,0.230730,0.062420
9865.5,0.230651,0.062487
9866.5,0.230579,0.062554
9867.5,0.230514,0.062621
9868.5,0.230457,0.062689
9869.5,0.230406,0.062756
9870.5,0.230360,0.062823
9871.5,0.230320,0.062889
9872.5,0.230284,0.062956
9873.5,0.230253,0.063022
9874.5,0.230226,0.063088
9875.5,0.230202,0.063153
9876.5,0.230180,0.063218
9877.5,0.230161,0.063282
9878.5,0.230143,0.063346
9879.5,0.230127,0.063409
9880.5,0.230111,0.063472
9881.5,0.230096,0.063534
9882.5,0.230080,0.063595
9883.5,0.230063,0.063655
9884.5,0.230045,0.063714
9885.5,0.230025,0.063773
9886.5,0.230002,0.063830
9887.5,0.229977,0.063887
9888.5,0.229948,0.063942
9889.5,0.229916,0.063997
9890.5,0.229879,0.064050
9891.5,0.229837,0.064102
9892.5,0.229790,0.064152
9893.5,0.229738,0.064202
9894.5,0.229679,0.064250
9895.5,0.229614,0.064297
9896.5,0.229541,0.064342
9897.5,0.229461,0.064385
9898.5,0.229373,0.064428
9899.5,0.229276,0.064468
9900.5,0.229171,0.064507
9901.5,0.229057,0.064544
9902.5,0.228932,0.064579
9903.5,0.228798,0.064612
9904.5,0.228653,0.064643
9905.5,0.228498,0.064673
9906.5,0.228331,0.064700
9907.5,0.228152,0.064725
9908.5,0.227961,0.064748
9909.5,0.227759,0.064768
9910.5,0.227543,0.064786
9911.5,0.227314,0.064802
9912.5,0.227072,0.064815
9913.5,0.226817,0.064826
9914.5,0.226547,0.064834
9915.5,0.226263,0.064839
9916.5,0.225964,0.064842
9917.5,0.225651,0.064841
9918.5,0.225322,0.064838
9919.5,0.224978,0.064831
9920.5,0.224618,0.064822
9921.5,0.224242,0.064809
9922.5,0.223850,0.064793
9923.5,0.223442,0.064773
9924.5,0.223017,0.064750
9925.5,0.222575,0.064724
9926.5,0.222116,0.064694
9927.5,0.221639,0.064660
9928.5,0.221146,0.064623
9929.5,0.220635,0.064582
9930.5,0.220106,0.064536
9931.5,0.219559,0.064487
9932.5,0.218994,0.064434
9933.5,0.218411,0.064377
9934.5,0.217810,0.064315
9935.5,0.217191,0.064250
9936.5,0.216553,0.064179
9937.5,0.215896,0.064105
9938.5,0.215221,0.064026
9939.5,0.214528,0.063942
9940.5,0.213815,0.063854
9941.5,0.213085,0.063761
9942.5,0.212335,0.063664
9943.5,0.211566,0.063561
9944.5,0.210779,0.063454
9945.5,0.209973,0.063342
9946.5,0.209149,0.063225
9947.5,0.208306,0.063103
9948.5,0.207444,0.062976
9949.5,0.206563,0.062843
9950.5,0.205664,0.062706
9951.5,0.204747,0.062563
9952.5,0.203811,0.062416
9953.5,0.202858,0.062263
9954.5,0.201885,0.062104
9955.5,0.200895,0.061940
9956.5,0.199887,0.061771
9957.5,0.198862,0.061597
9958.5,0.197819,0.061417
9959.5,0.196758,0.061231
9960.5,0.195680,0.061041
9961.5,0.194585,0.060844
9962.5,0.193473,0.060642
9963.5,0.192344,0.060435
9964.5,0.191199,0.060222
9965.5,0.190038,0.060004
9966.5,0.188860,0.059780
9967.5,0.187667,0.059551
9968.5,0.186459,0.059316
9969.5,0.185235,0.059076
9970.5,0.183996,0.058830
9971.5,0.182742,0.058579
9972.5,0.181474,0.058322
9973.5,0.180191,0.058060
9974.5,0.178895,0.057792
9975.5,0.177585,0.057519
9976.5,0.176262,0.057241
9977.5,0.174925,0.056958
9978.5,0.173577,0.056669
9979.5,0.172216,0.056375
9980.5,0.170842,0.056075
9981.5,0.169458,0.055771
9982.5,0.168062,0.055461
9983.5,0.166655,0.055146
9984.5,0.165237,0.054827
9985.5,0.163809,0.054502
9986.5,0.162372,0.054172
9987.5,0.160925,0.053838
9988.5,0.159469,0.053499
9989.5,0.158004,0.053155
9990.5,0.156530,0.052807
9991.5,0.155049,0.052454
9992.5,0.153561,0.052096
9993.5,0.152065,0.051734
9994.5,0.150562,0.051368
9995.5,0.149054,0.050997
9996.5,0.147539,0.050623
9997.5,0.146018,0.050244
9998.5,0.144493,0.049861
9999.5,0.142963,0.049475
