E_keV,counts_per_h_per_keV,sigma_counts_per_h_per_keV
20.5,1.714923,0.596898
21.5,1.599691,0.533408
22.5,1.527171,0.476803
23.5,1.529533,0.441995
24.5,1.625928,0.439497
25.5,1.816444,0.471952
26.5,2.080598,0.531390
27.5,2.380678,0.602726
28.5,2.669331,0.670012
29.5,2.899934,0.720507
30.5,3.037247,0.746762
31.5,3.065208,0.747634
32.5,2.989441,0.727956
33.5,2.833992,0.696317
34.5,2.634020,0.661194
35.5,2.427370,0.627324
36.5,2.247746,0.595124
37.5,2.120805,0.563865
38.5,2.062990,0.535915
39.5,2.081840,0.518429
40.5,2.176668,0.520452
41.5,2.339066,0.546654
42.5,2.553513,0.593304
43.5,2.798647,0.650465
44.5,3.049637,0.706817
45.5,3.281579,0.752814
46.5,3.473333,0.781972
47.5,3.610905,0.791308
48.5,3.689561,0.781383
49.5,3.714175,0.755998
50.5,3.697745,0.721500
51.5,3.658475,0.685760
52.5,3.616146,0.656784
53.5,3.588545,0.640925
54.5,3.588681,0.641119
55.5,3.623191,0.656109
56.5,3.692072,0.681351
57.5,3.789575,0.710947
58.5,3.905885,0.739386
59.5,4.029160,0.762513
60.5,4.147519,0.777842
61.5,4.250657,0.784483
62.5,4.330932,0.782884
63.5,4.383882,0.774475
64.5,4.408216,0.761277
65.5,4.405417,0.745523
66.5,4.379081,0.729332
67.5,4.334137,0.714463
68.5,4.276062,0.702162
69.5,4.210176,0.693090
70.5,4.141081,0.687332
71.5,4.072279,0.684456
72.5,4.005980,0.683643
73.5,3.943099,0.683853
74.5,3.883413,0.684021
75.5,3.825809,0.683230
76.5,3.768615,0.680841
77.5,3.709930,0.676524
78.5,3.647929,0.670216
79.5,3.581122,0.661999
80.5,3.508548,0.651967
81.5,3.429905,0.640126
82.5,3.345630,0.626377
83.5,3.256917,0.610594
84.5,3.165670,0.592784
85.5,3.074396,0.573253
86.5,2.986025,0.552739
87.5,2.903667,0.532427
88.5,2.830337,0.513816
89.5,2.768660,0.498436
90.5,2.720629,0.487468
91.5,2.687412,0.481406
92.5,2.669272,0.479900
93.5,2.665594,0.481897
94.5,2.675006,0.485981
95.5,2.695573,0.490778
96.5,2.725020,0.495266
97.5,2.760949,0.498933
98.5,2.801011,0.501764
99.5,2.843016,0.504112
100.5,2.884991,0.506495
101.5,2.925180,0.509374
102.5,2.962020,0.512966
103.5,2.994113,0.517155
104.5,3.020221,0.521495
105.5,3.039281,0.525325
106.5,3.050452,0.527916
107.5,3.053187,0.528644
108.5,3.047293,0.527123
109.5,3.032983,0.523285
110.5,3.010898,0.517403
111.5,2.982069,0.510041
112.5,2.947859,0.501955
113.5,2.909852,0.493950
114.5,2.869726,0.486724
115.5,2.829129,0.480742
116.5,2.789563,0.476173
117.5,2.752298,0.472907
118.5,2.718334,0.470643
119.5,2.688388,0.469022
120.5,2.662927,0.467749
121.5,2.642214,0.466698
122.5,2.626370,0.465954
123.5,2.615435,0.465827
124.5,2.609398,0.466814
125.5,2.608225,0.469533
126.5,2.611850,0.474631
127.5,2.620144,0.482668
128.5,2.632873,0.494000
129.5,2.649649,0.508673
130.5,2.669885,0.526364
131.5,2.692763,0.546376
132.5,2.717232,0.567691
133.5,2.742028,0.589071
134.5,2.765728,0.609182
135.5,2.786822,0.626718
136.5,2.803809,0.640521
137.5,2.815298,0.649671
138.5,2.820108,0.653561
139.5,2.817356,0.651935
140.5,2.806513,0.644895
141.5,2.787446,0.632880
142.5,2.760416,0.616623
143.5,2.726053,0.597073
144.5,2.685304,0.575311
145.5,2.639358,0.552446
146.5,2.589569,0.529520
147.5,2.537368,0.507419
148.5,2.484183,0.486811
149.5,2.431375,0.468122
150.5,2.380177,0.451543
151.5,2.331660,0.437078
152.5,2.286705,0.424615
153.5,2.245995,0.414000
154.5,2.210009,0.405095
155.5,2.179028,0.397820
156.5,2.153138,0.392165
157.5,2.132247,0.388176
158.5,2.116088,0.385926
159.5,2.104229,0.385476
160.5,2.096095,0.386835
161.5,2.090972,0.389921
162.5,2.088041,0.394549
163.5,2.086392,0.400420
164.5,2.085067,0.407135
165.5,2.083097,0.414218
166.5,2.079541,0.421153
167.5,2.073539,0.427412
168.5,2.064351,0.432498
169.5,2.051406,0.435978
170.5,2.034331,0.437507
171.5,2.012978,0.436857
172.5,1.987434,0.433929
173.5,1.958023,0.428766
174.5,1.925285,0.421552
175.5,1.889950,0.412608
176.5,1.852895,0.402373
177.5,1.815093,0.391383
178.5,1.777558,0.380236
179.5,1.741288,0.369546
180.5,1.707209,0.359892
181.5,1.676133,0.351764
182.5,1.648707,0.345514
183.5,1.625393,0.341317
184.5,1.606448,0.339172
185.5,1.591926,0.338911
186.5,1.581677,0.340246
187.5,1.575375,0.342825
188.5,1.572539,0.346279
189.5,1.572567,0.350264
190.5,1.574775,0.354490
191.5,1.578429,0.358728
192.5,1.582783,0.362810
193.5,1.587107,0.366625
194.5,1.590719,0.370100
195.5,1.592999,0.373193
196.5,1.593409,0.375879
197.5,1.591499,0.378139
198.5,1.586912,0.379956
199.5,1.579386,0.381309
200.5,1.568749,0.382167
201.5,1.554916,0.382487
202.5,1.537884,0.382211
203.5,1.517726,0.381268
204.5,1.494587,0.379571
205.5,1.468687,0.377022
206.5,1.440313,0.373520
207.5,1.409827,0.368963
208.5,1.377659,0.363266
209.5,1.344313,0.356366
210.5,1.310365,0.348239
211.5,1.276462,0.338909
212.5,1.243311,0.328457
213.5,1.211674,0.317032
214.5,1.182351,0.304856
215.5,1.156159,0.292230
216.5,1.133911,0.279531
217.5,1.116386,0.267218
218.5,1.104300,0.255814
219.5,1.098269,0.245894
220.5,1.098784,0.238040
221.5,1.106174,0.232785
222.5,1.120585,0.230537
223.5,1.141959,0.231508
224.5,1.170017,0.235672
225.5,1.204263,0.242766
226.5,1.243981,0.252339
227.5,1.288256,0.263827
228.5,1.335995,0.276614
229.5,1.385964,0.290090
230.5,1.436823,0.303679
231.5,1.487181,0.316861
232.5,1.535631,0.329174
233.5,1.580813,0.340227
234.5,1.621458,0.349696
235.5,1.656429,0.357327
236.5,1.684763,0.362939
237.5,1.705702,0.366424
238.5,1.718710,0.367745
239.5,1.723490,0.366933
240.5,1.719980,0.364084
241.5,1.708349,0.359351
242.5,1.688976,0.352937
243.5,1.662431,0.345081
244.5,1.629436,0.336052
245.5,1.590839,0.326132
246.5,1.547572,0.315605
247.5,1.500618,0.304749
248.5,1.450973,0.293818
249.5,1.399619,0.283041
250.5,1.347491,0.272611
251.5,1.295460,0.262683
252.5,1.244313,0.253374
253.5,1.194742,0.244761
254.5,1.147340,0.236892
255.5,1.102597,0.229786
256.5,1.060907,0.223439
257.5,1.022567,0.217836
258.5,0.987792,0.212951
259.5,0.956722,0.208751
260.5,0.929431,0.205206
261.5,0.905938,0.202284
262.5,0.886217,0.199955
263.5,0.870202,0.198193
264.5,0.857798,0.196978
265.5,0.848885,0.196293
266.5,0.843317,0.196127
267.5,0.840929,0.196475
268.5,0.841537,0.197341
269.5,0.844934,0.198728
270.5,0.850890,0.200646
271.5,0.859155,0.203100
272.5,0.869449,0.206091
273.5,0.881467,0.209610
274.5,0.894878,0.213628
275.5,0.909322,0.218100
276.5,0.924416,0.222955
277.5,0.939755,0.228100
278.5,0.954917,0.233420
279.5,0.969475,0.238776
280.5,0.982997,0.244019
281.5,0.995061,0.248986
282.5,1.005268,0.253514
283.5,1.013245,0.257442
284.5,1.018665,0.260618
285.5,1.021251,0.262909
286.5,1.020791,0.264201
287.5,1.017140,0.264407
288.5,1.010235,0.263472
289.5,1.000086,0.261370
290.5,0.986791,0.258113
291.5,0.970523,0.253746
292.5,0.951532,0.248350
293.5,0.930132,0.242044
294.5,0.906696,0.234977
295.5,0.881642,0.227332
296.5,0.855417,0.219317
297.5,0.828486,0.211169
298.5,0.801315,0.203137
299.5,0.774355,0.195482
300.5,0.748033,0.188459
301.5,0.722734,0.182306
302.5,0.698795,0.177218
303.5,0.676493,0.173334
304.5,0.656043,0.170718
305.5,0.637594,0.169352
306.5,0.621226,0.169134
307.5,0.606957,0.169896
308.5,0.594747,0.171423
309.5,0.584499,0.173475
310.5,0.576073,0.175811
311.5,0.569293,0.178204
312.5,0.563957,0.180455
313.5,0.559847,0.182400
314.5,0.556736,0.183911
315.5,0.554400,0.184898
316.5,0.552626,0.185307
317.5,0.551215,0.185118
318.5,0.549990,0.184340
319.5,0.548797,0.183008
320.5,0.547511,0.181179
321.5,0.546034,0.178925
322.5,0.544293,0.176332
323.5,0.542242,0.173492
324.5,0.539855,0.170498
325.5,0.537125,0.167445
326.5,0.534062,0.164418
327.5,0.530684,0.161495
328.5,0.527020,0.158740
329.5,0.523099,0.156203
330.5,0.518950,0.153920
331.5,0.514603,0.151909
332.5,0.510078,0.150175
333.5,0.505392,0.148707
334.5,0.500552,0.147487
335.5,0.495557,0.146484
336.5,0.490399,0.145664
337.5,0.485060,0.144987
338.5,0.479518,0.144415
339.5,0.473743,0.143906
340.5,0.467703,0.143426
341.5,0.461362,0.142939
342.5,0.454684,0.142415
343.5,0.447635,0.141828
344.5,0.440181,0.141156
345.5,0.432295,0.140379
346.5,0.423954,0.139480
347.5,0.415143,0.138444
348.5,0.405853,0.137259
349.5,0.396085,0.135914
350.5,0.385851,0.134396
351.5,0.375169,0.132697
352.5,0.364071,0.130806
353.5,0.352595,0.128716
354.5,0.340794,0.126420
355.5,0.328725,0.123915
356.5,0.316460,0.121200
357.5,0.304075,0.118278
358.5,0.291655,0.115158
359.5,0.279292,0.111857
360.5,0.267083,0.108397
361.5,0.255128,0.104814
362.5,0.243530,0.101152
363.5,0.232393,0.097470
364.5,0.221818,0.093844
365.5,0.211906,0.090367
366.5,0.202750,0.087152
367.5,0.194438,0.084330
368.5,0.187048,0.082050
369.5,0.180649,0.080466
370.5,0.175297,0.079728
371.5,0.171034,0.079960
372.5,0.167888,0.081246
373.5,0.165871,0.083614
374.5,0.164979,0.087034
375.5,0.165188,0.091423
376.5,0.166463,0.096662
377.5,0.168746,0.102607
378.5,0.171968,0.109104
379.5,0.176045,0.115998
380.5,0.180876,0.123136
381.5,0.186353,0.130373
382.5,0.192356,0.137568
383.5,0.198759,0.144591
384.5,0.205432,0.151319
385.5,0.212243,0.157639
386.5,0.219060,0.163445
387.5,0.225755,0.168647
388.5,0.232206,0.173163
389.5,0.238300,0.176925
390.5,0.243933,0.179879
391.5,0.249014,0.181987
392.5,0.253468,0.183226
393.5,0.257232,0.183589
394.5,0.260260,0.183085
395.5,0.262522,0.181739
396.5,0.264006,0.179590
397.5,0.264711,0.176693
398.5,0.264655,0.173114
399.5,0.263869,0.168931
400.5,0.262393,0.164232
401.5,0.260282,0.159109
402.5,0.257597,0.153662
403.5,0.254406,0.147992
404.5,0.250785,0.142200
405.5,0.246811,0.136384
406.5,0.242562,0.130637
407.5,0.238118,0.125045
408.5,0.233557,0.119684
409.5,0.228955,0.114616
410.5,0.224383,0.109893
411.5,0.219911,0.105549
412.5,0.215600,0.101606
413.5,0.211508,0.098070
414.5,0.207687,0.094935
415.5,0.204184,0.092183
416.5,0.201039,0.089790
417.5,0.198287,0.087726
418.5,0.195957,0.085962
419.5,0.194073,0.084468
420.5,0.192653,0.083220
421.5,0.191709,0.082198
422.5,0.191250,0.081391
423.5,0.191277,0.080793
424.5,0.191786,0.080404
425.5,0.192769,0.080228
426.5,0.194210,0.080272
427.5,0.196090,0.080546
428.5,0.198380,0.081054
429.5,0.201048,0.081801
430.5,0.204056,0.082782
431.5,0.207358,0.083989
432.5,0.210905,0.085405
433.5,0.214640,0.087007
434.5,0.218502,0.088765
435.5,0.222427,0.090643
436.5,0.226345,0.092602
437.5,0.230185,0.094600
438.5,0.233874,0.096594
439.5,0.237338,0.098542
440.5,0.240506,0.100400
441.5,0.243306,0.102131
442.5,0.245670,0.103696
443.5,0.247536,0.105063
444.5,0.248847,0.106202
445.5,0.249554,0.107087
446.5,0.249614,0.107696
447.5,0.248995,0.108013
448.5,0.247676,0.108024
449.5,0.245642,0.107719
450.5,0.242895,0.107093
451.5,0.239442,0.106144
452.5,0.235306,0.104876
453.5,0.230519,0.103293
454.5,0.225121,0.101404
455.5,0.219165,0.099224
456.5,0.212713,0.096766
457.5,0.205831,0.094052
458.5,0.198596,0.091102
459.5,0.191089,0.087941
460.5,0.183395,0.084598
461.5,0.175602,0.081103
462.5,0.167801,0.077488
463.5,0.160083,0.073788
464.5,0.152537,0.070043
465.5,0.145251,0.066291
466.5,0.138311,0.062578
467.5,0.131798,0.058951
468.5,0.125788,0.055461
469.5,0.120352,0.052165
470.5,0.115555,0.049123
471.5,0.111455,0.046403
472.5,0.108104,0.044072
473.5,0.105546,0.042200
474.5,0.103818,0.040849
475.5,0.102948,0.040066
476.5,0.102959,0.039880
477.5,0.103867,0.040289
478.5,0.105677,0.041270
479.5,0.108391,0.042775
480.5,0.112003,0.044746
481.5,0.116499,0.047122
482.5,0.121861,0.049841
483.5,0.128063,0.052849
484.5,0.135074,0.056099
485.5,0.142858,0.059551
486.5,0.151372,0.063171
487.5,0.160569,0.066931
488.5,0.170398,0.070805
489.5,0.180801,0.074771
490.5,0.191719,0.078807
491.5,0.203087,0.082895
492.5,0.214838,0.087013
493.5,0.226900,0.091142
494.5,0.239202,0.095260
495.5,0.251666,0.099346
496.5,0.264218,0.103375
497.5,0.276781,0.107325
498.5,0.289276,0.111171
499.5,0.301626,0.114888
500.5,0.313757,0.118450
501.5,0.325594,0.121834
502.5,0.337066,0.125015
503.5,0.348104,0.127971
504.5,0.358645,0.130682
505.5,0.368629,0.133130
506.5,0.378001,0.135300
507.5,0.386711,0.137181
508.5,0.394716,0.138764
509.5,0.401978,0.140045
510.5,0.408466,0.141025
511.5,0.414156,0.141708
512.5,0.419028,0.142101
513.5,0.423072,0.142215
514.5,0.426281,0.142067
515.5,0.428656,0.141672
516.5,0.430204,0.141052
517.5,0.430935,0.140227
518.5,0.430867,0.139221
519.5,0.430020,0.138055
520.5,0.428420,0.136752
521.5,0.426094,0.135334
522.5,0.423075,0.133821
523.5,0.419397,0.132230
524.5,0.415096,0.130577
525.5,0.410211,0.128875
526.5,0.404779,0.127134
527.5,0.398843,0.125363
528.5,0.392442,0.123568
529.5,0.385617,0.121753
530.5,0.378410,0.119920
531.5,0.370861,0.118071
532.5,0.363012,0.116204
533.5,0.354901,0.114322
534.5,0.346570,0.112422
535.5,0.338056,0.110506
536.5,0.329397,0.108573
537.5,0.320631,0.106625
538.5,0.311793,0.104663
539.5,0.302919,0.102689
540.5,0.294043,0.100706
541.5,0.285198,0.098719
542.5,0.276415,0.096730
543.5,0.267725,0.094745
544.5,0.259157,0.092769
545.5,0.250740,0.090806
546.5,0.242499,0.088863
547.5,0.234459,0.086944
548.5,0.226645,0.085056
549.5,0.219078,0.083205
550.5,0.211777,0.081397
551.5,0.204763,0.079638
552.5,0.198052,0.077934
553.5,0.191659,0.076292
554.5,0.185598,0.074718
555.5,0.179882,0.073218
556.5,0.174519,0.071799
557.5,0.169520,0.070467
558.5,0.164891,0.069228
559.5,0.160637,0.068086
560.5,0.156762,0.067046
561.5,0.153270,0.066110
562.5,0.150159,0.065282
563.5,0.147430,0.064563
564.5,0.145081,0.063953
565.5,0.143107,0.063453
566.5,0.141504,0.063061
567.5,0.140264,0.062777
568.5,0.139381,0.062598
569.5,0.138844,0.062525
570.5,0.138643,0.062555
571.5,0.138766,0.062689
572.5,0.139199,0.062927
573.5,0.139927,0.063268
574.5,0.140935,0.063714
575.5,0.142205,0.064263
576.5,0.143718,0.064916
577.5,0.145455,0.065671
578.5,0.147396,0.066524
579.5,0.149519,0.067471
580.5,0.151802,0.068505
581.5,0.154224,0.069617
582.5,0.156761,0.070794
583.5,0.159392,0.072023
584.5,0.162093,0.073288
585.5,0.164844,0.074571
586.5,0.167622,0.075856
587.5,0.170408,0.077122
588.5,0.173184,0.078351
589.5,0.175931,0.079527
590.5,0.178633,0.080633
591.5,0.181279,0.081654
592.5,0.183855,0.082580
593.5,0.186352,0.083402
594.5,0.188763,0.084117
595.5,0.191082,0.084723
596.5,0.193307,0.085224
597.5,0.195435,0.085629
598.5,0.197469,0.085950
599.5,0.199409,0.086204
600.5,0.201260,0.086411
601.5,0.203025,0.086596
602.5,0.204711,0.086785
603.5,0.206322,0.087008
604.5,0.207863,0.087291
605.5,0.209340,0.087664
606.5,0.210755,0.088152
607.5,0.212112,0.088777
608.5,0.213409,0.089555
609.5,0.214648,0.090495
610.5,0.215823,0.091603
611.5,0.216930,0.092872
612.5,0.217960,0.094291
613.5,0.218904,0.095842
614.5,0.219748,0.097499
615.5,0.220477,0.099233
616.5,0.221076,0.101009
617.5,0.221527,0.102791
618.5,0.221810,0.104541
619.5,0.221905,0.106221
620.5,0.221791,0.107794
621.5,0.221451,0.109224
622.5,0.220863,0.110478
623.5,0.220010,0.111526
624.5,0.218877,0.112341
625.5,0.217449,0.112901
626.5,0.215717,0.113187
627.5,0.213671,0.113185
628.5,0.211308,0.112886
629.5,0.208627,0.112283
630.5,0.205631,0.111376
631.5,0.202327,0.110168
632.5,0.198726,0.108667
633.5,0.194843,0.106884
634.5,0.190697,0.104833
635.5,0.186308,0.102534
636.5,0.181701,0.100008
637.5,0.176904,0.097279
638.5,0.171945,0.094375
639.5,0.166856,0.091325
640.5,0.161669,0.088160
641.5,0.156416,0.084912
642.5,0.151128,0.081617
643.5,0.145839,0.078309
644.5,0.140579,0.075024
645.5,0.135377,0.071797
646.5,0.130260,0.068666
647.5,0.125252,0.065663
648.5,0.120377,0.062823
649.5,0.115653,0.060175
650.5,0.111096,0.057747
651.5,0.106719,0.055559
652.5,0.102532,0.053629
653.5,0.098539,0.051964
654.5,0.094746,0.050564
655.5,0.091150,0.049423
656.5,0.087750,0.048523
657.5,0.084539,0.047842
658.5,0.081511,0.047350
659.5,0.078654,0.047016
660.5,0.075959,0.046803
661.5,0.073411,0.046676
662.5,0.070997,0.046602
663.5,0.068704,0.046550
664.5,0.066516,0.046490
665.5,0.064419,0.046397
666.5,0.062399,0.046251
667.5,0.060442,0.046034
668.5,0.058537,0.045732
669.5,0.056671,0.045336
670.5,0.054835,0.044838
671.5,0.053020,0.044234
672.5,0.051219,0.043522
673.5,0.049425,0.042703
674.5,0.047635,0.041781
675.5,0.045846,0.040759
676.5,0.044058,0.039644
677.5,0.042269,0.038444
678.5,0.040482,0.037166
679.5,0.038699,0.035820
680.5,0.036925,0.034417
681.5,0.035163,0.032965
682.5,0.033419,0.031477
683.5,0.031700,0.029961
684.5,0.030012,0.028429
685.5,0.028362,0.026891
686.5,0.026756,0.025357
687.5,0.025203,0.023835
688.5,0.023709,0.022335
689.5,0.022283,0.020865
690.5,0.020930,0.019432
691.5,0.019658,0.018044
692.5,0.018474,0.016707
693.5,0.017384,0.015428
694.5,0.016394,0.014212
695.5,0.015509,0.013066
696.5,0.014736,0.011997
697.5,0.014080,0.011011
698.5,0.013546,0.010120
699.5,0.013138,0.009332
700.5,0.012862,0.008663
701.5,0.012722,0.008128
702.5,0.012723,0.007743
703.5,0.012869,0.007523
704.5,0.013165,0.007479
705.5,0.013614,0.007614
706.5,0.014222,0.007921
707.5,0.014993,0.008389
708.5,0.015932,0.009002
709.5,0.017042,0.009747
710.5,0.018328,0.010610
711.5,0.019795,0.011579
712.5,0.021447,0.012648
713.5,0.023287,0.013809
714.5,0.025321,0.015059
715.5,0.027552,0.016392
716.5,0.029982,0.017808
717.5,0.032616,0.019301
718.5,0.035456,0.020870
719.5,0.038504,0.022512
720.5,0.041762,0.024222
721.5,0.045230,0.025998
722.5,0.048909,0.027834
723.5,0.052798,0.029727
724.5,0.056897,0.031670
725.5,0.061202,0.033658
726.5,0.065711,0.035685
727.5,0.070419,0.037745
728.5,0.075323,0.039830
729.5,0.080415,0.041935
730.5,0.085688,0.044051
731.5,0.091135,0.046173
732.5,0.096747,0.048294
733.5,0.102513,0.050407
734.5,0.108421,0.052505
735.5,0.114461,0.054584
736.5,0.120619,0.056638
737.5,0.126881,0.058662
738.5,0.133232,0.060653
739.5,0.139655,0.062606
740.5,0.146135,0.064520
741.5,0.152654,0.066393
742.5,0.159194,0.068222
743.5,0.165735,0.070009
744.5,0.172259,0.071751
745.5,0.178745,0.073449
746.5,0.185173,0.075105
747.5,0.191521,0.076718
748.5,0.197769,0.078289
749.5,0.203895,0.079818
750.5,0.209876,0.081306
751.5,0.215693,0.082753
752.5,0.221322,0.084156
753.5,0.226742,0.085516
754.5,0.231932,0.086830
755.5,0.236871,0.088094
756.5,0.241540,0.089306
757.5,0.245918,0.090460
758.5,0.249987,0.091551
759.5,0.253729,0.092575
760.5,0.257128,0.093524
761.5,0.260168,0.094393
762.5,0.262837,0.095174
763.5,0.265121,0.095861
764.5,0.267012,0.096447
765.5,0.268499,0.096926
766.5,0.269578,0.097293
767.5,0.270244,0.097542
768.5,0.270493,0.097668
769.5,0.270328,0.097669
770.5,0.269750,0.097541
771.5,0.268763,0.097284
772.5,0.267376,0.096895
773.5,0.265597,0.096377
774.5,0.263438,0.095730
775.5,0.260912,0.094957
776.5,0.258036,0.094063
777.5,0.254827,0.093052
778.5,0.251304,0.091930
779.5,0.247489,0.090705
780.5,0.243403,0.089383
781.5,0.239072,0.087973
782.5,0.234519,0.086486
783.5,0.229770,0.084930
784.5,0.224851,0.083317
785.5,0.219788,0.081657
786.5,0.214607,0.079961
787.5,0.209336,0.078242
788.5,0.203999,0.076511
789.5,0.198622,0.074779
790.5,0.193230,0.073058
791.5,0.187845,0.071359
792.5,0.182491,0.069692
793.5,0.177188,0.068067
794.5,0.171957,0.066494
795.5,0.166815,0.064981
796.5,0.161778,0.063534
797.5,0.156862,0.062160
798.5,0.152081,0.060863
799.5,0.147444,0.059646
800.5,0.142963,0.058510
801.5,0.138645,0.057457
802.5,0.134496,0.056486
803.5,0.130522,0.055593
804.5,0.126726,0.054776
805.5,0.123111,0.054031
806.5,0.119675,0.053352
807.5,0.116420,0.052736
808.5,0.113344,0.052176
809.5,0.110444,0.051666
810.5,0.107716,0.051203
811.5,0.105157,0.050780
812.5,0.102762,0.050394
813.5,0.100527,0.050040
814.5,0.098445,0.049716
815.5,0.096511,0.049417
816.5,0.094720,0.049141
817.5,0.093066,0.048887
818.5,0.091543,0.048653
819.5,0.090147,0.048436
820.5,0.088872,0.048236
821.5,0.087714,0.048051
822.5,0.086669,0.047879
823.5,0.085733,0.047719
824.5,0.084902,0.047568
825.5,0.084176,0.047424
826.5,0.083551,0.047286
827.5,0.083027,0.047150
828.5,0.082603,0.047015
829.5,0.082278,0.046879
830.5,0.082054,0.046738
831.5,0.081932,0.046593
832.5,0.081914,0.046441
833.5,0.082001,0.046283
834.5,0.082197,0.046120
835.5,0.082504,0.045952
836.5,0.082927,0.045783
837.5,0.083470,0.045616
838.5,0.084135,0.045458
839.5,0.084928,0.045313
840.5,0.085853,0.045189
841.5,0.086913,0.045096
842.5,0.088114,0.045041
843.5,0.089458,0.045035
844.5,0.090950,0.045088
845.5,0.092591,0.045208
846.5,0.094386,0.045406
847.5,0.096336,0.045690
848.5,0.098443,0.046066
849.5,0.100707,0.046540
850.5,0.103128,0.047115
851.5,0.105706,0.047792
852.5,0.108438,0.048569
853.5,0.111323,0.049444
854.5,0.114357,0.050411
855.5,0.117535,0.051463
856.5,0.120853,0.052591
857.5,0.124305,0.053787
858.5,0.127882,0.055039
859.5,0.131579,0.056337
860.5,0.135386,0.057669
861.5,0.139293,0.059025
862.5,0.143292,0.060393
863.5,0.147371,0.061764
864.5,0.151519,0.063128
865.5,0.155725,0.064476
866.5,0.159977,0.065800
867.5,0.164263,0.067095
868.5,0.168570,0.068354
869.5,0.172886,0.069573
870.5,0.177197,0.070748
871.5,0.181492,0.071878
872.5,0.185758,0.072959
873.5,0.189982,0.073993
874.5,0.194152,0.074978
875.5,0.198256,0.075917
876.5,0.202282,0.076810
877.5,0.206219,0.077660
878.5,0.210057,0.078468
879.5,0.213784,0.079238
880.5,0.217390,0.079972
881.5,0.220867,0.080671
882.5,0.224205,0.081338
883.5,0.227395,0.081974
884.5,0.230431,0.082581
885.5,0.233303,0.083159
886.5,0.236007,0.083708
887.5,0.238536,0.084226
888.5,0.240884,0.084714
889.5,0.243047,0.085168
890.5,0.245021,0.085587
891.5,0.246803,0.085968
892.5,0.248388,0.086307
893.5,0.249777,0.086602
894.5,0.250966,0.086850
895.5,0.251955,0.087047
896.5,0.252744,0.087190
897.5,0.253334,0.087279
898.5,0.253725,0.087310
899.5,0.253919,0.087283
900.5,0.253919,0.087198
901.5,0.253727,0.087056
902.5,0.253346,0.086857
903.5,0.252780,0.086604
904.5,0.252034,0.086301
905.5,0.251111,0.085950
906.5,0.250017,0.085556
907.5,0.248757,0.085125
908.5,0.247336,0.084662
909.5,0.245760,0.084172
910.5,0.244034,0.083660
911.5,0.242165,0.083133
912.5,0.240158,0.082595
913.5,0.238019,0.082052
914.5,0.235755,0.081506
915.5,0.233370,0.080962
916.5,0.230871,0.080421
917.5,0.228263,0.079886
918.5,0.225552,0.079356
919.5,0.222742,0.078830
920.5,0.219840,0.078308
921.5,0.216849,0.077787
922.5,0.213776,0.077264
923.5,0.210623,0.076735
924.5,0.207396,0.076197
925.5,0.204100,0.075644
926.5,0.200737,0.075072
927.5,0.197313,0.074478
928.5,0.193831,0.073857
929.5,0.190295,0.073206
930.5,0.186709,0.072522
931.5,0.183078,0.071802
932.5,0.179404,0.071046
933.5,0.175691,0.070252
934.5,0.171944,0.069419
935.5,0.168167,0.068550
936.5,0.164363,0.067646
937.5,0.160537,0.066707
938.5,0.156693,0.065739
939.5,0.152834,0.064743
940.5,0.148966,0.063724
941.5,0.145092,0.062685
942.5,0.141217,0.061630
943.5,0.137345,0.060564
944.5,0.133481,0.059490
945.5,0.129628,0.058413
946.5,0.125793,0.057334
947.5,0.121978,0.056258
948.5,0.118188,0.055187
949.5,0.114428,0.054122
950.5,0.110702,0.053064
951.5,0.107013,0.052013
952.5,0.103367,0.050971
953.5,0.099768,0.049936
954.5,0.096218,0.048906
955.5,0.092722,0.047880
956.5,0.089285,0.046857
957.5,0.085909,0.045834
958.5,0.082598,0.044809
959.5,0.079355,0.043780
960.5,0.076185,0.042744
961.5,0.073091,0.041699
962.5,0.070075,0.040645
963.5,0.067141,0.039579
964.5,0.064292,0.038501
965.5,0.061532,0.037410
966.5,0.058863,0.036307
967.5,0.056289,0.035191
968.5,0.053812,0.034065
969.5,0.051435,0.032930
970.5,0.049162,0.031788
971.5,0.046996,0.030642
972.5,0.044938,0.029495
973.5,0.042993,0.028351
974.5,0.041162,0.027215
975.5,0.039448,0.026092
976.5,0.037855,0.024987
977.5,0.036384,0.023907
978.5,0.035038,0.022859
979.5,0.033820,0.021850
980.5,0.032730,0.020891
981.5,0.031772,0.019990
982.5,0.030947,0.019157
983.5,0.030256,0.018406
984.5,0.029702,0.017747
985.5,0.029284,0.017192
986.5,0.029004,0.016754
987.5,0.028863,0.016443
988.5,0.028860,0.016267
989.5,0.028996,0.016233
990.5,0.029270,0.016341
991.5,0.029681,0.016591
992.5,0.030228,0.016977
993.5,0.030908,0.017492
994.5,0.031721,0.018125
995.5,0.032664,0.018866
996.5,0.033733,0.019704
997.5,0.034925,0.020627
998.5,0.036237,0.021625
999.5,0.037663,0.022689
1000.5,0.039199,0.023809
1001.5,0.040839,0.024978
1002.5,0.042578,0.026187
1003.5,0.044410,0.027430
1004.5,0.046327,0.028701
1005.5,0.048322,0.029993
1006.5,0.050388,0.031301
1007.5,0.052518,0.032620
1008.5,0.054701,0.033944
1009.5,0.056931,0.035269
1010.5,0.059197,0.036589
1011.5,0.061491,0.037900
1012.5,0.063802,0.039198
1013.5,0.066122,0.040477
1014.5,0.068441,0.041735
1015.5,0.070748,0.042965
1016.5,0.073033,0.044166
1017.5,0.075288,0.045331
1018.5,0.077501,0.046459
1019.5,0.079664,0.047544
1020.5,0.081766,0.048585
1021.5,0.083799,0.049576
1022.5,0.085754,0.050516
1023.5,0.087622,0.051401
1024.5,0.089395,0.052229
1025.5,0.091066,0.052997
1026.5,0.092627,0.053703
1027.5,0.094072,0.054344
1028.5,0.095396,0.054919
1029.5,0.096593,0.055426
1030.5,0.097658,0.055864
1031.5,0.098589,0.056232
1032.5,0.099381,0.056528
1033.5,0.100034,0.056752
1034.5,0.100546,0.056903
1035.5,0.100916,0.056981
1036.5,0.101145,0.056986
1037.5,0.101233,0.056918
1038.5,0.101183,0.056778
1039.5,0.100998,0.056567
1040.5,0.100680,0.056286
1041.5,0.100235,0.055936
1042.5,0.099667,0.055520
1043.5,0.098981,0.055040
1044.5,0.098183,0.054498
1045.5,0.097280,0.053896
1046.5,0.096280,0.053240
1047.5,0.095188,0.052532
1048.5,0.094014,0.051777
1049.5,0.092766,0.050979
1050.5,0.091450,0.050144
1051.5,0.090076,0.049277
1052.5,0.088652,0.048384
1053.5,0.087187,0.047471
1054.5,0.085687,0.046546
1055.5,0.084162,0.045616
1056.5,0.082620,0.044687
1057.5,0.081067,0.043768
1058.5,0.079511,0.042866
1059.5,0.077959,0.041990
1060.5,0.076416,0.041147
1061.5,0.074889,0.040344
1062.5,0.073383,0.039589
1063.5,0.071902,0.038888
1064.5,0.070451,0.038248
1065.5,0.069033,0.037671
1066.5,0.067651,0.037163
1067.5,0.066307,0.036726
1068.5,0.065004,0.036359
1069.5,0.063742,0.036063
1070.5,0.062522,0.035835
1071.5,0.061345,0.035672
1072.5,0.060209,0.035568
1073.5,0.059115,0.035518
1074.5,0.058061,0.035515
1075.5,0.057046,0.035550
1076.5,0.056068,0.035615
1077.5,0.055125,0.035703
1078.5,0.054216,0.035803
1079.5,0.053337,0.035908
1080.5,0.052488,0.036010
1081.5,0.051666,0.036100
1082.5,0.050868,0.036172
1083.5,0.050094,0.036218
1084.5,0.049341,0.036234
1085.5,0.048608,0.036213
1086.5,0.047893,0.036151
1087.5,0.047197,0.036046
1088.5,0.046518,0.035892
1089.5,0.045856,0.035690
1090.5,0.045213,0.035436
1091.5,0.044588,0.035130
1092.5,0.043983,0.034773
1093.5,0.043400,0.034365
1094.5,0.042841,0.033907
1095.5,0.042309,0.033402
1096.5,0.041807,0.032852
1097.5,0.041337,0.032260
1098.5,0.040905,0.031631
1099.5,0.040515,0.030969
1100.5,0.040170,0.030279
1101.5,0.039876,0.029568
1102.5,0.039638,0.028842
1103.5,0.039462,0.028109
1104.5,0.039352,0.027376
1105.5,0.039314,0.026654
1106.5,0.039353,0.025952
1107.5,0.039476,0.025281
1108.5,0.039686,0.024652
1109.5,0.039991,0.024079
1110.5,0.040393,0.023573
1111.5,0.040898,0.023147
1112.5,0.041511,0.022816
1113.5,0.042235,0.022590
1114.5,0.043073,0.022480
1115.5,0.044029,0.022494
1116.5,0.045106,0.022640
1117.5,0.046304,0.022920
1118.5,0.047625,0.023334
1119.5,0.049070,0.023880
1120.5,0.050639,0.024553
1121.5,0.052331,0.025346
1122.5,0.054144,0.026249
1123.5,0.056078,0.027254
1124.5,0.058128,0.028349
1125.5,0.060291,0.029526
1126.5,0.062563,0.030772
1127.5,0.064940,0.032078
1128.5,0.067416,0.033434
1129.5,0.069986,0.034831
1130.5,0.072641,0.036259
1131.5,0.075377,0.037711
1132.5,0.078184,0.039177
1133.5,0.081055,0.040650
1134.5,0.083983,0.042121
1135.5,0.086958,0.043585
1136.5,0.089972,0.045033
1137.5,0.093016,0.046459
1138.5,0.096080,0.047857
1139.5,0.099157,0.049220
1140.5,0.102237,0.050543
1141.5,0.105312,0.051820
1142.5,0.108372,0.053047
1143.5,0.111409,0.054218
1144.5,0.114416,0.055331
1145.5,0.117385,0.056380
1146.5,0.120307,0.057364
1147.5,0.123177,0.058280
1148.5,0.125988,0.059126
1149.5,0.128734,0.059900
1150.5,0.131410,0.060603
1151.5,0.134010,0.061235
1152.5,0.136531,0.061795
1153.5,0.138969,0.062286
1154.5,0.141320,0.062711
1155.5,0.143583,0.063071
1156.5,0.145754,0.063370
1157.5,0.147833,0.063612
1158.5,0.149818,0.063802
1159.5,0.151709,0.063945
1160.5,0.153505,0.064046
1161.5,0.155206,0.064111
1162.5,0.156813,0.064146
1163.5,0.158327,0.064158
1164.5,0.159749,0.064153
1165.5,0.161078,0.064136
1166.5,0.162318,0.064113
1167.5,0.163468,0.064091
1168.5,0.164531,0.064074
1169.5,0.165507,0.064067
1170.5,0.166398,0.064074
1171.5,0.167204,0.064098
1172.5,0.167928,0.064141
1173.5,0.168569,0.064205
1174.5,0.169129,0.064291
1175.5,0.169607,0.064397
1176.5,0.170005,0.064524
1177.5,0.170322,0.064668
1178.5,0.170558,0.064829
1179.5,0.170713,0.065001
1180.5,0.170787,0.065182
1181.5,0.170779,0.065366
1182.5,0.170689,0.065550
1183.5,0.170515,0.065728
1184.5,0.170257,0.065895
1185.5,0.169915,0.066047
1186.5,0.169487,0.066177
1187.5,0.168973,0.066282
1188.5,0.168373,0.066356
1189.5,0.167685,0.066395
1190.5,0.166909,0.066395
1191.5,0.166047,0.066353
1192.5,0.165097,0.066266
1193.5,0.164060,0.066130
1194.5,0.162937,0.065944
1195.5,0.161730,0.065706
1196.5,0.160440,0.065416
1197.5,0.159069,0.065071
1198.5,0.157619,0.064674
1199.5,0.156094,0.064223
1200.5,0.154496,0.063720
1201.5,0.152829,0.063167
1202.5,0.151096,0.062565
1203.5,0.149303,0.061917
1204.5,0.147455,0.061226
1205.5,0.145555,0.060495
1206.5,0.143611,0.059726
1207.5,0.141626,0.058925
1208.5,0.139608,0.058095
1209.5,0.137562,0.057241
1210.5,0.135495,0.056367
1211.5,0.133414,0.055478
1212.5,0.131324,0.054579
1213.5,0.129232,0.053675
1214.5,0.127144,0.052770
1215.5,0.125068,0.051870
1216.5,0.123009,0.050980
1217.5,0.120974,0.050105
1218.5,0.118969,0.049250
1219.5,0.116999,0.048419
1220.5,0.115070,0.047616
1221.5,0.113186,0.046847
1222.5,0.111354,0.046114
1223.5,0.109577,0.045422
1224.5,0.107859,0.044774
1225.5,0.106204,0.044173
1226.5,0.104615,0.043620
1227.5,0.103095,0.043119
1228.5,0.101647,0.042671
1229.5,0.100271,0.042276
1230.5,0.098970,0.041936
1231.5,0.097745,0.041650
1232.5,0.096595,0.041419
1233.5,0.095521,0.041240
1234.5,0.094522,0.041113
1235.5,0.093598,0.041036
1236.5,0.092747,0.041007
1237.5,0.091967,0.041022
1238.5,0.091258,0.041080
1239.5,0.090615,0.041177
1240.5,0.090037,0.041310
1241.5,0.089521,0.041475
1242.5,0.089064,0.041668
1243.5,0.088662,0.041885
1244.5,0.088311,0.042124
1245.5,0.088008,0.042379
1246.5,0.087749,0.042647
1247.5,0.087530,0.042924
1248.5,0.087347,0.043207
1249.5,0.087196,0.043493
1250.5,0.087072,0.043776
1251.5,0.086973,0.044055
1252.5,0.086894,0.044327
1253.5,0.086830,0.044588
1254.5,0.086778,0.044835
1255.5,0.086735,0.045068
1256.5,0.086697,0.045283
1257.5,0.086661,0.045479
1258.5,0.086623,0.045653
1259.5,0.086580,0.045806
1260.5,0.086530,0.045935
1261.5,0.086470,0.046041
1262.5,0.086398,0.046122
1263.5,0.086312,0.046178
1264.5,0.086209,0.046209
1265.5,0.086090,0.046216
1266.5,0.085951,0.046199
1267.5,0.085792,0.046158
1268.5,0.085613,0.046095
1269.5,0.085412,0.046010
1270.5,0.085190,0.045905
1271.5,0.084947,0.045781
1272.5,0.084682,0.045639
1273.5,0.084396,0.045480
1274.5,0.084090,0.045307
1275.5,0.083765,0.045121
1276.5,0.083421,0.044923
1277.5,0.083060,0.044714
1278.5,0.082683,0.044496
1279.5,0.082292,0.044271
1280.5,0.081888,0.044040
1281.5,0.081474,0.043803
1282.5,0.081050,0.043562
1283.5,0.080620,0.043318
1284.5,0.080185,0.043072
1285.5,0.079747,0.042824
1286.5,0.079309,0.042574
1287.5,0.078873,0.042324
1288.5,0.078441,0.042074
1289.5,0.078015,0.041824
1290.5,0.077598,0.041574
1291.5,0.077192,0.041325
1292.5,0.076799,0.041077
1293.5,0.076421,0.040831
1294.5,0.076061,0.040587
1295.5,0.075719,0.040346
1296.5,0.075399,0.040107
1297.5,0.075102,0.039873
1298.5,0.074829,0.039644
1299.5,0.074583,0.039422
1300.5,0.074364,0.039206
1301.5,0.074174,0.039000
1302.5,0.074013,0.038804
1303.5,0.073883,0.038620
1304.5,0.073785,0.038450
1305.5,0.073718,0.038296
1306.5,0.073684,0.038159
1307.5,0.073681,0.038041
1308.5,0.073711,0.037945
1309.5,0.073772,0.037871
1310.5,0.073863,0.037820
1311.5,0.073985,0.037795
1312.5,0.074136,0.037796
1313.5,0.074315,0.037823
1314.5,0.074519,0.037877
1315.5,0.074748,0.037957
1316.5,0.075000,0.038064
1317.5,0.075271,0.038196
1318.5,0.075560,0.038353
1319.5,0.075865,0.038531
1320.5,0.076181,0.038731
1321.5,0.076507,0.038949
1322.5,0.076840,0.039183
1323.5,0.077175,0.039431
1324.5,0.077510,0.039690
1325.5,0.077842,0.039956
1326.5,0.078166,0.040228
1327.5,0.078479,0.040502
1328.5,0.078778,0.040775
1329.5,0.079059,0.041045
1330.5,0.079318,0.041308
1331.5,0.079552,0.041563
1332.5,0.079756,0.041806
1333.5,0.079929,0.042036
1334.5,0.080066,0.042250
1335.5,0.080164,0.042446
1336.5,0.080220,0.042623
1337.5,0.080231,0.042778
1338.5,0.080194,0.042911
1339.5,0.080107,0.043020
1340.5,0.079968,0.043103
1341.5,0.079775,0.043161
1342.5,0.079525,0.043192
1343.5,0.079217,0.043195
1344.5,0.078850,0.043169
1345.5,0.078423,0.043114
1346.5,0.077935,0.043030
1347.5,0.077387,0.042917
1348.5,0.076777,0.042773
1349.5,0.076107,0.042598
1350.5,0.075376,0.042393
1351.5,0.074586,0.042158
1352.5,0.073738,0.041891
1353.5,0.072834,0.041594
1354.5,0.071874,0.041265
1355.5,0.070862,0.040906
1356.5,0.069800,0.040516
1357.5,0.068689,0.040096
1358.5,0.067534,0.039646
1359.5,0.066337,0.039166
1360.5,0.065102,0.038657
1361.5,0.063831,0.038118
1362.5,0.062530,0.037552
1363.5,0.061201,0.036959
1364.5,0.059849,0.036339
1365.5,0.058478,0.035694
1366.5,0.057091,0.035025
1367.5,0.055695,0.034334
1368.5,0.054292,0.033620
1369.5,0.052887,0.032887
1370.5,0.051485,0.032136
1371.5,0.050091,0.031369
1372.5,0.048708,0.030589
1373.5,0.047341,0.029796
1374.5,0.045995,0.028994
1375.5,0.044673,0.028186
1376.5,0.043380,0.027374
1377.5,0.042121,0.026561
1378.5,0.040898,0.025751
1379.5,0.039716,0.024947
1380.5,0.038579,0.024153
1381.5,0.037490,0.023372
1382.5,0.036452,0.022610
1383.5,0.035468,0.021871
1384.5,0.034542,0.021159
1385.5,0.033676,0.020480
1386.5,0.032872,0.019839
1387.5,0.032133,0.019241
1388.5,0.031462,0.018694
1389.5,0.030859,0.018202
1390.5,0.030326,0.017770
1391.5,0.029866,0.017405
1392.5,0.029478,0.017111
1393.5,0.029165,0.016892
1394.5,0.028927,0.016750
1395.5,0.028764,0.016688
1396.5,0.028676,0.016705
1397.5,0.028665,0.016801
1398.5,0.028730,0.016972
1399.5,0.028870,0.017216
1400.5,0.029086,0.017528
1401.5,0.029377,0.017903
1402.5,0.029742,0.018335
1403.5,0.030181,0.018817
1404.5,0.030692,0.019345
1405.5,0.031275,0.019911
1406.5,0.031929,0.020511
1407.5,0.032652,0.021138
1408.5,0.033443,0.021788
1409.5,0.034301,0.022456
1410.5,0.035225,0.023138
1411.5,0.036213,0.023830
1412.5,0.037264,0.024527
1413.5,0.038378,0.025227
1414.5,0.039551,0.025927
1415.5,0.040784,0.026623
1416.5,0.042074,0.027314
1417.5,0.043421,0.027998
1418.5,0.044824,0.028672
1419.5,0.046281,0.029335
1420.5,0.047791,0.029985
1421.5,0.049353,0.030623
1422.5,0.050967,0.031247
1423.5,0.052631,0.031856
1424.5,0.054344,0.032451
1425.5,0.056106,0.033032
1426.5,0.057915,0.033599
1427.5,0.059771,0.034153
1428.5,0.061674,0.034694
1429.5,0.063621,0.035225
1430.5,0.065614,0.035747
1431.5,0.067650,0.036260
1432.5,0.069729,0.036768
1433.5,0.071849,0.037272
1434.5,0.074011,0.037775
1435.5,0.076213,0.038278
1436.5,0.078454,0.038785
1437.5,0.080733,0.039298
1438.5,0.083048,0.039818
1439.5,0.085398,0.040350
1440.5,0.087781,0.040894
1441.5,0.090195,0.041453
1442.5,0.092639,0.042029
1443.5,0.095110,0.042624
1444.5,0.097605,0.043239
1445.5,0.100123,0.043876
1446.5,0.102660,0.044534
1447.5,0.105214,0.045214
1448.5,0.107781,0.045917
1449.5,0.110357,0.046641
1450.5,0.112940,0.047387
1451.5,0.115525,0.048153
1452.5,0.118108,0.048936
1453.5,0.120686,0.049736
1454.5,0.123253,0.050550
1455.5,0.125806,0.051375
1456.5,0.128341,0.052208
1457.5,0.130852,0.053046
1458.5,0.133336,0.053886
1459.5,0.135787,0.054723
1460.5,0.138202,0.055555
1461.5,0.140575,0.056377
1462.5,0.142903,0.057185
1463.5,0.145181,0.057976
1464.5,0.147406,0.058745
1465.5,0.149574,0.059488
1466.5,0.151680,0.060201
1467.5,0.153724,0.060881
1468.5,0.155700,0.061525
1469.5,0.157607,0.062128
1470.5,0.159444,0.062688
1471.5,0.161207,0.063201
1472.5,0.162897,0.063665
1473.5,0.164513,0.064078
1474.5,0.166054,0.064438
1475.5,0.167521,0.064742
1476.5,0.168915,0.064991
1477.5,0.170237,0.065182
1478.5,0.171489,0.065316
1479.5,0.172674,0.065393
1480.5,0.173794,0.065413
1481.5,0.174854,0.065378
1482.5,0.175857,0.065289
1483.5,0.176808,0.065148
1484.5,0.177711,0.064959
1485.5,0.178573,0.064723
1486.5,0.179397,0.064446
1487.5,0.180191,0.064132
1488.5,0.180961,0.063786
1489.5,0.181712,0.063412
1490.5,0.182451,0.063018
1491.5,0.183185,0.062609
1492.5,0.183921,0.062192
1493.5,0.184664,0.061775
1494.5,0.185422,0.061365
1495.5,0.186200,0.060970
1496.5,0.187005,0.060598
1497.5,0.187843,0.060256
1498.5,0.188718,0.059952
1499.5,0.189636,0.059693
1500.5,0.190601,0.059487
1501.5,0.191618,0.059340
1502.5,0.192689,0.059257
1503.5,0.193819,0.059243
1504.5,0.195008,0.059302
1505.5,0.196260,0.059436
1506.5,0.197574,0.059648
1507.5,0.198951,0.059938
1508.5,0.200391,0.060305
1509.5,0.201893,0.060747
1510.5,0.203454,0.061261
1511.5,0.205072,0.061843
1512.5,0.206744,0.062488
1513.5,0.208466,0.063191
1514.5,0.210233,0.063945
1515.5,0.212041,0.064744
1516.5,0.213883,0.065580
1517.5,0.215753,0.066446
1518.5,0.217645,0.067335
1519.5,0.219551,0.068238
1520.5,0.221463,0.069150
1521.5,0.223374,0.070062
1522.5,0.225276,0.070967
1523.5,0.227160,0.071858
1524.5,0.229018,0.072731
1525.5,0.230840,0.073577
1526.5,0.232619,0.074392
1527.5,0.234346,0.075171
1528.5,0.236012,0.075909
1529.5,0.237609,0.076601
1530.5,0.239129,0.077245
1531.5,0.240564,0.077837
1532.5,0.241907,0.078373
1533.5,0.243150,0.078853
1534.5,0.244287,0.079274
1535.5,0.245312,0.079634
1536.5,0.246219,0.079933
1537.5,0.247002,0.080171
1538.5,0.247657,0.080347
1539.5,0.248180,0.080463
1540.5,0.248568,0.080517
1541.5,0.248817,0.080513
1542.5,0.248925,0.080450
1543.5,0.248890,0.080332
1544.5,0.248712,0.080160
1545.5,0.248389,0.079936
1546.5,0.247923,0.079663
1547.5,0.247312,0.079345
1548.5,0.246559,0.078983
1549.5,0.245665,0.078580
1550.5,0.244632,0.078141
1551.5,0.243463,0.077668
1552.5,0.242160,0.077164
1553.5,0.240728,0.076633
1554.5,0.239170,0.076077
1555.5,0.237491,0.075500
1556.5,0.235693,0.074905
1557.5,0.233784,0.074295
1558.5,0.231766,0.073672
1559.5,0.229646,0.073038
1560.5,0.227429,0.072397
1561.5,0.225119,0.071749
1562.5,0.222724,0.071097
1563.5,0.220247,0.070443
1564.5,0.217696,0.069787
1565.5,0.215076,0.069130
1566.5,0.212392,0.068473
1567.5,0.209649,0.067818
1568.5,0.206855,0.067163
1569.5,0.204014,0.066510
1570.5,0.201132,0.065858
1571.5,0.198214,0.065207
1572.5,0.195265,0.064557
1573.5,0.192291,0.063907
1574.5,0.189297,0.063257
1575.5,0.186287,0.062606
1576.5,0.183267,0.061954
1577.5,0.180241,0.061300
1578.5,0.177215,0.060644
1579.5,0.174191,0.059986
1580.5,0.171175,0.059324
1581.5,0.168171,0.058659
1582.5,0.165182,0.057992
1583.5,0.162212,0.057320
1584.5,0.159266,0.056646
1585.5,0.156347,0.055969
1586.5,0.153459,0.055290
1587.5,0.150604,0.054609
1588.5,0.147785,0.053928
1589.5,0.145007,0.053246
1590.5,0.142272,0.052565
1591.5,0.139583,0.051886
1592.5,0.136942,0.051210
1593.5,0.134352,0.050539
1594.5,0.131816,0.049874
1595.5,0.129337,0.049216
1596.5,0.126915,0.048567
1597.5,0.124554,0.047928
1598.5,0.122255,0.047300
1599.5,0.120020,0.046686
1600.5,0.117851,0.046086
1601.5,0.115750,0.045502
1602.5,0.113718,0.044935
1603.5,0.111757,0.044386
1604.5,0.109867,0.043857
1605.5,0.108050,0.043348
1606.5,0.106306,0.042861
1607.5,0.104637,0.042396
1608.5,0.103043,0.041955
1609.5,0.101524,0.041538
1610.5,0.100082,0.041145
1611.5,0.098715,0.040778
1612.5,0.097425,0.040437
1613.5,0.096210,0.040122
1614.5,0.095071,0.039834
1615.5,0.094008,0.039573
1616.5,0.093019,0.039339
1617.5,0.092103,0.039133
1618.5,0.091261,0.038955
1619.5,0.090491,0.038804
1620.5,0.089792,0.038682
1621.5,0.089161,0.038588
1622.5,0.088599,0.038522
1623.5,0.088103,0.038483
1624.5,0.087671,0.038472
1625.5,0.087302,0.038489
1626.5,0.086993,0.038531
1627.5,0.086743,0.038600
1628.5,0.086549,0.038694
1629.5,0.086409,0.038812
1630.5,0.086321,0.038953
1631.5,0.086281,0.039117
1632.5,0.086288,0.039301
1633.5,0.086339,0.039504
1634.5,0.086431,0.039724
1635.5,0.086562,0.039960
1636.5,0.086728,0.040210
1637.5,0.086928,0.040472
1638.5,0.087159,0.040744
1639.5,0.087417,0.041023
1640.5,0.087701,0.041308
1641.5,0.088007,0.041596
1642.5,0.088333,0.041885
1643.5,0.088677,0.042173
1644.5,0.089036,0.042458
1645.5,0.089408,0.042739
1646.5,0.089791,0.043011
1647.5,0.090183,0.043275
1648.5,0.090581,0.043529
1649.5,0.090984,0.043770
1650.5,0.091390,0.043997
1651.5,0.091798,0.044208
1652.5,0.092207,0.044404
1653.5,0.092614,0.044582
1654.5,0.093019,0.044742
1655.5,0.093421,0.044883
1656.5,0.093820,0.045005
1657.5,0.094214,0.045107
1658.5,0.094603,0.045189
1659.5,0.094988,0.045252
1660.5,0.095368,0.045296
1661.5,0.095743,0.045320
1662.5,0.096114,0.045327
1663.5,0.096480,0.045316
1664.5,0.096843,0.045288
1665.5,0.097203,0.045245
1666.5,0.097561,0.045188
1667.5,0.097918,0.045118
1668.5,0.098274,0.045037
1669.5,0.098632,0.044946
1670.5,0.098992,0.044848
1671.5,0.099355,0.044744
1672.5,0.099722,0.044635
1673.5,0.100096,0.044525
1674.5,0.100477,0.044415
1675.5,0.100867,0.044307
1676.5,0.101267,0.044203
1677.5,0.101678,0.044105
1678.5,0.102101,0.044016
1679.5,0.102538,0.043938
1680.5,0.102990,0.043872
1681.5,0.103458,0.043820
1682.5,0.103942,0.043785
1683.5,0.104443,0.043768
1684.5,0.104962,0.043770
1685.5,0.105499,0.043793
1686.5,0.106055,0.043838
1687.5,0.106630,0.043906
1688.5,0.107223,0.043997
1689.5,0.107835,0.044113
1690.5,0.108465,0.044254
1691.5,0.109112,0.044419
1692.5,0.109776,0.044608
1693.5,0.110455,0.044822
1694.5,0.111149,0.045058
1695.5,0.111856,0.045317
1696.5,0.112574,0.045597
1697.5,0.113301,0.045896
1698.5,0.114036,0.046214
1699.5,0.114777,0.046547
1700.5,0.115520,0.046896
1701.5,0.116265,0.047256
1702.5,0.117007,0.047627
1703.5,0.117745,0.048005
1704.5,0.118476,0.048389
1705.5,0.119196,0.048776
1706.5,0.119902,0.049164
1707.5,0.120592,0.049550
1708.5,0.121263,0.049932
1709.5,0.121911,0.050307
1710.5,0.122533,0.050674
1711.5,0.123125,0.051030
1712.5,0.123686,0.051372
1713.5,0.124211,0.051699
1714.5,0.124698,0.052009
1715.5,0.125144,0.052299
1716.5,0.125545,0.052569
1717.5,0.125900,0.052816
1718.5,0.126205,0.053039
1719.5,0.126458,0.053236
1720.5,0.126657,0.053407
1721.5,0.126800,0.053550
1722.5,0.126885,0.053664
1723.5,0.126911,0.053748
1724.5,0.126875,0.053802
1725.5,0.126776,0.053825
1726.5,0.126614,0.053817
1727.5,0.126389,0.053776
1728.5,0.126099,0.053704
1729.5,0.125744,0.053600
1730.5,0.125325,0.053463
1731.5,0.124841,0.053294
1732.5,0.124294,0.053094
1733.5,0.123685,0.052862
1734.5,0.123015,0.052600
1735.5,0.122284,0.052306
1736.5,0.121496,0.051983
1737.5,0.120652,0.051630
1738.5,0.119754,0.051249
1739.5,0.118805,0.050840
1740.5,0.117808,0.050404
1741.5,0.116765,0.049943
1742.5,0.115681,0.049456
1743.5,0.114558,0.048946
1744.5,0.113400,0.048413
1745.5,0.112211,0.047859
1746.5,0.110996,0.047285
1747.5,0.109757,0.046692
1748.5,0.108500,0.046082
1749.5,0.107229,0.045457
1750.5,0.105948,0.044819
1751.5,0.104662,0.044168
1752.5,0.103376,0.043507
1753.5,0.102095,0.042838
1754.5,0.100823,0.042164
1755.5,0.099564,0.041486
1756.5,0.098324,0.040806
1757.5,0.097108,0.040129
1758.5,0.095920,0.039455
1759.5,0.094764,0.038789
1760.5,0.093645,0.038132
1761.5,0.092568,0.037489
1762.5,0.091537,0.036863
1763.5,0.090555,0.036256
1764.5,0.089627,0.035674
1765.5,0.088757,0.035119
1766.5,0.087948,0.034595
1767.5,0.087203,0.034106
1768.5,0.086527,0.033656
1769.5,0.085921,0.033249
1770.5,0.085388,0.032888
1771.5,0.084932,0.032577
1772.5,0.084553,0.032318
1773.5,0.084255,0.032115
1774.5,0.084039,0.031970
1775.5,0.083905,0.031884
1776.5,0.083857,0.031860
1777.5,0.083893,0.031897
1778.5,0.084016,0.031996
1779.5,0.084224,0.032157
1780.5,0.084519,0.032378
1781.5,0.084900,0.032658
1782.5,0.085367,0.032995
1783.5,0.085918,0.033385
1784.5,0.086553,0.033827
1785.5,0.087270,0.034317
1786.5,0.088069,0.034852
1787.5,0.088946,0.035427
1788.5,0.089901,0.036040
1789.5,0.090931,0.036686
1790.5,0.092033,0.037362
1791.5,0.093205,0.038064
1792.5,0.094445,0.038790
1793.5,0.095750,0.039535
1794.5,0.097116,0.040297
1795.5,0.098540,0.041073
1796.5,0.100019,0.041860
1797.5,0.101549,0.042655
1798.5,0.103128,0.043457
1799.5,0.104751,0.044263
1800.5,0.106415,0.045072
1801.5,0.108116,0.045883
1802.5,0.109851,0.046693
1803.5,0.111615,0.047502
1804.5,0.113406,0.048309
1805.5,0.115219,0.049113
1806.5,0.117050,0.049913
1807.5,0.118896,0.050710
1808.5,0.120753,0.051503
1809.5,0.122618,0.052291
1810.5,0.124486,0.053076
1811.5,0.126355,0.053856
1812.5,0.128220,0.054632
1813.5,0.130079,0.055404
1814.5,0.131929,0.056173
1815.5,0.133765,0.056938
1816.5,0.135584,0.057699
1817.5,0.137384,0.058457
1818.5,0.139162,0.059211
1819.5,0.140915,0.059962
1820.5,0.142639,0.060708
1821.5,0.144332,0.061451
1822.5,0.145992,0.062190
1823.5,0.147616,0.062923
1824.5,0.149202,0.063650
1825.5,0.150746,0.064371
1826.5,0.152248,0.065084
1827.5,0.153705,0.065788
1828.5,0.155114,0.066482
1829.5,0.156475,0.067164
1830.5,0.157785,0.067833
1831.5,0.159042,0.068487
1832.5,0.160244,0.069124
1833.5,0.161391,0.069743
1834.5,0.162481,0.070341
1835.5,0.163512,0.070916
1836.5,0.164484,0.071467
1837.5,0.165394,0.071991
1838.5,0.166243,0.072487
1839.5,0.167029,0.072951
1840.5,0.167751,0.073383
1841.5,0.168409,0.073780
1842.5,0.169003,0.074140
1843.5,0.169531,0.074462
1844.5,0.169993,0.074744
1845.5,0.170390,0.074985
1846.5,0.170721,0.075182
1847.5,0.170986,0.075336
1848.5,0.171185,0.075445
1849.5,0.171319,0.075509
1850.5,0.171388,0.075526
1851.5,0.171393,0.075496
1852.5,0.171334,0.075419
1853.5,0.171213,0.075295
1854.5,0.171029,0.075124
1855.5,0.170785,0.074907
1856.5,0.170481,0.074643
1857.5,0.170119,0.074335
1858.5,0.169701,0.073983
1859.5,0.169228,0.073587
1860.5,0.168701,0.073150
1861.5,0.168124,0.072673
1862.5,0.167497,0.072157
1863.5,0.166823,0.071605
1864.5,0.166104,0.071018
1865.5,0.165343,0.070398
1866.5,0.164542,0.069748
1867.5,0.163704,0.069070
1868.5,0.162831,0.068366
1869.5,0.161925,0.067638
1870.5,0.160991,0.066890
1871.5,0.160030,0.066123
1872.5,0.159046,0.065341
1873.5,0.158042,0.064545
1874.5,0.157020,0.063739
1875.5,0.155983,0.062924
1876.5,0.154936,0.062104
1877.5,0.153879,0.061282
1878.5,0.152818,0.060459
1879.5,0.151754,0.059638
1880.5,0.150690,0.058822
1881.5,0.149631,0.058014
1882.5,0.148577,0.057214
1883.5,0.147533,0.056427
1884.5,0.146500,0.055654
1885.5,0.145482,0.054898
1886.5,0.144481,0.054160
1887.5,0.143499,0.053444
1888.5,0.142538,0.052750
1889.5,0.141601,0.052082
1890.5,0.140690,0.051440
1891.5,0.139807,0.050828
1892.5,0.138952,0.050247
1893.5,0.138128,0.049698
1894.5,0.137336,0.049183
1895.5,0.136577,0.048704
1896.5,0.135852,0.048262
1897.5,0.135162,0.047859
1898.5,0.134507,0.047494
1899.5,0.133887,0.047169
1900.5,0.133304,0.046885
1901.5,0.132756,0.046642
1902.5,0.132244,0.046440
1903.5,0.131766,0.046278
1904.5,0.131323,0.046157
1905.5,0.130914,0.046075
1906.5,0.130537,0.046033
1907.5,0.130192,0.046027
1908.5,0.129877,0.046057
1909.5,0.129590,0.046121
1910.5,0.129330,0.046217
1911.5,0.129095,0.046343
1912.5,0.128883,0.046496
1913.5,0.128692,0.046673
1914.5,0.128520,0.046872
1915.5,0.128365,0.047090
1916.5,0.128224,0.047323
1917.5,0.128094,0.047570
1918.5,0.127974,0.047825
1919.5,0.127861,0.048088
1920.5,0.127751,0.048354
1921.5,0.127644,0.048620
1922.5,0.127535,0.048884
1923.5,0.127423,0.049143
1924.5,0.127306,0.049393
1925.5,0.127179,0.049634
1926.5,0.127043,0.049861
1927.5,0.126893,0.050074
1928.5,0.126728,0.050269
1929.5,0.126546,0.050445
1930.5,0.126344,0.050600
1931.5,0.126122,0.050733
1932.5,0.125877,0.050843
1933.5,0.125608,0.050927
1934.5,0.125313,0.050987
1935.5,0.124991,0.051020
1936.5,0.124642,0.051027
1937.5,0.124264,0.051006
1938.5,0.123857,0.050959
1939.5,0.123421,0.050885
1940.5,0.122955,0.050784
1941.5,0.122459,0.050656
1942.5,0.121933,0.050504
1943.5,0.121379,0.050326
1944.5,0.120795,0.050124
1945.5,0.120184,0.049900
1946.5,0.119547,0.049653
1947.5,0.118883,0.049386
1948.5,0.118196,0.049100
1949.5,0.117486,0.048796
1950.5,0.116754,0.048475
1951.5,0.116004,0.048139
1952.5,0.115237,0.047790
1953.5,0.114455,0.047430
1954.5,0.113661,0.047059
1955.5,0.112857,0.046679
1956.5,0.112045,0.046293
1957.5,0.111229,0.045901
1958.5,0.110411,0.045504
1959.5,0.109595,0.045106
1960.5,0.108782,0.044706
1961.5,0.107977,0.044306
1962.5,0.107181,0.043908
1963.5,0.106400,0.043513
1964.5,0.105634,0.043122
1965.5,0.104889,0.042737
1966.5,0.104166,0.042357
1967.5,0.103470,0.041985
1968.5,0.102803,0.041621
1969.5,0.102168,0.041266
1970.5,0.101568,0.040921
1971.5,0.101007,0.040587
1972.5,0.100488,0.040265
1973.5,0.100012,0.039956
1974.5,0.099584,0.039660
1975.5,0.099206,0.039378
1976.5,0.098880,0.039112
1977.5,0.098609,0.038862
1978.5,0.098395,0.038628
1979.5,0.098241,0.038413
1980.5,0.098148,0.038216
1981.5,0.098118,0.038039
1982.5,0.098153,0.037884
1983.5,0.098255,0.037751
1984.5,0.098425,0.037641
1985.5,0.098665,0.037556
1986.5,0.098974,0.037496
1987.5,0.099355,0.037464
1988.5,0.099807,0.037460
1989.5,0.100331,0.037485
1990.5,0.100927,0.037541
1991.5,0.101595,0.037629
1992.5,0.102335,0.037749
1993.5,0.103146,0.037902
1994.5,0.104028,0.038090
1995.5,0.104980,0.038312
1996.5,0.106000,0.038569
1997.5,0.107086,0.038860
1998.5,0.108239,0.039187
1999.5,0.109454,0.039548
2000.5,0.110732,0.039943
2001.5,0.112068,0.040371
2002.5,0.113460,0.040831
2003.5,0.114907,0.041322
2004.5,0.116404,0.041842
2005.5,0.117950,0.042389
2006.5,0.119540,0.042963
2007.5,0.121170,0.043560
2008.5,0.122839,0.044178
2009.5,0.124541,0.044816
2010.5,0.126272,0.045470
2011.5,0.128030,0.046138
2012.5,0.129809,0.046818
2013.5,0.131606,0.047506
2014.5,0.133416,0.048201
2015.5,0.135234,0.048899
2016.5,0.137058,0.049597
2017.5,0.138881,0.050293
2018.5,0.140700,0.050984
2019.5,0.142511,0.051668
2020.5,0.144308,0.052342
2021.5,0.146088,0.053003
2022.5,0.147847,0.053650
2023.5,0.149581,0.054279
2024.5,0.151285,0.054888
2025.5,0.152955,0.055476
2026.5,0.154589,0.056040
2027.5,0.156181,0.056579
2028.5,0.157730,0.057091
2029.5,0.159232,0.057574
2030.5,0.160683,0.058027
2031.5,0.162082,0.058450
2032.5,0.163425,0.058840
2033.5,0.164711,0.059196
2034.5,0.165936,0.059519
2035.5,0.167100,0.059808
2036.5,0.168202,0.060062
2037.5,0.169239,0.060282
2038.5,0.170210,0.060467
2039.5,0.171116,0.060617
2040.5,0.171956,0.060734
2041.5,0.172729,0.060817
2042.5,0.173436,0.060868
2043.5,0.174076,0.060888
2044.5,0.174652,0.060877
2045.5,0.175164,0.060838
2046.5,0.175612,0.060771
2047.5,0.175998,0.060680
2048.5,0.176324,0.060565
2049.5,0.176592,0.060429
2050.5,0.176804,0.060274
2051.5,0.176961,0.060102
2052.5,0.177067,0.059917
2053.5,0.177124,0.059720
2054.5,0.177133,0.059515
2055.5,0.177099,0.059305
2056.5,0.177025,0.059092
2057.5,0.176911,0.058879
2058.5,0.176763,0.058669
2059.5,0.176583,0.058466
2060.5,0.176374,0.058272
2061.5,0.176139,0.058090
2062.5,0.175882,0.057923
2063.5,0.175604,0.057773
2064.5,0.175310,0.057643
2065.5,0.175001,0.057535
2066.5,0.174682,0.057451
2067.5,0.174355,0.057393
2068.5,0.174022,0.057361
2069.5,0.173686,0.057358
2070.5,0.173350,0.057385
2071.5,0.173015,0.057440
2072.5,0.172685,0.057526
2073.5,0.172360,0.057641
2074.5,0.172043,0.057786
2075.5,0.171736,0.057958
2076.5,0.171440,0.058158
2077.5,0.171156,0.058384
2078.5,0.170886,0.058634
2079.5,0.170631,0.058906
2080.5,0.170392,0.059199
2081.5,0.170169,0.059509
2082.5,0.169962,0.059834
2083.5,0.169774,0.060173
2084.5,0.169602,0.060521
2085.5,0.169449,0.060878
2086.5,0.169313,0.061239
2087.5,0.169194,0.061602
2088.5,0.169093,0.061964
2089.5,0.169008,0.062324
2090.5,0.168940,0.062678
2091.5,0.168887,0.063024
2092.5,0.168848,0.063360
2093.5,0.168824,0.063683
2094.5,0.168813,0.063991
2095.5,0.168813,0.064284
2096.5,0.168825,0.064558
2097.5,0.168846,0.064813
2098.5,0.168876,0.065047
2099.5,0.168914,0.065259
2100.5,0.168958,0.065448
2101.5,0.169006,0.065614
2102.5,0.169058,0.065755
2103.5,0.169113,0.065872
2104.5,0.169169,0.065964
2105.5,0.169224,0.066031
2106.5,0.169278,0.066074
2107.5,0.169329,0.066091
2108.5,0.169376,0.066085
2109.5,0.169417,0.066056
2110.5,0.169452,0.066003
2111.5,0.169479,0.065929
2112.5,0.169497,0.065833
2113.5,0.169504,0.065718
2114.5,0.169500,0.065583
2115.5,0.169484,0.065430
2116.5,0.169454,0.065261
2117.5,0.169410,0.065076
2118.5,0.169350,0.064877
2119.5,0.169273,0.064664
2120.5,0.169179,0.064440
2121.5,0.169066,0.064204
2122.5,0.168934,0.063959
2123.5,0.168783,0.063706
2124.5,0.168610,0.063445
2125.5,0.168416,0.063177
2126.5,0.168199,0.062904
2127.5,0.167960,0.062626
2128.5,0.167697,0.062344
2129.5,0.167410,0.062058
2130.5,0.167098,0.061770
2131.5,0.166762,0.061479
2132.5,0.166399,0.061187
2133.5,0.166012,0.060893
2134.5,0.165597,0.060597
2135.5,0.165157,0.060300
2136.5,0.164690,0.060003
2137.5,0.164195,0.059704
2138.5,0.163674,0.059404
2139.5,0.163126,0.059103
2140.5,0.162550,0.058801
2141.5,0.161948,0.058498
2142.5,0.161319,0.058193
2143.5,0.160662,0.057887
2144.5,0.159979,0.057579
2145.5,0.159270,0.057270
2146.5,0.158534,0.056958
2147.5,0.157773,0.056645
2148.5,0.156987,0.056330
2149.5,0.156176,0.056013
2150.5,0.155341,0.055694
2151.5,0.154482,0.055373
2152.5,0.153600,0.055050
2153.5,0.152696,0.054725
2154.5,0.151771,0.054399
2155.5,0.150826,0.054072
2156.5,0.149861,0.053743
2157.5,0.148877,0.053413
2158.5,0.147876,0.053082
2159.5,0.146859,0.052751
2160.5,0.145827,0.052420
2161.5,0.144781,0.052089
2162.5,0.143722,0.051758
2163.5,0.142652,0.051428
2164.5,0.141572,0.051099
2165.5,0.140484,0.050771
2166.5,0.139389,0.050444
2167.5,0.138288,0.050119
2168.5,0.137184,0.049795
2169.5,0.136077,0.049474
2170.5,0.134970,0.049155
2171.5,0.133864,0.048838
2172.5,0.132761,0.048523
2173.5,0.131662,0.048211
2174.5,0.130570,0.047901
2175.5,0.129487,0.047594
2176.5,0.128413,0.047289
2177.5,0.127351,0.046987
2178.5,0.126303,0.046688
2179.5,0.125271,0.046392
2180.5,0.124257,0.046099
2181.5,0.123261,0.045809
2182.5,0.122288,0.045522
2183.5,0.121337,0.045239
2184.5,0.120412,0.044960
2185.5,0.119514,0.044685
2186.5,0.118644,0.044415
2187.5,0.117806,0.044151
2188.5,0.117000,0.043892
2189.5,0.116228,0.043641
2190.5,0.115492,0.043397
2191.5,0.114794,0.043162
2192.5,0.114136,0.042937
2193.5,0.113518,0.042723
2194.5,0.112943,0.042522
2195.5,0.112411,0.042335
2196.5,0.111925,0.042164
2197.5,0.111486,0.042011
2198.5,0.111094,0.041877
2199.5,0.110751,0.041765
2200.5,0.110457,0.041676
2201.5,0.110215,0.041614
2202.5,0.110024,0.041579
2203.5,0.109885,0.041575
2204.5,0.109799,0.041603
2205.5,0.109765,0.041666
2206.5,0.109785,0.041766
2207.5,0.109859,0.041904
2208.5,0.109985,0.042084
2209.5,0.110165,0.042307
2210.5,0.110397,0.042574
2211.5,0.110682,0.042886
2212.5,0.111017,0.043246
2213.5,0.111403,0.043653
2214.5,0.111839,0.044109
2215.5,0.112322,0.044614
2216.5,0.112852,0.045167
2217.5,0.113427,0.045769
2218.5,0.114045,0.046418
2219.5,0.114704,0.047115
2220.5,0.115402,0.047857
2221.5,0.116136,0.048643
2222.5,0.116905,0.049471
2223.5,0.117705,0.050340
2224.5,0.118533,0.051246
2225.5,0.119387,0.052188
2226.5,0.120263,0.053162
2227.5,0.121158,0.054166
2228.5,0.122068,0.055196
2229.5,0.122991,0.056250
2230.5,0.123921,0.057324
2231.5,0.124856,0.058414
2232.5,0.125791,0.059517
2233.5,0.126724,0.060629
2234.5,0.127648,0.061747
2235.5,0.128562,0.062867
2236.5,0.129460,0.063985
2237.5,0.130338,0.065097
2238.5,0.131193,0.066199
2239.5,0.132020,0.067289
2240.5,0.132816,0.068361
2241.5,0.133576,0.069412
2242.5,0.134297,0.070440
2243.5,0.134974,0.071439
2244.5,0.135605,0.072407
2245.5,0.136185,0.073340
2246.5,0.136712,0.074235
2247.5,0.137182,0.075088
2248.5,0.137591,0.075898
2249.5,0.137938,0.076660
2250.5,0.138220,0.077371
2251.5,0.138433,0.078030
2252.5,0.138577,0.078634
2253.5,0.138648,0.079180
2254.5,0.138646,0.079667
2255.5,0.138569,0.080091
2256.5,0.138416,0.080453
2257.5,0.138186,0.080749
2258.5,0.137878,0.080980
2259.5,0.137493,0.081143
2260.5,0.137029,0.081237
2261.5,0.136489,0.081263
2262.5,0.135872,0.081219
2263.5,0.135180,0.081105
2264.5,0.134413,0.080922
2265.5,0.133573,0.080669
2266.5,0.132662,0.080347
2267.5,0.131683,0.079956
2268.5,0.130638,0.079498
2269.5,0.129529,0.078973
2270.5,0.128360,0.078382
2271.5,0.127133,0.077728
2272.5,0.125852,0.077012
2273.5,0.124521,0.076235
2274.5,0.123144,0.075400
2275.5,0.121725,0.074509
2276.5,0.120268,0.073564
2277.5,0.118778,0.072568
2278.5,0.117258,0.071523
2279.5,0.115714,0.070434
2280.5,0.114151,0.069301
2281.5,0.112573,0.068129
2282.5,0.110985,0.066922
2283.5,0.109392,0.065681
2284.5,0.107800,0.064412
2285.5,0.106212,0.063117
2286.5,0.104635,0.061800
2287.5,0.103072,0.060465
2288.5,0.101529,0.059116
2289.5,0.100010,0.057757
2290.5,0.098521,0.056393
2291.5,0.097065,0.055026
2292.5,0.095647,0.053662
2293.5,0.094271,0.052305
2294.5,0.092941,0.050959
2295.5,0.091661,0.049628
2296.5,0.090435,0.048318
2297.5,0.089266,0.047033
2298.5,0.088157,0.045778
2299.5,0.087112,0.044556
2300.5,0.086133,0.043374
2301.5,0.085223,0.042235
2302.5,0.084383,0.041145
2303.5,0.083616,0.040107
2304.5,0.082924,0.039127
2305.5,0.082308,0.038209
2306.5,0.081768,0.037356
2307.5,0.081307,0.036573
2308.5,0.080924,0.035862
2309.5,0.080620,0.035227
2310.5,0.080396,0.034670
2311.5,0.080249,0.034191
2312.5,0.080182,0.033793
2313.5,0.080191,0.033475
2314.5,0.080278,0.033237
2315.5,0.080439,0.033076
2316.5,0.080675,0.032991
2317.5,0.080984,0.032978
2318.5,0.081362,0.033035
2319.5,0.081810,0.033156
2320.5,0.082323,0.033338
2321.5,0.082901,0.033575
2322.5,0.083539,0.033863
2323.5,0.084237,0.034196
2324.5,0.084990,0.034569
2325.5,0.085796,0.034977
2326.5,0.086652,0.035415
2327.5,0.087554,0.035878
2328.5,0.088501,0.036361
2329.5,0.089487,0.036860
2330.5,0.090511,0.037371
2331.5,0.091569,0.037890
2332.5,0.092656,0.038413
2333.5,0.093772,0.038936
2334.5,0.094911,0.039458
2335.5,0.096070,0.039974
2336.5,0.097247,0.040483
2337.5,0.098439,0.040981
2338.5,0.099642,0.041467
2339.5,0.100852,0.041939
2340.5,0.102069,0.042395
2341.5,0.103287,0.042834
2342.5,0.104505,0.043254
2343.5,0.105721,0.043655
2344.5,0.106931,0.044034
2345.5,0.108133,0.044392
2346.5,0.109326,0.044728
2347.5,0.110506,0.045041
2348.5,0.111672,0.045332
2349.5,0.112823,0.045599
2350.5,0.113956,0.045844
2351.5,0.115070,0.046066
2352.5,0.116164,0.046266
2353.5,0.117235,0.046445
2354.5,0.118284,0.046602
2355.5,0.119309,0.046739
2356.5,0.120309,0.046856
2357.5,0.121284,0.046955
2358.5,0.122233,0.047037
2359.5,0.123155,0.047103
2360.5,0.124049,0.047155
2361.5,0.124917,0.047193
2362.5,0.125757,0.047220
2363.5,0.126569,0.047236
2364.5,0.127353,0.047244
2365.5,0.128110,0.047246
2366.5,0.128839,0.047242
2367.5,0.129540,0.047235
2368.5,0.130214,0.047226
2369.5,0.130861,0.047216
2370.5,0.131481,0.047209
2371.5,0.132074,0.047204
2372.5,0.132641,0.047203
2373.5,0.133182,0.047208
2374.5,0.133698,0.047220
2375.5,0.134187,0.047240
2376.5,0.134652,0.047269
2377.5,0.135092,0.047307
2378.5,0.135507,0.047355
2379.5,0.135898,0.047414
2380.5,0.136265,0.047484
2381.5,0.136608,0.047565
2382.5,0.136927,0.047656
2383.5,0.137222,0.047758
2384.5,0.137494,0.047870
2385.5,0.137742,0.047991
2386.5,0.137967,0.048120
2387.5,0.138168,0.048257
2388.5,0.138345,0.048400
2389.5,0.138498,0.048548
2390.5,0.138628,0.048700
2391.5,0.138733,0.048854
2392.5,0.138815,0.049009
2393.5,0.138872,0.049164
2394.5,0.138904,0.049316
2395.5,0.138912,0.049465
2396.5,0.138894,0.049609
2397.5,0.138852,0.049746
2398.5,0.138784,0.049874
2399.5,0.138690,0.049993
2400.5,0.138570,0.050101
2401.5,0.138425,0.050197
2402.5,0.138253,0.050279
2403.5,0.138055,0.050346
2404.5,0.137831,0.050398
2405.5,0.137580,0.050433
2406.5,0.137303,0.050450
2407.5,0.137000,0.050450
2408.5,0.136671,0.050431
2409.5,0.136315,0.050394
2410.5,0.135933,0.050337
2411.5,0.135526,0.050261
2412.5,0.135094,0.050165
2413.5,0.134637,0.050051
2414.5,0.134155,0.049917
2415.5,0.133649,0.049765
2416.5,0.133120,0.049596
2417.5,0.132568,0.049408
2418.5,0.131994,0.049205
2419.5,0.131399,0.048985
2420.5,0.130783,0.048751
2421.5,0.130148,0.048503
2422.5,0.129494,0.048242
2423.5,0.128822,0.047970
2424.5,0.128134,0.047688
2425.5,0.127429,0.047397
2426.5,0.126711,0.047099
2427.5,0.125978,0.046795
2428.5,0.125233,0.046486
2429.5,0.124478,0.046173
2430.5,0.123712,0.045860
2431.5,0.122937,0.045546
2432.5,0.122155,0.045233
2433.5,0.121367,0.044922
2434.5,0.120573,0.044615
2435.5,0.119776,0.044314
2436.5,0.118976,0.044018
2437.5,0.118175,0.043731
2438.5,0.117373,0.043451
2439.5,0.116572,0.043181
2440.5,0.115773,0.042921
2441.5,0.114978,0.042672
2442.5,0.114187,0.042434
2443.5,0.113401,0.042208
2444.5,0.112622,0.041994
2445.5,0.111850,0.041792
2446.5,0.111086,0.041603
2447.5,0.110332,0.041426
2448.5,0.109587,0.041262
2449.5,0.108854,0.041109
2450.5,0.108133,0.040967
2451.5,0.107424,0.040836
2452.5,0.106728,0.040716
2453.5,0.106047,0.040604
2454.5,0.105380,0.040502
2455.5,0.104728,0.040408
2456.5,0.104092,0.040320
2457.5,0.103473,0.040239
2458.5,0.102871,0.040162
2459.5,0.102286,0.040090
2460.5,0.101719,0.040021
2461.5,0.101170,0.039954
2462.5,0.100640,0.039889
2463.5,0.100129,0.039824
2464.5,0.099637,0.039758
2465.5,0.099166,0.039692
2466.5,0.098715,0.039623
2467.5,0.098284,0.039553
2468.5,0.097874,0.039479
2469.5,0.097485,0.039401
2470.5,0.097117,0.039320
2471.5,0.096771,0.039235
2472.5,0.096447,0.039145
2473.5,0.096145,0.039051
2474.5,0.095865,0.038953
2475.5,0.095608,0.038850
2476.5,0.095374,0.038744
2477.5,0.095162,0.038635
2478.5,0.094973,0.038522
2479.5,0.094807,0.038407
2480.5,0.094665,0.038291
2481.5,0.094546,0.038174
2482.5,0.094450,0.038058
2483.5,0.094378,0.037942
2484.5,0.094329,0.037829
2485.5,0.094303,0.037720
2486.5,0.094300,0.037615
2487.5,0.094321,0.037516
2488.5,0.094364,0.037424
2489.5,0.094430,0.037341
2490.5,0.094519,0.037268
2491.5,0.094629,0.037206
2492.5,0.094762,0.037156
2493.5,0.094915,0.037120
2494.5,0.095090,0.037099
2495.5,0.095284,0.037094
2496.5,0.095499,0.037105
2497.5,0.095732,0.037134
2498.5,0.095983,0.037181
2499.5,0.096252,0.037248
2500.5,0.096537,0.037333
2501.5,0.096838,0.037437
2502.5,0.097153,0.037561
2503.5,0.097481,0.037704
2504.5,0.097821,0.037866
2505.5,0.098173,0.038047
2506.5,0.098534,0.038245
2507.5,0.098903,0.038460
2508.5,0.099279,0.038691
2509.5,0.099660,0.038936
2510.5,0.100045,0.039195
2511.5,0.100432,0.039466
2512.5,0.100820,0.039747
2513.5,0.101206,0.040037
2514.5,0.101590,0.040335
2515.5,0.101969,0.040638
2516.5,0.102341,0.040944
2517.5,0.102706,0.041253
2518.5,0.103060,0.041562
2519.5,0.103403,0.041869
2520.5,0.103732,0.042173
2521.5,0.104046,0.042472
2522.5,0.104343,0.042764
2523.5,0.104620,0.043048
2524.5,0.104878,0.043321
2525.5,0.105113,0.043583
2526.5,0.105324,0.043832
2527.5,0.105509,0.044067
2528.5,0.105668,0.044286
2529.5,0.105797,0.044488
2530.5,0.105897,0.044672
2531.5,0.105966,0.044837
2532.5,0.106002,0.044983
2533.5,0.106004,0.045107
2534.5,0.105972,0.045211
2535.5,0.105903,0.045292
2536.5,0.105798,0.045352
2537.5,0.105655,0.045388
2538.5,0.105475,0.045402
2539.5,0.105255,0.045392
2540.5,0.104996,0.045359
2541.5,0.104697,0.045302
2542.5,0.104358,0.045223
2543.5,0.103979,0.045121
2544.5,0.103559,0.044996
2545.5,0.103100,0.044849
2546.5,0.102600,0.044680
2547.5,0.102061,0.044490
2548.5,0.101482,0.044279
2549.5,0.100864,0.044049
2550.5,0.100207,0.043799
2551.5,0.099513,0.043532
2552.5,0.098782,0.043247
2553.5,0.098014,0.042945
2554.5,0.097211,0.042628
2555.5,0.096373,0.042297
2556.5,0.095502,0.041953
2557.5,0.094599,0.041596
2558.5,0.093665,0.041228
2559.5,0.092701,0.040850
2560.5,0.091708,0.040463
2561.5,0.090688,0.040068
2562.5,0.089642,0.039666
2563.5,0.088572,0.039259
2564.5,0.087478,0.038847
2565.5,0.086363,0.038432
2566.5,0.085227,0.038013
2567.5,0.084073,0.037594
2568.5,0.082901,0.037173
2569.5,0.081714,0.036752
2570.5,0.080513,0.036333
2571.5,0.079298,0.035915
2572.5,0.078073,0.035499
2573.5,0.076837,0.035085
2574.5,0.075593,0.034675
2575.5,0.074342,0.034269
2576.5,0.073086,0.033867
2577.5,0.071825,0.033469
2578.5,0.070562,0.033075
2579.5,0.069297,0.032686
2580.5,0.068031,0.032302
2581.5,0.066767,0.031922
2582.5,0.065504,0.031546
2583.5,0.064245,0.031175
2584.5,0.062991,0.030807
2585.5,0.061742,0.030443
2586.5,0.060500,0.030083
2587.5,0.059266,0.029725
2588.5,0.058040,0.029370
2589.5,0.056824,0.029017
2590.5,0.055618,0.028666
2591.5,0.054424,0.028316
2592.5,0.053243,0.027967
2593.5,0.052074,0.027617
2594.5,0.050920,0.027268
2595.5,0.049780,0.026918
2596.5,0.048656,0.026566
2597.5,0.047549,0.026213
2598.5,0.046458,0.025859
2599.5,0.045384,0.025502
2600.5,0.044329,0.025142
2601.5,0.043292,0.024780
2602.5,0.042275,0.024415
2603.5,0.041278,0.024047
2604.5,0.040302,0.023676
2605.5,0.039346,0.023301
2606.5,0.038413,0.022924
2607.5,0.037501,0.022543
2608.5,0.036612,0.022160
2609.5,0.035746,0.021773
2610.5,0.034903,0.021385
2611.5,0.034085,0.020995
2612.5,0.033291,0.020603
2613.5,0.032522,0.020210
2614.5,0.031778,0.019817
2615.5,0.031060,0.019424
2616.5,0.030368,0.019032
2617.5,0.029703,0.018641
2618.5,0.029064,0.018254
2619.5,0.028453,0.017869
2620.5,0.027869,0.017489
2621.5,0.027313,0.017115
2622.5,0.026785,0.016748
2623.5,0.026285,0.016389
2624.5,0.025814,0.016039
2625.5,0.025372,0.015700
2626.5,0.024959,0.015374
2627.5,0.024576,0.015061
2628.5,0.024222,0.014763
2629.5,0.023897,0.014483
2630.5,0.023602,0.014222
2631.5,0.023337,0.013981
2632.5,0.023102,0.013762
2633.5,0.022897,0.013566
2634.5,0.022722,0.013396
2635.5,0.022577,0.013252
2636.5,0.022462,0.013137
2637.5,0.022376,0.013050
2638.5,0.022320,0.012992
2639.5,0.022294,0.012966
2640.5,0.022297,0.012969
2641.5,0.022328,0.013004
2642.5,0.022389,0.013069
2643.5,0.022478,0.013164
2644.5,0.022595,0.013288
2645.5,0.022740,0.013441
2646.5,0.022911,0.013621
2647.5,0.023110,0.013827
2648.5,0.023335,0.014058
2649.5,0.023586,0.014311
2650.5,0.023862,0.014586
2651.5,0.024162,0.014881
2652.5,0.024486,0.015194
2653.5,0.024834,0.015523
2654.5,0.025203,0.015867
2655.5,0.025595,0.016224
2656.5,0.026008,0.016594
2657.5,0.026440,0.016973
2658.5,0.026892,0.017362
2659.5,0.027362,0.017758
2660.5,0.027850,0.018160
2661.5,0.028354,0.018567
2662.5,0.028874,0.018979
2663.5,0.029409,0.019393
2664.5,0.029957,0.019808
2665.5,0.030518,0.020225
2666.5,0.031091,0.020641
2667.5,0.031675,0.021056
2668.5,0.032268,0.021469
2669.5,0.032870,0.021879
2670.5,0.033480,0.022286
2671.5,0.034096,0.022688
2672.5,0.034718,0.023085
2673.5,0.035345,0.023476
2674.5,0.035975,0.023860
2675.5,0.036608,0.024238
2676.5,0.037243,0.024607
2677.5,0.037878,0.024969
2678.5,0.038513,0.025322
2679.5,0.039147,0.025666
2680.5,0.039779,0.026000
2681.5,0.040408,0.026324
2682.5,0.041034,0.026638
2683.5,0.041654,0.026941
2684.5,0.042270,0.027233
2685.5,0.042879,0.027514
2686.5,0.043481,0.027783
2687.5,0.044076,0.028040
2688.5,0.044662,0.028286
2689.5,0.045240,0.028519
2690.5,0.045808,0.028741
2691.5,0.046366,0.028950
2692.5,0.046914,0.029147
2693.5,0.047450,0.029332
2694.5,0.047975,0.029504
2695.5,0.048489,0.029665
2696.5,0.048990,0.029813
2697.5,0.049479,0.029950
2698.5,0.049955,0.030075
2699.5,0.050418,0.030189
2700.5,0.050868,0.030291
2701.5,0.051304,0.030383
2702.5,0.051727,0.030464
2703.5,0.052136,0.030535
2704.5,0.052532,0.030596
2705.5,0.052914,0.030648
2706.5,0.053282,0.030691
2707.5,0.053637,0.030725
2708.5,0.053977,0.030751
2709.5,0.054305,0.030770
2710.5,0.054618,0.030782
2711.5,0.054919,0.030788
2712.5,0.055206,0.030787
2713.5,0.055480,0.030782
2714.5,0.055741,0.030772
2715.5,0.055989,0.030758
2716.5,0.056224,0.030741
2717.5,0.056447,0.030721
2718.5,0.056658,0.030699
2719.5,0.056856,0.030675
2720.5,0.057043,0.030650
2721.5,0.057218,0.030625
2722.5,0.057381,0.030601
2723.5,0.057534,0.030577
2724.5,0.057675,0.030554
2725.5,0.057805,0.030533
2726.5,0.057924,0.030515
2727.5,0.058032,0.030499
2728.5,0.058131,0.030486
2729.5,0.058218,0.030476
2730.5,0.058296,0.030470
2731.5,0.058363,0.030468
2732.5,0.058420,0.030469
2733.5,0.058468,0.030475
2734.5,0.058505,0.030485
2735.5,0.058533,0.030499
2736.5,0.058550,0.030517
2737.5,0.058558,0.030540
2738.5,0.058557,0.030565
2739.5,0.058545,0.030595
2740.5,0.058524,0.030627
2741.5,0.058493,0.030663
2742.5,0.058453,0.030701
2743.5,0.058402,0.030740
2744.5,0.058342,0.030782
2745.5,0.058272,0.030825
2746.5,0.058192,0.030868
2747.5,0.058102,0.030910
2748.5,0.058003,0.030953
2749.5,0.057893,0.030994
2750.5,0.057774,0.031033
2751.5,0.057644,0.031069
2752.5,0.057505,0.031102
2753.5,0.057356,0.031131
2754.5,0.057197,0.031156
2755.5,0.057028,0.031175
2756.5,0.056849,0.031189
2757.5,0.056661,0.031196
2758.5,0.056463,0.031196
2759.5,0.056257,0.031188
2760.5,0.056040,0.031172
2761.5,0.055815,0.031148
2762.5,0.055582,0.031114
2763.5,0.055340,0.031071
2764.5,0.055089,0.031018
2765.5,0.054831,0.030954
2766.5,0.054566,0.030880
2767.5,0.054293,0.030795
2768.5,0.054015,0.030698
2769.5,0.053730,0.030590
2770.5,0.053439,0.030471
2771.5,0.053144,0.030340
2772.5,0.052844,0.030197
2773.5,0.052541,0.030043
2774.5,0.052234,0.029878
2775.5,0.051925,0.029701
2776.5,0.051615,0.029512
2777.5,0.051304,0.029314
2778.5,0.050993,0.029104
2779.5,0.050682,0.028884
2780.5,0.050374,0.028655
2781.5,0.050068,0.028417
2782.5,0.049765,0.028170
2783.5,0.049467,0.027915
2784.5,0.049174,0.027653
2785.5,0.048887,0.027385
2786.5,0.048607,0.027111
2787.5,0.048336,0.026832
2788.5,0.048073,0.026550
2789.5,0.047821,0.026266
2790.5,0.047580,0.025980
2791.5,0.047350,0.025694
2792.5,0.047134,0.025409
2793.5,0.046931,0.025127
2794.5,0.046742,0.024849
2795.5,0.046570,0.024576
2796.5,0.046413,0.024310
2797.5,0.046273,0.024052
2798.5,0.046152,0.023805
2799.5,0.046048,0.023569
2800.5,0.045964,0.023347
2801.5,0.045900,0.023140
2802.5,0.045856,0.022949
2803.5,0.045833,0.022777
2804.5,0.045831,0.022624
2805.5,0.045851,0.022492
2806.5,0.045892,0.022382
2807.5,0.045956,0.022296
2808.5,0.046042,0.022235
2809.5,0.046151,0.022199
2810.5,0.046282,0.022190
2811.5,0.046436,0.022207
2812.5,0.046612,0.022252
2813.5,0.046810,0.022324
2814.5,0.047030,0.022423
2815.5,0.047271,0.022548
2816.5,0.047534,0.022701
2817.5,0.047817,0.022878
2818.5,0.048120,0.023081
2819.5,0.048442,0.023307
2820.5,0.048783,0.023556
2821.5,0.049141,0.023826
2822.5,0.049517,0.024115
2823.5,0.049908,0.024423
2824.5,0.050314,0.024748
2825.5,0.050734,0.025088
2826.5,0.051166,0.025441
2827.5,0.051610,0.025806
2828.5,0.052064,0.026181
2829.5,0.052527,0.026564
2830.5,0.052997,0.026955
2831.5,0.053474,0.027350
2832.5,0.053955,0.027749
2833.5,0.054440,0.028149
2834.5,0.054926,0.028550
2835.5,0.055412,0.028950
2836.5,0.055897,0.029348
2837.5,0.056379,0.029742
2838.5,0.056856,0.030130
2839.5,0.057327,0.030513
2840.5,0.057791,0.030887
2841.5,0.058246,0.031253
2842.5,0.058690,0.031609
2843.5,0.059121,0.031954
2844.5,0.059539,0.032288
2845.5,0.059942,0.032608
2846.5,0.060328,0.032915
2847.5,0.060696,0.033208
2848.5,0.061044,0.033486
2849.5,0.061372,0.033748
2850.5,0.061677,0.033993
2851.5,0.061960,0.034221
2852.5,0.062218,0.034432
2853.5,0.062450,0.034625
2854.5,0.062656,0.034800
2855.5,0.062835,0.034955
2856.5,0.062985,0.035092
2857.5,0.063107,0.035209
2858.5,0.063198,0.035307
2859.5,0.063259,0.035385
2860.5,0.063289,0.035443
2861.5,0.063287,0.035481
2862.5,0.063254,0.035499
2863.5,0.063188,0.035497
2864.5,0.063090,0.035475
2865.5,0.062960,0.035433
2866.5,0.062797,0.035372
2867.5,0.062601,0.035291
2868.5,0.062373,0.035190
2869.5,0.062113,0.035071
2870.5,0.061822,0.034932
2871.5,0.061499,0.034775
2872.5,0.061145,0.034599
2873.5,0.060761,0.034405
2874.5,0.060348,0.034194
2875.5,0.059906,0.033966
2876.5,0.059435,0.033720
2877.5,0.058938,0.033459
2878.5,0.058414,0.033181
2879.5,0.057866,0.032888
2880.5,0.057293,0.032580
2881.5,0.056698,0.032258
2882.5,0.056081,0.031922
2883.5,0.055444,0.031573
2884.5,0.054789,0.031210
2885.5,0.054115,0.030836
2886.5,0.053426,0.030450
2887.5,0.052722,0.030053
2888.5,0.052005,0.029645
2889.5,0.051276,0.029228
2890.5,0.050538,0.028802
2891.5,0.049791,0.028367
2892.5,0.049038,0.027924
2893.5,0.048280,0.027474
2894.5,0.047519,0.027018
2895.5,0.046756,0.026555
2896.5,0.045993,0.026088
2897.5,0.045232,0.025616
2898.5,0.044474,0.025141
2899.5,0.043722,0.024662
2900.5,0.042977,0.024182
2901.5,0.042240,0.023699
2902.5,0.041514,0.023217
2903.5,0.040799,0.022734
2904.5,0.040098,0.022253
2905.5,0.039413,0.021773
2906.5,0.038744,0.021296
2907.5,0.038093,0.020823
2908.5,0.037463,0.020355
2909.5,0.036853,0.019892
2910.5,0.036267,0.019436
2911.5,0.035705,0.018988
2912.5,0.035168,0.018549
2913.5,0.034658,0.018120
2914.5,0.034176,0.017703
2915.5,0.033724,0.017299
2916.5,0.033302,0.016910
2917.5,0.032912,0.016536
2918.5,0.032555,0.016179
2919.5,0.032232,0.015842
2920.5,0.031943,0.015525
2921.5,0.031690,0.015231
2922.5,0.031473,0.014960
2923.5,0.031294,0.014715
2924.5,0.031152,0.014498
2925.5,0.031049,0.014309
2926.5,0.030985,0.014150
2927.5,0.030961,0.014024
2928.5,0.030977,0.013930
2929.5,0.031033,0.013870
2930.5,0.031130,0.013844
2931.5,0.031267,0.013854
2932.5,0.031446,0.013898
2933.5,0.031666,0.013978
2934.5,0.031926,0.014093
2935.5,0.032228,0.014241
2936.5,0.032571,0.014424
2937.5,0.032954,0.014638
2938.5,0.033378,0.014884
2939.5,0.033841,0.015159
2940.5,0.034344,0.015464
2941.5,0.034886,0.015795
2942.5,0.035466,0.016151
2943.5,0.036084,0.016531
2944.5,0.036739,0.016934
2945.5,0.037429,0.017358
2946.5,0.038155,0.017801
2947.5,0.038915,0.018262
2948.5,0.039709,0.018739
2949.5,0.040534,0.019232
2950.5,0.041390,0.019738
2951.5,0.042276,0.020257
2952.5,0.043190,0.020788
2953.5,0.044131,0.021329
2954.5,0.045097,0.021879
2955.5,0.046087,0.022437
2956.5,0.047100,0.023003
2957.5,0.048134,0.023574
2958.5,0.049186,0.024151
2959.5,0.050257,0.024731
2960.5,0.051343,0.025315
2961.5,0.052442,0.025902
2962.5,0.053554,0.026489
2963.5,0.054676,0.027077
2964.5,0.055807,0.027665
2965.5,0.056944,0.028251
2966.5,0.058085,0.028836
2967.5,0.059229,0.029417
2968.5,0.060373,0.029995
2969.5,0.061516,0.030568
2970.5,0.062656,0.031135
2971.5,0.063789,0.031696
2972.5,0.064916,0.032250
2973.5,0.066033,0.032796
2974.5,0.067138,0.033333
2975.5,0.068230,0.033861
2976.5,0.069307,0.034378
2977.5,0.070367,0.034884
2978.5,0.071407,0.035378
2979.5,0.072427,0.035859
2980.5,0.073424,0.036326
2981.5,0.074396,0.036780
2982.5,0.075342,0.037218
2983.5,0.076261,0.037641
2984.5,0.077150,0.038048
2985.5,0.078009,0.038437
2986.5,0.078835,0.038809
2987.5,0.079628,0.039162
2988.5,0.080386,0.039496
2989.5,0.081108,0.039811
2990.5,0.081793,0.040106
2991.5,0.082440,0.040381
2992.5,0.083048,0.040634
2993.5,0.083617,0.040866
2994.5,0.084145,0.041076
2995.5,0.084633,0.041263
2996.5,0.085079,0.041428
2997.5,0.085483,0.041570
2998.5,0.085845,0.041689
2999.5,0.086166,0.041785
3000.5,0.086444,0.041857
3001.5,0.086681,0.041906
3002.5,0.086876,0.041930
3003.5,0.087029,0.041931
3004.5,0.087142,0.041908
3005.5,0.087214,0.041862
3006.5,0.087247,0.041792
3007.5,0.087241,0.041699
3008.5,0.087198,0.041583
3009.5,0.087118,0.041443
3010.5,0.087002,0.041282
3011.5,0.086852,0.041098
3012.5,0.086669,0.040893
3013.5,0.086455,0.040667
3014.5,0.086210,0.040420
3015.5,0.085938,0.040153
3016.5,0.085639,0.039867
3017.5,0.085316,0.039563
3018.5,0.084970,0.039240
3019.5,0.084603,0.038902
3020.5,0.084217,0.038547
3021.5,0.083815,0.038177
3022.5,0.083399,0.037794
3023.5,0.082970,0.037397
3024.5,0.082532,0.036989
3025.5,0.082086,0.036571
3026.5,0.081635,0.036143
3027.5,0.081181,0.035708
3028.5,0.080727,0.035266
3029.5,0.080275,0.034819
3030.5,0.079827,0.034369
3031.5,0.079386,0.033916
3032.5,0.078954,0.033463
3033.5,0.078534,0.033011
3034.5,0.078128,0.032562
3035.5,0.077738,0.032118
3036.5,0.077368,0.031680
3037.5,0.077018,0.031250
3038.5,0.076691,0.030830
3039.5,0.076389,0.030422
3040.5,0.076116,0.030028
3041.5,0.075871,0.029649
3042.5,0.075659,0.029287
3043.5,0.075479,0.028944
3044.5,0.075336,0.028622
3045.5,0.075229,0.028322
3046.5,0.075161,0.028047
3047.5,0.075133,0.027797
3048.5,0.075147,0.027575
3049.5,0.075205,0.027380
3050.5,0.075307,0.027216
3051.5,0.075454,0.027082
3052.5,0.075648,0.026979
3053.5,0.075890,0.026909
3054.5,0.076179,0.026871
3055.5,0.076519,0.026866
3056.5,0.076907,0.026894
3057.5,0.077346,0.026955
3058.5,0.077835,0.027049
3059.5,0.078375,0.027174
3060.5,0.078965,0.027331
3061.5,0.079606,0.027519
3062.5,0.080297,0.027737
3063.5,0.081038,0.027984
3064.5,0.081829,0.028258
3065.5,0.082669,0.028559
3066.5,0.083556,0.028885
3067.5,0.084492,0.029234
3068.5,0.085474,0.029607
3069.5,0.086501,0.030000
3070.5,0.087572,0.030414
3071.5,0.088686,0.030846
3072.5,0.089841,0.031294
3073.5,0.091036,0.031759
3074.5,0.092270,0.032238
3075.5,0.093539,0.032730
3076.5,0.094843,0.033234
3077.5,0.096180,0.033749
3078.5,0.097546,0.034273
3079.5,0.098941,0.034806
3080.5,0.100362,0.035346
3081.5,0.101807,0.035891
3082.5,0.103273,0.036442
3083.5,0.104757,0.036997
3084.5,0.106257,0.037555
3085.5,0.107771,0.038115
3086.5,0.109296,0.038676
3087.5,0.110829,0.039237
3088.5,0.112367,0.039797
3089.5,0.113907,0.040356
3090.5,0.115447,0.040912
3091.5,0.116984,0.041464
3092.5,0.118514,0.042013
3093.5,0.120036,0.042556
3094.5,0.121545,0.043093
3095.5,0.123039,0.043623
3096.5,0.124516,0.044146
3097.5,0.125972,0.044660
3098.5,0.127403,0.045165
3099.5,0.128809,0.045661
3100.5,0.130185,0.046145
3101.5,0.131528,0.046618
3102.5,0.132837,0.047078
3103.5,0.134108,0.047525
3104.5,0.135338,0.047959
3105.5,0.136525,0.048378
3106.5,0.137667,0.048782
3107.5,0.138761,0.049170
3108.5,0.139805,0.049542
3109.5,0.140796,0.049896
3110.5,0.141732,0.050233
3111.5,0.142611,0.050551
3112.5,0.143432,0.050850
3113.5,0.144191,0.051130
3114.5,0.144888,0.051390
3115.5,0.145520,0.051629
3116.5,0.146087,0.051847
3117.5,0.146587,0.052043
3118.5,0.147017,0.052218
3119.5,0.147379,0.052371
3120.5,0.147669,0.052501
3121.5,0.147888,0.052608
3122.5,0.148034,0.052692
3123.5,0.148107,0.052752
3124.5,0.148107,0.052789
3125.5,0.148033,0.052802
3126.5,0.147884,0.052791
3127.5,0.147662,0.052756
3128.5,0.147365,0.052697
3129.5,0.146995,0.052614
3130.5,0.146551,0.052507
3131.5,0.146034,0.052376
3132.5,0.145444,0.052220
3133.5,0.144784,0.052042
3134.5,0.144052,0.051839
3135.5,0.143251,0.051613
3136.5,0.142382,0.051364
3137.5,0.141445,0.051092
3138.5,0.140443,0.050797
3139.5,0.139377,0.050480
3140.5,0.138249,0.050142
3141.5,0.137059,0.049782
3142.5,0.135812,0.049400
3143.5,0.134507,0.048999
3144.5,0.133148,0.048577
3145.5,0.131736,0.048136
3146.5,0.130275,0.047675
3147.5,0.128765,0.047197
3148.5,0.127211,0.046700
3149.5,0.125613,0.046187
3150.5,0.123975,0.045657
3151.5,0.122300,0.045111
3152.5,0.120590,0.044550
3153.5,0.118847,0.043975
3154.5,0.117075,0.043386
3155.5,0.115277,0.042784
3156.5,0.113455,0.042170
3157.5,0.111612,0.041545
3158.5,0.109750,0.040909
3159.5,0.107874,0.040263
3160.5,0.105985,0.039609
3161.5,0.104087,0.038946
3162.5,0.102183,0.038276
3163.5,0.100275,0.037600
3164.5,0.098366,0.036918
3165.5,0.096459,0.036231
3166.5,0.094556,0.035541
3167.5,0.092661,0.034848
3168.5,0.090777,0.034153
3169.5,0.088905,0.033457
3170.5,0.087048,0.032761
3171.5,0.085210,0.032066
3172.5,0.083391,0.031373
3173.5,0.081596,0.030683
3174.5,0.079825,0.029996
3175.5,0.078083,0.029315
3176.5,0.076369,0.028640
3177.5,0.074688,0.027972
3178.5,0.073040,0.027312
3179.5,0.071428,0.026662
3180.5,0.069853,0.026022
3181.5,0.068318,0.025394
3182.5,0.066823,0.024780
3183.5,0.065372,0.024179
3184.5,0.063964,0.023595
3185.5,0.062602,0.023028
3186.5,0.061287,0.022479
3187.5,0.060019,0.021950
3188.5,0.058801,0.021443
3189.5,0.057633,0.020959
3190.5,0.056516,0.020499
3191.5,0.055451,0.020066
3192.5,0.054439,0.019660
3193.5,0.053480,0.019283
3194.5,0.052575,0.018937
3195.5,0.051724,0.018623
3196.5,0.050928,0.018342
3197.5,0.050188,0.018094
3198.5,0.049502,0.017882
3199.5,0.048872,0.017706
3200.5,0.048297,0.017566
3201.5,0.047778,0.017463
3202.5,0.047314,0.017396
3203.5,0.046905,0.017366
3204.5,0.046551,0.017371
3205.5,0.046251,0.017412
3206.5,0.046005,0.017486
3207.5,0.045814,0.017593
3208.5,0.045675,0.017732
3209.5,0.045589,0.017901
3210.5,0.045555,0.018098
3211.5,0.045573,0.018321
3212.5,0.045640,0.018569
3213.5,0.045758,0.018840
3214.5,0.045925,0.019131
3215.5,0.046140,0.019442
3216.5,0.046402,0.019770
3217.5,0.046711,0.020114
3218.5,0.047065,0.020472
3219.5,0.047464,0.020842
3220.5,0.047906,0.021222
3221.5,0.048391,0.021612
3222.5,0.048917,0.022010
3223.5,0.049484,0.022414
3224.5,0.050090,0.022823
3225.5,0.050735,0.023237
3226.5,0.051416,0.023653
3227.5,0.052134,0.024072
3228.5,0.052888,0.024492
3229.5,0.053675,0.024912
3230.5,0.054495,0.025332
3231.5,0.055348,0.025751
3232.5,0.056231,0.026167
3233.5,0.057144,0.026581
3234.5,0.058087,0.026993
3235.5,0.059057,0.027400
3236.5,0.060054,0.027804
3237.5,0.061076,0.028204
3238.5,0.062124,0.028599
3239.5,0.063196,0.028989
3240.5,0.064291,0.029375
3241.5,0.065407,0.029755
3242.5,0.066545,0.030131
3243.5,0.067704,0.030501
3244.5,0.068881,0.030866
3245.5,0.070078,0.031227
3246.5,0.071292,0.031582
3247.5,0.072522,0.031933
3248.5,0.073769,0.032279
3249.5,0.075031,0.032621
3250.5,0.076308,0.032960
3251.5,0.077598,0.033295
3252.5,0.078902,0.033627
3253.5,0.080217,0.033956
3254.5,0.081544,0.034283
3255.5,0.082882,0.034609
3256.5,0.084230,0.034933
3257.5,0.085587,0.035257
3258.5,0.086952,0.035582
3259.5,0.088325,0.035906
3260.5,0.089706,0.036232
3261.5,0.091092,0.036560
3262.5,0.092485,0.036889
3263.5,0.093882,0.037222
3264.5,0.095283,0.037559
3265.5,0.096687,0.037899
3266.5,0.098094,0.038244
3267.5,0.099503,0.038594
3268.5,0.100913,0.038949
3269.5,0.102323,0.039310
3270.5,0.103732,0.039677
3271.5,0.105139,0.040051
3272.5,0.106544,0.040431
3273.5,0.107946,0.040819
3274.5,0.109343,0.041214
3275.5,0.110735,0.041615
3276.5,0.112120,0.042024
3277.5,0.113499,0.042440
3278.5,0.114868,0.042863
3279.5,0.116229,0.043293
3280.5,0.117579,0.043730
3281.5,0.118917,0.044172
3282.5,0.120242,0.044620
3283.5,0.121554,0.045074
3284.5,0.122850,0.045533
3285.5,0.124130,0.045996
3286.5,0.125392,0.046462
3287.5,0.126635,0.046932
3288.5,0.127858,0.047403
3289.5,0.129060,0.047876
3290.5,0.130239,0.048350
3291.5,0.131393,0.048823
3292.5,0.132522,0.049295
3293.5,0.133624,0.049765
3294.5,0.134698,0.050232
3295.5,0.135742,0.050695
3296.5,0.136756,0.051153
3297.5,0.137737,0.051605
3298.5,0.138684,0.052050
3299.5,0.139596,0.052487
3300.5,0.140472,0.052914
3301.5,0.141310,0.053332
3302.5,0.142109,0.053739
3303.5,0.142867,0.054133
3304.5,0.143584,0.054515
3305.5,0.144259,0.054882
3306.5,0.144889,0.055235
3307.5,0.145474,0.055571
3308.5,0.146013,0.055892
3309.5,0.146505,0.056194
3310.5,0.146948,0.056478
3311.5,0.147342,0.056743
3312.5,0.147685,0.056988
3313.5,0.147978,0.057213
3314.5,0.148219,0.057416
3315.5,0.148407,0.057598
3316.5,0.148541,0.057757
3317.5,0.148622,0.057894
3318.5,0.148648,0.058007
3319.5,0.148620,0.058096
3320.5,0.148536,0.058161
3321.5,0.148396,0.058202
3322.5,0.148201,0.058218
3323.5,0.147949,0.058209
3324.5,0.147642,0.058175
3325.5,0.147278,0.058117
3326.5,0.146859,0.058033
3327.5,0.146383,0.057924
3328.5,0.145852,0.057790
3329.5,0.145266,0.057631
3330.5,0.144626,0.057447
3331.5,0.143930,0.057239
3332.5,0.143182,0.057007
3333.5,0.142380,0.056751
3334.5,0.141526,0.056471
3335.5,0.140620,0.056168
3336.5,0.139664,0.055843
3337.5,0.138658,0.055496
3338.5,0.137604,0.055127
3339.5,0.136502,0.054738
3340.5,0.135354,0.054328
3341.5,0.134161,0.053899
3342.5,0.132924,0.053451
3343.5,0.131645,0.052985
3344.5,0.130324,0.052501
3345.5,0.128964,0.052001
3346.5,0.127566,0.051485
3347.5,0.126131,0.050954
3348.5,0.124662,0.050409
3349.5,0.123159,0.049851
3350.5,0.121624,0.049280
3351.5,0.120059,0.048698
3352.5,0.118466,0.048105
3353.5,0.116847,0.047502
3354.5,0.115203,0.046891
3355.5,0.113535,0.046272
3356.5,0.111846,0.045645
3357.5,0.110138,0.045012
3358.5,0.108412,0.044373
3359.5,0.106670,0.043730
3360.5,0.104914,0.043083
3361.5,0.103146,0.042433
3362.5,0.101366,0.041781
3363.5,0.099578,0.041127
3364.5,0.097783,0.040472
3365.5,0.095982,0.039817
3366.5,0.094178,0.039162
3367.5,0.092371,0.038509
3368.5,0.090564,0.037857
3369.5,0.088759,0.037207
3370.5,0.086956,0.036560
3371.5,0.085157,0.035916
3372.5,0.083364,0.035276
3373.5,0.081579,0.034639
3374.5,0.079802,0.034007
3375.5,0.078035,0.033380
3376.5,0.076280,0.032758
3377.5,0.074538,0.032141
3378.5,0.072810,0.031530
3379.5,0.071098,0.030924
3380.5,0.069402,0.030325
3381.5,0.067724,0.029731
3382.5,0.066065,0.029144
3383.5,0.064426,0.028563
3384.5,0.062807,0.027988
3385.5,0.061211,0.027420
3386.5,0.059638,0.026859
3387.5,0.058089,0.026304
3388.5,0.056564,0.025755
3389.5,0.055065,0.025213
3390.5,0.053592,0.024677
3391.5,0.052146,0.024148
3392.5,0.050728,0.023626
3393.5,0.049339,0.023110
3394.5,0.047978,0.022600
3395.5,0.046647,0.022097
3396.5,0.045347,0.021600
3397.5,0.044077,0.021110
3398.5,0.042838,0.020626
3399.5,0.041632,0.020148
3400.5,0.040457,0.019677
3401.5,0.039315,0.019212
3402.5,0.038206,0.018754
3403.5,0.037130,0.018302
3404.5,0.036088,0.017858
3405.5,0.035079,0.017420
3406.5,0.034105,0.016989
3407.5,0.033166,0.016565
3408.5,0.032261,0.016148
3409.5,0.031391,0.015739
3410.5,0.030556,0.015338
3411.5,0.029757,0.014945
3412.5,0.028993,0.014560
3413.5,0.028265,0.014185
3414.5,0.027572,0.013818
3415.5,0.026916,0.013462
3416.5,0.026296,0.013116
3417.5,0.025712,0.012780
3418.5,0.025164,0.012457
3419.5,0.024653,0.012145
3420.5,0.024178,0.011847
3421.5,0.023739,0.011562
3422.5,0.023338,0.011292
3423.5,0.022973,0.011038
3424.5,0.022645,0.010800
3425.5,0.022353,0.010579
3426.5,0.022098,0.010378
3427.5,0.021881,0.010195
3428.5,0.021700,0.010033
3429.5,0.021556,0.009893
3430.5,0.021448,0.009775
3431.5,0.021378,0.009680
3432.5,0.021345,0.009610
3433.5,0.021348,0.009563
3434.5,0.021388,0.009542
3435.5,0.021465,0.009546
3436.5,0.021579,0.009576
3437.5,0.021729,0.009630
3438.5,0.021916,0.009710
3439.5,0.022139,0.009815
3440.5,0.022399,0.009943
3441.5,0.022696,0.010095
3442.5,0.023028,0.010270
3443.5,0.023396,0.010467
3444.5,0.023801,0.010685
3445.5,0.024241,0.010922
3446.5,0.024716,0.011179
3447.5,0.025227,0.011454
3448.5,0.025773,0.011746
3449.5,0.026354,0.012055
3450.5,0.026970,0.012378
3451.5,0.027619,0.012717
3452.5,0.028303,0.013069
3453.5,0.029021,0.013434
3454.5,0.029771,0.013811
3455.5,0.030555,0.014199
3456.5,0.031371,0.014599
3457.5,0.032219,0.015009
3458.5,0.033098,0.015429
3459.5,0.034009,0.015857
3460.5,0.034950,0.016295
3461.5,0.035921,0.016740
3462.5,0.036921,0.017193
3463.5,0.037950,0.017654
3464.5,0.039007,0.018121
3465.5,0.040091,0.018594
3466.5,0.041201,0.019074
3467.5,0.042338,0.019559
3468.5,0.043499,0.020049
3469.5,0.044684,0.020544
3470.5,0.045892,0.021043
3471.5,0.047123,0.021547
3472.5,0.048374,0.022054
3473.5,0.049646,0.022564
3474.5,0.050937,0.023078
3475.5,0.052246,0.023594
3476.5,0.053572,0.024112
3477.5,0.054914,0.024632
3478.5,0.056270,0.025153
3479.5,0.057640,0.025676
3480.5,0.059022,0.026199
3481.5,0.060414,0.026723
3482.5,0.061816,0.027247
3483.5,0.063226,0.027770
3484.5,0.064643,0.028293
3485.5,0.066066,0.028814
3486.5,0.067492,0.029334
3487.5,0.068920,0.029852
3488.5,0.070350,0.030368
3489.5,0.071779,0.030881
3490.5,0.073205,0.031391
3491.5,0.074629,0.031897
3492.5,0.076047,0.032400
3493.5,0.077458,0.032898
3494.5,0.078861,0.033391
3495.5,0.080254,0.033879
3496.5,0.081635,0.034361
3497.5,0.083004,0.034837
3498.5,0.084358,0.035307
3499.5,0.085695,0.035770
3500.5,0.087015,0.036225
3501.5,0.088316,0.036673
3502.5,0.089596,0.037112
3503.5,0.090853,0.037542
3504.5,0.092086,0.037963
3505.5,0.093294,0.038375
3506.5,0.094475,0.038776
3507.5,0.095628,0.039167
3508.5,0.096752,0.039547
3509.5,0.097844,0.039916
3510.5,0.098904,0.040272
3511.5,0.099930,0.040616
3512.5,0.100922,0.040948
3513.5,0.101878,0.041267
3514.5,0.102797,0.041571
3515.5,0.103677,0.041862
3516.5,0.104519,0.042139
3517.5,0.105320,0.042401
3518.5,0.106081,0.042648
3519.5,0.106799,0.042879
3520.5,0.107475,0.043094
3521.5,0.108108,0.043294
3522.5,0.108697,0.043477
3523.5,0.109241,0.043643
3524.5,0.109741,0.043792
3525.5,0.110196,0.043924
3526.5,0.110604,0.044039
3527.5,0.110968,0.044136
3528.5,0.111285,0.044215
3529.5,0.111556,0.044276
3530.5,0.111781,0.044319
3531.5,0.111960,0.044343
3532.5,0.112093,0.044350
3533.5,0.112180,0.044338
3534.5,0.112223,0.044308
3535.5,0.112220,0.044259
3536.5,0.112173,0.044193
3537.5,0.112082,0.044108
3538.5,0.111947,0.044005
3539.5,0.111770,0.043884
3540.5,0.111551,0.043746
3541.5,0.111291,0.043591
3542.5,0.110991,0.043418
3543.5,0.110651,0.043229
3544.5,0.110274,0.043023
3545.5,0.109859,0.042802
3546.5,0.109408,0.042565
3547.5,0.108922,0.042312
3548.5,0.108402,0.042046
3549.5,0.107850,0.041765
3550.5,0.107267,0.041471
3551.5,0.106655,0.041165
3552.5,0.106014,0.040846
3553.5,0.105345,0.040516
3554.5,0.104652,0.040176
3555.5,0.103934,0.039826
3556.5,0.103194,0.039467
3557.5,0.102432,0.039100
3558.5,0.101651,0.038726
3559.5,0.100852,0.038346
3560.5,0.100036,0.037961
3561.5,0.099205,0.037572
3562.5,0.098360,0.037179
3563.5,0.097504,0.036784
3564.5,0.096636,0.036389
3565.5,0.095760,0.035993
3566.5,0.094876,0.035598
3567.5,0.093985,0.035206
3568.5,0.093090,0.034817
3569.5,0.092191,0.034432
3570.5,0.091290,0.034052
3571.5,0.090388,0.033680
3572.5,0.089487,0.033314
3573.5,0.088587,0.032957
3574.5,0.087690,0.032610
3575.5,0.086796,0.032273
3576.5,0.085908,0.031948
3577.5,0.085026,0.031635
3578.5,0.084151,0.031334
3579.5,0.083284,0.031048
3580.5,0.082425,0.030775
3581.5,0.081577,0.030517
3582.5,0.080739,0.030275
3583.5,0.079912,0.030048
3584.5,0.079097,0.029837
3585.5,0.078295,0.029641
3586.5,0.077505,0.029462
3587.5,0.076730,0.029299
3588.5,0.075968,0.029151
3589.5,0.075221,0.029019
3590.5,0.074489,0.028902
3591.5,0.073772,0.028800
3592.5,0.073070,0.028712
3593.5,0.072384,0.028637
3594.5,0.071714,0.028575
3595.5,0.071060,0.028525
3596.5,0.070422,0.028486
3597.5,0.069800,0.028458
3598.5,0.069194,0.028439
3599.5,0.068605,0.028428
3600.5,0.068031,0.028425
3601.5,0.067474,0.028428
3602.5,0.066932,0.028436
3603.5,0.066407,0.028449
3604.5,0.065897,0.028466
3605.5,0.065402,0.028485
3606.5,0.064923,0.028506
3607.5,0.064458,0.028527
3608.5,0.064009,0.028548
3609.5,0.063574,0.028568
3610.5,0.063153,0.028587
3611.5,0.062747,0.028602
3612.5,0.062354,0.028615
3613.5,0.061975,0.028624
3614.5,0.061610,0.028628
3615.5,0.061257,0.028628
3616.5,0.060918,0.028622
3617.5,0.060591,0.028610
3618.5,0.060276,0.028592
3619.5,0.059974,0.028568
3620.5,0.059683,0.028537
3621.5,0.059405,0.028500
3622.5,0.059138,0.028456
3623.5,0.058882,0.028405
3624.5,0.058637,0.028347
3625.5,0.058404,0.028282
3626.5,0.058181,0.028211
3627.5,0.057970,0.028134
3628.5,0.057769,0.028050
3629.5,0.057578,0.027961
3630.5,0.057398,0.027867
3631.5,0.057229,0.027767
3632.5,0.057070,0.027663
3633.5,0.056921,0.027555
3634.5,0.056783,0.027444
3635.5,0.056655,0.027329
3636.5,0.056538,0.027213
3637.5,0.056431,0.027095
3638.5,0.056334,0.026976
3639.5,0.056248,0.026856
3640.5,0.056172,0.026737
3641.5,0.056107,0.026620
3642.5,0.056052,0.026504
3643.5,0.056009,0.026391
3644.5,0.055976,0.026282
3645.5,0.055953,0.026176
3646.5,0.055942,0.026076
3647.5,0.055942,0.025981
3648.5,0.055953,0.025893
3649.5,0.055975,0.025811
3650.5,0.056008,0.025737
3651.5,0.056053,0.025672
3652.5,0.056109,0.025615
3653.5,0.056176,0.025567
3654.5,0.056255,0.025530
3655.5,0.056346,0.025502
3656.5,0.056447,0.025484
3657.5,0.056561,0.025478
3658.5,0.056686,0.025482
3659.5,0.056823,0.025497
3660.5,0.056971,0.025523
3661.5,0.057131,0.025561
3662.5,0.057302,0.025609
3663.5,0.057485,0.025668
3664.5,0.057679,0.025738
3665.5,0.057884,0.025818
3666.5,0.058101,0.025908
3667.5,0.058329,0.026008
3668.5,0.058568,0.026118
3669.5,0.058817,0.026236
3670.5,0.059077,0.026363
3671.5,0.059348,0.026497
3672.5,0.059629,0.026639
3673.5,0.059920,0.026787
3674.5,0.060222,0.026942
3675.5,0.060533,0.027102
3676.5,0.060853,0.027268
3677.5,0.061183,0.027437
3678.5,0.061521,0.027610
3679.5,0.061869,0.027786
3680.5,0.062225,0.027965
3681.5,0.062589,0.028146
3682.5,0.062962,0.028327
3683.5,0.063342,0.028510
3684.5,0.063729,0.028693
3685.5,0.064124,0.028875
3686.5,0.064525,0.029056
3687.5,0.064933,0.029237
3688.5,0.065348,0.029415
3689.5,0.065768,0.029591
3690.5,0.066194,0.029764
3691.5,0.066626,0.029935
3692.5,0.067063,0.030102
3693.5,0.067505,0.030265
3694.5,0.067951,0.030424
3695.5,0.068402,0.030580
3696.5,0.068857,0.030730
3697.5,0.069316,0.030876
3698.5,0.069779,0.031017
3699.5,0.070245,0.031154
3700.5,0.070715,0.031285
3701.5,0.071187,0.031411
3702.5,0.071663,0.031532
3703.5,0.072141,0.031647
3704.5,0.072622,0.031758
3705.5,0.073105,0.031863
3706.5,0.073590,0.031963
3707.5,0.074077,0.032059
3708.5,0.074566,0.032149
3709.5,0.075057,0.032235
3710.5,0.075550,0.032316
3711.5,0.076044,0.032392
3712.5,0.076540,0.032465
3713.5,0.077037,0.032534
3714.5,0.077535,0.032599
3715.5,0.078034,0.032661
3716.5,0.078534,0.032720
3717.5,0.079036,0.032776
3718.5,0.079538,0.032829
3719.5,0.080041,0.032881
3720.5,0.080544,0.032931
3721.5,0.081049,0.032980
3722.5,0.081553,0.033028
3723.5,0.082059,0.033075
3724.5,0.082564,0.033123
3725.5,0.083070,0.033171
3726.5,0.083576,0.033219
3727.5,0.084081,0.033269
3728.5,0.084587,0.033320
3729.5,0.085092,0.033373
3730.5,0.085597,0.033429
3731.5,0.086101,0.033487
3732.5,0.086605,0.033548
3733.5,0.087107,0.033613
3734.5,0.087608,0.033681
3735.5,0.088107,0.033754
3736.5,0.088605,0.033830
3737.5,0.089101,0.033912
3738.5,0.089594,0.033998
3739.5,0.090085,0.034089
3740.5,0.090573,0.034185
3741.5,0.091057,0.034287
3742.5,0.091538,0.034394
3743.5,0.092015,0.034506
3744.5,0.092487,0.034624
3745.5,0.092954,0.034748
3746.5,0.093415,0.034877
3747.5,0.093871,0.035011
3748.5,0.094320,0.035150
3749.5,0.094762,0.035294
3750.5,0.095197,0.035443
3751.5,0.095623,0.035596
3752.5,0.096041,0.035754
3753.5,0.096449,0.035916
3754.5,0.096848,0.036081
3755.5,0.097236,0.036250
3756.5,0.097613,0.036421
3757.5,0.097978,0.036594
3758.5,0.098330,0.036770
3759.5,0.098669,0.036947
3760.5,0.098994,0.037124
3761.5,0.099305,0.037302
3762.5,0.099600,0.037480
3763.5,0.099879,0.037657
3764.5,0.100142,0.037833
3765.5,0.100387,0.038007
3766.5,0.100614,0.038178
3767.5,0.100823,0.038346
3768.5,0.101012,0.038511
3769.5,0.101181,0.038671
3770.5,0.101329,0.038827
3771.5,0.101456,0.038977
3772.5,0.101561,0.039121
3773.5,0.101643,0.039258
3774.5,0.101702,0.039388
3775.5,0.101738,0.039511
3776.5,0.101750,0.039625
3777.5,0.101737,0.039731
3778.5,0.101698,0.039827
3779.5,0.101635,0.039914
3780.5,0.101545,0.039990
3781.5,0.101430,0.040056
3782.5,0.101288,0.040110
3783.5,0.101119,0.040153
3784.5,0.100924,0.040185
3785.5,0.100701,0.040204
3786.5,0.100451,0.040210
3787.5,0.100174,0.040204
3788.5,0.099869,0.040185
3789.5,0.099538,0.040152
3790.5,0.099179,0.040106
3791.5,0.098793,0.040046
3792.5,0.098381,0.039972
3793.5,0.097942,0.039884
3794.5,0.097477,0.039783
3795.5,0.096985,0.039666
3796.5,0.096469,0.039536
3797.5,0.095927,0.039392
3798.5,0.095361,0.039233
3799.5,0.094771,0.039060
3800.5,0.094158,0.038873
3801.5,0.093522,0.038672
3802.5,0.092865,0.038457
3803.5,0.092186,0.038229
3804.5,0.091487,0.037987
3805.5,0.090769,0.037732
3806.5,0.090032,0.037464
3807.5,0.089278,0.037184
3808.5,0.088508,0.036891
3809.5,0.087722,0.036586
3810.5,0.086922,0.036269
3811.5,0.086109,0.035942
3812.5,0.085284,0.035603
3813.5,0.084448,0.035254
3814.5,0.083603,0.034896
3815.5,0.082749,0.034528
3816.5,0.081889,0.034151
3817.5,0.081023,0.033766
3818.5,0.080152,0.033374
3819.5,0.079279,0.032975
3820.5,0.078404,0.032569
3821.5,0.077529,0.032158
3822.5,0.076655,0.031742
3823.5,0.075783,0.031322
3824.5,0.074916,0.030899
3825.5,0.074054,0.030473
3826.5,0.073198,0.030046
3827.5,0.072351,0.029618
3828.5,0.071513,0.029189
3829.5,0.070686,0.028762
3830.5,0.069872,0.028338
3831.5,0.069070,0.027916
3832.5,0.068284,0.027498
3833.5,0.067514,0.027085
3834.5,0.066761,0.026679
3835.5,0.066026,0.026280
3836.5,0.065312,0.025890
3837.5,0.064618,0.025510
3838.5,0.063946,0.025140
3839.5,0.063298,0.024783
3840.5,0.062673,0.024440
3841.5,0.062074,0.024111
3842.5,0.061501,0.023798
3843.5,0.060955,0.023502
3844.5,0.060437,0.023225
3845.5,0.059947,0.022968
3846.5,0.059487,0.022731
3847.5,0.059057,0.022517
3848.5,0.058657,0.022326
3849.5,0.058289,0.022159
3850.5,0.057953,0.022017
3851.5,0.057649,0.021901
3852.5,0.057378,0.021812
3853.5,0.057140,0.021749
3854.5,0.056935,0.021715
3855.5,0.056764,0.021708
3856.5,0.056626,0.021730
3857.5,0.056522,0.021780
3858.5,0.056452,0.021858
3859.5,0.056416,0.021964
3860.5,0.056413,0.022097
3861.5,0.056444,0.022257
3862.5,0.056508,0.022443
3863.5,0.056605,0.022655
3864.5,0.056735,0.022892
3865.5,0.056897,0.023152
3866.5,0.057091,0.023435
3867.5,0.057316,0.023740
3868.5,0.057572,0.024066
3869.5,0.057858,0.024411
3870.5,0.058173,0.024775
3871.5,0.058516,0.025156
3872.5,0.058888,0.025554
3873.5,0.059286,0.025966
3874.5,0.059711,0.026393
3875.5,0.060160,0.026832
3876.5,0.060634,0.027283
3877.5,0.061131,0.027745
3878.5,0.061649,0.028216
3879.5,0.062189,0.028696
3880.5,0.062748,0.029183
3881.5,0.063326,0.029678
3882.5,0.063921,0.030177
3883.5,0.064533,0.030682
3884.5,0.065159,0.031190
3885.5,0.065798,0.031701
3886.5,0.066450,0.032214
3887.5,0.067113,0.032729
3888.5,0.067785,0.033243
3889.5,0.068466,0.033757
3890.5,0.069153,0.034270
3891.5,0.069845,0.034781
3892.5,0.070541,0.035289
3893.5,0.071240,0.035793
3894.5,0.071941,0.036293
3895.5,0.072640,0.036787
3896.5,0.073339,0.037276
3897.5,0.074034,0.037759
3898.5,0.074725,0.038234
3899.5,0.075410,0.038701
3900.5,0.076088,0.039160
3901.5,0.076757,0.039609
3902.5,0.077417,0.040048
3903.5,0.078066,0.040477
3904.5,0.078703,0.040895
3905.5,0.079326,0.041301
3906.5,0.079934,0.041695
3907.5,0.080526,0.042076
3908.5,0.081102,0.042443
3909.5,0.081659,0.042797
3910.5,0.082197,0.043136
3911.5,0.082715,0.043460
3912.5,0.083212,0.043768
3913.5,0.083687,0.044061
3914.5,0.084139,0.044337
3915.5,0.084568,0.044597
3916.5,0.084971,0.044839
3917.5,0.085350,0.045064
3918.5,0.085703,0.045270
3919.5,0.086029,0.045459
3920.5,0.086328,0.045629
3921.5,0.086600,0.045781
3922.5,0.086843,0.045913
3923.5,0.087059,0.046027
3924.5,0.087245,0.046121
3925.5,0.087403,0.046195
3926.5,0.087532,0.046250
3927.5,0.087631,0.046285
3928.5,0.087702,0.046300
3929.5,0.087742,0.046296
3930.5,0.087754,0.046272
3931.5,0.087736,0.046228
3932.5,0.087690,0.046164
3933.5,0.087614,0.046081
3934.5,0.087510,0.045978
3935.5,0.087378,0.045856
3936.5,0.087219,0.045715
3937.5,0.087032,0.045555
3938.5,0.086818,0.045377
3939.5,0.086578,0.045180
3940.5,0.086313,0.044966
3941.5,0.086023,0.044734
3942.5,0.085708,0.044484
3943.5,0.085370,0.044218
3944.5,0.085010,0.043935
3945.5,0.084628,0.043637
3946.5,0.084225,0.043323
3947.5,0.083803,0.042995
3948.5,0.083361,0.042652
3949.5,0.082902,0.042295
3950.5,0.082426,0.041926
3951.5,0.081934,0.041544
3952.5,0.081428,0.041150
3953.5,0.080908,0.040746
3954.5,0.080376,0.040331
3955.5,0.079833,0.039906
3956.5,0.079280,0.039473
3957.5,0.078719,0.039031
3958.5,0.078150,0.038582
3959.5,0.077575,0.038127
3960.5,0.076995,0.037666
3961.5,0.076411,0.037200
3962.5,0.075825,0.036731
3963.5,0.075238,0.036258
3964.5,0.074651,0.035784
3965.5,0.074066,0.035308
3966.5,0.073483,0.034832
3967.5,0.072905,0.034356
3968.5,0.072331,0.033882
3969.5,0.071765,0.033411
3970.5,0.071205,0.032943
3971.5,0.070655,0.032479
3972.5,0.070115,0.032021
3973.5,0.069586,0.031569
3974.5,0.069070,0.031124
3975.5,0.068567,0.030688
3976.5,0.068079,0.030261
3977.5,0.067606,0.029843
3978.5,0.067150,0.029437
3979.5,0.066712,0.029043
3980.5,0.066292,0.028661
3981.5,0.065892,0.028293
3982.5,0.065513,0.027940
3983.5,0.065155,0.027601
3984.5,0.064820,0.027278
3985.5,0.064507,0.026972
3986.5,0.064218,0.026683
3987.5,0.063954,0.026411
3988.5,0.063715,0.026158
3989.5,0.063501,0.025923
3990.5,0.063315,0.025707
3991.5,0.063155,0.025510
3992.5,0.063022,0.025333
3993.5,0.062918,0.025176
3994.5,0.062841,0.025038
3995.5,0.062794,0.024920
3996.5,0.062775,0.024822
3997.5,0.062786,0.024743
3998.5,0.062827,0.024683
3999.5,0.062898,0.024642
4000.5,0.062998,0.024620
4001.5,0.063129,0.024615
4002.5,0.063289,0.024629
4003.5,0.063480,0.024660
4004.5,0.063702,0.024707
4005.5,0.063953,0.024770
4006.5,0.064235,0.024849
4007.5,0.064546,0.024943
4008.5,0.064888,0.025051
4009.5,0.065259,0.025173
4010.5,0.065659,0.025307
4011.5,0.066089,0.025454
4012.5,0.066548,0.025612
4013.5,0.067035,0.025781
4014.5,0.067550,0.025961
4015.5,0.068093,0.026151
4016.5,0.068663,0.026350
4017.5,0.069260,0.026557
4018.5,0.069883,0.026773
4019.5,0.070532,0.026996
4020.5,0.071206,0.027226
4021.5,0.071905,0.027464
4022.5,0.072628,0.027707
4023.5,0.073374,0.027957
4024.5,0.074143,0.028211
4025.5,0.074934,0.028471
4026.5,0.075746,0.028736
4027.5,0.076578,0.029005
4028.5,0.077431,0.029279
4029.5,0.078302,0.029556
4030.5,0.079191,0.029837
4031.5,0.080098,0.030121
4032.5,0.081022,0.030408
4033.5,0.081961,0.030698
4034.5,0.082915,0.030990
4035.5,0.083883,0.031285
4036.5,0.084864,0.031582
4037.5,0.085857,0.031880
4038.5,0.086861,0.032181
4039.5,0.087875,0.032483
4040.5,0.088899,0.032786
4041.5,0.089932,0.033090
4042.5,0.090972,0.033395
4043.5,0.092018,0.033700
4044.5,0.093070,0.034005
4045.5,0.094126,0.034311
4046.5,0.095187,0.034616
4047.5,0.096250,0.034921
4048.5,0.097314,0.035225
4049.5,0.098380,0.035529
4050.5,0.099445,0.035830
4051.5,0.100509,0.036131
4052.5,0.101571,0.036429
4053.5,0.102630,0.036726
4054.5,0.103685,0.037020
4055.5,0.104736,0.037311
4056.5,0.105780,0.037600
4057.5,0.106818,0.037885
4058.5,0.107848,0.038166
4059.5,0.108870,0.038444
4060.5,0.109882,0.038718
4061.5,0.110884,0.038987
4062.5,0.111876,0.039251
4063.5,0.112855,0.039510
4064.5,0.113822,0.039764
4065.5,0.114775,0.040012
4066.5,0.115715,0.040255
4067.5,0.116639,0.040491
4068.5,0.117548,0.040721
4069.5,0.118440,0.040944
4070.5,0.119316,0.041160
4071.5,0.120174,0.041369
4072.5,0.121013,0.041571
4073.5,0.121834,0.041765
4074.5,0.122635,0.041951
4075.5,0.123417,0.042130
4076.5,0.124178,0.042301
4077.5,0.124917,0.042463
4078.5,0.125636,0.042617
4079.5,0.126332,0.042763
4080.5,0.127007,0.042900
4081.5,0.127658,0.043029
4082.5,0.128287,0.043149
4083.5,0.128892,0.043261
4084.5,0.129473,0.043364
4085.5,0.130031,0.043458
4086.5,0.130564,0.043544
4087.5,0.131073,0.043621
4088.5,0.131558,0.043690
4089.5,0.132018,0.043751
4090.5,0.132453,0.043804
4091.5,0.132863,0.043848
4092.5,0.133248,0.043885
4093.5,0.133608,0.043914
4094.5,0.133942,0.043935
4095.5,0.134252,0.043949
4096.5,0.134537,0.043955
4097.5,0.134796,0.043955
4098.5,0.135031,0.043948
4099.5,0.135241,0.043934
4100.5,0.135426,0.043915
4101.5,0.135586,0.043889
4102.5,0.135722,0.043858
4103.5,0.135834,0.043821
4104.5,0.135922,0.043779
4105.5,0.135985,0.043732
4106.5,0.136025,0.043680
4107.5,0.136042,0.043625
4108.5,0.136035,0.043565
4109.5,0.136005,0.043501
4110.5,0.135953,0.043434
4111.5,0.135878,0.043364
4112.5,0.135782,0.043291
4113.5,0.135663,0.043215
4114.5,0.135523,0.043137
4115.5,0.135361,0.043057
4116.5,0.135179,0.042974
4117.5,0.134976,0.042890
4118.5,0.134753,0.042805
4119.5,0.134510,0.042718
4120.5,0.134248,0.042630
4121.5,0.133966,0.042541
4122.5,0.133665,0.042452
4123.5,0.133346,0.042361
4124.5,0.133008,0.042270
4125.5,0.132653,0.042179
4126.5,0.132280,0.042088
4127.5,0.131890,0.041996
4128.5,0.131482,0.041904
4129.5,0.131059,0.041811
4130.5,0.130618,0.041719
4131.5,0.130162,0.041627
4132.5,0.129690,0.041534
4133.5,0.129203,0.041442
4134.5,0.128700,0.041349
4135.5,0.128183,0.041256
4136.5,0.127651,0.041163
4137.5,0.127105,0.041070
4138.5,0.126545,0.040976
4139.5,0.125972,0.040882
4140.5,0.125385,0.040788
4141.5,0.124784,0.040692
4142.5,0.124171,0.040597
4143.5,0.123545,0.040500
4144.5,0.122907,0.040402
4145.5,0.122256,0.040303
4146.5,0.121593,0.040203
4147.5,0.120919,0.040102
4148.5,0.120233,0.039999
4149.5,0.119536,0.039895
4150.5,0.118828,0.039789
4151.5,0.118109,0.039681
4152.5,0.117380,0.039571
4153.5,0.116640,0.039458
4154.5,0.115890,0.039343
4155.5,0.115130,0.039226
4156.5,0.114360,0.039106
4157.5,0.113581,0.038984
4158.5,0.112793,0.038858
4159.5,0.111995,0.038730
4160.5,0.111189,0.038598
4161.5,0.110374,0.038463
4162.5,0.109550,0.038325
4163.5,0.108719,0.038183
4164.5,0.107880,0.038037
4165.5,0.107032,0.037888
4166.5,0.106178,0.037735
4167.5,0.105316,0.037579
4168.5,0.104448,0.037418
4169.5,0.103572,0.037253
4170.5,0.102691,0.037084
4171.5,0.101803,0.036911
4172.5,0.100909,0.036734
4173.5,0.100010,0.036553
4174.5,0.099106,0.036367
4175.5,0.098196,0.036177
4176.5,0.097282,0.035983
4177.5,0.096363,0.035785
4178.5,0.095440,0.035583
4179.5,0.094514,0.035376
4180.5,0.093584,0.035165
4181.5,0.092651,0.034951
4182.5,0.091715,0.034732
4183.5,0.090776,0.034510
4184.5,0.089836,0.034283
4185.5,0.088893,0.034053
4186.5,0.087949,0.033819
4187.5,0.087004,0.033582
4188.5,0.086058,0.033342
4189.5,0.085112,0.033098
4190.5,0.084166,0.032852
4191.5,0.083220,0.032602
4192.5,0.082274,0.032350
4193.5,0.081330,0.032096
4194.5,0.080387,0.031839
4195.5,0.079445,0.031580
4196.5,0.078506,0.031320
4197.5,0.077569,0.031058
4198.5,0.076635,0.030795
4199.5,0.075703,0.030531
4200.5,0.074776,0.030266
4201.5,0.073852,0.030001
4202.5,0.072932,0.029735
4203.5,0.072017,0.029470
4204.5,0.071106,0.029205
4205.5,0.070201,0.028941
4206.5,0.069301,0.028678
4207.5,0.068407,0.028416
4208.5,0.067519,0.028155
4209.5,0.066637,0.027897
4210.5,0.065762,0.027641
4211.5,0.064894,0.027387
4212.5,0.064032,0.027135
4213.5,0.063179,0.026887
4214.5,0.062333,0.026642
4215.5,0.061495,0.026401
4216.5,0.060665,0.026163
4217.5,0.059843,0.025930
4218.5,0.059030,0.025700
4219.5,0.058226,0.025475
4220.5,0.057431,0.025254
4221.5,0.056645,0.025038
4222.5,0.055868,0.024826
4223.5,0.055101,0.024620
4224.5,0.054343,0.024418
4225.5,0.053596,0.024222
4226.5,0.052858,0.024030
4227.5,0.052130,0.023844
4228.5,0.051412,0.023662
4229.5,0.050705,0.023486
4230.5,0.050008,0.023315
4231.5,0.049321,0.023148
4232.5,0.048645,0.022986
4233.5,0.047979,0.022829
4234.5,0.047324,0.022676
4235.5,0.046679,0.022528
4236.5,0.046046,0.022383
4237.5,0.045423,0.022243
4238.5,0.044810,0.022106
4239.5,0.044209,0.021973
4240.5,0.043618,0.021843
4241.5,0.043037,0.021716
4242.5,0.042468,0.021591
4243.5,0.041909,0.021469
4244.5,0.041361,0.021350
4245.5,0.040824,0.021232
4246.5,0.040297,0.021116
4247.5,0.039781,0.021001
4248.5,0.039276,0.020887
4249.5,0.038781,0.020775
4250.5,0.038297,0.020663
4251.5,0.037823,0.020551
4252.5,0.037360,0.020440
4253.5,0.036907,0.020329
4254.5,0.036464,0.020218
4255.5,0.036032,0.020106
4256.5,0.035610,0.019994
4257.5,0.035198,0.019882
4258.5,0.034796,0.019769
4259.5,0.034405,0.019656
4260.5,0.034023,0.019541
4261.5,0.033652,0.019427
4262.5,0.033290,0.019311
4263.5,0.032938,0.019195
4264.5,0.032597,0.019078
4265.5,0.032265,0.018960
4266.5,0.031943,0.018842
4267.5,0.031630,0.018724
4268.5,0.031328,0.018606
4269.5,0.031035,0.018487
4270.5,0.030752,0.018369
4271.5,0.030478,0.018251
4272.5,0.030214,0.018134
4273.5,0.029959,0.018018
4274.5,0.029714,0.017903
4275.5,0.029479,0.017790
4276.5,0.029253,0.017678
4277.5,0.029036,0.017569
4278.5,0.028829,0.017462
4279.5,0.028631,0.017357
4280.5,0.028443,0.017256
4281.5,0.028264,0.017158
4282.5,0.028094,0.017064
4283.5,0.027934,0.016975
4284.5,0.027784,0.016889
4285.5,0.027642,0.016809
4286.5,0.027510,0.016733
4287.5,0.027388,0.016663
4288.5,0.027275,0.016598
4289.5,0.027171,0.016540
4290.5,0.027076,0.016487
4291.5,0.026992,0.016441
4292.5,0.026916,0.016401
4293.5,0.026850,0.016368
4294.5,0.026794,0.016342
4295.5,0.026747,0.016323
4296.5,0.026709,0.016310
4297.5,0.026681,0.016304
4298.5,0.026663,0.016305
4299.5,0.026654,0.016313
4300.5,0.026656,0.016327
4301.5,0.026667,0.016348
4302.5,0.026687,0.016375
4303.5,0.026718,0.016408
4304.5,0.026758,0.016447
4305.5,0.026809,0.016491
4306.5,0.026870,0.016541
4307.5,0.026940,0.016596
4308.5,0.027021,0.016655
4309.5,0.027113,0.016718
4310.5,0.027214,0.016786
4311.5,0.027327,0.016857
4312.5,0.027450,0.016931
4313.5,0.027583,0.017007
4314.5,0.027728,0.017087
4315.5,0.027883,0.017168
4316.5,0.028050,0.017250
4317.5,0.028228,0.017334
4318.5,0.028417,0.017419
4319.5,0.028618,0.017504
4320.5,0.028831,0.017590
4321.5,0.029055,0.017675
4322.5,0.029292,0.017760
4323.5,0.029540,0.017845
4324.5,0.029802,0.017928
4325.5,0.030076,0.018011
4326.5,0.030362,0.018092
4327.5,0.030662,0.018171
4328.5,0.030975,0.018249
4329.5,0.031302,0.018326
4330.5,0.031642,0.018400
4331.5,0.031996,0.018473
4332.5,0.032364,0.018544
4333.5,0.032747,0.018613
4334.5,0.033144,0.018680
4335.5,0.033556,0.018746
4336.5,0.033983,0.018810
4337.5,0.034426,0.018873
4338.5,0.034884,0.018935
4339.5,0.035357,0.018996
4340.5,0.035847,0.019056
4341.5,0.036353,0.019117
4342.5,0.036876,0.019177
4343.5,0.037415,0.019237
4344.5,0.037971,0.019299
4345.5,0.038545,0.019362
4346.5,0.039135,0.019426
4347.5,0.039744,0.019493
4348.5,0.040369,0.019562
4349.5,0.041013,0.019635
4350.5,0.041675,0.019711
4351.5,0.042355,0.019792
4352.5,0.043053,0.019878
4353.5,0.043770,0.019969
4354.5,0.044505,0.020067
4355.5,0.045258,0.020171
4356.5,0.046031,0.020282
4357.5,0.046821,0.020401
4358.5,0.047631,0.020529
4359.5,0.048459,0.020665
4360.5,0.049305,0.020811
4361.5,0.050170,0.020966
4362.5,0.051054,0.021132
4363.5,0.051955,0.021308
4364.5,0.052875,0.021496
4365.5,0.053812,0.021695
4366.5,0.054767,0.021905
4367.5,0.055740,0.022127
4368.5,0.056729,0.022361
4369.5,0.057735,0.022606
4370.5,0.058758,0.022864
4371.5,0.059796,0.023134
4372.5,0.060850,0.023416
4373.5,0.061918,0.023710
4374.5,0.063002,0.024015
4375.5,0.064099,0.024332
4376.5,0.065209,0.024660
4377.5,0.066332,0.024999
4378.5,0.067467,0.025348
4379.5,0.068614,0.025708
4380.5,0.069771,0.026077
4381.5,0.070937,0.026455
4382.5,0.072113,0.026843
4383.5,0.073296,0.027238
4384.5,0.074487,0.027640
4385.5,0.075684,0.028050
4386.5,0.076886,0.028466
4387.5,0.078092,0.028888
4388.5,0.079302,0.029315
4389.5,0.080513,0.029747
4390.5,0.081726,0.030182
4391.5,0.082939,0.030620
4392.5,0.084150,0.031061
4393.5,0.085359,0.031503
4394.5,0.086564,0.031947
4395.5,0.087765,0.032391
4396.5,0.088960,0.032834
4397.5,0.090147,0.033277
4398.5,0.091326,0.033717
4399.5,0.092494,0.034156
4400.5,0.093652,0.034591
4401.5,0.094798,0.035023
4402.5,0.095929,0.035450
4403.5,0.097046,0.035872
4404.5,0.098147,0.036288
4405.5,0.099230,0.036699
4406.5,0.100294,0.037102
4407.5,0.101338,0.037498
4408.5,0.102360,0.037886
4409.5,0.103360,0.038265
4410.5,0.104336,0.038635
4411.5,0.105287,0.038995
4412.5,0.106211,0.039345
4413.5,0.107108,0.039684
4414.5,0.107976,0.040012
4415.5,0.108815,0.040328
4416.5,0.109623,0.040633
4417.5,0.110398,0.040924
4418.5,0.111141,0.041203
4419.5,0.111850,0.041468
4420.5,0.112524,0.041720
4421.5,0.113162,0.041958
4422.5,0.113764,0.042181
4423.5,0.114328,0.042390
4424.5,0.114854,0.042583
4425.5,0.115341,0.042762
4426.5,0.115788,0.042925
4427.5,0.116196,0.043073
4428.5,0.116562,0.043205
4429.5,0.116888,0.043321
4430.5,0.117172,0.043421
4431.5,0.117414,0.043505
4432.5,0.117614,0.043572
4433.5,0.117771,0.043624
4434.5,0.117886,0.043658
4435.5,0.117957,0.043677
4436.5,0.117986,0.043679
4437.5,0.117972,0.043665
4438.5,0.117915,0.043635
4439.5,0.117816,0.043588
4440.5,0.117674,0.043525
4441.5,0.117489,0.043447
4442.5,0.117263,0.043352
4443.5,0.116995,0.043242
4444.5,0.116686,0.043116
4445.5,0.116336,0.042975
4446.5,0.115946,0.042819
4447.5,0.115517,0.042648
4448.5,0.115049,0.042463
4449.5,0.114542,0.042263
4450.5,0.113999,0.042049
4451.5,0.113418,0.041822
4452.5,0.112802,0.041581
4453.5,0.112152,0.041327
4454.5,0.111467,0.041061
4455.5,0.110750,0.040782
4456.5,0.110001,0.040491
4457.5,0.109221,0.040189
4458.5,0.108412,0.039876
4459.5,0.107574,0.039552
4460.5,0.106709,0.039219
4461.5,0.105818,0.038875
4462.5,0.104903,0.038522
4463.5,0.103964,0.038161
4464.5,0.103003,0.037791
4465.5,0.102021,0.037413
4466.5,0.101019,0.037028
4467.5,0.099999,0.036637
4468.5,0.098963,0.036239
4469.5,0.097911,0.035836
4470.5,0.096845,0.035427
4471.5,0.095766,0.035014
4472.5,0.094676,0.034597
4473.5,0.093576,0.034177
4474.5,0.092468,0.033754
4475.5,0.091352,0.033328
4476.5,0.090231,0.032901
4477.5,0.089105,0.032472
4478.5,0.087976,0.032043
4479.5,0.086845,0.031615
4480.5,0.085714,0.031186
4481.5,0.084584,0.030759
4482.5,0.083455,0.030334
4483.5,0.082330,0.029911
4484.5,0.081210,0.029492
4485.5,0.080096,0.029076
4486.5,0.078988,0.028664
4487.5,0.077889,0.028257
4488.5,0.076798,0.027855
4489.5,0.075719,0.027460
4490.5,0.074650,0.027071
4491.5,0.073594,0.026689
4492.5,0.072551,0.026315
4493.5,0.071522,0.025948
4494.5,0.070509,0.025591
4495.5,0.069512,0.025243
4496.5,0.068531,0.024905
4497.5,0.067569,0.024577
4498.5,0.066624,0.024259
4499.5,0.065699,0.023953
4500.5,0.064794,0.023658
4501.5,0.063909,0.023376
4502.5,0.063045,0.023105
4503.5,0.062202,0.022847
4504.5,0.061382,0.022602
4505.5,0.060584,0.022370
4506.5,0.059809,0.022151
4507.5,0.059058,0.021946
4508.5,0.058330,0.021754
4509.5,0.057626,0.021576
4510.5,0.056946,0.021412
4511.5,0.056290,0.021261
4512.5,0.055659,0.021124
4513.5,0.055053,0.021000
4514.5,0.054472,0.020890
4515.5,0.053915,0.020792
4516.5,0.053384,0.020708
4517.5,0.052878,0.020637
4518.5,0.052396,0.020578
4519.5,0.051939,0.020530
4520.5,0.051507,0.020495
4521.5,0.051100,0.020471
4522.5,0.050717,0.020458
4523.5,0.050358,0.020456
4524.5,0.050023,0.020463
4525.5,0.049712,0.020481
4526.5,0.049424,0.020507
4527.5,0.049160,0.020543
4528.5,0.048918,0.020586
4529.5,0.048699,0.020638
4530.5,0.048503,0.020697
4531.5,0.048327,0.020763
4532.5,0.048174,0.020836
4533.5,0.048041,0.020914
4534.5,0.047929,0.020999
4535.5,0.047836,0.021089
4536.5,0.047764,0.021184
4537.5,0.047710,0.021284
4538.5,0.047675,0.021388
4539.5,0.047657,0.021496
4540.5,0.047658,0.021608
4541.5,0.047675,0.021723
4542.5,0.047709,0.021842
4543.5,0.047759,0.021963
4544.5,0.047823,0.022087
4545.5,0.047903,0.022214
4546.5,0.047997,0.022342
4547.5,0.048104,0.022473
4548.5,0.048225,0.022605
4549.5,0.048358,0.022740
4550.5,0.048502,0.022875
4551.5,0.048658,0.023012
4552.5,0.048825,0.023150
4553.5,0.049002,0.023290
4554.5,0.049188,0.023430
4555.5,0.049383,0.023571
4556.5,0.049587,0.023712
4557.5,0.049798,0.023854
4558.5,0.050017,0.023997
4559.5,0.050242,0.024139
4560.5,0.050474,0.024282
4561.5,0.050711,0.024425
4562.5,0.050952,0.024568
4563.5,0.051199,0.024710
4564.5,0.051449,0.024852
4565.5,0.051703,0.024993
4566.5,0.051960,0.025134
4567.5,0.052219,0.025274
4568.5,0.052480,0.025414
4569.5,0.052743,0.025552
4570.5,0.053007,0.025688
4571.5,0.053271,0.025824
4572.5,0.053536,0.025958
4573.5,0.053800,0.026090
4574.5,0.054064,0.026220
4575.5,0.054326,0.026348
4576.5,0.054587,0.026475
4577.5,0.054847,0.026598
4578.5,0.055104,0.026719
4579.5,0.055359,0.026838
4580.5,0.055611,0.026954
4581.5,0.055860,0.027066
4582.5,0.056105,0.027175
4583.5,0.056347,0.027281
4584.5,0.056586,0.027384
4585.5,0.056820,0.027483
4586.5,0.057050,0.027577
4587.5,0.057276,0.027668
4588.5,0.057497,0.027755
4589.5,0.057714,0.027837
4590.5,0.057925,0.027915
4591.5,0.058132,0.027988
4592.5,0.058334,0.028057
4593.5,0.058531,0.028120
4594.5,0.058722,0.028179
4595.5,0.058909,0.028233
4596.5,0.059091,0.028281
4597.5,0.059267,0.028325
4598.5,0.059439,0.028363
4599.5,0.059606,0.028396
4600.5,0.059767,0.028423
4601.5,0.059924,0.028445
4602.5,0.060077,0.028462
4603.5,0.060225,0.028473
4604.5,0.060368,0.028478
4605.5,0.060508,0.028479
4606.5,0.060644,0.028473
4607.5,0.060776,0.028463
4608.5,0.060905,0.028447
4609.5,0.061030,0.028426
4610.5,0.061153,0.028400
4611.5,0.061273,0.028369
4612.5,0.061390,0.028333
4613.5,0.061506,0.028292
4614.5,0.061620,0.028247
4615.5,0.061733,0.028197
4616.5,0.061845,0.028143
4617.5,0.061957,0.028085
4618.5,0.062068,0.028023
4619.5,0.062180,0.027957
4620.5,0.062293,0.027888
4621.5,0.062406,0.027816
4622.5,0.062521,0.027741
4623.5,0.062639,0.027663
4624.5,0.062758,0.027583
4625.5,0.062881,0.027501
4626.5,0.063007,0.027417
4627.5,0.063137,0.027332
4628.5,0.063271,0.027246
4629.5,0.063410,0.027159
4630.5,0.063555,0.027072
4631.5,0.063705,0.026985
4632.5,0.063861,0.026899
4633.5,0.064024,0.026813
4634.5,0.064194,0.026729
4635.5,0.064371,0.026647
4636.5,0.064557,0.026567
4637.5,0.064751,0.026489
4638.5,0.064954,0.026414
4639.5,0.065166,0.026343
4640.5,0.065388,0.026276
4641.5,0.065620,0.026213
4642.5,0.065862,0.026155
4643.5,0.066115,0.026102
4644.5,0.066380,0.026055
4645.5,0.066656,0.026013
4646.5,0.066943,0.025978
4647.5,0.067243,0.025950
4648.5,0.067556,0.025930
4649.5,0.067881,0.025916
4650.5,0.068219,0.025911
4651.5,0.068570,0.025914
4652.5,0.068934,0.025926
4653.5,0.069312,0.025946
4654.5,0.069704,0.025975
4655.5,0.070109,0.026014
4656.5,0.070528,0.026062
4657.5,0.070961,0.026119
4658.5,0.071408,0.026187
4659.5,0.071869,0.026264
4660.5,0.072344,0.026351
4661.5,0.072833,0.026449
4662.5,0.073336,0.026556
4663.5,0.073852,0.026673
4664.5,0.074382,0.026799
4665.5,0.074926,0.026936
4666.5,0.075483,0.027082
4667.5,0.076053,0.027238
4668.5,0.076635,0.027402
4669.5,0.077230,0.027576
4670.5,0.077838,0.027759
4671.5,0.078457,0.027950
4672.5,0.079088,0.028149
4673.5,0.079730,0.028356
4674.5,0.080383,0.028570
4675.5,0.081046,0.028792
4676.5,0.081719,0.029020
4677.5,0.082402,0.029255
4678.5,0.083093,0.029495
4679.5,0.083793,0.029741
4680.5,0.084500,0.029992
4681.5,0.085215,0.030248
4682.5,0.085936,0.030508
4683.5,0.086663,0.030771
4684.5,0.087396,0.031038
4685.5,0.088133,0.031308
4686.5,0.088874,0.031580
4687.5,0.089619,0.031854
4688.5,0.090366,0.032129
4689.5,0.091115,0.032405
4690.5,0.091865,0.032682
4691.5,0.092616,0.032959
4692.5,0.093366,0.033236
4693.5,0.094116,0.033512
4694.5,0.094863,0.033786
4695.5,0.095608,0.034059
4696.5,0.096350,0.034331
4697.5,0.097087,0.034599
4698.5,0.097820,0.034865
4699.5,0.098547,0.035128
4700.5,0.099267,0.035387
4701.5,0.099981,0.035642
4702.5,0.100686,0.035893
4703.5,0.101383,0.036139
4704.5,0.102070,0.036381
4705.5,0.102748,0.036618
4706.5,0.103414,0.036849
4707.5,0.104068,0.037074
4708.5,0.104711,0.037293
4709.5,0.105340,0.037506
4710.5,0.105955,0.037713
4711.5,0.106557,0.037913
4712.5,0.107143,0.038106
4713.5,0.107713,0.038293
4714.5,0.108268,0.038472
4715.5,0.108805,0.038643
4716.5,0.109325,0.038807
4717.5,0.109828,0.038964
4718.5,0.110311,0.039113
4719.5,0.110776,0.039254
4720.5,0.111222,0.039387
4721.5,0.111647,0.039512
4722.5,0.112053,0.039630
4723.5,0.112437,0.039739
4724.5,0.112801,0.039840
4725.5,0.113143,0.039934
4726.5,0.113464,0.040019
4727.5,0.113762,0.040097
4728.5,0.114039,0.040166
4729.5,0.114293,0.040228
4730.5,0.114524,0.040282
4731.5,0.114732,0.040328
4732.5,0.114918,0.040367
4733.5,0.115080,0.040398
4734.5,0.115219,0.040422
4735.5,0.115335,0.040439
4736.5,0.115428,0.040448
4737.5,0.115497,0.040451
4738.5,0.115543,0.040448
4739.5,0.115565,0.040437
4740.5,0.115565,0.040421
4741.5,0.115541,0.040398
4742.5,0.115495,0.040370
4743.5,0.115425,0.040335
4744.5,0.115333,0.040296
4745.5,0.115219,0.040251
4746.5,0.115082,0.040201
4747.5,0.114923,0.040146
4748.5,0.114742,0.040087
4749.5,0.114540,0.040023
4750.5,0.114317,0.039956
4751.5,0.114073,0.039884
4752.5,0.113808,0.039809
4753.5,0.113523,0.039731
4754.5,0.113218,0.039650
4755.5,0.112893,0.039566
4756.5,0.112550,0.039479
4757.5,0.112188,0.039389
4758.5,0.111807,0.039298
4759.5,0.111408,0.039204
4760.5,0.110993,0.039109
4761.5,0.110560,0.039012
4762.5,0.110110,0.038914
4763.5,0.109645,0.038814
4764.5,0.109163,0.038714
4765.5,0.108667,0.038612
4766.5,0.108156,0.038510
4767.5,0.107631,0.038407
4768.5,0.107092,0.038303
4769.5,0.106539,0.038199
4770.5,0.105974,0.038094
4771.5,0.105397,0.037989
4772.5,0.104808,0.037884
4773.5,0.104208,0.037779
4774.5,0.103596,0.037674
4775.5,0.102975,0.037568
4776.5,0.102343,0.037462
4777.5,0.101703,0.037356
4778.5,0.101053,0.037250
4779.5,0.100395,0.037144
4780.5,0.099729,0.037037
4781.5,0.099055,0.036931
4782.5,0.098374,0.036823
4783.5,0.097687,0.036716
4784.5,0.096994,0.036608
4785.5,0.096294,0.036499
4786.5,0.095590,0.036390
4787.5,0.094880,0.036280
4788.5,0.094166,0.036169
4789.5,0.093448,0.036057
4790.5,0.092726,0.035943
4791.5,0.092001,0.035829
4792.5,0.091273,0.035714
4793.5,0.090542,0.035596
4794.5,0.089809,0.035478
4795.5,0.089074,0.035357
4796.5,0.088338,0.035235
4797.5,0.087600,0.035111
4798.5,0.086862,0.034985
4799.5,0.086123,0.034857
4800.5,0.085383,0.034726
4801.5,0.084644,0.034594
4802.5,0.083905,0.034459
4803.5,0.083166,0.034321
4804.5,0.082429,0.034181
4805.5,0.081692,0.034038
4806.5,0.080957,0.033893
4807.5,0.080223,0.033745
4808.5,0.079492,0.033594
4809.5,0.078762,0.033440
4810.5,0.078034,0.033284
4811.5,0.077309,0.033124
4812.5,0.076587,0.032962
4813.5,0.075868,0.032797
4814.5,0.075151,0.032629
4815.5,0.074438,0.032459
4816.5,0.073728,0.032286
4817.5,0.073022,0.032110
4818.5,0.072320,0.031931
4819.5,0.071621,0.031750
4820.5,0.070926,0.031566
4821.5,0.070236,0.031380
4822.5,0.069550,0.031192
4823.5,0.068868,0.031002
4824.5,0.068190,0.030809
4825.5,0.067518,0.030615
4826.5,0.066850,0.030418
4827.5,0.066187,0.030220
4828.5,0.065528,0.030021
4829.5,0.064875,0.029820
4830.5,0.064227,0.029617
4831.5,0.063584,0.029414
4832.5,0.062946,0.029210
4833.5,0.062314,0.029005
4834.5,0.061687,0.028799
4835.5,0.061065,0.028593
4836.5,0.060449,0.028386
4837.5,0.059838,0.028180
4838.5,0.059233,0.027973
4839.5,0.058634,0.027767
4840.5,0.058040,0.027562
4841.5,0.057452,0.027357
4842.5,0.056870,0.027153
4843.5,0.056293,0.026950
4844.5,0.055723,0.026748
4845.5,0.055158,0.026547
4846.5,0.054599,0.026348
4847.5,0.054045,0.026151
4848.5,0.053498,0.025955
4849.5,0.052956,0.025762
4850.5,0.052421,0.025571
4851.5,0.051891,0.025382
4852.5,0.051367,0.025195
4853.5,0.050849,0.025011
4854.5,0.050337,0.024830
4855.5,0.049830,0.024651
4856.5,0.049330,0.024475
4857.5,0.048835,0.024303
4858.5,0.048346,0.024133
4859.5,0.047864,0.023966
4860.5,0.047387,0.023803
4861.5,0.046915,0.023643
4862.5,0.046450,0.023486
4863.5,0.045990,0.023332
4864.5,0.045537,0.023181
4865.5,0.045088,0.023034
4866.5,0.044646,0.022890
4867.5,0.044210,0.022749
4868.5,0.043779,0.022612
4869.5,0.043354,0.022477
4870.5,0.042935,0.022346
4871.5,0.042522,0.022217
4872.5,0.042114,0.022091
4873.5,0.041712,0.021968
4874.5,0.041316,0.021848
4875.5,0.040925,0.021730
4876.5,0.040541,0.021615
4877.5,0.040162,0.021502
4878.5,0.039789,0.021391
4879.5,0.039421,0.021282
4880.5,0.039060,0.021175
4881.5,0.038704,0.021069
4882.5,0.038354,0.020965
4883.5,0.038011,0.020862
4884.5,0.037673,0.020761
4885.5,0.037341,0.020660
4886.5,0.037015,0.020560
4887.5,0.036695,0.020461
4888.5,0.036381,0.020363
4889.5,0.036074,0.020264
4890.5,0.035773,0.020166
4891.5,0.035478,0.020068
4892.5,0.035189,0.019969
4893.5,0.034907,0.019871
4894.5,0.034631,0.019772
4895.5,0.034363,0.019672
4896.5,0.034100,0.019572
4897.5,0.033845,0.019471
4898.5,0.033597,0.019369
4899.5,0.033355,0.019266
4900.5,0.033121,0.019163
4901.5,0.032894,0.019058
4902.5,0.032674,0.018952
4903.5,0.032462,0.018845
4904.5,0.032258,0.018737
4905.5,0.032061,0.018628
4906.5,0.031872,0.018518
4907.5,0.031691,0.018407
4908.5,0.031518,0.018295
4909.5,0.031354,0.018182
4910.5,0.031198,0.018069
4911.5,0.031051,0.017955
4912.5,0.030912,0.017841
4913.5,0.030782,0.017726
4914.5,0.030662,0.017611
4915.5,0.030550,0.017497
4916.5,0.030448,0.017383
4917.5,0.030355,0.017269
4918.5,0.030272,0.017157
4919.5,0.030199,0.017045
4920.5,0.030135,0.016935
4921.5,0.030082,0.016827
4922.5,0.030039,0.016722
4923.5,0.030006,0.016618
4924.5,0.029984,0.016518
4925.5,0.029972,0.016421
4926.5,0.029971,0.016328
4927.5,0.029981,0.016239
4928.5,0.030001,0.016155
4929.5,0.030033,0.016076
4930.5,0.030076,0.016002
4931.5,0.030130,0.015934
4932.5,0.030195,0.015873
4933.5,0.030272,0.015818
4934.5,0.030360,0.015771
4935.5,0.030460,0.015731
4936.5,0.030571,0.015700
4937.5,0.030694,0.015676
4938.5,0.030828,0.015662
4939.5,0.030974,0.015657
4940.5,0.031131,0.015661
4941.5,0.031300,0.015674
4942.5,0.031481,0.015698
4943.5,0.031673,0.015732
4944.5,0.031877,0.015776
4945.5,0.032092,0.015831
4946.5,0.032318,0.015896
4947.5,0.032555,0.015972
4948.5,0.032804,0.016058
4949.5,0.033064,0.016154
4950.5,0.033334,0.016261
4951.5,0.033616,0.016378
4952.5,0.033907,0.016506
4953.5,0.034210,0.016643
4954.5,0.034522,0.016789
4955.5,0.034845,0.016945
4956.5,0.035177,0.017110
4957.5,0.035519,0.017284
4958.5,0.035870,0.017466
4959.5,0.036230,0.017656
4960.5,0.036599,0.017854
4961.5,0.036977,0.018058
4962.5,0.037362,0.018269
4963.5,0.037756,0.018487
4964.5,0.038158,0.018710
4965.5,0.038566,0.018938
4966.5,0.038982,0.019172
4967.5,0.039404,0.019409
4968.5,0.039832,0.019651
4969.5,0.040267,0.019896
4970.5,0.040707,0.020144
4971.5,0.041152,0.020394
4972.5,0.041601,0.020647
4973.5,0.042055,0.020901
4974.5,0.042513,0.021156
4975.5,0.042975,0.021412
4976.5,0.043439,0.021668
4977.5,0.043907,0.021924
4978.5,0.044376,0.022180
4979.5,0.044847,0.022434
4980.5,0.045320,0.022687
4981.5,0.045794,0.022939
4982.5,0.046269,0.023188
4983.5,0.046743,0.023435
4984.5,0.047217,0.023679
4985.5,0.047691,0.023920
4986.5,0.048164,0.024157
4987.5,0.048635,0.024391
4988.5,0.049104,0.024620
4989.5,0.049571,0.024845
4990.5,0.050035,0.025066
4991.5,0.050496,0.025281
4992.5,0.050953,0.025492
4993.5,0.051407,0.025697
4994.5,0.051856,0.025896
4995.5,0.052301,0.026089
4996.5,0.052741,0.026277
4997.5,0.053175,0.026458
4998.5,0.053604,0.026632
4999.5,0.054027,0.026800
5000.5,0.054444,0.026962
5001.5,0.054855,0.027116
5002.5,0.055259,0.027264
5003.5,0.055656,0.027405
5004.5,0.056045,0.027538
5005.5,0.056427,0.027664
5006.5,0.056802,0.027783
5007.5,0.057168,0.027895
5008.5,0.057527,0.027999
5009.5,0.057877,0.028096
5010.5,0.058219,0.028186
5011.5,0.058553,0.028268
5012.5,0.058878,0.028343
5013.5,0.059194,0.028411
5014.5,0.059501,0.028472
5015.5,0.059800,0.028526
5016.5,0.060089,0.028572
5017.5,0.060370,0.028612
5018.5,0.060642,0.028645
5019.5,0.060905,0.028672
5020.5,0.061159,0.028692
5021.5,0.061404,0.028705
5022.5,0.061640,0.028713
5023.5,0.061867,0.028715
5024.5,0.062086,0.028711
5025.5,0.062296,0.028701
5026.5,0.062497,0.028687
5027.5,0.062690,0.028667
5028.5,0.062875,0.028642
5029.5,0.063052,0.028613
5030.5,0.063221,0.028580
5031.5,0.063382,0.028543
5032.5,0.063535,0.028502
5033.5,0.063681,0.028457
5034.5,0.063819,0.028410
5035.5,0.063951,0.028359
5036.5,0.064076,0.028306
5037.5,0.064194,0.028251
5038.5,0.064306,0.028194
5039.5,0.064411,0.028136
5040.5,0.064511,0.028076
5041.5,0.064605,0.028015
5042.5,0.064694,0.027953
5043.5,0.064777,0.027891
5044.5,0.064856,0.027829
5045.5,0.064930,0.027766
5046.5,0.065000,0.027705
5047.5,0.065066,0.027644
5048.5,0.065128,0.027583
5049.5,0.065186,0.027525
5050.5,0.065241,0.027467
5051.5,0.065293,0.027411
5052.5,0.065343,0.027357
5053.5,0.065390,0.027305
5054.5,0.065435,0.027255
5055.5,0.065478,0.027208
5056.5,0.065519,0.027163
5057.5,0.065559,0.027120
5058.5,0.065597,0.027081
5059.5,0.065635,0.027044
5060.5,0.065672,0.027010
5061.5,0.065709,0.026980
5062.5,0.065745,0.026952
5063.5,0.065781,0.026927
5064.5,0.065818,0.026906
5065.5,0.065855,0.026888
5066.5,0.065893,0.026872
5067.5,0.065931,0.026860
5068.5,0.065971,0.026851
5069.5,0.066011,0.026845
5070.5,0.066054,0.026842
5071.5,0.066097,0.026842
5072.5,0.066142,0.026844
5073.5,0.066190,0.026850
5074.5,0.066239,0.026858
5075.5,0.066290,0.026868
5076.5,0.066343,0.026881
5077.5,0.066399,0.026896
5078.5,0.066457,0.026913
5079.5,0.066518,0.026933
5080.5,0.066581,0.026954
5081.5,0.066648,0.026977
5082.5,0.066717,0.027002
5083.5,0.066788,0.027029
5084.5,0.066863,0.027057
5085.5,0.066941,0.027086
5086.5,0.067022,0.027117
5087.5,0.067105,0.027149
5088.5,0.067192,0.027182
5089.5,0.067282,0.027216
5090.5,0.067375,0.027251
5091.5,0.067472,0.027287
5092.5,0.067571,0.027324
5093.5,0.067674,0.027361
5094.5,0.067780,0.027399
5095.5,0.067889,0.027437
5096.5,0.068001,0.027476
5097.5,0.068116,0.027516
5098.5,0.068234,0.027556
5099.5,0.068355,0.027596
5100.5,0.068479,0.027637
5101.5,0.068607,0.027678
5102.5,0.068737,0.027720
5103.5,0.068870,0.027762
5104.5,0.069006,0.027804
5105.5,0.069144,0.027846
5106.5,0.069286,0.027889
5107.5,0.069430,0.027932
5108.5,0.069577,0.027975
5109.5,0.069726,0.028018
5110.5,0.069878,0.028062
5111.5,0.070032,0.028106
5112.5,0.070189,0.028151
5113.5,0.070348,0.028195
5114.5,0.070509,0.028240
5115.5,0.070673,0.028285
5116.5,0.070839,0.028330
5117.5,0.071006,0.028376
5118.5,0.071176,0.028422
5119.5,0.071348,0.028467
5120.5,0.071522,0.028514
5121.5,0.071698,0.028560
5122.5,0.071875,0.028606
5123.5,0.072054,0.028653
5124.5,0.072235,0.028699
5125.5,0.072418,0.028746
5126.5,0.072602,0.028792
5127.5,0.072788,0.028839
5128.5,0.072975,0.028885
5129.5,0.073164,0.028931
5130.5,0.073354,0.028977
5131.5,0.073546,0.029023
5132.5,0.073739,0.029068
5133.5,0.073933,0.029114
5134.5,0.074128,0.029158
5135.5,0.074325,0.029203
5136.5,0.074523,0.029247
5137.5,0.074722,0.029290
5138.5,0.074923,0.029333
5139.5,0.075124,0.029375
5140.5,0.075327,0.029416
5141.5,0.075530,0.029457
5142.5,0.075735,0.029497
5143.5,0.075941,0.029536
5144.5,0.076147,0.029574
5145.5,0.076355,0.029612
5146.5,0.076564,0.029649
5147.5,0.076774,0.029684
5148.5,0.076985,0.029719
5149.5,0.077196,0.029753
5150.5,0.077409,0.029786
5151.5,0.077623,0.029818
5152.5,0.077838,0.029850
5153.5,0.078053,0.029880
5154.5,0.078270,0.029910
5155.5,0.078487,0.029939
5156.5,0.078705,0.029967
5157.5,0.078925,0.029994
5158.5,0.079145,0.030021
5159.5,0.079366,0.030047
5160.5,0.079588,0.030073
5161.5,0.079810,0.030098
5162.5,0.080034,0.030123
5163.5,0.080258,0.030148
5164.5,0.080483,0.030172
5165.5,0.080709,0.030197
5166.5,0.080935,0.030221
5167.5,0.081162,0.030245
5168.5,0.081390,0.030270
5169.5,0.081619,0.030295
5170.5,0.081847,0.030320
5171.5,0.082077,0.030346
5172.5,0.082307,0.030372
5173.5,0.082537,0.030400
5174.5,0.082767,0.030428
5175.5,0.082998,0.030457
5176.5,0.083229,0.030487
5177.5,0.083460,0.030518
5178.5,0.083691,0.030551
5179.5,0.083922,0.030585
5180.5,0.084153,0.030620
5181.5,0.084383,0.030657
5182.5,0.084613,0.030696
5183.5,0.084843,0.030736
5184.5,0.085072,0.030778
5185.5,0.085300,0.030822
5186.5,0.085527,0.030868
5187.5,0.085753,0.030916
5188.5,0.085978,0.030965
5189.5,0.086201,0.031017
5190.5,0.086423,0.031071
5191.5,0.086643,0.031126
5192.5,0.086862,0.031184
5193.5,0.087078,0.031244
5194.5,0.087292,0.031305
5195.5,0.087503,0.031369
5196.5,0.087712,0.031434
5197.5,0.087918,0.031501
5198.5,0.088121,0.031570
5199.5,0.088321,0.031641
5200.5,0.088517,0.031713
5201.5,0.088710,0.031787
5202.5,0.088898,0.031862
5203.5,0.089083,0.031938
5204.5,0.089263,0.032016
5205.5,0.089438,0.032094
5206.5,0.089608,0.032174
5207.5,0.089773,0.032254
5208.5,0.089933,0.032335
5209.5,0.090087,0.032416
5210.5,0.090236,0.032497
5211.5,0.090378,0.032579
5212.5,0.090513,0.032660
5213.5,0.090643,0.032741
5214.5,0.090765,0.032822
5215.5,0.090880,0.032902
5216.5,0.090988,0.032981
5217.5,0.091088,0.033059
5218.5,0.091180,0.033136
5219.5,0.091265,0.033212
5220.5,0.091341,0.033285
5221.5,0.091408,0.033357
5222.5,0.091467,0.033427
5223.5,0.091517,0.033495
5224.5,0.091558,0.033560
5225.5,0.091589,0.033623
5226.5,0.091612,0.033683
5227.5,0.091624,0.033740
5228.5,0.091627,0.033793
5229.5,0.091619,0.033844
5230.5,0.091602,0.033890
5231.5,0.091574,0.033933
5232.5,0.091537,0.033972
5233.5,0.091488,0.034007
5234.5,0.091429,0.034038
5235.5,0.091360,0.034064
5236.5,0.091280,0.034086
5237.5,0.091189,0.034103
5238.5,0.091088,0.034115
5239.5,0.090976,0.034122
5240.5,0.090853,0.034124
5241.5,0.090719,0.034120
5242.5,0.090575,0.034112
5243.5,0.090420,0.034098
5244.5,0.090255,0.034078
5245.5,0.090079,0.034053
5246.5,0.089893,0.034022
5247.5,0.089696,0.033985
5248.5,0.089490,0.033943
5249.5,0.089273,0.033894
5250.5,0.089047,0.033840
5251.5,0.088812,0.033779
5252.5,0.088567,0.033713
5253.5,0.088313,0.033641
5254.5,0.088050,0.033562
5255.5,0.087778,0.033478
5256.5,0.087499,0.033388
5257.5,0.087211,0.033292
5258.5,0.086916,0.033190
5259.5,0.086613,0.033082
5260.5,0.086304,0.032968
5261.5,0.085988,0.032849
5262.5,0.085666,0.032725
5263.5,0.085338,0.032594
5264.5,0.085005,0.032459
5265.5,0.084667,0.032318
5266.5,0.084325,0.032172
5267.5,0.083978,0.032022
5268.5,0.083628,0.031866
5269.5,0.083276,0.031706
5270.5,0.082920,0.031542
5271.5,0.082563,0.031374
5272.5,0.082205,0.031201
5273.5,0.081845,0.031025
5274.5,0.081485,0.030846
5275.5,0.081126,0.030663
5276.5,0.080767,0.030478
5277.5,0.080409,0.030290
5278.5,0.080054,0.030099
5279.5,0.079701,0.029907
5280.5,0.079351,0.029713
5281.5,0.079005,0.029517
5282.5,0.078663,0.029320
5283.5,0.078326,0.029123
5284.5,0.077994,0.028926
5285.5,0.077669,0.028728
5286.5,0.077350,0.028531
5287.5,0.077038,0.028335
5288.5,0.076734,0.028139
5289.5,0.076438,0.027946
5290.5,0.076152,0.027754
5291.5,0.075875,0.027565
5292.5,0.075608,0.027379
5293.5,0.075351,0.027196
5294.5,0.075106,0.027017
5295.5,0.074872,0.026841
5296.5,0.074651,0.026670
5297.5,0.074442,0.026504
5298.5,0.074247,0.026344
5299.5,0.074065,0.026189
5300.5,0.073897,0.026040
5301.5,0.073744,0.025897
5302.5,0.073606,0.025762
5303.5,0.073484,0.025633
5304.5,0.073377,0.025513
5305.5,0.073287,0.025400
5306.5,0.073213,0.025295
5307.5,0.073156,0.025199
5308.5,0.073116,0.025112
5309.5,0.073094,0.025033
5310.5,0.073089,0.024965
5311.5,0.073103,0.024905
5312.5,0.073135,0.024856
5313.5,0.073186,0.024816
5314.5,0.073255,0.024786
5315.5,0.073343,0.024767
5316.5,0.073450,0.024758
5317.5,0.073576,0.024759
5318.5,0.073721,0.024770
5319.5,0.073885,0.024792
5320.5,0.074069,0.024824
5321.5,0.074272,0.024866
5322.5,0.074494,0.024919
5323.5,0.074735,0.024982
5324.5,0.074995,0.025055
5325.5,0.075275,0.025137
5326.5,0.075573,0.025230
5327.5,0.075890,0.025332
5328.5,0.076225,0.025443
5329.5,0.076579,0.025563
5330.5,0.076950,0.025692
5331.5,0.077340,0.025830
5332.5,0.077747,0.025976
5333.5,0.078171,0.026130
5334.5,0.078612,0.026292
5335.5,0.079070,0.026462
5336.5,0.079544,0.026639
5337.5,0.080033,0.026822
5338.5,0.080538,0.027012
5339.5,0.081057,0.027209
5340.5,0.081591,0.027411
5341.5,0.082139,0.027619
5342.5,0.082699,0.027833
5343.5,0.083273,0.028051
5344.5,0.083859,0.028274
5345.5,0.084456,0.028501
5346.5,0.085064,0.028732
5347.5,0.085683,0.028967
5348.5,0.086311,0.029206
5349.5,0.086949,0.029447
5350.5,0.087594,0.029691
5351.5,0.088248,0.029937
5352.5,0.088908,0.030186
5353.5,0.089575,0.030436
5354.5,0.090247,0.030687
5355.5,0.090924,0.030940
5356.5,0.091605,0.031194
5357.5,0.092290,0.031448
5358.5,0.092977,0.031702
5359.5,0.093665,0.031957
5360.5,0.094355,0.032211
5361.5,0.095045,0.032464
5362.5,0.095734,0.032717
5363.5,0.096422,0.032968
5364.5,0.097108,0.033218
5365.5,0.097791,0.033466
5366.5,0.098470,0.033712
5367.5,0.099145,0.033956
5368.5,0.099814,0.034197
5369.5,0.100477,0.034435
5370.5,0.101133,0.034671
5371.5,0.101782,0.034903
5372.5,0.102422,0.035132
5373.5,0.103054,0.035356
5374.5,0.103675,0.035577
5375.5,0.104285,0.035794
5376.5,0.104885,0.036006
5377.5,0.105472,0.036213
5378.5,0.106046,0.036415
5379.5,0.106607,0.036613
5380.5,0.107154,0.036804
5381.5,0.107686,0.036991
5382.5,0.108203,0.037171
5383.5,0.108704,0.037346
5384.5,0.109188,0.037514
5385.5,0.109655,0.037676
5386.5,0.110104,0.037832
5387.5,0.110535,0.037981
5388.5,0.110947,0.038123
5389.5,0.111339,0.038258
5390.5,0.111712,0.038386
5391.5,0.112065,0.038506
5392.5,0.112397,0.038619
5393.5,0.112708,0.038725
5394.5,0.112998,0.038823
5395.5,0.113266,0.038913
5396.5,0.113512,0.038996
5397.5,0.113736,0.039070
5398.5,0.113937,0.039136
5399.5,0.114115,0.039194
5400.5,0.114271,0.039244
5401.5,0.114403,0.039286
5402.5,0.114512,0.039319
5403.5,0.114597,0.039344
5404.5,0.114659,0.039361
5405.5,0.114697,0.039369
5406.5,0.114712,0.039369
5407.5,0.114703,0.039360
5408.5,0.114670,0.039343
5409.5,0.114614,0.039317
5410.5,0.114534,0.039283
5411.5,0.114431,0.039241
5412.5,0.114304,0.039190
5413.5,0.114155,0.039131
5414.5,0.113983,0.039064
5415.5,0.113788,0.038989
5416.5,0.113571,0.038905
5417.5,0.113331,0.038814
5418.5,0.113070,0.038715
5419.5,0.112787,0.038608
5420.5,0.112483,0.038494
5421.5,0.112158,0.038372
5422.5,0.111813,0.038243
5423.5,0.111448,0.038106
5424.5,0.111063,0.037963
5425.5,0.110658,0.037813
5426.5,0.110236,0.037656
5427.5,0.109795,0.037493
5428.5,0.109336,0.037324
5429.5,0.108860,0.037148
5430.5,0.108367,0.036967
5431.5,0.107858,0.036780
5432.5,0.107334,0.036588
5433.5,0.106795,0.036390
5434.5,0.106241,0.036188
5435.5,0.105674,0.035982
5436.5,0.105093,0.035771
5437.5,0.104499,0.035556
5438.5,0.103894,0.035337
5439.5,0.103277,0.035115
5440.5,0.102650,0.034889
5441.5,0.102012,0.034661
5442.5,0.101365,0.034430
5443.5,0.100709,0.034197
5444.5,0.100045,0.033962
5445.5,0.099374,0.033726
5446.5,0.098695,0.033488
5447.5,0.098010,0.033249
5448.5,0.097319,0.033009
5449.5,0.096624,0.032770
5450.5,0.095924,0.032530
5451.5,0.095220,0.032290
5452.5,0.094513,0.032052
5453.5,0.093803,0.031814
5454.5,0.093092,0.031577
5455.5,0.092378,0.031342
5456.5,0.091664,0.031109
5457.5,0.090950,0.030879
5458.5,0.090236,0.030650
5459.5,0.089523,0.030425
5460.5,0.088811,0.030203
5461.5,0.088101,0.029984
5462.5,0.087393,0.029769
5463.5,0.086688,0.029558
5464.5,0.085987,0.029351
5465.5,0.085289,0.029148
5466.5,0.084595,0.028950
5467.5,0.083906,0.028757
5468.5,0.083222,0.028569
5469.5,0.082543,0.028386
5470.5,0.081870,0.028208
5471.5,0.081203,0.028036
5472.5,0.080542,0.027870
5473.5,0.079888,0.027709
5474.5,0.079242,0.027555
5475.5,0.078602,0.027406
5476.5,0.077971,0.027263
5477.5,0.077347,0.027126
5478.5,0.076731,0.026996
5479.5,0.076124,0.026871
5480.5,0.075525,0.026752
5481.5,0.074934,0.026640
5482.5,0.074353,0.026533
5483.5,0.073781,0.026432
5484.5,0.073218,0.026338
5485.5,0.072664,0.026248
5486.5,0.072119,0.026165
5487.5,0.071584,0.026086
5488.5,0.071059,0.026013
5489.5,0.070543,0.025945
5490.5,0.070037,0.025883
5491.5,0.069540,0.025824
5492.5,0.069053,0.025771
5493.5,0.068576,0.025721
5494.5,0.068109,0.025676
5495.5,0.067652,0.025635
5496.5,0.067204,0.025597
5497.5,0.066766,0.025563
5498.5,0.066337,0.025532
5499.5,0.065918,0.025504
5500.5,0.065509,0.025478
5501.5,0.065109,0.025455
5502.5,0.064719,0.025435
5503.5,0.064338,0.025416
5504.5,0.063966,0.025399
5505.5,0.063604,0.025383
5506.5,0.063250,0.025368
5507.5,0.062906,0.025355
5508.5,0.062570,0.025342
5509.5,0.062244,0.025329
5510.5,0.061926,0.025317
5511.5,0.061617,0.025305
5512.5,0.061316,0.025293
5513.5,0.061024,0.025280
5514.5,0.060740,0.025267
5515.5,0.060465,0.025253
5516.5,0.060197,0.025239
5517.5,0.059938,0.025223
5518.5,0.059687,0.025206
5519.5,0.059443,0.025188
5520.5,0.059208,0.025168
5521.5,0.058980,0.025146
5522.5,0.058759,0.025123
5523.5,0.058547,0.025098
5524.5,0.058341,0.025072
5525.5,0.058143,0.025043
5526.5,0.057953,0.025012
5527.5,0.057770,0.024979
5528.5,0.057594,0.024944
5529.5,0.057425,0.024907
5530.5,0.057263,0.024868
5531.5,0.057108,0.024827
5532.5,0.056961,0.024784
5533.5,0.056820,0.024739
5534.5,0.056686,0.024691
5535.5,0.056559,0.024642
5536.5,0.056439,0.024591
5537.5,0.056326,0.024538
5538.5,0.056219,0.024484
5539.5,0.056120,0.024428
5540.5,0.056027,0.024371
5541.5,0.055941,0.024312
5542.5,0.055862,0.024253
5543.5,0.055789,0.024192
5544.5,0.055723,0.024131
5545.5,0.055664,0.024070
5546.5,0.055612,0.024008
5547.5,0.055567,0.023946
5548.5,0.055528,0.023884
5549.5,0.055496,0.023822
5550.5,0.055470,0.023761
5551.5,0.055452,0.023701
5552.5,0.055440,0.023642
5553.5,0.055435,0.023584
5554.5,0.055436,0.023528
5555.5,0.055444,0.023474
5556.5,0.055459,0.023423
5557.5,0.055481,0.023374
5558.5,0.055509,0.023327
5559.5,0.055543,0.023284
5560.5,0.055584,0.023244
5561.5,0.055632,0.023207
5562.5,0.055686,0.023175
5563.5,0.055747,0.023146
5564.5,0.055814,0.023122
5565.5,0.055887,0.023102
5566.5,0.055967,0.023088
5567.5,0.056052,0.023078
5568.5,0.056144,0.023074
5569.5,0.056242,0.023075
5570.5,0.056345,0.023081
5571.5,0.056455,0.023094
5572.5,0.056570,0.023112
5573.5,0.056690,0.023136
5574.5,0.056816,0.023166
5575.5,0.056947,0.023203
5576.5,0.057084,0.023245
5577.5,0.057225,0.023294
5578.5,0.057371,0.023349
5579.5,0.057522,0.023409
5580.5,0.057677,0.023476
5581.5,0.057836,0.023549
5582.5,0.057999,0.023627
5583.5,0.058166,0.023712
5584.5,0.058336,0.023801
5585.5,0.058510,0.023897
5586.5,0.058687,0.023997
5587.5,0.058866,0.024102
5588.5,0.059049,0.024212
5589.5,0.059233,0.024327
5590.5,0.059419,0.024445
5591.5,0.059608,0.024568
5592.5,0.059797,0.024694
5593.5,0.059988,0.024824
5594.5,0.060179,0.024956
5595.5,0.060372,0.025092
5596.5,0.060564,0.025229
5597.5,0.060756,0.025369
5598.5,0.060948,0.025510
5599.5,0.061139,0.025653
5600.5,0.061329,0.025797
5601.5,0.061517,0.025941
5602.5,0.061704,0.026086
5603.5,0.061889,0.026230
5604.5,0.062071,0.026374
5605.5,0.062250,0.026518
5606.5,0.062427,0.026660
5607.5,0.062600,0.026801
5608.5,0.062769,0.026940
5609.5,0.062934,0.027078
5610.5,0.063094,0.027212
5611.5,0.063250,0.027345
5612.5,0.063401,0.027474
5613.5,0.063546,0.027600
5614.5,0.063686,0.027723
5615.5,0.063820,0.027841
5616.5,0.063947,0.027956
5617.5,0.064068,0.028067
5618.5,0.064181,0.028173
5619.5,0.064288,0.028274
5620.5,0.064387,0.028371
5621.5,0.064479,0.028462
5622.5,0.064562,0.028549
5623.5,0.064638,0.028629
5624.5,0.064704,0.028705
5625.5,0.064763,0.028774
5626.5,0.064812,0.028837
5627.5,0.064853,0.028895
5628.5,0.064884,0.028946
5629.5,0.064906,0.028991
5630.5,0.064918,0.029030
5631.5,0.064920,0.029063
5632.5,0.064913,0.029089
5633.5,0.064896,0.029108
5634.5,0.064869,0.029121
5635.5,0.064832,0.029128
5636.5,0.064784,0.029128
5637.5,0.064726,0.029121
5638.5,0.064658,0.029108
5639.5,0.064580,0.029088
5640.5,0.064491,0.029062
5641.5,0.064392,0.029029
5642.5,0.064283,0.028990
5643.5,0.064164,0.028945
5644.5,0.064034,0.028893
5645.5,0.063894,0.028835
5646.5,0.063744,0.028771
5647.5,0.063584,0.028701
5648.5,0.063415,0.028625
5649.5,0.063235,0.028543
5650.5,0.063046,0.028455
5651.5,0.062847,0.028362
5652.5,0.062639,0.028263
5653.5,0.062422,0.028160
5654.5,0.062196,0.028051
5655.5,0.061962,0.027937
5656.5,0.061718,0.027818
5657.5,0.061467,0.027695
5658.5,0.061207,0.027567
5659.5,0.060940,0.027435
5660.5,0.060665,0.027299
5661.5,0.060382,0.027159
5662.5,0.060093,0.027016
5663.5,0.059797,0.026869
5664.5,0.059494,0.026718
5665.5,0.059185,0.026565
5666.5,0.058871,0.026409
5667.5,0.058550,0.026250
5668.5,0.058225,0.026089
5669.5,0.057895,0.025925
5670.5,0.057560,0.025760
5671.5,0.057221,0.025593
5672.5,0.056877,0.025425
5673.5,0.056531,0.025255
5674.5,0.056181,0.025084
5675.5,0.055828,0.024913
5676.5,0.055473,0.024740
5677.5,0.055116,0.024568
5678.5,0.054757,0.024395
5679.5,0.054396,0.024223
5680.5,0.054034,0.024051
5681.5,0.053672,0.023879
5682.5,0.053309,0.023708
5683.5,0.052946,0.023539
5684.5,0.052583,0.023370
5685.5,0.052221,0.023203
5686.5,0.051860,0.023037
5687.5,0.051501,0.022874
5688.5,0.051143,0.022712
5689.5,0.050787,0.022552
5690.5,0.050433,0.022395
5691.5,0.050082,0.022241
5692.5,0.049734,0.022089
5693.5,0.049389,0.021940
5694.5,0.049048,0.021794
5695.5,0.048710,0.021651
5696.5,0.048377,0.021511
5697.5,0.048048,0.021375
5698.5,0.047724,0.021243
5699.5,0.047406,0.021114
5700.5,0.047092,0.020988
5701.5,0.046784,0.020867
5702.5,0.046481,0.020749
5703.5,0.046185,0.020636
5704.5,0.045895,0.020526
5705.5,0.045612,0.020420
5706.5,0.045335,0.020319
5707.5,0.045065,0.020221
5708.5,0.044802,0.020128
5709.5,0.044547,0.020039
5710.5,0.044299,0.019954
5711.5,0.044058,0.019873
5712.5,0.043826,0.019796
5713.5,0.043602,0.019723
5714.5,0.043385,0.019654
5715.5,0.043178,0.019589
5716.5,0.042978,0.019528
5717.5,0.042787,0.019472
5718.5,0.042605,0.019418
5719.5,0.042432,0.019369
5720.5,0.042267,0.019324
5721.5,0.042112,0.019282
5722.5,0.041965,0.019244
5723.5,0.041828,0.019209
5724.5,0.041700,0.019178
5725.5,0.041581,0.019151
5726.5,0.041471,0.019126
5727.5,0.041371,0.019105
5728.5,0.041280,0.019088
5729.5,0.041199,0.019073
5730.5,0.041127,0.019062
5731.5,0.041064,0.019054
5732.5,0.041011,0.019049
5733.5,0.040967,0.019047
5734.5,0.040933,0.019048
5735.5,0.040908,0.019052
5736.5,0.040893,0.019059
5737.5,0.040887,0.019069
5738.5,0.040890,0.019082
5739.5,0.040902,0.019098
5740.5,0.040924,0.019116
5741.5,0.040955,0.019137
5742.5,0.040995,0.019162
5743.5,0.041044,0.019189
5744.5,0.041102,0.019219
5745.5,0.041169,0.019252
5746.5,0.041244,0.019287
5747.5,0.041329,0.019326
5748.5,0.041422,0.019367
5749.5,0.041523,0.019411
5750.5,0.041633,0.019459
5751.5,0.041751,0.019509
5752.5,0.041877,0.019562
5753.5,0.042011,0.019618
5754.5,0.042153,0.019676
5755.5,0.042303,0.019738
5756.5,0.042460,0.019803
5757.5,0.042625,0.019870
5758.5,0.042798,0.019941
5759.5,0.042977,0.020014
5760.5,0.043163,0.020090
5761.5,0.043357,0.020169
5762.5,0.043557,0.020251
5763.5,0.043763,0.020335
5764.5,0.043976,0.020422
5765.5,0.044195,0.020512
5766.5,0.044420,0.020604
5767.5,0.044651,0.020699
5768.5,0.044888,0.020797
5769.5,0.045130,0.020896
5770.5,0.045377,0.020998
5771.5,0.045629,0.021102
5772.5,0.045887,0.021209
5773.5,0.046149,0.021317
5774.5,0.046415,0.021427
5775.5,0.046686,0.021539
5776.5,0.046961,0.021653
5777.5,0.047240,0.021768
5778.5,0.047522,0.021884
5779.5,0.047808,0.022002
5780.5,0.048098,0.022121
5781.5,0.048390,0.022241
5782.5,0.048685,0.022362
5783.5,0.048983,0.022483
5784.5,0.049284,0.022605
5785.5,0.049586,0.022728
5786.5,0.049891,0.022851
5787.5,0.050198,0.022974
5788.5,0.050506,0.023096
5789.5,0.050815,0.023219
5790.5,0.051126,0.023342
5791.5,0.051438,0.023464
5792.5,0.051750,0.023585
5793.5,0.052063,0.023706
5794.5,0.052377,0.023826
5795.5,0.052690,0.023945
5796.5,0.053004,0.024063
5797.5,0.053317,0.024179
5798.5,0.053630,0.024295
5799.5,0.053942,0.024409
5800.5,0.054254,0.024521
5801.5,0.054564,0.024632
5802.5,0.054873,0.024741
5803.5,0.055181,0.024848
5804.5,0.055486,0.024954
5805.5,0.055791,0.025057
5806.5,0.056093,0.025159
5807.5,0.056393,0.025258
5808.5,0.056690,0.025355
5809.5,0.056985,0.025450
5810.5,0.057278,0.025543
5811.5,0.057567,0.025634
5812.5,0.057854,0.025722
5813.5,0.058137,0.025808
5814.5,0.058417,0.025891
5815.5,0.058693,0.025972
5816.5,0.058965,0.026051
5817.5,0.059234,0.026128
5818.5,0.059499,0.026202
5819.5,0.059759,0.026273
5820.5,0.060015,0.026343
5821.5,0.060267,0.026409
5822.5,0.060514,0.026474
5823.5,0.060757,0.026536
5824.5,0.060995,0.026596
5825.5,0.061227,0.026654
5826.5,0.061455,0.026709
5827.5,0.061677,0.026762
5828.5,0.061894,0.026813
5829.5,0.062106,0.026862
5830.5,0.062312,0.026909
5831.5,0.062513,0.026954
5832.5,0.062708,0.026996
5833.5,0.062897,0.027037
5834.5,0.063080,0.027075
5835.5,0.063256,0.027112
5836.5,0.063427,0.027147
5837.5,0.063592,0.027180
5838.5,0.063750,0.027211
5839.5,0.063902,0.027241
5840.5,0.064048,0.027268
5841.5,0.064187,0.027294
5842.5,0.064319,0.027319
5843.5,0.064445,0.027342
5844.5,0.064564,0.027363
5845.5,0.064676,0.027383
5846.5,0.064782,0.027401
5847.5,0.064880,0.027418
5848.5,0.064972,0.027433
5849.5,0.065056,0.027447
5850.5,0.065134,0.027460
5851.5,0.065204,0.027471
5852.5,0.065267,0.027481
5853.5,0.065323,0.027490
5854.5,0.065372,0.027497
5855.5,0.065413,0.027503
5856.5,0.065447,0.027508
5857.5,0.065474,0.027512
5858.5,0.065494,0.027515
5859.5,0.065505,0.027516
5860.5,0.065510,0.027516
5861.5,0.065507,0.027515
5862.5,0.065496,0.027513
5863.5,0.065478,0.027510
5864.5,0.065452,0.027506
5865.5,0.065419,0.027500
5866.5,0.065378,0.027493
5867.5,0.065329,0.027486
5868.5,0.065273,0.027477
5869.5,0.065209,0.027467
5870.5,0.065138,0.027456
5871.5,0.065058,0.027444
5872.5,0.064972,0.027430
5873.5,0.064877,0.027416
5874.5,0.064775,0.027400
5875.5,0.064664,0.027383
5876.5,0.064547,0.027365
5877.5,0.064421,0.027346
5878.5,0.064288,0.027326
5879.5,0.064147,0.027304
5880.5,0.063999,0.027281
5881.5,0.063842,0.027257
5882.5,0.063678,0.027232
5883.5,0.063507,0.027205
5884.5,0.063328,0.027177
5885.5,0.063141,0.027147
5886.5,0.062947,0.027116
5887.5,0.062745,0.027083
5888.5,0.062535,0.027049
5889.5,0.062319,0.027014
5890.5,0.062094,0.026977
5891.5,0.061863,0.026938
5892.5,0.061624,0.026897
5893.5,0.061377,0.026855
5894.5,0.061124,0.026811
5895.5,0.060863,0.026765
5896.5,0.060595,0.026717
5897.5,0.060321,0.026667
5898.5,0.060039,0.026615
5899.5,0.059750,0.026561
5900.5,0.059455,0.026504
5901.5,0.059152,0.026446
5902.5,0.058844,0.026385
5903.5,0.058528,0.026321
5904.5,0.058207,0.026255
5905.5,0.057879,0.026187
5906.5,0.057544,0.026116
5907.5,0.057204,0.026042
5908.5,0.056858,0.025965
5909.5,0.056506,0.025886
5910.5,0.056148,0.025804
5911.5,0.055785,0.025718
5912.5,0.055416,0.025630
5913.5,0.055042,0.025538
5914.5,0.054663,0.025444
5915.5,0.054279,0.025346
5916.5,0.053890,0.025244
5917.5,0.053497,0.025140
5918.5,0.053099,0.025032
5919.5,0.052697,0.024920
5920.5,0.052292,0.024805
5921.5,0.051882,0.024687
5922.5,0.051469,0.024565
5923.5,0.051052,0.024439
5924.5,0.050632,0.024310
5925.5,0.050209,0.024177
5926.5,0.049784,0.024040
5927.5,0.049356,0.023900
5928.5,0.048926,0.023756
5929.5,0.048493,0.023609
5930.5,0.048059,0.023457
5931.5,0.047624,0.023303
5932.5,0.047187,0.023144
5933.5,0.046749,0.022982
5934.5,0.046310,0.022817
5935.5,0.045871,0.022648
5936.5,0.045432,0.022475
5937.5,0.044992,0.022300
5938.5,0.044553,0.022121
5939.5,0.044115,0.021939
5940.5,0.043678,0.021754
5941.5,0.043241,0.021566
5942.5,0.042807,0.021375
5943.5,0.042373,0.021181
5944.5,0.041942,0.020985
5945.5,0.041513,0.020786
5946.5,0.041087,0.020585
5947.5,0.040664,0.020382
5948.5,0.040244,0.020177
5949.5,0.039827,0.019970
5950.5,0.039414,0.019762
5951.5,0.039005,0.019552
5952.5,0.038600,0.019341
5953.5,0.038200,0.019130
5954.5,0.037805,0.018917
5955.5,0.037414,0.018704
5956.5,0.037030,0.018491
5957.5,0.036651,0.018278
5958.5,0.036277,0.018065
5959.5,0.035910,0.017853
5960.5,0.035550,0.017641
5961.5,0.035196,0.017431
5962.5,0.034849,0.017223
5963.5,0.034510,0.017016
5964.5,0.034177,0.016812
5965.5,0.033853,0.016610
5966.5,0.033536,0.016411
5967.5,0.033227,0.016216
5968.5,0.032927,0.016024
5969.5,0.032635,0.015836
5970.5,0.032352,0.015652
5971.5,0.032077,0.015473
5972.5,0.031812,0.015300
5973.5,0.031556,0.015132
5974.5,0.031309,0.014969
5975.5,0.031072,0.014814
5976.5,0.030844,0.014665
5977.5,0.030627,0.014523
5978.5,0.030419,0.014388
5979.5,0.030221,0.014261
5980.5,0.030033,0.014143
5981.5,0.029856,0.014033
5982.5,0.029689,0.013931
5983.5,0.029532,0.013839
5984.5,0.029386,0.013756
5985.5,0.029250,0.013682
5986.5,0.029124,0.013619
5987.5,0.029010,0.013565
5988.5,0.028905,0.013521
5989.5,0.028812,0.013487
5990.5,0.028729,0.013464
5991.5,0.028656,0.013450
5992.5,0.028594,0.013447
5993.5,0.028543,0.013454
5994.5,0.028502,0.013471
5995.5,0.028472,0.013498
5996.5,0.028452,0.013534
5997.5,0.028442,0.013580
5998.5,0.028442,0.013635
5999.5,0.028453,0.013700
6000.5,0.028473,0.013773
6001.5,0.028504,0.013854
6002.5,0.028544,0.013943
6003.5,0.028594,0.014041
6004.5,0.028654,0.014145
6005.5,0.028722,0.014256
6006.5,0.028801,0.014375
6007.5,0.028888,0.014499
6008.5,0.028984,0.014629
6009.5,0.029089,0.014764
6010.5,0.029202,0.014904
6011.5,0.029324,0.015049
6012.5,0.029454,0.015198
6013.5,0.029591,0.015351
6014.5,0.029737,0.015508
6015.5,0.029890,0.015667
6016.5,0.030051,0.015829
6017.5,0.030219,0.015993
6018.5,0.030393,0.016159
6019.5,0.030574,0.016327
6020.5,0.030762,0.016495
6021.5,0.030956,0.016665
6022.5,0.031156,0.016836
6023.5,0.031362,0.017006
6024.5,0.031573,0.017177
6025.5,0.031789,0.017347
6026.5,0.032011,0.017517
6027.5,0.032237,0.017686
6028.5,0.032468,0.017854
6029.5,0.032703,0.018021
6030.5,0.032943,0.018186
6031.5,0.033186,0.018349
6032.5,0.033432,0.018511
6033.5,0.033683,0.018670
6034.5,0.033936,0.018827
6035.5,0.034192,0.018981
6036.5,0.034451,0.019133
6037.5,0.034712,0.019283
6038.5,0.034975,0.019429
6039.5,0.035241,0.019572
6040.5,0.035508,0.019712
6041.5,0.035777,0.019849
6042.5,0.036047,0.019982
6043.5,0.036319,0.020112
6044.5,0.036591,0.020239
6045.5,0.036864,0.020362
6046.5,0.037138,0.020481
6047.5,0.037412,0.020597
6048.5,0.037686,0.020708
6049.5,0.037961,0.020816
6050.5,0.038235,0.020921
6051.5,0.038509,0.021021
6052.5,0.038783,0.021118
6053.5,0.039057,0.021211
6054.5,0.039329,0.021300
6055.5,0.039601,0.021386
6056.5,0.039872,0.021467
6057.5,0.040141,0.021545
6058.5,0.040410,0.021620
6059.5,0.040677,0.021691
6060.5,0.040943,0.021758
6061.5,0.041208,0.021822
6062.5,0.041471,0.021883
6063.5,0.041732,0.021941
6064.5,0.041992,0.021995
6065.5,0.042250,0.022046
6066.5,0.042506,0.022095
6067.5,0.042761,0.022140
6068.5,0.043013,0.022183
6069.5,0.043263,0.022224
6070.5,0.043512,0.022262
6071.5,0.043758,0.022297
6072.5,0.044003,0.022331
6073.5,0.044246,0.022362
6074.5,0.044486,0.022392
6075.5,0.044725,0.022419
6076.5,0.044961,0.022445
6077.5,0.045196,0.022470
6078.5,0.045428,0.022493
6079.5,0.045659,0.022516
6080.5,0.045888,0.022537
6081.5,0.046114,0.022557
6082.5,0.046339,0.022576
6083.5,0.046563,0.022595
6084.5,0.046784,0.022614
6085.5,0.047004,0.022632
6086.5,0.047222,0.022649
6087.5,0.047438,0.022667
6088.5,0.047653,0.022685
6089.5,0.047867,0.022703
6090.5,0.048079,0.022721
6091.5,0.048290,0.022739
6092.5,0.048500,0.022758
6093.5,0.048708,0.022777
6094.5,0.048916,0.022797
6095.5,0.049123,0.022817
6096.5,0.049329,0.022838
6097.5,0.049534,0.022860
6098.5,0.049738,0.022883
6099.5,0.049942,0.022907
6100.5,0.050145,0.022931
6101.5,0.050349,0.022956
6102.5,0.050552,0.022983
6103.5,0.050754,0.023010
6104.5,0.050957,0.023038
6105.5,0.051160,0.023066
6106.5,0.051363,0.023096
6107.5,0.051567,0.023127
6108.5,0.051771,0.023158
6109.5,0.051976,0.023190
6110.5,0.052181,0.023223
6111.5,0.052387,0.023256
6112.5,0.052594,0.023290
6113.5,0.052803,0.023325
6114.5,0.053012,0.023360
6115.5,0.053223,0.023396
6116.5,0.053435,0.023432
6117.5,0.053649,0.023468
6118.5,0.053865,0.023505
6119.5,0.054082,0.023542
6120.5,0.054302,0.023579
6121.5,0.054524,0.023616
6122.5,0.054747,0.023653
6123.5,0.054974,0.023690
6124.5,0.055203,0.023727
6125.5,0.055434,0.023763
6126.5,0.055668,0.023800
6127.5,0.055905,0.023836
6128.5,0.056145,0.023872
6129.5,0.056389,0.023908
6130.5,0.056635,0.023943
6131.5,0.056885,0.023978
6132.5,0.057139,0.024013
6133.5,0.057396,0.024047
6134.5,0.057657,0.024081
6135.5,0.057921,0.024115
6136.5,0.058190,0.024148
6137.5,0.058463,0.024181
6138.5,0.058740,0.024214
6139.5,0.059022,0.024246
6140.5,0.059307,0.024279
6141.5,0.059598,0.024311
6142.5,0.059893,0.024343
6143.5,0.060193,0.024375
6144.5,0.060498,0.024408
6145.5,0.060808,0.024440
6146.5,0.061122,0.024473
6147.5,0.061442,0.024507
6148.5,0.061768,0.024540
6149.5,0.062098,0.024575
6150.5,0.062434,0.024610
6151.5,0.062776,0.024646
6152.5,0.063123,0.024683
6153.5,0.063475,0.024721
6154.5,0.063834,0.024761
6155.5,0.064198,0.024802
6156.5,0.064568,0.024844
6157.5,0.064944,0.024888
6158.5,0.065325,0.024934
6159.5,0.065713,0.024982
6160.5,0.066106,0.025032
6161.5,0.066506,0.025084
6162.5,0.066911,0.025138
6163.5,0.067323,0.025195
6164.5,0.067741,0.025254
6165.5,0.068164,0.025316
6166.5,0.068594,0.025381
6167.5,0.069030,0.025448
6168.5,0.069472,0.025519
6169.5,0.069919,0.025593
6170.5,0.070373,0.025669
6171.5,0.070833,0.025749
6172.5,0.071298,0.025832
6173.5,0.071769,0.025919
6174.5,0.072247,0.026008
6175.5,0.072729,0.026101
6176.5,0.073218,0.026197
6177.5,0.073711,0.026297
6178.5,0.074211,0.026400
6179.5,0.074715,0.026506
6180.5,0.075225,0.026615
6181.5,0.075740,0.026728
6182.5,0.076260,0.026844
6183.5,0.076785,0.026963
6184.5,0.077314,0.027085
6185.5,0.077848,0.027210
6186.5,0.078387,0.027338
6187.5,0.078929,0.027468
6188.5,0.079476,0.027601
6189.5,0.080026,0.027737
6190.5,0.080580,0.027875
6191.5,0.081138,0.028016
6192.5,0.081699,0.028159
6193.5,0.082263,0.028303
6194.5,0.082829,0.028450
6195.5,0.083399,0.028599
6196.5,0.083970,0.028749
6197.5,0.084544,0.028900
6198.5,0.085119,0.029053
6199.5,0.085696,0.029207
6200.5,0.086275,0.029362
6201.5,0.086854,0.029518
6202.5,0.087434,0.029675
6203.5,0.088015,0.029832
6204.5,0.088595,0.029990
6205.5,0.089176,0.030148
6206.5,0.089756,0.030306
6207.5,0.090335,0.030464
6208.5,0.090913,0.030622
6209.5,0.091489,0.030780
6210.5,0.092064,0.030937
6211.5,0.092636,0.031093
6212.5,0.093207,0.031250
6213.5,0.093774,0.031405
6214.5,0.094338,0.031559
6215.5,0.094899,0.031712
6216.5,0.095455,0.031865
6217.5,0.096008,0.032016
6218.5,0.096555,0.032165
6219.5,0.097098,0.032314
6220.5,0.097636,0.032460
6221.5,0.098167,0.032606
6222.5,0.098693,0.032749
6223.5,0.099212,0.032891
6224.5,0.099724,0.033031
6225.5,0.100229,0.033169
6226.5,0.100726,0.033305
6227.5,0.101216,0.033439
6228.5,0.101697,0.033571
6229.5,0.102169,0.033701
6230.5,0.102632,0.033828
6231.5,0.103086,0.033954
6232.5,0.103530,0.034077
6233.5,0.103963,0.034197
6234.5,0.104386,0.034316
6235.5,0.104798,0.034432
6236.5,0.105198,0.034545
6237.5,0.105587,0.034656
6238.5,0.105964,0.034765
6239.5,0.106329,0.034870
6240.5,0.106681,0.034973
6241.5,0.107019,0.035074
6242.5,0.107345,0.035172
6243.5,0.107657,0.035267
6244.5,0.107954,0.035359
6245.5,0.108238,0.035448
6246.5,0.108506,0.035534
6247.5,0.108760,0.035618
6248.5,0.108999,0.035698
6249.5,0.109222,0.035776
6250.5,0.109430,0.035850
6251.5,0.109621,0.035921
6252.5,0.109796,0.035989
6253.5,0.109955,0.036053
6254.5,0.110097,0.036115
6255.5,0.110222,0.036173
6256.5,0.110330,0.036227
6257.5,0.110421,0.036278
6258.5,0.110494,0.036325
6259.5,0.110550,0.036368
6260.5,0.110588,0.036408
6261.5,0.110608,0.036444
6262.5,0.110609,0.036476
6263.5,0.110593,0.036504
6264.5,0.110558,0.036528
6265.5,0.110505,0.036548
6266.5,0.110434,0.036563
6267.5,0.110344,0.036574
6268.5,0.110235,0.036581
6269.5,0.110108,0.036583
6270.5,0.109962,0.036581
6271.5,0.109798,0.036574
6272.5,0.109615,0.036562
6273.5,0.109414,0.036545
6274.5,0.109194,0.036524
6275.5,0.108956,0.036497
6276.5,0.108699,0.036465
6277.5,0.108424,0.036429
6278.5,0.108132,0.036386
6279.5,0.107821,0.036339
6280.5,0.107492,0.036286
6281.5,0.107146,0.036228
6282.5,0.106782,0.036164
6283.5,0.106401,0.036094
6284.5,0.106003,0.036019
6285.5,0.105589,0.035938
6286.5,0.105157,0.035851
6287.5,0.104710,0.035758
6288.5,0.104246,0.035660
6289.5,0.103767,0.035556
6290.5,0.103272,0.035445
6291.5,0.102763,0.035329
6292.5,0.102238,0.035207
6293.5,0.101700,0.035079
6294.5,0.101147,0.034945
6295.5,0.100581,0.034805
6296.5,0.100002,0.034659
6297.5,0.099410,0.034506
6298.5,0.098806,0.034348
6299.5,0.098190,0.034185
6300.5,0.097563,0.034015
6301.5,0.096924,0.033839
6302.5,0.096276,0.033658
6303.5,0.095618,0.033471
6304.5,0.094950,0.033278
6305.5,0.094274,0.033080
6306.5,0.093589,0.032876
6307.5,0.092897,0.032667
6308.5,0.092198,0.032452
6309.5,0.091492,0.032233
6310.5,0.090780,0.032008
6311.5,0.090063,0.031779
6312.5,0.089341,0.031545
6313.5,0.088615,0.031306
6314.5,0.087885,0.031063
6315.5,0.087152,0.030815
6316.5,0.086418,0.030564
6317.5,0.085681,0.030308
6318.5,0.084944,0.030049
6319.5,0.084206,0.029786
6320.5,0.083468,0.029520
6321.5,0.082732,0.029252
6322.5,0.081997,0.028980
6323.5,0.081264,0.028705
6324.5,0.080534,0.028429
6325.5,0.079808,0.028150
6326.5,0.079085,0.027870
6327.5,0.078368,0.027588
6328.5,0.077656,0.027305
6329.5,0.076950,0.027022
6330.5,0.076251,0.026738
6331.5,0.075559,0.026453
6332.5,0.074875,0.026169
6333.5,0.074200,0.025886
6334.5,0.073534,0.025603
6335.5,0.072878,0.025322
6336.5,0.072233,0.025042
6337.5,0.071598,0.024765
6338.5,0.070975,0.024490
6339.5,0.070364,0.024219
6340.5,0.069766,0.023950
6341.5,0.069182,0.023686
6342.5,0.068611,0.023426
6343.5,0.068054,0.023170
6344.5,0.067512,0.022920
6345.5,0.066986,0.022676
6346.5,0.066476,0.022438
6347.5,0.065981,0.022207
6348.5,0.065504,0.021983
6349.5,0.065044,0.021767
6350.5,0.064601,0.021559
6351.5,0.064176,0.021360
6352.5,0.063770,0.021171
6353.5,0.063382,0.020991
6354.5,0.063014,0.020821
6355.5,0.062665,0.020663
6356.5,0.062336,0.020515
6357.5,0.062026,0.020379
6358.5,0.061737,0.020255
6359.5,0.061469,0.020144
6360.5,0.061221,0.020046
6361.5,0.060994,0.019961
6362.5,0.060789,0.019889
6363.5,0.060604,0.019831
6364.5,0.060441,0.019787
6365.5,0.060300,0.019758
6366.5,0.060181,0.019743
6367.5,0.060083,0.019742
6368.5,0.060007,0.019756
6369.5,0.059952,0.019784
6370.5,0.059920,0.019827
6371.5,0.059909,0.019885
6372.5,0.059920,0.019956
6373.5,0.059953,0.020043
6374.5,0.060008,0.020143
6375.5,0.060084,0.020257
6376.5,0.060182,0.020384
6377.5,0.060300,0.020525
6378.5,0.060440,0.020678
6379.5,0.060601,0.020845
6380.5,0.060783,0.021023
6381.5,0.060985,0.021213
6382.5,0.061207,0.021415
6383.5,0.061449,0.021627
6384.5,0.061711,0.021850
6385.5,0.061993,0.022083
6386.5,0.062293,0.022326
6387.5,0.062612,0.022577
6388.5,0.062949,0.022838
6389.5,0.063304,0.023106
6390.5,0.063677,0.023382
6391.5,0.064067,0.023666
6392.5,0.064473,0.023956
6393.5,0.064896,0.024253
6394.5,0.065334,0.024555
6395.5,0.065788,0.024863
6396.5,0.066257,0.025176
6397.5,0.066739,0.025494
6398.5,0.067236,0.025815
6399.5,0.067745,0.026141
6400.5,0.068267,0.026470
6401.5,0.068802,0.026801
6402.5,0.069347,0.027135
6403.5,0.069904,0.027472
6404.5,0.070471,0.027810
6405.5,0.071048,0.028149
6406.5,0.071633,0.028490
6407.5,0.072228,0.028831
6408.5,0.072830,0.029172
6409.5,0.073439,0.029514
6410.5,0.074055,0.029855
6411.5,0.074677,0.030195
6412.5,0.075304,0.030535
6413.5,0.075936,0.030873
6414.5,0.076572,0.031209
6415.5,0.077211,0.031543
6416.5,0.077853,0.031875
6417.5,0.078497,0.032205
6418.5,0.079143,0.032532
6419.5,0.079789,0.032855
6420.5,0.080436,0.033175
6421.5,0.081082,0.033492
6422.5,0.081727,0.033805
6423.5,0.082370,0.034113
6424.5,0.083010,0.034417
6425.5,0.083648,0.034716
6426.5,0.084282,0.035010
6427.5,0.084912,0.035299
6428.5,0.085537,0.035582
6429.5,0.086157,0.035860
6430.5,0.086770,0.036132
6431.5,0.087378,0.036398
6432.5,0.087978,0.036657
6433.5,0.088570,0.036910
6434.5,0.089154,0.037156
6435.5,0.089729,0.037395
6436.5,0.090296,0.037627
6437.5,0.090852,0.037852
6438.5,0.091398,0.038069
6439.5,0.091934,0.038279
6440.5,0.092458,0.038481
6441.5,0.092971,0.038674
6442.5,0.093472,0.038860
6443.5,0.093961,0.039038
6444.5,0.094437,0.039207
6445.5,0.094899,0.039368
6446.5,0.095349,0.039520
6447.5,0.095784,0.039664
6448.5,0.096205,0.039798
6449.5,0.096612,0.039924
6450.5,0.097005,0.040041
6451.5,0.097382,0.040149
6452.5,0.097744,0.040248
6453.5,0.098091,0.040338
6454.5,0.098422,0.040418
6455.5,0.098738,0.040490
6456.5,0.099037,0.040552
6457.5,0.099321,0.040605
6458.5,0.099588,0.040649
6459.5,0.099839,0.040684
6460.5,0.100074,0.040710
6461.5,0.100292,0.040726
6462.5,0.100494,0.040733
6463.5,0.100679,0.040732
6464.5,0.100848,0.040721
6465.5,0.101000,0.040701
6466.5,0.101136,0.040673
6467.5,0.101256,0.040636
6468.5,0.101360,0.040590
6469.5,0.101447,0.040535
6470.5,0.101518,0.040472
6471.5,0.101574,0.040401
6472.5,0.101613,0.040321
6473.5,0.101637,0.040234
6474.5,0.101645,0.040139
6475.5,0.101639,0.040035
6476.5,0.101617,0.039925
6477.5,0.101580,0.039807
6478.5,0.101529,0.039681
6479.5,0.101464,0.039549
6480.5,0.101384,0.039410
6481.5,0.101291,0.039264
6482.5,0.101185,0.039112
6483.5,0.101065,0.038954
6484.5,0.100932,0.038790
6485.5,0.100787,0.038620
6486.5,0.100630,0.038445
6487.5,0.100461,0.038264
6488.5,0.100281,0.038078
6489.5,0.100089,0.037888
6490.5,0.099887,0.037694
6491.5,0.099675,0.037495
6492.5,0.099452,0.037292
6493.5,0.099220,0.037086
6494.5,0.098979,0.036876
6495.5,0.098729,0.036664
6496.5,0.098471,0.036448
6497.5,0.098205,0.036230
6498.5,0.097932,0.036010
6499.5,0.097651,0.035788
6500.5,0.097364,0.035565
6501.5,0.097070,0.035340
6502.5,0.096770,0.035114
6503.5,0.096465,0.034887
6504.5,0.096155,0.034661
6505.5,0.095841,0.034434
6506.5,0.095522,0.034207
6507.5,0.095199,0.033980
6508.5,0.094873,0.033755
6509.5,0.094543,0.033531
6510.5,0.094211,0.033307
6511.5,0.093877,0.033086
6512.5,0.093541,0.032867
6513.5,0.093203,0.032649
6514.5,0.092864,0.032435
6515.5,0.092524,0.032222
6516.5,0.092183,0.032013
6517.5,0.091842,0.031808
6518.5,0.091501,0.031605
6519.5,0.091161,0.031407
6520.5,0.090821,0.031212
6521.5,0.090482,0.031022
6522.5,0.090145,0.030836
6523.5,0.089809,0.030655
6524.5,0.089474,0.030478
6525.5,0.089142,0.030306
6526.5,0.088812,0.030140
6527.5,0.088484,0.029979
6528.5,0.088159,0.029823
6529.5,0.087836,0.029673
6530.5,0.087516,0.029529
6531.5,0.087200,0.029391
6532.5,0.086887,0.029258
6533.5,0.086577,0.029131
6534.5,0.086270,0.029011
6535.5,0.085967,0.028897
6536.5,0.085667,0.028789
6537.5,0.085372,0.028687
6538.5,0.085080,0.028591
6539.5,0.084791,0.028501
6540.5,0.084507,0.028418
6541.5,0.084226,0.028341
6542.5,0.083949,0.028270
6543.5,0.083676,0.028205
6544.5,0.083406,0.028146
6545.5,0.083141,0.028093
6546.5,0.082879,0.028046
6547.5,0.082620,0.028004
6548.5,0.082365,0.027968
6549.5,0.082113,0.027937
6550.5,0.081865,0.027912
6551.5,0.081620,0.027892
6552.5,0.081377,0.027876
6553.5,0.081138,0.027866
6554.5,0.080901,0.027860
6555.5,0.080667,0.027858
6556.5,0.080436,0.027861
6557.5,0.080206,0.027868
6558.5,0.079979,0.027878
6559.5,0.079753,0.027892
6560.5,0.079529,0.027909
6561.5,0.079306,0.027929
6562.5,0.079085,0.027952
6563.5,0.078864,0.027978
6564.5,0.078645,0.028006
6565.5,0.078425,0.028036
6566.5,0.078206,0.028068
6567.5,0.077987,0.028102
6568.5,0.077768,0.028137
6569.5,0.077548,0.028173
6570.5,0.077327,0.028210
6571.5,0.077105,0.028247
6572.5,0.076882,0.028285
6573.5,0.076658,0.028323
6574.5,0.076431,0.028361
6575.5,0.076203,0.028398
6576.5,0.075972,0.028435
6577.5,0.075739,0.028471
6578.5,0.075502,0.028506
6579.5,0.075263,0.028540
6580.5,0.075020,0.028572
6581.5,0.074774,0.028602
6582.5,0.074524,0.028631
6583.5,0.074269,0.028657
6584.5,0.074011,0.028681
6585.5,0.073748,0.028702
6586.5,0.073480,0.028721
6587.5,0.073207,0.028737
6588.5,0.072928,0.028749
6589.5,0.072645,0.028759
6590.5,0.072355,0.028764
6591.5,0.072060,0.028767
6592.5,0.071759,0.028765
6593.5,0.071452,0.028760
6594.5,0.071139,0.028750
6595.5,0.070819,0.028736
6596.5,0.070493,0.028718
6597.5,0.070159,0.028696
6598.5,0.069819,0.028668
6599.5,0.069473,0.028637
6600.5,0.069119,0.028600
6601.5,0.068757,0.028559
6602.5,0.068389,0.028512
6603.5,0.068014,0.028461
6604.5,0.067631,0.028404
6605.5,0.067241,0.028343
6606.5,0.066843,0.028276
6607.5,0.066438,0.028203
6608.5,0.066026,0.028126
6609.5,0.065606,0.028043
6610.5,0.065179,0.027955
6611.5,0.064745,0.027861
6612.5,0.064303,0.027762
6613.5,0.063854,0.027657
6614.5,0.063398,0.027547
6615.5,0.062935,0.027431
6616.5,0.062465,0.027311
6617.5,0.061989,0.027184
6618.5,0.061505,0.027052
6619.5,0.061015,0.026915
6620.5,0.060519,0.026773
6621.5,0.060016,0.026625
6622.5,0.059507,0.026472
6623.5,0.058993,0.026314
6624.5,0.058472,0.026151
6625.5,0.057947,0.025983
6626.5,0.057415,0.025810
6627.5,0.056879,0.025631
6628.5,0.056338,0.025448
6629.5,0.055793,0.025261
6630.5,0.055243,0.025068
6631.5,0.054689,0.024872
6632.5,0.054131,0.024670
6633.5,0.053569,0.024465
6634.5,0.053005,0.024255
6635.5,0.052437,0.024041
6636.5,0.051867,0.023823
6637.5,0.051295,0.023602
6638.5,0.050720,0.023376
6639.5,0.050144,0.023147
6640.5,0.049567,0.022915
6641.5,0.048988,0.022679
6642.5,0.048409,0.022440
6643.5,0.047830,0.022198
6644.5,0.047250,0.021953
6645.5,0.046671,0.021705
6646.5,0.046093,0.021455
6647.5,0.045516,0.021203
6648.5,0.044940,0.020948
6649.5,0.044366,0.020691
6650.5,0.043794,0.020432
6651.5,0.043225,0.020172
6652.5,0.042658,0.019910
6653.5,0.042095,0.019646
6654.5,0.041536,0.019382
6655.5,0.040980,0.019116
6656.5,0.040429,0.018850
6657.5,0.039882,0.018583
6658.5,0.039341,0.018315
6659.5,0.038805,0.018047
6660.5,0.038275,0.017779
6661.5,0.037751,0.017511
6662.5,0.037233,0.017244
6663.5,0.036723,0.016977
6664.5,0.036219,0.016711
6665.5,0.035723,0.016446
6666.5,0.035235,0.016182
6667.5,0.034755,0.015919
6668.5,0.034283,0.015658
6669.5,0.033820,0.015399
6670.5,0.033367,0.015143
6671.5,0.032922,0.014888
6672.5,0.032488,0.014636
6673.5,0.032063,0.014387
6674.5,0.031649,0.014142
6675.5,0.031245,0.013899
6676.5,0.030852,0.013661
6677.5,0.030470,0.013426
6678.5,0.030099,0.013196
6679.5,0.029740,0.012971
6680.5,0.029392,0.012751
6681.5,0.029057,0.012536
6682.5,0.028733,0.012326
6683.5,0.028422,0.012123
6684.5,0.028124,0.011926
6685.5,0.027838,0.011736
6686.5,0.027565,0.011553
6687.5,0.027306,0.011378
6688.5,0.027059,0.011210
6689.5,0.026826,0.011051
6690.5,0.026606,0.010901
6691.5,0.026400,0.010760
6692.5,0.026207,0.010628
6693.5,0.026029,0.010506
6694.5,0.025864,0.010394
6695.5,0.025713,0.010293
6696.5,0.025576,0.010203
6697.5,0.025453,0.010124
6698.5,0.025344,0.010056
6699.5,0.025249,0.010001
6700.5,0.025168,0.009957
6701.5,0.025102,0.009925
6702.5,0.025049,0.009905
6703.5,0.025011,0.009897
6704.5,0.024986,0.009902
6705.5,0.024976,0.009919
6706.5,0.024979,0.009948
6707.5,0.024996,0.009989
6708.5,0.025027,0.010042
6709.5,0.025072,0.010106
6710.5,0.025131,0.010182
6711.5,0.025202,0.010269
6712.5,0.025288,0.010367
6713.5,0.025386,0.010476
6714.5,0.025497,0.010594
6715.5,0.025622,0.010722
6716.5,0.025759,0.010860
6717.5,0.025909,0.011007
6718.5,0.026071,0.011162
6719.5,0.026246,0.011325
6720.5,0.026432,0.011496
6721.5,0.026630,0.011674
6722.5,0.026840,0.011859
6723.5,0.027062,0.012051
6724.5,0.027294,0.012249
6725.5,0.027537,0.012452
6726.5,0.027791,0.012661
6727.5,0.028055,0.012875
6728.5,0.028330,0.013093
6729.5,0.028614,0.013316
6730.5,0.028908,0.013542
6731.5,0.029211,0.013773
6732.5,0.029523,0.014006
6733.5,0.029844,0.014242
6734.5,0.030173,0.014481
6735.5,0.030510,0.014722
6736.5,0.030855,0.014966
6737.5,0.031207,0.015211
6738.5,0.031567,0.015457
6739.5,0.031933,0.015705
6740.5,0.032306,0.015953
6741.5,0.032685,0.016202
6742.5,0.033070,0.016452
6743.5,0.033461,0.016702
6744.5,0.033856,0.016951
6745.5,0.034257,0.017201
6746.5,0.034662,0.017449
6747.5,0.035071,0.017697
6748.5,0.035484,0.017944
6749.5,0.035901,0.018190
6750.5,0.036320,0.018434
6751.5,0.036743,0.018676
6752.5,0.037168,0.018917
6753.5,0.037596,0.019156
6754.5,0.038025,0.019392
6755.5,0.038456,0.019626
6756.5,0.038888,0.019857
6757.5,0.039321,0.020085
6758.5,0.039755,0.020310
6759.5,0.040189,0.020532
6760.5,0.040623,0.020750
6761.5,0.041057,0.020965
6762.5,0.041490,0.021176
6763.5,0.041923,0.021384
6764.5,0.042355,0.021587
6765.5,0.042785,0.021786
6766.5,0.043214,0.021980
6767.5,0.043641,0.022170
6768.5,0.044066,0.022355
6769.5,0.044489,0.022536
6770.5,0.044909,0.022711
6771.5,0.045327,0.022882
6772.5,0.045742,0.023047
6773.5,0.046153,0.023207
6774.5,0.046562,0.023362
6775.5,0.046967,0.023512
6776.5,0.047369,0.023655
6777.5,0.047767,0.023794
6778.5,0.048161,0.023926
6779.5,0.048552,0.024053
6780.5,0.048938,0.024174
6781.5,0.049320,0.024289
6782.5,0.049698,0.024398
6783.5,0.050072,0.024501
6784.5,0.050441,0.024598
6785.5,0.050806,0.024690
6786.5,0.051167,0.024775
6787.5,0.051523,0.024854
6788.5,0.051874,0.024928
6789.5,0.052222,0.024995
6790.5,0.052564,0.025057
6791.5,0.052903,0.025112
6792.5,0.053237,0.025162
6793.5,0.053566,0.025206
6794.5,0.053892,0.025245
6795.5,0.054213,0.025277
6796.5,0.054530,0.025305
6797.5,0.054843,0.025326
6798.5,0.055153,0.025343
6799.5,0.055458,0.025354
6800.5,0.055760,0.025360
6801.5,0.056058,0.025361
6802.5,0.056353,0.025357
6803.5,0.056645,0.025349
6804.5,0.056933,0.025336
6805.5,0.057219,0.025318
6806.5,0.057502,0.025297
6807.5,0.057782,0.025271
6808.5,0.058060,0.025242
6809.5,0.058337,0.025209
6810.5,0.058611,0.025173
6811.5,0.058883,0.025134
6812.5,0.059154,0.025092
6813.5,0.059424,0.025047
6814.5,0.059693,0.024999
6815.5,0.059961,0.024950
6816.5,0.060228,0.024898
6817.5,0.060496,0.024845
6818.5,0.060763,0.024790
6819.5,0.061031,0.024735
6820.5,0.061299,0.024678
6821.5,0.061567,0.024621
6822.5,0.061837,0.024564
6823.5,0.062108,0.024507
6824.5,0.062380,0.024450
6825.5,0.062655,0.024393
6826.5,0.062931,0.024338
6827.5,0.063209,0.024284
6828.5,0.063490,0.024231
6829.5,0.063774,0.024180
6830.5,0.064061,0.024132
6831.5,0.064351,0.024085
6832.5,0.064644,0.024042
6833.5,0.064941,0.024001
6834.5,0.065242,0.023964
6835.5,0.065546,0.023930
6836.5,0.065856,0.023900
6837.5,0.066169,0.023874
6838.5,0.066487,0.023852
6839.5,0.066811,0.023835
6840.5,0.067139,0.023822
6841.5,0.067472,0.023815
6842.5,0.067811,0.023812
6843.5,0.068155,0.023815
6844.5,0.068504,0.023824
6845.5,0.068860,0.023838
6846.5,0.069221,0.023858
6847.5,0.069588,0.023884
6848.5,0.069961,0.023916
6849.5,0.070340,0.023955
6850.5,0.070725,0.023999
6851.5,0.071117,0.024050
6852.5,0.071514,0.024107
6853.5,0.071918,0.024171
6854.5,0.072328,0.024241
6855.5,0.072744,0.024317
6856.5,0.073167,0.024399
6857.5,0.073595,0.024488
6858.5,0.074030,0.024583
6859.5,0.074471,0.024685
6860.5,0.074918,0.024792
6861.5,0.075370,0.024905
6862.5,0.075829,0.025024
6863.5,0.076293,0.025149
6864.5,0.076762,0.025279
6865.5,0.077237,0.025415
6866.5,0.077718,0.025556
6867.5,0.078203,0.025701
6868.5,0.078693,0.025852
6869.5,0.079188,0.026007
6870.5,0.079688,0.026167
6871.5,0.080191,0.026331
6872.5,0.080699,0.026498
6873.5,0.081211,0.026670
6874.5,0.081726,0.026845
6875.5,0.082244,0.027023
6876.5,0.082765,0.027204
6877.5,0.083290,0.027388
6878.5,0.083816,0.027574
6879.5,0.084345,0.027763
6880.5,0.084875,0.027954
6881.5,0.085408,0.028146
6882.5,0.085941,0.028340
6883.5,0.086475,0.028535
6884.5,0.087009,0.028731
6885.5,0.087544,0.028927
6886.5,0.088079,0.029124
6887.5,0.088613,0.029321
6888.5,0.089146,0.029518
6889.5,0.089677,0.029715
6890.5,0.090207,0.029911
6891.5,0.090735,0.030107
6892.5,0.091261,0.030301
6893.5,0.091784,0.030494
6894.5,0.092303,0.030686
6895.5,0.092819,0.030876
6896.5,0.093332,0.031063
6897.5,0.093839,0.031249
6898.5,0.094342,0.031432
6899.5,0.094840,0.031613
6900.5,0.095333,0.031791
6901.5,0.095820,0.031965
6902.5,0.096300,0.032137
6903.5,0.096774,0.032305
6904.5,0.097241,0.032470
6905.5,0.097701,0.032631
6906.5,0.098153,0.032787
6907.5,0.098597,0.032940
6908.5,0.099033,0.033089
6909.5,0.099460,0.033233
6910.5,0.099878,0.033373
6911.5,0.100287,0.033508
6912.5,0.100686,0.033638
6913.5,0.101075,0.033764
6914.5,0.101454,0.033884
6915.5,0.101822,0.034000
6916.5,0.102180,0.034110
6917.5,0.102527,0.034215
6918.5,0.102862,0.034314
6919.5,0.103186,0.034408
6920.5,0.103498,0.034497
6921.5,0.103798,0.034580
6922.5,0.104086,0.034657
6923.5,0.104361,0.034729
6924.5,0.104624,0.034795
6925.5,0.104874,0.034855
6926.5,0.105111,0.034910
6927.5,0.105335,0.034959
6928.5,0.105546,0.035002
6929.5,0.105743,0.035040
6930.5,0.105928,0.035071
6931.5,0.106098,0.035098
6932.5,0.106255,0.035118
6933.5,0.106398,0.035133
6934.5,0.106528,0.035142
6935.5,0.106643,0.035146
6936.5,0.106745,0.035145
6937.5,0.106833,0.035138
6938.5,0.106907,0.035126
6939.5,0.106967,0.035108
6940.5,0.107013,0.035086
6941.5,0.107045,0.035058
6942.5,0.107064,0.035026
6943.5,0.107069,0.034989
6944.5,0.107060,0.034947
6945.5,0.107037,0.034900
6946.5,0.107001,0.034850
6947.5,0.106952,0.034795
6948.5,0.106889,0.034735
6949.5,0.106813,0.034672
6950.5,0.106724,0.034605
6951.5,0.106621,0.034534
6952.5,0.106506,0.034460
6953.5,0.106379,0.034382
6954.5,0.106238,0.034301
6955.5,0.106086,0.034217
6956.5,0.105921,0.034130
6957.5,0.105744,0.034041
6958.5,0.105555,0.033949
6959.5,0.105355,0.033854
6960.5,0.105143,0.033757
6961.5,0.104921,0.033658
6962.5,0.104687,0.033557
6963.5,0.104442,0.033454
6964.5,0.104187,0.033350
6965.5,0.103921,0.033244
6966.5,0.103646,0.033137
6967.5,0.103360,0.033029
6968.5,0.103065,0.032920
6969.5,0.102761,0.032811
6970.5,0.102447,0.032700
6971.5,0.102125,0.032589
6972.5,0.101794,0.032478
6973.5,0.101454,0.032366
6974.5,0.101107,0.032254
6975.5,0.100751,0.032142
6976.5,0.100388,0.032031
6977.5,0.100017,0.031919
6978.5,0.099640,0.031808
6979.5,0.099255,0.031697
6980.5,0.098864,0.031587
6981.5,0.098467,0.031477
6982.5,0.098063,0.031368
6983.5,0.097653,0.031260
6984.5,0.097238,0.031152
6985.5,0.096818,0.031045
6986.5,0.096392,0.030939
6987.5,0.095961,0.030834
6988.5,0.095526,0.030730
6989.5,0.095086,0.030627
6990.5,0.094642,0.030525
6991.5,0.094194,0.030424
6992.5,0.093742,0.030324
6993.5,0.093287,0.030225
6994.5,0.092828,0.030127
6995.5,0.092366,0.030030
6996.5,0.091901,0.029934
6997.5,0.091434,0.029838
6998.5,0.090964,0.029744
6999.5,0.090491,0.029651
7000.5,0.090017,0.029558
7001.5,0.089540,0.029467
7002.5,0.089062,0.029376
7003.5,0.088581,0.029286
7004.5,0.088100,0.029196
7005.5,0.087617,0.029108
7006.5,0.087133,0.029019
7007.5,0.086648,0.028932
7008.5,0.086163,0.028845
7009.5,0.085676,0.028758
7010.5,0.085189,0.028672
7011.5,0.084702,0.028586
7012.5,0.084214,0.028500
7013.5,0.083727,0.028415
7014.5,0.083239,0.028330
7015.5,0.082751,0.028245
7016.5,0.082264,0.028160
7017.5,0.081777,0.028075
7018.5,0.081290,0.027990
7019.5,0.080804,0.027905
7020.5,0.080319,0.027820
7021.5,0.079834,0.027735
7022.5,0.079350,0.027649
7023.5,0.078868,0.027564
7024.5,0.078386,0.027478
7025.5,0.077905,0.027393
7026.5,0.077426,0.027307
7027.5,0.076948,0.027220
7028.5,0.076471,0.027134
7029.5,0.075996,0.027047
7030.5,0.075522,0.026960
7031.5,0.075050,0.026872
7032.5,0.074580,0.026785
7033.5,0.074111,0.026697
7034.5,0.073644,0.026609
7035.5,0.073179,0.026520
7036.5,0.072716,0.026432
7037.5,0.072255,0.026343
7038.5,0.071796,0.026254
7039.5,0.071339,0.026164
7040.5,0.070884,0.026075
7041.5,0.070431,0.025985
7042.5,0.069981,0.025895
7043.5,0.069533,0.025806
7044.5,0.069087,0.025716
7045.5,0.068644,0.025625
7046.5,0.068204,0.025535
7047.5,0.067766,0.025445
7048.5,0.067330,0.025355
7049.5,0.066898,0.025265
7050.5,0.066468,0.025175
7051.5,0.066041,0.025085
7052.5,0.065616,0.024995
7053.5,0.065195,0.024906
7054.5,0.064777,0.024816
7055.5,0.064362,0.024727
7056.5,0.063949,0.024638
7057.5,0.063540,0.024549
7058.5,0.063135,0.024460
7059.5,0.062732,0.024372
7060.5,0.062333,0.024284
7061.5,0.061938,0.024196
7062.5,0.061546,0.024109
7063.5,0.061157,0.024021
7064.5,0.060772,0.023934
7065.5,0.060392,0.023848
7066.5,0.060014,0.023761
7067.5,0.059641,0.023675
7068.5,0.059272,0.023589
7069.5,0.058907,0.023504
7070.5,0.058546,0.023418
7071.5,0.058189,0.023333
7072.5,0.057837,0.023249
7073.5,0.057489,0.023164
7074.5,0.057146,0.023080
7075.5,0.056807,0.022996
7076.5,0.056473,0.022912
7077.5,0.056144,0.022828
7078.5,0.055820,0.022744
7079.5,0.055502,0.022661
7080.5,0.055188,0.022577
7081.5,0.054879,0.022494
7082.5,0.054576,0.022411
7083.5,0.054279,0.022328
7084.5,0.053987,0.022244
7085.5,0.053701,0.022161
7086.5,0.053421,0.022078
7087.5,0.053147,0.021995
7088.5,0.052879,0.021912
7089.5,0.052617,0.021828
7090.5,0.052362,0.021745
7091.5,0.052114,0.021662
7092.5,0.051872,0.021578
7093.5,0.051637,0.021495
7094.5,0.051408,0.021411
7095.5,0.051187,0.021328
7096.5,0.050973,0.021244
7097.5,0.050767,0.021160
7098.5,0.050568,0.021077
7099.5,0.050377,0.020993
7100.5,0.050193,0.020910
7101.5,0.050017,0.020827
7102.5,0.049850,0.020744
7103.5,0.049691,0.020661
7104.5,0.049540,0.020579
7105.5,0.049397,0.020497
7106.5,0.049263,0.020416
7107.5,0.049138,0.020335
7108.5,0.049022,0.020254
7109.5,0.048915,0.020175
7110.5,0.048817,0.020096
7111.5,0.048729,0.020019
7112.5,0.048650,0.019942
7113.5,0.048580,0.019867
7114.5,0.048521,0.019792
7115.5,0.048471,0.019720
7116.5,0.048431,0.019649
7117.5,0.048401,0.019580
7118.5,0.048381,0.019513
7119.5,0.048372,0.019448
7120.5,0.048373,0.019385
7121.5,0.048385,0.019325
7122.5,0.048407,0.019267
7123.5,0.048440,0.019212
7124.5,0.048484,0.019161
7125.5,0.048539,0.019112
7126.5,0.048604,0.019067
7127.5,0.048681,0.019025
7128.5,0.048769,0.018988
7129.5,0.048868,0.018954
7130.5,0.048979,0.018924
7131.5,0.049100,0.018899
7132.5,0.049234,0.018879
7133.5,0.049378,0.018863
7134.5,0.049534,0.018852
7135.5,0.049702,0.018846
7136.5,0.049881,0.018846
7137.5,0.050071,0.018851
7138.5,0.050273,0.018861
7139.5,0.050487,0.018877
7140.5,0.050712,0.018899
7141.5,0.050948,0.018927
7142.5,0.051196,0.018962
7143.5,0.051455,0.019002
7144.5,0.051726,0.019048
7145.5,0.052008,0.019101
7146.5,0.052301,0.019161
7147.5,0.052606,0.019226
7148.5,0.052921,0.019298
7149.5,0.053248,0.019377
7150.5,0.053585,0.019462
7151.5,0.053934,0.019553
7152.5,0.054293,0.019651
7153.5,0.054662,0.019755
7154.5,0.055042,0.019865
7155.5,0.055432,0.019982
7156.5,0.055832,0.020104
7157.5,0.056243,0.020233
7158.5,0.056663,0.020367
7159.5,0.057092,0.020507
7160.5,0.057531,0.020652
7161.5,0.057979,0.020803
7162.5,0.058437,0.020959
7163.5,0.058902,0.021120
7164.5,0.059377,0.021286
7165.5,0.059860,0.021457
7166.5,0.060350,0.021632
7167.5,0.060849,0.021811
7168.5,0.061355,0.021994
7169.5,0.061868,0.022181
7170.5,0.062388,0.022372
7171.5,0.062915,0.022566
7172.5,0.063449,0.022763
7173.5,0.063988,0.022963
7174.5,0.064533,0.023165
7175.5,0.065084,0.023370
7176.5,0.065639,0.023577
7177.5,0.066200,0.023787
7178.5,0.066765,0.023997
7179.5,0.067334,0.024210
7180.5,0.067906,0.024423
7181.5,0.068483,0.024637
7182.5,0.069062,0.024853
7183.5,0.069644,0.025069
7184.5,0.070228,0.025285
7185.5,0.070814,0.025501
7186.5,0.071402,0.025717
7187.5,0.071991,0.025933
7188.5,0.072581,0.026148
7189.5,0.073171,0.026363
7190.5,0.073761,0.026576
7191.5,0.074351,0.026789
7192.5,0.074941,0.027000
7193.5,0.075529,0.027209
7194.5,0.076116,0.027417
7195.5,0.076701,0.027623
7196.5,0.077283,0.027827
7197.5,0.077863,0.028029
7198.5,0.078440,0.028229
7199.5,0.079014,0.028425
7200.5,0.079584,0.028620
7201.5,0.080149,0.028811
7202.5,0.080711,0.028999
7203.5,0.081267,0.029185
7204.5,0.081818,0.029367
7205.5,0.082363,0.029545
7206.5,0.082903,0.029720
7207.5,0.083436,0.029892
7208.5,0.083963,0.030060
7209.5,0.084482,0.030224
7210.5,0.084995,0.030384
7211.5,0.085499,0.030540
7212.5,0.085996,0.030692
7213.5,0.086484,0.030839
7214.5,0.086964,0.030983
7215.5,0.087435,0.031122
7216.5,0.087897,0.031256
7217.5,0.088349,0.031386
7218.5,0.088792,0.031512
7219.5,0.089225,0.031633
7220.5,0.089647,0.031749
7221.5,0.090060,0.031861
7222.5,0.090461,0.031967
7223.5,0.090851,0.032069
7224.5,0.091231,0.032167
7225.5,0.091599,0.032259
7226.5,0.091955,0.032346
7227.5,0.092300,0.032429
7228.5,0.092633,0.032506
7229.5,0.092954,0.032579
7230.5,0.093263,0.032647
7231.5,0.093560,0.032710
7232.5,0.093844,0.032768
7233.5,0.094116,0.032821
7234.5,0.094375,0.032869
7235.5,0.094621,0.032912
7236.5,0.094855,0.032950
7237.5,0.095075,0.032984
7238.5,0.095283,0.033012
7239.5,0.095478,0.033036
7240.5,0.095660,0.033055
7241.5,0.095829,0.033070
7242.5,0.095984,0.033079
7243.5,0.096127,0.033085
7244.5,0.096257,0.033085
7245.5,0.096374,0.033081
7246.5,0.096478,0.033073
7247.5,0.096569,0.033060
7248.5,0.096648,0.033042
7249.5,0.096713,0.033021
7250.5,0.096766,0.032995
7251.5,0.096807,0.032965
7252.5,0.096835,0.032931
7253.5,0.096850,0.032893
7254.5,0.096853,0.032851
7255.5,0.096845,0.032806
7256.5,0.096824,0.032756
7257.5,0.096791,0.032703
7258.5,0.096747,0.032647
7259.5,0.096691,0.032587
7260.5,0.096624,0.032523
7261.5,0.096545,0.032457
7262.5,0.096456,0.032387
7263.5,0.096356,0.032314
7264.5,0.096245,0.032239
7265.5,0.096124,0.032160
7266.5,0.095993,0.032079
7267.5,0.095852,0.031996
7268.5,0.095700,0.031909
7269.5,0.095540,0.031821
7270.5,0.095370,0.031730
7271.5,0.095191,0.031637
7272.5,0.095004,0.031543
7273.5,0.094807,0.031446
7274.5,0.094603,0.031348
7275.5,0.094390,0.031248
7276.5,0.094170,0.031147
7277.5,0.093942,0.031044
7278.5,0.093706,0.030940
7279.5,0.093464,0.030835
7280.5,0.093215,0.030730
7281.5,0.092959,0.030623
7282.5,0.092697,0.030516
7283.5,0.092429,0.030408
7284.5,0.092155,0.030300
7285.5,0.091876,0.030191
7286.5,0.091592,0.030083
7287.5,0.091302,0.029974
7288.5,0.091008,0.029865
7289.5,0.090710,0.029757
7290.5,0.090407,0.029649
7291.5,0.090101,0.029541
7292.5,0.089791,0.029434
7293.5,0.089477,0.029328
7294.5,0.089160,0.029222
7295.5,0.088840,0.029118
7296.5,0.088518,0.029014
7297.5,0.088193,0.028911
7298.5,0.087866,0.028810
7299.5,0.087537,0.028710
7300.5,0.087206,0.028611
7301.5,0.086874,0.028513
7302.5,0.086540,0.028418
7303.5,0.086205,0.028323
7304.5,0.085870,0.028231
7305.5,0.085534,0.028140
7306.5,0.085197,0.028050
7307.5,0.084860,0.027963
7308.5,0.084523,0.027877
7309.5,0.084186,0.027794
7310.5,0.083850,0.027712
7311.5,0.083514,0.027632
7312.5,0.083179,0.027554
7313.5,0.082844,0.027478
7314.5,0.082511,0.027405
7315.5,0.082179,0.027333
7316.5,0.081848,0.027263
7317.5,0.081518,0.027195
7318.5,0.081191,0.027129
7319.5,0.080865,0.027065
7320.5,0.080541,0.027002
7321.5,0.080218,0.026942
7322.5,0.079899,0.026884
7323.5,0.079581,0.026827
7324.5,0.079266,0.026772
7325.5,0.078954,0.026719
7326.5,0.078644,0.026667
7327.5,0.078337,0.026617
7328.5,0.078032,0.026569
7329.5,0.077731,0.026522
7330.5,0.077433,0.026477
7331.5,0.077138,0.026433
7332.5,0.076846,0.026390
7333.5,0.076558,0.026348
7334.5,0.076272,0.026307
7335.5,0.075991,0.026268
7336.5,0.075713,0.026230
7337.5,0.075438,0.026192
7338.5,0.075168,0.026155
7339.5,0.074901,0.026119
7340.5,0.074638,0.026084
7341.5,0.074378,0.026049
7342.5,0.074123,0.026015
7343.5,0.073872,0.025982
7344.5,0.073625,0.025948
7345.5,0.073382,0.025915
7346.5,0.073143,0.025883
7347.5,0.072908,0.025850
7348.5,0.072677,0.025818
7349.5,0.072451,0.025786
7350.5,0.072229,0.025754
7351.5,0.072012,0.025721
7352.5,0.071799,0.025689
7353.5,0.071590,0.025657
7354.5,0.071386,0.025624
7355.5,0.071186,0.025591
7356.5,0.070991,0.025558
7357.5,0.070801,0.025525
7358.5,0.070615,0.025492
7359.5,0.070433,0.025458
7360.5,0.070257,0.025424
7361.5,0.070085,0.025389
7362.5,0.069918,0.025355
7363.5,0.069756,0.025320
7364.5,0.069599,0.025284
7365.5,0.069446,0.025249
7366.5,0.069299,0.025213
7367.5,0.069156,0.025176
7368.5,0.069018,0.025140
7369.5,0.068886,0.025103
7370.5,0.068758,0.025066
7371.5,0.068635,0.025029
7372.5,0.068518,0.024992
7373.5,0.068405,0.024954
7374.5,0.068298,0.024917
7375.5,0.068196,0.024880
7376.5,0.068099,0.024842
7377.5,0.068007,0.024805
7378.5,0.067920,0.024768
7379.5,0.067839,0.024731
7380.5,0.067763,0.024695
7381.5,0.067692,0.024659
7382.5,0.067627,0.024623
7383.5,0.067567,0.024588
7384.5,0.067513,0.024553
7385.5,0.067463,0.024520
7386.5,0.067420,0.024486
7387.5,0.067382,0.024454
7388.5,0.067349,0.024423
7389.5,0.067321,0.024392
7390.5,0.067300,0.024363
7391.5,0.067283,0.024335
7392.5,0.067273,0.024308
7393.5,0.067268,0.024282
7394.5,0.067268,0.024258
7395.5,0.067274,0.024235
7396.5,0.067286,0.024214
7397.5,0.067303,0.024195
7398.5,0.067326,0.024177
7399.5,0.067354,0.024161
7400.5,0.067388,0.024147
7401.5,0.067427,0.024135
7402.5,0.067473,0.024125
7403.5,0.067523,0.024117
7404.5,0.067579,0.024111
7405.5,0.067641,0.024107
7406.5,0.067708,0.024105
7407.5,0.067781,0.024106
7408.5,0.067860,0.024110
7409.5,0.067943,0.024115
7410.5,0.068032,0.024123
7411.5,0.068127,0.024134
7412.5,0.068227,0.024147
7413.5,0.068332,0.024163
7414.5,0.068443,0.024181
7415.5,0.068559,0.024202
7416.5,0.068680,0.024225
7417.5,0.068806,0.024251
7418.5,0.068937,0.024280
7419.5,0.069073,0.024312
7420.5,0.069214,0.024346
7421.5,0.069361,0.024382
7422.5,0.069511,0.024421
7423.5,0.069667,0.024463
7424.5,0.069828,0.024508
7425.5,0.069993,0.024555
7426.5,0.070162,0.024604
7427.5,0.070336,0.024656
7428.5,0.070514,0.024710
7429.5,0.070697,0.024767
7430.5,0.070884,0.024826
7431.5,0.071074,0.024888
7432.5,0.071269,0.024951
7433.5,0.071468,0.025017
7434.5,0.071670,0.025085
7435.5,0.071876,0.025155
7436.5,0.072086,0.025227
7437.5,0.072299,0.025300
7438.5,0.072515,0.025376
7439.5,0.072735,0.025453
7440.5,0.072958,0.025532
7441.5,0.073183,0.025612
7442.5,0.073412,0.025694
7443.5,0.073643,0.025777
7444.5,0.073876,0.025861
7445.5,0.074113,0.025947
7446.5,0.074351,0.026033
7447.5,0.074592,0.026121
7448.5,0.074835,0.026209
7449.5,0.075079,0.026298
7450.5,0.075326,0.026388
7451.5,0.075574,0.026478
7452.5,0.075824,0.026569
7453.5,0.076075,0.026659
7454.5,0.076327,0.026751
7455.5,0.076581,0.026842
7456.5,0.076835,0.026933
7457.5,0.077091,0.027024
7458.5,0.077347,0.027115
7459.5,0.077604,0.027206
7460.5,0.077861,0.027296
7461.5,0.078119,0.027385
7462.5,0.078377,0.027474
7463.5,0.078635,0.027562
7464.5,0.078893,0.027650
7465.5,0.079151,0.027736
7466.5,0.079409,0.027821
7467.5,0.079667,0.027905
7468.5,0.079924,0.027988
7469.5,0.080180,0.028070
7470.5,0.080436,0.028150
7471.5,0.080692,0.028229
7472.5,0.080946,0.028306
7473.5,0.081199,0.028381
7474.5,0.081452,0.028455
7475.5,0.081703,0.028527
7476.5,0.081953,0.028597
7477.5,0.082202,0.028665
7478.5,0.082450,0.028731
7479.5,0.082696,0.028795
7480.5,0.082941,0.028857
7481.5,0.083184,0.028917
7482.5,0.083426,0.028974
7483.5,0.083666,0.029029
7484.5,0.083905,0.029082
7485.5,0.084142,0.029133
7486.5,0.084377,0.029181
7487.5,0.084610,0.029227
7488.5,0.084842,0.029270
7489.5,0.085072,0.029312
7490.5,0.085300,0.029350
7491.5,0.085526,0.029386
7492.5,0.085751,0.029420
7493.5,0.085973,0.029452
7494.5,0.086194,0.029481
7495.5,0.086413,0.029507
7496.5,0.086630,0.029531
7497.5,0.086846,0.029553
7498.5,0.087059,0.029573
7499.5,0.087271,0.029590
7500.5,0.087482,0.029605
7501.5,0.087690,0.029618
7502.5,0.087897,0.029628
7503.5,0.088103,0.029637
7504.5,0.088307,0.029643
7505.5,0.088509,0.029648
7506.5,0.088711,0.029650
7507.5,0.088910,0.029651
7508.5,0.089109,0.029650
7509.5,0.089306,0.029648
7510.5,0.089503,0.029643
7511.5,0.089698,0.029638
7512.5,0.089892,0.029630
7513.5,0.090085,0.029622
7514.5,0.090278,0.029612
7515.5,0.090470,0.029602
7516.5,0.090661,0.029590
7517.5,0.090852,0.029577
7518.5,0.091042,0.029564
7519.5,0.091231,0.029550
7520.5,0.091421,0.029536
7521.5,0.091610,0.029521
7522.5,0.091799,0.029505
7523.5,0.091988,0.029490
7524.5,0.092178,0.029474
7525.5,0.092367,0.029459
7526.5,0.092557,0.029444
7527.5,0.092747,0.029429
7528.5,0.092937,0.029415
7529.5,0.093128,0.029401
7530.5,0.093320,0.029388
7531.5,0.093512,0.029375
7532.5,0.093705,0.029364
7533.5,0.093899,0.029354
7534.5,0.094094,0.029344
7535.5,0.094291,0.029337
7536.5,0.094488,0.029330
7537.5,0.094686,0.029325
7538.5,0.094886,0.029321
7539.5,0.095087,0.029320
7540.5,0.095290,0.029320
7541.5,0.095494,0.029322
7542.5,0.095699,0.029325
7543.5,0.095907,0.029331
7544.5,0.096115,0.029339
7545.5,0.096326,0.029349
7546.5,0.096538,0.029362
7547.5,0.096752,0.029376
7548.5,0.096968,0.029393
7549.5,0.097186,0.029412
7550.5,0.097406,0.029434
7551.5,0.097627,0.029458
7552.5,0.097851,0.029485
7553.5,0.098076,0.029514
7554.5,0.098304,0.029546
7555.5,0.098533,0.029580
7556.5,0.098764,0.029616
7557.5,0.098998,0.029655
7558.5,0.099233,0.029696
7559.5,0.099470,0.029740
7560.5,0.099709,0.029786
7561.5,0.099949,0.029835
7562.5,0.100192,0.029886
7563.5,0.100436,0.029939
7564.5,0.100683,0.029994
7565.5,0.100930,0.030051
7566.5,0.101180,0.030111
7567.5,0.101431,0.030172
7568.5,0.101683,0.030235
7569.5,0.101937,0.030300
7570.5,0.102193,0.030367
7571.5,0.102449,0.030435
7572.5,0.102707,0.030505
7573.5,0.102966,0.030577
7574.5,0.103226,0.030650
7575.5,0.103487,0.030724
7576.5,0.103749,0.030799
7577.5,0.104011,0.030875
7578.5,0.104274,0.030952
7579.5,0.104538,0.031030
7580.5,0.104802,0.031108
7581.5,0.105066,0.031187
7582.5,0.105330,0.031267
7583.5,0.105595,0.031347
7584.5,0.105859,0.031427
7585.5,0.106122,0.031508
7586.5,0.106386,0.031588
7587.5,0.106649,0.031669
7588.5,0.106911,0.031749
7589.5,0.107172,0.031829
7590.5,0.107433,0.031908
7591.5,0.107692,0.031987
7592.5,0.107950,0.032066
7593.5,0.108206,0.032144
7594.5,0.108461,0.032221
7595.5,0.108714,0.032297
7596.5,0.108965,0.032372
7597.5,0.109214,0.032446
7598.5,0.109460,0.032519
7599.5,0.109705,0.032591
7600.5,0.109946,0.032662
7601.5,0.110185,0.032732
7602.5,0.110421,0.032800
7603.5,0.110654,0.032867
7604.5,0.110884,0.032932
7605.5,0.111110,0.032996
7606.5,0.111332,0.033058
7607.5,0.111551,0.033119
7608.5,0.111766,0.033178
7609.5,0.111977,0.033235
7610.5,0.112184,0.033291
7611.5,0.112386,0.033345
7612.5,0.112584,0.033397
7613.5,0.112776,0.033448
7614.5,0.112964,0.033496
7615.5,0.113147,0.033543
7616.5,0.113325,0.033589
7617.5,0.113498,0.033632
7618.5,0.113665,0.033674
7619.5,0.113826,0.033714
7620.5,0.113981,0.033752
7621.5,0.114131,0.033789
7622.5,0.114274,0.033824
7623.5,0.114412,0.033857
7624.5,0.114543,0.033888
7625.5,0.114667,0.033918
7626.5,0.114785,0.033946
7627.5,0.114896,0.033973
7628.5,0.115000,0.033998
7629.5,0.115097,0.034021
7630.5,0.115187,0.034043
7631.5,0.115270,0.034064
7632.5,0.115345,0.034083
7633.5,0.115414,0.034100
7634.5,0.115474,0.034116
7635.5,0.115527,0.034131
7636.5,0.115572,0.034144
7637.5,0.115609,0.034156
7638.5,0.115638,0.034167
7639.5,0.115660,0.034176
7640.5,0.115673,0.034184
7641.5,0.115678,0.034191
7642.5,0.115675,0.034197
7643.5,0.115663,0.034201
7644.5,0.115643,0.034204
7645.5,0.115615,0.034206
7646.5,0.115578,0.034207
7647.5,0.115533,0.034207
7648.5,0.115479,0.034205
7649.5,0.115416,0.034203
7650.5,0.115345,0.034199
7651.5,0.115265,0.034194
7652.5,0.115176,0.034188
7653.5,0.115079,0.034180
7654.5,0.114973,0.034172
7655.5,0.114858,0.034162
7656.5,0.114734,0.034151
7657.5,0.114602,0.034139
7658.5,0.114460,0.034125
7659.5,0.114310,0.034110
7660.5,0.114152,0.034094
7661.5,0.113984,0.034076
7662.5,0.113808,0.034057
7663.5,0.113624,0.034037
7664.5,0.113430,0.034014
7665.5,0.113228,0.033991
7666.5,0.113018,0.033966
7667.5,0.112799,0.033939
7668.5,0.112572,0.033910
7669.5,0.112336,0.033880
7670.5,0.112092,0.033848
7671.5,0.111840,0.033814
7672.5,0.111580,0.033778
7673.5,0.111312,0.033740
7674.5,0.111036,0.033701
7675.5,0.110752,0.033659
7676.5,0.110460,0.033615
7677.5,0.110161,0.033569
7678.5,0.109855,0.033520
7679.5,0.109541,0.033470
7680.5,0.109220,0.033417
7681.5,0.108891,0.033361
7682.5,0.108556,0.033304
7683.5,0.108214,0.033244
7684.5,0.107866,0.033181
7685.5,0.107511,0.033116
7686.5,0.107150,0.033048
7687.5,0.106782,0.032978
7688.5,0.106409,0.032905
7689.5,0.106030,0.032829
7690.5,0.105646,0.032751
7691.5,0.105256,0.032670
7692.5,0.104861,0.032586
7693.5,0.104461,0.032500
7694.5,0.104056,0.032411
7695.5,0.103647,0.032319
7696.5,0.103233,0.032224
7697.5,0.102815,0.032127
7698.5,0.102394,0.032027
7699.5,0.101969,0.031924
7700.5,0.101541,0.031819
7701.5,0.101109,0.031711
7702.5,0.100675,0.031600
7703.5,0.100238,0.031487
7704.5,0.099798,0.031371
7705.5,0.099357,0.031253
7706.5,0.098914,0.031133
7707.5,0.098469,0.031010
7708.5,0.098023,0.030885
7709.5,0.097576,0.030757
7710.5,0.097128,0.030628
7711.5,0.096680,0.030496
7712.5,0.096231,0.030363
7713.5,0.095783,0.030227
7714.5,0.095335,0.030090
7715.5,0.094888,0.029952
7716.5,0.094442,0.029811
7717.5,0.093997,0.029670
7718.5,0.093553,0.029527
7719.5,0.093112,0.029382
7720.5,0.092673,0.029237
7721.5,0.092236,0.029091
7722.5,0.091801,0.028944
7723.5,0.091370,0.028796
7724.5,0.090942,0.028648
7725.5,0.090518,0.028500
7726.5,0.090098,0.028351
7727.5,0.089681,0.028203
7728.5,0.089270,0.028054
7729.5,0.088863,0.027906
7730.5,0.088461,0.027758
7731.5,0.088064,0.027611
7732.5,0.087673,0.027465
7733.5,0.087288,0.027320
7734.5,0.086909,0.027175
7735.5,0.086536,0.027033
7736.5,0.086170,0.026891
7737.5,0.085811,0.026752
7738.5,0.085458,0.026614
7739.5,0.085114,0.026478
7740.5,0.084777,0.026345
7741.5,0.084448,0.026214
7742.5,0.084126,0.026085
7743.5,0.083814,0.025960
7744.5,0.083509,0.025837
7745.5,0.083214,0.025717
7746.5,0.082927,0.025601
7747.5,0.082649,0.025488
7748.5,0.082381,0.025378
7749.5,0.082122,0.025272
7750.5,0.081873,0.025170
7751.5,0.081634,0.025072
7752.5,0.081405,0.024979
7753.5,0.081186,0.024889
7754.5,0.080977,0.024804
7755.5,0.080778,0.024723
7756.5,0.080590,0.024648
7757.5,0.080412,0.024576
7758.5,0.080245,0.024510
7759.5,0.080089,0.024449
7760.5,0.079944,0.024392
7761.5,0.079810,0.024341
7762.5,0.079686,0.024295
7763.5,0.079574,0.024254
7764.5,0.079473,0.024218
7765.5,0.079383,0.024188
7766.5,0.079303,0.024163
7767.5,0.079235,0.024143
7768.5,0.079178,0.024129
7769.5,0.079133,0.024120
7770.5,0.079098,0.024117
7771.5,0.079074,0.024119
7772.5,0.079061,0.024126
7773.5,0.079059,0.024139
7774.5,0.079067,0.024157
7775.5,0.079087,0.024180
7776.5,0.079117,0.024208
7777.5,0.079157,0.024241
7778.5,0.079208,0.024280
7779.5,0.079270,0.024324
7780.5,0.079341,0.024372
7781.5,0.079422,0.024425
7782.5,0.079513,0.024483
7783.5,0.079614,0.024546
7784.5,0.079724,0.024613
7785.5,0.079843,0.024685
7786.5,0.079971,0.024761
7787.5,0.080109,0.024841
7788.5,0.080254,0.024925
7789.5,0.080408,0.025013
7790.5,0.080571,0.025105
7791.5,0.080741,0.025201
7792.5,0.080918,0.025300
7793.5,0.081103,0.025402
7794.5,0.081295,0.025508
7795.5,0.081494,0.025617
7796.5,0.081700,0.025729
7797.5,0.081911,0.025844
7798.5,0.082128,0.025962
7799.5,0.082351,0.026082
7800.5,0.082579,0.026204
7801.5,0.082811,0.026329
7802.5,0.083049,0.026456
7803.5,0.083290,0.026585
7804.5,0.083535,0.026715
7805.5,0.083784,0.026848
7806.5,0.084036,0.026981
7807.5,0.084290,0.027116
7808.5,0.084547,0.027253
7809.5,0.084806,0.027390
7810.5,0.085066,0.027528
7811.5,0.085328,0.027667
7812.5,0.085591,0.027806
7813.5,0.085853,0.027946
7814.5,0.086116,0.028086
7815.5,0.086379,0.028227
7816.5,0.086641,0.028367
7817.5,0.086901,0.028507
7818.5,0.087160,0.028647
7819.5,0.087418,0.028786
7820.5,0.087672,0.028924
7821.5,0.087924,0.029062
7822.5,0.088173,0.029199
7823.5,0.088419,0.029335
7824.5,0.088661,0.029470
7825.5,0.088898,0.029603
7826.5,0.089130,0.029735
7827.5,0.089358,0.029865
7828.5,0.089580,0.029993
7829.5,0.089797,0.030120
7830.5,0.090007,0.030244
7831.5,0.090210,0.030366
7832.5,0.090407,0.030486
7833.5,0.090597,0.030603
7834.5,0.090779,0.030718
7835.5,0.090953,0.030830
7836.5,0.091118,0.030939
7837.5,0.091276,0.031045
7838.5,0.091424,0.031148
7839.5,0.091563,0.031248
7840.5,0.091693,0.031344
7841.5,0.091813,0.031437
7842.5,0.091922,0.031527
7843.5,0.092022,0.031612
7844.5,0.092111,0.031694
7845.5,0.092189,0.031772
7846.5,0.092256,0.031846
7847.5,0.092311,0.031915
7848.5,0.092355,0.031981
7849.5,0.092387,0.032041
7850.5,0.092408,0.032098
7851.5,0.092416,0.032150
7852.5,0.092412,0.032197
7853.5,0.092396,0.032240
7854.5,0.092366,0.032277
7855.5,0.092325,0.032310
7856.5,0.092270,0.032338
7857.5,0.092202,0.032360
7858.5,0.092122,0.032378
7859.5,0.092028,0.032390
7860.5,0.091921,0.032397
7861.5,0.091801,0.032399
7862.5,0.091668,0.032395
7863.5,0.091521,0.032386
7864.5,0.091361,0.032371
7865.5,0.091188,0.032351
7866.5,0.091001,0.032325
7867.5,0.090801,0.032294
7868.5,0.090588,0.032257
7869.5,0.090362,0.032214
7870.5,0.090123,0.032166
7871.5,0.089871,0.032112
7872.5,0.089607,0.032052
7873.5,0.089329,0.031986
7874.5,0.089039,0.031915
7875.5,0.088736,0.031838
7876.5,0.088422,0.031755
7877.5,0.088095,0.031666
7878.5,0.087756,0.031572
7879.5,0.087406,0.031472
7880.5,0.087044,0.031367
7881.5,0.086671,0.031255
7882.5,0.086286,0.031139
7883.5,0.085891,0.031016
7884.5,0.085486,0.030888
7885.5,0.085071,0.030755
7886.5,0.084645,0.030616
7887.5,0.084210,0.030472
7888.5,0.083766,0.030323
7889.5,0.083313,0.030169
7890.5,0.082851,0.030009
7891.5,0.082380,0.029844
7892.5,0.081902,0.029675
7893.5,0.081417,0.029500
7894.5,0.080924,0.029321
7895.5,0.080424,0.029137
7896.5,0.079918,0.028949
7897.5,0.079406,0.028756
7898.5,0.078889,0.028559
7899.5,0.078366,0.028358
7900.5,0.077838,0.028153
7901.5,0.077306,0.027944
7902.5,0.076770,0.027731
7903.5,0.076231,0.027514
7904.5,0.075689,0.027294
7905.5,0.075144,0.027071
7906.5,0.074597,0.026845
7907.5,0.074048,0.026616
7908.5,0.073498,0.026384
7909.5,0.072947,0.026149
7910.5,0.072396,0.025912
7911.5,0.071845,0.025673
7912.5,0.071294,0.025431
7913.5,0.070745,0.025188
7914.5,0.070197,0.024944
7915.5,0.069651,0.024698
7916.5,0.069108,0.024450
7917.5,0.068567,0.024202
7918.5,0.068030,0.023954
7919.5,0.067496,0.023704
7920.5,0.066967,0.023455
7921.5,0.066442,0.023206
7922.5,0.065923,0.022957
7923.5,0.065409,0.022708
7924.5,0.064901,0.022461
7925.5,0.064399,0.022214
7926.5,0.063904,0.021970
7927.5,0.063416,0.021726
7928.5,0.062936,0.021485
7929.5,0.062464,0.021246
7930.5,0.062001,0.021010
7931.5,0.061546,0.020777
7932.5,0.061100,0.020547
7933.5,0.060664,0.020320
7934.5,0.060237,0.020098
7935.5,0.059821,0.019880
7936.5,0.059416,0.019666
7937.5,0.059021,0.019458
7938.5,0.058637,0.019254
7939.5,0.058265,0.019057
7940.5,0.057904,0.018865
7941.5,0.057555,0.018680
7942.5,0.057219,0.018501
7943.5,0.056895,0.018329
7944.5,0.056584,0.018165
7945.5,0.056286,0.018008
7946.5,0.056001,0.017859
7947.5,0.055729,0.017718
7948.5,0.055471,0.017586
7949.5,0.055226,0.017463
7950.5,0.054996,0.017349
7951.5,0.054779,0.017244
7952.5,0.054576,0.017149
7953.5,0.054388,0.017063
7954.5,0.054214,0.016987
7955.5,0.054054,0.016922
7956.5,0.053909,0.016866
7957.5,0.053778,0.016821
7958.5,0.053662,0.016787
7959.5,0.053560,0.016762
7960.5,0.053473,0.016749
7961.5,0.053401,0.016745
7962.5,0.053343,0.016752
7963.5,0.053299,0.016770
7964.5,0.053270,0.016797
7965.5,0.053255,0.016835
7966.5,0.053255,0.016883
7967.5,0.053268,0.016940
7968.5,0.053296,0.017007
7969.5,0.053338,0.017083
7970.5,0.053393,0.017169
7971.5,0.053462,0.017263
7972.5,0.053545,0.017366
7973.5,0.053640,0.017477
7974.5,0.053749,0.017596
7975.5,0.053871,0.017723
7976.5,0.054005,0.017857
7977.5,0.054152,0.017998
7978.5,0.054311,0.018146
7979.5,0.054482,0.018300
7980.5,0.054664,0.018460
7981.5,0.054858,0.018625
7982.5,0.055062,0.018796
7983.5,0.055278,0.018972
7984.5,0.055504,0.019153
7985.5,0.055740,0.019337
7986.5,0.055986,0.019526
7987.5,0.056241,0.019718
7988.5,0.056505,0.019914
7989.5,0.056778,0.020113
7990.5,0.057059,0.020314
7991.5,0.057348,0.020518
7992.5,0.057645,0.020724
7993.5,0.057949,0.020932
7994.5,0.058259,0.021141
7995.5,0.058576,0.021352
7996.5,0.058899,0.021563
7997.5,0.059227,0.021775
7998.5,0.059560,0.021988
7999.5,0.059898,0.022201
8000.5,0.060240,0.022414
8001.5,0.060586,0.022627
8002.5,0.060935,0.022839
8003.5,0.061287,0.023051
8004.5,0.061642,0.023262
8005.5,0.061998,0.023472
8006.5,0.062356,0.023680
8007.5,0.062715,0.023887
8008.5,0.063074,0.024092
8009.5,0.063434,0.024296
8010.5,0.063793,0.024497
8011.5,0.064152,0.024697
8012.5,0.064509,0.024893
8013.5,0.064865,0.025088
8014.5,0.065219,0.025280
8015.5,0.065570,0.025468
8016.5,0.065918,0.025654
8017.5,0.066262,0.025837
8018.5,0.066603,0.026017
8019.5,0.066939,0.026193
8020.5,0.067271,0.026366
8021.5,0.067598,0.026535
8022.5,0.067919,0.026700
8023.5,0.068233,0.026862
8024.5,0.068542,0.027020
8025.5,0.068844,0.027173
8026.5,0.069138,0.027322
8027.5,0.069425,0.027467
8028.5,0.069704,0.027608
8029.5,0.069975,0.027744
8030.5,0.070237,0.027876
8031.5,0.070490,0.028003
8032.5,0.070734,0.028125
8033.5,0.070968,0.028243
8034.5,0.071192,0.028356
8035.5,0.071405,0.028463
8036.5,0.071608,0.028566
8037.5,0.071800,0.028664
8038.5,0.071981,0.028757
8039.5,0.072150,0.028844
8040.5,0.072308,0.028926
8041.5,0.072453,0.029003
8042.5,0.072587,0.029075
8043.5,0.072707,0.029141
8044.5,0.072816,0.029202
8045.5,0.072911,0.029258
8046.5,0.072993,0.029308
8047.5,0.073062,0.029352
8048.5,0.073117,0.029391
8049.5,0.073159,0.029425
8050.5,0.073187,0.029453
8051.5,0.073201,0.029475
8052.5,0.073201,0.029492
8053.5,0.073187,0.029503
8054.5,0.073159,0.029509
8055.5,0.073117,0.029509
8056.5,0.073060,0.029503
8057.5,0.072989,0.029492
8058.5,0.072904,0.029475
8059.5,0.072804,0.029453
8060.5,0.072689,0.029425
8061.5,0.072560,0.029392
8062.5,0.072417,0.029353
8063.5,0.072259,0.029308
8064.5,0.072087,0.029258
8065.5,0.071900,0.029202
8066.5,0.071699,0.029141
8067.5,0.071484,0.029075
8068.5,0.071254,0.029003
8069.5,0.071011,0.028926
8070.5,0.070753,0.028844
8071.5,0.070482,0.028756
8072.5,0.070197,0.028663
8073.5,0.069898,0.028565
8074.5,0.069586,0.028462
8075.5,0.069260,0.028353
8076.5,0.068921,0.028240
8077.5,0.068570,0.028122
8078.5,0.068205,0.027999
8079.5,0.067828,0.027871
8080.5,0.067439,0.027738
8081.5,0.067037,0.027601
8082.5,0.066623,0.027459
8083.5,0.066198,0.027312
8084.5,0.065761,0.027161
8085.5,0.065313,0.027005
8086.5,0.064854,0.026846
8087.5,0.064384,0.026682
8088.5,0.063904,0.026513
8089.5,0.063413,0.026341
8090.5,0.062913,0.026165
8091.5,0.062403,0.025984
8092.5,0.061883,0.025800
8093.5,0.061355,0.025612
8094.5,0.060818,0.025421
8095.5,0.060272,0.025226
8096.5,0.059718,0.025027
8097.5,0.059156,0.024825
8098.5,0.058587,0.024620
8099.5,0.058011,0.024412
8100.5,0.057427,0.024201
8101.5,0.056837,0.023986
8102.5,0.056241,0.023769
8103.5,0.055639,0.023549
8104.5,0.055032,0.023326
8105.5,0.054419,0.023101
8106.5,0.053801,0.022874
8107.5,0.053179,0.022644
8108.5,0.052553,0.022411
8109.5,0.051922,0.022177
8110.5,0.051288,0.021941
8111.5,0.050651,0.021702
8112.5,0.050011,0.021462
8113.5,0.049368,0.021221
8114.5,0.048724,0.020977
8115.5,0.048077,0.020732
8116.5,0.047428,0.020486
8117.5,0.046779,0.020239
8118.5,0.046128,0.019990
8119.5,0.045477,0.019740
8120.5,0.044826,0.019490
8121.5,0.044174,0.019238
8122.5,0.043523,0.018986
8123.5,0.042873,0.018733
8124.5,0.042223,0.018480
8125.5,0.041575,0.018226
8126.5,0.040929,0.017972
8127.5,0.040284,0.017718
8128.5,0.039642,0.017463
8129.5,0.039001,0.017209
8130.5,0.038364,0.016955
8131.5,0.037730,0.016701
8132.5,0.037099,0.016447
8133.5,0.036471,0.016194
8134.5,0.035847,0.015941
8135.5,0.035227,0.015688
8136.5,0.034612,0.015437
8137.5,0.034001,0.015186
8138.5,0.033395,0.014936
8139.5,0.032794,0.014687
8140.5,0.032198,0.014439
8141.5,0.031608,0.014192
8142.5,0.031023,0.013946
8143.5,0.030445,0.013702
8144.5,0.029873,0.013459
8145.5,0.029306,0.013217
8146.5,0.028747,0.012977
8147.5,0.028194,0.012739
8148.5,0.027649,0.012502
8149.5,0.027110,0.012267
8150.5,0.026579,0.012034
8151.5,0.026055,0.011802
8152.5,0.025539,0.011573
8153.5,0.025030,0.011346
8154.5,0.024530,0.011120
8155.5,0.024038,0.010897
8156.5,0.023554,0.010676
8157.5,0.023078,0.010458
8158.5,0.022611,0.010241
8159.5,0.022153,0.010028
8160.5,0.021703,0.009816
8161.5,0.021263,0.009607
8162.5,0.020832,0.009401
8163.5,0.020409,0.009197
8164.5,0.019996,0.008996
8165.5,0.019593,0.008798
8166.5,0.019199,0.008603
8167.5,0.018814,0.008410
8168.5,0.018440,0.008221
8169.5,0.018075,0.008034
8170.5,0.017720,0.007851
8171.5,0.017375,0.007670
8172.5,0.017040,0.007493
8173.5,0.016715,0.007319
8174.5,0.016400,0.007148
8175.5,0.016096,0.006981
8176.5,0.015802,0.006817
8177.5,0.015518,0.006657
8178.5,0.015245,0.006501
8179.5,0.014982,0.006348
8180.5,0.014730,0.006199
8181.5,0.014489,0.006054
8182.5,0.014258,0.005913
8183.5,0.014038,0.005776
8184.5,0.013829,0.005644
8185.5,0.013631,0.005516
8186.5,0.013444,0.005393
8187.5,0.013267,0.005275
8188.5,0.013102,0.005161
8189.5,0.012948,0.005053
8190.5,0.012804,0.004950
8191.5,0.012672,0.004852
8192.5,0.012551,0.004760
8193.5,0.012441,0.004674
8194.5,0.012343,0.004594
8195.5,0.012256,0.004521
8196.5,0.012180,0.004454
8197.5,0.012115,0.004393
8198.5,0.012062,0.004340
8199.5,0.012020,0.004294
8200.5,0.011990,0.004255
8201.5,0.011971,0.004223
8202.5,0.011963,0.004199
8203.5,0.011967,0.004182
8204.5,0.011983,0.004173
8205.5,0.012010,0.004172
8206.5,0.012049,0.004179
8207.5,0.012100,0.004193
8208.5,0.012162,0.004216
8209.5,0.012236,0.004245
8210.5,0.012322,0.004283
8211.5,0.012419,0.004328
8212.5,0.012528,0.004380
8213.5,0.012649,0.004439
8214.5,0.012782,0.004505
8215.5,0.012927,0.004578
8216.5,0.013084,0.004657
8217.5,0.013253,0.004743
8218.5,0.013433,0.004835
8219.5,0.013626,0.004933
8220.5,0.013830,0.005037
8221.5,0.014047,0.005147
8222.5,0.014276,0.005261
8223.5,0.014516,0.005382
8224.5,0.014769,0.005507
8225.5,0.015034,0.005637
8226.5,0.015311,0.005772
8227.5,0.015600,0.005912
8228.5,0.015902,0.006056
8229.5,0.016215,0.006204
8230.5,0.016541,0.006357
8231.5,0.016879,0.006514
8232.5,0.017229,0.006675
8233.5,0.017591,0.006840
8234.5,0.017966,0.007009
8235.5,0.018353,0.007182
8236.5,0.018752,0.007358
8237.5,0.019163,0.007538
8238.5,0.019587,0.007722
8239.5,0.020023,0.007909
8240.5,0.020471,0.008100
8241.5,0.020931,0.008294
8242.5,0.021403,0.008491
8243.5,0.021888,0.008692
8244.5,0.022385,0.008895
8245.5,0.022894,0.009102
8246.5,0.023415,0.009312
8247.5,0.023948,0.009525
8248.5,0.024494,0.009741
8249.5,0.025051,0.009960
8250.5,0.025621,0.010182
8251.5,0.026202,0.010406
8252.5,0.026796,0.010634
8253.5,0.027401,0.010864
8254.5,0.028018,0.011096
8255.5,0.028647,0.011331
8256.5,0.029288,0.011569
8257.5,0.029940,0.011809
8258.5,0.030605,0.012052
8259.5,0.031280,0.012297
8260.5,0.031968,0.012544
8261.5,0.032666,0.012794
8262.5,0.033376,0.013045
8263.5,0.034097,0.013299
8264.5,0.034830,0.013554
8265.5,0.035573,0.013812
8266.5,0.036328,0.014071
8267.5,0.037093,0.014332
8268.5,0.037869,0.014595
8269.5,0.038656,0.014860
8270.5,0.039453,0.015126
8271.5,0.040261,0.015394
8272.5,0.041079,0.015663
8273.5,0.041907,0.015933
8274.5,0.042745,0.016204
8275.5,0.043594,0.016477
8276.5,0.044451,0.016751
8277.5,0.045319,0.017025
8278.5,0.046196,0.017301
8279.5,0.047082,0.017577
8280.5,0.047978,0.017854
8281.5,0.048882,0.018132
8282.5,0.049795,0.018410
8283.5,0.050717,0.018689
8284.5,0.051647,0.018968
8285.5,0.052586,0.019248
8286.5,0.053533,0.019527
8287.5,0.054487,0.019807
8288.5,0.055450,0.020086
8289.5,0.056420,0.020366
8290.5,0.057397,0.020646
8291.5,0.058381,0.020925
8292.5,0.059372,0.021204
8293.5,0.060370,0.021482
8294.5,0.061374,0.021760
8295.5,0.062385,0.022037
8296.5,0.063401,0.022314
8297.5,0.064423,0.022590
8298.5,0.065451,0.022865
8299.5,0.066485,0.023139
8300.5,0.067523,0.023412
8301.5,0.068566,0.023684
8302.5,0.069614,0.023954
8303.5,0.070666,0.024224
8304.5,0.071723,0.024492
8305.5,0.072783,0.024759
8306.5,0.073847,0.025024
8307.5,0.074915,0.025288
8308.5,0.075985,0.025551
8309.5,0.077059,0.025811
8310.5,0.078135,0.026070
8311.5,0.079213,0.026328
8312.5,0.080294,0.026583
8313.5,0.081376,0.026837
8314.5,0.082461,0.027088
8315.5,0.083546,0.027338
8316.5,0.084633,0.027585
8317.5,0.085720,0.027831
8318.5,0.086809,0.028075
8319.5,0.087897,0.028316
8320.5,0.088986,0.028555
8321.5,0.090074,0.028792
8322.5,0.091162,0.029027
8323.5,0.092250,0.029259
8324.5,0.093336,0.029490
8325.5,0.094421,0.029718
8326.5,0.095505,0.029944
8327.5,0.096587,0.030167
8328.5,0.097667,0.030388
8329.5,0.098745,0.030607
8330.5,0.099821,0.030823
8331.5,0.100894,0.031037
8332.5,0.101964,0.031249
8333.5,0.103030,0.031459
8334.5,0.104094,0.031666
8335.5,0.105153,0.031871
8336.5,0.106209,0.032073
8337.5,0.107261,0.032274
8338.5,0.108308,0.032472
8339.5,0.109351,0.032667
8340.5,0.110389,0.032861
8341.5,0.111422,0.033052
8342.5,0.112450,0.033242
8343.5,0.113472,0.033429
8344.5,0.114489,0.033614
8345.5,0.115500,0.033797
8346.5,0.116505,0.033978
8347.5,0.117503,0.034156
8348.5,0.118495,0.034333
8349.5,0.119481,0.034508
8350.5,0.120459,0.034682
8351.5,0.121431,0.034853
8352.5,0.122395,0.035022
8353.5,0.123352,0.035190
8354.5,0.124301,0.035356
8355.5,0.125243,0.035520
8356.5,0.126176,0.035683
8357.5,0.127102,0.035844
8358.5,0.128019,0.036003
8359.5,0.128928,0.036161
8360.5,0.129829,0.036318
8361.5,0.130720,0.036473
8362.5,0.131603,0.036627
8363.5,0.132477,0.036779
8364.5,0.133342,0.036930
8365.5,0.134198,0.037079
8366.5,0.135044,0.037228
8367.5,0.135881,0.037375
8368.5,0.136708,0.037521
8369.5,0.137526,0.037665
8370.5,0.138334,0.037809
8371.5,0.139132,0.037951
8372.5,0.139920,0.038093
8373.5,0.140698,0.038233
8374.5,0.141466,0.038372
8375.5,0.142223,0.038510
8376.5,0.142970,0.038647
8377.5,0.143707,0.038783
8378.5,0.144434,0.038918
8379.5,0.145150,0.039051
8380.5,0.145855,0.039184
8381.5,0.146550,0.039316
8382.5,0.147234,0.039446
8383.5,0.147908,0.039575
8384.5,0.148571,0.039704
8385.5,0.149223,0.039831
8386.5,0.149864,0.039957
8387.5,0.150495,0.040081
8388.5,0.151114,0.040205
8389.5,0.151723,0.040327
8390.5,0.152322,0.040448
8391.5,0.152909,0.040568
8392.5,0.153485,0.040686
8393.5,0.154051,0.040802
8394.5,0.154606,0.040918
8395.5,0.155150,0.041031
8396.5,0.155684,0.041144
8397.5,0.156206,0.041254
8398.5,0.156719,0.041363
8399.5,0.157220,0.041470
8400.5,0.157711,0.041575
8401.5,0.158191,0.041679
8402.5,0.158661,0.041780
8403.5,0.159121,0.041880
8404.5,0.159570,0.041977
8405.5,0.160009,0.042072
8406.5,0.160438,0.042165
8407.5,0.160856,0.042256
8408.5,0.161265,0.042344
8409.5,0.161664,0.042430
8410.5,0.162053,0.042514
8411.5,0.162432,0.042595
8412.5,0.162801,0.042673
8413.5,0.163161,0.042749
8414.5,0.163512,0.042822
8415.5,0.163853,0.042892
8416.5,0.164185,0.042959
8417.5,0.164508,0.043023
8418.5,0.164822,0.043084
8419.5,0.165128,0.043143
8420.5,0.165424,0.043198
8421.5,0.165712,0.043250
8422.5,0.165992,0.043299
8423.5,0.166264,0.043344
8424.5,0.166527,0.043386
8425.5,0.166783,0.043425
8426.5,0.167031,0.043461
8427.5,0.167271,0.043493
8428.5,0.167504,0.043522
8429.5,0.167730,0.043547
8430.5,0.167949,0.043569
8431.5,0.168160,0.043588
8432.5,0.168365,0.043603
8433.5,0.168564,0.043614
8434.5,0.168756,0.043623
8435.5,0.168941,0.043627
8436.5,0.169121,0.043628
8437.5,0.169295,0.043626
8438.5,0.169463,0.043621
8439.5,0.169626,0.043612
8440.5,0.169784,0.043599
8441.5,0.169936,0.043584
8442.5,0.170084,0.043565
8443.5,0.170227,0.043543
8444.5,0.170365,0.043518
8445.5,0.170499,0.043489
8446.5,0.170629,0.043458
8447.5,0.170755,0.043424
8448.5,0.170877,0.043387
8449.5,0.170996,0.043347
8450.5,0.171111,0.043305
8451.5,0.171223,0.043260
8452.5,0.171332,0.043212
8453.5,0.171438,0.043162
8454.5,0.171541,0.043110
8455.5,0.171642,0.043056
8456.5,0.171741,0.042999
8457.5,0.171837,0.042941
8458.5,0.171931,0.042881
8459.5,0.172024,0.042819
8460.5,0.172115,0.042756
8461.5,0.172204,0.042691
8462.5,0.172292,0.042626
8463.5,0.172379,0.042559
8464.5,0.172464,0.042491
8465.5,0.172549,0.042422
8466.5,0.172633,0.042353
8467.5,0.172716,0.042283
8468.5,0.172798,0.042213
8469.5,0.172880,0.042142
8470.5,0.172962,0.042072
8471.5,0.173044,0.042001
8472.5,0.173125,0.041931
8473.5,0.173206,0.041861
8474.5,0.173288,0.041792
8475.5,0.173369,0.041724
8476.5,0.173451,0.041656
8477.5,0.173533,0.041589
8478.5,0.173615,0.041524
8479.5,0.173697,0.041459
8480.5,0.173780,0.041396
8481.5,0.173864,0.041335
8482.5,0.173948,0.041275
8483.5,0.174032,0.041217
8484.5,0.174117,0.041160
8485.5,0.174202,0.041106
8486.5,0.174288,0.041054
8487.5,0.174375,0.041004
8488.5,0.174462,0.040956
8489.5,0.174549,0.040911
8490.5,0.174637,0.040867
8491.5,0.174725,0.040827
8492.5,0.174814,0.040789
8493.5,0.174903,0.040753
8494.5,0.174992,0.040720
8495.5,0.175081,0.040690
8496.5,0.175170,0.040663
8497.5,0.175260,0.040638
8498.5,0.175349,0.040616
8499.5,0.175438,0.040596
8500.5,0.175527,0.040580
8501.5,0.175615,0.040566
8502.5,0.175703,0.040555
8503.5,0.175790,0.040546
8504.5,0.175876,0.040540
8505.5,0.175961,0.040537
8506.5,0.176045,0.040536
8507.5,0.176128,0.040538
8508.5,0.176210,0.040542
8509.5,0.176290,0.040548
8510.5,0.176368,0.040557
8511.5,0.176445,0.040568
8512.5,0.176519,0.040582
8513.5,0.176591,0.040597
8514.5,0.176660,0.040614
8515.5,0.176727,0.040633
8516.5,0.176791,0.040654
8517.5,0.176851,0.040676
8518.5,0.176909,0.040700
8519.5,0.176963,0.040725
8520.5,0.177013,0.040752
8521.5,0.177059,0.040780
8522.5,0.177101,0.040808
8523.5,0.177139,0.040838
8524.5,0.177172,0.040869
8525.5,0.177201,0.040900
8526.5,0.177224,0.040932
8527.5,0.177242,0.040964
8528.5,0.177255,0.040996
8529.5,0.177262,0.041029
8530.5,0.177263,0.041061
8531.5,0.177258,0.041094
8532.5,0.177246,0.041126
8533.5,0.177228,0.041158
8534.5,0.177203,0.041189
8535.5,0.177171,0.041220
8536.5,0.177132,0.041250
8537.5,0.177085,0.041279
8538.5,0.177031,0.041307
8539.5,0.176969,0.041334
8540.5,0.176898,0.041360
8541.5,0.176820,0.041385
8542.5,0.176733,0.041408
8543.5,0.176638,0.041429
8544.5,0.176533,0.041449
8545.5,0.176420,0.041468
8546.5,0.176298,0.041484
8547.5,0.176166,0.041498
8548.5,0.176025,0.041511
8549.5,0.175874,0.041521
8550.5,0.175713,0.041529
8551.5,0.175543,0.041535
8552.5,0.175362,0.041539
8553.5,0.175172,0.041540
8554.5,0.174971,0.041538
8555.5,0.174760,0.041534
8556.5,0.174538,0.041528
8557.5,0.174306,0.041518
8558.5,0.174064,0.041506
8559.5,0.173810,0.041491
8560.5,0.173546,0.041473
8561.5,0.173272,0.041452
8562.5,0.172986,0.041429
8563.5,0.172690,0.041402
8564.5,0.172382,0.041372
8565.5,0.172064,0.041339
8566.5,0.171736,0.041303
8567.5,0.171396,0.041264
8568.5,0.171045,0.041221
8569.5,0.170684,0.041176
8570.5,0.170312,0.041127
8571.5,0.169930,0.041075
8572.5,0.169537,0.041019
8573.5,0.169133,0.040960
8574.5,0.168719,0.040898
8575.5,0.168295,0.040833
8576.5,0.167860,0.040764
8577.5,0.167416,0.040692
8578.5,0.166961,0.040617
8579.5,0.166497,0.040539
8580.5,0.166023,0.040457
8581.5,0.165540,0.040371
8582.5,0.165047,0.040283
8583.5,0.164546,0.040191
8584.5,0.164035,0.040096
8585.5,0.163516,0.039998
8586.5,0.162988,0.039896
8587.5,0.162452,0.039792
8588.5,0.161908,0.039684
8589.5,0.161356,0.039573
8590.5,0.160797,0.039459
8591.5,0.160231,0.039342
8592.5,0.159657,0.039222
8593.5,0.159077,0.039099
8594.5,0.158491,0.038973
8595.5,0.157898,0.038845
8596.5,0.157300,0.038713
8597.5,0.156696,0.038579
8598.5,0.156087,0.038442
8599.5,0.155473,0.038303
8600.5,0.154855,0.038161
8601.5,0.154233,0.038016
8602.5,0.153607,0.037870
8603.5,0.152977,0.037720
8604.5,0.152345,0.037569
8605.5,0.151710,0.037416
8606.5,0.151072,0.037260
8607.5,0.150432,0.037103
8608.5,0.149791,0.036943
8609.5,0.149149,0.036782
8610.5,0.148506,0.036620
8611.5,0.147862,0.036455
8612.5,0.147219,0.036290
8613.5,0.146576,0.036123
8614.5,0.145933,0.035955
8615.5,0.145292,0.035786
8616.5,0.144652,0.035615
8617.5,0.144014,0.035445
8618.5,0.143379,0.035273
8619.5,0.142746,0.035101
8620.5,0.142117,0.034928
8621.5,0.141491,0.034756
8622.5,0.140869,0.034583
8623.5,0.140251,0.034410
8624.5,0.139638,0.034238
8625.5,0.139030,0.034065
8626.5,0.138427,0.033894
8627.5,0.137830,0.033723
8628.5,0.137240,0.033553
8629.5,0.136656,0.033384
8630.5,0.136079,0.033216
8631.5,0.135509,0.033049
8632.5,0.134948,0.032884
8633.5,0.134394,0.032721
8634.5,0.133848,0.032560
8635.5,0.133311,0.032400
8636.5,0.132784,0.032243
8637.5,0.132265,0.032088
8638.5,0.131756,0.031936
8639.5,0.131258,0.031787
8640.5,0.130769,0.031641
8641.5,0.130291,0.031497
8642.5,0.129824,0.031357
8643.5,0.129368,0.031221
8644.5,0.128924,0.031088
8645.5,0.128491,0.030959
8646.5,0.128070,0.030833
8647.5,0.127661,0.030712
8648.5,0.127265,0.030595
8649.5,0.126881,0.030483
8650.5,0.126510,0.030375
8651.5,0.126151,0.030272
8652.5,0.125806,0.030174
8653.5,0.125474,0.030080
8654.5,0.125156,0.029992
8655.5,0.124851,0.029909
8656.5,0.124560,0.029831
8657.5,0.124282,0.029759
8658.5,0.124019,0.029692
8659.5,0.123769,0.029630
8660.5,0.123534,0.029575
8661.5,0.123313,0.029524
8662.5,0.123106,0.029480
8663.5,0.122913,0.029442
8664.5,0.122735,0.029409
8665.5,0.122571,0.029383
8666.5,0.122421,0.029362
8667.5,0.122285,0.029347
8668.5,0.122164,0.029338
8669.5,0.122057,0.029335
8670.5,0.121964,0.029337
8671.5,0.121885,0.029346
8672.5,0.121820,0.029360
8673.5,0.121769,0.029380
8674.5,0.121732,0.029406
8675.5,0.121709,0.029437
8676.5,0.121699,0.029473
8677.5,0.121703,0.029516
8678.5,0.121720,0.029563
8679.5,0.121750,0.029616
8680.5,0.121793,0.029674
8681.5,0.121849,0.029736
8682.5,0.121917,0.029804
8683.5,0.121998,0.029876
8684.5,0.122091,0.029953
8685.5,0.122195,0.030035
8686.5,0.122312,0.030120
8687.5,0.122439,0.030210
8688.5,0.122578,0.030304
8689.5,0.122728,0.030402
8690.5,0.122888,0.030503
8691.5,0.123059,0.030608
8692.5,0.123239,0.030716
8693.5,0.123429,0.030828
8694.5,0.123628,0.030942
8695.5,0.123837,0.031059
8696.5,0.124054,0.031179
8697.5,0.124279,0.031301
8698.5,0.124512,0.031426
8699.5,0.124753,0.031552
8700.5,0.125001,0.031681
8701.5,0.125256,0.031812
8702.5,0.125517,0.031944
8703.5,0.125784,0.032077
8704.5,0.126057,0.032212
8705.5,0.126336,0.032348
8706.5,0.126619,0.032484
8707.5,0.126907,0.032622
8708.5,0.127198,0.032760
8709.5,0.127494,0.032899
8710.5,0.127792,0.033038
8711.5,0.128094,0.033177
8712.5,0.128397,0.033316
8713.5,0.128703,0.033454
8714.5,0.129011,0.033593
8715.5,0.129319,0.033731
8716.5,0.129628,0.033869
8717.5,0.129938,0.034005
8718.5,0.130247,0.034141
8719.5,0.130556,0.034276
8720.5,0.130864,0.034410
8721.5,0.131170,0.034542
8722.5,0.131475,0.034673
8723.5,0.131777,0.034803
8724.5,0.132077,0.034931
8725.5,0.132374,0.035057
8726.5,0.132667,0.035182
8727.5,0.132957,0.035304
8728.5,0.133242,0.035425
8729.5,0.133522,0.035543
8730.5,0.133798,0.035659
8731.5,0.134068,0.035773
8732.5,0.134333,0.035884
8733.5,0.134591,0.035992
8734.5,0.134843,0.036099
8735.5,0.135087,0.036202
8736.5,0.135325,0.036302
8737.5,0.135555,0.036400
8738.5,0.135777,0.036495
8739.5,0.135991,0.036587
8740.5,0.136197,0.036675
8741.5,0.136393,0.036761
8742.5,0.136581,0.036843
8743.5,0.136759,0.036922
8744.5,0.136927,0.036998
8745.5,0.137085,0.037070
8746.5,0.137233,0.037139
8747.5,0.137371,0.037204
8748.5,0.137498,0.037265
8749.5,0.137614,0.037323
8750.5,0.137718,0.037378
8751.5,0.137812,0.037428
8752.5,0.137893,0.037475
8753.5,0.137963,0.037518
8754.5,0.138021,0.037557
8755.5,0.138067,0.037593
8756.5,0.138101,0.037624
8757.5,0.138122,0.037652
8758.5,0.138131,0.037675
8759.5,0.138127,0.037695
8760.5,0.138110,0.037710
8761.5,0.138080,0.037722
8762.5,0.138038,0.037729
8763.5,0.137982,0.037732
8764.5,0.137914,0.037731
8765.5,0.137832,0.037726
8766.5,0.137738,0.037717
8767.5,0.137630,0.037704
8768.5,0.137509,0.037687
8769.5,0.137375,0.037665
8770.5,0.137228,0.037640
8771.5,0.137068,0.037610
8772.5,0.136895,0.037576
8773.5,0.136709,0.037538
8774.5,0.136510,0.037496
8775.5,0.136298,0.037450
8776.5,0.136074,0.037399
8777.5,0.135837,0.037345
8778.5,0.135587,0.037286
8779.5,0.135326,0.037224
8780.5,0.135052,0.037157
8781.5,0.134766,0.037087
8782.5,0.134468,0.037012
8783.5,0.134158,0.036934
8784.5,0.133837,0.036852
8785.5,0.133504,0.036765
8786.5,0.133160,0.036675
8787.5,0.132806,0.036582
8788.5,0.132441,0.036484
8789.5,0.132065,0.036383
8790.5,0.131679,0.036278
8791.5,0.131283,0.036170
8792.5,0.130877,0.036058
8793.5,0.130462,0.035943
8794.5,0.130038,0.035824
8795.5,0.129605,0.035703
8796.5,0.129163,0.035577
8797.5,0.128713,0.035449
8798.5,0.128255,0.035318
8799.5,0.127789,0.035184
8800.5,0.127316,0.035046
8801.5,0.126836,0.034906
8802.5,0.126349,0.034764
8803.5,0.125856,0.034618
8804.5,0.125357,0.034471
8805.5,0.124852,0.034320
8806.5,0.124342,0.034168
8807.5,0.123827,0.034013
8808.5,0.123307,0.033856
8809.5,0.122783,0.033697
8810.5,0.122255,0.033537
8811.5,0.121724,0.033374
8812.5,0.121189,0.033210
8813.5,0.120652,0.033045
8814.5,0.120112,0.032878
8815.5,0.119570,0.032710
8816.5,0.119026,0.032540
8817.5,0.118481,0.032370
8818.5,0.117935,0.032199
8819.5,0.117389,0.032028
8820.5,0.116842,0.031856
8821.5,0.116295,0.031683
8822.5,0.115749,0.031511
8823.5,0.115204,0.031338
8824.5,0.114660,0.031165
8825.5,0.114117,0.030993
8826.5,0.113577,0.030821
8827.5,0.113039,0.030650
8828.5,0.112503,0.030479
8829.5,0.111971,0.030309
8830.5,0.111442,0.030141
8831.5,0.110916,0.029974
8832.5,0.110395,0.029808
8833.5,0.109877,0.029643
8834.5,0.109365,0.029481
8835.5,0.108857,0.029320
8836.5,0.108355,0.029161
8837.5,0.107858,0.029005
8838.5,0.107367,0.028851
8839.5,0.106883,0.028700
8840.5,0.106404,0.028551
8841.5,0.105933,0.028405
8842.5,0.105468,0.028263
8843.5,0.105011,0.028123
8844.5,0.104561,0.027987
8845.5,0.104119,0.027854
8846.5,0.103685,0.027725
8847.5,0.103259,0.027600
8848.5,0.102841,0.027479
8849.5,0.102432,0.027362
8850.5,0.102032,0.027249
8851.5,0.101641,0.027140
8852.5,0.101259,0.027035
8853.5,0.100886,0.026935
8854.5,0.100523,0.026840
8855.5,0.100170,0.026749
8856.5,0.099826,0.026663
8857.5,0.099492,0.026582
8858.5,0.099169,0.026506
8859.5,0.098856,0.026435
8860.5,0.098553,0.026369
8861.5,0.098260,0.026308
8862.5,0.097978,0.026251
8863.5,0.097707,0.026201
8864.5,0.097446,0.026155
8865.5,0.097196,0.026114
8866.5,0.096956,0.026078
8867.5,0.096728,0.026048
8868.5,0.096510,0.026023
8869.5,0.096303,0.026002
8870.5,0.096107,0.025987
8871.5,0.095922,0.025977
8872.5,0.095747,0.025971
8873.5,0.095584,0.025970
8874.5,0.095431,0.025975
8875.5,0.095289,0.025983
8876.5,0.095158,0.025997
8877.5,0.095037,0.026015
8878.5,0.094928,0.026037
8879.5,0.094828,0.026064
8880.5,0.094740,0.026095
8881.5,0.094661,0.026129
8882.5,0.094593,0.026168
8883.5,0.094535,0.026211
8884.5,0.094488,0.026257
8885.5,0.094450,0.026307
8886.5,0.094422,0.026360
8887.5,0.094404,0.026416
8888.5,0.094396,0.026476
8889.5,0.094397,0.026538
8890.5,0.094407,0.026603
8891.5,0.094427,0.026671
8892.5,0.094456,0.026741
8893.5,0.094494,0.026814
8894.5,0.094540,0.026889
8895.5,0.094595,0.026965
8896.5,0.094658,0.027044
8897.5,0.094730,0.027125
8898.5,0.094810,0.027207
8899.5,0.094897,0.027290
8900.5,0.094992,0.027375
8901.5,0.095095,0.027460
8902.5,0.095205,0.027547
8903.5,0.095322,0.027635
8904.5,0.095446,0.027723
8905.5,0.095576,0.027812
8906.5,0.095713,0.027901
8907.5,0.095856,0.027990
8908.5,0.096006,0.028080
8909.5,0.096161,0.028170
8910.5,0.096322,0.028260
8911.5,0.096488,0.028349
8912.5,0.096659,0.028438
8913.5,0.096835,0.028527
8914.5,0.097016,0.028616
8915.5,0.097202,0.028703
8916.5,0.097392,0.028790
8917.5,0.097586,0.028877
8918.5,0.097784,0.028962
8919.5,0.097986,0.029047
8920.5,0.098191,0.029130
8921.5,0.098400,0.029212
8922.5,0.098611,0.029294
8923.5,0.098825,0.029374
8924.5,0.099043,0.029452
8925.5,0.099262,0.029530
8926.5,0.099484,0.029605
8927.5,0.099707,0.029680
8928.5,0.099933,0.029753
8929.5,0.100160,0.029824
8930.5,0.100389,0.029894
8931.5,0.100618,0.029963
8932.5,0.100849,0.030029
8933.5,0.101081,0.030094
8934.5,0.101313,0.030158
8935.5,0.101546,0.030220
8936.5,0.101779,0.030280
8937.5,0.102013,0.030338
8938.5,0.102246,0.030395
8939.5,0.102479,0.030450
8940.5,0.102711,0.030503
8941.5,0.102944,0.030554
8942.5,0.103175,0.030604
8943.5,0.103405,0.030652
8944.5,0.103635,0.030699
8945.5,0.103863,0.030744
8946.5,0.104090,0.030787
8947.5,0.104315,0.030829
8948.5,0.104539,0.030869
8949.5,0.104761,0.030907
8950.5,0.104981,0.030944
8951.5,0.105199,0.030980
8952.5,0.105415,0.031014
8953.5,0.105628,0.031047
8954.5,0.105839,0.031078
8955.5,0.106048,0.031108
8956.5,0.106254,0.031136
8957.5,0.106457,0.031164
8958.5,0.106657,0.031190
8959.5,0.106854,0.031215
8960.5,0.107048,0.031238
8961.5,0.107239,0.031261
8962.5,0.107426,0.031282
8963.5,0.107610,0.031303
8964.5,0.107791,0.031322
8965.5,0.107968,0.031341
8966.5,0.108141,0.031359
8967.5,0.108310,0.031376
8968.5,0.108476,0.031392
8969.5,0.108637,0.031407
8970.5,0.108795,0.031422
8971.5,0.108948,0.031436
8972.5,0.109097,0.031449
8973.5,0.109242,0.031462
8974.5,0.109382,0.031474
8975.5,0.109518,0.031486
8976.5,0.109649,0.031497
8977.5,0.109776,0.031508
8978.5,0.109898,0.031519
8979.5,0.110016,0.031529
8980.5,0.110128,0.031539
8981.5,0.110236,0.031549
8982.5,0.110339,0.031558
8983.5,0.110437,0.031567
8984.5,0.110529,0.031576
8985.5,0.110617,0.031585
8986.5,0.110699,0.031594
8987.5,0.110776,0.031602
8988.5,0.110848,0.031611
8989.5,0.110915,0.031619
8990.5,0.110976,0.031628
8991.5,0.111032,0.031636
8992.5,0.111082,0.031645
8993.5,0.111126,0.031653
8994.5,0.111165,0.031661
8995.5,0.111198,0.031670
8996.5,0.111226,0.031678
8997.5,0.111247,0.031686
8998.5,0.111263,0.031695
8999.5,0.111273,0.031703
9000.5,0.111277,0.031711
9001.5,0.111275,0.031720
9002.5,0.111267,0.031728
9003.5,0.111253,0.031736
9004.5,0.111232,0.031745
9005.5,0.111206,0.031753
9006.5,0.111173,0.031761
9007.5,0.111134,0.031769
9008.5,0.111089,0.031776
9009.5,0.111037,0.031784
9010.5,0.110979,0.031792
9011.5,0.110914,0.031799
9012.5,0.110843,0.031806
9013.5,0.110765,0.031812
9014.5,0.110681,0.031819
9015.5,0.110590,0.031825
9016.5,0.110493,0.031830
9017.5,0.110389,0.031835
9018.5,0.110278,0.031840
9019.5,0.110160,0.031844
9020.5,0.110035,0.031847
9021.5,0.109904,0.031850
9022.5,0.109766,0.031852
9023.5,0.109621,0.031854
9024.5,0.109469,0.031854
9025.5,0.109310,0.031854
9026.5,0.109144,0.031853
9027.5,0.108972,0.031850
9028.5,0.108792,0.031847
9029.5,0.108605,0.031843
9030.5,0.108412,0.031838
9031.5,0.108211,0.031831
9032.5,0.108003,0.031823
9033.5,0.107788,0.031814
9034.5,0.107566,0.031804
9035.5,0.107338,0.031792
9036.5,0.107102,0.031779
9037.5,0.106859,0.031764
9038.5,0.106609,0.031747
9039.5,0.106352,0.031729
9040.5,0.106088,0.031709
9041.5,0.105818,0.031687
9042.5,0.105540,0.031664
9043.5,0.105255,0.031638
9044.5,0.104964,0.031611
9045.5,0.104666,0.031582
9046.5,0.104361,0.031550
9047.5,0.104049,0.031517
9048.5,0.103730,0.031481
9049.5,0.103405,0.031443
9050.5,0.103074,0.031403
9051.5,0.102735,0.031361
9052.5,0.102391,0.031316
9053.5,0.102040,0.031269
9054.5,0.101682,0.031219
9055.5,0.101319,0.031167
9056.5,0.100949,0.031112
9057.5,0.100573,0.031055
9058.5,0.100192,0.030995
9059.5,0.099804,0.030933
9060.5,0.099411,0.030868
9061.5,0.099012,0.030801
9062.5,0.098607,0.030730
9063.5,0.098197,0.030657
9064.5,0.097781,0.030582
9065.5,0.097361,0.030503
9066.5,0.096935,0.030422
9067.5,0.096505,0.030338
9068.5,0.096069,0.030251
9069.5,0.095629,0.030162
9070.5,0.095184,0.030070
9071.5,0.094736,0.029975
9072.5,0.094282,0.029877
9073.5,0.093825,0.029776
9074.5,0.093364,0.029673
9075.5,0.092899,0.029567
9076.5,0.092431,0.029459
9077.5,0.091959,0.029348
9078.5,0.091484,0.029234
9079.5,0.091006,0.029117
9080.5,0.090525,0.028998
9081.5,0.090042,0.028876
9082.5,0.089556,0.028752
9083.5,0.089068,0.028626
9084.5,0.088577,0.028497
9085.5,0.088085,0.028366
9086.5,0.087591,0.028232
9087.5,0.087096,0.028096
9088.5,0.086600,0.027958
9089.5,0.086102,0.027818
9090.5,0.085604,0.027676
9091.5,0.085105,0.027532
9092.5,0.084605,0.027386
9093.5,0.084106,0.027239
9094.5,0.083606,0.027089
9095.5,0.083107,0.026938
9096.5,0.082608,0.026786
9097.5,0.082110,0.026632
9098.5,0.081613,0.026477
9099.5,0.081117,0.026320
9100.5,0.080622,0.026163
9101.5,0.080129,0.026004
9102.5,0.079638,0.025845
9103.5,0.079149,0.025685
9104.5,0.078662,0.025524
9105.5,0.078177,0.025363
9106.5,0.077695,0.025201
9107.5,0.077216,0.025039
9108.5,0.076740,0.024877
9109.5,0.076268,0.024715
9110.5,0.075799,0.024553
9111.5,0.075333,0.024392
9112.5,0.074872,0.024231
9113.5,0.074415,0.024070
9114.5,0.073962,0.023911
9115.5,0.073514,0.023752
9116.5,0.073070,0.023594
9117.5,0.072632,0.023438
9118.5,0.072198,0.023283
9119.5,0.071770,0.023129
9120.5,0.071347,0.022977
9121.5,0.070930,0.022827
9122.5,0.070519,0.022679
9123.5,0.070114,0.022533
9124.5,0.069715,0.022390
9125.5,0.069322,0.022249
9126.5,0.068935,0.022111
9127.5,0.068556,0.021975
9128.5,0.068183,0.021843
9129.5,0.067817,0.021713
9130.5,0.067457,0.021587
9131.5,0.067105,0.021465
9132.5,0.066761,0.021346
9133.5,0.066423,0.021230
9134.5,0.066093,0.021119
9135.5,0.065771,0.021011
9136.5,0.065456,0.020908
9137.5,0.065149,0.020809
9138.5,0.064849,0.020714
9139.5,0.064558,0.020624
9140.5,0.064274,0.020538
9141.5,0.063999,0.020457
9142.5,0.063731,0.020381
9143.5,0.063472,0.020309
9144.5,0.063220,0.020243
9145.5,0.062977,0.020181
9146.5,0.062742,0.020125
9147.5,0.062515,0.020074
9148.5,0.062296,0.020027
9149.5,0.062085,0.019986
9150.5,0.061883,0.019951
9151.5,0.061689,0.019920
9152.5,0.061502,0.019894
9153.5,0.061324,0.019874
9154.5,0.061154,0.019859
9155.5,0.060992,0.019849
9156.5,0.060838,0.019844
9157.5,0.060692,0.019844
9158.5,0.060553,0.019849
9159.5,0.060422,0.019859
9160.5,0.060299,0.019873
9161.5,0.060184,0.019893
9162.5,0.060076,0.019917
9163.5,0.059975,0.019945
9164.5,0.059882,0.019978
9165.5,0.059796,0.020016
9166.5,0.059717,0.020057
9167.5,0.059645,0.020103
9168.5,0.059579,0.020152
9169.5,0.059520,0.020206
9170.5,0.059468,0.020263
9171.5,0.059423,0.020323
9172.5,0.059383,0.020387
9173.5,0.059349,0.020454
9174.5,0.059322,0.020524
9175.5,0.059300,0.020597
9176.5,0.059284,0.020673
9177.5,0.059273,0.020751
9178.5,0.059267,0.020831
9179.5,0.059267,0.020914
9180.5,0.059271,0.020999
9181.5,0.059280,0.021086
9182.5,0.059293,0.021174
9183.5,0.059311,0.021264
9184.5,0.059332,0.021356
9185.5,0.059358,0.021449
9186.5,0.059387,0.021543
9187.5,0.059420,0.021637
9188.5,0.059456,0.021733
9189.5,0.059495,0.021829
9190.5,0.059537,0.021926
9191.5,0.059582,0.022023
9192.5,0.059629,0.022120
9193.5,0.059678,0.022218
9194.5,0.059729,0.022315
9195.5,0.059782,0.022412
9196.5,0.059837,0.022508
9197.5,0.059893,0.022605
9198.5,0.059950,0.022700
9199.5,0.060009,0.022795
9200.5,0.060068,0.022888
9201.5,0.060127,0.022981
9202.5,0.060187,0.023073
9203.5,0.060247,0.023163
9204.5,0.060307,0.023253
9205.5,0.060367,0.023340
9206.5,0.060427,0.023426
9207.5,0.060485,0.023511
9208.5,0.060543,0.023593
9209.5,0.060600,0.023674
9210.5,0.060656,0.023753
9211.5,0.060711,0.023830
9212.5,0.060764,0.023905
9213.5,0.060815,0.023977
9214.5,0.060864,0.024047
9215.5,0.060912,0.024115
9216.5,0.060957,0.024181
9217.5,0.061000,0.024244
9218.5,0.061041,0.024304
9219.5,0.061079,0.024362
9220.5,0.061114,0.024417
9221.5,0.061147,0.024469
9222.5,0.061176,0.024519
9223.5,0.061202,0.024565
9224.5,0.061226,0.024609
9225.5,0.061246,0.024649
9226.5,0.061262,0.024687
9227.5,0.061276,0.024722
9228.5,0.061285,0.024753
9229.5,0.061291,0.024782
9230.5,0.061294,0.024807
9231.5,0.061292,0.024829
9232.5,0.061287,0.024848
9233.5,0.061278,0.024863
9234.5,0.061265,0.024876
9235.5,0.061249,0.024885
9236.5,0.061228,0.024890
9237.5,0.061203,0.024893
9238.5,0.061175,0.024892
9239.5,0.061142,0.024887
9240.5,0.061106,0.024880
9241.5,0.061066,0.024869
9242.5,0.061022,0.024855
9243.5,0.060974,0.024837
9244.5,0.060922,0.024816
9245.5,0.060866,0.024792
9246.5,0.060807,0.024765
9247.5,0.060744,0.024734
9248.5,0.060678,0.024700
9249.5,0.060608,0.024663
9250.5,0.060534,0.024622
9251.5,0.060457,0.024579
9252.5,0.060378,0.024532
9253.5,0.060294,0.024482
9254.5,0.060208,0.024429
9255.5,0.060120,0.024374
9256.5,0.060028,0.024315
9257.5,0.059934,0.024253
9258.5,0.059837,0.024189
9259.5,0.059738,0.024121
9260.5,0.059637,0.024051
9261.5,0.059534,0.023979
9262.5,0.059429,0.023904
9263.5,0.059322,0.023826
9264.5,0.059214,0.023746
9265.5,0.059104,0.023664
9266.5,0.058994,0.023579
9267.5,0.058882,0.023493
9268.5,0.058770,0.023404
9269.5,0.058658,0.023314
9270.5,0.058545,0.023222
9271.5,0.058432,0.023128
9272.5,0.058319,0.023032
9273.5,0.058207,0.022936
9274.5,0.058095,0.022837
9275.5,0.057984,0.022738
9276.5,0.057874,0.022638
9277.5,0.057766,0.022537
9278.5,0.057659,0.022435
9279.5,0.057554,0.022333
9280.5,0.057451,0.022231
9281.5,0.057350,0.022128
9282.5,0.057252,0.022026
9283.5,0.057156,0.021923
9284.5,0.057064,0.021821
9285.5,0.056975,0.021720
9286.5,0.056890,0.021619
9287.5,0.056808,0.021520
9288.5,0.056731,0.021422
9289.5,0.056658,0.021325
9290.5,0.056590,0.021230
9291.5,0.056526,0.021137
9292.5,0.056468,0.021046
9293.5,0.056415,0.020958
9294.5,0.056367,0.020873
9295.5,0.056326,0.020790
9296.5,0.056291,0.020710
9297.5,0.056262,0.020635
9298.5,0.056240,0.020562
9299.5,0.056224,0.020494
9300.5,0.056216,0.020431
9301.5,0.056216,0.020371
9302.5,0.056223,0.020317
9303.5,0.056237,0.020268
9304.5,0.056260,0.020224
9305.5,0.056291,0.020186
9306.5,0.056331,0.020154
9307.5,0.056379,0.020128
9308.5,0.056437,0.020108
9309.5,0.056503,0.020096
9310.5,0.056579,0.020090
9311.5,0.056665,0.020091
9312.5,0.056760,0.020100
9313.5,0.056865,0.020117
9314.5,0.056980,0.020141
9315.5,0.057106,0.020174
9316.5,0.057242,0.020215
9317.5,0.057388,0.020264
9318.5,0.057545,0.020321
9319.5,0.057714,0.020388
9320.5,0.057893,0.020463
9321.5,0.058083,0.020547
9322.5,0.058285,0.020640
9323.5,0.058497,0.020743
9324.5,0.058722,0.020854
9325.5,0.058958,0.020975
9326.5,0.059205,0.021104
9327.5,0.059465,0.021243
9328.5,0.059736,0.021392
9329.5,0.060019,0.021549
9330.5,0.060313,0.021715
9331.5,0.060620,0.021891
9332.5,0.060939,0.022075
9333.5,0.061269,0.022269
9334.5,0.061612,0.022471
9335.5,0.061966,0.022681
9336.5,0.062333,0.022901
9337.5,0.062711,0.023128
9338.5,0.063102,0.023364
9339.5,0.063504,0.023608
9340.5,0.063918,0.023859
9341.5,0.064344,0.024119
9342.5,0.064782,0.024385
9343.5,0.065231,0.024659
9344.5,0.065691,0.024941
9345.5,0.066163,0.025229
9346.5,0.066647,0.025523
9347.5,0.067141,0.025824
9348.5,0.067647,0.026131
9349.5,0.068164,0.026444
9350.5,0.068691,0.026763
9351.5,0.069229,0.027087
9352.5,0.069777,0.027417
9353.5,0.070336,0.027751
9354.5,0.070905,0.028090
9355.5,0.071483,0.028434
9356.5,0.072071,0.028782
9357.5,0.072669,0.029134
9358.5,0.073276,0.029490
9359.5,0.073892,0.029849
9360.5,0.074516,0.030211
9361.5,0.075150,0.030576
9362.5,0.075791,0.030944
9363.5,0.076440,0.031315
9364.5,0.077097,0.031688
9365.5,0.077761,0.032062
9366.5,0.078432,0.032439
9367.5,0.079111,0.032817
9368.5,0.079795,0.033196
9369.5,0.080486,0.033576
9370.5,0.081183,0.033957
9371.5,0.081885,0.034339
9372.5,0.082592,0.034720
9373.5,0.083304,0.035102
9374.5,0.084021,0.035483
9375.5,0.084741,0.035864
9376.5,0.085466,0.036244
9377.5,0.086193,0.036624
9378.5,0.086924,0.037001
9379.5,0.087658,0.037378
9380.5,0.088393,0.037753
9381.5,0.089131,0.038126
9382.5,0.089870,0.038496
9383.5,0.090610,0.038865
9384.5,0.091351,0.039230
9385.5,0.092092,0.039593
9386.5,0.092834,0.039953
9387.5,0.093574,0.040310
9388.5,0.094314,0.040663
9389.5,0.095053,0.041012
9390.5,0.095789,0.041357
9391.5,0.096524,0.041698
9392.5,0.097256,0.042035
9393.5,0.097986,0.042367
9394.5,0.098712,0.042695
9395.5,0.099434,0.043017
9396.5,0.100152,0.043334
9397.5,0.100866,0.043646
9398.5,0.101575,0.043952
9399.5,0.102278,0.044253
9400.5,0.102975,0.044548
9401.5,0.103667,0.044836
9402.5,0.104352,0.045118
9403.5,0.105030,0.045394
9404.5,0.105701,0.045663
9405.5,0.106364,0.045925
9406.5,0.107019,0.046180
9407.5,0.107666,0.046429
9408.5,0.108304,0.046670
9409.5,0.108933,0.046903
9410.5,0.109552,0.047129
9411.5,0.110161,0.047348
9412.5,0.110761,0.047558
9413.5,0.111349,0.047761
9414.5,0.111927,0.047956
9415.5,0.112494,0.048142
9416.5,0.113049,0.048321
9417.5,0.113592,0.048491
9418.5,0.114123,0.048652
9419.5,0.114642,0.048805
9420.5,0.115148,0.048950
9421.5,0.115641,0.049085
9422.5,0.116120,0.049212
9423.5,0.116587,0.049331
9424.5,0.117039,0.049440
9425.5,0.117477,0.049541
9426.5,0.117901,0.049632
9427.5,0.118311,0.049715
9428.5,0.118706,0.049789
9429.5,0.119086,0.049853
9430.5,0.119450,0.049909
9431.5,0.119800,0.049955
9432.5,0.120134,0.049993
9433.5,0.120452,0.050022
9434.5,0.120755,0.050041
9435.5,0.121041,0.050052
9436.5,0.121312,0.050053
9437.5,0.121566,0.050046
9438.5,0.121804,0.050029
9439.5,0.122026,0.050004
9440.5,0.122231,0.049970
9441.5,0.122419,0.049928
9442.5,0.122591,0.049876
9443.5,0.122746,0.049816
9444.5,0.122884,0.049748
9445.5,0.123006,0.049671
9446.5,0.123110,0.049586
9447.5,0.123198,0.049492
9448.5,0.123269,0.049391
9449.5,0.123323,0.049281
9450.5,0.123360,0.049163
9451.5,0.123380,0.049038
9452.5,0.123383,0.048905
9453.5,0.123370,0.048764
9454.5,0.123340,0.048616
9455.5,0.123294,0.048460
9456.5,0.123231,0.048297
9457.5,0.123151,0.048128
9458.5,0.123055,0.047951
9459.5,0.122943,0.047768
9460.5,0.122815,0.047578
9461.5,0.122671,0.047382
9462.5,0.122510,0.047179
9463.5,0.122335,0.046971
9464.5,0.122143,0.046757
9465.5,0.121937,0.046537
9466.5,0.121715,0.046311
9467.5,0.121478,0.046080
9468.5,0.121226,0.045844
9469.5,0.120959,0.045603
9470.5,0.120678,0.045357
9471.5,0.120383,0.045106
9472.5,0.120074,0.044851
9473.5,0.119751,0.044592
9474.5,0.119415,0.044329
9475.5,0.119065,0.044062
9476.5,0.118702,0.043791
9477.5,0.118327,0.043517
9478.5,0.117939,0.043239
9479.5,0.117538,0.042959
9480.5,0.117126,0.042675
9481.5,0.116702,0.042389
9482.5,0.116267,0.042100
9483.5,0.115820,0.041809
9484.5,0.115363,0.041516
9485.5,0.114895,0.041221
9486.5,0.114417,0.040924
9487.5,0.113929,0.040625
9488.5,0.113431,0.040325
9489.5,0.112925,0.040024
9490.5,0.112409,0.039722
9491.5,0.111884,0.039419
9492.5,0.111352,0.039115
9493.5,0.110811,0.038810
9494.5,0.110263,0.038505
9495.5,0.109707,0.038200
9496.5,0.109145,0.037895
9497.5,0.108576,0.037590
9498.5,0.108000,0.037285
9499.5,0.107419,0.036980
9500.5,0.106832,0.036676
9501.5,0.106240,0.036373
9502.5,0.105643,0.036070
9503.5,0.105042,0.035768
9504.5,0.104436,0.035468
9505.5,0.103826,0.035168
9506.5,0.103213,0.034870
9507.5,0.102597,0.034573
9508.5,0.101978,0.034277
9509.5,0.101357,0.033983
9510.5,0.100733,0.033691
9511.5,0.100108,0.033401
9512.5,0.099481,0.033112
9513.5,0.098853,0.032826
9514.5,0.098224,0.032541
9515.5,0.097595,0.032258
9516.5,0.096966,0.031978
9517.5,0.096337,0.031700
9518.5,0.095709,0.031424
9519.5,0.095082,0.031151
9520.5,0.094456,0.030880
9521.5,0.093832,0.030612
9522.5,0.093209,0.030346
9523.5,0.092589,0.030083
9524.5,0.091971,0.029822
9525.5,0.091356,0.029564
9526.5,0.090744,0.029309
9527.5,0.090136,0.029057
9528.5,0.089531,0.028808
9529.5,0.088931,0.028561
9530.5,0.088335,0.028317
9531.5,0.087743,0.028076
9532.5,0.087157,0.027839
9533.5,0.086576,0.027604
9534.5,0.086000,0.027372
9535.5,0.085430,0.027143
9536.5,0.084866,0.026917
9537.5,0.084308,0.026695
9538.5,0.083756,0.026475
9539.5,0.083212,0.026259
9540.5,0.082674,0.026046
9541.5,0.082144,0.025836
9542.5,0.081621,0.025630
9543.5,0.081106,0.025427
9544.5,0.080599,0.025227
9545.5,0.080101,0.025030
9546.5,0.079610,0.024837
9547.5,0.079128,0.024648
9548.5,0.078655,0.024462
9549.5,0.078191,0.024279
9550.5,0.077736,0.024100
9551.5,0.077290,0.023925
9552.5,0.076854,0.023753
9553.5,0.076427,0.023585
9554.5,0.076010,0.023421
9555.5,0.075604,0.023260
9556.5,0.075207,0.023104
9557.5,0.074821,0.022951
9558.5,0.074445,0.022803
9559.5,0.074079,0.022658
9560.5,0.073724,0.022518
9561.5,0.073380,0.022381
9562.5,0.073047,0.022249
9563.5,0.072725,0.022122
9564.5,0.072414,0.021999
9565.5,0.072113,0.021880
9566.5,0.071824,0.021766
9567.5,0.071547,0.021656
9568.5,0.071280,0.021551
9569.5,0.071025,0.021451
9570.5,0.070782,0.021355
9571.5,0.070549,0.021265
9572.5,0.070329,0.021179
9573.5,0.070119,0.021098
9574.5,0.069922,0.021023
9575.5,0.069735,0.020952
9576.5,0.069560,0.020887
9577.5,0.069397,0.020827
9578.5,0.069245,0.020772
9579.5,0.069105,0.020722
9580.5,0.068976,0.020678
9581.5,0.068858,0.020639
9582.5,0.068752,0.020606
9583.5,0.068657,0.020578
9584.5,0.068573,0.020555
9585.5,0.068500,0.020538
9586.5,0.068438,0.020527
9587.5,0.068388,0.020521
9588.5,0.068348,0.020520
9589.5,0.068318,0.020525
9590.5,0.068300,0.020536
9591.5,0.068291,0.020551
9592.5,0.068294,0.020572
9593.5,0.068306,0.020599
9594.5,0.068329,0.020631
9595.5,0.068361,0.020668
9596.5,0.068404,0.020710
9597.5,0.068455,0.020757
9598.5,0.068517,0.020809
9599.5,0.068588,0.020867
9600.5,0.068667,0.020929
9601.5,0.068756,0.020995
9602.5,0.068853,0.021067
9603.5,0.068959,0.021143
9604.5,0.069073,0.021223
9605.5,0.069195,0.021308
9606.5,0.069325,0.021397
9607.5,0.069463,0.021490
9608.5,0.069608,0.021587
9609.5,0.069760,0.021688
9610.5,0.069919,0.021793
9611.5,0.070085,0.021901
9612.5,0.070257,0.022012
9613.5,0.070435,0.022126
9614.5,0.070619,0.022244
9615.5,0.070808,0.022365
9616.5,0.071003,0.022488
9617.5,0.071203,0.022614
9618.5,0.071407,0.022742
9619.5,0.071616,0.022873
9620.5,0.071829,0.023006
9621.5,0.072046,0.023140
9622.5,0.072267,0.023277
9623.5,0.072490,0.023415
9624.5,0.072717,0.023555
9625.5,0.072946,0.023696
9626.5,0.073178,0.023838
9627.5,0.073411,0.023981
9628.5,0.073646,0.024125
9629.5,0.073883,0.024269
9630.5,0.074120,0.024415
9631.5,0.074359,0.024560
9632.5,0.074597,0.024706
9633.5,0.074836,0.024851
9634.5,0.075074,0.024997
9635.5,0.075312,0.025142
9636.5,0.075549,0.025287
9637.5,0.075785,0.025431
9638.5,0.076019,0.025575
9639.5,0.076251,0.025718
9640.5,0.076481,0.025860
9641.5,0.076709,0.026000
9642.5,0.076934,0.026140
9643.5,0.077155,0.026278
9644.5,0.077373,0.026414
9645.5,0.077588,0.026549
9646.5,0.077798,0.026682
9647.5,0.078004,0.026813
9648.5,0.078205,0.026942
9649.5,0.078401,0.027068
9650.5,0.078592,0.027193
9651.5,0.078777,0.027315
9652.5,0.078957,0.027434
9653.5,0.079130,0.027551
9654.5,0.079297,0.027665
9655.5,0.079457,0.027776
9656.5,0.079610,0.027884
9657.5,0.079756,0.027989
9658.5,0.079895,0.028091
9659.5,0.080025,0.028190
9660.5,0.080148,0.028285
9661.5,0.080263,0.028377
9662.5,0.080369,0.028465
9663.5,0.080466,0.028549
9664.5,0.080555,0.028630
9665.5,0.080634,0.028707
9666.5,0.080704,0.028780
9667.5,0.080765,0.028849
9668.5,0.080815,0.028915
9669.5,0.080856,0.028976
9670.5,0.080887,0.029032
9671.5,0.080908,0.029085
9672.5,0.080918,0.029133
9673.5,0.080918,0.029177
9674.5,0.080907,0.029217
9675.5,0.080886,0.029252
9676.5,0.080853,0.029282
9677.5,0.080810,0.029308
9678.5,0.080755,0.029329
9679.5,0.080689,0.029346
9680.5,0.080612,0.029358
9681.5,0.080523,0.029366
9682.5,0.080423,0.029368
9683.5,0.080312,0.029366
9684.5,0.080188,0.029359
9685.5,0.080054,0.029347
9686.5,0.079907,0.029331
9687.5,0.079749,0.029309
9688.5,0.079579,0.029283
9689.5,0.079398,0.029252
9690.5,0.079205,0.029216
9691.5,0.079000,0.029175
9692.5,0.078784,0.029129
9693.5,0.078556,0.029078
9694.5,0.078317,0.029023
9695.5,0.078066,0.028962
9696.5,0.077804,0.028897
9697.5,0.077530,0.028827
9698.5,0.077245,0.028752
9699.5,0.076949,0.028673
9700.5,0.076642,0.028588
9701.5,0.076324,0.028499
9702.5,0.075995,0.028405
9703.5,0.075655,0.028307
9704.5,0.075305,0.028204
9705.5,0.074944,0.028096
9706.5,0.074573,0.027984
9707.5,0.074192,0.027867
9708.5,0.073801,0.027746
9709.5,0.073400,0.027621
9710.5,0.072989,0.027491
9711.5,0.072569,0.027357
9712.5,0.072140,0.027218
9713.5,0.071702,0.027076
9714.5,0.071255,0.026929
9715.5,0.070799,0.026778
9716.5,0.070335,0.026624
9717.5,0.069863,0.026465
9718.5,0.069383,0.026303
9719.5,0.068895,0.026137
9720.5,0.068400,0.025967
9721.5,0.067897,0.025793
9722.5,0.067388,0.025616
9723.5,0.066872,0.025436
9724.5,0.066349,0.025253
9725.5,0.065821,0.025066
9726.5,0.065286,0.024876
9727.5,0.064746,0.024682
9728.5,0.064200,0.024486
9729.5,0.063650,0.024287
9730.5,0.063095,0.024085
9731.5,0.062535,0.023881
9732.5,0.061971,0.023674
9733.5,0.061403,0.023464
9734.5,0.060832,0.023252
9735.5,0.060257,0.023038
9736.5,0.059679,0.022822
9737.5,0.059099,0.022603
9738.5,0.058516,0.022383
9739.5,0.057931,0.022161
9740.5,0.057344,0.021937
9741.5,0.056756,0.021711
9742.5,0.056167,0.021484
9743.5,0.055576,0.021255
9744.5,0.054985,0.021026
9745.5,0.054394,0.020795
9746.5,0.053803,0.020563
9747.5,0.053212,0.020330
9748.5,0.052621,0.020096
9749.5,0.052032,0.019861
9750.5,0.051443,0.019626
9751.5,0.050856,0.019391
9752.5,0.050271,0.019155
9753.5,0.049688,0.018919
9754.5,0.049107,0.018683
9755.5,0.048529,0.018446
9756.5,0.047954,0.018210
9757.5,0.047382,0.017975
9758.5,0.046813,0.017740
9759.5,0.046248,0.017505
9760.5,0.045686,0.017271
9761.5,0.045129,0.017038
9762.5,0.044577,0.016806
9763.5,0.044029,0.016575
9764.5,0.043486,0.016345
9765.5,0.042948,0.016117
9766.5,0.042416,0.015890
9767.5,0.041889,0.015665
9768.5,0.041368,0.015441
9769.5,0.040853,0.015220
9770.5,0.040345,0.015001
9771.5,0.039843,0.014784
9772.5,0.039347,0.014569
9773.5,0.038859,0.014357
9774.5,0.038378,0.014148
9775.5,0.037904,0.013942
9776.5,0.037437,0.013738
9777.5,0.036978,0.013538
9778.5,0.036527,0.013342
9779.5,0.036084,0.013148
9780.5,0.035649,0.012959
9781.5,0.035222,0.012774
9782.5,0.034804,0.012592
9783.5,0.034394,0.012415
9784.5,0.033993,0.012243
9785.5,0.033600,0.012075
9786.5,0.033217,0.011911
9787.5,0.032842,0.011753
9788.5,0.032477,0.011600
9789.5,0.032121,0.011452
9790.5,0.031775,0.011310
9791.5,0.031437,0.011174
9792.5,0.031110,0.011043
9793.5,0.030791,0.010918
9794.5,0.030483,0.010800
9795.5,0.030184,0.010687
9796.5,0.029895,0.010582
9797.5,0.029616,0.010483
9798.5,0.029346,0.010390
9799.5,0.029087,0.010304
9800.5,0.028837,0.010226
9801.5,0.028597,0.010154
9802.5,0.028367,0.010089
9803.5,0.028148,0.010032
9804.5,0.027938,0.009982
9805.5,0.027738,0.009938
9806.5,0.027548,0.009902
9807.5,0.027368,0.009874
9808.5,0.027198,0.009852
9809.5,0.027038,0.009838
9810.5,0.026888,0.009830
9811.5,0.026747,0.009830
9812.5,0.026617,0.009836
9813.5,0.026496,0.009849
9814.5,0.026385,0.009869
9815.5,0.026284,0.009896
9816.5,0.026192,0.009928
9817.5,0.026110,0.009967
9818.5,0.026037,0.010012
9819.5,0.025974,0.010062
9820.5,0.025920,0.010119
9821.5,0.025876,0.010180
9822.5,0.025840,0.010247
9823.5,0.025814,0.010319
9824.5,0.025797,0.010395
9825.5,0.025788,0.010477
9826.5,0.025789,0.010562
9827.5,0.025798,0.010652
9828.5,0.025815,0.010745
9829.5,0.025842,0.010843
9830.5,0.025876,0.010944
9831.5,0.025919,0.011048
9832.5,0.025970,0.011155
9833.5,0.026029,0.011265
9834.5,0.026096,0.011378
9835.5,0.026170,0.011494
9836.5,0.026252,0.011611
9837.5,0.026342,0.011731
9838.5,0.026439,0.011853
9839.5,0.026544,0.011977
9840.5,0.026655,0.012103
9841.5,0.026773,0.012230
9842.5,0.026898,0.012358
9843.5,0.027030,0.012488
9844.5,0.027168,0.012618
9845.5,0.027313,0.012750
9846.5,0.027464,0.012882
9847.5,0.027621,0.013015
9848.5,0.027783,0.013149
9849.5,0.027952,0.013283
9850.5,0.028126,0.013417
9851.5,0.028305,0.013552
9852.5,0.028490,0.013686
9853.5,0.028680,0.013821
9854.5,0.028875,0.013956
9855.5,0.029074,0.014090
9856.5,0.029279,0.014224
9857.5,0.029487,0.014358
9858.5,0.029700,0.014492
9859.5,0.029917,0.014625
9860.5,0.030138,0.014757
9861.5,0.030363,0.014888
9862.5,0.030592,0.015019
9863.5,0.030824,0.015150
9864.5,0.031059,0.015279
9865.5,0.031298,0.015407
9866.5,0.031539,0.015535
9867.5,0.031784,0.015661
9868.5,0.032031,0.015787
9869.5,0.032280,0.015911
9870.5,0.032532,0.016034
9871.5,0.032787,0.016156
9872.5,0.033043,0.016277
9873.5,0.033301,0.016396
9874.5,0.033560,0.016514
9875.5,0.033822,0.016631
9876.5,0.034085,0.016747
9877.5,0.034349,0.016861
9878.5,0.034614,0.016974
9879.5,0.034880,0.017085
9880.5,0.035146,0.017195
9881.5,0.035414,0.017303
9882.5,0.035682,0.017410
9883.5,0.035950,0.017516
9884.5,0.036218,0.017620
9885.5,0.036487,0.017722
9886.5,0.036755,0.017823
9887.5,0.037023,0.017923
9888.5,0.037291,0.018021
9889.5,0.037558,0.018117
9890.5,0.037824,0.018212
9891.5,0.038090,0.018305
9892.5,0.038355,0.018397
9893.5,0.038618,0.018488
9894.5,0.038880,0.018577
9895.5,0.039141,0.018664
9896.5,0.039401,0.018751
9897.5,0.039659,0.018835
9898.5,0.039915,0.018918
9899.5,0.040169,0.019000
9900.5,0.040421,0.019080
9901.5,0.040671,0.019159
9902.5,0.040918,0.019237
9903.5,0.041163,0.019313
9904.5,0.041406,0.019388
9905.5,0.041646,0.019461
9906.5,0.041883,0.019534
9907.5,0.042118,0.019605
9908.5,0.042349,0.019674
9909.5,0.042577,0.019743
9910.5,0.042802,0.019810
9911.5,0.043024,0.019876
9912.5,0.043243,0.019941
9913.5,0.043457,0.020004
9914.5,0.043668,0.020067
9915.5,0.043876,0.020128
9916.5,0.044079,0.020188
9917.5,0.044279,0.020247
9918.5,0.044474,0.020305
9919.5,0.044665,0.020362
9920.5,0.044852,0.020418
9921.5,0.045035,0.020473
9922.5,0.045213,0.020527
9923.5,0.045387,0.020579
9924.5,0.045556,0.020631
9925.5,0.045720,0.020682
9926.5,0.045880,0.020732
9927.5,0.046035,0.020780
9928.5,0.046185,0.020828
9929.5,0.046329,0.020875
9930.5,0.046469,0.020920
9931.5,0.046603,0.020965
9932.5,0.046733,0.021009
9933.5,0.046857,0.021051
9934.5,0.046975,0.021093
9935.5,0.047088,0.021134
9936.5,0.047196,0.021173
9937.5,0.047298,0.021212
9938.5,0.047394,0.021249
9939.5,0.047484,0.021286
9940.5,0.047569,0.021321
9941.5,0.047648,0.021355
9942.5,0.047721,0.021388
9943.5,0.047788,0.021420
9944.5,0.047850,0.021451
9945.5,0.047905,0.021480
9946.5,0.047954,0.021509
9947.5,0.047997,0.021536
9948.5,0.048034,0.021561
9949.5,0.048064,0.021586
9950.5,0.048089,0.021609
9951.5,0.048107,0.021630
9952.5,0.048119,0.021650
9953.5,0.048124,0.021669
9954.5,0.048123,0.021686
9955.5,0.048116,0.021702
9956.5,0.048103,0.021716
9957.5,0.048083,0.021728
9958.5,0.048057,0.021739
9959.5,0.048024,0.021748
9960.5,0.047985,0.021755
9961.5,0.047939,0.021760
9962.5,0.047887,0.021764
9963.5,0.047828,0.021765
9964.5,0.047763,0.021765
9965.5,0.047692,0.021763
9966.5,0.047614,0.021758
9967.5,0.047529,0.021752
9968.5,0.047438,0.021744
9969.5,0.047341,0.021733
9970.5,0.047237,0.021720
9971.5,0.047127,0.021705
9972.5,0.047011,0.021688
9973.5,0.046888,0.021668
9974.5,0.046759,0.021647
9975.5,0.046624,0.021622
9976.5,0.046482,0.021596
9977.5,0.046334,0.021566
9978.5,0.046180,0.021535
9979.5,0.046020,0.021501
9980.5,0.045854,0.021464
9981.5,0.045681,0.021425
9982.5,0.045503,0.021383
9983.5,0.045319,0.021339
9984.5,0.045129,0.021292
9985.5,0.044932,0.021242
9986.5,0.044731,0.021190
9987.5,0.044523,0.021134
9988.5,0.044310,0.021077
9989.5,0.044091,0.021016
9990.5,0.043866,0.020953
9991.5,0.043637,0.020887
9992.5,0.043401,0.020818
9993.5,0.043161,0.020747
9994.5,0.042915,0.020672
9995.5,0.042664,0.020595
9996.5,0.042408,0.020515
9997.5,0.042147,0.020433
9998.5,0.041881,0.020348
9999.5,0.041611,0.020260
