# rates per second, merged T_sim_s=99.9999
bin_keV,sumw,sumw2,light_sumw,light_sumw2
0,0,0,0,0
1,0.028000028,1.8666704e-05,0.028000028,1.8666704e-05
2,0.031000031,2.1000042e-05,0.031000031,2.1000042e-05
3,0.03466670133,2.488893867e-05,0.03466670133,2.488893867e-05
4,0.04677782456,3.645686303e-05,0.04677782456,3.645686303e-05
5,0.068000068,4.977787733e-05,0.068000068,4.977787733e-05
6,0.076000076,5.244454933e-05,0.076000076,5.244454933e-05
7,0.08633341967,5.877789533e-05,0.08633341967,5.877789533e-05
8,0.062000062,4.488897867e-05,0.062000062,4.488897867e-05
9,0.08344452789,5.724702807e-05,0.08344452789,5.724702807e-05
10,0.09422231644,7.614830044e-05,0.09422231644,7.614830044e-05
11,0.08255563811,5.556801237e-05,0.08255563811,5.556801237e-05
12,0.106000106,7.777793333e-05,0.106000106,7.777793333e-05
13,0.09288898178,6.36791397e-05,0.09288898178,6.36791397e-05
14,0.1026112137,6.904026153e-05,0.1026112137,6.904026153e-05
15,0.104000104,7.2000144e-05,0.104000104,7.2000144e-05
16,0.1032778811,7.037359753e-05,0.1032778811,7.037359753e-05
17,0.09533342867,6.622235467e-05,0.09533342867,6.622235467e-05
18,0.09966676633,6.8500137e-05,0.09966676633,6.8500137e-05
19,0.1158890048,7.86791697e-05,0.1158890048,7.86791697e-05
20,0.115000115,8.2333498e-05,0.115000115,8.2333498e-05
21,0.1266667933,9.222240667e-05,0.1266667933,9.222240667e-05
22,0.1046667713,7.222236667e-05,0.1046667713,7.222236667e-05
23,0.1250556806,9.415142287e-05,0.1250556806,9.415142287e-05
24,0.1122223344,8.03458397e-05,0.1122223344,8.03458397e-05
25,0.2828336162,0.0001946948338,0.2828336162,0.0001946948338
26,0.1101112212,7.858040407e-05,0.1101112212,7.858040407e-05
27,0.1233334567,8.555572667e-05,0.1233334567,8.555572667e-05
28,0.1524668191,0.0001056402113,0.1524668191,0.0001056402113
29,0.1453334787,0.0001037779853,0.1453334787,0.0001037779853
30,0.1116667783,7.655570867e-05,0.1116667783,7.655570867e-05
31,0.1397779175,0.0001044693447,0.1397779175,0.0001044693447
32,0.1563446008,0.0001113929388,0.1563446008,0.0001113929388
33,0.1333334667,8.977795733e-05,0.1333334667,8.977795733e-05
34,0.1513334847,0.0001035557627,0.1513334847,0.0001035557627
35,0.2002224224,0.0001472348624,0.2002224224,0.0001472348624
36,0.2018335352,0.0001430280638,0.2018335352,0.0001430280638
37,0.2138335472,0.0001495836325,0.2138335472,0.0001495836325
38,0.233000233,0.0001652225527,0.233000233,0.0001652225527
39,0.2568335901,0.0001786207276,0.2568335901,0.0001786207276
40,0.2465558021,0.000171123799,0.2465558021,0.000171123799
41,0.2466669133,0.000178000356,0.2466669133,0.000178000356
42,0.3005003005,0.0002136948718,0.3005003005,0.0002136948718
43,0.2913336247,0.0002057781893,0.2913336247,0.0002057781893
44,0.3634448079,0.0002559140921,0.3634448079,0.0002559140921
45,0.3595559151,0.000273457337,0.3595559151,0.000273457337
46,0.3782514605,0.0002745052872,0.3782514605,0.0002745052872
47,0.3541789256,0.0002455138603,0.3541789256,0.0002455138603
48,0.4460560016,0.0003189296502,0.4460560016,0.0003189296502
49,0.4181670848,0.0002904728032,0.4181670848,0.0002904728032
50,0.435000435,0.000300333934,0.435000435,0.000300333934
51,0.4239448684,0.0003013864052,0.4239448684,0.0003013864052
52,0.4401115512,0.0003045808561,0.4401115512,0.0003045808561
53,0.4497782276,0.0003147413703,0.4497782276,0.0003147413703
54,0.4403893293,0.0003110407455,0.4403893293,0.0003110407455
55,0.4447226669,0.0003079111096,0.4447226669,0.0003079111096
56,0.474000474,0.0003271117653,0.474000474,0.0003271117653
57,0.4628337962,0.0003272753459,0.4628337962,0.0003272753459
58,0.5094449539,0.0003518402099,0.5094449539,0.0003518402099
59,0.4466226688,0.0003076618499,0.4466226688,0.0003076618499
60,0.5283894173,0.0003692630841,0.5283894173,0.0003692630841
61,0.4954449399,0.0003463834089,0.4954449399,0.0003463834089
62,0.5035560591,0.0003512044061,0.5035560591,0.0003512044061
63,0.504000504,0.0003540253994,0.504000504,0.0003540253994
64,0.5058338392,0.0003516951478,0.5058338392,0.0003516951478
65,0.4181115292,0.0002934944141,0.4181115292,0.0002934944141
66,0.4648337982,0.000322645707,0.4648337982,0.000322645707
67,0.478000478,0.000333334,0.478000478,0.000333334
68,0.4546060101,0.0003191321506,0.4546060101,0.0003191321506
69,0.434518953,0.0003056851107,0.434518953,0.0003056851107
70,0.4428893318,0.0003125685264,0.4428893318,0.0003125685264
71,0.4342226564,0.0003025931978,0.4342226564,0.0003025931978
72,0.4531337865,0.0003129739593,0.4531337865,0.0003129739593
73,0.4936671603,0.000347667362,0.4936671603,0.000347667362
74,0.4132226354,0.0002922351524,0.4132226354,0.0002922351524
75,0.4923708627,0.0003438991789,0.4923708627,0.0003438991789
76,0.4322226544,0.0003205685424,0.4322226544,0.0003205685424
77,0.4134448579,0.0002889018124,0.4134448579,0.0002889018124
78,0.4182226404,0.000290790705,0.4182226404,0.000290790705
79,0.3790226012,0.000255652857,0.3790226012,0.000255652857
80,0.3624448069,0.0002504696367,0.3624448069,0.0002504696367
81,0.3806670473,0.0002657783093,0.3806670473,0.0002657783093
82,0.4176670843,0.0002915931758,0.4176670843,0.0002915931758
83,0.3807781586,0.0002821363667,0.3807781586,0.0002821363667
84,0.4034448479,0.0002839388395,0.4034448479,0.0002839388395
85,0.4253337587,0.0002964450373,0.4253337587,0.0002964450373
86,0.3638003638,0.0002683072033,0.3638003638,0.0002683072033
87,0.3588892478,0.0002525684064,0.3588892478,0.0002525684064
88,0.3816670483,0.0002732227687,0.3816670483,0.0002732227687
89,0.3263892153,0.0002316192904,0.3263892153,0.0002316192904
90,0.3739448184,0.0002629418839,0.3739448184,0.0002629418839
91,0.327000327,0.0002278893447,0.327000327,0.0002278893447
92,0.3565559121,0.000252457295,0.3565559121,0.000252457295
93,0.3312225534,0.0002335683684,0.3312225534,0.0002335683684
94,0.3035558591,0.0002207350094,0.3035558591,0.0002207350094
95,0.309000309,0.0002161115433,0.309000309,0.0002161115433
96,0.3459336793,0.0002389471446,0.3459336793,0.0002389471446
97,0.2958574387,0.00020195732,0.2958574387,0.00020195732
98,0.2905558461,0.0002055683124,0.2905558461,0.0002055683124
99,0.3182225404,0.0002243461277,0.3182225404,0.0002243461277
100,0.3062225284,0.000212123881,0.3062225284,0.000212123881
101,0.2867780646,0.0002052473241,0.2867780646,0.0002052473241
102,0.292000292,0.000200667068,0.292000292,0.000200667068
103,0.3083336417,0.000213000426,0.3083336417,0.000213000426
104,0.2884891774,0.0002019579348,0.2884891774,0.0002019579348
105,0.284000284,0.000198000396,0.284000284,0.000198000396
106,0.2807621855,0.0001968031147,0.2807621855,0.0001968031147
107,0.2666669333,0.0001837781453,0.2666669333,0.0001837781453
108,0.2725558281,0.000191123839,0.2725558281,0.000191123839
109,0.2758574187,0.0001966058354,0.2758574187,0.0001966058354
110,0.2606669273,0.000187333708,0.2606669273,0.000187333708
111,0.2641669308,0.0001815836965,0.2641669308,0.0001815836965
112,0.2573891463,0.0001838182689,0.2573891463,0.0001838182689
113,0.2375557931,0.0001630126717,0.2375557931,0.0001630126717
114,0.2455558011,0.0001692349064,0.2455558011,0.0001692349064
115,0.2425002425,0.0001679416939,0.2425002425,0.0001679416939
116,0.2498891388,0.0001706793537,0.2498891388,0.0001706793537
117,0.2293335627,0.0001624447693,0.2293335627,0.0001624447693
118,0.241911353,0.000167652681,0.241911353,0.000167652681
119,0.2201113312,0.0001569509312,0.2201113312,0.0001569509312
120,0.2366669033,0.000164000328,0.2366669033,0.000164000328
121,0.2206668873,0.0001522225267,0.2206668873,0.0001522225267
122,0.2318891208,0.000165790455,0.2318891208,0.000165790455
123,0.2106668773,0.000144666956,0.2106668773,0.000144666956
124,0.2186668853,0.000158666984,0.2186668853,0.000158666984
125,0.18000018,0.0001235558027,0.18000018,0.0001235558027
126,0.2208335542,0.0001506947458,0.2208335542,0.0001506947458
127,0.1864446309,0.0001319014984,0.1864446309,0.0001319014984
128,0.2038890928,0.0001449015244,0.2038890928,0.0001449015244
129,0.1856668523,0.0001285558127,0.1856668523,0.0001285558127
130,0.1866668533,0.0001288891467,0.1866668533,0.0001288891467
131,0.2002224224,0.0001396792917,0.2002224224,0.0001396792917
132,0.1883335217,0.000127666922,0.1883335217,0.000127666922
133,0.1821271662,0.0001249899199,0.1821271662,0.0001249899199
134,0.1903335237,0.0001305558167,0.1903335237,0.0001305558167
135,0.189000189,0.000132333598,0.189000189,0.000132333598
136,0.1743335077,0.0001325558207,0.1743335077,0.0001325558207
137,0.192000192,0.0001375558307,0.192000192,0.0001375558307
138,0.1803335137,0.0001292224807,0.1803335137,0.0001292224807
139,0.1580557136,0.0001097070095,0.1580557136,0.0001097070095
140,0.1666668333,0.0001144446733,0.1666668333,0.0001144446733
141,0.1703335037,0.0001174446793,0.1703335037,0.0001174446793
142,0.1898890788,0.0001566793257,0.1898890788,0.0001566793257
143,0.1832168499,0.0001268694204,0.1832168499,0.0001268694204
144,0.1566668233,0.0001088891067,0.1566668233,0.0001088891067
145,0.1556668223,0.000110333554,0.1556668223,0.000110333554
146,0.1831668498,0.0001261391412,0.1831668498,0.0001261391412
147,0.1648890538,0.0001152347984,0.1648890538,0.0001152347984
148,0.1395556951,9.656809437e-05,0.1395556951,9.656809437e-05
149,0.163000163,0.0001152224527,0.163000163,0.0001152224527
150,0.1416668083,9.744463933e-05,0.1416668083,9.744463933e-05
151,0.1403334737,9.5666858e-05,0.1403334737,9.5666858e-05
152,0.1573334907,0.0001144446733,0.1573334907,0.0001144446733
153,0.1371668038,9.45835225e-05,0.1371668038,9.45835225e-05
154,0.1382223604,9.590142637e-05,0.1382223604,9.590142637e-05
155,0.1353334687,9.2000184e-05,0.1353334687,9.2000184e-05
156,0.1426668093,9.6000192e-05,0.1426668093,9.6000192e-05
157,0.1316667983,9.611130333e-05,0.1316667983,9.611130333e-05
158,0.1466668133,0.0001028890947,0.1466668133,0.0001028890947
159,0.1383334717,9.7000194e-05,0.1383334717,9.7000194e-05
160,0.1524445969,0.0001109384935,0.1524445969,0.0001109384935
161,0.1352223574,9.690142837e-05,0.1352223574,9.690142837e-05
162,0.134000134,9.288907467e-05,0.134000134,9.288907467e-05
163,0.1053334387,7.111125333e-05,0.1053334387,7.111125333e-05
164,0.1253334587,8.622239467e-05,0.1253334587,8.622239467e-05
165,0.1146667813,7.911126933e-05,0.1146667813,7.911126933e-05
166,0.139000139,0.0001052224327,0.139000139,0.0001052224327
167,0.1382668049,9.420463286e-05,0.1382668049,9.420463286e-05
168,0.119000119,8.144460733e-05,0.119000119,8.144460733e-05
169,0.1174128158,8.161795109e-05,0.1174128158,8.161795109e-05
170,0.1186667853,8.177794133e-05,0.1186667853,8.177794133e-05
171,0.1213334547,8.355572267e-05,0.1213334547,8.355572267e-05
172,0.1298334632,9.236129583e-05,0.1298334632,9.236129583e-05
173,0.1204445649,8.335819141e-05,0.1204445649,8.335819141e-05
174,0.117000117,8.188905267e-05,0.117000117,8.188905267e-05
175,0.1276667943,9.344463133e-05,0.1276667943,9.344463133e-05
176,0.1059048678,7.308858156e-05,0.1059048678,7.308858156e-05
177,0.112000112,7.644459733e-05,0.112000112,7.644459733e-05
178,0.1146667813,7.7333488e-05,0.1146667813,7.7333488e-05
179,0.1116667783,8.277794333e-05,0.1116667783,8.277794333e-05
180,0.1053334387,7.111125333e-05,0.1053334387,7.111125333e-05
181,0.1103334437,7.655570867e-05,0.1103334437,7.655570867e-05
182,0.1093726584,7.560953222e-05,0.1093726584,7.560953222e-05
183,0.09233342567,6.188901267e-05,0.09233342567,6.188901267e-05
184,0.1073334407,7.755571067e-05,0.1073334407,7.755571067e-05
185,0.09166675833,6.477790733e-05,0.09166675833,6.477790733e-05
186,0.116000116,7.977793733e-05,0.116000116,7.977793733e-05
187,0.1003334337,6.722235667e-05,0.1003334337,6.722235667e-05
188,0.1066667733,8.5333504e-05,0.1066667733,8.5333504e-05
189,0.1046667713,7.1333476e-05,0.1046667713,7.1333476e-05
190,0.084000084,5.6000112e-05,0.084000084,5.6000112e-05
191,0.09533342867,6.5333464e-05,0.09533342867,6.5333464e-05
192,0.1053334387,7.555570667e-05,0.1053334387,7.555570667e-05
193,0.09333342667,6.577790933e-05,0.09333342667,6.577790933e-05
194,0.08866675533,6.088901067e-05,0.08866675533,6.088901067e-05
195,0.08766675433,6.500013e-05,0.08766675433,6.500013e-05
196,0.09733343067,6.644457733e-05,0.09733343067,6.644457733e-05
197,0.08166674833,5.744455933e-05,0.08166674833,5.744455933e-05
198,0.08933342267,6.044456533e-05,0.08933342267,6.044456533e-05
199,0.07666674333,6.5333464e-05,0.07666674333,6.5333464e-05
200,0.07533340867,5.2000104e-05,0.07533340867,5.2000104e-05
201,0.082000082,5.8000116e-05,0.082000082,5.8000116e-05
202,0.07066673733,4.711120533e-05,0.07066673733,4.711120533e-05
203,0.08833342167,6.011123133e-05,0.08833342167,6.011123133e-05
204,0.06822229044,5.279022903e-05,0.06822229044,5.279022903e-05
205,0.08266674933,5.6000112e-05,0.08266674933,5.6000112e-05
206,0.07975007975,5.534038846e-05,0.07975007975,5.534038846e-05
207,0.07666674333,5.111121333e-05,0.07666674333,5.111121333e-05
208,0.08711119822,6.123469037e-05,0.08711119822,6.123469037e-05
209,0.09572231793,7.837361353e-05,0.09572231793,7.837361353e-05
210,0.06266672933,4.177786133e-05,0.06266672933,4.177786133e-05
211,0.06780959162,4.752843973e-05,0.06780959162,4.752843973e-05
212,0.07866674533,5.511122133e-05,0.07866674533,5.511122133e-05
213,0.07166673833,4.988898867e-05,0.07166673833,4.988898867e-05
214,0.06876197352,4.769170536e-05,0.06876197352,4.769170536e-05
215,0.05666672333,3.777785333e-05,0.05666672333,3.777785333e-05
216,0.07216673883,4.913898717e-05,0.07216673883,4.913898717e-05
217,0.06266672933,4.244452933e-05,0.06266672933,4.244452933e-05
218,0.067000067,4.588898067e-05,0.067000067,4.588898067e-05
219,0.056000056,3.911118933e-05,0.056000056,3.911118933e-05
220,0.05566672233,4.011119133e-05,0.05566672233,4.011119133e-05
221,0.08344452789,5.645690303e-05,0.08344452789,5.645690303e-05
222,0.07022229244,4.879022103e-05,0.07022229244,4.879022103e-05
223,0.06833340167,4.944454333e-05,0.06833340167,4.944454333e-05
224,0.064000064,4.444453333e-05,0.064000064,4.444453333e-05
225,0.06616673283,4.513897917e-05,0.06616673283,4.513897917e-05
226,0.06533339867,4.444453333e-05,0.06533339867,4.444453333e-05
227,0.068000068,4.955565467e-05,0.068000068,4.955565467e-05
228,0.071000071,5.211121533e-05,0.071000071,5.211121533e-05
229,0.05866672533,3.911118933e-05,0.05866672533,3.911118933e-05
230,0.054000054,3.688896267e-05,0.054000054,3.688896267e-05
231,0.06000006,4.000008e-05,0.06000006,4.000008e-05
232,0.05466672133,3.911118933e-05,0.05466672133,3.911118933e-05
233,0.06141672808,4.189591712e-05,0.06141672808,4.189591712e-05
234,0.074000074,5.288899467e-05,0.074000074,5.288899467e-05
235,0.05476195952,3.658057203e-05,0.05476195952,3.658057203e-05
236,0.0625000625,4.402786583e-05,0.0625000625,4.402786583e-05
237,0.05633338967,3.877785533e-05,0.05633338967,3.877785533e-05
238,0.05933339267,3.955563467e-05,0.05933339267,3.955563467e-05
239,0.04155559711,2.790129037e-05,0.04155559711,2.790129037e-05
240,0.06066672733,4.222230667e-05,0.06066672733,4.222230667e-05
241,0.05866672533,3.911118933e-05,0.05866672533,3.911118933e-05
242,0.05466672133,3.7333408e-05,0.05466672133,3.7333408e-05
243,0.048000048,3.644451733e-05,0.048000048,3.644451733e-05
244,0.052000052,3.5333404e-05,0.052000052,3.5333404e-05
245,0.055000055,3.788896467e-05,0.055000055,3.788896467e-05
246,0.046000046,3.0666728e-05,0.046000046,3.0666728e-05
247,0.04533337867,3.111117333e-05,0.04533337867,3.111117333e-05
248,0.05433338767,3.655562867e-05,0.05433338767,3.655562867e-05
249,0.041000041,2.922228067e-05,0.041000041,2.922228067e-05
250,0.03755559311,2.523461837e-05,0.03755559311,2.523461837e-05
251,0.04922227144,3.33457457e-05,0.04922227144,3.33457457e-05
252,0.04333337667,2.888894667e-05,0.04333337667,2.888894667e-05
253,0.03866670533,2.577782933e-05,0.03866670533,2.577782933e-05
254,0.04866671533,3.33334e-05,0.04866671533,3.33334e-05
255,0.05433338767,3.655562867e-05,0.05433338767,3.655562867e-05
256,0.04908338242,3.400701246e-05,0.04908338242,3.400701246e-05
257,0.043000043,2.988894867e-05,0.043000043,2.988894867e-05
258,0.04933338267,3.555562667e-05,0.04933338267,3.555562667e-05
259,0.04133337467,2.755561067e-05,0.04133337467,2.755561067e-05
260,0.04366671033,3.388895667e-05,0.04366671033,3.388895667e-05
261,0.05533338867,4.044452533e-05,0.05533338867,4.044452533e-05
262,0.05044449489,3.50124157e-05,0.05044449489,3.50124157e-05
263,0.04333337667,2.888894667e-05,0.04333337667,2.888894667e-05
264,0.03146669813,2.197337728e-05,0.03146669813,2.197337728e-05
265,0.03533336867,2.511116133e-05,0.03533336867,2.511116133e-05
266,0.038000038,2.5333384e-05,0.038000038,2.5333384e-05
267,0.04433337767,2.988894867e-05,0.04433337767,2.988894867e-05
268,0.046000046,3.155561867e-05,0.046000046,3.155561867e-05
269,0.028000028,1.8666704e-05,0.028000028,1.8666704e-05
270,0.03466670133,2.577782933e-05,0.03466670133,2.577782933e-05
271,0.03466670133,2.4000048e-05,0.03466670133,2.4000048e-05
272,0.048000048,3.288895467e-05,0.048000048,3.288895467e-05
273,0.05000005,3.422229067e-05,0.05000005,3.422229067e-05
274,0.03933337267,2.711116533e-05,0.03933337267,2.711116533e-05
275,0.03066669733,2.044448533e-05,0.03066669733,2.044448533e-05
276,0.03133336467,2.088893067e-05,0.03133336467,2.088893067e-05
277,0.04011115122,2.682721415e-05,0.04011115122,2.682721415e-05
278,0.04166670833,2.944450333e-05,0.04166670833,2.944450333e-05
279,0.03933337267,2.711116533e-05,0.03933337267,2.711116533e-05
280,0.03266669933,2.177782133e-05,0.03266669933,2.177782133e-05
281,0.04222226444,3.180253274e-05,0.04222226444,3.180253274e-05
282,0.03733337067,2.488893867e-05,0.03733337067,2.488893867e-05
283,0.03733337067,2.577782933e-05,0.03733337067,2.577782933e-05
284,0.02733336067,1.911114933e-05,0.02733336067,1.911114933e-05
285,0.03266669933,2.177782133e-05,0.03266669933,2.177782133e-05
286,0.03233336567,2.3666714e-05,0.03233336567,2.3666714e-05
287,0.03733337067,2.755561067e-05,0.03733337067,2.755561067e-05
288,0.03266669933,2.355560267e-05,0.03266669933,2.355560267e-05
289,0.026000026,1.7333368e-05,0.026000026,1.7333368e-05
290,0.03466670133,2.311115733e-05,0.03466670133,2.311115733e-05
291,0.03775003775,2.822922312e-05,0.03775003775,2.822922312e-05
292,0.02133335467,1.422225067e-05,0.02133335467,1.422225067e-05
293,0.02866669533,2.000004e-05,0.02866669533,2.000004e-05
294,0.03833337167,2.944450333e-05,0.03833337167,2.944450333e-05
295,0.02533335867,1.777781333e-05,0.02533335867,1.777781333e-05
296,0.031000031,2.1000042e-05,0.031000031,2.1000042e-05
297,0.028000028,1.955559467e-05,0.028000028,1.955559467e-05
298,0.02666669333,1.777781333e-05,0.02666669333,1.777781333e-05
299,0.03866670533,2.666672e-05,0.03866670533,2.666672e-05
300,0.03533336867,2.444449333e-05,0.03533336867,2.444449333e-05
301,0.02266668933,1.511114133e-05,0.02266668933,1.511114133e-05
302,0.0295000295,2.15833765e-05,0.0295000295,2.15833765e-05
303,0.02933336267,2.044448533e-05,0.02933336267,2.044448533e-05
304,0.026000026,1.7333368e-05,0.026000026,1.7333368e-05
305,0.03066669733,2.044448533e-05,0.03066669733,2.044448533e-05
306,0.03733337067,2.577782933e-05,0.03733337067,2.577782933e-05
307,0.01533334867,1.022224267e-05,0.01533334867,1.022224267e-05
308,0.02333335667,1.644447733e-05,0.02333335667,1.644447733e-05
309,0.03966670633,2.855561267e-05,0.03966670633,2.855561267e-05
310,0.02766669433,1.9666706e-05,0.02766669433,1.9666706e-05
311,0.028000028,1.8666704e-05,0.028000028,1.8666704e-05
312,0.02466669133,1.644447733e-05,0.02466669133,1.644447733e-05
313,0.02466669133,1.644447733e-05,0.02466669133,1.644447733e-05
314,0.02433335767,1.655558867e-05,0.02433335767,1.655558867e-05
315,0.03000003,2.000004e-05,0.03000003,2.000004e-05
316,0.02933336267,1.955559467e-05,0.02933336267,1.955559467e-05
317,0.03466670133,2.4000048e-05,0.03466670133,2.4000048e-05
318,0.02533335867,1.688892267e-05,0.02533335867,1.688892267e-05
319,0.02733336067,1.822225867e-05,0.02733336067,1.822225867e-05
320,0.02266668933,1.6000032e-05,0.02266668933,1.6000032e-05
321,0.027000027,1.833337e-05,0.027000027,1.833337e-05
322,0.02466669133,1.644447733e-05,0.02466669133,1.644447733e-05
323,0.03466670133,2.311115733e-05,0.03466670133,2.311115733e-05
324,0.028000028,1.955559467e-05,0.028000028,1.955559467e-05
325,0.02666669333,1.777781333e-05,0.02666669333,1.777781333e-05
326,0.01733335067,1.244446933e-05,0.01733335067,1.244446933e-05
327,0.026000026,2.355560267e-05,0.026000026,2.355560267e-05
328,0.024000024,1.688892267e-05,0.024000024,1.688892267e-05
329,0.03066669733,2.044448533e-05,0.03066669733,2.044448533e-05
330,0.01866668533,1.244446933e-05,0.01866668533,1.244446933e-05
331,0.026000026,1.7333368e-05,0.026000026,1.7333368e-05
332,0.024000024,1.777781333e-05,0.024000024,1.777781333e-05
333,0.01533334867,1.022224267e-05,0.01533334867,1.022224267e-05
334,0.02000002,1.422225067e-05,0.02000002,1.422225067e-05
335,0.02333335667,1.555558667e-05,0.02333335667,1.555558667e-05
336,0.02266668933,1.6000032e-05,0.02266668933,1.6000032e-05
337,0.022000022,1.622225467e-05,0.022000022,1.622225467e-05
338,0.018000018,1.2000024e-05,0.018000018,1.2000024e-05
339,0.02466669133,1.644447733e-05,0.02466669133,1.644447733e-05
340,0.01733335067,1.244446933e-05,0.01733335067,1.244446933e-05
341,0.02000002,1.333336e-05,0.02000002,1.333336e-05
342,0.01466668133,9.777797333e-06,0.01466668133,9.777797333e-06
343,0.02000002,1.333336e-05,0.02000002,1.333336e-05
344,0.02633335967,2.011115133e-05,0.02633335967,2.011115133e-05
345,0.01933335267,1.288891467e-05,0.01933335267,1.288891467e-05
346,0.01733335067,1.155557867e-05,0.01733335067,1.155557867e-05
347,0.01933335267,1.288891467e-05,0.01933335267,1.288891467e-05
348,0.01533334867,1.022224267e-05,0.01533334867,1.022224267e-05
349,0.026000026,1.822225867e-05,0.026000026,1.822225867e-05
350,0.02466669133,1.7333368e-05,0.02466669133,1.7333368e-05
351,0.016000016,1.0666688e-05,0.016000016,1.0666688e-05
352,0.022000022,1.4666696e-05,0.022000022,1.4666696e-05
353,0.026000026,1.7333368e-05,0.026000026,1.7333368e-05
354,0.01733335067,1.155557867e-05,0.01733335067,1.155557867e-05
355,0.01866668533,1.244446933e-05,0.01866668533,1.244446933e-05
356,0.01666668333,1.2000024e-05,0.01666668333,1.2000024e-05
357,0.01866668533,1.333336e-05,0.01866668533,1.333336e-05
358,0.01666668333,1.2000024e-05,0.01666668333,1.2000024e-05
359,0.016000016,1.0666688e-05,0.016000016,1.0666688e-05
360,0.024000024,1.688892267e-05,0.024000024,1.688892267e-05
361,0.02288891178,1.545682104e-05,0.02288891178,1.545682104e-05
362,0.0175000175,1.180557917e-05,0.0175000175,1.180557917e-05
363,0.01266667933,8.444461333e-06,0.01266667933,8.444461333e-06
364,0.02366669033,1.611114333e-05,0.02366669033,1.611114333e-05
365,0.016000016,1.0666688e-05,0.016000016,1.0666688e-05
366,0.01666668333,1.2000024e-05,0.01666668333,1.2000024e-05
367,0.01533334867,1.022224267e-05,0.01533334867,1.022224267e-05
368,0.01533334867,1.022224267e-05,0.01533334867,1.022224267e-05
369,0.01533334867,1.111113333e-05,0.01533334867,1.111113333e-05
370,0.01066667733,7.111125333e-06,0.01066667733,7.111125333e-06
371,0.02066668733,1.377780533e-05,0.02066668733,1.377780533e-05
372,0.015000015,1.0333354e-05,0.015000015,1.0333354e-05
373,0.01133334467,7.555570667e-06,0.01133334467,7.555570667e-06
374,0.01533334867,1.111113333e-05,0.01533334867,1.111113333e-05
375,0.01333334667,8.888906667e-06,0.01333334667,8.888906667e-06
376,0.01933335267,1.288891467e-05,0.01933335267,1.288891467e-05
377,0.01533334867,1.022224267e-05,0.01533334867,1.022224267e-05
378,0.01466668133,1.0666688e-05,0.01466668133,1.0666688e-05
379,0.01333334667,8.888906667e-06,0.01333334667,8.888906667e-06
380,0.014000014,1.022224267e-05,0.014000014,1.022224267e-05
381,0.01009524819,6.802734693e-06,0.01009524819,6.802734693e-06
382,0.01933335267,1.288891467e-05,0.01933335267,1.288891467e-05
383,0.012000012,8.000016e-06,0.012000012,8.000016e-06
384,0.01533334867,1.022224267e-05,0.01533334867,1.022224267e-05
385,0.009333342667,6.222234667e-06,0.009333342667,6.222234667e-06
386,0.01466668133,9.777797333e-06,0.01466668133,9.777797333e-06
387,0.01533334867,1.022224267e-05,0.01533334867,1.022224267e-05
388,0.01666668333,1.2000024e-05,0.01666668333,1.2000024e-05
389,0.01733335067,1.155557867e-05,0.01733335067,1.155557867e-05
390,0.01466668133,9.777797333e-06,0.01466668133,9.777797333e-06
391,0.01933335267,1.377780533e-05,0.01933335267,1.377780533e-05
392,0.016000016,1.0666688e-05,0.016000016,1.0666688e-05
393,0.008666675333,6.66668e-06,0.008666675333,6.66668e-06
394,0.012000012,8.000016e-06,0.012000012,8.000016e-06
395,0.01533334867,1.022224267e-05,0.01533334867,1.022224267e-05
396,0.01666668333,1.111113333e-05,0.01666668333,1.111113333e-05
397,0.01333334667,8.888906667e-06,0.01333334667,8.888906667e-06
398,0.01533334867,1.022224267e-05,0.01533334867,1.022224267e-05
399,0.01533334867,1.022224267e-05,0.01533334867,1.022224267e-05
400,0.009333342667,6.222234667e-06,0.009333342667,6.222234667e-06
401,0.01033334367,7.222236667e-06,0.01033334367,7.222236667e-06
402,0.01066667733,7.111125333e-06,0.01066667733,7.111125333e-06
403,0.01488890378,1.012347704e-05,0.01488890378,1.012347704e-05
404,0.014000014,9.333352e-06,0.014000014,9.333352e-06
405,0.01333334667,8.888906667e-06,0.01333334667,8.888906667e-06
406,0.01066667733,7.111125333e-06,0.01066667733,7.111125333e-06
407,0.008666675333,5.777789333e-06,0.008666675333,5.777789333e-06
408,0.01266667933,8.444461333e-06,0.01266667933,8.444461333e-06
409,0.01133334467,7.555570667e-06,0.01133334467,7.555570667e-06
410,0.009333342667,6.222234667e-06,0.009333342667,6.222234667e-06
411,0.014000014,1.022224267e-05,0.014000014,1.022224267e-05
412,0.012000012,8.000016e-06,0.012000012,8.000016e-06
413,0.007333340667,4.888898667e-06,0.007333340667,4.888898667e-06
414,0.01733335067,1.155557867e-05,0.01733335067,1.155557867e-05
415,0.009333342667,6.222234667e-06,0.009333342667,6.222234667e-06
416,0.01133334467,7.555570667e-06,0.01133334467,7.555570667e-06
417,0.012000012,8.000016e-06,0.012000012,8.000016e-06
418,0.01066667733,7.111125333e-06,0.01066667733,7.111125333e-06
419,0.01133334467,8.444461333e-06,0.01133334467,8.444461333e-06
420,0.01266667933,8.444461333e-06,0.01266667933,8.444461333e-06
421,0.012000012,8.888906667e-06,0.012000012,8.888906667e-06
422,0.01233334567,8.555572667e-06,0.01233334567,8.555572667e-06
423,0.01266667933,8.444461333e-06,0.01266667933,8.444461333e-06
424,0.014000014,9.333352e-06,0.014000014,9.333352e-06
425,0.01266667933,8.444461333e-06,0.01266667933,8.444461333e-06
426,0.006000006,4.000008e-06,0.006000006,4.000008e-06
427,0.009833343167,7.138903167e-06,0.009833343167,7.138903167e-06
428,0.01533334867,1.022224267e-05,0.01533334867,1.022224267e-05
429,0.02133335467,1.422225067e-05,0.02133335467,1.422225067e-05
430,0.01466668133,9.777797333e-06,0.01466668133,9.777797333e-06
431,0.01066667733,7.111125333e-06,0.01066667733,7.111125333e-06
432,0.01166667833,8.111127333e-06,0.01166667833,8.111127333e-06
433,0.012000012,8.000016e-06,0.012000012,8.000016e-06
434,0.008666675333,5.777789333e-06,0.008666675333,5.777789333e-06
435,0.016000016,1.0666688e-05,0.016000016,1.0666688e-05
436,0.01466668133,1.0666688e-05,0.01466668133,1.0666688e-05
437,0.006666673333,4.444453333e-06,0.006666673333,4.444453333e-06
438,0.008000008,5.333344e-06,0.008000008,5.333344e-06
439,0.01066667733,7.111125333e-06,0.01066667733,7.111125333e-06
440,0.008000008,5.333344e-06,0.008000008,5.333344e-06
441,0.01266667933,8.444461333e-06,0.01266667933,8.444461333e-06
442,0.008666675333,5.777789333e-06,0.008666675333,5.777789333e-06
443,0.01000001,6.66668e-06,0.01000001,6.66668e-06
444,0.007333340667,4.888898667e-06,0.007333340667,4.888898667e-06
445,0.01066667733,7.111125333e-06,0.01066667733,7.111125333e-06
446,0.007777785556,5.679023703e-06,0.007777785556,5.679023703e-06
447,0.006666673333,4.444453333e-06,0.006666673333,4.444453333e-06
448,0.008666675333,5.777789333e-06,0.008666675333,5.777789333e-06
449,0.006000006,4.000008e-06,0.006000006,4.000008e-06
450,0.01000001,6.66668e-06,0.01000001,6.66668e-06
451,0.009333342667,6.222234667e-06,0.009333342667,6.222234667e-06
452,0.008000008,6.222234667e-06,0.008000008,6.222234667e-06
453,0.01266667933,8.444461333e-06,0.01266667933,8.444461333e-06
454,0.008000008,5.333344e-06,0.008000008,5.333344e-06
455,0.008666675333,5.777789333e-06,0.008666675333,5.777789333e-06
456,0.009333342667,1.4000028e-05,0.009333342667,1.4000028e-05
457,0.008000008,5.333344e-06,0.008000008,5.333344e-06
458,0.007333340667,4.888898667e-06,0.007333340667,4.888898667e-06
459,0.01266667933,9.333352e-06,0.01266667933,9.333352e-06
460,0.01066667733,7.111125333e-06,0.01066667733,7.111125333e-06
461,0.01066667733,7.111125333e-06,0.01066667733,7.111125333e-06
462,0.008000008,5.333344e-06,0.008000008,5.333344e-06
463,0.014000014,9.333352e-06,0.014000014,9.333352e-06
464,0.01266667933,8.444461333e-06,0.01266667933,8.444461333e-06
465,0.01000001,6.66668e-06,0.01000001,6.66668e-06
466,0.01000001,6.66668e-06,0.01000001,6.66668e-06
467,0.01000001,6.66668e-06,0.01000001,6.66668e-06
468,0.012000012,8.000016e-06,0.012000012,8.000016e-06
469,0.009333342667,6.222234667e-06,0.009333342667,6.222234667e-06
470,0.01266667933,8.444461333e-06,0.01266667933,8.444461333e-06
471,0.012000012,8.000016e-06,0.012000012,8.000016e-06
472,0.007333340667,4.888898667e-06,0.007333340667,4.888898667e-06
473,0.005333338667,3.555562667e-06,0.005333338667,3.555562667e-06
474,0.008000008,5.333344e-06,0.008000008,5.333344e-06
475,0.01333334667,8.888906667e-06,0.01333334667,8.888906667e-06
476,0.006666673333,4.444453333e-06,0.006666673333,4.444453333e-06
477,0.01066667733,7.111125333e-06,0.01066667733,7.111125333e-06
478,0.01266667933,8.444461333e-06,0.01266667933,8.444461333e-06
479,0.007333340667,4.888898667e-06,0.007333340667,4.888898667e-06
480,0.007333340667,4.888898667e-06,0.007333340667,4.888898667e-06
481,0.009333342667,6.222234667e-06,0.009333342667,6.222234667e-06
482,0.01266667933,8.444461333e-06,0.01266667933,8.444461333e-06
483,0.007333340667,4.888898667e-06,0.007333340667,4.888898667e-06
484,0.007333340667,4.888898667e-06,0.007333340667,4.888898667e-06
485,0.005333338667,3.555562667e-06,0.005333338667,3.555562667e-06
486,0.01000001,6.66668e-06,0.01000001,6.66668e-06
487,0.004000004,2.666672e-06,0.004000004,2.666672e-06
488,0.01466668133,9.777797333e-06,0.01466668133,9.777797333e-06
489,0.006000006,4.888898667e-06,0.006000006,4.888898667e-06
490,0.006666673333,4.444453333e-06,0.006666673333,4.444453333e-06
491,0.008000008,5.333344e-06,0.008000008,5.333344e-06
492,0.005333338667,3.555562667e-06,0.005333338667,3.555562667e-06
493,0.009333342667,6.222234667e-06,0.009333342667,6.222234667e-06
494,0.007333340667,4.888898667e-06,0.007333340667,4.888898667e-06
495,0.009333342667,6.222234667e-06,0.009333342667,6.222234667e-06
496,0.014000014,9.333352e-06,0.014000014,9.333352e-06
497,0.012000012,8.000016e-06,0.012000012,8.000016e-06
498,0.006222228444,4.345687703e-06,0.006222228444,4.345687703e-06
499,0.01000001,6.66668e-06,0.01000001,6.66668e-06
500,0.004000004,3.555562667e-06,0.004000004,3.555562667e-06
501,0.01066667733,7.111125333e-06,0.01066667733,7.111125333e-06
502,0.01066667733,8.000016e-06,0.01066667733,8.000016e-06
503,0.008000008,5.333344e-06,0.008000008,5.333344e-06
504,0.006666673333,4.444453333e-06,0.006666673333,4.444453333e-06
505,0.004000004,2.666672e-06,0.004000004,2.666672e-06
506,0.008666675333,5.777789333e-06,0.008666675333,5.777789333e-06
507,0.01007408415,6.770932609e-06,0.01007408415,6.770932609e-06
508,0.007000007,5.00001e-06,0.007000007,5.00001e-06
509,0.008666675333,5.777789333e-06,0.008666675333,5.777789333e-06
510,0.6848562404,0.0004751255181,0.6848562404,0.0004751255181
511,0.006666673333,5.333344e-06,0.006666673333,5.333344e-06
512,0.006666673333,4.444453333e-06,0.006666673333,4.444453333e-06
513,0.01000001,7.555570667e-06,0.01000001,7.555570667e-06
514,0.005333338667,3.555562667e-06,0.005333338667,3.555562667e-06
515,0.004000004,2.666672e-06,0.004000004,2.666672e-06
516,0.006000006,4.000008e-06,0.006000006,4.000008e-06
517,0.004666671333,3.111117333e-06,0.004666671333,3.111117333e-06
518,0.006000006,4.000008e-06,0.006000006,4.000008e-06
519,0.008666675333,5.777789333e-06,0.008666675333,5.777789333e-06
520,0.003333336667,2.222226667e-06,0.003333336667,2.222226667e-06
521,0.007333340667,4.888898667e-06,0.007333340667,4.888898667e-06
522,0.004000004,2.666672e-06,0.004000004,2.666672e-06
523,0.003333336667,2.222226667e-06,0.003333336667,2.222226667e-06
524,0.002666669333,1.777781333e-06,0.002666669333,1.777781333e-06
525,0.008666675333,5.777789333e-06,0.008666675333,5.777789333e-06
526,0.006000006,4.000008e-06,0.006000006,4.000008e-06
527,0.003333336667,2.222226667e-06,0.003333336667,2.222226667e-06
528,0.006000006,4.000008e-06,0.006000006,4.000008e-06
529,0.002000002,1.333336e-06,0.002000002,1.333336e-06
530,0.003333336667,2.222226667e-06,0.003333336667,2.222226667e-06
531,0.007333340667,4.888898667e-06,0.007333340667,4.888898667e-06
532,0.006666673333,4.444453333e-06,0.006666673333,4.444453333e-06
533,0.008000008,5.333344e-06,0.008000008,5.333344e-06
534,0.006666673333,4.444453333e-06,0.006666673333,4.444453333e-06
535,0.006666673333,4.444453333e-06,0.006666673333,4.444453333e-06
536,0.006000006,4.000008e-06,0.006000006,4.000008e-06
537,0.003333336667,2.222226667e-06,0.003333336667,2.222226667e-06
538,0.004666671333,3.111117333e-06,0.004666671333,3.111117333e-06
539,0.004000004,2.666672e-06,0.004000004,2.666672e-06
540,0.006000006,4.000008e-06,0.006000006,4.000008e-06
541,0.006666673333,4.444453333e-06,0.006666673333,4.444453333e-06
542,0.005333338667,3.555562667e-06,0.005333338667,3.555562667e-06
543,0.003333336667,2.222226667e-06,0.003333336667,2.222226667e-06
544,0.005333338667,3.555562667e-06,0.005333338667,3.555562667e-06
545,0.002666669333,1.777781333e-06,0.002666669333,1.777781333e-06
546,0.002666669333,1.777781333e-06,0.002666669333,1.777781333e-06
547,0.008666675333,5.777789333e-06,0.008666675333,5.777789333e-06
548,0.006666673333,4.444453333e-06,0.006666673333,4.444453333e-06
549,0.005666672333,4.111119333e-06,0.005666672333,4.111119333e-06
550,0.003333336667,2.222226667e-06,0.003333336667,2.222226667e-06
551,0.003333336667,2.222226667e-06,0.003333336667,2.222226667e-06
552,0.004666671333,3.111117333e-06,0.004666671333,3.111117333e-06
553,0.004666671333,3.111117333e-06,0.004666671333,3.111117333e-06
554,0.006666673333,4.444453333e-06,0.006666673333,4.444453333e-06
555,0.006000006,4.000008e-06,0.006000006,4.000008e-06
556,0.005333338667,3.555562667e-06,0.005333338667,3.555562667e-06
557,0.004000004,2.666672e-06,0.004000004,2.666672e-06
558,0.004666671333,3.111117333e-06,0.004666671333,3.111117333e-06
559,0.004666671333,4.888898667e-06,0.004666671333,4.888898667e-06
560,0.004666671333,4.000008e-06,0.004666671333,4.000008e-06
561,0.003333336667,2.222226667e-06,0.003333336667,2.222226667e-06
562,0.004000004,2.666672e-06,0.004000004,2.666672e-06
563,0.006000006,5.777789333e-06,0.006000006,5.777789333e-06
564,0.006000006,4.000008e-06,0.006000006,4.000008e-06
565,0.006000006,4.000008e-06,0.006000006,4.000008e-06
566,0.002000002,1.333336e-06,0.002000002,1.333336e-06
567,0.004666671333,3.111117333e-06,0.004666671333,3.111117333e-06
568,0.004000004,2.666672e-06,0.004000004,2.666672e-06
569,0.004000004,2.666672e-06,0.004000004,2.666672e-06
570,0.01066667733,7.111125333e-06,0.01066667733,7.111125333e-06
571,0.005333338667,3.555562667e-06,0.005333338667,3.555562667e-06
572,0.002000002,1.333336e-06,0.002000002,1.333336e-06
573,0.005333338667,3.555562667e-06,0.005333338667,3.555562667e-06
574,0.002666669333,1.777781333e-06,0.002666669333,1.777781333e-06
575,0.003333336667,2.222226667e-06,0.003333336667,2.222226667e-06
576,0.006666673333,5.333344e-06,0.006666673333,5.333344e-06
577,0.009333342667,6.222234667e-06,0.009333342667,6.222234667e-06
578,0.002000002,1.333336e-06,0.002000002,1.333336e-06
579,0.005333338667,3.555562667e-06,0.005333338667,3.555562667e-06
580,0.004666671333,3.111117333e-06,0.004666671333,3.111117333e-06
581,0.006666673333,5.333344e-06,0.006666673333,5.333344e-06
582,0.003333336667,2.222226667e-06,0.003333336667,2.222226667e-06
583,0.004666671333,3.111117333e-06,0.004666671333,3.111117333e-06
584,0.006000006,4.000008e-06,0.006000006,4.000008e-06
585,0.005333338667,3.555562667e-06,0.005333338667,3.555562667e-06
586,0.004666671333,3.111117333e-06,0.004666671333,3.111117333e-06
587,0.004000004,2.666672e-06,0.004000004,2.666672e-06
588,0.004666671333,3.111117333e-06,0.004666671333,3.111117333e-06
589,0.003333336667,2.222226667e-06,0.003333336667,2.222226667e-06
590,0.002666669333,1.777781333e-06,0.002666669333,1.777781333e-06
591,0.004000004,2.666672e-06,0.004000004,2.666672e-06
592,0.005333338667,3.555562667e-06,0.005333338667,3.555562667e-06
593,0.001333334667,8.888906667e-07,0.001333334667,8.888906667e-07
594,0.007333340667,4.888898667e-06,0.007333340667,4.888898667e-06
595,0.007333340667,4.888898667e-06,0.007333340667,4.888898667e-06
596,0.002666669333,1.777781333e-06,0.002666669333,1.777781333e-06
597,0.006000006,4.000008e-06,0.006000006,4.000008e-06
598,0.004666671333,3.111117333e-06,0.004666671333,3.111117333e-06
599,0.004666671333,3.111117333e-06,0.004666671333,3.111117333e-06
600,0.004000004,2.666672e-06,0.004000004,2.666672e-06
601,0.003333336667,2.222226667e-06,0.003333336667,2.222226667e-06
602,0.003333336667,2.222226667e-06,0.003333336667,2.222226667e-06
603,0.006000006,4.000008e-06,0.006000006,4.000008e-06
604,0.005333338667,3.555562667e-06,0.005333338667,3.555562667e-06
605,0.006000006,4.000008e-06,0.006000006,4.000008e-06
606,0.004666671333,3.111117333e-06,0.004666671333,3.111117333e-06
607,0.002000002,1.333336e-06,0.002000002,1.333336e-06
608,0.001333334667,8.888906667e-07,0.001333334667,8.888906667e-07
609,0.005333338667,3.555562667e-06,0.005333338667,3.555562667e-06
610,0.002666669333,1.777781333e-06,0.002666669333,1.777781333e-06
611,0.004000004,2.666672e-06,0.004000004,2.666672e-06
612,0.006333339667,4.555564667e-06,0.006333339667,4.555564667e-06
613,0.001333334667,8.888906667e-07,0.001333334667,8.888906667e-07
614,0.003333336667,2.222226667e-06,0.003333336667,2.222226667e-06
615,0.004000004,2.666672e-06,0.004000004,2.666672e-06
616,0.004000004,2.666672e-06,0.004000004,2.666672e-06
617,0.002000002,1.333336e-06,0.002000002,1.333336e-06
618,0.002666669333,1.777781333e-06,0.002666669333,1.777781333e-06
619,0.004666671333,3.111117333e-06,0.004666671333,3.111117333e-06
620,0.004666671333,3.111117333e-06,0.004666671333,3.111117333e-06
621,0.003555559111,2.56790637e-06,0.003555559111,2.56790637e-06
622,0.003333336667,2.222226667e-06,0.003333336667,2.222226667e-06
623,0.004000004,3.555562667e-06,0.004000004,3.555562667e-06
624,0.004000004,2.666672e-06,0.004000004,2.666672e-06
625,0.004666671333,3.111117333e-06,0.004666671333,3.111117333e-06
626,0.003333336667,2.222226667e-06,0.003333336667,2.222226667e-06
627,0.004666671333,3.111117333e-06,0.004666671333,3.111117333e-06
628,0.002666669333,1.777781333e-06,0.002666669333,1.777781333e-06
629,0.009333342667,6.222234667e-06,0.009333342667,6.222234667e-06
630,0.004666671333,3.111117333e-06,0.004666671333,3.111117333e-06
631,0.004666671333,3.111117333e-06,0.004666671333,3.111117333e-06
632,0.001333334667,8.888906667e-07,0.001333334667,8.888906667e-07
633,0.003333336667,2.222226667e-06,0.003333336667,2.222226667e-06
634,0.003333336667,2.222226667e-06,0.003333336667,2.222226667e-06
635,0.002000002,1.333336e-06,0.002000002,1.333336e-06
636,0.002666669333,1.777781333e-06,0.002666669333,1.777781333e-06
637,0.004666671333,3.111117333e-06,0.004666671333,3.111117333e-06
638,0.004000004,2.666672e-06,0.004000004,2.666672e-06
639,0.006666673333,4.444453333e-06,0.006666673333,4.444453333e-06
640,0.004000004,2.666672e-06,0.004000004,2.666672e-06
641,0.003333336667,2.222226667e-06,0.003333336667,2.222226667e-06
642,0.002000002,1.333336e-06,0.002000002,1.333336e-06
643,0.002666669333,1.777781333e-06,0.002666669333,1.777781333e-06
644,0.002666669333,1.777781333e-06,0.002666669333,1.777781333e-06
645,0.003333336667,2.222226667e-06,0.003333336667,2.222226667e-06
646,0.004000004,2.666672e-06,0.004000004,2.666672e-06
647,0.007333340667,4.888898667e-06,0.007333340667,4.888898667e-06
648,0.004666671333,3.111117333e-06,0.004666671333,3.111117333e-06
649,0.004000004,3.555562667e-06,0.004000004,3.555562667e-06
650,0.004666671333,3.111117333e-06,0.004666671333,3.111117333e-06
651,0.004000004,2.666672e-06,0.004000004,2.666672e-06
652,0.006000006,4.000008e-06,0.006000006,4.000008e-06
653,0.004000004,2.666672e-06,0.004000004,2.666672e-06
654,0.0006666673333,4.444453333e-07,0.0006666673333,4.444453333e-07
655,0.005333338667,3.555562667e-06,0.005333338667,3.555562667e-06
656,0.003333336667,2.222226667e-06,0.003333336667,2.222226667e-06
657,0.002000002,1.333336e-06,0.002000002,1.333336e-06
658,0.002666669333,1.777781333e-06,0.002666669333,1.777781333e-06
659,0.006000006,4.000008e-06,0.006000006,4.000008e-06
660,0.004000004,2.666672e-06,0.004000004,2.666672e-06
661,0.006666673333,4.444453333e-06,0.006666673333,4.444453333e-06
662,0.002000002,1.333336e-06,0.002000002,1.333336e-06
663,0.002666669333,1.777781333e-06,0.002666669333,1.777781333e-06
664,0.002666669333,1.777781333e-06,0.002666669333,1.777781333e-06
665,0.002666669333,1.777781333e-06,0.002666669333,1.777781333e-06
666,0.001333334667,8.888906667e-07,0.001333334667,8.888906667e-07
667,0.004000004,2.666672e-06,0.004000004,2.666672e-06
668,0.004000004,2.666672e-06,0.004000004,2.666672e-06
669,0.004000004,2.666672e-06,0.004000004,2.666672e-06
670,0.006000006,4.000008e-06,0.006000006,4.000008e-06
671,0.002000002,1.333336e-06,0.002000002,1.333336e-06
672,0.001333334667,8.888906667e-07,0.001333334667,8.888906667e-07
673,0.002000002,1.333336e-06,0.002000002,1.333336e-06
674,0.003333336667,2.222226667e-06,0.003333336667,2.222226667e-06
675,0.002666669333,1.777781333e-06,0.002666669333,1.777781333e-06
676,0.002000002,1.333336e-06,0.002000002,1.333336e-06
677,0.002000002,1.333336e-06,0.002000002,1.333336e-06
678,0.002666669333,1.777781333e-06,0.002666669333,1.777781333e-06
679,0.002000002,1.333336e-06,0.002000002,1.333336e-06
680,0.002000002,1.333336e-06,0.002000002,1.333336e-06
681,0.006666673333,4.444453333e-06,0.006666673333,4.444453333e-06
682,0.003333336667,2.222226667e-06,0.003333336667,2.222226667e-06
683,0.002000002,1.333336e-06,0.002000002,1.333336e-06
684,0.003333336667,2.222226667e-06,0.003333336667,2.222226667e-06
685,0.002666669333,1.777781333e-06,0.002666669333,1.777781333e-06
686,0.003333336667,2.222226667e-06,0.003333336667,2.222226667e-06
687,0.004000004,2.666672e-06,0.004000004,2.666672e-06
688,0.002666669333,1.777781333e-06,0.002666669333,1.777781333e-06
689,0.004000004,2.666672e-06,0.004000004,2.666672e-06
690,0.004666671333,3.111117333e-06,0.004666671333,3.111117333e-06
691,0.002666669333,1.777781333e-06,0.002666669333,1.777781333e-06
692,0.002666669333,1.777781333e-06,0.002666669333,1.777781333e-06
693,0.003000003,2.333338e-06,0.003000003,2.333338e-06
694,0.004000004,2.666672e-06,0.004000004,2.666672e-06
695,0.005333338667,3.555562667e-06,0.005333338667,3.555562667e-06
696,0.005333338667,3.555562667e-06,0.005333338667,3.555562667e-06
697,0.002000002,1.333336e-06,0.002000002,1.333336e-06
698,0.004000004,2.666672e-06,0.004000004,2.666672e-06
699,0.003333336667,2.222226667e-06,0.003333336667,2.222226667e-06
700,0.003333336667,2.222226667e-06,0.003333336667,2.222226667e-06
701,0.005333338667,3.555562667e-06,0.005333338667,3.555562667e-06
702,0.004666671333,3.111117333e-06,0.004666671333,3.111117333e-06
703,0.005333338667,3.555562667e-06,0.005333338667,3.555562667e-06
704,0.002666669333,1.777781333e-06,0.002666669333,1.777781333e-06
705,0.001333334667,8.888906667e-07,0.001333334667,8.888906667e-07
706,0.002000002,1.333336e-06,0.002000002,1.333336e-06
707,0.002666669333,1.777781333e-06,0.002666669333,1.777781333e-06
708,0.004000004,2.666672e-06,0.004000004,2.666672e-06
709,0.003333336667,2.222226667e-06,0.003333336667,2.222226667e-06
710,0.002000002,1.333336e-06,0.002000002,1.333336e-06
711,0.002000002,1.333336e-06,0.002000002,1.333336e-06
712,0.004000004,2.666672e-06,0.004000004,2.666672e-06
713,0.002666669333,1.777781333e-06,0.002666669333,1.777781333e-06
714,0.001333334667,8.888906667e-07,0.001333334667,8.888906667e-07
715,0.004000004,2.666672e-06,0.004000004,2.666672e-06
716,0.002000002,1.333336e-06,0.002000002,1.333336e-06
717,0.004000004,2.666672e-06,0.004000004,2.666672e-06
718,0.002761907524,1.913836027e-06,0.002761907524,1.913836027e-06
719,0.002000002,1.333336e-06,0.002000002,1.333336e-06
720,0.001555557111,1.23457037e-06,0.001555557111,1.23457037e-06
721,0.002000002,1.333336e-06,0.002000002,1.333336e-06
722,0.002000002,1.333336e-06,0.002000002,1.333336e-06
723,0.001333334667,8.888906667e-07,0.001333334667,8.888906667e-07
724,0.006000006,4.000008e-06,0.006000006,4.000008e-06
725,0.002000002,1.333336e-06,0.002000002,1.333336e-06
726,0.0006666673333,4.444453333e-07,0.0006666673333,4.444453333e-07
727,0.005333338667,3.555562667e-06,0.005333338667,3.555562667e-06
728,0.004000004,2.666672e-06,0.004000004,2.666672e-06
729,0.004666671333,3.111117333e-06,0.004666671333,3.111117333e-06
730,0.004000004,2.666672e-06,0.004000004,2.666672e-06
731,0.002666669333,1.777781333e-06,0.002666669333,1.777781333e-06
732,0.003333336667,2.222226667e-06,0.003333336667,2.222226667e-06
733,0.003333336667,2.222226667e-06,0.003333336667,2.222226667e-06
734,0.0006666673333,4.444453333e-07,0.0006666673333,4.444453333e-07
735,0.002000002,1.333336e-06,0.002000002,1.333336e-06
736,0.0006666673333,4.444453333e-07,0.0006666673333,4.444453333e-07
737,0.003333336667,3.111117333e-06,0.003333336667,3.111117333e-06
738,0.001333334667,8.888906667e-07,0.001333334667,8.888906667e-07
739,0.002888891778,2.123461037e-06,0.002888891778,2.123461037e-06
740,0.002666669333,1.777781333e-06,0.002666669333,1.777781333e-06
741,0.002666669333,1.777781333e-06,0.002666669333,1.777781333e-06
742,0.001333334667,8.888906667e-07,0.001333334667,8.888906667e-07
743,0.004666671333,3.111117333e-06,0.004666671333,3.111117333e-06
744,0.004666671333,4.000008e-06,0.004666671333,4.000008e-06
745,0.004000004,2.666672e-06,0.004000004,2.666672e-06
746,0.003333336667,2.222226667e-06,0.003333336667,2.222226667e-06
747,0.002000002,1.333336e-06,0.002000002,1.333336e-06
748,0.002666669333,1.777781333e-06,0.002666669333,1.777781333e-06
749,0.004666671333,3.111117333e-06,0.004666671333,3.111117333e-06
750,0.002666669333,2.666672e-06,0.002666669333,2.666672e-06
751,0.002666669333,1.777781333e-06,0.002666669333,1.777781333e-06
752,0.002000002,1.333336e-06,0.002000002,1.333336e-06
753,0.001333334667,8.888906667e-07,0.001333334667,8.888906667e-07
754,0.002666669333,1.777781333e-06,0.002666669333,1.777781333e-06
755,0.004888893778,3.456797037e-06,0.004888893778,3.456797037e-06
756,0.001333334667,8.888906667e-07,0.001333334667,8.888906667e-07
757,0.0006666673333,4.444453333e-07,0.0006666673333,4.444453333e-07
758,0.004666671333,3.111117333e-06,0.004666671333,3.111117333e-06
759,0.0006666673333,4.444453333e-07,0.0006666673333,4.444453333e-07
760,0.002000002,1.333336e-06,0.002000002,1.333336e-06
761,0.004000004,2.666672e-06,0.004000004,2.666672e-06
762,0.0006666673333,4.444453333e-07,0.0006666673333,4.444453333e-07
763,0.004000004,2.666672e-06,0.004000004,2.666672e-06
764,0.003333336667,2.222226667e-06,0.003333336667,2.222226667e-06
765,0,0,0,0
766,0.002666669333,1.777781333e-06,0.002666669333,1.777781333e-06
767,0.003333336667,2.222226667e-06,0.003333336667,2.222226667e-06
768,0.004666671333,3.111117333e-06,0.004666671333,3.111117333e-06
769,0.002666669333,1.777781333e-06,0.002666669333,1.777781333e-06
770,0.002666669333,1.777781333e-06,0.002666669333,1.777781333e-06
771,0.001333334667,8.888906667e-07,0.001333334667,8.888906667e-07
772,0.0028000028,1.97333728e-06,0.0028000028,1.97333728e-06
773,0.003333336667,2.222226667e-06,0.003333336667,2.222226667e-06
774,0.0006666673333,4.444453333e-07,0.0006666673333,4.444453333e-07
775,0.004000004,2.666672e-06,0.004000004,2.666672e-06
776,0.003333336667,2.222226667e-06,0.003333336667,2.222226667e-06
777,0.002666669333,1.777781333e-06,0.002666669333,1.777781333e-06
778,0.003333336667,2.222226667e-06,0.003333336667,2.222226667e-06
779,0.0006666673333,4.444453333e-07,0.0006666673333,4.444453333e-07
780,0.003333336667,2.222226667e-06,0.003333336667,2.222226667e-06
781,0.002000002,1.333336e-06,0.002000002,1.333336e-06
782,0.002666669333,1.777781333e-06,0.002666669333,1.777781333e-06
783,0.0006666673333,4.444453333e-07,0.0006666673333,4.444453333e-07
784,0.005333338667,3.555562667e-06,0.005333338667,3.555562667e-06
785,0.005333338667,4.444453333e-06,0.005333338667,4.444453333e-06
786,0.002666669333,1.777781333e-06,0.002666669333,1.777781333e-06
787,0.004000004,2.666672e-06,0.004000004,2.666672e-06
788,0.002666669333,1.777781333e-06,0.002666669333,1.777781333e-06
789,0.004000004,2.666672e-06,0.004000004,2.666672e-06
790,0.002000002,1.333336e-06,0.002000002,1.333336e-06
791,0.001333334667,8.888906667e-07,0.001333334667,8.888906667e-07
792,0.004000004,2.666672e-06,0.004000004,2.666672e-06
793,0.002000002,1.333336e-06,0.002000002,1.333336e-06
794,0.002000002,1.333336e-06,0.002000002,1.333336e-06
795,0.003333336667,2.222226667e-06,0.003333336667,2.222226667e-06
796,0.001333334667,8.888906667e-07,0.001333334667,8.888906667e-07
797,0.005333338667,3.555562667e-06,0.005333338667,3.555562667e-06
798,0.002000002,1.333336e-06,0.002000002,1.333336e-06
799,0.004000004,2.666672e-06,0.004000004,2.666672e-06
800,0.001333334667,8.888906667e-07,0.001333334667,8.888906667e-07
801,0.005333338667,3.555562667e-06,0.005333338667,3.555562667e-06
802,0.002666669333,1.777781333e-06,0.002666669333,1.777781333e-06
803,0.002000002,1.333336e-06,0.002000002,1.333336e-06
804,0.002666669333,1.777781333e-06,0.002666669333,1.777781333e-06
805,0.001333334667,8.888906667e-07,0.001333334667,8.888906667e-07
806,0.002000002,1.333336e-06,0.002000002,1.333336e-06
807,0.003333336667,2.222226667e-06,0.003333336667,2.222226667e-06
808,0.002000002,1.333336e-06,0.002000002,1.333336e-06
809,0.0006666673333,4.444453333e-07,0.0006666673333,4.444453333e-07
810,0.001333334667,8.888906667e-07,0.001333334667,8.888906667e-07
811,0.0006666673333,4.444453333e-07,0.0006666673333,4.444453333e-07
812,0.006666673333,4.444453333e-06,0.006666673333,4.444453333e-06
813,0.0006666673333,4.444453333e-07,0.0006666673333,4.444453333e-07
814,0.003333336667,2.222226667e-06,0.003333336667,2.222226667e-06
815,0.004000004,2.666672e-06,0.004000004,2.666672e-06
816,0.0006666673333,4.444453333e-07,0.0006666673333,4.444453333e-07
817,0.0006666673333,4.444453333e-07,0.0006666673333,4.444453333e-07
818,0.002000002,1.333336e-06,0.002000002,1.333336e-06
819,0.001333334667,8.888906667e-07,0.001333334667,8.888906667e-07
820,0.002666669333,1.777781333e-06,0.002666669333,1.777781333e-06
821,0.003333336667,3.111117333e-06,0.003333336667,3.111117333e-06
822,0.002000002,1.333336e-06,0.002000002,1.333336e-06
823,0.003333336667,2.222226667e-06,0.003333336667,2.222226667e-06
824,0.002666669333,1.777781333e-06,0.002666669333,1.777781333e-06
825,0.002000002,1.333336e-06,0.002000002,1.333336e-06
826,0.001333334667,8.888906667e-07,0.001333334667,8.888906667e-07
827,0.002000002,1.333336e-06,0.002000002,1.333336e-06
828,0.003333336667,2.222226667e-06,0.003333336667,2.222226667e-06
829,0.0006666673333,4.444453333e-07,0.0006666673333,4.444453333e-07
830,0.004000004,2.666672e-06,0.004000004,2.666672e-06
831,0.003333336667,2.222226667e-06,0.003333336667,2.222226667e-06
832,0.003333336667,2.222226667e-06,0.003333336667,2.222226667e-06
833,0,0,0,0
834,0.003333336667,2.222226667e-06,0.003333336667,2.222226667e-06
835,0.001333334667,8.888906667e-07,0.001333334667,8.888906667e-07
836,0.001333334667,8.888906667e-07,0.001333334667,8.888906667e-07
837,0,0,0,0
838,0.003333336667,2.222226667e-06,0.003333336667,2.222226667e-06
839,0.004111115222,2.827166148e-06,0.004111115222,2.827166148e-06
840,0.003333336667,2.222226667e-06,0.003333336667,2.222226667e-06
841,0.001333334667,8.888906667e-07,0.001333334667,8.888906667e-07
842,0.002000002,1.333336e-06,0.002000002,1.333336e-06
843,0.004666671333,3.111117333e-06,0.004666671333,3.111117333e-06
844,0.002000002,1.333336e-06,0.002000002,1.333336e-06
845,0.004000004,2.666672e-06,0.004000004,2.666672e-06
846,0.002666669333,1.777781333e-06,0.002666669333,1.777781333e-06
847,0.002000002,1.333336e-06,0.002000002,1.333336e-06
848,0.006000006,4.888898667e-06,0.006000006,4.888898667e-06
849,0.0006666673333,4.444453333e-07,0.0006666673333,4.444453333e-07
850,0.002666669333,1.777781333e-06,0.002666669333,1.777781333e-06
851,0.0006666673333,4.444453333e-07,0.0006666673333,4.444453333e-07
852,0.005333338667,3.555562667e-06,0.005333338667,3.555562667e-06
853,0.002000002,1.333336e-06,0.002000002,1.333336e-06
854,0.004000004,2.666672e-06,0.004000004,2.666672e-06
855,0.004666671333,3.111117333e-06,0.004666671333,3.111117333e-06
856,0.003523813048,2.51247668e-06,0.003523813048,2.51247668e-06
857,0.002000002,1.333336e-06,0.002000002,1.333336e-06
858,0.001333334667,8.888906667e-07,0.001333334667,8.888906667e-07
859,0.002666669333,1.777781333e-06,0.002666669333,1.777781333e-06
860,0,0,0,0
861,0.002000002,1.333336e-06,0.002000002,1.333336e-06
862,0.001333334667,8.888906667e-07,0.001333334667,8.888906667e-07
863,0.002666669333,1.777781333e-06,0.002666669333,1.777781333e-06
864,0.002000002,2.222226667e-06,0.002000002,2.222226667e-06
865,0.003333336667,2.222226667e-06,0.003333336667,2.222226667e-06
866,0.0006666673333,4.444453333e-07,0.0006666673333,4.444453333e-07
867,0.005333338667,3.555562667e-06,0.005333338667,3.555562667e-06
868,0.003333336667,2.222226667e-06,0.003333336667,2.222226667e-06
869,0.004000004,2.666672e-06,0.004000004,2.666672e-06
870,0.002666669333,1.777781333e-06,0.002666669333,1.777781333e-06
871,0,0,0,0
872,0.0006666673333,4.444453333e-07,0.0006666673333,4.444453333e-07
873,0.0006666673333,4.444453333e-07,0.0006666673333,4.444453333e-07
874,0.0006666673333,4.444453333e-07,0.0006666673333,4.444453333e-07
875,0.001333334667,8.888906667e-07,0.001333334667,8.888906667e-07
876,0.002666669333,1.777781333e-06,0.002666669333,1.777781333e-06
877,0.002000002,1.333336e-06,0.002000002,1.333336e-06
878,0.002666669333,1.777781333e-06,0.002666669333,1.777781333e-06
879,0.0006666673333,4.444453333e-07,0.0006666673333,4.444453333e-07
880,0.0006666673333,4.444453333e-07,0.0006666673333,4.444453333e-07
881,0.002666669333,1.777781333e-06,0.002666669333,1.777781333e-06
882,0.002666669333,1.777781333e-06,0.002666669333,1.777781333e-06
883,0,0,0,0
884,0.003333336667,2.222226667e-06,0.003333336667,2.222226667e-06
885,0.002000002,1.333336e-06,0.002000002,1.333336e-06
886,0.002000002,1.333336e-06,0.002000002,1.333336e-06
887,0.002000002,1.333336e-06,0.002000002,1.333336e-06
888,0.002000002,1.333336e-06,0.002000002,1.333336e-06
889,0.001428572857,1.024945361e-06,0.001428572857,1.024945361e-06
890,0.002666669333,1.777781333e-06,0.002666669333,1.777781333e-06
891,0.005333338667,3.555562667e-06,0.005333338667,3.555562667e-06
892,0.001333334667,8.888906667e-07,0.001333334667,8.888906667e-07
893,0.002666669333,1.777781333e-06,0.002666669333,1.777781333e-06
894,0.002000002,1.333336e-06,0.002000002,1.333336e-06
895,0.005333338667,3.555562667e-06,0.005333338667,3.555562667e-06
896,0,0,0,0
897,0.004000004,2.666672e-06,0.004000004,2.666672e-06
898,0.003333336667,3.111117333e-06,0.003333336667,3.111117333e-06
899,0.002666669333,1.777781333e-06,0.002666669333,1.777781333e-06
900,0.003333336667,2.222226667e-06,0.003333336667,2.222226667e-06
901,0.002000002,1.333336e-06,0.002000002,1.333336e-06
902,0.001333334667,8.888906667e-07,0.001333334667,8.888906667e-07
903,0.0006666673333,4.444453333e-07,0.0006666673333,4.444453333e-07
904,0,0,0,0
905,0.004000004,2.666672e-06,0.004000004,2.666672e-06
906,0.003333336667,2.222226667e-06,0.003333336667,2.222226667e-06
907,0.002000002,1.333336e-06,0.002000002,1.333336e-06
908,0.001333334667,8.888906667e-07,0.001333334667,8.888906667e-07
909,0.004000004,2.666672e-06,0.004000004,2.666672e-06
910,0.004000004,2.666672e-06,0.004000004,2.666672e-06
911,0.004000004,2.666672e-06,0.004000004,2.666672e-06
912,0.002666669333,1.777781333e-06,0.002666669333,1.777781333e-06
913,0.002000002,1.333336e-06,0.002000002,1.333336e-06
914,0.001333334667,8.888906667e-07,0.001333334667,8.888906667e-07
915,0.002000002,1.333336e-06,0.002000002,1.333336e-06
916,0.001333334667,8.888906667e-07,0.001333334667,8.888906667e-07
917,0,0,0,0
918,0,0,0,0
919,0.002666669333,1.777781333e-06,0.002666669333,1.777781333e-06
920,0.002000002,1.333336e-06,0.002000002,1.333336e-06
921,0.003333336667,2.222226667e-06,0.003333336667,2.222226667e-06
922,0.0006666673333,4.444453333e-07,0.0006666673333,4.444453333e-07
923,0.0006666673333,4.444453333e-07,0.0006666673333,4.444453333e-07
924,0.002666669333,1.777781333e-06,0.002666669333,1.777781333e-06
925,0.002000002,1.333336e-06,0.002000002,1.333336e-06
926,0.002000002,1.333336e-06,0.002000002,1.333336e-06
927,0.003333336667,2.222226667e-06,0.003333336667,2.222226667e-06
928,0.001333334667,8.888906667e-07,0.001333334667,8.888906667e-07
929,0.002666669333,1.777781333e-06,0.002666669333,1.777781333e-06
930,0.002000002,1.333336e-06,0.002000002,1.333336e-06
931,0.002000002,1.333336e-06,0.002000002,1.333336e-06
932,0.002666669333,1.777781333e-06,0.002666669333,1.777781333e-06
933,0.001333334667,8.888906667e-07,0.001333334667,8.888906667e-07
934,0.004000004,2.666672e-06,0.004000004,2.666672e-06
935,0.002666669333,1.777781333e-06,0.002666669333,1.777781333e-06
936,0.002000002,1.333336e-06,0.002000002,1.333336e-06
937,0.002000002,1.333336e-06,0.002000002,1.333336e-06
938,0.002000002,1.333336e-06,0.002000002,1.333336e-06
939,0.004000004,2.666672e-06,0.004000004,2.666672e-06
940,0.004666671333,3.111117333e-06,0.004666671333,3.111117333e-06
941,0.0006666673333,4.444453333e-07,0.0006666673333,4.444453333e-07
942,0.004666671333,3.111117333e-06,0.004666671333,3.111117333e-06
943,0.0006666673333,4.444453333e-07,0.0006666673333,4.444453333e-07
944,0.001333334667,8.888906667e-07,0.001333334667,8.888906667e-07
945,0.002000002,1.333336e-06,0.002000002,1.333336e-06
946,0.003333336667,3.111117333e-06,0.003333336667,3.111117333e-06
947,0.0006666673333,4.444453333e-07,0.0006666673333,4.444453333e-07
948,0.0006666673333,4.444453333e-07,0.0006666673333,4.444453333e-07
949,0.0006666673333,4.444453333e-07,0.0006666673333,4.444453333e-07
950,0.001333334667,8.888906667e-07,0.001333334667,8.888906667e-07
951,0.0006666673333,4.444453333e-07,0.0006666673333,4.444453333e-07
952,0.002666669333,1.777781333e-06,0.002666669333,1.777781333e-06
953,0.0006666673333,4.444453333e-07,0.0006666673333,4.444453333e-07
954,0.001333334667,8.888906667e-07,0.001333334667,8.888906667e-07
955,0.002000002,1.333336e-06,0.002000002,1.333336e-06
956,0.003333336667,2.222226667e-06,0.003333336667,2.222226667e-06
957,0.003333336667,2.222226667e-06,0.003333336667,2.222226667e-06
958,0.004666671333,3.111117333e-06,0.004666671333,3.111117333e-06
959,0.002000002,1.333336e-06,0.002000002,1.333336e-06
960,0.001333334667,8.888906667e-07,0.001333334667,8.888906667e-07
961,0.0006666673333,4.444453333e-07,0.0006666673333,4.444453333e-07
962,0.0006666673333,4.444453333e-07,0.0006666673333,4.444453333e-07
963,0.001333334667,8.888906667e-07,0.001333334667,8.888906667e-07
964,0.002666669333,1.777781333e-06,0.002666669333,1.777781333e-06
965,0.0006666673333,4.444453333e-07,0.0006666673333,4.444453333e-07
966,0,0,0,0
967,0,0,0,0
968,0.002000002,1.333336e-06,0.002000002,1.333336e-06
969,0.002000002,1.333336e-06,0.002000002,1.333336e-06
970,0,0,0,0
971,0.001333334667,8.888906667e-07,0.001333334667,8.888906667e-07
972,0.002666669333,1.777781333e-06,0.002666669333,1.777781333e-06
973,0.001333334667,8.888906667e-07,0.001333334667,8.888906667e-07
974,0.002000002,1.333336e-06,0.002000002,1.333336e-06
975,0.002666669333,1.777781333e-06,0.002666669333,1.777781333e-06
976,0.003333336667,2.222226667e-06,0.003333336667,2.222226667e-06
977,0.001333334667,8.888906667e-07,0.001333334667,8.888906667e-07
978,0.0006666673333,4.444453333e-07,0.0006666673333,4.444453333e-07
979,0.004000004,3.555562667e-06,0.004000004,3.555562667e-06
980,0.002000002,1.333336e-06,0.002000002,1.333336e-06
981,0.002666669333,1.777781333e-06,0.002666669333,1.777781333e-06
982,0.001333334667,8.888906667e-07,0.001333334667,8.888906667e-07
983,0.002000002,1.333336e-06,0.002000002,1.333336e-06
984,0.003333336667,2.222226667e-06,0.003333336667,2.222226667e-06
985,0.002666669333,1.777781333e-06,0.002666669333,1.777781333e-06
986,0.0006666673333,4.444453333e-07,0.0006666673333,4.444453333e-07
987,0.002666669333,1.777781333e-06,0.002666669333,1.777781333e-06
988,0,0,0,0
989,0.001333334667,8.888906667e-07,0.001333334667,8.888906667e-07
990,0.002000002,1.333336e-06,0.002000002,1.333336e-06
991,0,0,0,0
992,0.0006666673333,4.444453333e-07,0.0006666673333,4.444453333e-07
993,0.002666669333,1.777781333e-06,0.002666669333,1.777781333e-06
994,0.002666669333,1.777781333e-06,0.002666669333,1.777781333e-06
995,0.001333334667,8.888906667e-07,0.001333334667,8.888906667e-07
996,0.0006666673333,4.444453333e-07,0.0006666673333,4.444453333e-07
997,0.002000002,1.333336e-06,0.002000002,1.333336e-06
998,0.0006666673333,4.444453333e-07,0.0006666673333,4.444453333e-07
999,0.002000002,1.333336e-06,0.002000002,1.333336e-06
1000,0.0006666673333,4.444453333e-07,0.0006666673333,4.444453333e-07
1001,0.003333336667,2.222226667e-06,0.003333336667,2.222226667e-06
1002,0.004000004,2.666672e-06,0.004000004,2.666672e-06
1003,0.0006666673333,4.444453333e-07,0.0006666673333,4.444453333e-07
1004,0.0006666673333,4.444453333e-07,0.0006666673333,4.444453333e-07
1005,0.002000002,1.333336e-06,0.002000002,1.333336e-06
1006,0.002666669333,1.777781333e-06,0.002666669333,1.777781333e-06
1007,0.001333334667,8.888906667e-07,0.001333334667,8.888906667e-07
1008,0.0006666673333,4.444453333e-07,0.0006666673333,4.444453333e-07
1009,0.001333334667,8.888906667e-07,0.001333334667,8.888906667e-07
1010,0.0006666673333,4.444453333e-07,0.0006666673333,4.444453333e-07
1011,0.002666669333,1.777781333e-06,0.002666669333,1.777781333e-06
1012,0.001333334667,8.888906667e-07,0.001333334667,8.888906667e-07
1013,0.0006666673333,4.444453333e-07,0.0006666673333,4.444453333e-07
1014,0.0006666673333,4.444453333e-07,0.0006666673333,4.444453333e-07
1015,0.003666670333,2.777783333e-06,0.003666670333,2.777783333e-06
1016,0.002000002,1.333336e-06,0.002000002,1.333336e-06
1017,0.004000004,2.666672e-06,0.004000004,2.666672e-06
1018,0.002666669333,1.777781333e-06,0.002666669333,1.777781333e-06
1019,0.0006666673333,4.444453333e-07,0.0006666673333,4.444453333e-07
1020,0.002000002,1.333336e-06,0.002000002,1.333336e-06
1021,0.001333334667,8.888906667e-07,0.001333334667,8.888906667e-07
1022,0.0006666673333,4.444453333e-07,0.0006666673333,4.444453333e-07
1023,0.001333334667,8.888906667e-07,0.001333334667,8.888906667e-07
1024,0.0006666673333,4.444453333e-07,0.0006666673333,4.444453333e-07
1025,0.001333334667,8.888906667e-07,0.001333334667,8.888906667e-07
1026,0.002000002,1.333336e-06,0.002000002,1.333336e-06
1027,0.002000002,1.333336e-06,0.002000002,1.333336e-06
1028,0.003333336667,2.222226667e-06,0.003333336667,2.222226667e-06
1029,0.001333334667,8.888906667e-07,0.001333334667,8.888906667e-07
1030,0.0006666673333,4.444453333e-07,0.0006666673333,4.444453333e-07
1031,0.0006666673333,4.444453333e-07,0.0006666673333,4.444453333e-07
1032,0.004000004,2.666672e-06,0.004000004,2.666672e-06
1033,0.002666669333,1.777781333e-06,0.002666669333,1.777781333e-06
1034,0.002666669333,1.777781333e-06,0.002666669333,1.777781333e-06
1035,0.0006666673333,4.444453333e-07,0.0006666673333,4.444453333e-07
1036,0.0006666673333,4.444453333e-07,0.0006666673333,4.444453333e-07
1037,0.002000002,1.333336e-06,0.002000002,1.333336e-06
1038,0.002000002,1.333336e-06,0.002000002,1.333336e-06
1039,0.001333334667,8.888906667e-07,0.001333334667,8.888906667e-07
1040,0.001333334667,8.888906667e-07,0.001333334667,8.888906667e-07
1041,0.003333336667,2.222226667e-06,0.003333336667,2.222226667e-06
1042,0.001333334667,8.888906667e-07,0.001333334667,8.888906667e-07
1043,0.001333334667,8.888906667e-07,0.001333334667,8.888906667e-07
1044,0.0006666673333,4.444453333e-07,0.0006666673333,4.444453333e-07
1045,0.002666669333,1.777781333e-06,0.002666669333,1.777781333e-06
1046,0.002666669333,1.777781333e-06,0.002666669333,1.777781333e-06
1047,0.001333334667,1.777781333e-06,0.001333334667,1.777781333e-06
1048,0,0,0,0
1049,0.001333334667,8.888906667e-07,0.001333334667,8.888906667e-07
1050,0.002000002,1.333336e-06,0.002000002,1.333336e-06
1051,0.002666669333,1.777781333e-06,0.002666669333,1.777781333e-06
1052,0.0006666673333,4.444453333e-07,0.0006666673333,4.444453333e-07
1053,0.0006666673333,4.444453333e-07,0.0006666673333,4.444453333e-07
1054,0.002000002,1.333336e-06,0.002000002,1.333336e-06
1055,0.002666669333,1.777781333e-06,0.002666669333,1.777781333e-06
1056,0.002000002,1.333336e-06,0.002000002,1.333336e-06
1057,0.002000002,1.333336e-06,0.002000002,1.333336e-06
1058,0.002666669333,1.777781333e-06,0.002666669333,1.777781333e-06
1059,0.0006666673333,4.444453333e-07,0.0006666673333,4.444453333e-07
1060,0.001333334667,8.888906667e-07,0.001333334667,8.888906667e-07
1061,0,0,0,0
1062,0.003333336667,2.222226667e-06,0.003333336667,2.222226667e-06
1063,0.0006666673333,4.444453333e-07,0.0006666673333,4.444453333e-07
1064,0.004666671333,4.000008e-06,0.004666671333,4.000008e-06
1065,0.002000002,1.333336e-06,0.002000002,1.333336e-06
1066,0.002000002,1.333336e-06,0.002000002,1.333336e-06
1067,0.0006666673333,4.444453333e-07,0.0006666673333,4.444453333e-07
1068,0.0006666673333,4.444453333e-07,0.0006666673333,4.444453333e-07
1069,0,0,0,0
1070,0.003333336667,2.222226667e-06,0.003333336667,2.222226667e-06
1071,0,0,0,0
1072,0,0,0,0
1073,0.002666669333,1.777781333e-06,0.002666669333,1.777781333e-06
1074,0.0006666673333,4.444453333e-07,0.0006666673333,4.444453333e-07
1075,0.0006666673333,4.444453333e-07,0.0006666673333,4.444453333e-07
1076,0.001333334667,8.888906667e-07,0.001333334667,8.888906667e-07
1077,0.001333334667,8.888906667e-07,0.001333334667,8.888906667e-07
1078,0.003333336667,2.222226667e-06,0.003333336667,2.222226667e-06
1079,0.002000002,1.333336e-06,0.002000002,1.333336e-06
1080,0.0006666673333,4.444453333e-07,0.0006666673333,4.444453333e-07
1081,0.002666669333,2.666672e-06,0.002666669333,2.666672e-06
1082,0.001333334667,8.888906667e-07,0.001333334667,8.888906667e-07
1083,0.002000002,1.333336e-06,0.002000002,1.333336e-06
1084,0.002666669333,1.777781333e-06,0.002666669333,1.777781333e-06
1085,0.002666669333,2.666672e-06,0.002666669333,2.666672e-06
1086,0.0006666673333,4.444453333e-07,0.0006666673333,4.444453333e-07
1087,0.001333334667,8.888906667e-07,0.001333334667,8.888906667e-07
1088,0,0,0,0
1089,0.002000002,1.333336e-06,0.002000002,1.333336e-06
1090,0.001333334667,8.888906667e-07,0.001333334667,8.888906667e-07
1091,0.0006666673333,4.444453333e-07,0.0006666673333,4.444453333e-07
1092,0.002000002,1.333336e-06,0.002000002,1.333336e-06
1093,0.002666669333,1.777781333e-06,0.002666669333,1.777781333e-06
1094,0.003333336667,2.222226667e-06,0.003333336667,2.222226667e-06
1095,0.002000002,1.333336e-06,0.002000002,1.333336e-06
1096,0.001333334667,8.888906667e-07,0.001333334667,8.888906667e-07
1097,0.001333334667,8.888906667e-07,0.001333334667,8.888906667e-07
1098,0.002666669333,1.777781333e-06,0.002666669333,1.777781333e-06
1099,0.003333336667,2.222226667e-06,0.003333336667,2.222226667e-06
1100,0.002000002,1.333336e-06,0.002000002,1.333336e-06
1101,0.001333334667,8.888906667e-07,0.001333334667,8.888906667e-07
1102,0.0006666673333,4.444453333e-07,0.0006666673333,4.444453333e-07
1103,0.002000002,1.333336e-06,0.002000002,1.333336e-06
1104,0.001333334667,8.888906667e-07,0.001333334667,8.888906667e-07
1105,0.001333334667,8.888906667e-07,0.001333334667,8.888906667e-07
1106,0.002000002,1.333336e-06,0.002000002,1.333336e-06
1107,0.002000002,1.333336e-06,0.002000002,1.333336e-06
1108,0.003333336667,2.222226667e-06,0.003333336667,2.222226667e-06
1109,0.0006666673333,4.444453333e-07,0.0006666673333,4.444453333e-07
1110,0.0015000015,1.138891167e-06,0.0015000015,1.138891167e-06
1111,0,0,0,0
1112,0,0,0,0
1113,0.002000002,1.333336e-06,0.002000002,1.333336e-06
1114,0.001333334667,8.888906667e-07,0.001333334667,8.888906667e-07
1115,0.001333334667,8.888906667e-07,0.001333334667,8.888906667e-07
1116,0.002666669333,1.777781333e-06,0.002666669333,1.777781333e-06
1117,0.002666669333,1.777781333e-06,0.002666669333,1.777781333e-06
1118,0.0006666673333,4.444453333e-07,0.0006666673333,4.444453333e-07
1119,0.001333334667,8.888906667e-07,0.001333334667,8.888906667e-07
1120,0.0006666673333,4.444453333e-07,0.0006666673333,4.444453333e-07
1121,0.002000002,1.333336e-06,0.002000002,1.333336e-06
1122,0.001333334667,8.888906667e-07,0.001333334667,8.888906667e-07
1123,0.001333334667,8.888906667e-07,0.001333334667,8.888906667e-07
1124,0.003333336667,2.222226667e-06,0.003333336667,2.222226667e-06
1125,0.001333334667,8.888906667e-07,0.001333334667,8.888906667e-07
1126,0.0006666673333,4.444453333e-07,0.0006666673333,4.444453333e-07
1127,0.001333334667,8.888906667e-07,0.001333334667,8.888906667e-07
1128,0.002666669333,1.777781333e-06,0.002666669333,1.777781333e-06
1129,0.003333336667,2.222226667e-06,0.003333336667,2.222226667e-06
1130,0.002000002,1.333336e-06,0.002000002,1.333336e-06
1131,0.001333334667,8.888906667e-07,0.001333334667,8.888906667e-07
1132,0.0006666673333,4.444453333e-07,0.0006666673333,4.444453333e-07
1133,0.001333334667,8.888906667e-07,0.001333334667,8.888906667e-07
1134,0.0006666673333,4.444453333e-07,0.0006666673333,4.444453333e-07
1135,0.001333334667,8.888906667e-07,0.001333334667,8.888906667e-07
1136,0.0006666673333,4.444453333e-07,0.0006666673333,4.444453333e-07
1137,0.0006666673333,4.444453333e-07,0.0006666673333,4.444453333e-07
1138,0.001333334667,8.888906667e-07,0.001333334667,8.888906667e-07
1139,0.0006666673333,4.444453333e-07,0.0006666673333,4.444453333e-07
1140,0.001333334667,8.888906667e-07,0.001333334667,8.888906667e-07
1141,0.002000002,1.333336e-06,0.002000002,1.333336e-06
1142,0.001333334667,8.888906667e-07,0.001333334667,8.888906667e-07
1143,0.002666669333,2.666672e-06,0.002666669333,2.666672e-06
1144,0.0006666673333,4.444453333e-07,0.0006666673333,4.444453333e-07
1145,0.002000002,1.333336e-06,0.002000002,1.333336e-06
1146,0.001333334667,8.888906667e-07,0.001333334667,8.888906667e-07
1147,0.0006666673333,4.444453333e-07,0.0006666673333,4.444453333e-07
1148,0.002000002,1.333336e-06,0.002000002,1.333336e-06
1149,0.0006666673333,4.444453333e-07,0.0006666673333,4.444453333e-07
1150,0.003333336667,2.222226667e-06,0.003333336667,2.222226667e-06
1151,0.001333334667,8.888906667e-07,0.001333334667,8.888906667e-07
1152,0.001333334667,8.888906667e-07,0.001333334667,8.888906667e-07
1153,0.0006666673333,4.444453333e-07,0.0006666673333,4.444453333e-07
1154,0.002000002,1.333336e-06,0.002000002,1.333336e-06
1155,0.0006666673333,4.444453333e-07,0.0006666673333,4.444453333e-07
1156,0,0,0,0
1157,0.001333334667,8.888906667e-07,0.001333334667,8.888906667e-07
1158,0.002000002,1.333336e-06,0.002000002,1.333336e-06
1159,0.002000002,1.333336e-06,0.002000002,1.333336e-06
1160,0.002000002,1.333336e-06,0.002000002,1.333336e-06
1161,0.002000002,1.333336e-06,0.002000002,1.333336e-06
1162,0.002000002,1.333336e-06,0.002000002,1.333336e-06
1163,0.002666669333,1.777781333e-06,0.002666669333,1.777781333e-06
1164,0.0006666673333,4.444453333e-07,0.0006666673333,4.444453333e-07
1165,0.0006666673333,4.444453333e-07,0.0006666673333,4.444453333e-07
1166,0.001333334667,8.888906667e-07,0.001333334667,8.888906667e-07
1167,0.001333334667,8.888906667e-07,0.001333334667,8.888906667e-07
1168,0.002000002,1.333336e-06,0.002000002,1.333336e-06
1169,0.001333334667,8.888906667e-07,0.001333334667,8.888906667e-07
1170,0,0,0,0
1171,0.003333336667,2.222226667e-06,0.003333336667,2.222226667e-06
1172,0.001333334667,8.888906667e-07,0.001333334667,8.888906667e-07
1173,0.001333334667,8.888906667e-07,0.001333334667,8.888906667e-07
1174,0.001333334667,8.888906667e-07,0.001333334667,8.888906667e-07
1175,0,0,0,0
1176,0.001333334667,8.888906667e-07,0.001333334667,8.888906667e-07
1177,0.002000002,1.333336e-06,0.002000002,1.333336e-06
1178,0.0006666673333,4.444453333e-07,0.0006666673333,4.444453333e-07
1179,0.0006666673333,4.444453333e-07,0.0006666673333,4.444453333e-07
1180,0.0006666673333,4.444453333e-07,0.0006666673333,4.444453333e-07
1181,0.0006666673333,4.444453333e-07,0.0006666673333,4.444453333e-07
1182,0.001333334667,8.888906667e-07,0.001333334667,8.888906667e-07
1183,0,0,0,0
1184,0,0,0,0
1185,0.002000002,1.333336e-06,0.002000002,1.333336e-06
1186,0.0006666673333,4.444453333e-07,0.0006666673333,4.444453333e-07
1187,0.001333334667,8.888906667e-07,0.001333334667,8.888906667e-07
1188,0.002000002,1.333336e-06,0.002000002,1.333336e-06
1189,0.001333334667,8.888906667e-07,0.001333334667,8.888906667e-07
1190,0.0006666673333,4.444453333e-07,0.0006666673333,4.444453333e-07
1191,0,0,0,0
1192,0.002666669333,1.777781333e-06,0.002666669333,1.777781333e-06
1193,0.0006666673333,4.444453333e-07,0.0006666673333,4.444453333e-07
1194,0.0006666673333,4.444453333e-07,0.0006666673333,4.444453333e-07
1195,0.001333334667,8.888906667e-07,0.001333334667,8.888906667e-07
1196,0.002000002,1.333336e-06,0.002000002,1.333336e-06
1197,0,0,0,0
1198,0.0006666673333,4.444453333e-07,0.0006666673333,4.444453333e-07
1199,0.001333334667,8.888906667e-07,0.001333334667,8.888906667e-07
1200,0.0006666673333,4.444453333e-07,0.0006666673333,4.444453333e-07
1201,0.002666669333,1.777781333e-06,0.002666669333,1.777781333e-06
1202,0.001333334667,8.888906667e-07,0.001333334667,8.888906667e-07
1203,0.0006666673333,4.444453333e-07,0.0006666673333,4.444453333e-07
1204,0.002000002,1.333336e-06,0.002000002,1.333336e-06
1205,0.0006666673333,4.444453333e-07,0.0006666673333,4.444453333e-07
1206,0.002000002,1.333336e-06,0.002000002,1.333336e-06
1207,0.0006666673333,4.444453333e-07,0.0006666673333,4.444453333e-07
1208,0.001333334667,8.888906667e-07,0.001333334667,8.888906667e-07
1209,0.0006666673333,4.444453333e-07,0.0006666673333,4.444453333e-07
1210,0.0006666673333,4.444453333e-07,0.0006666673333,4.444453333e-07
1211,0.002000002,1.333336e-06,0.002000002,1.333336e-06
1212,0.001333334667,8.888906667e-07,0.001333334667,8.888906667e-07
1213,0.006000006,4.000008e-06,0.006000006,4.000008e-06
1214,0.0006666673333,4.444453333e-07,0.0006666673333,4.444453333e-07
1215,0.001333334667,8.888906667e-07,0.001333334667,8.888906667e-07
1216,0.001333334667,8.888906667e-07,0.001333334667,8.888906667e-07
1217,0.002000002,1.333336e-06,0.002000002,1.333336e-06
1218,0.001333334667,8.888906667e-07,0.001333334667,8.888906667e-07
1219,0.002666669333,1.777781333e-06,0.002666669333,1.777781333e-06
1220,0.0006666673333,4.444453333e-07,0.0006666673333,4.444453333e-07
1221,0,0,0,0
1222,0,0,0,0
1223,0.001555557111,1.23457037e-06,0.001555557111,1.23457037e-06
1224,0.0006666673333,4.444453333e-07,0.0006666673333,4.444453333e-07
1225,0.002000002,1.333336e-06,0.002000002,1.333336e-06
1226,0.001333334667,8.888906667e-07,0.001333334667,8.888906667e-07
1227,0,0,0,0
1228,0.002666669333,1.777781333e-06,0.002666669333,1.777781333e-06
1229,0.002000002,1.333336e-06,0.002000002,1.333336e-06
1230,0.001333334667,8.888906667e-07,0.001333334667,8.888906667e-07
1231,0.0006666673333,4.444453333e-07,0.0006666673333,4.444453333e-07
1232,0.002666669333,1.777781333e-06,0.002666669333,1.777781333e-06
1233,0.0006666673333,4.444453333e-07,0.0006666673333,4.444453333e-07
1234,0.001333334667,8.888906667e-07,0.001333334667,8.888906667e-07
1235,0.002666669333,1.777781333e-06,0.002666669333,1.777781333e-06
1236,0.0006666673333,4.444453333e-07,0.0006666673333,4.444453333e-07
1237,0.001333334667,8.888906667e-07,0.001333334667,8.888906667e-07
1238,0.002000002,1.333336e-06,0.002000002,1.333336e-06
1239,0.002000002,1.333336e-06,0.002000002,1.333336e-06
1240,0.001333334667,8.888906667e-07,0.001333334667,8.888906667e-07
1241,0.001333334667,8.888906667e-07,0.001333334667,8.888906667e-07
1242,0.002000002,1.333336e-06,0.002000002,1.333336e-06
1243,0,0,0,0
1244,0.001333334667,8.888906667e-07,0.001333334667,8.888906667e-07
1245,0.002000002,1.333336e-06,0.002000002,1.333336e-06
1246,0,0,0,0
1247,0.001333334667,8.888906667e-07,0.001333334667,8.888906667e-07
1248,0.002666669333,1.777781333e-06,0.002666669333,1.777781333e-06
1249,0.001333334667,8.888906667e-07,0.001333334667,8.888906667e-07
1250,0.001333334667,8.888906667e-07,0.001333334667,8.888906667e-07
1251,0.003333336667,2.222226667e-06,0.003333336667,2.222226667e-06
1252,0.001333334667,8.888906667e-07,0.001333334667,8.888906667e-07
1253,0.001333334667,8.888906667e-07,0.001333334667,8.888906667e-07
1254,0,0,0,0
1255,0.002666669333,1.777781333e-06,0.002666669333,1.777781333e-06
1256,0.0006666673333,4.444453333e-07,0.0006666673333,4.444453333e-07
1257,0.002666669333,1.777781333e-06,0.002666669333,1.777781333e-06
1258,0,0,0,0
1259,0.001333334667,8.888906667e-07,0.001333334667,8.888906667e-07
1260,0.0006666673333,4.444453333e-07,0.0006666673333,4.444453333e-07
1261,0.001333334667,8.888906667e-07,0.001333334667,8.888906667e-07
1262,0.001333334667,8.888906667e-07,0.001333334667,8.888906667e-07
1263,0,0,0,0
1264,0.001333334667,8.888906667e-07,0.001333334667,8.888906667e-07
1265,0.0006666673333,4.444453333e-07,0.0006666673333,4.444453333e-07
1266,0.001333334667,8.888906667e-07,0.001333334667,8.888906667e-07
1267,0,0,0,0
1268,0.001333334667,8.888906667e-07,0.001333334667,8.888906667e-07
1269,0.004000004,2.666672e-06,0.004000004,2.666672e-06
1270,0.0006666673333,4.444453333e-07,0.0006666673333,4.444453333e-07
1271,0.002000002,1.333336e-06,0.002000002,1.333336e-06
1272,0.001333334667,8.888906667e-07,0.001333334667,8.888906667e-07
1273,0.002666669333,1.777781333e-06,0.002666669333,1.777781333e-06
1274,0,0,0,0
1275,0.0006666673333,4.444453333e-07,0.0006666673333,4.444453333e-07
1276,0,0,0,0
1277,0.002000002,1.333336e-06,0.002000002,1.333336e-06
1278,0.002666669333,1.777781333e-06,0.002666669333,1.777781333e-06
1279,0.001333334667,8.888906667e-07,0.001333334667,8.888906667e-07
1280,0,0,0,0
1281,0,0,0,0
1282,0.002000002,1.333336e-06,0.002000002,1.333336e-06
1283,0.0006666673333,4.444453333e-07,0.0006666673333,4.444453333e-07
1284,0.001333334667,8.888906667e-07,0.001333334667,8.888906667e-07
1285,0.001333334667,8.888906667e-07,0.001333334667,8.888906667e-07
1286,0.0006666673333,4.444453333e-07,0.0006666673333,4.444453333e-07
1287,0,0,0,0
1288,0,0,0,0
1289,0.0006666673333,4.444453333e-07,0.0006666673333,4.444453333e-07
1290,0.001333334667,8.888906667e-07,0.001333334667,8.888906667e-07
1291,0.002000002,1.333336e-06,0.002000002,1.333336e-06
1292,0.002000002,1.333336e-06,0.002000002,1.333336e-06
1293,0.001333334667,8.888906667e-07,0.001333334667,8.888906667e-07
1294,0.0006666673333,4.444453333e-07,0.0006666673333,4.444453333e-07
1295,0.002000002,1.333336e-06,0.002000002,1.333336e-06
1296,0.001333334667,8.888906667e-07,0.001333334667,8.888906667e-07
1297,0.0006666673333,4.444453333e-07,0.0006666673333,4.444453333e-07
1298,0.001333334667,8.888906667e-07,0.001333334667,8.888906667e-07
1299,0.004000004,2.666672e-06,0.004000004,2.666672e-06
1300,0.0006666673333,4.444453333e-07,0.0006666673333,4.444453333e-07
1301,0.001333334667,8.888906667e-07,0.001333334667,8.888906667e-07
1302,0.002000002,1.333336e-06,0.002000002,1.333336e-06
1303,0.002666669333,1.777781333e-06,0.002666669333,1.777781333e-06
1304,0.002000002,1.333336e-06,0.002000002,1.333336e-06
1305,0.001333334667,8.888906667e-07,0.001333334667,8.888906667e-07
1306,0.0008888897777,7.90125037e-07,0.0008888897777,7.90125037e-07
1307,0.002666669333,1.777781333e-06,0.002666669333,1.777781333e-06
1308,0,0,0,0
1309,0.001333334667,8.888906667e-07,0.001333334667,8.888906667e-07
1310,0.0006666673333,4.444453333e-07,0.0006666673333,4.444453333e-07
1311,0.002666669333,1.777781333e-06,0.002666669333,1.777781333e-06
1312,0.0006666673333,4.444453333e-07,0.0006666673333,4.444453333e-07
1313,0.002000002,1.333336e-06,0.002000002,1.333336e-06
1314,0.0006666673333,4.444453333e-07,0.0006666673333,4.444453333e-07
1315,0.0006666673333,4.444453333e-07,0.0006666673333,4.444453333e-07
1316,0.001466668133,1.084446613e-06,0.001466668133,1.084446613e-06
1317,0,0,0,0
1318,0.0006666673333,4.444453333e-07,0.0006666673333,4.444453333e-07
1319,0.002666669333,1.777781333e-06,0.002666669333,1.777781333e-06
1320,0.0006666673333,4.444453333e-07,0.0006666673333,4.444453333e-07
1321,0.001333334667,8.888906667e-07,0.001333334667,8.888906667e-07
1322,0.001333334667,8.888906667e-07,0.001333334667,8.888906667e-07
1323,0,0,0,0
1324,0.001333334667,8.888906667e-07,0.001333334667,8.888906667e-07
1325,0.0006666673333,4.444453333e-07,0.0006666673333,4.444453333e-07
1326,0.002000002,1.333336e-06,0.002000002,1.333336e-06
1327,0.002666669333,1.777781333e-06,0.002666669333,1.777781333e-06
1328,0.0006666673333,4.444453333e-07,0.0006666673333,4.444453333e-07
1329,0.001333334667,8.888906667e-07,0.001333334667,8.888906667e-07
1330,0,0,0,0
1331,0.0006666673333,4.444453333e-07,0.0006666673333,4.444453333e-07
1332,0.001333334667,8.888906667e-07,0.001333334667,8.888906667e-07
1333,0.001333334667,8.888906667e-07,0.001333334667,8.888906667e-07
1334,0.0006666673333,4.444453333e-07,0.0006666673333,4.444453333e-07
1335,0.0006666673333,4.444453333e-07,0.0006666673333,4.444453333e-07
1336,0,0,0,0
1337,0.002666669333,1.777781333e-06,0.002666669333,1.777781333e-06
1338,0,0,0,0
1339,0,0,0,0
1340,0.003333336667,2.222226667e-06,0.003333336667,2.222226667e-06
1341,0,0,0,0
1342,0.0006666673333,4.444453333e-07,0.0006666673333,4.444453333e-07
1343,0,0,0,0
1344,0.002000002,1.333336e-06,0.002000002,1.333336e-06
1345,0.001333334667,8.888906667e-07,0.001333334667,8.888906667e-07
1346,0.001333334667,8.888906667e-07,0.001333334667,8.888906667e-07
1347,0,0,0,0
1348,0.0007037044073,4.95199893e-07,0.0007037044073,4.95199893e-07
1349,0.001333334667,8.888906667e-07,0.001333334667,8.888906667e-07
1350,0.001333334667,8.888906667e-07,0.001333334667,8.888906667e-07
1351,0.0006666673333,4.444453333e-07,0.0006666673333,4.444453333e-07
1352,0.001333334667,8.888906667e-07,0.001333334667,8.888906667e-07
1353,0.001333334667,8.888906667e-07,0.001333334667,8.888906667e-07
1354,0.001333334667,8.888906667e-07,0.001333334667,8.888906667e-07
1355,0.001333334667,8.888906667e-07,0.001333334667,8.888906667e-07
1356,0.002000002,1.333336e-06,0.002000002,1.333336e-06
1357,0.0006666673333,4.444453333e-07,0.0006666673333,4.444453333e-07
1358,0.0006666673333,4.444453333e-07,0.0006666673333,4.444453333e-07
1359,0.001333334667,8.888906667e-07,0.001333334667,8.888906667e-07
1360,0.003333336667,2.222226667e-06,0.003333336667,2.222226667e-06
1361,0.0006666673333,4.444453333e-07,0.0006666673333,4.444453333e-07
1362,0,0,0,0
1363,0.001333334667,8.888906667e-07,0.001333334667,8.888906667e-07
1364,0.001333334667,8.888906667e-07,0.001333334667,8.888906667e-07
1365,0.003333336667,2.222226667e-06,0.003333336667,2.222226667e-06
1366,0.002666669333,1.777781333e-06,0.002666669333,1.777781333e-06
1367,0.002666669333,1.777781333e-06,0.002666669333,1.777781333e-06
1368,0.001333334667,8.888906667e-07,0.001333334667,8.888906667e-07
1369,0.0006666673333,4.444453333e-07,0.0006666673333,4.444453333e-07
1370,0,0,0,0
1371,0.0006666673333,4.444453333e-07,0.0006666673333,4.444453333e-07
1372,0.002000002,1.333336e-06,0.002000002,1.333336e-06
1373,0.0006666673333,4.444453333e-07,0.0006666673333,4.444453333e-07
1374,0.0006666673333,4.444453333e-07,0.0006666673333,4.444453333e-07
1375,0.001333334667,8.888906667e-07,0.001333334667,8.888906667e-07
1376,0.0006666673333,4.444453333e-07,0.0006666673333,4.444453333e-07
1377,0.002000002,1.333336e-06,0.002000002,1.333336e-06
1378,0,0,0,0
1379,0,0,0,0
1380,0.001333334667,8.888906667e-07,0.001333334667,8.888906667e-07
1381,0.0006666673333,4.444453333e-07,0.0006666673333,4.444453333e-07
1382,0.002000002,1.333336e-06,0.002000002,1.333336e-06
1383,0.001333334667,8.888906667e-07,0.001333334667,8.888906667e-07
1384,0.0006666673333,4.444453333e-07,0.0006666673333,4.444453333e-07
1385,0,0,0,0
1386,0.002000002,1.333336e-06,0.002000002,1.333336e-06
1387,0,0,0,0
1388,0.002000002,1.333336e-06,0.002000002,1.333336e-06
1389,0.0006666673333,4.444453333e-07,0.0006666673333,4.444453333e-07
1390,0,0,0,0
1391,0,0,0,0
1392,0.001333334667,8.888906667e-07,0.001333334667,8.888906667e-07
1393,0.001333334667,8.888906667e-07,0.001333334667,8.888906667e-07
1394,0,0,0,0
1395,0.0006666673333,4.444453333e-07,0.0006666673333,4.444453333e-07
1396,0.0006666673333,4.444453333e-07,0.0006666673333,4.444453333e-07
1397,0.0006666673333,4.444453333e-07,0.0006666673333,4.444453333e-07
1398,0.002000002,1.333336e-06,0.002000002,1.333336e-06
1399,0.0006666673333,4.444453333e-07,0.0006666673333,4.444453333e-07
1400,0.001333334667,8.888906667e-07,0.001333334667,8.888906667e-07
1401,0,0,0,0
1402,0.001333334667,8.888906667e-07,0.001333334667,8.888906667e-07
1403,0.003333336667,2.222226667e-06,0.003333336667,2.222226667e-06
1404,0.001333334667,8.888906667e-07,0.001333334667,8.888906667e-07
1405,0,0,0,0
1406,0.002666669333,1.777781333e-06,0.002666669333,1.777781333e-06
1407,0.0006666673333,4.444453333e-07,0.0006666673333,4.444453333e-07
1408,0.002000002,1.333336e-06,0.002000002,1.333336e-06
1409,0.0006666673333,4.444453333e-07,0.0006666673333,4.444453333e-07
1410,0.002666669333,1.777781333e-06,0.002666669333,1.777781333e-06
1411,0.0006666673333,4.444453333e-07,0.0006666673333,4.444453333e-07
1412,0.001333334667,8.888906667e-07,0.001333334667,8.888906667e-07
1413,0.002000002,1.333336e-06,0.002000002,1.333336e-06
1414,0.0006666673333,4.444453333e-07,0.0006666673333,4.444453333e-07
1415,0,0,0,0
1416,0,0,0,0
1417,0.0006666673333,4.444453333e-07,0.0006666673333,4.444453333e-07
1418,0,0,0,0
1419,0.001333334667,8.888906667e-07,0.001333334667,8.888906667e-07
1420,0.001333334667,8.888906667e-07,0.001333334667,8.888906667e-07
1421,0.0006666673333,4.444453333e-07,0.0006666673333,4.444453333e-07
1422,0.0006666673333,4.444453333e-07,0.0006666673333,4.444453333e-07
1423,0.003333336667,2.222226667e-06,0.003333336667,2.222226667e-06
1424,0.001333334667,8.888906667e-07,0.001333334667,8.888906667e-07
1425,0.002000002,4.000008e-06,0.002000002,4.000008e-06
1426,0.0006666673333,4.444453333e-07,0.0006666673333,4.444453333e-07
1427,0.0006666673333,4.444453333e-07,0.0006666673333,4.444453333e-07
1428,0.001333334667,8.888906667e-07,0.001333334667,8.888906667e-07
1429,0.0006666673333,4.444453333e-07,0.0006666673333,4.444453333e-07
1430,0.0006666673333,4.444453333e-07,0.0006666673333,4.444453333e-07
1431,0.0006666673333,4.444453333e-07,0.0006666673333,4.444453333e-07
1432,0.0006666673333,4.444453333e-07,0.0006666673333,4.444453333e-07
1433,0.002000002,1.333336e-06,0.002000002,1.333336e-06
1434,0.001333334667,8.888906667e-07,0.001333334667,8.888906667e-07
1435,0.002000002,1.333336e-06,0.002000002,1.333336e-06
1436,0.001333334667,8.888906667e-07,0.001333334667,8.888906667e-07
1437,0.001333334667,8.888906667e-07,0.001333334667,8.888906667e-07
1438,0,0,0,0
1439,0.002000002,1.333336e-06,0.002000002,1.333336e-06
1440,0.002666669333,1.777781333e-06,0.002666669333,1.777781333e-06
1441,0.001333334667,8.888906667e-07,0.001333334667,8.888906667e-07
1442,0.001333334667,8.888906667e-07,0.001333334667,8.888906667e-07
1443,0.001333334667,8.888906667e-07,0.001333334667,8.888906667e-07
1444,0,0,0,0
1445,0.0006666673333,4.444453333e-07,0.0006666673333,4.444453333e-07
1446,0.001333334667,8.888906667e-07,0.001333334667,8.888906667e-07
1447,0.002000002,1.333336e-06,0.002000002,1.333336e-06
1448,0.0006666673333,4.444453333e-07,0.0006666673333,4.444453333e-07
1449,0.001333334667,8.888906667e-07,0.001333334667,8.888906667e-07
1450,0.004000004,2.666672e-06,0.004000004,2.666672e-06
1451,0.002666669333,1.777781333e-06,0.002666669333,1.777781333e-06
1452,0.002000002,1.333336e-06,0.002000002,1.333336e-06
1453,0.0006666673333,4.444453333e-07,0.0006666673333,4.444453333e-07
1454,0.002666669333,1.777781333e-06,0.002666669333,1.777781333e-06
1455,0,0,0,0
1456,0.0006666673333,4.444453333e-07,0.0006666673333,4.444453333e-07
1457,0.0006666673333,4.444453333e-07,0.0006666673333,4.444453333e-07
1458,0.0006666673333,4.444453333e-07,0.0006666673333,4.444453333e-07
1459,0.0006666673333,4.444453333e-07,0.0006666673333,4.444453333e-07
1460,0.002000002,1.333336e-06,0.002000002,1.333336e-06
1461,0.001333334667,8.888906667e-07,0.001333334667,8.888906667e-07
1462,0.003333336667,2.222226667e-06,0.003333336667,2.222226667e-06
1463,0.0006666673333,4.444453333e-07,0.0006666673333,4.444453333e-07
1464,0.0006666673333,4.444453333e-07,0.0006666673333,4.444453333e-07
1465,0.002000002,1.333336e-06,0.002000002,1.333336e-06
1466,0.0006666673333,4.444453333e-07,0.0006666673333,4.444453333e-07
1467,0.0006666673333,4.444453333e-07,0.0006666673333,4.444453333e-07
1468,0,0,0,0
1469,0.0006666673333,4.444453333e-07,0.0006666673333,4.444453333e-07
1470,0.0006666673333,4.444453333e-07,0.0006666673333,4.444453333e-07
1471,0.0006666673333,4.444453333e-07,0.0006666673333,4.444453333e-07
1472,0.002000002,1.333336e-06,0.002000002,1.333336e-06
1473,0.001333334667,8.888906667e-07,0.001333334667,8.888906667e-07
1474,0.002000002,2.222226667e-06,0.002000002,2.222226667e-06
1475,0.002666669333,1.777781333e-06,0.002666669333,1.777781333e-06
1476,0.0006666673333,4.444453333e-07,0.0006666673333,4.444453333e-07
1477,0,0,0,0
1478,0.002000002,1.333336e-06,0.002000002,1.333336e-06
1479,0.002666669333,1.777781333e-06,0.002666669333,1.777781333e-06
1480,0.001333334667,8.888906667e-07,0.001333334667,8.888906667e-07
1481,0.002000002,1.333336e-06,0.002000002,1.333336e-06
1482,0,0,0,0
1483,0.001333334667,8.888906667e-07,0.001333334667,8.888906667e-07
1484,0.0006666673333,4.444453333e-07,0.0006666673333,4.444453333e-07
1485,0.002000002,1.333336e-06,0.002000002,1.333336e-06
1486,0.001333334667,8.888906667e-07,0.001333334667,8.888906667e-07
1487,0.001333334667,8.888906667e-07,0.001333334667,8.888906667e-07
1488,0.002666669333,1.777781333e-06,0.002666669333,1.777781333e-06
1489,0.002666669333,1.777781333e-06,0.002666669333,1.777781333e-06
1490,0.001333334667,8.888906667e-07,0.001333334667,8.888906667e-07
1491,0.0006666673333,4.444453333e-07,0.0006666673333,4.444453333e-07
1492,0.002000002,1.333336e-06,0.002000002,1.333336e-06
1493,0.0006666673333,4.444453333e-07,0.0006666673333,4.444453333e-07
1494,0,0,0,0
1495,0.0006666673333,4.444453333e-07,0.0006666673333,4.444453333e-07
1496,0.0006666673333,4.444453333e-07,0.0006666673333,4.444453333e-07
1497,0.002000002,1.333336e-06,0.002000002,1.333336e-06
1498,0.002666669333,1.777781333e-06,0.002666669333,1.777781333e-06
1499,0.0006666673333,4.444453333e-07,0.0006666673333,4.444453333e-07
1500,0,0,0,0
1501,0.003333336667,2.222226667e-06,0.003333336667,2.222226667e-06
1502,0,0,0,0
1503,0.001333334667,8.888906667e-07,0.001333334667,8.888906667e-07
1504,0.001333334667,8.888906667e-07,0.001333334667,8.888906667e-07
1505,0.004000004,2.666672e-06,0.004000004,2.666672e-06
1506,0.001333334667,8.888906667e-07,0.001333334667,8.888906667e-07
1507,0,0,0,0
1508,0.002000002,1.333336e-06,0.002000002,1.333336e-06
1509,0.003333336667,2.222226667e-06,0.003333336667,2.222226667e-06
1510,0.001333334667,8.888906667e-07,0.001333334667,8.888906667e-07
1511,0.0006666673333,4.444453333e-07,0.0006666673333,4.444453333e-07
1512,0.0006666673333,4.444453333e-07,0.0006666673333,4.444453333e-07
1513,0.002000002,1.333336e-06,0.002000002,1.333336e-06
1514,0.001333334667,8.888906667e-07,0.001333334667,8.888906667e-07
1515,0.001333334667,8.888906667e-07,0.001333334667,8.888906667e-07
1516,0.0006666673333,4.444453333e-07,0.0006666673333,4.444453333e-07
1517,0.0006666673333,4.444453333e-07,0.0006666673333,4.444453333e-07
1518,0.0006666673333,4.444453333e-07,0.0006666673333,4.444453333e-07
1519,0.003333336667,2.222226667e-06,0.003333336667,2.222226667e-06
1520,0.001333334667,8.888906667e-07,0.001333334667,8.888906667e-07
1521,0,0,0,0
1522,0,0,0,0
1523,0,0,0,0
1524,0.0006666673333,4.444453333e-07,0.0006666673333,4.444453333e-07
1525,0.0006666673333,4.444453333e-07,0.0006666673333,4.444453333e-07
1526,0.0006666673333,4.444453333e-07,0.0006666673333,4.444453333e-07
1527,0.002666669333,1.777781333e-06,0.002666669333,1.777781333e-06
1528,0.0006666673333,4.444453333e-07,0.0006666673333,4.444453333e-07
1529,0.002666669333,1.777781333e-06,0.002666669333,1.777781333e-06
1530,0.0006666673333,4.444453333e-07,0.0006666673333,4.444453333e-07
1531,0.0006666673333,4.444453333e-07,0.0006666673333,4.444453333e-07
1532,0,0,0,0
1533,0.001333334667,8.888906667e-07,0.001333334667,8.888906667e-07
1534,0.0006666673333,4.444453333e-07,0.0006666673333,4.444453333e-07
1535,0.001333334667,8.888906667e-07,0.001333334667,8.888906667e-07
1536,0.0006666673333,4.444453333e-07,0.0006666673333,4.444453333e-07
1537,0.0006666673333,4.444453333e-07,0.0006666673333,4.444453333e-07
1538,0.0006666673333,4.444453333e-07,0.0006666673333,4.444453333e-07
1539,0,0,0,0
1540,0,0,0,0
1541,0.001444445889,1.049384815e-06,0.001444445889,1.049384815e-06
1542,0.0006666673333,4.444453333e-07,0.0006666673333,4.444453333e-07
1543,0,0,0,0
1544,0,0,0,0
1545,0,0,0,0
1546,0.001333334667,8.888906667e-07,0.001333334667,8.888906667e-07
1547,0.001333334667,8.888906667e-07,0.001333334667,8.888906667e-07
1548,0.0006666673333,4.444453333e-07,0.0006666673333,4.444453333e-07
1549,0.002000002,1.333336e-06,0.002000002,1.333336e-06
1550,0.002666669333,1.777781333e-06,0.002666669333,1.777781333e-06
1551,0.0006666673333,4.444453333e-07,0.0006666673333,4.444453333e-07
1552,0.002000002,1.333336e-06,0.002000002,1.333336e-06
1553,0.0006666673333,4.444453333e-07,0.0006666673333,4.444453333e-07
1554,0.0006666673333,4.444453333e-07,0.0006666673333,4.444453333e-07
1555,0.0006666673333,4.444453333e-07,0.0006666673333,4.444453333e-07
1556,0.0006666673333,4.444453333e-07,0.0006666673333,4.444453333e-07
1557,0.002000002,1.333336e-06,0.002000002,1.333336e-06
1558,0.0006666673333,4.444453333e-07,0.0006666673333,4.444453333e-07
1559,0.0006666673333,4.444453333e-07,0.0006666673333,4.444453333e-07
1560,0.001333334667,8.888906667e-07,0.001333334667,8.888906667e-07
1561,0.003333336667,2.222226667e-06,0.003333336667,2.222226667e-06
1562,0.0006666673333,4.444453333e-07,0.0006666673333,4.444453333e-07
1563,0.001333334667,8.888906667e-07,0.001333334667,8.888906667e-07
1564,0,0,0,0
1565,0.002000002,1.333336e-06,0.002000002,1.333336e-06
1566,0.0006666673333,4.444453333e-07,0.0006666673333,4.444453333e-07
1567,0.001333334667,8.888906667e-07,0.001333334667,8.888906667e-07
1568,0.001333334667,8.888906667e-07,0.001333334667,8.888906667e-07
1569,0.002000002,1.333336e-06,0.002000002,1.333336e-06
1570,0.001333334667,8.888906667e-07,0.001333334667,8.888906667e-07
1571,0,0,0,0
1572,0.0006666673333,4.444453333e-07,0.0006666673333,4.444453333e-07
1573,0.002000002,1.333336e-06,0.002000002,1.333336e-06
1574,0.001333334667,8.888906667e-07,0.001333334667,8.888906667e-07
1575,0.002666669333,1.777781333e-06,0.002666669333,1.777781333e-06
1576,0.001333334667,8.888906667e-07,0.001333334667,8.888906667e-07
1577,0.002666669333,1.777781333e-06,0.002666669333,1.777781333e-06
1578,0,0,0,0
1579,0.0006666673333,4.444453333e-07,0.0006666673333,4.444453333e-07
1580,0,0,0,0
1581,0.0006666673333,4.444453333e-07,0.0006666673333,4.444453333e-07
1582,0.0006666673333,4.444453333e-07,0.0006666673333,4.444453333e-07
1583,0,0,0,0
1584,0.002666669333,1.777781333e-06,0.002666669333,1.777781333e-06
1585,0.001333334667,8.888906667e-07,0.001333334667,8.888906667e-07
1586,0.001333334667,8.888906667e-07,0.001333334667,8.888906667e-07
1587,0.0006666673333,4.444453333e-07,0.0006666673333,4.444453333e-07
1588,0.0006666673333,4.444453333e-07,0.0006666673333,4.444453333e-07
1589,0,0,0,0
1590,0,0,0,0
1591,0,0,0,0
1592,0.001333334667,8.888906667e-07,0.001333334667,8.888906667e-07
1593,0.0006666673333,4.444453333e-07,0.0006666673333,4.444453333e-07
1594,0.002666669333,1.777781333e-06,0.002666669333,1.777781333e-06
1595,0.002000002,1.333336e-06,0.002000002,1.333336e-06
1596,0.0006666673333,4.444453333e-07,0.0006666673333,4.444453333e-07
1597,0,0,0,0
1598,0.0006666673333,4.444453333e-07,0.0006666673333,4.444453333e-07
1599,0,0,0,0
1600,0.002000002,1.333336e-06,0.002000002,1.333336e-06
1601,0.001333334667,8.888906667e-07,0.001333334667,8.888906667e-07
1602,0.002000002,1.333336e-06,0.002000002,1.333336e-06
1603,0,0,0,0
1604,0,0,0,0
1605,0,0,0,0
1606,0.002000002,1.333336e-06,0.002000002,1.333336e-06
1607,0.002000002,1.333336e-06,0.002000002,1.333336e-06
1608,0.0006666673333,4.444453333e-07,0.0006666673333,4.444453333e-07
1609,0.001333334667,8.888906667e-07,0.001333334667,8.888906667e-07
1610,0.0006666673333,4.444453333e-07,0.0006666673333,4.444453333e-07
1611,0.002000002,1.333336e-06,0.002000002,1.333336e-06
1612,0.0006666673333,4.444453333e-07,0.0006666673333,4.444453333e-07
1613,0.004666671333,3.111117333e-06,0.004666671333,3.111117333e-06
1614,0,0,0,0
1615,0.0006666673333,4.444453333e-07,0.0006666673333,4.444453333e-07
1616,0.0006666673333,4.444453333e-07,0.0006666673333,4.444453333e-07
1617,0,0,0,0
1618,0,0,0,0
1619,0.0006666673333,4.444453333e-07,0.0006666673333,4.444453333e-07
1620,0.001416668083,1.006946458e-06,0.001416668083,1.006946458e-06
1621,0.0006666673333,4.444453333e-07,0.0006666673333,4.444453333e-07
1622,0,0,0,0
1623,0.002000002,1.333336e-06,0.002000002,1.333336e-06
1624,0.002888891778,2.123461037e-06,0.002888891778,2.123461037e-06
1625,0.001333334667,8.888906667e-07,0.001333334667,8.888906667e-07
1626,0.001333334667,8.888906667e-07,0.001333334667,8.888906667e-07
1627,0,0,0,0
1628,0.0006666673333,4.444453333e-07,0.0006666673333,4.444453333e-07
1629,0,0,0,0
1630,0.001333334667,8.888906667e-07,0.001333334667,8.888906667e-07
1631,0.002666669333,1.777781333e-06,0.002666669333,1.777781333e-06
1632,0.0006666673333,4.444453333e-07,0.0006666673333,4.444453333e-07
1633,0.003333336667,2.222226667e-06,0.003333336667,2.222226667e-06
1634,0.0006666673333,4.444453333e-07,0.0006666673333,4.444453333e-07
1635,0.0006666673333,4.444453333e-07,0.0006666673333,4.444453333e-07
1636,0.0006666673333,4.444453333e-07,0.0006666673333,4.444453333e-07
1637,0.0006666673333,4.444453333e-07,0.0006666673333,4.444453333e-07
1638,0.001333334667,8.888906667e-07,0.001333334667,8.888906667e-07
1639,0.002666669333,1.777781333e-06,0.002666669333,1.777781333e-06
1640,0.002666669333,1.777781333e-06,0.002666669333,1.777781333e-06
1641,0.001333334667,8.888906667e-07,0.001333334667,8.888906667e-07
1642,0.0006666673333,4.444453333e-07,0.0006666673333,4.444453333e-07
1643,0.002000002,1.333336e-06,0.002000002,1.333336e-06
1644,0.001333334667,8.888906667e-07,0.001333334667,8.888906667e-07
1645,0.0006666673333,4.444453333e-07,0.0006666673333,4.444453333e-07
1646,0,0,0,0
1647,0.0006666673333,4.444453333e-07,0.0006666673333,4.444453333e-07
1648,0.0006666673333,4.444453333e-07,0.0006666673333,4.444453333e-07
1649,0.003333336667,2.222226667e-06,0.003333336667,2.222226667e-06
1650,0,0,0,0
1651,0.001333334667,8.888906667e-07,0.001333334667,8.888906667e-07
1652,0.001333334667,8.888906667e-07,0.001333334667,8.888906667e-07
1653,0.0006666673333,4.444453333e-07,0.0006666673333,4.444453333e-07
1654,0.001333334667,8.888906667e-07,0.001333334667,8.888906667e-07
1655,0.0006666673333,4.444453333e-07,0.0006666673333,4.444453333e-07
1656,0,0,0,0
1657,0,0,0,0
1658,0,0,0,0
1659,0,0,0,0
1660,0.001333334667,8.888906667e-07,0.001333334667,8.888906667e-07
1661,0.0006666673333,4.444453333e-07,0.0006666673333,4.444453333e-07
1662,0,0,0,0
1663,0.002000002,1.333336e-06,0.002000002,1.333336e-06
1664,0.0006666673333,4.444453333e-07,0.0006666673333,4.444453333e-07
1665,0,0,0,0
1666,0,0,0,0
1667,0.0006666673333,4.444453333e-07,0.0006666673333,4.444453333e-07
1668,0.0006666673333,4.444453333e-07,0.0006666673333,4.444453333e-07
1669,0.0006666673333,4.444453333e-07,0.0006666673333,4.444453333e-07
1670,0.001333334667,8.888906667e-07,0.001333334667,8.888906667e-07
1671,0.0006666673333,4.444453333e-07,0.0006666673333,4.444453333e-07
1672,0,0,0,0
1673,0,0,0,0
1674,0.0006666673333,4.444453333e-07,0.0006666673333,4.444453333e-07
1675,0.0006666673333,4.444453333e-07,0.0006666673333,4.444453333e-07
1676,0.0006666673333,4.444453333e-07,0.0006666673333,4.444453333e-07
1677,0.001333334667,1.777781333e-06,0.001333334667,1.777781333e-06
1678,0.002000002,1.333336e-06,0.002000002,1.333336e-06
1679,0,0,0,0
1680,0,0,0,0
1681,0.0006666673333,4.444453333e-07,0.0006666673333,4.444453333e-07
1682,0.001333334667,8.888906667e-07,0.001333334667,8.888906667e-07
1683,0,0,0,0
1684,0.001333334667,8.888906667e-07,0.001333334667,8.888906667e-07
1685,0.002666669333,1.777781333e-06,0.002666669333,1.777781333e-06
1686,0.0006666673333,4.444453333e-07,0.0006666673333,4.444453333e-07
1687,0.002000002,1.333336e-06,0.002000002,1.333336e-06
1688,0,0,0,0
1689,0,0,0,0
1690,0.0006666673333,4.444453333e-07,0.0006666673333,4.444453333e-07
1691,0,0,0,0
1692,0.001555557111,1.23457037e-06,0.001555557111,1.23457037e-06
1693,0.0006666673333,4.444453333e-07,0.0006666673333,4.444453333e-07
1694,0.0006666673333,4.444453333e-07,0.0006666673333,4.444453333e-07
1695,0.0006666673333,4.444453333e-07,0.0006666673333,4.444453333e-07
1696,0.001333334667,8.888906667e-07,0.001333334667,8.888906667e-07
1697,0.0006666673333,4.444453333e-07,0.0006666673333,4.444453333e-07
1698,0.0006666673333,4.444453333e-07,0.0006666673333,4.444453333e-07
1699,0.001333334667,8.888906667e-07,0.001333334667,8.888906667e-07
1700,0.0006666673333,4.444453333e-07,0.0006666673333,4.444453333e-07
1701,0,0,0,0
1702,0.0006666673333,4.444453333e-07,0.0006666673333,4.444453333e-07
1703,0,0,0,0
1704,0.0006666673333,4.444453333e-07,0.0006666673333,4.444453333e-07
1705,0.002666669333,1.777781333e-06,0.002666669333,1.777781333e-06
1706,0.0006666673333,4.444453333e-07,0.0006666673333,4.444453333e-07
1707,0.001333334667,8.888906667e-07,0.001333334667,8.888906667e-07
1708,0,0,0,0
1709,0.001333334667,8.888906667e-07,0.001333334667,8.888906667e-07
1710,0.0006666673333,4.444453333e-07,0.0006666673333,4.444453333e-07
1711,0,0,0,0
1712,0.001333334667,8.888906667e-07,0.001333334667,8.888906667e-07
1713,0.001333334667,8.888906667e-07,0.001333334667,8.888906667e-07
1714,0.001333334667,8.888906667e-07,0.001333334667,8.888906667e-07
1715,0.0006666673333,4.444453333e-07,0.0006666673333,4.444453333e-07
1716,0,0,0,0
1717,0.002000002,1.333336e-06,0.002000002,1.333336e-06
1718,0.0006666673333,4.444453333e-07,0.0006666673333,4.444453333e-07
1719,0,0,0,0
1720,0,0,0,0
1721,0.001333334667,8.888906667e-07,0.001333334667,8.888906667e-07
1722,0.001333334667,8.888906667e-07,0.001333334667,8.888906667e-07
1723,0.0006666673333,4.444453333e-07,0.0006666673333,4.444453333e-07
1724,0.0006666673333,4.444453333e-07,0.0006666673333,4.444453333e-07
1725,0.001333334667,8.888906667e-07,0.001333334667,8.888906667e-07
1726,0.001333334667,8.888906667e-07,0.001333334667,8.888906667e-07
1727,0.002000002,1.333336e-06,0.002000002,1.333336e-06
1728,0,0,0,0
1729,0.002060608121,1.417817344e-06,0.002060608121,1.417817344e-06
1730,0.0006666673333,4.444453333e-07,0.0006666673333,4.444453333e-07
1731,0.001333334667,8.888906667e-07,0.001333334667,8.888906667e-07
1732,0.002000002,1.333336e-06,0.002000002,1.333336e-06
1733,0,0,0,0
1734,0,0,0,0
1735,0,0,0,0
1736,0.001333334667,8.888906667e-07,0.001333334667,8.888906667e-07
1737,0.001333334667,8.888906667e-07,0.001333334667,8.888906667e-07
1738,0,0,0,0
1739,0.001333334667,8.888906667e-07,0.001333334667,8.888906667e-07
1740,0.003333336667,2.222226667e-06,0.003333336667,2.222226667e-06
1741,0.0006666673333,4.444453333e-07,0.0006666673333,4.444453333e-07
1742,0,0,0,0
1743,0,0,0,0
1744,0.0006666673333,4.444453333e-07,0.0006666673333,4.444453333e-07
1745,0,0,0,0
1746,0.001333334667,8.888906667e-07,0.001333334667,8.888906667e-07
1747,0.0006666673333,4.444453333e-07,0.0006666673333,4.444453333e-07
1748,0.0006666673333,4.444453333e-07,0.0006666673333,4.444453333e-07
1749,0.0006666673333,4.444453333e-07,0.0006666673333,4.444453333e-07
1750,0.0006666673333,4.444453333e-07,0.0006666673333,4.444453333e-07
1751,0,0,0,0
1752,0.0006666673333,4.444453333e-07,0.0006666673333,4.444453333e-07
1753,0.001384616769,9.598967259e-07,0.001384616769,9.598967259e-07
1754,0.001333334667,8.888906667e-07,0.001333334667,8.888906667e-07
1755,0,0,0,0
1756,0.0006666673333,4.444453333e-07,0.0006666673333,4.444453333e-07
1757,0.0006666673333,4.444453333e-07,0.0006666673333,4.444453333e-07
1758,0.001333334667,8.888906667e-07,0.001333334667,8.888906667e-07
1759,0.0006666673333,4.444453333e-07,0.0006666673333,4.444453333e-07
1760,0.0006666673333,4.444453333e-07,0.0006666673333,4.444453333e-07
1761,0.001333334667,8.888906667e-07,0.001333334667,8.888906667e-07
1762,0.001333334667,8.888906667e-07,0.001333334667,8.888906667e-07
1763,0.001333334667,8.888906667e-07,0.001333334667,8.888906667e-07
1764,0,0,0,0
1765,0.002000002,1.333336e-06,0.002000002,1.333336e-06
1766,0.001333334667,8.888906667e-07,0.001333334667,8.888906667e-07
1767,0.001333334667,8.888906667e-07,0.001333334667,8.888906667e-07
1768,0.002666669333,1.777781333e-06,0.002666669333,1.777781333e-06
1769,0.001333334667,8.888906667e-07,0.001333334667,8.888906667e-07
1770,0.001333334667,8.888906667e-07,0.001333334667,8.888906667e-07
1771,0.002000002,1.333336e-06,0.002000002,1.333336e-06
1772,0,0,0,0
1773,0.001333334667,8.888906667e-07,0.001333334667,8.888906667e-07
1774,0.001333334667,8.888906667e-07,0.001333334667,8.888906667e-07
1775,0.0006666673333,4.444453333e-07,0.0006666673333,4.444453333e-07
1776,0,0,0,0
1777,0.001333334667,8.888906667e-07,0.001333334667,8.888906667e-07
1778,0.0006666673333,4.444453333e-07,0.0006666673333,4.444453333e-07
1779,0,0,0,0
1780,0.001333334667,8.888906667e-07,0.001333334667,8.888906667e-07
1781,0,0,0,0
1782,0,0,0,0
1783,0.0006666673333,4.444453333e-07,0.0006666673333,4.444453333e-07
1784,0.001333334667,8.888906667e-07,0.001333334667,8.888906667e-07
1785,0.001333334667,8.888906667e-07,0.001333334667,8.888906667e-07
1786,0,0,0,0
1787,0.002000002,1.333336e-06,0.002000002,1.333336e-06
1788,0.0006666673333,4.444453333e-07,0.0006666673333,4.444453333e-07
1789,0,0,0,0
1790,0.0006666673333,4.444453333e-07,0.0006666673333,4.444453333e-07
1791,0.0006666673333,4.444453333e-07,0.0006666673333,4.444453333e-07
1792,0.0006666673333,4.444453333e-07,0.0006666673333,4.444453333e-07
1793,0,0,0,0
1794,0.002000002,1.333336e-06,0.002000002,1.333336e-06
1795,0.0006666673333,4.444453333e-07,0.0006666673333,4.444453333e-07
1796,0.0006666673333,4.444453333e-07,0.0006666673333,4.444453333e-07
1797,0.0006666673333,4.444453333e-07,0.0006666673333,4.444453333e-07
1798,0.0006666673333,4.444453333e-07,0.0006666673333,4.444453333e-07
1799,0.0006666673333,4.444453333e-07,0.0006666673333,4.444453333e-07
1800,0,0,0,0
1801,0.0006666673333,4.444453333e-07,0.0006666673333,4.444453333e-07
1802,0.0006666673333,4.444453333e-07,0.0006666673333,4.444453333e-07
1803,0,0,0,0
1804,0.001333334667,8.888906667e-07,0.001333334667,8.888906667e-07
1805,0,0,0,0
1806,0,0,0,0
1807,0.0006666673333,4.444453333e-07,0.0006666673333,4.444453333e-07
1808,0,0,0,0
1809,0,0,0,0
1810,0.0006666673333,4.444453333e-07,0.0006666673333,4.444453333e-07
1811,0.0006666673333,4.444453333e-07,0.0006666673333,4.444453333e-07
1812,0,0,0,0
1813,0.0006666673333,4.444453333e-07,0.0006666673333,4.444453333e-07
1814,0.0006666673333,4.444453333e-07,0.0006666673333,4.444453333e-07
1815,0.0006666673333,4.444453333e-07,0.0006666673333,4.444453333e-07
1816,0.001333334667,8.888906667e-07,0.001333334667,8.888906667e-07
1817,0.001333334667,8.888906667e-07,0.001333334667,8.888906667e-07
1818,0.001333334667,8.888906667e-07,0.001333334667,8.888906667e-07
1819,0,0,0,0
1820,0.001333334667,8.888906667e-07,0.001333334667,8.888906667e-07
1821,0,0,0,0
1822,0.0006666673333,4.444453333e-07,0.0006666673333,4.444453333e-07
1823,0.0006666673333,4.444453333e-07,0.0006666673333,4.444453333e-07
1824,0.001333334667,8.888906667e-07,0.001333334667,8.888906667e-07
1825,0.003333336667,3.111117333e-06,0.003333336667,3.111117333e-06
1826,0,0,0,0
1827,0.0006666673333,4.444453333e-07,0.0006666673333,4.444453333e-07
1828,0.002666669333,1.777781333e-06,0.002666669333,1.777781333e-06
1829,0.002000002,1.333336e-06,0.002000002,1.333336e-06
1830,0.0006666673333,4.444453333e-07,0.0006666673333,4.444453333e-07
1831,0.0006666673333,4.444453333e-07,0.0006666673333,4.444453333e-07
1832,0,0,0,0
1833,0.001333334667,8.888906667e-07,0.001333334667,8.888906667e-07
1834,0.0006666673333,4.444453333e-07,0.0006666673333,4.444453333e-07
1835,0.0006666673333,4.444453333e-07,0.0006666673333,4.444453333e-07
1836,0.0006666673333,4.444453333e-07,0.0006666673333,4.444453333e-07
1837,0,0,0,0
1838,0.001333334667,8.888906667e-07,0.001333334667,8.888906667e-07
1839,0,0,0,0
1840,0.0006666673333,4.444453333e-07,0.0006666673333,4.444453333e-07
1841,0,0,0,0
1842,0.001333334667,8.888906667e-07,0.001333334667,8.888906667e-07
1843,0.0006666673333,4.444453333e-07,0.0006666673333,4.444453333e-07
1844,0.001333334667,8.888906667e-07,0.001333334667,8.888906667e-07
1845,0,0,0,0
1846,0.002666669333,1.777781333e-06,0.002666669333,1.777781333e-06
1847,0.0006666673333,4.444453333e-07,0.0006666673333,4.444453333e-07
1848,0.0006666673333,4.444453333e-07,0.0006666673333,4.444453333e-07
1849,0.0006666673333,4.444453333e-07,0.0006666673333,4.444453333e-07
1850,0,0,0,0
1851,0.001333334667,8.888906667e-07,0.001333334667,8.888906667e-07
1852,0.001333334667,8.888906667e-07,0.001333334667,8.888906667e-07
1853,0.0006666673333,4.444453333e-07,0.0006666673333,4.444453333e-07
1854,0.001333334667,8.888906667e-07,0.001333334667,8.888906667e-07
1855,0,0,0,0
1856,0,0,0,0
1857,0.001333334667,8.888906667e-07,0.001333334667,8.888906667e-07
1858,0,0,0,0
1859,0.001333334667,8.888906667e-07,0.001333334667,8.888906667e-07
1860,0.0006666673333,4.444453333e-07,0.0006666673333,4.444453333e-07
1861,0.001333334667,8.888906667e-07,0.001333334667,8.888906667e-07
1862,0,0,0,0
1863,0,0,0,0
1864,0.002000002,1.333336e-06,0.002000002,1.333336e-06
1865,0,0,0,0
1866,0,0,0,0
1867,0.001333334667,8.888906667e-07,0.001333334667,8.888906667e-07
1868,0.0006666673333,4.444453333e-07,0.0006666673333,4.444453333e-07
1869,0.001333334667,8.888906667e-07,0.001333334667,8.888906667e-07
1870,0.0006666673333,4.444453333e-07,0.0006666673333,4.444453333e-07
1871,0.0006666673333,4.444453333e-07,0.0006666673333,4.444453333e-07
1872,0.002074076148,1.437588609e-06,0.002074076148,1.437588609e-06
1873,0.001333334667,8.888906667e-07,0.001333334667,8.888906667e-07
1874,0.0006666673333,4.444453333e-07,0.0006666673333,4.444453333e-07
1875,0,0,0,0
1876,0.0006666673333,4.444453333e-07,0.0006666673333,4.444453333e-07
1877,0.002000002,1.333336e-06,0.002000002,1.333336e-06
1878,0,0,0,0
1879,0.0006666673333,4.444453333e-07,0.0006666673333,4.444453333e-07
1880,0,0,0,0
1881,0.001333334667,8.888906667e-07,0.001333334667,8.888906667e-07
1882,0.0006666673333,4.444453333e-07,0.0006666673333,4.444453333e-07
1883,0.0006666673333,4.444453333e-07,0.0006666673333,4.444453333e-07
1884,0.001333334667,8.888906667e-07,0.001333334667,8.888906667e-07
1885,0,0,0,0
1886,0,0,0,0
1887,0.001333334667,8.888906667e-07,0.001333334667,8.888906667e-07
1888,0.001333334667,8.888906667e-07,0.001333334667,8.888906667e-07
1889,0.001333334667,8.888906667e-07,0.001333334667,8.888906667e-07
1890,0.0006666673333,4.444453333e-07,0.0006666673333,4.444453333e-07
1891,0,0,0,0
1892,0.002666669333,1.777781333e-06,0.002666669333,1.777781333e-06
1893,0.003333336667,2.222226667e-06,0.003333336667,2.222226667e-06
1894,0.0006666673333,4.444453333e-07,0.0006666673333,4.444453333e-07
1895,0,0,0,0
1896,0.0006666673333,4.444453333e-07,0.0006666673333,4.444453333e-07
1897,0,0,0,0
1898,0.0006666673333,4.444453333e-07,0.0006666673333,4.444453333e-07
1899,0.001333334667,8.888906667e-07,0.001333334667,8.888906667e-07
1900,0.001333334667,8.888906667e-07,0.001333334667,8.888906667e-07
1901,0,0,0,0
1902,0.0006666673333,4.444453333e-07,0.0006666673333,4.444453333e-07
1903,0.001333334667,8.888906667e-07,0.001333334667,8.888906667e-07
1904,0.0006666673333,4.444453333e-07,0.0006666673333,4.444453333e-07
1905,0.0006666673333,4.444453333e-07,0.0006666673333,4.444453333e-07
1906,0.0006666673333,4.444453333e-07,0.0006666673333,4.444453333e-07
1907,0.0006666673333,4.444453333e-07,0.0006666673333,4.444453333e-07
1908,0,0,0,0
1909,0,0,0,0
1910,0,0,0,0
1911,0.001333334667,8.888906667e-07,0.001333334667,8.888906667e-07
1912,0.0006666673333,4.444453333e-07,0.0006666673333,4.444453333e-07
1913,0.001333334667,8.888906667e-07,0.001333334667,8.888906667e-07
1914,0,0,0,0
1915,0.0006666673333,4.444453333e-07,0.0006666673333,4.444453333e-07
1916,0.0006666673333,4.444453333e-07,0.0006666673333,4.444453333e-07
1917,0.0006666673333,4.444453333e-07,0.0006666673333,4.444453333e-07
1918,0.001333334667,8.888906667e-07,0.001333334667,8.888906667e-07
1919,0.0006666673333,4.444453333e-07,0.0006666673333,4.444453333e-07
1920,0,0,0,0
1921,0.0006666673333,4.444453333e-07,0.0006666673333,4.444453333e-07
1922,0.0006666673333,4.444453333e-07,0.0006666673333,4.444453333e-07
1923,0,0,0,0
1924,0.0006666673333,4.444453333e-07,0.0006666673333,4.444453333e-07
1925,0,0,0,0
1926,0,0,0,0
1927,0,0,0,0
1928,0.001333334667,8.888906667e-07,0.001333334667,8.888906667e-07
1929,0.0006666673333,4.444453333e-07,0.0006666673333,4.444453333e-07
1930,0.001333334667,8.888906667e-07,0.001333334667,8.888906667e-07
1931,0.0006666673333,4.444453333e-07,0.0006666673333,4.444453333e-07
1932,0.0006666673333,4.444453333e-07,0.0006666673333,4.444453333e-07
1933,0.0006666673333,4.444453333e-07,0.0006666673333,4.444453333e-07
1934,0.0006666673333,4.444453333e-07,0.0006666673333,4.444453333e-07
1935,0.0006666673333,4.444453333e-07,0.0006666673333,4.444453333e-07
1936,0,0,0,0
1937,0.002000002,1.333336e-06,0.002000002,1.333336e-06
1938,0,0,0,0
1939,0,0,0,0
1940,0,0,0,0
1941,0,0,0,0
1942,0.001333334667,8.888906667e-07,0.001333334667,8.888906667e-07
1943,0.0006666673333,4.444453333e-07,0.0006666673333,4.444453333e-07
1944,0,0,0,0
1945,0,0,0,0
1946,0,0,0,0
1947,0.002000002,1.333336e-06,0.002000002,1.333336e-06
1948,0,0,0,0
1949,0,0,0,0
1950,0,0,0,0
1951,0.002000002,1.333336e-06,0.002000002,1.333336e-06
1952,0.0006666673333,4.444453333e-07,0.0006666673333,4.444453333e-07
1953,0.0006666673333,4.444453333e-07,0.0006666673333,4.444453333e-07
1954,0.001333334667,8.888906667e-07,0.001333334667,8.888906667e-07
1955,0.0006666673333,4.444453333e-07,0.0006666673333,4.444453333e-07
1956,0.003333336667,2.222226667e-06,0.003333336667,2.222226667e-06
1957,0,0,0,0
1958,0.0006666673333,4.444453333e-07,0.0006666673333,4.444453333e-07
1959,0.0006666673333,4.444453333e-07,0.0006666673333,4.444453333e-07
1960,0.001333334667,8.888906667e-07,0.001333334667,8.888906667e-07
1961,0.0006666673333,4.444453333e-07,0.0006666673333,4.444453333e-07
1962,0.0006666673333,4.444453333e-07,0.0006666673333,4.444453333e-07
1963,0.0006666673333,4.444453333e-07,0.0006666673333,4.444453333e-07
1964,0.001333334667,8.888906667e-07,0.001333334667,8.888906667e-07
1965,0,0,0,0
1966,0,0,0,0
1967,0,0,0,0
1968,0,0,0,0
1969,0.0006666673333,4.444453333e-07,0.0006666673333,4.444453333e-07
1970,0.001333334667,8.888906667e-07,0.001333334667,8.888906667e-07
1971,0,0,0,0
1972,0.001333334667,8.888906667e-07,0.001333334667,8.888906667e-07
1973,0,0,0,0
1974,0.0006666673333,4.444453333e-07,0.0006666673333,4.444453333e-07
1975,0.001333334667,8.888906667e-07,0.001333334667,8.888906667e-07
1976,0.001333334667,8.888906667e-07,0.001333334667,8.888906667e-07
1977,0.0006666673333,4.444453333e-07,0.0006666673333,4.444453333e-07
1978,0,0,0,0
1979,0.0006666673333,4.444453333e-07,0.0006666673333,4.444453333e-07
1980,0.0006666673333,4.444453333e-07,0.0006666673333,4.444453333e-07
1981,0,0,0,0
1982,0.0006666673333,4.444453333e-07,0.0006666673333,4.444453333e-07
1983,0.0006666673333,4.444453333e-07,0.0006666673333,4.444453333e-07
1984,0.001333334667,8.888906667e-07,0.001333334667,8.888906667e-07
1985,0,0,0,0
1986,0.002666669333,1.777781333e-06,0.002666669333,1.777781333e-06
1987,0.001333334667,8.888906667e-07,0.001333334667,8.888906667e-07
1988,0,0,0,0
1989,0,0,0,0
1990,0.002000002,1.333336e-06,0.002000002,1.333336e-06
1991,0.002666669333,1.777781333e-06,0.002666669333,1.777781333e-06
1992,0.0006666673333,4.444453333e-07,0.0006666673333,4.444453333e-07
1993,0.002000002,1.333336e-06,0.002000002,1.333336e-06
1994,0.001333334667,8.888906667e-07,0.001333334667,8.888906667e-07
1995,0.0006666673333,4.444453333e-07,0.0006666673333,4.444453333e-07
1996,0.001333334667,8.888906667e-07,0.001333334667,8.888906667e-07
1997,0,0,0,0
1998,0.0006666673333,4.444453333e-07,0.0006666673333,4.444453333e-07
1999,0.001333334667,8.888906667e-07,0.001333334667,8.888906667e-07
2000,0.0006666673333,4.444453333e-07,0.0006666673333,4.444453333e-07
2001,0.0006666673333,4.444453333e-07,0.0006666673333,4.444453333e-07
2002,0.0006666673333,4.444453333e-07,0.0006666673333,4.444453333e-07
2003,0.0006666673333,4.444453333e-07,0.0006666673333,4.444453333e-07
2004,0.001333334667,8.888906667e-07,0.001333334667,8.888906667e-07
2005,0.0006666673333,4.444453333e-07,0.0006666673333,4.444453333e-07
2006,0.0008888897777,7.90125037e-07,0.0008888897777,7.90125037e-07
2007,0.0006666673333,4.444453333e-07,0.0006666673333,4.444453333e-07
2008,0.002666669333,1.777781333e-06,0.002666669333,1.777781333e-06
2009,0.001333334667,8.888906667e-07,0.001333334667,8.888906667e-07
2010,0,0,0,0
2011,0,0,0,0
2012,0.0006666673333,4.444453333e-07,0.0006666673333,4.444453333e-07
2013,0.001333334667,8.888906667e-07,0.001333334667,8.888906667e-07
2014,0.0006666673333,4.444453333e-07,0.0006666673333,4.444453333e-07
2015,0,0,0,0
2016,0.001333334667,8.888906667e-07,0.001333334667,8.888906667e-07
2017,0.0006666673333,4.444453333e-07,0.0006666673333,4.444453333e-07
2018,0,0,0,0
2019,0,0,0,0
2020,0.002000002,1.333336e-06,0.002000002,1.333336e-06
2021,0.0006666673333,4.444453333e-07,0.0006666673333,4.444453333e-07
2022,0.001333334667,8.888906667e-07,0.001333334667,8.888906667e-07
2023,0.0006666673333,4.444453333e-07,0.0006666673333,4.444453333e-07
2024,0.002000002,1.333336e-06,0.002000002,1.333336e-06
2025,0.0006666673333,4.444453333e-07,0.0006666673333,4.444453333e-07
2026,0,0,0,0
2027,0.001333334667,8.888906667e-07,0.001333334667,8.888906667e-07
2028,0.001333334667,8.888906667e-07,0.001333334667,8.888906667e-07
2029,0,0,0,0
2030,0.0006666673333,4.444453333e-07,0.0006666673333,4.444453333e-07
2031,0,0,0,0
2032,0.001333334667,8.888906667e-07,0.001333334667,8.888906667e-07
2033,0.0006666673333,4.444453333e-07,0.0006666673333,4.444453333e-07
2034,0.0006666673333,4.444453333e-07,0.0006666673333,4.444453333e-07
2035,0,0,0,0
2036,0.001333334667,8.888906667e-07,0.001333334667,8.888906667e-07
2037,0,0,0,0
2038,0.001333334667,8.888906667e-07,0.001333334667,8.888906667e-07
2039,0,0,0,0
2040,0,0,0,0
2041,0.0006666673333,4.444453333e-07,0.0006666673333,4.444453333e-07
2042,0,0,0,0
2043,0.002000002,1.333336e-06,0.002000002,1.333336e-06
2044,0,0,0,0
2045,0.0006666673333,4.444453333e-07,0.0006666673333,4.444453333e-07
2046,0.0006666673333,4.444453333e-07,0.0006666673333,4.444453333e-07
2047,0.0006666673333,4.444453333e-07,0.0006666673333,4.444453333e-07
2048,0,0,0,0
2049,0,0,0,0
2050,0.0006666673333,4.444453333e-07,0.0006666673333,4.444453333e-07
2051,0,0,0,0
2052,0.001333334667,8.888906667e-07,0.001333334667,8.888906667e-07
2053,0.0006666673333,4.444453333e-07,0.0006666673333,4.444453333e-07
2054,0.0006666673333,4.444453333e-07,0.0006666673333,4.444453333e-07
2055,0.002000002,1.333336e-06,0.002000002,1.333336e-06
2056,0.002000002,1.333336e-06,0.002000002,1.333336e-06
2057,0.0006666673333,4.444453333e-07,0.0006666673333,4.444453333e-07
2058,0,0,0,0
2059,0.0006666673333,4.444453333e-07,0.0006666673333,4.444453333e-07
2060,0,0,0,0
2061,0,0,0,0
2062,0,0,0,0
2063,0.001333334667,8.888906667e-07,0.001333334667,8.888906667e-07
2064,0,0,0,0
2065,0.0006666673333,4.444453333e-07,0.0006666673333,4.444453333e-07
2066,0,0,0,0
2067,0,0,0,0
2068,0.0006666673333,4.444453333e-07,0.0006666673333,4.444453333e-07
2069,0.0006666673333,4.444453333e-07,0.0006666673333,4.444453333e-07
2070,0.001333334667,8.888906667e-07,0.001333334667,8.888906667e-07
2071,0,0,0,0
2072,0.002000002,1.333336e-06,0.002000002,1.333336e-06
2073,0,0,0,0
2074,0.0006666673333,4.444453333e-07,0.0006666673333,4.444453333e-07
2075,0.001333334667,8.888906667e-07,0.001333334667,8.888906667e-07
2076,0,0,0,0
2077,0,0,0,0
2078,0.001333334667,8.888906667e-07,0.001333334667,8.888906667e-07
2079,0.0006666673333,4.444453333e-07,0.0006666673333,4.444453333e-07
2080,0,0,0,0
2081,0.002666669333,1.777781333e-06,0.002666669333,1.777781333e-06
2082,0,0,0,0
2083,0,0,0,0
2084,0.002000002,1.333336e-06,0.002000002,1.333336e-06
2085,0,0,0,0
2086,0.001333334667,8.888906667e-07,0.001333334667,8.888906667e-07
2087,0,0,0,0
2088,0,0,0,0
2089,0.0006666673333,4.444453333e-07,0.0006666673333,4.444453333e-07
2090,0,0,0,0
2091,0,0,0,0
2092,0.0006666673333,4.444453333e-07,0.0006666673333,4.444453333e-07
2093,0.0008333341667,6.944458333e-07,0.0008333341667,6.944458333e-07
2094,0.0006666673333,4.444453333e-07,0.0006666673333,4.444453333e-07
2095,0.0006666673333,4.444453333e-07,0.0006666673333,4.444453333e-07
2096,0.0006666673333,4.444453333e-07,0.0006666673333,4.444453333e-07
2097,0,0,0,0
2098,0.001333334667,8.888906667e-07,0.001333334667,8.888906667e-07
2099,0,0,0,0
2100,0,0,0,0
2101,0,0,0,0
2102,0,0,0,0
2103,0.0006666673333,4.444453333e-07,0.0006666673333,4.444453333e-07
2104,0,0,0,0
2105,0,0,0,0
2106,0.001333334667,8.888906667e-07,0.001333334667,8.888906667e-07
2107,0.001333334667,8.888906667e-07,0.001333334667,8.888906667e-07
2108,0.0006666673333,4.444453333e-07,0.0006666673333,4.444453333e-07
2109,0.0006666673333,4.444453333e-07,0.0006666673333,4.444453333e-07
2110,0.0006666673333,4.444453333e-07,0.0006666673333,4.444453333e-07
2111,0.001333334667,8.888906667e-07,0.001333334667,8.888906667e-07
2112,0.001333334667,8.888906667e-07,0.001333334667,8.888906667e-07
2113,0.0006666673333,4.444453333e-07,0.0006666673333,4.444453333e-07
2114,0,0,0,0
2115,0.0006666673333,4.444453333e-07,0.0006666673333,4.444453333e-07
2116,0,0,0,0
2117,0.0006666673333,4.444453333e-07,0.0006666673333,4.444453333e-07
2118,0.0006666673333,4.444453333e-07,0.0006666673333,4.444453333e-07
2119,0.001333334667,8.888906667e-07,0.001333334667,8.888906667e-07
2120,0.0006666673333,4.444453333e-07,0.0006666673333,4.444453333e-07
2121,0,0,0,0
2122,0,0,0,0
2123,0.0006666673333,4.444453333e-07,0.0006666673333,4.444453333e-07
2124,0,0,0,0
2125,0.0006666673333,4.444453333e-07,0.0006666673333,4.444453333e-07
2126,0,0,0,0
2127,0,0,0,0
2128,0.002000002,1.333336e-06,0.002000002,1.333336e-06
2129,0.001666668333,2.777783333e-06,0.001666668333,2.777783333e-06
2130,0,0,0,0
2131,0.001333334667,8.888906667e-07,0.001333334667,8.888906667e-07
2132,0.001333334667,8.888906667e-07,0.001333334667,8.888906667e-07
2133,0.001333334667,8.888906667e-07,0.001333334667,8.888906667e-07
2134,0.002000002,1.333336e-06,0.002000002,1.333336e-06
2135,0.001333334667,8.888906667e-07,0.001333334667,8.888906667e-07
2136,0.0006666673333,4.444453333e-07,0.0006666673333,4.444453333e-07
2137,0.001333334667,8.888906667e-07,0.001333334667,8.888906667e-07
2138,0.001333334667,8.888906667e-07,0.001333334667,8.888906667e-07
2139,0.001333334667,8.888906667e-07,0.001333334667,8.888906667e-07
2140,0,0,0,0
2141,0,0,0,0
2142,0.001333334667,8.888906667e-07,0.001333334667,8.888906667e-07
2143,0,0,0,0
2144,0.0006666673333,4.444453333e-07,0.0006666673333,4.444453333e-07
2145,0.002000002,1.333336e-06,0.002000002,1.333336e-06
2146,0.002000002,1.333336e-06,0.002000002,1.333336e-06
2147,0.0006666673333,4.444453333e-07,0.0006666673333,4.444453333e-07
2148,0.001333334667,8.888906667e-07,0.001333334667,8.888906667e-07
2149,0.0006666673333,4.444453333e-07,0.0006666673333,4.444453333e-07
2150,0.002000002,1.333336e-06,0.002000002,1.333336e-06
2151,0.0006666673333,4.444453333e-07,0.0006666673333,4.444453333e-07
2152,0,0,0,0
2153,0.0006666673333,4.444453333e-07,0.0006666673333,4.444453333e-07
2154,0,0,0,0
2155,0,0,0,0
2156,0.0006666673333,4.444453333e-07,0.0006666673333,4.444453333e-07
2157,0,0,0,0
2158,0.0006666673333,4.444453333e-07,0.0006666673333,4.444453333e-07
2159,0.002000002,1.333336e-06,0.002000002,1.333336e-06
2160,0,0,0,0
2161,0.001333334667,8.888906667e-07,0.001333334667,8.888906667e-07
2162,0.0006666673333,4.444453333e-07,0.0006666673333,4.444453333e-07
2163,0,0,0,0
2164,0.0006666673333,4.444453333e-07,0.0006666673333,4.444453333e-07
2165,0.001333334667,8.888906667e-07,0.001333334667,8.888906667e-07
2166,0.001333334667,8.888906667e-07,0.001333334667,8.888906667e-07
2167,0.001333334667,8.888906667e-07,0.001333334667,8.888906667e-07
2168,0.0006666673333,4.444453333e-07,0.0006666673333,4.444453333e-07
2169,0.0006666673333,4.444453333e-07,0.0006666673333,4.444453333e-07
2170,0.0006666673333,4.444453333e-07,0.0006666673333,4.444453333e-07
2171,0.0006666673333,4.444453333e-07,0.0006666673333,4.444453333e-07
2172,0.001333334667,8.888906667e-07,0.001333334667,8.888906667e-07
2173,0.002000002,1.333336e-06,0.002000002,1.333336e-06
2174,0.003333336667,2.222226667e-06,0.003333336667,2.222226667e-06
2175,0.0006666673333,4.444453333e-07,0.0006666673333,4.444453333e-07
2176,0,0,0,0
2177,0.001333334667,8.888906667e-07,0.001333334667,8.888906667e-07
2178,0.0006666673333,4.444453333e-07,0.0006666673333,4.444453333e-07
2179,0,0,0,0
2180,0.001333334667,8.888906667e-07,0.001333334667,8.888906667e-07
2181,0.002000002,1.333336e-06,0.002000002,1.333336e-06
2182,0,0,0,0
2183,0.001333334667,8.888906667e-07,0.001333334667,8.888906667e-07
2184,0.0006666673333,4.444453333e-07,0.0006666673333,4.444453333e-07
2185,0.0006666673333,4.444453333e-07,0.0006666673333,4.444453333e-07
2186,0,0,0,0
2187,0.0006666673333,4.444453333e-07,0.0006666673333,4.444453333e-07
2188,0.0006666673333,4.444453333e-07,0.0006666673333,4.444453333e-07
2189,0.0006666673333,4.444453333e-07,0.0006666673333,4.444453333e-07
2190,0,0,0,0
2191,0.001333334667,8.888906667e-07,0.001333334667,8.888906667e-07
2192,0.0006666673333,4.444453333e-07,0.0006666673333,4.444453333e-07
2193,0,0,0,0
2194,0.001333334667,8.888906667e-07,0.001333334667,8.888906667e-07
2195,0.0006666673333,4.444453333e-07,0.0006666673333,4.444453333e-07
2196,0,0,0,0
2197,0,0,0,0
2198,0,0,0,0
2199,0.0006666673333,4.444453333e-07,0.0006666673333,4.444453333e-07
2200,0,0,0,0
2201,0.0006666673333,4.444453333e-07,0.0006666673333,4.444453333e-07
2202,0.0006666673333,4.444453333e-07,0.0006666673333,4.444453333e-07
2203,0,0,0,0
2204,0.0006666673333,4.444453333e-07,0.0006666673333,4.444453333e-07
2205,0,0,0,0
2206,0,0,0,0
2207,0.0006666673333,4.444453333e-07,0.0006666673333,4.444453333e-07
2208,0.002000002,1.333336e-06,0.002000002,1.333336e-06
2209,0.0006666673333,4.444453333e-07,0.0006666673333,4.444453333e-07
2210,0,0,0,0
2211,0.002666669333,1.777781333e-06,0.002666669333,1.777781333e-06
2212,0.0006666673333,4.444453333e-07,0.0006666673333,4.444453333e-07
2213,0,0,0,0
2214,0.0006666673333,4.444453333e-07,0.0006666673333,4.444453333e-07
2215,0,0,0,0
2216,0.002000002,1.333336e-06,0.002000002,1.333336e-06
2217,0,0,0,0
2218,0.0006666673333,4.444453333e-07,0.0006666673333,4.444453333e-07
2219,0.001333334667,8.888906667e-07,0.001333334667,8.888906667e-07
2220,0.001333334667,8.888906667e-07,0.001333334667,8.888906667e-07
2221,0.0006666673333,4.444453333e-07,0.0006666673333,4.444453333e-07
2222,0,0,0,0
2223,0.0006666673333,4.444453333e-07,0.0006666673333,4.444453333e-07
2224,0.0006666673333,4.444453333e-07,0.0006666673333,4.444453333e-07
2225,0.0006666673333,4.444453333e-07,0.0006666673333,4.444453333e-07
2226,0.0006666673333,4.444453333e-07,0.0006666673333,4.444453333e-07
2227,0.002000002,1.333336e-06,0.002000002,1.333336e-06
2228,0.001333334667,8.888906667e-07,0.001333334667,8.888906667e-07
2229,0.0006666673333,4.444453333e-07,0.0006666673333,4.444453333e-07
2230,0.0006666673333,4.444453333e-07,0.0006666673333,4.444453333e-07
2231,0.001333334667,8.888906667e-07,0.001333334667,8.888906667e-07
2232,0,0,0,0
2233,0.001333334667,8.888906667e-07,0.001333334667,8.888906667e-07
2234,0.0006666673333,4.444453333e-07,0.0006666673333,4.444453333e-07
2235,0.001333334667,8.888906667e-07,0.001333334667,8.888906667e-07
2236,0.002000002,1.333336e-06,0.002000002,1.333336e-06
2237,0.001333334667,8.888906667e-07,0.001333334667,8.888906667e-07
2238,0,0,0,0
2239,0.0006666673333,4.444453333e-07,0.0006666673333,4.444453333e-07
2240,0,0,0,0
2241,0.001333334667,8.888906667e-07,0.001333334667,8.888906667e-07
2242,0,0,0,0
2243,0.0006666673333,4.444453333e-07,0.0006666673333,4.444453333e-07
2244,0.0006666673333,4.444453333e-07,0.0006666673333,4.444453333e-07
2245,0.0006666673333,4.444453333e-07,0.0006666673333,4.444453333e-07
2246,0.002000002,1.333336e-06,0.002000002,1.333336e-06
2247,0,0,0,0
2248,0.002000002,1.333336e-06,0.002000002,1.333336e-06
2249,0.0006666673333,4.444453333e-07,0.0006666673333,4.444453333e-07
2250,0,0,0,0
2251,0.0006666673333,4.444453333e-07,0.0006666673333,4.444453333e-07
2252,0.002000002,1.333336e-06,0.002000002,1.333336e-06
2253,0.0006666673333,4.444453333e-07,0.0006666673333,4.444453333e-07
2254,0.0006666673333,4.444453333e-07,0.0006666673333,4.444453333e-07
2255,0,0,0,0
2256,0,0,0,0
2257,0,0,0,0
2258,0.0006666673333,4.444453333e-07,0.0006666673333,4.444453333e-07
2259,0.002222224444,1.679015704e-06,0.002222224444,1.679015704e-06
2260,0.0006666673333,4.444453333e-07,0.0006666673333,4.444453333e-07
2261,0.002000002,1.333336e-06,0.002000002,1.333336e-06
2262,0.0006666673333,4.444453333e-07,0.0006666673333,4.444453333e-07
2263,0.001333334667,8.888906667e-07,0.001333334667,8.888906667e-07
2264,0.0006666673333,4.444453333e-07,0.0006666673333,4.444453333e-07
2265,0.002000002,1.333336e-06,0.002000002,1.333336e-06
2266,0,0,0,0
2267,0.001333334667,8.888906667e-07,0.001333334667,8.888906667e-07
2268,0.0006666673333,4.444453333e-07,0.0006666673333,4.444453333e-07
2269,0.002000002,1.333336e-06,0.002000002,1.333336e-06
2270,0.0006666673333,4.444453333e-07,0.0006666673333,4.444453333e-07
2271,0,0,0,0
2272,0,0,0,0
2273,0.001333334667,8.888906667e-07,0.001333334667,8.888906667e-07
2274,0.0006666673333,4.444453333e-07,0.0006666673333,4.444453333e-07
2275,0.0006666673333,4.444453333e-07,0.0006666673333,4.444453333e-07
2276,0.001333334667,8.888906667e-07,0.001333334667,8.888906667e-07
2277,0,0,0,0
2278,0,0,0,0
2279,0,0,0,0
2280,0.0006666673333,4.444453333e-07,0.0006666673333,4.444453333e-07
2281,0,0,0,0
2282,0.002000002,1.333336e-06,0.002000002,1.333336e-06
2283,0,0,0,0
2284,0,0,0,0
2285,0,0,0,0
2286,0.0006666673333,4.444453333e-07,0.0006666673333,4.444453333e-07
2287,0.001333334667,8.888906667e-07,0.001333334667,8.888906667e-07
2288,0,0,0,0
2289,0,0,0,0
2290,0.0006666673333,4.444453333e-07,0.0006666673333,4.444453333e-07
2291,0.001333334667,8.888906667e-07,0.001333334667,8.888906667e-07
2292,0,0,0,0
2293,0.001333334667,8.888906667e-07,0.001333334667,8.888906667e-07
2294,0,0,0,0
2295,0.002666669333,1.777781333e-06,0.002666669333,1.777781333e-06
2296,0.0006666673333,4.444453333e-07,0.0006666673333,4.444453333e-07
2297,0,0,0,0
2298,0,0,0,0
2299,0,0,0,0
2300,0.002000002,1.333336e-06,0.002000002,1.333336e-06
2301,0.0006666673333,4.444453333e-07,0.0006666673333,4.444453333e-07
2302,0,0,0,0
2303,0.002000002,1.333336e-06,0.002000002,1.333336e-06
2304,0.001333334667,8.888906667e-07,0.001333334667,8.888906667e-07
2305,0.0006666673333,4.444453333e-07,0.0006666673333,4.444453333e-07
2306,0.0006666673333,4.444453333e-07,0.0006666673333,4.444453333e-07
2307,0,0,0,0
2308,0,0,0,0
2309,0.0006666673333,4.444453333e-07,0.0006666673333,4.444453333e-07
2310,0,0,0,0
2311,0.0006666673333,4.444453333e-07,0.0006666673333,4.444453333e-07
2312,0.002000002,1.333336e-06,0.002000002,1.333336e-06
2313,0,0,0,0
2314,0.002000002,1.333336e-06,0.002000002,1.333336e-06
2315,0.0006666673333,4.444453333e-07,0.0006666673333,4.444453333e-07
2316,0.0006666673333,4.444453333e-07,0.0006666673333,4.444453333e-07
2317,0,0,0,0
2318,0.002000002,1.333336e-06,0.002000002,1.333336e-06
2319,0.001333334667,8.888906667e-07,0.001333334667,8.888906667e-07
2320,0.0006666673333,4.444453333e-07,0.0006666673333,4.444453333e-07
2321,0.001333334667,8.888906667e-07,0.001333334667,8.888906667e-07
2322,0.002000002,1.333336e-06,0.002000002,1.333336e-06
2323,0.001333334667,8.888906667e-07,0.001333334667,8.888906667e-07
2324,0,0,0,0
2325,0.0006666673333,4.444453333e-07,0.0006666673333,4.444453333e-07
2326,0.0006666673333,4.444453333e-07,0.0006666673333,4.444453333e-07
2327,0.001333334667,8.888906667e-07,0.001333334667,8.888906667e-07
2328,0,0,0,0
2329,0.001333334667,8.888906667e-07,0.001333334667,8.888906667e-07
2330,0.001333334667,8.888906667e-07,0.001333334667,8.888906667e-07
2331,0.0006666673333,4.444453333e-07,0.0006666673333,4.444453333e-07
2332,0.001333334667,8.888906667e-07,0.001333334667,8.888906667e-07
2333,0,0,0,0
2334,0.001333334667,8.888906667e-07,0.001333334667,8.888906667e-07
2335,0.0006666673333,4.444453333e-07,0.0006666673333,4.444453333e-07
2336,0,0,0,0
2337,0.001333334667,8.888906667e-07,0.001333334667,8.888906667e-07
2338,0.0006666673333,4.444453333e-07,0.0006666673333,4.444453333e-07
2339,0,0,0,0
2340,0.0006666673333,4.444453333e-07,0.0006666673333,4.444453333e-07
2341,0.001333334667,8.888906667e-07,0.001333334667,8.888906667e-07
2342,0,0,0,0
2343,0.0006666673333,4.444453333e-07,0.0006666673333,4.444453333e-07
2344,0,0,0,0
2345,0,0,0,0
2346,0.002000002,1.333336e-06,0.002000002,1.333336e-06
2347,0.0006666673333,4.444453333e-07,0.0006666673333,4.444453333e-07
2348,0,0,0,0
2349,0.0006666673333,4.444453333e-07,0.0006666673333,4.444453333e-07
2350,0.001333334667,8.888906667e-07,0.001333334667,8.888906667e-07
2351,0.0006666673333,4.444453333e-07,0.0006666673333,4.444453333e-07
2352,0.0006666673333,4.444453333e-07,0.0006666673333,4.444453333e-07
2353,0,0,0,0
2354,0.002666669333,1.777781333e-06,0.002666669333,1.777781333e-06
2355,0.0006666673333,4.444453333e-07,0.0006666673333,4.444453333e-07
2356,0.0006666673333,4.444453333e-07,0.0006666673333,4.444453333e-07
2357,0,0,0,0
2358,0,0,0,0
2359,0.0006666673333,4.444453333e-07,0.0006666673333,4.444453333e-07
2360,0,0,0,0
2361,0.0006666673333,4.444453333e-07,0.0006666673333,4.444453333e-07
2362,0.001333334667,8.888906667e-07,0.001333334667,8.888906667e-07
2363,0,0,0,0
2364,0,0,0,0
2365,0.0006666673333,4.444453333e-07,0.0006666673333,4.444453333e-07
2366,0.0006666673333,4.444453333e-07,0.0006666673333,4.444453333e-07
2367,0.001333334667,8.888906667e-07,0.001333334667,8.888906667e-07
2368,0.0006666673333,4.444453333e-07,0.0006666673333,4.444453333e-07
2369,0.0006666673333,4.444453333e-07,0.0006666673333,4.444453333e-07
2370,0.001333334667,8.888906667e-07,0.001333334667,8.888906667e-07
2371,0.0006666673333,4.444453333e-07,0.0006666673333,4.444453333e-07
2372,0,0,0,0
2373,0,0,0,0
2374,0,0,0,0
2375,0.0006666673333,4.444453333e-07,0.0006666673333,4.444453333e-07
2376,0.0006666673333,4.444453333e-07,0.0006666673333,4.444453333e-07
2377,0.0006666673333,4.444453333e-07,0.0006666673333,4.444453333e-07
2378,0,0,0,0
2379,0.0006666673333,4.444453333e-07,0.0006666673333,4.444453333e-07
2380,0.0006666673333,4.444453333e-07,0.0006666673333,4.444453333e-07
2381,0.001333334667,8.888906667e-07,0.001333334667,8.888906667e-07
2382,0.0006666673333,4.444453333e-07,0.0006666673333,4.444453333e-07
2383,0,0,0,0
2384,0,0,0,0
2385,0,0,0,0
2386,0.001333334667,8.888906667e-07,0.001333334667,8.888906667e-07
2387,0.0006666673333,4.444453333e-07,0.0006666673333,4.444453333e-07
2388,0,0,0,0
2389,0.002000002,1.333336e-06,0.002000002,1.333336e-06
2390,0.001333334667,8.888906667e-07,0.001333334667,8.888906667e-07
2391,0,0,0,0
2392,0,0,0,0
2393,0.0006666673333,4.444453333e-07,0.0006666673333,4.444453333e-07
2394,0.001333334667,8.888906667e-07,0.001333334667,8.888906667e-07
2395,0.001333334667,8.888906667e-07,0.001333334667,8.888906667e-07
2396,0,0,0,0
2397,0.001333334667,8.888906667e-07,0.001333334667,8.888906667e-07
2398,0.0006666673333,4.444453333e-07,0.0006666673333,4.444453333e-07
2399,0.0006666673333,4.444453333e-07,0.0006666673333,4.444453333e-07
2400,0,0,0,0
2401,0.001666668333,1.444447333e-06,0.001666668333,1.444447333e-06
2402,0.0006666673333,4.444453333e-07,0.0006666673333,4.444453333e-07
2403,0.0006666673333,4.444453333e-07,0.0006666673333,4.444453333e-07
2404,0,0,0,0
2405,0.0006666673333,4.444453333e-07,0.0006666673333,4.444453333e-07
2406,0.0006666673333,4.444453333e-07,0.0006666673333,4.444453333e-07
2407,0.001333334667,8.888906667e-07,0.001333334667,8.888906667e-07
2408,0,0,0,0
2409,0,0,0,0
2410,0.0006666673333,4.444453333e-07,0.0006666673333,4.444453333e-07
2411,0,0,0,0
2412,0.002000002,1.333336e-06,0.002000002,1.333336e-06
2413,0,0,0,0
2414,0.0006666673333,4.444453333e-07,0.0006666673333,4.444453333e-07
2415,0.002000002,1.333336e-06,0.002000002,1.333336e-06
2416,0.002000002,1.333336e-06,0.002000002,1.333336e-06
2417,0.001333334667,8.888906667e-07,0.001333334667,8.888906667e-07
2418,0,0,0,0
2419,0.0006666673333,4.444453333e-07,0.0006666673333,4.444453333e-07
2420,0,0,0,0
2421,0,0,0,0
2422,0.0006666673333,4.444453333e-07,0.0006666673333,4.444453333e-07
2423,0,0,0,0
2424,0,0,0,0
2425,0,0,0,0
2426,0.002000002,1.333336e-06,0.002000002,1.333336e-06
2427,0.002666669333,2.666672e-06,0.002666669333,2.666672e-06
2428,0,0,0,0
2429,0,0,0,0
2430,0.0006666673333,4.444453333e-07,0.0006666673333,4.444453333e-07
2431,0.002000002,1.333336e-06,0.002000002,1.333336e-06
2432,0.0006666673333,4.444453333e-07,0.0006666673333,4.444453333e-07
2433,0,0,0,0
2434,0,0,0,0
2435,0,0,0,0
2436,0.0006666673333,4.444453333e-07,0.0006666673333,4.444453333e-07
2437,0,0,0,0
2438,0,0,0,0
2439,0,0,0,0
2440,0.002000002,1.333336e-06,0.002000002,1.333336e-06
2441,0.0006666673333,4.444453333e-07,0.0006666673333,4.444453333e-07
2442,0.001333334667,8.888906667e-07,0.001333334667,8.888906667e-07
2443,0.0006666673333,4.444453333e-07,0.0006666673333,4.444453333e-07
2444,0.0006666673333,4.444453333e-07,0.0006666673333,4.444453333e-07
2445,0.0006666673333,4.444453333e-07,0.0006666673333,4.444453333e-07
2446,0,0,0,0
2447,0,0,0,0
2448,0.0006666673333,4.444453333e-07,0.0006666673333,4.444453333e-07
2449,0,0,0,0
2450,0.002000002,1.333336e-06,0.002000002,1.333336e-06
2451,0.001333334667,8.888906667e-07,0.001333334667,8.888906667e-07
2452,0,0,0,0
2453,0.0006666673333,4.444453333e-07,0.0006666673333,4.444453333e-07
2454,0,0,0,0
2455,0,0,0,0
2456,0.0006666673333,4.444453333e-07,0.0006666673333,4.444453333e-07
2457,0.0006666673333,4.444453333e-07,0.0006666673333,4.444453333e-07
2458,0.0006666673333,4.444453333e-07,0.0006666673333,4.444453333e-07
2459,0,0,0,0
2460,0,0,0,0
2461,0.0006666673333,4.444453333e-07,0.0006666673333,4.444453333e-07
2462,0.0006666673333,4.444453333e-07,0.0006666673333,4.444453333e-07
2463,0.0006666673333,4.444453333e-07,0.0006666673333,4.444453333e-07
2464,0.0006666673333,4.444453333e-07,0.0006666673333,4.444453333e-07
2465,0.001333334667,8.888906667e-07,0.001333334667,8.888906667e-07
2466,0,0,0,0
2467,0.0006666673333,4.444453333e-07,0.0006666673333,4.444453333e-07
2468,0.002000002,1.333336e-06,0.002000002,1.333336e-06
2469,0.001333334667,8.888906667e-07,0.001333334667,8.888906667e-07
2470,0,0,0,0
2471,0,0,0,0
2472,0.001333334667,8.888906667e-07,0.001333334667,8.888906667e-07
2473,0.002000002,1.333336e-06,0.002000002,1.333336e-06
2474,0.003333336667,2.222226667e-06,0.003333336667,2.222226667e-06
2475,0.0006666673333,4.444453333e-07,0.0006666673333,4.444453333e-07
2476,0.002000002,1.333336e-06,0.002000002,1.333336e-06
2477,0,0,0,0
2478,0,0,0,0
2479,0.0006666673333,4.444453333e-07,0.0006666673333,4.444453333e-07
2480,0,0,0,0
2481,0.0006666673333,4.444453333e-07,0.0006666673333,4.444453333e-07
2482,0.0006666673333,4.444453333e-07,0.0006666673333,4.444453333e-07
2483,0.002000002,1.333336e-06,0.002000002,1.333336e-06
2484,0.001333334667,8.888906667e-07,0.001333334667,8.888906667e-07
2485,0,0,0,0
2486,0,0,0,0
2487,0,0,0,0
2488,0,0,0,0
2489,0,0,0,0
2490,0.0006666673333,4.444453333e-07,0.0006666673333,4.444453333e-07
2491,0,0,0,0
2492,0.003444447889,2.382720815e-06,0.003444447889,2.382720815e-06
2493,0.003333336667,2.222226667e-06,0.003333336667,2.222226667e-06
2494,0.0006666673333,4.444453333e-07,0.0006666673333,4.444453333e-07
2495,0,0,0,0
2496,0,0,0,0
2497,0.0006666673333,4.444453333e-07,0.0006666673333,4.444453333e-07
2498,0.0006666673333,4.444453333e-07,0.0006666673333,4.444453333e-07
2499,0.002000002,1.333336e-06,0.002000002,1.333336e-06
2500,0.001333334667,8.888906667e-07,0.001333334667,8.888906667e-07
2501,0.0006666673333,4.444453333e-07,0.0006666673333,4.444453333e-07
2502,0,0,0,0
2503,0.002000002,1.333336e-06,0.002000002,1.333336e-06
2504,0,0,0,0
2505,0,0,0,0
2506,0,0,0,0
2507,0,0,0,0
2508,0.0006666673333,4.444453333e-07,0.0006666673333,4.444453333e-07
2509,0.001555557111,1.23457037e-06,0.001555557111,1.23457037e-06
2510,0.0006666673333,4.444453333e-07,0.0006666673333,4.444453333e-07
2511,0.001333334667,8.888906667e-07,0.001333334667,8.888906667e-07
2512,0,0,0,0
2513,0,0,0,0
2514,0.0006666673333,4.444453333e-07,0.0006666673333,4.444453333e-07
2515,0.0006666673333,4.444453333e-07,0.0006666673333,4.444453333e-07
2516,0,0,0,0
2517,0,0,0,0
2518,0.0006666673333,4.444453333e-07,0.0006666673333,4.444453333e-07
2519,0.001333334667,8.888906667e-07,0.001333334667,8.888906667e-07
2520,0.0006666673333,4.444453333e-07,0.0006666673333,4.444453333e-07
2521,0,0,0,0
2522,0.0006666673333,4.444453333e-07,0.0006666673333,4.444453333e-07
2523,0.001777779556,1.679015703e-06,0.001777779556,1.679015703e-06
2524,0,0,0,0
2525,0.0006666673333,4.444453333e-07,0.0006666673333,4.444453333e-07
2526,0.001333334667,8.888906667e-07,0.001333334667,8.888906667e-07
2527,0.0006666673333,4.444453333e-07,0.0006666673333,4.444453333e-07
2528,0,0,0,0
2529,0.0006666673333,4.444453333e-07,0.0006666673333,4.444453333e-07
2530,0.001333334667,8.888906667e-07,0.001333334667,8.888906667e-07
2531,0,0,0,0
2532,0.001333334667,8.888906667e-07,0.001333334667,8.888906667e-07
2533,0.0006666673333,4.444453333e-07,0.0006666673333,4.444453333e-07
2534,0.0006666673333,4.444453333e-07,0.0006666673333,4.444453333e-07
2535,0.001333334667,8.888906667e-07,0.001333334667,8.888906667e-07
2536,0.002000002,1.333336e-06,0.002000002,1.333336e-06
2537,0.004000004,2.666672e-06,0.004000004,2.666672e-06
2538,0.0006666673333,4.444453333e-07,0.0006666673333,4.444453333e-07
2539,0.0006666673333,4.444453333e-07,0.0006666673333,4.444453333e-07
2540,0.001333334667,8.888906667e-07,0.001333334667,8.888906667e-07
2541,0,0,0,0
2542,0.0006666673333,4.444453333e-07,0.0006666673333,4.444453333e-07
2543,0.0006666673333,4.444453333e-07,0.0006666673333,4.444453333e-07
2544,0,0,0,0
2545,0,0,0,0
2546,0.0006666673333,4.444453333e-07,0.0006666673333,4.444453333e-07
2547,0.001333334667,8.888906667e-07,0.001333334667,8.888906667e-07
2548,0,0,0,0
2549,0,0,0,0
2550,0.0006666673333,4.444453333e-07,0.0006666673333,4.444453333e-07
2551,0,0,0,0
2552,0.0006666673333,4.444453333e-07,0.0006666673333,4.444453333e-07
2553,0.0006666673333,4.444453333e-07,0.0006666673333,4.444453333e-07
2554,0.002000002,1.333336e-06,0.002000002,1.333336e-06
2555,0.001333334667,8.888906667e-07,0.001333334667,8.888906667e-07
2556,0.0006666673333,4.444453333e-07,0.0006666673333,4.444453333e-07
2557,0,0,0,0
2558,0.0006666673333,4.444453333e-07,0.0006666673333,4.444453333e-07
2559,0.0006666673333,4.444453333e-07,0.0006666673333,4.444453333e-07
2560,0,0,0,0
2561,0.0006666673333,4.444453333e-07,0.0006666673333,4.444453333e-07
2562,0.0006666673333,4.444453333e-07,0.0006666673333,4.444453333e-07
2563,0.001333334667,8.888906667e-07,0.001333334667,8.888906667e-07
2564,0.0006666673333,4.444453333e-07,0.0006666673333,4.444453333e-07
2565,0.002000002,1.333336e-06,0.002000002,1.333336e-06
2566,0,0,0,0
2567,0,0,0,0
2568,0.0006666673333,4.444453333e-07,0.0006666673333,4.444453333e-07
2569,0.001333334667,8.888906667e-07,0.001333334667,8.888906667e-07
2570,0,0,0,0
2571,0.0006666673333,4.444453333e-07,0.0006666673333,4.444453333e-07
2572,0.001333334667,8.888906667e-07,0.001333334667,8.888906667e-07
2573,0,0,0,0
2574,0.0006666673333,4.444453333e-07,0.0006666673333,4.444453333e-07
2575,0.0006666673333,4.444453333e-07,0.0006666673333,4.444453333e-07
2576,0.0006666673333,4.444453333e-07,0.0006666673333,4.444453333e-07
2577,0,0,0,0
2578,0,0,0,0
2579,0.0006666673333,4.444453333e-07,0.0006666673333,4.444453333e-07
2580,0.0006666673333,4.444453333e-07,0.0006666673333,4.444453333e-07
2581,0.001333334667,8.888906667e-07,0.001333334667,8.888906667e-07
2582,0.003000003,3.666674e-06,0.003000003,3.666674e-06
2583,0.0006666673333,4.444453333e-07,0.0006666673333,4.444453333e-07
2584,0.0006666673333,4.444453333e-07,0.0006666673333,4.444453333e-07
2585,0.001333334667,8.888906667e-07,0.001333334667,8.888906667e-07
2586,0.0006666673333,4.444453333e-07,0.0006666673333,4.444453333e-07
2587,0.0006666673333,4.444453333e-07,0.0006666673333,4.444453333e-07
2588,0,0,0,0
2589,0,0,0,0
2590,0.0006666673333,4.444453333e-07,0.0006666673333,4.444453333e-07
2591,0.001333334667,8.888906667e-07,0.001333334667,8.888906667e-07
2592,0.0006666673333,4.444453333e-07,0.0006666673333,4.444453333e-07
2593,0,0,0,0
2594,0,0,0,0
2595,0,0,0,0
2596,0.0006666673333,4.444453333e-07,0.0006666673333,4.444453333e-07
2597,0.001333334667,8.888906667e-07,0.001333334667,8.888906667e-07
2598,0.001333334667,8.888906667e-07,0.001333334667,8.888906667e-07
2599,0.0006666673333,4.444453333e-07,0.0006666673333,4.444453333e-07
2600,0,0,0,0
2601,0.002000002,1.333336e-06,0.002000002,1.333336e-06
2602,0.0006666673333,4.444453333e-07,0.0006666673333,4.444453333e-07
2603,0,0,0,0
2604,0.001333334667,8.888906667e-07,0.001333334667,8.888906667e-07
2605,0,0,0,0
2606,0,0,0,0
2607,0.0006666673333,4.444453333e-07,0.0006666673333,4.444453333e-07
2608,0.002000002,1.333336e-06,0.002000002,1.333336e-06
2609,0,0,0,0
2610,0.0006666673333,4.444453333e-07,0.0006666673333,4.444453333e-07
2611,0,0,0,0
2612,0.001333334667,8.888906667e-07,0.001333334667,8.888906667e-07
2613,0,0,0,0
2614,0.001333334667,8.888906667e-07,0.001333334667,8.888906667e-07
2615,0.002000002,1.333336e-06,0.002000002,1.333336e-06
2616,0,0,0,0
2617,0.0006666673333,4.444453333e-07,0.0006666673333,4.444453333e-07
2618,0.0006666673333,4.444453333e-07,0.0006666673333,4.444453333e-07
2619,0.0006666673333,4.444453333e-07,0.0006666673333,4.444453333e-07
2620,0.002000002,1.333336e-06,0.002000002,1.333336e-06
2621,0.002333335667,1.888892667e-06,0.002333335667,1.888892667e-06
2622,0,0,0,0
2623,0.0006666673333,4.444453333e-07,0.0006666673333,4.444453333e-07
2624,0,0,0,0
2625,0,0,0,0
2626,0.0006666673333,4.444453333e-07,0.0006666673333,4.444453333e-07
2627,0.0006666673333,4.444453333e-07,0.0006666673333,4.444453333e-07
2628,0,0,0,0
2629,0,0,0,0
2630,0.001333334667,8.888906667e-07,0.001333334667,8.888906667e-07
2631,0.0006666673333,4.444453333e-07,0.0006666673333,4.444453333e-07
2632,0,0,0,0
2633,0.0006666673333,4.444453333e-07,0.0006666673333,4.444453333e-07
2634,0.0006666673333,4.444453333e-07,0.0006666673333,4.444453333e-07
2635,0,0,0,0
2636,0.001333334667,8.888906667e-07,0.001333334667,8.888906667e-07
2637,0.001333334667,8.888906667e-07,0.001333334667,8.888906667e-07
2638,0.001333334667,8.888906667e-07,0.001333334667,8.888906667e-07
2639,0.0006666673333,4.444453333e-07,0.0006666673333,4.444453333e-07
2640,0.0006666673333,4.444453333e-07,0.0006666673333,4.444453333e-07
2641,0,0,0,0
2642,0.0006666673333,4.444453333e-07,0.0006666673333,4.444453333e-07
2643,0,0,0,0
2644,0.0006666673333,4.444453333e-07,0.0006666673333,4.444453333e-07
2645,0.001333334667,8.888906667e-07,0.001333334667,8.888906667e-07
2646,0,0,0,0
2647,0.0006666673333,4.444453333e-07,0.0006666673333,4.444453333e-07
2648,0,0,0,0
2649,0,0,0,0
2650,0,0,0,0
2651,0.002000002,1.333336e-06,0.002000002,1.333336e-06
2652,0.0006666673333,4.444453333e-07,0.0006666673333,4.444453333e-07
2653,0.0006666673333,4.444453333e-07,0.0006666673333,4.444453333e-07
2654,0.0006666673333,4.444453333e-07,0.0006666673333,4.444453333e-07
2655,0,0,0,0
2656,0,0,0,0
2657,0.001333334667,8.888906667e-07,0.001333334667,8.888906667e-07
2658,0.0006666673333,4.444453333e-07,0.0006666673333,4.444453333e-07
2659,0.0006666673333,4.444453333e-07,0.0006666673333,4.444453333e-07
2660,0,0,0,0
2661,0.0006666673333,4.444453333e-07,0.0006666673333,4.444453333e-07
2662,0.001333334667,8.888906667e-07,0.001333334667,8.888906667e-07
2663,0.002666669333,1.777781333e-06,0.002666669333,1.777781333e-06
2664,0.0006666673333,4.444453333e-07,0.0006666673333,4.444453333e-07
2665,0,0,0,0
2666,0.0006666673333,4.444453333e-07,0.0006666673333,4.444453333e-07
2667,0,0,0,0
2668,0.0006666673333,4.444453333e-07,0.0006666673333,4.444453333e-07
2669,0,0,0,0
2670,0,0,0,0
2671,0,0,0,0
2672,0.0006666673333,4.444453333e-07,0.0006666673333,4.444453333e-07
2673,0.0006666673333,4.444453333e-07,0.0006666673333,4.444453333e-07
2674,0.001333334667,8.888906667e-07,0.001333334667,8.888906667e-07
2675,0,0,0,0
2676,0.001333334667,8.888906667e-07,0.001333334667,8.888906667e-07
2677,0.001333334667,8.888906667e-07,0.001333334667,8.888906667e-07
2678,0.001333334667,8.888906667e-07,0.001333334667,8.888906667e-07
2679,0,0,0,0
2680,0.0006666673333,4.444453333e-07,0.0006666673333,4.444453333e-07
2681,0,0,0,0
2682,0.001333334667,8.888906667e-07,0.001333334667,8.888906667e-07
2683,0,0,0,0
2684,0.0006666673333,4.444453333e-07,0.0006666673333,4.444453333e-07
2685,0.0006666673333,4.444453333e-07,0.0006666673333,4.444453333e-07
2686,0,0,0,0
2687,0,0,0,0
2688,0.0006666673333,4.444453333e-07,0.0006666673333,4.444453333e-07
2689,0.001333334667,8.888906667e-07,0.001333334667,8.888906667e-07
2690,0.0006666673333,4.444453333e-07,0.0006666673333,4.444453333e-07
2691,0.0006666673333,4.444453333e-07,0.0006666673333,4.444453333e-07
2692,0.0006666673333,4.444453333e-07,0.0006666673333,4.444453333e-07
2693,0,0,0,0
2694,0.0006666673333,4.444453333e-07,0.0006666673333,4.444453333e-07
2695,0.0006666673333,4.444453333e-07,0.0006666673333,4.444453333e-07
2696,0.002666669333,1.777781333e-06,0.002666669333,1.777781333e-06
2697,0.0006666673333,4.444453333e-07,0.0006666673333,4.444453333e-07
2698,0,0,0,0
2699,0,0,0,0
2700,0,0,0,0
2701,0.001333334667,8.888906667e-07,0.001333334667,8.888906667e-07
2702,0.0006666673333,4.444453333e-07,0.0006666673333,4.444453333e-07
2703,0,0,0,0
2704,0.0006666673333,4.444453333e-07,0.0006666673333,4.444453333e-07
2705,0.0006666673333,4.444453333e-07,0.0006666673333,4.444453333e-07
2706,0,0,0,0
2707,0,0,0,0
2708,0.0006666673333,4.444453333e-07,0.0006666673333,4.444453333e-07
2709,0,0,0,0
2710,0.002000002,1.333336e-06,0.002000002,1.333336e-06
2711,0.002000002,1.333336e-06,0.002000002,1.333336e-06
2712,0.001333334667,8.888906667e-07,0.001333334667,8.888906667e-07
2713,0.001333334667,8.888906667e-07,0.001333334667,8.888906667e-07
2714,0,0,0,0
2715,0.001333334667,8.888906667e-07,0.001333334667,8.888906667e-07
2716,0,0,0,0
2717,0,0,0,0
2718,0.0006666673333,4.444453333e-07,0.0006666673333,4.444453333e-07
2719,0,0,0,0
2720,0,0,0,0
2721,0,0,0,0
2722,0.0006666673333,4.444453333e-07,0.0006666673333,4.444453333e-07
2723,0.0006666673333,4.444453333e-07,0.0006666673333,4.444453333e-07
2724,0.0006666673333,4.444453333e-07,0.0006666673333,4.444453333e-07
2725,0.0006666673333,4.444453333e-07,0.0006666673333,4.444453333e-07
2726,0,0,0,0
2727,0.0006666673333,4.444453333e-07,0.0006666673333,4.444453333e-07
2728,0.0006666673333,4.444453333e-07,0.0006666673333,4.444453333e-07
2729,0,0,0,0
2730,0.0006666673333,4.444453333e-07,0.0006666673333,4.444453333e-07
2731,0.0006666673333,4.444453333e-07,0.0006666673333,4.444453333e-07
2732,0.001333334667,8.888906667e-07,0.001333334667,8.888906667e-07
2733,0.001333334667,8.888906667e-07,0.001333334667,8.888906667e-07
2734,0.0006666673333,4.444453333e-07,0.0006666673333,4.444453333e-07
2735,0,0,0,0
2736,0.0006666673333,4.444453333e-07,0.0006666673333,4.444453333e-07
2737,0,0,0,0
2738,0.0015000015,1.138891167e-06,0.0015000015,1.138891167e-06
2739,0,0,0,0
2740,0.001333334667,8.888906667e-07,0.001333334667,8.888906667e-07
2741,0,0,0,0
2742,0,0,0,0
2743,0.0006666673333,4.444453333e-07,0.0006666673333,4.444453333e-07
2744,0,0,0,0
2745,0.001333334667,8.888906667e-07,0.001333334667,8.888906667e-07
2746,0,0,0,0
2747,0,0,0,0
2748,0,0,0,0
2749,0.0006666673333,4.444453333e-07,0.0006666673333,4.444453333e-07
2750,0,0,0,0
2751,0,0,0,0
2752,0,0,0,0
2753,0.0006666673333,4.444453333e-07,0.0006666673333,4.444453333e-07
2754,0,0,0,0
2755,0.0006666673333,4.444453333e-07,0.0006666673333,4.444453333e-07
2756,0,0,0,0
2757,0.002000002,1.333336e-06,0.002000002,1.333336e-06
2758,0,0,0,0
2759,0,0,0,0
2760,0,0,0,0
2761,0.0006666673333,4.444453333e-07,0.0006666673333,4.444453333e-07
2762,0.001333334667,8.888906667e-07,0.001333334667,8.888906667e-07
2763,0,0,0,0
2764,0.002000002,1.333336e-06,0.002000002,1.333336e-06
2765,0,0,0,0
2766,0,0,0,0
2767,0.001333334667,8.888906667e-07,0.001333334667,8.888906667e-07
2768,0.0006666673333,4.444453333e-07,0.0006666673333,4.444453333e-07
2769,0.001333334667,8.888906667e-07,0.001333334667,8.888906667e-07
2770,0.0006666673333,4.444453333e-07,0.0006666673333,4.444453333e-07
2771,0,0,0,0
2772,0.001333334667,8.888906667e-07,0.001333334667,8.888906667e-07
2773,0,0,0,0
2774,0.0006666673333,4.444453333e-07,0.0006666673333,4.444453333e-07
2775,0.0006666673333,4.444453333e-07,0.0006666673333,4.444453333e-07
2776,0.0006666673333,4.444453333e-07,0.0006666673333,4.444453333e-07
2777,0,0,0,0
2778,0.0006666673333,4.444453333e-07,0.0006666673333,4.444453333e-07
2779,0.0006666673333,4.444453333e-07,0.0006666673333,4.444453333e-07
2780,0.0006666673333,4.444453333e-07,0.0006666673333,4.444453333e-07
2781,0.001333334667,8.888906667e-07,0.001333334667,8.888906667e-07
2782,0,0,0,0
2783,0,0,0,0
2784,0,0,0,0
2785,0,0,0,0
2786,0.001333334667,8.888906667e-07,0.001333334667,8.888906667e-07
2787,0.0006666673333,4.444453333e-07,0.0006666673333,4.444453333e-07
2788,0.0006666673333,4.444453333e-07,0.0006666673333,4.444453333e-07
2789,0.0006666673333,4.444453333e-07,0.0006666673333,4.444453333e-07
2790,0.001333334667,8.888906667e-07,0.001333334667,8.888906667e-07
2791,0.0006666673333,4.444453333e-07,0.0006666673333,4.444453333e-07
2792,0.001333334667,8.888906667e-07,0.001333334667,8.888906667e-07
2793,0.002000002,1.333336e-06,0.002000002,1.333336e-06
2794,0,0,0,0
2795,0,0,0,0
2796,0,0,0,0
2797,0.002000002,1.333336e-06,0.002000002,1.333336e-06
2798,0,0,0,0
2799,0.0006666673333,4.444453333e-07,0.0006666673333,4.444453333e-07
2800,0,0,0,0
2801,0,0,0,0
2802,0.0006666673333,4.444453333e-07,0.0006666673333,4.444453333e-07
2803,0.002000002,1.333336e-06,0.002000002,1.333336e-06
2804,0.001333334667,8.888906667e-07,0.001333334667,8.888906667e-07
2805,0,0,0,0
2806,0.0006666673333,4.444453333e-07,0.0006666673333,4.444453333e-07
2807,0.001333334667,8.888906667e-07,0.001333334667,8.888906667e-07
2808,0,0,0,0
2809,0.0006666673333,4.444453333e-07,0.0006666673333,4.444453333e-07
2810,0.0006666673333,4.444453333e-07,0.0006666673333,4.444453333e-07
2811,0.001333334667,8.888906667e-07,0.001333334667,8.888906667e-07
2812,0.001333334667,8.888906667e-07,0.001333334667,8.888906667e-07
2813,0,0,0,0
2814,0,0,0,0
2815,0.0006666673333,4.444453333e-07,0.0006666673333,4.444453333e-07
2816,0.0006666673333,4.444453333e-07,0.0006666673333,4.444453333e-07
2817,0.002000002,1.333336e-06,0.002000002,1.333336e-06
2818,0.0006666673333,4.444453333e-07,0.0006666673333,4.444453333e-07
2819,0,0,0,0
2820,0,0,0,0
2821,0,0,0,0
2822,0,0,0,0
2823,0.0006666673333,4.444453333e-07,0.0006666673333,4.444453333e-07
2824,0.001333334667,8.888906667e-07,0.001333334667,8.888906667e-07
2825,0.0006666673333,4.444453333e-07,0.0006666673333,4.444453333e-07
2826,0.0006666673333,4.444453333e-07,0.0006666673333,4.444453333e-07
2827,0.0006666673333,4.444453333e-07,0.0006666673333,4.444453333e-07
2828,0.002000002,1.333336e-06,0.002000002,1.333336e-06
2829,0.0006666673333,4.444453333e-07,0.0006666673333,4.444453333e-07
2830,0.001333334667,8.888906667e-07,0.001333334667,8.888906667e-07
2831,0.0006666673333,4.444453333e-07,0.0006666673333,4.444453333e-07
2832,0,0,0,0
2833,0,0,0,0
2834,0,0,0,0
2835,0,0,0,0
2836,0.001333334667,8.888906667e-07,0.001333334667,8.888906667e-07
2837,0,0,0,0
2838,0.0006666673333,4.444453333e-07,0.0006666673333,4.444453333e-07
2839,0.002222224444,1.679015703e-06,0.002222224444,1.679015703e-06
2840,0.0006666673333,4.444453333e-07,0.0006666673333,4.444453333e-07
2841,0.0006666673333,4.444453333e-07,0.0006666673333,4.444453333e-07
2842,0,0,0,0
2843,0,0,0,0
2844,0.0006666673333,4.444453333e-07,0.0006666673333,4.444453333e-07
2845,0.0006666673333,4.444453333e-07,0.0006666673333,4.444453333e-07
2846,0,0,0,0
2847,0.0006666673333,4.444453333e-07,0.0006666673333,4.444453333e-07
2848,0.001333334667,8.888906667e-07,0.001333334667,8.888906667e-07
2849,0,0,0,0
2850,0.001333334667,8.888906667e-07,0.001333334667,8.888906667e-07
2851,0.001333334667,8.888906667e-07,0.001333334667,8.888906667e-07
2852,0,0,0,0
2853,0,0,0,0
2854,0,0,0,0
2855,0,0,0,0
2856,0.0006666673333,4.444453333e-07,0.0006666673333,4.444453333e-07
2857,0,0,0,0
2858,0.0006666673333,4.444453333e-07,0.0006666673333,4.444453333e-07
2859,0.0006666673333,4.444453333e-07,0.0006666673333,4.444453333e-07
2860,0,0,0,0
2861,0.002666669333,1.777781333e-06,0.002666669333,1.777781333e-06
2862,0.001333334667,8.888906667e-07,0.001333334667,8.888906667e-07
2863,0,0,0,0
2864,0.0006666673333,4.444453333e-07,0.0006666673333,4.444453333e-07
2865,0,0,0,0
2866,0.0006666673333,4.444453333e-07,0.0006666673333,4.444453333e-07
2867,0,0,0,0
2868,0.0006666673333,4.444453333e-07,0.0006666673333,4.444453333e-07
2869,0.0006666673333,4.444453333e-07,0.0006666673333,4.444453333e-07
2870,0,0,0,0
2871,0,0,0,0
2872,0,0,0,0
2873,0,0,0,0
2874,0.0006666673333,4.444453333e-07,0.0006666673333,4.444453333e-07
2875,0.0006666673333,4.444453333e-07,0.0006666673333,4.444453333e-07
2876,0,0,0,0
2877,0,0,0,0
2878,0.0006666673333,4.444453333e-07,0.0006666673333,4.444453333e-07
2879,0,0,0,0
2880,0.0006666673333,4.444453333e-07,0.0006666673333,4.444453333e-07
2881,0.0006666673333,4.444453333e-07,0.0006666673333,4.444453333e-07
2882,0.001333334667,8.888906667e-07,0.001333334667,8.888906667e-07
2883,0,0,0,0
2884,0,0,0,0
2885,0.001333334667,8.888906667e-07,0.001333334667,8.888906667e-07
2886,0.0006666673333,4.444453333e-07,0.0006666673333,4.444453333e-07
2887,0,0,0,0
2888,0.0006666673333,4.444453333e-07,0.0006666673333,4.444453333e-07
2889,0.0006666673333,4.444453333e-07,0.0006666673333,4.444453333e-07
2890,0,0,0,0
2891,0.0006666673333,4.444453333e-07,0.0006666673333,4.444453333e-07
2892,0,0,0,0
2893,0,0,0,0
2894,0.0006666673333,4.444453333e-07,0.0006666673333,4.444453333e-07
2895,0,0,0,0
2896,0,0,0,0
2897,0,0,0,0
2898,0,0,0,0
2899,0,0,0,0
2900,0,0,0,0
2901,0.001333334667,8.888906667e-07,0.001333334667,8.888906667e-07
2902,0.0006666673333,4.444453333e-07,0.0006666673333,4.444453333e-07
2903,0,0,0,0
2904,0.001333334667,8.888906667e-07,0.001333334667,8.888906667e-07
2905,0,0,0,0
2906,0,0,0,0
2907,0.001333334667,8.888906667e-07,0.001333334667,8.888906667e-07
2908,0.0006666673333,4.444453333e-07,0.0006666673333,4.444453333e-07
2909,0.0006666673333,4.444453333e-07,0.0006666673333,4.444453333e-07
2910,0.0006666673333,4.444453333e-07,0.0006666673333,4.444453333e-07
2911,0.0006666673333,4.444453333e-07,0.0006666673333,4.444453333e-07
2912,0,0,0,0
2913,0.0006666673333,4.444453333e-07,0.0006666673333,4.444453333e-07
2914,0,0,0,0
2915,0.001333334667,8.888906667e-07,0.001333334667,8.888906667e-07
2916,0.001333334667,8.888906667e-07,0.001333334667,8.888906667e-07
2917,0,0,0,0
2918,0,0,0,0
2919,0.0006666673333,4.444453333e-07,0.0006666673333,4.444453333e-07
2920,0.0006666673333,4.444453333e-07,0.0006666673333,4.444453333e-07
2921,0.0006666673333,4.444453333e-07,0.0006666673333,4.444453333e-07
2922,0.001333334667,8.888906667e-07,0.001333334667,8.888906667e-07
2923,0,0,0,0
2924,0.0006666673333,4.444453333e-07,0.0006666673333,4.444453333e-07
2925,0.0006666673333,4.444453333e-07,0.0006666673333,4.444453333e-07
2926,0,0,0,0
2927,0.001333334667,8.888906667e-07,0.001333334667,8.888906667e-07
2928,0,0,0,0
2929,0.0006666673333,4.444453333e-07,0.0006666673333,4.444453333e-07
2930,0,0,0,0
2931,0.0006666673333,4.444453333e-07,0.0006666673333,4.444453333e-07
2932,0.0006666673333,4.444453333e-07,0.0006666673333,4.444453333e-07
2933,0,0,0,0
2934,0,0,0,0
2935,0,0,0,0
2936,0.0008000008,6.4000128e-07,0.0008000008,6.4000128e-07
2937,0,0,0,0
2938,0,0,0,0
2939,0.0006666673333,4.444453333e-07,0.0006666673333,4.444453333e-07
2940,0.0006666673333,4.444453333e-07,0.0006666673333,4.444453333e-07
2941,0.001333334667,8.888906667e-07,0.001333334667,8.888906667e-07
2942,0,0,0,0
2943,0.0006666673333,4.444453333e-07,0.0006666673333,4.444453333e-07
2944,0.0006666673333,4.444453333e-07,0.0006666673333,4.444453333e-07
2945,0,0,0,0
2946,0,0,0,0
2947,0,0,0,0
2948,0.0006666673333,4.444453333e-07,0.0006666673333,4.444453333e-07
2949,0,0,0,0
2950,0,0,0,0
2951,0.0006666673333,4.444453333e-07,0.0006666673333,4.444453333e-07
2952,0.0006666673333,4.444453333e-07,0.0006666673333,4.444453333e-07
2953,0,0,0,0
2954,0.0006666673333,4.444453333e-07,0.0006666673333,4.444453333e-07
2955,0,0,0,0
2956,0.0006666673333,4.444453333e-07,0.0006666673333,4.444453333e-07
2957,0.001333334667,8.888906667e-07,0.001333334667,8.888906667e-07
2958,0.0006666673333,4.444453333e-07,0.0006666673333,4.444453333e-07
2959,0.001555557111,1.23457037e-06,0.001555557111,1.23457037e-06
2960,0,0,0,0
2961,0,0,0,0
2962,0,0,0,0
2963,0.0006666673333,4.444453333e-07,0.0006666673333,4.444453333e-07
2964,0.001333334667,8.888906667e-07,0.001333334667,8.888906667e-07
2965,0.001333334667,8.888906667e-07,0.001333334667,8.888906667e-07
2966,0.0006666673333,4.444453333e-07,0.0006666673333,4.444453333e-07
2967,0,0,0,0
2968,0.0006666673333,4.444453333e-07,0.0006666673333,4.444453333e-07
2969,0,0,0,0
2970,0.0006666673333,4.444453333e-07,0.0006666673333,4.444453333e-07
2971,0,0,0,0
2972,0,0,0,0
2973,0,0,0,0
2974,0.001333334667,8.888906667e-07,0.001333334667,8.888906667e-07
2975,0.001333334667,8.888906667e-07,0.001333334667,8.888906667e-07
2976,0.0006666673333,4.444453333e-07,0.0006666673333,4.444453333e-07
2977,0,0,0,0
2978,0,0,0,0
2979,0,0,0,0
2980,0,0,0,0
2981,0,0,0,0
2982,0,0,0,0
2983,0.002000002,1.333336e-06,0.002000002,1.333336e-06
2984,0,0,0,0
2985,0.002000002,1.333336e-06,0.002000002,1.333336e-06
2986,0,0,0,0
2987,0,0,0,0
2988,0.0006666673333,4.444453333e-07,0.0006666673333,4.444453333e-07
2989,0.001333334667,8.888906667e-07,0.001333334667,8.888906667e-07
2990,0,0,0,0
2991,0.0006666673333,4.444453333e-07,0.0006666673333,4.444453333e-07
2992,0.0006666673333,4.444453333e-07,0.0006666673333,4.444453333e-07
2993,0,0,0,0
2994,0.0006666673333,4.444453333e-07,0.0006666673333,4.444453333e-07
2995,0.0006666673333,4.444453333e-07,0.0006666673333,4.444453333e-07
2996,0.002000002,1.333336e-06,0.002000002,1.333336e-06
2997,0.001333334667,8.888906667e-07,0.001333334667,8.888906667e-07
2998,0.0006666673333,4.444453333e-07,0.0006666673333,4.444453333e-07
2999,0,0,0,0
3000,0.001333334667,8.888906667e-07,0.001333334667,8.888906667e-07
3001,0.0006666673333,4.444453333e-07,0.0006666673333,4.444453333e-07
3002,0.0006666673333,4.444453333e-07,0.0006666673333,4.444453333e-07
3003,0.0006666673333,4.444453333e-07,0.0006666673333,4.444453333e-07
3004,0,0,0,0
3005,0,0,0,0
3006,0,0,0,0
3007,0,0,0,0
3008,0,0,0,0
3009,0.0006666673333,4.444453333e-07,0.0006666673333,4.444453333e-07
3010,0.001333334667,8.888906667e-07,0.001333334667,8.888906667e-07
3011,0,0,0,0
3012,0.0006666673333,4.444453333e-07,0.0006666673333,4.444453333e-07
3013,0.0006666673333,4.444453333e-07,0.0006666673333,4.444453333e-07
3014,0.002000002,1.333336e-06,0.002000002,1.333336e-06
3015,0.0006666673333,4.444453333e-07,0.0006666673333,4.444453333e-07
3016,0,0,0,0
3017,0.0006666673333,4.444453333e-07,0.0006666673333,4.444453333e-07
3018,0.001333334667,8.888906667e-07,0.001333334667,8.888906667e-07
3019,0,0,0,0
3020,0.0006666673333,4.444453333e-07,0.0006666673333,4.444453333e-07
3021,0.0006666673333,4.444453333e-07,0.0006666673333,4.444453333e-07
3022,0,0,0,0
3023,0,0,0,0
3024,0.002000002,1.333336e-06,0.002000002,1.333336e-06
3025,0,0,0,0
3026,0.001333334667,8.888906667e-07,0.001333334667,8.888906667e-07
3027,0.0006666673333,4.444453333e-07,0.0006666673333,4.444453333e-07
3028,0.0006666673333,4.444453333e-07,0.0006666673333,4.444453333e-07
3029,0,0,0,0
3030,0,0,0,0
3031,0.0008000008,6.4000128e-07,0.0008000008,6.4000128e-07
3032,0,0,0,0
3033,0,0,0,0
3034,0.0006666673333,4.444453333e-07,0.0006666673333,4.444453333e-07
3035,0,0,0,0
3036,0.002000002,1.333336e-06,0.002000002,1.333336e-06
3037,0,0,0,0
3038,0.0006666673333,4.444453333e-07,0.0006666673333,4.444453333e-07
3039,0.001333334667,8.888906667e-07,0.001333334667,8.888906667e-07
3040,0.0006666673333,4.444453333e-07,0.0006666673333,4.444453333e-07
3041,0.0006666673333,4.444453333e-07,0.0006666673333,4.444453333e-07
3042,0,0,0,0
3043,0.0006666673333,4.444453333e-07,0.0006666673333,4.444453333e-07
3044,0.0006666673333,4.444453333e-07,0.0006666673333,4.444453333e-07
3045,0,0,0,0
3046,0.002666669333,1.777781333e-06,0.002666669333,1.777781333e-06
3047,0.001333334667,8.888906667e-07,0.001333334667,8.888906667e-07
3048,0.002000002,1.333336e-06,0.002000002,1.333336e-06
3049,0.0006666673333,4.444453333e-07,0.0006666673333,4.444453333e-07
3050,0.0006666673333,4.444453333e-07,0.0006666673333,4.444453333e-07
3051,0,0,0,0
3052,0.001333334667,8.888906667e-07,0.001333334667,8.888906667e-07
3053,0,0,0,0
3054,0,0,0,0
3055,0.001333334667,8.888906667e-07,0.001333334667,8.888906667e-07
3056,0.002000002,1.333336e-06,0.002000002,1.333336e-06
3057,0.0006666673333,4.444453333e-07,0.0006666673333,4.444453333e-07
3058,0,0,0,0
3059,0.0006666673333,4.444453333e-07,0.0006666673333,4.444453333e-07
3060,0,0,0,0
3061,0.0016000016,1.315558187e-06,0.0016000016,1.315558187e-06
3062,0.0006666673333,4.444453333e-07,0.0006666673333,4.444453333e-07
3063,0.0006666673333,4.444453333e-07,0.0006666673333,4.444453333e-07
3064,0,0,0,0
3065,0.001333334667,8.888906667e-07,0.001333334667,8.888906667e-07
3066,0,0,0,0
3067,0.001333334667,8.888906667e-07,0.001333334667,8.888906667e-07
3068,0,0,0,0
3069,0.0006666673333,4.444453333e-07,0.0006666673333,4.444453333e-07
3070,0,0,0,0
3071,0,0,0,0
3072,0,0,0,0
3073,0,0,0,0
3074,0.0006666673333,4.444453333e-07,0.0006666673333,4.444453333e-07
3075,0.0006666673333,4.444453333e-07,0.0006666673333,4.444453333e-07
3076,0,0,0,0
3077,0.0006666673333,4.444453333e-07,0.0006666673333,4.444453333e-07
3078,0.0006666673333,4.444453333e-07,0.0006666673333,4.444453333e-07
3079,0,0,0,0
3080,0,0,0,0
3081,0.0006666673333,4.444453333e-07,0.0006666673333,4.444453333e-07
3082,0.002000002,1.333336e-06,0.002000002,1.333336e-06
3083,0.002000002,1.333336e-06,0.002000002,1.333336e-06
3084,0.001333334667,8.888906667e-07,0.001333334667,8.888906667e-07
3085,0.0006666673333,4.444453333e-07,0.0006666673333,4.444453333e-07
3086,0,0,0,0
3087,0.0006666673333,4.444453333e-07,0.0006666673333,4.444453333e-07
3088,0,0,0,0
3089,0.002000002,1.333336e-06,0.002000002,1.333336e-06
3090,0,0,0,0
3091,0.0006666673333,4.444453333e-07,0.0006666673333,4.444453333e-07
3092,0.001333334667,8.888906667e-07,0.001333334667,8.888906667e-07
3093,0.002666669333,1.777781333e-06,0.002666669333,1.777781333e-06
3094,0.001333334667,8.888906667e-07,0.001333334667,8.888906667e-07
3095,0,0,0,0
3096,0.001333334667,8.888906667e-07,0.001333334667,8.888906667e-07
3097,0.0006666673333,4.444453333e-07,0.0006666673333,4.444453333e-07
3098,0.0006666673333,4.444453333e-07,0.0006666673333,4.444453333e-07
3099,0.0006666673333,4.444453333e-07,0.0006666673333,4.444453333e-07
3100,0.0006666673333,4.444453333e-07,0.0006666673333,4.444453333e-07
3101,0.0006666673333,4.444453333e-07,0.0006666673333,4.444453333e-07
3102,0,0,0,0
3103,0.0006666673333,4.444453333e-07,0.0006666673333,4.444453333e-07
3104,0.0006666673333,4.444453333e-07,0.0006666673333,4.444453333e-07
3105,0,0,0,0
3106,0,0,0,0
3107,0.0006666673333,4.444453333e-07,0.0006666673333,4.444453333e-07
3108,0.0006666673333,4.444453333e-07,0.0006666673333,4.444453333e-07
3109,0.0006666673333,4.444453333e-07,0.0006666673333,4.444453333e-07
3110,0.0006666673333,4.444453333e-07,0.0006666673333,4.444453333e-07
3111,0,0,0,0
3112,0,0,0,0
3113,0.001333334667,8.888906667e-07,0.001333334667,8.888906667e-07
3114,0.001333334667,8.888906667e-07,0.001333334667,8.888906667e-07
3115,0,0,0,0
3116,0,0,0,0
3117,0.0006666673333,4.444453333e-07,0.0006666673333,4.444453333e-07
3118,0,0,0,0
3119,0,0,0,0
3120,0,0,0,0
3121,0,0,0,0
3122,0,0,0,0
3123,0.0006666673333,4.444453333e-07,0.0006666673333,4.444453333e-07
3124,0.0006666673333,4.444453333e-07,0.0006666673333,4.444453333e-07
3125,0.001333334667,8.888906667e-07,0.001333334667,8.888906667e-07
3126,0,0,0,0
3127,0.0006666673333,4.444453333e-07,0.0006666673333,4.444453333e-07
3128,0.0006666673333,4.444453333e-07,0.0006666673333,4.444453333e-07
3129,0.0006666673333,4.444453333e-07,0.0006666673333,4.444453333e-07
3130,0,0,0,0
3131,0.0006666673333,4.444453333e-07,0.0006666673333,4.444453333e-07
3132,0,0,0,0
3133,0.001333334667,8.888906667e-07,0.001333334667,8.888906667e-07
3134,0.0006666673333,4.444453333e-07,0.0006666673333,4.444453333e-07
3135,0.0006666673333,4.444453333e-07,0.0006666673333,4.444453333e-07
3136,0.0006666673333,4.444453333e-07,0.0006666673333,4.444453333e-07
3137,0,0,0,0
3138,0,0,0,0
3139,0,0,0,0
3140,0.0006666673333,4.444453333e-07,0.0006666673333,4.444453333e-07
3141,0,0,0,0
3142,0,0,0,0
3143,0.0006666673333,4.444453333e-07,0.0006666673333,4.444453333e-07
3144,0,0,0,0
3145,0.0006666673333,4.444453333e-07,0.0006666673333,4.444453333e-07
3146,0.0006666673333,4.444453333e-07,0.0006666673333,4.444453333e-07
3147,0.001333334667,8.888906667e-07,0.001333334667,8.888906667e-07
3148,0.001333334667,8.888906667e-07,0.001333334667,8.888906667e-07
3149,0.0006666673333,4.444453333e-07,0.0006666673333,4.444453333e-07
3150,0,0,0,0
3151,0,0,0,0
3152,0,0,0,0
3153,0,0,0,0
3154,0.001333334667,8.888906667e-07,0.001333334667,8.888906667e-07
3155,0,0,0,0
3156,0,0,0,0
3157,0,0,0,0
3158,0.0006666673333,4.444453333e-07,0.0006666673333,4.444453333e-07
3159,0.0006666673333,4.444453333e-07,0.0006666673333,4.444453333e-07
3160,0,0,0,0
3161,0.0006666673333,4.444453333e-07,0.0006666673333,4.444453333e-07
3162,0.001333334667,8.888906667e-07,0.001333334667,8.888906667e-07
3163,0.0006666673333,4.444453333e-07,0.0006666673333,4.444453333e-07
3164,0,0,0,0
3165,0,0,0,0
3166,0,0,0,0
3167,0,0,0,0
3168,0.002000002,1.333336e-06,0.002000002,1.333336e-06
3169,0,0,0,0
3170,0,0,0,0
3171,0,0,0,0
3172,0,0,0,0
3173,0.0006666673333,4.444453333e-07,0.0006666673333,4.444453333e-07
3174,0.0006666673333,4.444453333e-07,0.0006666673333,4.444453333e-07
3175,0.0006666673333,4.444453333e-07,0.0006666673333,4.444453333e-07
3176,0,0,0,0
3177,0.0006666673333,4.444453333e-07,0.0006666673333,4.444453333e-07
3178,0,0,0,0
3179,0.0006666673333,4.444453333e-07,0.0006666673333,4.444453333e-07
3180,0.0006666673333,4.444453333e-07,0.0006666673333,4.444453333e-07
3181,0.001333334667,8.888906667e-07,0.001333334667,8.888906667e-07
3182,0.0006666673333,4.444453333e-07,0.0006666673333,4.444453333e-07
3183,0.0007843145097,6.151492503e-07,0.0007843145097,6.151492503e-07
3184,0.0006666673333,4.444453333e-07,0.0006666673333,4.444453333e-07
3185,0.0006666673333,4.444453333e-07,0.0006666673333,4.444453333e-07
3186,0,0,0,0
3187,0.0006666673333,4.444453333e-07,0.0006666673333,4.444453333e-07
3188,0.0006666673333,4.444453333e-07,0.0006666673333,4.444453333e-07
3189,0,0,0,0
3190,0,0,0,0
3191,0.0006666673333,4.444453333e-07,0.0006666673333,4.444453333e-07
3192,0,0,0,0
3193,0,0,0,0
3194,0,0,0,0
3195,0.001333334667,8.888906667e-07,0.001333334667,8.888906667e-07
3196,0,0,0,0
3197,0.0006666673333,4.444453333e-07,0.0006666673333,4.444453333e-07
3198,0.0006666673333,4.444453333e-07,0.0006666673333,4.444453333e-07
3199,0.002000002,1.333336e-06,0.002000002,1.333336e-06
3200,0.0006666673333,4.444453333e-07,0.0006666673333,4.444453333e-07
3201,0,0,0,0
3202,0.0006666673333,4.444453333e-07,0.0006666673333,4.444453333e-07
3203,0.0006666673333,4.444453333e-07,0.0006666673333,4.444453333e-07
3204,0.0006666673333,4.444453333e-07,0.0006666673333,4.444453333e-07
3205,0.0006666673333,4.444453333e-07,0.0006666673333,4.444453333e-07
3206,0.001333334667,8.888906667e-07,0.001333334667,8.888906667e-07
3207,0.0006666673333,4.444453333e-07,0.0006666673333,4.444453333e-07
3208,0,0,0,0
3209,0,0,0,0
3210,0,0,0,0
3211,0.001333334667,8.888906667e-07,0.001333334667,8.888906667e-07
3212,0.001333334667,8.888906667e-07,0.001333334667,8.888906667e-07
3213,0.0006666673333,4.444453333e-07,0.0006666673333,4.444453333e-07
3214,0,0,0,0
3215,0.001333334667,8.888906667e-07,0.001333334667,8.888906667e-07
3216,0,0,0,0
3217,0,0,0,0
3218,0,0,0,0
3219,0,0,0,0
3220,0.001333334667,8.888906667e-07,0.001333334667,8.888906667e-07
3221,0,0,0,0
3222,0.0006666673333,4.444453333e-07,0.0006666673333,4.444453333e-07
3223,0.001333334667,8.888906667e-07,0.001333334667,8.888906667e-07
3224,0.0006666673333,4.444453333e-07,0.0006666673333,4.444453333e-07
3225,0,0,0,0
3226,0.0006666673333,4.444453333e-07,0.0006666673333,4.444453333e-07
3227,0,0,0,0
3228,0.0006666673333,4.444453333e-07,0.0006666673333,4.444453333e-07
3229,0.002000002,1.333336e-06,0.002000002,1.333336e-06
3230,0.0006666673333,4.444453333e-07,0.0006666673333,4.444453333e-07
3231,0.001333334667,8.888906667e-07,0.001333334667,8.888906667e-07
3232,0.0006666673333,4.444453333e-07,0.0006666673333,4.444453333e-07
3233,0,0,0,0
3234,0.0006666673333,4.444453333e-07,0.0006666673333,4.444453333e-07
3235,0.0006666673333,4.444453333e-07,0.0006666673333,4.444453333e-07
3236,0,0,0,0
3237,0.0006666673333,4.444453333e-07,0.0006666673333,4.444453333e-07
3238,0.002000002,1.333336e-06,0.002000002,1.333336e-06
3239,0,0,0,0
3240,0.0006666673333,4.444453333e-07,0.0006666673333,4.444453333e-07
3241,0,0,0,0
3242,0.001333334667,8.888906667e-07,0.001333334667,8.888906667e-07
3243,0.001333334667,8.888906667e-07,0.001333334667,8.888906667e-07
3244,0.002000002,1.333336e-06,0.002000002,1.333336e-06
3245,0.001333334667,8.888906667e-07,0.001333334667,8.888906667e-07
3246,0,0,0,0
3247,0,0,0,0
3248,0.0006666673333,4.444453333e-07,0.0006666673333,4.444453333e-07
3249,0,0,0,0
3250,0.001333334667,8.888906667e-07,0.001333334667,8.888906667e-07
3251,0.002000002,2.222226667e-06,0.002000002,2.222226667e-06
3252,0.002000002,1.333336e-06,0.002000002,1.333336e-06
3253,0.0006666673333,4.444453333e-07,0.0006666673333,4.444453333e-07
3254,0,0,0,0
3255,0,0,0,0
3256,0.002000002,1.333336e-06,0.002000002,1.333336e-06
3257,0.0006666673333,4.444453333e-07,0.0006666673333,4.444453333e-07
3258,0.0006666673333,4.444453333e-07,0.0006666673333,4.444453333e-07
3259,0,0,0,0
3260,0.0006666673333,4.444453333e-07,0.0006666673333,4.444453333e-07
3261,0,0,0,0
3262,0.002666669333,1.777781333e-06,0.002666669333,1.777781333e-06
3263,0.0006666673333,4.444453333e-07,0.0006666673333,4.444453333e-07
3264,0,0,0,0
3265,0.0006666673333,4.444453333e-07,0.0006666673333,4.444453333e-07
3266,0.001333334667,8.888906667e-07,0.001333334667,8.888906667e-07
3267,0.0006666673333,4.444453333e-07,0.0006666673333,4.444453333e-07
3268,0,0,0,0
3269,0,0,0,0
3270,0.001000001,1.000002e-06,0.001000001,1.000002e-06
3271,0,0,0,0
3272,0.0006666673333,4.444453333e-07,0.0006666673333,4.444453333e-07
3273,0.0006666673333,4.444453333e-07,0.0006666673333,4.444453333e-07
3274,0.001333334667,8.888906667e-07,0.001333334667,8.888906667e-07
3275,0.0006666673333,4.444453333e-07,0.0006666673333,4.444453333e-07
3276,0,0,0,0
3277,0,0,0,0
3278,0,0,0,0
3279,0,0,0,0
3280,0.0006666673333,4.444453333e-07,0.0006666673333,4.444453333e-07
3281,0,0,0,0
3282,0,0,0,0
3283,0,0,0,0
3284,0,0,0,0
3285,0.002666669333,1.777781333e-06,0.002666669333,1.777781333e-06
3286,0,0,0,0
3287,0.0006666673333,4.444453333e-07,0.0006666673333,4.444453333e-07
3288,0.002000002,1.333336e-06,0.002000002,1.333336e-06
3289,0.001333334667,8.888906667e-07,0.001333334667,8.888906667e-07
3290,0,0,0,0
3291,0.001333334667,8.888906667e-07,0.001333334667,8.888906667e-07
3292,0.0006666673333,4.444453333e-07,0.0006666673333,4.444453333e-07
3293,0.0006666673333,4.444453333e-07,0.0006666673333,4.444453333e-07
3294,0,0,0,0
3295,0.002000002,1.333336e-06,0.002000002,1.333336e-06
3296,0,0,0,0
3297,0.002222224444,1.679015704e-06,0.002222224444,1.679015704e-06
3298,0,0,0,0
3299,0.0006666673333,4.444453333e-07,0.0006666673333,4.444453333e-07
3300,0.001333334667,1.777781333e-06,0.001333334667,1.777781333e-06
3301,0,0,0,0
3302,0,0,0,0
3303,0,0,0,0
3304,0.001333334667,8.888906667e-07,0.001333334667,8.888906667e-07
3305,0.0006666673333,4.444453333e-07,0.0006666673333,4.444453333e-07
3306,0,0,0,0
3307,0,0,0,0
3308,0,0,0,0
3309,0,0,0,0
3310,0.001333334667,8.888906667e-07,0.001333334667,8.888906667e-07
3311,0,0,0,0
3312,0.0006666673333,4.444453333e-07,0.0006666673333,4.444453333e-07
3313,0,0,0,0
3314,0.0006666673333,4.444453333e-07,0.0006666673333,4.444453333e-07
3315,0.0006666673333,4.444453333e-07,0.0006666673333,4.444453333e-07
3316,0.0006666673333,4.444453333e-07,0.0006666673333,4.444453333e-07
3317,0,0,0,0
3318,0,0,0,0
3319,0.0006666673333,4.444453333e-07,0.0006666673333,4.444453333e-07
3320,0,0,0,0
3321,0,0,0,0
3322,0,0,0,0
3323,0.001333334667,8.888906667e-07,0.001333334667,8.888906667e-07
3324,0.0006666673333,4.444453333e-07,0.0006666673333,4.444453333e-07
3325,0.0006666673333,4.444453333e-07,0.0006666673333,4.444453333e-07
3326,0.001333334667,8.888906667e-07,0.001333334667,8.888906667e-07
3327,0,0,0,0
3328,0.0006666673333,4.444453333e-07,0.0006666673333,4.444453333e-07
3329,0,0,0,0
3330,0.0006666673333,4.444453333e-07,0.0006666673333,4.444453333e-07
3331,0.0006666673333,4.444453333e-07,0.0006666673333,4.444453333e-07
3332,0.002000002,1.333336e-06,0.002000002,1.333336e-06
3333,0.001333334667,8.888906667e-07,0.001333334667,8.888906667e-07
3334,0,0,0,0
3335,0,0,0,0
3336,0,0,0,0
3337,0,0,0,0
3338,0.002000002,1.333336e-06,0.002000002,1.333336e-06
3339,0.0006666673333,4.444453333e-07,0.0006666673333,4.444453333e-07
3340,0.0006666673333,4.444453333e-07,0.0006666673333,4.444453333e-07
3341,0,0,0,0
3342,0.001333334667,8.888906667e-07,0.001333334667,8.888906667e-07
3343,0.0006666673333,4.444453333e-07,0.0006666673333,4.444453333e-07
3344,0,0,0,0
3345,0.0006666673333,4.444453333e-07,0.0006666673333,4.444453333e-07
3346,0.0006666673333,4.444453333e-07,0.0006666673333,4.444453333e-07
3347,0,0,0,0
3348,0.0006666673333,4.444453333e-07,0.0006666673333,4.444453333e-07
3349,0,0,0,0
3350,0,0,0,0
3351,0.0006666673333,4.444453333e-07,0.0006666673333,4.444453333e-07
3352,0.0006666673333,4.444453333e-07,0.0006666673333,4.444453333e-07
3353,0,0,0,0
3354,0.0006666673333,4.444453333e-07,0.0006666673333,4.444453333e-07
3355,0,0,0,0
3356,0.0006666673333,4.444453333e-07,0.0006666673333,4.444453333e-07
3357,0,0,0,0
3358,0,0,0,0
3359,0,0,0,0
3360,0.0006666673333,4.444453333e-07,0.0006666673333,4.444453333e-07
3361,0,0,0,0
3362,0.0006666673333,4.444453333e-07,0.0006666673333,4.444453333e-07
3363,0.0006666673333,4.444453333e-07,0.0006666673333,4.444453333e-07
3364,0,0,0,0
3365,0.0006666673333,4.444453333e-07,0.0006666673333,4.444453333e-07
3366,0,0,0,0
3367,0.001333334667,8.888906667e-07,0.001333334667,8.888906667e-07
3368,0.0006666673333,4.444453333e-07,0.0006666673333,4.444453333e-07
3369,0.001333334667,8.888906667e-07,0.001333334667,8.888906667e-07
3370,0.0006666673333,4.444453333e-07,0.0006666673333,4.444453333e-07
3371,0,0,0,0
3372,0.001333334667,8.888906667e-07,0.001333334667,8.888906667e-07
3373,0,0,0,0
3374,0.0006666673333,4.444453333e-07,0.0006666673333,4.444453333e-07
3375,0.0006666673333,4.444453333e-07,0.0006666673333,4.444453333e-07
3376,0.0006666673333,4.444453333e-07,0.0006666673333,4.444453333e-07
3377,0,0,0,0
3378,0,0,0,0
3379,0.0006666673333,4.444453333e-07,0.0006666673333,4.444453333e-07
3380,0,0,0,0
3381,0.001333334667,8.888906667e-07,0.001333334667,8.888906667e-07
3382,0.0006666673333,4.444453333e-07,0.0006666673333,4.444453333e-07
3383,0.0006666673333,4.444453333e-07,0.0006666673333,4.444453333e-07
3384,0.0006666673333,4.444453333e-07,0.0006666673333,4.444453333e-07
3385,0.0006666673333,4.444453333e-07,0.0006666673333,4.444453333e-07
3386,0.002000002,1.333336e-06,0.002000002,1.333336e-06
3387,0,0,0,0
3388,0,0,0,0
3389,0.002000002,1.333336e-06,0.002000002,1.333336e-06
3390,0,0,0,0
3391,0.0006666673333,4.444453333e-07,0.0006666673333,4.444453333e-07
3392,0.0006666673333,4.444453333e-07,0.0006666673333,4.444453333e-07
3393,0,0,0,0
3394,0,0,0,0
3395,0,0,0,0
3396,0.0006666673333,4.444453333e-07,0.0006666673333,4.444453333e-07
3397,0.0006666673333,4.444453333e-07,0.0006666673333,4.444453333e-07
3398,0.0006666673333,4.444453333e-07,0.0006666673333,4.444453333e-07
3399,0,0,0,0
3400,0,0,0,0
3401,0.001333334667,8.888906667e-07,0.001333334667,8.888906667e-07
3402,0.001333334667,8.888906667e-07,0.001333334667,8.888906667e-07
3403,0.0006666673333,4.444453333e-07,0.0006666673333,4.444453333e-07
3404,0,0,0,0
3405,0.0006666673333,4.444453333e-07,0.0006666673333,4.444453333e-07
3406,0.0006666673333,4.444453333e-07,0.0006666673333,4.444453333e-07
3407,0.001333334667,8.888906667e-07,0.001333334667,8.888906667e-07
3408,0,0,0,0
3409,0.0006666673333,4.444453333e-07,0.0006666673333,4.444453333e-07
3410,0.001333334667,8.888906667e-07,0.001333334667,8.888906667e-07
3411,0,0,0,0
3412,0.0006666673333,4.444453333e-07,0.0006666673333,4.444453333e-07
3413,0,0,0,0
3414,0.0006666673333,4.444453333e-07,0.0006666673333,4.444453333e-07
3415,0.0006666673333,4.444453333e-07,0.0006666673333,4.444453333e-07
3416,0.0006666673333,4.444453333e-07,0.0006666673333,4.444453333e-07
3417,0.0006666673333,4.444453333e-07,0.0006666673333,4.444453333e-07
3418,0.0006666673333,4.444453333e-07,0.0006666673333,4.444453333e-07
3419,0,0,0,0
3420,0,0,0,0
3421,0.0006666673333,4.444453333e-07,0.0006666673333,4.444453333e-07
3422,0.001333334667,8.888906667e-07,0.001333334667,8.888906667e-07
3423,0,0,0,0
3424,0.0006666673333,4.444453333e-07,0.0006666673333,4.444453333e-07
3425,0,0,0,0
3426,0.0006666673333,4.444453333e-07,0.0006666673333,4.444453333e-07
3427,0.0006666673333,4.444453333e-07,0.0006666673333,4.444453333e-07
3428,0.0006666673333,4.444453333e-07,0.0006666673333,4.444453333e-07
3429,0.0006666673333,4.444453333e-07,0.0006666673333,4.444453333e-07
3430,0.0006666673333,4.444453333e-07,0.0006666673333,4.444453333e-07
3431,0.0006666673333,4.444453333e-07,0.0006666673333,4.444453333e-07
3432,0.0006666673333,4.444453333e-07,0.0006666673333,4.444453333e-07
3433,0.0006666673333,4.444453333e-07,0.0006666673333,4.444453333e-07
3434,0,0,0,0
3435,0,0,0,0
3436,0,0,0,0
3437,0,0,0,0
3438,0.001333334667,8.888906667e-07,0.001333334667,8.888906667e-07
3439,0.001333334667,8.888906667e-07,0.001333334667,8.888906667e-07
3440,0.001333334667,8.888906667e-07,0.001333334667,8.888906667e-07
3441,0,0,0,0
3442,0.0006666673333,4.444453333e-07,0.0006666673333,4.444453333e-07
3443,0.0006666673333,4.444453333e-07,0.0006666673333,4.444453333e-07
3444,0,0,0,0
3445,0,0,0,0
3446,0,0,0,0
3447,0.0006666673333,4.444453333e-07,0.0006666673333,4.444453333e-07
3448,0.0006666673333,4.444453333e-07,0.0006666673333,4.444453333e-07
3449,0,0,0,0
3450,0,0,0,0
3451,0.001333334667,8.888906667e-07,0.001333334667,8.888906667e-07
3452,0.0006666673333,4.444453333e-07,0.0006666673333,4.444453333e-07
3453,0,0,0,0
3454,0,0,0,0
3455,0.0006666673333,4.444453333e-07,0.0006666673333,4.444453333e-07
3456,0,0,0,0
3457,0,0,0,0
3458,0.0006666673333,4.444453333e-07,0.0006666673333,4.444453333e-07
3459,0,0,0,0
3460,0.0006666673333,4.444453333e-07,0.0006666673333,4.444453333e-07
3461,0,0,0,0
3462,0.0006666673333,4.444453333e-07,0.0006666673333,4.444453333e-07
3463,0.0006666673333,4.444453333e-07,0.0006666673333,4.444453333e-07
3464,0.0006666673333,4.444453333e-07,0.0006666673333,4.444453333e-07
3465,0,0,0,0
3466,0.0006666673333,4.444453333e-07,0.0006666673333,4.444453333e-07
3467,0,0,0,0
3468,0,0,0,0
3469,0.0006666673333,4.444453333e-07,0.0006666673333,4.444453333e-07
3470,0.0006666673333,4.444453333e-07,0.0006666673333,4.444453333e-07
3471,0,0,0,0
3472,0,0,0,0
3473,0.0006666673333,4.444453333e-07,0.0006666673333,4.444453333e-07
3474,0,0,0,0
3475,0.0006666673333,4.444453333e-07,0.0006666673333,4.444453333e-07
3476,0.0006666673333,4.444453333e-07,0.0006666673333,4.444453333e-07
3477,0.0006666673333,4.444453333e-07,0.0006666673333,4.444453333e-07
3478,0,0,0,0
3479,0,0,0,0
3480,0,0,0,0
3481,0,0,0,0
3482,0,0,0,0
3483,0,0,0,0
3484,0,0,0,0
3485,0.0006666673333,4.444453333e-07,0.0006666673333,4.444453333e-07
3486,0.0006666673333,4.444453333e-07,0.0006666673333,4.444453333e-07
3487,0,0,0,0
3488,0,0,0,0
3489,0,0,0,0
3490,0,0,0,0
3491,0,0,0,0
3492,0.0006666673333,4.444453333e-07,0.0006666673333,4.444453333e-07
3493,0,0,0,0
3494,0.0006666673333,4.444453333e-07,0.0006666673333,4.444453333e-07
3495,0.0006666673333,4.444453333e-07,0.0006666673333,4.444453333e-07
3496,0.0006666673333,4.444453333e-07,0.0006666673333,4.444453333e-07
3497,0,0,0,0
3498,0,0,0,0
3499,0,0,0,0
3500,0,0,0,0
3501,0,0,0,0
3502,0.0006666673333,4.444453333e-07,0.0006666673333,4.444453333e-07
3503,0.001333334667,8.888906667e-07,0.001333334667,8.888906667e-07
3504,0,0,0,0
3505,0.0006666673333,4.444453333e-07,0.0006666673333,4.444453333e-07
3506,0,0,0,0
3507,0,0,0,0
3508,0,0,0,0
3509,0.0006666673333,4.444453333e-07,0.0006666673333,4.444453333e-07
3510,0,0,0,0
3511,0.0006666673333,4.444453333e-07,0.0006666673333,4.444453333e-07
3512,0.0006666673333,4.444453333e-07,0.0006666673333,4.444453333e-07
3513,0.0006666673333,4.444453333e-07,0.0006666673333,4.444453333e-07
3514,0,0,0,0
3515,0,0,0,0
3516,0,0,0,0
3517,0.0006666673333,4.444453333e-07,0.0006666673333,4.444453333e-07
3518,0,0,0,0
3519,0,0,0,0
3520,0,0,0,0
3521,0,0,0,0
3522,0,0,0,0
3523,0,0,0,0
3524,0,0,0,0
3525,0.002000002,1.333336e-06,0.002000002,1.333336e-06
3526,0,0,0,0
3527,0,0,0,0
3528,0,0,0,0
3529,0,0,0,0
3530,0,0,0,0
3531,0,0,0,0
3532,0.0006666673333,4.444453333e-07,0.0006666673333,4.444453333e-07
3533,0,0,0,0
3534,0,0,0,0
3535,0.0006666673333,4.444453333e-07,0.0006666673333,4.444453333e-07
3536,0.001333334667,8.888906667e-07,0.001333334667,8.888906667e-07
3537,0,0,0,0
3538,0.0006666673333,4.444453333e-07,0.0006666673333,4.444453333e-07
3539,0,0,0,0
3540,0.0006666673333,4.444453333e-07,0.0006666673333,4.444453333e-07
3541,0.001666668333,1.444447333e-06,0.001666668333,1.444447333e-06
3542,0.0006666673333,4.444453333e-07,0.0006666673333,4.444453333e-07
3543,0,0,0,0
3544,0.002000002,1.333336e-06,0.002000002,1.333336e-06
3545,0,0,0,0
3546,0.0006666673333,4.444453333e-07,0.0006666673333,4.444453333e-07
3547,0.0006666673333,4.444453333e-07,0.0006666673333,4.444453333e-07
3548,0,0,0,0
3549,0,0,0,0
3550,0.0006666673333,4.444453333e-07,0.0006666673333,4.444453333e-07
3551,0,0,0,0
3552,0,0,0,0
3553,0,0,0,0
3554,0,0,0,0
3555,0.0006666673333,4.444453333e-07,0.0006666673333,4.444453333e-07
3556,0.002000002,1.333336e-06,0.002000002,1.333336e-06
3557,0.002000002,1.333336e-06,0.002000002,1.333336e-06
3558,0.0006666673333,4.444453333e-07,0.0006666673333,4.444453333e-07
3559,0,0,0,0
3560,0,0,0,0
3561,0.0006666673333,4.444453333e-07,0.0006666673333,4.444453333e-07
3562,0.0006666673333,4.444453333e-07,0.0006666673333,4.444453333e-07
3563,0.001333334667,8.888906667e-07,0.001333334667,8.888906667e-07
3564,0,0,0,0
3565,0.001333334667,8.888906667e-07,0.001333334667,8.888906667e-07
3566,0.001333334667,8.888906667e-07,0.001333334667,8.888906667e-07
3567,0,0,0,0
3568,0,0,0,0
3569,0.001333334667,8.888906667e-07,0.001333334667,8.888906667e-07
3570,0.0006666673333,4.444453333e-07,0.0006666673333,4.444453333e-07
3571,0.0006666673333,4.444453333e-07,0.0006666673333,4.444453333e-07
3572,0.0006666673333,4.444453333e-07,0.0006666673333,4.444453333e-07
3573,0,0,0,0
3574,0.001666668333,1.444447333e-06,0.001666668333,1.444447333e-06
3575,0.001333334667,8.888906667e-07,0.001333334667,8.888906667e-07
3576,0,0,0,0
3577,0.001333334667,8.888906667e-07,0.001333334667,8.888906667e-07
3578,0.0006666673333,4.444453333e-07,0.0006666673333,4.444453333e-07
3579,0,0,0,0
3580,0.001333334667,8.888906667e-07,0.001333334667,8.888906667e-07
3581,0.0006666673333,4.444453333e-07,0.0006666673333,4.444453333e-07
3582,0,0,0,0
3583,0.0006666673333,4.444453333e-07,0.0006666673333,4.444453333e-07
3584,0,0,0,0
3585,0,0,0,0
3586,0.0006666673333,4.444453333e-07,0.0006666673333,4.444453333e-07
3587,0.001333334667,8.888906667e-07,0.001333334667,8.888906667e-07
3588,0,0,0,0
3589,0,0,0,0
3590,0.0006666673333,4.444453333e-07,0.0006666673333,4.444453333e-07
3591,0.0006666673333,4.444453333e-07,0.0006666673333,4.444453333e-07
3592,0.0006666673333,4.444453333e-07,0.0006666673333,4.444453333e-07
3593,0,0,0,0
3594,0.002666669333,1.777781333e-06,0.002666669333,1.777781333e-06
3595,0,0,0,0
3596,0.001333334667,8.888906667e-07,0.001333334667,8.888906667e-07
3597,0,0,0,0
3598,0,0,0,0
3599,0,0,0,0
3600,0.0006666673333,4.444453333e-07,0.0006666673333,4.444453333e-07
3601,0.0006666673333,4.444453333e-07,0.0006666673333,4.444453333e-07
3602,0,0,0,0
3603,0.0006666673333,4.444453333e-07,0.0006666673333,4.444453333e-07
3604,0,0,0,0
3605,0.0006666673333,4.444453333e-07,0.0006666673333,4.444453333e-07
3606,0.001333334667,8.888906667e-07,0.001333334667,8.888906667e-07
3607,0,0,0,0
3608,0,0,0,0
3609,0,0,0,0
3610,0.0006666673333,4.444453333e-07,0.0006666673333,4.444453333e-07
3611,0.0006666673333,4.444453333e-07,0.0006666673333,4.444453333e-07
3612,0.001333334667,8.888906667e-07,0.001333334667,8.888906667e-07
3613,0.0006666673333,4.444453333e-07,0.0006666673333,4.444453333e-07
3614,0.001333334667,8.888906667e-07,0.001333334667,8.888906667e-07
3615,0.0006666673333,4.444453333e-07,0.0006666673333,4.444453333e-07
3616,0.0006666673333,4.444453333e-07,0.0006666673333,4.444453333e-07
3617,0.0006666673333,4.444453333e-07,0.0006666673333,4.444453333e-07
3618,0.0006666673333,4.444453333e-07,0.0006666673333,4.444453333e-07
3619,0.0006666673333,4.444453333e-07,0.0006666673333,4.444453333e-07
3620,0.0006666673333,4.444453333e-07,0.0006666673333,4.444453333e-07
3621,0,0,0,0
3622,0,0,0,0
3623,0.0006666673333,4.444453333e-07,0.0006666673333,4.444453333e-07
3624,0,0,0,0
3625,0.001333334667,8.888906667e-07,0.001333334667,8.888906667e-07
3626,0,0,0,0
3627,0.001333334667,8.888906667e-07,0.001333334667,8.888906667e-07
3628,0.0006666673333,4.444453333e-07,0.0006666673333,4.444453333e-07
3629,0.001333334667,8.888906667e-07,0.001333334667,8.888906667e-07
3630,0.001444445889,1.049384815e-06,0.001444445889,1.049384815e-06
3631,0.0006666673333,4.444453333e-07,0.0006666673333,4.444453333e-07
3632,0.001333334667,8.888906667e-07,0.001333334667,8.888906667e-07
3633,0.0006666673333,4.444453333e-07,0.0006666673333,4.444453333e-07
3634,0,0,0,0
3635,0.0008888897777,7.90125037e-07,0.0008888897777,7.90125037e-07
3636,0,0,0,0
3637,0,0,0,0
3638,0,0,0,0
3639,0.0006666673333,4.444453333e-07,0.0006666673333,4.444453333e-07
3640,0,0,0,0
3641,0.0006666673333,4.444453333e-07,0.0006666673333,4.444453333e-07
3642,0,0,0,0
3643,0,0,0,0
3644,0.001333334667,8.888906667e-07,0.001333334667,8.888906667e-07
3645,0,0,0,0
3646,0,0,0,0
3647,0,0,0,0
3648,0,0,0,0
3649,0,0,0,0
3650,0.0006666673333,4.444453333e-07,0.0006666673333,4.444453333e-07
3651,0,0,0,0
3652,0.001333334667,8.888906667e-07,0.001333334667,8.888906667e-07
3653,0,0,0,0
3654,0.0006666673333,4.444453333e-07,0.0006666673333,4.444453333e-07
3655,0,0,0,0
3656,0.0006666673333,4.444453333e-07,0.0006666673333,4.444453333e-07
3657,0.0006666673333,4.444453333e-07,0.0006666673333,4.444453333e-07
3658,0,0,0,0
3659,0,0,0,0
3660,0.0006666673333,4.444453333e-07,0.0006666673333,4.444453333e-07
3661,0.001333334667,8.888906667e-07,0.001333334667,8.888906667e-07
3662,0.001333334667,8.888906667e-07,0.001333334667,8.888906667e-07
3663,0,0,0,0
3664,0.0006666673333,4.444453333e-07,0.0006666673333,4.444453333e-07
3665,0.001333334667,8.888906667e-07,0.001333334667,8.888906667e-07
3666,0.001333334667,8.888906667e-07,0.001333334667,8.888906667e-07
3667,0,0,0,0
3668,0.0006666673333,4.444453333e-07,0.0006666673333,4.444453333e-07
3669,0.0006666673333,4.444453333e-07,0.0006666673333,4.444453333e-07
3670,0,0,0,0
3671,0,0,0,0
3672,0,0,0,0
3673,0,0,0,0
3674,0,0,0,0
3675,0,0,0,0
3676,0,0,0,0
3677,0.0006666673333,4.444453333e-07,0.0006666673333,4.444453333e-07
3678,0.001333334667,8.888906667e-07,0.001333334667,8.888906667e-07
3679,0,0,0,0
3680,0.0006666673333,4.444453333e-07,0.0006666673333,4.444453333e-07
3681,0,0,0,0
3682,0,0,0,0
3683,0.0006666673333,4.444453333e-07,0.0006666673333,4.444453333e-07
3684,0.0006666673333,4.444453333e-07,0.0006666673333,4.444453333e-07
3685,0.001333334667,8.888906667e-07,0.001333334667,8.888906667e-07
3686,0,0,0,0
3687,0,0,0,0
3688,0.001333334667,8.888906667e-07,0.001333334667,8.888906667e-07
3689,0,0,0,0
3690,0,0,0,0
3691,0,0,0,0
3692,0,0,0,0
3693,0,0,0,0
3694,0.0006666673333,4.444453333e-07,0.0006666673333,4.444453333e-07
3695,0,0,0,0
3696,0,0,0,0
3697,0,0,0,0
3698,0,0,0,0
3699,0,0,0,0
3700,0,0,0,0
3701,0,0,0,0
3702,0,0,0,0
3703,0.0006666673333,4.444453333e-07,0.0006666673333,4.444453333e-07
3704,0,0,0,0
3705,0.0006666673333,4.444453333e-07,0.0006666673333,4.444453333e-07
3706,0,0,0,0
3707,0,0,0,0
3708,0,0,0,0
3709,0.0006666673333,4.444453333e-07,0.0006666673333,4.444453333e-07
3710,0.0006666673333,4.444453333e-07,0.0006666673333,4.444453333e-07
3711,0,0,0,0
3712,0,0,0,0
3713,0,0,0,0
3714,0,0,0,0
3715,0,0,0,0
3716,0.002000002,1.333336e-06,0.002000002,1.333336e-06
3717,0.0006666673333,4.444453333e-07,0.0006666673333,4.444453333e-07
3718,0,0,0,0
3719,0.0006666673333,4.444453333e-07,0.0006666673333,4.444453333e-07
3720,0.0006666673333,4.444453333e-07,0.0006666673333,4.444453333e-07
3721,0.002000002,1.333336e-06,0.002000002,1.333336e-06
3722,0.0006666673333,4.444453333e-07,0.0006666673333,4.444453333e-07
3723,0.0006666673333,4.444453333e-07,0.0006666673333,4.444453333e-07
3724,0,0,0,0
3725,0,0,0,0
3726,0,0,0,0
3727,0.0006666673333,4.444453333e-07,0.0006666673333,4.444453333e-07
3728,0,0,0,0
3729,0.0006666673333,4.444453333e-07,0.0006666673333,4.444453333e-07
3730,0,0,0,0
3731,0,0,0,0
3732,0.0006666673333,4.444453333e-07,0.0006666673333,4.444453333e-07
3733,0,0,0,0
3734,0,0,0,0
3735,0.0006666673333,4.444453333e-07,0.0006666673333,4.444453333e-07
3736,0.0006666673333,4.444453333e-07,0.0006666673333,4.444453333e-07
3737,0,0,0,0
3738,0.001333334667,8.888906667e-07,0.001333334667,8.888906667e-07
3739,0,0,0,0
3740,0,0,0,0
3741,0,0,0,0
3742,0.0006666673333,4.444453333e-07,0.0006666673333,4.444453333e-07
3743,0,0,0,0
3744,0.0006666673333,4.444453333e-07,0.0006666673333,4.444453333e-07
3745,0,0,0,0
3746,0,0,0,0
3747,0,0,0,0
3748,0.001333334667,8.888906667e-07,0.001333334667,8.888906667e-07
3749,0,0,0,0
3750,0,0,0,0
3751,0.0006666673333,4.444453333e-07,0.0006666673333,4.444453333e-07
3752,0.0006666673333,4.444453333e-07,0.0006666673333,4.444453333e-07
3753,0,0,0,0
3754,0,0,0,0
3755,0.0006666673333,4.444453333e-07,0.0006666673333,4.444453333e-07
3756,0,0,0,0
3757,0,0,0,0
3758,0.002000002,1.333336e-06,0.002000002,1.333336e-06
3759,0.0006666673333,4.444453333e-07,0.0006666673333,4.444453333e-07
3760,0,0,0,0
3761,0,0,0,0
3762,0.0006666673333,4.444453333e-07,0.0006666673333,4.444453333e-07
3763,0,0,0,0
3764,0.0006666673333,4.444453333e-07,0.0006666673333,4.444453333e-07
3765,0,0,0,0
3766,0.0006666673333,4.444453333e-07,0.0006666673333,4.444453333e-07
3767,0.001333334667,8.888906667e-07,0.001333334667,8.888906667e-07
3768,0.001333334667,8.888906667e-07,0.001333334667,8.888906667e-07
3769,0.0006666673333,4.444453333e-07,0.0006666673333,4.444453333e-07
3770,0.0006666673333,4.444453333e-07,0.0006666673333,4.444453333e-07
3771,0.0006666673333,4.444453333e-07,0.0006666673333,4.444453333e-07
3772,0,0,0,0
3773,0,0,0,0
3774,0.001333334667,8.888906667e-07,0.001333334667,8.888906667e-07
3775,0.001333334667,8.888906667e-07,0.001333334667,8.888906667e-07
3776,0,0,0,0
3777,0.0006666673333,4.444453333e-07,0.0006666673333,4.444453333e-07
3778,0,0,0,0
3779,0.001333334667,8.888906667e-07,0.001333334667,8.888906667e-07
3780,0.0006666673333,4.444453333e-07,0.0006666673333,4.444453333e-07
3781,0,0,0,0
3782,0.002000002,1.333336e-06,0.002000002,1.333336e-06
3783,0.001333334667,8.888906667e-07,0.001333334667,8.888906667e-07
3784,0,0,0,0
3785,0.001000001,1.000002e-06,0.001000001,1.000002e-06
3786,0,0,0,0
3787,0.002777780556,1.938275481e-06,0.002777780556,1.938275481e-06
3788,0.001333334667,8.888906667e-07,0.001333334667,8.888906667e-07
3789,0.002666669333,1.777781333e-06,0.002666669333,1.777781333e-06
3790,0.0006666673333,4.444453333e-07,0.0006666673333,4.444453333e-07
3791,0.001333334667,8.888906667e-07,0.001333334667,8.888906667e-07
3792,0,0,0,0
3793,0,0,0,0
3794,0.0006666673333,4.444453333e-07,0.0006666673333,4.444453333e-07
3795,0,0,0,0
3796,0,0,0,0
3797,0,0,0,0
3798,0.002000002,2.222226667e-06,0.002000002,2.222226667e-06
3799,0.0006666673333,4.444453333e-07,0.0006666673333,4.444453333e-07
3800,0.001000001,1.000002e-06,0.001000001,1.000002e-06
3801,0,0,0,0
3802,0.001333334667,8.888906667e-07,0.001333334667,8.888906667e-07
3803,0.0006666673333,4.444453333e-07,0.0006666673333,4.444453333e-07
3804,0,0,0,0
3805,0.0006666673333,4.444453333e-07,0.0006666673333,4.444453333e-07
3806,0,0,0,0
3807,0,0,0,0
3808,0,0,0,0
3809,0.0006666673333,4.444453333e-07,0.0006666673333,4.444453333e-07
3810,0,0,0,0
3811,0,0,0,0
3812,0,0,0,0
3813,0.0006666673333,4.444453333e-07,0.0006666673333,4.444453333e-07
3814,0,0,0,0
3815,0.001333334667,8.888906667e-07,0.001333334667,8.888906667e-07
3816,0,0,0,0
3817,0,0,0,0
3818,0,0,0,0
3819,0.0006666673333,4.444453333e-07,0.0006666673333,4.444453333e-07
3820,0,0,0,0
3821,0,0,0,0
3822,0.0006666673333,4.444453333e-07,0.0006666673333,4.444453333e-07
3823,0,0,0,0
3824,0.0006666673333,4.444453333e-07,0.0006666673333,4.444453333e-07
3825,0,0,0,0
3826,0,0,0,0
3827,0.0006666673333,4.444453333e-07,0.0006666673333,4.444453333e-07
3828,0,0,0,0
3829,0,0,0,0
3830,0.0006666673333,4.444453333e-07,0.0006666673333,4.444453333e-07
3831,0,0,0,0
3832,0.0006666673333,4.444453333e-07,0.0006666673333,4.444453333e-07
3833,0,0,0,0
3834,0.0006666673333,4.444453333e-07,0.0006666673333,4.444453333e-07
3835,0.0006666673333,4.444453333e-07,0.0006666673333,4.444453333e-07
3836,0.0006666673333,4.444453333e-07,0.0006666673333,4.444453333e-07
3837,0.0006666673333,4.444453333e-07,0.0006666673333,4.444453333e-07
3838,0,0,0,0
3839,0.002000002,1.333336e-06,0.002000002,1.333336e-06
3840,0,0,0,0
3841,0,0,0,0
3842,0.001333334667,8.888906667e-07,0.001333334667,8.888906667e-07
3843,0,0,0,0
3844,0.001333334667,8.888906667e-07,0.001333334667,8.888906667e-07
3845,0,0,0,0
3846,0.001333334667,8.888906667e-07,0.001333334667,8.888906667e-07
3847,0,0,0,0
3848,0,0,0,0
3849,0,0,0,0
3850,0,0,0,0
3851,0,0,0,0
3852,0.0006666673333,4.444453333e-07,0.0006666673333,4.444453333e-07
3853,0,0,0,0
3854,0.0006666673333,4.444453333e-07,0.0006666673333,4.444453333e-07
3855,0.0006666673333,4.444453333e-07,0.0006666673333,4.444453333e-07
3856,0.0006666673333,4.444453333e-07,0.0006666673333,4.444453333e-07
3857,0.001333334667,8.888906667e-07,0.001333334667,8.888906667e-07
3858,0.001333334667,8.888906667e-07,0.001333334667,8.888906667e-07
3859,0.0006666673333,4.444453333e-07,0.0006666673333,4.444453333e-07
3860,0,0,0,0
3861,0.001333334667,8.888906667e-07,0.001333334667,8.888906667e-07
3862,0.0006666673333,4.444453333e-07,0.0006666673333,4.444453333e-07
3863,0.0006666673333,4.444453333e-07,0.0006666673333,4.444453333e-07
3864,0.0006666673333,4.444453333e-07,0.0006666673333,4.444453333e-07
3865,0,0,0,0
3866,0,0,0,0
3867,0,0,0,0
3868,0.001333334667,8.888906667e-07,0.001333334667,8.888906667e-07
3869,0,0,0,0
3870,0,0,0,0
3871,0.0006666673333,4.444453333e-07,0.0006666673333,4.444453333e-07
3872,0,0,0,0
3873,0,0,0,0
3874,0.0006666673333,4.444453333e-07,0.0006666673333,4.444453333e-07
3875,0,0,0,0
3876,0.0006666673333,4.444453333e-07,0.0006666673333,4.444453333e-07
3877,0,0,0,0
3878,0.001333334667,8.888906667e-07,0.001333334667,8.888906667e-07
3879,0,0,0,0
3880,0.001333334667,8.888906667e-07,0.001333334667,8.888906667e-07
3881,0.0006666673333,4.444453333e-07,0.0006666673333,4.444453333e-07
3882,0,0,0,0
3883,0,0,0,0
3884,0.0006666673333,4.444453333e-07,0.0006666673333,4.444453333e-07
3885,0.0006666673333,4.444453333e-07,0.0006666673333,4.444453333e-07
3886,0.0006666673333,4.444453333e-07,0.0006666673333,4.444453333e-07
3887,0.0006666673333,4.444453333e-07,0.0006666673333,4.444453333e-07
3888,0,0,0,0
3889,0.0006666673333,4.444453333e-07,0.0006666673333,4.444453333e-07
3890,0,0,0,0
3891,0,0,0,0
3892,0.0006666673333,4.444453333e-07,0.0006666673333,4.444453333e-07
3893,0.0006666673333,4.444453333e-07,0.0006666673333,4.444453333e-07
3894,0,0,0,0
3895,0.0006666673333,4.444453333e-07,0.0006666673333,4.444453333e-07
3896,0,0,0,0
3897,0.0006666673333,4.444453333e-07,0.0006666673333,4.444453333e-07
3898,0,0,0,0
3899,0.001333334667,8.888906667e-07,0.001333334667,8.888906667e-07
3900,0.0006666673333,4.444453333e-07,0.0006666673333,4.444453333e-07
3901,0.0006666673333,4.444453333e-07,0.0006666673333,4.444453333e-07
3902,0,0,0,0
3903,0,0,0,0
3904,0.0006666673333,4.444453333e-07,0.0006666673333,4.444453333e-07
3905,0.0006666673333,4.444453333e-07,0.0006666673333,4.444453333e-07
3906,0.001333334667,8.888906667e-07,0.001333334667,8.888906667e-07
3907,0,0,0,0
3908,0,0,0,0
3909,0.0006666673333,4.444453333e-07,0.0006666673333,4.444453333e-07
3910,0.0006666673333,4.444453333e-07,0.0006666673333,4.444453333e-07
3911,0,0,0,0
3912,0.0006666673333,4.444453333e-07,0.0006666673333,4.444453333e-07
3913,0,0,0,0
3914,0.0006666673333,4.444453333e-07,0.0006666673333,4.444453333e-07
3915,0.0006666673333,4.444453333e-07,0.0006666673333,4.444453333e-07
3916,0,0,0,0
3917,0.0006666673333,4.444453333e-07,0.0006666673333,4.444453333e-07
3918,0.0006666673333,4.444453333e-07,0.0006666673333,4.444453333e-07
3919,0,0,0,0
3920,0,0,0,0
3921,0,0,0,0
3922,0,0,0,0
3923,0,0,0,0
3924,0,0,0,0
3925,0,0,0,0
3926,0,0,0,0
3927,0,0,0,0
3928,0,0,0,0
3929,0.0008888897777,7.90125037e-07,0.0008888897777,7.90125037e-07
3930,0.0006666673333,4.444453333e-07,0.0006666673333,4.444453333e-07
3931,0.0006666673333,4.444453333e-07,0.0006666673333,4.444453333e-07
3932,0.0006666673333,4.444453333e-07,0.0006666673333,4.444453333e-07
3933,0.0006666673333,4.444453333e-07,0.0006666673333,4.444453333e-07
3934,0,0,0,0
3935,0,0,0,0
3936,0.0006666673333,4.444453333e-07,0.0006666673333,4.444453333e-07
3937,0,0,0,0
3938,0,0,0,0
3939,0,0,0,0
3940,0.001333334667,8.888906667e-07,0.001333334667,8.888906667e-07
3941,0,0,0,0
3942,0.001333334667,8.888906667e-07,0.001333334667,8.888906667e-07
3943,0,0,0,0
3944,0,0,0,0
3945,0,0,0,0
3946,0.001333334667,8.888906667e-07,0.001333334667,8.888906667e-07
3947,0.0006666673333,4.444453333e-07,0.0006666673333,4.444453333e-07
3948,0,0,0,0
3949,0.0006666673333,4.444453333e-07,0.0006666673333,4.444453333e-07
3950,0,0,0,0
3951,0,0,0,0
3952,0.0006666673333,4.444453333e-07,0.0006666673333,4.444453333e-07
3953,0.0006666673333,4.444453333e-07,0.0006666673333,4.444453333e-07
3954,0,0,0,0
3955,0,0,0,0
3956,0.0006666673333,4.444453333e-07,0.0006666673333,4.444453333e-07
3957,0,0,0,0
3958,0.0006666673333,4.444453333e-07,0.0006666673333,4.444453333e-07
3959,0,0,0,0
3960,0,0,0,0
3961,0.001333334667,8.888906667e-07,0.001333334667,8.888906667e-07
3962,0.0006666673333,4.444453333e-07,0.0006666673333,4.444453333e-07
3963,0,0,0,0
3964,0.002000002,1.333336e-06,0.002000002,1.333336e-06
3965,0,0,0,0
3966,0,0,0,0
3967,0,0,0,0
3968,0,0,0,0
3969,0,0,0,0
3970,0.0006666673333,4.444453333e-07,0.0006666673333,4.444453333e-07
3971,0.0006666673333,4.444453333e-07,0.0006666673333,4.444453333e-07
3972,0.0006666673333,4.444453333e-07,0.0006666673333,4.444453333e-07
3973,0.0006666673333,4.444453333e-07,0.0006666673333,4.444453333e-07
3974,0,0,0,0
3975,0,0,0,0
3976,0,0,0,0
3977,0.001333334667,8.888906667e-07,0.001333334667,8.888906667e-07
3978,0.0006666673333,4.444453333e-07,0.0006666673333,4.444453333e-07
3979,0.0006666673333,4.444453333e-07,0.0006666673333,4.444453333e-07
3980,0.001333334667,8.888906667e-07,0.001333334667,8.888906667e-07
3981,0.0006666673333,4.444453333e-07,0.0006666673333,4.444453333e-07
3982,0,0,0,0
3983,0,0,0,0
3984,0,0,0,0
3985,0.001333334667,8.888906667e-07,0.001333334667,8.888906667e-07
3986,0.0006666673333,4.444453333e-07,0.0006666673333,4.444453333e-07
3987,0,0,0,0
3988,0,0,0,0
3989,0.0006666673333,4.444453333e-07,0.0006666673333,4.444453333e-07
3990,0,0,0,0
3991,0.0006666673333,4.444453333e-07,0.0006666673333,4.444453333e-07
3992,0,0,0,0
3993,0,0,0,0
3994,0.001333334667,8.888906667e-07,0.001333334667,8.888906667e-07
3995,0,0,0,0
3996,0,0,0,0
3997,0,0,0,0
3998,0.002000002,1.333336e-06,0.002000002,1.333336e-06
3999,0,0,0,0
4000,0.0006666673333,4.444453333e-07,0.0006666673333,4.444453333e-07
4001,0,0,0,0
4002,0.0006666673333,4.444453333e-07,0.0006666673333,4.444453333e-07
4003,0.0006666673333,4.444453333e-07,0.0006666673333,4.444453333e-07
4004,0.0006666673333,4.444453333e-07,0.0006666673333,4.444453333e-07
4005,0,0,0,0
4006,0,0,0,0
4007,0,0,0,0
4008,0,0,0,0
4009,0,0,0,0
4010,0,0,0,0
4011,0.0006666673333,4.444453333e-07,0.0006666673333,4.444453333e-07
4012,0.0006666673333,4.444453333e-07,0.0006666673333,4.444453333e-07
4013,0.0006666673333,4.444453333e-07,0.0006666673333,4.444453333e-07
4014,0.0006666673333,4.444453333e-07,0.0006666673333,4.444453333e-07
4015,0.0006666673333,4.444453333e-07,0.0006666673333,4.444453333e-07
4016,0,0,0,0
4017,0,0,0,0
4018,0,0,0,0
4019,0,0,0,0
4020,0,0,0,0
4021,0.001333334667,8.888906667e-07,0.001333334667,8.888906667e-07
4022,0,0,0,0
4023,0,0,0,0
4024,0,0,0,0
4025,0.0006666673333,4.444453333e-07,0.0006666673333,4.444453333e-07
4026,0.0006666673333,4.444453333e-07,0.0006666673333,4.444453333e-07
4027,0.0006666673333,4.444453333e-07,0.0006666673333,4.444453333e-07
4028,0.0006666673333,4.444453333e-07,0.0006666673333,4.444453333e-07
4029,0,0,0,0
4030,0,0,0,0
4031,0.001333334667,8.888906667e-07,0.001333334667,8.888906667e-07
4032,0,0,0,0
4033,0.001333334667,8.888906667e-07,0.001333334667,8.888906667e-07
4034,0,0,0,0
4035,0.0006666673333,4.444453333e-07,0.0006666673333,4.444453333e-07
4036,0,0,0,0
4037,0.0006666673333,4.444453333e-07,0.0006666673333,4.444453333e-07
4038,0.0006666673333,4.444453333e-07,0.0006666673333,4.444453333e-07
4039,0,0,0,0
4040,0.001333334667,8.888906667e-07,0.001333334667,8.888906667e-07
4041,0,0,0,0
4042,0,0,0,0
4043,0,0,0,0
4044,0,0,0,0
4045,0,0,0,0
4046,0.0006666673333,4.444453333e-07,0.0006666673333,4.444453333e-07
4047,0,0,0,0
4048,0.001333334667,8.888906667e-07,0.001333334667,8.888906667e-07
4049,0,0,0,0
4050,0,0,0,0
4051,0.0006666673333,4.444453333e-07,0.0006666673333,4.444453333e-07
4052,0.0006666673333,4.444453333e-07,0.0006666673333,4.444453333e-07
4053,0,0,0,0
4054,0.0006666673333,4.444453333e-07,0.0006666673333,4.444453333e-07
4055,0.0006666673333,4.444453333e-07,0.0006666673333,4.444453333e-07
4056,0,0,0,0
4057,0.0006666673333,4.444453333e-07,0.0006666673333,4.444453333e-07
4058,0,0,0,0
4059,0.0006666673333,4.444453333e-07,0.0006666673333,4.444453333e-07
4060,0.002000002,1.333336e-06,0.002000002,1.333336e-06
4061,0,0,0,0
4062,0,0,0,0
4063,0,0,0,0
4064,0,0,0,0
4065,0.0006666673333,4.444453333e-07,0.0006666673333,4.444453333e-07
4066,0.001333334667,8.888906667e-07,0.001333334667,8.888906667e-07
4067,0,0,0,0
4068,0.0006666673333,4.444453333e-07,0.0006666673333,4.444453333e-07
4069,0,0,0,0
4070,0.0006666673333,4.444453333e-07,0.0006666673333,4.444453333e-07
4071,0,0,0,0
4072,0.0006666673333,4.444453333e-07,0.0006666673333,4.444453333e-07
4073,0.0006666673333,4.444453333e-07,0.0006666673333,4.444453333e-07
4074,0,0,0,0
4075,0,0,0,0
4076,0,0,0,0
4077,0.001666668333,1.444447333e-06,0.001666668333,1.444447333e-06
4078,0.0006666673333,4.444453333e-07,0.0006666673333,4.444453333e-07
4079,0,0,0,0
4080,0.001333334667,8.888906667e-07,0.001333334667,8.888906667e-07
4081,0.0006666673333,4.444453333e-07,0.0006666673333,4.444453333e-07
4082,0,0,0,0
4083,0,0,0,0
4084,0,0,0,0
4085,0,0,0,0
4086,0.0006666673333,4.444453333e-07,0.0006666673333,4.444453333e-07
4087,0,0,0,0
4088,0.0006666673333,4.444453333e-07,0.0006666673333,4.444453333e-07
4089,0.0006666673333,4.444453333e-07,0.0006666673333,4.444453333e-07
4090,0,0,0,0
4091,0,0,0,0
4092,0.0006666673333,4.444453333e-07,0.0006666673333,4.444453333e-07
4093,0,0,0,0
4094,0.0006666673333,4.444453333e-07,0.0006666673333,4.444453333e-07
4095,0.001333334667,8.888906667e-07,0.001333334667,8.888906667e-07
4096,0,0,0,0
4097,0,0,0,0
4098,0,0,0,0
4099,0.0006666673333,4.444453333e-07,0.0006666673333,4.444453333e-07
4100,0,0,0,0
4101,0.001000001,1.000002e-06,0.001000001,1.000002e-06
4102,0,0,0,0
4103,0,0,0,0
4104,0.001333334667,8.888906667e-07,0.001333334667,8.888906667e-07
4105,0,0,0,0
4106,0,0,0,0
4107,0,0,0,0
4108,0,0,0,0
4109,0.001333334667,8.888906667e-07,0.001333334667,8.888906667e-07
4110,0.0006666673333,4.444453333e-07,0.0006666673333,4.444453333e-07
4111,0.0006666673333,4.444453333e-07,0.0006666673333,4.444453333e-07
4112,0,0,0,0
4113,0.001333334667,8.888906667e-07,0.001333334667,8.888906667e-07
4114,0,0,0,0
4115,0.0006666673333,4.444453333e-07,0.0006666673333,4.444453333e-07
4116,0,0,0,0
4117,0,0,0,0
4118,0,0,0,0
4119,0,0,0,0
4120,0,0,0,0
4121,0.001333334667,8.888906667e-07,0.001333334667,8.888906667e-07
4122,0.0006666673333,4.444453333e-07,0.0006666673333,4.444453333e-07
4123,0,0,0,0
4124,0,0,0,0
4125,0.0006666673333,4.444453333e-07,0.0006666673333,4.444453333e-07
4126,0.0006666673333,4.444453333e-07,0.0006666673333,4.444453333e-07
4127,0,0,0,0
4128,0.002000002,1.333336e-06,0.002000002,1.333336e-06
4129,0,0,0,0
4130,0.0006666673333,4.444453333e-07,0.0006666673333,4.444453333e-07
4131,0.0006666673333,4.444453333e-07,0.0006666673333,4.444453333e-07
4132,0.002000002,1.333336e-06,0.002000002,1.333336e-06
4133,0.001333334667,8.888906667e-07,0.001333334667,8.888906667e-07
4134,0,0,0,0
4135,0,0,0,0
4136,0.001333334667,8.888906667e-07,0.001333334667,8.888906667e-07
4137,0.0006666673333,4.444453333e-07,0.0006666673333,4.444453333e-07
4138,0.0006666673333,4.444453333e-07,0.0006666673333,4.444453333e-07
4139,0,0,0,0
4140,0.001333334667,8.888906667e-07,0.001333334667,8.888906667e-07
4141,0.002000002,1.333336e-06,0.002000002,1.333336e-06
4142,0.0006666673333,4.444453333e-07,0.0006666673333,4.444453333e-07
4143,0.0006666673333,4.444453333e-07,0.0006666673333,4.444453333e-07
4144,0.0006666673333,4.444453333e-07,0.0006666673333,4.444453333e-07
4145,0,0,0,0
4146,0,0,0,0
4147,0,0,0,0
4148,0,0,0,0
4149,0.0006666673333,4.444453333e-07,0.0006666673333,4.444453333e-07
4150,0.0006666673333,4.444453333e-07,0.0006666673333,4.444453333e-07
4151,0,0,0,0
4152,0,0,0,0
4153,0,0,0,0
4154,0,0,0,0
4155,0,0,0,0
4156,0.0006666673333,4.444453333e-07,0.0006666673333,4.444453333e-07
4157,0.0006666673333,4.444453333e-07,0.0006666673333,4.444453333e-07
4158,0,0,0,0
4159,0.0006666673333,4.444453333e-07,0.0006666673333,4.444453333e-07
4160,0,0,0,0
4161,0.001333334667,8.888906667e-07,0.001333334667,8.888906667e-07
4162,0.0006666673333,4.444453333e-07,0.0006666673333,4.444453333e-07
4163,0.002000002,1.333336e-06,0.002000002,1.333336e-06
4164,0,0,0,0
4165,0,0,0,0
4166,0,0,0,0
4167,0.001333334667,8.888906667e-07,0.001333334667,8.888906667e-07
4168,0,0,0,0
4169,0.0006666673333,4.444453333e-07,0.0006666673333,4.444453333e-07
4170,0.0006666673333,4.444453333e-07,0.0006666673333,4.444453333e-07
4171,0,0,0,0
4172,0,0,0,0
4173,0.001333334667,8.888906667e-07,0.001333334667,8.888906667e-07
4174,0,0,0,0
4175,0,0,0,0
4176,0.002000002,1.333336e-06,0.002000002,1.333336e-06
4177,0,0,0,0
4178,0,0,0,0
4179,0,0,0,0
4180,0,0,0,0
4181,0.002000002,2.222226667e-06,0.002000002,2.222226667e-06
4182,0,0,0,0
4183,0.0006666673333,4.444453333e-07,0.0006666673333,4.444453333e-07
4184,0.001333334667,8.888906667e-07,0.001333334667,8.888906667e-07
4185,0.0006666673333,4.444453333e-07,0.0006666673333,4.444453333e-07
4186,0,0,0,0
4187,0,0,0,0
4188,0,0,0,0
4189,0.0006666673333,4.444453333e-07,0.0006666673333,4.444453333e-07
4190,0,0,0,0
4191,0.0006666673333,4.444453333e-07,0.0006666673333,4.444453333e-07
4192,0.0006666673333,4.444453333e-07,0.0006666673333,4.444453333e-07
4193,0.0006666673333,4.444453333e-07,0.0006666673333,4.444453333e-07
4194,0,0,0,0
4195,0,0,0,0
4196,0.001333334667,8.888906667e-07,0.001333334667,8.888906667e-07
4197,0,0,0,0
4198,0.001333334667,8.888906667e-07,0.001333334667,8.888906667e-07
4199,0,0,0,0
4200,0,0,0,0
4201,0.0006666673333,4.444453333e-07,0.0006666673333,4.444453333e-07
4202,0,0,0,0
4203,0,0,0,0
4204,0.001333334667,8.888906667e-07,0.001333334667,8.888906667e-07
4205,0.0006666673333,4.444453333e-07,0.0006666673333,4.444453333e-07
4206,0.0006666673333,4.444453333e-07,0.0006666673333,4.444453333e-07
4207,0.001333334667,8.888906667e-07,0.001333334667,8.888906667e-07
4208,0.0006666673333,4.444453333e-07,0.0006666673333,4.444453333e-07
4209,0,0,0,0
4210,0.0006666673333,4.444453333e-07,0.0006666673333,4.444453333e-07
4211,0.0006666673333,4.444453333e-07,0.0006666673333,4.444453333e-07
4212,0,0,0,0
4213,0,0,0,0
4214,0,0,0,0
4215,0,0,0,0
4216,0,0,0,0
4217,0,0,0,0
4218,0,0,0,0
4219,0,0,0,0
4220,0,0,0,0
4221,0,0,0,0
4222,0.0006666673333,4.444453333e-07,0.0006666673333,4.444453333e-07
4223,0.0006666673333,4.444453333e-07,0.0006666673333,4.444453333e-07
4224,0,0,0,0
4225,0,0,0,0
4226,0,0,0,0
4227,0.002666669333,1.777781333e-06,0.002666669333,1.777781333e-06
4228,0.0006666673333,4.444453333e-07,0.0006666673333,4.444453333e-07
4229,0.0006666673333,4.444453333e-07,0.0006666673333,4.444453333e-07
4230,0,0,0,0
4231,0.0006666673333,4.444453333e-07,0.0006666673333,4.444453333e-07
4232,0.0006666673333,4.444453333e-07,0.0006666673333,4.444453333e-07
4233,0.0006666673333,4.444453333e-07,0.0006666673333,4.444453333e-07
4234,0.0006666673333,4.444453333e-07,0.0006666673333,4.444453333e-07
4235,0.001333334667,8.888906667e-07,0.001333334667,8.888906667e-07
4236,0.0006666673333,4.444453333e-07,0.0006666673333,4.444453333e-07
4237,0,0,0,0
4238,0,0,0,0
4239,0.0006666673333,4.444453333e-07,0.0006666673333,4.444453333e-07
4240,0.001333334667,8.888906667e-07,0.001333334667,8.888906667e-07
4241,0,0,0,0
4242,0,0,0,0
4243,0.0006666673333,4.444453333e-07,0.0006666673333,4.444453333e-07
4244,0,0,0,0
4245,0.0006666673333,4.444453333e-07,0.0006666673333,4.444453333e-07
4246,0.0006666673333,4.444453333e-07,0.0006666673333,4.444453333e-07
4247,0,0,0,0
4248,0.0006666673333,4.444453333e-07,0.0006666673333,4.444453333e-07
4249,0,0,0,0
4250,0,0,0,0
4251,0.0006666673333,4.444453333e-07,0.0006666673333,4.444453333e-07
4252,0,0,0,0
4253,0.0006666673333,4.444453333e-07,0.0006666673333,4.444453333e-07
4254,0,0,0,0
4255,0.0006666673333,4.444453333e-07,0.0006666673333,4.444453333e-07
4256,0.001333334667,8.888906667e-07,0.001333334667,8.888906667e-07
4257,0.0006666673333,4.444453333e-07,0.0006666673333,4.444453333e-07
4258,0.0006666673333,4.444453333e-07,0.0006666673333,4.444453333e-07
4259,0,0,0,0
4260,0,0,0,0
4261,0,0,0,0
4262,0.001333334667,8.888906667e-07,0.001333334667,8.888906667e-07
4263,0,0,0,0
4264,0.0006666673333,4.444453333e-07,0.0006666673333,4.444453333e-07
4265,0,0,0,0
4266,0.0006666673333,4.444453333e-07,0.0006666673333,4.444453333e-07
4267,0.0006666673333,4.444453333e-07,0.0006666673333,4.444453333e-07
4268,0,0,0,0
4269,0.0006666673333,4.444453333e-07,0.0006666673333,4.444453333e-07
4270,0.0006666673333,4.444453333e-07,0.0006666673333,4.444453333e-07
4271,0,0,0,0
4272,0,0,0,0
4273,0,0,0,0
4274,0,0,0,0
4275,0,0,0,0
4276,0.0006666673333,4.444453333e-07,0.0006666673333,4.444453333e-07
4277,0.0006666673333,4.444453333e-07,0.0006666673333,4.444453333e-07
4278,0,0,0,0
4279,0,0,0,0
4280,0,0,0,0
4281,0.0006666673333,4.444453333e-07,0.0006666673333,4.444453333e-07
4282,0,0,0,0
4283,0.0006666673333,4.444453333e-07,0.0006666673333,4.444453333e-07
4284,0,0,0,0
4285,0.0006666673333,4.444453333e-07,0.0006666673333,4.444453333e-07
4286,0,0,0,0
4287,0.002000002,1.333336e-06,0.002000002,1.333336e-06
4288,0,0,0,0
4289,0.0006666673333,4.444453333e-07,0.0006666673333,4.444453333e-07
4290,0,0,0,0
4291,0.0006666673333,4.444453333e-07,0.0006666673333,4.444453333e-07
4292,0.0006666673333,4.444453333e-07,0.0006666673333,4.444453333e-07
4293,0.0006666673333,4.444453333e-07,0.0006666673333,4.444453333e-07
4294,0,0,0,0
4295,0,0,0,0
4296,0,0,0,0
4297,0.0006666673333,4.444453333e-07,0.0006666673333,4.444453333e-07
4298,0,0,0,0
4299,0,0,0,0
4300,0,0,0,0
4301,0,0,0,0
4302,0,0,0,0
4303,0.0006666673333,4.444453333e-07,0.0006666673333,4.444453333e-07
4304,0.002000002,1.333336e-06,0.002000002,1.333336e-06
4305,0,0,0,0
4306,0.001333334667,8.888906667e-07,0.001333334667,8.888906667e-07
4307,0,0,0,0
4308,0.001333334667,8.888906667e-07,0.001333334667,8.888906667e-07
4309,0,0,0,0
4310,0.001333334667,8.888906667e-07,0.001333334667,8.888906667e-07
4311,0.0006666673333,4.444453333e-07,0.0006666673333,4.444453333e-07
4312,0.0006666673333,4.444453333e-07,0.0006666673333,4.444453333e-07
4313,0,0,0,0
4314,0.0006666673333,4.444453333e-07,0.0006666673333,4.444453333e-07
4315,0,0,0,0
4316,0.0006666673333,4.444453333e-07,0.0006666673333,4.444453333e-07
4317,0.0006666673333,4.444453333e-07,0.0006666673333,4.444453333e-07
4318,0.002666669333,1.777781333e-06,0.002666669333,1.777781333e-06
4319,0.0006666673333,4.444453333e-07,0.0006666673333,4.444453333e-07
4320,0,0,0,0
4321,0.001333334667,8.888906667e-07,0.001333334667,8.888906667e-07
4322,0.0006666673333,4.444453333e-07,0.0006666673333,4.444453333e-07
4323,0.001333334667,8.888906667e-07,0.001333334667,8.888906667e-07
4324,0,0,0,0
4325,0,0,0,0
4326,0,0,0,0
4327,0.001333334667,8.888906667e-07,0.001333334667,8.888906667e-07
4328,0,0,0,0
4329,0,0,0,0
4330,0.0006666673333,4.444453333e-07,0.0006666673333,4.444453333e-07
4331,0.0006666673333,4.444453333e-07,0.0006666673333,4.444453333e-07
4332,0,0,0,0
4333,0.0006666673333,4.444453333e-07,0.0006666673333,4.444453333e-07
4334,0,0,0,0
4335,0.001333334667,8.888906667e-07,0.001333334667,8.888906667e-07
4336,0.001333334667,8.888906667e-07,0.001333334667,8.888906667e-07
4337,0.001000001,1.000002e-06,0.001000001,1.000002e-06
4338,0,0,0,0
4339,0,0,0,0
4340,0.0006666673333,4.444453333e-07,0.0006666673333,4.444453333e-07
4341,0.0006666673333,4.444453333e-07,0.0006666673333,4.444453333e-07
4342,0,0,0,0
4343,0.0006666673333,4.444453333e-07,0.0006666673333,4.444453333e-07
4344,0.0006666673333,4.444453333e-07,0.0006666673333,4.444453333e-07
4345,0.0006666673333,4.444453333e-07,0.0006666673333,4.444453333e-07
4346,0.0006666673333,4.444453333e-07,0.0006666673333,4.444453333e-07
4347,0.0006666673333,4.444453333e-07,0.0006666673333,4.444453333e-07
4348,0,0,0,0
4349,0,0,0,0
4350,0,0,0,0
4351,0,0,0,0
4352,0,0,0,0
4353,0,0,0,0
4354,0,0,0,0
4355,0.0006666673333,4.444453333e-07,0.0006666673333,4.444453333e-07
4356,0,0,0,0
4357,0,0,0,0
4358,0.0006666673333,4.444453333e-07,0.0006666673333,4.444453333e-07
4359,0.0006666673333,4.444453333e-07,0.0006666673333,4.444453333e-07
4360,0.0006666673333,4.444453333e-07,0.0006666673333,4.444453333e-07
4361,0,0,0,0
4362,0.0006666673333,4.444453333e-07,0.0006666673333,4.444453333e-07
4363,0.001333334667,8.888906667e-07,0.001333334667,8.888906667e-07
4364,0,0,0,0
4365,0.0006666673333,4.444453333e-07,0.0006666673333,4.444453333e-07
4366,0,0,0,0
4367,0.001333334667,8.888906667e-07,0.001333334667,8.888906667e-07
4368,0.0006666673333,4.444453333e-07,0.0006666673333,4.444453333e-07
4369,0.0006666673333,4.444453333e-07,0.0006666673333,4.444453333e-07
4370,0.0006666673333,4.444453333e-07,0.0006666673333,4.444453333e-07
4371,0.0006666673333,4.444453333e-07,0.0006666673333,4.444453333e-07
4372,0.002000002,1.333336e-06,0.002000002,1.333336e-06
4373,0,0,0,0
4374,0,0,0,0
4375,0.0006666673333,4.444453333e-07,0.0006666673333,4.444453333e-07
4376,0.002000002,1.333336e-06,0.002000002,1.333336e-06
4377,0.001333334667,8.888906667e-07,0.001333334667,8.888906667e-07
4378,0.001333334667,8.888906667e-07,0.001333334667,8.888906667e-07
4379,0.002000002,1.333336e-06,0.002000002,1.333336e-06
4380,0,0,0,0
4381,0,0,0,0
4382,0.0006666673333,4.444453333e-07,0.0006666673333,4.444453333e-07
4383,0,0,0,0
4384,0,0,0,0
4385,0,0,0,0
4386,0.0006666673333,4.444453333e-07,0.0006666673333,4.444453333e-07
4387,0,0,0,0
4388,0.0006666673333,4.444453333e-07,0.0006666673333,4.444453333e-07
4389,0,0,0,0
4390,0,0,0,0
4391,0.0006666673333,4.444453333e-07,0.0006666673333,4.444453333e-07
4392,0.0006666673333,4.444453333e-07,0.0006666673333,4.444453333e-07
4393,0,0,0,0
4394,0,0,0,0
4395,0.0006666673333,4.444453333e-07,0.0006666673333,4.444453333e-07
4396,0.0006666673333,4.444453333e-07,0.0006666673333,4.444453333e-07
4397,0.001333334667,8.888906667e-07,0.001333334667,8.888906667e-07
4398,0,0,0,0
4399,0,0,0,0
4400,0.001333334667,8.888906667e-07,0.001333334667,8.888906667e-07
4401,0.0006666673333,4.444453333e-07,0.0006666673333,4.444453333e-07
4402,0.001333334667,8.888906667e-07,0.001333334667,8.888906667e-07
4403,0.0006666673333,4.444453333e-07,0.0006666673333,4.444453333e-07
4404,0.0006666673333,4.444453333e-07,0.0006666673333,4.444453333e-07
4405,0.0006666673333,4.444453333e-07,0.0006666673333,4.444453333e-07
4406,0.0006666673333,4.444453333e-07,0.0006666673333,4.444453333e-07
4407,0,0,0,0
4408,0,0,0,0
4409,0.002000002,1.333336e-06,0.002000002,1.333336e-06
4410,0,0,0,0
4411,0,0,0,0
4412,0,0,0,0
4413,0,0,0,0
4414,0.0006666673333,4.444453333e-07,0.0006666673333,4.444453333e-07
4415,0,0,0,0
4416,0,0,0,0
4417,0.0006666673333,4.444453333e-07,0.0006666673333,4.444453333e-07
4418,0.0006666673333,4.444453333e-07,0.0006666673333,4.444453333e-07
4419,0.0006666673333,4.444453333e-07,0.0006666673333,4.444453333e-07
4420,0,0,0,0
4421,0.0006666673333,4.444453333e-07,0.0006666673333,4.444453333e-07
4422,0,0,0,0
4423,0,0,0,0
4424,0,0,0,0
4425,0,0,0,0
4426,0.0006666673333,4.444453333e-07,0.0006666673333,4.444453333e-07
4427,0,0,0,0
4428,0.001333334667,8.888906667e-07,0.001333334667,8.888906667e-07
4429,0.0006666673333,4.444453333e-07,0.0006666673333,4.444453333e-07
4430,0,0,0,0
4431,0.001333334667,8.888906667e-07,0.001333334667,8.888906667e-07
4432,0.0006666673333,4.444453333e-07,0.0006666673333,4.444453333e-07
4433,0.0006666673333,4.444453333e-07,0.0006666673333,4.444453333e-07
4434,0,0,0,0
4435,0.0006666673333,4.444453333e-07,0.0006666673333,4.444453333e-07
4436,0.001555557111,1.23457037e-06,0.001555557111,1.23457037e-06
4437,0.0006666673333,4.444453333e-07,0.0006666673333,4.444453333e-07
4438,0,0,0,0
4439,0,0,0,0
4440,0,0,0,0
4441,0.001333334667,8.888906667e-07,0.001333334667,8.888906667e-07
4442,0.0006666673333,4.444453333e-07,0.0006666673333,4.444453333e-07
4443,0.001333334667,8.888906667e-07,0.001333334667,8.888906667e-07
4444,0,0,0,0
4445,0.002000002,1.333336e-06,0.002000002,1.333336e-06
4446,0.002000002,1.333336e-06,0.002000002,1.333336e-06
4447,0,0,0,0
4448,0.0006666673333,4.444453333e-07,0.0006666673333,4.444453333e-07
4449,0.001333334667,8.888906667e-07,0.001333334667,8.888906667e-07
4450,0.001333334667,8.888906667e-07,0.001333334667,8.888906667e-07
4451,0.0006666673333,4.444453333e-07,0.0006666673333,4.444453333e-07
4452,0.001333334667,8.888906667e-07,0.001333334667,8.888906667e-07
4453,0.0006666673333,4.444453333e-07,0.0006666673333,4.444453333e-07
4454,0,0,0,0
4455,0.002000002,1.333336e-06,0.002000002,1.333336e-06
4456,0.0006666673333,4.444453333e-07,0.0006666673333,4.444453333e-07
4457,0,0,0,0
4458,0,0,0,0
4459,0,0,0,0
4460,0,0,0,0
4461,0,0,0,0
4462,0.001333334667,8.888906667e-07,0.001333334667,8.888906667e-07
4463,0.0006666673333,4.444453333e-07,0.0006666673333,4.444453333e-07
4464,0.0006666673333,4.444453333e-07,0.0006666673333,4.444453333e-07
4465,0,0,0,0
4466,0,0,0,0
4467,0,0,0,0
4468,0.0006666673333,4.444453333e-07,0.0006666673333,4.444453333e-07
4469,0.0006666673333,4.444453333e-07,0.0006666673333,4.444453333e-07
4470,0.0006666673333,4.444453333e-07,0.0006666673333,4.444453333e-07
4471,0.0006666673333,4.444453333e-07,0.0006666673333,4.444453333e-07
4472,0.001333334667,8.888906667e-07,0.001333334667,8.888906667e-07
4473,0,0,0,0
4474,0,0,0,0
4475,0,0,0,0
4476,0.001333334667,8.888906667e-07,0.001333334667,8.888906667e-07
4477,0,0,0,0
4478,0,0,0,0
4479,0.001333334667,8.888906667e-07,0.001333334667,8.888906667e-07
4480,0.0006666673333,4.444453333e-07,0.0006666673333,4.444453333e-07
4481,0,0,0,0
4482,0.0006666673333,4.444453333e-07,0.0006666673333,4.444453333e-07
4483,0.0006666673333,4.444453333e-07,0.0006666673333,4.444453333e-07
4484,0,0,0,0
4485,0.0006666673333,4.444453333e-07,0.0006666673333,4.444453333e-07
4486,0.0006666673333,4.444453333e-07,0.0006666673333,4.444453333e-07
4487,0,0,0,0
4488,0,0,0,0
4489,0,0,0,0
4490,0,0,0,0
4491,0,0,0,0
4492,0.002000002,2.222226667e-06,0.002000002,2.222226667e-06
4493,0,0,0,0
4494,0,0,0,0
4495,0,0,0,0
4496,0,0,0,0
4497,0,0,0,0
4498,0.0006666673333,4.444453333e-07,0.0006666673333,4.444453333e-07
4499,0.0006666673333,4.444453333e-07,0.0006666673333,4.444453333e-07
4500,0.0006666673333,4.444453333e-07,0.0006666673333,4.444453333e-07
4501,0.002000002,4.000008e-06,0.002000002,4.000008e-06
4502,0,0,0,0
4503,0.001333334667,8.888906667e-07,0.001333334667,8.888906667e-07
4504,0,0,0,0
4505,0.0006666673333,4.444453333e-07,0.0006666673333,4.444453333e-07
4506,0.0006666673333,4.444453333e-07,0.0006666673333,4.444453333e-07
4507,0,0,0,0
4508,0.001333334667,8.888906667e-07,0.001333334667,8.888906667e-07
4509,0,0,0,0
4510,0,0,0,0
4511,0.0006666673333,4.444453333e-07,0.0006666673333,4.444453333e-07
4512,0.0006666673333,4.444453333e-07,0.0006666673333,4.444453333e-07
4513,0,0,0,0
4514,0.0006666673333,4.444453333e-07,0.0006666673333,4.444453333e-07
4515,0,0,0,0
4516,0.001333334667,8.888906667e-07,0.001333334667,8.888906667e-07
4517,0,0,0,0
4518,0.001333334667,8.888906667e-07,0.001333334667,8.888906667e-07
4519,0.0006666673333,4.444453333e-07,0.0006666673333,4.444453333e-07
4520,0.0006666673333,4.444453333e-07,0.0006666673333,4.444453333e-07
4521,0.0006666673333,4.444453333e-07,0.0006666673333,4.444453333e-07
4522,0.0006666673333,4.444453333e-07,0.0006666673333,4.444453333e-07
4523,0,0,0,0
4524,0,0,0,0
4525,0,0,0,0
4526,0.0006666673333,4.444453333e-07,0.0006666673333,4.444453333e-07
4527,0.0006666673333,4.444453333e-07,0.0006666673333,4.444453333e-07
4528,0.0006666673333,4.444453333e-07,0.0006666673333,4.444453333e-07
4529,0,0,0,0
4530,0,0,0,0
4531,0.002000002,1.333336e-06,0.002000002,1.333336e-06
4532,0.001333334667,8.888906667e-07,0.001333334667,8.888906667e-07
4533,0,0,0,0
4534,0,0,0,0
4535,0,0,0,0
4536,0,0,0,0
4537,0,0,0,0
4538,0.0008888897777,7.90125037e-07,0.0008888897777,7.90125037e-07
4539,0,0,0,0
4540,0,0,0,0
4541,0.0006666673333,4.444453333e-07,0.0006666673333,4.444453333e-07
4542,0,0,0,0
4543,0,0,0,0
4544,0,0,0,0
4545,0.0006666673333,4.444453333e-07,0.0006666673333,4.444453333e-07
4546,0,0,0,0
4547,0,0,0,0
4548,0.0006666673333,4.444453333e-07,0.0006666673333,4.444453333e-07
4549,0.001333334667,8.888906667e-07,0.001333334667,8.888906667e-07
4550,0.0006666673333,4.444453333e-07,0.0006666673333,4.444453333e-07
4551,0,0,0,0
4552,0,0,0,0
4553,0.0006666673333,4.444453333e-07,0.0006666673333,4.444453333e-07
4554,0,0,0,0
4555,0,0,0,0
4556,0,0,0,0
4557,0.0006666673333,4.444453333e-07,0.0006666673333,4.444453333e-07
4558,0,0,0,0
4559,0.0006666673333,4.444453333e-07,0.0006666673333,4.444453333e-07
4560,0,0,0,0
4561,0,0,0,0
4562,0.0006666673333,4.444453333e-07,0.0006666673333,4.444453333e-07
4563,0,0,0,0
4564,0,0,0,0
4565,0,0,0,0
4566,0,0,0,0
4567,0,0,0,0
4568,0,0,0,0
4569,0,0,0,0
4570,0,0,0,0
4571,0,0,0,0
4572,0,0,0,0
4573,0.0006666673333,4.444453333e-07,0.0006666673333,4.444453333e-07
4574,0,0,0,0
4575,0,0,0,0
4576,0,0,0,0
4577,0,0,0,0
4578,0,0,0,0
4579,0,0,0,0
4580,0.0006666673333,4.444453333e-07,0.0006666673333,4.444453333e-07
4581,0.0006666673333,4.444453333e-07,0.0006666673333,4.444453333e-07
4582,0,0,0,0
4583,0.001333334667,8.888906667e-07,0.001333334667,8.888906667e-07
4584,0,0,0,0
4585,0.0006666673333,4.444453333e-07,0.0006666673333,4.444453333e-07
4586,0.001333334667,8.888906667e-07,0.001333334667,8.888906667e-07
4587,0.0006666673333,4.444453333e-07,0.0006666673333,4.444453333e-07
4588,0,0,0,0
4589,0.001333334667,8.888906667e-07,0.001333334667,8.888906667e-07
4590,0.00075000075,5.62501125e-07,0.00075000075,5.62501125e-07
4591,0,0,0,0
4592,0.0006666673333,4.444453333e-07,0.0006666673333,4.444453333e-07
4593,0,0,0,0
4594,0.0006666673333,4.444453333e-07,0.0006666673333,4.444453333e-07
4595,0,0,0,0
4596,0,0,0,0
4597,0.0006666673333,4.444453333e-07,0.0006666673333,4.444453333e-07
4598,0.0006666673333,4.444453333e-07,0.0006666673333,4.444453333e-07
4599,0,0,0,0
4600,0.0006666673333,4.444453333e-07,0.0006666673333,4.444453333e-07
4601,0.0006666673333,4.444453333e-07,0.0006666673333,4.444453333e-07
4602,0,0,0,0
4603,0,0,0,0
4604,0,0,0,0
4605,0.0006666673333,4.444453333e-07,0.0006666673333,4.444453333e-07
4606,0,0,0,0
4607,0,0,0,0
4608,0,0,0,0
4609,0,0,0,0
4610,0,0,0,0
4611,0,0,0,0
4612,0,0,0,0
4613,0,0,0,0
4614,0,0,0,0
4615,0,0,0,0
4616,0.0006666673333,4.444453333e-07,0.0006666673333,4.444453333e-07
4617,0,0,0,0
4618,0,0,0,0
4619,0,0,0,0
4620,0,0,0,0
4621,0.0006666673333,4.444453333e-07,0.0006666673333,4.444453333e-07
4622,0.001333334667,8.888906667e-07,0.001333334667,8.888906667e-07
4623,0,0,0,0
4624,0,0,0,0
4625,0.0006666673333,4.444453333e-07,0.0006666673333,4.444453333e-07
4626,0,0,0,0
4627,0,0,0,0
4628,0,0,0,0
4629,0.0006666673333,4.444453333e-07,0.0006666673333,4.444453333e-07
4630,0,0,0,0
4631,0,0,0,0
4632,0.0006666673333,4.444453333e-07,0.0006666673333,4.444453333e-07
4633,0.0006666673333,4.444453333e-07,0.0006666673333,4.444453333e-07
4634,0.0006666673333,4.444453333e-07,0.0006666673333,4.444453333e-07
4635,0,0,0,0
4636,0,0,0,0
4637,0,0,0,0
4638,0.0006666673333,4.444453333e-07,0.0006666673333,4.444453333e-07
4639,0.0006666673333,4.444453333e-07,0.0006666673333,4.444453333e-07
4640,0,0,0,0
4641,0.0006666673333,4.444453333e-07,0.0006666673333,4.444453333e-07
4642,0,0,0,0
4643,0.0006666673333,4.444453333e-07,0.0006666673333,4.444453333e-07
4644,0,0,0,0
4645,0,0,0,0
4646,0,0,0,0
4647,0,0,0,0
4648,0.0006666673333,4.444453333e-07,0.0006666673333,4.444453333e-07
4649,0,0,0,0
4650,0.0006666673333,4.444453333e-07,0.0006666673333,4.444453333e-07
4651,0.001333334667,8.888906667e-07,0.001333334667,8.888906667e-07
4652,0,0,0,0
4653,0,0,0,0
4654,0.0006666673333,4.444453333e-07,0.0006666673333,4.444453333e-07
4655,0.0006666673333,4.444453333e-07,0.0006666673333,4.444453333e-07
4656,0,0,0,0
4657,0,0,0,0
4658,0,0,0,0
4659,0.0006666673333,4.444453333e-07,0.0006666673333,4.444453333e-07
4660,0,0,0,0
4661,0,0,0,0
4662,0.001333334667,8.888906667e-07,0.001333334667,8.888906667e-07
4663,0.0006666673333,4.444453333e-07,0.0006666673333,4.444453333e-07
4664,0,0,0,0
4665,0.001555557111,1.23457037e-06,0.001555557111,1.23457037e-06
4666,0,0,0,0
4667,0,0,0,0
4668,0,0,0,0
4669,0,0,0,0
4670,0,0,0,0
4671,0.0006666673333,4.444453333e-07,0.0006666673333,4.444453333e-07
4672,0.001333334667,8.888906667e-07,0.001333334667,8.888906667e-07
4673,0.0006666673333,4.444453333e-07,0.0006666673333,4.444453333e-07
4674,0,0,0,0
4675,0,0,0,0
4676,0.002000002,1.333336e-06,0.002000002,1.333336e-06
4677,0,0,0,0
4678,0.0006666673333,4.444453333e-07,0.0006666673333,4.444453333e-07
4679,0,0,0,0
4680,0,0,0,0
4681,0.0006666673333,4.444453333e-07,0.0006666673333,4.444453333e-07
4682,0.0006666673333,4.444453333e-07,0.0006666673333,4.444453333e-07
4683,0.001333334667,8.888906667e-07,0.001333334667,8.888906667e-07
4684,0.001333334667,8.888906667e-07,0.001333334667,8.888906667e-07
4685,0.0006666673333,4.444453333e-07,0.0006666673333,4.444453333e-07
4686,0,0,0,0
4687,0.0006666673333,4.444453333e-07,0.0006666673333,4.444453333e-07
4688,0.0006666673333,4.444453333e-07,0.0006666673333,4.444453333e-07
4689,0,0,0,0
4690,0.001333334667,8.888906667e-07,0.001333334667,8.888906667e-07
4691,0,0,0,0
4692,0.0006666673333,4.444453333e-07,0.0006666673333,4.444453333e-07
4693,0,0,0,0
4694,0.0006666673333,4.444453333e-07,0.0006666673333,4.444453333e-07
4695,0.0006666673333,4.444453333e-07,0.0006666673333,4.444453333e-07
4696,0.002000002,1.333336e-06,0.002000002,1.333336e-06
4697,0,0,0,0
4698,0,0,0,0
4699,0,0,0,0
4700,0,0,0,0
4701,0,0,0,0
4702,0,0,0,0
4703,0,0,0,0
4704,0.0006666673333,4.444453333e-07,0.0006666673333,4.444453333e-07
4705,0,0,0,0
4706,0,0,0,0
4707,0.0006666673333,4.444453333e-07,0.0006666673333,4.444453333e-07
4708,0,0,0,0
4709,0,0,0,0
4710,0.002000002,1.333336e-06,0.002000002,1.333336e-06
4711,0,0,0,0
4712,0,0,0,0
4713,0.001333334667,8.888906667e-07,0.001333334667,8.888906667e-07
4714,0,0,0,0
4715,0.0006666673333,4.444453333e-07,0.0006666673333,4.444453333e-07
4716,0,0,0,0
4717,0.0006666673333,4.444453333e-07,0.0006666673333,4.444453333e-07
4718,0.0006666673333,4.444453333e-07,0.0006666673333,4.444453333e-07
4719,0,0,0,0
4720,0,0,0,0
4721,0.001333334667,8.888906667e-07,0.001333334667,8.888906667e-07
4722,0,0,0,0
4723,0,0,0,0
4724,0,0,0,0
4725,0,0,0,0
4726,0,0,0,0
4727,0.0006666673333,4.444453333e-07,0.0006666673333,4.444453333e-07
4728,0,0,0,0
4729,0,0,0,0
4730,0,0,0,0
4731,0.0006666673333,4.444453333e-07,0.0006666673333,4.444453333e-07
4732,0,0,0,0
4733,0,0,0,0
4734,0.0006666673333,4.444453333e-07,0.0006666673333,4.444453333e-07
4735,0,0,0,0
4736,0,0,0,0
4737,0,0,0,0
4738,0,0,0,0
4739,0.0006666673333,4.444453333e-07,0.0006666673333,4.444453333e-07
4740,0,0,0,0
4741,0,0,0,0
4742,0.0006666673333,4.444453333e-07,0.0006666673333,4.444453333e-07
4743,0.0006666673333,4.444453333e-07,0.0006666673333,4.444453333e-07
4744,0,0,0,0
4745,0.0006666673333,4.444453333e-07,0.0006666673333,4.444453333e-07
4746,0.0006666673333,4.444453333e-07,0.0006666673333,4.444453333e-07
4747,0,0,0,0
4748,0,0,0,0
4749,0,0,0,0
4750,0.0006666673333,4.444453333e-07,0.0006666673333,4.444453333e-07
4751,0,0,0,0
4752,0.001333334667,8.888906667e-07,0.001333334667,8.888906667e-07
4753,0,0,0,0
4754,0.0006666673333,4.444453333e-07,0.0006666673333,4.444453333e-07
4755,0.0006666673333,4.444453333e-07,0.0006666673333,4.444453333e-07
4756,0.001333334667,8.888906667e-07,0.001333334667,8.888906667e-07
4757,0.002666669333,1.777781333e-06,0.002666669333,1.777781333e-06
4758,0.001333334667,8.888906667e-07,0.001333334667,8.888906667e-07
4759,0.002666669333,2.666672e-06,0.002666669333,2.666672e-06
4760,0.001333334667,8.888906667e-07,0.001333334667,8.888906667e-07
4761,0.0006666673333,4.444453333e-07,0.0006666673333,4.444453333e-07
4762,0.001333334667,8.888906667e-07,0.001333334667,8.888906667e-07
4763,0,0,0,0
4764,0.001333334667,8.888906667e-07,0.001333334667,8.888906667e-07
4765,0,0,0,0
4766,0,0,0,0
4767,0,0,0,0
4768,0,0,0,0
4769,0.0006666673333,4.444453333e-07,0.0006666673333,4.444453333e-07
4770,0.0006666673333,4.444453333e-07,0.0006666673333,4.444453333e-07
4771,0.001333334667,8.888906667e-07,0.001333334667,8.888906667e-07
4772,0,0,0,0
4773,0,0,0,0
4774,0.001333334667,8.888906667e-07,0.001333334667,8.888906667e-07
4775,0.0006666673333,4.444453333e-07,0.0006666673333,4.444453333e-07
4776,0.0006666673333,4.444453333e-07,0.0006666673333,4.444453333e-07
4777,0.0006666673333,4.444453333e-07,0.0006666673333,4.444453333e-07
4778,0,0,0,0
4779,0.0006666673333,4.444453333e-07,0.0006666673333,4.444453333e-07
4780,0,0,0,0
4781,0.0006666673333,4.444453333e-07,0.0006666673333,4.444453333e-07
4782,0.0006666673333,4.444453333e-07,0.0006666673333,4.444453333e-07
4783,0,0,0,0
4784,0,0,0,0
4785,0,0,0,0
4786,0.0006666673333,4.444453333e-07,0.0006666673333,4.444453333e-07
4787,0,0,0,0
4788,0,0,0,0
4789,0.0006666673333,4.444453333e-07,0.0006666673333,4.444453333e-07
4790,0,0,0,0
4791,0.0006666673333,4.444453333e-07,0.0006666673333,4.444453333e-07
4792,0.0006666673333,4.444453333e-07,0.0006666673333,4.444453333e-07
4793,0.0006666673333,4.444453333e-07,0.0006666673333,4.444453333e-07
4794,0.0006666673333,4.444453333e-07,0.0006666673333,4.444453333e-07
4795,0.001333334667,8.888906667e-07,0.001333334667,8.888906667e-07
4796,0.0006666673333,4.444453333e-07,0.0006666673333,4.444453333e-07
4797,0.001333334667,8.888906667e-07,0.001333334667,8.888906667e-07
4798,0,0,0,0
4799,0.001333334667,8.888906667e-07,0.001333334667,8.888906667e-07
4800,0,0,0,0
4801,0,0,0,0
4802,0,0,0,0
4803,0,0,0,0
4804,0,0,0,0
4805,0,0,0,0
4806,0,0,0,0
4807,0.0006666673333,4.444453333e-07,0.0006666673333,4.444453333e-07
4808,0,0,0,0
4809,0,0,0,0
4810,0.0006666673333,4.444453333e-07,0.0006666673333,4.444453333e-07
4811,0.0006666673333,4.444453333e-07,0.0006666673333,4.444453333e-07
4812,0,0,0,0
4813,0,0,0,0
4814,0.0006666673333,4.444453333e-07,0.0006666673333,4.444453333e-07
4815,0,0,0,0
4816,0,0,0,0
4817,0,0,0,0
4818,0.0008333341667,6.944458333e-07,0.0008333341667,6.944458333e-07
4819,0.0006666673333,4.444453333e-07,0.0006666673333,4.444453333e-07
4820,0.0006666673333,4.444453333e-07,0.0006666673333,4.444453333e-07
4821,0.0006666673333,4.444453333e-07,0.0006666673333,4.444453333e-07
4822,0,0,0,0
4823,0,0,0,0
4824,0,0,0,0
4825,0.002000002,1.333336e-06,0.002000002,1.333336e-06
4826,0.0006666673333,4.444453333e-07,0.0006666673333,4.444453333e-07
4827,0.002000002,1.333336e-06,0.002000002,1.333336e-06
4828,0.001333334667,8.888906667e-07,0.001333334667,8.888906667e-07
4829,0.0006666673333,4.444453333e-07,0.0006666673333,4.444453333e-07
4830,0,0,0,0
4831,0,0,0,0
4832,0.0006666673333,4.444453333e-07,0.0006666673333,4.444453333e-07
4833,0,0,0,0
4834,0.0006666673333,4.444453333e-07,0.0006666673333,4.444453333e-07
4835,0,0,0,0
4836,0.0006666673333,4.444453333e-07,0.0006666673333,4.444453333e-07
4837,0,0,0,0
4838,0,0,0,0
4839,0,0,0,0
4840,0,0,0,0
4841,0.0006666673333,4.444453333e-07,0.0006666673333,4.444453333e-07
4842,0,0,0,0
4843,0,0,0,0
4844,0,0,0,0
4845,0.0006666673333,4.444453333e-07,0.0006666673333,4.444453333e-07
4846,0,0,0,0
4847,0.0006666673333,4.444453333e-07,0.0006666673333,4.444453333e-07
4848,0,0,0,0
4849,0,0,0,0
4850,0.0006666673333,4.444453333e-07,0.0006666673333,4.444453333e-07
4851,0,0,0,0
4852,0.0006666673333,4.444453333e-07,0.0006666673333,4.444453333e-07
4853,0,0,0,0
4854,0,0,0,0
4855,0,0,0,0
4856,0,0,0,0
4857,0.0006666673333,4.444453333e-07,0.0006666673333,4.444453333e-07
4858,0.001333334667,8.888906667e-07,0.001333334667,8.888906667e-07
4859,0.0006666673333,4.444453333e-07,0.0006666673333,4.444453333e-07
4860,0.0006666673333,4.444453333e-07,0.0006666673333,4.444453333e-07
4861,0.001333334667,8.888906667e-07,0.001333334667,8.888906667e-07
4862,0,0,0,0
4863,0,0,0,0
4864,0.0006666673333,4.444453333e-07,0.0006666673333,4.444453333e-07
4865,0.002000002,1.333336e-06,0.002000002,1.333336e-06
4866,0.0006666673333,4.444453333e-07,0.0006666673333,4.444453333e-07
4867,0.0006666673333,4.444453333e-07,0.0006666673333,4.444453333e-07
4868,0,0,0,0
4869,0.0006666673333,4.444453333e-07,0.0006666673333,4.444453333e-07
4870,0.0006666673333,4.444453333e-07,0.0006666673333,4.444453333e-07
4871,0.0006666673333,4.444453333e-07,0.0006666673333,4.444453333e-07
4872,0.0006666673333,4.444453333e-07,0.0006666673333,4.444453333e-07
4873,0.002000002,2.222226667e-06,0.002000002,2.222226667e-06
4874,0,0,0,0
4875,0,0,0,0
4876,0.0006666673333,4.444453333e-07,0.0006666673333,4.444453333e-07
4877,0,0,0,0
4878,0,0,0,0
4879,0,0,0,0
4880,0.0006666673333,4.444453333e-07,0.0006666673333,4.444453333e-07
4881,0,0,0,0
4882,0,0,0,0
4883,0.0006666673333,4.444453333e-07,0.0006666673333,4.444453333e-07
4884,0.0006666673333,4.444453333e-07,0.0006666673333,4.444453333e-07
4885,0.0006666673333,4.444453333e-07,0.0006666673333,4.444453333e-07
4886,0,0,0,0
4887,0.0006666673333,4.444453333e-07,0.0006666673333,4.444453333e-07
4888,0,0,0,0
4889,0.0006666673333,4.444453333e-07,0.0006666673333,4.444453333e-07
4890,0,0,0,0
4891,0,0,0,0
4892,0,0,0,0
4893,0.001333334667,8.888906667e-07,0.001333334667,8.888906667e-07
4894,0,0,0,0
4895,0,0,0,0
4896,0.0006666673333,4.444453333e-07,0.0006666673333,4.444453333e-07
4897,0.0006666673333,4.444453333e-07,0.0006666673333,4.444453333e-07
4898,0,0,0,0
4899,0,0,0,0
4900,0,0,0,0
4901,0.0006666673333,4.444453333e-07,0.0006666673333,4.444453333e-07
4902,0,0,0,0
4903,0,0,0,0
4904,0.0006666673333,4.444453333e-07,0.0006666673333,4.444453333e-07
4905,0.0006666673333,4.444453333e-07,0.0006666673333,4.444453333e-07
4906,0,0,0,0
4907,0.0006666673333,4.444453333e-07,0.0006666673333,4.444453333e-07
4908,0,0,0,0
4909,0.0006666673333,4.444453333e-07,0.0006666673333,4.444453333e-07
4910,0,0,0,0
4911,0,0,0,0
4912,0,0,0,0
4913,0.0006666673333,4.444453333e-07,0.0006666673333,4.444453333e-07
4914,0,0,0,0
4915,0.001333334667,8.888906667e-07,0.001333334667,8.888906667e-07
4916,0,0,0,0
4917,0,0,0,0
4918,0.0006666673333,4.444453333e-07,0.0006666673333,4.444453333e-07
4919,0.0006666673333,4.444453333e-07,0.0006666673333,4.444453333e-07
4920,0,0,0,0
4921,0,0,0,0
4922,0,0,0,0
4923,0.0006666673333,4.444453333e-07,0.0006666673333,4.444453333e-07
4924,0.0006666673333,4.444453333e-07,0.0006666673333,4.444453333e-07
4925,0.0006666673333,4.444453333e-07,0.0006666673333,4.444453333e-07
4926,0.001333334667,8.888906667e-07,0.001333334667,8.888906667e-07
4927,0,0,0,0
4928,0.0008888897777,7.90125037e-07,0.0008888897777,7.90125037e-07
4929,0.0006666673333,4.444453333e-07,0.0006666673333,4.444453333e-07
4930,0.0006666673333,4.444453333e-07,0.0006666673333,4.444453333e-07
4931,0.0006666673333,4.444453333e-07,0.0006666673333,4.444453333e-07
4932,0,0,0,0
4933,0,0,0,0
4934,0.0006666673333,4.444453333e-07,0.0006666673333,4.444453333e-07
4935,0,0,0,0
4936,0,0,0,0
4937,0,0,0,0
4938,0.001333334667,8.888906667e-07,0.001333334667,8.888906667e-07
4939,0,0,0,0
4940,0,0,0,0
4941,0,0,0,0
4942,0,0,0,0
4943,0,0,0,0
4944,0.002133335467,1.528891947e-06,0.002133335467,1.528891947e-06
4945,0,0,0,0
4946,0.0015000015,1.138891167e-06,0.0015000015,1.138891167e-06
4947,0,0,0,0
4948,0.0006666673333,4.444453333e-07,0.0006666673333,4.444453333e-07
4949,0.001333334667,8.888906667e-07,0.001333334667,8.888906667e-07
4950,0.0006666673333,4.444453333e-07,0.0006666673333,4.444453333e-07
4951,0.0006666673333,4.444453333e-07,0.0006666673333,4.444453333e-07
4952,0.0006666673333,4.444453333e-07,0.0006666673333,4.444453333e-07
4953,0.0006666673333,4.444453333e-07,0.0006666673333,4.444453333e-07
4954,0,0,0,0
4955,0.001333334667,8.888906667e-07,0.001333334667,8.888906667e-07
4956,0.0006666673333,4.444453333e-07,0.0006666673333,4.444453333e-07
4957,0.0006666673333,4.444453333e-07,0.0006666673333,4.444453333e-07
4958,0,0,0,0
4959,0,0,0,0
4960,0,0,0,0
4961,0.0006666673333,4.444453333e-07,0.0006666673333,4.444453333e-07
4962,0,0,0,0
4963,0,0,0,0
4964,0.0006666673333,4.444453333e-07,0.0006666673333,4.444453333e-07
4965,0,0,0,0
4966,0,0,0,0
4967,0,0,0,0
4968,0,0,0,0
4969,0.0006666673333,4.444453333e-07,0.0006666673333,4.444453333e-07
4970,0.0006666673333,4.444453333e-07,0.0006666673333,4.444453333e-07
4971,0,0,0,0
4972,0,0,0,0
4973,0,0,0,0
4974,0.001333334667,8.888906667e-07,0.001333334667,8.888906667e-07
4975,0,0,0,0
4976,0.0006666673333,4.444453333e-07,0.0006666673333,4.444453333e-07
4977,0,0,0,0
4978,0.0006666673333,4.444453333e-07,0.0006666673333,4.444453333e-07
4979,0.0006666673333,4.444453333e-07,0.0006666673333,4.444453333e-07
4980,0.0006666673333,4.444453333e-07,0.0006666673333,4.444453333e-07
4981,0,0,0,0
4982,0.0006666673333,4.444453333e-07,0.0006666673333,4.444453333e-07
4983,0,0,0,0
4984,0,0,0,0
4985,0.0006666673333,4.444453333e-07,0.0006666673333,4.444453333e-07
4986,0,0,0,0
4987,0,0,0,0
4988,0,0,0,0
4989,0.001333334667,8.888906667e-07,0.001333334667,8.888906667e-07
4990,0.001333334667,8.888906667e-07,0.001333334667,8.888906667e-07
4991,0,0,0,0
4992,0,0,0,0
4993,0.0006666673333,4.444453333e-07,0.0006666673333,4.444453333e-07
4994,0.0006666673333,4.444453333e-07,0.0006666673333,4.444453333e-07
4995,0.0006666673333,4.444453333e-07,0.0006666673333,4.444453333e-07
4996,0.0006666673333,4.444453333e-07,0.0006666673333,4.444453333e-07
4997,0,0,0,0
4998,0.0006666673333,4.444453333e-07,0.0006666673333,4.444453333e-07
4999,0,0,0,0
5000,0.0006666673333,4.444453333e-07,0.0006666673333,4.444453333e-07
5001,0.001333334667,8.888906667e-07,0.001333334667,8.888906667e-07
5002,0.0006666673333,4.444453333e-07,0.0006666673333,4.444453333e-07
5003,0.0006666673333,4.444453333e-07,0.0006666673333,4.444453333e-07
5004,0.0006666673333,4.444453333e-07,0.0006666673333,4.444453333e-07
5005,0,0,0,0
5006,0,0,0,0
5007,0,0,0,0
5008,0,0,0,0
5009,0.0006666673333,4.444453333e-07,0.0006666673333,4.444453333e-07
5010,0.0006666673333,4.444453333e-07,0.0006666673333,4.444453333e-07
5011,0,0,0,0
5012,0.0006666673333,4.444453333e-07,0.0006666673333,4.444453333e-07
5013,0.0006666673333,4.444453333e-07,0.0006666673333,4.444453333e-07
5014,0,0,0,0
5015,0.0006666673333,4.444453333e-07,0.0006666673333,4.444453333e-07
5016,0,0,0,0
5017,0,0,0,0
5018,0,0,0,0
5019,0,0,0,0
5020,0,0,0,0
5021,0.001333334667,8.888906667e-07,0.001333334667,8.888906667e-07
5022,0,0,0,0
5023,0,0,0,0
5024,0.0006666673333,4.444453333e-07,0.0006666673333,4.444453333e-07
5025,0,0,0,0
5026,0,0,0,0
5027,0,0,0,0
5028,0.0006666673333,4.444453333e-07,0.0006666673333,4.444453333e-07
5029,0.0006666673333,4.444453333e-07,0.0006666673333,4.444453333e-07
5030,0,0,0,0
5031,0,0,0,0
5032,0.0006666673333,4.444453333e-07,0.0006666673333,4.444453333e-07
5033,0.0006666673333,4.444453333e-07,0.0006666673333,4.444453333e-07
5034,0,0,0,0
5035,0.0006666673333,4.444453333e-07,0.0006666673333,4.444453333e-07
5036,0,0,0,0
5037,0,0,0,0
5038,0.0006666673333,4.444453333e-07,0.0006666673333,4.444453333e-07
5039,0,0,0,0
5040,0.0006666673333,4.444453333e-07,0.0006666673333,4.444453333e-07
5041,0.0006666673333,4.444453333e-07,0.0006666673333,4.444453333e-07
5042,0,0,0,0
5043,0,0,0,0
5044,0.001333334667,8.888906667e-07,0.001333334667,8.888906667e-07
5045,0,0,0,0
5046,0,0,0,0
5047,0,0,0,0
5048,0,0,0,0
5049,0,0,0,0
5050,0.001333334667,8.888906667e-07,0.001333334667,8.888906667e-07
5051,0.0006666673333,4.444453333e-07,0.0006666673333,4.444453333e-07
5052,0,0,0,0
5053,0,0,0,0
5054,0,0,0,0
5055,0,0,0,0
5056,0,0,0,0
5057,0,0,0,0
5058,0.001333334667,8.888906667e-07,0.001333334667,8.888906667e-07
5059,0,0,0,0
5060,0,0,0,0
5061,0.0006666673333,4.444453333e-07,0.0006666673333,4.444453333e-07
5062,0,0,0,0
5063,0.001333334667,8.888906667e-07,0.001333334667,8.888906667e-07
5064,0.0006666673333,4.444453333e-07,0.0006666673333,4.444453333e-07
5065,0,0,0,0
5066,0,0,0,0
5067,0,0,0,0
5068,0.0006666673333,4.444453333e-07,0.0006666673333,4.444453333e-07
5069,0,0,0,0
5070,0.0006666673333,4.444453333e-07,0.0006666673333,4.444453333e-07
5071,0.0006666673333,4.444453333e-07,0.0006666673333,4.444453333e-07
5072,0.0006666673333,4.444453333e-07,0.0006666673333,4.444453333e-07
5073,0,0,0,0
5074,0,0,0,0
5075,0,0,0,0
5076,0,0,0,0
5077,0.0006666673333,4.444453333e-07,0.0006666673333,4.444453333e-07
5078,0,0,0,0
5079,0,0,0,0
5080,0,0,0,0
5081,0.0006666673333,4.444453333e-07,0.0006666673333,4.444453333e-07
5082,0.0006666673333,4.444453333e-07,0.0006666673333,4.444453333e-07
5083,0,0,0,0
5084,0.0006666673333,4.444453333e-07,0.0006666673333,4.444453333e-07
5085,0,0,0,0
5086,0,0,0,0
5087,0,0,0,0
5088,0,0,0,0
5089,0,0,0,0
5090,0.0006666673333,4.444453333e-07,0.0006666673333,4.444453333e-07
5091,0,0,0,0
5092,0,0,0,0
5093,0.0006666673333,4.444453333e-07,0.0006666673333,4.444453333e-07
5094,0,0,0,0
5095,0.0006666673333,4.444453333e-07,0.0006666673333,4.444453333e-07
5096,0.0006666673333,4.444453333e-07,0.0006666673333,4.444453333e-07
5097,0.001333334667,8.888906667e-07,0.001333334667,8.888906667e-07
5098,0,0,0,0
5099,0.0006666673333,4.444453333e-07,0.0006666673333,4.444453333e-07
5100,0,0,0,0
5101,0.0006666673333,4.444453333e-07,0.0006666673333,4.444453333e-07
5102,0,0,0,0
5103,0.0006666673333,4.444453333e-07,0.0006666673333,4.444453333e-07
5104,0,0,0,0
5105,0.001333334667,8.888906667e-07,0.001333334667,8.888906667e-07
5106,0,0,0,0
5107,0,0,0,0
5108,0,0,0,0
5109,0,0,0,0
5110,0.001333334667,8.888906667e-07,0.001333334667,8.888906667e-07
5111,0.0006666673333,4.444453333e-07,0.0006666673333,4.444453333e-07
5112,0.001333334667,8.888906667e-07,0.001333334667,8.888906667e-07
5113,0,0,0,0
5114,0,0,0,0
5115,0,0,0,0
5116,0.0006666673333,4.444453333e-07,0.0006666673333,4.444453333e-07
5117,0.0006666673333,4.444453333e-07,0.0006666673333,4.444453333e-07
5118,0.0006666673333,4.444453333e-07,0.0006666673333,4.444453333e-07
5119,0,0,0,0
5120,0.0006666673333,4.444453333e-07,0.0006666673333,4.444453333e-07
5121,0.001333334667,8.888906667e-07,0.001333334667,8.888906667e-07
5122,0.0006666673333,4.444453333e-07,0.0006666673333,4.444453333e-07
5123,0.0006666673333,4.444453333e-07,0.0006666673333,4.444453333e-07
5124,0,0,0,0
5125,0.0006666673333,4.444453333e-07,0.0006666673333,4.444453333e-07
5126,0,0,0,0
5127,0,0,0,0
5128,0,0,0,0
5129,0.0006666673333,4.444453333e-07,0.0006666673333,4.444453333e-07
5130,0,0,0,0
5131,0,0,0,0
5132,0,0,0,0
5133,0,0,0,0
5134,0.001333334667,8.888906667e-07,0.001333334667,8.888906667e-07
5135,0,0,0,0
5136,0.0006666673333,4.444453333e-07,0.0006666673333,4.444453333e-07
5137,0,0,0,0
5138,0,0,0,0
5139,0,0,0,0
5140,0.0006666673333,4.444453333e-07,0.0006666673333,4.444453333e-07
5141,0,0,0,0
5142,0.0006666673333,4.444453333e-07,0.0006666673333,4.444453333e-07
5143,0,0,0,0
5144,0,0,0,0
5145,0,0,0,0
5146,0.001333334667,8.888906667e-07,0.001333334667,8.888906667e-07
5147,0,0,0,0
5148,0,0,0,0
5149,0,0,0,0
5150,0,0,0,0
5151,0.0006666673333,4.444453333e-07,0.0006666673333,4.444453333e-07
5152,0.0006666673333,4.444453333e-07,0.0006666673333,4.444453333e-07
5153,0,0,0,0
5154,0,0,0,0
5155,0,0,0,0
5156,0,0,0,0
5157,0,0,0,0
5158,0.0006666673333,4.444453333e-07,0.0006666673333,4.444453333e-07
5159,0,0,0,0
5160,0,0,0,0
5161,0,0,0,0
5162,0,0,0,0
5163,0.0006666673333,4.444453333e-07,0.0006666673333,4.444453333e-07
5164,0,0,0,0
5165,0.0006666673333,4.444453333e-07,0.0006666673333,4.444453333e-07
5166,0.0006666673333,4.444453333e-07,0.0006666673333,4.444453333e-07
5167,0,0,0,0
5168,0.0006666673333,4.444453333e-07,0.0006666673333,4.444453333e-07
5169,0,0,0,0
5170,0.0006666673333,4.444453333e-07,0.0006666673333,4.444453333e-07
5171,0,0,0,0
5172,0.0006666673333,4.444453333e-07,0.0006666673333,4.444453333e-07
5173,0.0006666673333,4.444453333e-07,0.0006666673333,4.444453333e-07
5174,0,0,0,0
5175,0.0006666673333,4.444453333e-07,0.0006666673333,4.444453333e-07
5176,0,0,0,0
5177,0.0006666673333,4.444453333e-07,0.0006666673333,4.444453333e-07
5178,0,0,0,0
5179,0,0,0,0
5180,0.0006666673333,4.444453333e-07,0.0006666673333,4.444453333e-07
5181,0,0,0,0
5182,0,0,0,0
5183,0.0006666673333,4.444453333e-07,0.0006666673333,4.444453333e-07
5184,0,0,0,0
5185,0.0006666673333,4.444453333e-07,0.0006666673333,4.444453333e-07
5186,0,0,0,0
5187,0,0,0,0
5188,0,0,0,0
5189,0,0,0,0
5190,0,0,0,0
5191,0,0,0,0
5192,0,0,0,0
5193,0.0006666673333,4.444453333e-07,0.0006666673333,4.444453333e-07
5194,0.0006666673333,4.444453333e-07,0.0006666673333,4.444453333e-07
5195,0.0006666673333,4.444453333e-07,0.0006666673333,4.444453333e-07
5196,0,0,0,0
5197,0,0,0,0
5198,0.0008333341667,6.944458333e-07,0.0008333341667,6.944458333e-07
5199,0,0,0,0
5200,0.0006666673333,4.444453333e-07,0.0006666673333,4.444453333e-07
5201,0,0,0,0
5202,0,0,0,0
5203,0,0,0,0
5204,0,0,0,0
5205,0.0006666673333,4.444453333e-07,0.0006666673333,4.444453333e-07
5206,0,0,0,0
5207,0.0006666673333,4.444453333e-07,0.0006666673333,4.444453333e-07
5208,0,0,0,0
5209,0,0,0,0
5210,0,0,0,0
5211,0,0,0,0
5212,0.0006666673333,4.444453333e-07,0.0006666673333,4.444453333e-07
5213,0.0006666673333,4.444453333e-07,0.0006666673333,4.444453333e-07
5214,0.0006666673333,4.444453333e-07,0.0006666673333,4.444453333e-07
5215,0.0006666673333,4.444453333e-07,0.0006666673333,4.444453333e-07
5216,0,0,0,0
5217,0,0,0,0
5218,0.002666669333,1.777781333e-06,0.002666669333,1.777781333e-06
5219,0,0,0,0
5220,0,0,0,0
5221,0.0006666673333,4.444453333e-07,0.0006666673333,4.444453333e-07
5222,0.0006666673333,4.444453333e-07,0.0006666673333,4.444453333e-07
5223,0,0,0,0
5224,0.0006666673333,4.444453333e-07,0.0006666673333,4.444453333e-07
5225,0,0,0,0
5226,0,0,0,0
5227,0,0,0,0
5228,0,0,0,0
5229,0,0,0,0
5230,0,0,0,0
5231,0.001333334667,8.888906667e-07,0.001333334667,8.888906667e-07
5232,0,0,0,0
5233,0,0,0,0
5234,0.0006666673333,4.444453333e-07,0.0006666673333,4.444453333e-07
5235,0.0006666673333,4.444453333e-07,0.0006666673333,4.444453333e-07
5236,0,0,0,0
5237,0,0,0,0
5238,0.0006666673333,4.444453333e-07,0.0006666673333,4.444453333e-07
5239,0.0006666673333,4.444453333e-07,0.0006666673333,4.444453333e-07
5240,0,0,0,0
5241,0,0,0,0
5242,0,0,0,0
5243,0.0006666673333,4.444453333e-07,0.0006666673333,4.444453333e-07
5244,0,0,0,0
5245,0,0,0,0
5246,0.001333334667,8.888906667e-07,0.001333334667,8.888906667e-07
5247,0.0006666673333,4.444453333e-07,0.0006666673333,4.444453333e-07
5248,0.0006666673333,4.444453333e-07,0.0006666673333,4.444453333e-07
5249,0,0,0,0
5250,0,0,0,0
5251,0,0,0,0
5252,0.0006666673333,4.444453333e-07,0.0006666673333,4.444453333e-07
5253,0.0006666673333,4.444453333e-07,0.0006666673333,4.444453333e-07
5254,0,0,0,0
5255,0,0,0,0
5256,0.0006666673333,4.444453333e-07,0.0006666673333,4.444453333e-07
5257,0.0006666673333,4.444453333e-07,0.0006666673333,4.444453333e-07
5258,0.001333334667,8.888906667e-07,0.001333334667,8.888906667e-07
5259,0.0006666673333,4.444453333e-07,0.0006666673333,4.444453333e-07
5260,0.0007777785557,6.049394814e-07,0.0007777785557,6.049394814e-07
5261,0,0,0,0
5262,0,0,0,0
5263,0,0,0,0
5264,0,0,0,0
5265,0.0006666673333,4.444453333e-07,0.0006666673333,4.444453333e-07
5266,0,0,0,0
5267,0,0,0,0
5268,0,0,0,0
5269,0,0,0,0
5270,0,0,0,0
5271,0.0006666673333,4.444453333e-07,0.0006666673333,4.444453333e-07
5272,0.0006666673333,4.444453333e-07,0.0006666673333,4.444453333e-07
5273,0,0,0,0
5274,0,0,0,0
5275,0.0006666673333,4.444453333e-07,0.0006666673333,4.444453333e-07
5276,0,0,0,0
5277,0,0,0,0
5278,0.0006666673333,4.444453333e-07,0.0006666673333,4.444453333e-07
5279,0.0006666673333,4.444453333e-07,0.0006666673333,4.444453333e-07
5280,0,0,0,0
5281,0.0006666673333,4.444453333e-07,0.0006666673333,4.444453333e-07
5282,0.001333334667,8.888906667e-07,0.001333334667,8.888906667e-07
5283,0.001333334667,8.888906667e-07,0.001333334667,8.888906667e-07
5284,0.0006666673333,4.444453333e-07,0.0006666673333,4.444453333e-07
5285,0,0,0,0
5286,0,0,0,0
5287,0.0006666673333,4.444453333e-07,0.0006666673333,4.444453333e-07
5288,0.0006666673333,4.444453333e-07,0.0006666673333,4.444453333e-07
5289,0,0,0,0
5290,0,0,0,0
5291,0,0,0,0
5292,0,0,0,0
5293,0.002000002,1.333336e-06,0.002000002,1.333336e-06
5294,0,0,0,0
5295,0,0,0,0
5296,0.0006666673333,4.444453333e-07,0.0006666673333,4.444453333e-07
5297,0,0,0,0
5298,0,0,0,0
5299,0,0,0,0
5300,0.0006666673333,4.444453333e-07,0.0006666673333,4.444453333e-07
5301,0.0006666673333,4.444453333e-07,0.0006666673333,4.444453333e-07
5302,0.0006666673333,4.444453333e-07,0.0006666673333,4.444453333e-07
5303,0,0,0,0
5304,0,0,0,0
5305,0,0,0,0
5306,0,0,0,0
5307,0,0,0,0
5308,0.0006666673333,4.444453333e-07,0.0006666673333,4.444453333e-07
5309,0.0006666673333,4.444453333e-07,0.0006666673333,4.444453333e-07
5310,0,0,0,0
5311,0,0,0,0
5312,0.001333334667,8.888906667e-07,0.001333334667,8.888906667e-07
5313,0.0006666673333,4.444453333e-07,0.0006666673333,4.444453333e-07
5314,0,0,0,0
5315,0,0,0,0
5316,0,0,0,0
5317,0,0,0,0
5318,0,0,0,0
5319,0,0,0,0
5320,0,0,0,0
5321,0.002000002,1.333336e-06,0.002000002,1.333336e-06
5322,0,0,0,0
5323,0,0,0,0
5324,0,0,0,0
5325,0,0,0,0
5326,0.0006666673333,4.444453333e-07,0.0006666673333,4.444453333e-07
5327,0,0,0,0
5328,0.0006666673333,4.444453333e-07,0.0006666673333,4.444453333e-07
5329,0,0,0,0
5330,0,0,0,0
5331,0.0006666673333,4.444453333e-07,0.0006666673333,4.444453333e-07
5332,0,0,0,0
5333,0.001333334667,8.888906667e-07,0.001333334667,8.888906667e-07
5334,0,0,0,0
5335,0,0,0,0
5336,0,0,0,0
5337,0,0,0,0
5338,0.001333334667,8.888906667e-07,0.001333334667,8.888906667e-07
5339,0,0,0,0
5340,0.0006666673333,4.444453333e-07,0.0006666673333,4.444453333e-07
5341,0,0,0,0
5342,0,0,0,0
5343,0,0,0,0
5344,0.001333334667,8.888906667e-07,0.001333334667,8.888906667e-07
5345,0.0006666673333,4.444453333e-07,0.0006666673333,4.444453333e-07
5346,0,0,0,0
5347,0,0,0,0
5348,0,0,0,0
5349,0,0,0,0
5350,0.0006666673333,4.444453333e-07,0.0006666673333,4.444453333e-07
5351,0,0,0,0
5352,0,0,0,0
5353,0.0006666673333,4.444453333e-07,0.0006666673333,4.444453333e-07
5354,0,0,0,0
5355,0,0,0,0
5356,0,0,0,0
5357,0.001333334667,8.888906667e-07,0.001333334667,8.888906667e-07
5358,0.0006666673333,4.444453333e-07,0.0006666673333,4.444453333e-07
5359,0.0006666673333,4.444453333e-07,0.0006666673333,4.444453333e-07
5360,0.002000002,1.333336e-06,0.002000002,1.333336e-06
5361,0.0006666673333,4.444453333e-07,0.0006666673333,4.444453333e-07
5362,0.0006666673333,4.444453333e-07,0.0006666673333,4.444453333e-07
5363,0,0,0,0
5364,0.0006666673333,4.444453333e-07,0.0006666673333,4.444453333e-07
5365,0,0,0,0
5366,0,0,0,0
5367,0,0,0,0
5368,0,0,0,0
5369,0.0006666673333,4.444453333e-07,0.0006666673333,4.444453333e-07
5370,0.0006666673333,4.444453333e-07,0.0006666673333,4.444453333e-07
5371,0,0,0,0
5372,0,0,0,0
5373,0,0,0,0
5374,0,0,0,0
5375,0,0,0,0
5376,0,0,0,0
5377,0.001333334667,8.888906667e-07,0.001333334667,8.888906667e-07
5378,0.001333334667,8.888906667e-07,0.001333334667,8.888906667e-07
5379,0.0006666673333,4.444453333e-07,0.0006666673333,4.444453333e-07
5380,0,0,0,0
5381,0.002000002,1.333336e-06,0.002000002,1.333336e-06
5382,0,0,0,0
5383,0.0015000015,1.138891167e-06,0.0015000015,1.138891167e-06
5384,0,0,0,0
5385,0.0006666673333,4.444453333e-07,0.0006666673333,4.444453333e-07
5386,0,0,0,0
5387,0,0,0,0
5388,0,0,0,0
5389,0.0006666673333,4.444453333e-07,0.0006666673333,4.444453333e-07
5390,0,0,0,0
5391,0,0,0,0
5392,0,0,0,0
5393,0,0,0,0
5394,0,0,0,0
5395,0.0006666673333,4.444453333e-07,0.0006666673333,4.444453333e-07
5396,0,0,0,0
5397,0.001333334667,8.888906667e-07,0.001333334667,8.888906667e-07
5398,0.001333334667,8.888906667e-07,0.001333334667,8.888906667e-07
5399,0.0006666673333,4.444453333e-07,0.0006666673333,4.444453333e-07
5400,0,0,0,0
5401,0,0,0,0
5402,0.0006666673333,4.444453333e-07,0.0006666673333,4.444453333e-07
5403,0,0,0,0
5404,0.001333334667,8.888906667e-07,0.001333334667,8.888906667e-07
5405,0,0,0,0
5406,0.0006666673333,4.444453333e-07,0.0006666673333,4.444453333e-07
5407,0,0,0,0
5408,0.0006666673333,4.444453333e-07,0.0006666673333,4.444453333e-07
5409,0.002000002,1.333336e-06,0.002000002,1.333336e-06
5410,0.0006666673333,4.444453333e-07,0.0006666673333,4.444453333e-07
5411,0.0006666673333,4.444453333e-07,0.0006666673333,4.444453333e-07
5412,0.0006666673333,4.444453333e-07,0.0006666673333,4.444453333e-07
5413,0,0,0,0
5414,0,0,0,0
5415,0,0,0,0
5416,0.001333334667,8.888906667e-07,0.001333334667,8.888906667e-07
5417,0,0,0,0
5418,0,0,0,0
5419,0,0,0,0
5420,0.0006666673333,4.444453333e-07,0.0006666673333,4.444453333e-07
5421,0.0006666673333,4.444453333e-07,0.0006666673333,4.444453333e-07
5422,0.0006666673333,4.444453333e-07,0.0006666673333,4.444453333e-07
5423,0,0,0,0
5424,0.0006666673333,4.444453333e-07,0.0006666673333,4.444453333e-07
5425,0.0006666673333,4.444453333e-07,0.0006666673333,4.444453333e-07
5426,0,0,0,0
5427,0.0006666673333,4.444453333e-07,0.0006666673333,4.444453333e-07
5428,0,0,0,0
5429,0.0006666673333,4.444453333e-07,0.0006666673333,4.444453333e-07
5430,0.0006666673333,4.444453333e-07,0.0006666673333,4.444453333e-07
5431,0.0006666673333,4.444453333e-07,0.0006666673333,4.444453333e-07
5432,0,0,0,0
5433,0.0006666673333,4.444453333e-07,0.0006666673333,4.444453333e-07
5434,0,0,0,0
5435,0,0,0,0
5436,0,0,0,0
5437,0.0006666673333,4.444453333e-07,0.0006666673333,4.444453333e-07
5438,0,0,0,0
5439,0,0,0,0
5440,0,0,0,0
5441,0,0,0,0
5442,0,0,0,0
5443,0,0,0,0
5444,0.0006666673333,4.444453333e-07,0.0006666673333,4.444453333e-07
5445,0,0,0,0
5446,0,0,0,0
5447,0,0,0,0
5448,0.0006666673333,4.444453333e-07,0.0006666673333,4.444453333e-07
5449,0,0,0,0
5450,0.0006666673333,4.444453333e-07,0.0006666673333,4.444453333e-07
5451,0,0,0,0
5452,0.001666668333,1.444447333e-06,0.001666668333,1.444447333e-06
5453,0.0007777785557,6.049394814e-07,0.0007777785557,6.049394814e-07
5454,0,0,0,0
5455,0,0,0,0
5456,0.0006666673333,4.444453333e-07,0.0006666673333,4.444453333e-07
5457,0.0006666673333,4.444453333e-07,0.0006666673333,4.444453333e-07
5458,0,0,0,0
5459,0.0006666673333,4.444453333e-07,0.0006666673333,4.444453333e-07
5460,0.0006666673333,4.444453333e-07,0.0006666673333,4.444453333e-07
5461,0,0,0,0
5462,0,0,0,0
5463,0,0,0,0
5464,0,0,0,0
5465,0,0,0,0
5466,0,0,0,0
5467,0,0,0,0
5468,0.0006666673333,4.444453333e-07,0.0006666673333,4.444453333e-07
5469,0.0006666673333,4.444453333e-07,0.0006666673333,4.444453333e-07
5470,0,0,0,0
5471,0,0,0,0
5472,0.0006666673333,4.444453333e-07,0.0006666673333,4.444453333e-07
5473,0,0,0,0
5474,0,0,0,0
5475,0.0006666673333,4.444453333e-07,0.0006666673333,4.444453333e-07
5476,0.0006666673333,4.444453333e-07,0.0006666673333,4.444453333e-07
5477,0,0,0,0
5478,0.0006666673333,4.444453333e-07,0.0006666673333,4.444453333e-07
5479,0,0,0,0
5480,0,0,0,0
5481,0.001333334667,8.888906667e-07,0.001333334667,8.888906667e-07
5482,0,0,0,0
5483,0.0006666673333,4.444453333e-07,0.0006666673333,4.444453333e-07
5484,0,0,0,0
5485,0,0,0,0
5486,0.0006666673333,4.444453333e-07,0.0006666673333,4.444453333e-07
5487,0.001333334667,8.888906667e-07,0.001333334667,8.888906667e-07
5488,0,0,0,0
5489,0,0,0,0
5490,0,0,0,0
5491,0.0006666673333,4.444453333e-07,0.0006666673333,4.444453333e-07
5492,0,0,0,0
5493,0,0,0,0
5494,0,0,0,0
5495,0,0,0,0
5496,0,0,0,0
5497,0,0,0,0
5498,0,0,0,0
5499,0,0,0,0
5500,0.0006666673333,4.444453333e-07,0.0006666673333,4.444453333e-07
5501,0,0,0,0
5502,0,0,0,0
5503,0,0,0,0
5504,0,0,0,0
5505,0,0,0,0
5506,0.0006666673333,4.444453333e-07,0.0006666673333,4.444453333e-07
5507,0.002000002,1.333336e-06,0.002000002,1.333336e-06
5508,0,0,0,0
5509,0.0006666673333,4.444453333e-07,0.0006666673333,4.444453333e-07
5510,0,0,0,0
5511,0,0,0,0
5512,0.0006666673333,4.444453333e-07,0.0006666673333,4.444453333e-07
5513,0.001333334667,8.888906667e-07,0.001333334667,8.888906667e-07
5514,0,0,0,0
5515,0.0006666673333,4.444453333e-07,0.0006666673333,4.444453333e-07
5516,0.0006666673333,4.444453333e-07,0.0006666673333,4.444453333e-07
5517,0.0006666673333,4.444453333e-07,0.0006666673333,4.444453333e-07
5518,0,0,0,0
5519,0.001333334667,8.888906667e-07,0.001333334667,8.888906667e-07
5520,0.0006666673333,4.444453333e-07,0.0006666673333,4.444453333e-07
5521,0,0,0,0
5522,0,0,0,0
5523,0.001333334667,8.888906667e-07,0.001333334667,8.888906667e-07
5524,0,0,0,0
5525,0.001333334667,8.888906667e-07,0.001333334667,8.888906667e-07
5526,0,0,0,0
5527,0,0,0,0
5528,0,0,0,0
5529,0,0,0,0
5530,0,0,0,0
5531,0.0006666673333,4.444453333e-07,0.0006666673333,4.444453333e-07
5532,0,0,0,0
5533,0,0,0,0
5534,0,0,0,0
5535,0,0,0,0
5536,0,0,0,0
5537,0.001333334667,8.888906667e-07,0.001333334667,8.888906667e-07
5538,0.0006666673333,4.444453333e-07,0.0006666673333,4.444453333e-07
5539,0,0,0,0
5540,0.0006666673333,4.444453333e-07,0.0006666673333,4.444453333e-07
5541,0,0,0,0
5542,0,0,0,0
5543,0,0,0,0
5544,0,0,0,0
5545,0.0006666673333,4.444453333e-07,0.0006666673333,4.444453333e-07
5546,0.0006666673333,4.444453333e-07,0.0006666673333,4.444453333e-07
5547,0,0,0,0
5548,0.001333334667,8.888906667e-07,0.001333334667,8.888906667e-07
5549,0,0,0,0
5550,0.0006666673333,4.444453333e-07,0.0006666673333,4.444453333e-07
5551,0,0,0,0
5552,0.0006666673333,4.444453333e-07,0.0006666673333,4.444453333e-07
5553,0,0,0,0
5554,0,0,0,0
5555,0.0006666673333,4.444453333e-07,0.0006666673333,4.444453333e-07
5556,0,0,0,0
5557,0,0,0,0
5558,0,0,0,0
5559,0.001333334667,8.888906667e-07,0.001333334667,8.888906667e-07
5560,0.001333334667,8.888906667e-07,0.001333334667,8.888906667e-07
5561,0.0006666673333,4.444453333e-07,0.0006666673333,4.444453333e-07
5562,0.0006666673333,4.444453333e-07,0.0006666673333,4.444453333e-07
5563,0,0,0,0
5564,0,0,0,0
5565,0.002000002,1.333336e-06,0.002000002,1.333336e-06
5566,0,0,0,0
5567,0,0,0,0
5568,0,0,0,0
5569,0.0006666673333,4.444453333e-07,0.0006666673333,4.444453333e-07
5570,0,0,0,0
5571,0,0,0,0
5572,0.0006666673333,4.444453333e-07,0.0006666673333,4.444453333e-07
5573,0,0,0,0
5574,0.0006666673333,4.444453333e-07,0.0006666673333,4.444453333e-07
5575,0.001333334667,8.888906667e-07,0.001333334667,8.888906667e-07
5576,0,0,0,0
5577,0,0,0,0
5578,0.001333334667,8.888906667e-07,0.001333334667,8.888906667e-07
5579,0,0,0,0
5580,0,0,0,0
5581,0,0,0,0
5582,0.001333334667,8.888906667e-07,0.001333334667,8.888906667e-07
5583,0.001333334667,8.888906667e-07,0.001333334667,8.888906667e-07
5584,0.002000002,1.333336e-06,0.002000002,1.333336e-06
5585,0,0,0,0
5586,0,0,0,0
5587,0.0006666673333,4.444453333e-07,0.0006666673333,4.444453333e-07
5588,0.0006666673333,4.444453333e-07,0.0006666673333,4.444453333e-07
5589,0.0006666673333,4.444453333e-07,0.0006666673333,4.444453333e-07
5590,0,0,0,0
5591,0,0,0,0
5592,0,0,0,0
5593,0,0,0,0
5594,0,0,0,0
5595,0,0,0,0
5596,0,0,0,0
5597,0,0,0,0
5598,0,0,0,0
5599,0.001333334667,8.888906667e-07,0.001333334667,8.888906667e-07
5600,0.0006666673333,4.444453333e-07,0.0006666673333,4.444453333e-07
5601,0,0,0,0
5602,0,0,0,0
5603,0,0,0,0
5604,0,0,0,0
5605,0.0006666673333,4.444453333e-07,0.0006666673333,4.444453333e-07
5606,0,0,0,0
5607,0,0,0,0
5608,0,0,0,0
5609,0,0,0,0
5610,0,0,0,0
5611,0.0006666673333,4.444453333e-07,0.0006666673333,4.444453333e-07
5612,0.002000002,1.333336e-06,0.002000002,1.333336e-06
5613,0.0006666673333,4.444453333e-07,0.0006666673333,4.444453333e-07
5614,0.002000002,1.333336e-06,0.002000002,1.333336e-06
5615,0,0,0,0
5616,0.0006666673333,4.444453333e-07,0.0006666673333,4.444453333e-07
5617,0,0,0,0
5618,0,0,0,0
5619,0,0,0,0
5620,0.002000002,1.333336e-06,0.002000002,1.333336e-06
5621,0,0,0,0
5622,0,0,0,0
5623,0,0,0,0
5624,0,0,0,0
5625,0,0,0,0
5626,0,0,0,0
5627,0.0006666673333,4.444453333e-07,0.0006666673333,4.444453333e-07
5628,0,0,0,0
5629,0.002000002,2.222226667e-06,0.002000002,2.222226667e-06
5630,0,0,0,0
5631,0,0,0,0
5632,0,0,0,0
5633,0,0,0,0
5634,0.0006666673333,4.444453333e-07,0.0006666673333,4.444453333e-07
5635,0,0,0,0
5636,0,0,0,0
5637,0.0006666673333,4.444453333e-07,0.0006666673333,4.444453333e-07
5638,0,0,0,0
5639,0,0,0,0
5640,0,0,0,0
5641,0.0006666673333,4.444453333e-07,0.0006666673333,4.444453333e-07
5642,0,0,0,0
5643,0.0006666673333,4.444453333e-07,0.0006666673333,4.444453333e-07
5644,0,0,0,0
5645,0.0006666673333,4.444453333e-07,0.0006666673333,4.444453333e-07
5646,0,0,0,0
5647,0.0006666673333,4.444453333e-07,0.0006666673333,4.444453333e-07
5648,0.0006666673333,4.444453333e-07,0.0006666673333,4.444453333e-07
5649,0.0006666673333,4.444453333e-07,0.0006666673333,4.444453333e-07
5650,0,0,0,0
5651,0,0,0,0
5652,0,0,0,0
5653,0,0,0,0
5654,0,0,0,0
5655,0.0006666673333,4.444453333e-07,0.0006666673333,4.444453333e-07
5656,0,0,0,0
5657,0.0006666673333,4.444453333e-07,0.0006666673333,4.444453333e-07
5658,0.0007619055237,5.805000272e-07,0.0007619055237,5.805000272e-07
5659,0,0,0,0
5660,0.0006666673333,4.444453333e-07,0.0006666673333,4.444453333e-07
5661,0,0,0,0
5662,0.0006666673333,4.444453333e-07,0.0006666673333,4.444453333e-07
5663,0.001000001,1.000002e-06,0.001000001,1.000002e-06
5664,0.0006666673333,4.444453333e-07,0.0006666673333,4.444453333e-07
5665,0.0006666673333,4.444453333e-07,0.0006666673333,4.444453333e-07
5666,0,0,0,0
5667,0,0,0,0
5668,0.0006666673333,4.444453333e-07,0.0006666673333,4.444453333e-07
5669,0.0006666673333,4.444453333e-07,0.0006666673333,4.444453333e-07
5670,0,0,0,0
5671,0,0,0,0
5672,0,0,0,0
5673,0,0,0,0
5674,0.0006666673333,4.444453333e-07,0.0006666673333,4.444453333e-07
5675,0,0,0,0
5676,0.002000002,1.333336e-06,0.002000002,1.333336e-06
5677,0,0,0,0
5678,0,0,0,0
5679,0.0006666673333,4.444453333e-07,0.0006666673333,4.444453333e-07
5680,0,0,0,0
5681,0,0,0,0
5682,0.0006666673333,4.444453333e-07,0.0006666673333,4.444453333e-07
5683,0,0,0,0
5684,0,0,0,0
5685,0,0,0,0
5686,0,0,0,0
5687,0,0,0,0
5688,0,0,0,0
5689,0,0,0,0
5690,0.0006666673333,4.444453333e-07,0.0006666673333,4.444453333e-07
5691,0,0,0,0
5692,0,0,0,0
5693,0,0,0,0
5694,0,0,0,0
5695,0,0,0,0
5696,0,0,0,0
5697,0,0,0,0
5698,0,0,0,0
5699,0,0,0,0
5700,0.001000001,1.000002e-06,0.001000001,1.000002e-06
5701,0.001333334667,8.888906667e-07,0.001333334667,8.888906667e-07
5702,0,0,0,0
5703,0.0006666673333,4.444453333e-07,0.0006666673333,4.444453333e-07
5704,0,0,0,0
5705,0,0,0,0
5706,0,0,0,0
5707,0,0,0,0
5708,0.0006666673333,4.444453333e-07,0.0006666673333,4.444453333e-07
5709,0,0,0,0
5710,0,0,0,0
5711,0,0,0,0
5712,0,0,0,0
5713,0,0,0,0
5714,0.002000002,1.333336e-06,0.002000002,1.333336e-06
5715,0,0,0,0
5716,0.0006666673333,4.444453333e-07,0.0006666673333,4.444453333e-07
5717,0,0,0,0
5718,0,0,0,0
5719,0.0006666673333,4.444453333e-07,0.0006666673333,4.444453333e-07
5720,0.0006666673333,4.444453333e-07,0.0006666673333,4.444453333e-07
5721,0.0006666673333,4.444453333e-07,0.0006666673333,4.444453333e-07
5722,0,0,0,0
5723,0,0,0,0
5724,0.001333334667,8.888906667e-07,0.001333334667,8.888906667e-07
5725,0.001333334667,8.888906667e-07,0.001333334667,8.888906667e-07
5726,0,0,0,0
5727,0.0006666673333,4.444453333e-07,0.0006666673333,4.444453333e-07
5728,0.001333334667,8.888906667e-07,0.001333334667,8.888906667e-07
5729,0,0,0,0
5730,0,0,0,0
5731,0,0,0,0
5732,0.0006666673333,4.444453333e-07,0.0006666673333,4.444453333e-07
5733,0,0,0,0
5734,0.0006666673333,4.444453333e-07,0.0006666673333,4.444453333e-07
5735,0,0,0,0
5736,0.0006666673333,4.444453333e-07,0.0006666673333,4.444453333e-07
5737,0.0006666673333,4.444453333e-07,0.0006666673333,4.444453333e-07
5738,0.0006666673333,4.444453333e-07,0.0006666673333,4.444453333e-07
5739,0,0,0,0
5740,0.0006666673333,4.444453333e-07,0.0006666673333,4.444453333e-07
5741,0,0,0,0
5742,0.0006666673333,4.444453333e-07,0.0006666673333,4.444453333e-07
5743,0,0,0,0
5744,0.0006666673333,4.444453333e-07,0.0006666673333,4.444453333e-07
5745,0,0,0,0
5746,0,0,0,0
5747,0,0,0,0
5748,0.0006666673333,4.444453333e-07,0.0006666673333,4.444453333e-07
5749,0,0,0,0
5750,0,0,0,0
5751,0.0006666673333,4.444453333e-07,0.0006666673333,4.444453333e-07
5752,0,0,0,0
5753,0.0006666673333,4.444453333e-07,0.0006666673333,4.444453333e-07
5754,0.0006666673333,4.444453333e-07,0.0006666673333,4.444453333e-07
5755,0,0,0,0
5756,0.0006666673333,4.444453333e-07,0.0006666673333,4.444453333e-07
5757,0,0,0,0
5758,0,0,0,0
5759,0.0006666673333,4.444453333e-07,0.0006666673333,4.444453333e-07
5760,0.0006666673333,4.444453333e-07,0.0006666673333,4.444453333e-07
5761,0,0,0,0
5762,0.0006666673333,4.444453333e-07,0.0006666673333,4.444453333e-07
5763,0.001333334667,8.888906667e-07,0.001333334667,8.888906667e-07
5764,0.001333334667,8.888906667e-07,0.001333334667,8.888906667e-07
5765,0,0,0,0
5766,0,0,0,0
5767,0.001333334667,8.888906667e-07,0.001333334667,8.888906667e-07
5768,0,0,0,0
5769,0.0006666673333,4.444453333e-07,0.0006666673333,4.444453333e-07
5770,0,0,0,0
5771,0,0,0,0
5772,0,0,0,0
5773,0,0,0,0
5774,0,0,0,0
5775,0,0,0,0
5776,0.001333334667,8.888906667e-07,0.001333334667,8.888906667e-07
5777,0,0,0,0
5778,0.0006666673333,4.444453333e-07,0.0006666673333,4.444453333e-07
5779,0.0006666673333,4.444453333e-07,0.0006666673333,4.444453333e-07
5780,0.0006666673333,4.444453333e-07,0.0006666673333,4.444453333e-07
5781,0.001333334667,8.888906667e-07,0.001333334667,8.888906667e-07
5782,0,0,0,0
5783,0,0,0,0
5784,0.0006666673333,4.444453333e-07,0.0006666673333,4.444453333e-07
5785,0,0,0,0
5786,0,0,0,0
5787,0,0,0,0
5788,0.0006666673333,4.444453333e-07,0.0006666673333,4.444453333e-07
5789,0,0,0,0
5790,0.001333334667,8.888906667e-07,0.001333334667,8.888906667e-07
5791,0.0006666673333,4.444453333e-07,0.0006666673333,4.444453333e-07
5792,0,0,0,0
5793,0,0,0,0
5794,0,0,0,0
5795,0,0,0,0
5796,0,0,0,0
5797,0.0006666673333,4.444453333e-07,0.0006666673333,4.444453333e-07
5798,0,0,0,0
5799,0,0,0,0
5800,0.0006666673333,4.444453333e-07,0.0006666673333,4.444453333e-07
5801,0.0006666673333,4.444453333e-07,0.0006666673333,4.444453333e-07
5802,0,0,0,0
5803,0,0,0,0
5804,0,0,0,0
5805,0,0,0,0
5806,0.001333334667,8.888906667e-07,0.001333334667,8.888906667e-07
5807,0,0,0,0
5808,0.001333334667,8.888906667e-07,0.001333334667,8.888906667e-07
5809,0,0,0,0
5810,0,0,0,0
5811,0.0006666673333,4.444453333e-07,0.0006666673333,4.444453333e-07
5812,0.0006666673333,4.444453333e-07,0.0006666673333,4.444453333e-07
5813,0,0,0,0
5814,0.0007777785557,6.049394814e-07,0.0007777785557,6.049394814e-07
5815,0,0,0,0
5816,0.0006666673333,4.444453333e-07,0.0006666673333,4.444453333e-07
5817,0,0,0,0
5818,0,0,0,0
5819,0,0,0,0
5820,0,0,0,0
5821,0,0,0,0
5822,0.001333334667,8.888906667e-07,0.001333334667,8.888906667e-07
5823,0,0,0,0
5824,0.0006666673333,4.444453333e-07,0.0006666673333,4.444453333e-07
5825,0,0,0,0
5826,0.0006666673333,4.444453333e-07,0.0006666673333,4.444453333e-07
5827,0,0,0,0
5828,0.001333334667,8.888906667e-07,0.001333334667,8.888906667e-07
5829,0.0006666673333,4.444453333e-07,0.0006666673333,4.444453333e-07
5830,0.0006666673333,4.444453333e-07,0.0006666673333,4.444453333e-07
5831,0,0,0,0
5832,0.001333334667,8.888906667e-07,0.001333334667,8.888906667e-07
5833,0,0,0,0
5834,0,0,0,0
5835,0.0006666673333,4.444453333e-07,0.0006666673333,4.444453333e-07
5836,0,0,0,0
5837,0,0,0,0
5838,0.0006666673333,4.444453333e-07,0.0006666673333,4.444453333e-07
5839,0,0,0,0
5840,0,0,0,0
5841,0.0006666673333,4.444453333e-07,0.0006666673333,4.444453333e-07
5842,0,0,0,0
5843,0.0006666673333,4.444453333e-07,0.0006666673333,4.444453333e-07
5844,0,0,0,0
5845,0,0,0,0
5846,0,0,0,0
5847,0,0,0,0
5848,0,0,0,0
5849,0,0,0,0
5850,0,0,0,0
5851,0.0006666673333,4.444453333e-07,0.0006666673333,4.444453333e-07
5852,0,0,0,0
5853,0,0,0,0
5854,0,0,0,0
5855,0,0,0,0
5856,0.0006666673333,4.444453333e-07,0.0006666673333,4.444453333e-07
5857,0,0,0,0
5858,0,0,0,0
5859,0,0,0,0
5860,0,0,0,0
5861,0,0,0,0
5862,0.002000002,1.333336e-06,0.002000002,1.333336e-06
5863,0.001333334667,8.888906667e-07,0.001333334667,8.888906667e-07
5864,0.0006666673333,4.444453333e-07,0.0006666673333,4.444453333e-07
5865,0.002666669333,1.777781333e-06,0.002666669333,1.777781333e-06
5866,0,0,0,0
5867,0.0006666673333,4.444453333e-07,0.0006666673333,4.444453333e-07
5868,0,0,0,0
5869,0,0,0,0
5870,0,0,0,0
5871,0.0006666673333,4.444453333e-07,0.0006666673333,4.444453333e-07
5872,0.0006666673333,4.444453333e-07,0.0006666673333,4.444453333e-07
5873,0.0006666673333,4.444453333e-07,0.0006666673333,4.444453333e-07
5874,0.0006666673333,4.444453333e-07,0.0006666673333,4.444453333e-07
5875,0,0,0,0
5876,0.0006666673333,4.444453333e-07,0.0006666673333,4.444453333e-07
5877,0,0,0,0
5878,0.0006666673333,4.444453333e-07,0.0006666673333,4.444453333e-07
5879,0,0,0,0
5880,0,0,0,0
5881,0,0,0,0
5882,0,0,0,0
5883,0.0006666673333,4.444453333e-07,0.0006666673333,4.444453333e-07
5884,0.0006666673333,4.444453333e-07,0.0006666673333,4.444453333e-07
5885,0.0006666673333,4.444453333e-07,0.0006666673333,4.444453333e-07
5886,0.0006666673333,4.444453333e-07,0.0006666673333,4.444453333e-07
5887,0,0,0,0
5888,0.0006666673333,4.444453333e-07,0.0006666673333,4.444453333e-07
5889,0,0,0,0
5890,0.0006666673333,4.444453333e-07,0.0006666673333,4.444453333e-07
5891,0.0006666673333,4.444453333e-07,0.0006666673333,4.444453333e-07
5892,0,0,0,0
5893,0.001333334667,1.777781333e-06,0.001333334667,1.777781333e-06
5894,0.001333334667,8.888906667e-07,0.001333334667,8.888906667e-07
5895,0,0,0,0
5896,0,0,0,0
5897,0.0006666673333,4.444453333e-07,0.0006666673333,4.444453333e-07
5898,0,0,0,0
5899,0.001333334667,8.888906667e-07,0.001333334667,8.888906667e-07
5900,0,0,0,0
5901,0.0006666673333,4.444453333e-07,0.0006666673333,4.444453333e-07
5902,0.0006666673333,4.444453333e-07,0.0006666673333,4.444453333e-07
5903,0,0,0,0
5904,0.0006666673333,4.444453333e-07,0.0006666673333,4.444453333e-07
5905,0,0,0,0
5906,0,0,0,0
5907,0.0006666673333,4.444453333e-07,0.0006666673333,4.444453333e-07
5908,0,0,0,0
5909,0,0,0,0
5910,0.0006666673333,4.444453333e-07,0.0006666673333,4.444453333e-07
5911,0,0,0,0
5912,0,0,0,0
5913,0,0,0,0
5914,0.0006666673333,4.444453333e-07,0.0006666673333,4.444453333e-07
5915,0,0,0,0
5916,0,0,0,0
5917,0.0006666673333,4.444453333e-07,0.0006666673333,4.444453333e-07
5918,0,0,0,0
5919,0.0006666673333,4.444453333e-07,0.0006666673333,4.444453333e-07
5920,0,0,0,0
5921,0.0006666673333,4.444453333e-07,0.0006666673333,4.444453333e-07
5922,0.0006666673333,4.444453333e-07,0.0006666673333,4.444453333e-07
5923,0,0,0,0
5924,0.0006666673333,4.444453333e-07,0.0006666673333,4.444453333e-07
5925,0.0006666673333,4.444453333e-07,0.0006666673333,4.444453333e-07
5926,0,0,0,0
5927,0,0,0,0
5928,0,0,0,0
5929,0.0006666673333,4.444453333e-07,0.0006666673333,4.444453333e-07
5930,0,0,0,0
5931,0.001333334667,1.777781333e-06,0.001333334667,1.777781333e-06
5932,0.0006666673333,4.444453333e-07,0.0006666673333,4.444453333e-07
5933,0,0,0,0
5934,0,0,0,0
5935,0.0006666673333,4.444453333e-07,0.0006666673333,4.444453333e-07
5936,0.0006666673333,4.444453333e-07,0.0006666673333,4.444453333e-07
5937,0,0,0,0
5938,0.0006666673333,4.444453333e-07,0.0006666673333,4.444453333e-07
5939,0.0006666673333,4.444453333e-07,0.0006666673333,4.444453333e-07
5940,0,0,0,0
5941,0,0,0,0
5942,0,0,0,0
5943,0.0006666673333,4.444453333e-07,0.0006666673333,4.444453333e-07
5944,0,0,0,0
5945,0,0,0,0
5946,0,0,0,0
5947,0,0,0,0
5948,0.0006666673333,4.444453333e-07,0.0006666673333,4.444453333e-07
5949,0.0006666673333,4.444453333e-07,0.0006666673333,4.444453333e-07
5950,0.0006666673333,4.444453333e-07,0.0006666673333,4.444453333e-07
5951,0.001333334667,8.888906667e-07,0.001333334667,8.888906667e-07
5952,0,0,0,0
5953,0,0,0,0
5954,0.001333334667,8.888906667e-07,0.001333334667,8.888906667e-07
5955,0,0,0,0
5956,0,0,0,0
5957,0.0006666673333,4.444453333e-07,0.0006666673333,4.444453333e-07
5958,0.001333334667,8.888906667e-07,0.001333334667,8.888906667e-07
5959,0,0,0,0
5960,0,0,0,0
5961,0,0,0,0
5962,0,0,0,0
5963,0,0,0,0
5964,0.001333334667,8.888906667e-07,0.001333334667,8.888906667e-07
5965,0,0,0,0
5966,0,0,0,0
5967,0,0,0,0
5968,0,0,0,0
5969,0,0,0,0
5970,0.0006666673333,4.444453333e-07,0.0006666673333,4.444453333e-07
5971,0,0,0,0
5972,0.0006666673333,4.444453333e-07,0.0006666673333,4.444453333e-07
5973,0,0,0,0
5974,0,0,0,0
5975,0,0,0,0
5976,0.0006666673333,4.444453333e-07,0.0006666673333,4.444453333e-07
5977,0,0,0,0
5978,0.001333334667,8.888906667e-07,0.001333334667,8.888906667e-07
5979,0,0,0,0
5980,0,0,0,0
5981,0.0006666673333,4.444453333e-07,0.0006666673333,4.444453333e-07
5982,0.0006666673333,4.444453333e-07,0.0006666673333,4.444453333e-07
5983,0,0,0,0
5984,0,0,0,0
5985,0,0,0,0
5986,0.0006666673333,4.444453333e-07,0.0006666673333,4.444453333e-07
5987,0,0,0,0
5988,0.001333334667,8.888906667e-07,0.001333334667,8.888906667e-07
5989,0.001333334667,8.888906667e-07,0.001333334667,8.888906667e-07
5990,0.0006666673333,4.444453333e-07,0.0006666673333,4.444453333e-07
5991,0,0,0,0
5992,0,0,0,0
5993,0.0006666673333,4.444453333e-07,0.0006666673333,4.444453333e-07
5994,0,0,0,0
5995,0,0,0,0
5996,0,0,0,0
5997,0.0006666673333,4.444453333e-07,0.0006666673333,4.444453333e-07
5998,0.0006666673333,4.444453333e-07,0.0006666673333,4.444453333e-07
5999,0,0,0,0
6000,0.0006666673333,4.444453333e-07,0.0006666673333,4.444453333e-07
6001,0,0,0,0
6002,0,0,0,0
6003,0.0006666673333,4.444453333e-07,0.0006666673333,4.444453333e-07
6004,0,0,0,0
6005,0,0,0,0
6006,0,0,0,0
6007,0,0,0,0
6008,0.0006666673333,4.444453333e-07,0.0006666673333,4.444453333e-07
6009,0.0006666673333,4.444453333e-07,0.0006666673333,4.444453333e-07
6010,0,0,0,0
6011,0,0,0,0
6012,0.001333334667,8.888906667e-07,0.001333334667,8.888906667e-07
6013,0,0,0,0
6014,0,0,0,0
6015,0,0,0,0
6016,0,0,0,0
6017,0,0,0,0
6018,0.0006666673333,4.444453333e-07,0.0006666673333,4.444453333e-07
6019,0,0,0,0
6020,0,0,0,0
6021,0.0006666673333,4.444453333e-07,0.0006666673333,4.444453333e-07
6022,0,0,0,0
6023,0,0,0,0
6024,0,0,0,0
6025,0,0,0,0
6026,0.0006666673333,4.444453333e-07,0.0006666673333,4.444453333e-07
6027,0.0006666673333,4.444453333e-07,0.0006666673333,4.444453333e-07
6028,0,0,0,0
6029,0,0,0,0
6030,0,0,0,0
6031,0,0,0,0
6032,0.0006666673333,4.444453333e-07,0.0006666673333,4.444453333e-07
6033,0,0,0,0
6034,0.0006666673333,4.444453333e-07,0.0006666673333,4.444453333e-07
6035,0,0,0,0
6036,0.0006666673333,4.444453333e-07,0.0006666673333,4.444453333e-07
6037,0.0006666673333,4.444453333e-07,0.0006666673333,4.444453333e-07
6038,0,0,0,0
6039,0,0,0,0
6040,0.0006666673333,4.444453333e-07,0.0006666673333,4.444453333e-07
6041,0,0,0,0
6042,0.001333334667,8.888906667e-07,0.001333334667,8.888906667e-07
6043,0.0006666673333,4.444453333e-07,0.0006666673333,4.444453333e-07
6044,0.0006666673333,4.444453333e-07,0.0006666673333,4.444453333e-07
6045,0.0006666673333,4.444453333e-07,0.0006666673333,4.444453333e-07
6046,0.0006666673333,4.444453333e-07,0.0006666673333,4.444453333e-07
6047,0.001333334667,8.888906667e-07,0.001333334667,8.888906667e-07
6048,0,0,0,0
6049,0.0006666673333,4.444453333e-07,0.0006666673333,4.444453333e-07
6050,0,0,0,0
6051,0,0,0,0
6052,0.0006666673333,4.444453333e-07,0.0006666673333,4.444453333e-07
6053,0,0,0,0
6054,0.0006666673333,4.444453333e-07,0.0006666673333,4.444453333e-07
6055,0,0,0,0
6056,0.0006666673333,4.444453333e-07,0.0006666673333,4.444453333e-07
6057,0.0006666673333,4.444453333e-07,0.0006666673333,4.444453333e-07
6058,0,0,0,0
6059,0,0,0,0
6060,0,0,0,0
6061,0.0006666673333,4.444453333e-07,0.0006666673333,4.444453333e-07
6062,0,0,0,0
6063,0.0006666673333,4.444453333e-07,0.0006666673333,4.444453333e-07
6064,0,0,0,0
6065,0.0006666673333,4.444453333e-07,0.0006666673333,4.444453333e-07
6066,0.0006666673333,4.444453333e-07,0.0006666673333,4.444453333e-07
6067,0.0006666673333,4.444453333e-07,0.0006666673333,4.444453333e-07
6068,0,0,0,0
6069,0,0,0,0
6070,0.0006666673333,4.444453333e-07,0.0006666673333,4.444453333e-07
6071,0.0006666673333,4.444453333e-07,0.0006666673333,4.444453333e-07
6072,0.0006666673333,4.444453333e-07,0.0006666673333,4.444453333e-07
6073,0.002000002,1.333336e-06,0.002000002,1.333336e-06
6074,0,0,0,0
6075,0,0,0,0
6076,0,0,0,0
6077,0,0,0,0
6078,0.0006666673333,4.444453333e-07,0.0006666673333,4.444453333e-07
6079,0.0006666673333,4.444453333e-07,0.0006666673333,4.444453333e-07
6080,0.001333334667,8.888906667e-07,0.001333334667,8.888906667e-07
6081,0.0006666673333,4.444453333e-07,0.0006666673333,4.444453333e-07
6082,0.0006666673333,4.444453333e-07,0.0006666673333,4.444453333e-07
6083,0.001333334667,8.888906667e-07,0.001333334667,8.888906667e-07
6084,0,0,0,0
6085,0,0,0,0
6086,0.0006666673333,4.444453333e-07,0.0006666673333,4.444453333e-07
6087,0.0006666673333,4.444453333e-07,0.0006666673333,4.444453333e-07
6088,0,0,0,0
6089,0.0006666673333,4.444453333e-07,0.0006666673333,4.444453333e-07
6090,0,0,0,0
6091,0.001333334667,8.888906667e-07,0.001333334667,8.888906667e-07
6092,0.001333334667,8.888906667e-07,0.001333334667,8.888906667e-07
6093,0,0,0,0
6094,0.0006666673333,4.444453333e-07,0.0006666673333,4.444453333e-07
6095,0,0,0,0
6096,0.001333334667,8.888906667e-07,0.001333334667,8.888906667e-07
6097,0,0,0,0
6098,0.0006666673333,4.444453333e-07,0.0006666673333,4.444453333e-07
6099,0,0,0,0
6100,0,0,0,0
6101,0.0006666673333,4.444453333e-07,0.0006666673333,4.444453333e-07
6102,0.001333334667,8.888906667e-07,0.001333334667,8.888906667e-07
6103,0,0,0,0
6104,0,0,0,0
6105,0,0,0,0
6106,0,0,0,0
6107,0.0006666673333,4.444453333e-07,0.0006666673333,4.444453333e-07
6108,0.001333334667,8.888906667e-07,0.001333334667,8.888906667e-07
6109,0,0,0,0
6110,0.002000002,1.333336e-06,0.002000002,1.333336e-06
6111,0,0,0,0
6112,0,0,0,0
6113,0.0006666673333,4.444453333e-07,0.0006666673333,4.444453333e-07
6114,0.001333334667,8.888906667e-07,0.001333334667,8.888906667e-07
6115,0,0,0,0
6116,0,0,0,0
6117,0,0,0,0
6118,0,0,0,0
6119,0,0,0,0
6120,0,0,0,0
6121,0.0006666673333,4.444453333e-07,0.0006666673333,4.444453333e-07
6122,0.0006666673333,4.444453333e-07,0.0006666673333,4.444453333e-07
6123,0.0008888897777,7.90125037e-07,0.0008888897777,7.90125037e-07
6124,0.0006666673333,4.444453333e-07,0.0006666673333,4.444453333e-07
6125,0,0,0,0
6126,0.0006666673333,4.444453333e-07,0.0006666673333,4.444453333e-07
6127,0,0,0,0
6128,0.0006666673333,4.444453333e-07,0.0006666673333,4.444453333e-07
6129,0,0,0,0
6130,0,0,0,0
6131,0,0,0,0
6132,0,0,0,0
6133,0,0,0,0
6134,0,0,0,0
6135,0,0,0,0
6136,0,0,0,0
6137,0,0,0,0
6138,0,0,0,0
6139,0.0006666673333,4.444453333e-07,0.0006666673333,4.444453333e-07
6140,0,0,0,0
6141,0,0,0,0
6142,0,0,0,0
6143,0,0,0,0
6144,0,0,0,0
6145,0,0,0,0
6146,0.0006666673333,4.444453333e-07,0.0006666673333,4.444453333e-07
6147,0,0,0,0
6148,0,0,0,0
6149,0.0006666673333,4.444453333e-07,0.0006666673333,4.444453333e-07
6150,0.0006666673333,4.444453333e-07,0.0006666673333,4.444453333e-07
6151,0,0,0,0
6152,0.001111112222,1.23457037e-06,0.001111112222,1.23457037e-06
6153,0.0006666673333,4.444453333e-07,0.0006666673333,4.444453333e-07
6154,0,0,0,0
6155,0,0,0,0
6156,0,0,0,0
6157,0.0006666673333,4.444453333e-07,0.0006666673333,4.444453333e-07
6158,0.001333334667,8.888906667e-07,0.001333334667,8.888906667e-07
6159,0,0,0,0
6160,0,0,0,0
6161,0.0006666673333,4.444453333e-07,0.0006666673333,4.444453333e-07
6162,0.0006666673333,4.444453333e-07,0.0006666673333,4.444453333e-07
6163,0,0,0,0
6164,0,0,0,0
6165,0,0,0,0
6166,0,0,0,0
6167,0,0,0,0
6168,0.0006666673333,4.444453333e-07,0.0006666673333,4.444453333e-07
6169,0.0006666673333,4.444453333e-07,0.0006666673333,4.444453333e-07
6170,0.0006666673333,4.444453333e-07,0.0006666673333,4.444453333e-07
6171,0,0,0,0
6172,0,0,0,0
6173,0,0,0,0
6174,0.0006666673333,4.444453333e-07,0.0006666673333,4.444453333e-07
6175,0,0,0,0
6176,0.0006666673333,4.444453333e-07,0.0006666673333,4.444453333e-07
6177,0.001333334667,8.888906667e-07,0.001333334667,8.888906667e-07
6178,0,0,0,0
6179,0,0,0,0
6180,0.001333334667,8.888906667e-07,0.001333334667,8.888906667e-07
6181,0.0006666673333,4.444453333e-07,0.0006666673333,4.444453333e-07
6182,0,0,0,0
6183,0,0,0,0
6184,0.0006666673333,4.444453333e-07,0.0006666673333,4.444453333e-07
6185,0.0006666673333,4.444453333e-07,0.0006666673333,4.444453333e-07
6186,0.0006666673333,4.444453333e-07,0.0006666673333,4.444453333e-07
6187,0.001333334667,8.888906667e-07,0.001333334667,8.888906667e-07
6188,0,0,0,0
6189,0,0,0,0
6190,0.0006666673333,4.444453333e-07,0.0006666673333,4.444453333e-07
6191,0.0006666673333,4.444453333e-07,0.0006666673333,4.444453333e-07
6192,0.0006666673333,4.444453333e-07,0.0006666673333,4.444453333e-07
6193,0.0006666673333,4.444453333e-07,0.0006666673333,4.444453333e-07
6194,0.0006666673333,4.444453333e-07,0.0006666673333,4.444453333e-07
6195,0.0006666673333,4.444453333e-07,0.0006666673333,4.444453333e-07
6196,0,0,0,0
6197,0,0,0,0
6198,0.0006666673333,4.444453333e-07,0.0006666673333,4.444453333e-07
6199,0.0006666673333,4.444453333e-07,0.0006666673333,4.444453333e-07
6200,0,0,0,0
6201,0,0,0,0
6202,0,0,0,0
6203,0,0,0,0
6204,0,0,0,0
6205,0.001333334667,8.888906667e-07,0.001333334667,8.888906667e-07
6206,0.0006666673333,4.444453333e-07,0.0006666673333,4.444453333e-07
6207,0.0006666673333,4.444453333e-07,0.0006666673333,4.444453333e-07
6208,0,0,0,0
6209,0.0006666673333,4.444453333e-07,0.0006666673333,4.444453333e-07
6210,0,0,0,0
6211,0,0,0,0
6212,0,0,0,0
6213,0.0006666673333,4.444453333e-07,0.0006666673333,4.444453333e-07
6214,0.0006666673333,4.444453333e-07,0.0006666673333,4.444453333e-07
6215,0,0,0,0
6216,0.001000001,1.000002e-06,0.001000001,1.000002e-06
6217,0.001333334667,8.888906667e-07,0.001333334667,8.888906667e-07
6218,0.0006666673333,4.444453333e-07,0.0006666673333,4.444453333e-07
6219,0.001333334667,8.888906667e-07,0.001333334667,8.888906667e-07
6220,0,0,0,0
6221,0.0006666673333,4.444453333e-07,0.0006666673333,4.444453333e-07
6222,0.001333334667,8.888906667e-07,0.001333334667,8.888906667e-07
6223,0.0006666673333,4.444453333e-07,0.0006666673333,4.444453333e-07
6224,0.0006666673333,4.444453333e-07,0.0006666673333,4.444453333e-07
6225,0.0006666673333,4.444453333e-07,0.0006666673333,4.444453333e-07
6226,0.001333334667,8.888906667e-07,0.001333334667,8.888906667e-07
6227,0.0006666673333,4.444453333e-07,0.0006666673333,4.444453333e-07
6228,0,0,0,0
6229,0.0006666673333,4.444453333e-07,0.0006666673333,4.444453333e-07
6230,0.0006666673333,4.444453333e-07,0.0006666673333,4.444453333e-07
6231,0.0006666673333,4.444453333e-07,0.0006666673333,4.444453333e-07
6232,0,0,0,0
6233,0.0006666673333,4.444453333e-07,0.0006666673333,4.444453333e-07
6234,0.0006666673333,4.444453333e-07,0.0006666673333,4.444453333e-07
6235,0,0,0,0
6236,0,0,0,0
6237,0,0,0,0
6238,0,0,0,0
6239,0,0,0,0
6240,0,0,0,0
6241,0.001333334667,8.888906667e-07,0.001333334667,8.888906667e-07
6242,0,0,0,0
6243,0,0,0,0
6244,0,0,0,0
6245,0,0,0,0
6246,0,0,0,0
6247,0.0006666673333,4.444453333e-07,0.0006666673333,4.444453333e-07
6248,0.0006666673333,4.444453333e-07,0.0006666673333,4.444453333e-07
6249,0,0,0,0
6250,0,0,0,0
6251,0.001333334667,8.888906667e-07,0.001333334667,8.888906667e-07
6252,0,0,0,0
6253,0,0,0,0
6254,0,0,0,0
6255,0.001333334667,8.888906667e-07,0.001333334667,8.888906667e-07
6256,0.0006666673333,4.444453333e-07,0.0006666673333,4.444453333e-07
6257,0.0006666673333,4.444453333e-07,0.0006666673333,4.444453333e-07
6258,0.0006666673333,4.444453333e-07,0.0006666673333,4.444453333e-07
6259,0,0,0,0
6260,0,0,0,0
6261,0,0,0,0
6262,0.001333334667,8.888906667e-07,0.001333334667,8.888906667e-07
6263,0.001333334667,8.888906667e-07,0.001333334667,8.888906667e-07
6264,0,0,0,0
6265,0.0006666673333,4.444453333e-07,0.0006666673333,4.444453333e-07
6266,0,0,0,0
6267,0.0006666673333,4.444453333e-07,0.0006666673333,4.444453333e-07
6268,0,0,0,0
6269,0.001333334667,8.888906667e-07,0.001333334667,8.888906667e-07
6270,0,0,0,0
6271,0.0006666673333,4.444453333e-07,0.0006666673333,4.444453333e-07
6272,0,0,0,0
6273,0,0,0,0
6274,0.0006666673333,4.444453333e-07,0.0006666673333,4.444453333e-07
6275,0,0,0,0
6276,0.0006666673333,4.444453333e-07,0.0006666673333,4.444453333e-07
6277,0,0,0,0
6278,0.001333334667,8.888906667e-07,0.001333334667,8.888906667e-07
6279,0,0,0,0
6280,0.0006666673333,4.444453333e-07,0.0006666673333,4.444453333e-07
6281,0,0,0,0
6282,0,0,0,0
6283,0,0,0,0
6284,0.0006666673333,4.444453333e-07,0.0006666673333,4.444453333e-07
6285,0,0,0,0
6286,0,0,0,0
6287,0,0,0,0
6288,0.0006666673333,4.444453333e-07,0.0006666673333,4.444453333e-07
6289,0,0,0,0
6290,0.001333334667,8.888906667e-07,0.001333334667,8.888906667e-07
6291,0.0006666673333,4.444453333e-07,0.0006666673333,4.444453333e-07
6292,0,0,0,0
6293,0,0,0,0
6294,0.001333334667,8.888906667e-07,0.001333334667,8.888906667e-07
6295,0,0,0,0
6296,0.0006666673333,4.444453333e-07,0.0006666673333,4.444453333e-07
6297,0.0006666673333,4.444453333e-07,0.0006666673333,4.444453333e-07
6298,0,0,0,0
6299,0,0,0,0
6300,0.0006666673333,4.444453333e-07,0.0006666673333,4.444453333e-07
6301,0,0,0,0
6302,0,0,0,0
6303,0.0006666673333,4.444453333e-07,0.0006666673333,4.444453333e-07
6304,0.0006666673333,4.444453333e-07,0.0006666673333,4.444453333e-07
6305,0,0,0,0
6306,0,0,0,0
6307,0,0,0,0
6308,0.0006666673333,4.444453333e-07,0.0006666673333,4.444453333e-07
6309,0,0,0,0
6310,0,0,0,0
6311,0,0,0,0
6312,0,0,0,0
6313,0.0006666673333,4.444453333e-07,0.0006666673333,4.444453333e-07
6314,0,0,0,0
6315,0,0,0,0
6316,0,0,0,0
6317,0,0,0,0
6318,0,0,0,0
6319,0,0,0,0
6320,0.001333334667,8.888906667e-07,0.001333334667,8.888906667e-07
6321,0,0,0,0
6322,0.0006666673333,4.444453333e-07,0.0006666673333,4.444453333e-07
6323,0,0,0,0
6324,0,0,0,0
6325,0.0006666673333,4.444453333e-07,0.0006666673333,4.444453333e-07
6326,0.0006666673333,4.444453333e-07,0.0006666673333,4.444453333e-07
6327,0,0,0,0
6328,0,0,0,0
6329,0.001333334667,8.888906667e-07,0.001333334667,8.888906667e-07
6330,0,0,0,0
6331,0,0,0,0
6332,0.0006666673333,4.444453333e-07,0.0006666673333,4.444453333e-07
6333,0,0,0,0
6334,0,0,0,0
6335,0,0,0,0
6336,0,0,0,0
6337,0,0,0,0
6338,0.0006666673333,4.444453333e-07,0.0006666673333,4.444453333e-07
6339,0,0,0,0
6340,0,0,0,0
6341,0,0,0,0
6342,0,0,0,0
6343,0,0,0,0
6344,0,0,0,0
6345,0,0,0,0
6346,0.0006666673333,4.444453333e-07,0.0006666673333,4.444453333e-07
6347,0.0006666673333,4.444453333e-07,0.0006666673333,4.444453333e-07
6348,0,0,0,0
6349,0,0,0,0
6350,0.0006666673333,4.444453333e-07,0.0006666673333,4.444453333e-07
6351,0,0,0,0
6352,0.0006666673333,4.444453333e-07,0.0006666673333,4.444453333e-07
6353,0,0,0,0
6354,0,0,0,0
6355,0,0,0,0
6356,0.0006666673333,4.444453333e-07,0.0006666673333,4.444453333e-07
6357,0.001333334667,8.888906667e-07,0.001333334667,8.888906667e-07
6358,0,0,0,0
6359,0,0,0,0
6360,0,0,0,0
6361,0,0,0,0
6362,0,0,0,0
6363,0,0,0,0
6364,0.0006666673333,4.444453333e-07,0.0006666673333,4.444453333e-07
6365,0,0,0,0
6366,0.0006666673333,4.444453333e-07,0.0006666673333,4.444453333e-07
6367,0.0006666673333,4.444453333e-07,0.0006666673333,4.444453333e-07
6368,0,0,0,0
6369,0,0,0,0
6370,0,0,0,0
6371,0,0,0,0
6372,0,0,0,0
6373,0.0006666673333,4.444453333e-07,0.0006666673333,4.444453333e-07
6374,0.0006666673333,4.444453333e-07,0.0006666673333,4.444453333e-07
6375,0.0006666673333,4.444453333e-07,0.0006666673333,4.444453333e-07
6376,0.0006666673333,4.444453333e-07,0.0006666673333,4.444453333e-07
6377,0,0,0,0
6378,0.0006666673333,4.444453333e-07,0.0006666673333,4.444453333e-07
6379,0.0006666673333,4.444453333e-07,0.0006666673333,4.444453333e-07
6380,0.0006666673333,4.444453333e-07,0.0006666673333,4.444453333e-07
6381,0.0006666673333,4.444453333e-07,0.0006666673333,4.444453333e-07
6382,0,0,0,0
6383,0.0006666673333,4.444453333e-07,0.0006666673333,4.444453333e-07
6384,0,0,0,0
6385,0,0,0,0
6386,0.001333334667,8.888906667e-07,0.001333334667,8.888906667e-07
6387,0,0,0,0
6388,0,0,0,0
6389,0,0,0,0
6390,0.0006666673333,4.444453333e-07,0.0006666673333,4.444453333e-07
6391,0.001333334667,8.888906667e-07,0.001333334667,8.888906667e-07
6392,0,0,0,0
6393,0.002000002,1.333336e-06,0.002000002,1.333336e-06
6394,0.0006666673333,4.444453333e-07,0.0006666673333,4.444453333e-07
6395,0,0,0,0
6396,0,0,0,0
6397,0,0,0,0
6398,0.0006666673333,4.444453333e-07,0.0006666673333,4.444453333e-07
6399,0,0,0,0
6400,0,0,0,0
6401,0.0006666673333,4.444453333e-07,0.0006666673333,4.444453333e-07
6402,0,0,0,0
6403,0.0006666673333,4.444453333e-07,0.0006666673333,4.444453333e-07
6404,0,0,0,0
6405,0.002000002,1.333336e-06,0.002000002,1.333336e-06
6406,0,0,0,0
6407,0.001333334667,8.888906667e-07,0.001333334667,8.888906667e-07
6408,0,0,0,0
6409,0.0006666673333,4.444453333e-07,0.0006666673333,4.444453333e-07
6410,0,0,0,0
6411,0.001333334667,8.888906667e-07,0.001333334667,8.888906667e-07
6412,0.0006666673333,4.444453333e-07,0.0006666673333,4.444453333e-07
6413,0,0,0,0
6414,0,0,0,0
6415,0.0006666673333,4.444453333e-07,0.0006666673333,4.444453333e-07
6416,0.0006666673333,4.444453333e-07,0.0006666673333,4.444453333e-07
6417,0,0,0,0
6418,0.0006666673333,4.444453333e-07,0.0006666673333,4.444453333e-07
6419,0.0006666673333,4.444453333e-07,0.0006666673333,4.444453333e-07
6420,0.0006666673333,4.444453333e-07,0.0006666673333,4.444453333e-07
6421,0,0,0,0
6422,0,0,0,0
6423,0,0,0,0
6424,0,0,0,0
6425,0,0,0,0
6426,0.002666669333,1.777781333e-06,0.002666669333,1.777781333e-06
6427,0.0006666673333,4.444453333e-07,0.0006666673333,4.444453333e-07
6428,0,0,0,0
6429,0,0,0,0
6430,0,0,0,0
6431,0.0006666673333,4.444453333e-07,0.0006666673333,4.444453333e-07
6432,0,0,0,0
6433,0.001333334667,8.888906667e-07,0.001333334667,8.888906667e-07
6434,0.0006666673333,4.444453333e-07,0.0006666673333,4.444453333e-07
6435,0,0,0,0
6436,0.0006666673333,4.444453333e-07,0.0006666673333,4.444453333e-07
6437,0.0006666673333,4.444453333e-07,0.0006666673333,4.444453333e-07
6438,0.0006666673333,4.444453333e-07,0.0006666673333,4.444453333e-07
6439,0,0,0,0
6440,0.0006666673333,4.444453333e-07,0.0006666673333,4.444453333e-07
6441,0,0,0,0
6442,0,0,0,0
6443,0.001333334667,8.888906667e-07,0.001333334667,8.888906667e-07
6444,0,0,0,0
6445,0,0,0,0
6446,0,0,0,0
6447,0,0,0,0
6448,0,0,0,0
6449,0,0,0,0
6450,0.0006666673333,4.444453333e-07,0.0006666673333,4.444453333e-07
6451,0,0,0,0
6452,0,0,0,0
6453,0,0,0,0
6454,0,0,0,0
6455,0.0006666673333,4.444453333e-07,0.0006666673333,4.444453333e-07
6456,0,0,0,0
6457,0.0006666673333,4.444453333e-07,0.0006666673333,4.444453333e-07
6458,0,0,0,0
6459,0,0,0,0
6460,0,0,0,0
6461,0.0006666673333,4.444453333e-07,0.0006666673333,4.444453333e-07
6462,0,0,0,0
6463,0.0006666673333,4.444453333e-07,0.0006666673333,4.444453333e-07
6464,0,0,0,0
6465,0,0,0,0
6466,0.0006666673333,4.444453333e-07,0.0006666673333,4.444453333e-07
6467,0,0,0,0
6468,0,0,0,0
6469,0,0,0,0
6470,0,0,0,0
6471,0,0,0,0
6472,0,0,0,0
6473,0,0,0,0
6474,0.0006666673333,4.444453333e-07,0.0006666673333,4.444453333e-07
6475,0,0,0,0
6476,0,0,0,0
6477,0.0006666673333,4.444453333e-07,0.0006666673333,4.444453333e-07
6478,0,0,0,0
6479,0.002000002,1.333336e-06,0.002000002,1.333336e-06
6480,0,0,0,0
6481,0.0006666673333,4.444453333e-07,0.0006666673333,4.444453333e-07
6482,0,0,0,0
6483,0,0,0,0
6484,0.0006666673333,4.444453333e-07,0.0006666673333,4.444453333e-07
6485,0.0006666673333,4.444453333e-07,0.0006666673333,4.444453333e-07
6486,0.0006666673333,4.444453333e-07,0.0006666673333,4.444453333e-07
6487,0.002000002,1.333336e-06,0.002000002,1.333336e-06
6488,0,0,0,0
6489,0,0,0,0
6490,0.0006666673333,4.444453333e-07,0.0006666673333,4.444453333e-07
6491,0,0,0,0
6492,0.001333334667,8.888906667e-07,0.001333334667,8.888906667e-07
6493,0,0,0,0
6494,0,0,0,0
6495,0,0,0,0
6496,0,0,0,0
6497,0,0,0,0
6498,0,0,0,0
6499,0.001333334667,8.888906667e-07,0.001333334667,8.888906667e-07
6500,0,0,0,0
6501,0.0006666673333,4.444453333e-07,0.0006666673333,4.444453333e-07
6502,0.0006666673333,4.444453333e-07,0.0006666673333,4.444453333e-07
6503,0,0,0,0
6504,0,0,0,0
6505,0,0,0,0
6506,0.0006666673333,4.444453333e-07,0.0006666673333,4.444453333e-07
6507,0,0,0,0
6508,0.001333334667,8.888906667e-07,0.001333334667,8.888906667e-07
6509,0,0,0,0
6510,0,0,0,0
6511,0,0,0,0
6512,0,0,0,0
6513,0,0,0,0
6514,0.0006666673333,4.444453333e-07,0.0006666673333,4.444453333e-07
6515,0,0,0,0
6516,0,0,0,0
6517,0,0,0,0
6518,0,0,0,0
6519,0,0,0,0
6520,0,0,0,0
6521,0.0006666673333,4.444453333e-07,0.0006666673333,4.444453333e-07
6522,0.0006666673333,4.444453333e-07,0.0006666673333,4.444453333e-07
6523,0.001333334667,8.888906667e-07,0.001333334667,8.888906667e-07
6524,0.0006666673333,4.444453333e-07,0.0006666673333,4.444453333e-07
6525,0,0,0,0
6526,0,0,0,0
6527,0,0,0,0
6528,0,0,0,0
6529,0,0,0,0
6530,0.0006666673333,4.444453333e-07,0.0006666673333,4.444453333e-07
6531,0.0006666673333,4.444453333e-07,0.0006666673333,4.444453333e-07
6532,0,0,0,0
6533,0,0,0,0
6534,0.0006666673333,4.444453333e-07,0.0006666673333,4.444453333e-07
6535,0,0,0,0
6536,0,0,0,0
6537,0.001333334667,8.888906667e-07,0.001333334667,8.888906667e-07
6538,0,0,0,0
6539,0,0,0,0
6540,0,0,0,0
6541,0.0006666673333,4.444453333e-07,0.0006666673333,4.444453333e-07
6542,0,0,0,0
6543,0,0,0,0
6544,0,0,0,0
6545,0,0,0,0
6546,0.0006666673333,4.444453333e-07,0.0006666673333,4.444453333e-07
6547,0,0,0,0
6548,0,0,0,0
6549,0.0006666673333,4.444453333e-07,0.0006666673333,4.444453333e-07
6550,0,0,0,0
6551,0,0,0,0
6552,0.001333334667,8.888906667e-07,0.001333334667,8.888906667e-07
6553,0.001333334667,8.888906667e-07,0.001333334667,8.888906667e-07
6554,0.0006666673333,4.444453333e-07,0.0006666673333,4.444453333e-07
6555,0,0,0,0
6556,0,0,0,0
6557,0,0,0,0
6558,0.0006666673333,4.444453333e-07,0.0006666673333,4.444453333e-07
6559,0,0,0,0
6560,0.0006666673333,4.444453333e-07,0.0006666673333,4.444453333e-07
6561,0,0,0,0
6562,0.0006666673333,4.444453333e-07,0.0006666673333,4.444453333e-07
6563,0,0,0,0
6564,0,0,0,0
6565,0,0,0,0
6566,0,0,0,0
6567,0,0,0,0
6568,0,0,0,0
6569,0.0006666673333,4.444453333e-07,0.0006666673333,4.444453333e-07
6570,0,0,0,0
6571,0,0,0,0
6572,0.0006666673333,4.444453333e-07,0.0006666673333,4.444453333e-07
6573,0.0006666673333,4.444453333e-07,0.0006666673333,4.444453333e-07
6574,0,0,0,0
6575,0.0006666673333,4.444453333e-07,0.0006666673333,4.444453333e-07
6576,0,0,0,0
6577,0.0006666673333,4.444453333e-07,0.0006666673333,4.444453333e-07
6578,0,0,0,0
6579,0,0,0,0
6580,0,0,0,0
6581,0,0,0,0
6582,0,0,0,0
6583,0,0,0,0
6584,0,0,0,0
6585,0,0,0,0
6586,0,0,0,0
6587,0.0006666673333,4.444453333e-07,0.0006666673333,4.444453333e-07
6588,0.0006666673333,4.444453333e-07,0.0006666673333,4.444453333e-07
6589,0.001333334667,8.888906667e-07,0.001333334667,8.888906667e-07
6590,0.0006666673333,4.444453333e-07,0.0006666673333,4.444453333e-07
6591,0,0,0,0
6592,0,0,0,0
6593,0.0006666673333,4.444453333e-07,0.0006666673333,4.444453333e-07
6594,0,0,0,0
6595,0.0006666673333,4.444453333e-07,0.0006666673333,4.444453333e-07
6596,0.001333334667,8.888906667e-07,0.001333334667,8.888906667e-07
6597,0.0006666673333,4.444453333e-07,0.0006666673333,4.444453333e-07
6598,0,0,0,0
6599,0,0,0,0
6600,0,0,0,0
6601,0,0,0,0
6602,0,0,0,0
6603,0,0,0,0
6604,0.0006666673333,4.444453333e-07,0.0006666673333,4.444453333e-07
6605,0.001333334667,8.888906667e-07,0.001333334667,8.888906667e-07
6606,0,0,0,0
6607,0.0006666673333,4.444453333e-07,0.0006666673333,4.444453333e-07
6608,0.0006666673333,4.444453333e-07,0.0006666673333,4.444453333e-07
6609,0.0006666673333,4.444453333e-07,0.0006666673333,4.444453333e-07
6610,0,0,0,0
6611,0,0,0,0
6612,0.0006666673333,4.444453333e-07,0.0006666673333,4.444453333e-07
6613,0,0,0,0
6614,0,0,0,0
6615,0.0006666673333,4.444453333e-07,0.0006666673333,4.444453333e-07
6616,0,0,0,0
6617,0,0,0,0
6618,0.002000002,1.333336e-06,0.002000002,1.333336e-06
6619,0,0,0,0
6620,0.001333334667,8.888906667e-07,0.001333334667,8.888906667e-07
6621,0,0,0,0
6622,0,0,0,0
6623,0.0006666673333,4.444453333e-07,0.0006666673333,4.444453333e-07
6624,0,0,0,0
6625,0.0006666673333,4.444453333e-07,0.0006666673333,4.444453333e-07
6626,0,0,0,0
6627,0,0,0,0
6628,0.001333334667,8.888906667e-07,0.001333334667,8.888906667e-07
6629,0,0,0,0
6630,0,0,0,0
6631,0,0,0,0
6632,0,0,0,0
6633,0.0006666673333,4.444453333e-07,0.0006666673333,4.444453333e-07
6634,0,0,0,0
6635,0,0,0,0
6636,0,0,0,0
6637,0,0,0,0
6638,0,0,0,0
6639,0,0,0,0
6640,0,0,0,0
6641,0,0,0,0
6642,0,0,0,0
6643,0,0,0,0
6644,0,0,0,0
6645,0.0006666673333,4.444453333e-07,0.0006666673333,4.444453333e-07
6646,0.001333334667,8.888906667e-07,0.001333334667,8.888906667e-07
6647,0,0,0,0
6648,0.002666669333,1.777781333e-06,0.002666669333,1.777781333e-06
6649,0.002000002,1.333336e-06,0.002000002,1.333336e-06
6650,0.0006666673333,4.444453333e-07,0.0006666673333,4.444453333e-07
6651,0,0,0,0
6652,0,0,0,0
6653,0,0,0,0
6654,0,0,0,0
6655,0.0006666673333,4.444453333e-07,0.0006666673333,4.444453333e-07
6656,0.0006666673333,4.444453333e-07,0.0006666673333,4.444453333e-07
6657,0,0,0,0
6658,0,0,0,0
6659,0.001333334667,8.888906667e-07,0.001333334667,8.888906667e-07
6660,0.001333334667,8.888906667e-07,0.001333334667,8.888906667e-07
6661,0,0,0,0
6662,0,0,0,0
6663,0,0,0,0
6664,0,0,0,0
6665,0.001333334667,8.888906667e-07,0.001333334667,8.888906667e-07
6666,0,0,0,0
6667,0,0,0,0
6668,0.0006666673333,4.444453333e-07,0.0006666673333,4.444453333e-07
6669,0,0,0,0
6670,0,0,0,0
6671,0.001333334667,8.888906667e-07,0.001333334667,8.888906667e-07
6672,0,0,0,0
6673,0.001333334667,8.888906667e-07,0.001333334667,8.888906667e-07
6674,0.0006666673333,4.444453333e-07,0.0006666673333,4.444453333e-07
6675,0,0,0,0
6676,0,0,0,0
6677,0,0,0,0
6678,0,0,0,0
6679,0,0,0,0
6680,0.0006666673333,4.444453333e-07,0.0006666673333,4.444453333e-07
6681,0,0,0,0
6682,0,0,0,0
6683,0,0,0,0
6684,0,0,0,0
6685,0.0006666673333,4.444453333e-07,0.0006666673333,4.444453333e-07
6686,0,0,0,0
6687,0,0,0,0
6688,0,0,0,0
6689,0,0,0,0
6690,0.0006666673333,4.444453333e-07,0.0006666673333,4.444453333e-07
6691,0,0,0,0
6692,0.0006666673333,4.444453333e-07,0.0006666673333,4.444453333e-07
6693,0,0,0,0
6694,0,0,0,0
6695,0.0006666673333,4.444453333e-07,0.0006666673333,4.444453333e-07
6696,0,0,0,0
6697,0,0,0,0
6698,0,0,0,0
6699,0,0,0,0
6700,0,0,0,0
6701,0,0,0,0
6702,0,0,0,0
6703,0,0,0,0
6704,0.0006666673333,4.444453333e-07,0.0006666673333,4.444453333e-07
6705,0,0,0,0
6706,0,0,0,0
6707,0.0006666673333,4.444453333e-07,0.0006666673333,4.444453333e-07
6708,0.001333334667,8.888906667e-07,0.001333334667,8.888906667e-07
6709,0,0,0,0
6710,0,0,0,0
6711,0,0,0,0
6712,0.002000002,1.333336e-06,0.002000002,1.333336e-06
6713,0,0,0,0
6714,0.0006666673333,4.444453333e-07,0.0006666673333,4.444453333e-07
6715,0,0,0,0
6716,0.0006666673333,4.444453333e-07,0.0006666673333,4.444453333e-07
6717,0,0,0,0
6718,0,0,0,0
6719,0.0006666673333,4.444453333e-07,0.0006666673333,4.444453333e-07
6720,0.0006666673333,4.444453333e-07,0.0006666673333,4.444453333e-07
6721,0,0,0,0
6722,0,0,0,0
6723,0.0006666673333,4.444453333e-07,0.0006666673333,4.444453333e-07
6724,0.0006666673333,4.444453333e-07,0.0006666673333,4.444453333e-07
6725,0,0,0,0
6726,0.002000002,1.333336e-06,0.002000002,1.333336e-06
6727,0,0,0,0
6728,0,0,0,0
6729,0,0,0,0
6730,0.0006666673333,4.444453333e-07,0.0006666673333,4.444453333e-07
6731,0,0,0,0
6732,0,0,0,0
6733,0.0006666673333,4.444453333e-07,0.0006666673333,4.444453333e-07
6734,0,0,0,0
6735,0,0,0,0
6736,0,0,0,0
6737,0,0,0,0
6738,0.001333334667,8.888906667e-07,0.001333334667,8.888906667e-07
6739,0,0,0,0
6740,0.002000002,1.333336e-06,0.002000002,1.333336e-06
6741,0,0,0,0
6742,0,0,0,0
6743,0,0,0,0
6744,0.0006666673333,4.444453333e-07,0.0006666673333,4.444453333e-07
6745,0,0,0,0
6746,0,0,0,0
6747,0,0,0,0
6748,0.0006666673333,4.444453333e-07,0.0006666673333,4.444453333e-07
6749,0,0,0,0
6750,0.0006666673333,4.444453333e-07,0.0006666673333,4.444453333e-07
6751,0,0,0,0
6752,0,0,0,0
6753,0,0,0,0
6754,0.001333334667,8.888906667e-07,0.001333334667,8.888906667e-07
6755,0.002666669333,2.666672e-06,0.002666669333,2.666672e-06
6756,0,0,0,0
6757,0.0006666673333,4.444453333e-07,0.0006666673333,4.444453333e-07
6758,0.0006666673333,4.444453333e-07,0.0006666673333,4.444453333e-07
6759,0,0,0,0
6760,0.0006666673333,4.444453333e-07,0.0006666673333,4.444453333e-07
6761,0.0006666673333,4.444453333e-07,0.0006666673333,4.444453333e-07
6762,0,0,0,0
6763,0,0,0,0
6764,0.0006666673333,4.444453333e-07,0.0006666673333,4.444453333e-07
6765,0.0006666673333,4.444453333e-07,0.0006666673333,4.444453333e-07
6766,0,0,0,0
6767,0.002000002,1.333336e-06,0.002000002,1.333336e-06
6768,0,0,0,0
6769,0.0006666673333,4.444453333e-07,0.0006666673333,4.444453333e-07
6770,0,0,0,0
6771,0.0006666673333,4.444453333e-07,0.0006666673333,4.444453333e-07
6772,0.0006666673333,4.444453333e-07,0.0006666673333,4.444453333e-07
6773,0.0006666673333,4.444453333e-07,0.0006666673333,4.444453333e-07
6774,0,0,0,0
6775,0,0,0,0
6776,0,0,0,0
6777,0,0,0,0
6778,0,0,0,0
6779,0,0,0,0
6780,0,0,0,0
6781,0,0,0,0
6782,0,0,0,0
6783,0.0006666673333,4.444453333e-07,0.0006666673333,4.444453333e-07
6784,0,0,0,0
6785,0,0,0,0
6786,0.001333334667,8.888906667e-07,0.001333334667,8.888906667e-07
6787,0,0,0,0
6788,0.0006666673333,4.444453333e-07,0.0006666673333,4.444453333e-07
6789,0,0,0,0
6790,0,0,0,0
6791,0.0006666673333,4.444453333e-07,0.0006666673333,4.444453333e-07
6792,0.0006666673333,4.444453333e-07,0.0006666673333,4.444453333e-07
6793,0.0006666673333,4.444453333e-07,0.0006666673333,4.444453333e-07
6794,0,0,0,0
6795,0,0,0,0
6796,0,0,0,0
6797,0.0006666673333,4.444453333e-07,0.0006666673333,4.444453333e-07
6798,0.0006666673333,4.444453333e-07,0.0006666673333,4.444453333e-07
6799,0.0006666673333,4.444453333e-07,0.0006666673333,4.444453333e-07
6800,0.001333334667,8.888906667e-07,0.001333334667,8.888906667e-07
6801,0,0,0,0
6802,0,0,0,0
6803,0,0,0,0
6804,0.0006666673333,4.444453333e-07,0.0006666673333,4.444453333e-07
6805,0,0,0,0
6806,0,0,0,0
6807,0.0006666673333,4.444453333e-07,0.0006666673333,4.444453333e-07
6808,0,0,0,0
6809,0.0006666673333,4.444453333e-07,0.0006666673333,4.444453333e-07
6810,0.0006666673333,4.444453333e-07,0.0006666673333,4.444453333e-07
6811,0,0,0,0
6812,0.001333334667,8.888906667e-07,0.001333334667,8.888906667e-07
6813,0,0,0,0
6814,0.001333334667,8.888906667e-07,0.001333334667,8.888906667e-07
6815,0.0006666673333,4.444453333e-07,0.0006666673333,4.444453333e-07
6816,0.0006666673333,4.444453333e-07,0.0006666673333,4.444453333e-07
6817,0.002000002,1.333336e-06,0.002000002,1.333336e-06
6818,0,0,0,0
6819,0.002000002,1.333336e-06,0.002000002,1.333336e-06
6820,0,0,0,0
6821,0,0,0,0
6822,0,0,0,0
6823,0,0,0,0
6824,0.0006666673333,4.444453333e-07,0.0006666673333,4.444453333e-07
6825,0.0006666673333,4.444453333e-07,0.0006666673333,4.444453333e-07
6826,0.0006666673333,4.444453333e-07,0.0006666673333,4.444453333e-07
6827,0.001333334667,8.888906667e-07,0.001333334667,8.888906667e-07
6828,0,0,0,0
6829,0.002666669333,1.777781333e-06,0.002666669333,1.777781333e-06
6830,0,0,0,0
6831,0.0006666673333,4.444453333e-07,0.0006666673333,4.444453333e-07
6832,0,0,0,0
6833,0,0,0,0
6834,0,0,0,0
6835,0,0,0,0
6836,0.0006666673333,4.444453333e-07,0.0006666673333,4.444453333e-07
6837,0.0006666673333,4.444453333e-07,0.0006666673333,4.444453333e-07
6838,0,0,0,0
6839,0,0,0,0
6840,0,0,0,0
6841,0.001333334667,8.888906667e-07,0.001333334667,8.888906667e-07
6842,0,0,0,0
6843,0,0,0,0
6844,0,0,0,0
6845,0,0,0,0
6846,0,0,0,0
6847,0,0,0,0
6848,0,0,0,0
6849,0.0006666673333,4.444453333e-07,0.0006666673333,4.444453333e-07
6850,0,0,0,0
6851,0,0,0,0
6852,0,0,0,0
6853,0,0,0,0
6854,0,0,0,0
6855,0,0,0,0
6856,0,0,0,0
6857,0,0,0,0
6858,0,0,0,0
6859,0,0,0,0
6860,0,0,0,0
6861,0.0006666673333,4.444453333e-07,0.0006666673333,4.444453333e-07
6862,0,0,0,0
6863,0.0006666673333,4.444453333e-07,0.0006666673333,4.444453333e-07
6864,0,0,0,0
6865,0.0006666673333,4.444453333e-07,0.0006666673333,4.444453333e-07
6866,0,0,0,0
6867,0,0,0,0
6868,0.001333334667,8.888906667e-07,0.001333334667,8.888906667e-07
6869,0.0006666673333,4.444453333e-07,0.0006666673333,4.444453333e-07
6870,0.0006666673333,4.444453333e-07,0.0006666673333,4.444453333e-07
6871,0,0,0,0
6872,0.0006666673333,4.444453333e-07,0.0006666673333,4.444453333e-07
6873,0,0,0,0
6874,0,0,0,0
6875,0,0,0,0
6876,0.0006666673333,4.444453333e-07,0.0006666673333,4.444453333e-07
6877,0.0006666673333,4.444453333e-07,0.0006666673333,4.444453333e-07
6878,0,0,0,0
6879,0,0,0,0
6880,0,0,0,0
6881,0.0006666673333,4.444453333e-07,0.0006666673333,4.444453333e-07
6882,0,0,0,0
6883,0.0006666673333,4.444453333e-07,0.0006666673333,4.444453333e-07
6884,0,0,0,0
6885,0,0,0,0
6886,0.0006666673333,4.444453333e-07,0.0006666673333,4.444453333e-07
6887,0,0,0,0
6888,0.0006666673333,4.444453333e-07,0.0006666673333,4.444453333e-07
6889,0,0,0,0
6890,0,0,0,0
6891,0,0,0,0
6892,0.0006666673333,4.444453333e-07,0.0006666673333,4.444453333e-07
6893,0,0,0,0
6894,0.0006666673333,4.444453333e-07,0.0006666673333,4.444453333e-07
6895,0.001333334667,8.888906667e-07,0.001333334667,8.888906667e-07
6896,0.001333334667,8.888906667e-07,0.001333334667,8.888906667e-07
6897,0,0,0,0
6898,0.001333334667,8.888906667e-07,0.001333334667,8.888906667e-07
6899,0,0,0,0
6900,0,0,0,0
6901,0,0,0,0
6902,0,0,0,0
6903,0,0,0,0
6904,0,0,0,0
6905,0,0,0,0
6906,0,0,0,0
6907,0,0,0,0
6908,0,0,0,0
6909,0,0,0,0
6910,0,0,0,0
6911,0,0,0,0
6912,0.0006666673333,4.444453333e-07,0.0006666673333,4.444453333e-07
6913,0,0,0,0
6914,0,0,0,0
6915,0,0,0,0
6916,0,0,0,0
6917,0.0006666673333,4.444453333e-07,0.0006666673333,4.444453333e-07
6918,0,0,0,0
6919,0,0,0,0
6920,0.0006666673333,4.444453333e-07,0.0006666673333,4.444453333e-07
6921,0,0,0,0
6922,0,0,0,0
6923,0.001333334667,8.888906667e-07,0.001333334667,8.888906667e-07
6924,0,0,0,0
6925,0,0,0,0
6926,0.001333334667,8.888906667e-07,0.001333334667,8.888906667e-07
6927,0.0006666673333,4.444453333e-07,0.0006666673333,4.444453333e-07
6928,0,0,0,0
6929,0,0,0,0
6930,0,0,0,0
6931,0,0,0,0
6932,0,0,0,0
6933,0.0006666673333,4.444453333e-07,0.0006666673333,4.444453333e-07
6934,0,0,0,0
6935,0.0006666673333,4.444453333e-07,0.0006666673333,4.444453333e-07
6936,0,0,0,0
6937,0.001333334667,8.888906667e-07,0.001333334667,8.888906667e-07
6938,0,0,0,0
6939,0,0,0,0
6940,0.001333334667,8.888906667e-07,0.001333334667,8.888906667e-07
6941,0,0,0,0
6942,0,0,0,0
6943,0,0,0,0
6944,0,0,0,0
6945,0,0,0,0
6946,0,0,0,0
6947,0,0,0,0
6948,0.0006666673333,4.444453333e-07,0.0006666673333,4.444453333e-07
6949,0,0,0,0
6950,0,0,0,0
6951,0,0,0,0
6952,0.001333334667,8.888906667e-07,0.001333334667,8.888906667e-07
6953,0.001333334667,8.888906667e-07,0.001333334667,8.888906667e-07
6954,0.0006666673333,4.444453333e-07,0.0006666673333,4.444453333e-07
6955,0.0006666673333,4.444453333e-07,0.0006666673333,4.444453333e-07
6956,0,0,0,0
6957,0,0,0,0
6958,0,0,0,0
6959,0,0,0,0
6960,0.0006666673333,4.444453333e-07,0.0006666673333,4.444453333e-07
6961,0.0006666673333,4.444453333e-07,0.0006666673333,4.444453333e-07
6962,0,0,0,0
6963,0.0006666673333,4.444453333e-07,0.0006666673333,4.444453333e-07
6964,0,0,0,0
6965,0,0,0,0
6966,0,0,0,0
6967,0,0,0,0
6968,0.0006666673333,4.444453333e-07,0.0006666673333,4.444453333e-07
6969,0,0,0,0
6970,0,0,0,0
6971,0,0,0,0
6972,0,0,0,0
6973,0,0,0,0
6974,0.0006666673333,4.444453333e-07,0.0006666673333,4.444453333e-07
6975,0.0006666673333,4.444453333e-07,0.0006666673333,4.444453333e-07
6976,0,0,0,0
6977,0,0,0,0
6978,0,0,0,0
6979,0,0,0,0
6980,0,0,0,0
6981,0,0,0,0
6982,0.001333334667,8.888906667e-07,0.001333334667,8.888906667e-07
6983,0.0006666673333,4.444453333e-07,0.0006666673333,4.444453333e-07
6984,0,0,0,0
6985,0.0006666673333,4.444453333e-07,0.0006666673333,4.444453333e-07
6986,0,0,0,0
6987,0.0006666673333,4.444453333e-07,0.0006666673333,4.444453333e-07
6988,0.002666669333,1.777781333e-06,0.002666669333,1.777781333e-06
6989,0,0,0,0
6990,0,0,0,0
6991,0,0,0,0
6992,0,0,0,0
6993,0,0,0,0
6994,0.0006666673333,4.444453333e-07,0.0006666673333,4.444453333e-07
6995,0,0,0,0
6996,0,0,0,0
6997,0.0006666673333,4.444453333e-07,0.0006666673333,4.444453333e-07
6998,0,0,0,0
6999,0.0006666673333,4.444453333e-07,0.0006666673333,4.444453333e-07
7000,0.0006666673333,4.444453333e-07,0.0006666673333,4.444453333e-07
7001,0,0,0,0
7002,0,0,0,0
7003,0,0,0,0
7004,0,0,0,0
7005,0,0,0,0
7006,0,0,0,0
7007,0.0006666673333,4.444453333e-07,0.0006666673333,4.444453333e-07
7008,0.0006666673333,4.444453333e-07,0.0006666673333,4.444453333e-07
7009,0,0,0,0
7010,0,0,0,0
7011,0,0,0,0
7012,0.0006666673333,4.444453333e-07,0.0006666673333,4.444453333e-07
7013,0.001333334667,8.888906667e-07,0.001333334667,8.888906667e-07
7014,0,0,0,0
7015,0,0,0,0
7016,0.0006666673333,4.444453333e-07,0.0006666673333,4.444453333e-07
7017,0.0006666673333,4.444453333e-07,0.0006666673333,4.444453333e-07
7018,0.0006666673333,4.444453333e-07,0.0006666673333,4.444453333e-07
7019,0.0006666673333,4.444453333e-07,0.0006666673333,4.444453333e-07
7020,0.002000002,1.333336e-06,0.002000002,1.333336e-06
7021,0.0006666673333,4.444453333e-07,0.0006666673333,4.444453333e-07
7022,0.0006666673333,4.444453333e-07,0.0006666673333,4.444453333e-07
7023,0.0006666673333,4.444453333e-07,0.0006666673333,4.444453333e-07
7024,0.0006666673333,4.444453333e-07,0.0006666673333,4.444453333e-07
7025,0.0006666673333,4.444453333e-07,0.0006666673333,4.444453333e-07
7026,0,0,0,0
7027,0,0,0,0
7028,0,0,0,0
7029,0,0,0,0
7030,0.0006666673333,4.444453333e-07,0.0006666673333,4.444453333e-07
7031,0.001333334667,8.888906667e-07,0.001333334667,8.888906667e-07
7032,0.001333334667,8.888906667e-07,0.001333334667,8.888906667e-07
7033,0,0,0,0
7034,0,0,0,0
7035,0,0,0,0
7036,0,0,0,0
7037,0,0,0,0
7038,0.001333334667,8.888906667e-07,0.001333334667,8.888906667e-07
7039,0,0,0,0
7040,0,0,0,0
7041,0,0,0,0
7042,0.0006666673333,4.444453333e-07,0.0006666673333,4.444453333e-07
7043,0,0,0,0
7044,0,0,0,0
7045,0,0,0,0
7046,0.0006666673333,4.444453333e-07,0.0006666673333,4.444453333e-07
7047,0,0,0,0
7048,0,0,0,0
7049,0,0,0,0
7050,0.0006666673333,4.444453333e-07,0.0006666673333,4.444453333e-07
7051,0.0006666673333,4.444453333e-07,0.0006666673333,4.444453333e-07
7052,0,0,0,0
7053,0,0,0,0
7054,0.0006666673333,4.444453333e-07,0.0006666673333,4.444453333e-07
7055,0.0006666673333,4.444453333e-07,0.0006666673333,4.444453333e-07
7056,0.0006666673333,4.444453333e-07,0.0006666673333,4.444453333e-07
7057,0.0006666673333,4.444453333e-07,0.0006666673333,4.444453333e-07
7058,0,0,0,0
7059,0.0006666673333,4.444453333e-07,0.0006666673333,4.444453333e-07
7060,0.0006666673333,4.444453333e-07,0.0006666673333,4.444453333e-07
7061,0,0,0,0
7062,0.0006666673333,4.444453333e-07,0.0006666673333,4.444453333e-07
7063,0,0,0,0
7064,0,0,0,0
7065,0,0,0,0
7066,0,0,0,0
7067,0,0,0,0
7068,0,0,0,0
7069,0,0,0,0
7070,0.0006666673333,4.444453333e-07,0.0006666673333,4.444453333e-07
7071,0.0006666673333,4.444453333e-07,0.0006666673333,4.444453333e-07
7072,0,0,0,0
7073,0,0,0,0
7074,0,0,0,0
7075,0,0,0,0
7076,0,0,0,0
7077,0,0,0,0
7078,0,0,0,0
7079,0,0,0,0
7080,0,0,0,0
7081,0,0,0,0
7082,0,0,0,0
7083,0,0,0,0
7084,0,0,0,0
7085,0,0,0,0
7086,0.0006666673333,4.444453333e-07,0.0006666673333,4.444453333e-07
7087,0.0006666673333,4.444453333e-07,0.0006666673333,4.444453333e-07
7088,0.0006666673333,4.444453333e-07,0.0006666673333,4.444453333e-07
7089,0,0,0,0
7090,0.0006666673333,4.444453333e-07,0.0006666673333,4.444453333e-07
7091,0,0,0,0
7092,0,0,0,0
7093,0,0,0,0
7094,0.0006666673333,4.444453333e-07,0.0006666673333,4.444453333e-07
7095,0,0,0,0
7096,0,0,0,0
7097,0.0006666673333,4.444453333e-07,0.0006666673333,4.444453333e-07
7098,0.0006666673333,4.444453333e-07,0.0006666673333,4.444453333e-07
7099,0,0,0,0
7100,0.0006666673333,4.444453333e-07,0.0006666673333,4.444453333e-07
7101,0,0,0,0
7102,0,0,0,0
7103,0,0,0,0
7104,0,0,0,0
7105,0,0,0,0
7106,0,0,0,0
7107,0.001333334667,8.888906667e-07,0.001333334667,8.888906667e-07
7108,0,0,0,0
7109,0,0,0,0
7110,0.001333334667,8.888906667e-07,0.001333334667,8.888906667e-07
7111,0.0006666673333,4.444453333e-07,0.0006666673333,4.444453333e-07
7112,0,0,0,0
7113,0,0,0,0
7114,0.0006666673333,4.444453333e-07,0.0006666673333,4.444453333e-07
7115,0,0,0,0
7116,0,0,0,0
7117,0,0,0,0
7118,0,0,0,0
7119,0.0006666673333,4.444453333e-07,0.0006666673333,4.444453333e-07
7120,0.0006666673333,4.444453333e-07,0.0006666673333,4.444453333e-07
7121,0.0006666673333,4.444453333e-07,0.0006666673333,4.444453333e-07
7122,0.001333334667,8.888906667e-07,0.001333334667,8.888906667e-07
7123,0,0,0,0
7124,0,0,0,0
7125,0.002000002,1.333336e-06,0.002000002,1.333336e-06
7126,0,0,0,0
7127,0.002000002,1.333336e-06,0.002000002,1.333336e-06
7128,0,0,0,0
7129,0,0,0,0
7130,0.0006666673333,4.444453333e-07,0.0006666673333,4.444453333e-07
7131,0,0,0,0
7132,0,0,0,0
7133,0,0,0,0
7134,0.0006666673333,4.444453333e-07,0.0006666673333,4.444453333e-07
7135,0.0006666673333,4.444453333e-07,0.0006666673333,4.444453333e-07
7136,0.0006666673333,4.444453333e-07,0.0006666673333,4.444453333e-07
7137,0,0,0,0
7138,0.0006666673333,4.444453333e-07,0.0006666673333,4.444453333e-07
7139,0.0008148156297,6.639245103e-07,0.0008148156297,6.639245103e-07
7140,0.0006666673333,4.444453333e-07,0.0006666673333,4.444453333e-07
7141,0.0006666673333,4.444453333e-07,0.0006666673333,4.444453333e-07
7142,0.001333334667,8.888906667e-07,0.001333334667,8.888906667e-07
7143,0,0,0,0
7144,0,0,0,0
7145,0.0006666673333,4.444453333e-07,0.0006666673333,4.444453333e-07
7146,0,0,0,0
7147,0.0006666673333,4.444453333e-07,0.0006666673333,4.444453333e-07
7148,0.0006666673333,4.444453333e-07,0.0006666673333,4.444453333e-07
7149,0,0,0,0
7150,0,0,0,0
7151,0.0006666673333,4.444453333e-07,0.0006666673333,4.444453333e-07
7152,0,0,0,0
7153,0.0006666673333,4.444453333e-07,0.0006666673333,4.444453333e-07
7154,0,0,0,0
7155,0,0,0,0
7156,0.0006666673333,4.444453333e-07,0.0006666673333,4.444453333e-07
7157,0,0,0,0
7158,0.0006666673333,4.444453333e-07,0.0006666673333,4.444453333e-07
7159,0,0,0,0
7160,0.001333334667,8.888906667e-07,0.001333334667,8.888906667e-07
7161,0,0,0,0
7162,0.0006666673333,4.444453333e-07,0.0006666673333,4.444453333e-07
7163,0.0006666673333,4.444453333e-07,0.0006666673333,4.444453333e-07
7164,0.0006666673333,4.444453333e-07,0.0006666673333,4.444453333e-07
7165,0.0006666673333,4.444453333e-07,0.0006666673333,4.444453333e-07
7166,0.0006666673333,4.444453333e-07,0.0006666673333,4.444453333e-07
7167,0,0,0,0
7168,0,0,0,0
7169,0,0,0,0
7170,0.0006666673333,4.444453333e-07,0.0006666673333,4.444453333e-07
7171,0,0,0,0
7172,0,0,0,0
7173,0,0,0,0
7174,0,0,0,0
7175,0,0,0,0
7176,0,0,0,0
7177,0,0,0,0
7178,0,0,0,0
7179,0,0,0,0
7180,0,0,0,0
7181,0.0006666673333,4.444453333e-07,0.0006666673333,4.444453333e-07
7182,0,0,0,0
7183,0,0,0,0
7184,0,0,0,0
7185,0,0,0,0
7186,0,0,0,0
7187,0.0006666673333,4.444453333e-07,0.0006666673333,4.444453333e-07
7188,0,0,0,0
7189,0,0,0,0
7190,0,0,0,0
7191,0,0,0,0
7192,0.0006666673333,4.444453333e-07,0.0006666673333,4.444453333e-07
7193,0.0006666673333,4.444453333e-07,0.0006666673333,4.444453333e-07
7194,0,0,0,0
7195,0,0,0,0
7196,0,0,0,0
7197,0,0,0,0
7198,0.0006666673333,4.444453333e-07,0.0006666673333,4.444453333e-07
7199,0.0006666673333,4.444453333e-07,0.0006666673333,4.444453333e-07
7200,0.001333334667,8.888906667e-07,0.001333334667,8.888906667e-07
7201,0,0,0,0
7202,0,0,0,0
7203,0.0006666673333,4.444453333e-07,0.0006666673333,4.444453333e-07
7204,0,0,0,0
7205,0.002000002,1.333336e-06,0.002000002,1.333336e-06
7206,0.0006666673333,4.444453333e-07,0.0006666673333,4.444453333e-07
7207,0.0006666673333,4.444453333e-07,0.0006666673333,4.444453333e-07
7208,0.0006666673333,4.444453333e-07,0.0006666673333,4.444453333e-07
7209,0,0,0,0
7210,0,0,0,0
7211,0,0,0,0
7212,0,0,0,0
7213,0,0,0,0
7214,0.0006666673333,4.444453333e-07,0.0006666673333,4.444453333e-07
7215,0.0006666673333,4.444453333e-07,0.0006666673333,4.444453333e-07
7216,0,0,0,0
7217,0,0,0,0
7218,0,0,0,0
7219,0,0,0,0
7220,0,0,0,0
7221,0.001333334667,8.888906667e-07,0.001333334667,8.888906667e-07
7222,0.0006666673333,4.444453333e-07,0.0006666673333,4.444453333e-07
7223,0.001333334667,8.888906667e-07,0.001333334667,8.888906667e-07
7224,0,0,0,0
7225,0,0,0,0
7226,0.0006666673333,4.444453333e-07,0.0006666673333,4.444453333e-07
7227,0,0,0,0
7228,0,0,0,0
7229,0.001333334667,8.888906667e-07,0.001333334667,8.888906667e-07
7230,0.0006666673333,4.444453333e-07,0.0006666673333,4.444453333e-07
7231,0,0,0,0
7232,0,0,0,0
7233,0,0,0,0
7234,0,0,0,0
7235,0.001333334667,8.888906667e-07,0.001333334667,8.888906667e-07
7236,0,0,0,0
7237,0,0,0,0
7238,0.0006666673333,4.444453333e-07,0.0006666673333,4.444453333e-07
7239,0,0,0,0
7240,0,0,0,0
7241,0,0,0,0
7242,0,0,0,0
7243,0,0,0,0
7244,0.002000002,1.333336e-06,0.002000002,1.333336e-06
7245,0,0,0,0
7246,0,0,0,0
7247,0,0,0,0
7248,0,0,0,0
7249,0.0006666673333,4.444453333e-07,0.0006666673333,4.444453333e-07
7250,0.0006666673333,4.444453333e-07,0.0006666673333,4.444453333e-07
7251,0.001333334667,8.888906667e-07,0.001333334667,8.888906667e-07
7252,0,0,0,0
7253,0,0,0,0
7254,0.0006666673333,4.444453333e-07,0.0006666673333,4.444453333e-07
7255,0.0006666673333,4.444453333e-07,0.0006666673333,4.444453333e-07
7256,0,0,0,0
7257,0,0,0,0
7258,0.0006666673333,4.444453333e-07,0.0006666673333,4.444453333e-07
7259,0,0,0,0
7260,0,0,0,0
7261,0.0006666673333,4.444453333e-07,0.0006666673333,4.444453333e-07
7262,0.0006666673333,4.444453333e-07,0.0006666673333,4.444453333e-07
7263,0,0,0,0
7264,0,0,0,0
7265,0,0,0,0
7266,0.0006666673333,4.444453333e-07,0.0006666673333,4.444453333e-07
7267,0.0006666673333,4.444453333e-07,0.0006666673333,4.444453333e-07
7268,0,0,0,0
7269,0,0,0,0
7270,0,0,0,0
7271,0,0,0,0
7272,0,0,0,0
7273,0.0006666673333,4.444453333e-07,0.0006666673333,4.444453333e-07
7274,0,0,0,0
7275,0.0006666673333,4.444453333e-07,0.0006666673333,4.444453333e-07
7276,0,0,0,0
7277,0,0,0,0
7278,0,0,0,0
7279,0,0,0,0
7280,0.001333334667,8.888906667e-07,0.001333334667,8.888906667e-07
7281,0.0006666673333,4.444453333e-07,0.0006666673333,4.444453333e-07
7282,0.0006666673333,4.444453333e-07,0.0006666673333,4.444453333e-07
7283,0,0,0,0
7284,0,0,0,0
7285,0,0,0,0
7286,0.0006666673333,4.444453333e-07,0.0006666673333,4.444453333e-07
7287,0.0006666673333,4.444453333e-07,0.0006666673333,4.444453333e-07
7288,0,0,0,0
7289,0.0006666673333,4.444453333e-07,0.0006666673333,4.444453333e-07
7290,0,0,0,0
7291,0,0,0,0
7292,0,0,0,0
7293,0,0,0,0
7294,0.0006666673333,4.444453333e-07,0.0006666673333,4.444453333e-07
7295,0,0,0,0
7296,0,0,0,0
7297,0,0,0,0
7298,0,0,0,0
7299,0,0,0,0
7300,0,0,0,0
7301,0,0,0,0
7302,0,0,0,0
7303,0.0006666673333,4.444453333e-07,0.0006666673333,4.444453333e-07
7304,0,0,0,0
7305,0,0,0,0
7306,0,0,0,0
7307,0.0006666673333,4.444453333e-07,0.0006666673333,4.444453333e-07
7308,0.001333334667,8.888906667e-07,0.001333334667,8.888906667e-07
7309,0,0,0,0
7310,0,0,0,0
7311,0.0006666673333,4.444453333e-07,0.0006666673333,4.444453333e-07
7312,0.001333334667,8.888906667e-07,0.001333334667,8.888906667e-07
7313,0.0006666673333,4.444453333e-07,0.0006666673333,4.444453333e-07
7314,0,0,0,0
7315,0.0006666673333,4.444453333e-07,0.0006666673333,4.444453333e-07
7316,0.0006666673333,4.444453333e-07,0.0006666673333,4.444453333e-07
7317,0,0,0,0
7318,0,0,0,0
7319,0,0,0,0
7320,0,0,0,0
7321,0,0,0,0
7322,0,0,0,0
7323,0,0,0,0
7324,0,0,0,0
7325,0.0006666673333,4.444453333e-07,0.0006666673333,4.444453333e-07
7326,0,0,0,0
7327,0,0,0,0
7328,0,0,0,0
7329,0,0,0,0
7330,0,0,0,0
7331,0,0,0,0
7332,0.0006666673333,4.444453333e-07,0.0006666673333,4.444453333e-07
7333,0,0,0,0
7334,0,0,0,0
7335,0.001333334667,8.888906667e-07,0.001333334667,8.888906667e-07
7336,0,0,0,0
7337,0.001333334667,8.888906667e-07,0.001333334667,8.888906667e-07
7338,0.0006666673333,4.444453333e-07,0.0006666673333,4.444453333e-07
7339,0,0,0,0
7340,0.0006666673333,4.444453333e-07,0.0006666673333,4.444453333e-07
7341,0,0,0,0
7342,0,0,0,0
7343,0,0,0,0
7344,0,0,0,0
7345,0.0006666673333,4.444453333e-07,0.0006666673333,4.444453333e-07
7346,0,0,0,0
7347,0,0,0,0
7348,0.0006666673333,4.444453333e-07,0.0006666673333,4.444453333e-07
7349,0,0,0,0
7350,0,0,0,0
7351,0,0,0,0
7352,0.0006666673333,4.444453333e-07,0.0006666673333,4.444453333e-07
7353,0.0006666673333,4.444453333e-07,0.0006666673333,4.444453333e-07
7354,0.0006666673333,4.444453333e-07,0.0006666673333,4.444453333e-07
7355,0.0006666673333,4.444453333e-07,0.0006666673333,4.444453333e-07
7356,0,0,0,0
7357,0,0,0,0
7358,0.0006666673333,4.444453333e-07,0.0006666673333,4.444453333e-07
7359,0.0006666673333,4.444453333e-07,0.0006666673333,4.444453333e-07
7360,0.0006666673333,4.444453333e-07,0.0006666673333,4.444453333e-07
7361,0,0,0,0
7362,0,0,0,0
7363,0,0,0,0
7364,0,0,0,0
7365,0,0,0,0
7366,0,0,0,0
7367,0.0006666673333,4.444453333e-07,0.0006666673333,4.444453333e-07
7368,0.0006666673333,4.444453333e-07,0.0006666673333,4.444453333e-07
7369,0,0,0,0
7370,0,0,0,0
7371,0.0006666673333,4.444453333e-07,0.0006666673333,4.444453333e-07
7372,0.0006666673333,4.444453333e-07,0.0006666673333,4.444453333e-07
7373,0.0006666673333,4.444453333e-07,0.0006666673333,4.444453333e-07
7374,0,0,0,0
7375,0,0,0,0
7376,0,0,0,0
7377,0.0006666673333,4.444453333e-07,0.0006666673333,4.444453333e-07
7378,0,0,0,0
7379,0,0,0,0
7380,0.0006666673333,4.444453333e-07,0.0006666673333,4.444453333e-07
7381,0.001333334667,8.888906667e-07,0.001333334667,8.888906667e-07
7382,0,0,0,0
7383,0.0006666673333,4.444453333e-07,0.0006666673333,4.444453333e-07
7384,0,0,0,0
7385,0,0,0,0
7386,0,0,0,0
7387,0,0,0,0
7388,0.0006666673333,4.444453333e-07,0.0006666673333,4.444453333e-07
7389,0,0,0,0
7390,0.0006666673333,4.444453333e-07,0.0006666673333,4.444453333e-07
7391,0,0,0,0
7392,0,0,0,0
7393,0,0,0,0
7394,0.001333334667,8.888906667e-07,0.001333334667,8.888906667e-07
7395,0,0,0,0
7396,0,0,0,0
7397,0,0,0,0
7398,0,0,0,0
7399,0,0,0,0
7400,0,0,0,0
7401,0,0,0,0
7402,0.0006666673333,4.444453333e-07,0.0006666673333,4.444453333e-07
7403,0,0,0,0
7404,0,0,0,0
7405,0.0006666673333,4.444453333e-07,0.0006666673333,4.444453333e-07
7406,0,0,0,0
7407,0,0,0,0
7408,0,0,0,0
7409,0,0,0,0
7410,0,0,0,0
7411,0,0,0,0
7412,0.0006666673333,4.444453333e-07,0.0006666673333,4.444453333e-07
7413,0,0,0,0
7414,0,0,0,0
7415,0,0,0,0
7416,0,0,0,0
7417,0,0,0,0
7418,0,0,0,0
7419,0.0006666673333,4.444453333e-07,0.0006666673333,4.444453333e-07
7420,0.0006666673333,4.444453333e-07,0.0006666673333,4.444453333e-07
7421,0,0,0,0
7422,0.0006666673333,4.444453333e-07,0.0006666673333,4.444453333e-07
7423,0,0,0,0
7424,0.0006666673333,4.444453333e-07,0.0006666673333,4.444453333e-07
7425,0.0006666673333,4.444453333e-07,0.0006666673333,4.444453333e-07
7426,0,0,0,0
7427,0,0,0,0
7428,0,0,0,0
7429,0,0,0,0
7430,0.0006666673333,4.444453333e-07,0.0006666673333,4.444453333e-07
7431,0,0,0,0
7432,0,0,0,0
7433,0.0006666673333,4.444453333e-07,0.0006666673333,4.444453333e-07
7434,0,0,0,0
7435,0,0,0,0
7436,0,0,0,0
7437,0,0,0,0
7438,0,0,0,0
7439,0,0,0,0
7440,0.001333334667,8.888906667e-07,0.001333334667,8.888906667e-07
7441,0.0006666673333,4.444453333e-07,0.0006666673333,4.444453333e-07
7442,0,0,0,0
7443,0,0,0,0
7444,0,0,0,0
7445,0,0,0,0
7446,0,0,0,0
7447,0,0,0,0
7448,0,0,0,0
7449,0.0006666673333,4.444453333e-07,0.0006666673333,4.444453333e-07
7450,0.0006666673333,4.444453333e-07,0.0006666673333,4.444453333e-07
7451,0,0,0,0
7452,0.0006666673333,4.444453333e-07,0.0006666673333,4.444453333e-07
7453,0,0,0,0
7454,0.0006666673333,4.444453333e-07,0.0006666673333,4.444453333e-07
7455,0,0,0,0
7456,0,0,0,0
7457,0.0006666673333,4.444453333e-07,0.0006666673333,4.444453333e-07
7458,0,0,0,0
7459,0,0,0,0
7460,0,0,0,0
7461,0.001333334667,8.888906667e-07,0.001333334667,8.888906667e-07
7462,0.0006666673333,4.444453333e-07,0.0006666673333,4.444453333e-07
7463,0.0006666673333,4.444453333e-07,0.0006666673333,4.444453333e-07
7464,0,0,0,0
7465,0,0,0,0
7466,0,0,0,0
7467,0.0006666673333,4.444453333e-07,0.0006666673333,4.444453333e-07
7468,0,0,0,0
7469,0.0006666673333,4.444453333e-07,0.0006666673333,4.444453333e-07
7470,0,0,0,0
7471,0,0,0,0
7472,0,0,0,0
7473,0,0,0,0
7474,0,0,0,0
7475,0.0006666673333,4.444453333e-07,0.0006666673333,4.444453333e-07
7476,0,0,0,0
7477,0,0,0,0
7478,0.0006666673333,4.444453333e-07,0.0006666673333,4.444453333e-07
7479,0,0,0,0
7480,0,0,0,0
7481,0,0,0,0
7482,0.001333334667,8.888906667e-07,0.001333334667,8.888906667e-07
7483,0.0006666673333,4.444453333e-07,0.0006666673333,4.444453333e-07
7484,0.0006666673333,4.444453333e-07,0.0006666673333,4.444453333e-07
7485,0,0,0,0
7486,0,0,0,0
7487,0.0006666673333,4.444453333e-07,0.0006666673333,4.444453333e-07
7488,0,0,0,0
7489,0,0,0,0
7490,0,0,0,0
7491,0,0,0,0
7492,0,0,0,0
7493,0.0006666673333,4.444453333e-07,0.0006666673333,4.444453333e-07
7494,0,0,0,0
7495,0,0,0,0
7496,0.0006666673333,4.444453333e-07,0.0006666673333,4.444453333e-07
7497,0,0,0,0
7498,0,0,0,0
7499,0.001333334667,8.888906667e-07,0.001333334667,8.888906667e-07
7500,0.0006666673333,4.444453333e-07,0.0006666673333,4.444453333e-07
7501,0.0006666673333,4.444453333e-07,0.0006666673333,4.444453333e-07
7502,0,0,0,0
7503,0,0,0,0
7504,0,0,0,0
7505,0.001333334667,8.888906667e-07,0.001333334667,8.888906667e-07
7506,0.0007272734547,5.289266777e-07,0.0007272734547,5.289266777e-07
7507,0,0,0,0
7508,0,0,0,0
7509,0.0006666673333,4.444453333e-07,0.0006666673333,4.444453333e-07
7510,0,0,0,0
7511,0.0006666673333,4.444453333e-07,0.0006666673333,4.444453333e-07
7512,0.0006666673333,4.444453333e-07,0.0006666673333,4.444453333e-07
7513,0,0,0,0
7514,0,0,0,0
7515,0,0,0,0
7516,0,0,0,0
7517,0,0,0,0
7518,0,0,0,0
7519,0,0,0,0
7520,0.0006666673333,4.444453333e-07,0.0006666673333,4.444453333e-07
7521,0,0,0,0
7522,0.0006666673333,4.444453333e-07,0.0006666673333,4.444453333e-07
7523,0.001333334667,8.888906667e-07,0.001333334667,8.888906667e-07
7524,0,0,0,0
7525,0,0,0,0
7526,0,0,0,0
7527,0,0,0,0
7528,0.0006666673333,4.444453333e-07,0.0006666673333,4.444453333e-07
7529,0,0,0,0
7530,0,0,0,0
7531,0,0,0,0
7532,0,0,0,0
7533,0,0,0,0
7534,0.0006666673333,4.444453333e-07,0.0006666673333,4.444453333e-07
7535,0.001333334667,8.888906667e-07,0.001333334667,8.888906667e-07
7536,0,0,0,0
7537,0,0,0,0
7538,0.0006666673333,4.444453333e-07,0.0006666673333,4.444453333e-07
7539,0.0006666673333,4.444453333e-07,0.0006666673333,4.444453333e-07
7540,0,0,0,0
7541,0,0,0,0
7542,0,0,0,0
7543,0.0006666673333,4.444453333e-07,0.0006666673333,4.444453333e-07
7544,0,0,0,0
7545,0,0,0,0
7546,0,0,0,0
7547,0.0006666673333,4.444453333e-07,0.0006666673333,4.444453333e-07
7548,0.0006666673333,4.444453333e-07,0.0006666673333,4.444453333e-07
7549,0,0,0,0
7550,0.0006666673333,4.444453333e-07,0.0006666673333,4.444453333e-07
7551,0.0006666673333,4.444453333e-07,0.0006666673333,4.444453333e-07
7552,0,0,0,0
7553,0,0,0,0
7554,0,0,0,0
7555,0.002000002,1.333336e-06,0.002000002,1.333336e-06
7556,0,0,0,0
7557,0,0,0,0
7558,0,0,0,0
7559,0.0006666673333,4.444453333e-07,0.0006666673333,4.444453333e-07
7560,0,0,0,0
7561,0,0,0,0
7562,0,0,0,0
7563,0,0,0,0
7564,0,0,0,0
7565,0,0,0,0
7566,0.0006666673333,4.444453333e-07,0.0006666673333,4.444453333e-07
7567,0.0006666673333,4.444453333e-07,0.0006666673333,4.444453333e-07
7568,0,0,0,0
7569,0,0,0,0
7570,0,0,0,0
7571,0,0,0,0
7572,0,0,0,0
7573,0.0006666673333,4.444453333e-07,0.0006666673333,4.444453333e-07
7574,0,0,0,0
7575,0.0006666673333,4.444453333e-07,0.0006666673333,4.444453333e-07
7576,0.0006666673333,4.444453333e-07,0.0006666673333,4.444453333e-07
7577,0.0006666673333,4.444453333e-07,0.0006666673333,4.444453333e-07
7578,0.001333334667,8.888906667e-07,0.001333334667,8.888906667e-07
7579,0,0,0,0
7580,0.0006666673333,4.444453333e-07,0.0006666673333,4.444453333e-07
7581,0,0,0,0
7582,0,0,0,0
7583,0.0006666673333,4.444453333e-07,0.0006666673333,4.444453333e-07
7584,0.0006666673333,4.444453333e-07,0.0006666673333,4.444453333e-07
7585,0,0,0,0
7586,0,0,0,0
7587,0,0,0,0
7588,0.0006666673333,4.444453333e-07,0.0006666673333,4.444453333e-07
7589,0,0,0,0
7590,0,0,0,0
7591,0,0,0,0
7592,0,0,0,0
7593,0,0,0,0
7594,0.0006666673333,4.444453333e-07,0.0006666673333,4.444453333e-07
7595,0,0,0,0
7596,0,0,0,0
7597,0,0,0,0
7598,0.0006666673333,4.444453333e-07,0.0006666673333,4.444453333e-07
7599,0,0,0,0
7600,0,0,0,0
7601,0.0006666673333,4.444453333e-07,0.0006666673333,4.444453333e-07
7602,0.0006666673333,4.444453333e-07,0.0006666673333,4.444453333e-07
7603,0,0,0,0
7604,0,0,0,0
7605,0,0,0,0
7606,0,0,0,0
7607,0,0,0,0
7608,0.0006666673333,4.444453333e-07,0.0006666673333,4.444453333e-07
7609,0,0,0,0
7610,0.001333334667,8.888906667e-07,0.001333334667,8.888906667e-07
7611,0,0,0,0
7612,0.0006666673333,4.444453333e-07,0.0006666673333,4.444453333e-07
7613,0.0006666673333,4.444453333e-07,0.0006666673333,4.444453333e-07
7614,0,0,0,0
7615,0.0006666673333,4.444453333e-07,0.0006666673333,4.444453333e-07
7616,0,0,0,0
7617,0,0,0,0
7618,0.001333334667,8.888906667e-07,0.001333334667,8.888906667e-07
7619,0,0,0,0
7620,0,0,0,0
7621,0,0,0,0
7622,0,0,0,0
7623,0,0,0,0
7624,0,0,0,0
7625,0.0006666673333,4.444453333e-07,0.0006666673333,4.444453333e-07
7626,0.0006666673333,4.444453333e-07,0.0006666673333,4.444453333e-07
7627,0,0,0,0
7628,0.0006666673333,4.444453333e-07,0.0006666673333,4.444453333e-07
7629,0,0,0,0
7630,0.0006666673333,4.444453333e-07,0.0006666673333,4.444453333e-07
7631,0.001333334667,8.888906667e-07,0.001333334667,8.888906667e-07
7632,0,0,0,0
7633,0.0006666673333,4.444453333e-07,0.0006666673333,4.444453333e-07
7634,0.0006666673333,4.444453333e-07,0.0006666673333,4.444453333e-07
7635,0.0006666673333,4.444453333e-07,0.0006666673333,4.444453333e-07
7636,0,0,0,0
7637,0,0,0,0
7638,0.001333334667,8.888906667e-07,0.001333334667,8.888906667e-07
7639,0,0,0,0
7640,0,0,0,0
7641,0,0,0,0
7642,0,0,0,0
7643,0.0006666673333,4.444453333e-07,0.0006666673333,4.444453333e-07
7644,0,0,0,0
7645,0,0,0,0
7646,0,0,0,0
7647,0.0006666673333,4.444453333e-07,0.0006666673333,4.444453333e-07
7648,0,0,0,0
7649,0,0,0,0
7650,0.0006666673333,4.444453333e-07,0.0006666673333,4.444453333e-07
7651,0,0,0,0
7652,0,0,0,0
7653,0.0006666673333,4.444453333e-07,0.0006666673333,4.444453333e-07
7654,0.0006666673333,4.444453333e-07,0.0006666673333,4.444453333e-07
7655,0,0,0,0
7656,0.0006666673333,4.444453333e-07,0.0006666673333,4.444453333e-07
7657,0,0,0,0
7658,0,0,0,0
7659,0.0006666673333,4.444453333e-07,0.0006666673333,4.444453333e-07
7660,0,0,0,0
7661,0.0006666673333,4.444453333e-07,0.0006666673333,4.444453333e-07
7662,0,0,0,0
7663,0,0,0,0
7664,0.0006666673333,4.444453333e-07,0.0006666673333,4.444453333e-07
7665,0,0,0,0
7666,0,0,0,0
7667,0,0,0,0
7668,0.0006666673333,4.444453333e-07,0.0006666673333,4.444453333e-07
7669,0,0,0,0
7670,0,0,0,0
7671,0,0,0,0
7672,0,0,0,0
7673,0,0,0,0
7674,0.0006666673333,4.444453333e-07,0.0006666673333,4.444453333e-07
7675,0,0,0,0
7676,0,0,0,0
7677,0,0,0,0
7678,0.0006666673333,4.444453333e-07,0.0006666673333,4.444453333e-07
7679,0,0,0,0
7680,0.001333334667,8.888906667e-07,0.001333334667,8.888906667e-07
7681,0,0,0,0
7682,0,0,0,0
7683,0,0,0,0
7684,0,0,0,0
7685,0,0,0,0
7686,0,0,0,0
7687,0.0006666673333,4.444453333e-07,0.0006666673333,4.444453333e-07
7688,0,0,0,0
7689,0,0,0,0
7690,0,0,0,0
7691,0,0,0,0
7692,0,0,0,0
7693,0.0006666673333,4.444453333e-07,0.0006666673333,4.444453333e-07
7694,0,0,0,0
7695,0,0,0,0
7696,0,0,0,0
7697,0,0,0,0
7698,0,0,0,0
7699,0,0,0,0
7700,0,0,0,0
7701,0,0,0,0
7702,0.0006666673333,4.444453333e-07,0.0006666673333,4.444453333e-07
7703,0,0,0,0
7704,0,0,0,0
7705,0,0,0,0
7706,0,0,0,0
7707,0.0006666673333,4.444453333e-07,0.0006666673333,4.444453333e-07
7708,0,0,0,0
7709,0,0,0,0
7710,0.001333334667,8.888906667e-07,0.001333334667,8.888906667e-07
7711,0.001000001,1.000002e-06,0.001000001,1.000002e-06
7712,0,0,0,0
7713,0,0,0,0
7714,0,0,0,0
7715,0,0,0,0
7716,0,0,0,0
7717,0,0,0,0
7718,0,0,0,0
7719,0,0,0,0
7720,0,0,0,0
7721,0,0,0,0
7722,0,0,0,0
7723,0.0006666673333,4.444453333e-07,0.0006666673333,4.444453333e-07
7724,0,0,0,0
7725,0,0,0,0
7726,0,0,0,0
7727,0,0,0,0
7728,0,0,0,0
7729,0,0,0,0
7730,0,0,0,0
7731,0,0,0,0
7732,0,0,0,0
7733,0.0006666673333,4.444453333e-07,0.0006666673333,4.444453333e-07
7734,0,0,0,0
7735,0.0006666673333,4.444453333e-07,0.0006666673333,4.444453333e-07
7736,0.0006666673333,4.444453333e-07,0.0006666673333,4.444453333e-07
7737,0.0006666673333,4.444453333e-07,0.0006666673333,4.444453333e-07
7738,0,0,0,0
7739,0,0,0,0
7740,0.0006666673333,4.444453333e-07,0.0006666673333,4.444453333e-07
7741,0.0006666673333,4.444453333e-07,0.0006666673333,4.444453333e-07
7742,0,0,0,0
7743,0,0,0,0
7744,0.0006666673333,4.444453333e-07,0.0006666673333,4.444453333e-07
7745,0.0006666673333,4.444453333e-07,0.0006666673333,4.444453333e-07
7746,0,0,0,0
7747,0,0,0,0
7748,0,0,0,0
7749,0,0,0,0
7750,0,0,0,0
7751,0,0,0,0
7752,0,0,0,0
7753,0.0006666673333,4.444453333e-07,0.0006666673333,4.444453333e-07
7754,0,0,0,0
7755,0,0,0,0
7756,0,0,0,0
7757,0,0,0,0
7758,0,0,0,0
7759,0.0006666673333,4.444453333e-07,0.0006666673333,4.444453333e-07
7760,0,0,0,0
7761,0.001333334667,8.888906667e-07,0.001333334667,8.888906667e-07
7762,0.001333334667,8.888906667e-07,0.001333334667,8.888906667e-07
7763,0,0,0,0
7764,0,0,0,0
7765,0,0,0,0
7766,0,0,0,0
7767,0,0,0,0
7768,0,0,0,0
7769,0,0,0,0
7770,0,0,0,0
7771,0,0,0,0
7772,0,0,0,0
7773,0,0,0,0
7774,0,0,0,0
7775,0,0,0,0
7776,0.001333334667,8.888906667e-07,0.001333334667,8.888906667e-07
7777,0,0,0,0
7778,0,0,0,0
7779,0,0,0,0
7780,0,0,0,0
7781,0.0006666673333,4.444453333e-07,0.0006666673333,4.444453333e-07
7782,0,0,0,0
7783,0,0,0,0
7784,0,0,0,0
7785,0,0,0,0
7786,0.0006666673333,4.444453333e-07,0.0006666673333,4.444453333e-07
7787,0,0,0,0
7788,0,0,0,0
7789,0,0,0,0
7790,0,0,0,0
7791,0,0,0,0
7792,0,0,0,0
7793,0.0006666673333,4.444453333e-07,0.0006666673333,4.444453333e-07
7794,0,0,0,0
7795,0,0,0,0
7796,0,0,0,0
7797,0,0,0,0
7798,0,0,0,0
7799,0,0,0,0
7800,0,0,0,0
7801,0,0,0,0
7802,0,0,0,0
7803,0,0,0,0
7804,0.0006666673333,4.444453333e-07,0.0006666673333,4.444453333e-07
7805,0,0,0,0
7806,0.0006666673333,4.444453333e-07,0.0006666673333,4.444453333e-07
7807,0,0,0,0
7808,0,0,0,0
7809,0,0,0,0
7810,0,0,0,0
7811,0,0,0,0
7812,0.0006666673333,4.444453333e-07,0.0006666673333,4.444453333e-07
7813,0,0,0,0
7814,0.0006666673333,4.444453333e-07,0.0006666673333,4.444453333e-07
7815,0,0,0,0
7816,0.001333334667,8.888906667e-07,0.001333334667,8.888906667e-07
7817,0.0006666673333,4.444453333e-07,0.0006666673333,4.444453333e-07
7818,0,0,0,0
7819,0,0,0,0
7820,0,0,0,0
7821,0,0,0,0
7822,0.0006666673333,4.444453333e-07,0.0006666673333,4.444453333e-07
7823,0,0,0,0
7824,0,0,0,0
7825,0.001333334667,8.888906667e-07,0.001333334667,8.888906667e-07
7826,0.0006666673333,4.444453333e-07,0.0006666673333,4.444453333e-07
7827,0,0,0,0
7828,0,0,0,0
7829,0.0006666673333,4.444453333e-07,0.0006666673333,4.444453333e-07
7830,0,0,0,0
7831,0,0,0,0
7832,0,0,0,0
7833,0.0006666673333,4.444453333e-07,0.0006666673333,4.444453333e-07
7834,0,0,0,0
7835,0.0006666673333,4.444453333e-07,0.0006666673333,4.444453333e-07
7836,0,0,0,0
7837,0,0,0,0
7838,0.0006666673333,4.444453333e-07,0.0006666673333,4.444453333e-07
7839,0,0,0,0
7840,0,0,0,0
7841,0.001333334667,8.888906667e-07,0.001333334667,8.888906667e-07
7842,0.0006666673333,4.444453333e-07,0.0006666673333,4.444453333e-07
7843,0.0006666673333,4.444453333e-07,0.0006666673333,4.444453333e-07
7844,0,0,0,0
7845,0,0,0,0
7846,0,0,0,0
7847,0.0006666673333,4.444453333e-07,0.0006666673333,4.444453333e-07
7848,0,0,0,0
7849,0,0,0,0
7850,0,0,0,0
7851,0.001333334667,8.888906667e-07,0.001333334667,8.888906667e-07
7852,0,0,0,0
7853,0.0006666673333,4.444453333e-07,0.0006666673333,4.444453333e-07
7854,0.001333334667,8.888906667e-07,0.001333334667,8.888906667e-07
7855,0,0,0,0
7856,0,0,0,0
7857,0.0006666673333,4.444453333e-07,0.0006666673333,4.444453333e-07
7858,0,0,0,0
7859,0.001333334667,8.888906667e-07,0.001333334667,8.888906667e-07
7860,0,0,0,0
7861,0,0,0,0
7862,0,0,0,0
7863,0,0,0,0
7864,0.0006666673333,4.444453333e-07,0.0006666673333,4.444453333e-07
7865,0,0,0,0
7866,0,0,0,0
7867,0,0,0,0
7868,0,0,0,0
7869,0,0,0,0
7870,0,0,0,0
7871,0,0,0,0
7872,0,0,0,0
7873,0,0,0,0
7874,0.0006666673333,4.444453333e-07,0.0006666673333,4.444453333e-07
7875,0,0,0,0
7876,0.001333334667,8.888906667e-07,0.001333334667,8.888906667e-07
7877,0,0,0,0
7878,0,0,0,0
7879,0,0,0,0
7880,0,0,0,0
7881,0.0006666673333,4.444453333e-07,0.0006666673333,4.444453333e-07
7882,0.0006666673333,4.444453333e-07,0.0006666673333,4.444453333e-07
7883,0,0,0,0
7884,0.0006666673333,4.444453333e-07,0.0006666673333,4.444453333e-07
7885,0.0006666673333,4.444453333e-07,0.0006666673333,4.444453333e-07
7886,0,0,0,0
7887,0.001333334667,8.888906667e-07,0.001333334667,8.888906667e-07
7888,0.0006666673333,4.444453333e-07,0.0006666673333,4.444453333e-07
7889,0,0,0,0
7890,0.0006666673333,4.444453333e-07,0.0006666673333,4.444453333e-07
7891,0,0,0,0
7892,0.0006666673333,4.444453333e-07,0.0006666673333,4.444453333e-07
7893,0,0,0,0
7894,0.002166668833,1.5833365e-06,0.002166668833,1.5833365e-06
7895,0,0,0,0
7896,0,0,0,0
7897,0.001333334667,8.888906667e-07,0.001333334667,8.888906667e-07
7898,0,0,0,0
7899,0,0,0,0
7900,0,0,0,0
7901,0,0,0,0
7902,0,0,0,0
7903,0,0,0,0
7904,0,0,0,0
7905,0,0,0,0
7906,0,0,0,0
7907,0.001333334667,8.888906667e-07,0.001333334667,8.888906667e-07
7908,0.0008888897777,7.90125037e-07,0.0008888897777,7.90125037e-07
7909,0.002000002,1.333336e-06,0.002000002,1.333336e-06
7910,0.002000002,1.333336e-06,0.002000002,1.333336e-06
7911,0,0,0,0
7912,0,0,0,0
7913,0.0006666673333,4.444453333e-07,0.0006666673333,4.444453333e-07
7914,0.0006666673333,4.444453333e-07,0.0006666673333,4.444453333e-07
7915,0,0,0,0
7916,0.0006666673333,4.444453333e-07,0.0006666673333,4.444453333e-07
7917,0,0,0,0
7918,0,0,0,0
7919,0,0,0,0
7920,0,0,0,0
7921,0,0,0,0
7922,0.0006666673333,4.444453333e-07,0.0006666673333,4.444453333e-07
7923,0.0006666673333,4.444453333e-07,0.0006666673333,4.444453333e-07
7924,0,0,0,0
7925,0,0,0,0
7926,0.0006666673333,4.444453333e-07,0.0006666673333,4.444453333e-07
7927,0,0,0,0
7928,0,0,0,0
7929,0.0006666673333,4.444453333e-07,0.0006666673333,4.444453333e-07
7930,0,0,0,0
7931,0.0006666673333,4.444453333e-07,0.0006666673333,4.444453333e-07
7932,0,0,0,0
7933,0,0,0,0
7934,0,0,0,0
7935,0,0,0,0
7936,0,0,0,0
7937,0.0006666673333,4.444453333e-07,0.0006666673333,4.444453333e-07
7938,0.001333334667,8.888906667e-07,0.001333334667,8.888906667e-07
7939,0,0,0,0
7940,0,0,0,0
7941,0,0,0,0
7942,0.001333334667,8.888906667e-07,0.001333334667,8.888906667e-07
7943,0.001333334667,1.777781333e-06,0.001333334667,1.777781333e-06
7944,0.0006666673333,4.444453333e-07,0.0006666673333,4.444453333e-07
7945,0,0,0,0
7946,0.0006666673333,4.444453333e-07,0.0006666673333,4.444453333e-07
7947,0,0,0,0
7948,0.002000002,1.333336e-06,0.002000002,1.333336e-06
7949,0,0,0,0
7950,0,0,0,0
7951,0,0,0,0
7952,0,0,0,0
7953,0,0,0,0
7954,0,0,0,0
7955,0.0006666673333,4.444453333e-07,0.0006666673333,4.444453333e-07
7956,0,0,0,0
7957,0,0,0,0
7958,0,0,0,0
7959,0,0,0,0
7960,0.0006666673333,4.444453333e-07,0.0006666673333,4.444453333e-07
7961,0,0,0,0
7962,0,0,0,0
7963,0,0,0,0
7964,0,0,0,0
7965,0,0,0,0
7966,0,0,0,0
7967,0,0,0,0
7968,0,0,0,0
7969,0.0006666673333,4.444453333e-07,0.0006666673333,4.444453333e-07
7970,0,0,0,0
7971,0.0006666673333,4.444453333e-07,0.0006666673333,4.444453333e-07
7972,0.0006666673333,4.444453333e-07,0.0006666673333,4.444453333e-07
7973,0,0,0,0
7974,0,0,0,0
7975,0,0,0,0
7976,0.0006666673333,4.444453333e-07,0.0006666673333,4.444453333e-07
7977,0,0,0,0
7978,0.0006666673333,4.444453333e-07,0.0006666673333,4.444453333e-07
7979,0,0,0,0
7980,0,0,0,0
7981,0.0006666673333,4.444453333e-07,0.0006666673333,4.444453333e-07
7982,0.0006666673333,4.444453333e-07,0.0006666673333,4.444453333e-07
7983,0,0,0,0
7984,0,0,0,0
7985,0,0,0,0
7986,0,0,0,0
7987,0.0006666673333,4.444453333e-07,0.0006666673333,4.444453333e-07
7988,0,0,0,0
7989,0,0,0,0
7990,0.0006666673333,4.444453333e-07,0.0006666673333,4.444453333e-07
7991,0,0,0,0
7992,0,0,0,0
7993,0.001333334667,8.888906667e-07,0.001333334667,8.888906667e-07
7994,0,0,0,0
7995,0,0,0,0
7996,0.0006666673333,4.444453333e-07,0.0006666673333,4.444453333e-07
7997,0,0,0,0
7998,0.0006666673333,4.444453333e-07,0.0006666673333,4.444453333e-07
7999,0,0,0,0
8000,0.0006666673333,4.444453333e-07,0.0006666673333,4.444453333e-07
8001,0.0006666673333,4.444453333e-07,0.0006666673333,4.444453333e-07
8002,0,0,0,0
8003,0.0006666673333,4.444453333e-07,0.0006666673333,4.444453333e-07
8004,0.001333334667,8.888906667e-07,0.001333334667,8.888906667e-07
8005,0.001333334667,8.888906667e-07,0.001333334667,8.888906667e-07
8006,0,0,0,0
8007,0,0,0,0
8008,0,0,0,0
8009,0,0,0,0
8010,0,0,0,0
8011,0,0,0,0
8012,0,0,0,0
8013,0,0,0,0
8014,0,0,0,0
8015,0,0,0,0
8016,0,0,0,0
8017,0.0006666673333,4.444453333e-07,0.0006666673333,4.444453333e-07
8018,0,0,0,0
8019,0,0,0,0
8020,0,0,0,0
8021,0,0,0,0
8022,0,0,0,0
8023,0.0006666673333,4.444453333e-07,0.0006666673333,4.444453333e-07
8024,0,0,0,0
8025,0,0,0,0
8026,0,0,0,0
8027,0,0,0,0
8028,0,0,0,0
8029,0,0,0,0
8030,0.0006666673333,4.444453333e-07,0.0006666673333,4.444453333e-07
8031,0,0,0,0
8032,0,0,0,0
8033,0,0,0,0
8034,0,0,0,0
8035,0,0,0,0
8036,0.0006666673333,4.444453333e-07,0.0006666673333,4.444453333e-07
8037,0,0,0,0
8038,0.0006666673333,4.444453333e-07,0.0006666673333,4.444453333e-07
8039,0,0,0,0
8040,0.0006666673333,4.444453333e-07,0.0006666673333,4.444453333e-07
8041,0.0006666673333,4.444453333e-07,0.0006666673333,4.444453333e-07
8042,0.0006666673333,4.444453333e-07,0.0006666673333,4.444453333e-07
8043,0,0,0,0
8044,0,0,0,0
8045,0.0006666673333,4.444453333e-07,0.0006666673333,4.444453333e-07
8046,0,0,0,0
8047,0.0006666673333,4.444453333e-07,0.0006666673333,4.444453333e-07
8048,0,0,0,0
8049,0.0006666673333,4.444453333e-07,0.0006666673333,4.444453333e-07
8050,0,0,0,0
8051,0,0,0,0
8052,0,0,0,0
8053,0,0,0,0
8054,0,0,0,0
8055,0,0,0,0
8056,0,0,0,0
8057,0,0,0,0
8058,0,0,0,0
8059,0.001333334667,8.888906667e-07,0.001333334667,8.888906667e-07
8060,0.0006666673333,4.444453333e-07,0.0006666673333,4.444453333e-07
8061,0.0006666673333,4.444453333e-07,0.0006666673333,4.444453333e-07
8062,0.0006666673333,4.444453333e-07,0.0006666673333,4.444453333e-07
8063,0.0006666673333,4.444453333e-07,0.0006666673333,4.444453333e-07
8064,0,0,0,0
8065,0,0,0,0
8066,0,0,0,0
8067,0.001333334667,8.888906667e-07,0.001333334667,8.888906667e-07
8068,0,0,0,0
8069,0.0006666673333,4.444453333e-07,0.0006666673333,4.444453333e-07
8070,0,0,0,0
8071,0,0,0,0
8072,0,0,0,0
8073,0,0,0,0
8074,0,0,0,0
8075,0,0,0,0
8076,0,0,0,0
8077,0,0,0,0
8078,0,0,0,0
8079,0,0,0,0
8080,0,0,0,0
8081,0.0006666673333,4.444453333e-07,0.0006666673333,4.444453333e-07
8082,0,0,0,0
8083,0,0,0,0
8084,0,0,0,0
8085,0,0,0,0
8086,0,0,0,0
8087,0.001333334667,8.888906667e-07,0.001333334667,8.888906667e-07
8088,0,0,0,0
8089,0,0,0,0
8090,0,0,0,0
8091,0,0,0,0
8092,0,0,0,0
8093,0,0,0,0
8094,0,0,0,0
8095,0.0006666673333,4.444453333e-07,0.0006666673333,4.444453333e-07
8096,0.0006666673333,4.444453333e-07,0.0006666673333,4.444453333e-07
8097,0,0,0,0
8098,0.001333334667,8.888906667e-07,0.001333334667,8.888906667e-07
8099,0.0006666673333,4.444453333e-07,0.0006666673333,4.444453333e-07
8100,0.0006666673333,4.444453333e-07,0.0006666673333,4.444453333e-07
8101,0,0,0,0
8102,0,0,0,0
8103,0,0,0,0
8104,0,0,0,0
8105,0,0,0,0
8106,0,0,0,0
8107,0,0,0,0
8108,0.0006666673333,4.444453333e-07,0.0006666673333,4.444453333e-07
8109,0,0,0,0
8110,0,0,0,0
8111,0.0006666673333,4.444453333e-07,0.0006666673333,4.444453333e-07
8112,0.0006666673333,4.444453333e-07,0.0006666673333,4.444453333e-07
8113,0,0,0,0
8114,0,0,0,0
8115,0,0,0,0
8116,0,0,0,0
8117,0,0,0,0
8118,0,0,0,0
8119,0,0,0,0
8120,0.0006666673333,4.444453333e-07,0.0006666673333,4.444453333e-07
8121,0,0,0,0
8122,0.0006666673333,4.444453333e-07,0.0006666673333,4.444453333e-07
8123,0,0,0,0
8124,0,0,0,0
8125,0.0006666673333,4.444453333e-07,0.0006666673333,4.444453333e-07
8126,0,0,0,0
8127,0.0006666673333,4.444453333e-07,0.0006666673333,4.444453333e-07
8128,0.0006666673333,4.444453333e-07,0.0006666673333,4.444453333e-07
8129,0,0,0,0
8130,0,0,0,0
8131,0,0,0,0
8132,0.0006666673333,4.444453333e-07,0.0006666673333,4.444453333e-07
8133,0.0006666673333,4.444453333e-07,0.0006666673333,4.444453333e-07
8134,0,0,0,0
8135,0,0,0,0
8136,0.0006666673333,4.444453333e-07,0.0006666673333,4.444453333e-07
8137,0.0006666673333,4.444453333e-07,0.0006666673333,4.444453333e-07
8138,0,0,0,0
8139,0.0006666673333,4.444453333e-07,0.0006666673333,4.444453333e-07
8140,0.002666669333,1.777781333e-06,0.002666669333,1.777781333e-06
8141,0.0006666673333,4.444453333e-07,0.0006666673333,4.444453333e-07
8142,0,0,0,0
8143,0,0,0,0
8144,0.0006666673333,4.444453333e-07,0.0006666673333,4.444453333e-07
8145,0,0,0,0
8146,0,0,0,0
8147,0,0,0,0
8148,0,0,0,0
8149,0,0,0,0
8150,0,0,0,0
8151,0,0,0,0
8152,0,0,0,0
8153,0,0,0,0
8154,0,0,0,0
8155,0.0006666673333,4.444453333e-07,0.0006666673333,4.444453333e-07
8156,0,0,0,0
8157,0.0006666673333,4.444453333e-07,0.0006666673333,4.444453333e-07
8158,0,0,0,0
8159,0.0006666673333,4.444453333e-07,0.0006666673333,4.444453333e-07
8160,0,0,0,0
8161,0.0006666673333,4.444453333e-07,0.0006666673333,4.444453333e-07
8162,0,0,0,0
8163,0,0,0,0
8164,0,0,0,0
8165,0,0,0,0
8166,0.0006666673333,4.444453333e-07,0.0006666673333,4.444453333e-07
8167,0.0006666673333,4.444453333e-07,0.0006666673333,4.444453333e-07
8168,0,0,0,0
8169,0,0,0,0
8170,0,0,0,0
8171,0,0,0,0
8172,0.0006666673333,4.444453333e-07,0.0006666673333,4.444453333e-07
8173,0,0,0,0
8174,0,0,0,0
8175,0.0006666673333,4.444453333e-07,0.0006666673333,4.444453333e-07
8176,0,0,0,0
8177,0,0,0,0
8178,0.0006666673333,4.444453333e-07,0.0006666673333,4.444453333e-07
8179,0,0,0,0
8180,0.002666669333,1.777781333e-06,0.002666669333,1.777781333e-06
8181,0.0006666673333,4.444453333e-07,0.0006666673333,4.444453333e-07
8182,0,0,0,0
8183,0,0,0,0
8184,0,0,0,0
8185,0,0,0,0
8186,0,0,0,0
8187,0,0,0,0
8188,0,0,0,0
8189,0,0,0,0
8190,0.0006666673333,4.444453333e-07,0.0006666673333,4.444453333e-07
8191,0.0006666673333,4.444453333e-07,0.0006666673333,4.444453333e-07
8192,0.0006666673333,4.444453333e-07,0.0006666673333,4.444453333e-07
8193,0.0008333341667,6.944458333e-07,0.0008333341667,6.944458333e-07
8194,0.0006666673333,4.444453333e-07,0.0006666673333,4.444453333e-07
8195,0,0,0,0
8196,0,0,0,0
8197,0,0,0,0
8198,0,0,0,0
8199,0,0,0,0
8200,0.0006666673333,4.444453333e-07,0.0006666673333,4.444453333e-07
8201,0,0,0,0
8202,0,0,0,0
8203,0,0,0,0
8204,0,0,0,0
8205,0.001333334667,8.888906667e-07,0.001333334667,8.888906667e-07
8206,0,0,0,0
8207,0,0,0,0
8208,0,0,0,0
8209,0.0006666673333,4.444453333e-07,0.0006666673333,4.444453333e-07
8210,0,0,0,0
8211,0,0,0,0
8212,0,0,0,0
8213,0.0006666673333,4.444453333e-07,0.0006666673333,4.444453333e-07
8214,0,0,0,0
8215,0,0,0,0
8216,0,0,0,0
8217,0,0,0,0
8218,0,0,0,0
8219,0.0006666673333,4.444453333e-07,0.0006666673333,4.444453333e-07
8220,0.0006666673333,4.444453333e-07,0.0006666673333,4.444453333e-07
8221,0,0,0,0
8222,0,0,0,0
8223,0,0,0,0
8224,0,0,0,0
8225,0,0,0,0
8226,0,0,0,0
8227,0,0,0,0
8228,0,0,0,0
8229,0,0,0,0
8230,0,0,0,0
8231,0.0006666673333,4.444453333e-07,0.0006666673333,4.444453333e-07
8232,0,0,0,0
8233,0,0,0,0
8234,0,0,0,0
8235,0.001333334667,8.888906667e-07,0.001333334667,8.888906667e-07
8236,0,0,0,0
8237,0,0,0,0
8238,0,0,0,0
8239,0.0006666673333,4.444453333e-07,0.0006666673333,4.444453333e-07
8240,0.001333334667,8.888906667e-07,0.001333334667,8.888906667e-07
8241,0,0,0,0
8242,0,0,0,0
8243,0,0,0,0
8244,0.0006666673333,4.444453333e-07,0.0006666673333,4.444453333e-07
8245,0,0,0,0
8246,0,0,0,0
8247,0,0,0,0
8248,0,0,0,0
8249,0,0,0,0
8250,0,0,0,0
8251,0,0,0,0
8252,0.0006666673333,4.444453333e-07,0.0006666673333,4.444453333e-07
8253,0,0,0,0
8254,0,0,0,0
8255,0.0006666673333,4.444453333e-07,0.0006666673333,4.444453333e-07
8256,0,0,0,0
8257,0,0,0,0
8258,0,0,0,0
8259,0.0006666673333,4.444453333e-07,0.0006666673333,4.444453333e-07
8260,0,0,0,0
8261,0,0,0,0
8262,0,0,0,0
8263,0,0,0,0
8264,0.0006666673333,4.444453333e-07,0.0006666673333,4.444453333e-07
8265,0,0,0,0
8266,0,0,0,0
8267,0,0,0,0
8268,0,0,0,0
8269,0,0,0,0
8270,0.0006666673333,4.444453333e-07,0.0006666673333,4.444453333e-07
8271,0.0006666673333,4.444453333e-07,0.0006666673333,4.444453333e-07
8272,0,0,0,0
8273,0,0,0,0
8274,0,0,0,0
8275,0.001555557111,1.23457037e-06,0.001555557111,1.23457037e-06
8276,0,0,0,0
8277,0,0,0,0
8278,0,0,0,0
8279,0,0,0,0
8280,0,0,0,0
8281,0,0,0,0
8282,0.0006666673333,4.444453333e-07,0.0006666673333,4.444453333e-07
8283,0,0,0,0
8284,0,0,0,0
8285,0,0,0,0
8286,0.001333334667,8.888906667e-07,0.001333334667,8.888906667e-07
8287,0.0006666673333,4.444453333e-07,0.0006666673333,4.444453333e-07
8288,0,0,0,0
8289,0.0006666673333,4.444453333e-07,0.0006666673333,4.444453333e-07
8290,0,0,0,0
8291,0,0,0,0
8292,0,0,0,0
8293,0,0,0,0
8294,0,0,0,0
8295,0.0006666673333,4.444453333e-07,0.0006666673333,4.444453333e-07
8296,0,0,0,0
8297,0,0,0,0
8298,0,0,0,0
8299,0.001333334667,8.888906667e-07,0.001333334667,8.888906667e-07
8300,0,0,0,0
8301,0.001333334667,8.888906667e-07,0.001333334667,8.888906667e-07
8302,0,0,0,0
8303,0,0,0,0
8304,0.0006666673333,4.444453333e-07,0.0006666673333,4.444453333e-07
8305,0,0,0,0
8306,0,0,0,0
8307,0,0,0,0
8308,0,0,0,0
8309,0,0,0,0
8310,0,0,0,0
8311,0,0,0,0
8312,0.0006666673333,4.444453333e-07,0.0006666673333,4.444453333e-07
8313,0,0,0,0
8314,0.0006666673333,4.444453333e-07,0.0006666673333,4.444453333e-07
8315,0,0,0,0
8316,0,0,0,0
8317,0,0,0,0
8318,0,0,0,0
8319,0.0006666673333,4.444453333e-07,0.0006666673333,4.444453333e-07
8320,0,0,0,0
8321,0,0,0,0
8322,0.001333334667,8.888906667e-07,0.001333334667,8.888906667e-07
8323,0,0,0,0
8324,0,0,0,0
8325,0,0,0,0
8326,0.0006666673333,4.444453333e-07,0.0006666673333,4.444453333e-07
8327,0,0,0,0
8328,0.0006666673333,4.444453333e-07,0.0006666673333,4.444453333e-07
8329,0,0,0,0
8330,0,0,0,0
8331,0,0,0,0
8332,0,0,0,0
8333,0,0,0,0
8334,0,0,0,0
8335,0,0,0,0
8336,0,0,0,0
8337,0,0,0,0
8338,0,0,0,0
8339,0.0006666673333,4.444453333e-07,0.0006666673333,4.444453333e-07
8340,0,0,0,0
8341,0.0006666673333,4.444453333e-07,0.0006666673333,4.444453333e-07
8342,0,0,0,0
8343,0,0,0,0
8344,0,0,0,0
8345,0,0,0,0
8346,0,0,0,0
8347,0,0,0,0
8348,0,0,0,0
8349,0.001333334667,8.888906667e-07,0.001333334667,8.888906667e-07
8350,0,0,0,0
8351,0,0,0,0
8352,0,0,0,0
8353,0.0006666673333,4.444453333e-07,0.0006666673333,4.444453333e-07
8354,0,0,0,0
8355,0,0,0,0
8356,0.0006666673333,4.444453333e-07,0.0006666673333,4.444453333e-07
8357,0,0,0,0
8358,0,0,0,0
8359,0,0,0,0
8360,0,0,0,0
8361,0,0,0,0
8362,0.0006666673333,4.444453333e-07,0.0006666673333,4.444453333e-07
8363,0,0,0,0
8364,0.001333334667,8.888906667e-07,0.001333334667,8.888906667e-07
8365,0,0,0,0
8366,0.0006666673333,4.444453333e-07,0.0006666673333,4.444453333e-07
8367,0,0,0,0
8368,0.0006666673333,4.444453333e-07,0.0006666673333,4.444453333e-07
8369,0,0,0,0
8370,0.0006666673333,4.444453333e-07,0.0006666673333,4.444453333e-07
8371,0,0,0,0
8372,0,0,0,0
8373,0,0,0,0
8374,0,0,0,0
8375,0,0,0,0
8376,0,0,0,0
8377,0,0,0,0
8378,0,0,0,0
8379,0,0,0,0
8380,0,0,0,0
8381,0,0,0,0
8382,0,0,0,0
8383,0,0,0,0
8384,0.0006666673333,4.444453333e-07,0.0006666673333,4.444453333e-07
8385,0,0,0,0
8386,0,0,0,0
8387,0,0,0,0
8388,0.0015000015,1.138891167e-06,0.0015000015,1.138891167e-06
8389,0,0,0,0
8390,0.0006666673333,4.444453333e-07,0.0006666673333,4.444453333e-07
8391,0.0006666673333,4.444453333e-07,0.0006666673333,4.444453333e-07
8392,0,0,0,0
8393,0.001111112222,1.23457037e-06,0.001111112222,1.23457037e-06
8394,0.0006666673333,4.444453333e-07,0.0006666673333,4.444453333e-07
8395,0,0,0,0
8396,0,0,0,0
8397,0.0006666673333,4.444453333e-07,0.0006666673333,4.444453333e-07
8398,0,0,0,0
8399,0,0,0,0
8400,0,0,0,0
8401,0,0,0,0
8402,0,0,0,0
8403,0.0006666673333,4.444453333e-07,0.0006666673333,4.444453333e-07
8404,0,0,0,0
8405,0,0,0,0
8406,0,0,0,0
8407,0,0,0,0
8408,0.0006666673333,4.444453333e-07,0.0006666673333,4.444453333e-07
8409,0.0006666673333,4.444453333e-07,0.0006666673333,4.444453333e-07
8410,0.001333334667,8.888906667e-07,0.001333334667,8.888906667e-07
8411,0,0,0,0
8412,0,0,0,0
8413,0,0,0,0
8414,0.0006666673333,4.444453333e-07,0.0006666673333,4.444453333e-07
8415,0,0,0,0
8416,0,0,0,0
8417,0.0006666673333,4.444453333e-07,0.0006666673333,4.444453333e-07
8418,0,0,0,0
8419,0,0,0,0
8420,0,0,0,0
8421,0,0,0,0
8422,0,0,0,0
8423,0,0,0,0
8424,0.0006666673333,4.444453333e-07,0.0006666673333,4.444453333e-07
8425,0,0,0,0
8426,0,0,0,0
8427,0,0,0,0
8428,0.001333334667,8.888906667e-07,0.001333334667,8.888906667e-07
8429,0,0,0,0
8430,0.001333334667,8.888906667e-07,0.001333334667,8.888906667e-07
8431,0.0006666673333,4.444453333e-07,0.0006666673333,4.444453333e-07
8432,0.0006666673333,4.444453333e-07,0.0006666673333,4.444453333e-07
8433,0,0,0,0
8434,0,0,0,0
8435,0,0,0,0
8436,0,0,0,0
8437,0,0,0,0
8438,0,0,0,0
8439,0,0,0,0
8440,0.00075000075,5.62501125e-07,0.00075000075,5.62501125e-07
8441,0.0006666673333,4.444453333e-07,0.0006666673333,4.444453333e-07
8442,0,0,0,0
8443,0.0006666673333,4.444453333e-07,0.0006666673333,4.444453333e-07
8444,0,0,0,0
8445,0,0,0,0
8446,0.0006666673333,4.444453333e-07,0.0006666673333,4.444453333e-07
8447,0,0,0,0
8448,0,0,0,0
8449,0,0,0,0
8450,0,0,0,0
8451,0.002000002,4.000008e-06,0.002000002,4.000008e-06
8452,0.0006666673333,4.444453333e-07,0.0006666673333,4.444453333e-07
8453,0,0,0,0
8454,0.0006666673333,4.444453333e-07,0.0006666673333,4.444453333e-07
8455,0,0,0,0
8456,0,0,0,0
8457,0,0,0,0
8458,0,0,0,0
8459,0.0006666673333,4.444453333e-07,0.0006666673333,4.444453333e-07
8460,0,0,0,0
8461,0,0,0,0
8462,0,0,0,0
8463,0,0,0,0
8464,0.0006666673333,4.444453333e-07,0.0006666673333,4.444453333e-07
8465,0,0,0,0
8466,0,0,0,0
8467,0.0006666673333,4.444453333e-07,0.0006666673333,4.444453333e-07
8468,0,0,0,0
8469,0,0,0,0
8470,0,0,0,0
8471,0,0,0,0
8472,0,0,0,0
8473,0,0,0,0
8474,0.001333334667,8.888906667e-07,0.001333334667,8.888906667e-07
8475,0,0,0,0
8476,0,0,0,0
8477,0,0,0,0
8478,0.0006666673333,4.444453333e-07,0.0006666673333,4.444453333e-07
8479,0,0,0,0
8480,0,0,0,0
8481,0,0,0,0
8482,0,0,0,0
8483,0,0,0,0
8484,0.0006666673333,4.444453333e-07,0.0006666673333,4.444453333e-07
8485,0,0,0,0
8486,0,0,0,0
8487,0,0,0,0
8488,0.0006666673333,4.444453333e-07,0.0006666673333,4.444453333e-07
8489,0,0,0,0
8490,0.001333334667,8.888906667e-07,0.001333334667,8.888906667e-07
8491,0.0006666673333,4.444453333e-07,0.0006666673333,4.444453333e-07
8492,0.0006666673333,4.444453333e-07,0.0006666673333,4.444453333e-07
8493,0.0006666673333,4.444453333e-07,0.0006666673333,4.444453333e-07
8494,0,0,0,0
8495,0,0,0,0
8496,0,0,0,0
8497,0,0,0,0
8498,0.0006666673333,4.444453333e-07,0.0006666673333,4.444453333e-07
8499,0.0006666673333,4.444453333e-07,0.0006666673333,4.444453333e-07
8500,0.0006666673333,4.444453333e-07,0.0006666673333,4.444453333e-07
8501,0.0006666673333,4.444453333e-07,0.0006666673333,4.444453333e-07
8502,0,0,0,0
8503,0,0,0,0
8504,0,0,0,0
8505,0,0,0,0
8506,0,0,0,0
8507,0.001333334667,8.888906667e-07,0.001333334667,8.888906667e-07
8508,0,0,0,0
8509,0.0006666673333,4.444453333e-07,0.0006666673333,4.444453333e-07
8510,0,0,0,0
8511,0,0,0,0
8512,0,0,0,0
8513,0,0,0,0
8514,0.0006666673333,4.444453333e-07,0.0006666673333,4.444453333e-07
8515,0,0,0,0
8516,0.0006666673333,4.444453333e-07,0.0006666673333,4.444453333e-07
8517,0.0006666673333,4.444453333e-07,0.0006666673333,4.444453333e-07
8518,0.0006666673333,4.444453333e-07,0.0006666673333,4.444453333e-07
8519,0.0006666673333,4.444453333e-07,0.0006666673333,4.444453333e-07
8520,0.0006666673333,4.444453333e-07,0.0006666673333,4.444453333e-07
8521,0,0,0,0
8522,0,0,0,0
8523,0,0,0,0
8524,0,0,0,0
8525,0,0,0,0
8526,0,0,0,0
8527,0,0,0,0
8528,0,0,0,0
8529,0,0,0,0
8530,0.0006666673333,4.444453333e-07,0.0006666673333,4.444453333e-07
8531,0,0,0,0
8532,0,0,0,0
8533,0,0,0,0
8534,0,0,0,0
8535,0,0,0,0
8536,0.0006666673333,4.444453333e-07,0.0006666673333,4.444453333e-07
8537,0.0006666673333,4.444453333e-07,0.0006666673333,4.444453333e-07
8538,0,0,0,0
8539,0,0,0,0
8540,0,0,0,0
8541,0,0,0,0
8542,0,0,0,0
8543,0.0006666673333,4.444453333e-07,0.0006666673333,4.444453333e-07
8544,0,0,0,0
8545,0,0,0,0
8546,0,0,0,0
8547,0,0,0,0
8548,0.0006666673333,4.444453333e-07,0.0006666673333,4.444453333e-07
8549,0,0,0,0
8550,0.0006666673333,4.444453333e-07,0.0006666673333,4.444453333e-07
8551,0,0,0,0
8552,0,0,0,0
8553,0,0,0,0
8554,0,0,0,0
8555,0,0,0,0
8556,0,0,0,0
8557,0,0,0,0
8558,0,0,0,0
8559,0.00075000075,5.62501125e-07,0.00075000075,5.62501125e-07
8560,0,0,0,0
8561,0,0,0,0
8562,0,0,0,0
8563,0,0,0,0
8564,0,0,0,0
8565,0,0,0,0
8566,0,0,0,0
8567,0,0,0,0
8568,0,0,0,0
8569,0,0,0,0
8570,0.0006666673333,4.444453333e-07,0.0006666673333,4.444453333e-07
8571,0,0,0,0
8572,0,0,0,0
8573,0,0,0,0
8574,0.0006666673333,4.444453333e-07,0.0006666673333,4.444453333e-07
8575,0,0,0,0
8576,0,0,0,0
8577,0,0,0,0
8578,0,0,0,0
8579,0,0,0,0
8580,0,0,0,0
8581,0,0,0,0
8582,0,0,0,0
8583,0.0006666673333,4.444453333e-07,0.0006666673333,4.444453333e-07
8584,0,0,0,0
8585,0,0,0,0
8586,0,0,0,0
8587,0.0006666673333,4.444453333e-07,0.0006666673333,4.444453333e-07
8588,0,0,0,0
8589,0,0,0,0
8590,0,0,0,0
8591,0,0,0,0
8592,0.0006666673333,4.444453333e-07,0.0006666673333,4.444453333e-07
8593,0,0,0,0
8594,0,0,0,0
8595,0.0006666673333,4.444453333e-07,0.0006666673333,4.444453333e-07
8596,0.0006666673333,4.444453333e-07,0.0006666673333,4.444453333e-07
8597,0,0,0,0
8598,0,0,0,0
8599,0,0,0,0
8600,0.0006666673333,4.444453333e-07,0.0006666673333,4.444453333e-07
8601,0,0,0,0
8602,0,0,0,0
8603,0,0,0,0
8604,0.0006666673333,4.444453333e-07,0.0006666673333,4.444453333e-07
8605,0.001333334667,8.888906667e-07,0.001333334667,8.888906667e-07
8606,0,0,0,0
8607,0,0,0,0
8608,0.0006666673333,4.444453333e-07,0.0006666673333,4.444453333e-07
8609,0,0,0,0
8610,0.0006666673333,4.444453333e-07,0.0006666673333,4.444453333e-07
8611,0,0,0,0
8612,0.0006666673333,4.444453333e-07,0.0006666673333,4.444453333e-07
8613,0,0,0,0
8614,0,0,0,0
8615,0,0,0,0
8616,0,0,0,0
8617,0.0006666673333,4.444453333e-07,0.0006666673333,4.444453333e-07
8618,0.0006666673333,4.444453333e-07,0.0006666673333,4.444453333e-07
8619,0,0,0,0
8620,0,0,0,0
8621,0,0,0,0
8622,0,0,0,0
8623,0.0006666673333,4.444453333e-07,0.0006666673333,4.444453333e-07
8624,0.0006666673333,4.444453333e-07,0.0006666673333,4.444453333e-07
8625,0,0,0,0
8626,0,0,0,0
8627,0,0,0,0
8628,0,0,0,0
8629,0,0,0,0
8630,0,0,0,0
8631,0.0006666673333,4.444453333e-07,0.0006666673333,4.444453333e-07
8632,0.0006666673333,4.444453333e-07,0.0006666673333,4.444453333e-07
8633,0.0006666673333,4.444453333e-07,0.0006666673333,4.444453333e-07
8634,0,0,0,0
8635,0,0,0,0
8636,0,0,0,0
8637,0,0,0,0
8638,0,0,0,0
8639,0,0,0,0
8640,0.0006666673333,4.444453333e-07,0.0006666673333,4.444453333e-07
8641,0,0,0,0
8642,0,0,0,0
8643,0,0,0,0
8644,0,0,0,0
8645,0,0,0,0
8646,0.0006666673333,4.444453333e-07,0.0006666673333,4.444453333e-07
8647,0,0,0,0
8648,0.0006666673333,4.444453333e-07,0.0006666673333,4.444453333e-07
8649,0,0,0,0
8650,0.0006666673333,4.444453333e-07,0.0006666673333,4.444453333e-07
8651,0,0,0,0
8652,0,0,0,0
8653,0.002000002,1.333336e-06,0.002000002,1.333336e-06
8654,0.0006666673333,4.444453333e-07,0.0006666673333,4.444453333e-07
8655,0,0,0,0
8656,0.0006666673333,4.444453333e-07,0.0006666673333,4.444453333e-07
8657,0,0,0,0
8658,0.0006666673333,4.444453333e-07,0.0006666673333,4.444453333e-07
8659,0.0006666673333,4.444453333e-07,0.0006666673333,4.444453333e-07
8660,0,0,0,0
8661,0,0,0,0
8662,0,0,0,0
8663,0.001333334667,8.888906667e-07,0.001333334667,8.888906667e-07
8664,0,0,0,0
8665,0.0006666673333,4.444453333e-07,0.0006666673333,4.444453333e-07
8666,0.0006666673333,4.444453333e-07,0.0006666673333,4.444453333e-07
8667,0,0,0,0
8668,0,0,0,0
8669,0,0,0,0
8670,0,0,0,0
8671,0,0,0,0
8672,0.0006666673333,4.444453333e-07,0.0006666673333,4.444453333e-07
8673,0,0,0,0
8674,0,0,0,0
8675,0,0,0,0
8676,0,0,0,0
8677,0,0,0,0
8678,0.0006666673333,4.444453333e-07,0.0006666673333,4.444453333e-07
8679,0.0006666673333,4.444453333e-07,0.0006666673333,4.444453333e-07
8680,0,0,0,0
8681,0,0,0,0
8682,0,0,0,0
8683,0,0,0,0
8684,0,0,0,0
8685,0.002000002,1.333336e-06,0.002000002,1.333336e-06
8686,0,0,0,0
8687,0,0,0,0
8688,0,0,0,0
8689,0,0,0,0
8690,0,0,0,0
8691,0,0,0,0
8692,0,0,0,0
8693,0.0006666673333,4.444453333e-07,0.0006666673333,4.444453333e-07
8694,0,0,0,0
8695,0.0006666673333,4.444453333e-07,0.0006666673333,4.444453333e-07
8696,0,0,0,0
8697,0,0,0,0
8698,0,0,0,0
8699,0,0,0,0
8700,0,0,0,0
8701,0,0,0,0
8702,0.0006666673333,4.444453333e-07,0.0006666673333,4.444453333e-07
8703,0,0,0,0
8704,0.0006666673333,4.444453333e-07,0.0006666673333,4.444453333e-07
8705,0,0,0,0
8706,0.0006666673333,4.444453333e-07,0.0006666673333,4.444453333e-07
8707,0,0,0,0
8708,0,0,0,0
8709,0,0,0,0
8710,0,0,0,0
8711,0,0,0,0
8712,0,0,0,0
8713,0,0,0,0
8714,0.001333334667,8.888906667e-07,0.001333334667,8.888906667e-07
8715,0,0,0,0
8716,0,0,0,0
8717,0,0,0,0
8718,0,0,0,0
8719,0,0,0,0
8720,0,0,0,0
8721,0,0,0,0
8722,0.0006666673333,4.444453333e-07,0.0006666673333,4.444453333e-07
8723,0.0006666673333,4.444453333e-07,0.0006666673333,4.444453333e-07
8724,0,0,0,0
8725,0,0,0,0
8726,0,0,0,0
8727,0.0006666673333,4.444453333e-07,0.0006666673333,4.444453333e-07
8728,0.0006666673333,4.444453333e-07,0.0006666673333,4.444453333e-07
8729,0,0,0,0
8730,0,0,0,0
8731,0,0,0,0
8732,0,0,0,0
8733,0.0006666673333,4.444453333e-07,0.0006666673333,4.444453333e-07
8734,0,0,0,0
8735,0,0,0,0
8736,0,0,0,0
8737,0,0,0,0
8738,0,0,0,0
8739,0.0006666673333,4.444453333e-07,0.0006666673333,4.444453333e-07
8740,0.001333334667,8.888906667e-07,0.001333334667,8.888906667e-07
8741,0.0006666673333,4.444453333e-07,0.0006666673333,4.444453333e-07
8742,0.001333334667,8.888906667e-07,0.001333334667,8.888906667e-07
8743,0,0,0,0
8744,0.0006666673333,4.444453333e-07,0.0006666673333,4.444453333e-07
8745,0,0,0,0
8746,0,0,0,0
8747,0,0,0,0
8748,0,0,0,0
8749,0.0006666673333,4.444453333e-07,0.0006666673333,4.444453333e-07
8750,0,0,0,0
8751,0,0,0,0
8752,0,0,0,0
8753,0,0,0,0
8754,0,0,0,0
8755,0,0,0,0
8756,0.0006666673333,4.444453333e-07,0.0006666673333,4.444453333e-07
8757,0,0,0,0
8758,0,0,0,0
8759,0,0,0,0
8760,0,0,0,0
8761,0,0,0,0
8762,0,0,0,0
8763,0,0,0,0
8764,0,0,0,0
8765,0.0006666673333,4.444453333e-07,0.0006666673333,4.444453333e-07
8766,0.0006666673333,4.444453333e-07,0.0006666673333,4.444453333e-07
8767,0,0,0,0
8768,0.0006666673333,4.444453333e-07,0.0006666673333,4.444453333e-07
8769,0,0,0,0
8770,0,0,0,0
8771,0.0006666673333,4.444453333e-07,0.0006666673333,4.444453333e-07
8772,0.0006666673333,4.444453333e-07,0.0006666673333,4.444453333e-07
8773,0,0,0,0
8774,0,0,0,0
8775,0,0,0,0
8776,0.0006666673333,4.444453333e-07,0.0006666673333,4.444453333e-07
8777,0,0,0,0
8778,0,0,0,0
8779,0,0,0,0
8780,0,0,0,0
8781,0.0006666673333,4.444453333e-07,0.0006666673333,4.444453333e-07
8782,0.0006666673333,4.444453333e-07,0.0006666673333,4.444453333e-07
8783,0,0,0,0
8784,0.0006666673333,4.444453333e-07,0.0006666673333,4.444453333e-07
8785,0,0,0,0
8786,0,0,0,0
8787,0,0,0,0
8788,0.0006666673333,4.444453333e-07,0.0006666673333,4.444453333e-07
8789,0,0,0,0
8790,0,0,0,0
8791,0,0,0,0
8792,0.0006666673333,4.444453333e-07,0.0006666673333,4.444453333e-07
8793,0,0,0,0
8794,0,0,0,0
8795,0,0,0,0
8796,0,0,0,0
8797,0,0,0,0
8798,0.0006666673333,4.444453333e-07,0.0006666673333,4.444453333e-07
8799,0,0,0,0
8800,0,0,0,0
8801,0,0,0,0
8802,0,0,0,0
8803,0,0,0,0
8804,0,0,0,0
8805,0,0,0,0
8806,0.001333334667,8.888906667e-07,0.001333334667,8.888906667e-07
8807,0.0006666673333,4.444453333e-07,0.0006666673333,4.444453333e-07
8808,0,0,0,0
8809,0.0006666673333,4.444453333e-07,0.0006666673333,4.444453333e-07
8810,0,0,0,0
8811,0,0,0,0
8812,0,0,0,0
8813,0.0006666673333,4.444453333e-07,0.0006666673333,4.444453333e-07
8814,0,0,0,0
8815,0,0,0,0
8816,0,0,0,0
8817,0,0,0,0
8818,0.001333334667,8.888906667e-07,0.001333334667,8.888906667e-07
8819,0,0,0,0
8820,0.0006666673333,4.444453333e-07,0.0006666673333,4.444453333e-07
8821,0.0006666673333,4.444453333e-07,0.0006666673333,4.444453333e-07
8822,0,0,0,0
8823,0.0006666673333,4.444453333e-07,0.0006666673333,4.444453333e-07
8824,0,0,0,0
8825,0,0,0,0
8826,0,0,0,0
8827,0,0,0,0
8828,0,0,0,0
8829,0,0,0,0
8830,0,0,0,0
8831,0,0,0,0
8832,0.0006666673333,4.444453333e-07,0.0006666673333,4.444453333e-07
8833,0.0006666673333,4.444453333e-07,0.0006666673333,4.444453333e-07
8834,0,0,0,0
8835,0,0,0,0
8836,0,0,0,0
8837,0,0,0,0
8838,0,0,0,0
8839,0.0006666673333,4.444453333e-07,0.0006666673333,4.444453333e-07
8840,0.0008888897777,7.90125037e-07,0.0008888897777,7.90125037e-07
8841,0,0,0,0
8842,0,0,0,0
8843,0,0,0,0
8844,0,0,0,0
8845,0,0,0,0
8846,0,0,0,0
8847,0,0,0,0
8848,0,0,0,0
8849,0,0,0,0
8850,0,0,0,0
8851,0,0,0,0
8852,0,0,0,0
8853,0.002666669333,1.777781333e-06,0.002666669333,1.777781333e-06
8854,0,0,0,0
8855,0,0,0,0
8856,0,0,0,0
8857,0,0,0,0
8858,0,0,0,0
8859,0.001333334667,8.888906667e-07,0.001333334667,8.888906667e-07
8860,0,0,0,0
8861,0,0,0,0
8862,0.0006666673333,4.444453333e-07,0.0006666673333,4.444453333e-07
8863,0,0,0,0
8864,0,0,0,0
8865,0,0,0,0
8866,0.0006666673333,4.444453333e-07,0.0006666673333,4.444453333e-07
8867,0.0006666673333,4.444453333e-07,0.0006666673333,4.444453333e-07
8868,0.0006666673333,4.444453333e-07,0.0006666673333,4.444453333e-07
8869,0.0006666673333,4.444453333e-07,0.0006666673333,4.444453333e-07
8870,0.001333334667,8.888906667e-07,0.001333334667,8.888906667e-07
8871,0.0006666673333,4.444453333e-07,0.0006666673333,4.444453333e-07
8872,0,0,0,0
8873,0,0,0,0
8874,0,0,0,0
8875,0.001333334667,8.888906667e-07,0.001333334667,8.888906667e-07
8876,0,0,0,0
8877,0,0,0,0
8878,0.0006666673333,4.444453333e-07,0.0006666673333,4.444453333e-07
8879,0.0006666673333,4.444453333e-07,0.0006666673333,4.444453333e-07
8880,0.0006666673333,4.444453333e-07,0.0006666673333,4.444453333e-07
8881,0,0,0,0
8882,0,0,0,0
8883,0.0006666673333,4.444453333e-07,0.0006666673333,4.444453333e-07
8884,0,0,0,0
8885,0.0006666673333,4.444453333e-07,0.0006666673333,4.444453333e-07
8886,0,0,0,0
8887,0,0,0,0
8888,0,0,0,0
8889,0.0006666673333,4.444453333e-07,0.0006666673333,4.444453333e-07
8890,0,0,0,0
8891,0.0006666673333,4.444453333e-07,0.0006666673333,4.444453333e-07
8892,0,0,0,0
8893,0.001333334667,8.888906667e-07,0.001333334667,8.888906667e-07
8894,0,0,0,0
8895,0,0,0,0
8896,0.0006666673333,4.444453333e-07,0.0006666673333,4.444453333e-07
8897,0,0,0,0
8898,0,0,0,0
8899,0,0,0,0
8900,0.0006666673333,4.444453333e-07,0.0006666673333,4.444453333e-07
8901,0,0,0,0
8902,0,0,0,0
8903,0.0006666673333,4.444453333e-07,0.0006666673333,4.444453333e-07
8904,0.0006666673333,4.444453333e-07,0.0006666673333,4.444453333e-07
8905,0.001333334667,8.888906667e-07,0.001333334667,8.888906667e-07
8906,0,0,0,0
8907,0,0,0,0
8908,0,0,0,0
8909,0,0,0,0
8910,0,0,0,0
8911,0,0,0,0
8912,0,0,0,0
8913,0,0,0,0
8914,0,0,0,0
8915,0.0006666673333,4.444453333e-07,0.0006666673333,4.444453333e-07
8916,0.0006666673333,4.444453333e-07,0.0006666673333,4.444453333e-07
8917,0,0,0,0
8918,0,0,0,0
8919,0,0,0,0
8920,0,0,0,0
8921,0,0,0,0
8922,0.0006666673333,4.444453333e-07,0.0006666673333,4.444453333e-07
8923,0,0,0,0
8924,0.0006666673333,4.444453333e-07,0.0006666673333,4.444453333e-07
8925,0,0,0,0
8926,0,0,0,0
8927,0.0006666673333,4.444453333e-07,0.0006666673333,4.444453333e-07
8928,0.0006666673333,4.444453333e-07,0.0006666673333,4.444453333e-07
8929,0,0,0,0
8930,0,0,0,0
8931,0,0,0,0
8932,0,0,0,0
8933,0.001333334667,8.888906667e-07,0.001333334667,8.888906667e-07
8934,0.0006666673333,4.444453333e-07,0.0006666673333,4.444453333e-07
8935,0.0006666673333,4.444453333e-07,0.0006666673333,4.444453333e-07
8936,0.0006666673333,4.444453333e-07,0.0006666673333,4.444453333e-07
8937,0,0,0,0
8938,0,0,0,0
8939,0,0,0,0
8940,0,0,0,0
8941,0,0,0,0
8942,0.0006666673333,4.444453333e-07,0.0006666673333,4.444453333e-07
8943,0,0,0,0
8944,0.0006666673333,4.444453333e-07,0.0006666673333,4.444453333e-07
8945,0,0,0,0
8946,0.0006666673333,4.444453333e-07,0.0006666673333,4.444453333e-07
8947,0,0,0,0
8948,0,0,0,0
8949,0,0,0,0
8950,0,0,0,0
8951,0,0,0,0
8952,0,0,0,0
8953,0,0,0,0
8954,0.0006666673333,4.444453333e-07,0.0006666673333,4.444453333e-07
8955,0,0,0,0
8956,0.0006666673333,4.444453333e-07,0.0006666673333,4.444453333e-07
8957,0,0,0,0
8958,0,0,0,0
8959,0,0,0,0
8960,0,0,0,0
8961,0,0,0,0
8962,0,0,0,0
8963,0.0006666673333,4.444453333e-07,0.0006666673333,4.444453333e-07
8964,0,0,0,0
8965,0,0,0,0
8966,0,0,0,0
8967,0,0,0,0
8968,0,0,0,0
8969,0.0006666673333,4.444453333e-07,0.0006666673333,4.444453333e-07
8970,0,0,0,0
8971,0,0,0,0
8972,0,0,0,0
8973,0.0006666673333,4.444453333e-07,0.0006666673333,4.444453333e-07
8974,0,0,0,0
8975,0.0006666673333,4.444453333e-07,0.0006666673333,4.444453333e-07
8976,0.0006666673333,4.444453333e-07,0.0006666673333,4.444453333e-07
8977,0.0006666673333,4.444453333e-07,0.0006666673333,4.444453333e-07
8978,0,0,0,0
8979,0.0006666673333,4.444453333e-07,0.0006666673333,4.444453333e-07
8980,0,0,0,0
8981,0,0,0,0
8982,0.0006666673333,4.444453333e-07,0.0006666673333,4.444453333e-07
8983,0,0,0,0
8984,0,0,0,0
8985,0.0006666673333,4.444453333e-07,0.0006666673333,4.444453333e-07
8986,0,0,0,0
8987,0,0,0,0
8988,0,0,0,0
8989,0,0,0,0
8990,0,0,0,0
8991,0,0,0,0
8992,0.001333334667,8.888906667e-07,0.001333334667,8.888906667e-07
8993,0,0,0,0
8994,0,0,0,0
8995,0,0,0,0
8996,0,0,0,0
8997,0,0,0,0
8998,0,0,0,0
8999,0,0,0,0
9000,0,0,0,0
9001,0,0,0,0
9002,0.001333334667,8.888906667e-07,0.001333334667,8.888906667e-07
9003,0,0,0,0
9004,0,0,0,0
9005,0,0,0,0
9006,0.0006666673333,4.444453333e-07,0.0006666673333,4.444453333e-07
9007,0,0,0,0
9008,0,0,0,0
9009,0,0,0,0
9010,0.0006666673333,4.444453333e-07,0.0006666673333,4.444453333e-07
9011,0,0,0,0
9012,0.0006666673333,4.444453333e-07,0.0006666673333,4.444453333e-07
9013,0,0,0,0
9014,0,0,0,0
9015,0,0,0,0
9016,0,0,0,0
9017,0.0006666673333,4.444453333e-07,0.0006666673333,4.444453333e-07
9018,0,0,0,0
9019,0.0006666673333,4.444453333e-07,0.0006666673333,4.444453333e-07
9020,0.0007333340667,5.377788533e-07,0.0007333340667,5.377788533e-07
9021,0,0,0,0
9022,0,0,0,0
9023,0,0,0,0
9024,0.0006666673333,4.444453333e-07,0.0006666673333,4.444453333e-07
9025,0,0,0,0
9026,0,0,0,0
9027,0.0006666673333,4.444453333e-07,0.0006666673333,4.444453333e-07
9028,0,0,0,0
9029,0,0,0,0
9030,0,0,0,0
9031,0.0006666673333,4.444453333e-07,0.0006666673333,4.444453333e-07
9032,0,0,0,0
9033,0,0,0,0
9034,0,0,0,0
9035,0.0006666673333,4.444453333e-07,0.0006666673333,4.444453333e-07
9036,0,0,0,0
9037,0,0,0,0
9038,0,0,0,0
9039,0,0,0,0
9040,0,0,0,0
9041,0,0,0,0
9042,0.0006666673333,4.444453333e-07,0.0006666673333,4.444453333e-07
9043,0.0006666673333,4.444453333e-07,0.0006666673333,4.444453333e-07
9044,0.0006666673333,4.444453333e-07,0.0006666673333,4.444453333e-07
9045,0,0,0,0
9046,0,0,0,0
9047,0.0006666673333,4.444453333e-07,0.0006666673333,4.444453333e-07
9048,0,0,0,0
9049,0,0,0,0
9050,0.0006666673333,4.444453333e-07,0.0006666673333,4.444453333e-07
9051,0,0,0,0
9052,0,0,0,0
9053,0,0,0,0
9054,0,0,0,0
9055,0,0,0,0
9056,0,0,0,0
9057,0.001333334667,8.888906667e-07,0.001333334667,8.888906667e-07
9058,0,0,0,0
9059,0,0,0,0
9060,0,0,0,0
9061,0.0006666673333,4.444453333e-07,0.0006666673333,4.444453333e-07
9062,0,0,0,0
9063,0,0,0,0
9064,0,0,0,0
9065,0.0006666673333,4.444453333e-07,0.0006666673333,4.444453333e-07
9066,0,0,0,0
9067,0,0,0,0
9068,0,0,0,0
9069,0.00075000075,5.62501125e-07,0.00075000075,5.62501125e-07
9070,0,0,0,0
9071,0.0006666673333,4.444453333e-07,0.0006666673333,4.444453333e-07
9072,0,0,0,0
9073,0,0,0,0
9074,0,0,0,0
9075,0.0006666673333,4.444453333e-07,0.0006666673333,4.444453333e-07
9076,0.0006666673333,4.444453333e-07,0.0006666673333,4.444453333e-07
9077,0,0,0,0
9078,0,0,0,0
9079,0,0,0,0
9080,0,0,0,0
9081,0,0,0,0
9082,0,0,0,0
9083,0.0006666673333,4.444453333e-07,0.0006666673333,4.444453333e-07
9084,0,0,0,0
9085,0,0,0,0
9086,0,0,0,0
9087,0.001333334667,8.888906667e-07,0.001333334667,8.888906667e-07
9088,0,0,0,0
9089,0.0006666673333,4.444453333e-07,0.0006666673333,4.444453333e-07
9090,0,0,0,0
9091,0,0,0,0
9092,0,0,0,0
9093,0,0,0,0
9094,0,0,0,0
9095,0,0,0,0
9096,0.0006666673333,4.444453333e-07,0.0006666673333,4.444453333e-07
9097,0.0006666673333,4.444453333e-07,0.0006666673333,4.444453333e-07
9098,0.0006666673333,4.444453333e-07,0.0006666673333,4.444453333e-07
9099,0.0006666673333,4.444453333e-07,0.0006666673333,4.444453333e-07
9100,0.0006666673333,4.444453333e-07,0.0006666673333,4.444453333e-07
9101,0,0,0,0
9102,0,0,0,0
9103,0,0,0,0
9104,0,0,0,0
9105,0.001333334667,8.888906667e-07,0.001333334667,8.888906667e-07
9106,0.001333334667,8.888906667e-07,0.001333334667,8.888906667e-07
9107,0,0,0,0
9108,0,0,0,0
9109,0.0006666673333,4.444453333e-07,0.0006666673333,4.444453333e-07
9110,0.0006666673333,4.444453333e-07,0.0006666673333,4.444453333e-07
9111,0,0,0,0
9112,0.0006666673333,4.444453333e-07,0.0006666673333,4.444453333e-07
9113,0.0006666673333,4.444453333e-07,0.0006666673333,4.444453333e-07
9114,0,0,0,0
9115,0,0,0,0
9116,0,0,0,0
9117,0,0,0,0
9118,0,0,0,0
9119,0.0006666673333,4.444453333e-07,0.0006666673333,4.444453333e-07
9120,0.0006666673333,4.444453333e-07,0.0006666673333,4.444453333e-07
9121,0,0,0,0
9122,0.0006666673333,4.444453333e-07,0.0006666673333,4.444453333e-07
9123,0.0006666673333,4.444453333e-07,0.0006666673333,4.444453333e-07
9124,0,0,0,0
9125,0.001333334667,8.888906667e-07,0.001333334667,8.888906667e-07
9126,0,0,0,0
9127,0.0006666673333,4.444453333e-07,0.0006666673333,4.444453333e-07
9128,0.0006666673333,4.444453333e-07,0.0006666673333,4.444453333e-07
9129,0,0,0,0
9130,0,0,0,0
9131,0,0,0,0
9132,0,0,0,0
9133,0,0,0,0
9134,0,0,0,0
9135,0,0,0,0
9136,0,0,0,0
9137,0.0006666673333,4.444453333e-07,0.0006666673333,4.444453333e-07
9138,0.0006666673333,4.444453333e-07,0.0006666673333,4.444453333e-07
9139,0,0,0,0
9140,0.0006666673333,4.444453333e-07,0.0006666673333,4.444453333e-07
9141,0.0006666673333,4.444453333e-07,0.0006666673333,4.444453333e-07
9142,0.001333334667,8.888906667e-07,0.001333334667,8.888906667e-07
9143,0,0,0,0
9144,0,0,0,0
9145,0,0,0,0
9146,0.0006666673333,4.444453333e-07,0.0006666673333,4.444453333e-07
9147,0.0006666673333,4.444453333e-07,0.0006666673333,4.444453333e-07
9148,0.0006666673333,4.444453333e-07,0.0006666673333,4.444453333e-07
9149,0,0,0,0
9150,0,0,0,0
9151,0,0,0,0
9152,0.0006666673333,4.444453333e-07,0.0006666673333,4.444453333e-07
9153,0,0,0,0
9154,0.0006666673333,4.444453333e-07,0.0006666673333,4.444453333e-07
9155,0,0,0,0
9156,0,0,0,0
9157,0.0006666673333,4.444453333e-07,0.0006666673333,4.444453333e-07
9158,0.0006666673333,4.444453333e-07,0.0006666673333,4.444453333e-07
9159,0,0,0,0
9160,0,0,0,0
9161,0.0006666673333,4.444453333e-07,0.0006666673333,4.444453333e-07
9162,0.0006666673333,4.444453333e-07,0.0006666673333,4.444453333e-07
9163,0,0,0,0
9164,0,0,0,0
9165,0,0,0,0
9166,0.003333336667,2.222226667e-06,0.003333336667,2.222226667e-06
9167,0.0006666673333,4.444453333e-07,0.0006666673333,4.444453333e-07
9168,0,0,0,0
9169,0,0,0,0
9170,0,0,0,0
9171,0,0,0,0
9172,0,0,0,0
9173,0,0,0,0
9174,0.0006666673333,4.444453333e-07,0.0006666673333,4.444453333e-07
9175,0,0,0,0
9176,0.0006666673333,4.444453333e-07,0.0006666673333,4.444453333e-07
9177,0,0,0,0
9178,0.0006666673333,4.444453333e-07,0.0006666673333,4.444453333e-07
9179,0,0,0,0
9180,0.0006666673333,4.444453333e-07,0.0006666673333,4.444453333e-07
9181,0,0,0,0
9182,0,0,0,0
9183,0.001333334667,8.888906667e-07,0.001333334667,8.888906667e-07
9184,0,0,0,0
9185,0,0,0,0
9186,0,0,0,0
9187,0,0,0,0
9188,0,0,0,0
9189,0,0,0,0
9190,0,0,0,0
9191,0,0,0,0
9192,0,0,0,0
9193,0.0006666673333,4.444453333e-07,0.0006666673333,4.444453333e-07
9194,0.001000001,1.000002e-06,0.001000001,1.000002e-06
9195,0.0006666673333,4.444453333e-07,0.0006666673333,4.444453333e-07
9196,0,0,0,0
9197,0,0,0,0
9198,0,0,0,0
9199,0,0,0,0
9200,0,0,0,0
9201,0,0,0,0
9202,0.0006666673333,4.444453333e-07,0.0006666673333,4.444453333e-07
9203,0,0,0,0
9204,0.0006666673333,4.444453333e-07,0.0006666673333,4.444453333e-07
9205,0,0,0,0
9206,0,0,0,0
9207,0.001333334667,8.888906667e-07,0.001333334667,8.888906667e-07
9208,0,0,0,0
9209,0.0006666673333,4.444453333e-07,0.0006666673333,4.444453333e-07
9210,0,0,0,0
9211,0,0,0,0
9212,0.0006666673333,4.444453333e-07,0.0006666673333,4.444453333e-07
9213,0.0006666673333,4.444453333e-07,0.0006666673333,4.444453333e-07
9214,0,0,0,0
9215,0,0,0,0
9216,0.0006666673333,4.444453333e-07,0.0006666673333,4.444453333e-07
9217,0,0,0,0
9218,0,0,0,0
9219,0.001333334667,8.888906667e-07,0.001333334667,8.888906667e-07
9220,0,0,0,0
9221,0,0,0,0
9222,0,0,0,0
9223,0,0,0,0
9224,0,0,0,0
9225,0,0,0,0
9226,0.0006666673333,4.444453333e-07,0.0006666673333,4.444453333e-07
9227,0,0,0,0
9228,0.0006666673333,4.444453333e-07,0.0006666673333,4.444453333e-07
9229,0,0,0,0
9230,0,0,0,0
9231,0,0,0,0
9232,0.0006666673333,4.444453333e-07,0.0006666673333,4.444453333e-07
9233,0,0,0,0
9234,0,0,0,0
9235,0.0006666673333,4.444453333e-07,0.0006666673333,4.444453333e-07
9236,0,0,0,0
9237,0,0,0,0
9238,0,0,0,0
9239,0,0,0,0
9240,0,0,0,0
9241,0,0,0,0
9242,0.0006666673333,4.444453333e-07,0.0006666673333,4.444453333e-07
9243,0,0,0,0
9244,0,0,0,0
9245,0,0,0,0
9246,0,0,0,0
9247,0,0,0,0
9248,0,0,0,0
9249,0,0,0,0
9250,0,0,0,0
9251,0,0,0,0
9252,0.0006666673333,4.444453333e-07,0.0006666673333,4.444453333e-07
9253,0,0,0,0
9254,0,0,0,0
9255,0.0006666673333,4.444453333e-07,0.0006666673333,4.444453333e-07
9256,0,0,0,0
9257,0.0006666673333,4.444453333e-07,0.0006666673333,4.444453333e-07
9258,0,0,0,0
9259,0.0006666673333,4.444453333e-07,0.0006666673333,4.444453333e-07
9260,0,0,0,0
9261,0,0,0,0
9262,0.001333334667,8.888906667e-07,0.001333334667,8.888906667e-07
9263,0,0,0,0
9264,0,0,0,0
9265,0.0006666673333,4.444453333e-07,0.0006666673333,4.444453333e-07
9266,0,0,0,0
9267,0,0,0,0
9268,0,0,0,0
9269,0.0006666673333,4.444453333e-07,0.0006666673333,4.444453333e-07
9270,0,0,0,0
9271,0,0,0,0
9272,0,0,0,0
9273,0,0,0,0
9274,0,0,0,0
9275,0,0,0,0
9276,0,0,0,0
9277,0,0,0,0
9278,0,0,0,0
9279,0,0,0,0
9280,0.0006666673333,4.444453333e-07,0.0006666673333,4.444453333e-07
9281,0,0,0,0
9282,0.0006666673333,4.444453333e-07,0.0006666673333,4.444453333e-07
9283,0.0006666673333,4.444453333e-07,0.0006666673333,4.444453333e-07
9284,0,0,0,0
9285,0,0,0,0
9286,0.0006666673333,4.444453333e-07,0.0006666673333,4.444453333e-07
9287,0,0,0,0
9288,0,0,0,0
9289,0.0006666673333,4.444453333e-07,0.0006666673333,4.444453333e-07
9290,0,0,0,0
9291,0,0,0,0
9292,0.0006666673333,4.444453333e-07,0.0006666673333,4.444453333e-07
9293,0,0,0,0
9294,0,0,0,0
9295,0,0,0,0
9296,0,0,0,0
9297,0,0,0,0
9298,0,0,0,0
9299,0.0006666673333,4.444453333e-07,0.0006666673333,4.444453333e-07
9300,0,0,0,0
9301,0,0,0,0
9302,0.0006666673333,4.444453333e-07,0.0006666673333,4.444453333e-07
9303,0,0,0,0
9304,0,0,0,0
9305,0.0006666673333,4.444453333e-07,0.0006666673333,4.444453333e-07
9306,0,0,0,0
9307,0,0,0,0
9308,0,0,0,0
9309,0.0006666673333,4.444453333e-07,0.0006666673333,4.444453333e-07
9310,0.0006666673333,4.444453333e-07,0.0006666673333,4.444453333e-07
9311,0,0,0,0
9312,0.0006666673333,4.444453333e-07,0.0006666673333,4.444453333e-07
9313,0.0006666673333,4.444453333e-07,0.0006666673333,4.444453333e-07
9314,0,0,0,0
9315,0.0006666673333,4.444453333e-07,0.0006666673333,4.444453333e-07
9316,0,0,0,0
9317,0,0,0,0
9318,0,0,0,0
9319,0,0,0,0
9320,0.0006666673333,4.444453333e-07,0.0006666673333,4.444453333e-07
9321,0.0006666673333,4.444453333e-07,0.0006666673333,4.444453333e-07
9322,0.0006666673333,4.444453333e-07,0.0006666673333,4.444453333e-07
9323,0,0,0,0
9324,0,0,0,0
9325,0.0006666673333,4.444453333e-07,0.0006666673333,4.444453333e-07
9326,0,0,0,0
9327,0,0,0,0
9328,0.001333334667,8.888906667e-07,0.001333334667,8.888906667e-07
9329,0,0,0,0
9330,0,0,0,0
9331,0,0,0,0
9332,0,0,0,0
9333,0,0,0,0
9334,0.0006666673333,4.444453333e-07,0.0006666673333,4.444453333e-07
9335,0.002000002,1.333336e-06,0.002000002,1.333336e-06
9336,0,0,0,0
9337,0,0,0,0
9338,0.001333334667,8.888906667e-07,0.001333334667,8.888906667e-07
9339,0,0,0,0
9340,0.0006666673333,4.444453333e-07,0.0006666673333,4.444453333e-07
9341,0,0,0,0
9342,0.001333334667,8.888906667e-07,0.001333334667,8.888906667e-07
9343,0,0,0,0
9344,0.0006666673333,4.444453333e-07,0.0006666673333,4.444453333e-07
9345,0,0,0,0
9346,0,0,0,0
9347,0,0,0,0
9348,0,0,0,0
9349,0.0006666673333,4.444453333e-07,0.0006666673333,4.444453333e-07
9350,0,0,0,0
9351,0,0,0,0
9352,0,0,0,0
9353,0.0006666673333,4.444453333e-07,0.0006666673333,4.444453333e-07
9354,0.0006666673333,4.444453333e-07,0.0006666673333,4.444453333e-07
9355,0,0,0,0
9356,0.0006666673333,4.444453333e-07,0.0006666673333,4.444453333e-07
9357,0,0,0,0
9358,0,0,0,0
9359,0.0006666673333,4.444453333e-07,0.0006666673333,4.444453333e-07
9360,0,0,0,0
9361,0,0,0,0
9362,0,0,0,0
9363,0,0,0,0
9364,0.0006666673333,4.444453333e-07,0.0006666673333,4.444453333e-07
9365,0,0,0,0
9366,0.001333334667,8.888906667e-07,0.001333334667,8.888906667e-07
9367,0,0,0,0
9368,0,0,0,0
9369,0.0006666673333,4.444453333e-07,0.0006666673333,4.444453333e-07
9370,0,0,0,0
9371,0,0,0,0
9372,0,0,0,0
9373,0,0,0,0
9374,0,0,0,0
9375,0.0006666673333,4.444453333e-07,0.0006666673333,4.444453333e-07
9376,0.0006666673333,4.444453333e-07,0.0006666673333,4.444453333e-07
9377,0,0,0,0
9378,0,0,0,0
9379,0,0,0,0
9380,0,0,0,0
9381,0,0,0,0
9382,0,0,0,0
9383,0,0,0,0
9384,0,0,0,0
9385,0,0,0,0
9386,0,0,0,0
9387,0.0006666673333,4.444453333e-07,0.0006666673333,4.444453333e-07
9388,0.0006666673333,4.444453333e-07,0.0006666673333,4.444453333e-07
9389,0,0,0,0
9390,0,0,0,0
9391,0,0,0,0
9392,0.002000002,1.333336e-06,0.002000002,1.333336e-06
9393,0.0006666673333,4.444453333e-07,0.0006666673333,4.444453333e-07
9394,0.0006666673333,4.444453333e-07,0.0006666673333,4.444453333e-07
9395,0.0006666673333,4.444453333e-07,0.0006666673333,4.444453333e-07
9396,0,0,0,0
9397,0,0,0,0
9398,0,0,0,0
9399,0,0,0,0
9400,0,0,0,0
9401,0.0006666673333,4.444453333e-07,0.0006666673333,4.444453333e-07
9402,0.0006666673333,4.444453333e-07,0.0006666673333,4.444453333e-07
9403,0,0,0,0
9404,0,0,0,0
9405,0,0,0,0
9406,0,0,0,0
9407,0,0,0,0
9408,0,0,0,0
9409,0,0,0,0
9410,0,0,0,0
9411,0,0,0,0
9412,0,0,0,0
9413,0.0006666673333,4.444453333e-07,0.0006666673333,4.444453333e-07
9414,0,0,0,0
9415,0,0,0,0
9416,0.001333334667,8.888906667e-07,0.001333334667,8.888906667e-07
9417,0,0,0,0
9418,0.001333334667,8.888906667e-07,0.001333334667,8.888906667e-07
9419,0,0,0,0
9420,0,0,0,0
9421,0,0,0,0
9422,0.001333334667,8.888906667e-07,0.001333334667,8.888906667e-07
9423,0,0,0,0
9424,0,0,0,0
9425,0,0,0,0
9426,0,0,0,0
9427,0,0,0,0
9428,0,0,0,0
9429,0.0006666673333,4.444453333e-07,0.0006666673333,4.444453333e-07
9430,0,0,0,0
9431,0,0,0,0
9432,0,0,0,0
9433,0,0,0,0
9434,0,0,0,0
9435,0.001333334667,8.888906667e-07,0.001333334667,8.888906667e-07
9436,0.0006666673333,4.444453333e-07,0.0006666673333,4.444453333e-07
9437,0,0,0,0
9438,0.0006666673333,4.444453333e-07,0.0006666673333,4.444453333e-07
9439,0.0006666673333,4.444453333e-07,0.0006666673333,4.444453333e-07
9440,0,0,0,0
9441,0.0006666673333,4.444453333e-07,0.0006666673333,4.444453333e-07
9442,0,0,0,0
9443,0,0,0,0
9444,0.0006666673333,4.444453333e-07,0.0006666673333,4.444453333e-07
9445,0,0,0,0
9446,0,0,0,0
9447,0,0,0,0
9448,0,0,0,0
9449,0,0,0,0
9450,0,0,0,0
9451,0,0,0,0
9452,0,0,0,0
9453,0.0006666673333,4.444453333e-07,0.0006666673333,4.444453333e-07
9454,0,0,0,0
9455,0,0,0,0
9456,0.0006666673333,4.444453333e-07,0.0006666673333,4.444453333e-07
9457,0,0,0,0
9458,0,0,0,0
9459,0,0,0,0
9460,0.0006666673333,4.444453333e-07,0.0006666673333,4.444453333e-07
9461,0,0,0,0
9462,0.0006666673333,4.444453333e-07,0.0006666673333,4.444453333e-07
9463,0,0,0,0
9464,0.0006666673333,4.444453333e-07,0.0006666673333,4.444453333e-07
9465,0,0,0,0
9466,0,0,0,0
9467,0,0,0,0
9468,0,0,0,0
9469,0.001333334667,8.888906667e-07,0.001333334667,8.888906667e-07
9470,0.0006666673333,4.444453333e-07,0.0006666673333,4.444453333e-07
9471,0.0006666673333,4.444453333e-07,0.0006666673333,4.444453333e-07
9472,0.001666668333,1.444447333e-06,0.001666668333,1.444447333e-06
9473,0,0,0,0
9474,0.0006666673333,4.444453333e-07,0.0006666673333,4.444453333e-07
9475,0.0006666673333,4.444453333e-07,0.0006666673333,4.444453333e-07
9476,0,0,0,0
9477,0,0,0,0
9478,0.001333334667,8.888906667e-07,0.001333334667,8.888906667e-07
9479,0.0006666673333,4.444453333e-07,0.0006666673333,4.444453333e-07
9480,0.001333334667,8.888906667e-07,0.001333334667,8.888906667e-07
9481,0.0006666673333,4.444453333e-07,0.0006666673333,4.444453333e-07
9482,0,0,0,0
9483,0.0006666673333,4.444453333e-07,0.0006666673333,4.444453333e-07
9484,0,0,0,0
9485,0,0,0,0
9486,0,0,0,0
9487,0,0,0,0
9488,0,0,0,0
9489,0,0,0,0
9490,0,0,0,0
9491,0,0,0,0
9492,0,0,0,0
9493,0,0,0,0
9494,0.0006666673333,4.444453333e-07,0.0006666673333,4.444453333e-07
9495,0,0,0,0
9496,0,0,0,0
9497,0,0,0,0
9498,0,0,0,0
9499,0,0,0,0
9500,0.0006666673333,4.444453333e-07,0.0006666673333,4.444453333e-07
9501,0.0006666673333,4.444453333e-07,0.0006666673333,4.444453333e-07
9502,0,0,0,0
9503,0.0006666673333,4.444453333e-07,0.0006666673333,4.444453333e-07
9504,0,0,0,0
9505,0,0,0,0
9506,0,0,0,0
9507,0,0,0,0
9508,0,0,0,0
9509,0,0,0,0
9510,0,0,0,0
9511,0,0,0,0
9512,0,0,0,0
9513,0,0,0,0
9514,0,0,0,0
9515,0,0,0,0
9516,0,0,0,0
9517,0.0006666673333,4.444453333e-07,0.0006666673333,4.444453333e-07
9518,0,0,0,0
9519,0,0,0,0
9520,0,0,0,0
9521,0,0,0,0
9522,0,0,0,0
9523,0,0,0,0
9524,0.0006666673333,4.444453333e-07,0.0006666673333,4.444453333e-07
9525,0,0,0,0
9526,0.0006666673333,4.444453333e-07,0.0006666673333,4.444453333e-07
9527,0,0,0,0
9528,0,0,0,0
9529,0,0,0,0
9530,0,0,0,0
9531,0,0,0,0
9532,0.001000001,1.000002e-06,0.001000001,1.000002e-06
9533,0.0006666673333,4.444453333e-07,0.0006666673333,4.444453333e-07
9534,0,0,0,0
9535,0,0,0,0
9536,0.001333334667,8.888906667e-07,0.001333334667,8.888906667e-07
9537,0,0,0,0
9538,0,0,0,0
9539,0,0,0,0
9540,0,0,0,0
9541,0.0008000008,6.4000128e-07,0.0008000008,6.4000128e-07
9542,0,0,0,0
9543,0,0,0,0
9544,0,0,0,0
9545,0,0,0,0
9546,0.0006666673333,4.444453333e-07,0.0006666673333,4.444453333e-07
9547,0,0,0,0
9548,0.0006666673333,4.444453333e-07,0.0006666673333,4.444453333e-07
9549,0,0,0,0
9550,0,0,0,0
9551,0.001333334667,8.888906667e-07,0.001333334667,8.888906667e-07
9552,0,0,0,0
9553,0.0006666673333,4.444453333e-07,0.0006666673333,4.444453333e-07
9554,0,0,0,0
9555,0,0,0,0
9556,0,0,0,0
9557,0,0,0,0
9558,0,0,0,0
9559,0,0,0,0
9560,0,0,0,0
9561,0.0006666673333,4.444453333e-07,0.0006666673333,4.444453333e-07
9562,0,0,0,0
9563,0.0006666673333,4.444453333e-07,0.0006666673333,4.444453333e-07
9564,0,0,0,0
9565,0,0,0,0
9566,0,0,0,0
9567,0,0,0,0
9568,0.0006666673333,4.444453333e-07,0.0006666673333,4.444453333e-07
9569,0,0,0,0
9570,0.0006666673333,4.444453333e-07,0.0006666673333,4.444453333e-07
9571,0.0006666673333,4.444453333e-07,0.0006666673333,4.444453333e-07
9572,0,0,0,0
9573,0,0,0,0
9574,0,0,0,0
9575,0,0,0,0
9576,0,0,0,0
9577,0,0,0,0
9578,0.0006666673333,4.444453333e-07,0.0006666673333,4.444453333e-07
9579,0,0,0,0
9580,0.001333334667,8.888906667e-07,0.001333334667,8.888906667e-07
9581,0.0006666673333,4.444453333e-07,0.0006666673333,4.444453333e-07
9582,0,0,0,0
9583,0,0,0,0
9584,0,0,0,0
9585,0.0006666673333,4.444453333e-07,0.0006666673333,4.444453333e-07
9586,0,0,0,0
9587,0.0006666673333,4.444453333e-07,0.0006666673333,4.444453333e-07
9588,0.0006666673333,4.444453333e-07,0.0006666673333,4.444453333e-07
9589,0,0,0,0
9590,0,0,0,0
9591,0,0,0,0
9592,0,0,0,0
9593,0,0,0,0
9594,0.0006666673333,4.444453333e-07,0.0006666673333,4.444453333e-07
9595,0,0,0,0
9596,0,0,0,0
9597,0,0,0,0
9598,0.0006666673333,4.444453333e-07,0.0006666673333,4.444453333e-07
9599,0,0,0,0
9600,0,0,0,0
9601,0,0,0,0
9602,0,0,0,0
9603,0,0,0,0
9604,0,0,0,0
9605,0.0006666673333,4.444453333e-07,0.0006666673333,4.444453333e-07
9606,0.0006666673333,4.444453333e-07,0.0006666673333,4.444453333e-07
9607,0,0,0,0
9608,0,0,0,0
9609,0,0,0,0
9610,0,0,0,0
9611,0,0,0,0
9612,0.001333334667,8.888906667e-07,0.001333334667,8.888906667e-07
9613,0,0,0,0
9614,0.0006666673333,4.444453333e-07,0.0006666673333,4.444453333e-07
9615,0,0,0,0
9616,0,0,0,0
9617,0.0006666673333,4.444453333e-07,0.0006666673333,4.444453333e-07
9618,0.0006666673333,4.444453333e-07,0.0006666673333,4.444453333e-07
9619,0.0006666673333,4.444453333e-07,0.0006666673333,4.444453333e-07
9620,0,0,0,0
9621,0,0,0,0
9622,0,0,0,0
9623,0.0006666673333,4.444453333e-07,0.0006666673333,4.444453333e-07
9624,0.0006666673333,4.444453333e-07,0.0006666673333,4.444453333e-07
9625,0,0,0,0
9626,0,0,0,0
9627,0.001333334667,8.888906667e-07,0.001333334667,8.888906667e-07
9628,0.0006666673333,4.444453333e-07,0.0006666673333,4.444453333e-07
9629,0.0006666673333,4.444453333e-07,0.0006666673333,4.444453333e-07
9630,0.0006666673333,4.444453333e-07,0.0006666673333,4.444453333e-07
9631,0,0,0,0
9632,0,0,0,0
9633,0.0006666673333,4.444453333e-07,0.0006666673333,4.444453333e-07
9634,0,0,0,0
9635,0,0,0,0
9636,0,0,0,0
9637,0.0006666673333,4.444453333e-07,0.0006666673333,4.444453333e-07
9638,0.0006666673333,4.444453333e-07,0.0006666673333,4.444453333e-07
9639,0,0,0,0
9640,0,0,0,0
9641,0,0,0,0
9642,0.0006666673333,4.444453333e-07,0.0006666673333,4.444453333e-07
9643,0.0006666673333,4.444453333e-07,0.0006666673333,4.444453333e-07
9644,0,0,0,0
9645,0,0,0,0
9646,0,0,0,0
9647,0,0,0,0
9648,0,0,0,0
9649,0,0,0,0
9650,0,0,0,0
9651,0,0,0,0
9652,0,0,0,0
9653,0,0,0,0
9654,0,0,0,0
9655,0,0,0,0
9656,0,0,0,0
9657,0,0,0,0
9658,0.0006666673333,4.444453333e-07,0.0006666673333,4.444453333e-07
9659,0,0,0,0
9660,0,0,0,0
9661,0,0,0,0
9662,0,0,0,0
9663,0,0,0,0
9664,0,0,0,0
9665,0,0,0,0
9666,0.0006666673333,4.444453333e-07,0.0006666673333,4.444453333e-07
9667,0,0,0,0
9668,0,0,0,0
9669,0,0,0,0
9670,0.0006666673333,4.444453333e-07,0.0006666673333,4.444453333e-07
9671,0,0,0,0
9672,0,0,0,0
9673,0,0,0,0
9674,0,0,0,0
9675,0,0,0,0
9676,0,0,0,0
9677,0,0,0,0
9678,0,0,0,0
9679,0,0,0,0
9680,0,0,0,0
9681,0,0,0,0
9682,0,0,0,0
9683,0.0006666673333,4.444453333e-07,0.0006666673333,4.444453333e-07
9684,0,0,0,0
9685,0.0006666673333,4.444453333e-07,0.0006666673333,4.444453333e-07
9686,0.0006666673333,4.444453333e-07,0.0006666673333,4.444453333e-07
9687,0,0,0,0
9688,0,0,0,0
9689,0,0,0,0
9690,0,0,0,0
9691,0,0,0,0
9692,0,0,0,0
9693,0,0,0,0
9694,0,0,0,0
9695,0.0006666673333,4.444453333e-07,0.0006666673333,4.444453333e-07
9696,0,0,0,0
9697,0,0,0,0
9698,0.0006666673333,4.444453333e-07,0.0006666673333,4.444453333e-07
9699,0,0,0,0
9700,0,0,0,0
9701,0,0,0,0
9702,0,0,0,0
9703,0,0,0,0
9704,0,0,0,0
9705,0,0,0,0
9706,0,0,0,0
9707,0,0,0,0
9708,0,0,0,0
9709,0.001333334667,8.888906667e-07,0.001333334667,8.888906667e-07
9710,0,0,0,0
9711,0,0,0,0
9712,0,0,0,0
9713,0.0006666673333,4.444453333e-07,0.0006666673333,4.444453333e-07
9714,0.0006666673333,4.444453333e-07,0.0006666673333,4.444453333e-07
9715,0,0,0,0
9716,0,0,0,0
9717,0,0,0,0
9718,0.0006666673333,4.444453333e-07,0.0006666673333,4.444453333e-07
9719,0,0,0,0
9720,0.0006666673333,4.444453333e-07,0.0006666673333,4.444453333e-07
9721,0,0,0,0
9722,0.0006666673333,4.444453333e-07,0.0006666673333,4.444453333e-07
9723,0,0,0,0
9724,0,0,0,0
9725,0.0006666673333,4.444453333e-07,0.0006666673333,4.444453333e-07
9726,0,0,0,0
9727,0.0006666673333,4.444453333e-07,0.0006666673333,4.444453333e-07
9728,0,0,0,0
9729,0,0,0,0
9730,0,0,0,0
9731,0.0006666673333,4.444453333e-07,0.0006666673333,4.444453333e-07
9732,0,0,0,0
9733,0,0,0,0
9734,0,0,0,0
9735,0,0,0,0
9736,0,0,0,0
9737,0.0006666673333,4.444453333e-07,0.0006666673333,4.444453333e-07
9738,0,0,0,0
9739,0,0,0,0
9740,0,0,0,0
9741,0.0006666673333,4.444453333e-07,0.0006666673333,4.444453333e-07
9742,0,0,0,0
9743,0.0006666673333,4.444453333e-07,0.0006666673333,4.444453333e-07
9744,0,0,0,0
9745,0,0,0,0
9746,0,0,0,0
9747,0.0006666673333,4.444453333e-07,0.0006666673333,4.444453333e-07
9748,0,0,0,0
9749,0.0006666673333,4.444453333e-07,0.0006666673333,4.444453333e-07
9750,0,0,0,0
9751,0,0,0,0
9752,0,0,0,0
9753,0,0,0,0
9754,0,0,0,0
9755,0,0,0,0
9756,0.0006666673333,4.444453333e-07,0.0006666673333,4.444453333e-07
9757,0,0,0,0
9758,0,0,0,0
9759,0,0,0,0
9760,0.0006666673333,4.444453333e-07,0.0006666673333,4.444453333e-07
9761,0,0,0,0
9762,0,0,0,0
9763,0,0,0,0
9764,0,0,0,0
9765,0,0,0,0
9766,0,0,0,0
9767,0,0,0,0
9768,0,0,0,0
9769,0,0,0,0
9770,0.002000002,1.333336e-06,0.002000002,1.333336e-06
9771,0.0006666673333,4.444453333e-07,0.0006666673333,4.444453333e-07
9772,0.001333334667,8.888906667e-07,0.001333334667,8.888906667e-07
9773,0,0,0,0
9774,0,0,0,0
9775,0,0,0,0
9776,0.0006666673333,4.444453333e-07,0.0006666673333,4.444453333e-07
9777,0,0,0,0
9778,0,0,0,0
9779,0,0,0,0
9780,0.0006666673333,4.444453333e-07,0.0006666673333,4.444453333e-07
9781,0,0,0,0
9782,0,0,0,0
9783,0,0,0,0
9784,0,0,0,0
9785,0.0006666673333,4.444453333e-07,0.0006666673333,4.444453333e-07
9786,0,0,0,0
9787,0,0,0,0
9788,0,0,0,0
9789,0,0,0,0
9790,0,0,0,0
9791,0.0006666673333,4.444453333e-07,0.0006666673333,4.444453333e-07
9792,0,0,0,0
9793,0,0,0,0
9794,0,0,0,0
9795,0,0,0,0
9796,0,0,0,0
9797,0.0006666673333,4.444453333e-07,0.0006666673333,4.444453333e-07
9798,0.0006666673333,4.444453333e-07,0.0006666673333,4.444453333e-07
9799,0,0,0,0
9800,0,0,0,0
9801,0,0,0,0
9802,0,0,0,0
9803,0.0006666673333,4.444453333e-07,0.0006666673333,4.444453333e-07
9804,0,0,0,0
9805,0,0,0,0
9806,0.0006666673333,4.444453333e-07,0.0006666673333,4.444453333e-07
9807,0,0,0,0
9808,0.0006666673333,4.444453333e-07,0.0006666673333,4.444453333e-07
9809,0,0,0,0
9810,0,0,0,0
9811,0,0,0,0
9812,0,0,0,0
9813,0,0,0,0
9814,0,0,0,0
9815,0.0006666673333,4.444453333e-07,0.0006666673333,4.444453333e-07
9816,0,0,0,0
9817,0,0,0,0
9818,0,0,0,0
9819,0,0,0,0
9820,0,0,0,0
9821,0,0,0,0
9822,0.0006666673333,4.444453333e-07,0.0006666673333,4.444453333e-07
9823,0,0,0,0
9824,0,0,0,0
9825,0.0006666673333,4.444453333e-07,0.0006666673333,4.444453333e-07
9826,0.001333334667,8.888906667e-07,0.001333334667,8.888906667e-07
9827,0,0,0,0
9828,0,0,0,0
9829,0,0,0,0
9830,0,0,0,0
9831,0.0006666673333,4.444453333e-07,0.0006666673333,4.444453333e-07
9832,0,0,0,0
9833,0,0,0,0
9834,0,0,0,0
9835,0.0006666673333,4.444453333e-07,0.0006666673333,4.444453333e-07
9836,0.0006666673333,4.444453333e-07,0.0006666673333,4.444453333e-07
9837,0.0006666673333,4.444453333e-07,0.0006666673333,4.444453333e-07
9838,0,0,0,0
9839,0,0,0,0
9840,0.0006666673333,4.444453333e-07,0.0006666673333,4.444453333e-07
9841,0.001333334667,8.888906667e-07,0.001333334667,8.888906667e-07
9842,0.0006666673333,4.444453333e-07,0.0006666673333,4.444453333e-07
9843,0.0006666673333,4.444453333e-07,0.0006666673333,4.444453333e-07
9844,0,0,0,0
9845,0,0,0,0
9846,0,0,0,0
9847,0,0,0,0
9848,0,0,0,0
9849,0,0,0,0
9850,0.0006666673333,4.444453333e-07,0.0006666673333,4.444453333e-07
9851,0,0,0,0
9852,0,0,0,0
9853,0,0,0,0
9854,0.0006666673333,4.444453333e-07,0.0006666673333,4.444453333e-07
9855,0,0,0,0
9856,0.0006666673333,4.444453333e-07,0.0006666673333,4.444453333e-07
9857,0,0,0,0
9858,0,0,0,0
9859,0,0,0,0
9860,0.0006666673333,4.444453333e-07,0.0006666673333,4.444453333e-07
9861,0,0,0,0
9862,0,0,0,0
9863,0,0,0,0
9864,0,0,0,0
9865,0,0,0,0
9866,0,0,0,0
9867,0.001333334667,8.888906667e-07,0.001333334667,8.888906667e-07
9868,0.0006666673333,4.444453333e-07,0.0006666673333,4.444453333e-07
9869,0,0,0,0
9870,0,0,0,0
9871,0.0006666673333,4.444453333e-07,0.0006666673333,4.444453333e-07
9872,0,0,0,0
9873,0.0006666673333,4.444453333e-07,0.0006666673333,4.444453333e-07
9874,0.0006666673333,4.444453333e-07,0.0006666673333,4.444453333e-07
9875,0,0,0,0
9876,0.0006666673333,4.444453333e-07,0.0006666673333,4.444453333e-07
9877,0,0,0,0
9878,0,0,0,0
9879,0.0008000008,6.4000128e-07,0.0008000008,6.4000128e-07
9880,0.0006666673333,4.444453333e-07,0.0006666673333,4.444453333e-07
9881,0,0,0,0
9882,0,0,0,0
9883,0,0,0,0
9884,0,0,0,0
9885,0,0,0,0
9886,0,0,0,0
9887,0,0,0,0
9888,0,0,0,0
9889,0,0,0,0
9890,0.0006666673333,4.444453333e-07,0.0006666673333,4.444453333e-07
9891,0,0,0,0
9892,0,0,0,0
9893,0,0,0,0
9894,0,0,0,0
9895,0,0,0,0
9896,0,0,0,0
9897,0,0,0,0
9898,0,0,0,0
9899,0,0,0,0
9900,0.0006666673333,4.444453333e-07,0.0006666673333,4.444453333e-07
9901,0,0,0,0
9902,0,0,0,0
9903,0.0006666673333,4.444453333e-07,0.0006666673333,4.444453333e-07
9904,0,0,0,0
9905,0,0,0,0
9906,0,0,0,0
9907,0,0,0,0
9908,0,0,0,0
9909,0,0,0,0
9910,0,0,0,0
9911,0,0,0,0
9912,0,0,0,0
9913,0,0,0,0
9914,0.0006666673333,4.444453333e-07,0.0006666673333,4.444453333e-07
9915,0,0,0,0
9916,0,0,0,0
9917,0,0,0,0
9918,0,0,0,0
9919,0,0,0,0
9920,0,0,0,0
9921,0,0,0,0
9922,0.0006666673333,4.444453333e-07,0.0006666673333,4.444453333e-07
9923,0,0,0,0
9924,0,0,0,0
9925,0,0,0,0
9926,0,0,0,0
9927,0.001333334667,8.888906667e-07,0.001333334667,8.888906667e-07
9928,0,0,0,0
9929,0.001333334667,8.888906667e-07,0.001333334667,8.888906667e-07
9930,0.0006666673333,4.444453333e-07,0.0006666673333,4.444453333e-07
9931,0.0006666673333,4.444453333e-07,0.0006666673333,4.444453333e-07
9932,0,0,0,0
9933,0,0,0,0
9934,0,0,0,0
9935,0,0,0,0
9936,0,0,0,0
9937,0,0,0,0
9938,0.001333334667,8.888906667e-07,0.001333334667,8.888906667e-07
9939,0,0,0,0
9940,0,0,0,0
9941,0,0,0,0
9942,0,0,0,0
9943,0,0,0,0
9944,0,0,0,0
9945,0.0006666673333,4.444453333e-07,0.0006666673333,4.444453333e-07
9946,0,0,0,0
9947,0.001333334667,8.888906667e-07,0.001333334667,8.888906667e-07
9948,0.001333334667,8.888906667e-07,0.001333334667,8.888906667e-07
9949,0,0,0,0
9950,0.0006666673333,4.444453333e-07,0.0006666673333,4.444453333e-07
9951,0.0006666673333,4.444453333e-07,0.0006666673333,4.444453333e-07
9952,0,0,0,0
9953,0.0006666673333,4.444453333e-07,0.0006666673333,4.444453333e-07
9954,0,0,0,0
9955,0,0,0,0
9956,0,0,0,0
9957,0,0,0,0
9958,0,0,0,0
9959,0,0,0,0
9960,0.0006666673333,4.444453333e-07,0.0006666673333,4.444453333e-07
9961,0,0,0,0
9962,0,0,0,0
9963,0,0,0,0
9964,0,0,0,0
9965,0,0,0,0
9966,0,0,0,0
9967,0.0006666673333,4.444453333e-07,0.0006666673333,4.444453333e-07
9968,0.0006666673333,4.444453333e-07,0.0006666673333,4.444453333e-07
9969,0,0,0,0
9970,0,0,0,0
9971,0,0,0,0
9972,0,0,0,0
9973,0,0,0,0
9974,0,0,0,0
9975,0,0,0,0
9976,0,0,0,0
9977,0,0,0,0
9978,0,0,0,0
9979,0.0006666673333,4.444453333e-07,0.0006666673333,4.444453333e-07
9980,0.0006666673333,4.444453333e-07,0.0006666673333,4.444453333e-07
9981,0.0006666673333,4.444453333e-07,0.0006666673333,4.444453333e-07
9982,0,0,0,0
9983,0,0,0,0
9984,0,0,0,0
9985,0,0,0,0
9986,0.001333334667,8.888906667e-07,0.001333334667,8.888906667e-07
9987,0.0006666673333,4.444453333e-07,0.0006666673333,4.444453333e-07
9988,0,0,0,0
9989,0,0,0,0
9990,0,0,0,0
9991,0,0,0,0
9992,0.0006666673333,4.444453333e-07,0.0006666673333,4.444453333e-07
9993,0,0,0,0
9994,0,0,0,0
9995,0,0,0,0
9996,0.001444445889,1.049384815e-06,0.001444445889,1.049384815e-06
9997,0,0,0,0
9998,0,0,0,0
9999,0,0,0,0
10000,1.3173464,0.0008882681544,1.3173464,0.0008882681544
