E_keV,counts_per_h_per_keV,sigma_counts_per_h_per_keV
20.5,24.356282,2.369174
21.5,25.317562,2.409072
22.5,26.551759,2.487832
23.5,28.021426,2.604392
24.5,29.682756,2.729213
25.5,31.487586,2.824807
26.5,33.398029,2.874137
27.5,35.399086,2.890386
28.5,37.493770,2.903883
29.5,39.680763,2.938586
30.5,41.930955,2.996919
31.5,44.181273,3.062742
32.5,46.351481,3.115039
33.5,48.374674,3.139949
34.5,50.223778,3.136268
35.5,51.919947,3.115057
36.5,53.519053,3.094639
37.5,55.084125,3.092612
38.5,56.657429,3.118171
39.5,58.244431,3.168807
40.5,59.815172,3.232834
41.5,61.320169,3.295302
42.5,62.712539,3.343598
43.5,63.966555,3.370841
44.5,65.086299,3.376920
45.5,66.102661,3.367613
46.5,67.061842,3.352147
47.5,68.010080,3.339874
48.5,68.980033,3.337240
49.5,69.982130,3.346327
50.5,71.002472,3.365465
51.5,72.006454,3.391136
52.5,72.946514,3.419761
53.5,73.771748,3.448406
54.5,74.437524,3.474385
55.5,74.913473,3.494485
56.5,75.189019,3.504666
57.5,75.275844,3.500680
58.5,75.207117,3.479454
59.5,75.033665,3.440667
60.5,74.817392,3.387768
61.5,74.622885,3.327899
62.5,74.508332,3.270480
63.5,74.517415,3.224750
64.5,74.673371,3.197066
65.5,74.976334,3.189120
66.5,75.404321,3.197855
67.5,75.917427,3.217020
68.5,76.464243,3.239458
69.5,76.989088,3.259075
70.5,77.438753,3.271908
71.5,77.767756,3.276240
72.5,77.941609,3.272060
73.5,77.938221,3.260264
74.5,77.747801,3.241922
75.5,77.371826,3.217823
76.5,76.821623,3.188361
77.5,76.116859,3.153700
78.5,75.284063,3.114076
79.5,74.355037,3.070103
80.5,73.365088,3.022967
81.5,72.350859,2.974438
82.5,71.347891,2.926708
83.5,70.387974,2.882091
84.5,69.496682,2.842665
85.5,68.691277,2.809943
86.5,67.979411,2.784651
87.5,67.358813,2.766651
88.5,66.817928,2.755014
89.5,66.337558,2.748191
90.5,65.893217,2.744246
91.5,65.457845,2.741095
92.5,65.004641,2.736723
93.5,64.509579,2.729383
94.5,63.953488,2.717753
95.5,63.323398,2.701048
96.5,62.613164,2.679082
97.5,61.823363,2.652255
98.5,60.960596,2.621477
99.5,60.036317,2.588004
100.5,59.065415,2.553241
101.5,58.064753,2.518523
102.5,57.051746,2.484926
103.5,56.043173,2.453141
104.5,55.054299,2.423453
105.5,54.098265,2.395801
106.5,53.185732,2.369921
107.5,52.324792,2.345516
108.5,51.520958,2.322415
109.5,50.777241,2.300674
110.5,50.094263,2.280599
111.5,49.470342,2.262677
112.5,48.901619,2.247441
113.5,48.382231,2.235295
114.5,47.904508,2.226361
115.5,47.459299,2.220378
116.5,47.036374,2.216687
117.5,46.624916,2.214304
118.5,46.214058,2.212060
119.5,45.793450,2.208770
120.5,45.353738,2.203384
121.5,44.886997,2.195112
122.5,44.387021,2.183495
123.5,43.849511,2.168416
124.5,43.272114,2.150075
125.5,42.654382,2.128924
126.5,41.997653,2.105580
127.5,41.304856,2.080728
128.5,40.580306,2.055031
129.5,39.829476,2.029048
130.5,39.058770,2.003183
131.5,38.275226,1.977662
132.5,37.486341,1.952539
133.5,36.699762,1.927735
134.5,35.923054,1.903088
135.5,35.163452,1.878417
136.5,34.427629,1.853573
137.5,33.721498,1.828480
138.5,33.050061,1.803162
139.5,32.417319,1.777749
140.5,31.826191,1.752470
141.5,31.278529,1.727637
142.5,30.775148,1.703622
143.5,30.315912,1.680837
144.5,29.899817,1.659709
145.5,29.525093,1.640649
146.5,29.189320,1.624027
147.5,28.889531,1.610143
148.5,28.622291,1.599202
149.5,28.383792,1.591287
150.5,28.169935,1.586351
151.5,27.976387,1.584207
152.5,27.798697,1.584534
153.5,27.632380,1.586885
154.5,27.473023,1.590707
155.5,27.316411,1.595355
156.5,27.158656,1.600123
157.5,26.996345,1.604266
158.5,26.826669,1.607040
159.5,26.647531,1.607744
160.5,26.457659,1.605770
161.5,26.256659,1.600652
162.5,26.045009,1.592123
163.5,25.824037,1.580149
164.5,25.595818,1.564954
165.5,25.363016,1.547020
166.5,25.128706,1.527063
167.5,24.896131,1.505974
168.5,24.668484,1.484746
169.5,24.448657,1.464382
170.5,24.239029,1.445795
171.5,24.041289,1.429725
172.5,23.856316,1.416674
173.5,23.684118,1.406867
174.5,23.523832,1.400261
175.5,23.373819,1.396573
176.5,23.231775,1.395332
177.5,23.094928,1.395940
178.5,22.960244,1.397739
179.5,22.824646,1.400058
180.5,22.685243,1.402258
181.5,22.539531,1.403765
182.5,22.385542,1.404097
183.5,22.221979,1.402878
184.5,22.048282,1.399856
185.5,21.864633,1.394911
186.5,21.671933,1.388056
187.5,21.471718,1.379432
188.5,21.266048,1.369294
189.5,21.057379,1.357983
190.5,20.848408,1.345901
191.5,20.641938,1.333468
192.5,20.440740,1.321090
193.5,20.247424,1.309129
194.5,20.064343,1.297882
195.5,19.893520,1.287568
196.5,19.736591,1.278332
197.5,19.594772,1.270259
198.5,19.468830,1.263381
199.5,19.359103,1.257701
200.5,19.265482,1.253201
201.5,19.187440,1.249846
202.5,19.124043,1.247581
203.5,19.073971,1.246329
204.5,19.035553,1.245977
205.5,19.006791,1.246371
206.5,18.985400,1.247314
207.5,18.968870,1.248569
208.5,18.954518,1.249873
209.5,18.939553,1.250952
210.5,18.921169,1.251540
211.5,18.896617,1.251400
212.5,18.863301,1.250337
213.5,18.818862,1.248217
214.5,18.761257,1.244964
215.5,18.688814,1.240567
216.5,18.600300,1.235073
217.5,18.494932,1.228576
218.5,18.372395,1.221207
219.5,18.232822,1.213120
220.5,18.076755,1.204476
221.5,17.905093,1.195429
222.5,17.719026,1.186119
223.5,17.519957,1.176658
224.5,17.309413,1.167124
225.5,17.088974,1.157562
226.5,16.860203,1.147986
227.5,16.624574,1.138381
228.5,16.383429,1.128716
229.5,16.137946,1.118954
230.5,15.889115,1.109061
231.5,15.637737,1.099021
232.5,15.384430,1.088839
233.5,15.129655,1.078544
234.5,14.873734,1.068191
235.5,14.616888,1.057847
236.5,14.359274,1.047586
237.5,14.101013,1.037470
238.5,13.842223,1.027535
239.5,13.583051,1.017780
240.5,13.323697,1.008157
241.5,13.064421,0.998570
242.5,12.805573,0.988882
243.5,12.547587,0.978927
244.5,12.290990,0.968526
245.5,12.036392,0.957514
246.5,11.784482,0.945760
247.5,11.536012,0.933186
248.5,11.291781,0.919785
249.5,11.052622,0.905631
250.5,10.819360,0.890875
251.5,10.592809,0.875746
252.5,10.373733,0.860530
253.5,10.162821,0.845553
254.5,9.960667,0.831149
255.5,9.767748,0.817639
256.5,9.584401,0.805296
257.5,9.410815,0.794327
258.5,9.247022,0.784853
259.5,9.092895,0.776902
260.5,8.948156,0.770412
261.5,8.812390,0.765243
262.5,8.685062,0.761193
263.5,8.565537,0.758022
264.5,8.453109,0.755474
265.5,8.347032,0.753297
266.5,8.246545,0.751258
267.5,8.150905,0.749156
268.5,8.059413,0.746828
269.5,7.971432,0.744152
270.5,7.886412,0.741045
271.5,7.803903,0.737466
272.5,7.723560,0.733406
273.5,7.645148,0.728893
274.5,7.568538,0.723984
275.5,7.493702,0.718768
276.5,7.420701,0.713363
277.5,7.349672,0.707919
278.5,7.280809,0.702617
279.5,7.214339,0.697663
280.5,7.150517,0.693291
281.5,7.089593,0.689749
282.5,7.031806,0.687293
283.5,6.977357,0.686167
284.5,6.926401,0.686589
285.5,6.879041,0.688724
286.5,6.835311,0.692672
287.5,6.795177,0.698444
288.5,6.758539,0.705955
289.5,6.725227,0.715016
290.5,6.695020,0.725346
291.5,6.667643,0.736576
292.5,6.642785,0.748276
293.5,6.620112,0.759974
294.5,6.599277,0.771183
295.5,6.579939,0.781426
296.5,6.561772,0.790259
297.5,6.544477,0.797298
298.5,6.527792,0.802228
299.5,6.511494,0.804827
300.5,6.495404,0.804967
301.5,6.479385,0.802628
302.5,6.463339,0.797893
303.5,6.447197,0.790951
304.5,6.430910,0.782082
305.5,6.414437,0.771650
306.5,6.397733,0.760083
307.5,6.380743,0.747850
308.5,6.363381,0.735436
309.5,6.345532,0.723313
310.5,6.327045,0.711908
311.5,6.307727,0.701574
312.5,6.287351,0.692569
313.5,6.265660,0.685033
314.5,6.242380,0.678989
315.5,6.217228,0.674339
316.5,6.189933,0.670887
317.5,6.160252,0.668358
318.5,6.127981,0.666428
319.5,6.092979,0.664750
320.5,6.055176,0.662989
321.5,6.014589,0.660838
322.5,5.971320,0.658042
323.5,5.925570,0.654408
324.5,5.877624,0.649812
325.5,5.827849,0.644205
326.5,5.776682,0.637607
327.5,5.724608,0.630106
328.5,5.672145,0.621848
329.5,5.619822,0.613028
330.5,5.568146,0.603875
331.5,5.517590,0.594637
332.5,5.468563,0.585568
333.5,5.421394,0.576911
334.5,5.376315,0.568880
335.5,5.333450,0.561648
336.5,5.292803,0.555337
337.5,5.254266,0.550011
338.5,5.217613,0.545671
339.5,5.182514,0.542262
340.5,5.148551,0.539676
341.5,5.115227,0.537768
342.5,5.081996,0.536362
343.5,5.048282,0.535266
344.5,5.013498,0.534288
345.5,4.977080,0.533242
346.5,4.938497,0.531959
347.5,4.897281,0.530293
348.5,4.853042,0.528126
349.5,4.805480,0.525370
350.5,4.754397,0.521971
351.5,4.699702,0.517904
352.5,4.641414,0.513175
353.5,4.579658,0.507818
354.5,4.514661,0.501894
355.5,4.446739,0.495483
356.5,4.376289,0.488684
357.5,4.303769,0.481607
358.5,4.229686,0.474371
359.5,4.154580,0.467096
360.5,4.079004,0.459896
361.5,4.003512,0.452879
362.5,3.928637,0.446139
363.5,3.854888,0.439751
364.5,3.782731,0.433771
365.5,3.712581,0.428236
366.5,3.644799,0.423161
367.5,3.579682,0.418543
368.5,3.517468,0.414363
369.5,3.458328,0.410590
370.5,3.402374,0.407187
371.5,3.349658,0.404110
372.5,3.300179,0.401317
373.5,3.253887,0.398768
374.5,3.210690,0.396428
375.5,3.170458,0.394267
376.5,3.133032,0.392263
377.5,3.098226,0.390399
378.5,3.065837,0.388666
379.5,3.035648,0.387055
380.5,3.007431,0.385562
381.5,2.980958,0.384183
382.5,2.955993,0.382915
383.5,2.932307,0.381750
384.5,2.909675,0.380680
385.5,2.887876,0.379692
386.5,2.866702,0.378769
387.5,2.845956,0.377892
388.5,2.825453,0.377036
389.5,2.805026,0.376175
390.5,2.784525,0.375280
391.5,2.763816,0.374323
392.5,2.742790,0.373275
393.5,2.721355,0.372108
394.5,2.699446,0.370800
395.5,2.677022,0.369329
396.5,2.654065,0.367681
397.5,2.630583,0.365847
398.5,2.606609,0.363826
399.5,2.582202,0.361621
400.5,2.557441,0.359246
401.5,2.532431,0.356720
402.5,2.507295,0.354072
403.5,2.482173,0.351335
404.5,2.457220,0.348549
405.5,2.432602,0.345758
406.5,2.408492,0.343010
407.5,2.385073,0.340353
408.5,2.362520,0.337836
409.5,2.341013,0.335506
410.5,2.320720,0.333404
411.5,2.301801,0.331566
412.5,2.284405,0.330020
413.5,2.268663,0.328785
414.5,2.254691,0.327871
415.5,2.242583,0.327276
416.5,2.232412,0.326991
417.5,2.224232,0.326996
418.5,2.218072,0.327264
419.5,2.213941,0.327763
420.5,2.211824,0.328457
421.5,2.211687,0.329308
422.5,2.213477,0.330278
423.5,2.217121,0.331332
424.5,2.222531,0.332437
425.5,2.229602,0.333565
426.5,2.238221,0.334692
427.5,2.248260,0.335802
428.5,2.259586,0.336882
429.5,2.272057,0.337923
430.5,2.285530,0.338924
431.5,2.299858,0.339882
432.5,2.314896,0.340800
433.5,2.330496,0.341682
434.5,2.346518,0.342530
435.5,2.362827,0.343346
436.5,2.379294,0.344134
437.5,2.395798,0.344893
438.5,2.412228,0.345621
439.5,2.428482,0.346316
440.5,2.444473,0.346973
441.5,2.460122,0.347588
442.5,2.475366,0.348153
443.5,2.490152,0.348665
444.5,2.504442,0.349120
445.5,2.518210,0.349515
446.5,2.531445,0.349850
447.5,2.544144,0.350126
448.5,2.556320,0.350350
449.5,2.567992,0.350527
450.5,2.579191,0.350669
451.5,2.589956,0.350789
452.5,2.600332,0.350900
453.5,2.610369,0.351020
454.5,2.620122,0.351165
455.5,2.629646,0.351353
456.5,2.639000,0.351602
457.5,2.648240,0.351928
458.5,2.657421,0.352346
459.5,2.666595,0.352869
460.5,2.675810,0.353507
461.5,2.685109,0.354267
462.5,2.694531,0.355151
463.5,2.704109,0.356159
464.5,2.713871,0.357285
465.5,2.723840,0.358520
466.5,2.734034,0.359849
467.5,2.744468,0.361254
468.5,2.755153,0.362712
469.5,2.766100,0.364199
470.5,2.777315,0.365686
471.5,2.788809,0.367144
472.5,2.800589,0.368544
473.5,2.812667,0.369856
474.5,2.825056,0.371054
475.5,2.837771,0.372116
476.5,2.850831,0.373025
477.5,2.864257,0.373770
478.5,2.878072,0.374349
479.5,2.892298,0.374768
480.5,2.906958,0.375043
481.5,2.922073,0.375200
482.5,2.937658,0.375275
483.5,2.953722,0.375314
484.5,2.970264,0.375369
485.5,2.987271,0.375500
486.5,3.004718,0.375772
487.5,3.022558,0.376249
488.5,3.040730,0.376994
489.5,3.059147,0.378065
490.5,3.077702,0.379510
491.5,3.096265,0.381365
492.5,3.114681,0.383650
493.5,3.132773,0.386369
494.5,3.150343,0.389503
495.5,3.167170,0.393017
496.5,3.183020,0.396855
497.5,3.197645,0.400944
498.5,3.210787,0.405195
499.5,3.222189,0.409510
500.5,3.231591,0.413778
501.5,3.238742,0.417886
502.5,3.243407,0.421720
503.5,3.245366,0.425166
504.5,3.244428,0.428120
505.5,3.240429,0.430484
506.5,3.233241,0.432175
507.5,3.222774,0.433120
508.5,3.208980,0.433266
509.5,3.191854,0.432578
510.5,3.171435,0.431037
511.5,3.147806,0.428646
512.5,3.121095,0.425425
513.5,3.091467,0.421414
514.5,3.059128,0.416673
515.5,3.024313,0.411276
516.5,2.987289,0.405311
517.5,2.948342,0.398882
518.5,2.907778,0.392099
519.5,2.865911,0.385081
520.5,2.823059,0.377947
521.5,2.779539,0.370816
522.5,2.735661,0.363803
523.5,2.691719,0.357012
524.5,2.647993,0.350536
525.5,2.604740,0.344450
526.5,2.562193,0.338811
527.5,2.520557,0.333657
528.5,2.480011,0.329004
529.5,2.440704,0.324848
530.5,2.402758,0.321167
531.5,2.366268,0.317924
532.5,2.331302,0.315068
533.5,2.297908,0.312542
534.5,2.266112,0.310281
535.5,2.235923,0.308224
536.5,2.207336,0.306308
537.5,2.180332,0.304480
538.5,2.154889,0.302691
539.5,2.130974,0.300905
540.5,2.108553,0.299095
541.5,2.087591,0.297245
542.5,2.068051,0.295350
543.5,2.049899,0.293417
544.5,2.033102,0.291461
545.5,2.017626,0.289507
546.5,2.003442,0.287585
547.5,1.990518,0.285732
548.5,1.978824,0.283986
549.5,1.968325,0.282388
550.5,1.958986,0.280978
551.5,1.950765,0.279790
552.5,1.943614,0.278855
553.5,1.937479,0.278197
554.5,1.932295,0.277830
555.5,1.927990,0.277760
556.5,1.924481,0.277982
557.5,1.921675,0.278482
558.5,1.919471,0.279235
559.5,1.917755,0.280209
560.5,1.916411,0.281365
561.5,1.915311,0.282655
562.5,1.914325,0.284031
563.5,1.913319,0.285441
564.5,1.912161,0.286832
565.5,1.910716,0.288152
566.5,1.908859,0.289353
567.5,1.906467,0.290389
568.5,1.903429,0.291219
569.5,1.899644,0.291810
570.5,1.895027,0.292133
571.5,1.889505,0.292166
572.5,1.883025,0.291894
573.5,1.875551,0.291310
574.5,1.867065,0.290412
575.5,1.857571,0.289207
576.5,1.847092,0.287707
577.5,1.835668,0.285930
578.5,1.823360,0.283900
579.5,1.810245,0.281645
580.5,1.796418,0.279199
581.5,1.781987,0.276596
582.5,1.767072,0.273876
583.5,1.751805,0.271078
584.5,1.736325,0.268244
585.5,1.720779,0.265415
586.5,1.705314,0.262630
587.5,1.690082,0.259928
588.5,1.675233,0.257344
589.5,1.660913,0.254910
590.5,1.647263,0.252655
591.5,1.634420,0.250603
592.5,1.622510,0.248772
593.5,1.611650,0.247178
594.5,1.601945,0.245830
595.5,1.593489,0.244732
596.5,1.586363,0.243885
597.5,1.580635,0.243286
598.5,1.576360,0.242928
599.5,1.573578,0.242802
600.5,1.572315,0.242898
601.5,1.572586,0.243204
602.5,1.574390,0.243707
603.5,1.577713,0.244393
604.5,1.582531,0.245251
605.5,1.588805,0.246269
606.5,1.596489,0.247435
607.5,1.605522,0.248739
608.5,1.615836,0.250171
609.5,1.627351,0.251721
610.5,1.639981,0.253381
611.5,1.653631,0.255141
612.5,1.668199,0.256991
613.5,1.683576,0.258923
614.5,1.699649,0.260925
615.5,1.716298,0.262985
616.5,1.733400,0.265093
617.5,1.750828,0.267233
618.5,1.768453,0.269391
619.5,1.786144,0.271553
620.5,1.803769,0.273702
621.5,1.821195,0.275822
622.5,1.838291,0.277896
623.5,1.854927,0.279906
624.5,1.870975,0.281838
625.5,1.886312,0.283674
626.5,1.900817,0.285400
627.5,1.914375,0.287003
628.5,1.926877,0.288469
629.5,1.938221,0.289787
630.5,1.948313,0.290948
631.5,1.957065,0.291945
632.5,1.964399,0.292771
633.5,1.970246,0.293422
634.5,1.974549,0.293896
635.5,1.977257,0.294193
636.5,1.978333,0.294313
637.5,1.977749,0.294258
638.5,1.975488,0.294031
639.5,1.971545,0.293638
640.5,1.965925,0.293084
641.5,1.958644,0.292374
642.5,1.949729,0.291513
643.5,1.939215,0.290508
644.5,1.927150,0.289363
645.5,1.913590,0.288085
646.5,1.898601,0.286675
647.5,1.882255,0.285139
648.5,1.864636,0.283478
649.5,1.845831,0.281694
650.5,1.825936,0.279788
651.5,1.805054,0.277760
652.5,1.783290,0.275611
653.5,1.760757,0.273339
654.5,1.737568,0.270946
655.5,1.713843,0.268433
656.5,1.689700,0.265803
657.5,1.665261,0.263060
658.5,1.640645,0.260210
659.5,1.615973,0.257263
660.5,1.591362,0.254229
661.5,1.566928,0.251123
662.5,1.542784,0.247962
663.5,1.519036,0.244768
664.5,1.495785,0.241563
665.5,1.473128,0.238373
666.5,1.451151,0.235227
667.5,1.429936,0.232153
668.5,1.409554,0.229183
669.5,1.390066,0.226346
670.5,1.371524,0.223674
671.5,1.353971,0.221192
672.5,1.337438,0.218927
673.5,1.321945,0.216899
674.5,1.307502,0.215126
675.5,1.294108,0.213617
676.5,1.281752,0.212379
677.5,1.270411,0.211410
678.5,1.260055,0.210704
679.5,1.250643,0.210247
680.5,1.242127,0.210020
681.5,1.234453,0.209999
682.5,1.227557,0.210158
683.5,1.221372,0.210466
684.5,1.215828,0.210890
685.5,1.210849,0.211397
686.5,1.206361,0.211954
687.5,1.202284,0.212528
688.5,1.198544,0.213089
689.5,1.195066,0.213609
690.5,1.191776,0.214062
691.5,1.188605,0.214428
692.5,1.185491,0.214687
693.5,1.182372,0.214828
694.5,1.179195,0.214839
695.5,1.175912,0.214716
696.5,1.172483,0.214455
697.5,1.168874,0.214060
698.5,1.165056,0.213535
699.5,1.161011,0.212888
700.5,1.156724,0.212131
701.5,1.152188,0.211275
702.5,1.147403,0.210337
703.5,1.142374,0.209330
704.5,1.137112,0.208272
705.5,1.131631,0.207179
706.5,1.125952,0.206066
707.5,1.120099,0.204949
708.5,1.114097,0.203839
709.5,1.107975,0.202750
710.5,1.101765,0.201690
711.5,1.095499,0.200666
712.5,1.089210,0.199684
713.5,1.082932,0.198747
714.5,1.076698,0.197855
715.5,1.070541,0.197007
716.5,1.064493,0.196201
717.5,1.058585,0.195432
718.5,1.052848,0.194697
719.5,1.047310,0.193990
720.5,1.041995,0.193307
721.5,1.036929,0.192645
722.5,1.032133,0.191998
723.5,1.027629,0.191366
724.5,1.023432,0.190749
725.5,1.019557,0.190146
726.5,1.016018,0.189562
727.5,1.012825,0.189000
728.5,1.009985,0.188466
729.5,1.007501,0.187969
730.5,1.005377,0.187516
731.5,1.003612,0.187117
732.5,1.002202,0.186780
733.5,1.001141,0.186516
734.5,1.000419,0.186332
735.5,1.000026,0.186236
736.5,0.999947,0.186233
737.5,1.000164,0.186327
738.5,1.000659,0.186519
739.5,1.001411,0.186809
740.5,1.002397,0.187191
741.5,1.003591,0.187660
742.5,1.004968,0.188206
743.5,1.006500,0.188818
744.5,1.008159,0.189481
745.5,1.009918,0.190183
746.5,1.011748,0.190904
747.5,1.013621,0.191630
748.5,1.015511,0.192343
749.5,1.017395,0.193026
750.5,1.019247,0.193663
751.5,1.021047,0.194240
752.5,1.022778,0.194743
753.5,1.024424,0.195161
754.5,1.025974,0.195486
755.5,1.027419,0.195709
756.5,1.028755,0.195828
757.5,1.029981,0.195840
758.5,1.031102,0.195746
759.5,1.032124,0.195549
760.5,1.033060,0.195256
761.5,1.033924,0.194874
762.5,1.034736,0.194412
763.5,1.035519,0.193884
764.5,1.036298,0.193302
765.5,1.037100,0.192680
766.5,1.037958,0.192034
767.5,1.038903,0.191380
768.5,1.039969,0.190734
769.5,1.041191,0.190112
770.5,1.042606,0.189529
771.5,1.044247,0.189001
772.5,1.046151,0.188540
773.5,1.048351,0.188158
774.5,1.050880,0.187867
775.5,1.053770,0.187674
776.5,1.057049,0.187586
777.5,1.060744,0.187606
778.5,1.064879,0.187738
779.5,1.069476,0.187982
780.5,1.074552,0.188335
781.5,1.080122,0.188794
782.5,1.086197,0.189354
783.5,1.092786,0.190009
784.5,1.099893,0.190752
785.5,1.107520,0.191574
786.5,1.115664,0.192469
787.5,1.124320,0.193426
788.5,1.133478,0.194441
789.5,1.143127,0.195504
790.5,1.153251,0.196610
791.5,1.163833,0.197755
792.5,1.174852,0.198934
793.5,1.186283,0.200144
794.5,1.198099,0.201385
795.5,1.210273,0.202657
796.5,1.222772,0.203962
797.5,1.235562,0.205300
798.5,1.248607,0.206677
799.5,1.261868,0.208095
800.5,1.275305,0.209558
801.5,1.288875,0.211071
802.5,1.302533,0.212636
803.5,1.316235,0.214258
804.5,1.329932,0.215938
805.5,1.343575,0.217677
806.5,1.357114,0.219474
807.5,1.370498,0.221326
808.5,1.383675,0.223230
809.5,1.396594,0.225179
810.5,1.409202,0.227164
811.5,1.421447,0.229177
812.5,1.433278,0.231206
813.5,1.444645,0.233238
814.5,1.455499,0.235258
815.5,1.465792,0.237252
816.5,1.475480,0.239203
817.5,1.484519,0.241095
818.5,1.492871,0.242911
819.5,1.500499,0.244636
820.5,1.507369,0.246255
821.5,1.513454,0.247751
822.5,1.518729,0.249113
823.5,1.523173,0.250327
824.5,1.526770,0.251383
825.5,1.529509,0.252272
826.5,1.531385,0.252987
827.5,1.532395,0.253524
828.5,1.532542,0.253879
829.5,1.531833,0.254052
830.5,1.530281,0.254044
831.5,1.527902,0.253858
832.5,1.524714,0.253501
833.5,1.520743,0.252979
834.5,1.516013,0.252301
835.5,1.510555,0.251478
836.5,1.504400,0.250520
837.5,1.497582,0.249441
838.5,1.490135,0.248254
839.5,1.482095,0.246973
840.5,1.473500,0.245610
841.5,1.464387,0.244180
842.5,1.454792,0.242696
843.5,1.444752,0.241170
844.5,1.434302,0.239613
845.5,1.423478,0.238035
846.5,1.412312,0.236444
847.5,1.400837,0.234848
848.5,1.389084,0.233252
849.5,1.377081,0.231659
850.5,1.364857,0.230071
851.5,1.352437,0.228490
852.5,1.339846,0.226913
853.5,1.327108,0.225340
854.5,1.314244,0.223767
855.5,1.301276,0.222190
856.5,1.288224,0.220604
857.5,1.275109,0.219007
858.5,1.261948,0.217392
859.5,1.248763,0.215756
860.5,1.235571,0.214095
861.5,1.222393,0.212406
862.5,1.209248,0.210688
863.5,1.196157,0.208939
864.5,1.183139,0.207160
865.5,1.170218,0.205351
866.5,1.157415,0.203516
867.5,1.144753,0.201659
868.5,1.132256,0.199784
869.5,1.119949,0.197898
870.5,1.107857,0.196009
871.5,1.096005,0.194124
872.5,1.084419,0.192253
873.5,1.073125,0.190405
874.5,1.062150,0.188589
875.5,1.051518,0.186817
876.5,1.041256,0.185098
877.5,1.031388,0.183442
878.5,1.021938,0.181858
879.5,1.012928,0.180355
880.5,1.004381,0.178941
881.5,0.996315,0.177622
882.5,0.988749,0.176405
883.5,0.981699,0.175293
884.5,0.975178,0.174291
885.5,0.969199,0.173399
886.5,0.963772,0.172618
887.5,0.958902,0.171948
888.5,0.954594,0.171387
889.5,0.950849,0.170933
890.5,0.947668,0.170580
891.5,0.945046,0.170326
892.5,0.942976,0.170165
893.5,0.941450,0.170093
894.5,0.940456,0.170102
895.5,0.939981,0.170189
896.5,0.940007,0.170347
897.5,0.940515,0.170572
898.5,0.941484,0.170859
899.5,0.942890,0.171203
900.5,0.944708,0.171600
901.5,0.946910,0.172047
902.5,0.949466,0.172540
903.5,0.952346,0.173077
904.5,0.955515,0.173656
905.5,0.958941,0.174272
906.5,0.962587,0.174926
907.5,0.966417,0.175613
908.5,0.970394,0.176332
909.5,0.974477,0.177080
910.5,0.978630,0.177854
911.5,0.982812,0.178651
912.5,0.986984,0.179466
913.5,0.991106,0.180296
914.5,0.995138,0.181134
915.5,0.999042,0.181976
916.5,1.002778,0.182815
917.5,1.006310,0.183644
918.5,1.009600,0.184456
919.5,1.012613,0.185242
920.5,1.015316,0.185996
921.5,1.017676,0.186708
922.5,1.019662,0.187370
923.5,1.021248,0.187975
924.5,1.022406,0.188513
925.5,1.023114,0.188978
926.5,1.023351,0.189362
927.5,1.023099,0.189658
928.5,1.022344,0.189862
929.5,1.021074,0.189969
930.5,1.019280,0.189974
931.5,1.016956,0.189875
932.5,1.014100,0.189672
933.5,1.010713,0.189363
934.5,1.006800,0.188949
935.5,1.002367,0.188434
936.5,0.997423,0.187820
937.5,0.991984,0.187112
938.5,0.986064,0.186315
939.5,0.979681,0.185435
940.5,0.972857,0.184481
941.5,0.965614,0.183458
942.5,0.957976,0.182377
943.5,0.949971,0.181243
944.5,0.941627,0.180067
945.5,0.932972,0.178857
946.5,0.924036,0.177619
947.5,0.914851,0.176363
948.5,0.905448,0.175093
949.5,0.895857,0.173818
950.5,0.886110,0.172542
951.5,0.876237,0.171269
952.5,0.866270,0.170003
953.5,0.856237,0.168748
954.5,0.846167,0.167505
955.5,0.836088,0.166275
956.5,0.826025,0.165059
957.5,0.816004,0.163857
958.5,0.806047,0.162668
959.5,0.796177,0.161494
960.5,0.786414,0.160331
961.5,0.776776,0.159181
962.5,0.767280,0.158043
963.5,0.757941,0.156915
964.5,0.748772,0.155799
965.5,0.739785,0.154695
966.5,0.730991,0.153602
967.5,0.722397,0.152523
968.5,0.714012,0.151459
969.5,0.705840,0.150412
970.5,0.697887,0.149383
971.5,0.690155,0.148374
972.5,0.682647,0.147388
973.5,0.675364,0.146426
974.5,0.668305,0.145491
975.5,0.661472,0.144585
976.5,0.654861,0.143707
977.5,0.648473,0.142860
978.5,0.642304,0.142044
979.5,0.636351,0.141260
980.5,0.630613,0.140505
981.5,0.625085,0.139781
982.5,0.619766,0.139085
983.5,0.614650,0.138416
984.5,0.609736,0.137772
985.5,0.605021,0.137150
986.5,0.600502,0.136549
987.5,0.596175,0.135966
988.5,0.592040,0.135399
989.5,0.588094,0.134845
990.5,0.584334,0.134303
991.5,0.580760,0.133772
992.5,0.577371,0.133250
993.5,0.574167,0.132736
994.5,0.571145,0.132230
995.5,0.568307,0.131733
996.5,0.565653,0.131245
997.5,0.563182,0.130767
998.5,0.560896,0.130301
999.5,0.558794,0.129850
1000.5,0.556877,0.129415
1001.5,0.555146,0.129000
1002.5,0.553602,0.128608
1003.5,0.552243,0.128241
1004.5,0.551072,0.127904
1005.5,0.550086,0.127600
1006.5,0.549286,0.127333
1007.5,0.548670,0.127104
1008.5,0.548237,0.126919
1009.5,0.547984,0.126778
1010.5,0.547909,0.126685
1011.5,0.548007,0.126641
1012.5,0.548276,0.126648
1013.5,0.548709,0.126706
1014.5,0.549302,0.126816
1015.5,0.550047,0.126978
1016.5,0.550937,0.127189
1017.5,0.551965,0.127450
1018.5,0.553121,0.127756
1019.5,0.554395,0.128106
1020.5,0.555779,0.128496
1021.5,0.557260,0.128922
1022.5,0.558829,0.129379
1023.5,0.560472,0.129863
1024.5,0.562177,0.130368
1025.5,0.563933,0.130889
1026.5,0.565726,0.131420
1027.5,0.567544,0.131956
1028.5,0.569374,0.132490
1029.5,0.571203,0.133018
1030.5,0.573018,0.133533
1031.5,0.574807,0.134030
1032.5,0.576558,0.134505
1033.5,0.578261,0.134952
1034.5,0.579903,0.135368
1035.5,0.581474,0.135749
1036.5,0.582967,0.136092
1037.5,0.584372,0.136394
1038.5,0.585681,0.136654
1039.5,0.586888,0.136871
1040.5,0.587988,0.137043
1041.5,0.588976,0.137170
1042.5,0.589848,0.137254
1043.5,0.590604,0.137294
1044.5,0.591241,0.137293
1045.5,0.591761,0.137252
1046.5,0.592165,0.137173
1047.5,0.592456,0.137059
1048.5,0.592637,0.136913
1049.5,0.592714,0.136737
1050.5,0.592694,0.136533
1051.5,0.592583,0.136306
1052.5,0.592390,0.136057
1053.5,0.592126,0.135789
1054.5,0.591799,0.135505
1055.5,0.591423,0.135206
1056.5,0.591008,0.134895
1057.5,0.590568,0.134573
1058.5,0.590116,0.134243
1059.5,0.589667,0.133905
1060.5,0.589236,0.133561
1061.5,0.588837,0.133212
1062.5,0.588485,0.132859
1063.5,0.588197,0.132504
1064.5,0.587987,0.132149
1065.5,0.587871,0.131794
1066.5,0.587865,0.131442
1067.5,0.587983,0.131096
1068.5,0.588240,0.130759
1069.5,0.588651,0.130433
1070.5,0.589227,0.130122
1071.5,0.589982,0.129832
1072.5,0.590927,0.129566
1073.5,0.592073,0.129331
1074.5,0.593428,0.129133
1075.5,0.595002,0.128976
1076.5,0.596800,0.128869
1077.5,0.598828,0.128817
1078.5,0.601089,0.128827
1079.5,0.603584,0.128905
1080.5,0.606314,0.129057
1081.5,0.609277,0.129290
1082.5,0.612470,0.129607
1083.5,0.615886,0.130012
1084.5,0.619518,0.130508
1085.5,0.623356,0.131097
1086.5,0.627391,0.131779
1087.5,0.631608,0.132552
1088.5,0.635992,0.133414
1089.5,0.640529,0.134362
1090.5,0.645198,0.135388
1091.5,0.649981,0.136487
1092.5,0.654858,0.137651
1093.5,0.659806,0.138869
1094.5,0.664803,0.140132
1095.5,0.669826,0.141428
1096.5,0.674850,0.142746
1097.5,0.679851,0.144074
1098.5,0.684805,0.145398
1099.5,0.689687,0.146707
1100.5,0.694473,0.147987
1101.5,0.699141,0.149228
1102.5,0.703667,0.150416
1103.5,0.708030,0.151541
1104.5,0.712210,0.152592
1105.5,0.716187,0.153561
1106.5,0.719945,0.154439
1107.5,0.723467,0.155219
1108.5,0.726741,0.155895
1109.5,0.729754,0.156462
1110.5,0.732497,0.156917
1111.5,0.734963,0.157258
1112.5,0.737146,0.157485
1113.5,0.739043,0.157598
1114.5,0.740655,0.157601
1115.5,0.741982,0.157496
1116.5,0.743027,0.157289
1117.5,0.743798,0.156986
1118.5,0.744302,0.156595
1119.5,0.744548,0.156125
1120.5,0.744548,0.155584
1121.5,0.744315,0.154983
1122.5,0.743862,0.154334
1123.5,0.743206,0.153647
1124.5,0.742363,0.152934
1125.5,0.741349,0.152207
1126.5,0.740184,0.151478
1127.5,0.738884,0.150759
1128.5,0.737469,0.150059
1129.5,0.735956,0.149389
1130.5,0.734364,0.148758
1131.5,0.732710,0.148175
1132.5,0.731012,0.147647
1133.5,0.729286,0.147178
1134.5,0.727548,0.146774
1135.5,0.725812,0.146437
1136.5,0.724091,0.146169
1137.5,0.722398,0.145969
1138.5,0.720745,0.145837
1139.5,0.719141,0.145769
1140.5,0.717594,0.145761
1141.5,0.716113,0.145810
1142.5,0.714702,0.145910
1143.5,0.713367,0.146053
1144.5,0.712111,0.146234
1145.5,0.710937,0.146445
1146.5,0.709846,0.146679
1147.5,0.708837,0.146929
1148.5,0.707911,0.147187
1149.5,0.707066,0.147448
1150.5,0.706299,0.147704
1151.5,0.705607,0.147949
1152.5,0.704987,0.148179
1153.5,0.704435,0.148387
1154.5,0.703947,0.148571
1155.5,0.703517,0.148727
1156.5,0.703143,0.148851
1157.5,0.702817,0.148941
1158.5,0.702537,0.148997
1159.5,0.702298,0.149018
1160.5,0.702094,0.149002
1161.5,0.701922,0.148951
1162.5,0.701777,0.148865
1163.5,0.701657,0.148745
1164.5,0.701558,0.148594
1165.5,0.701476,0.148414
1166.5,0.701411,0.148207
1167.5,0.701358,0.147975
1168.5,0.701317,0.147723
1169.5,0.701287,0.147453
1170.5,0.701266,0.147168
1171.5,0.701254,0.146871
1172.5,0.701251,0.146566
1173.5,0.701257,0.146256
1174.5,0.701273,0.145944
1175.5,0.701299,0.145633
1176.5,0.701336,0.145326
1177.5,0.701386,0.145026
1178.5,0.701450,0.144733
1179.5,0.701530,0.144452
1180.5,0.701627,0.144182
1181.5,0.701743,0.143926
1182.5,0.701880,0.143685
1183.5,0.702041,0.143459
1184.5,0.702226,0.143249
1185.5,0.702438,0.143055
1186.5,0.702678,0.142877
1187.5,0.702949,0.142715
1188.5,0.703252,0.142567
1189.5,0.703589,0.142435
1190.5,0.703962,0.142315
1191.5,0.704370,0.142209
1192.5,0.704816,0.142114
1193.5,0.705301,0.142031
1194.5,0.705826,0.141957
1195.5,0.706390,0.141894
1196.5,0.706994,0.141839
1197.5,0.707638,0.141794
1198.5,0.708323,0.141757
1199.5,0.709047,0.141728
1200.5,0.709809,0.141709
1201.5,0.710609,0.141700
1202.5,0.711445,0.141702
1203.5,0.712315,0.141715
1204.5,0.713218,0.141741
1205.5,0.714150,0.141782
1206.5,0.715109,0.141838
1207.5,0.716092,0.141912
1208.5,0.717095,0.142005
1209.5,0.718116,0.142118
1210.5,0.719148,0.142253
1211.5,0.720189,0.142411
1212.5,0.721233,0.142593
1213.5,0.722276,0.142800
1214.5,0.723312,0.143031
1215.5,0.724337,0.143286
1216.5,0.725343,0.143566
1217.5,0.726327,0.143868
1218.5,0.727282,0.144190
1219.5,0.728202,0.144532
1220.5,0.729083,0.144890
1221.5,0.729917,0.145261
1222.5,0.730701,0.145641
1223.5,0.731427,0.146026
1224.5,0.732093,0.146413
1225.5,0.732694,0.146796
1226.5,0.733224,0.147171
1227.5,0.733680,0.147533
1228.5,0.734059,0.147878
1229.5,0.734359,0.148199
1230.5,0.734577,0.148492
1231.5,0.734711,0.148754
1232.5,0.734762,0.148979
1233.5,0.734728,0.149164
1234.5,0.734612,0.149305
1235.5,0.734413,0.149399
1236.5,0.734134,0.149445
1237.5,0.733778,0.149440
1238.5,0.733348,0.149383
1239.5,0.732849,0.149275
1240.5,0.732284,0.149114
1241.5,0.731660,0.148903
1242.5,0.730982,0.148643
1243.5,0.730256,0.148338
1244.5,0.729489,0.147989
1245.5,0.728687,0.147602
1246.5,0.727858,0.147181
1247.5,0.727008,0.146730
1248.5,0.726145,0.146258
1249.5,0.725274,0.145768
1250.5,0.724404,0.145268
1251.5,0.723539,0.144766
1252.5,0.722687,0.144267
1253.5,0.721851,0.143780
1254.5,0.721038,0.143310
1255.5,0.720250,0.142866
1256.5,0.719492,0.142453
1257.5,0.718765,0.142076
1258.5,0.718070,0.141742
1259.5,0.717410,0.141455
1260.5,0.716782,0.141218
1261.5,0.716186,0.141034
1262.5,0.715619,0.140904
1263.5,0.715079,0.140829
1264.5,0.714560,0.140809
1265.5,0.714058,0.140842
1266.5,0.713567,0.140924
1267.5,0.713080,0.141053
1268.5,0.712589,0.141223
1269.5,0.712088,0.141428
1270.5,0.711567,0.141664
1271.5,0.711018,0.141922
1272.5,0.710432,0.142195
1273.5,0.709800,0.142476
1274.5,0.709114,0.142756
1275.5,0.708364,0.143028
1276.5,0.707542,0.143284
1277.5,0.706640,0.143515
1278.5,0.705651,0.143716
1279.5,0.704568,0.143878
1280.5,0.703387,0.143995
1281.5,0.702102,0.144063
1282.5,0.700710,0.144075
1283.5,0.699209,0.144027
1284.5,0.697598,0.143917
1285.5,0.695878,0.143741
1286.5,0.694050,0.143497
1287.5,0.692118,0.143184
1288.5,0.690087,0.142803
1289.5,0.687965,0.142354
1290.5,0.685758,0.141838
1291.5,0.683477,0.141259
1292.5,0.681134,0.140618
1293.5,0.678741,0.139920
1294.5,0.676311,0.139170
1295.5,0.673862,0.138372
1296.5,0.671408,0.137532
1297.5,0.668968,0.136657
1298.5,0.666561,0.135754
1299.5,0.664207,0.134828
1300.5,0.661925,0.133889
1301.5,0.659736,0.132943
1302.5,0.657662,0.131999
1303.5,0.655724,0.131065
1304.5,0.653943,0.130149
1305.5,0.652341,0.129260
1306.5,0.650938,0.128405
1307.5,0.649755,0.127593
1308.5,0.648811,0.126831
1309.5,0.648127,0.126128
1310.5,0.647719,0.125490
1311.5,0.647604,0.124926
1312.5,0.647798,0.124440
1313.5,0.648315,0.124039
1314.5,0.649166,0.123728
1315.5,0.650364,0.123513
1316.5,0.651915,0.123396
1317.5,0.653828,0.123382
1318.5,0.656107,0.123473
1319.5,0.658755,0.123670
1320.5,0.661772,0.123975
1321.5,0.665157,0.124387
1322.5,0.668906,0.124907
1323.5,0.673013,0.125532
1324.5,0.677469,0.126260
1325.5,0.682266,0.127088
1326.5,0.687388,0.128013
1327.5,0.692823,0.129031
1328.5,0.698553,0.130135
1329.5,0.704559,0.131321
1330.5,0.710822,0.132583
1331.5,0.717317,0.133915
1332.5,0.724023,0.135308
1333.5,0.730913,0.136757
1334.5,0.737960,0.138253
1335.5,0.745136,0.139790
1336.5,0.752413,0.141358
1337.5,0.759759,0.142950
1338.5,0.767145,0.144557
1339.5,0.774539,0.146172
1340.5,0.781910,0.147787
1341.5,0.789225,0.149392
1342.5,0.796453,0.150980
1343.5,0.803564,0.152543
1344.5,0.810524,0.154073
1345.5,0.817304,0.155563
1346.5,0.823875,0.157005
1347.5,0.830206,0.158392
1348.5,0.836271,0.159717
1349.5,0.842043,0.160974
1350.5,0.847496,0.162158
1351.5,0.852608,0.163261
1352.5,0.857355,0.164280
1353.5,0.861719,0.165209
1354.5,0.865680,0.166044
1355.5,0.869222,0.166783
1356.5,0.872330,0.167421
1357.5,0.874994,0.167956
1358.5,0.877202,0.168386
1359.5,0.878947,0.168710
1360.5,0.880223,0.168927
1361.5,0.881026,0.169037
1362.5,0.881355,0.169041
1363.5,0.881210,0.168940
1364.5,0.880596,0.168734
1365.5,0.879516,0.168428
1366.5,0.877977,0.168022
1367.5,0.875988,0.167522
1368.5,0.873560,0.166929
1369.5,0.870705,0.166250
1370.5,0.867437,0.165488
1371.5,0.863771,0.164648
1372.5,0.859725,0.163737
1373.5,0.855314,0.162759
1374.5,0.850560,0.161721
1375.5,0.845480,0.160629
1376.5,0.840097,0.159490
1377.5,0.834431,0.158308
1378.5,0.828504,0.157092
1379.5,0.822339,0.155848
1380.5,0.815956,0.154581
1381.5,0.809380,0.153299
1382.5,0.802633,0.152007
1383.5,0.795736,0.150710
1384.5,0.788711,0.149416
1385.5,0.781581,0.148129
1386.5,0.774365,0.146853
1387.5,0.767086,0.145595
1388.5,0.759761,0.144357
1389.5,0.752411,0.143145
1390.5,0.745053,0.141962
1391.5,0.737705,0.140810
1392.5,0.730383,0.139694
1393.5,0.723101,0.138615
1394.5,0.715875,0.137576
1395.5,0.708717,0.136579
1396.5,0.701640,0.135625
1397.5,0.694655,0.134715
1398.5,0.687771,0.133851
1399.5,0.680997,0.133034
1400.5,0.674342,0.132263
1401.5,0.667811,0.131540
1402.5,0.661411,0.130864
1403.5,0.655146,0.130235
1404.5,0.649020,0.129653
1405.5,0.643036,0.129118
1406.5,0.637197,0.128629
1407.5,0.631502,0.128185
1408.5,0.625954,0.127785
1409.5,0.620552,0.127427
1410.5,0.615295,0.127111
1411.5,0.610182,0.126835
1412.5,0.605211,0.126596
1413.5,0.600380,0.126392
1414.5,0.595686,0.126222
1415.5,0.591127,0.126082
1416.5,0.586700,0.125969
1417.5,0.582401,0.125881
1418.5,0.578227,0.125813
1419.5,0.574175,0.125763
1420.5,0.570241,0.125727
1421.5,0.566423,0.125701
1422.5,0.562717,0.125680
1423.5,0.559120,0.125662
1424.5,0.555630,0.125642
1425.5,0.552243,0.125616
1426.5,0.548959,0.125580
1427.5,0.545775,0.125531
1428.5,0.542689,0.125465
1429.5,0.539700,0.125379
1430.5,0.536808,0.125269
1431.5,0.534013,0.125134
1432.5,0.531313,0.124971
1433.5,0.528710,0.124778
1434.5,0.526204,0.124554
1435.5,0.523797,0.124299
1436.5,0.521490,0.124011
1437.5,0.519284,0.123691
1438.5,0.517182,0.123339
1439.5,0.515186,0.122958
1440.5,0.513298,0.122550
1441.5,0.511522,0.122115
1442.5,0.509859,0.121659
1443.5,0.508313,0.121183
1444.5,0.506886,0.120693
1445.5,0.505582,0.120192
1446.5,0.504403,0.119686
1447.5,0.503350,0.119180
1448.5,0.502428,0.118679
1449.5,0.501638,0.118189
1450.5,0.500980,0.117716
1451.5,0.500458,0.117265
1452.5,0.500071,0.116843
1453.5,0.499820,0.116454
1454.5,0.499705,0.116105
1455.5,0.499724,0.115800
1456.5,0.499878,0.115544
1457.5,0.500163,0.115341
1458.5,0.500577,0.115194
1459.5,0.501117,0.115107
1460.5,0.501779,0.115081
1461.5,0.502558,0.115117
1462.5,0.503449,0.115216
1463.5,0.504446,0.115378
1464.5,0.505541,0.115601
1465.5,0.506729,0.115883
1466.5,0.508001,0.116222
1467.5,0.509349,0.116613
1468.5,0.510765,0.117054
1469.5,0.512238,0.117538
1470.5,0.513759,0.118061
1471.5,0.515319,0.118616
1472.5,0.516908,0.119198
1473.5,0.518515,0.119800
1474.5,0.520130,0.120415
1475.5,0.521744,0.121036
1476.5,0.523346,0.121657
1477.5,0.524926,0.122271
1478.5,0.526475,0.122871
1479.5,0.527985,0.123450
1480.5,0.529446,0.124003
1481.5,0.530851,0.124523
1482.5,0.532192,0.125005
1483.5,0.533464,0.125444
1484.5,0.534660,0.125834
1485.5,0.535776,0.126172
1486.5,0.536808,0.126454
1487.5,0.537753,0.126677
1488.5,0.538609,0.126837
1489.5,0.539377,0.126934
1490.5,0.540056,0.126964
1491.5,0.540648,0.126928
1492.5,0.541156,0.126825
1493.5,0.541583,0.126655
1494.5,0.541936,0.126419
1495.5,0.542219,0.126118
1496.5,0.542441,0.125755
1497.5,0.542609,0.125331
1498.5,0.542733,0.124851
1499.5,0.542823,0.124318
1500.5,0.542890,0.123735
1501.5,0.542945,0.123109
1502.5,0.543002,0.122444
1503.5,0.543072,0.121745
1504.5,0.543171,0.121020
1505.5,0.543310,0.120275
1506.5,0.543504,0.119516
1507.5,0.543768,0.118751
1508.5,0.544115,0.117988
1509.5,0.544560,0.117235
1510.5,0.545115,0.116499
1511.5,0.545795,0.115788
1512.5,0.546612,0.115112
1513.5,0.547579,0.114477
1514.5,0.548706,0.113891
1515.5,0.550005,0.113363
1516.5,0.551485,0.112899
1517.5,0.553154,0.112506
1518.5,0.555020,0.112191
1519.5,0.557089,0.111958
1520.5,0.559365,0.111814
1521.5,0.561852,0.111761
1522.5,0.564551,0.111802
1523.5,0.567463,0.111941
1524.5,0.570587,0.112177
1525.5,0.573919,0.112512
1526.5,0.577455,0.112944
1527.5,0.581189,0.113471
1528.5,0.585113,0.114090
1529.5,0.589218,0.114798
1530.5,0.593493,0.115590
1531.5,0.597926,0.116461
1532.5,0.602502,0.117404
1533.5,0.607207,0.118412
1534.5,0.612024,0.119480
1535.5,0.616935,0.120598
1536.5,0.621922,0.121760
1537.5,0.626964,0.122957
1538.5,0.632042,0.124181
1539.5,0.637132,0.125424
1540.5,0.642214,0.126677
1541.5,0.647264,0.127933
1542.5,0.652260,0.129183
1543.5,0.657178,0.130420
1544.5,0.661994,0.131637
1545.5,0.666685,0.132825
1546.5,0.671229,0.133978
1547.5,0.675601,0.135090
1548.5,0.679780,0.136155
1549.5,0.683743,0.137166
1550.5,0.687470,0.138118
1551.5,0.690941,0.139007
1552.5,0.694135,0.139828
1553.5,0.697035,0.140576
1554.5,0.699624,0.141249
1555.5,0.701886,0.141843
1556.5,0.703807,0.142355
1557.5,0.705374,0.142784
1558.5,0.706575,0.143126
1559.5,0.707401,0.143381
1560.5,0.707844,0.143548
1561.5,0.707897,0.143626
1562.5,0.707556,0.143615
1563.5,0.706818,0.143515
1564.5,0.705682,0.143327
1565.5,0.704148,0.143052
1566.5,0.702218,0.142690
1567.5,0.699898,0.142245
1568.5,0.697192,0.141717
1569.5,0.694108,0.141110
1570.5,0.690655,0.140425
1571.5,0.686843,0.139666
1572.5,0.682685,0.138835
1573.5,0.678193,0.137937
1574.5,0.673384,0.136974
1575.5,0.668272,0.135951
1576.5,0.662875,0.134872
1577.5,0.657210,0.133741
1578.5,0.651298,0.132561
1579.5,0.645157,0.131339
1580.5,0.638809,0.130077
1581.5,0.632274,0.128781
1582.5,0.625575,0.127456
1583.5,0.618733,0.126105
1584.5,0.611772,0.124735
1585.5,0.604714,0.123349
1586.5,0.597581,0.121953
1587.5,0.590396,0.120551
1588.5,0.583182,0.119147
1589.5,0.575961,0.117747
1590.5,0.568755,0.116355
1591.5,0.561586,0.114976
1592.5,0.554475,0.113614
1593.5,0.547442,0.112272
1594.5,0.540507,0.110957
1595.5,0.533690,0.109671
1596.5,0.527008,0.108418
1597.5,0.520479,0.107204
1598.5,0.514119,0.106030
1599.5,0.507944,0.104902
1600.5,0.501969,0.103823
1601.5,0.496206,0.102795
1602.5,0.490669,0.101823
1603.5,0.485368,0.100909
1604.5,0.480313,0.100057
1605.5,0.475513,0.099268
1606.5,0.470976,0.098547
1607.5,0.466709,0.097893
1608.5,0.462716,0.097311
1609.5,0.459002,0.096801
1610.5,0.455571,0.096366
1611.5,0.452423,0.096005
1612.5,0.449561,0.095719
1613.5,0.446983,0.095510
1614.5,0.444688,0.095376
1615.5,0.442675,0.095317
1616.5,0.440939,0.095332
1617.5,0.439478,0.095419
1618.5,0.438285,0.095578
1619.5,0.437355,0.095804
1620.5,0.436681,0.096096
1621.5,0.436257,0.096450
1622.5,0.436074,0.096863
1623.5,0.436123,0.097330
1624.5,0.436397,0.097848
1625.5,0.436885,0.098412
1626.5,0.437577,0.099016
1627.5,0.438463,0.099657
1628.5,0.439534,0.100328
1629.5,0.440778,0.101026
1630.5,0.442185,0.101744
1631.5,0.443744,0.102478
1632.5,0.445444,0.103222
1633.5,0.447275,0.103971
1634.5,0.449226,0.104721
1635.5,0.451286,0.105467
1636.5,0.453446,0.106205
1637.5,0.455695,0.106930
1638.5,0.458024,0.107638
1639.5,0.460424,0.108326
1640.5,0.462886,0.108991
1641.5,0.465401,0.109630
1642.5,0.467962,0.110241
1643.5,0.470561,0.110820
1644.5,0.473190,0.111368
1645.5,0.475845,0.111882
1646.5,0.478517,0.112361
1647.5,0.481202,0.112805
1648.5,0.483896,0.113214
1649.5,0.486593,0.113588
1650.5,0.489289,0.113928
1651.5,0.491981,0.114235
1652.5,0.494666,0.114509
1653.5,0.497340,0.114753
1654.5,0.500003,0.114968
1655.5,0.502652,0.115157
1656.5,0.505284,0.115322
1657.5,0.507900,0.115466
1658.5,0.510498,0.115590
1659.5,0.513077,0.115699
1660.5,0.515637,0.115794
1661.5,0.518177,0.115880
1662.5,0.520697,0.115958
1663.5,0.523196,0.116032
1664.5,0.525674,0.116104
1665.5,0.528132,0.116178
1666.5,0.530567,0.116256
1667.5,0.532981,0.116340
1668.5,0.535373,0.116433
1669.5,0.537741,0.116536
1670.5,0.540085,0.116651
1671.5,0.542404,0.116780
1672.5,0.544697,0.116923
1673.5,0.546961,0.117082
1674.5,0.549196,0.117257
1675.5,0.551399,0.117448
1676.5,0.553567,0.117655
1677.5,0.555699,0.117876
1678.5,0.557791,0.118113
1679.5,0.559841,0.118363
1680.5,0.561844,0.118625
1681.5,0.563798,0.118897
1682.5,0.565698,0.119178
1683.5,0.567542,0.119466
1684.5,0.569323,0.119758
1685.5,0.571040,0.120053
1686.5,0.572686,0.120347
1687.5,0.574259,0.120639
1688.5,0.575753,0.120926
1689.5,0.577164,0.121206
1690.5,0.578487,0.121477
1691.5,0.579720,0.121735
1692.5,0.580857,0.121979
1693.5,0.581894,0.122208
1694.5,0.582829,0.122417
1695.5,0.583657,0.122607
1696.5,0.584375,0.122776
1697.5,0.584981,0.122921
1698.5,0.585472,0.123041
1699.5,0.585846,0.123137
1700.5,0.586101,0.123205
1701.5,0.586237,0.123247
1702.5,0.586251,0.123261
1703.5,0.586144,0.123247
1704.5,0.585917,0.123205
1705.5,0.585570,0.123135
1706.5,0.585104,0.123037
1707.5,0.584521,0.122912
1708.5,0.583824,0.122760
1709.5,0.583015,0.122582
1710.5,0.582097,0.122379
1711.5,0.581076,0.122151
1712.5,0.579955,0.121901
1713.5,0.578740,0.121629
1714.5,0.577435,0.121337
1715.5,0.576047,0.121026
1716.5,0.574582,0.120697
1717.5,0.573047,0.120353
1718.5,0.571449,0.119995
1719.5,0.569795,0.119625
1720.5,0.568093,0.119244
1721.5,0.566352,0.118855
1722.5,0.564579,0.118460
1723.5,0.562783,0.118060
1724.5,0.560973,0.117657
1725.5,0.559156,0.117255
1726.5,0.557342,0.116854
1727.5,0.555540,0.116457
1728.5,0.553757,0.116066
1729.5,0.552002,0.115683
1730.5,0.550285,0.115310
1731.5,0.548611,0.114949
1732.5,0.546990,0.114603
1733.5,0.545430,0.114273
1734.5,0.543936,0.113961
1735.5,0.542516,0.113670
1736.5,0.541177,0.113400
1737.5,0.539923,0.113154
1738.5,0.538762,0.112933
1739.5,0.537697,0.112738
1740.5,0.536733,0.112572
1741.5,0.535873,0.112434
1742.5,0.535121,0.112327
1743.5,0.534479,0.112250
1744.5,0.533949,0.112205
1745.5,0.533532,0.112192
1746.5,0.533230,0.112210
1747.5,0.533040,0.112261
1748.5,0.532964,0.112343
1749.5,0.532999,0.112456
1750.5,0.533144,0.112599
1751.5,0.533395,0.112771
1752.5,0.533749,0.112972
1753.5,0.534203,0.113198
1754.5,0.534752,0.113450
1755.5,0.535391,0.113724
1756.5,0.536114,0.114019
1757.5,0.536916,0.114333
1758.5,0.537789,0.114663
1759.5,0.538727,0.115007
1760.5,0.539723,0.115361
1761.5,0.540770,0.115723
1762.5,0.541858,0.116091
1763.5,0.542982,0.116461
1764.5,0.544131,0.116830
1765.5,0.545298,0.117196
1766.5,0.546474,0.117555
1767.5,0.547651,0.117905
1768.5,0.548821,0.118243
1769.5,0.549974,0.118565
1770.5,0.551104,0.118870
1771.5,0.552200,0.119154
1772.5,0.553256,0.119416
1773.5,0.554265,0.119653
1774.5,0.555217,0.119863
1775.5,0.556107,0.120044
1776.5,0.556927,0.120195
1777.5,0.557670,0.120314
1778.5,0.558331,0.120401
1779.5,0.558905,0.120453
1780.5,0.559385,0.120472
1781.5,0.559767,0.120456
1782.5,0.560046,0.120405
1783.5,0.560219,0.120320
1784.5,0.560282,0.120200
1785.5,0.560232,0.120048
1786.5,0.560066,0.119864
1787.5,0.559783,0.119649
1788.5,0.559381,0.119405
1789.5,0.558858,0.119133
1790.5,0.558214,0.118836
1791.5,0.557448,0.118516
1792.5,0.556561,0.118175
1793.5,0.555552,0.117815
1794.5,0.554424,0.117440
1795.5,0.553175,0.117051
1796.5,0.551809,0.116651
1797.5,0.550326,0.116243
1798.5,0.548729,0.115829
1799.5,0.547019,0.115412
1800.5,0.545199,0.114995
1801.5,0.543272,0.114579
1802.5,0.541240,0.114166
1803.5,0.539107,0.113758
1804.5,0.536874,0.113357
1805.5,0.534546,0.112964
1806.5,0.532126,0.112579
1807.5,0.529616,0.112204
1808.5,0.527021,0.111838
1809.5,0.524343,0.111482
1810.5,0.521587,0.111135
1811.5,0.518755,0.110797
1812.5,0.515851,0.110466
1813.5,0.512880,0.110142
1814.5,0.509844,0.109822
1815.5,0.506748,0.109506
1816.5,0.503595,0.109190
1817.5,0.500388,0.108874
1818.5,0.497133,0.108555
1819.5,0.493832,0.108230
1820.5,0.490489,0.107897
1821.5,0.487109,0.107555
1822.5,0.483695,0.107201
1823.5,0.480252,0.106832
1824.5,0.476783,0.106448
1825.5,0.473294,0.106046
1826.5,0.469787,0.105624
1827.5,0.466267,0.105183
1828.5,0.462740,0.104719
1829.5,0.459208,0.104234
1830.5,0.455678,0.103727
1831.5,0.452152,0.103197
1832.5,0.448637,0.102645
1833.5,0.445135,0.102072
1834.5,0.441653,0.101480
1835.5,0.438194,0.100869
1836.5,0.434763,0.100242
1837.5,0.431365,0.099601
1838.5,0.428004,0.098949
1839.5,0.424685,0.098289
1840.5,0.421412,0.097624
1841.5,0.418190,0.096957
1842.5,0.415022,0.096293
1843.5,0.411912,0.095636
1844.5,0.408865,0.094990
1845.5,0.405884,0.094358
1846.5,0.402973,0.093746
1847.5,0.400134,0.093158
1848.5,0.397371,0.092598
1849.5,0.394685,0.092069
1850.5,0.392080,0.091577
1851.5,0.389558,0.091124
1852.5,0.387119,0.090715
1853.5,0.384766,0.090351
1854.5,0.382500,0.090035
1855.5,0.380320,0.089769
1856.5,0.378227,0.089555
1857.5,0.376221,0.089394
1858.5,0.374301,0.089285
1859.5,0.372466,0.089228
1860.5,0.370716,0.089223
1861.5,0.369048,0.089268
1862.5,0.367460,0.089360
1863.5,0.365951,0.089497
1864.5,0.364516,0.089677
1865.5,0.363154,0.089895
1866.5,0.361861,0.090147
1867.5,0.360633,0.090430
1868.5,0.359467,0.090739
1869.5,0.358359,0.091068
1870.5,0.357305,0.091414
1871.5,0.356300,0.091770
1872.5,0.355341,0.092133
1873.5,0.354423,0.092497
1874.5,0.353542,0.092858
1875.5,0.352692,0.093210
1876.5,0.351872,0.093549
1877.5,0.351074,0.093871
1878.5,0.350297,0.094171
1879.5,0.349536,0.094446
1880.5,0.348786,0.094692
1881.5,0.348046,0.094906
1882.5,0.347310,0.095085
1883.5,0.346578,0.095227
1884.5,0.345845,0.095329
1885.5,0.345109,0.095390
1886.5,0.344368,0.095409
1887.5,0.343622,0.095383
1888.5,0.342867,0.095313
1889.5,0.342104,0.095199
1890.5,0.341332,0.095040
1891.5,0.340550,0.094837
1892.5,0.339759,0.094591
1893.5,0.338959,0.094304
1894.5,0.338152,0.093976
1895.5,0.337337,0.093610
1896.5,0.336518,0.093209
1897.5,0.335696,0.092774
1898.5,0.334872,0.092308
1899.5,0.334050,0.091815
1900.5,0.333232,0.091299
1901.5,0.332421,0.090762
1902.5,0.331620,0.090209
1903.5,0.330832,0.089643
1904.5,0.330061,0.089069
1905.5,0.329310,0.088491
1906.5,0.328582,0.087913
1907.5,0.327881,0.087340
1908.5,0.327210,0.086776
1909.5,0.326573,0.086224
1910.5,0.325973,0.085691
1911.5,0.325413,0.085179
1912.5,0.324896,0.084692
1913.5,0.324425,0.084234
1914.5,0.324002,0.083809
1915.5,0.323631,0.083419
1916.5,0.323312,0.083068
1917.5,0.323048,0.082758
1918.5,0.322840,0.082491
1919.5,0.322689,0.082268
1920.5,0.322597,0.082091
1921.5,0.322562,0.081961
1922.5,0.322587,0.081877
1923.5,0.322669,0.081840
1924.5,0.322809,0.081849
1925.5,0.323006,0.081903
1926.5,0.323258,0.082001
1927.5,0.323562,0.082140
1928.5,0.323918,0.082319
1929.5,0.324322,0.082535
1930.5,0.324772,0.082786
1931.5,0.325264,0.083067
1932.5,0.325796,0.083377
1933.5,0.326362,0.083712
1934.5,0.326960,0.084068
1935.5,0.327584,0.084441
1936.5,0.328231,0.084829
1937.5,0.328896,0.085228
1938.5,0.329575,0.085633
1939.5,0.330261,0.086042
1940.5,0.330951,0.086451
1941.5,0.331639,0.086857
1942.5,0.332320,0.087256
1943.5,0.332990,0.087646
1944.5,0.333643,0.088023
1945.5,0.334274,0.088386
1946.5,0.334879,0.088731
1947.5,0.335453,0.089056
1948.5,0.335991,0.089359
1949.5,0.336488,0.089638
1950.5,0.336942,0.089891
1951.5,0.337347,0.090118
1952.5,0.337700,0.090316
1953.5,0.337998,0.090485
1954.5,0.338238,0.090624
1955.5,0.338416,0.090733
1956.5,0.338530,0.090810
1957.5,0.338578,0.090857
1958.5,0.338558,0.090872
1959.5,0.338469,0.090856
1960.5,0.338308,0.090810
1961.5,0.338076,0.090734
1962.5,0.337772,0.090628
1963.5,0.337395,0.090495
1964.5,0.336946,0.090333
1965.5,0.336426,0.090146
1966.5,0.335834,0.089933
1967.5,0.335172,0.089697
1968.5,0.334442,0.089439
1969.5,0.333645,0.089160
1970.5,0.332783,0.088861
1971.5,0.331858,0.088546
1972.5,0.330874,0.088214
1973.5,0.329832,0.087868
1974.5,0.328736,0.087509
1975.5,0.327588,0.087139
1976.5,0.326392,0.086760
1977.5,0.325152,0.086373
1978.5,0.323870,0.085980
1979.5,0.322551,0.085583
1980.5,0.321199,0.085182
1981.5,0.319816,0.084780
1982.5,0.318408,0.084377
1983.5,0.316978,0.083976
1984.5,0.315530,0.083577
1985.5,0.314068,0.083181
1986.5,0.312596,0.082789
1987.5,0.311117,0.082404
1988.5,0.309636,0.082024
1989.5,0.308157,0.081652
1990.5,0.306682,0.081288
1991.5,0.305217,0.080933
1992.5,0.303763,0.080588
1993.5,0.302324,0.080253
1994.5,0.300904,0.079928
1995.5,0.299506,0.079614
1996.5,0.298133,0.079312
1997.5,0.296786,0.079022
1998.5,0.295470,0.078744
1999.5,0.294185,0.078479
2000.5,0.292935,0.078227
2001.5,0.291721,0.077988
2002.5,0.290545,0.077762
2003.5,0.289408,0.077550
2004.5,0.288313,0.077352
2005.5,0.287260,0.077168
2006.5,0.286251,0.076998
2007.5,0.285286,0.076842
2008.5,0.284365,0.076700
2009.5,0.283490,0.076572
2010.5,0.282660,0.076459
2011.5,0.281875,0.076360
2012.5,0.281136,0.076275
2013.5,0.280442,0.076205
2014.5,0.279793,0.076148
2015.5,0.279188,0.076106
2016.5,0.278626,0.076077
2017.5,0.278107,0.076062
2018.5,0.277629,0.076060
2019.5,0.277192,0.076070
2020.5,0.276793,0.076093
2021.5,0.276432,0.076128
2022.5,0.276107,0.076174
2023.5,0.275816,0.076231
2024.5,0.275559,0.076298
2025.5,0.275333,0.076374
2026.5,0.275137,0.076459
2027.5,0.274968,0.076552
2028.5,0.274826,0.076651
2029.5,0.274707,0.076756
2030.5,0.274612,0.076867
2031.5,0.274537,0.076981
2032.5,0.274481,0.077098
2033.5,0.274443,0.077216
2034.5,0.274420,0.077336
2035.5,0.274412,0.077455
2036.5,0.274416,0.077572
2037.5,0.274431,0.077686
2038.5,0.274457,0.077797
2039.5,0.274491,0.077903
2040.5,0.274532,0.078003
2041.5,0.274580,0.078096
2042.5,0.274634,0.078181
2043.5,0.274693,0.078258
2044.5,0.274757,0.078324
2045.5,0.274825,0.078380
2046.5,0.274897,0.078425
2047.5,0.274973,0.078459
2048.5,0.275052,0.078480
2049.5,0.275136,0.078488
2050.5,0.275225,0.078483
2051.5,0.275319,0.078465
2052.5,0.275419,0.078434
2053.5,0.275527,0.078389
2054.5,0.275642,0.078331
2055.5,0.275767,0.078260
2056.5,0.275903,0.078177
2057.5,0.276052,0.078081
2058.5,0.276215,0.077974
2059.5,0.276395,0.077857
2060.5,0.276593,0.077729
2061.5,0.276811,0.077593
2062.5,0.277052,0.077448
2063.5,0.277318,0.077298
2064.5,0.277611,0.077142
2065.5,0.277935,0.076982
2066.5,0.278291,0.076820
2067.5,0.278683,0.076657
2068.5,0.279112,0.076495
2069.5,0.279582,0.076336
2070.5,0.280095,0.076181
2071.5,0.280655,0.076032
2072.5,0.281263,0.075892
2073.5,0.281922,0.075761
2074.5,0.282634,0.075643
2075.5,0.283403,0.075538
2076.5,0.284231,0.075448
2077.5,0.285120,0.075376
2078.5,0.286071,0.075322
2079.5,0.287088,0.075289
2080.5,0.288171,0.075278
2081.5,0.289324,0.075290
2082.5,0.290546,0.075326
2083.5,0.291841,0.075388
2084.5,0.293208,0.075476
2085.5,0.294649,0.075591
2086.5,0.296165,0.075734
2087.5,0.297756,0.075905
2088.5,0.299424,0.076104
2089.5,0.301167,0.076332
2090.5,0.302986,0.076587
2091.5,0.304881,0.076870
2092.5,0.306851,0.077180
2093.5,0.308896,0.077516
2094.5,0.311015,0.077878
2095.5,0.313206,0.078263
2096.5,0.315468,0.078672
2097.5,0.317799,0.079103
2098.5,0.320199,0.079554
2099.5,0.322665,0.080024
2100.5,0.325194,0.080511
2101.5,0.327785,0.081014
2102.5,0.330435,0.081531
2103.5,0.333141,0.082059
2104.5,0.335900,0.082598
2105.5,0.338710,0.083146
2106.5,0.341568,0.083700
2107.5,0.344469,0.084260
2108.5,0.347412,0.084823
2109.5,0.350392,0.085389
2110.5,0.353406,0.085954
2111.5,0.356451,0.086519
2112.5,0.359522,0.087081
2113.5,0.362617,0.087639
2114.5,0.365732,0.088193
2115.5,0.368862,0.088740
2116.5,0.372005,0.089280
2117.5,0.375156,0.089813
2118.5,0.378312,0.090336
2119.5,0.381470,0.090850
2120.5,0.384624,0.091354
2121.5,0.387773,0.091847
2122.5,0.390913,0.092329
2123.5,0.394040,0.092800
2124.5,0.397151,0.093259
2125.5,0.400242,0.093706
2126.5,0.403311,0.094141
2127.5,0.406354,0.094563
2128.5,0.409369,0.094974
2129.5,0.412353,0.095372
2130.5,0.415302,0.095759
2131.5,0.418215,0.096133
2132.5,0.421089,0.096496
2133.5,0.423921,0.096847
2134.5,0.426710,0.097187
2135.5,0.429453,0.097516
2136.5,0.432149,0.097834
2137.5,0.434795,0.098140
2138.5,0.437390,0.098437
2139.5,0.439932,0.098723
2140.5,0.442420,0.098998
2141.5,0.444852,0.099264
2142.5,0.447228,0.099520
2143.5,0.449547,0.099766
2144.5,0.451807,0.100003
2145.5,0.454007,0.100230
2146.5,0.456148,0.100448
2147.5,0.458227,0.100656
2148.5,0.460246,0.100855
2149.5,0.462202,0.101045
2150.5,0.464097,0.101226
2151.5,0.465930,0.101398
2152.5,0.467700,0.101561
2153.5,0.469408,0.101714
2154.5,0.471054,0.101859
2155.5,0.472637,0.101995
2156.5,0.474157,0.102121
2157.5,0.475616,0.102239
2158.5,0.477013,0.102349
2159.5,0.478347,0.102449
2160.5,0.479621,0.102541
2161.5,0.480833,0.102625
2162.5,0.481984,0.102701
2163.5,0.483074,0.102768
2164.5,0.484104,0.102828
2165.5,0.485073,0.102880
2166.5,0.485983,0.102925
2167.5,0.486833,0.102964
2168.5,0.487623,0.102995
2169.5,0.488354,0.103021
2170.5,0.489026,0.103041
2171.5,0.489638,0.103056
2172.5,0.490191,0.103065
2173.5,0.490685,0.103071
2174.5,0.491120,0.103073
2175.5,0.491495,0.103071
2176.5,0.491810,0.103067
2177.5,0.492065,0.103060
2178.5,0.492260,0.103051
2179.5,0.492394,0.103041
2180.5,0.492467,0.103030
2181.5,0.492478,0.103018
2182.5,0.492426,0.103006
2183.5,0.492311,0.102995
2184.5,0.492132,0.102984
2185.5,0.491888,0.102973
2186.5,0.491578,0.102964
2187.5,0.491202,0.102955
2188.5,0.490757,0.102948
2189.5,0.490244,0.102941
2190.5,0.489661,0.102935
2191.5,0.489007,0.102930
2192.5,0.488281,0.102925
2193.5,0.487482,0.102920
2194.5,0.486608,0.102914
2195.5,0.485660,0.102907
2196.5,0.484634,0.102898
2197.5,0.483531,0.102886
2198.5,0.482350,0.102870
2199.5,0.481089,0.102850
2200.5,0.479748,0.102824
2201.5,0.478327,0.102791
2202.5,0.476823,0.102750
2203.5,0.475238,0.102699
2204.5,0.473571,0.102639
2205.5,0.471821,0.102566
2206.5,0.469988,0.102480
2207.5,0.468073,0.102379
2208.5,0.466076,0.102262
2209.5,0.463997,0.102128
2210.5,0.461838,0.101975
2211.5,0.459599,0.101802
2212.5,0.457281,0.101607
2213.5,0.454886,0.101390
2214.5,0.452415,0.101149
2215.5,0.449871,0.100884
2216.5,0.447256,0.100592
2217.5,0.444571,0.100274
2218.5,0.441821,0.099929
2219.5,0.439007,0.099555
2220.5,0.436134,0.099153
2221.5,0.433204,0.098723
2222.5,0.430221,0.098263
2223.5,0.427189,0.097775
2224.5,0.424113,0.097258
2225.5,0.420997,0.096712
2226.5,0.417845,0.096139
2227.5,0.414663,0.095539
2228.5,0.411455,0.094913
2229.5,0.408227,0.094262
2230.5,0.404984,0.093587
2231.5,0.401731,0.092890
2232.5,0.398474,0.092174
2233.5,0.395219,0.091439
2234.5,0.391971,0.090688
2235.5,0.388737,0.089923
2236.5,0.385521,0.089148
2237.5,0.382330,0.088364
2238.5,0.379169,0.087574
2239.5,0.376044,0.086782
2240.5,0.372961,0.085991
2241.5,0.369925,0.085205
2242.5,0.366942,0.084425
2243.5,0.364016,0.083657
2244.5,0.361152,0.082904
2245.5,0.358355,0.082169
2246.5,0.355631,0.081456
2247.5,0.352982,0.080769
2248.5,0.350413,0.080111
2249.5,0.347927,0.079485
2250.5,0.345529,0.078895
2251.5,0.343220,0.078344
2252.5,0.341004,0.077835
2253.5,0.338883,0.077370
2254.5,0.336858,0.076951
2255.5,0.334932,0.076581
2256.5,0.333105,0.076262
2257.5,0.331379,0.075994
2258.5,0.329752,0.075778
2259.5,0.328227,0.075615
2260.5,0.326801,0.075504
2261.5,0.325475,0.075445
2262.5,0.324246,0.075437
2263.5,0.323114,0.075479
2264.5,0.322077,0.075568
2265.5,0.321132,0.075703
2266.5,0.320277,0.075882
2267.5,0.319509,0.076100
2268.5,0.318825,0.076356
2269.5,0.318220,0.076646
2270.5,0.317692,0.076966
2271.5,0.317237,0.077312
2272.5,0.316850,0.077681
2273.5,0.316527,0.078069
2274.5,0.316264,0.078472
2275.5,0.316056,0.078886
2276.5,0.315898,0.079307
2277.5,0.315786,0.079732
2278.5,0.315715,0.080156
2279.5,0.315680,0.080576
2280.5,0.315676,0.080989
2281.5,0.315699,0.081391
2282.5,0.315744,0.081780
2283.5,0.315806,0.082152
2284.5,0.315881,0.082505
2285.5,0.315965,0.082837
2286.5,0.316054,0.083145
2287.5,0.316144,0.083428
2288.5,0.316230,0.083683
2289.5,0.316310,0.083909
2290.5,0.316381,0.084106
2291.5,0.316440,0.084272
2292.5,0.316483,0.084407
2293.5,0.316509,0.084509
2294.5,0.316515,0.084580
2295.5,0.316501,0.084619
2296.5,0.316463,0.084626
2297.5,0.316403,0.084602
2298.5,0.316318,0.084547
2299.5,0.316208,0.084463
2300.5,0.316074,0.084351
2301.5,0.315916,0.084212
2302.5,0.315733,0.084047
2303.5,0.315528,0.083858
2304.5,0.315300,0.083647
2305.5,0.315053,0.083416
2306.5,0.314787,0.083167
2307.5,0.314505,0.082901
2308.5,0.314209,0.082622
2309.5,0.313901,0.082332
2310.5,0.313585,0.082031
2311.5,0.313264,0.081724
2312.5,0.312940,0.081413
2313.5,0.312618,0.081098
2314.5,0.312300,0.080784
2315.5,0.311991,0.080472
2316.5,0.311695,0.080164
2317.5,0.311416,0.079862
2318.5,0.311159,0.079568
2319.5,0.310926,0.079285
2320.5,0.310723,0.079013
2321.5,0.310554,0.078754
2322.5,0.310424,0.078510
2323.5,0.310336,0.078282
2324.5,0.310297,0.078070
2325.5,0.310309,0.077877
2326.5,0.310378,0.077702
2327.5,0.310509,0.077547
2328.5,0.310704,0.077411
2329.5,0.310970,0.077296
2330.5,0.311309,0.077200
2331.5,0.311728,0.077125
2332.5,0.312228,0.077070
2333.5,0.312816,0.077035
2334.5,0.313494,0.077020
2335.5,0.314267,0.077024
2336.5,0.315138,0.077047
2337.5,0.316111,0.077089
2338.5,0.317190,0.077149
2339.5,0.318377,0.077227
2340.5,0.319677,0.077322
2341.5,0.321091,0.077435
2342.5,0.322624,0.077564
2343.5,0.324277,0.077710
2344.5,0.326054,0.077872
2345.5,0.327957,0.078050
2346.5,0.329988,0.078244
2347.5,0.332149,0.078454
2348.5,0.334442,0.078681
2349.5,0.336870,0.078924
2350.5,0.339432,0.079184
2351.5,0.342132,0.079462
2352.5,0.344969,0.079757
2353.5,0.347945,0.080071
2354.5,0.351061,0.080404
2355.5,0.354317,0.080757
2356.5,0.357713,0.081131
2357.5,0.361249,0.081527
2358.5,0.364926,0.081946
2359.5,0.368742,0.082388
2360.5,0.372698,0.082855
2361.5,0.376791,0.083347
2362.5,0.381022,0.083866
2363.5,0.385388,0.084413
2364.5,0.389888,0.084988
2365.5,0.394520,0.085591
2366.5,0.399282,0.086225
2367.5,0.404171,0.086888
2368.5,0.409184,0.087582
2369.5,0.414318,0.088307
2370.5,0.419571,0.089063
2371.5,0.424937,0.089850
2372.5,0.430414,0.090668
2373.5,0.435997,0.091516
2374.5,0.441682,0.092394
2375.5,0.447464,0.093300
2376.5,0.453338,0.094235
2377.5,0.459299,0.095196
2378.5,0.465341,0.096183
2379.5,0.471458,0.097194
2380.5,0.477645,0.098227
2381.5,0.483895,0.099280
2382.5,0.490201,0.100352
2383.5,0.496558,0.101440
2384.5,0.502958,0.102541
2385.5,0.509394,0.103654
2386.5,0.515859,0.104775
2387.5,0.522346,0.105902
2388.5,0.528847,0.107033
2389.5,0.535355,0.108165
2390.5,0.541863,0.109294
2391.5,0.548361,0.110418
2392.5,0.554844,0.111535
2393.5,0.561302,0.112641
2394.5,0.567729,0.113733
2395.5,0.574116,0.114809
2396.5,0.580457,0.115866
2397.5,0.586742,0.116901
2398.5,0.592966,0.117912
2399.5,0.599119,0.118897
2400.5,0.605196,0.119852
2401.5,0.611189,0.120776
2402.5,0.617091,0.121668
2403.5,0.622896,0.122524
2404.5,0.628596,0.123343
2405.5,0.634187,0.124123
2406.5,0.639661,0.124864
2407.5,0.645013,0.125563
2408.5,0.650237,0.126221
2409.5,0.655329,0.126835
2410.5,0.660284,0.127405
2411.5,0.665097,0.127931
2412.5,0.669763,0.128413
2413.5,0.674280,0.128850
2414.5,0.678644,0.129243
2415.5,0.682851,0.129592
2416.5,0.686899,0.129897
2417.5,0.690785,0.130159
2418.5,0.694507,0.130379
2419.5,0.698065,0.130558
2420.5,0.701455,0.130697
2421.5,0.704678,0.130798
2422.5,0.707733,0.130862
2423.5,0.710619,0.130890
2424.5,0.713336,0.130884
2425.5,0.715884,0.130847
2426.5,0.718265,0.130780
2427.5,0.720480,0.130684
2428.5,0.722528,0.130563
2429.5,0.724412,0.130418
2430.5,0.726133,0.130251
2431.5,0.727694,0.130064
2432.5,0.729096,0.129859
2433.5,0.730341,0.129639
2434.5,0.731432,0.129406
2435.5,0.732372,0.129161
2436.5,0.733163,0.128906
2437.5,0.733808,0.128643
2438.5,0.734310,0.128374
2439.5,0.734672,0.128101
2440.5,0.734897,0.127824
2441.5,0.734989,0.127546
2442.5,0.734949,0.127267
2443.5,0.734783,0.126989
2444.5,0.734492,0.126712
2445.5,0.734080,0.126438
2446.5,0.733551,0.126167
2447.5,0.732906,0.125899
2448.5,0.732150,0.125636
2449.5,0.731286,0.125377
2450.5,0.730315,0.125122
2451.5,0.729242,0.124871
2452.5,0.728069,0.124625
2453.5,0.726799,0.124383
2454.5,0.725434,0.124144
2455.5,0.723977,0.123909
2456.5,0.722431,0.123677
2457.5,0.720797,0.123447
2458.5,0.719079,0.123218
2459.5,0.717278,0.122991
2460.5,0.715397,0.122765
2461.5,0.713438,0.122538
2462.5,0.711402,0.122310
2463.5,0.709292,0.122080
2464.5,0.707109,0.121848
2465.5,0.704856,0.121613
2466.5,0.702533,0.121374
2467.5,0.700144,0.121131
2468.5,0.697689,0.120883
2469.5,0.695170,0.120629
2470.5,0.692589,0.120369
2471.5,0.689947,0.120102
2472.5,0.687246,0.119829
2473.5,0.684488,0.119547
2474.5,0.681674,0.119258
2475.5,0.678806,0.118961
2476.5,0.675885,0.118655
2477.5,0.672915,0.118341
2478.5,0.669895,0.118017
2479.5,0.666829,0.117685
2480.5,0.663718,0.117343
2481.5,0.660564,0.116993
2482.5,0.657369,0.116633
2483.5,0.654135,0.116264
2484.5,0.650865,0.115885
2485.5,0.647561,0.115498
2486.5,0.644226,0.115102
2487.5,0.640861,0.114697
2488.5,0.637470,0.114284
2489.5,0.634055,0.113862
2490.5,0.630620,0.113432
2491.5,0.627167,0.112995
2492.5,0.623699,0.112549
2493.5,0.620219,0.112097
2494.5,0.616731,0.111638
2495.5,0.613238,0.111172
2496.5,0.609743,0.110700
2497.5,0.606251,0.110223
2498.5,0.602764,0.109740
2499.5,0.599286,0.109253
2500.5,0.595822,0.108761
2501.5,0.592374,0.108266
2502.5,0.588947,0.107768
2503.5,0.585545,0.107267
2504.5,0.582172,0.106765
2505.5,0.578831,0.106262
2506.5,0.575527,0.105758
2507.5,0.572264,0.105255
2508.5,0.569046,0.104753
2509.5,0.565877,0.104253
2510.5,0.562761,0.103756
2511.5,0.559701,0.103263
2512.5,0.556703,0.102775
2513.5,0.553769,0.102293
2514.5,0.550904,0.101817
2515.5,0.548112,0.101349
2516.5,0.545395,0.100890
2517.5,0.542758,0.100441
2518.5,0.540204,0.100003
2519.5,0.537737,0.099576
2520.5,0.535359,0.099163
2521.5,0.533073,0.098763
2522.5,0.530884,0.098379
2523.5,0.528792,0.098011
2524.5,0.526802,0.097660
2525.5,0.524915,0.097327
2526.5,0.523133,0.097013
2527.5,0.521459,0.096719
2528.5,0.519894,0.096446
2529.5,0.518439,0.096195
2530.5,0.517097,0.095966
2531.5,0.515868,0.095760
2532.5,0.514753,0.095578
2533.5,0.513753,0.095420
2534.5,0.512868,0.095287
2535.5,0.512098,0.095179
2536.5,0.511443,0.095096
2537.5,0.510902,0.095039
2538.5,0.510476,0.095008
2539.5,0.510162,0.095002
2540.5,0.509961,0.095022
2541.5,0.509869,0.095067
2542.5,0.509887,0.095138
2543.5,0.510011,0.095233
2544.5,0.510240,0.095353
2545.5,0.510570,0.095497
2546.5,0.511000,0.095665
2547.5,0.511526,0.095855
2548.5,0.512146,0.096067
2549.5,0.512855,0.096299
2550.5,0.513650,0.096553
2551.5,0.514527,0.096825
2552.5,0.515483,0.097116
2553.5,0.516512,0.097423
2554.5,0.517611,0.097747
2555.5,0.518775,0.098085
2556.5,0.519999,0.098437
2557.5,0.521277,0.098801
2558.5,0.522606,0.099176
2559.5,0.523980,0.099561
2560.5,0.525393,0.099954
2561.5,0.526841,0.100354
2562.5,0.528317,0.100760
2563.5,0.529817,0.101170
2564.5,0.531334,0.101582
2565.5,0.532862,0.101996
2566.5,0.534398,0.102410
2567.5,0.535933,0.102823
2568.5,0.537464,0.103233
2569.5,0.538984,0.103639
2570.5,0.540488,0.104040
2571.5,0.541969,0.104434
2572.5,0.543424,0.104821
2573.5,0.544846,0.105198
2574.5,0.546229,0.105565
2575.5,0.547570,0.105920
2576.5,0.548862,0.106263
2577.5,0.550101,0.106592
2578.5,0.551282,0.106907
2579.5,0.552400,0.107206
2580.5,0.553451,0.107488
2581.5,0.554431,0.107753
2582.5,0.555335,0.108000
2583.5,0.556161,0.108227
2584.5,0.556903,0.108435
2585.5,0.557560,0.108623
2586.5,0.558126,0.108790
2587.5,0.558601,0.108935
2588.5,0.558981,0.109058
2589.5,0.559263,0.109159
2590.5,0.559446,0.109237
2591.5,0.559528,0.109292
2592.5,0.559507,0.109324
2593.5,0.559381,0.109332
2594.5,0.559150,0.109317
2595.5,0.558813,0.109279
2596.5,0.558370,0.109217
2597.5,0.557819,0.109132
2598.5,0.557161,0.109024
2599.5,0.556397,0.108893
2600.5,0.555527,0.108739
2601.5,0.554551,0.108562
2602.5,0.553472,0.108364
2603.5,0.552289,0.108144
2604.5,0.551006,0.107904
2605.5,0.549623,0.107643
2606.5,0.548143,0.107362
2607.5,0.546567,0.107061
2608.5,0.544899,0.106743
2609.5,0.543141,0.106407
2610.5,0.541297,0.106054
2611.5,0.539368,0.105684
2612.5,0.537359,0.105300
2613.5,0.535272,0.104902
2614.5,0.533112,0.104490
2615.5,0.530882,0.104066
2616.5,0.528586,0.103630
2617.5,0.526228,0.103184
2618.5,0.523813,0.102730
2619.5,0.521343,0.102266
2620.5,0.518824,0.101796
2621.5,0.516260,0.101320
2622.5,0.513655,0.100839
2623.5,0.511015,0.100354
2624.5,0.508343,0.099867
2625.5,0.505643,0.099377
2626.5,0.502921,0.098887
2627.5,0.500182,0.098397
2628.5,0.497429,0.097908
2629.5,0.494667,0.097422
2630.5,0.491901,0.096939
2631.5,0.489136,0.096460
2632.5,0.486375,0.095985
2633.5,0.483624,0.095516
2634.5,0.480887,0.095054
2635.5,0.478167,0.094598
2636.5,0.475470,0.094151
2637.5,0.472799,0.093711
2638.5,0.470159,0.093280
2639.5,0.467553,0.092858
2640.5,0.464985,0.092446
2641.5,0.462459,0.092044
2642.5,0.459979,0.091652
2643.5,0.457548,0.091270
2644.5,0.455170,0.090900
2645.5,0.452847,0.090540
2646.5,0.450584,0.090191
2647.5,0.448382,0.089854
2648.5,0.446246,0.089528
2649.5,0.444177,0.089213
2650.5,0.442178,0.088910
2651.5,0.440252,0.088619
2652.5,0.438401,0.088339
2653.5,0.436627,0.088071
2654.5,0.434932,0.087815
2655.5,0.433317,0.087571
2656.5,0.431785,0.087338
2657.5,0.430338,0.087119
2658.5,0.428975,0.086911
2659.5,0.427699,0.086716
2660.5,0.426511,0.086534
2661.5,0.425410,0.086366
2662.5,0.424400,0.086210
2663.5,0.423479,0.086068
2664.5,0.422648,0.085941
2665.5,0.421907,0.085827
2666.5,0.421257,0.085729
2667.5,0.420698,0.085645
2668.5,0.420229,0.085577
2669.5,0.419850,0.085525
2670.5,0.419560,0.085489
2671.5,0.419359,0.085470
2672.5,0.419247,0.085467
2673.5,0.419222,0.085482
2674.5,0.419283,0.085514
2675.5,0.419429,0.085563
2676.5,0.419660,0.085630
2677.5,0.419973,0.085715
2678.5,0.420367,0.085818
2679.5,0.420840,0.085938
2680.5,0.421392,0.086075
2681.5,0.422019,0.086230
2682.5,0.422721,0.086401
2683.5,0.423495,0.086589
2684.5,0.424340,0.086793
2685.5,0.425252,0.087011
2686.5,0.426231,0.087244
2687.5,0.427274,0.087491
2688.5,0.428378,0.087750
2689.5,0.429541,0.088021
2690.5,0.430762,0.088302
2691.5,0.432037,0.088593
2692.5,0.433364,0.088892
2693.5,0.434741,0.089198
2694.5,0.436166,0.089510
2695.5,0.437635,0.089827
2696.5,0.439148,0.090147
2697.5,0.440700,0.090468
2698.5,0.442291,0.090791
2699.5,0.443916,0.091113
2700.5,0.445576,0.091433
2701.5,0.447266,0.091750
2702.5,0.448984,0.092063
2703.5,0.450730,0.092371
2704.5,0.452499,0.092673
2705.5,0.454291,0.092968
2706.5,0.456103,0.093255
2707.5,0.457934,0.093534
2708.5,0.459781,0.093803
2709.5,0.461642,0.094063
2710.5,0.463517,0.094312
2711.5,0.465402,0.094552
2712.5,0.467297,0.094780
2713.5,0.469200,0.094999
2714.5,0.471110,0.095207
2715.5,0.473024,0.095404
2716.5,0.474943,0.095592
2717.5,0.476863,0.095770
2718.5,0.478786,0.095940
2719.5,0.480708,0.096101
2720.5,0.482629,0.096254
2721.5,0.484549,0.096401
2722.5,0.486465,0.096542
2723.5,0.488378,0.096678
2724.5,0.490286,0.096810
2725.5,0.492188,0.096939
2726.5,0.494084,0.097067
2727.5,0.495973,0.097194
2728.5,0.497855,0.097321
2729.5,0.499727,0.097451
2730.5,0.501591,0.097583
2731.5,0.503445,0.097718
2732.5,0.505288,0.097859
2733.5,0.507120,0.098006
2734.5,0.508941,0.098159
2735.5,0.510748,0.098320
2736.5,0.512543,0.098490
2737.5,0.514324,0.098668
2738.5,0.516090,0.098857
2739.5,0.517841,0.099055
2740.5,0.519576,0.099265
2741.5,0.521294,0.099485
2742.5,0.522994,0.099716
2743.5,0.524676,0.099958
2744.5,0.526339,0.100211
2745.5,0.527982,0.100475
2746.5,0.529603,0.100749
2747.5,0.531203,0.101033
2748.5,0.532780,0.101327
2749.5,0.534332,0.101629
2750.5,0.535860,0.101940
2751.5,0.537361,0.102258
2752.5,0.538835,0.102582
2753.5,0.540281,0.102912
2754.5,0.541698,0.103246
2755.5,0.543084,0.103584
2756.5,0.544438,0.103924
2757.5,0.545760,0.104266
2758.5,0.547047,0.104608
2759.5,0.548299,0.104949
2760.5,0.549515,0.105289
2761.5,0.550693,0.105625
2762.5,0.551833,0.105957
2763.5,0.552933,0.106285
2764.5,0.553991,0.106606
2765.5,0.555008,0.106920
2766.5,0.555981,0.107226
2767.5,0.556911,0.107523
2768.5,0.557795,0.107810
2769.5,0.558633,0.108087
2770.5,0.559424,0.108353
2771.5,0.560167,0.108607
2772.5,0.560862,0.108848
2773.5,0.561507,0.109076
2774.5,0.562101,0.109291
2775.5,0.562645,0.109493
2776.5,0.563138,0.109680
2777.5,0.563578,0.109852
2778.5,0.563967,0.110010
2779.5,0.564302,0.110153
2780.5,0.564584,0.110281
2781.5,0.564813,0.110394
2782.5,0.564989,0.110492
2783.5,0.565110,0.110575
2784.5,0.565178,0.110643
2785.5,0.565192,0.110697
2786.5,0.565153,0.110735
2787.5,0.565060,0.110759
2788.5,0.564913,0.110769
2789.5,0.564714,0.110764
2790.5,0.564461,0.110746
2791.5,0.564156,0.110714
2792.5,0.563799,0.110669
2793.5,0.563390,0.110611
2794.5,0.562931,0.110540
2795.5,0.562420,0.110457
2796.5,0.561860,0.110362
2797.5,0.561250,0.110256
2798.5,0.560592,0.110137
2799.5,0.559886,0.110008
2800.5,0.559132,0.109869
2801.5,0.558333,0.109718
2802.5,0.557487,0.109558
2803.5,0.556596,0.109388
2804.5,0.555661,0.109209
2805.5,0.554683,0.109021
2806.5,0.553663,0.108824
2807.5,0.552600,0.108619
2808.5,0.551497,0.108405
2809.5,0.550354,0.108184
2810.5,0.549172,0.107955
2811.5,0.547951,0.107719
2812.5,0.546693,0.107477
2813.5,0.545398,0.107228
2814.5,0.544067,0.106973
2815.5,0.542702,0.106712
2816.5,0.541301,0.106445
2817.5,0.539867,0.106174
2818.5,0.538401,0.105898
2819.5,0.536902,0.105617
2820.5,0.535372,0.105333
2821.5,0.533811,0.105045
2822.5,0.532219,0.104754
2823.5,0.530598,0.104460
2824.5,0.528949,0.104164
2825.5,0.527270,0.103866
2826.5,0.525564,0.103567
2827.5,0.523831,0.103267
2828.5,0.522071,0.102967
2829.5,0.520284,0.102666
2830.5,0.518471,0.102367
2831.5,0.516632,0.102068
2832.5,0.514768,0.101771
2833.5,0.512879,0.101476
2834.5,0.510965,0.101183
2835.5,0.509027,0.100893
2836.5,0.507064,0.100607
2837.5,0.505077,0.100325
2838.5,0.503066,0.100046
2839.5,0.501031,0.099772
2840.5,0.498972,0.099503
2841.5,0.496890,0.099239
2842.5,0.494784,0.098981
2843.5,0.492654,0.098727
2844.5,0.490501,0.098480
2845.5,0.488325,0.098238
2846.5,0.486124,0.098002
2847.5,0.483900,0.097772
2848.5,0.481652,0.097547
2849.5,0.479381,0.097327
2850.5,0.477085,0.097113
2851.5,0.474766,0.096903
2852.5,0.472422,0.096698
2853.5,0.470055,0.096497
2854.5,0.467663,0.096300
2855.5,0.465248,0.096105
2856.5,0.462808,0.095912
2857.5,0.460344,0.095721
2858.5,0.457857,0.095531
2859.5,0.455345,0.095341
2860.5,0.452809,0.095151
2861.5,0.450250,0.094958
2862.5,0.447667,0.094764
2863.5,0.445061,0.094565
2864.5,0.442432,0.094363
2865.5,0.439781,0.094155
2866.5,0.437107,0.093941
2867.5,0.434412,0.093720
2868.5,0.431695,0.093490
2869.5,0.428958,0.093252
2870.5,0.426202,0.093004
2871.5,0.423426,0.092745
2872.5,0.420632,0.092475
2873.5,0.417821,0.092192
2874.5,0.414994,0.091896
2875.5,0.412152,0.091587
2876.5,0.409296,0.091264
2877.5,0.406428,0.090926
2878.5,0.403548,0.090572
2879.5,0.400660,0.090204
2880.5,0.397764,0.089819
2881.5,0.394861,0.089418
2882.5,0.391954,0.089002
2883.5,0.389045,0.088569
2884.5,0.386136,0.088120
2885.5,0.383228,0.087655
2886.5,0.380324,0.087175
2887.5,0.377426,0.086680
2888.5,0.374536,0.086170
2889.5,0.371658,0.085645
2890.5,0.368792,0.085108
2891.5,0.365943,0.084557
2892.5,0.363112,0.083995
2893.5,0.360302,0.083422
2894.5,0.357515,0.082839
2895.5,0.354755,0.082247
2896.5,0.352024,0.081649
2897.5,0.349325,0.081044
2898.5,0.346661,0.080434
2899.5,0.344033,0.079822
2900.5,0.341447,0.079207
2901.5,0.338902,0.078593
2902.5,0.336404,0.077981
2903.5,0.333953,0.077372
2904.5,0.331554,0.076769
2905.5,0.329208,0.076173
2906.5,0.326918,0.075586
2907.5,0.324686,0.075010
2908.5,0.322515,0.074448
2909.5,0.320407,0.073900
2910.5,0.318365,0.073368
2911.5,0.316389,0.072856
2912.5,0.314483,0.072364
2913.5,0.312647,0.071894
2914.5,0.310885,0.071448
2915.5,0.309196,0.071029
2916.5,0.307583,0.070636
2917.5,0.306047,0.070272
2918.5,0.304590,0.069939
2919.5,0.303211,0.069637
2920.5,0.301911,0.069367
2921.5,0.300693,0.069131
2922.5,0.299554,0.068929
2923.5,0.298498,0.068762
2924.5,0.297522,0.068630
2925.5,0.296627,0.068534
2926.5,0.295813,0.068474
2927.5,0.295080,0.068449
2928.5,0.294426,0.068460
2929.5,0.293851,0.068506
2930.5,0.293354,0.068587
2931.5,0.292935,0.068701
2932.5,0.292591,0.068848
2933.5,0.292321,0.069027
2934.5,0.292124,0.069236
2935.5,0.291998,0.069475
2936.5,0.291942,0.069742
2937.5,0.291952,0.070036
2938.5,0.292027,0.070354
2939.5,0.292165,0.070696
2940.5,0.292364,0.071060
2941.5,0.292621,0.071443
2942.5,0.292933,0.071845
2943.5,0.293298,0.072263
2944.5,0.293713,0.072696
2945.5,0.294176,0.073142
2946.5,0.294683,0.073599
2947.5,0.295232,0.074065
2948.5,0.295820,0.074539
2949.5,0.296445,0.075020
2950.5,0.297102,0.075504
2951.5,0.297790,0.075991
2952.5,0.298505,0.076480
2953.5,0.299244,0.076968
2954.5,0.300006,0.077454
2955.5,0.300786,0.077937
2956.5,0.301583,0.078416
2957.5,0.302394,0.078888
2958.5,0.303215,0.079354
2959.5,0.304045,0.079811
2960.5,0.304881,0.080259
2961.5,0.305720,0.080697
2962.5,0.306562,0.081123
2963.5,0.307403,0.081536
2964.5,0.308241,0.081937
2965.5,0.309075,0.082323
2966.5,0.309903,0.082695
2967.5,0.310723,0.083051
2968.5,0.311534,0.083391
2969.5,0.312335,0.083714
2970.5,0.313123,0.084020
2971.5,0.313900,0.084308
2972.5,0.314662,0.084577
2973.5,0.315410,0.084829
2974.5,0.316144,0.085061
2975.5,0.316862,0.085275
2976.5,0.317565,0.085469
2977.5,0.318252,0.085644
2978.5,0.318923,0.085800
2979.5,0.319579,0.085937
2980.5,0.320219,0.086054
2981.5,0.320845,0.086152
2982.5,0.321457,0.086231
2983.5,0.322055,0.086292
2984.5,0.322640,0.086335
2985.5,0.323213,0.086360
2986.5,0.323776,0.086367
2987.5,0.324329,0.086358
2988.5,0.324874,0.086332
2989.5,0.325411,0.086291
2990.5,0.325943,0.086235
2991.5,0.326471,0.086165
2992.5,0.326996,0.086082
2993.5,0.327520,0.085987
2994.5,0.328044,0.085880
2995.5,0.328571,0.085763
2996.5,0.329101,0.085637
2997.5,0.329637,0.085503
2998.5,0.330180,0.085362
2999.5,0.330733,0.085215
3000.5,0.331295,0.085063
3001.5,0.331871,0.084908
3002.5,0.332460,0.084751
3003.5,0.333065,0.084593
3004.5,0.333687,0.084435
3005.5,0.334328,0.084279
3006.5,0.334989,0.084127
3007.5,0.335672,0.083978
3008.5,0.336377,0.083835
3009.5,0.337107,0.083698
3010.5,0.337862,0.083569
3011.5,0.338643,0.083449
3012.5,0.339452,0.083339
3013.5,0.340289,0.083239
3014.5,0.341154,0.083152
3015.5,0.342050,0.083077
3016.5,0.342975,0.083015
3017.5,0.343930,0.082967
3018.5,0.344917,0.082934
3019.5,0.345934,0.082916
3020.5,0.346982,0.082913
3021.5,0.348061,0.082926
3022.5,0.349170,0.082955
3023.5,0.350309,0.082999
3024.5,0.351478,0.083060
3025.5,0.352676,0.083135
3026.5,0.353903,0.083226
3027.5,0.355157,0.083332
3028.5,0.356437,0.083453
3029.5,0.357743,0.083587
3030.5,0.359073,0.083734
3031.5,0.360426,0.083894
3032.5,0.361800,0.084066
3033.5,0.363195,0.084248
3034.5,0.364608,0.084441
3035.5,0.366038,0.084642
3036.5,0.367483,0.084851
3037.5,0.368942,0.085066
3038.5,0.370413,0.085288
3039.5,0.371893,0.085514
3040.5,0.373381,0.085744
3041.5,0.374875,0.085976
3042.5,0.376373,0.086209
3043.5,0.377873,0.086442
3044.5,0.379373,0.086675
3045.5,0.380871,0.086905
3046.5,0.382365,0.087133
3047.5,0.383852,0.087356
3048.5,0.385332,0.087574
3049.5,0.386802,0.087787
3050.5,0.388260,0.087992
3051.5,0.389705,0.088190
3052.5,0.391134,0.088379
3053.5,0.392546,0.088559
3054.5,0.393940,0.088730
3055.5,0.395313,0.088890
3056.5,0.396664,0.089039
3057.5,0.397992,0.089177
3058.5,0.399296,0.089303
3059.5,0.400573,0.089416
3060.5,0.401824,0.089518
3061.5,0.403046,0.089606
3062.5,0.404240,0.089682
3063.5,0.405404,0.089745
3064.5,0.406538,0.089795
3065.5,0.407641,0.089833
3066.5,0.408712,0.089857
3067.5,0.409751,0.089869
3068.5,0.410759,0.089868
3069.5,0.411734,0.089856
3070.5,0.412676,0.089831
3071.5,0.413587,0.089795
3072.5,0.414465,0.089748
3073.5,0.415312,0.089691
3074.5,0.416127,0.089623
3075.5,0.416912,0.089546
3076.5,0.417666,0.089460
3077.5,0.418391,0.089366
3078.5,0.419087,0.089263
3079.5,0.419756,0.089154
3080.5,0.420397,0.089039
3081.5,0.421012,0.088918
3082.5,0.421603,0.088791
3083.5,0.422169,0.088661
3084.5,0.422714,0.088528
3085.5,0.423237,0.088392
3086.5,0.423739,0.088254
3087.5,0.424223,0.088115
3088.5,0.424690,0.087975
3089.5,0.425141,0.087836
3090.5,0.425577,0.087699
3091.5,0.425999,0.087563
3092.5,0.426410,0.087431
3093.5,0.426809,0.087301
3094.5,0.427200,0.087176
3095.5,0.427583,0.087056
3096.5,0.427959,0.086942
3097.5,0.428330,0.086833
3098.5,0.428696,0.086731
3099.5,0.429060,0.086637
3100.5,0.429421,0.086551
3101.5,0.429782,0.086472
3102.5,0.430142,0.086403
3103.5,0.430504,0.086343
3104.5,0.430868,0.086292
3105.5,0.431234,0.086251
3106.5,0.431604,0.086220
3107.5,0.431977,0.086199
3108.5,0.432356,0.086189
3109.5,0.432739,0.086189
3110.5,0.433128,0.086200
3111.5,0.433523,0.086222
3112.5,0.433923,0.086254
3113.5,0.434329,0.086296
3114.5,0.434741,0.086349
3115.5,0.435160,0.086412
3116.5,0.435584,0.086485
3117.5,0.436013,0.086567
3118.5,0.436448,0.086658
3119.5,0.436887,0.086758
3120.5,0.437331,0.086866
3121.5,0.437778,0.086982
3122.5,0.438229,0.087106
3123.5,0.438681,0.087236
3124.5,0.439136,0.087372
3125.5,0.439591,0.087514
3126.5,0.440045,0.087661
3127.5,0.440499,0.087813
3128.5,0.440950,0.087967
3129.5,0.441399,0.088125
3130.5,0.441843,0.088285
3131.5,0.442281,0.088447
3132.5,0.442713,0.088610
3133.5,0.443137,0.088773
3134.5,0.443552,0.088935
3135.5,0.443958,0.089096
3136.5,0.444352,0.089255
3137.5,0.444733,0.089412
3138.5,0.445101,0.089566
3139.5,0.445454,0.089716
3140.5,0.445791,0.089861
3141.5,0.446111,0.090002
3142.5,0.446413,0.090137
3143.5,0.446695,0.090266
3144.5,0.446958,0.090388
3145.5,0.447199,0.090504
3146.5,0.447418,0.090613
3147.5,0.447614,0.090713
3148.5,0.447786,0.090806
3149.5,0.447934,0.090890
3150.5,0.448057,0.090966
3151.5,0.448154,0.091032
3152.5,0.448225,0.091090
3153.5,0.448269,0.091139
3154.5,0.448286,0.091178
3155.5,0.448275,0.091208
3156.5,0.448238,0.091228
3157.5,0.448172,0.091239
3158.5,0.448079,0.091240
3159.5,0.447958,0.091232
3160.5,0.447810,0.091214
3161.5,0.447635,0.091188
3162.5,0.447432,0.091152
3163.5,0.447204,0.091107
3164.5,0.446949,0.091053
3165.5,0.446670,0.090991
3166.5,0.446365,0.090920
3167.5,0.446037,0.090841
3168.5,0.445686,0.090755
3169.5,0.445313,0.090660
3170.5,0.444918,0.090558
3171.5,0.444504,0.090450
3172.5,0.444071,0.090334
3173.5,0.443620,0.090212
3174.5,0.443152,0.090084
3175.5,0.442670,0.089950
3176.5,0.442174,0.089811
3177.5,0.441665,0.089667
3178.5,0.441146,0.089518
3179.5,0.440617,0.089365
3180.5,0.440081,0.089208
3181.5,0.439539,0.089048
3182.5,0.438992,0.088884
3183.5,0.438442,0.088718
3184.5,0.437891,0.088550
3185.5,0.437340,0.088380
3186.5,0.436791,0.088208
3187.5,0.436246,0.088036
3188.5,0.435706,0.087863
3189.5,0.435173,0.087690
3190.5,0.434648,0.087517
3191.5,0.434134,0.087346
3192.5,0.433631,0.087176
3193.5,0.433142,0.087008
3194.5,0.432667,0.086843
3195.5,0.432209,0.086680
3196.5,0.431768,0.086521
3197.5,0.431345,0.086366
3198.5,0.430943,0.086216
3199.5,0.430563,0.086070
3200.5,0.430205,0.085930
3201.5,0.429871,0.085796
3202.5,0.429561,0.085668
3203.5,0.429277,0.085547
3204.5,0.429020,0.085434
3205.5,0.428790,0.085328
3206.5,0.428588,0.085230
3207.5,0.428414,0.085141
3208.5,0.428270,0.085061
3209.5,0.428155,0.084990
3210.5,0.428069,0.084929
3211.5,0.428014,0.084878
3212.5,0.427990,0.084836
3213.5,0.427995,0.084805
3214.5,0.428031,0.084784
3215.5,0.428097,0.084774
3216.5,0.428192,0.084775
3217.5,0.428317,0.084786
3218.5,0.428471,0.084808
3219.5,0.428653,0.084841
3220.5,0.428863,0.084884
3221.5,0.429101,0.084938
3222.5,0.429364,0.085002
3223.5,0.429652,0.085077
3224.5,0.429965,0.085161
3225.5,0.430301,0.085256
3226.5,0.430659,0.085359
3227.5,0.431037,0.085473
3228.5,0.431435,0.085594
3229.5,0.431851,0.085725
3230.5,0.432283,0.085864
3231.5,0.432730,0.086010
3232.5,0.433191,0.086164
3233.5,0.433662,0.086325
3234.5,0.434144,0.086492
3235.5,0.434634,0.086665
3236.5,0.435130,0.086844
3237.5,0.435631,0.087029
3238.5,0.436134,0.087217
3239.5,0.436638,0.087411
3240.5,0.437141,0.087608
3241.5,0.437640,0.087808
3242.5,0.438134,0.088011
3243.5,0.438622,0.088217
3244.5,0.439100,0.088424
3245.5,0.439567,0.088634
3246.5,0.440021,0.088844
3247.5,0.440460,0.089055
3248.5,0.440883,0.089267
3249.5,0.441287,0.089478
3250.5,0.441671,0.089689
3251.5,0.442033,0.089898
3252.5,0.442371,0.090107
3253.5,0.442684,0.090313
3254.5,0.442969,0.090518
3255.5,0.443226,0.090719
3256.5,0.443453,0.090918
3257.5,0.443649,0.091114
3258.5,0.443811,0.091305
3259.5,0.443940,0.091492
3260.5,0.444034,0.091675
3261.5,0.444092,0.091853
3262.5,0.444113,0.092025
3263.5,0.444096,0.092192
3264.5,0.444041,0.092352
3265.5,0.443946,0.092506
3266.5,0.443813,0.092652
3267.5,0.443639,0.092791
3268.5,0.443425,0.092922
3269.5,0.443171,0.093044
3270.5,0.442876,0.093158
3271.5,0.442541,0.093263
3272.5,0.442167,0.093358
3273.5,0.441753,0.093443
3274.5,0.441299,0.093517
3275.5,0.440808,0.093581
3276.5,0.440278,0.093634
3277.5,0.439712,0.093675
3278.5,0.439110,0.093704
3279.5,0.438473,0.093722
3280.5,0.437803,0.093726
3281.5,0.437101,0.093718
3282.5,0.436368,0.093698
3283.5,0.435605,0.093664
3284.5,0.434816,0.093617
3285.5,0.434000,0.093556
3286.5,0.433162,0.093482
3287.5,0.432301,0.093395
3288.5,0.431420,0.093294
3289.5,0.430522,0.093180
3290.5,0.429608,0.093052
3291.5,0.428681,0.092912
3292.5,0.427744,0.092758
3293.5,0.426798,0.092592
3294.5,0.425846,0.092413
3295.5,0.424890,0.092223
3296.5,0.423934,0.092021
3297.5,0.422980,0.091808
3298.5,0.422029,0.091585
3299.5,0.421086,0.091352
3300.5,0.420152,0.091109
3301.5,0.419230,0.090859
3302.5,0.418322,0.090600
3303.5,0.417432,0.090335
3304.5,0.416562,0.090064
3305.5,0.415713,0.089787
3306.5,0.414890,0.089507
3307.5,0.414094,0.089224
3308.5,0.413327,0.088938
3309.5,0.412591,0.088651
3310.5,0.411890,0.088365
3311.5,0.411225,0.088080
3312.5,0.410598,0.087797
3313.5,0.410011,0.087517
3314.5,0.409465,0.087242
3315.5,0.408964,0.086973
3316.5,0.408507,0.086710
3317.5,0.408098,0.086455
3318.5,0.407736,0.086209
3319.5,0.407424,0.085973
3320.5,0.407161,0.085748
3321.5,0.406951,0.085535
3322.5,0.406792,0.085335
3323.5,0.406686,0.085148
3324.5,0.406634,0.084976
3325.5,0.406635,0.084819
3326.5,0.406690,0.084678
3327.5,0.406799,0.084553
3328.5,0.406961,0.084446
3329.5,0.407177,0.084355
3330.5,0.407446,0.084283
3331.5,0.407767,0.084229
3332.5,0.408140,0.084192
3333.5,0.408564,0.084174
3334.5,0.409037,0.084175
3335.5,0.409558,0.084193
3336.5,0.410127,0.084230
3337.5,0.410741,0.084284
3338.5,0.411399,0.084356
3339.5,0.412099,0.084445
3340.5,0.412839,0.084551
3341.5,0.413616,0.084673
3342.5,0.414430,0.084810
3343.5,0.415277,0.084962
3344.5,0.416155,0.085128
3345.5,0.417062,0.085308
3346.5,0.417994,0.085500
3347.5,0.418950,0.085703
3348.5,0.419926,0.085918
3349.5,0.420920,0.086142
3350.5,0.421928,0.086375
3351.5,0.422948,0.086615
3352.5,0.423976,0.086863
3353.5,0.425009,0.087117
3354.5,0.426045,0.087375
3355.5,0.427080,0.087637
3356.5,0.428110,0.087902
3357.5,0.429134,0.088169
3358.5,0.430147,0.088436
3359.5,0.431146,0.088703
3360.5,0.432129,0.088969
3361.5,0.433092,0.089232
3362.5,0.434032,0.089492
3363.5,0.434946,0.089748
3364.5,0.435831,0.089998
3365.5,0.436685,0.090242
3366.5,0.437504,0.090480
3367.5,0.438285,0.090709
3368.5,0.439027,0.090929
3369.5,0.439726,0.091140
3370.5,0.440380,0.091340
3371.5,0.440987,0.091530
3372.5,0.441544,0.091707
3373.5,0.442049,0.091871
3374.5,0.442501,0.092022
3375.5,0.442897,0.092159
3376.5,0.443237,0.092282
3377.5,0.443517,0.092389
3378.5,0.443738,0.092481
3379.5,0.443897,0.092556
3380.5,0.443994,0.092615
3381.5,0.444028,0.092656
3382.5,0.443998,0.092681
3383.5,0.443904,0.092687
3384.5,0.443744,0.092676
3385.5,0.443520,0.092646
3386.5,0.443230,0.092598
3387.5,0.442875,0.092532
3388.5,0.442456,0.092447
3389.5,0.441972,0.092343
3390.5,0.441425,0.092221
3391.5,0.440815,0.092080
3392.5,0.440143,0.091920
3393.5,0.439410,0.091742
3394.5,0.438618,0.091547
3395.5,0.437769,0.091333
3396.5,0.436863,0.091102
3397.5,0.435902,0.090854
3398.5,0.434889,0.090589
3399.5,0.433826,0.090308
3400.5,0.432715,0.090011
3401.5,0.431558,0.089700
3402.5,0.430357,0.089373
3403.5,0.429116,0.089034
3404.5,0.427836,0.088681
3405.5,0.426522,0.088315
3406.5,0.425175,0.087939
3407.5,0.423799,0.087552
3408.5,0.422397,0.087155
3409.5,0.420972,0.086749
3410.5,0.419527,0.086336
3411.5,0.418065,0.085915
3412.5,0.416591,0.085490
3413.5,0.415107,0.085059
3414.5,0.413617,0.084625
3415.5,0.412125,0.084188
3416.5,0.410633,0.083750
3417.5,0.409145,0.083312
3418.5,0.407666,0.082875
3419.5,0.406198,0.082440
3420.5,0.404744,0.082009
3421.5,0.403309,0.081582
3422.5,0.401896,0.081160
3423.5,0.400508,0.080745
3424.5,0.399149,0.080338
3425.5,0.397821,0.079940
3426.5,0.396529,0.079552
3427.5,0.395275,0.079176
3428.5,0.394063,0.078811
3429.5,0.392895,0.078460
3430.5,0.391774,0.078122
3431.5,0.390704,0.077800
3432.5,0.389686,0.077493
3433.5,0.388724,0.077203
3434.5,0.387821,0.076931
3435.5,0.386977,0.076676
3436.5,0.386197,0.076441
3437.5,0.385481,0.076224
3438.5,0.384833,0.076027
3439.5,0.384253,0.075850
3440.5,0.383744,0.075694
3441.5,0.383307,0.075559
3442.5,0.382944,0.075445
3443.5,0.382656,0.075351
3444.5,0.382443,0.075280
3445.5,0.382308,0.075229
3446.5,0.382251,0.075200
3447.5,0.382272,0.075192
3448.5,0.382372,0.075205
3449.5,0.382552,0.075240
3450.5,0.382812,0.075295
3451.5,0.383151,0.075370
3452.5,0.383570,0.075465
3453.5,0.384068,0.075580
3454.5,0.384645,0.075714
3455.5,0.385301,0.075867
3456.5,0.386034,0.076039
3457.5,0.386844,0.076228
3458.5,0.387730,0.076434
3459.5,0.388690,0.076658
3460.5,0.389724,0.076897
3461.5,0.390830,0.077152
3462.5,0.392005,0.077422
3463.5,0.393250,0.077706
3464.5,0.394560,0.078003
3465.5,0.395936,0.078314
3466.5,0.397374,0.078638
3467.5,0.398872,0.078972
3468.5,0.400429,0.079318
3469.5,0.402041,0.079675
3470.5,0.403705,0.080041
3471.5,0.405420,0.080416
3472.5,0.407183,0.080799
3473.5,0.408990,0.081191
3474.5,0.410840,0.081589
3475.5,0.412728,0.081993
3476.5,0.414651,0.082403
3477.5,0.416607,0.082818
3478.5,0.418593,0.083237
3479.5,0.420604,0.083660
3480.5,0.422639,0.084086
3481.5,0.424692,0.084514
3482.5,0.426762,0.084943
3483.5,0.428844,0.085373
3484.5,0.430936,0.085803
3485.5,0.433032,0.086233
3486.5,0.435132,0.086662
3487.5,0.437229,0.087088
3488.5,0.439322,0.087512
3489.5,0.441406,0.087932
3490.5,0.443479,0.088349
3491.5,0.445536,0.088761
3492.5,0.447574,0.089167
3493.5,0.449590,0.089568
3494.5,0.451580,0.089962
3495.5,0.453542,0.090349
3496.5,0.455471,0.090728
3497.5,0.457364,0.091099
3498.5,0.459219,0.091460
3499.5,0.461032,0.091812
3500.5,0.462800,0.092153
3501.5,0.464520,0.092484
3502.5,0.466189,0.092804
3503.5,0.467804,0.093111
3504.5,0.469363,0.093407
3505.5,0.470863,0.093689
3506.5,0.472301,0.093958
3507.5,0.473675,0.094214
3508.5,0.474983,0.094455
3509.5,0.476222,0.094682
3510.5,0.477390,0.094894
3511.5,0.478485,0.095091
3512.5,0.479505,0.095272
3513.5,0.480448,0.095437
3514.5,0.481314,0.095587
3515.5,0.482099,0.095720
3516.5,0.482803,0.095836
3517.5,0.483425,0.095936
3518.5,0.483963,0.096020
3519.5,0.484416,0.096086
3520.5,0.484784,0.096135
3521.5,0.485065,0.096167
3522.5,0.485260,0.096182
3523.5,0.485366,0.096180
3524.5,0.485386,0.096162
3525.5,0.485317,0.096126
3526.5,0.485160,0.096073
3527.5,0.484914,0.096003
3528.5,0.484581,0.095917
3529.5,0.484161,0.095815
3530.5,0.483653,0.095696
3531.5,0.483059,0.095562
3532.5,0.482378,0.095411
3533.5,0.481613,0.095246
3534.5,0.480763,0.095065
3535.5,0.479830,0.094869
3536.5,0.478815,0.094660
3537.5,0.477719,0.094436
3538.5,0.476544,0.094198
3539.5,0.475291,0.093947
3540.5,0.473961,0.093684
3541.5,0.472557,0.093408
3542.5,0.471079,0.093120
3543.5,0.469531,0.092821
3544.5,0.467913,0.092512
3545.5,0.466228,0.092191
3546.5,0.464477,0.091862
3547.5,0.462664,0.091523
3548.5,0.460789,0.091175
3549.5,0.458856,0.090819
3550.5,0.456866,0.090456
3551.5,0.454823,0.090085
3552.5,0.452728,0.089709
3553.5,0.450583,0.089326
3554.5,0.448392,0.088938
3555.5,0.446157,0.088546
3556.5,0.443880,0.088149
3557.5,0.441563,0.087749
3558.5,0.439210,0.087345
3559.5,0.436823,0.086940
3560.5,0.434405,0.086532
3561.5,0.431957,0.086123
3562.5,0.429484,0.085713
3563.5,0.426986,0.085303
3564.5,0.424467,0.084893
3565.5,0.421930,0.084483
3566.5,0.419376,0.084074
3567.5,0.416809,0.083667
3568.5,0.414230,0.083262
3569.5,0.411643,0.082859
3570.5,0.409050,0.082459
3571.5,0.406453,0.082061
3572.5,0.403854,0.081667
3573.5,0.401256,0.081277
3574.5,0.398661,0.080891
3575.5,0.396071,0.080508
3576.5,0.393489,0.080131
3577.5,0.390916,0.079757
3578.5,0.388355,0.079389
3579.5,0.385808,0.079026
3580.5,0.383276,0.078668
3581.5,0.380763,0.078315
3582.5,0.378268,0.077968
3583.5,0.375795,0.077626
3584.5,0.373346,0.077289
3585.5,0.370921,0.076959
3586.5,0.368522,0.076634
3587.5,0.366152,0.076315
3588.5,0.363811,0.076001
3589.5,0.361502,0.075693
3590.5,0.359225,0.075391
3591.5,0.356982,0.075095
3592.5,0.354774,0.074804
3593.5,0.352602,0.074519
3594.5,0.350468,0.074239
3595.5,0.348374,0.073965
3596.5,0.346318,0.073697
3597.5,0.344304,0.073434
3598.5,0.342331,0.073176
3599.5,0.340401,0.072923
3600.5,0.338515,0.072676
3601.5,0.336673,0.072434
3602.5,0.334875,0.072197
3603.5,0.333124,0.071966
3604.5,0.331419,0.071739
3605.5,0.329760,0.071518
3606.5,0.328149,0.071301
3607.5,0.326585,0.071090
3608.5,0.325070,0.070884
3609.5,0.323603,0.070683
3610.5,0.322184,0.070488
3611.5,0.320815,0.070297
3612.5,0.319494,0.070112
3613.5,0.318223,0.069933
3614.5,0.317000,0.069759
3615.5,0.315826,0.069590
3616.5,0.314702,0.069428
3617.5,0.313626,0.069272
3618.5,0.312599,0.069121
3619.5,0.311620,0.068977
3620.5,0.310689,0.068840
3621.5,0.309806,0.068709
3622.5,0.308970,0.068585
3623.5,0.308180,0.068469
3624.5,0.307436,0.068360
3625.5,0.306738,0.068258
3626.5,0.306085,0.068165
3627.5,0.305476,0.068079
3628.5,0.304909,0.068002
3629.5,0.304385,0.067934
3630.5,0.303902,0.067875
3631.5,0.303460,0.067825
3632.5,0.303057,0.067784
3633.5,0.302692,0.067753
3634.5,0.302364,0.067732
3635.5,0.302072,0.067720
3636.5,0.301814,0.067719
3637.5,0.301589,0.067728
3638.5,0.301396,0.067748
3639.5,0.301233,0.067778
3640.5,0.301099,0.067819
3641.5,0.300991,0.067870
3642.5,0.300910,0.067932
3643.5,0.300852,0.068004
3644.5,0.300816,0.068087
3645.5,0.300800,0.068180
3646.5,0.300803,0.068283
3647.5,0.300822,0.068396
3648.5,0.300856,0.068519
3649.5,0.300904,0.068650
3650.5,0.300962,0.068791
3651.5,0.301029,0.068940
3652.5,0.301103,0.069096
3653.5,0.301182,0.069260
3654.5,0.301263,0.069431
3655.5,0.301346,0.069608
3656.5,0.301428,0.069791
3657.5,0.301506,0.069978
3658.5,0.301580,0.070169
3659.5,0.301646,0.070364
3660.5,0.301703,0.070561
3661.5,0.301749,0.070760
3662.5,0.301781,0.070959
3663.5,0.301799,0.071159
3664.5,0.301799,0.071357
3665.5,0.301781,0.071553
3666.5,0.301742,0.071746
3667.5,0.301681,0.071935
3668.5,0.301596,0.072120
3669.5,0.301485,0.072298
3670.5,0.301347,0.072470
3671.5,0.301180,0.072634
3672.5,0.300982,0.072789
3673.5,0.300754,0.072934
3674.5,0.300492,0.073069
3675.5,0.300197,0.073192
3676.5,0.299866,0.073303
3677.5,0.299500,0.073401
3678.5,0.299097,0.073485
3679.5,0.298656,0.073554
3680.5,0.298178,0.073608
3681.5,0.297661,0.073645
3682.5,0.297104,0.073666
3683.5,0.296509,0.073669
3684.5,0.295874,0.073655
3685.5,0.295199,0.073622
3686.5,0.294486,0.073570
3687.5,0.293733,0.073499
3688.5,0.292942,0.073408
3689.5,0.292112,0.073298
3690.5,0.291245,0.073167
3691.5,0.290342,0.073016
3692.5,0.289402,0.072846
3693.5,0.288428,0.072655
3694.5,0.287420,0.072443
3695.5,0.286379,0.072212
3696.5,0.285308,0.071961
3697.5,0.284207,0.071690
3698.5,0.283079,0.071401
3699.5,0.281925,0.071092
3700.5,0.280746,0.070765
3701.5,0.279546,0.070421
3702.5,0.278325,0.070059
3703.5,0.277087,0.069681
3704.5,0.275833,0.069287
3705.5,0.274566,0.068878
3706.5,0.273288,0.068456
3707.5,0.272002,0.068020
3708.5,0.270711,0.067572
3709.5,0.269416,0.067114
3710.5,0.268121,0.066645
3711.5,0.266829,0.066168
3712.5,0.265543,0.065684
3713.5,0.264264,0.065194
3714.5,0.262996,0.064699
3715.5,0.261742,0.064201
3716.5,0.260505,0.063701
3717.5,0.259288,0.063201
3718.5,0.258093,0.062702
3719.5,0.256924,0.062206
3720.5,0.255783,0.061715
3721.5,0.254673,0.061229
3722.5,0.253597,0.060751
3723.5,0.252558,0.060282
3724.5,0.251558,0.059824
3725.5,0.250600,0.059379
3726.5,0.249687,0.058947
3727.5,0.248821,0.058531
3728.5,0.248004,0.058133
3729.5,0.247240,0.057753
3730.5,0.246529,0.057393
3731.5,0.245875,0.057055
3732.5,0.245279,0.056739
3733.5,0.244743,0.056447
3734.5,0.244270,0.056181
3735.5,0.243861,0.055941
3736.5,0.243517,0.055727
3737.5,0.243240,0.055542
3738.5,0.243032,0.055386
3739.5,0.242893,0.055258
3740.5,0.242825,0.055160
3741.5,0.242829,0.055093
3742.5,0.242906,0.055055
3743.5,0.243056,0.055048
3744.5,0.243280,0.055070
3745.5,0.243578,0.055123
3746.5,0.243951,0.055205
3747.5,0.244399,0.055316
3748.5,0.244921,0.055455
3749.5,0.245519,0.055622
3750.5,0.246190,0.055816
3751.5,0.246936,0.056036
3752.5,0.247756,0.056281
3753.5,0.248649,0.056550
3754.5,0.249614,0.056841
3755.5,0.250650,0.057155
3756.5,0.251757,0.057489
3757.5,0.252933,0.057842
3758.5,0.254177,0.058212
3759.5,0.255487,0.058600
3760.5,0.256864,0.059002
3761.5,0.258303,0.059419
3762.5,0.259806,0.059848
3763.5,0.261368,0.060288
3764.5,0.262989,0.060738
3765.5,0.264668,0.061197
3766.5,0.266401,0.061663
3767.5,0.268187,0.062136
3768.5,0.270023,0.062613
3769.5,0.271909,0.063095
3770.5,0.273841,0.063579
3771.5,0.275817,0.064065
3772.5,0.277836,0.064552
3773.5,0.279894,0.065038
3774.5,0.281989,0.065523
3775.5,0.284120,0.066006
3776.5,0.286284,0.066486
3777.5,0.288478,0.066963
3778.5,0.290699,0.067435
3779.5,0.292947,0.067902
3780.5,0.295218,0.068363
3781.5,0.297509,0.068818
3782.5,0.299820,0.069266
3783.5,0.302146,0.069706
3784.5,0.304486,0.070139
3785.5,0.306838,0.070564
3786.5,0.309198,0.070980
3787.5,0.311566,0.071387
3788.5,0.313939,0.071785
3789.5,0.316314,0.072174
3790.5,0.318689,0.072554
3791.5,0.321063,0.072924
3792.5,0.323433,0.073284
3793.5,0.325798,0.073635
3794.5,0.328155,0.073975
3795.5,0.330502,0.074306
3796.5,0.332837,0.074628
3797.5,0.335160,0.074940
3798.5,0.337467,0.075242
3799.5,0.339758,0.075535
3800.5,0.342030,0.075819
3801.5,0.344283,0.076094
3802.5,0.346514,0.076361
3803.5,0.348722,0.076618
3804.5,0.350905,0.076868
3805.5,0.353063,0.077109
3806.5,0.355194,0.077343
3807.5,0.357297,0.077569
3808.5,0.359371,0.077788
3809.5,0.361414,0.078000
3810.5,0.363425,0.078205
3811.5,0.365404,0.078404
3812.5,0.367349,0.078597
3813.5,0.369260,0.078784
3814.5,0.371135,0.078966
3815.5,0.372974,0.079142
3816.5,0.374776,0.079314
3817.5,0.376541,0.079481
3818.5,0.378267,0.079644
3819.5,0.379955,0.079802
3820.5,0.381602,0.079956
3821.5,0.383210,0.080107
3822.5,0.384777,0.080254
3823.5,0.386304,0.080397
3824.5,0.387789,0.080537
3825.5,0.389232,0.080674
3826.5,0.390633,0.080808
3827.5,0.391991,0.080939
3828.5,0.393307,0.081066
3829.5,0.394580,0.081191
3830.5,0.395810,0.081313
3831.5,0.396997,0.081431
3832.5,0.398140,0.081547
3833.5,0.399240,0.081660
3834.5,0.400296,0.081769
3835.5,0.401309,0.081876
3836.5,0.402279,0.081979
3837.5,0.403205,0.082078
3838.5,0.404087,0.082174
3839.5,0.404926,0.082267
3840.5,0.405722,0.082355
3841.5,0.406475,0.082439
3842.5,0.407185,0.082519
3843.5,0.407852,0.082595
3844.5,0.408477,0.082666
3845.5,0.409060,0.082732
3846.5,0.409601,0.082793
3847.5,0.410101,0.082849
3848.5,0.410559,0.082900
3849.5,0.410977,0.082945
3850.5,0.411355,0.082984
3851.5,0.411693,0.083017
3852.5,0.411991,0.083044
3853.5,0.412251,0.083064
3854.5,0.412472,0.083079
3855.5,0.412656,0.083086
3856.5,0.412803,0.083087
3857.5,0.412913,0.083081
3858.5,0.412987,0.083068
3859.5,0.413027,0.083048
3860.5,0.413032,0.083020
3861.5,0.413004,0.082986
3862.5,0.412943,0.082944
3863.5,0.412850,0.082896
3864.5,0.412726,0.082840
3865.5,0.412571,0.082777
3866.5,0.412388,0.082707
3867.5,0.412176,0.082630
3868.5,0.411936,0.082546
3869.5,0.411671,0.082456
3870.5,0.411379,0.082359
3871.5,0.411063,0.082256
3872.5,0.410724,0.082146
3873.5,0.410363,0.082031
3874.5,0.409980,0.081910
3875.5,0.409577,0.081784
3876.5,0.409154,0.081653
3877.5,0.408714,0.081517
3878.5,0.408257,0.081376
3879.5,0.407784,0.081232
3880.5,0.407297,0.081084
3881.5,0.406796,0.080933
3882.5,0.406283,0.080779
3883.5,0.405759,0.080623
3884.5,0.405224,0.080465
3885.5,0.404681,0.080305
3886.5,0.404130,0.080145
3887.5,0.403572,0.079983
3888.5,0.403009,0.079822
3889.5,0.402442,0.079661
3890.5,0.401871,0.079501
3891.5,0.401298,0.079343
3892.5,0.400724,0.079186
3893.5,0.400149,0.079031
3894.5,0.399576,0.078879
3895.5,0.399005,0.078730
3896.5,0.398436,0.078585
3897.5,0.397871,0.078444
3898.5,0.397311,0.078307
3899.5,0.396757,0.078174
3900.5,0.396209,0.078047
3901.5,0.395669,0.077925
3902.5,0.395137,0.077808
3903.5,0.394614,0.077697
3904.5,0.394100,0.077593
3905.5,0.393596,0.077494
3906.5,0.393104,0.077403
3907.5,0.392623,0.077317
3908.5,0.392154,0.077239
3909.5,0.391698,0.077167
3910.5,0.391255,0.077101
3911.5,0.390825,0.077043
3912.5,0.390410,0.076991
3913.5,0.390009,0.076946
3914.5,0.389622,0.076908
3915.5,0.389251,0.076876
3916.5,0.388894,0.076850
3917.5,0.388553,0.076831
3918.5,0.388228,0.076817
3919.5,0.387918,0.076810
3920.5,0.387624,0.076807
3921.5,0.387345,0.076810
3922.5,0.387083,0.076818
3923.5,0.386836,0.076831
3924.5,0.386605,0.076848
3925.5,0.386389,0.076870
3926.5,0.386188,0.076895
3927.5,0.386003,0.076923
3928.5,0.385833,0.076955
3929.5,0.385678,0.076990
3930.5,0.385537,0.077028
3931.5,0.385411,0.077067
3932.5,0.385298,0.077109
3933.5,0.385199,0.077153
3934.5,0.385114,0.077198
3935.5,0.385041,0.077245
3936.5,0.384980,0.077292
3937.5,0.384932,0.077341
3938.5,0.384895,0.077390
3939.5,0.384870,0.077440
3940.5,0.384855,0.077490
3941.5,0.384850,0.077541
3942.5,0.384855,0.077591
3943.5,0.384869,0.077642
3944.5,0.384892,0.077693
3945.5,0.384924,0.077743
3946.5,0.384963,0.077794
3947.5,0.385009,0.077844
3948.5,0.385062,0.077894
3949.5,0.385121,0.077945
3950.5,0.385185,0.077995
3951.5,0.385255,0.078045
3952.5,0.385329,0.078095
3953.5,0.385407,0.078145
3954.5,0.385489,0.078196
3955.5,0.385574,0.078247
3956.5,0.385661,0.078298
3957.5,0.385750,0.078350
3958.5,0.385841,0.078403
3959.5,0.385933,0.078456
3960.5,0.386025,0.078510
3961.5,0.386118,0.078566
3962.5,0.386210,0.078622
3963.5,0.386301,0.078679
3964.5,0.386390,0.078738
3965.5,0.386479,0.078798
3966.5,0.386564,0.078860
3967.5,0.386648,0.078923
3968.5,0.386728,0.078988
3969.5,0.386805,0.079055
3970.5,0.386878,0.079123
3971.5,0.386947,0.079194
3972.5,0.387012,0.079266
3973.5,0.387072,0.079339
3974.5,0.387126,0.079415
3975.5,0.387175,0.079493
3976.5,0.387218,0.079572
3977.5,0.387255,0.079653
3978.5,0.387286,0.079736
3979.5,0.387309,0.079820
3980.5,0.387326,0.079906
3981.5,0.387335,0.079994
3982.5,0.387337,0.080083
3983.5,0.387331,0.080173
3984.5,0.387317,0.080264
3985.5,0.387294,0.080357
3986.5,0.387263,0.080450
3987.5,0.387223,0.080545
3988.5,0.387174,0.080640
3989.5,0.387116,0.080736
3990.5,0.387048,0.080832
3991.5,0.386971,0.080928
3992.5,0.386884,0.081025
3993.5,0.386786,0.081121
3994.5,0.386679,0.081218
3995.5,0.386561,0.081314
3996.5,0.386433,0.081409
3997.5,0.386294,0.081504
3998.5,0.386144,0.081599
3999.5,0.385983,0.081692
4000.5,0.385810,0.081784
4001.5,0.385627,0.081874
4002.5,0.385431,0.081964
4003.5,0.385224,0.082051
4004.5,0.385005,0.082137
4005.5,0.384774,0.082221
4006.5,0.384531,0.082303
4007.5,0.384276,0.082383
4008.5,0.384008,0.082460
4009.5,0.383727,0.082534
4010.5,0.383434,0.082606
4011.5,0.383127,0.082675
4012.5,0.382808,0.082740
4013.5,0.382476,0.082803
4014.5,0.382130,0.082862
4015.5,0.381770,0.082917
4016.5,0.381397,0.082968
4017.5,0.381010,0.083016
4018.5,0.380609,0.083059
4019.5,0.380194,0.083098
4020.5,0.379765,0.083132
4021.5,0.379321,0.083162
4022.5,0.378863,0.083187
4023.5,0.378390,0.083207
4024.5,0.377903,0.083221
4025.5,0.377400,0.083231
4026.5,0.376883,0.083234
4027.5,0.376350,0.083232
4028.5,0.375802,0.083224
4029.5,0.375238,0.083210
4030.5,0.374659,0.083190
4031.5,0.374065,0.083163
4032.5,0.373454,0.083130
4033.5,0.372828,0.083090
4034.5,0.372186,0.083044
4035.5,0.371528,0.082990
4036.5,0.370854,0.082930
4037.5,0.370163,0.082862
4038.5,0.369457,0.082788
4039.5,0.368734,0.082706
4040.5,0.367995,0.082616
4041.5,0.367239,0.082520
4042.5,0.366467,0.082416
4043.5,0.365679,0.082304
4044.5,0.364875,0.082185
4045.5,0.364054,0.082058
4046.5,0.363217,0.081924
4047.5,0.362364,0.081782
4048.5,0.361494,0.081633
4049.5,0.360609,0.081477
4050.5,0.359708,0.081313
4051.5,0.358791,0.081142
4052.5,0.357858,0.080964
4053.5,0.356910,0.080779
4054.5,0.355946,0.080586
4055.5,0.354967,0.080387
4056.5,0.353974,0.080181
4057.5,0.352965,0.079969
4058.5,0.351942,0.079750
4059.5,0.350906,0.079525
4060.5,0.349855,0.079294
4061.5,0.348791,0.079058
4062.5,0.347713,0.078815
4063.5,0.346623,0.078567
4064.5,0.345521,0.078314
4065.5,0.344406,0.078057
4066.5,0.343280,0.077794
4067.5,0.342143,0.077527
4068.5,0.340995,0.077256
4069.5,0.339837,0.076981
4070.5,0.338669,0.076702
4071.5,0.337492,0.076420
4072.5,0.336307,0.076135
4073.5,0.335114,0.075847
4074.5,0.333913,0.075557
4075.5,0.332706,0.075264
4076.5,0.331493,0.074970
4077.5,0.330274,0.074674
4078.5,0.329051,0.074377
4079.5,0.327823,0.074078
4080.5,0.326592,0.073779
4081.5,0.325358,0.073480
4082.5,0.324123,0.073180
4083.5,0.322886,0.072881
4084.5,0.321649,0.072583
4085.5,0.320412,0.072285
4086.5,0.319176,0.071988
4087.5,0.317942,0.071693
4088.5,0.316710,0.071399
4089.5,0.315482,0.071108
4090.5,0.314259,0.070818
4091.5,0.313040,0.070531
4092.5,0.311827,0.070247
4093.5,0.310620,0.069967
4094.5,0.309421,0.069689
4095.5,0.308230,0.069415
4096.5,0.307048,0.069145
4097.5,0.305876,0.068878
4098.5,0.304714,0.068616
4099.5,0.303563,0.068359
4100.5,0.302425,0.068106
4101.5,0.301299,0.067858
4102.5,0.300187,0.067615
4103.5,0.299089,0.067377
4104.5,0.298006,0.067144
4105.5,0.296939,0.066917
4106.5,0.295887,0.066695
4107.5,0.294853,0.066479
4108.5,0.293836,0.066269
4109.5,0.292838,0.066065
4110.5,0.291858,0.065866
4111.5,0.290898,0.065674
4112.5,0.289957,0.065488
4113.5,0.289037,0.065307
4114.5,0.288138,0.065133
4115.5,0.287260,0.064966
4116.5,0.286404,0.064804
4117.5,0.285571,0.064649
4118.5,0.284759,0.064499
4119.5,0.283971,0.064356
4120.5,0.283206,0.064220
4121.5,0.282464,0.064089
4122.5,0.281746,0.063965
4123.5,0.281052,0.063847
4124.5,0.280382,0.063735
4125.5,0.279736,0.063629
4126.5,0.279115,0.063529
4127.5,0.278518,0.063436
4128.5,0.277946,0.063348
4129.5,0.277398,0.063267
4130.5,0.276874,0.063192
4131.5,0.276375,0.063122
4132.5,0.275900,0.063059
4133.5,0.275450,0.063002
4134.5,0.275023,0.062951
4135.5,0.274620,0.062905
4136.5,0.274240,0.062866
4137.5,0.273884,0.062832
4138.5,0.273550,0.062805
4139.5,0.273239,0.062783
4140.5,0.272950,0.062767
4141.5,0.272683,0.062758
4142.5,0.272437,0.062754
4143.5,0.272212,0.062756
4144.5,0.272007,0.062763
4145.5,0.271821,0.062777
4146.5,0.271655,0.062796
4147.5,0.271508,0.062821
4148.5,0.271378,0.062851
4149.5,0.271266,0.062887
4150.5,0.271170,0.062928
4151.5,0.271090,0.062975
4152.5,0.271026,0.063027
4153.5,0.270976,0.063084
4154.5,0.270939,0.063146
4155.5,0.270916,0.063213
4156.5,0.270905,0.063284
4157.5,0.270905,0.063359
4158.5,0.270916,0.063439
4159.5,0.270937,0.063523
4160.5,0.270967,0.063610
4161.5,0.271005,0.063701
4162.5,0.271051,0.063795
4163.5,0.271103,0.063891
4164.5,0.271162,0.063990
4165.5,0.271225,0.064091
4166.5,0.271293,0.064194
4167.5,0.271364,0.064298
4168.5,0.271438,0.064403
4169.5,0.271514,0.064508
4170.5,0.271591,0.064614
4171.5,0.271668,0.064719
4172.5,0.271746,0.064824
4173.5,0.271823,0.064927
4174.5,0.271898,0.065029
4175.5,0.271972,0.065129
4176.5,0.272042,0.065226
4177.5,0.272110,0.065320
4178.5,0.272174,0.065411
4179.5,0.272233,0.065498
4180.5,0.272288,0.065581
4181.5,0.272338,0.065660
4182.5,0.272383,0.065733
4183.5,0.272421,0.065801
4184.5,0.272454,0.065863
4185.5,0.272481,0.065920
4186.5,0.272501,0.065969
4187.5,0.272514,0.066013
4188.5,0.272521,0.066049
4189.5,0.272521,0.066078
4190.5,0.272515,0.066099
4191.5,0.272502,0.066113
4192.5,0.272482,0.066120
4193.5,0.272456,0.066118
4194.5,0.272424,0.066108
4195.5,0.272386,0.066090
4196.5,0.272342,0.066064
4197.5,0.272293,0.066030
4198.5,0.272240,0.065988
4199.5,0.272182,0.065938
4200.5,0.272120,0.065880
4201.5,0.272055,0.065814
4202.5,0.271988,0.065741
4203.5,0.271918,0.065660
4204.5,0.271848,0.065572
4205.5,0.271777,0.065478
4206.5,0.271706,0.065376
4207.5,0.271636,0.065268
4208.5,0.271569,0.065155
4209.5,0.271505,0.065036
4210.5,0.271444,0.064912
4211.5,0.271389,0.064783
4212.5,0.271339,0.064650
4213.5,0.271296,0.064514
4214.5,0.271262,0.064375
4215.5,0.271237,0.064233
4216.5,0.271222,0.064089
4217.5,0.271218,0.063944
4218.5,0.271227,0.063798
4219.5,0.271250,0.063653
4220.5,0.271288,0.063507
4221.5,0.271341,0.063363
4222.5,0.271412,0.063221
4223.5,0.271502,0.063082
4224.5,0.271611,0.062945
4225.5,0.271741,0.062813
4226.5,0.271893,0.062686
4227.5,0.272068,0.062563
4228.5,0.272267,0.062447
4229.5,0.272491,0.062337
4230.5,0.272742,0.062234
4231.5,0.273020,0.062139
4232.5,0.273327,0.062053
4233.5,0.273664,0.061976
4234.5,0.274030,0.061908
4235.5,0.274429,0.061851
4236.5,0.274859,0.061804
4237.5,0.275323,0.061769
4238.5,0.275821,0.061745
4239.5,0.276353,0.061733
4240.5,0.276921,0.061733
4241.5,0.277525,0.061747
4242.5,0.278166,0.061773
4243.5,0.278844,0.061812
4244.5,0.279559,0.061865
4245.5,0.280313,0.061932
4246.5,0.281106,0.062012
4247.5,0.281937,0.062106
4248.5,0.282808,0.062214
4249.5,0.283718,0.062336
4250.5,0.284667,0.062471
4251.5,0.285656,0.062621
4252.5,0.286684,0.062783
4253.5,0.287752,0.062960
4254.5,0.288860,0.063149
4255.5,0.290006,0.063351
4256.5,0.291191,0.063565
4257.5,0.292415,0.063792
4258.5,0.293677,0.064030
4259.5,0.294977,0.064280
4260.5,0.296314,0.064541
4261.5,0.297687,0.064813
4262.5,0.299097,0.065094
4263.5,0.300542,0.065385
4264.5,0.302021,0.065685
4265.5,0.303534,0.065993
4266.5,0.305080,0.066310
4267.5,0.306658,0.066633
4268.5,0.308267,0.066964
4269.5,0.309906,0.067301
4270.5,0.311573,0.067643
4271.5,0.313268,0.067990
4272.5,0.314990,0.068342
4273.5,0.316737,0.068697
4274.5,0.318509,0.069056
4275.5,0.320303,0.069418
4276.5,0.322118,0.069781
4277.5,0.323954,0.070147
4278.5,0.325808,0.070513
4279.5,0.327680,0.070879
4280.5,0.329568,0.071246
4281.5,0.331470,0.071612
4282.5,0.333385,0.071977
4283.5,0.335312,0.072340
4284.5,0.337248,0.072702
4285.5,0.339193,0.073061
4286.5,0.341145,0.073416
4287.5,0.343102,0.073769
4288.5,0.345064,0.074118
4289.5,0.347027,0.074462
4290.5,0.348991,0.074803
4291.5,0.350954,0.075138
4292.5,0.352915,0.075468
4293.5,0.354872,0.075793
4294.5,0.356824,0.076111
4295.5,0.358768,0.076424
4296.5,0.360704,0.076731
4297.5,0.362631,0.077031
4298.5,0.364545,0.077324
4299.5,0.366447,0.077610
4300.5,0.368334,0.077889
4301.5,0.370206,0.078161
4302.5,0.372060,0.078426
4303.5,0.373896,0.078683
4304.5,0.375712,0.078932
4305.5,0.377506,0.079173
4306.5,0.379278,0.079407
4307.5,0.381027,0.079633
4308.5,0.382750,0.079851
4309.5,0.384446,0.080061
4310.5,0.386115,0.080263
4311.5,0.387755,0.080457
4312.5,0.389366,0.080643
4313.5,0.390945,0.080822
4314.5,0.392492,0.080993
4315.5,0.394006,0.081156
4316.5,0.395485,0.081311
4317.5,0.396930,0.081459
4318.5,0.398338,0.081599
4319.5,0.399709,0.081733
4320.5,0.401042,0.081859
4321.5,0.402336,0.081977
4322.5,0.403589,0.082090
4323.5,0.404803,0.082195
4324.5,0.405974,0.082294
4325.5,0.407104,0.082386
4326.5,0.408190,0.082472
4327.5,0.409233,0.082553
4328.5,0.410230,0.082627
4329.5,0.411183,0.082696
4330.5,0.412090,0.082759
4331.5,0.412950,0.082818
4332.5,0.413763,0.082871
4333.5,0.414528,0.082919
4334.5,0.415245,0.082963
4335.5,0.415912,0.083002
4336.5,0.416531,0.083037
4337.5,0.417099,0.083068
4338.5,0.417617,0.083095
4339.5,0.418083,0.083119
4340.5,0.418498,0.083138
4341.5,0.418861,0.083155
4342.5,0.419172,0.083168
4343.5,0.419430,0.083177
4344.5,0.419634,0.083184
4345.5,0.419785,0.083188
4346.5,0.419882,0.083188
4347.5,0.419925,0.083186
4348.5,0.419913,0.083181
4349.5,0.419846,0.083173
4350.5,0.419723,0.083162
4351.5,0.419545,0.083148
4352.5,0.419311,0.083131
4353.5,0.419021,0.083112
4354.5,0.418674,0.083089
4355.5,0.418271,0.083063
4356.5,0.417811,0.083034
4357.5,0.417294,0.083002
4358.5,0.416720,0.082965
4359.5,0.416088,0.082926
4360.5,0.415400,0.082882
4361.5,0.414653,0.082834
4362.5,0.413850,0.082782
4363.5,0.412988,0.082725
4364.5,0.412069,0.082663
4365.5,0.411093,0.082597
4366.5,0.410059,0.082525
4367.5,0.408968,0.082447
4368.5,0.407819,0.082363
4369.5,0.406613,0.082274
4370.5,0.405350,0.082178
4371.5,0.404030,0.082075
4372.5,0.402654,0.081965
4373.5,0.401221,0.081848
4374.5,0.399732,0.081723
4375.5,0.398188,0.081590
4376.5,0.396588,0.081449
4377.5,0.394933,0.081300
4378.5,0.393224,0.081141
4379.5,0.391461,0.080974
4380.5,0.389645,0.080798
4381.5,0.387775,0.080613
4382.5,0.385854,0.080417
4383.5,0.383881,0.080212
4384.5,0.381857,0.079997
4385.5,0.379783,0.079772
4386.5,0.377660,0.079536
4387.5,0.375489,0.079291
4388.5,0.373269,0.079034
4389.5,0.371004,0.078767
4390.5,0.368692,0.078489
4391.5,0.366337,0.078201
4392.5,0.363937,0.077902
4393.5,0.361495,0.077592
4394.5,0.359012,0.077271
4395.5,0.356489,0.076940
4396.5,0.353926,0.076598
4397.5,0.351326,0.076246
4398.5,0.348690,0.075883
4399.5,0.346019,0.075510
4400.5,0.343315,0.075127
4401.5,0.340578,0.074734
4402.5,0.337811,0.074331
4403.5,0.335014,0.073919
4404.5,0.332190,0.073497
4405.5,0.329340,0.073067
4406.5,0.326465,0.072627
4407.5,0.323568,0.072179
4408.5,0.320649,0.071723
4409.5,0.317711,0.071259
4410.5,0.314755,0.070787
4411.5,0.311782,0.070309
4412.5,0.308796,0.069823
4413.5,0.305797,0.069331
4414.5,0.302787,0.068832
4415.5,0.299768,0.068328
4416.5,0.296741,0.067819
4417.5,0.293709,0.067304
4418.5,0.290674,0.066785
4419.5,0.287637,0.066262
4420.5,0.284599,0.065735
4421.5,0.281564,0.065205
4422.5,0.278532,0.064671
4423.5,0.275505,0.064136
4424.5,0.272486,0.063598
4425.5,0.269475,0.063059
4426.5,0.266476,0.062519
4427.5,0.263488,0.061978
4428.5,0.260516,0.061437
4429.5,0.257559,0.060896
4430.5,0.254620,0.060355
4431.5,0.251700,0.059816
4432.5,0.248801,0.059279
4433.5,0.245925,0.058743
4434.5,0.243073,0.058210
4435.5,0.240248,0.057680
4436.5,0.237449,0.057153
4437.5,0.234680,0.056630
4438.5,0.231941,0.056111
4439.5,0.229233,0.055597
4440.5,0.226559,0.055089
4441.5,0.223920,0.054585
4442.5,0.221316,0.054088
4443.5,0.218750,0.053598
4444.5,0.216222,0.053114
4445.5,0.213734,0.052638
4446.5,0.211286,0.052169
4447.5,0.208881,0.051709
4448.5,0.206518,0.051257
4449.5,0.204198,0.050815
4450.5,0.201924,0.050382
4451.5,0.199695,0.049959
4452.5,0.197513,0.049546
4453.5,0.195378,0.049144
4454.5,0.193291,0.048753
4455.5,0.191253,0.048373
4456.5,0.189264,0.048005
4457.5,0.187324,0.047649
4458.5,0.185435,0.047306
4459.5,0.183597,0.046975
4460.5,0.181811,0.046657
4461.5,0.180075,0.046353
4462.5,0.178392,0.046062
4463.5,0.176761,0.045785
4464.5,0.175182,0.045522
4465.5,0.173655,0.045273
4466.5,0.172181,0.045038
4467.5,0.170760,0.044818
4468.5,0.169391,0.044613
4469.5,0.168075,0.044422
4470.5,0.166812,0.044245
4471.5,0.165600,0.044084
4472.5,0.164441,0.043937
4473.5,0.163333,0.043804
4474.5,0.162278,0.043686
4475.5,0.161273,0.043583
4476.5,0.160319,0.043494
4477.5,0.159416,0.043418
4478.5,0.158563,0.043357
4479.5,0.157759,0.043310
4480.5,0.157004,0.043276
4481.5,0.156298,0.043255
4482.5,0.155640,0.043247
4483.5,0.155029,0.043251
4484.5,0.154464,0.043268
4485.5,0.153945,0.043296
4486.5,0.153472,0.043336
4487.5,0.153043,0.043386
4488.5,0.152658,0.043448
4489.5,0.152316,0.043519
4490.5,0.152016,0.043600
4491.5,0.151758,0.043690
4492.5,0.151540,0.043789
4493.5,0.151361,0.043897
4494.5,0.151222,0.044012
4495.5,0.151121,0.044134
4496.5,0.151056,0.044264
4497.5,0.151028,0.044399
4498.5,0.151036,0.044541
4499.5,0.151077,0.044688
4500.5,0.151153,0.044840
4501.5,0.151261,0.044997
4502.5,0.151400,0.045158
4503.5,0.151571,0.045322
4504.5,0.151772,0.045490
4505.5,0.152001,0.045660
4506.5,0.152259,0.045833
4507.5,0.152545,0.046008
4508.5,0.152857,0.046185
4509.5,0.153194,0.046363
4510.5,0.153556,0.046542
4511.5,0.153943,0.046721
4512.5,0.154352,0.046901
4513.5,0.154784,0.047081
4514.5,0.155238,0.047260
4515.5,0.155713,0.047439
4516.5,0.156207,0.047617
4517.5,0.156722,0.047794
4518.5,0.157255,0.047969
4519.5,0.157806,0.048143
4520.5,0.158374,0.048316
4521.5,0.158960,0.048486
4522.5,0.159562,0.048654
4523.5,0.160179,0.048820
4524.5,0.160812,0.048984
4525.5,0.161459,0.049145
4526.5,0.162121,0.049303
4527.5,0.162796,0.049458
4528.5,0.163485,0.049611
4529.5,0.164187,0.049761
4530.5,0.164901,0.049907
4531.5,0.165628,0.050050
4532.5,0.166367,0.050191
4533.5,0.167117,0.050328
4534.5,0.167879,0.050462
4535.5,0.168652,0.050592
4536.5,0.169436,0.050719
4537.5,0.170232,0.050843
4538.5,0.171038,0.050964
4539.5,0.171854,0.051082
4540.5,0.172682,0.051196
4541.5,0.173520,0.051308
4542.5,0.174369,0.051416
4543.5,0.175229,0.051521
4544.5,0.176099,0.051623
4545.5,0.176980,0.051723
4546.5,0.177872,0.051819
4547.5,0.178776,0.051913
4548.5,0.179690,0.052005
4549.5,0.180616,0.052093
4550.5,0.181554,0.052180
4551.5,0.182503,0.052264
4552.5,0.183465,0.052347
4553.5,0.184439,0.052427
4554.5,0.185425,0.052506
4555.5,0.186425,0.052583
4556.5,0.187437,0.052658
4557.5,0.188463,0.052732
4558.5,0.189504,0.052806
4559.5,0.190558,0.052878
4560.5,0.191627,0.052950
4561.5,0.192711,0.053021
4562.5,0.193810,0.053092
4563.5,0.194925,0.053163
4564.5,0.196057,0.053234
4565.5,0.197204,0.053306
4566.5,0.198368,0.053378
4567.5,0.199550,0.053451
4568.5,0.200749,0.053525
4569.5,0.201966,0.053601
4570.5,0.203202,0.053678
4571.5,0.204456,0.053758
4572.5,0.205729,0.053839
4573.5,0.207022,0.053923
4574.5,0.208334,0.054010
4575.5,0.209666,0.054100
4576.5,0.211019,0.054193
4577.5,0.212392,0.054289
4578.5,0.213785,0.054390
4579.5,0.215200,0.054494
4580.5,0.216636,0.054603
4581.5,0.218093,0.054716
4582.5,0.219572,0.054835
4583.5,0.221072,0.054958
4584.5,0.222594,0.055087
4585.5,0.224138,0.055221
4586.5,0.225704,0.055361
4587.5,0.227291,0.055507
4588.5,0.228900,0.055659
4589.5,0.230531,0.055818
4590.5,0.232183,0.055983
4591.5,0.233857,0.056155
4592.5,0.235552,0.056333
4593.5,0.237267,0.056519
4594.5,0.239004,0.056712
4595.5,0.240761,0.056912
4596.5,0.242537,0.057119
4597.5,0.244334,0.057334
4598.5,0.246149,0.057556
4599.5,0.247983,0.057785
4600.5,0.249835,0.058022
4601.5,0.251705,0.058266
4602.5,0.253591,0.058517
4603.5,0.255494,0.058776
4604.5,0.257412,0.059042
4605.5,0.259344,0.059314
4606.5,0.261291,0.059594
4607.5,0.263250,0.059881
4608.5,0.265222,0.060173
4609.5,0.267205,0.060473
4610.5,0.269198,0.060778
4611.5,0.271200,0.061090
4612.5,0.273210,0.061406
4613.5,0.275227,0.061729
4614.5,0.277250,0.062056
4615.5,0.279278,0.062388
4616.5,0.281309,0.062725
4617.5,0.283342,0.063066
4618.5,0.285376,0.063410
4619.5,0.287409,0.063758
4620.5,0.289441,0.064109
4621.5,0.291469,0.064462
4622.5,0.293493,0.064818
4623.5,0.295510,0.065175
4624.5,0.297521,0.065534
4625.5,0.299522,0.065893
4626.5,0.301512,0.066254
4627.5,0.303491,0.066614
4628.5,0.305456,0.066974
4629.5,0.307406,0.067333
4630.5,0.309340,0.067690
4631.5,0.311255,0.068046
4632.5,0.313151,0.068400
4633.5,0.315026,0.068752
4634.5,0.316878,0.069100
4635.5,0.318705,0.069444
4636.5,0.320507,0.069785
4637.5,0.322282,0.070122
4638.5,0.324028,0.070453
4639.5,0.325744,0.070780
4640.5,0.327428,0.071100
4641.5,0.329079,0.071415
4642.5,0.330695,0.071723
4643.5,0.332276,0.072024
4644.5,0.333819,0.072319
4645.5,0.335324,0.072605
4646.5,0.336788,0.072884
4647.5,0.338212,0.073154
4648.5,0.339594,0.073415
4649.5,0.340932,0.073667
4650.5,0.342226,0.073910
4651.5,0.343474,0.074144
4652.5,0.344676,0.074367
4653.5,0.345831,0.074580
4654.5,0.346937,0.074783
4655.5,0.347994,0.074974
4656.5,0.349001,0.075155
4657.5,0.349957,0.075325
4658.5,0.350863,0.075482
4659.5,0.351716,0.075629
4660.5,0.352518,0.075763
4661.5,0.353266,0.075885
4662.5,0.353962,0.075995
4663.5,0.354605,0.076093
4664.5,0.355194,0.076178
4665.5,0.355729,0.076250
4666.5,0.356211,0.076310
4667.5,0.356639,0.076357
4668.5,0.357013,0.076391
4669.5,0.357334,0.076412
4670.5,0.357602,0.076421
4671.5,0.357817,0.076416
4672.5,0.357980,0.076399
4673.5,0.358090,0.076369
4674.5,0.358149,0.076326
4675.5,0.358158,0.076270
4676.5,0.358116,0.076202
4677.5,0.358024,0.076121
4678.5,0.357884,0.076028
4679.5,0.357697,0.075923
4680.5,0.357462,0.075806
4681.5,0.357182,0.075677
4682.5,0.356858,0.075536
4683.5,0.356489,0.075384
4684.5,0.356079,0.075222
4685.5,0.355627,0.075048
4686.5,0.355136,0.074864
4687.5,0.354606,0.074670
4688.5,0.354039,0.074466
4689.5,0.353437,0.074253
4690.5,0.352800,0.074030
4691.5,0.352131,0.073800
4692.5,0.351431,0.073561
4693.5,0.350702,0.073315
4694.5,0.349945,0.073061
4695.5,0.349161,0.072801
4696.5,0.348354,0.072535
4697.5,0.347523,0.072263
4698.5,0.346672,0.071987
4699.5,0.345801,0.071706
4700.5,0.344912,0.071421
4701.5,0.344008,0.071133
4702.5,0.343089,0.070843
4703.5,0.342158,0.070551
4704.5,0.341216,0.070257
4705.5,0.340265,0.069963
4706.5,0.339307,0.069669
4707.5,0.338342,0.069376
4708.5,0.337374,0.069085
4709.5,0.336404,0.068795
4710.5,0.335432,0.068509
4711.5,0.334461,0.068226
4712.5,0.333492,0.067948
4713.5,0.332527,0.067674
4714.5,0.331567,0.067406
4715.5,0.330613,0.067144
4716.5,0.329667,0.066890
4717.5,0.328731,0.066643
4718.5,0.327804,0.066404
4719.5,0.326889,0.066174
4720.5,0.325987,0.065953
4721.5,0.325098,0.065743
4722.5,0.324225,0.065542
4723.5,0.323366,0.065353
4724.5,0.322524,0.065176
4725.5,0.321700,0.065010
4726.5,0.320893,0.064856
4727.5,0.320106,0.064715
4728.5,0.319337,0.064587
4729.5,0.318588,0.064472
4730.5,0.317860,0.064370
4731.5,0.317152,0.064281
4732.5,0.316465,0.064207
4733.5,0.315799,0.064146
4734.5,0.315154,0.064099
4735.5,0.314530,0.064065
4736.5,0.313928,0.064045
4737.5,0.313348,0.064038
4738.5,0.312788,0.064045
4739.5,0.312249,0.064065
4740.5,0.311731,0.064097
4741.5,0.311233,0.064142
4742.5,0.310755,0.064199
4743.5,0.310296,0.064268
4744.5,0.309856,0.064348
4745.5,0.309435,0.064439
4746.5,0.309031,0.064539
4747.5,0.308644,0.064650
4748.5,0.308273,0.064770
4749.5,0.307917,0.064898
4750.5,0.307576,0.065034
4751.5,0.307249,0.065177
4752.5,0.306934,0.065327
4753.5,0.306630,0.065482
4754.5,0.306337,0.065643
4755.5,0.306054,0.065808
4756.5,0.305779,0.065977
4757.5,0.305512,0.066149
4758.5,0.305250,0.066323
4759.5,0.304994,0.066498
4760.5,0.304742,0.066674
4761.5,0.304492,0.066851
4762.5,0.304244,0.067026
4763.5,0.303996,0.067200
4764.5,0.303747,0.067372
4765.5,0.303496,0.067542
4766.5,0.303242,0.067708
4767.5,0.302984,0.067869
4768.5,0.302719,0.068026
4769.5,0.302449,0.068178
4770.5,0.302170,0.068323
4771.5,0.301882,0.068462
4772.5,0.301584,0.068594
4773.5,0.301275,0.068718
4774.5,0.300954,0.068834
4775.5,0.300619,0.068942
4776.5,0.300271,0.069040
4777.5,0.299907,0.069129
4778.5,0.299528,0.069207
4779.5,0.299131,0.069276
4780.5,0.298717,0.069333
4781.5,0.298285,0.069380
4782.5,0.297834,0.069415
4783.5,0.297363,0.069439
4784.5,0.296871,0.069451
4785.5,0.296359,0.069451
4786.5,0.295826,0.069439
4787.5,0.295271,0.069415
4788.5,0.294694,0.069378
4789.5,0.294094,0.069329
4790.5,0.293472,0.069267
4791.5,0.292827,0.069193
4792.5,0.292159,0.069107
4793.5,0.291467,0.069008
4794.5,0.290753,0.068896
4795.5,0.290016,0.068773
4796.5,0.289255,0.068637
4797.5,0.288472,0.068490
4798.5,0.287666,0.068331
4799.5,0.286837,0.068160
4800.5,0.285987,0.067979
4801.5,0.285114,0.067786
4802.5,0.284221,0.067583
4803.5,0.283307,0.067370
4804.5,0.282372,0.067147
4805.5,0.281418,0.066914
4806.5,0.280444,0.066673
4807.5,0.279453,0.066422
4808.5,0.278443,0.066164
4809.5,0.277416,0.065898
4810.5,0.276374,0.065625
4811.5,0.275316,0.065346
4812.5,0.274243,0.065060
4813.5,0.273157,0.064769
4814.5,0.272058,0.064473
4815.5,0.270948,0.064173
4816.5,0.269826,0.063869
4817.5,0.268696,0.063561
4818.5,0.267556,0.063251
4819.5,0.266409,0.062940
4820.5,0.265255,0.062626
4821.5,0.264096,0.062312
4822.5,0.262932,0.061998
4823.5,0.261765,0.061685
4824.5,0.260596,0.061372
4825.5,0.259426,0.061062
4826.5,0.258256,0.060753
4827.5,0.257088,0.060448
4828.5,0.255922,0.060145
4829.5,0.254759,0.059847
4830.5,0.253601,0.059553
4831.5,0.252450,0.059265
4832.5,0.251305,0.058981
4833.5,0.250168,0.058704
4834.5,0.249040,0.058433
4835.5,0.247923,0.058168
4836.5,0.246817,0.057911
4837.5,0.245724,0.057661
4838.5,0.244644,0.057419
4839.5,0.243579,0.057185
4840.5,0.242530,0.056959
4841.5,0.241498,0.056742
4842.5,0.240484,0.056533
4843.5,0.239488,0.056333
4844.5,0.238513,0.056142
4845.5,0.237558,0.055960
4846.5,0.236625,0.055787
4847.5,0.235715,0.055623
4848.5,0.234828,0.055467
4849.5,0.233967,0.055321
4850.5,0.233131,0.055183
4851.5,0.232321,0.055053
4852.5,0.231538,0.054932
4853.5,0.230784,0.054819
4854.5,0.230059,0.054714
4855.5,0.229364,0.054617
4856.5,0.228699,0.054527
4857.5,0.228066,0.054444
4858.5,0.227465,0.054368
4859.5,0.226898,0.054299
4860.5,0.226364,0.054235
4861.5,0.225864,0.054177
4862.5,0.225400,0.054125
4863.5,0.224972,0.054078
4864.5,0.224581,0.054036
4865.5,0.224228,0.053998
4866.5,0.223913,0.053964
4867.5,0.223636,0.053934
4868.5,0.223399,0.053907
4869.5,0.223203,0.053883
4870.5,0.223048,0.053862
4871.5,0.222934,0.053843
4872.5,0.222863,0.053827
4873.5,0.222834,0.053812
4874.5,0.222849,0.053799
4875.5,0.222909,0.053788
4876.5,0.223013,0.053778
4877.5,0.223163,0.053769
4878.5,0.223360,0.053761
4879.5,0.223603,0.053754
4880.5,0.223893,0.053748
4881.5,0.224232,0.053743
4882.5,0.224619,0.053739
4883.5,0.225055,0.053736
4884.5,0.225541,0.053734
4885.5,0.226077,0.053732
4886.5,0.226664,0.053732
4887.5,0.227303,0.053734
4888.5,0.227993,0.053737
4889.5,0.228736,0.053742
4890.5,0.229532,0.053749
4891.5,0.230381,0.053759
4892.5,0.231283,0.053771
4893.5,0.232240,0.053787
4894.5,0.233252,0.053806
4895.5,0.234318,0.053830
4896.5,0.235440,0.053858
4897.5,0.236617,0.053891
4898.5,0.237849,0.053929
4899.5,0.239138,0.053974
4900.5,0.240484,0.054025
4901.5,0.241885,0.054084
4902.5,0.243343,0.054150
4903.5,0.244858,0.054225
4904.5,0.246429,0.054309
4905.5,0.248056,0.054403
4906.5,0.249740,0.054506
4907.5,0.251481,0.054621
4908.5,0.253277,0.054747
4909.5,0.255130,0.054885
4910.5,0.257038,0.055035
4911.5,0.259001,0.055199
4912.5,0.261019,0.055376
4913.5,0.263092,0.055567
4914.5,0.265218,0.055773
4915.5,0.267398,0.055994
4916.5,0.269629,0.056230
4917.5,0.271913,0.056482
4918.5,0.274248,0.056749
4919.5,0.276632,0.057033
4920.5,0.279065,0.057333
4921.5,0.281547,0.057650
4922.5,0.284075,0.057983
4923.5,0.286649,0.058333
4924.5,0.289267,0.058699
4925.5,0.291928,0.059082
4926.5,0.294630,0.059481
4927.5,0.297372,0.059896
4928.5,0.300153,0.060326
4929.5,0.302971,0.060772
4930.5,0.305823,0.061233
4931.5,0.308709,0.061709
4932.5,0.311626,0.062198
4933.5,0.314573,0.062701
4934.5,0.317547,0.063217
4935.5,0.320546,0.063746
4936.5,0.323568,0.064286
4937.5,0.326611,0.064836
4938.5,0.329673,0.065397
4939.5,0.332751,0.065967
4940.5,0.335843,0.066546
4941.5,0.338946,0.067132
4942.5,0.342059,0.067725
4943.5,0.345177,0.068323
4944.5,0.348300,0.068927
4945.5,0.351424,0.069535
4946.5,0.354546,0.070145
4947.5,0.357664,0.070758
4948.5,0.360776,0.071372
4949.5,0.363878,0.071987
4950.5,0.366968,0.072600
4951.5,0.370043,0.073212
4952.5,0.373100,0.073821
4953.5,0.376136,0.074427
4954.5,0.379149,0.075028
4955.5,0.382136,0.075624
4956.5,0.385094,0.076213
4957.5,0.388021,0.076795
4958.5,0.390913,0.077369
4959.5,0.393769,0.077935
4960.5,0.396584,0.078490
4961.5,0.399358,0.079035
4962.5,0.402086,0.079569
4963.5,0.404767,0.080091
4964.5,0.407399,0.080600
4965.5,0.409978,0.081095
4966.5,0.412502,0.081577
4967.5,0.414969,0.082043
4968.5,0.417377,0.082494
4969.5,0.419724,0.082930
4970.5,0.422007,0.083348
4971.5,0.424224,0.083750
4972.5,0.426374,0.084134
4973.5,0.428455,0.084501
4974.5,0.430464,0.084849
4975.5,0.432401,0.085178
4976.5,0.434263,0.085489
4977.5,0.436050,0.085780
4978.5,0.437759,0.086052
4979.5,0.439390,0.086303
4980.5,0.440942,0.086535
4981.5,0.442412,0.086747
4982.5,0.443801,0.086938
4983.5,0.445108,0.087109
4984.5,0.446331,0.087260
4985.5,0.447471,0.087391
4986.5,0.448527,0.087501
4987.5,0.449498,0.087590
4988.5,0.450384,0.087660
4989.5,0.451185,0.087709
4990.5,0.451902,0.087739
4991.5,0.452533,0.087749
4992.5,0.453080,0.087739
4993.5,0.453542,0.087710
4994.5,0.453921,0.087663
4995.5,0.454216,0.087596
4996.5,0.454429,0.087512
4997.5,0.454559,0.087409
4998.5,0.454609,0.087289
4999.5,0.454579,0.087153
5000.5,0.454469,0.086999
5001.5,0.454282,0.086829
5002.5,0.454018,0.086644
5003.5,0.453678,0.086444
5004.5,0.453265,0.086229
5005.5,0.452780,0.086001
5006.5,0.452224,0.085759
5007.5,0.451599,0.085504
5008.5,0.450907,0.085237
5009.5,0.450149,0.084959
5010.5,0.449328,0.084670
5011.5,0.448445,0.084371
5012.5,0.447503,0.084062
5013.5,0.446502,0.083745
5014.5,0.445447,0.083420
5015.5,0.444338,0.083087
5016.5,0.443178,0.082747
5017.5,0.441969,0.082402
5018.5,0.440713,0.082051
5019.5,0.439412,0.081696
5020.5,0.438070,0.081337
5021.5,0.436687,0.080975
5022.5,0.435267,0.080610
5023.5,0.433811,0.080244
5024.5,0.432323,0.079876
5025.5,0.430803,0.079509
5026.5,0.429256,0.079141
5027.5,0.427681,0.078775
5028.5,0.426083,0.078410
5029.5,0.424464,0.078047
5030.5,0.422825,0.077687
5031.5,0.421168,0.077331
5032.5,0.419497,0.076978
5033.5,0.417812,0.076630
5034.5,0.416116,0.076287
5035.5,0.414412,0.075949
5036.5,0.412701,0.075618
5037.5,0.410984,0.075292
5038.5,0.409265,0.074974
5039.5,0.407544,0.074662
5040.5,0.405824,0.074358
5041.5,0.404106,0.074062
5042.5,0.402393,0.073774
5043.5,0.400684,0.073495
5044.5,0.398983,0.073223
5045.5,0.397291,0.072961
5046.5,0.395608,0.072708
5047.5,0.393937,0.072463
5048.5,0.392278,0.072228
5049.5,0.390633,0.072002
5050.5,0.389003,0.071785
5051.5,0.387389,0.071577
5052.5,0.385792,0.071378
5053.5,0.384213,0.071189
5054.5,0.382653,0.071009
5055.5,0.381112,0.070838
5056.5,0.379591,0.070675
5057.5,0.378091,0.070521
5058.5,0.376613,0.070376
5059.5,0.375156,0.070239
5060.5,0.373722,0.070111
5061.5,0.372311,0.069990
5062.5,0.370923,0.069877
5063.5,0.369557,0.069771
5064.5,0.368216,0.069672
5065.5,0.366898,0.069580
5066.5,0.365603,0.069495
5067.5,0.364332,0.069416
5068.5,0.363084,0.069343
5069.5,0.361860,0.069276
5070.5,0.360658,0.069214
5071.5,0.359480,0.069157
5072.5,0.358324,0.069104
5073.5,0.357191,0.069057
5074.5,0.356080,0.069013
5075.5,0.354990,0.068973
5076.5,0.353921,0.068937
5077.5,0.352873,0.068903
5078.5,0.351845,0.068873
5079.5,0.350836,0.068845
5080.5,0.349847,0.068820
5081.5,0.348875,0.068797
5082.5,0.347921,0.068775
5083.5,0.346985,0.068755
5084.5,0.346064,0.068736
5085.5,0.345159,0.068719
5086.5,0.344268,0.068702
5087.5,0.343392,0.068685
5088.5,0.342529,0.068669
5089.5,0.341679,0.068654
5090.5,0.340840,0.068638
5091.5,0.340012,0.068622
5092.5,0.339194,0.068605
5093.5,0.338386,0.068588
5094.5,0.337586,0.068570
5095.5,0.336794,0.068551
5096.5,0.336009,0.068531
5097.5,0.335230,0.068510
5098.5,0.334456,0.068488
5099.5,0.333687,0.068464
5100.5,0.332922,0.068438
5101.5,0.332159,0.068411
5102.5,0.331399,0.068382
5103.5,0.330641,0.068351
5104.5,0.329883,0.068318
5105.5,0.329126,0.068283
5106.5,0.328368,0.068245
5107.5,0.327609,0.068206
5108.5,0.326848,0.068164
5109.5,0.326085,0.068119
5110.5,0.325319,0.068072
5111.5,0.324549,0.068022
5112.5,0.323775,0.067970
5113.5,0.322997,0.067915
5114.5,0.322213,0.067857
5115.5,0.321423,0.067797
5116.5,0.320628,0.067733
5117.5,0.319826,0.067667
5118.5,0.319017,0.067598
5119.5,0.318201,0.067525
5120.5,0.317378,0.067450
5121.5,0.316547,0.067371
5122.5,0.315707,0.067290
5123.5,0.314860,0.067205
5124.5,0.314003,0.067117
5125.5,0.313138,0.067026
5126.5,0.312265,0.066932
5127.5,0.311382,0.066834
5128.5,0.310490,0.066733
5129.5,0.309589,0.066629
5130.5,0.308679,0.066522
5131.5,0.307760,0.066412
5132.5,0.306831,0.066298
5133.5,0.305894,0.066181
5134.5,0.304948,0.066060
5135.5,0.303993,0.065937
5136.5,0.303029,0.065810
5137.5,0.302057,0.065680
5138.5,0.301077,0.065547
5139.5,0.300088,0.065411
5140.5,0.299092,0.065271
5141.5,0.298088,0.065129
5142.5,0.297078,0.064983
5143.5,0.296060,0.064835
5144.5,0.295036,0.064683
5145.5,0.294006,0.064529
5146.5,0.292970,0.064371
5147.5,0.291929,0.064211
5148.5,0.290883,0.064049
5149.5,0.289832,0.063883
5150.5,0.288778,0.063715
5151.5,0.287721,0.063545
5152.5,0.286661,0.063372
5153.5,0.285598,0.063197
5154.5,0.284534,0.063019
5155.5,0.283469,0.062840
5156.5,0.282403,0.062658
5157.5,0.281337,0.062475
5158.5,0.280272,0.062290
5159.5,0.279208,0.062103
5160.5,0.278145,0.061914
5161.5,0.277086,0.061724
5162.5,0.276029,0.061533
5163.5,0.274977,0.061341
5164.5,0.273928,0.061147
5165.5,0.272885,0.060953
5166.5,0.271848,0.060758
5167.5,0.270817,0.060562
5168.5,0.269793,0.060366
5169.5,0.268776,0.060170
5170.5,0.267768,0.059973
5171.5,0.266769,0.059777
5172.5,0.265780,0.059581
5173.5,0.264801,0.059385
5174.5,0.263832,0.059190
5175.5,0.262876,0.058996
5176.5,0.261931,0.058803
5177.5,0.260999,0.058612
5178.5,0.260080,0.058421
5179.5,0.259174,0.058233
5180.5,0.258284,0.058046
5181.5,0.257408,0.057862
5182.5,0.256547,0.057680
5183.5,0.255702,0.057501
5184.5,0.254874,0.057324
5185.5,0.254062,0.057151
5186.5,0.253267,0.056981
5187.5,0.252490,0.056814
5188.5,0.251731,0.056652
5189.5,0.250991,0.056493
5190.5,0.250268,0.056339
5191.5,0.249565,0.056190
5192.5,0.248881,0.056046
5193.5,0.248217,0.055907
5194.5,0.247572,0.055773
5195.5,0.246946,0.055645
5196.5,0.246341,0.055523
5197.5,0.245756,0.055407
5198.5,0.245191,0.055297
5199.5,0.244646,0.055194
5200.5,0.244121,0.055098
5201.5,0.243617,0.055009
5202.5,0.243132,0.054927
5203.5,0.242668,0.054853
5204.5,0.242224,0.054786
5205.5,0.241799,0.054727
5206.5,0.241394,0.054676
5207.5,0.241008,0.054633
5208.5,0.240641,0.054598
5209.5,0.240293,0.054572
5210.5,0.239964,0.054553
5211.5,0.239652,0.054543
5212.5,0.239359,0.054542
5213.5,0.239082,0.054548
5214.5,0.238823,0.054563
5215.5,0.238579,0.054586
5216.5,0.238352,0.054617
5217.5,0.238140,0.054657
5218.5,0.237943,0.054704
5219.5,0.237759,0.054759
5220.5,0.237589,0.054821
5221.5,0.237432,0.054891
5222.5,0.237287,0.054967
5223.5,0.237153,0.055051
5224.5,0.237030,0.055141
5225.5,0.236917,0.055237
5226.5,0.236813,0.055339
5227.5,0.236717,0.055447
5228.5,0.236629,0.055559
5229.5,0.236548,0.055677
5230.5,0.236473,0.055798
5231.5,0.236402,0.055924
5232.5,0.236336,0.056053
5233.5,0.236273,0.056184
5234.5,0.236212,0.056319
5235.5,0.236153,0.056455
5236.5,0.236095,0.056592
5237.5,0.236037,0.056731
5238.5,0.235978,0.056870
5239.5,0.235916,0.057009
5240.5,0.235852,0.057147
5241.5,0.235784,0.057284
5242.5,0.235712,0.057420
5243.5,0.235634,0.057554
5244.5,0.235550,0.057684
5245.5,0.235459,0.057812
5246.5,0.235360,0.057936
5247.5,0.235253,0.058057
5248.5,0.235136,0.058172
5249.5,0.235009,0.058283
5250.5,0.234871,0.058388
5251.5,0.234721,0.058487
5252.5,0.234559,0.058581
5253.5,0.234384,0.058667
5254.5,0.234196,0.058747
5255.5,0.233993,0.058819
5256.5,0.233776,0.058883
5257.5,0.233543,0.058940
5258.5,0.233294,0.058988
5259.5,0.233029,0.059028
5260.5,0.232748,0.059059
5261.5,0.232449,0.059081
5262.5,0.232133,0.059094
5263.5,0.231799,0.059098
5264.5,0.231447,0.059092
5265.5,0.231077,0.059076
5266.5,0.230688,0.059051
5267.5,0.230280,0.059017
5268.5,0.229853,0.058972
5269.5,0.229408,0.058918
5270.5,0.228943,0.058854
5271.5,0.228460,0.058781
5272.5,0.227957,0.058697
5273.5,0.227436,0.058605
5274.5,0.226896,0.058503
5275.5,0.226337,0.058391
5276.5,0.225760,0.058270
5277.5,0.225165,0.058141
5278.5,0.224552,0.058003
5279.5,0.223922,0.057856
5280.5,0.223274,0.057700
5281.5,0.222609,0.057537
5282.5,0.221928,0.057366
5283.5,0.221232,0.057188
5284.5,0.220520,0.057002
5285.5,0.219793,0.056809
5286.5,0.219051,0.056610
5287.5,0.218297,0.056405
5288.5,0.217529,0.056194
5289.5,0.216749,0.055977
5290.5,0.215957,0.055755
5291.5,0.215154,0.055529
5292.5,0.214342,0.055298
5293.5,0.213520,0.055063
5294.5,0.212689,0.054825
5295.5,0.211851,0.054583
5296.5,0.211006,0.054339
5297.5,0.210155,0.054092
5298.5,0.209298,0.053844
5299.5,0.208438,0.053594
5300.5,0.207574,0.053343
5301.5,0.206708,0.053091
5302.5,0.205841,0.052838
5303.5,0.204973,0.052586
5304.5,0.204106,0.052334
5305.5,0.203240,0.052083
5306.5,0.202376,0.051833
5307.5,0.201517,0.051584
5308.5,0.200661,0.051337
5309.5,0.199811,0.051092
5310.5,0.198968,0.050850
5311.5,0.198132,0.050611
5312.5,0.197304,0.050374
5313.5,0.196486,0.050141
5314.5,0.195678,0.049911
5315.5,0.194881,0.049685
5316.5,0.194097,0.049464
5317.5,0.193326,0.049246
5318.5,0.192569,0.049033
5319.5,0.191828,0.048825
5320.5,0.191102,0.048622
5321.5,0.190394,0.048424
5322.5,0.189703,0.048231
5323.5,0.189030,0.048044
5324.5,0.188378,0.047862
5325.5,0.187746,0.047686
5326.5,0.187135,0.047515
5327.5,0.186546,0.047351
5328.5,0.185980,0.047193
5329.5,0.185437,0.047041
5330.5,0.184919,0.046895
5331.5,0.184425,0.046756
5332.5,0.183957,0.046623
5333.5,0.183516,0.046496
5334.5,0.183101,0.046377
5335.5,0.182714,0.046263
5336.5,0.182355,0.046157
5337.5,0.182025,0.046058
5338.5,0.181724,0.045965
5339.5,0.181453,0.045879
5340.5,0.181211,0.045800
5341.5,0.181001,0.045729
5342.5,0.180821,0.045664
5343.5,0.180673,0.045606
5344.5,0.180556,0.045556
5345.5,0.180472,0.045513
5346.5,0.180420,0.045477
5347.5,0.180400,0.045449
5348.5,0.180414,0.045428
5349.5,0.180460,0.045415
5350.5,0.180539,0.045409
5351.5,0.180652,0.045410
5352.5,0.180798,0.045420
5353.5,0.180978,0.045436
5354.5,0.181192,0.045461
5355.5,0.181439,0.045493
5356.5,0.181719,0.045533
5357.5,0.182033,0.045580
5358.5,0.182380,0.045636
5359.5,0.182761,0.045699
5360.5,0.183175,0.045770
5361.5,0.183622,0.045849
5362.5,0.184102,0.045935
5363.5,0.184615,0.046029
5364.5,0.185160,0.046131
5365.5,0.185737,0.046241
5366.5,0.186345,0.046358
5367.5,0.186985,0.046483
5368.5,0.187657,0.046616
5369.5,0.188359,0.046755
5370.5,0.189091,0.046902
5371.5,0.189854,0.047057
5372.5,0.190645,0.047218
5373.5,0.191466,0.047387
5374.5,0.192315,0.047562
5375.5,0.193192,0.047744
5376.5,0.194097,0.047933
5377.5,0.195028,0.048128
5378.5,0.195986,0.048329
5379.5,0.196969,0.048537
5380.5,0.197977,0.048750
5381.5,0.199009,0.048969
5382.5,0.200065,0.049193
5383.5,0.201145,0.049422
5384.5,0.202246,0.049656
5385.5,0.203369,0.049895
5386.5,0.204513,0.050139
5387.5,0.205678,0.050386
5388.5,0.206861,0.050637
5389.5,0.208063,0.050892
5390.5,0.209284,0.051151
5391.5,0.210521,0.051412
5392.5,0.211775,0.051676
5393.5,0.213044,0.051943
5394.5,0.214328,0.052212
5395.5,0.215626,0.052482
5396.5,0.216937,0.052755
5397.5,0.218261,0.053028
5398.5,0.219596,0.053303
5399.5,0.220942,0.053578
5400.5,0.222298,0.053854
5401.5,0.223663,0.054130
5402.5,0.225036,0.054405
5403.5,0.226417,0.054681
5404.5,0.227805,0.054955
5405.5,0.229199,0.055229
5406.5,0.230597,0.055501
5407.5,0.232001,0.055772
5408.5,0.233408,0.056041
5409.5,0.234817,0.056308
5410.5,0.236229,0.056572
5411.5,0.237642,0.056835
5412.5,0.239057,0.057094
5413.5,0.240471,0.057351
5414.5,0.241884,0.057604
5415.5,0.243296,0.057854
5416.5,0.244706,0.058100
5417.5,0.246113,0.058343
5418.5,0.247517,0.058581
5419.5,0.248917,0.058816
5420.5,0.250312,0.059046
5421.5,0.251703,0.059272
5422.5,0.253087,0.059494
5423.5,0.254466,0.059710
5424.5,0.255837,0.059922
5425.5,0.257202,0.060129
5426.5,0.258558,0.060331
5427.5,0.259907,0.060528
5428.5,0.261247,0.060720
5429.5,0.262578,0.060907
5430.5,0.263900,0.061089
5431.5,0.265212,0.061265
5432.5,0.266514,0.061436
5433.5,0.267805,0.061602
5434.5,0.269086,0.061762
5435.5,0.270356,0.061918
5436.5,0.271614,0.062068
5437.5,0.272861,0.062212
5438.5,0.274096,0.062352
5439.5,0.275320,0.062487
5440.5,0.276531,0.062616
5441.5,0.277730,0.062741
5442.5,0.278918,0.062861
5443.5,0.280092,0.062976
5444.5,0.281254,0.063086
5445.5,0.282403,0.063192
5446.5,0.283540,0.063293
5447.5,0.284664,0.063391
5448.5,0.285776,0.063484
5449.5,0.286874,0.063573
5450.5,0.287960,0.063659
5451.5,0.289034,0.063741
5452.5,0.290094,0.063820
5453.5,0.291143,0.063896
5454.5,0.292178,0.063968
5455.5,0.293202,0.064038
5456.5,0.294213,0.064105
5457.5,0.295211,0.064170
5458.5,0.296198,0.064233
5459.5,0.297173,0.064294
5460.5,0.298135,0.064354
5461.5,0.299086,0.064412
5462.5,0.300026,0.064468
5463.5,0.300954,0.064524
5464.5,0.301871,0.064579
5465.5,0.302776,0.064634
5466.5,0.303671,0.064688
5467.5,0.304554,0.064742
5468.5,0.305427,0.064796
5469.5,0.306290,0.064851
5470.5,0.307141,0.064906
5471.5,0.307983,0.064962
5472.5,0.308815,0.065019
5473.5,0.309636,0.065077
5474.5,0.310448,0.065136
5475.5,0.311250,0.065197
5476.5,0.312042,0.065259
5477.5,0.312825,0.065323
5478.5,0.313598,0.065389
5479.5,0.314362,0.065457
5480.5,0.315117,0.065527
5481.5,0.315863,0.065599
5482.5,0.316600,0.065674
5483.5,0.317328,0.065750
5484.5,0.318047,0.065829
5485.5,0.318757,0.065910
5486.5,0.319458,0.065993
5487.5,0.320151,0.066079
5488.5,0.320835,0.066167
5489.5,0.321510,0.066257
5490.5,0.322176,0.066349
5491.5,0.322834,0.066443
5492.5,0.323483,0.066539
5493.5,0.324124,0.066637
5494.5,0.324755,0.066737
5495.5,0.325378,0.066838
5496.5,0.325992,0.066940
5497.5,0.326597,0.067044
5498.5,0.327193,0.067148
5499.5,0.327780,0.067254
5500.5,0.328358,0.067360
5501.5,0.328927,0.067466
5502.5,0.329486,0.067573
5503.5,0.330036,0.067679
5504.5,0.330577,0.067785
5505.5,0.331108,0.067891
5506.5,0.331629,0.067996
5507.5,0.332140,0.068099
5508.5,0.332642,0.068201
5509.5,0.333133,0.068302
5510.5,0.333614,0.068401
5511.5,0.334085,0.068497
5512.5,0.334546,0.068592
5513.5,0.334996,0.068683
5514.5,0.335435,0.068772
5515.5,0.335864,0.068857
5516.5,0.336281,0.068939
5517.5,0.336688,0.069018
5518.5,0.337084,0.069093
5519.5,0.337468,0.069163
5520.5,0.337841,0.069230
5521.5,0.338202,0.069292
5522.5,0.338552,0.069350
5523.5,0.338890,0.069402
5524.5,0.339217,0.069450
5525.5,0.339532,0.069493
5526.5,0.339835,0.069531
5527.5,0.340126,0.069564
5528.5,0.340404,0.069592
5529.5,0.340671,0.069614
5530.5,0.340926,0.069631
5531.5,0.341169,0.069642
5532.5,0.341399,0.069649
5533.5,0.341617,0.069649
5534.5,0.341823,0.069645
5535.5,0.342017,0.069635
5536.5,0.342198,0.069621
5537.5,0.342367,0.069601
5538.5,0.342524,0.069576
5539.5,0.342669,0.069547
5540.5,0.342802,0.069512
5541.5,0.342922,0.069474
5542.5,0.343031,0.069431
5543.5,0.343127,0.069383
5544.5,0.343212,0.069332
5545.5,0.343285,0.069278
5546.5,0.343345,0.069220
5547.5,0.343394,0.069158
5548.5,0.343432,0.069094
5549.5,0.343457,0.069027
5550.5,0.343472,0.068958
5551.5,0.343475,0.068887
5552.5,0.343466,0.068814
5553.5,0.343447,0.068739
5554.5,0.343416,0.068664
5555.5,0.343374,0.068587
5556.5,0.343321,0.068510
5557.5,0.343258,0.068433
5558.5,0.343184,0.068356
5559.5,0.343100,0.068279
5560.5,0.343005,0.068203
5561.5,0.342899,0.068127
5562.5,0.342784,0.068053
5563.5,0.342658,0.067980
5564.5,0.342523,0.067909
5565.5,0.342378,0.067840
5566.5,0.342222,0.067773
5567.5,0.342058,0.067709
5568.5,0.341883,0.067646
5569.5,0.341700,0.067587
5570.5,0.341507,0.067531
5571.5,0.341304,0.067477
5572.5,0.341093,0.067426
5573.5,0.340872,0.067379
5574.5,0.340643,0.067335
5575.5,0.340405,0.067294
5576.5,0.340158,0.067257
5577.5,0.339902,0.067222
5578.5,0.339638,0.067191
5579.5,0.339365,0.067163
5580.5,0.339083,0.067138
5581.5,0.338794,0.067117
5582.5,0.338496,0.067098
5583.5,0.338189,0.067081
5584.5,0.337875,0.067068
5585.5,0.337553,0.067056
5586.5,0.337222,0.067047
5587.5,0.336884,0.067040
5588.5,0.336537,0.067034
5589.5,0.336183,0.067030
5590.5,0.335821,0.067027
5591.5,0.335451,0.067025
5592.5,0.335074,0.067024
5593.5,0.334689,0.067022
5594.5,0.334297,0.067021
5595.5,0.333898,0.067020
5596.5,0.333491,0.067018
5597.5,0.333077,0.067015
5598.5,0.332655,0.067011
5599.5,0.332227,0.067006
5600.5,0.331792,0.066998
5601.5,0.331350,0.066989
5602.5,0.330901,0.066977
5603.5,0.330446,0.066962
5604.5,0.329984,0.066945
5605.5,0.329516,0.066924
5606.5,0.329042,0.066900
5607.5,0.328562,0.066873
5608.5,0.328076,0.066841
5609.5,0.327584,0.066805
5610.5,0.327087,0.066765
5611.5,0.326584,0.066721
5612.5,0.326077,0.066672
5613.5,0.325564,0.066619
5614.5,0.325046,0.066560
5615.5,0.324525,0.066497
5616.5,0.323998,0.066429
5617.5,0.323468,0.066357
5618.5,0.322934,0.066279
5619.5,0.322397,0.066196
5620.5,0.321856,0.066109
5621.5,0.321312,0.066017
5622.5,0.320766,0.065920
5623.5,0.320217,0.065819
5624.5,0.319665,0.065714
5625.5,0.319113,0.065604
5626.5,0.318558,0.065490
5627.5,0.318003,0.065373
5628.5,0.317446,0.065252
5629.5,0.316889,0.065127
5630.5,0.316331,0.065000
5631.5,0.315774,0.064870
5632.5,0.315217,0.064737
5633.5,0.314661,0.064602
5634.5,0.314106,0.064466
5635.5,0.313552,0.064328
5636.5,0.313000,0.064189
5637.5,0.312449,0.064049
5638.5,0.311902,0.063909
5639.5,0.311357,0.063769
5640.5,0.310815,0.063629
5641.5,0.310276,0.063491
5642.5,0.309741,0.063353
5643.5,0.309210,0.063217
5644.5,0.308683,0.063084
5645.5,0.308161,0.062952
5646.5,0.307643,0.062823
5647.5,0.307131,0.062698
5648.5,0.306624,0.062575
5649.5,0.306122,0.062457
5650.5,0.305626,0.062343
5651.5,0.305136,0.062233
5652.5,0.304652,0.062128
5653.5,0.304175,0.062028
5654.5,0.303704,0.061933
5655.5,0.303240,0.061844
5656.5,0.302783,0.061760
5657.5,0.302332,0.061682
5658.5,0.301889,0.061610
5659.5,0.301453,0.061545
5660.5,0.301024,0.061485
5661.5,0.300603,0.061432
5662.5,0.300188,0.061386
5663.5,0.299782,0.061346
5664.5,0.299382,0.061312
5665.5,0.298990,0.061284
5666.5,0.298604,0.061263
5667.5,0.298226,0.061248
5668.5,0.297856,0.061240
5669.5,0.297492,0.061237
5670.5,0.297135,0.061240
5671.5,0.296784,0.061249
5672.5,0.296441,0.061263
5673.5,0.296103,0.061282
5674.5,0.295772,0.061307
5675.5,0.295447,0.061336
5676.5,0.295127,0.061369
5677.5,0.294813,0.061407
5678.5,0.294505,0.061449
5679.5,0.294201,0.061494
5680.5,0.293902,0.061543
5681.5,0.293607,0.061594
5682.5,0.293316,0.061648
5683.5,0.293029,0.061704
5684.5,0.292746,0.061762
5685.5,0.292465,0.061822
5686.5,0.292187,0.061883
5687.5,0.291912,0.061945
5688.5,0.291638,0.062007
5689.5,0.291366,0.062070
5690.5,0.291095,0.062132
5691.5,0.290825,0.062194
5692.5,0.290556,0.062256
5693.5,0.290286,0.062316
5694.5,0.290016,0.062375
5695.5,0.289746,0.062433
5696.5,0.289474,0.062488
5697.5,0.289201,0.062541
5698.5,0.288926,0.062592
5699.5,0.288649,0.062641
5700.5,0.288370,0.062686
5701.5,0.288087,0.062728
5702.5,0.287802,0.062768
5703.5,0.287512,0.062803
5704.5,0.287219,0.062835
5705.5,0.286922,0.062864
5706.5,0.286620,0.062888
5707.5,0.286313,0.062908
5708.5,0.286002,0.062924
5709.5,0.285685,0.062936
5710.5,0.285362,0.062944
5711.5,0.285034,0.062947
5712.5,0.284700,0.062946
5713.5,0.284360,0.062940
5714.5,0.284014,0.062930
5715.5,0.283662,0.062915
5716.5,0.283303,0.062896
5717.5,0.282938,0.062872
5718.5,0.282566,0.062843
5719.5,0.282187,0.062810
5720.5,0.281802,0.062773
5721.5,0.281411,0.062730
5722.5,0.281012,0.062684
5723.5,0.280608,0.062633
5724.5,0.280197,0.062578
5725.5,0.279780,0.062518
5726.5,0.279357,0.062454
5727.5,0.278928,0.062387
5728.5,0.278493,0.062315
5729.5,0.278053,0.062239
5730.5,0.277608,0.062159
5731.5,0.277158,0.062076
5732.5,0.276703,0.061989
5733.5,0.276244,0.061899
5734.5,0.275781,0.061805
5735.5,0.275314,0.061708
5736.5,0.274844,0.061608
5737.5,0.274372,0.061504
5738.5,0.273898,0.061398
5739.5,0.273421,0.061289
5740.5,0.272944,0.061177
5741.5,0.272466,0.061063
5742.5,0.271987,0.060947
5743.5,0.271509,0.060828
5744.5,0.271032,0.060707
5745.5,0.270557,0.060584
5746.5,0.270084,0.060460
5747.5,0.269614,0.060334
5748.5,0.269147,0.060206
5749.5,0.268685,0.060077
5750.5,0.268227,0.059947
5751.5,0.267775,0.059816
5752.5,0.267329,0.059684
5753.5,0.266891,0.059551
5754.5,0.266460,0.059418
5755.5,0.266037,0.059285
5756.5,0.265624,0.059152
5757.5,0.265220,0.059019
5758.5,0.264828,0.058886
5759.5,0.264447,0.058754
5760.5,0.264078,0.058623
5761.5,0.263722,0.058493
5762.5,0.263380,0.058364
5763.5,0.263052,0.058236
5764.5,0.262740,0.058110
5765.5,0.262443,0.057987
5766.5,0.262163,0.057865
5767.5,0.261901,0.057746
5768.5,0.261657,0.057630
5769.5,0.261432,0.057517
5770.5,0.261226,0.057408
5771.5,0.261041,0.057302
5772.5,0.260876,0.057200
5773.5,0.260733,0.057103
5774.5,0.260613,0.057010
5775.5,0.260515,0.056922
5776.5,0.260440,0.056839
5777.5,0.260389,0.056762
5778.5,0.260363,0.056690
5779.5,0.260362,0.056625
5780.5,0.260386,0.056567
5781.5,0.260437,0.056515
5782.5,0.260514,0.056470
5783.5,0.260617,0.056433
5784.5,0.260748,0.056404
5785.5,0.260906,0.056382
5786.5,0.261092,0.056369
5787.5,0.261306,0.056365
5788.5,0.261548,0.056370
5789.5,0.261819,0.056383
5790.5,0.262119,0.056406
5791.5,0.262447,0.056439
5792.5,0.262805,0.056482
5793.5,0.263191,0.056534
5794.5,0.263607,0.056597
5795.5,0.264051,0.056670
5796.5,0.264524,0.056754
5797.5,0.265026,0.056848
5798.5,0.265557,0.056953
5799.5,0.266116,0.057069
5800.5,0.266703,0.057195
5801.5,0.267318,0.057333
5802.5,0.267961,0.057480
5803.5,0.268631,0.057639
5804.5,0.269328,0.057808
5805.5,0.270051,0.057988
5806.5,0.270800,0.058178
5807.5,0.271575,0.058378
5808.5,0.272374,0.058589
5809.5,0.273198,0.058809
5810.5,0.274045,0.059039
5811.5,0.274915,0.059278
5812.5,0.275807,0.059526
5813.5,0.276721,0.059782
5814.5,0.277655,0.060047
5815.5,0.278609,0.060320
5816.5,0.279582,0.060601
5817.5,0.280573,0.060888
5818.5,0.281580,0.061183
5819.5,0.282604,0.061484
5820.5,0.283643,0.061790
5821.5,0.284696,0.062102
5822.5,0.285762,0.062419
5823.5,0.286839,0.062741
5824.5,0.287928,0.063066
5825.5,0.289026,0.063395
5826.5,0.290132,0.063726
5827.5,0.291245,0.064060
5828.5,0.292365,0.064396
5829.5,0.293489,0.064733
5830.5,0.294617,0.065070
5831.5,0.295747,0.065408
5832.5,0.296879,0.065746
5833.5,0.298010,0.066082
5834.5,0.299139,0.066418
5835.5,0.300266,0.066751
5836.5,0.301388,0.067082
5837.5,0.302505,0.067410
5838.5,0.303616,0.067735
5839.5,0.304718,0.068056
5840.5,0.305811,0.068372
5841.5,0.306894,0.068683
5842.5,0.307964,0.068989
5843.5,0.309022,0.069290
5844.5,0.310065,0.069584
5845.5,0.311092,0.069871
5846.5,0.312103,0.070152
5847.5,0.313095,0.070425
5848.5,0.314068,0.070690
5849.5,0.315020,0.070947
5850.5,0.315951,0.071196
5851.5,0.316859,0.071435
5852.5,0.317743,0.071666
5853.5,0.318602,0.071887
5854.5,0.319435,0.072098
5855.5,0.320241,0.072300
5856.5,0.321019,0.072491
5857.5,0.321768,0.072672
5858.5,0.322487,0.072842
5859.5,0.323175,0.073001
5860.5,0.323831,0.073149
5861.5,0.324456,0.073286
5862.5,0.325046,0.073412
5863.5,0.325603,0.073526
5864.5,0.326126,0.073629
5865.5,0.326613,0.073720
5866.5,0.327064,0.073800
5867.5,0.327479,0.073868
5868.5,0.327858,0.073924
5869.5,0.328198,0.073968
5870.5,0.328502,0.074000
5871.5,0.328767,0.074021
5872.5,0.328994,0.074030
5873.5,0.329183,0.074027
5874.5,0.329332,0.074013
5875.5,0.329443,0.073987
5876.5,0.329515,0.073950
5877.5,0.329548,0.073901
5878.5,0.329542,0.073841
5879.5,0.329497,0.073770
5880.5,0.329413,0.073688
5881.5,0.329290,0.073596
5882.5,0.329129,0.073493
5883.5,0.328930,0.073379
5884.5,0.328693,0.073255
5885.5,0.328418,0.073121
5886.5,0.328106,0.072978
5887.5,0.327758,0.072825
5888.5,0.327373,0.072663
5889.5,0.326953,0.072491
5890.5,0.326497,0.072311
5891.5,0.326007,0.072123
5892.5,0.325483,0.071926
5893.5,0.324926,0.071722
5894.5,0.324337,0.071510
5895.5,0.323716,0.071291
5896.5,0.323065,0.071064
5897.5,0.322383,0.070832
5898.5,0.321672,0.070593
5899.5,0.320934,0.070348
5900.5,0.320168,0.070097
5901.5,0.319376,0.069842
5902.5,0.318559,0.069581
5903.5,0.317718,0.069316
5904.5,0.316853,0.069047
5905.5,0.315967,0.068775
5906.5,0.315060,0.068499
5907.5,0.314132,0.068220
5908.5,0.313187,0.067939
5909.5,0.312223,0.067656
5910.5,0.311244,0.067371
5911.5,0.310249,0.067084
5912.5,0.309240,0.066797
5913.5,0.308218,0.066510
5914.5,0.307184,0.066223
5915.5,0.306140,0.065936
5916.5,0.305087,0.065649
5917.5,0.304026,0.065364
5918.5,0.302958,0.065081
5919.5,0.301884,0.064800
5920.5,0.300805,0.064522
5921.5,0.299723,0.064246
5922.5,0.298639,0.063974
5923.5,0.297554,0.063706
5924.5,0.296470,0.063441
5925.5,0.295386,0.063182
5926.5,0.294305,0.062927
5927.5,0.293227,0.062678
5928.5,0.292154,0.062435
5929.5,0.291086,0.062198
5930.5,0.290025,0.061967
5931.5,0.288972,0.061744
5932.5,0.287928,0.061528
5933.5,0.286893,0.061319
5934.5,0.285868,0.061118
5935.5,0.284856,0.060926
5936.5,0.283855,0.060742
5937.5,0.282868,0.060568
5938.5,0.281895,0.060402
5939.5,0.280937,0.060246
5940.5,0.279995,0.060099
5941.5,0.279069,0.059963
5942.5,0.278160,0.059836
5943.5,0.277269,0.059720
5944.5,0.276396,0.059615
5945.5,0.275543,0.059520
5946.5,0.274709,0.059436
5947.5,0.273895,0.059362
5948.5,0.273102,0.059300
5949.5,0.272330,0.059249
5950.5,0.271580,0.059209
5951.5,0.270852,0.059180
5952.5,0.270146,0.059162
5953.5,0.269463,0.059154
5954.5,0.268802,0.059158
5955.5,0.268165,0.059173
5956.5,0.267551,0.059199
5957.5,0.266961,0.059235
5958.5,0.266395,0.059281
5959.5,0.265853,0.059338
5960.5,0.265334,0.059405
5961.5,0.264840,0.059482
5962.5,0.264370,0.059568
5963.5,0.263923,0.059664
5964.5,0.263501,0.059769
5965.5,0.263103,0.059882
5966.5,0.262729,0.060004
5967.5,0.262378,0.060134
5968.5,0.262051,0.060271
5969.5,0.261748,0.060416
5970.5,0.261468,0.060568
5971.5,0.261211,0.060726
5972.5,0.260976,0.060891
5973.5,0.260764,0.061061
5974.5,0.260574,0.061236
5975.5,0.260406,0.061416
5976.5,0.260259,0.061601
5977.5,0.260134,0.061789
5978.5,0.260029,0.061981
5979.5,0.259945,0.062175
5980.5,0.259881,0.062373
5981.5,0.259836,0.062572
5982.5,0.259810,0.062773
5983.5,0.259804,0.062975
5984.5,0.259815,0.063178
5985.5,0.259844,0.063381
5986.5,0.259890,0.063583
5987.5,0.259953,0.063785
5988.5,0.260032,0.063986
5989.5,0.260127,0.064186
5990.5,0.260237,0.064383
5991.5,0.260361,0.064579
5992.5,0.260500,0.064771
5993.5,0.260653,0.064961
5994.5,0.260818,0.065147
5995.5,0.260996,0.065329
5996.5,0.261187,0.065507
5997.5,0.261388,0.065681
5998.5,0.261601,0.065849
5999.5,0.261824,0.066013
6000.5,0.262056,0.066172
6001.5,0.262299,0.066325
6002.5,0.262550,0.066472
6003.5,0.262809,0.066613
6004.5,0.263076,0.066748
6005.5,0.263350,0.066877
6006.5,0.263631,0.066999
6007.5,0.263918,0.067114
6008.5,0.264211,0.067223
6009.5,0.264509,0.067325
6010.5,0.264811,0.067419
6011.5,0.265118,0.067507
6012.5,0.265429,0.067588
6013.5,0.265742,0.067661
6014.5,0.266059,0.067728
6015.5,0.266378,0.067787
6016.5,0.266698,0.067839
6017.5,0.267020,0.067884
6018.5,0.267343,0.067922
6019.5,0.267666,0.067954
6020.5,0.267990,0.067978
6021.5,0.268313,0.067996
6022.5,0.268635,0.068008
6023.5,0.268956,0.068013
6024.5,0.269276,0.068011
6025.5,0.269593,0.068004
6026.5,0.269908,0.067991
6027.5,0.270221,0.067972
6028.5,0.270530,0.067948
6029.5,0.270835,0.067918
6030.5,0.271137,0.067884
6031.5,0.271434,0.067845
6032.5,0.271727,0.067801
6033.5,0.272014,0.067752
6034.5,0.272296,0.067700
6035.5,0.272573,0.067644
6036.5,0.272843,0.067584
6037.5,0.273107,0.067521
6038.5,0.273364,0.067455
6039.5,0.273614,0.067386
6040.5,0.273856,0.067315
6041.5,0.274091,0.067241
6042.5,0.274317,0.067165
6043.5,0.274535,0.067087
6044.5,0.274744,0.067008
6045.5,0.274945,0.066927
6046.5,0.275135,0.066845
6047.5,0.275316,0.066762
6048.5,0.275487,0.066679
6049.5,0.275648,0.066595
6050.5,0.275798,0.066510
6051.5,0.275936,0.066426
6052.5,0.276064,0.066341
6053.5,0.276179,0.066256
6054.5,0.276283,0.066171
6055.5,0.276374,0.066087
6056.5,0.276453,0.066003
6057.5,0.276519,0.065920
6058.5,0.276572,0.065837
6059.5,0.276611,0.065755
6060.5,0.276637,0.065674
6061.5,0.276648,0.065593
6062.5,0.276645,0.065513
6063.5,0.276627,0.065433
6064.5,0.276594,0.065354
6065.5,0.276546,0.065276
6066.5,0.276483,0.065199
6067.5,0.276403,0.065122
6068.5,0.276308,0.065046
6069.5,0.276196,0.064970
6070.5,0.276067,0.064894
6071.5,0.275922,0.064818
6072.5,0.275759,0.064743
6073.5,0.275579,0.064668
6074.5,0.275381,0.064592
6075.5,0.275166,0.064517
6076.5,0.274932,0.064441
6077.5,0.274680,0.064364
6078.5,0.274409,0.064287
6079.5,0.274120,0.064209
6080.5,0.273812,0.064129
6081.5,0.273484,0.064049
6082.5,0.273138,0.063967
6083.5,0.272772,0.063884
6084.5,0.272386,0.063799
6085.5,0.271981,0.063713
6086.5,0.271556,0.063624
6087.5,0.271111,0.063533
6088.5,0.270646,0.063440
6089.5,0.270162,0.063344
6090.5,0.269656,0.063246
6091.5,0.269131,0.063145
6092.5,0.268586,0.063041
6093.5,0.268021,0.062934
6094.5,0.267435,0.062824
6095.5,0.266829,0.062711
6096.5,0.266203,0.062594
6097.5,0.265557,0.062473
6098.5,0.264891,0.062349
6099.5,0.264205,0.062221
6100.5,0.263499,0.062089
6101.5,0.262774,0.061953
6102.5,0.262029,0.061813
6103.5,0.261265,0.061670
6104.5,0.260482,0.061521
6105.5,0.259680,0.061369
6106.5,0.258859,0.061212
6107.5,0.258020,0.061052
6108.5,0.257162,0.060886
6109.5,0.256287,0.060717
6110.5,0.255394,0.060543
6111.5,0.254484,0.060365
6112.5,0.253557,0.060182
6113.5,0.252614,0.059995
6114.5,0.251654,0.059803
6115.5,0.250679,0.059608
6116.5,0.249689,0.059408
6117.5,0.248684,0.059204
6118.5,0.247664,0.058996
6119.5,0.246631,0.058783
6120.5,0.245584,0.058567
6121.5,0.244524,0.058347
6122.5,0.243452,0.058123
6123.5,0.242369,0.057895
6124.5,0.241274,0.057663
6125.5,0.240168,0.057428
6126.5,0.239053,0.057190
6127.5,0.237928,0.056948
6128.5,0.236794,0.056703
6129.5,0.235652,0.056455
6130.5,0.234503,0.056204
6131.5,0.233347,0.055951
6132.5,0.232185,0.055694
6133.5,0.231017,0.055436
6134.5,0.229845,0.055175
6135.5,0.228668,0.054912
6136.5,0.227488,0.054647
6137.5,0.226306,0.054381
6138.5,0.225121,0.054113
6139.5,0.223935,0.053843
6140.5,0.222749,0.053573
6141.5,0.221563,0.053302
6142.5,0.220378,0.053030
6143.5,0.219195,0.052757
6144.5,0.218015,0.052484
6145.5,0.216837,0.052211
6146.5,0.215664,0.051939
6147.5,0.214495,0.051666
6148.5,0.213332,0.051395
6149.5,0.212175,0.051124
6150.5,0.211024,0.050854
6151.5,0.209882,0.050586
6152.5,0.208748,0.050319
6153.5,0.207622,0.050054
6154.5,0.206507,0.049792
6155.5,0.205402,0.049531
6156.5,0.204308,0.049273
6157.5,0.203226,0.049018
6158.5,0.202156,0.048766
6159.5,0.201100,0.048518
6160.5,0.200057,0.048272
6161.5,0.199029,0.048031
6162.5,0.198016,0.047794
6163.5,0.197018,0.047561
6164.5,0.196037,0.047332
6165.5,0.195072,0.047109
6166.5,0.194125,0.046890
6167.5,0.193195,0.046676
6168.5,0.192284,0.046468
6169.5,0.191392,0.046265
6170.5,0.190519,0.046069
6171.5,0.189666,0.045878
6172.5,0.188833,0.045693
6173.5,0.188021,0.045515
6174.5,0.187230,0.045344
6175.5,0.186460,0.045179
6176.5,0.185713,0.045021
6177.5,0.184987,0.044870
6178.5,0.184284,0.044726
6179.5,0.183604,0.044589
6180.5,0.182947,0.044460
6181.5,0.182314,0.044338
6182.5,0.181703,0.044224
6183.5,0.181117,0.044117
6184.5,0.180555,0.044019
6185.5,0.180017,0.043927
6186.5,0.179503,0.043844
6187.5,0.179014,0.043768
6188.5,0.178549,0.043700
6189.5,0.178108,0.043640
6190.5,0.177693,0.043588
6191.5,0.177302,0.043543
6192.5,0.176936,0.043506
6193.5,0.176595,0.043477
6194.5,0.176279,0.043455
6195.5,0.175987,0.043441
6196.5,0.175720,0.043434
6197.5,0.175477,0.043434
6198.5,0.175259,0.043442
6199.5,0.175065,0.043456
6200.5,0.174896,0.043477
6201.5,0.174751,0.043505
6202.5,0.174629,0.043540
6203.5,0.174532,0.043580
6204.5,0.174458,0.043627
6205.5,0.174407,0.043680
6206.5,0.174379,0.043739
6207.5,0.174375,0.043803
6208.5,0.174393,0.043873
6209.5,0.174433,0.043947
6210.5,0.174496,0.044027
6211.5,0.174580,0.044111
6212.5,0.174686,0.044200
6213.5,0.174813,0.044293
6214.5,0.174961,0.044390
6215.5,0.175129,0.044491
6216.5,0.175318,0.044595
6217.5,0.175526,0.044703
6218.5,0.175754,0.044813
6219.5,0.176002,0.044927
6220.5,0.176268,0.045043
6221.5,0.176552,0.045161
6222.5,0.176855,0.045282
6223.5,0.177176,0.045404
6224.5,0.177514,0.045528
6225.5,0.177868,0.045654
6226.5,0.178240,0.045781
6227.5,0.178628,0.045908
6228.5,0.179031,0.046037
6229.5,0.179450,0.046166
6230.5,0.179885,0.046296
6231.5,0.180334,0.046425
6232.5,0.180797,0.046555
6233.5,0.181275,0.046685
6234.5,0.181766,0.046814
6235.5,0.182270,0.046943
6236.5,0.182788,0.047071
6237.5,0.183318,0.047199
6238.5,0.183860,0.047325
6239.5,0.184414,0.047450
6240.5,0.184980,0.047575
6241.5,0.185557,0.047698
6242.5,0.186145,0.047819
6243.5,0.186744,0.047939
6244.5,0.187353,0.048058
6245.5,0.187973,0.048174
6246.5,0.188602,0.048290
6247.5,0.189240,0.048403
6248.5,0.189888,0.048514
6249.5,0.190545,0.048624
6250.5,0.191211,0.048731
6251.5,0.191885,0.048837
6252.5,0.192567,0.048941
6253.5,0.193258,0.049042
6254.5,0.193956,0.049142
6255.5,0.194662,0.049240
6256.5,0.195376,0.049336
6257.5,0.196096,0.049430
6258.5,0.196824,0.049522
6259.5,0.197559,0.049613
6260.5,0.198301,0.049701
6261.5,0.199049,0.049788
6262.5,0.199803,0.049874
6263.5,0.200564,0.049958
6264.5,0.201332,0.050040
6265.5,0.202105,0.050121
6266.5,0.202884,0.050201
6267.5,0.203670,0.050280
6268.5,0.204461,0.050358
6269.5,0.205257,0.050435
6270.5,0.206060,0.050511
6271.5,0.206868,0.050587
6272.5,0.207681,0.050662
6273.5,0.208500,0.050737
6274.5,0.209324,0.050812
6275.5,0.210154,0.050887
6276.5,0.210989,0.050961
6277.5,0.211829,0.051036
6278.5,0.212674,0.051112
6279.5,0.213524,0.051188
6280.5,0.214380,0.051264
6281.5,0.215240,0.051342
6282.5,0.216106,0.051420
6283.5,0.216976,0.051499
6284.5,0.217852,0.051580
6285.5,0.218732,0.051662
6286.5,0.219618,0.051746
6287.5,0.220508,0.051831
6288.5,0.221403,0.051918
6289.5,0.222303,0.052007
6290.5,0.223207,0.052098
6291.5,0.224117,0.052191
6292.5,0.225031,0.052286
6293.5,0.225950,0.052383
6294.5,0.226873,0.052482
6295.5,0.227801,0.052584
6296.5,0.228733,0.052688
6297.5,0.229670,0.052795
6298.5,0.230611,0.052904
6299.5,0.231557,0.053016
6300.5,0.232507,0.053130
6301.5,0.233461,0.053247
6302.5,0.234419,0.053366
6303.5,0.235381,0.053488
6304.5,0.236348,0.053612
6305.5,0.237318,0.053739
6306.5,0.238291,0.053868
6307.5,0.239269,0.054000
6308.5,0.240250,0.054133
6309.5,0.241234,0.054269
6310.5,0.242222,0.054407
6311.5,0.243213,0.054548
6312.5,0.244207,0.054690
6313.5,0.245204,0.054834
6314.5,0.246203,0.054979
6315.5,0.247205,0.055127
6316.5,0.248209,0.055275
6317.5,0.249216,0.055426
6318.5,0.250225,0.055577
6319.5,0.251235,0.055730
6320.5,0.252247,0.055883
6321.5,0.253261,0.056038
6322.5,0.254275,0.056193
6323.5,0.255291,0.056349
6324.5,0.256307,0.056505
6325.5,0.257325,0.056662
6326.5,0.258342,0.056819
6327.5,0.259359,0.056975
6328.5,0.260377,0.057132
6329.5,0.261393,0.057289
6330.5,0.262410,0.057445
6331.5,0.263425,0.057601
6332.5,0.264439,0.057756
6333.5,0.265451,0.057911
6334.5,0.266462,0.058065
6335.5,0.267470,0.058218
6336.5,0.268476,0.058370
6337.5,0.269480,0.058520
6338.5,0.270480,0.058670
6339.5,0.271478,0.058819
6340.5,0.272471,0.058966
6341.5,0.273461,0.059112
6342.5,0.274447,0.059256
6343.5,0.275427,0.059399
6344.5,0.276404,0.059540
6345.5,0.277374,0.059680
6346.5,0.278340,0.059818
6347.5,0.279299,0.059954
6348.5,0.280253,0.060089
6349.5,0.281199,0.060222
6350.5,0.282139,0.060353
6351.5,0.283072,0.060483
6352.5,0.283997,0.060611
6353.5,0.284915,0.060737
6354.5,0.285824,0.060861
6355.5,0.286724,0.060984
6356.5,0.287616,0.061105
6357.5,0.288499,0.061224
6358.5,0.289372,0.061342
6359.5,0.290235,0.061458
6360.5,0.291087,0.061572
6361.5,0.291930,0.061685
6362.5,0.292761,0.061796
6363.5,0.293581,0.061905
6364.5,0.294390,0.062013
6365.5,0.295187,0.062119
6366.5,0.295971,0.062224
6367.5,0.296743,0.062327
6368.5,0.297502,0.062429
6369.5,0.298248,0.062529
6370.5,0.298981,0.062627
6371.5,0.299700,0.062724
6372.5,0.300404,0.062820
6373.5,0.301095,0.062914
6374.5,0.301771,0.063006
6375.5,0.302432,0.063097
6376.5,0.303077,0.063187
6377.5,0.303707,0.063275
6378.5,0.304322,0.063361
6379.5,0.304921,0.063445
6380.5,0.305503,0.063528
6381.5,0.306069,0.063609
6382.5,0.306618,0.063689
6383.5,0.307150,0.063766
6384.5,0.307665,0.063842
6385.5,0.308163,0.063915
6386.5,0.308643,0.063987
6387.5,0.309106,0.064057
6388.5,0.309550,0.064124
6389.5,0.309976,0.064189
6390.5,0.310385,0.064252
6391.5,0.310774,0.064313
6392.5,0.311145,0.064371
6393.5,0.311497,0.064427
6394.5,0.311831,0.064480
6395.5,0.312145,0.064530
6396.5,0.312440,0.064578
6397.5,0.312717,0.064622
6398.5,0.312974,0.064664
6399.5,0.313211,0.064702
6400.5,0.313429,0.064738
6401.5,0.313628,0.064770
6402.5,0.313807,0.064799
6403.5,0.313967,0.064824
6404.5,0.314108,0.064846
6405.5,0.314228,0.064865
6406.5,0.314330,0.064879
6407.5,0.314412,0.064891
6408.5,0.314474,0.064898
6409.5,0.314517,0.064901
6410.5,0.314541,0.064901
6411.5,0.314546,0.064897
6412.5,0.314531,0.064888
6413.5,0.314497,0.064876
6414.5,0.314445,0.064860
6415.5,0.314374,0.064839
6416.5,0.314284,0.064815
6417.5,0.314175,0.064786
6418.5,0.314049,0.064753
6419.5,0.313904,0.064716
6420.5,0.313741,0.064675
6421.5,0.313560,0.064630
6422.5,0.313362,0.064581
6423.5,0.313147,0.064528
6424.5,0.312915,0.064470
6425.5,0.312665,0.064409
6426.5,0.312399,0.064344
6427.5,0.312117,0.064275
6428.5,0.311819,0.064202
6429.5,0.311506,0.064125
6430.5,0.311176,0.064045
6431.5,0.310832,0.063961
6432.5,0.310473,0.063873
6433.5,0.310100,0.063782
6434.5,0.309712,0.063688
6435.5,0.309311,0.063591
6436.5,0.308896,0.063491
6437.5,0.308468,0.063387
6438.5,0.308028,0.063281
6439.5,0.307575,0.063172
6440.5,0.307110,0.063061
6441.5,0.306634,0.062947
6442.5,0.306147,0.062831
6443.5,0.305649,0.062712
6444.5,0.305140,0.062592
6445.5,0.304622,0.062470
6446.5,0.304094,0.062346
6447.5,0.303557,0.062221
6448.5,0.303011,0.062094
6449.5,0.302457,0.061967
6450.5,0.301895,0.061838
6451.5,0.301325,0.061708
6452.5,0.300749,0.061578
6453.5,0.300165,0.061447
6454.5,0.299576,0.061317
6455.5,0.298980,0.061185
6456.5,0.298379,0.061054
6457.5,0.297773,0.060924
6458.5,0.297162,0.060793
6459.5,0.296547,0.060664
6460.5,0.295928,0.060535
6461.5,0.295305,0.060406
6462.5,0.294679,0.060280
6463.5,0.294050,0.060154
6464.5,0.293419,0.060030
6465.5,0.292786,0.059907
6466.5,0.292150,0.059786
6467.5,0.291514,0.059667
6468.5,0.290876,0.059550
6469.5,0.290237,0.059435
6470.5,0.289598,0.059323
6471.5,0.288959,0.059213
6472.5,0.288320,0.059106
6473.5,0.287681,0.059002
6474.5,0.287042,0.058900
6475.5,0.286405,0.058802
6476.5,0.285768,0.058706
6477.5,0.285133,0.058614
6478.5,0.284500,0.058525
6479.5,0.283868,0.058439
6480.5,0.283238,0.058357
6481.5,0.282610,0.058279
6482.5,0.281985,0.058204
6483.5,0.281362,0.058133
6484.5,0.280741,0.058065
6485.5,0.280124,0.058001
6486.5,0.279509,0.057941
6487.5,0.278897,0.057885
6488.5,0.278289,0.057833
6489.5,0.277683,0.057784
6490.5,0.277081,0.057739
6491.5,0.276483,0.057698
6492.5,0.275887,0.057661
6493.5,0.275296,0.057628
6494.5,0.274707,0.057598
6495.5,0.274123,0.057571
6496.5,0.273542,0.057549
6497.5,0.272964,0.057530
6498.5,0.272390,0.057514
6499.5,0.271820,0.057501
6500.5,0.271254,0.057492
6501.5,0.270691,0.057485
6502.5,0.270132,0.057482
6503.5,0.269577,0.057482
6504.5,0.269025,0.057484
6505.5,0.268476,0.057488
6506.5,0.267932,0.057496
6507.5,0.267390,0.057505
6508.5,0.266853,0.057516
6509.5,0.266318,0.057529
6510.5,0.265787,0.057544
6511.5,0.265260,0.057561
6512.5,0.264736,0.057578
6513.5,0.264215,0.057597
6514.5,0.263698,0.057617
6515.5,0.263184,0.057637
6516.5,0.262673,0.057658
6517.5,0.262166,0.057679
6518.5,0.261661,0.057700
6519.5,0.261160,0.057721
6520.5,0.260663,0.057742
6521.5,0.260168,0.057762
6522.5,0.259677,0.057781
6523.5,0.259189,0.057799
6524.5,0.258704,0.057816
6525.5,0.258223,0.057832
6526.5,0.257746,0.057845
6527.5,0.257271,0.057857
6528.5,0.256801,0.057867
6529.5,0.256334,0.057874
6530.5,0.255870,0.057879
6531.5,0.255411,0.057881
6532.5,0.254956,0.057881
6533.5,0.254505,0.057877
6534.5,0.254058,0.057870
6535.5,0.253615,0.057859
6536.5,0.253177,0.057845
6537.5,0.252744,0.057827
6538.5,0.252316,0.057806
6539.5,0.251894,0.057780
6540.5,0.251477,0.057750
6541.5,0.251065,0.057716
6542.5,0.250660,0.057677
6543.5,0.250261,0.057635
6544.5,0.249868,0.057587
6545.5,0.249483,0.057535
6546.5,0.249104,0.057479
6547.5,0.248733,0.057418
6548.5,0.248371,0.057352
6549.5,0.248016,0.057281
6550.5,0.247670,0.057206
6551.5,0.247333,0.057126
6552.5,0.247006,0.057042
6553.5,0.246688,0.056953
6554.5,0.246381,0.056859
6555.5,0.246085,0.056761
6556.5,0.245800,0.056659
6557.5,0.245526,0.056553
6558.5,0.245265,0.056443
6559.5,0.245016,0.056328
6560.5,0.244780,0.056210
6561.5,0.244558,0.056089
6562.5,0.244350,0.055964
6563.5,0.244156,0.055836
6564.5,0.243978,0.055706
6565.5,0.243815,0.055572
6566.5,0.243668,0.055436
6567.5,0.243538,0.055299
6568.5,0.243425,0.055159
6569.5,0.243329,0.055018
6570.5,0.243251,0.054876
6571.5,0.243193,0.054733
6572.5,0.243153,0.054590
6573.5,0.243133,0.054446
6574.5,0.243133,0.054303
6575.5,0.243153,0.054161
6576.5,0.243194,0.054020
6577.5,0.243257,0.053880
6578.5,0.243342,0.053742
6579.5,0.243449,0.053607
6580.5,0.243579,0.053475
6581.5,0.243731,0.053345
6582.5,0.243908,0.053220
6583.5,0.244108,0.053098
6584.5,0.244333,0.052982
6585.5,0.244582,0.052870
6586.5,0.244856,0.052763
6587.5,0.245155,0.052663
6588.5,0.245479,0.052569
6589.5,0.245830,0.052482
6590.5,0.246206,0.052401
6591.5,0.246608,0.052329
6592.5,0.247036,0.052264
6593.5,0.247491,0.052207
6594.5,0.247972,0.052159
6595.5,0.248480,0.052121
6596.5,0.249014,0.052091
6597.5,0.249575,0.052071
6598.5,0.250163,0.052061
6599.5,0.250777,0.052060
6600.5,0.251418,0.052070
6601.5,0.252085,0.052091
6602.5,0.252778,0.052122
6603.5,0.253498,0.052164
6604.5,0.254243,0.052217
6605.5,0.255014,0.052281
6606.5,0.255811,0.052355
6607.5,0.256632,0.052441
6608.5,0.257479,0.052537
6609.5,0.258349,0.052645
6610.5,0.259244,0.052763
6611.5,0.260162,0.052892
6612.5,0.261103,0.053031
6613.5,0.262067,0.053181
6614.5,0.263053,0.053340
6615.5,0.264060,0.053510
6616.5,0.265089,0.053690
6617.5,0.266137,0.053878
6618.5,0.267205,0.054076
6619.5,0.268292,0.054282
6620.5,0.269397,0.054497
6621.5,0.270519,0.054720
6622.5,0.271658,0.054950
6623.5,0.272813,0.055188
6624.5,0.273983,0.055432
6625.5,0.275166,0.055683
6626.5,0.276364,0.055939
6627.5,0.277573,0.056201
6628.5,0.278794,0.056468
6629.5,0.280025,0.056740
6630.5,0.281266,0.057015
6631.5,0.282516,0.057294
6632.5,0.283773,0.057577
6633.5,0.285036,0.057862
6634.5,0.286305,0.058149
6635.5,0.287578,0.058437
6636.5,0.288855,0.058727
6637.5,0.290134,0.059018
6638.5,0.291414,0.059309
6639.5,0.292694,0.059600
6640.5,0.293973,0.059890
6641.5,0.295250,0.060179
6642.5,0.296524,0.060467
6643.5,0.297794,0.060753
6644.5,0.299058,0.061036
6645.5,0.300316,0.061317
6646.5,0.301567,0.061595
6647.5,0.302808,0.061869
6648.5,0.304040,0.062140
6649.5,0.305261,0.062406
6650.5,0.306469,0.062668
6651.5,0.307665,0.062926
6652.5,0.308847,0.063178
6653.5,0.310014,0.063425
6654.5,0.311164,0.063666
6655.5,0.312298,0.063901
6656.5,0.313413,0.064130
6657.5,0.314508,0.064353
6658.5,0.315584,0.064569
6659.5,0.316639,0.064778
6660.5,0.317671,0.064981
6661.5,0.318681,0.065176
6662.5,0.319667,0.065364
6663.5,0.320628,0.065545
6664.5,0.321564,0.065718
6665.5,0.322473,0.065883
6666.5,0.323355,0.066040
6667.5,0.324209,0.066190
6668.5,0.325035,0.066332
6669.5,0.325831,0.066466
6670.5,0.326598,0.066591
6671.5,0.327333,0.066709
6672.5,0.328038,0.066818
6673.5,0.328711,0.066920
6674.5,0.329351,0.067013
6675.5,0.329959,0.067098
6676.5,0.330533,0.067176
6677.5,0.331073,0.067245
6678.5,0.331579,0.067306
6679.5,0.332051,0.067359
6680.5,0.332487,0.067404
6681.5,0.332889,0.067441
6682.5,0.333254,0.067471
6683.5,0.333584,0.067493
6684.5,0.333878,0.067507
6685.5,0.334136,0.067514
6686.5,0.334358,0.067514
6687.5,0.334543,0.067506
6688.5,0.334691,0.067492
6689.5,0.334803,0.067470
6690.5,0.334879,0.067441
6691.5,0.334917,0.067405
6692.5,0.334920,0.067363
6693.5,0.334886,0.067315
6694.5,0.334815,0.067260
6695.5,0.334709,0.067199
6696.5,0.334567,0.067131
6697.5,0.334388,0.067058
6698.5,0.334175,0.066980
6699.5,0.333926,0.066895
6700.5,0.333642,0.066805
6701.5,0.333323,0.066710
6702.5,0.332970,0.066610
6703.5,0.332583,0.066504
6704.5,0.332163,0.066394
6705.5,0.331710,0.066280
6706.5,0.331224,0.066160
6707.5,0.330705,0.066037
6708.5,0.330155,0.065909
6709.5,0.329574,0.065777
6710.5,0.328962,0.065641
6711.5,0.328321,0.065501
6712.5,0.327649,0.065358
6713.5,0.326949,0.065211
6714.5,0.326220,0.065061
6715.5,0.325464,0.064908
6716.5,0.324681,0.064752
6717.5,0.323871,0.064592
6718.5,0.323035,0.064430
6719.5,0.322175,0.064265
6720.5,0.321290,0.064098
6721.5,0.320381,0.063928
6722.5,0.319450,0.063756
6723.5,0.318496,0.063582
6724.5,0.317521,0.063406
6725.5,0.316525,0.063228
6726.5,0.315509,0.063048
6727.5,0.314474,0.062866
6728.5,0.313420,0.062682
6729.5,0.312349,0.062497
6730.5,0.311261,0.062311
6731.5,0.310156,0.062123
6732.5,0.309036,0.061935
6733.5,0.307902,0.061744
6734.5,0.306754,0.061553
6735.5,0.305592,0.061361
6736.5,0.304418,0.061169
6737.5,0.303233,0.060975
6738.5,0.302037,0.060781
6739.5,0.300831,0.060586
6740.5,0.299615,0.060391
6741.5,0.298392,0.060195
6742.5,0.297160,0.059999
6743.5,0.295921,0.059803
6744.5,0.294676,0.059606
6745.5,0.293426,0.059410
6746.5,0.292171,0.059213
6747.5,0.290912,0.059017
6748.5,0.289650,0.058821
6749.5,0.288384,0.058625
6750.5,0.287117,0.058429
6751.5,0.285849,0.058234
6752.5,0.284580,0.058040
6753.5,0.283311,0.057846
6754.5,0.282043,0.057653
6755.5,0.280776,0.057461
6756.5,0.279512,0.057269
6757.5,0.278249,0.057079
6758.5,0.276991,0.056890
6759.5,0.275735,0.056702
6760.5,0.274485,0.056515
6761.5,0.273239,0.056329
6762.5,0.271999,0.056145
6763.5,0.270765,0.055963
6764.5,0.269537,0.055782
6765.5,0.268317,0.055603
6766.5,0.267104,0.055426
6767.5,0.265900,0.055251
6768.5,0.264704,0.055078
6769.5,0.263516,0.054907
6770.5,0.262339,0.054739
6771.5,0.261171,0.054573
6772.5,0.260014,0.054409
6773.5,0.258867,0.054248
6774.5,0.257731,0.054090
6775.5,0.256607,0.053934
6776.5,0.255495,0.053782
6777.5,0.254394,0.053632
6778.5,0.253307,0.053486
6779.5,0.252231,0.053342
6780.5,0.251169,0.053202
6781.5,0.250120,0.053066
6782.5,0.249085,0.052933
6783.5,0.248064,0.052803
6784.5,0.247056,0.052677
6785.5,0.246063,0.052555
6786.5,0.245084,0.052437
6787.5,0.244120,0.052322
6788.5,0.243171,0.052212
6789.5,0.242236,0.052105
6790.5,0.241317,0.052002
6791.5,0.240413,0.051904
6792.5,0.239524,0.051810
6793.5,0.238651,0.051720
6794.5,0.237793,0.051634
6795.5,0.236950,0.051552
6796.5,0.236124,0.051475
6797.5,0.235313,0.051401
6798.5,0.234518,0.051332
6799.5,0.233738,0.051268
6800.5,0.232974,0.051207
6801.5,0.232227,0.051151
6802.5,0.231495,0.051098
6803.5,0.230778,0.051050
6804.5,0.230078,0.051006
6805.5,0.229393,0.050966
6806.5,0.228723,0.050930
6807.5,0.228070,0.050898
6808.5,0.227432,0.050869
6809.5,0.226809,0.050845
6810.5,0.226202,0.050823
6811.5,0.225610,0.050805
6812.5,0.225033,0.050791
6813.5,0.224472,0.050780
6814.5,0.223925,0.050772
6815.5,0.223393,0.050766
6816.5,0.222877,0.050764
6817.5,0.222374,0.050764
6818.5,0.221887,0.050767
6819.5,0.221414,0.050772
6820.5,0.220955,0.050780
6821.5,0.220510,0.050789
6822.5,0.220080,0.050800
6823.5,0.219663,0.050813
6824.5,0.219260,0.050828
6825.5,0.218870,0.050844
6826.5,0.218495,0.050860
6827.5,0.218132,0.050878
6828.5,0.217783,0.050897
6829.5,0.217446,0.050917
6830.5,0.217123,0.050936
6831.5,0.216812,0.050956
6832.5,0.216515,0.050977
6833.5,0.216229,0.050997
6834.5,0.215956,0.051017
6835.5,0.215695,0.051037
6836.5,0.215447,0.051056
6837.5,0.215210,0.051074
6838.5,0.214985,0.051092
6839.5,0.214772,0.051108
6840.5,0.214571,0.051124
6841.5,0.214381,0.051138
6842.5,0.214203,0.051151
6843.5,0.214036,0.051163
6844.5,0.213880,0.051173
6845.5,0.213735,0.051182
6846.5,0.213602,0.051189
6847.5,0.213479,0.051194
6848.5,0.213367,0.051197
6849.5,0.213267,0.051199
6850.5,0.213176,0.051198
6851.5,0.213097,0.051196
6852.5,0.213028,0.051191
6853.5,0.212970,0.051185
6854.5,0.212922,0.051177
6855.5,0.212885,0.051167
6856.5,0.212858,0.051154
6857.5,0.212842,0.051140
6858.5,0.212836,0.051125
6859.5,0.212840,0.051107
6860.5,0.212855,0.051087
6861.5,0.212881,0.051066
6862.5,0.212916,0.051044
6863.5,0.212962,0.051019
6864.5,0.213018,0.050994
6865.5,0.213085,0.050967
6866.5,0.213162,0.050939
6867.5,0.213249,0.050910
6868.5,0.213347,0.050880
6869.5,0.213456,0.050849
6870.5,0.213574,0.050818
6871.5,0.213703,0.050786
6872.5,0.213843,0.050754
6873.5,0.213993,0.050721
6874.5,0.214154,0.050689
6875.5,0.214326,0.050657
6876.5,0.214508,0.050625
6877.5,0.214701,0.050594
6878.5,0.214904,0.050564
6879.5,0.215119,0.050534
6880.5,0.215344,0.050506
6881.5,0.215580,0.050478
6882.5,0.215827,0.050452
6883.5,0.216085,0.050428
6884.5,0.216354,0.050406
6885.5,0.216633,0.050385
6886.5,0.216924,0.050367
6887.5,0.217226,0.050351
6888.5,0.217539,0.050337
6889.5,0.217864,0.050326
6890.5,0.218199,0.050317
6891.5,0.218546,0.050312
6892.5,0.218903,0.050309
6893.5,0.219272,0.050310
6894.5,0.219653,0.050313
6895.5,0.220044,0.050320
6896.5,0.220447,0.050331
6897.5,0.220861,0.050345
6898.5,0.221287,0.050363
6899.5,0.221723,0.050384
6900.5,0.222171,0.050409
6901.5,0.222630,0.050437
6902.5,0.223100,0.050470
6903.5,0.223581,0.050506
6904.5,0.224074,0.050546
6905.5,0.224577,0.050590
6906.5,0.225092,0.050637
6907.5,0.225617,0.050689
6908.5,0.226154,0.050744
6909.5,0.226701,0.050803
6910.5,0.227259,0.050865
6911.5,0.227827,0.050931
6912.5,0.228407,0.051001
6913.5,0.228997,0.051074
6914.5,0.229597,0.051150
6915.5,0.230207,0.051230
6916.5,0.230828,0.051313
6917.5,0.231459,0.051399
6918.5,0.232100,0.051488
6919.5,0.232750,0.051580
6920.5,0.233411,0.051674
6921.5,0.234081,0.051771
6922.5,0.234760,0.051871
6923.5,0.235448,0.051973
6924.5,0.236146,0.052077
6925.5,0.236852,0.052183
6926.5,0.237568,0.052291
6927.5,0.238291,0.052401
6928.5,0.239024,0.052512
6929.5,0.239764,0.052625
6930.5,0.240513,0.052740
6931.5,0.241269,0.052856
6932.5,0.242033,0.052973
6933.5,0.242804,0.053090
6934.5,0.243582,0.053209
6935.5,0.244367,0.053329
6936.5,0.245159,0.053449
6937.5,0.245958,0.053570
6938.5,0.246763,0.053691
6939.5,0.247574,0.053813
6940.5,0.248390,0.053934
6941.5,0.249212,0.054056
6942.5,0.250040,0.054178
6943.5,0.250872,0.054300
6944.5,0.251710,0.054422
6945.5,0.252552,0.054544
6946.5,0.253398,0.054665
6947.5,0.254248,0.054786
6948.5,0.255102,0.054907
6949.5,0.255959,0.055027
6950.5,0.256820,0.055147
6951.5,0.257684,0.055267
6952.5,0.258550,0.055386
6953.5,0.259419,0.055504
6954.5,0.260290,0.055622
6955.5,0.261162,0.055739
6956.5,0.262037,0.055856
6957.5,0.262912,0.055972
6958.5,0.263789,0.056088
6959.5,0.264666,0.056203
6960.5,0.265544,0.056318
6961.5,0.266421,0.056431
6962.5,0.267299,0.056545
6963.5,0.268176,0.056657
6964.5,0.269053,0.056770
6965.5,0.269928,0.056881
6966.5,0.270802,0.056993
6967.5,0.271675,0.057103
6968.5,0.272545,0.057214
6969.5,0.273414,0.057324
6970.5,0.274280,0.057433
6971.5,0.275143,0.057542
6972.5,0.276003,0.057651
6973.5,0.276859,0.057759
6974.5,0.277712,0.057867
6975.5,0.278561,0.057974
6976.5,0.279406,0.058082
6977.5,0.280246,0.058189
6978.5,0.281081,0.058295
6979.5,0.281911,0.058402
6980.5,0.282736,0.058508
6981.5,0.283555,0.058614
6982.5,0.284368,0.058719
6983.5,0.285174,0.058825
6984.5,0.285974,0.058930
6985.5,0.286767,0.059034
6986.5,0.287553,0.059139
6987.5,0.288331,0.059243
6988.5,0.289101,0.059347
6989.5,0.289863,0.059450
6990.5,0.290617,0.059553
6991.5,0.291362,0.059656
6992.5,0.292098,0.059758
6993.5,0.292825,0.059859
6994.5,0.293542,0.059960
6995.5,0.294249,0.060061
6996.5,0.294946,0.060161
6997.5,0.295633,0.060260
6998.5,0.296309,0.060359
6999.5,0.296974,0.060456
7000.5,0.297628,0.060553
7001.5,0.298270,0.060649
7002.5,0.298901,0.060744
7003.5,0.299519,0.060838
7004.5,0.300125,0.060931
7005.5,0.300718,0.061023
7006.5,0.301299,0.061113
7007.5,0.301866,0.061202
7008.5,0.302420,0.061290
7009.5,0.302960,0.061377
7010.5,0.303487,0.061462
7011.5,0.303999,0.061545
7012.5,0.304497,0.061626
7013.5,0.304980,0.061706
7014.5,0.305449,0.061784
7015.5,0.305902,0.061861
7016.5,0.306340,0.061935
7017.5,0.306763,0.062007
7018.5,0.307170,0.062077
7019.5,0.307561,0.062145
7020.5,0.307936,0.062211
7021.5,0.308294,0.062274
7022.5,0.308636,0.062335
7023.5,0.308962,0.062394
7024.5,0.309270,0.062450
7025.5,0.309562,0.062503
7026.5,0.309836,0.062554
7027.5,0.310094,0.062602
7028.5,0.310333,0.062647
7029.5,0.310556,0.062689
7030.5,0.310760,0.062729
7031.5,0.310947,0.062765
7032.5,0.311116,0.062799
7033.5,0.311267,0.062830
7034.5,0.311400,0.062857
7035.5,0.311515,0.062881
7036.5,0.311612,0.062902
7037.5,0.311690,0.062920
7038.5,0.311750,0.062935
7039.5,0.311792,0.062946
7040.5,0.311815,0.062954
7041.5,0.311820,0.062959
7042.5,0.311807,0.062960
7043.5,0.311776,0.062958
7044.5,0.311726,0.062952
7045.5,0.311658,0.062943
7046.5,0.311571,0.062930
7047.5,0.311467,0.062914
7048.5,0.311344,0.062894
7049.5,0.311203,0.062871
7050.5,0.311044,0.062845
7051.5,0.310868,0.062814
7052.5,0.310674,0.062781
7053.5,0.310462,0.062743
7054.5,0.310233,0.062702
7055.5,0.309986,0.062658
7056.5,0.309722,0.062610
7057.5,0.309442,0.062559
7058.5,0.309144,0.062504
7059.5,0.308830,0.062445
7060.5,0.308500,0.062383
7061.5,0.308153,0.062318
7062.5,0.307790,0.062249
7063.5,0.307412,0.062177
7064.5,0.307018,0.062102
7065.5,0.306609,0.062023
7066.5,0.306185,0.061941
7067.5,0.305747,0.061856
7068.5,0.305294,0.061768
7069.5,0.304827,0.061677
7070.5,0.304346,0.061582
7071.5,0.303852,0.061485
7072.5,0.303345,0.061384
7073.5,0.302825,0.061281
7074.5,0.302292,0.061175
7075.5,0.301748,0.061067
7076.5,0.301192,0.060955
7077.5,0.300624,0.060841
7078.5,0.300046,0.060725
7079.5,0.299457,0.060606
7080.5,0.298857,0.060486
7081.5,0.298248,0.060362
7082.5,0.297629,0.060237
7083.5,0.297002,0.060110
7084.5,0.296365,0.059981
7085.5,0.295721,0.059850
7086.5,0.295069,0.059718
7087.5,0.294409,0.059584
7088.5,0.293742,0.059449
7089.5,0.293069,0.059312
7090.5,0.292389,0.059175
7091.5,0.291704,0.059036
7092.5,0.291014,0.058897
7093.5,0.290318,0.058756
7094.5,0.289619,0.058615
7095.5,0.288915,0.058474
7096.5,0.288207,0.058332
7097.5,0.287497,0.058191
7098.5,0.286783,0.058049
7099.5,0.286068,0.057907
7100.5,0.285350,0.057765
7101.5,0.284630,0.057624
7102.5,0.283910,0.057483
7103.5,0.283189,0.057343
7104.5,0.282467,0.057204
7105.5,0.281746,0.057066
7106.5,0.281025,0.056928
7107.5,0.280305,0.056792
7108.5,0.279586,0.056658
7109.5,0.278869,0.056525
7110.5,0.278153,0.056393
7111.5,0.277440,0.056263
7112.5,0.276729,0.056135
7113.5,0.276022,0.056009
7114.5,0.275318,0.055886
7115.5,0.274617,0.055764
7116.5,0.273921,0.055645
7117.5,0.273228,0.055528
7118.5,0.272541,0.055413
7119.5,0.271858,0.055301
7120.5,0.271180,0.055192
7121.5,0.270508,0.055086
7122.5,0.269841,0.054982
7123.5,0.269181,0.054881
7124.5,0.268526,0.054784
7125.5,0.267878,0.054689
7126.5,0.267237,0.054597
7127.5,0.266602,0.054508
7128.5,0.265975,0.054423
7129.5,0.265355,0.054340
7130.5,0.264742,0.054261
7131.5,0.264137,0.054185
7132.5,0.263540,0.054112
7133.5,0.262950,0.054042
7134.5,0.262369,0.053975
7135.5,0.261796,0.053911
7136.5,0.261231,0.053850
7137.5,0.260675,0.053793
7138.5,0.260127,0.053738
7139.5,0.259588,0.053686
7140.5,0.259058,0.053637
7141.5,0.258536,0.053591
7142.5,0.258023,0.053548
7143.5,0.257520,0.053507
7144.5,0.257025,0.053469
7145.5,0.256539,0.053433
7146.5,0.256062,0.053400
7147.5,0.255594,0.053369
7148.5,0.255136,0.053340
7149.5,0.254686,0.053314
7150.5,0.254246,0.053289
7151.5,0.253814,0.053266
7152.5,0.253392,0.053245
7153.5,0.252978,0.053226
7154.5,0.252574,0.053209
7155.5,0.252178,0.053193
7156.5,0.251791,0.053178
7157.5,0.251413,0.053165
7158.5,0.251044,0.053153
7159.5,0.250684,0.053142
7160.5,0.250332,0.053132
7161.5,0.249989,0.053123
7162.5,0.249654,0.053114
7163.5,0.249327,0.053106
7164.5,0.249009,0.053099
7165.5,0.248699,0.053093
7166.5,0.248397,0.053086
7167.5,0.248103,0.053081
7168.5,0.247817,0.053075
7169.5,0.247539,0.053070
7170.5,0.247269,0.053064
7171.5,0.247006,0.053059
7172.5,0.246750,0.053054
7173.5,0.246502,0.053048
7174.5,0.246261,0.053043
7175.5,0.246027,0.053037
7176.5,0.245799,0.053031
7177.5,0.245579,0.053025
7178.5,0.245366,0.053019
7179.5,0.245159,0.053012
7180.5,0.244958,0.053006
7181.5,0.244764,0.052998
7182.5,0.244576,0.052991
7183.5,0.244394,0.052983
7184.5,0.244218,0.052974
7185.5,0.244048,0.052966
7186.5,0.243884,0.052957
7187.5,0.243725,0.052948
7188.5,0.243572,0.052938
7189.5,0.243424,0.052928
7190.5,0.243281,0.052918
7191.5,0.243143,0.052908
7192.5,0.243010,0.052897
7193.5,0.242882,0.052886
7194.5,0.242759,0.052875
7195.5,0.242641,0.052864
7196.5,0.242526,0.052853
7197.5,0.242417,0.052842
7198.5,0.242311,0.052831
7199.5,0.242210,0.052819
7200.5,0.242113,0.052808
7201.5,0.242019,0.052797
7202.5,0.241930,0.052787
7203.5,0.241844,0.052776
7204.5,0.241762,0.052765
7205.5,0.241684,0.052755
7206.5,0.241609,0.052745
7207.5,0.241537,0.052736
7208.5,0.241469,0.052727
7209.5,0.241403,0.052718
7210.5,0.241341,0.052710
7211.5,0.241282,0.052702
7212.5,0.241226,0.052694
7213.5,0.241172,0.052687
7214.5,0.241122,0.052681
7215.5,0.241074,0.052675
7216.5,0.241028,0.052670
7217.5,0.240986,0.052665
7218.5,0.240945,0.052660
7219.5,0.240907,0.052657
7220.5,0.240871,0.052654
7221.5,0.240838,0.052651
7222.5,0.240806,0.052649
7223.5,0.240777,0.052647
7224.5,0.240750,0.052646
7225.5,0.240724,0.052646
7226.5,0.240701,0.052646
7227.5,0.240679,0.052646
7228.5,0.240659,0.052647
7229.5,0.240641,0.052649
7230.5,0.240624,0.052651
7231.5,0.240609,0.052653
7232.5,0.240596,0.052655
7233.5,0.240584,0.052658
7234.5,0.240573,0.052661
7235.5,0.240563,0.052665
7236.5,0.240555,0.052669
7237.5,0.240548,0.052673
7238.5,0.240542,0.052677
7239.5,0.240537,0.052681
7240.5,0.240534,0.052685
7241.5,0.240531,0.052690
7242.5,0.240529,0.052694
7243.5,0.240528,0.052699
7244.5,0.240527,0.052703
7245.5,0.240528,0.052708
7246.5,0.240529,0.052712
7247.5,0.240530,0.052716
7248.5,0.240532,0.052720
7249.5,0.240535,0.052724
7250.5,0.240538,0.052728
7251.5,0.240541,0.052732
7252.5,0.240544,0.052736
7253.5,0.240548,0.052739
7254.5,0.240552,0.052742
7255.5,0.240555,0.052745
7256.5,0.240559,0.052748
7257.5,0.240563,0.052751
7258.5,0.240566,0.052753
7259.5,0.240570,0.052755
7260.5,0.240572,0.052757
7261.5,0.240575,0.052759
7262.5,0.240577,0.052760
7263.5,0.240578,0.052762
7264.5,0.240579,0.052763
7265.5,0.240579,0.052764
7266.5,0.240578,0.052765
7267.5,0.240576,0.052766
7268.5,0.240574,0.052766
7269.5,0.240570,0.052767
7270.5,0.240565,0.052768
7271.5,0.240559,0.052768
7272.5,0.240551,0.052769
7273.5,0.240542,0.052770
7274.5,0.240531,0.052770
7275.5,0.240519,0.052771
7276.5,0.240505,0.052772
7277.5,0.240489,0.052773
7278.5,0.240471,0.052775
7279.5,0.240451,0.052776
7280.5,0.240429,0.052778
7281.5,0.240405,0.052780
7282.5,0.240378,0.052782
7283.5,0.240349,0.052784
7284.5,0.240317,0.052787
7285.5,0.240283,0.052790
7286.5,0.240245,0.052794
7287.5,0.240205,0.052797
7288.5,0.240162,0.052801
7289.5,0.240116,0.052806
7290.5,0.240066,0.052811
7291.5,0.240013,0.052816
7292.5,0.239957,0.052822
7293.5,0.239897,0.052827
7294.5,0.239833,0.052834
7295.5,0.239765,0.052840
7296.5,0.239694,0.052847
7297.5,0.239618,0.052854
7298.5,0.239538,0.052862
7299.5,0.239454,0.052870
7300.5,0.239366,0.052878
7301.5,0.239273,0.052886
7302.5,0.239176,0.052894
7303.5,0.239074,0.052902
7304.5,0.238967,0.052911
7305.5,0.238855,0.052919
7306.5,0.238738,0.052928
7307.5,0.238616,0.052936
7308.5,0.238489,0.052944
7309.5,0.238357,0.052952
7310.5,0.238219,0.052960
7311.5,0.238076,0.052968
7312.5,0.237927,0.052975
7313.5,0.237773,0.052981
7314.5,0.237613,0.052987
7315.5,0.237447,0.052993
7316.5,0.237276,0.052997
7317.5,0.237098,0.053001
7318.5,0.236915,0.053005
7319.5,0.236726,0.053007
7320.5,0.236530,0.053008
7321.5,0.236329,0.053008
7322.5,0.236121,0.053007
7323.5,0.235908,0.053005
7324.5,0.235688,0.053002
7325.5,0.235462,0.052997
7326.5,0.235229,0.052991
7327.5,0.234991,0.052983
7328.5,0.234746,0.052974
7329.5,0.234495,0.052963
7330.5,0.234238,0.052950
7331.5,0.233975,0.052935
7332.5,0.233706,0.052919
7333.5,0.233430,0.052900
7334.5,0.233149,0.052880
7335.5,0.232861,0.052858
7336.5,0.232568,0.052833
7337.5,0.232269,0.052806
7338.5,0.231963,0.052777
7339.5,0.231653,0.052746
7340.5,0.231336,0.052712
7341.5,0.231015,0.052676
7342.5,0.230687,0.052638
7343.5,0.230355,0.052597
7344.5,0.230017,0.052554
7345.5,0.229674,0.052508
7346.5,0.229327,0.052460
7347.5,0.228975,0.052410
7348.5,0.228618,0.052356
7349.5,0.228257,0.052301
7350.5,0.227891,0.052242
7351.5,0.227522,0.052181
7352.5,0.227149,0.052118
7353.5,0.226772,0.052052
7354.5,0.226392,0.051984
7355.5,0.226009,0.051913
7356.5,0.225622,0.051840
7357.5,0.225233,0.051764
7358.5,0.224842,0.051686
7359.5,0.224449,0.051605
7360.5,0.224053,0.051523
7361.5,0.223656,0.051438
7362.5,0.223258,0.051350
7363.5,0.222858,0.051261
7364.5,0.222458,0.051170
7365.5,0.222057,0.051076
7366.5,0.221656,0.050981
7367.5,0.221255,0.050884
7368.5,0.220855,0.050785
7369.5,0.220455,0.050685
7370.5,0.220056,0.050583
7371.5,0.219659,0.050479
7372.5,0.219264,0.050374
7373.5,0.218871,0.050268
7374.5,0.218480,0.050161
7375.5,0.218092,0.050053
7376.5,0.217707,0.049944
7377.5,0.217326,0.049834
7378.5,0.216948,0.049723
7379.5,0.216575,0.049612
7380.5,0.216206,0.049501
7381.5,0.215843,0.049389
7382.5,0.215484,0.049277
7383.5,0.215132,0.049166
7384.5,0.214785,0.049054
7385.5,0.214445,0.048943
7386.5,0.214111,0.048832
7387.5,0.213785,0.048722
7388.5,0.213467,0.048613
7389.5,0.213156,0.048505
7390.5,0.212853,0.048398
7391.5,0.212559,0.048293
7392.5,0.212274,0.048189
7393.5,0.211999,0.048086
7394.5,0.211733,0.047986
7395.5,0.211477,0.047887
7396.5,0.211232,0.047791
7397.5,0.210997,0.047697
7398.5,0.210773,0.047605
7399.5,0.210561,0.047517
7400.5,0.210360,0.047431
7401.5,0.210171,0.047347
7402.5,0.209995,0.047268
7403.5,0.209831,0.047191
7404.5,0.209680,0.047118
7405.5,0.209542,0.047048
7406.5,0.209418,0.046983
7407.5,0.209308,0.046921
7408.5,0.209211,0.046863
7409.5,0.209129,0.046809
7410.5,0.209061,0.046760
7411.5,0.209008,0.046715
7412.5,0.208970,0.046674
7413.5,0.208948,0.046638
7414.5,0.208941,0.046607
7415.5,0.208949,0.046580
7416.5,0.208973,0.046559
7417.5,0.209013,0.046542
7418.5,0.209070,0.046531
7419.5,0.209142,0.046524
7420.5,0.209232,0.046523
7421.5,0.209337,0.046526
7422.5,0.209460,0.046535
7423.5,0.209600,0.046549
7424.5,0.209756,0.046569
7425.5,0.209930,0.046593
7426.5,0.210121,0.046623
7427.5,0.210329,0.046658
7428.5,0.210554,0.046698
7429.5,0.210797,0.046743
7430.5,0.211057,0.046793
7431.5,0.211335,0.046848
7432.5,0.211631,0.046909
7433.5,0.211944,0.046974
7434.5,0.212274,0.047044
7435.5,0.212622,0.047118
7436.5,0.212987,0.047198
7437.5,0.213371,0.047281
7438.5,0.213771,0.047370
7439.5,0.214189,0.047462
7440.5,0.214625,0.047559
7441.5,0.215077,0.047660
7442.5,0.215547,0.047764
7443.5,0.216035,0.047873
7444.5,0.216539,0.047985
7445.5,0.217061,0.048100
7446.5,0.217599,0.048219
7447.5,0.218154,0.048342
7448.5,0.218726,0.048467
7449.5,0.219315,0.048595
7450.5,0.219920,0.048726
7451.5,0.220541,0.048859
7452.5,0.221179,0.048995
7453.5,0.221833,0.049134
7454.5,0.222502,0.049274
7455.5,0.223188,0.049417
7456.5,0.223889,0.049561
7457.5,0.224605,0.049707
7458.5,0.225337,0.049854
7459.5,0.226083,0.050003
7460.5,0.226845,0.050153
7461.5,0.227621,0.050305
7462.5,0.228412,0.050457
7463.5,0.229217,0.050610
7464.5,0.230036,0.050764
7465.5,0.230869,0.050919
7466.5,0.231716,0.051074
7467.5,0.232576,0.051230
7468.5,0.233450,0.051386
7469.5,0.234336,0.051542
7470.5,0.235235,0.051699
7471.5,0.236147,0.051855
7472.5,0.237072,0.052012
7473.5,0.238008,0.052168
7474.5,0.238956,0.052325
7475.5,0.239917,0.052481
7476.5,0.240888,0.052637
7477.5,0.241871,0.052793
7478.5,0.242865,0.052948
7479.5,0.243869,0.053104
7480.5,0.244884,0.053259
7481.5,0.245909,0.053413
7482.5,0.246945,0.053567
7483.5,0.247990,0.053721
7484.5,0.249044,0.053875
7485.5,0.250108,0.054028
7486.5,0.251181,0.054180
7487.5,0.252263,0.054333
7488.5,0.253353,0.054485
7489.5,0.254452,0.054637
7490.5,0.255558,0.054788
7491.5,0.256673,0.054940
7492.5,0.257795,0.055091
7493.5,0.258924,0.055242
7494.5,0.260060,0.055393
7495.5,0.261203,0.055544
7496.5,0.262352,0.055695
7497.5,0.263508,0.055846
7498.5,0.264669,0.055997
7499.5,0.265836,0.056148
7500.5,0.267009,0.056299
7501.5,0.268187,0.056451
7502.5,0.269369,0.056603
7503.5,0.270556,0.056755
7504.5,0.271747,0.056908
7505.5,0.272943,0.057061
7506.5,0.274142,0.057215
7507.5,0.275345,0.057369
7508.5,0.276550,0.057524
7509.5,0.277759,0.057679
7510.5,0.278970,0.057835
7511.5,0.280183,0.057992
7512.5,0.281398,0.058149
7513.5,0.282615,0.058308
7514.5,0.283833,0.058466
7515.5,0.285052,0.058626
7516.5,0.286272,0.058787
7517.5,0.287493,0.058948
7518.5,0.288713,0.059110
7519.5,0.289933,0.059273
7520.5,0.291152,0.059437
7521.5,0.292371,0.059602
7522.5,0.293588,0.059767
7523.5,0.294803,0.059933
7524.5,0.296017,0.060100
7525.5,0.297228,0.060268
7526.5,0.298436,0.060436
7527.5,0.299642,0.060605
7528.5,0.300844,0.060775
7529.5,0.302042,0.060944
7530.5,0.303236,0.061115
7531.5,0.304425,0.061286
7532.5,0.305610,0.061457
7533.5,0.306789,0.061628
7534.5,0.307963,0.061800
7535.5,0.309130,0.061971
7536.5,0.310291,0.062143
7537.5,0.311446,0.062314
7538.5,0.312592,0.062486
7539.5,0.313732,0.062657
7540.5,0.314863,0.062827
7541.5,0.315986,0.062998
7542.5,0.317100,0.063167
7543.5,0.318204,0.063336
7544.5,0.319299,0.063504
7545.5,0.320384,0.063671
7546.5,0.321459,0.063837
7547.5,0.322522,0.064002
7548.5,0.323574,0.064165
7549.5,0.324615,0.064327
7550.5,0.325643,0.064488
7551.5,0.326659,0.064647
7552.5,0.327661,0.064804
7553.5,0.328651,0.064959
7554.5,0.329626,0.065112
7555.5,0.330587,0.065263
7556.5,0.331534,0.065412
7557.5,0.332466,0.065558
7558.5,0.333382,0.065702
7559.5,0.334282,0.065843
7560.5,0.335167,0.065982
7561.5,0.336034,0.066117
7562.5,0.336885,0.066250
7563.5,0.337718,0.066380
7564.5,0.338534,0.066506
7565.5,0.339331,0.066629
7566.5,0.340110,0.066749
7567.5,0.340870,0.066865
7568.5,0.341610,0.066978
7569.5,0.342332,0.067087
7570.5,0.343033,0.067192
7571.5,0.343714,0.067293
7572.5,0.344374,0.067391
7573.5,0.345014,0.067484
7574.5,0.345632,0.067574
7575.5,0.346229,0.067659
7576.5,0.346805,0.067740
7577.5,0.347358,0.067817
7578.5,0.347889,0.067889
7579.5,0.348397,0.067957
7580.5,0.348882,0.068020
7581.5,0.349345,0.068080
7582.5,0.349784,0.068134
7583.5,0.350199,0.068184
7584.5,0.350591,0.068229
7585.5,0.350959,0.068270
7586.5,0.351303,0.068306
7587.5,0.351623,0.068337
7588.5,0.351918,0.068364
7589.5,0.352189,0.068386
7590.5,0.352435,0.068403
7591.5,0.352657,0.068415
7592.5,0.352854,0.068423
7593.5,0.353025,0.068425
7594.5,0.353172,0.068423
7595.5,0.353293,0.068417
7596.5,0.353390,0.068405
7597.5,0.353461,0.068389
7598.5,0.353508,0.068367
7599.5,0.353529,0.068342
7600.5,0.353525,0.068311
7601.5,0.353496,0.068276
7602.5,0.353442,0.068236
7603.5,0.353363,0.068191
7604.5,0.353259,0.068142
7605.5,0.353130,0.068088
7606.5,0.352976,0.068030
7607.5,0.352798,0.067967
7608.5,0.352596,0.067900
7609.5,0.352369,0.067828
7610.5,0.352118,0.067752
7611.5,0.351843,0.067672
7612.5,0.351544,0.067587
7613.5,0.351221,0.067498
7614.5,0.350876,0.067405
7615.5,0.350507,0.067308
7616.5,0.350115,0.067207
7617.5,0.349700,0.067101
7618.5,0.349264,0.066992
7619.5,0.348805,0.066879
7620.5,0.348324,0.066763
7621.5,0.347821,0.066642
7622.5,0.347298,0.066518
7623.5,0.346753,0.066391
7624.5,0.346188,0.066260
7625.5,0.345603,0.066126
7626.5,0.344998,0.065988
7627.5,0.344373,0.065847
7628.5,0.343729,0.065703
7629.5,0.343067,0.065557
7630.5,0.342386,0.065407
7631.5,0.341687,0.065254
7632.5,0.340970,0.065099
7633.5,0.340236,0.064942
7634.5,0.339486,0.064781
7635.5,0.338719,0.064619
7636.5,0.337936,0.064454
7637.5,0.337138,0.064287
7638.5,0.336324,0.064118
7639.5,0.335496,0.063947
7640.5,0.334654,0.063775
7641.5,0.333798,0.063601
7642.5,0.332928,0.063425
7643.5,0.332046,0.063248
7644.5,0.331151,0.063070
7645.5,0.330245,0.062891
7646.5,0.329326,0.062710
7647.5,0.328397,0.062529
7648.5,0.327457,0.062347
7649.5,0.326507,0.062165
7650.5,0.325547,0.061982
7651.5,0.324578,0.061799
7652.5,0.323601,0.061616
7653.5,0.322614,0.061433
7654.5,0.321620,0.061250
7655.5,0.320618,0.061067
7656.5,0.319610,0.060885
7657.5,0.318594,0.060703
7658.5,0.317572,0.060522
7659.5,0.316545,0.060342
7660.5,0.315512,0.060162
7661.5,0.314474,0.059984
7662.5,0.313432,0.059807
7663.5,0.312386,0.059632
7664.5,0.311336,0.059458
7665.5,0.310282,0.059286
7666.5,0.309226,0.059115
7667.5,0.308167,0.058946
7668.5,0.307105,0.058780
7669.5,0.306042,0.058615
7670.5,0.304978,0.058452
7671.5,0.303912,0.058292
7672.5,0.302845,0.058134
7673.5,0.301778,0.057979
7674.5,0.300711,0.057826
7675.5,0.299644,0.057675
7676.5,0.298578,0.057527
7677.5,0.297512,0.057382
7678.5,0.296448,0.057240
7679.5,0.295385,0.057100
7680.5,0.294324,0.056963
7681.5,0.293265,0.056829
7682.5,0.292208,0.056698
7683.5,0.291153,0.056570
7684.5,0.290102,0.056445
7685.5,0.289053,0.056322
7686.5,0.288008,0.056202
7687.5,0.286967,0.056085
7688.5,0.285929,0.055971
7689.5,0.284895,0.055860
7690.5,0.283865,0.055751
7691.5,0.282840,0.055645
7692.5,0.281820,0.055541
7693.5,0.280804,0.055440
7694.5,0.279794,0.055341
7695.5,0.278788,0.055245
7696.5,0.277789,0.055151
7697.5,0.276795,0.055059
7698.5,0.275806,0.054969
7699.5,0.274824,0.054880
7700.5,0.273848,0.054794
7701.5,0.272879,0.054709
7702.5,0.271915,0.054626
7703.5,0.270959,0.054545
7704.5,0.270010,0.054464
7705.5,0.269067,0.054385
7706.5,0.268132,0.054307
7707.5,0.267204,0.054229
7708.5,0.266284,0.054153
7709.5,0.265371,0.054077
7710.5,0.264466,0.054001
7711.5,0.263570,0.053926
7712.5,0.262681,0.053851
7713.5,0.261801,0.053776
7714.5,0.260929,0.053701
7715.5,0.260066,0.053626
7716.5,0.259211,0.053550
7717.5,0.258366,0.053474
7718.5,0.257530,0.053397
7719.5,0.256703,0.053320
7720.5,0.255885,0.053241
7721.5,0.255077,0.053162
7722.5,0.254279,0.053082
7723.5,0.253491,0.053000
7724.5,0.252713,0.052918
7725.5,0.251946,0.052834
7726.5,0.251188,0.052749
7727.5,0.250442,0.052662
7728.5,0.249707,0.052574
7729.5,0.248982,0.052484
7730.5,0.248269,0.052393
7731.5,0.247567,0.052300
7732.5,0.246877,0.052205
7733.5,0.246198,0.052109
7734.5,0.245532,0.052011
7735.5,0.244878,0.051912
7736.5,0.244236,0.051810
7737.5,0.243607,0.051708
7738.5,0.242991,0.051604
7739.5,0.242388,0.051498
7740.5,0.241798,0.051391
7741.5,0.241222,0.051283
7742.5,0.240659,0.051173
7743.5,0.240110,0.051062
7744.5,0.239576,0.050950
7745.5,0.239055,0.050837
7746.5,0.238549,0.050724
7747.5,0.238058,0.050609
7748.5,0.237582,0.050494
7749.5,0.237121,0.050379
7750.5,0.236676,0.050263
7751.5,0.236246,0.050148
7752.5,0.235831,0.050032
7753.5,0.235433,0.049917
7754.5,0.235051,0.049802
7755.5,0.234685,0.049688
7756.5,0.234336,0.049575
7757.5,0.234004,0.049463
7758.5,0.233688,0.049353
7759.5,0.233390,0.049243
7760.5,0.233109,0.049136
7761.5,0.232845,0.049031
7762.5,0.232599,0.048928
7763.5,0.232370,0.048827
7764.5,0.232160,0.048730
7765.5,0.231967,0.048635
7766.5,0.231793,0.048544
7767.5,0.231636,0.048456
7768.5,0.231498,0.048371
7769.5,0.231379,0.048291
7770.5,0.231278,0.048215
7771.5,0.231195,0.048143
7772.5,0.231131,0.048076
7773.5,0.231085,0.048014
7774.5,0.231059,0.047957
7775.5,0.231050,0.047906
7776.5,0.231061,0.047859
7777.5,0.231090,0.047819
7778.5,0.231138,0.047784
7779.5,0.231204,0.047756
7780.5,0.231289,0.047734
7781.5,0.231392,0.047718
7782.5,0.231514,0.047709
7783.5,0.231654,0.047706
7784.5,0.231812,0.047710
7785.5,0.231988,0.047721
7786.5,0.232182,0.047740
7787.5,0.232393,0.047765
7788.5,0.232622,0.047797
7789.5,0.232868,0.047836
7790.5,0.233131,0.047883
7791.5,0.233411,0.047936
7792.5,0.233707,0.047997
7793.5,0.234020,0.048065
7794.5,0.234349,0.048140
7795.5,0.234693,0.048222
7796.5,0.235052,0.048311
7797.5,0.235427,0.048407
7798.5,0.235815,0.048510
7799.5,0.236219,0.048620
7800.5,0.236635,0.048736
7801.5,0.237066,0.048858
7802.5,0.237509,0.048987
7803.5,0.237964,0.049122
7804.5,0.238432,0.049263
7805.5,0.238911,0.049409
7806.5,0.239401,0.049561
7807.5,0.239902,0.049718
7808.5,0.240413,0.049880
7809.5,0.240933,0.050047
7810.5,0.241462,0.050219
7811.5,0.241999,0.050395
7812.5,0.242544,0.050575
7813.5,0.243096,0.050758
7814.5,0.243654,0.050946
7815.5,0.244219,0.051136
7816.5,0.244789,0.051330
7817.5,0.245363,0.051526
7818.5,0.245942,0.051724
7819.5,0.246523,0.051924
7820.5,0.247108,0.052127
7821.5,0.247695,0.052330
7822.5,0.248282,0.052535
7823.5,0.248871,0.052741
7824.5,0.249459,0.052947
7825.5,0.250047,0.053153
7826.5,0.250634,0.053360
7827.5,0.251218,0.053566
7828.5,0.251800,0.053771
7829.5,0.252378,0.053976
7830.5,0.252952,0.054179
7831.5,0.253521,0.054381
7832.5,0.254085,0.054581
7833.5,0.254642,0.054779
7834.5,0.255193,0.054975
7835.5,0.255736,0.055168
7836.5,0.256270,0.055358
7837.5,0.256796,0.055545
7838.5,0.257312,0.055729
7839.5,0.257818,0.055909
7840.5,0.258313,0.056085
7841.5,0.258797,0.056258
7842.5,0.259268,0.056426
7843.5,0.259726,0.056589
7844.5,0.260172,0.056748
7845.5,0.260603,0.056902
7846.5,0.261020,0.057050
7847.5,0.261421,0.057194
7848.5,0.261807,0.057332
7849.5,0.262177,0.057464
7850.5,0.262530,0.057591
7851.5,0.262866,0.057711
7852.5,0.263184,0.057826
7853.5,0.263484,0.057934
7854.5,0.263765,0.058036
7855.5,0.264028,0.058131
7856.5,0.264271,0.058220
7857.5,0.264494,0.058302
7858.5,0.264696,0.058378
7859.5,0.264879,0.058446
7860.5,0.265040,0.058508
7861.5,0.265180,0.058563
7862.5,0.265298,0.058610
7863.5,0.265395,0.058651
7864.5,0.265470,0.058684
7865.5,0.265522,0.058711
7866.5,0.265552,0.058730
7867.5,0.265559,0.058742
7868.5,0.265543,0.058747
7869.5,0.265505,0.058744
7870.5,0.265443,0.058735
7871.5,0.265358,0.058718
7872.5,0.265250,0.058694
7873.5,0.265119,0.058663
7874.5,0.264964,0.058626
7875.5,0.264786,0.058581
7876.5,0.264585,0.058529
7877.5,0.264360,0.058471
7878.5,0.264113,0.058406
7879.5,0.263842,0.058334
7880.5,0.263548,0.058256
7881.5,0.263232,0.058171
7882.5,0.262893,0.058080
7883.5,0.262531,0.057983
7884.5,0.262147,0.057879
7885.5,0.261741,0.057770
7886.5,0.261313,0.057655
7887.5,0.260863,0.057534
7888.5,0.260392,0.057408
7889.5,0.259900,0.057277
7890.5,0.259387,0.057140
7891.5,0.258854,0.056998
7892.5,0.258301,0.056851
7893.5,0.257728,0.056700
7894.5,0.257136,0.056544
7895.5,0.256525,0.056384
7896.5,0.255895,0.056219
7897.5,0.255248,0.056051
7898.5,0.254582,0.055879
7899.5,0.253900,0.055703
7900.5,0.253200,0.055524
7901.5,0.252485,0.055342
7902.5,0.251753,0.055157
7903.5,0.251007,0.054969
7904.5,0.250245,0.054779
7905.5,0.249469,0.054586
7906.5,0.248680,0.054391
7907.5,0.247877,0.054194
7908.5,0.247061,0.053995
7909.5,0.246234,0.053794
7910.5,0.245394,0.053593
7911.5,0.244544,0.053390
7912.5,0.243683,0.053186
7913.5,0.242813,0.052981
7914.5,0.241933,0.052776
7915.5,0.241044,0.052571
7916.5,0.240147,0.052365
7917.5,0.239242,0.052159
7918.5,0.238331,0.051954
7919.5,0.237413,0.051749
7920.5,0.236489,0.051544
7921.5,0.235559,0.051340
7922.5,0.234625,0.051137
7923.5,0.233687,0.050935
7924.5,0.232745,0.050734
7925.5,0.231800,0.050534
7926.5,0.230853,0.050336
7927.5,0.229904,0.050139
7928.5,0.228953,0.049944
7929.5,0.228002,0.049751
7930.5,0.227050,0.049560
7931.5,0.226099,0.049371
7932.5,0.225148,0.049185
7933.5,0.224199,0.049000
7934.5,0.223252,0.048818
7935.5,0.222307,0.048639
7936.5,0.221365,0.048462
7937.5,0.220426,0.048287
7938.5,0.219491,0.048115
7939.5,0.218561,0.047947
7940.5,0.217635,0.047780
7941.5,0.216714,0.047617
7942.5,0.215800,0.047457
7943.5,0.214891,0.047300
7944.5,0.213989,0.047145
7945.5,0.213094,0.046994
7946.5,0.212206,0.046846
7947.5,0.211326,0.046700
7948.5,0.210455,0.046558
7949.5,0.209592,0.046419
7950.5,0.208738,0.046283
7951.5,0.207893,0.046150
7952.5,0.207058,0.046020
7953.5,0.206233,0.045893
7954.5,0.205418,0.045770
7955.5,0.204614,0.045649
7956.5,0.203820,0.045531
7957.5,0.203038,0.045417
7958.5,0.202267,0.045305
7959.5,0.201508,0.045196
7960.5,0.200761,0.045090
7961.5,0.200027,0.044987
7962.5,0.199304,0.044887
7963.5,0.198594,0.044790
7964.5,0.197898,0.044695
7965.5,0.197214,0.044604
7966.5,0.196543,0.044515
7967.5,0.195886,0.044429
7968.5,0.195242,0.044345
7969.5,0.194612,0.044264
7970.5,0.193996,0.044186
7971.5,0.193394,0.044110
7972.5,0.192806,0.044037
7973.5,0.192232,0.043966
7974.5,0.191673,0.043898
7975.5,0.191127,0.043832
7976.5,0.190597,0.043769
7977.5,0.190080,0.043708
7978.5,0.189579,0.043650
7979.5,0.189092,0.043594
7980.5,0.188619,0.043540
7981.5,0.188161,0.043489
7982.5,0.187718,0.043440
7983.5,0.187290,0.043393
7984.5,0.186876,0.043349
7985.5,0.186477,0.043307
7986.5,0.186092,0.043267
7987.5,0.185722,0.043230
7988.5,0.185367,0.043194
7989.5,0.185026,0.043162
7990.5,0.184700,0.043131
7991.5,0.184388,0.043103
7992.5,0.184090,0.043076
7993.5,0.183807,0.043053
7994.5,0.183537,0.043031
7995.5,0.183282,0.043012
7996.5,0.183041,0.042995
7997.5,0.182813,0.042980
7998.5,0.182600,0.042968
7999.5,0.182400,0.042957
8000.5,0.182213,0.042949
8001.5,0.182040,0.042944
8002.5,0.181880,0.042940
8003.5,0.181733,0.042939
8004.5,0.181599,0.042941
8005.5,0.181477,0.042944
8006.5,0.181368,0.042950
8007.5,0.181272,0.042958
8008.5,0.181188,0.042968
8009.5,0.181116,0.042981
8010.5,0.181055,0.042996
8011.5,0.181007,0.043013
8012.5,0.180970,0.043032
8013.5,0.180944,0.043053
8014.5,0.180929,0.043077
8015.5,0.180925,0.043103
8016.5,0.180931,0.043131
8017.5,0.180949,0.043161
8018.5,0.180976,0.043193
8019.5,0.181013,0.043227
8020.5,0.181060,0.043263
8021.5,0.181117,0.043302
8022.5,0.181182,0.043342
8023.5,0.181257,0.043384
8024.5,0.181341,0.043428
8025.5,0.181433,0.043474
8026.5,0.181533,0.043521
8027.5,0.181642,0.043571
8028.5,0.181758,0.043622
8029.5,0.181882,0.043674
8030.5,0.182013,0.043728
8031.5,0.182151,0.043784
8032.5,0.182296,0.043841
8033.5,0.182448,0.043900
8034.5,0.182605,0.043959
8035.5,0.182769,0.044020
8036.5,0.182939,0.044083
8037.5,0.183113,0.044146
8038.5,0.183293,0.044210
8039.5,0.183478,0.044275
8040.5,0.183668,0.044342
8041.5,0.183862,0.044409
8042.5,0.184060,0.044476
8043.5,0.184262,0.044544
8044.5,0.184468,0.044613
8045.5,0.184677,0.044683
8046.5,0.184889,0.044752
8047.5,0.185104,0.044822
8048.5,0.185321,0.044893
8049.5,0.185540,0.044963
8050.5,0.185762,0.045034
8051.5,0.185985,0.045104
8052.5,0.186210,0.045175
8053.5,0.186435,0.045245
8054.5,0.186662,0.045315
8055.5,0.186890,0.045385
8056.5,0.187118,0.045454
8057.5,0.187346,0.045523
8058.5,0.187574,0.045592
8059.5,0.187801,0.045660
8060.5,0.188029,0.045727
8061.5,0.188255,0.045793
8062.5,0.188480,0.045859
8063.5,0.188704,0.045924
8064.5,0.188927,0.045988
8065.5,0.189147,0.046051
8066.5,0.189366,0.046113
8067.5,0.189583,0.046173
8068.5,0.189797,0.046233
8069.5,0.190008,0.046291
8070.5,0.190217,0.046348
8071.5,0.190422,0.046404
8072.5,0.190625,0.046459
8073.5,0.190824,0.046512
8074.5,0.191019,0.046563
8075.5,0.191210,0.046613
8076.5,0.191398,0.046662
8077.5,0.191581,0.046709
8078.5,0.191760,0.046754
8079.5,0.191934,0.046798
8080.5,0.192103,0.046840
8081.5,0.192268,0.046881
8082.5,0.192427,0.046920
8083.5,0.192582,0.046957
8084.5,0.192731,0.046992
8085.5,0.192874,0.047026
8086.5,0.193012,0.047057
8087.5,0.193145,0.047087
8088.5,0.193271,0.047116
8089.5,0.193391,0.047142
8090.5,0.193505,0.047167
8091.5,0.193613,0.047189
8092.5,0.193715,0.047210
8093.5,0.193810,0.047229
8094.5,0.193899,0.047247
8095.5,0.193981,0.047262
8096.5,0.194057,0.047276
8097.5,0.194126,0.047288
8098.5,0.194188,0.047298
8099.5,0.194243,0.047306
8100.5,0.194291,0.047312
8101.5,0.194333,0.047317
8102.5,0.194367,0.047320
8103.5,0.194394,0.047321
8104.5,0.194414,0.047320
8105.5,0.194427,0.047318
8106.5,0.194433,0.047314
8107.5,0.194432,0.047308
8108.5,0.194424,0.047301
8109.5,0.194408,0.047292
8110.5,0.194386,0.047281
8111.5,0.194356,0.047269
8112.5,0.194319,0.047255
8113.5,0.194275,0.047240
8114.5,0.194224,0.047223
8115.5,0.194166,0.047205
8116.5,0.194101,0.047185
8117.5,0.194029,0.047163
8118.5,0.193950,0.047141
8119.5,0.193865,0.047116
8120.5,0.193772,0.047091
8121.5,0.193673,0.047064
8122.5,0.193568,0.047036
8123.5,0.193455,0.047006
8124.5,0.193337,0.046975
8125.5,0.193211,0.046943
8126.5,0.193080,0.046910
8127.5,0.192942,0.046876
8128.5,0.192799,0.046840
8129.5,0.192649,0.046803
8130.5,0.192494,0.046766
8131.5,0.192332,0.046727
8132.5,0.192166,0.046687
8133.5,0.191993,0.046646
8134.5,0.191816,0.046604
8135.5,0.191633,0.046561
8136.5,0.191445,0.046517
8137.5,0.191252,0.046473
8138.5,0.191055,0.046427
8139.5,0.190853,0.046381
8140.5,0.190646,0.046333
8141.5,0.190435,0.046285
8142.5,0.190220,0.046236
8143.5,0.190002,0.046186
8144.5,0.189779,0.046136
8145.5,0.189553,0.046085
8146.5,0.189324,0.046033
8147.5,0.189091,0.045980
8148.5,0.188856,0.045927
8149.5,0.188618,0.045873
8150.5,0.188377,0.045819
8151.5,0.188134,0.045763
8152.5,0.187888,0.045708
8153.5,0.187641,0.045651
8154.5,0.187393,0.045595
8155.5,0.187142,0.045537
8156.5,0.186891,0.045479
8157.5,0.186638,0.045421
8158.5,0.186385,0.045362
8159.5,0.186131,0.045303
8160.5,0.185877,0.045243
8161.5,0.185623,0.045183
8162.5,0.185369,0.045122
8163.5,0.185116,0.045061
8164.5,0.184863,0.045000
8165.5,0.184611,0.044938
8166.5,0.184361,0.044876
8167.5,0.184112,0.044813
8168.5,0.183865,0.044750
8169.5,0.183620,0.044687
8170.5,0.183377,0.044624
8171.5,0.183136,0.044560
8172.5,0.182899,0.044496
8173.5,0.182664,0.044432
8174.5,0.182433,0.044368
8175.5,0.182206,0.044303
8176.5,0.181982,0.044239
8177.5,0.181763,0.044174
8178.5,0.181549,0.044109
8179.5,0.181339,0.044044
8180.5,0.181134,0.043980
8181.5,0.180934,0.043915
8182.5,0.180741,0.043850
8183.5,0.180553,0.043785
8184.5,0.180371,0.043720
8185.5,0.180196,0.043655
8186.5,0.180027,0.043591
8187.5,0.179866,0.043527
8188.5,0.179712,0.043462
8189.5,0.179566,0.043399
8190.5,0.179427,0.043335
8191.5,0.179297,0.043272
8192.5,0.179175,0.043210
8193.5,0.179062,0.043147
8194.5,0.178958,0.043086
8195.5,0.178864,0.043025
8196.5,0.178779,0.042964
8197.5,0.178703,0.042905
8198.5,0.178638,0.042846
8199.5,0.178584,0.042788
8200.5,0.178540,0.042731
8201.5,0.178507,0.042675
8202.5,0.178485,0.042620
8203.5,0.178474,0.042566
8204.5,0.178476,0.042513
8205.5,0.178489,0.042462
8206.5,0.178514,0.042412
8207.5,0.178552,0.042363
8208.5,0.178602,0.042316
8209.5,0.178665,0.042271
8210.5,0.178742,0.042228
8211.5,0.178831,0.042186
8212.5,0.178934,0.042146
8213.5,0.179051,0.042108
8214.5,0.179182,0.042072
8215.5,0.179326,0.042039
8216.5,0.179485,0.042008
8217.5,0.179659,0.041979
8218.5,0.179847,0.041953
8219.5,0.180049,0.041929
8220.5,0.180267,0.041908
8221.5,0.180500,0.041890
8222.5,0.180748,0.041875
8223.5,0.181011,0.041863
8224.5,0.181289,0.041853
8225.5,0.181583,0.041848
8226.5,0.181893,0.041845
8227.5,0.182218,0.041846
8228.5,0.182560,0.041851
8229.5,0.182916,0.041859
8230.5,0.183289,0.041871
8231.5,0.183678,0.041886
8232.5,0.184083,0.041906
8233.5,0.184504,0.041929
8234.5,0.184940,0.041957
8235.5,0.185393,0.041988
8236.5,0.185862,0.042024
8237.5,0.186346,0.042064
8238.5,0.186847,0.042109
8239.5,0.187363,0.042158
8240.5,0.187895,0.042211
8241.5,0.188443,0.042269
8242.5,0.189007,0.042332
8243.5,0.189586,0.042399
8244.5,0.190180,0.042470
8245.5,0.190790,0.042547
8246.5,0.191415,0.042628
8247.5,0.192055,0.042714
8248.5,0.192710,0.042804
8249.5,0.193380,0.042899
8250.5,0.194064,0.042999
8251.5,0.194762,0.043104
8252.5,0.195475,0.043213
8253.5,0.196201,0.043327
8254.5,0.196941,0.043446
8255.5,0.197695,0.043569
8256.5,0.198461,0.043696
8257.5,0.199240,0.043829
8258.5,0.200032,0.043965
8259.5,0.200837,0.044106
8260.5,0.201653,0.044251
8261.5,0.202480,0.044401
8262.5,0.203320,0.044554
8263.5,0.204170,0.044711
8264.5,0.205030,0.044873
8265.5,0.205901,0.045038
8266.5,0.206782,0.045207
8267.5,0.207672,0.045379
8268.5,0.208572,0.045555
8269.5,0.209480,0.045734
8270.5,0.210396,0.045916
8271.5,0.211320,0.046101
8272.5,0.212252,0.046289
8273.5,0.213190,0.046480
8274.5,0.214135,0.046673
8275.5,0.215087,0.046869
8276.5,0.216044,0.047066
8277.5,0.217006,0.047266
8278.5,0.217972,0.047468
8279.5,0.218943,0.047671
8280.5,0.219918,0.047876
8281.5,0.220896,0.048082
8282.5,0.221876,0.048289
8283.5,0.222859,0.048498
8284.5,0.223844,0.048707
8285.5,0.224829,0.048916
8286.5,0.225816,0.049126
8287.5,0.226803,0.049336
8288.5,0.227789,0.049546
8289.5,0.228775,0.049756
8290.5,0.229759,0.049966
8291.5,0.230742,0.050175
8292.5,0.231722,0.050383
8293.5,0.232700,0.050590
8294.5,0.233674,0.050796
8295.5,0.234644,0.051001
8296.5,0.235610,0.051205
8297.5,0.236570,0.051406
8298.5,0.237526,0.051606
8299.5,0.238476,0.051804
8300.5,0.239419,0.051999
8301.5,0.240356,0.052193
8302.5,0.241285,0.052383
8303.5,0.242207,0.052571
8304.5,0.243120,0.052756
8305.5,0.244024,0.052938
8306.5,0.244920,0.053117
8307.5,0.245806,0.053293
8308.5,0.246681,0.053465
8309.5,0.247547,0.053634
8310.5,0.248401,0.053799
8311.5,0.249244,0.053960
8312.5,0.250075,0.054117
8313.5,0.250895,0.054271
8314.5,0.251702,0.054420
8315.5,0.252496,0.054564
8316.5,0.253277,0.054705
8317.5,0.254044,0.054841
8318.5,0.254797,0.054972
8319.5,0.255537,0.055099
8320.5,0.256262,0.055221
8321.5,0.256972,0.055339
8322.5,0.257667,0.055451
8323.5,0.258346,0.055559
8324.5,0.259010,0.055662
8325.5,0.259659,0.055760
8326.5,0.260291,0.055853
8327.5,0.260907,0.055941
8328.5,0.261506,0.056024
8329.5,0.262089,0.056103
8330.5,0.262655,0.056176
8331.5,0.263204,0.056244
8332.5,0.263735,0.056307
8333.5,0.264250,0.056365
8334.5,0.264747,0.056418
8335.5,0.265227,0.056467
8336.5,0.265689,0.056510
8337.5,0.266133,0.056549
8338.5,0.266560,0.056582
8339.5,0.266969,0.056611
8340.5,0.267360,0.056636
8341.5,0.267734,0.056656
8342.5,0.268089,0.056671
8343.5,0.268427,0.056681
8344.5,0.268747,0.056688
8345.5,0.269049,0.056690
8346.5,0.269334,0.056688
8347.5,0.269601,0.056682
8348.5,0.269850,0.056672
8349.5,0.270082,0.056658
8350.5,0.270296,0.056640
8351.5,0.270494,0.056618
8352.5,0.270674,0.056593
8353.5,0.270837,0.056565
8354.5,0.270983,0.056533
8355.5,0.271112,0.056498
8356.5,0.271225,0.056461
8357.5,0.271322,0.056420
8358.5,0.271402,0.056377
8359.5,0.271466,0.056331
8360.5,0.271514,0.056282
8361.5,0.271547,0.056231
8362.5,0.271564,0.056178
8363.5,0.271567,0.056123
8364.5,0.271554,0.056066
8365.5,0.271526,0.056008
8366.5,0.271484,0.055948
8367.5,0.271427,0.055886
8368.5,0.271357,0.055823
8369.5,0.271273,0.055759
8370.5,0.271175,0.055694
8371.5,0.271064,0.055628
8372.5,0.270940,0.055561
8373.5,0.270804,0.055493
8374.5,0.270655,0.055425
8375.5,0.270494,0.055357
8376.5,0.270321,0.055289
8377.5,0.270136,0.055220
8378.5,0.269940,0.055151
8379.5,0.269733,0.055083
8380.5,0.269515,0.055015
8381.5,0.269287,0.054947
8382.5,0.269049,0.054879
8383.5,0.268800,0.054812
8384.5,0.268542,0.054746
8385.5,0.268275,0.054680
8386.5,0.267999,0.054615
8387.5,0.267713,0.054551
8388.5,0.267419,0.054488
8389.5,0.267117,0.054426
8390.5,0.266807,0.054365
8391.5,0.266489,0.054305
8392.5,0.266164,0.054246
8393.5,0.265832,0.054189
8394.5,0.265492,0.054132
8395.5,0.265146,0.054077
8396.5,0.264793,0.054023
8397.5,0.264434,0.053970
8398.5,0.264069,0.053919
8399.5,0.263698,0.053869
8400.5,0.263322,0.053820
8401.5,0.262940,0.053773
8402.5,0.262553,0.053727
8403.5,0.262162,0.053682
8404.5,0.261765,0.053638
8405.5,0.261364,0.053596
8406.5,0.260959,0.053554
8407.5,0.260550,0.053514
8408.5,0.260136,0.053475
8409.5,0.259719,0.053437
8410.5,0.259298,0.053400
8411.5,0.258874,0.053365
8412.5,0.258447,0.053330
8413.5,0.258016,0.053295
8414.5,0.257583,0.053262
8415.5,0.257146,0.053230
8416.5,0.256707,0.053198
8417.5,0.256266,0.053167
8418.5,0.255822,0.053136
8419.5,0.255375,0.053106
8420.5,0.254927,0.053076
8421.5,0.254476,0.053047
8422.5,0.254024,0.053017
8423.5,0.253569,0.052989
8424.5,0.253113,0.052960
8425.5,0.252655,0.052931
8426.5,0.252196,0.052902
8427.5,0.251735,0.052873
8428.5,0.251272,0.052844
8429.5,0.250809,0.052815
8430.5,0.250344,0.052785
8431.5,0.249878,0.052756
8432.5,0.249410,0.052725
8433.5,0.248942,0.052694
8434.5,0.248473,0.052663
8435.5,0.248003,0.052631
8436.5,0.247531,0.052598
8437.5,0.247059,0.052564
8438.5,0.246587,0.052530
8439.5,0.246113,0.052495
8440.5,0.245639,0.052459
8441.5,0.245164,0.052421
8442.5,0.244689,0.052383
8443.5,0.244213,0.052344
8444.5,0.243737,0.052304
8445.5,0.243260,0.052262
8446.5,0.242783,0.052220
8447.5,0.242306,0.052176
8448.5,0.241828,0.052131
8449.5,0.241350,0.052084
8450.5,0.240871,0.052036
8451.5,0.240393,0.051987
8452.5,0.239914,0.051937
8453.5,0.239436,0.051885
8454.5,0.238957,0.051832
8455.5,0.238478,0.051777
8456.5,0.238000,0.051721
8457.5,0.237521,0.051664
8458.5,0.237043,0.051605
8459.5,0.236565,0.051545
8460.5,0.236087,0.051483
8461.5,0.235609,0.051420
8462.5,0.235132,0.051356
8463.5,0.234656,0.051290
8464.5,0.234180,0.051223
8465.5,0.233704,0.051155
8466.5,0.233229,0.051085
8467.5,0.232755,0.051014
8468.5,0.232282,0.050941
8469.5,0.231810,0.050868
8470.5,0.231339,0.050793
8471.5,0.230868,0.050717
8472.5,0.230399,0.050640
8473.5,0.229931,0.050561
8474.5,0.229465,0.050482
8475.5,0.229000,0.050401
8476.5,0.228537,0.050320
8477.5,0.228075,0.050237
8478.5,0.227615,0.050154
8479.5,0.227157,0.050070
8480.5,0.226701,0.049985
8481.5,0.226247,0.049899
8482.5,0.225795,0.049813
8483.5,0.225345,0.049726
8484.5,0.224898,0.049638
8485.5,0.224454,0.049550
8486.5,0.224013,0.049461
8487.5,0.223574,0.049372
8488.5,0.223138,0.049283
8489.5,0.222706,0.049193
8490.5,0.222276,0.049103
8491.5,0.221851,0.049013
8492.5,0.221429,0.048923
8493.5,0.221010,0.048832
8494.5,0.220596,0.048742
8495.5,0.220185,0.048652
8496.5,0.219779,0.048562
8497.5,0.219377,0.048472
8498.5,0.218980,0.048383
8499.5,0.218588,0.048293
8500.5,0.218200,0.048205
8501.5,0.217818,0.048116
8502.5,0.217441,0.048029
8503.5,0.217069,0.047942
8504.5,0.216703,0.047855
8505.5,0.216342,0.047770
8506.5,0.215988,0.047685
8507.5,0.215639,0.047601
8508.5,0.215297,0.047518
8509.5,0.214962,0.047436
8510.5,0.214633,0.047355
8511.5,0.214311,0.047275
8512.5,0.213996,0.047196
8513.5,0.213688,0.047119
8514.5,0.213388,0.047043
8515.5,0.213096,0.046968
8516.5,0.212811,0.046894
8517.5,0.212534,0.046822
8518.5,0.212265,0.046752
8519.5,0.212005,0.046683
8520.5,0.211753,0.046616
8521.5,0.211510,0.046550
8522.5,0.211276,0.046486
8523.5,0.211051,0.046423
8524.5,0.210836,0.046363
8525.5,0.210630,0.046304
8526.5,0.210433,0.046247
8527.5,0.210247,0.046192
8528.5,0.210070,0.046138
8529.5,0.209904,0.046087
8530.5,0.209748,0.046037
8531.5,0.209603,0.045990
8532.5,0.209468,0.045944
8533.5,0.209344,0.045901
8534.5,0.209232,0.045859
8535.5,0.209130,0.045820
8536.5,0.209040,0.045783
8537.5,0.208962,0.045747
8538.5,0.208896,0.045714
8539.5,0.208841,0.045683
8540.5,0.208799,0.045654
8541.5,0.208769,0.045627
8542.5,0.208751,0.045602
8543.5,0.208746,0.045579
8544.5,0.208753,0.045559
8545.5,0.208774,0.045540
8546.5,0.208807,0.045524
8547.5,0.208854,0.045509
8548.5,0.208914,0.045497
8549.5,0.208987,0.045487
8550.5,0.209074,0.045479
8551.5,0.209175,0.045473
8552.5,0.209289,0.045469
8553.5,0.209417,0.045467
8554.5,0.209560,0.045468
8555.5,0.209717,0.045470
8556.5,0.209887,0.045475
8557.5,0.210073,0.045481
8558.5,0.210273,0.045489
8559.5,0.210487,0.045500
8560.5,0.210716,0.045512
8561.5,0.210960,0.045527
8562.5,0.211219,0.045543
8563.5,0.211493,0.045562
8564.5,0.211781,0.045582
8565.5,0.212085,0.045605
8566.5,0.212404,0.045629
8567.5,0.212738,0.045656
8568.5,0.213088,0.045684
8569.5,0.213453,0.045715
8570.5,0.213833,0.045747
8571.5,0.214229,0.045781
8572.5,0.214640,0.045817
8573.5,0.215066,0.045856
8574.5,0.215508,0.045896
8575.5,0.215966,0.045938
8576.5,0.216439,0.045982
8577.5,0.216928,0.046028
8578.5,0.217432,0.046076
8579.5,0.217951,0.046126
8580.5,0.218486,0.046178
8581.5,0.219037,0.046232
8582.5,0.219603,0.046289
8583.5,0.220184,0.046347
8584.5,0.220781,0.046407
8585.5,0.221393,0.046470
8586.5,0.222020,0.046534
8587.5,0.222662,0.046601
8588.5,0.223320,0.046670
8589.5,0.223992,0.046741
8590.5,0.224679,0.046814
8591.5,0.225381,0.046889
8592.5,0.226098,0.046967
8593.5,0.226829,0.047047
8594.5,0.227575,0.047130
8595.5,0.228334,0.047214
8596.5,0.229108,0.047301
8597.5,0.229896,0.047391
8598.5,0.230698,0.047483
8599.5,0.231513,0.047577
8600.5,0.232342,0.047674
8601.5,0.233184,0.047774
8602.5,0.234039,0.047876
8603.5,0.234906,0.047980
8604.5,0.235787,0.048087
8605.5,0.236679,0.048197
8606.5,0.237584,0.048310
8607.5,0.238500,0.048425
8608.5,0.239428,0.048543
8609.5,0.240367,0.048664
8610.5,0.241318,0.048787
8611.5,0.242278,0.048913
8612.5,0.243250,0.049042
8613.5,0.244231,0.049174
8614.5,0.245222,0.049309
8615.5,0.246222,0.049446
8616.5,0.247231,0.049586
8617.5,0.248249,0.049729
8618.5,0.249276,0.049875
8619.5,0.250310,0.050024
8620.5,0.251351,0.050176
8621.5,0.252400,0.050330
8622.5,0.253455,0.050487
8623.5,0.254516,0.050647
8624.5,0.255583,0.050810
8625.5,0.256656,0.050975
8626.5,0.257733,0.051144
8627.5,0.258815,0.051314
8628.5,0.259901,0.051488
8629.5,0.260990,0.051664
8630.5,0.262082,0.051842
8631.5,0.263176,0.052023
8632.5,0.264273,0.052207
8633.5,0.265371,0.052393
8634.5,0.266469,0.052581
8635.5,0.267568,0.052771
8636.5,0.268667,0.052964
8637.5,0.269765,0.053158
8638.5,0.270862,0.053355
8639.5,0.271956,0.053553
8640.5,0.273048,0.053753
8641.5,0.274137,0.053955
8642.5,0.275223,0.054159
8643.5,0.276304,0.054364
8644.5,0.277381,0.054570
8645.5,0.278451,0.054777
8646.5,0.279516,0.054986
8647.5,0.280574,0.055196
8648.5,0.281625,0.055406
8649.5,0.282668,0.055618
8650.5,0.283703,0.055829
8651.5,0.284728,0.056042
8652.5,0.285744,0.056254
8653.5,0.286749,0.056467
8654.5,0.287743,0.056680
8655.5,0.288726,0.056892
8656.5,0.289696,0.057105
8657.5,0.290654,0.057316
8658.5,0.291598,0.057528
8659.5,0.292528,0.057738
8660.5,0.293443,0.057947
8661.5,0.294343,0.058156
8662.5,0.295228,0.058363
8663.5,0.296095,0.058568
8664.5,0.296946,0.058772
8665.5,0.297779,0.058974
8666.5,0.298594,0.059174
8667.5,0.299390,0.059371
8668.5,0.300166,0.059567
8669.5,0.300923,0.059760
8670.5,0.301659,0.059950
8671.5,0.302374,0.060137
8672.5,0.303068,0.060321
8673.5,0.303740,0.060502
8674.5,0.304389,0.060679
8675.5,0.305015,0.060853
8676.5,0.305618,0.061023
8677.5,0.306197,0.061189
8678.5,0.306751,0.061351
8679.5,0.307281,0.061508
8680.5,0.307785,0.061661
8681.5,0.308264,0.061809
8682.5,0.308717,0.061953
8683.5,0.309144,0.062091
8684.5,0.309544,0.062225
8685.5,0.309916,0.062353
8686.5,0.310262,0.062475
8687.5,0.310580,0.062592
8688.5,0.310870,0.062703
8689.5,0.311132,0.062809
8690.5,0.311366,0.062908
8691.5,0.311571,0.063001
8692.5,0.311747,0.063088
8693.5,0.311894,0.063168
8694.5,0.312013,0.063242
8695.5,0.312102,0.063309
8696.5,0.312162,0.063369
8697.5,0.312192,0.063423
8698.5,0.312193,0.063469
8699.5,0.312165,0.063509
8700.5,0.312107,0.063541
8701.5,0.312020,0.063566
8702.5,0.311904,0.063583
8703.5,0.311758,0.063594
8704.5,0.311583,0.063596
8705.5,0.311379,0.063592
8706.5,0.311146,0.063579
8707.5,0.310884,0.063559
8708.5,0.310594,0.063531
8709.5,0.310275,0.063496
8710.5,0.309928,0.063453
8711.5,0.309554,0.063402
8712.5,0.309151,0.063343
8713.5,0.308722,0.063277
8714.5,0.308265,0.063203
8715.5,0.307782,0.063121
8716.5,0.307273,0.063031
8717.5,0.306737,0.062934
8718.5,0.306177,0.062829
8719.5,0.305591,0.062717
8720.5,0.304981,0.062597
8721.5,0.304347,0.062469
8722.5,0.303689,0.062334
8723.5,0.303008,0.062192
8724.5,0.302305,0.062043
8725.5,0.301580,0.061886
8726.5,0.300834,0.061722
8727.5,0.300067,0.061552
8728.5,0.299280,0.061374
8729.5,0.298473,0.061190
8730.5,0.297648,0.060999
8731.5,0.296805,0.060802
8732.5,0.295944,0.060599
8733.5,0.295066,0.060390
8734.5,0.294172,0.060174
8735.5,0.293263,0.059953
8736.5,0.292339,0.059727
8737.5,0.291402,0.059495
8738.5,0.290451,0.059258
8739.5,0.289488,0.059015
8740.5,0.288514,0.058769
8741.5,0.287528,0.058518
8742.5,0.286533,0.058262
8743.5,0.285528,0.058003
8744.5,0.284515,0.057740
8745.5,0.283495,0.057473
8746.5,0.282467,0.057203
8747.5,0.281434,0.056931
8748.5,0.280395,0.056655
8749.5,0.279352,0.056377
8750.5,0.278305,0.056098
8751.5,0.277256,0.055816
8752.5,0.276204,0.055533
8753.5,0.275151,0.055249
8754.5,0.274098,0.054964
8755.5,0.273046,0.054679
8756.5,0.271994,0.054393
8757.5,0.270945,0.054108
8758.5,0.269898,0.053823
8759.5,0.268855,0.053539
8760.5,0.267816,0.053256
8761.5,0.266782,0.052974
8762.5,0.265754,0.052695
8763.5,0.264733,0.052418
8764.5,0.263718,0.052143
8765.5,0.262712,0.051871
8766.5,0.261714,0.051603
8767.5,0.260725,0.051338
8768.5,0.259746,0.051077
8769.5,0.258778,0.050821
8770.5,0.257821,0.050569
8771.5,0.256876,0.050322
8772.5,0.255944,0.050081
8773.5,0.255024,0.049845
8774.5,0.254118,0.049615
8775.5,0.253226,0.049391
8776.5,0.252348,0.049174
8777.5,0.251486,0.048963
8778.5,0.250639,0.048760
8779.5,0.249809,0.048564
8780.5,0.248994,0.048376
8781.5,0.248197,0.048196
8782.5,0.247417,0.048024
8783.5,0.246655,0.047860
8784.5,0.245911,0.047704
8785.5,0.245185,0.047558
8786.5,0.244478,0.047420
8787.5,0.243789,0.047291
8788.5,0.243120,0.047171
8789.5,0.242471,0.047061
8790.5,0.241841,0.046959
8791.5,0.241231,0.046868
8792.5,0.240641,0.046785
8793.5,0.240072,0.046712
8794.5,0.239522,0.046649
8795.5,0.238993,0.046595
8796.5,0.238485,0.046550
8797.5,0.237998,0.046515
8798.5,0.237531,0.046489
8799.5,0.237084,0.046472
8800.5,0.236658,0.046465
8801.5,0.236253,0.046466
8802.5,0.235869,0.046477
8803.5,0.235505,0.046496
8804.5,0.235162,0.046523
8805.5,0.234839,0.046559
8806.5,0.234536,0.046602
8807.5,0.234253,0.046654
8808.5,0.233990,0.046713
8809.5,0.233747,0.046780
8810.5,0.233524,0.046854
8811.5,0.233320,0.046934
8812.5,0.233135,0.047021
8813.5,0.232970,0.047114
8814.5,0.232823,0.047214
8815.5,0.232694,0.047319
8816.5,0.232583,0.047429
8817.5,0.232491,0.047544
8818.5,0.232416,0.047664
8819.5,0.232358,0.047788
8820.5,0.232317,0.047916
8821.5,0.232293,0.048048
8822.5,0.232286,0.048183
8823.5,0.232294,0.048321
8824.5,0.232317,0.048462
8825.5,0.232356,0.048606
8826.5,0.232410,0.048751
8827.5,0.232479,0.048898
8828.5,0.232561,0.049046
8829.5,0.232658,0.049196
8830.5,0.232768,0.049346
8831.5,0.232890,0.049497
8832.5,0.233026,0.049648
8833.5,0.233173,0.049799
8834.5,0.233333,0.049949
8835.5,0.233504,0.050099
8836.5,0.233686,0.050247
8837.5,0.233879,0.050395
8838.5,0.234082,0.050541
8839.5,0.234295,0.050685
8840.5,0.234518,0.050828
8841.5,0.234750,0.050968
8842.5,0.234991,0.051106
8843.5,0.235240,0.051241
8844.5,0.235498,0.051373
8845.5,0.235763,0.051503
8846.5,0.236036,0.051629
8847.5,0.236316,0.051752
8848.5,0.236603,0.051872
8849.5,0.236897,0.051988
8850.5,0.237196,0.052100
8851.5,0.237502,0.052208
8852.5,0.237814,0.052312
8853.5,0.238131,0.052412
8854.5,0.238453,0.052508
8855.5,0.238780,0.052599
8856.5,0.239112,0.052687
8857.5,0.239448,0.052769
8858.5,0.239788,0.052847
8859.5,0.240133,0.052921
8860.5,0.240481,0.052990
8861.5,0.240833,0.053055
8862.5,0.241189,0.053115
8863.5,0.241548,0.053170
8864.5,0.241910,0.053221
8865.5,0.242276,0.053267
8866.5,0.242644,0.053309
8867.5,0.243015,0.053346
8868.5,0.243389,0.053378
8869.5,0.243766,0.053407
8870.5,0.244145,0.053430
8871.5,0.244527,0.053450
8872.5,0.244911,0.053465
8873.5,0.245298,0.053477
8874.5,0.245688,0.053484
8875.5,0.246080,0.053488
8876.5,0.246474,0.053487
8877.5,0.246871,0.053483
8878.5,0.247271,0.053476
8879.5,0.247673,0.053465
8880.5,0.248078,0.053451
8881.5,0.248485,0.053434
8882.5,0.248895,0.053414
8883.5,0.249308,0.053391
8884.5,0.249724,0.053365
8885.5,0.250142,0.053338
8886.5,0.250564,0.053308
8887.5,0.250989,0.053276
8888.5,0.251417,0.053242
8889.5,0.251848,0.053207
8890.5,0.252283,0.053170
8891.5,0.252722,0.053132
8892.5,0.253164,0.053093
8893.5,0.253610,0.053053
8894.5,0.254060,0.053012
8895.5,0.254514,0.052972
8896.5,0.254972,0.052931
8897.5,0.255435,0.052890
8898.5,0.255903,0.052849
8899.5,0.256375,0.052809
8900.5,0.256851,0.052770
8901.5,0.257333,0.052731
8902.5,0.257820,0.052694
8903.5,0.258312,0.052658
8904.5,0.258810,0.052623
8905.5,0.259313,0.052591
8906.5,0.259822,0.052560
8907.5,0.260336,0.052531
8908.5,0.260856,0.052505
8909.5,0.261383,0.052481
8910.5,0.261916,0.052460
8911.5,0.262454,0.052442
8912.5,0.263000,0.052427
8913.5,0.263552,0.052416
8914.5,0.264110,0.052407
8915.5,0.264675,0.052402
8916.5,0.265247,0.052401
8917.5,0.265825,0.052403
8918.5,0.266411,0.052410
8919.5,0.267004,0.052420
8920.5,0.267603,0.052434
8921.5,0.268210,0.052453
8922.5,0.268824,0.052476
8923.5,0.269445,0.052503
8924.5,0.270073,0.052535
8925.5,0.270708,0.052571
8926.5,0.271350,0.052611
8927.5,0.272000,0.052656
8928.5,0.272657,0.052706
8929.5,0.273321,0.052760
8930.5,0.273992,0.052818
8931.5,0.274670,0.052881
8932.5,0.275355,0.052949
8933.5,0.276047,0.053021
8934.5,0.276746,0.053097
8935.5,0.277452,0.053177
8936.5,0.278165,0.053262
8937.5,0.278884,0.053351
8938.5,0.279609,0.053444
8939.5,0.280341,0.053541
8940.5,0.281079,0.053641
8941.5,0.281824,0.053746
8942.5,0.282574,0.053854
8943.5,0.283330,0.053965
8944.5,0.284092,0.054080
8945.5,0.284859,0.054198
8946.5,0.285632,0.054320
8947.5,0.286410,0.054444
8948.5,0.287193,0.054570
8949.5,0.287980,0.054700
8950.5,0.288772,0.054831
8951.5,0.289568,0.054965
8952.5,0.290369,0.055101
8953.5,0.291173,0.055239
8954.5,0.291981,0.055378
8955.5,0.292793,0.055519
8956.5,0.293608,0.055661
8957.5,0.294426,0.055805
8958.5,0.295246,0.055949
8959.5,0.296069,0.056094
8960.5,0.296895,0.056239
8961.5,0.297722,0.056385
8962.5,0.298551,0.056531
8963.5,0.299382,0.056677
8964.5,0.300213,0.056823
8965.5,0.301046,0.056968
8966.5,0.301880,0.057112
8967.5,0.302714,0.057256
8968.5,0.303549,0.057399
8969.5,0.304383,0.057541
8970.5,0.305217,0.057682
8971.5,0.306051,0.057821
8972.5,0.306884,0.057958
8973.5,0.307716,0.058094
8974.5,0.308547,0.058228
8975.5,0.309377,0.058360
8976.5,0.310204,0.058489
8977.5,0.311030,0.058617
8978.5,0.311854,0.058741
8979.5,0.312676,0.058864
8980.5,0.313495,0.058983
8981.5,0.314311,0.059100
8982.5,0.315125,0.059214
8983.5,0.315935,0.059325
8984.5,0.316742,0.059432
8985.5,0.317546,0.059537
8986.5,0.318346,0.059638
8987.5,0.319142,0.059736
8988.5,0.319934,0.059830
8989.5,0.320722,0.059922
8990.5,0.321506,0.060009
8991.5,0.322285,0.060093
8992.5,0.323060,0.060174
8993.5,0.323831,0.060251
8994.5,0.324596,0.060324
8995.5,0.325357,0.060394
8996.5,0.326113,0.060460
8997.5,0.326864,0.060522
8998.5,0.327610,0.060581
8999.5,0.328351,0.060636
9000.5,0.329086,0.060687
9001.5,0.329817,0.060735
9002.5,0.330542,0.060780
9003.5,0.331261,0.060821
9004.5,0.331975,0.060859
9005.5,0.332684,0.060893
9006.5,0.333388,0.060924
9007.5,0.334086,0.060952
9008.5,0.334779,0.060976
9009.5,0.335466,0.060998
9010.5,0.336148,0.061017
9011.5,0.336825,0.061033
9012.5,0.337497,0.061046
9013.5,0.338163,0.061056
9014.5,0.338824,0.061064
9015.5,0.339479,0.061069
9016.5,0.340130,0.061073
9017.5,0.340776,0.061074
9018.5,0.341416,0.061073
9019.5,0.342052,0.061070
9020.5,0.342683,0.061065
9021.5,0.343309,0.061059
9022.5,0.343930,0.061052
9023.5,0.344547,0.061043
9024.5,0.345159,0.061033
9025.5,0.345767,0.061022
9026.5,0.346370,0.061010
9027.5,0.346969,0.060998
9028.5,0.347563,0.060985
9029.5,0.348154,0.060972
9030.5,0.348741,0.060959
9031.5,0.349323,0.060945
9032.5,0.349902,0.060932
9033.5,0.350477,0.060920
9034.5,0.351048,0.060907
9035.5,0.351616,0.060896
9036.5,0.352180,0.060885
9037.5,0.352741,0.060875
9038.5,0.353298,0.060867
9039.5,0.353852,0.060860
9040.5,0.354403,0.060854
9041.5,0.354951,0.060850
9042.5,0.355496,0.060847
9043.5,0.356037,0.060846
9044.5,0.356576,0.060848
9045.5,0.357111,0.060851
9046.5,0.357644,0.060857
9047.5,0.358174,0.060865
9048.5,0.358701,0.060876
9049.5,0.359225,0.060889
9050.5,0.359746,0.060904
9051.5,0.360265,0.060923
9052.5,0.360780,0.060944
9053.5,0.361293,0.060968
9054.5,0.361803,0.060995
9055.5,0.362310,0.061026
9056.5,0.362815,0.061059
9057.5,0.363316,0.061095
9058.5,0.363815,0.061134
9059.5,0.364310,0.061176
9060.5,0.364802,0.061222
9061.5,0.365291,0.061271
9062.5,0.365777,0.061322
9063.5,0.366260,0.061377
9064.5,0.366739,0.061435
9065.5,0.367215,0.061496
9066.5,0.367687,0.061559
9067.5,0.368155,0.061626
9068.5,0.368619,0.061696
9069.5,0.369080,0.061768
9070.5,0.369536,0.061843
9071.5,0.369988,0.061920
9072.5,0.370436,0.062000
9073.5,0.370879,0.062083
9074.5,0.371317,0.062168
9075.5,0.371750,0.062254
9076.5,0.372178,0.062343
9077.5,0.372601,0.062434
9078.5,0.373018,0.062527
9079.5,0.373429,0.062621
9080.5,0.373834,0.062716
9081.5,0.374234,0.062813
9082.5,0.374627,0.062911
9083.5,0.375013,0.063010
9084.5,0.375392,0.063110
9085.5,0.375765,0.063211
9086.5,0.376130,0.063312
9087.5,0.376487,0.063413
9088.5,0.376837,0.063515
9089.5,0.377179,0.063617
9090.5,0.377512,0.063718
9091.5,0.377837,0.063819
9092.5,0.378153,0.063919
9093.5,0.378460,0.064019
9094.5,0.378758,0.064118
9095.5,0.379046,0.064215
9096.5,0.379325,0.064312
9097.5,0.379594,0.064407
9098.5,0.379852,0.064500
9099.5,0.380099,0.064592
9100.5,0.380336,0.064682
9101.5,0.380562,0.064770
9102.5,0.380777,0.064855
9103.5,0.380980,0.064939
9104.5,0.381172,0.065019
9105.5,0.381351,0.065098
9106.5,0.381518,0.065173
9107.5,0.381673,0.065245
9108.5,0.381816,0.065315
9109.5,0.381945,0.065381
9110.5,0.382061,0.065444
9111.5,0.382164,0.065503
9112.5,0.382254,0.065559
9113.5,0.382330,0.065612
9114.5,0.382392,0.065661
9115.5,0.382441,0.065706
9116.5,0.382475,0.065747
9117.5,0.382495,0.065785
9118.5,0.382500,0.065818
9119.5,0.382491,0.065848
9120.5,0.382467,0.065873
9121.5,0.382428,0.065895
9122.5,0.382375,0.065912
9123.5,0.382306,0.065925
9124.5,0.382222,0.065934
9125.5,0.382123,0.065939
9126.5,0.382008,0.065940
9127.5,0.381879,0.065936
9128.5,0.381733,0.065928
9129.5,0.381573,0.065916
9130.5,0.381396,0.065900
9131.5,0.381205,0.065880
9132.5,0.380997,0.065856
9133.5,0.380774,0.065828
9134.5,0.380536,0.065795
9135.5,0.380282,0.065759
9136.5,0.380013,0.065719
9137.5,0.379728,0.065675
9138.5,0.379427,0.065627
9139.5,0.379112,0.065576
9140.5,0.378781,0.065521
9141.5,0.378435,0.065462
9142.5,0.378074,0.065400
9143.5,0.377698,0.065334
9144.5,0.377307,0.065266
9145.5,0.376901,0.065194
9146.5,0.376480,0.065119
9147.5,0.376045,0.065041
9148.5,0.375596,0.064960
9149.5,0.375133,0.064877
9150.5,0.374655,0.064791
9151.5,0.374164,0.064702
9152.5,0.373659,0.064611
9153.5,0.373141,0.064517
9154.5,0.372609,0.064422
9155.5,0.372065,0.064324
9156.5,0.371507,0.064225
9157.5,0.370937,0.064123
9158.5,0.370355,0.064020
9159.5,0.369761,0.063915
9160.5,0.369155,0.063809
9161.5,0.368537,0.063701
9162.5,0.367908,0.063593
9163.5,0.367268,0.063483
9164.5,0.366617,0.063371
9165.5,0.365955,0.063260
9166.5,0.365284,0.063147
9167.5,0.364602,0.063033
9168.5,0.363911,0.062919
9169.5,0.363211,0.062805
9170.5,0.362502,0.062690
9171.5,0.361783,0.062574
9172.5,0.361057,0.062459
9173.5,0.360322,0.062343
9174.5,0.359580,0.062227
9175.5,0.358830,0.062111
9176.5,0.358073,0.061996
9177.5,0.357310,0.061880
9178.5,0.356540,0.061765
9179.5,0.355763,0.061650
9180.5,0.354981,0.061535
9181.5,0.354194,0.061421
9182.5,0.353401,0.061307
9183.5,0.352604,0.061194
9184.5,0.351802,0.061081
9185.5,0.350996,0.060969
9186.5,0.350186,0.060857
9187.5,0.349372,0.060746
9188.5,0.348556,0.060636
9189.5,0.347736,0.060526
9190.5,0.346915,0.060417
9191.5,0.346091,0.060309
9192.5,0.345265,0.060201
9193.5,0.344437,0.060094
9194.5,0.343608,0.059988
9195.5,0.342779,0.059883
9196.5,0.341949,0.059778
9197.5,0.341118,0.059674
9198.5,0.340288,0.059571
9199.5,0.339458,0.059469
9200.5,0.338628,0.059367
9201.5,0.337800,0.059266
9202.5,0.336973,0.059165
9203.5,0.336147,0.059066
9204.5,0.335323,0.058966
9205.5,0.334501,0.058868
9206.5,0.333681,0.058770
9207.5,0.332864,0.058673
9208.5,0.332050,0.058576
9209.5,0.331239,0.058480
9210.5,0.330431,0.058385
9211.5,0.329627,0.058290
9212.5,0.328827,0.058195
9213.5,0.328031,0.058101
9214.5,0.327240,0.058008
9215.5,0.326453,0.057915
9216.5,0.325670,0.057822
9217.5,0.324893,0.057730
9218.5,0.324121,0.057638
9219.5,0.323355,0.057547
9220.5,0.322594,0.057457
9221.5,0.321838,0.057367
9222.5,0.321089,0.057277
9223.5,0.320346,0.057188
9224.5,0.319610,0.057099
9225.5,0.318879,0.057011
9226.5,0.318156,0.056923
9227.5,0.317440,0.056836
9228.5,0.316730,0.056749
9229.5,0.316028,0.056663
9230.5,0.315332,0.056577
9231.5,0.314645,0.056492
9232.5,0.313964,0.056408
9233.5,0.313292,0.056325
9234.5,0.312627,0.056242
9235.5,0.311970,0.056160
9236.5,0.311321,0.056079
9237.5,0.310680,0.055998
9238.5,0.310047,0.055919
9239.5,0.309422,0.055840
9240.5,0.308806,0.055762
9241.5,0.308198,0.055686
9242.5,0.307598,0.055610
9243.5,0.307007,0.055536
9244.5,0.306424,0.055462
9245.5,0.305850,0.055390
9246.5,0.305284,0.055320
9247.5,0.304727,0.055250
9248.5,0.304179,0.055182
9249.5,0.303639,0.055116
9250.5,0.303108,0.055051
9251.5,0.302585,0.054987
9252.5,0.302072,0.054925
9253.5,0.301566,0.054865
9254.5,0.301070,0.054806
9255.5,0.300582,0.054749
9256.5,0.300103,0.054694
9257.5,0.299633,0.054641
9258.5,0.299171,0.054590
9259.5,0.298717,0.054540
9260.5,0.298272,0.054493
9261.5,0.297836,0.054447
9262.5,0.297408,0.054404
9263.5,0.296988,0.054362
9264.5,0.296577,0.054323
9265.5,0.296174,0.054285
9266.5,0.295779,0.054250
9267.5,0.295392,0.054217
9268.5,0.295014,0.054186
9269.5,0.294643,0.054157
9270.5,0.294280,0.054130
9271.5,0.293925,0.054105
9272.5,0.293578,0.054082
9273.5,0.293239,0.054061
9274.5,0.292907,0.054043
9275.5,0.292583,0.054026
9276.5,0.292266,0.054011
9277.5,0.291956,0.053998
9278.5,0.291654,0.053987
9279.5,0.291359,0.053978
9280.5,0.291071,0.053971
9281.5,0.290790,0.053965
9282.5,0.290516,0.053961
9283.5,0.290249,0.053959
9284.5,0.289988,0.053958
9285.5,0.289734,0.053959
9286.5,0.289486,0.053961
9287.5,0.289245,0.053965
9288.5,0.289010,0.053970
9289.5,0.288782,0.053976
9290.5,0.288560,0.053982
9291.5,0.288343,0.053990
9292.5,0.288133,0.053999
9293.5,0.287928,0.054009
9294.5,0.287730,0.054019
9295.5,0.287537,0.054030
9296.5,0.287349,0.054042
9297.5,0.287168,0.054054
9298.5,0.286991,0.054066
9299.5,0.286820,0.054078
9300.5,0.286655,0.054091
9301.5,0.286495,0.054103
9302.5,0.286340,0.054116
9303.5,0.286190,0.054128
9304.5,0.286045,0.054140
9305.5,0.285905,0.054151
9306.5,0.285771,0.054162
9307.5,0.285641,0.054172
9308.5,0.285516,0.054182
9309.5,0.285396,0.054191
9310.5,0.285281,0.054199
9311.5,0.285171,0.054206
9312.5,0.285066,0.054212
9313.5,0.284965,0.054217
9314.5,0.284869,0.054221
9315.5,0.284778,0.054224
9316.5,0.284692,0.054225
9317.5,0.284610,0.054225
9318.5,0.284533,0.054224
9319.5,0.284461,0.054221
9320.5,0.284394,0.054216
9321.5,0.284331,0.054210
9322.5,0.284274,0.054202
9323.5,0.284221,0.054193
9324.5,0.284173,0.054182
9325.5,0.284130,0.054169
9326.5,0.284093,0.054154
9327.5,0.284060,0.054138
9328.5,0.284032,0.054120
9329.5,0.284009,0.054100
9330.5,0.283992,0.054079
9331.5,0.283979,0.054056
9332.5,0.283973,0.054031
9333.5,0.283971,0.054005
9334.5,0.283975,0.053977
9335.5,0.283984,0.053947
9336.5,0.284000,0.053916
9337.5,0.284021,0.053883
9338.5,0.284047,0.053849
9339.5,0.284080,0.053814
9340.5,0.284118,0.053777
9341.5,0.284163,0.053739
9342.5,0.284214,0.053700
9343.5,0.284271,0.053660
9344.5,0.284334,0.053618
9345.5,0.284404,0.053576
9346.5,0.284481,0.053534
9347.5,0.284564,0.053490
9348.5,0.284654,0.053446
9349.5,0.284750,0.053402
9350.5,0.284854,0.053357
9351.5,0.284965,0.053312
9352.5,0.285083,0.053267
9353.5,0.285208,0.053222
9354.5,0.285341,0.053177
9355.5,0.285481,0.053133
9356.5,0.285628,0.053089
9357.5,0.285784,0.053046
9358.5,0.285947,0.053004
9359.5,0.286117,0.052962
9360.5,0.286296,0.052922
9361.5,0.286482,0.052882
9362.5,0.286677,0.052844
9363.5,0.286880,0.052808
9364.5,0.287091,0.052773
9365.5,0.287310,0.052741
9366.5,0.287537,0.052710
9367.5,0.287773,0.052681
9368.5,0.288017,0.052654
9369.5,0.288269,0.052630
9370.5,0.288530,0.052609
9371.5,0.288799,0.052590
9372.5,0.289077,0.052574
9373.5,0.289363,0.052560
9374.5,0.289657,0.052550
9375.5,0.289960,0.052543
9376.5,0.290272,0.052539
9377.5,0.290591,0.052539
9378.5,0.290920,0.052542
9379.5,0.291256,0.052549
9380.5,0.291601,0.052559
9381.5,0.291953,0.052574
9382.5,0.292314,0.052592
9383.5,0.292683,0.052613
9384.5,0.293060,0.052639
9385.5,0.293445,0.052669
9386.5,0.293837,0.052703
9387.5,0.294237,0.052741
9388.5,0.294645,0.052783
9389.5,0.295060,0.052829
9390.5,0.295482,0.052880
9391.5,0.295911,0.052934
9392.5,0.296346,0.052993
9393.5,0.296789,0.053055
9394.5,0.297238,0.053122
9395.5,0.297693,0.053193
9396.5,0.298154,0.053268
9397.5,0.298621,0.053346
9398.5,0.299094,0.053429
9399.5,0.299571,0.053516
9400.5,0.300054,0.053606
9401.5,0.300542,0.053700
9402.5,0.301034,0.053797
9403.5,0.301531,0.053898
9404.5,0.302032,0.054002
9405.5,0.302536,0.054110
9406.5,0.303043,0.054220
9407.5,0.303554,0.054334
9408.5,0.304067,0.054450
9409.5,0.304583,0.054569
9410.5,0.305101,0.054691
9411.5,0.305620,0.054815
9412.5,0.306141,0.054942
9413.5,0.306662,0.055070
9414.5,0.307185,0.055201
9415.5,0.307707,0.055333
9416.5,0.308230,0.055467
9417.5,0.308751,0.055602
9418.5,0.309272,0.055739
9419.5,0.309792,0.055877
9420.5,0.310310,0.056015
9421.5,0.310826,0.056155
9422.5,0.311339,0.056295
9423.5,0.311849,0.056435
9424.5,0.312356,0.056576
9425.5,0.312859,0.056716
9426.5,0.313358,0.056857
9427.5,0.313852,0.056997
9428.5,0.314342,0.057137
9429.5,0.314825,0.057276
9430.5,0.315303,0.057414
9431.5,0.315775,0.057551
9432.5,0.316240,0.057687
9433.5,0.316698,0.057821
9434.5,0.317149,0.057954
9435.5,0.317591,0.058085
9436.5,0.318025,0.058215
9437.5,0.318451,0.058342
9438.5,0.318867,0.058468
9439.5,0.319274,0.058591
9440.5,0.319671,0.058711
9441.5,0.320058,0.058829
9442.5,0.320434,0.058945
9443.5,0.320799,0.059057
9444.5,0.321153,0.059166
9445.5,0.321495,0.059273
9446.5,0.321825,0.059376
9447.5,0.322142,0.059476
9448.5,0.322447,0.059572
9449.5,0.322739,0.059665
9450.5,0.323017,0.059754
9451.5,0.323282,0.059839
9452.5,0.323533,0.059921
9453.5,0.323770,0.059998
9454.5,0.323992,0.060072
9455.5,0.324199,0.060142
9456.5,0.324392,0.060207
9457.5,0.324569,0.060268
9458.5,0.324731,0.060325
9459.5,0.324877,0.060378
9460.5,0.325008,0.060426
9461.5,0.325122,0.060470
9462.5,0.325221,0.060509
9463.5,0.325303,0.060544
9464.5,0.325368,0.060575
9465.5,0.325418,0.060600
9466.5,0.325450,0.060622
9467.5,0.325466,0.060638
9468.5,0.325465,0.060650
9469.5,0.325447,0.060658
9470.5,0.325413,0.060660
9471.5,0.325361,0.060658
9472.5,0.325293,0.060652
9473.5,0.325207,0.060641
9474.5,0.325105,0.060625
9475.5,0.324986,0.060605
9476.5,0.324850,0.060580
9477.5,0.324697,0.060551
9478.5,0.324528,0.060517
9479.5,0.324342,0.060479
9480.5,0.324140,0.060436
9481.5,0.323921,0.060389
9482.5,0.323687,0.060338
9483.5,0.323436,0.060282
9484.5,0.323170,0.060222
9485.5,0.322888,0.060158
9486.5,0.322591,0.060090
9487.5,0.322278,0.060018
9488.5,0.321951,0.059941
9489.5,0.321609,0.059861
9490.5,0.321252,0.059777
9491.5,0.320882,0.059689
9492.5,0.320497,0.059597
9493.5,0.320100,0.059502
9494.5,0.319689,0.059403
9495.5,0.319265,0.059301
9496.5,0.318829,0.059195
9497.5,0.318381,0.059086
9498.5,0.317921,0.058973
9499.5,0.317450,0.058858
9500.5,0.316968,0.058739
9501.5,0.316476,0.058618
9502.5,0.315973,0.058494
9503.5,0.315461,0.058367
9504.5,0.314940,0.058237
9505.5,0.314410,0.058105
9506.5,0.313872,0.057971
9507.5,0.313327,0.057834
9508.5,0.312774,0.057695
9509.5,0.312214,0.057554
9510.5,0.311648,0.057411
9511.5,0.311076,0.057266
9512.5,0.310499,0.057119
9513.5,0.309917,0.056971
9514.5,0.309332,0.056821
9515.5,0.308742,0.056670
9516.5,0.308150,0.056518
9517.5,0.307555,0.056364
9518.5,0.306958,0.056210
9519.5,0.306359,0.056055
9520.5,0.305760,0.055899
9521.5,0.305160,0.055742
9522.5,0.304561,0.055585
9523.5,0.303962,0.055428
9524.5,0.303365,0.055271
9525.5,0.302770,0.055113
9526.5,0.302177,0.054956
9527.5,0.301588,0.054799
9528.5,0.301002,0.054642
9529.5,0.300420,0.054485
9530.5,0.299843,0.054330
9531.5,0.299271,0.054175
9532.5,0.298705,0.054021
9533.5,0.298146,0.053868
9534.5,0.297593,0.053717
9535.5,0.297049,0.053566
9536.5,0.296512,0.053418
9537.5,0.295983,0.053271
9538.5,0.295464,0.053125
9539.5,0.294954,0.052982
9540.5,0.294455,0.052841
9541.5,0.293966,0.052701
9542.5,0.293488,0.052565
9543.5,0.293022,0.052430
9544.5,0.292568,0.052299
9545.5,0.292126,0.052170
9546.5,0.291698,0.052044
9547.5,0.291283,0.051921
9548.5,0.290882,0.051801
9549.5,0.290495,0.051685
9550.5,0.290123,0.051571
9551.5,0.289766,0.051462
9552.5,0.289425,0.051356
9553.5,0.289099,0.051254
9554.5,0.288790,0.051156
9555.5,0.288497,0.051061
9556.5,0.288222,0.050971
9557.5,0.287964,0.050885
9558.5,0.287723,0.050804
9559.5,0.287501,0.050726
9560.5,0.287296,0.050654
9561.5,0.287110,0.050586
9562.5,0.286943,0.050522
9563.5,0.286794,0.050464
9564.5,0.286665,0.050410
9565.5,0.286556,0.050362
9566.5,0.286466,0.050318
9567.5,0.286395,0.050279
9568.5,0.286345,0.050246
9569.5,0.286314,0.050217
9570.5,0.286304,0.050194
9571.5,0.286314,0.050176
9572.5,0.286344,0.050164
9573.5,0.286395,0.050157
9574.5,0.286466,0.050155
9575.5,0.286558,0.050159
9576.5,0.286671,0.050168
9577.5,0.286803,0.050183
9578.5,0.286957,0.050203
9579.5,0.287131,0.050228
9580.5,0.287325,0.050259
9581.5,0.287540,0.050296
9582.5,0.287775,0.050337
9583.5,0.288030,0.050385
9584.5,0.288306,0.050437
9585.5,0.288601,0.050495
9586.5,0.288916,0.050558
9587.5,0.289251,0.050627
9588.5,0.289605,0.050701
9589.5,0.289978,0.050780
9590.5,0.290371,0.050864
9591.5,0.290782,0.050953
9592.5,0.291212,0.051047
9593.5,0.291659,0.051146
9594.5,0.292125,0.051249
9595.5,0.292609,0.051358
9596.5,0.293110,0.051471
9597.5,0.293627,0.051589
9598.5,0.294162,0.051711
9599.5,0.294713,0.051837
9600.5,0.295280,0.051968
9601.5,0.295862,0.052103
9602.5,0.296459,0.052242
9603.5,0.297072,0.052385
9604.5,0.297698,0.052532
9605.5,0.298339,0.052682
9606.5,0.298992,0.052836
9607.5,0.299659,0.052994
9608.5,0.300338,0.053154
9609.5,0.301029,0.053318
9610.5,0.301732,0.053485
9611.5,0.302446,0.053654
9612.5,0.303170,0.053827
9613.5,0.303904,0.054002
9614.5,0.304648,0.054179
9615.5,0.305401,0.054359
9616.5,0.306162,0.054540
9617.5,0.306930,0.054724
9618.5,0.307706,0.054910
9619.5,0.308489,0.055097
9620.5,0.309278,0.055285
9621.5,0.310072,0.055475
9622.5,0.310871,0.055666
9623.5,0.311675,0.055858
9624.5,0.312482,0.056051
9625.5,0.313293,0.056245
9626.5,0.314106,0.056439
9627.5,0.314921,0.056633
9628.5,0.315738,0.056827
9629.5,0.316555,0.057022
9630.5,0.317373,0.057216
9631.5,0.318190,0.057410
9632.5,0.319007,0.057603
9633.5,0.319821,0.057795
9634.5,0.320634,0.057987
9635.5,0.321444,0.058177
9636.5,0.322251,0.058366
9637.5,0.323054,0.058554
9638.5,0.323852,0.058740
9639.5,0.324645,0.058925
9640.5,0.325433,0.059108
9641.5,0.326215,0.059288
9642.5,0.326989,0.059466
9643.5,0.327757,0.059642
9644.5,0.328517,0.059815
9645.5,0.329268,0.059986
9646.5,0.330011,0.060154
9647.5,0.330744,0.060318
9648.5,0.331468,0.060480
9649.5,0.332181,0.060638
9650.5,0.332883,0.060793
9651.5,0.333575,0.060944
9652.5,0.334254,0.061091
9653.5,0.334921,0.061235
9654.5,0.335576,0.061375
9655.5,0.336217,0.061510
9656.5,0.336845,0.061641
9657.5,0.337459,0.061768
9658.5,0.338059,0.061890
9659.5,0.338644,0.062008
9660.5,0.339214,0.062121
9661.5,0.339769,0.062230
9662.5,0.340308,0.062333
9663.5,0.340832,0.062432
9664.5,0.341339,0.062525
9665.5,0.341829,0.062614
9666.5,0.342303,0.062697
9667.5,0.342759,0.062775
9668.5,0.343198,0.062848
9669.5,0.343620,0.062915
9670.5,0.344024,0.062977
9671.5,0.344410,0.063033
9672.5,0.344778,0.063085
9673.5,0.345127,0.063130
9674.5,0.345458,0.063170
9675.5,0.345771,0.063205
9676.5,0.346065,0.063234
9677.5,0.346340,0.063257
9678.5,0.346596,0.063275
9679.5,0.346834,0.063288
9680.5,0.347052,0.063295
9681.5,0.347252,0.063296
9682.5,0.347432,0.063292
9683.5,0.347594,0.063283
9684.5,0.347737,0.063268
9685.5,0.347861,0.063249
9686.5,0.347966,0.063223
9687.5,0.348052,0.063193
9688.5,0.348119,0.063158
9689.5,0.348168,0.063118
9690.5,0.348199,0.063072
9691.5,0.348211,0.063022
9692.5,0.348205,0.062968
9693.5,0.348180,0.062908
9694.5,0.348138,0.062844
9695.5,0.348078,0.062776
9696.5,0.348001,0.062704
9697.5,0.347906,0.062627
9698.5,0.347794,0.062547
9699.5,0.347666,0.062462
9700.5,0.347520,0.062374
9701.5,0.347359,0.062282
9702.5,0.347181,0.062187
9703.5,0.346988,0.062089
9704.5,0.346779,0.061987
9705.5,0.346554,0.061883
9706.5,0.346315,0.061775
9707.5,0.346061,0.061666
9708.5,0.345793,0.061553
9709.5,0.345511,0.061439
9710.5,0.345215,0.061322
9711.5,0.344907,0.061204
9712.5,0.344585,0.061083
9713.5,0.344251,0.060962
9714.5,0.343904,0.060838
9715.5,0.343546,0.060714
9716.5,0.343176,0.060588
9717.5,0.342796,0.060462
9718.5,0.342405,0.060335
9719.5,0.342003,0.060207
9720.5,0.341592,0.060080
9721.5,0.341171,0.059952
9722.5,0.340742,0.059824
9723.5,0.340304,0.059696
9724.5,0.339857,0.059568
9725.5,0.339403,0.059441
9726.5,0.338942,0.059314
9727.5,0.338474,0.059189
9728.5,0.337999,0.059064
9729.5,0.337518,0.058940
9730.5,0.337031,0.058818
9731.5,0.336539,0.058696
9732.5,0.336043,0.058576
9733.5,0.335542,0.058458
9734.5,0.335037,0.058342
9735.5,0.334528,0.058227
9736.5,0.334016,0.058114
9737.5,0.333502,0.058003
9738.5,0.332985,0.057893
9739.5,0.332466,0.057786
9740.5,0.331946,0.057682
9741.5,0.331425,0.057579
9742.5,0.330902,0.057479
9743.5,0.330380,0.057381
9744.5,0.329857,0.057285
9745.5,0.329335,0.057192
9746.5,0.328814,0.057101
9747.5,0.328294,0.057013
9748.5,0.327776,0.056927
9749.5,0.327259,0.056843
9750.5,0.326745,0.056762
9751.5,0.326234,0.056684
9752.5,0.325725,0.056607
9753.5,0.325220,0.056534
9754.5,0.324719,0.056462
9755.5,0.324221,0.056393
9756.5,0.323728,0.056326
9757.5,0.323239,0.056261
9758.5,0.322756,0.056199
9759.5,0.322278,0.056139
9760.5,0.321805,0.056080
9761.5,0.321338,0.056024
9762.5,0.320878,0.055970
9763.5,0.320424,0.055917
9764.5,0.319976,0.055867
9765.5,0.319536,0.055818
9766.5,0.319103,0.055771
9767.5,0.318677,0.055725
9768.5,0.318259,0.055681
9769.5,0.317850,0.055638
9770.5,0.317448,0.055597
9771.5,0.317055,0.055557
9772.5,0.316671,0.055518
9773.5,0.316295,0.055480
9774.5,0.315929,0.055443
9775.5,0.315572,0.055407
9776.5,0.315224,0.055373
9777.5,0.314886,0.055338
9778.5,0.314558,0.055305
9779.5,0.314240,0.055272
9780.5,0.313933,0.055240
9781.5,0.313635,0.055209
9782.5,0.313349,0.055178
9783.5,0.313073,0.055147
9784.5,0.312807,0.055117
9785.5,0.312553,0.055087
9786.5,0.312309,0.055058
9787.5,0.312077,0.055028
9788.5,0.311856,0.054999
9789.5,0.311646,0.054971
9790.5,0.311448,0.054942
9791.5,0.311262,0.054914
9792.5,0.311087,0.054886
9793.5,0.310923,0.054858
9794.5,0.310772,0.054830
9795.5,0.310632,0.054802
9796.5,0.310504,0.054775
9797.5,0.310388,0.054747
9798.5,0.310284,0.054720
9799.5,0.310191,0.054694
9800.5,0.310111,0.054667
9801.5,0.310043,0.054641
9802.5,0.309987,0.054616
9803.5,0.309942,0.054590
9804.5,0.309910,0.054566
9805.5,0.309889,0.054542
9806.5,0.309880,0.054518
9807.5,0.309883,0.054495
9808.5,0.309898,0.054473
9809.5,0.309925,0.054452
9810.5,0.309963,0.054431
9811.5,0.310013,0.054412
9812.5,0.310074,0.054394
9813.5,0.310147,0.054376
9814.5,0.310231,0.054360
9815.5,0.310326,0.054346
9816.5,0.310432,0.054333
9817.5,0.310549,0.054321
9818.5,0.310677,0.054311
9819.5,0.310816,0.054303
9820.5,0.310965,0.054297
9821.5,0.311124,0.054292
9822.5,0.311294,0.054290
9823.5,0.311473,0.054289
9824.5,0.311663,0.054291
9825.5,0.311861,0.054296
9826.5,0.312069,0.054302
9827.5,0.312287,0.054311
9828.5,0.312513,0.054323
9829.5,0.312747,0.054338
9830.5,0.312990,0.054355
9831.5,0.313242,0.054375
9832.5,0.313501,0.054398
9833.5,0.313767,0.054423
9834.5,0.314041,0.054452
9835.5,0.314322,0.054484
9836.5,0.314609,0.054519
9837.5,0.314903,0.054558
9838.5,0.315202,0.054599
9839.5,0.315507,0.054644
9840.5,0.315818,0.054692
9841.5,0.316133,0.054744
9842.5,0.316453,0.054798
9843.5,0.316777,0.054857
9844.5,0.317104,0.054918
9845.5,0.317435,0.054983
9846.5,0.317769,0.055051
9847.5,0.318106,0.055122
9848.5,0.318444,0.055197
9849.5,0.318784,0.055275
9850.5,0.319125,0.055356
9851.5,0.319467,0.055440
9852.5,0.319809,0.055528
9853.5,0.320151,0.055618
9854.5,0.320493,0.055711
9855.5,0.320833,0.055807
9856.5,0.321171,0.055906
9857.5,0.321507,0.056008
9858.5,0.321840,0.056112
9859.5,0.322170,0.056218
9860.5,0.322497,0.056327
9861.5,0.322819,0.056438
9862.5,0.323136,0.056551
9863.5,0.323448,0.056666
9864.5,0.323753,0.056783
9865.5,0.324053,0.056901
9866.5,0.324345,0.057021
9867.5,0.324630,0.057143
9868.5,0.324906,0.057265
9869.5,0.325174,0.057389
9870.5,0.325432,0.057513
9871.5,0.325681,0.057638
9872.5,0.325919,0.057764
9873.5,0.326146,0.057890
9874.5,0.326361,0.058016
9875.5,0.326565,0.058141
9876.5,0.326755,0.058267
9877.5,0.326932,0.058392
9878.5,0.327095,0.058517
9879.5,0.327244,0.058641
9880.5,0.327377,0.058764
9881.5,0.327495,0.058886
9882.5,0.327597,0.059006
9883.5,0.327682,0.059125
9884.5,0.327749,0.059242
9885.5,0.327799,0.059357
9886.5,0.327830,0.059470
9887.5,0.327842,0.059581
9888.5,0.327834,0.059689
9889.5,0.327807,0.059795
9890.5,0.327759,0.059898
9891.5,0.327689,0.059997
9892.5,0.327598,0.060094
9893.5,0.327485,0.060187
9894.5,0.327349,0.060277
9895.5,0.327190,0.060363
9896.5,0.327007,0.060445
9897.5,0.326800,0.060523
9898.5,0.326569,0.060597
9899.5,0.326312,0.060666
9900.5,0.326031,0.060731
9901.5,0.325723,0.060791
9902.5,0.325389,0.060847
9903.5,0.325028,0.060898
9904.5,0.324640,0.060943
9905.5,0.324225,0.060984
9906.5,0.323782,0.061019
9907.5,0.323311,0.061049
9908.5,0.322811,0.061073
9909.5,0.322283,0.061092
9910.5,0.321725,0.061105
9911.5,0.321139,0.061112
9912.5,0.320522,0.061113
9913.5,0.319876,0.061108
9914.5,0.319199,0.061097
9915.5,0.318493,0.061080
9916.5,0.317756,0.061056
9917.5,0.316988,0.061026
9918.5,0.316189,0.060990
9919.5,0.315360,0.060948
9920.5,0.314499,0.060899
9921.5,0.313607,0.060843
9922.5,0.312684,0.060781
9923.5,0.311729,0.060712
9924.5,0.310743,0.060636
9925.5,0.309726,0.060554
9926.5,0.308677,0.060465
9927.5,0.307597,0.060369
9928.5,0.306486,0.060267
9929.5,0.305343,0.060157
9930.5,0.304168,0.060041
9931.5,0.302963,0.059919
9932.5,0.301726,0.059789
9933.5,0.300459,0.059652
9934.5,0.299161,0.059509
9935.5,0.297832,0.059359
9936.5,0.296472,0.059203
9937.5,0.295083,0.059039
9938.5,0.293663,0.058869
9939.5,0.292214,0.058693
9940.5,0.290734,0.058509
9941.5,0.289226,0.058319
9942.5,0.287689,0.058123
9943.5,0.286123,0.057920
9944.5,0.284528,0.057711
9945.5,0.282906,0.057495
9946.5,0.281256,0.057273
9947.5,0.279579,0.057045
9948.5,0.277874,0.056810
9949.5,0.276144,0.056569
9950.5,0.274387,0.056323
9951.5,0.272605,0.056070
9952.5,0.270797,0.055811
9953.5,0.268965,0.055547
9954.5,0.267109,0.055276
9955.5,0.265229,0.055001
9956.5,0.263326,0.054719
9957.5,0.261400,0.054432
9958.5,0.259452,0.054139
9959.5,0.257482,0.053842
9960.5,0.255492,0.053539
9961.5,0.253481,0.053230
9962.5,0.251450,0.052917
9963.5,0.249400,0.052599
9964.5,0.247331,0.052276
9965.5,0.245244,0.051948
9966.5,0.243140,0.051616
9967.5,0.241019,0.051279
9968.5,0.238881,0.050938
9969.5,0.236728,0.050592
9970.5,0.234561,0.050242
9971.5,0.232379,0.049888
9972.5,0.230183,0.049530
9973.5,0.227975,0.049168
9974.5,0.225754,0.048803
9975.5,0.223521,0.048433
9976.5,0.221278,0.048061
9977.5,0.219025,0.047684
9978.5,0.216762,0.047305
9979.5,0.214490,0.046922
9980.5,0.212210,0.046536
9981.5,0.209922,0.046148
9982.5,0.207628,0.045756
9983.5,0.205328,0.045362
9984.5,0.203022,0.044965
9985.5,0.200711,0.044566
9986.5,0.198396,0.044164
9987.5,0.196078,0.043760
9988.5,0.193758,0.043354
9989.5,0.191435,0.042946
9990.5,0.189111,0.042536
9991.5,0.186786,0.042124
9992.5,0.184461,0.041710
9993.5,0.182137,0.041295
9994.5,0.179814,0.040879
9995.5,0.177492,0.040461
9996.5,0.175174,0.040042
9997.5,0.172859,0.039622
9998.5,0.170547,0.039201
9999.5,0.168240,0.038779
