# Atom GS2020 PRO MAX, NaI(Tl) Capescint 51x51 — измеренный спектр
# origin: Atom GS2020 PRO MAX, ПО Atom Spectra
# title: KCl, 1 л, 1085 г — рабочий спектр страницы K-40: часть 1 + часть 2, выровненные по шкале энергии части 1
# sample: хлорид калия (K-40 природной смеси изотопов калия)
# vessel: сосуд Маринелли 1 л, масса 1085 г
# derived: между частями пик K-40 сместился на +2,7 канала (0,09 %, центроид); отсчёты части 2 перебинованы на шкалу энергии части 1 с сохранением суммы отсчётов, затем сложены с частью 1; отсчёты поэтому дробные
# role: спектр, по которому построена страница K-40
# background: фон — файл bg_marinelli_water_1l_33.2h.csv, множитель по живому времени
# derived_spectrum: yes
# start_time: 2026-10-05T16:37:18
# end_time: 2026-10-09T08:58:09
# live_time_s: 317835.5
# real_time_s: 318051
# channels: 8192
# energy_scale_file: E_keV = c0 + c1*ch + c2*ch^2 + c3*ch^3 + c4*ch^4, ch = номер канала с 0 (столбец channel); коэффициенты — как записаны в исходном файле прибора. У каждого спектра своя шкала: сверять по пикам, не подставлять чужую
# energy_scale_file_coeffs: 3.65433919686524 0.410925651361521 4.48813599969944E-05 -1.27668057645201E-08 1.20234609621895E-12
# page_scale_1: страница K-40, образец (шкала части 1); coeffs: 4.945818911358418 0.42811643444674796 1.617112152776198e-05 -1.275363841520265e-09 -2.5382995858023444e-14; repr_max_dev_keV: 0.018998300966813986
# page_scale_note: шкала подгонки на странице (полином 4-й степени по каналам, получен калибровкой по пикам спектра); не равна шкале файла
channel,counts
0,0
1,0
2,0
3,0
4,0
5,0
6,0
7,0
8,0
9,0
10,0
11,0
12,0
13,0
14,0
15,0
16,0
17,0
18,0
19,0
20,0
21,0
22,0
23,0
24,0
25,0
26,0
27,0
28,0
29,0
30,0
31,0
32,0
33,0
34,0
35,0
36,2.315603
37,24.209277
38,107.179533
39,330.854912
40,1012.071153
41,2408.860069
42,4796.804423
43,8068.770448
44,12467.931867
45,16901.035285
46,21232.229429
47,24735.656293
48,27110.334847
49,29116.272535
50,30460.505511
51,31394.796197
52,32116.731134
53,32788.845742
54,33270.502036
55,33668.670025
56,34264.006824
57,34609.08791
58,34780.063969
59,35494.09198
60,36025.17114
61,36291.254432
62,37035.229053
63,37374.757487
64,38147.103236
65,38915.787834
66,39539.425467
67,40143.768874
68,40848.692904
69,41313.13547
70,41775.695187
71,42030.58339
72,42549.627488
73,43184.531902
74,43475.057395
75,44012.693006
76,44371.536548
77,44454.484715
78,44715.406813
79,44844.813822
80,45498.275487
81,45326.385711
82,45834.209637
83,46370.422842
84,46403.884391
85,46731.526557
86,46885.915176
87,47204.848401
88,47672.389175
89,47796.289529
90,48208.704288
91,48590.04858
92,48726.748685
93,49412.844113
94,50022.310459
95,50719.342566
96,51090.766376
97,51669.082986
98,52380.828355
99,53020.909965
100,53662.601373
101,54278.378299
102,54729.565072
103,56066.822919
104,56915.733775
105,57731.866565
106,58482.696369
107,59232.678958
108,60103.263619
109,61278.100445
110,62193.722884
111,63069.042206
112,64250.93763
113,65618.37382
114,66734.712027
115,67887.619736
116,68461.440264
117,69813.76101
118,71445.573605
119,72377.493605
120,73636.180016
121,75225.965829
122,76143.68558
123,77246.216692
124,79243.573728
125,80363.116818
126,81897.360848
127,83111.496911
128,84726.515278
129,85776.504191
130,87731.55706
131,88298.846357
132,89735.771326
133,91028.93596
134,92307.721413
135,93803.89016
136,94919.476152
137,96238.499961
138,97260.104369
139,99228.711912
140,100009.24245
141,101930.204191
142,102626.298551
143,104614.274459
144,105532.295087
145,106650.115098
146,108183.388332
147,109165.761672
148,110060.384647
149,111499.204062
150,113398.547994
151,114826.759574
152,116090.574776
153,116866.327784
154,118049.420541
155,119212.663724
156,121101.751391
157,122597.792501
158,123098.294165
159,124654.983578
160,126131.688837
161,127766.826441
162,128622.648142
163,129346.112441
164,130493.463742
165,131695.496649
166,133262.847854
167,133958.33126
168,135507.556572
169,135829.876186
170,136819.102982
171,137979.724826
172,138498.651293
173,139947.267531
174,140688.735431
175,141644.549257
176,141963.565763
177,142615.683118
178,143882.509731
179,144379.986523
180,144652.226087
181,145604.595199
182,146000.690219
183,147051.101569
184,147232.020677
185,148142.372707
186,148546.518968
187,148354.358231
188,149514.857286
189,149062.612361
190,150208.781044
191,149469.334606
192,150708.262678
193,151837.260603
194,151869.612997
195,152507.625499
196,152356.086575
197,151907.691373
198,152654.785103
199,152713.52433
200,152884.440539
201,153467.1462
202,154633.265626
203,154106.407133
204,153595.035459
205,153170.106631
206,154244.796582
207,153069.199615
208,153901.233686
209,153235.571062
210,152669.138198
211,153030.451139
212,152587.493847
213,151893.250715
214,152239.655029
215,151501.069527
216,151723.054344
217,152157.898962
218,151441.954954
219,151272.472359
220,151192.366408
221,150801.701185
222,151966.022326
223,150149.101113
224,149975.232929
225,150412.32076
226,150096.193169
227,149637.149541
228,149450.916801
229,149153.147752
230,148919.026185
231,148595.12953
232,148263.732442
233,148689.90159
234,147759.168043
235,148338.267061
236,147901.293791
237,146698.573778
238,146773.978773
239,146097.319477
240,146909.202192
241,145632.099787
242,145229.755004
243,144753.385568
244,144178.724296
245,144819.203125
246,143452.356841
247,143609.479286
248,143098.046172
249,142649.099599
250,142305.847987
251,141792.834485
252,141492.47986
253,140901.073286
254,140867.818965
255,140521.488467
256,140140.22945
257,139407.771541
258,138441.017924
259,138925.783493
260,138681.854473
261,137715.37462
262,137461.833291
263,137097.183037
264,136511.168824
265,135891.63281
266,135783.431069
267,135107.92257
268,134536.68429
269,134647.401939
270,134359.872045
271,133345.192354
272,132873.26686
273,132899.800799
274,133471.892646
275,132451.900324
276,131824.938485
277,131842.597663
278,131433.049618
279,130696.464498
280,130189.86374
281,129304.794404
282,129887.142319
283,129155.768358
284,128653.196126
285,128232.473563
286,127630.167253
287,126701.652098
288,126790.442534
289,126357.090963
290,125367.494022
291,125107.378035
292,124797.899263
293,124376.650007
294,124310.083316
295,123752.252989
296,122923.915121
297,122584.909137
298,122042.551541
299,121992.029053
300,120880.388592
301,121129.140941
302,120817.977652
303,120014.297807
304,119512.138624
305,119011.940998
306,118707.262163
307,119051.582547
308,117917.716976
309,117178.205711
310,116674.599769
311,116563.354138
312,116314.133822
313,115636.073175
314,114976.551721
315,114459.96678
316,114428.483974
317,113994.116273
318,113248.056484
319,113068.095869
320,112691.512532
321,112888.605116
322,111704.833411
323,111183.857508
324,110658.248025
325,109989.984085
326,110012.032169
327,108923.227649
328,108741.882838
329,108424.28223
330,108135.35835
331,107092.891418
332,106923.707403
333,106474.111302
334,106131.536637
335,105224.597601
336,104887.519286
337,104657.226575
338,103980.604528
339,103789.393061
340,103740.373601
341,102659.7503
342,102156.846183
343,102192.563151
344,101713.20419
345,101198.218954
346,100585.16625
347,100213.156827
348,100236.286828
349,99330.130408
350,98738.487663
351,98450.039149
352,98133.740761
353,98146.557026
354,97442.358714
355,97122.286622
356,96732.900053
357,96140.139032
358,95439.556237
359,95120.795737
360,94732.616961
361,94783.790711
362,93838.943417
363,93480.827047
364,93878.615905
365,92973.78002
366,92248.851221
367,92465.813249
368,91659.016248
369,90938.781969
370,90655.491362
371,90168.598581
372,90029.315852
373,89683.183979
374,89143.67059
375,88986.122357
376,88701.709191
377,88359.352484
378,87850.986541
379,87075.786465
380,87081.458214
381,86621.133639
382,86627.506938
383,86224.382391
384,85237.439715
385,85241.475531
386,84806.988809
387,84962.207711
388,84440.636854
389,83662.557877
390,83598.366606
391,83399.001185
392,83096.661912
393,82564.708009
394,82409.269958
395,82417.351161
396,81981.534248
397,81513.836916
398,81192.367005
399,80731.52409
400,80394.350443
401,80194.885575
402,79506.763651
403,79586.608303
404,79349.911057
405,78863.279315
406,78765.715224
407,78723.355129
408,78254.320662
409,78467.46636
410,77765.214391
411,77367.29631
412,76282.400103
413,76128.465286
414,76040.665787
415,76298.115293
416,76352.958656
417,75532.235935
418,75029.858787
419,74793.145007
420,74716.361003
421,74272.306152
422,74155.793076
423,74149.251782
424,73309.662687
425,73500.727463
426,72890.633436
427,72535.555271
428,72283.122525
429,72350.320215
430,71764.554764
431,71169.004532
432,71234.527847
433,71142.40496
434,70931.477865
435,70739.724794
436,69757.927364
437,70071.05409
438,70017.527984
439,69071.260221
440,69332.43417
441,68194.614227
442,68599.518968
443,68738.12317
444,68031.035582
445,67973.845314
446,67603.20875
447,67322.367031
448,66804.685563
449,66859.676704
450,66951.071454
451,66095.863633
452,66437.322043
453,66294.707281
454,65767.491215
455,65579.69977
456,65011.452005
457,64931.67165
458,64857.836886
459,64506.582432
460,64400.291052
461,64459.444075
462,64420.406736
463,64327.147791
464,63682.952525
465,62978.427958
466,63264.630297
467,63204.200234
468,63103.928572
469,63026.317128
470,62979.700879
471,63008.36809
472,62336.386946
473,62019.389617
474,61794.815864
475,61997.340097
476,61714.992103
477,61484.382088
478,61679.443962
479,61634.962092
480,61004.464456
481,61002.82498
482,60999.276864
483,60975.559084
484,60914.974527
485,60786.700849
486,60400.154329
487,60729.771059
488,60588.081474
489,59922.433789
490,60382.544075
491,60382.661981
492,59806.333901
493,59980.380784
494,59521.714384
495,59630.418537
496,59423.437312
497,59740.613161
498,59559.614332
499,59858.309169
500,59577.179623
501,59407.026391
502,59014.718977
503,58714.373664
504,58875.289591
505,59255.003749
506,58701.17263
507,58812.740224
508,58792.193545
509,58606.231362
510,58372.639903
511,58125.090488
512,58211.546681
513,57648.182483
514,58317.050194
515,58265.313057
516,58284.527234
517,57973.411963
518,57735.272718
519,57412.201037
520,57352.244152
521,57373.593312
522,56895.509618
523,57212.418905
524,56621.324314
525,56809.896248
526,56999.751211
527,56683.679197
528,56283.194895
529,56431.961148
530,56481.085261
531,55867.612613
532,55861.081747
533,55550.966156
534,55763.505216
535,55825.670417
536,55209.545303
537,55234.845008
538,55303.469843
539,54613.21721
540,54406.078189
541,54760.28737
542,54965.734675
543,55636.072462
544,55480.230966
545,55317.978395
546,54169.164006
547,52316.811882
548,52593.644731
549,51945.106149
550,51676.834641
551,51507.89054
552,50961.301402
553,51083.031578
554,50488.590645
555,50515.604956
556,50199.063533
557,49837.763628
558,49547.05008
559,49339.737982
560,49228.997177
561,48858.484944
562,48901.446981
563,48203.871733
564,48079.75623
565,47998.077855
566,47722.280031
567,47530.50895
568,47230.296045
569,46665.105533
570,46745.110981
571,46370.041072
572,46182.01066
573,46152.050218
574,45565.554221
575,45589.332828
576,45097.630222
577,45272.693696
578,44717.672308
579,44806.134775
580,44739.691847
581,44489.038209
582,43978.791602
583,44103.017933
584,43532.633997
585,43268.237886
586,43016.066655
587,43076.916876
588,42781.433739
589,42499.940556
590,42307.5125
591,42199.04724
592,42065.78324
593,41753.692125
594,41927.845655
595,41680.35503
596,41422.957443
597,41523.619453
598,41167.235378
599,40923.30098
600,40858.709527
601,40552.465342
602,40319.915851
603,40416.048859
604,39767.348484
605,39902.343581
606,39946.081639
607,39828.398003
608,39199.550717
609,39420.616889
610,39134.441006
611,39285.402242
612,38830.59005
613,38596.847326
614,38761.22847
615,38061.898217
616,38073.236785
617,38146.764826
618,38346.64466
619,38224.620509
620,38285.748674
621,37912.626752
622,37654.908589
623,37691.314102
624,37607.087288
625,37336.904584
626,37124.220363
627,36942.862961
628,37028.73686
629,36889.495286
630,36656.690395
631,36515.938875
632,36150.64576
633,36242.600756
634,35962.248268
635,35871.097305
636,36266.715314
637,35693.603296
638,35420.82301
639,35420.762579
640,35597.279781
641,35168.085198
642,35212.849218
643,35128.823296
644,35134.78856
645,34930.383853
646,34858.245749
647,34628.993402
648,34725.297112
649,34910.492506
650,34336.466943
651,34553.766783
652,34266.147642
653,33895.759141
654,33999.667268
655,34220.895713
656,33794.150903
657,33700.37312
658,33611.87399
659,33122.519916
660,33416.630475
661,33257.175387
662,33222.476623
663,32616.180457
664,32708.158507
665,32389.364387
666,32305.072659
667,32657.377812
668,32356.390047
669,32059.879607
670,32160.390751
671,31896.908419
672,31943.128863
673,31612.924959
674,31703.163082
675,31500.093953
676,31347.964606
677,31139.87601
678,31144.896975
679,30876.828582
680,30550.978957
681,30934.648668
682,30470.779695
683,30746.883809
684,30472.04746
685,30400.834179
686,30021.622306
687,30155.816284
688,29964.779341
689,29882.077966
690,30073.773027
691,29394.462044
692,29548.674926
693,29182.282936
694,29305.443548
695,29301.927877
696,29103.977576
697,29036.107475
698,28507.425638
699,28506.647
700,28694.556514
701,28703.306451
702,28444.182093
703,28154.716346
704,28446.630061
705,28176.719179
706,28065.336377
707,27994.845771
708,27896.531685
709,27695.937668
710,27745.195096
711,27330.597377
712,27167.678581
713,27200.744771
714,27533.147108
715,27063.763601
716,27134.256795
717,27016.241685
718,26983.401963
719,27011.096717
720,26809.871933
721,26802.45281
722,26915.561424
723,26776.185286
724,26548.340634
725,26690.828958
726,26502.620713
727,26075.375595
728,26337.240627
729,26637.066126
730,26124.012731
731,26243.74642
732,26291.804755
733,26066.458969
734,26268.210171
735,26220.53421
736,25956.044064
737,25784.784927
738,25818.437409
739,25886.458169
740,25687.765762
741,25658.345889
742,25735.959229
743,25503.092049
744,25611.053906
745,25674.975437
746,25425.645715
747,25336.695361
748,25279.166666
749,25065.552107
750,25161.322742
751,25011.853878
752,25176.852189
753,25010.745372
754,24786.984935
755,24788.656642
756,24844.109103
757,24778.966846
758,24638.536973
759,24681.199888
760,24962.381327
761,24737.801952
762,24871.942937
763,24604.690068
764,24698.316517
765,24393.423915
766,24341.264121
767,24276.340218
768,24400.641505
769,24267.060478
770,24386.456108
771,24411.481734
772,24523.026918
773,24115.786162
774,24141.336988
775,24122.801346
776,24093.284444
777,23768.750688
778,23804.077425
779,23504.152689
780,23742.278466
781,23700.381924
782,23242.380383
783,23452.663431
784,23355.747105
785,23245.61834
786,23244.156489
787,23255.682237
788,22908.744425
789,23062.891747
790,22492.475477
791,22678.909359
792,22768.366067
793,22825.199467
794,22560.77311
795,22528.462431
796,22336.637587
797,22451.96698
798,22238.174513
799,22085.45022
800,21900.118339
801,21731.36559
802,22024.727704
803,21939.076061
804,21765.363477
805,21676.607087
806,21513.766785
807,21558.749416
808,21384.248429
809,21246.044962
810,21184.502776
811,21238.092952
812,20855.469298
813,20728.390966
814,20755.804749
815,20669.195347
816,20694.275381
817,20620.881687
818,20410.800139
819,20061.346435
820,20342.568818
821,20277.506979
822,20238.413287
823,19816.793678
824,19865.974603
825,19722.339299
826,19557.762229
827,19713.031492
828,19589.187855
829,19435.678509
830,19159.211842
831,19045.109116
832,19065.204342
833,19238.126695
834,19217.155822
835,18883.747073
836,18825.769407
837,19003.834503
838,18739.084675
839,18628.100833
840,18581.597618
841,18615.931993
842,18539.091588
843,18317.208782
844,18453.482764
845,18422.906542
846,18389.031988
847,18635.159031
848,18047.363786
849,18018.511848
850,17774.71507
851,17747.90573
852,17827.187671
853,17872.11621
854,17887.868644
855,17918.587028
856,17550.080129
857,17498.568019
858,17713.338651
859,17583.521603
860,17602.113448
861,17387.808222
862,17620.530576
863,17422.840402
864,17354.773018
865,17399.158511
866,17460.079946
867,17075.8178
868,17187.96781
869,16989.632501
870,17092.217579
871,17072.516295
872,17255.826964
873,16809.3062
874,16876.002784
875,16737.835221
876,16962.476139
877,16845.966887
878,16948.984784
879,16810.285393
880,16783.792711
881,16673.057359
882,16669.036596
883,16456.371991
884,16456.259624
885,16404.586067
886,16541.946188
887,16532.270121
888,16339.327177
889,16265.68468
890,16248.215812
891,16560.150179
892,16236.723806
893,16497.385611
894,16228.281265
895,16243.635153
896,16117.265676
897,16093.009609
898,16004.967486
899,15864.698548
900,16132.930128
901,15827.315571
902,15774.305358
903,15883.602155
904,15915.978566
905,15835.389911
906,15658.954191
907,15853.883881
908,15601.266904
909,15994.888027
910,15776.382215
911,15839.295122
912,15613.99399
913,15894.494819
914,15772.801518
915,15794.987458
916,15662.142742
917,15595.063694
918,15442.969005
919,15560.884091
920,15591.385729
921,15522.308999
922,15592.371792
923,15527.682037
924,15410.655619
925,15317.799847
926,15363.269924
927,15520.580077
928,15213.521099
929,15243.296786
930,15337.242683
931,15414.170909
932,15318.977345
933,15257.158662
934,15349.688954
935,15140.966259
936,15063.008475
937,15131.643428
938,15548.85626
939,15213.726541
940,15161.881699
941,15330.420167
942,15270.590179
943,15130.959905
944,14999.156952
945,15307.089117
946,15325.524955
947,15131.206606
948,15082.429702
949,15008.246941
950,14946.596175
951,15041.315887
952,14970.16078
953,15014.960187
954,14956.542967
955,14897.795761
956,14792.904494
957,14705.964764
958,15017.444784
959,15107.591636
960,14792.919858
961,14820.534131
962,14714.284127
963,14864.062983
964,14709.456801
965,14605.118463
966,14743.414853
967,14379.327177
968,14660.729005
969,14614.751518
970,14405.982876
971,14702.739912
972,14536.625562
973,14400.696485
974,14481.349057
975,14330.198872
976,14553.749542
977,14298.198863
978,14333.041666
979,14215.84184
980,14389.664228
981,14404.3623
982,14255.236037
983,14229.487999
984,14417.633323
985,14018.857451
986,14264.2417
987,14072.284135
988,14103.297395
989,14189.444929
990,13907.102827
991,14065.997097
992,13890.660389
993,14003.446507
994,13861.051434
995,13866.506257
996,13825.285201
997,13905.215945
998,13785.606694
999,13605.801007
1000,13727.000211
1001,13646.907886
1002,13554.89822
1003,13443.099494
1004,13681.331732
1005,13335.854443
1006,13430.242092
1007,13516.241095
1008,13416.598825
1009,13438.504486
1010,13375.929269
1011,13222.375752
1012,13223.501676
1013,13233.712579
1014,13103.465517
1015,13385.223478
1016,13205.434397
1017,13028.113004
1018,13125.721415
1019,13320.582024
1020,13079.087403
1021,12985.373549
1022,13079.001662
1023,13059.900911
1024,13143.100576
1025,12792.03322
1026,12835.51004
1027,12829.119645
1028,13003.148169
1029,12830.054072
1030,12568.180791
1031,13077.976175
1032,12904.241997
1033,12920.614543
1034,12803.497351
1035,12664.854751
1036,12864.160062
1037,12702.764268
1038,12573.752735
1039,12838.858833
1040,12582.086409
1041,12505.627675
1042,12867.338602
1043,12736.610617
1044,12547.990985
1045,12414.156537
1046,12690.602896
1047,12398.088809
1048,12569.72655
1049,12443.805496
1050,12564.78689
1051,12608.006418
1052,12458.819996
1053,12150.459111
1054,12282.686552
1055,12272.867414
1056,12166.513335
1057,12348.144346
1058,12347.783689
1059,12181.857064
1060,12211.397032
1061,12256.165684
1062,12173.072637
1063,12359.509292
1064,12119.559155
1065,12101.53631
1066,12149.065583
1067,12189.069185
1068,12307.872545
1069,12438.484254
1070,12193.578679
1071,12158.619865
1072,12344.518662
1073,12283.768504
1074,12124.109606
1075,12229.189645
1076,12057.912181
1077,12217.782421
1078,12150.728251
1079,11917.434353
1080,12032.946409
1081,11931.91876
1082,11953.338117
1083,11983.603105
1084,11930.607781
1085,11953.665166
1086,12078.936364
1087,12059.084906
1088,12147.971405
1089,12084.054692
1090,12097.414924
1091,11998.793545
1092,12069.750033
1093,12028.889859
1094,11780.094868
1095,11879.756817
1096,12046.920771
1097,11897.661422
1098,11802.009003
1099,11965.074298
1100,11914.744378
1101,11921.354894
1102,11754.647672
1103,11843.124406
1104,11986.629015
1105,11978.382684
1106,11996.880059
1107,11789.677424
1108,11809.308986
1109,11823.361092
1110,11739.480803
1111,12069.396201
1112,12005.059529
1113,11797.803821
1114,11748.339927
1115,11640.610515
1116,11691.526546
1117,11727.137927
1118,11864.360845
1119,11799.589937
1120,11829.49554
1121,11529.655995
1122,11775.48295
1123,11725.61209
1124,11797.700493
1125,11775.615199
1126,11783.84038
1127,11580.908856
1128,11543.807462
1129,11681.979616
1130,11561.116901
1131,11618.401754
1132,11504.178975
1133,11641.612128
1134,11628.720318
1135,11535.15621
1136,11502.936511
1137,11618.431317
1138,11308.793125
1139,11576.474018
1140,11519.252474
1141,11457.20539
1142,11442.873736
1143,11478.20989
1144,11300.162757
1145,11371.92925
1146,11334.865528
1147,11266.075015
1148,11305.813661
1149,11280.627145
1150,11146.179867
1151,11245.871753
1152,11308.61173
1153,11123.252965
1154,11229.811217
1155,10981.468345
1156,11192.180773
1157,11126.279785
1158,11156.132492
1159,11116.025154
1160,11107.152143
1161,11040.329256
1162,10989.373244
1163,10793.330315
1164,10895.813147
1165,11002.47461
1166,10953.153342
1167,10909.698695
1168,10828.726947
1169,10947.806644
1170,10831.143366
1171,10888.307314
1172,10767.236827
1173,10740.236791
1174,11037.595125
1175,10668.688632
1176,10568.501713
1177,10654.304791
1178,10692.693416
1179,10653.982784
1180,10711.92635
1181,10730.903172
1182,10629.339603
1183,10678.51023
1184,10421.469384
1185,10608.092847
1186,10431.274571
1187,10441.694313
1188,10398.378895
1189,10393.910085
1190,10479.408238
1191,10525.337108
1192,10306.061963
1193,10353.169174
1194,10439.972935
1195,10199.173753
1196,10251.840043
1197,10211.729788
1198,10519.748382
1199,10320.825846
1200,10347.85279
1201,10154.133149
1202,10231.785802
1203,10234.59637
1204,10238.34385
1205,10225.063793
1206,10224.091471
1207,10243.173151
1208,10156.120543
1209,10141.303734
1210,10152.109813
1211,10120.119359
1212,10179.835371
1213,10155.976021
1214,10195.997468
1215,10218.23611
1216,10079.175911
1217,10092.50454
1218,10234.928967
1219,10100.549766
1220,10175.787144
1221,10152.754205
1222,10306.928854
1223,10188.288141
1224,10101.710257
1225,10296.257128
1226,10064.946723
1227,10062.376233
1228,9993.30611
1229,10170.909468
1230,9978.437355
1231,10198.501296
1232,10193.051431
1233,10033.823366
1234,10126.582838
1235,10178.168196
1236,10081.744226
1237,10111.924593
1238,10122.851506
1239,10110.832299
1240,10097.36967
1241,10186.284629
1242,10069.504133
1243,10173.775933
1244,10102.625024
1245,10011.874226
1246,10219.912229
1247,10080.252187
1248,10164.924057
1249,10213.660421
1250,10260.668354
1251,10026.490292
1252,10063.203759
1253,10329.053343
1254,10262.324367
1255,10178.196056
1256,10141.015327
1257,10222.770766
1258,10293.571079
1259,10188.483153
1260,10129.645823
1261,10198.517929
1262,10282.787767
1263,10188.760195
1264,10137.375594
1265,10325.378312
1266,10213.529228
1267,10362.224173
1268,10264.407195
1269,10317.909401
1270,10182.084767
1271,10281.927948
1272,10257.975467
1273,10321.49687
1274,10300.973765
1275,10265.435289
1276,10322.775506
1277,10262.456989
1278,10251.124587
1279,10207.537177
1280,10277.066964
1281,10342.279176
1282,10355.570598
1283,10186.060418
1284,10130.028903
1285,10337.177041
1286,10327.457354
1287,10449.262137
1288,10386.424193
1289,10406.61715
1290,10433.826015
1291,10335.107916
1292,10425.826251
1293,10475.006725
1294,10444.55325
1295,10384.4025
1296,10292.17495
1297,10463.087278
1298,10293.677182
1299,10163.455629
1300,10398.716182
1301,10332.89833
1302,10149.334542
1303,10160.851146
1304,10356.666849
1305,10389.752474
1306,10299.261502
1307,10401.567133
1308,10344.714744
1309,10391.116443
1310,10299.315473
1311,10402.132704
1312,10289.795268
1313,10380.796019
1314,10349.112777
1315,10254.997813
1316,10380.269538
1317,10081.806314
1318,9908.662756
1319,10419.876941
1320,10436.506765
1321,10310.523456
1322,10362.739892
1323,10262.617261
1324,10208.153493
1325,10227.439337
1326,10219.924942
1327,10191.538497
1328,10034.234065
1329,10254.346311
1330,10196.738693
1331,10135.360847
1332,10287.483965
1333,10186.111625
1334,10047.638622
1335,10176.9582
1336,10187.703811
1337,10157.229055
1338,10292.041046
1339,10150.492389
1340,10021.588222
1341,9939.749325
1342,10007.382879
1343,9824.276633
1344,9947.684265
1345,10003.818281
1346,9966.606808
1347,9812.330375
1348,9980.150466
1349,9811.506451
1350,9705.656841
1351,9744.837388
1352,9738.422226
1353,9917.617772
1354,9770.779291
1355,9678.934548
1356,9585.970555
1357,9492.835831
1358,9756.776058
1359,9531.93574
1360,9555.214174
1361,9611.566156
1362,9581.816923
1363,9543.821843
1364,9527.678709
1365,9503.656961
1366,9448.199938
1367,9418.151933
1368,9443.909867
1369,9334.751937
1370,9169.720441
1371,9156.013109
1372,9192.290233
1373,9194.798536
1374,9216.339974
1375,9306.343923
1376,9051.338006
1377,9233.522354
1378,9454.148398
1379,9138.523517
1380,9180.317248
1381,8992.105782
1382,8949.809494
1383,8919.886546
1384,8969.16729
1385,8847.715964
1386,8858.734554
1387,8960.880515
1388,8932.326433
1389,8983.618287
1390,8832.529385
1391,8809.818373
1392,8647.631352
1393,8623.603739
1394,8626.185607
1395,8755.665342
1396,8721.333959
1397,8679.571103
1398,8586.567827
1399,8639.780753
1400,8555.288711
1401,8514.075756
1402,8584.81143
1403,8323.539614
1404,8384.908049
1405,8502.990438
1406,8454.528115
1407,8375.410622
1408,8422.961695
1409,8428.283696
1410,8466.048171
1411,8421.212036
1412,8384.444043
1413,8302.54724
1414,8329.766674
1415,8170.758892
1416,8286.411852
1417,8342.325294
1418,8278.747001
1419,8209.339462
1420,8287.836402
1421,8246.227688
1422,8171.867149
1423,8230.643157
1424,8145.154245
1425,8212.906875
1426,8172.845285
1427,8027.568809
1428,7930.850934
1429,8142.238937
1430,8056.932681
1431,7997.987343
1432,7920.22359
1433,8010.144937
1434,8003.293554
1435,7986.631087
1436,7886.553763
1437,7963.171292
1438,7963.981223
1439,7847.548183
1440,7830.802239
1441,8073.308877
1442,7981.275925
1443,8003.58215
1444,7917.233553
1445,7760.982767
1446,7945.769271
1447,7656.689741
1448,7776.14943
1449,7895.071236
1450,7715.246233
1451,7709.541936
1452,7739.989992
1453,7860.617505
1454,7861.089594
1455,7815.610685
1456,7713.497884
1457,7852.365027
1458,7829.199386
1459,7751.761037
1460,7822.08002
1461,7831.254986
1462,7890.470351
1463,7748.26165
1464,7824.936704
1465,7710.453773
1466,7885.160947
1467,7817.113774
1468,7589.767853
1469,7534.86696
1470,7572.618974
1471,7840.385228
1472,7732.632248
1473,7641.390872
1474,7562.391666
1475,7733.670989
1476,7671.50975
1477,7530.013273
1478,7711.206252
1479,7693.387542
1480,7561.265466
1481,7606.078886
1482,7691.146431
1483,7768.148142
1484,7728.995015
1485,7658.669121
1486,7689.319779
1487,7738.393493
1488,7677.024694
1489,7602.102451
1490,7570.557965
1491,7579.731947
1492,7592.124447
1493,7541.020113
1494,7589.654891
1495,7572.085494
1496,7625.829157
1497,7522.813024
1498,7533.551446
1499,7547.738273
1500,7607.43174
1501,7659.360327
1502,7671.59372
1503,7685.983449
1504,7655.078597
1505,7654.399852
1506,7489.215345
1507,7634.931858
1508,7650.233867
1509,7507.359924
1510,7571.822087
1511,7372.952839
1512,7636.974148
1513,7569.099814
1514,7647.387717
1515,7570.364957
1516,7476.669526
1517,7665.674109
1518,7632.516448
1519,7374.149808
1520,7545.639934
1521,7540.321839
1522,7600.512753
1523,7585.87946
1524,7460.665048
1525,7444.963821
1526,7521.285497
1527,7386.549776
1528,7441.708501
1529,7467.518951
1530,7546.494185
1531,7520.939329
1532,7494.660154
1533,7512.483743
1534,7549.404171
1535,7544.205863
1536,7416.312399
1537,7407.572643
1538,7529.733994
1539,7487.411233
1540,7408.815512
1541,7448.752698
1542,7580.252033
1543,7459.527913
1544,7306.272465
1545,7408.270623
1546,7489.322376
1547,7554.947615
1548,7351.573812
1549,7387.665679
1550,7597.423116
1551,7435.427172
1552,7358.728429
1553,7503.697984
1554,7571.609339
1555,7459.74306
1556,7332.081445
1557,7225.405423
1558,7365.071737
1559,7473.8859
1560,7407.576336
1561,7319.046016
1562,7461.601629
1563,7476.054126
1564,7420.870091
1565,7588.289862
1566,7606.665122
1567,7287.085362
1568,7211.535197
1569,7296.487763
1570,7382.596398
1571,7431.429327
1572,7386.926846
1573,7170.904603
1574,7408.128164
1575,7340.117641
1576,7273.057524
1577,7239.186993
1578,7484.260669
1579,7434.85278
1580,7452.9515
1581,7419.433584
1582,7469.076037
1583,7397.119014
1584,7477.432574
1585,7399.057913
1586,7337.425479
1587,7265.924779
1588,7396.856684
1589,7267.331912
1590,7364.096949
1591,7291.133189
1592,7319.771489
1593,7453.54781
1594,7328.734907
1595,7317.88106
1596,7321.308329
1597,7349.115207
1598,7467.933472
1599,7358.643239
1600,7409.023716
1601,7203.23048
1602,7372.239599
1603,7477.135212
1604,7458.516485
1605,7401.524355
1606,7311.01865
1607,7509.899047
1608,7225.064436
1609,7191.508082
1610,7303.386871
1611,7265.020869
1612,7370.26357
1613,7278.891468
1614,7213.537517
1615,7295.412069
1616,7401.625255
1617,7215.516448
1618,7315.138337
1619,7254.539222
1620,7146.766429
1621,7235.651019
1622,7155.158685
1623,7212.714289
1624,7139.478705
1625,7293.507631
1626,7252.436277
1627,7224.271097
1628,7372.954564
1629,7236.000694
1630,7135.275322
1631,7241.589704
1632,7211.370941
1633,7222.976614
1634,7092.959171
1635,7332.417143
1636,7416.086235
1637,7286.027806
1638,7315.554763
1639,7119.498688
1640,7145.478102
1641,7135.478938
1642,7280.075461
1643,7188.536337
1644,7109.495322
1645,7163.532561
1646,7220.871744
1647,7138.64861
1648,7231.933689
1649,7198.203431
1650,7163.381038
1651,7204.166546
1652,7088.129731
1653,7020.520815
1654,7144.525066
1655,7281.043382
1656,7123.718224
1657,7165.184722
1658,7149.770076
1659,7175.423646
1660,7106.350819
1661,7194.475188
1662,7252.565466
1663,7067.624106
1664,7106.258479
1665,7158.693767
1666,7044.13238
1667,7031.50717
1668,7148.529199
1669,7339.456585
1670,7059.121016
1671,7221.953691
1672,7154.861023
1673,7070.296886
1674,7058.60507
1675,7014.277232
1676,7052.035242
1677,7220.076219
1678,7041.802888
1679,7103.770379
1680,7096.526557
1681,7134.590985
1682,7000.573473
1683,6980.373116
1684,7033.449841
1685,7171.878253
1686,7074.967258
1687,7039.569624
1688,7144.746502
1689,7037.497966
1690,7091.173351
1691,7153.247461
1692,7107.759026
1693,7011.183314
1694,7098.937562
1695,7070.146561
1696,7028.822148
1697,7012.303846
1698,7070.291918
1699,7016.137313
1700,7002.012311
1701,7131.315507
1702,7061.935758
1703,7226.076881
1704,7039.956943
1705,7060.290879
1706,7172.809565
1707,7104.809054
1708,7110.299238
1709,7066.668785
1710,6983.024593
1711,7041.265164
1712,7025.264753
1713,6981.48559
1714,6959.306699
1715,6997.37898
1716,7052.018613
1717,7068.745829
1718,6987.259302
1719,7045.395859
1720,6958.575436
1721,6928.129274
1722,6904.862076
1723,6981.459209
1724,7122.105907
1725,6973.845324
1726,6979.217895
1727,6975.480841
1728,6891.108764
1729,6911.5444
1730,7063.778681
1731,6847.716548
1732,6821.659286
1733,6920.529762
1734,6969.455764
1735,6842.410853
1736,6831.856702
1737,6933.542391
1738,6896.263923
1739,6826.33101
1740,6841.353323
1741,6918.54011
1742,6946.693966
1743,7038.04617
1744,6820.608108
1745,6906.785463
1746,6719.878017
1747,6855.242261
1748,6970.559358
1749,6860.961669
1750,6878.353119
1751,6788.661627
1752,6881.262235
1753,6918.023016
1754,6730.616627
1755,6906.07117
1756,6772.969558
1757,6753.668993
1758,6795.287294
1759,6899.609785
1760,6792.666357
1761,6904.960994
1762,6896.503496
1763,6903.831565
1764,6849.794425
1765,6874.095615
1766,6788.236562
1767,6933.221191
1768,6838.164845
1769,6781.042605
1770,6726.278212
1771,6824.760723
1772,6677.548713
1773,6679.90349
1774,6779.271351
1775,6768.418226
1776,6681.302951
1777,6525.501713
1778,6639.2935
1779,6916.788776
1780,6787.045257
1781,6858.593393
1782,6849.447356
1783,6895.906697
1784,6806.384326
1785,6859.453106
1786,6686.046574
1787,6858.591431
1788,6790.370276
1789,6623.176605
1790,6677.626882
1791,6871.611691
1792,6756.33803
1793,6729.474038
1794,6670.712933
1795,6705.431477
1796,6813.21957
1797,6854.738526
1798,6781.153694
1799,6799.43005
1800,6669.44744
1801,6836.963043
1802,6788.196211
1803,6734.676726
1804,6634.979303
1805,6715.0605
1806,6747.584356
1807,6649.38578
1808,6607.129753
1809,6653.669965
1810,6788.431576
1811,6820.383023
1812,6909.874915
1813,6682.952277
1814,6733.910215
1815,6851.258573
1816,6841.933163
1817,6828.879982
1818,6689.418467
1819,6701.448928
1820,6667.544194
1821,6605.037008
1822,6669.681707
1823,6577.14073
1824,6676.3515
1825,6666.53944
1826,6574.984061
1827,6651.468891
1828,6633.462715
1829,6751.878855
1830,6735.79704
1831,6908.437998
1832,6679.574316
1833,6737.068754
1834,6721.2245
1835,6755.42166
1836,6740.692685
1837,6720.279873
1838,6805.531948
1839,6640.317858
1840,6700.472958
1841,6761.894603
1842,6682.498332
1843,6605.329561
1844,6603.302476
1845,6540.328002
1846,6572.086735
1847,6619.022761
1848,6745.955659
1849,6670.662385
1850,6543.970451
1851,6679.41924
1852,6678.470069
1853,6688.191733
1854,6731.200946
1855,6875.213851
1856,6733.420546
1857,6661.301756
1858,6730.219276
1859,6643.382977
1860,6717.174263
1861,6798.474562
1862,6751.849973
1863,6528.22313
1864,6619.688669
1865,6731.816418
1866,6676.579784
1867,6651.937591
1868,6722.646556
1869,6852.669288
1870,6823.600201
1871,6753.902204
1872,6780.148116
1873,6766.07049
1874,6660.376009
1875,6667.150565
1876,6774.960061
1877,6728.809448
1878,6687.86438
1879,6670.306345
1880,6762.321652
1881,6591.222298
1882,6658.916586
1883,6688.554547
1884,6744.650403
1885,6647.991908
1886,6819.485491
1887,6702.155831
1888,6699.09103
1889,6610.04849
1890,6717.633421
1891,6627.384221
1892,6652.459444
1893,6667.722313
1894,6641.986093
1895,6703.51833
1896,6743.218931
1897,6757.430223
1898,6564.983605
1899,6686.686923
1900,6825.349223
1901,6609.896079
1902,6632.263524
1903,6793.689938
1904,6559.862094
1905,6676.572729
1906,6765.205267
1907,6801.138807
1908,6602.495205
1909,6731.775216
1910,6621.022933
1911,6781.256505
1912,6750.379507
1913,6771.558703
1914,6663.624699
1915,6661.853683
1916,6854.223292
1917,6729.057497
1918,6645.55766
1919,6770.573127
1920,6714.108449
1921,6905.211661
1922,6783.14988
1923,6869.227899
1924,6719.935636
1925,6781.545985
1926,6735.504161
1927,6790.259182
1928,6833.521867
1929,6801.785413
1930,6810.557497
1931,6782.620714
1932,6725.801006
1933,6781.520853
1934,6772.504037
1935,6767.51394
1936,6682.872585
1937,6835.323896
1938,6712.89665
1939,6818.929358
1940,6794.777403
1941,6800.18204
1942,6977.752721
1943,6861.251195
1944,6879.355786
1945,6765.155106
1946,6861.416042
1947,6869.188206
1948,6767.767243
1949,6898.884815
1950,6893.939828
1951,6821.688412
1952,6831.313983
1953,6978.878208
1954,6968.236949
1955,6963.646837
1956,6913.789864
1957,6875.238098
1958,6941.401049
1959,6979.540506
1960,6813.16925
1961,6911.588409
1962,6936.966781
1963,7062.803635
1964,6983.030447
1965,6947.782779
1966,6930.434396
1967,7036.745809
1968,6857.632335
1969,6891.537821
1970,6918.724673
1971,6972.596986
1972,6981.484977
1973,6872.149546
1974,6906.178337
1975,6978.568575
1976,6967.868311
1977,6998.348387
1978,7125.917052
1979,6779.785702
1980,6960.179467
1981,7047.881495
1982,7019.638586
1983,6922.917874
1984,6964.752822
1985,6762.013488
1986,6985.01268
1987,7043.297206
1988,6934.138305
1989,6992.68242
1990,7086.472486
1991,7205.563862
1992,7009.610023
1993,7053.106798
1994,7005.988502
1995,7139.938149
1996,7131.238243
1997,6867.962073
1998,6830.065351
1999,6995.132537
2000,7070.937562
2001,7108.456361
2002,6963.907298
2003,6900.99706
2004,7090.365118
2005,6918.682623
2006,7145.552503
2007,7089.483377
2008,7132.348104
2009,7070.106545
2010,7039.633761
2011,7013.869467
2012,7014.705484
2013,6984.918871
2014,7020.500082
2015,7142.651627
2016,7018.241579
2017,7100.533208
2018,7068.247725
2019,7100.571701
2020,7062.415379
2021,7010.428499
2022,7022.87717
2023,7023.537152
2024,7142.295195
2025,6988.332206
2026,7072.199345
2027,7043.422819
2028,7096.842514
2029,6983.372065
2030,7167.695487
2031,7129.655299
2032,7083.948686
2033,7100.412651
2034,7191.656929
2035,7109.156504
2036,6982.49497
2037,7004.764174
2038,7274.609927
2039,7131.835818
2040,7186.757731
2041,7227.032056
2042,7062.800714
2043,7118.697475
2044,6920.324737
2045,7127.285117
2046,7149.968557
2047,7196.478703
2048,7092.017632
2049,7177.419554
2050,7187.913979
2051,7056.757064
2052,7136.380982
2053,7198.720009
2054,7133.397561
2055,7193.930557
2056,7249.431423
2057,7220.741981
2058,7123.634614
2059,7161.332902
2060,7335.366817
2061,7125.364836
2062,7238.032935
2063,7289.344842
2064,7254.452228
2065,7153.238679
2066,7163.601139
2067,7208.154106
2068,7258.939191
2069,7220.758805
2070,7313.04505
2071,7329.855837
2072,7177.859983
2073,7253.481465
2074,7133.902277
2075,7270.83272
2076,7231.810258
2077,7390.6592
2078,7235.501155
2079,7265.379909
2080,7428.237801
2081,7347.619582
2082,7334.634954
2083,7334.491622
2084,7319.409867
2085,7379.347756
2086,7382.472769
2087,7191.040989
2088,7234.147083
2089,7295.052185
2090,7300.860229
2091,7315.135278
2092,7461.952504
2093,7363.329624
2094,7374.28061
2095,7343.524068
2096,7426.686782
2097,7366.847362
2098,7338.129003
2099,7256.608819
2100,7413.977224
2101,7269.227198
2102,7384.360474
2103,7371.417655
2104,7347.657134
2105,7269.318382
2106,7266.714447
2107,7320.371515
2108,7333.443809
2109,7370.956211
2110,7360.754279
2111,7241.372804
2112,7170.476048
2113,7268.02418
2114,7247.897862
2115,7300.266919
2116,7266.621099
2117,7144.837689
2118,7171.609411
2119,7273.947519
2120,7177.346912
2121,7240.826786
2122,7220.10299
2123,7363.123609
2124,7152.639871
2125,7252.007482
2126,7292.321897
2127,7216.52573
2128,7269.44395
2129,7179.569603
2130,7127.688476
2131,7212.955189
2132,7261.925176
2133,7233.826744
2134,7217.519057
2135,7241.078635
2136,7004.042375
2137,7208.094198
2138,7167.899775
2139,7093.307333
2140,7162.745657
2141,7102.019379
2142,7168.363322
2143,7082.262338
2144,7150.895498
2145,7046.835991
2146,7051.950869
2147,7106.002621
2148,7000.738106
2149,6996.121052
2150,7155.767479
2151,7188.448074
2152,7029.283536
2153,7015.342489
2154,6945.433815
2155,7002.552791
2156,7168.367162
2157,7050.011249
2158,6961.597021
2159,6972.072915
2160,7019.997779
2161,7044.204399
2162,6957.119473
2163,6943.79349
2164,7054.35172
2165,6987.532452
2166,6928.796194
2167,6823.945813
2168,6851.232379
2169,6874.412308
2170,6931.29302
2171,6828.887427
2172,6808.114418
2173,6923.541751
2174,6912.336181
2175,6832.506252
2176,6967.05618
2177,6797.910434
2178,6850.310088
2179,6850.861595
2180,6976.597483
2181,6941.471687
2182,6828.843256
2183,6827.718914
2184,6708.641172
2185,6655.94218
2186,6813.835303
2187,6859.133547
2188,6830.903452
2189,6776.094873
2190,6736.403137
2191,6810.814832
2192,6779.492777
2193,6766.689301
2194,6845.417753
2195,6741.815617
2196,6776.960084
2197,6690.550655
2198,6753.940001
2199,6686.408019
2200,6858.662058
2201,6885.684444
2202,6774.528977
2203,6886.001462
2204,6764.36061
2205,6786.474414
2206,6858.628618
2207,6757.233148
2208,6739.678067
2209,6804.439865
2210,6868.076731
2211,6812.860025
2212,6731.075352
2213,6742.271481
2214,6793.997751
2215,6674.301157
2216,6694.527803
2217,6765.217028
2218,6821.577715
2219,6758.091435
2220,6830.674618
2221,6835.826724
2222,6729.845496
2223,6779.244754
2224,6766.543927
2225,6797.39047
2226,6752.759981
2227,6834.114459
2228,6865.931879
2229,6773.160581
2230,6774.403811
2231,6778.960913
2232,6779.690069
2233,6819.300863
2234,6796.684724
2235,6766.375409
2236,6798.960154
2237,6773.154736
2238,6776.330197
2239,6722.274969
2240,6785.234275
2241,6829.006957
2242,6821.690637
2243,6771.981157
2244,6817.544016
2245,6809.314895
2246,6802.575966
2247,6724.385784
2248,6760.900286
2249,6697.728347
2250,6723.651012
2251,6936.134119
2252,6890.322156
2253,6900.020438
2254,6784.338324
2255,6883.123185
2256,6790.773287
2257,6862.113402
2258,6833.751568
2259,6772.855672
2260,6907.220634
2261,6729.474187
2262,6889.950308
2263,6822.638856
2264,6740.780444
2265,6852.0275
2266,6815.465469
2267,6829.260806
2268,6759.626616
2269,6912.522856
2270,6819.80693
2271,6827.727492
2272,6981.909713
2273,7041.780908
2274,6876.71874
2275,6846.261362
2276,6962.792706
2277,6779.077082
2278,6789.81146
2279,6825.240012
2280,6904.405802
2281,6809.968599
2282,6827.280795
2283,6938.629813
2284,6958.710138
2285,6868.580628
2286,6816.058688
2287,6793.953415
2288,6953.134455
2289,6919.131349
2290,6939.402644
2291,6766.378561
2292,6834.976595
2293,6985.133686
2294,6956.457693
2295,6880.387234
2296,6993.612326
2297,6931.41711
2298,6921.351655
2299,6812.90112
2300,7126.93512
2301,7071.395654
2302,7030.77714
2303,7001.99713
2304,6943.232029
2305,6886.024838
2306,6998.348945
2307,6942.428584
2308,7036.930985
2309,7079.026758
2310,6969.135299
2311,6987.391187
2312,7015.590875
2313,7075.881447
2314,6988.093072
2315,7064.87166
2316,7069.375282
2317,7026.897676
2318,7024.074155
2319,7040.230797
2320,7080.320369
2321,7080.390595
2322,7160.666616
2323,6958.936785
2324,6997.019771
2325,7117.758988
2326,7067.845936
2327,7285.197838
2328,6910.260419
2329,7160.023195
2330,7196.324537
2331,7034.607009
2332,7061.99584
2333,7017.193545
2334,7002.687455
2335,7060.050474
2336,7296.170325
2337,7106.312228
2338,7147.535514
2339,7074.228623
2340,7222.173641
2341,7204.454237
2342,7209.228647
2343,6955.611784
2344,7259.352658
2345,7089.539632
2346,7112.845183
2347,7108.819822
2348,7067.598393
2349,7151.219102
2350,7294.710404
2351,7124.536146
2352,7321.454506
2353,7289.048403
2354,7247.954893
2355,7229.550134
2356,7149.143367
2357,7309.233342
2358,7288.164944
2359,7192.926271
2360,7182.612225
2361,7208.767174
2362,7401.519089
2363,7367.517766
2364,7200.440247
2365,7352.543906
2366,7223.635863
2367,7265.281021
2368,7044.457409
2369,7322.239277
2370,7443.79663
2371,7339.793668
2372,7263.730408
2373,7456.911907
2374,7357.211128
2375,7418.789059
2376,7264.300446
2377,7456.075977
2378,7375.291923
2379,7390.5257
2380,7475.491919
2381,7231.945812
2382,7255.56446
2383,7374.286509
2384,7423.140864
2385,7363.021034
2386,7313.049696
2387,7387.881252
2388,7533.784937
2389,7384.882631
2390,7382.703525
2391,7407.259698
2392,7485.367768
2393,7297.830939
2394,7455.243463
2395,7431.466713
2396,7446.863397
2397,7341.942024
2398,7312.419284
2399,7371.357927
2400,7377.369425
2401,7390.968294
2402,7498.784646
2403,7427.461802
2404,7463.697166
2405,7614.848767
2406,7477.733261
2407,7538.442964
2408,7408.346075
2409,7336.361326
2410,7498.482252
2411,7544.320538
2412,7555.37764
2413,7422.933901
2414,7537.874328
2415,7496.845787
2416,7354.27204
2417,7449.086201
2418,7440.498841
2419,7491.007378
2420,7566.983564
2421,7413.821494
2422,7562.7121
2423,7723.310012
2424,7546.983389
2425,7563.86525
2426,7593.469847
2427,7514.719956
2428,7528.948544
2429,7481.245862
2430,7590.242335
2431,7526.269095
2432,7375.047647
2433,7608.110768
2434,7550.540651
2435,7586.640318
2436,7555.876127
2437,7340.612741
2438,7472.061323
2439,7446.652126
2440,7697.496433
2441,7624.222104
2442,7576.799252
2443,7657.244307
2444,7680.748107
2445,7673.945326
2446,7460.723909
2447,7490.218473
2448,7496.074514
2449,7584.05579
2450,7604.558242
2451,7533.057071
2452,7480.481747
2453,7639.315512
2454,7652.778902
2455,7470.702699
2456,7480.013684
2457,7637.463768
2458,7475.981773
2459,7515.34492
2460,7547.368847
2461,7546.760564
2462,7587.045472
2463,7550.82432
2464,7610.719298
2465,7555.461018
2466,7561.712111
2467,7583.876426
2468,7576.513358
2469,7638.005355
2470,7447.699717
2471,7500.579226
2472,7674.644084
2473,7590.031647
2474,7536.368581
2475,7602.655061
2476,7665.472496
2477,7547.812247
2478,7553.710353
2479,7625.808402
2480,7497.321813
2481,7494.810233
2482,7644.707624
2483,7647.766245
2484,7633.16023
2485,7619.692427
2486,7597.857786
2487,7549.293732
2488,7568.375164
2489,7460.295075
2490,7504.521479
2491,7469.406473
2492,7640.637982
2493,7591.165383
2494,7809.474565
2495,7733.895062
2496,7541.210065
2497,7486.42102
2498,7488.511064
2499,7437.96016
2500,7522.868678
2501,7540.46873
2502,7501.701115
2503,7534.078433
2504,7527.637811
2505,7566.968958
2506,7505.228858
2507,7603.973551
2508,7386.273013
2509,7461.076336
2510,7600.131689
2511,7532.446489
2512,7532.394608
2513,7566.987868
2514,7486.147912
2515,7436.179744
2516,7571.599518
2517,7451.356639
2518,7496.54888
2519,7521.613845
2520,7552.981439
2521,7490.954438
2522,7489.081693
2523,7508.79669
2524,7471.172138
2525,7388.646575
2526,7361.785206
2527,7306.440389
2528,7486.694469
2529,7390.288716
2530,7512.698593
2531,7540.560384
2532,7434.368026
2533,7438.018104
2534,7429.904845
2535,7506.543238
2536,7380.230552
2537,7482.578554
2538,7513.06647
2539,7481.471253
2540,7474.723437
2541,7347.755024
2542,7291.697262
2543,7230.366199
2544,7360.887401
2545,7314.137688
2546,7343.259107
2547,7368.749611
2548,7211.680983
2549,7362.459079
2550,7219.583692
2551,7263.444584
2552,7293.118836
2553,7189.13937
2554,7164.333917
2555,7227.3348
2556,7181.968568
2557,7238.583679
2558,7180.758375
2559,7087.701644
2560,7011.842319
2561,7156.831105
2562,7177.263933
2563,7231.581916
2564,7050.384596
2565,7060.791172
2566,7081.89072
2567,7125.959772
2568,7095.62658
2569,6923.855853
2570,7053.262539
2571,7044.448461
2572,6999.459969
2573,7033.879137
2574,6980.412939
2575,7024.868098
2576,7025.886773
2577,6923.058617
2578,6839.95786
2579,6923.795749
2580,6823.189191
2581,6822.512616
2582,6972.962894
2583,6826.107809
2584,6820.508009
2585,6888.746815
2586,6894.976003
2587,6763.211987
2588,6735.995697
2589,6692.248872
2590,6684.207683
2591,6706.046691
2592,6636.726961
2593,6794.732753
2594,6643.327667
2595,6637.724772
2596,6741.979581
2597,6640.524617
2598,6556.343849
2599,6587.628417
2600,6533.06296
2601,6554.083701
2602,6509.814149
2603,6498.054659
2604,6376.49554
2605,6380.291813
2606,6377.518718
2607,6233.683438
2608,6261.902799
2609,6265.919332
2610,6275.381551
2611,6304.446627
2612,6286.626623
2613,6108.981491
2614,6277.158921
2615,6125.940767
2616,6127.713876
2617,6036.819345
2618,6050.055814
2619,6145.192761
2620,6036.747715
2621,6004.426381
2622,5949.094227
2623,6025.542674
2624,5812.819475
2625,5795.390803
2626,5914.720103
2627,5915.050952
2628,5802.610493
2629,5830.802867
2630,5775.891628
2631,5662.196246
2632,5685.724408
2633,5673.676938
2634,5617.020065
2635,5672.625579
2636,5531.25693
2637,5467.06319
2638,5526.069306
2639,5473.597212
2640,5502.78753
2641,5551.340157
2642,5413.632323
2643,5507.729863
2644,5322.72775
2645,5310.621842
2646,5226.011394
2647,5225.898192
2648,5157.594717
2649,5190.236741
2650,5126.984627
2651,5219.947798
2652,5155.220133
2653,5043.411507
2654,5124.843509
2655,5056.263593
2656,5151.139366
2657,5126.769027
2658,4956.939156
2659,4971.920774
2660,4790.210727
2661,4853.990493
2662,4906.071406
2663,4810.32583
2664,4836.262096
2665,4848.488756
2666,4698.756111
2667,4553.156345
2668,4546.357682
2669,4669.436771
2670,4560.189964
2671,4523.473636
2672,4595.762443
2673,4513.534731
2674,4489.090623
2675,4532.007749
2676,4453.46949
2677,4377.735276
2678,4345.250406
2679,4347.78788
2680,4481.754149
2681,4299.284754
2682,4283.105142
2683,4299.558841
2684,4165.861226
2685,4282.312214
2686,4195.430981
2687,4166.750949
2688,4183.623555
2689,4168.449196
2690,4098.564868
2691,4076.688424
2692,4061.770666
2693,3995.713457
2694,3936.543723
2695,3879.797411
2696,3997.376635
2697,3859.54356
2698,3874.569969
2699,3877.866768
2700,3903.898172
2701,3790.448122
2702,3788.477997
2703,3847.343839
2704,3805.20938
2705,3826.177558
2706,3714.196751
2707,3735.007499
2708,3700.167318
2709,3709.954625
2710,3691.489515
2711,3632.285409
2712,3500.309295
2713,3662.960139
2714,3515.165199
2715,3619.076715
2716,3520.051813
2717,3572.599039
2718,3494.637732
2719,3501.623418
2720,3382.547189
2721,3284.61346
2722,3468.864539
2723,3332.123318
2724,3234.532484
2725,3353.886344
2726,3311.446461
2727,3420.550703
2728,3263.671719
2729,3214.002767
2730,3202.481795
2731,3273.042513
2732,3092.056797
2733,3127.305127
2734,3193.009009
2735,3173.572113
2736,3198.464014
2737,3015.325007
2738,3096.20979
2739,3097.069128
2740,2981.781211
2741,3097.183533
2742,3005.065956
2743,3181.847222
2744,2954.459019
2745,3036.893305
2746,2983.321575
2747,2970.877942
2748,2913.492691
2749,2865.479644
2750,2938.894041
2751,2909.387191
2752,2900.503806
2753,2866.449038
2754,2864.377819
2755,2888.059597
2756,2792.659744
2757,2777.954195
2758,2843.01465
2759,2839.090518
2760,2847.544163
2761,2777.404267
2762,2759.632692
2763,2767.174918
2764,2766.827829
2765,2762.488383
2766,2652.479904
2767,2734.979429
2768,2669.065487
2769,2665.005725
2770,2765.891979
2771,2599.109686
2772,2629.501255
2773,2659.430023
2774,2615.63664
2775,2625.740132
2776,2584.527725
2777,2672.620317
2778,2597.938392
2779,2507.285546
2780,2539.416392
2781,2518.071424
2782,2572.607776
2783,2527.968962
2784,2506.449291
2785,2568.045289
2786,2486.534885
2787,2502.855348
2788,2442.950058
2789,2470.77674
2790,2496.714373
2791,2429.99237
2792,2462.508425
2793,2425.010603
2794,2381.835626
2795,2334.553373
2796,2386.229187
2797,2312.373054
2798,2368.67339
2799,2406.294443
2800,2353.869169
2801,2376.17901
2802,2389.013006
2803,2293.846581
2804,2333.973544
2805,2306.693715
2806,2306.209579
2807,2260.775253
2808,2239.109338
2809,2239.905667
2810,2299.330447
2811,2284.196006
2812,2306.082149
2813,2264.276929
2814,2212.855076
2815,2189.760444
2816,2221.421972
2817,2263.801505
2818,2188.722722
2819,2266.470066
2820,2203.364229
2821,2193.174552
2822,2216.300654
2823,2146.483619
2824,2201.063783
2825,2122.042738
2826,2128.984194
2827,2153.522305
2828,2133.134105
2829,2078.718736
2830,2119.077481
2831,2182.52056
2832,2129.431234
2833,2234.33363
2834,2169.744936
2835,2157.897588
2836,2166.554256
2837,2143.977541
2838,2140.004617
2839,2126.683626
2840,2145.701121
2841,2104.72707
2842,1998.328694
2843,2129.017955
2844,2054.831967
2845,2070.628657
2846,2025.741542
2847,2180.683574
2848,2098.169904
2849,2026.021068
2850,2019.626042
2851,2092.390334
2852,2110.732324
2853,2106.997878
2854,2065.666131
2855,2022.919392
2856,2058.520229
2857,2083.027238
2858,2096.474081
2859,2145.345203
2860,2058.406501
2861,2067.084829
2862,2118.996075
2863,2112.775326
2864,2047.404156
2865,2006.240546
2866,1992.646277
2867,2016.677799
2868,2063.980855
2869,2045.783686
2870,2062.477521
2871,2073.035053
2872,2127.977933
2873,2058.272806
2874,2008.39879
2875,2001.316863
2876,2033.205954
2877,2132.993796
2878,2027.919274
2879,2005.351622
2880,2047.295011
2881,1992.513339
2882,2065.459938
2883,2024.601117
2884,2055.589248
2885,2031.593525
2886,2093.748419
2887,2025.494748
2888,2070.726613
2889,2078.680713
2890,2100.72245
2891,2052.560876
2892,2084.68876
2893,2092.024492
2894,2103.49035
2895,2135.232944
2896,2091.861603
2897,2105.128623
2898,2165.048806
2899,2122.336276
2900,2119.620711
2901,2095.811343
2902,2097.373145
2903,2152.738841
2904,2173.93295
2905,2215.532106
2906,2164.861796
2907,2196.083554
2908,2205.947764
2909,2218.485514
2910,2275.064054
2911,2310.491091
2912,2258.803401
2913,2248.206119
2914,2271.267489
2915,2300.062054
2916,2326.524141
2917,2288.740646
2918,2281.381416
2919,2286.923453
2920,2350.945325
2921,2372.471211
2922,2375.531538
2923,2349.259981
2924,2376.549707
2925,2382.555591
2926,2389.598316
2927,2424.943834
2928,2435.750689
2929,2457.05991
2930,2502.919672
2931,2565.964547
2932,2533.426558
2933,2612.501703
2934,2670.081775
2935,2610.387738
2936,2658.375897
2937,2688.193094
2938,2694.300429
2939,2662.959881
2940,2741.889426
2941,2804.072838
2942,2748.48556
2943,2785.264936
2944,2769.533964
2945,2777.070542
2946,2873.716014
2947,2868.306277
2948,2859.044492
2949,2888.310157
2950,3006.931515
2951,3006.299715
2952,3117.916146
2953,3132.588876
2954,3123.788569
2955,3148.290299
2956,3189.353914
2957,3279.641155
2958,3269.216124
2959,3301.979517
2960,3344.69683
2961,3360.96831
2962,3352.076978
2963,3465.963748
2964,3532.185671
2965,3593.590013
2966,3620.918271
2967,3668.73558
2968,3666.379296
2969,3741.323382
2970,3852.541427
2971,3898.282748
2972,3850.293807
2973,3962.813592
2974,3975.505162
2975,4020.886886
2976,4082.423558
2977,4072.360247
2978,4158.257989
2979,4314.873959
2980,4327.06913
2981,4422.758161
2982,4465.034982
2983,4445.771997
2984,4547.578666
2985,4591.403403
2986,4700.457703
2987,4770.896954
2988,4827.306627
2989,4995.115906
2990,5024.779322
2991,5074.110962
2992,5206.453521
2993,5296.437735
2994,5331.237381
2995,5340.329232
2996,5547.313358
2997,5498.39609
2998,5651.783138
2999,5724.433739
3000,5814.2515
3001,6033.215757
3002,5910.255683
3003,6051.949271
3004,6077.545904
3005,6237.888897
3006,6449.836508
3007,6404.613276
3008,6505.566332
3009,6709.282571
3010,6704.965804
3011,6824.031238
3012,6889.230245
3013,7011.943579
3014,7111.455089
3015,7194.216695
3016,7392.088269
3017,7606.645633
3018,7640.901319
3019,7623.475345
3020,7813.119533
3021,7918.516648
3022,8104.039775
3023,8029.355714
3024,8330.649911
3025,8482.296509
3026,8633.959688
3027,8613.610917
3028,8710.857357
3029,8881.88925
3030,9094.537579
3031,9052.817204
3032,9258.754463
3033,9484.351598
3034,9722.635895
3035,9797.044772
3036,9936.789977
3037,10035.318629
3038,10122.135843
3039,10365.075826
3040,10479.66275
3041,10561.270841
3042,10878.885603
3043,10913.497211
3044,10963.969802
3045,11140.642904
3046,11391.148777
3047,11600.019017
3048,11604.18049
3049,11997.348067
3050,11910.904135
3051,12121.641341
3052,12274.083974
3053,12337.149924
3054,12588.633396
3055,12755.580588
3056,13050.719887
3057,13075.380097
3058,13320.528531
3059,13350.373637
3060,13533.72605
3061,13409.554099
3062,13820.662234
3063,13966.720345
3064,14052.336761
3065,14226.637286
3066,14498.249752
3067,14539.366498
3068,14718.095927
3069,14851.710148
3070,15271.300107
3071,15184.189635
3072,15359.068349
3073,15680.571966
3074,15612.965574
3075,15900.057449
3076,15881.864432
3077,16191.218629
3078,16071.658457
3079,16302.296702
3080,16557.390984
3081,16471.312199
3082,16918.535566
3083,16967.943398
3084,17333.938876
3085,17315.566783
3086,17658.920624
3087,17707.996143
3088,17642.879479
3089,17564.814163
3090,17970.908038
3091,17981.011924
3092,18139.872498
3093,18442.406652
3094,18620.034054
3095,18683.815818
3096,18645.058918
3097,18896.556408
3098,18818.78276
3099,18721.79554
3100,19201.949665
3101,19338.866293
3102,19297.363961
3103,19402.863382
3104,19503.848966
3105,19568.60947
3106,19697.81258
3107,19680.849544
3108,19919.03665
3109,19953.036979
3110,20138.3879
3111,20199.401695
3112,20043.887527
3113,20295.711997
3114,20168.066106
3115,20447.810786
3116,20108.253229
3117,20395.510208
3118,20424.590125
3119,20569.802064
3120,20199.217614
3121,20756.376593
3122,20781.953157
3123,20501.545649
3124,20882.418463
3125,20659.317749
3126,20607.162208
3127,20649.888994
3128,20675.557646
3129,21010.130106
3130,20690.800557
3131,20772.829911
3132,20532.030884
3133,20619.8055
3134,20617.713729
3135,20337.687766
3136,20378.99796
3137,20653.408805
3138,20567.948675
3139,20676.245595
3140,20508.777963
3141,20439.613271
3142,20224.069177
3143,20303.087162
3144,20276.493694
3145,20092.96808
3146,20142.300043
3147,20147.398713
3148,19746.827969
3149,19984.941787
3150,19583.427814
3151,19810.044887
3152,19557.895765
3153,19576.434448
3154,19416.611501
3155,19544.453791
3156,19307.511238
3157,19278.706257
3158,19062.227781
3159,19030.131387
3160,18915.481558
3161,18769.623211
3162,18558.354699
3163,18439.196618
3164,18266.625576
3165,18146.881015
3166,18209.818765
3167,17868.369973
3168,17960.173693
3169,17706.112848
3170,17508.051311
3171,17422.846338
3172,17142.750454
3173,16884.069376
3174,16886.635234
3175,16467.934124
3176,16411.57534
3177,16060.766544
3178,16242.519941
3179,15994.573743
3180,15855.859794
3181,15786.372718
3182,15602.826268
3183,15342.919901
3184,15317.934014
3185,15125.975079
3186,15001.207874
3187,14746.646347
3188,14553.654067
3189,14409.823627
3190,14180.490621
3191,14343.724325
3192,13812.283926
3193,13712.397235
3194,13376.597705
3195,13437.033038
3196,13074.027297
3197,12735.531762
3198,12854.192528
3199,12735.225996
3200,12347.410264
3201,12298.913876
3202,12178.076881
3203,11969.71617
3204,11645.448236
3205,11428.824217
3206,11422.870231
3207,11142.039779
3208,11000.143474
3209,10952.072815
3210,10667.563688
3211,10517.463539
3212,10403.415209
3213,10091.906309
3214,9829.089539
3215,9847.325816
3216,9552.752972
3217,9426.163565
3218,9272.485458
3219,9146.832471
3220,8937.279683
3221,8746.896332
3222,8845.955015
3223,8501.892892
3224,8417.160143
3225,8236.838486
3226,8055.387798
3227,8090.294728
3228,7813.867609
3229,7657.476019
3230,7581.652753
3231,7576.008269
3232,7093.637793
3233,6981.16513
3234,6958.175085
3235,6618.327061
3236,6685.153503
3237,6584.29487
3238,6494.738338
3239,6241.222671
3240,6136.582968
3241,5966.122965
3242,5925.344842
3243,5831.804901
3244,5807.529287
3245,5588.753317
3246,5459.396377
3247,5308.133652
3248,5331.701521
3249,5066.066208
3250,5021.851097
3251,4999.4344
3252,4778.04393
3253,4651.961673
3254,4557.172067
3255,4537.445145
3256,4411.015689
3257,4396.829891
3258,4247.053209
3259,4171.286163
3260,4055.104695
3261,3867.865831
3262,3863.04665
3263,3858.887369
3264,3613.556525
3265,3649.43074
3266,3546.422528
3267,3329.646252
3268,3291.333119
3269,3281.389488
3270,3214.669288
3271,3169.736519
3272,3105.3571
3273,2966.692623
3274,2868.351796
3275,2867.78105
3276,2808.661277
3277,2788.690902
3278,2612.318284
3279,2613.248348
3280,2560.511612
3281,2492.509792
3282,2514.972901
3283,2405.411157
3284,2341.219416
3285,2270.311214
3286,2208.672011
3287,2179.903414
3288,2135.243004
3289,2199.409789
3290,2093.324055
3291,2071.585636
3292,1941.091146
3293,1958.759314
3294,1872.440009
3295,1821.309946
3296,1826.636242
3297,1828.263503
3298,1739.456531
3299,1686.846795
3300,1712.577679
3301,1596.272323
3302,1590.881927
3303,1571.254229
3304,1558.568873
3305,1555.780619
3306,1473.254834
3307,1432.73506
3308,1443.471366
3309,1405.996326
3310,1352.050881
3311,1385.48712
3312,1302.958249
3313,1281.06199
3314,1217.298437
3315,1238.569024
3316,1178.427342
3317,1193.98936
3318,1249.072024
3319,1203.684464
3320,1134.679724
3321,1162.478182
3322,1135.708159
3323,1130.99512
3324,1030.000214
3325,1065.482508
3326,986.638171
3327,980.895787
3328,961.515365
3329,1027.689341
3330,972.006132
3331,916.209831
3332,936.377593
3333,991.630333
3334,938.517008
3335,920.3799
3336,924.953987
3337,870.643699
3338,860.20884
3339,845.613988
3340,865.338011
3341,791.469436
3342,828.682992
3343,813.347151
3344,811.511324
3345,774.539657
3346,814.481446
3347,798.502279
3348,797.49101
3349,756.631506
3350,787.550074
3351,717.638192
3352,782.334802
3353,702.82177
3354,745.446017
3355,675.918776
3356,680.841106
3357,693.899651
3358,712.837193
3359,678.023294
3360,672.339878
3361,686.284924
3362,714.150483
3363,672.288997
3364,622.055007
3365,688.779638
3366,607.845173
3367,588.507172
3368,629.846555
3369,561.919508
3370,671.865756
3371,549.841265
3372,622.112871
3373,571.833358
3374,642.563419
3375,582.497554
3376,526.628341
3377,567.946155
3378,610.749538
3379,561.668493
3380,572.494913
3381,576.813937
3382,527.624959
3383,524.551036
3384,527.033759
3385,543.819073
3386,547.695257
3387,545.442531
3388,561.10264
3389,558.167551
3390,507.872457
3391,542.445745
3392,542.605314
3393,497.075836
3394,559.071734
3395,498.60169
3396,523.992741
3397,491.514252
3398,512.060725
3399,528.90784
3400,512.795707
3401,500.029619
3402,490.75268
3403,484.298129
3404,471.24768
3405,480.821878
3406,459.242585
3407,474.08691
3408,468.151187
3409,452.401052
3410,444.345775
3411,456.288141
3412,462.937649
3413,445.100886
3414,434.271078
3415,467.758617
3416,451.281517
3417,447.311127
3418,451.202225
3419,408.790097
3420,421.259866
3421,417.853477
3422,398.284593
3423,416.108555
3424,406.845161
3425,417.558796
3426,435.553951
3427,405.700014
3428,413.062672
3429,389.385183
3430,422.825915
3431,410.706538
3432,403.951603
3433,415.560925
3434,427.609168
3435,370.778842
3436,410.171002
3437,426.154955
3438,379.092316
3439,386.519188
3440,382.784476
3441,400.984803
3442,400.527339
3443,400.183976
3444,405.970874
3445,402.93846
3446,391.043262
3447,410.253456
3448,387.050814
3449,382.679045
3450,400.2633
3451,373.919456
3452,346.772886
3453,388.772888
3454,402.270263
3455,385.612391
3456,356.587795
3457,385.428992
3458,395.052995
3459,398.398685
3460,371.130902
3461,365.497262
3462,392.143367
3463,358.565092
3464,360.127972
3465,371.320733
3466,366.167368
3467,354.894138
3468,356.821297
3469,370.062476
3470,376.932281
3471,368.607693
3472,385.400846
3473,341.241469
3474,375.139457
3475,349.450447
3476,339.097247
3477,372.618935
3478,359.827141
3479,317.656657
3480,316.578848
3481,327.363188
3482,342.474143
3483,313.158198
3484,326.701148
3485,306.251432
3486,349.227672
3487,327.929453
3488,314.110717
3489,320.633413
3490,335.447034
3491,369.420182
3492,327.564323
3493,321.103993
3494,314.972782
3495,291.226099
3496,330.763118
3497,314.873212
3498,328.815487
3499,318.731762
3500,335.254701
3501,335.968165
3502,347.151744
3503,319.886055
3504,337.146299
3505,314.775919
3506,330.127187
3507,318.705729
3508,333.167045
3509,340.626274
3510,306.850511
3511,321.797349
3512,302.268495
3513,315.236199
3514,315.595354
3515,307.482001
3516,318.047686
3517,309.147561
3518,322.202732
3519,312.60926
3520,289.426944
3521,331.144329
3522,312.472312
3523,313.224742
3524,305.090002
3525,299.878654
3526,308.015697
3527,314.699692
3528,321.606859
3529,281.39202
3530,283.737905
3531,291.24709
3532,287.187272
3533,287.561275
3534,303.28387
3535,302.359616
3536,306.120023
3537,312.573574
3538,298.160545
3539,305.57188
3540,322.780492
3541,281.495614
3542,292.650723
3543,271.395228
3544,266.843725
3545,314.063903
3546,298.908264
3547,280.658394
3548,298.102713
3549,295.071309
3550,272.310462
3551,279.459175
3552,296.39263
3553,281.502748
3554,295.965245
3555,277.66264
3556,285.858207
3557,307.909694
3558,271.177427
3559,277.871516
3560,309.139565
3561,301.048781
3562,281.574525
3563,312.500382
3564,294.913848
3565,310.034864
3566,298.754051
3567,272.960693
3568,280.770842
3569,273.070067
3570,294.715991
3571,272.338726
3572,290.429272
3573,311.872275
3574,302.982093
3575,309.771013
3576,286.671036
3577,295.947522
3578,301.393108
3579,279.402101
3580,308.295053
3581,276.810068
3582,283.822962
3583,281.897777
3584,305.986315
3585,281.744917
3586,298.447836
3587,278.995577
3588,294.372397
3589,305.624153
3590,280.099161
3591,306.522892
3592,312.255178
3593,292.813727
3594,291.238221
3595,305.411615
3596,314.142374
3597,307.627617
3598,297.525983
3599,305.991364
3600,279.189226
3601,288.312522
3602,310.290693
3603,291.07292
3604,275.536406
3605,280.933135
3606,302.798375
3607,302.441491
3608,302.125805
3609,274.907693
3610,298.125809
3611,262.43201
3612,264.072365
3613,292.55067
3614,300.916891
3615,303.443649
3616,295.014298
3617,291.686362
3618,301.818404
3619,305.651667
3620,308.124672
3621,325.170026
3622,306.046696
3623,297.243384
3624,306.416822
3625,334.425528
3626,312.622646
3627,291.642064
3628,315.148976
3629,323.33466
3630,328.08835
3631,318.121226
3632,283.094308
3633,285.811002
3634,314.818682
3635,309.459959
3636,318.49293
3637,306.799028
3638,335.146684
3639,318.148998
3640,325.856117
3641,329.264366
3642,325.653854
3643,324.333928
3644,313.928757
3645,287.518608
3646,287.508475
3647,328.928221
3648,337.098383
3649,301.958804
3650,331.224094
3651,344.145555
3652,308.309179
3653,338.42895
3654,330.855235
3655,318.428954
3656,335.615868
3657,307.168692
3658,323.638592
3659,337.979877
3660,320.445152
3661,338.921471
3662,323.198728
3663,337.509383
3664,328.122429
3665,356.781502
3666,336.170131
3667,310.419125
3668,339.888592
3669,334.767579
3670,343.66729
3671,349.385122
3672,330.621703
3673,335.816101
3674,365.734736
3675,335.736151
3676,349.954705
3677,352.286879
3678,353.17205
3679,360.042112
3680,337.188477
3681,363.537217
3682,354.351171
3683,364.937624
3684,365.845394
3685,361.50136
3686,354.62958
3687,348.446476
3688,359.218862
3689,356.823968
3690,370.389731
3691,391.188464
3692,351.78192
3693,363.358179
3694,355.786948
3695,352.989423
3696,359.099486
3697,363.679606
3698,371.534921
3699,344.758868
3700,334.90213
3701,364.757991
3702,380.231352
3703,377.545732
3704,363.183826
3705,362.105645
3706,352.937967
3707,353.237233
3708,351.218899
3709,394.929764
3710,389.034528
3711,397.69598
3712,353.424568
3713,386.024648
3714,370.341765
3715,369.374897
3716,361.280759
3717,390.78348
3718,394.966284
3719,365.429182
3720,377.618573
3721,401.289017
3722,368.320251
3723,383.002116
3724,382.607053
3725,377.27963
3726,364.607268
3727,372.141591
3728,380.134036
3729,375.406961
3730,356.376426
3731,382.787134
3732,371.322785
3733,402.817245
3734,380.065518
3735,385.909925
3736,394.582757
3737,376.551315
3738,395.265055
3739,393.012306
3740,370.578402
3741,368.549669
3742,375.69828
3743,359.228208
3744,365.909155
3745,378.802424
3746,401.4863
3747,375.888224
3748,387.205533
3749,346.834583
3750,357.243701
3751,374.9619
3752,398.175558
3753,403.280828
3754,390.469781
3755,387.108435
3756,368.387313
3757,401.373642
3758,351.886113
3759,368.207134
3760,400.777465
3761,398.331099
3762,366.003607
3763,383.05369
3764,363.09972
3765,382.339885
3766,384.677459
3767,346.121168
3768,361.520547
3769,381.318971
3770,383.201881
3771,372.067609
3772,335.625662
3773,332.782357
3774,356.018918
3775,383.502399
3776,360.198911
3777,376.470215
3778,391.918325
3779,347.022117
3780,354.81717
3781,352.003434
3782,362.750579
3783,380.409749
3784,371.408337
3785,353.754112
3786,373.179097
3787,352.95937
3788,356.730138
3789,345.809353
3790,361.24704
3791,330.995422
3792,385.446144
3793,354.679928
3794,331.724633
3795,327.613015
3796,322.594347
3797,323.548206
3798,295.750336
3799,371.453296
3800,331.669143
3801,338.486217
3802,326.067176
3803,352.140799
3804,319.019622
3805,360.842049
3806,326.680019
3807,313.529848
3808,324.9879
3809,330.89318
3810,331.077863
3811,308.556372
3812,374.502466
3813,322.406998
3814,350.743459
3815,338.699499
3816,336.319966
3817,304.293207
3818,333.493379
3819,332.749639
3820,340.106934
3821,297.048515
3822,283.831494
3823,338.834099
3824,320.38981
3825,329.273813
3826,319.367274
3827,308.069774
3828,343.301155
3829,289.778956
3830,277.308403
3831,327.639944
3832,302.824414
3833,296.518272
3834,306.392592
3835,281.805105
3836,304.136696
3837,304.552879
3838,312.816406
3839,295.269954
3840,276.382809
3841,324.534948
3842,292.992211
3843,287.02774
3844,278.107529
3845,292.687349
3846,296.999512
3847,332.733509
3848,293.921458
3849,293.348516
3850,269.263054
3851,278.998349
3852,292.990695
3853,304.916622
3854,299.352365
3855,283.778601
3856,265.91765
3857,269.864159
3858,254.105272
3859,289.32173
3860,274.372091
3861,260.19217
3862,289.737109
3863,264.13615
3864,267.567141
3865,247.314722
3866,280.7466
3867,251.322506
3868,260.487393
3869,283.37659
3870,283.210167
3871,243.277222
3872,255.976588
3873,278.18352
3874,271.348802
3875,265.99057
3876,247.300382
3877,273.233111
3878,267.052758
3879,250.858839
3880,268.302929
3881,244.969119
3882,258.203082
3883,271.056003
3884,258.085678
3885,239.539298
3886,247.717237
3887,240.935279
3888,233.31413
3889,237.228086
3890,245.016719
3891,236.294914
3892,230.489154
3893,243.086029
3894,244.897669
3895,264.879677
3896,246.396818
3897,259.756868
3898,251.13448
3899,240.844999
3900,234.542161
3901,235.449838
3902,231.528777
3903,231.362114
3904,235.82453
3905,240.113564
3906,215.522884
3907,261.441038
3908,234.099826
3909,211.007877
3910,235.215386
3911,239.248168
3912,217.292714
3913,242.833579
3914,231.314542
3915,224.759263
3916,236.998571
3917,254.415565
3918,234.788575
3919,230.58137
3920,243.263174
3921,208.111466
3922,237.746473
3923,232.840708
3924,223.450391
3925,227.102022
3926,219.977741
3927,222.153496
3928,244.499701
3929,223.251395
3930,209.27905
3931,224.656441
3932,207.432789
3933,231.384137
3934,232.982841
3935,230.616523
3936,221.750254
3937,215.777218
3938,222.222087
3939,190.526104
3940,215.452237
3941,230.812687
3942,224.776885
3943,227.474664
3944,219.753016
3945,208.981771
3946,220.866662
3947,232.861527
3948,211.373963
3949,208.30755
3950,229.206726
3951,213.554541
3952,209.880676
3953,202.794032
3954,196.934008
3955,222.194115
3956,227.133728
3957,198.08075
3958,202.267251
3959,219.838067
3960,220.030004
3961,215.754342
3962,214.953604
3963,207.580866
3964,204.487449
3965,198.176562
3966,203.405138
3967,210.400114
3968,232.80783
3969,220.926779
3970,210.726508
3971,204.090896
3972,203.937373
3973,206.452773
3974,208.78309
3975,209.438747
3976,171.140964
3977,202.764465
3978,190.475397
3979,177.659629
3980,208.091633
3981,200.930001
3982,206.283122
3983,206.626228
3984,205.10827
3985,201.393804
3986,197.173081
3987,198.99284
3988,207.946474
3989,207.973515
3990,190.84245
3991,205.746344
3992,208.640934
3993,189.428512
3994,205.893407
3995,189.718204
3996,186.321887
3997,188.000011
3998,214.007394
3999,223.198583
4000,203.598012
4001,186.214841
4002,202.328046
4003,198.346228
4004,167.545803
4005,198.582641
4006,199.588894
4007,201.891337
4008,182.49087
4009,191.577649
4010,225.959909
4011,202.361693
4012,218.797751
4013,182.167204
4014,192.652457
4015,182.968509
4016,211.470942
4017,175.030903
4018,211.517104
4019,206.201459
4020,172.973499
4021,187.042363
4022,212.613422
4023,180.064611
4024,197.580042
4025,203.518578
4026,170.01927
4027,177.702953
4028,196.486751
4029,199.072492
4030,184.904563
4031,167.980361
4032,193.604324
4033,180.95374
4034,197.508614
4035,194.752903
4036,182.336321
4037,181.540656
4038,191.337017
4039,184.526599
4040,208.471184
4041,194.549949
4042,183.416481
4043,175.659448
4044,154.819001
4045,203.35548
4046,192.396558
4047,181.512513
4048,185.141437
4049,201.983673
4050,210.224129
4051,171.922645
4052,170.469835
4053,183.891782
4054,182.609245
4055,178.821836
4056,176.489718
4057,206.493513
4058,170.625112
4059,191.205001
4060,180.023585
4061,176.76832
4062,199.161739
4063,191.104562
4064,177.861144
4065,165.136306
4066,206.799244
4067,158.293673
4068,157.303557
4069,151.751045
4070,179.597573
4071,182.982248
4072,189.929439
4073,174.333591
4074,193.207904
4075,165.323015
4076,191.972789
4077,176.697087
4078,187.597581
4079,197.609802
4080,181.429147
4081,165.009463
4082,165.670388
4083,176.39912
4084,177.951651
4085,171.625903
4086,170.178991
4087,163.765414
4088,181.777103
4089,186.972204
4090,174.876576
4091,168.403542
4092,162.325164
4093,184.087801
4094,172.435224
4095,168.28235
4096,161.300151
4097,155.329014
4098,182.255119
4099,172.332357
4100,180.511861
4101,182.09505
4102,180.385702
4103,173.149504
4104,161.993889
4105,162.531857
4106,170.032589
4107,189.913295
4108,175.914405
4109,166.374566
4110,173.151707
4111,158.396023
4112,200.332531
4113,159.12169
4114,161.5565
4115,155.946405
4116,167.347313
4117,163.553808
4118,192.491236
4119,204.036888
4120,182.648751
4121,164.357606
4122,168.350326
4123,158.269786
4124,176.746555
4125,160.873545
4126,177.706542
4127,164.70571
4128,172.054131
4129,181.110269
4130,160.923006
4131,159.829576
4132,173.202775
4133,175.700426
4134,177.812366
4135,178.227298
4136,155.004307
4137,176.698859
4138,147.508623
4139,164.000382
4140,189.840798
4141,143.484695
4142,181.922344
4143,171.319992
4144,182.553534
4145,171.611161
4146,146.613934
4147,151.548344
4148,181.490231
4149,169.584217
4150,186.768483
4151,143.470327
4152,156.06026
4153,152.118087
4154,200.313291
4155,147.327038
4156,177.098952
4157,171.270793
4158,160.178096
4159,162.953976
4160,162.339516
4161,185.024579
4162,165.754424
4163,164.350337
4164,177.971876
4165,155.717757
4166,166.602358
4167,172.788997
4168,137.917288
4169,152.671284
4170,172.033915
4171,158.057721
4172,129.517342
4173,151.832272
4174,171.511532
4175,145.116435
4176,147.191284
4177,190.165365
4178,152.564256
4179,164.487723
4180,161.57711
4181,175.435448
4182,164.292062
4183,151.009891
4184,147.523213
4185,157.455428
4186,165.777113
4187,148.870978
4188,150.805949
4189,178.32364
4190,172.504928
4191,168.176113
4192,145.385207
4193,161.366595
4194,145.017793
4195,152.90082
4196,146.612231
4197,169.930921
4198,153.922651
4199,168.449371
4200,165.02874
4201,150.600374
4202,161.576581
4203,176.072271
4204,153.647276
4205,180.718918
4206,149.352361
4207,156.558035
4208,161.575929
4209,160.050072
4210,162.434646
4211,172.697083
4212,149.714476
4213,155.764303
4214,166.399573
4215,160.748652
4216,151.497038
4217,166.647145
4218,158.735143
4219,144.367306
4220,131.322201
4221,167.189793
4222,143.713569
4223,152.958283
4224,158.081788
4225,152.114052
4226,156.730155
4227,163.915143
4228,163.859982
4229,162.752758
4230,158.170656
4231,148.679484
4232,151.256432
4233,158.541977
4234,156.640114
4235,148.906038
4236,169.213774
4237,157.800112
4238,191.965653
4239,183.22327
4240,179.045047
4241,163.195541
4242,166.748417
4243,169.3872
4244,145.447397
4245,143.189539
4246,155.786096
4247,154.755993
4248,148.242272
4249,154.374397
4250,163.693651
4251,142.78342
4252,163.912345
4253,172.672324
4254,162.062197
4255,163.719347
4256,150.454
4257,161.409017
4258,160.497186
4259,155.867944
4260,156.738806
4261,167.014731
4262,146.709038
4263,161.850279
4264,143.392046
4265,155.858239
4266,160.289636
4267,157.594223
4268,159.558687
4269,151.562027
4270,174.469379
4271,150.509304
4272,141.761464
4273,136.308194
4274,155.462145
4275,149.381169
4276,168.488771
4277,154.694048
4278,165.506803
4279,155.976404
4280,163.622762
4281,161.214967
4282,155.979168
4283,153.940388
4284,165.764163
4285,163.750361
4286,168.545599
4287,168.080981
4288,139.596923
4289,145.526744
4290,187.180811
4291,164.262404
4292,175.405773
4293,140.047962
4294,138.373365
4295,154.122476
4296,176.668206
4297,164.940904
4298,172.317257
4299,159.881537
4300,158.350532
4301,172.555581
4302,155.023485
4303,167.669818
4304,159.60271
4305,157.718451
4306,158.16712
4307,180.43444
4308,140.197108
4309,165.236995
4310,159.862631
4311,148.982252
4312,151.70307
4313,161.333486
4314,173.37431
4315,146.149649
4316,160.754932
4317,171.735269
4318,166.529462
4319,151.752964
4320,154.993267
4321,155.552745
4322,175.819666
4323,163.698894
4324,149.259523
4325,162.183072
4326,170.36948
4327,156.076024
4328,196.476092
4329,180.396104
4330,153.256458
4331,177.292236
4332,172.466301
4333,175.769658
4334,166.309665
4335,154.632456
4336,177.686213
4337,160.869629
4338,165.528872
4339,158.109332
4340,179.115983
4341,158.873924
4342,174.278456
4343,176.528404
4344,167.237165
4345,179.63296
4346,159.620371
4347,179.317181
4348,161.440273
4349,160.550508
4350,172.353296
4351,181.684025
4352,143.211462
4353,190.66738
4354,189.468523
4355,194.852693
4356,197.245186
4357,166.761458
4358,193.009012
4359,190.846743
4360,190.180789
4361,168.186261
4362,168.559241
4363,161.974085
4364,161.078848
4365,158.920865
4366,173.379633
4367,177.403599
4368,176.399582
4369,166.754074
4370,195.807676
4371,151.600692
4372,162.770891
4373,194.194924
4374,176.908521
4375,155.136641
4376,169.783686
4377,178.83024
4378,185.75608
4379,188.329214
4380,181.114388
4381,186.896693
4382,158.247029
4383,187.408553
4384,185.100573
4385,191.430457
4386,183.342994
4387,170.488487
4388,206.608359
4389,200.297745
4390,172.115394
4391,163.070932
4392,185.061255
4393,185.415317
4394,180.396877
4395,206.233636
4396,187.372999
4397,204.326424
4398,172.252587
4399,180.431296
4400,199.377499
4401,191.28461
4402,194.946911
4403,181.79296
4404,180.841514
4405,210.849985
4406,201.116552
4407,179.394602
4408,191.013991
4409,193.156816
4410,212.678412
4411,175.812769
4412,186.403991
4413,166.628605
4414,184.312475
4415,195.066965
4416,212.228053
4417,180.058241
4418,189.712429
4419,218.408122
4420,181.224433
4421,227.149833
4422,212.682756
4423,215.084576
4424,208.620088
4425,183.640028
4426,196.163846
4427,204.919973
4428,178.685439
4429,195.990243
4430,206.714379
4431,212.583991
4432,217.073947
4433,205.031499
4434,197.964884
4435,201.911845
4436,219.53452
4437,229.501163
4438,199.520961
4439,201.762952
4440,207.345627
4441,208.581782
4442,212.376676
4443,214.947088
4444,211.409319
4445,201.335882
4446,231.079877
4447,205.083096
4448,213.778835
4449,210.747573
4450,208.93697
4451,207.623819
4452,221.647503
4453,195.054879
4454,183.31235
4455,215.833148
4456,207.16246
4457,220.154898
4458,212.621368
4459,209.474345
4460,215.174382
4461,219.292028
4462,212.442638
4463,199.321559
4464,212.57806
4465,216.245562
4466,224.608259
4467,210.98024
4468,225.349159
4469,214.015452
4470,213.824857
4471,240.196374
4472,231.876152
4473,198.081775
4474,219.999288
4475,241.781484
4476,228.595294
4477,218.948302
4478,209.75444
4479,214.307051
4480,232.35331
4481,212.972116
4482,242.791936
4483,212.382021
4484,214.922276
4485,217.022833
4486,214.020644
4487,211.127846
4488,190.595505
4489,206.294382
4490,224.809338
4491,224.415207
4492,220.459637
4493,236.439703
4494,216.671421
4495,239.104565
4496,249.055111
4497,247.063513
4498,219.097028
4499,237.772299
4500,221.242084
4501,216.594893
4502,219.735491
4503,210.905951
4504,232.105341
4505,219.948421
4506,217.49223
4507,234.534948
4508,207.11861
4509,220.25672
4510,229.208146
4511,240.878779
4512,207.719491
4513,225.069897
4514,213.375261
4515,222.082144
4516,196.252445
4517,238.397378
4518,226.603147
4519,231.908362
4520,229.83104
4521,228.01923
4522,219.08976
4523,229.094337
4524,214.899358
4525,207.662891
4526,215.388498
4527,217.388494
4528,219.893117
4529,237.973651
4530,211.519815
4531,221.719316
4532,224.066119
4533,211.068227
4534,213.853108
4535,200.862579
4536,215.075703
4537,229.789018
4538,231.624845
4539,174.147918
4540,228.669631
4541,267.506637
4542,224.242537
4543,232.424422
4544,225.255162
4545,229.234679
4546,208.969291
4547,217.376781
4548,206.308772
4549,186.409971
4550,217.387406
4551,223.631708
4552,216.736207
4553,232.521503
4554,214.695365
4555,223.023654
4556,228.09129
4557,226.971531
4558,211.453768
4559,226.467042
4560,210.771281
4561,217.678965
4562,217.562408
4563,187.371617
4564,191.325428
4565,195.226695
4566,218.241099
4567,193.226087
4568,206.845824
4569,208.370534
4570,217.800865
4571,226.213397
4572,220.536696
4573,206.424604
4574,205.916257
4575,214.378352
4576,225.183508
4577,203.968751
4578,211.170602
4579,223.442147
4580,194.241136
4581,207.105934
4582,217.622947
4583,216.87752
4584,203.296578
4585,211.383347
4586,217.067047
4587,208.885746
4588,181.202587
4589,189.240255
4590,209.123446
4591,188.711183
4592,234.860233
4593,225.196048
4594,223.52335
4595,205.766253
4596,197.748333
4597,186.359707
4598,201.417395
4599,205.252852
4600,191.42537
4601,182.754051
4602,198.438864
4603,207.205051
4604,199.42934
4605,225.998463
4606,218.253254
4607,213.149961
4608,184.29572
4609,193.334004
4610,200.757777
4611,200.231124
4612,203.49213
4613,211.081816
4614,199.300352
4615,210.970982
4616,189.44258
4617,215.010374
4618,194.522188
4619,186.80199
4620,223.657261
4621,204.746315
4622,222.33359
4623,204.343349
4624,201.831623
4625,200.658381
4626,202.627986
4627,217.828088
4628,209.947917
4629,204.85611
4630,194.324325
4631,190.766752
4632,181.130761
4633,203.050937
4634,183.663168
4635,212.730801
4636,207.625714
4637,196.184561
4638,215.538076
4639,215.496024
4640,198.315414
4641,221.333475
4642,181.949174
4643,197.696177
4644,200.688724
4645,191.039559
4646,190.864735
4647,211.792105
4648,186.156659
4649,197.352705
4650,171.64911
4651,217.484319
4652,205.066108
4653,185.257508
4654,200.930087
4655,210.779594
4656,187.766371
4657,183.880333
4658,198.070522
4659,220.793638
4660,187.387189
4661,202.939538
4662,192.701718
4663,196.15961
4664,190.941217
4665,175.376743
4666,167.446387
4667,237.686792
4668,214.17036
4669,223.424027
4670,182.66677
4671,189.440599
4672,170.441756
4673,163.113121
4674,196.024598
4675,185.183976
4676,209.126912
4677,168.549383
4678,181.703744
4679,174.920802
4680,188.126506
4681,194.181948
4682,211.456681
4683,203.348109
4684,205.392444
4685,197.713993
4686,172.541192
4687,184.12309
4688,198.876544
4689,193.163699
4690,204.625706
4691,197.369214
4692,182.522932
4693,215.108583
4694,185.391577
4695,181.426788
4696,191.255672
4697,193.369186
4698,185.353037
4699,201.276355
4700,184.346393
4701,188.108539
4702,166.648458
4703,193.217514
4704,202.258949
4705,177.744563
4706,200.685074
4707,174.483102
4708,170.452435
4709,178.939483
4710,195.333515
4711,184.294979
4712,158.2465
4713,165.757774
4714,184.211275
4715,173.366397
4716,202.571973
4717,179.74599
4718,173.780118
4719,175.683161
4720,171.816421
4721,186.179491
4722,195.272981
4723,182.143054
4724,151.85354
4725,180.233204
4726,186.511194
4727,172.935321
4728,201.532827
4729,184.572719
4730,174.055139
4731,190.435855
4732,203.518465
4733,194.426799
4734,198.476914
4735,162.629237
4736,188.72137
4737,186.020851
4738,170.399399
4739,167.229525
4740,164.954249
4741,178.530137
4742,156.478914
4743,179.356631
4744,194.776211
4745,183.81476
4746,153.633734
4747,153.429513
4748,169.939448
4749,153.794867
4750,166.245171
4751,159.783732
4752,138.750859
4753,164.649085
4754,168.152395
4755,172.404179
4756,149.60958
4757,172.342159
4758,162.481302
4759,163.313782
4760,177.342404
4761,169.580432
4762,171.70657
4763,159.154746
4764,165.10338
4765,146.148356
4766,155.960461
4767,175.133906
4768,164.974419
4769,153.569542
4770,152.678138
4771,176.816813
4772,169.276326
4773,183.821076
4774,180.035226
4775,175.088662
4776,174.529773
4777,171.037573
4778,160.962345
4779,144.822457
4780,163.561928
4781,159.520598
4782,148.501528
4783,171.58257
4784,143.690913
4785,146.903683
4786,189.366844
4787,188.019669
4788,139.046086
4789,165.116243
4790,166.711214
4791,153.505762
4792,138.84577
4793,148.809623
4794,148.380557
4795,173.634744
4796,163.759618
4797,154.918452
4798,157.598308
4799,169.584739
4800,133.851574
4801,148.398334
4802,160.664687
4803,153.84067
4804,187.508402
4805,167.811985
4806,169.205135
4807,167.638021
4808,141.17864
4809,150.788959
4810,161.613059
4811,164.391118
4812,147.317621
4813,154.782736
4814,142.783858
4815,155.0826
4816,153.992618
4817,148.264872
4818,155.467597
4819,145.227085
4820,159.724845
4821,164.09719
4822,154.633309
4823,170.190657
4824,141.738073
4825,146.154051
4826,175.837977
4827,155.00135
4828,152.543131
4829,135.126964
4830,156.730275
4831,147.678074
4832,153.511568
4833,156.329099
4834,150.437957
4835,153.529272
4836,149.155192
4837,149.72071
4838,136.876734
4839,151.214109
4840,168.638551
4841,152.792368
4842,153.222929
4843,147.000597
4844,137.570885
4845,153.440938
4846,148.057861
4847,165.242922
4848,143.321773
4849,143.215855
4850,133.231833
4851,142.815801
4852,128.230531
4853,150.279169
4854,156.961422
4855,162.76916
4856,143.660943
4857,153.51301
4858,146.497742
4859,158.803399
4860,152.962282
4861,141.328793
4862,152.43254
4863,149.521925
4864,142.766949
4865,146.508716
4866,132.884
4867,130.271326
4868,134.679771
4869,132.557361
4870,139.64097
4871,159.676455
4872,145.296622
4873,141.618083
4874,125.320036
4875,150.875903
4876,126.989152
4877,135.225008
4878,141.983659
4879,130.849726
4880,133.889825
4881,144.474345
4882,172.327767
4883,142.05417
4884,131.759389
4885,135.975645
4886,135.581839
4887,146.237532
4888,124.078461
4889,112.949168
4890,137.401278
4891,141.999221
4892,148.945682
4893,132.218265
4894,134.656801
4895,124.776947
4896,115.826219
4897,134.090793
4898,125.647916
4899,141.234095
4900,151.24176
4901,128.221909
4902,137.55727
4903,146.402538
4904,138.060592
4905,123.543545
4906,118.610414
4907,133.764133
4908,143.075046
4909,131.25169
4910,130.032297
4911,117.684735
4912,129.154682
4913,128.967429
4914,117.168217
4915,121.368165
4916,127.225649
4917,120.710205
4918,114.458001
4919,136.192813
4920,139.760541
4921,132.151852
4922,122.098248
4923,121.216784
4924,129.946725
4925,140.003243
4926,127.681444
4927,121.540372
4928,121.550948
4929,130.465737
4930,133.167159
4931,132.781864
4932,129.134083
4933,129.987056
4934,113.883101
4935,136.240895
4936,128.740815
4937,115.181884
4938,132.522065
4939,110.441827
4940,114.254142
4941,152.801848
4942,122.129127
4943,132.700789
4944,119.056374
4945,138.566904
4946,130.803291
4947,142.327438
4948,108.588588
4949,136.48584
4950,133.085962
4951,119.819976
4952,127.788432
4953,117.922404
4954,127.239665
4955,115.033152
4956,107.600022
4957,135.95702
4958,126.047988
4959,117.158713
4960,118.500852
4961,121.132259
4962,116.085971
4963,114.471101
4964,130.862834
4965,131.251244
4966,120.86283
4967,129.204972
4968,130.330631
4969,109.289196
4970,119.605005
4971,126.558702
4972,102.786735
4973,124.221518
4974,115.558666
4975,131.965294
4976,115.684277
4977,97.718985
4978,107.819839
4979,136.971929
4980,121.604903
4981,110.937184
4982,125.790076
4983,109.545428
4984,103.300805
4985,91.335515
4986,128.066093
4987,112.421465
4988,118.867737
4989,111.267741
4990,114.285925
4991,121.985075
4992,112.42809
4993,108.218156
4994,111.823023
4995,106.454573
4996,105.193354
4997,88.236369
4998,90.170233
4999,110.127146
5000,119.173551
5001,96.229576
5002,116.15043
5003,108.265976
5004,110.029843
5005,94.023199
5006,93.421244
5007,113.408055
5008,116.849738
5009,102.642635
5010,118.186715
5011,105.104113
5012,112.919084
5013,109.095841
5014,107.226348
5015,111.130529
5016,101.014883
5017,93.631097
5018,100.500586
5019,121.696029
5020,101.794651
5021,114.072696
5022,103.018672
5023,93.552947
5024,108.838592
5025,94.158596
5026,93.02032
5027,83.569458
5028,94.168503
5029,104.558388
5030,100.088694
5031,106.691052
5032,102.691563
5033,92.48455
5034,94.83871
5035,102.295697
5036,105.81991
5037,98.295694
5038,104.429505
5039,85.573227
5040,117.72686
5041,109.69654
5042,91.904701
5043,92.71364
5044,95.151959
5045,90.3546
5046,96.566611
5047,97.947092
5048,97.258799
5049,93.796217
5050,88.3221
5051,92.328705
5052,101.468043
5053,84.562695
5054,89.83429
5055,91.599027
5056,90.59855
5057,76.338606
5058,83.765394
5059,92.538481
5060,81.952057
5061,91.758173
5062,85.506669
5063,81.132114
5064,76.427398
5065,85.567962
5066,92.79487
5067,93.96121
5068,88.493211
5069,88.140062
5070,102.307142
5071,77.892593
5072,87.604518
5073,83.831793
5074,86.170754
5075,81.139678
5076,94.176978
5077,94.389471
5078,90.121212
5079,89.296833
5080,87.72784
5081,87.603533
5082,76.405803
5083,86.244161
5084,76.756206
5085,92.700269
5086,76.713476
5087,71.547188
5088,88.042343
5089,95.995329
5090,97.318943
5091,91.350411
5092,92.85954
5093,91.544078
5094,85.16065
5095,79.411563
5096,98.037249
5097,82.214125
5098,83.229889
5099,90.26228
5100,68.446735
5101,63.467335
5102,83.796793
5103,72.815809
5104,77.448313
5105,64.086629
5106,78.398825
5107,91.396276
5108,81.721642
5109,78.673734
5110,84.150247
5111,89.970174
5112,81.915739
5113,73.999883
5114,81.629197
5115,72.273214
5116,79.062601
5117,73.109957
5118,67.026165
5119,84.593
5120,81.289469
5121,80.750671
5122,78.947833
5123,81.368933
5124,80.043155
5125,75.293132
5126,74.546931
5127,84.368528
5128,74.279925
5129,72.39915
5130,74.603156
5131,72.626853
5132,72.296942
5133,78.007232
5134,77.353049
5135,90.463487
5136,80.636783
5137,72.896011
5138,79.42743
5139,86.397472
5140,71.893859
5141,75.847653
5142,72.860577
5143,66.856929
5144,57.341706
5145,68.050744
5146,86.658097
5147,81.112824
5148,68.183565
5149,76.600551
5150,83.130559
5151,91.66799
5152,71.632511
5153,82.642207
5154,67.465034
5155,68.731099
5156,69.635603
5157,69.081875
5158,76.872988
5159,78.411412
5160,79.472048
5161,78.571899
5162,76.322316
5163,76.441342
5164,78.173208
5165,63.565678
5166,72.256357
5167,70.620724
5168,74.795635
5169,63.523996
5170,69.473702
5171,86.344807
5172,68.886146
5173,77.250968
5174,77.92779
5175,76.849663
5176,61.513063
5177,80.999545
5178,73.38361
5179,73.847141
5180,71.727957
5181,69.535965
5182,65.516399
5183,70.294488
5184,74.493075
5185,62.649006
5186,65.017338
5187,81.202343
5188,73.261493
5189,67.247182
5190,60.103375
5191,68.431684
5192,81.048587
5193,61.929656
5194,59.383315
5195,70.851281
5196,80.359827
5197,68.930443
5198,74.969915
5199,66.296363
5200,71.493055
5201,72.499046
5202,76.455873
5203,70.078554
5204,63.847278
5205,71.485554
5206,75.408189
5207,63.122033
5208,66.991898
5209,67.635471
5210,63.738722
5211,61.34653
5212,65.091333
5213,68.994296
5214,54.682651
5215,76.341084
5216,60.987817
5217,73.872796
5218,69.266359
5219,63.167543
5220,78.749124
5221,60.649022
5222,69.112122
5223,61.11212
5224,53.629876
5225,75.0832
5226,72.605013
5227,77.632411
5228,68.11871
5229,70.876318
5230,72.122005
5231,66.008372
5232,75.445652
5233,76.682783
5234,70.028913
5235,73.440827
5236,52.537862
5237,71.981495
5238,61.402674
5239,74.731742
5240,67.341302
5241,65.348825
5242,59.71068
5243,66.513518
5244,68.076761
5245,61.199254
5246,90.96082
5247,73.845464
5248,75.197157
5249,66.216663
5250,72.730176
5251,74.991034
5252,84.626254
5253,77.11408
5254,61.075171
5255,75.528922
5256,71.815653
5257,62.792154
5258,77.218226
5259,81.970819
5260,69.827269
5261,68.653042
5262,73.954819
5263,72.275336
5264,65.649742
5265,74.128556
5266,72.285704
5267,86.620071
5268,81.252255
5269,59.456034
5270,74.492583
5271,82.664661
5272,85.329808
5273,73.024619
5274,75.501401
5275,90.115734
5276,71.758606
5277,61.956944
5278,68.697817
5279,84.565853
5280,79.53773
5281,61.080769
5282,75.709324
5283,80.070749
5284,72.64978
5285,66.49382
5286,89.435119
5287,91.667791
5288,77.493469
5289,70.759543
5290,94.551995
5291,86.16983
5292,76.128522
5293,80.90858
5294,77.292211
5295,75.209597
5296,96.80221
5297,78.393515
5298,83.120161
5299,64.243234
5300,77.016856
5301,101.104522
5302,81.192501
5303,93.140995
5304,81.156398
5305,88.29294
5306,103.959701
5307,79.079539
5308,73.26926
5309,83.10896
5310,93.095779
5311,102.082598
5312,86.318907
5313,73.875711
5314,96.465177
5315,86.031639
5316,84.189328
5317,75.577191
5318,89.362644
5319,79.88467
5320,90.768513
5321,92.600714
5322,74.786027
5323,115.867122
5324,92.490484
5325,80.440982
5326,86.394917
5327,78.021704
5328,84.339096
5329,102.741927
5330,86.251901
5331,91.883366
5332,85.640195
5333,95.569081
5334,107.462514
5335,99.519668
5336,92.023645
5337,106.41698
5338,112.984294
5339,95.982563
5340,97.547562
5341,93.781822
5342,99.904662
5343,93.82425
5344,102.087372
5345,108.303621
5346,84.705846
5347,109.551058
5348,88.524862
5349,110.650453
5350,91.96274
5351,133.047834
5352,114.552396
5353,105.861073
5354,104.842817
5355,105.214822
5356,107.66923
5357,120.393552
5358,108.260853
5359,110.978729
5360,116.117729
5361,114.224763
5362,112.934188
5363,131.20088
5364,113.200878
5365,109.229686
5366,117.426394
5367,126.09715
5368,118.99103
5369,124.697968
5370,129.318545
5371,120.223954
5372,136.740848
5373,145.188551
5374,141.800738
5375,125.642878
5376,135.988505
5377,134.92523
5378,146.52343
5379,136.247805
5380,151.039604
5381,133.624539
5382,142.834693
5383,131.274758
5384,114.615752
5385,151.218246
5386,136.342323
5387,141.852629
5388,135.664183
5389,148.214081
5390,153.581335
5391,159.574956
5392,138.690594
5393,137.935788
5394,140.435433
5395,152.502768
5396,139.215779
5397,138.967695
5398,115.432344
5399,159.641111
5400,152.232933
5401,163.847003
5402,165.729869
5403,150.939056
5404,173.613287
5405,167.969471
5406,164.513394
5407,145.626333
5408,154.221335
5409,155.409073
5410,162.097835
5411,162.253451
5412,155.008958
5413,141.497936
5414,149.886361
5415,155.842763
5416,170.14151
5417,146.604002
5418,150.017257
5419,178.617198
5420,163.56205
5421,169.647669
5422,164.322564
5423,179.984167
5424,185.362182
5425,165.296149
5426,170.922506
5427,176.719227
5428,176.767897
5429,172.273844
5430,181.67386
5431,202.958
5432,183.331666
5433,170.863273
5434,165.484448
5435,186.382447
5436,184.352112
5437,195.436538
5438,188.792392
5439,183.972893
5440,181.753942
5441,172.67062
5442,165.730835
5443,196.644947
5444,193.348794
5445,191.472384
5446,181.666921
5447,178.150232
5448,196.399985
5449,201.735133
5450,204.124697
5451,214.425578
5452,212.338896
5453,195.898378
5454,206.26012
5455,204.874206
5456,195.859909
5457,203.647291
5458,189.564651
5459,207.995097
5460,206.388219
5461,207.083788
5462,201.091805
5463,194.592497
5464,200.72152
5465,207.242003
5466,211.906652
5467,199.12284
5468,192.993813
5469,212.162124
5470,201.964942
5471,204.631396
5472,217.629805
5473,225.760427
5474,211.837526
5475,224.759706
5476,199.999245
5477,196.632121
5478,192.699751
5479,214.152941
5480,215.452673
5481,224.301693
5482,217.255639
5483,204.556629
5484,233.310099
5485,225.432897
5486,198.36199
5487,212.14397
5488,219.563167
5489,217.982248
5490,217.213213
5491,219.130799
5492,216.612511
5493,206.085529
5494,205.027471
5495,203.635523
5496,193.732448
5497,212.059187
5498,206.333137
5499,229.668396
5500,252.932256
5501,217.910819
5502,218.584414
5503,191.819297
5504,219.955642
5505,238.75176
5506,217.688329
5507,201.640529
5508,219.295289
5509,231.401275
5510,216.314065
5511,221.597765
5512,225.5151
5513,249.711228
5514,223.908134
5515,217.48266
5516,234.515923
5517,238.489229
5518,219.86163
5519,225.378839
5520,216.814176
5521,225.94724
5522,207.422166
5523,186.686045
5524,228.249175
5525,205.98997
5526,209.551798
5527,208.399842
5528,212.989223
5529,191.731542
5530,197.556348
5531,199.83471
5532,196.905559
5533,214.17077
5534,224.870864
5535,188.676353
5536,216.183909
5537,200.130029
5538,213.236503
5539,202.37369
5540,197.877614
5541,217.667698
5542,201.559455
5543,211.577449
5544,205.88129
5545,231.103097
5546,204.971326
5547,211.172527
5548,191.478539
5549,173.02849
5550,206.541894
5551,206.078746
5552,226.26351
5553,185.894115
5554,198.565648
5555,201.783981
5556,227.51926
5557,183.529689
5558,200.305763
5559,192.880495
5560,197.524747
5561,195.893989
5562,180.770789
5563,181.399242
5564,179.791107
5565,187.652278
5566,184.113638
5567,175.62788
5568,190.858008
5569,184.054477
5570,175.377368
5571,180.06506
5572,147.379891
5573,174.56079
5574,180.023281
5575,176.987988
5576,179.740838
5577,188.373777
5578,172.897364
5579,152.501016
5580,168.07513
5581,194.582752
5582,176.611209
5583,173.230215
5584,147.18173
5585,153.749848
5586,170.488997
5587,167.531866
5588,146.712893
5589,156.227334
5590,152.082588
5591,167.132498
5592,153.522036
5593,151.785605
5594,154.441235
5595,152.879361
5596,139.287631
5597,148.46102
5598,135.863179
5599,163.454777
5600,129.087406
5601,167.443744
5602,144.096518
5603,132.880204
5604,136.990876
5605,146.768811
5606,145.879484
5607,142.325787
5608,160.98689
5609,121.889125
5610,157.099856
5611,117.444743
5612,112.993518
5613,126.089641
5614,118.336832
5615,127.533892
5616,132.890181
5617,128.879846
5618,124.541827
5619,120.217145
5620,120.314962
5621,144.765333
5622,130.895583
5623,117.91624
5624,132.821237
5625,115.372732
5626,126.85763
5627,108.379092
5628,108.946207
5629,107.903624
5630,118.624885
5631,120.790911
5632,111.13541
5633,110.621166
5634,103.168186
5635,96.963025
5636,103.764136
5637,98.567765
5638,84.683958
5639,91.498256
5640,98.030256
5641,112.148599
5642,94.07083
5643,89.532112
5644,100.531152
5645,95.456852
5646,85.530193
5647,81.457812
5648,96.413041
5649,92.621775
5650,85.111515
5651,80.062785
5652,65.044292
5653,90.177778
5654,76.046691
5655,88.825244
5656,77.517337
5657,72.409564
5658,79.112715
5659,55.935536
5660,81.643773
5661,79.28927
5662,73.641709
5663,76.64099
5664,81.112715
5665,70.177035
5666,81.694063
5667,73.8239
5668,59.418533
5669,59.047198
5670,62.520602
5671,51.898651
5672,69.806659
5673,67.400213
5674,50.427285
5675,67.041563
5676,61.593793
5677,60.158955
5678,72.277067
5679,56.793727
5680,58.636795
5681,56.756225
5682,65.793594
5683,59.319364
5684,49.719457
5685,53.635238
5686,56.634518
5687,49.963351
5688,60.787481
5689,57.875057
5690,51.874817
5691,56.088055
5692,48.239939
5693,45.875656
5694,48.875417
5695,45.337102
5696,49.047172
5697,46.339139
5698,43.11991
5699,42.774779
5700,49.751793
5701,40.854228
5702,48.629247
5703,36.97917
5704,45.752033
5705,41.505503
5706,40.10543
5707,49.9027
5708,37.230013
5709,30.244373
5710,36.368477
5711,47.626731
5712,34.997604
5713,41.245571
5714,30.121947
5715,29.370633
5716,43.003579
5717,28.241993
5718,45.628155
5719,35.24665
5720,24.746417
5721,22.747855
5722,35.748306
5723,42.872543
5724,32.872304
5725,26.126273
5726,36.492075
5727,29.374107
5728,39.123265
5729,23.627105
5730,33.998204
5731,36.376622
5732,25.746045
5733,32.619187
5734,33.365471
5735,33.377221
5736,29.251201
5737,33.997965
5738,28.75983
5739,29.490294
5740,25.870987
5741,29.125421
5742,25.743291
5743,24.50827
5744,27.870748
5745,31.975799
5746,28.404655
5747,29.230353
5748,21.151538
5749,19.229276
5750,28.613082
5751,21.15477
5752,34.4552
5753,16.285338
5754,25.354339
5755,20.77228
5756,23.482394
5757,15.3862
5758,27.093202
5759,23.645422
5760,19.387397
5761,17.48
5762,16.998444
5763,20.648294
5764,25.088415
5765,20.258624
5766,23.868115
5767,19.998325
5768,24.128893
5769,29.867757
5770,17.783171
5771,18.737188
5772,22.474616
5773,18.260658
5774,27.867278
5775,21.261256
5776,29.998684
5777,27.261974
5778,15.867159
5779,24.075613
5780,27.525982
5781,20.130568
5782,22.263051
5783,21.998804
5784,8.661216
5785,10.8668
5786,15.601117
5787,20.264606
5788,20.334358
5789,16.530887
5790,15.865843
5791,15.132243
5792,18.265922
5793,13.132841
5794,14.197331
5795,12.935271
5796,10.731686
5797,14.865245
5798,20.194222
5799,22.266998
5800,16.670665
5801,17.268314
5802,25.65317
5803,16.267835
5804,15.403188
5805,10.673893
5806,7.729295
5807,13.999283
5808,19.32252
5809,17.863213
5810,20.998565
5811,21.405699
5812,18.591432
5813,14.678317
5814,14.999163
5815,16.271542
5816,14.863093
5817,23.907855
5818,7.363807
5819,11.589519
5820,15.999163
5821,9.54679
5822,13.177485
5823,25.13607
5824,17.136309
5825,12.136548
5826,10.274291
5827,16.898532
5828,12.238255
5829,13.861779
5830,7.723557
5831,10.137385
5832,17.446517
5833,12.275606
5834,13.276084
5835,13.722243
5836,17.75087
5837,19.831001
5838,11.41562
5839,12.860106
5840,13.277399
5841,17.3028
5842,13.55635
5843,14.417771
5844,13.580557
5845,10.278713
5846,13.719615
5847,9.419204
5848,10.859389
5849,15.85915
5850,11.280027
5851,12.718539
5852,13.577451
5853,16.998925
5854,9.139775
5855,20.576137
5856,11.986306
5857,15.152274
5858,10.422788
5859,12.282058
5860,10.999403
5861,9.141089
5862,6.857717
5863,12.857478
5864,14.715195
5865,13.430391
5866,12.13683
5867,6.714718
5868,5.426849
5869,13.286436
5870,10.570087
5871,6.856642
5872,8.142402
5873,16.854572
5874,12.001234
5875,12.56933
5876,9.429476
5877,8.999403
5878,7.143119
5879,6.143358
5880,5.287551
5881,5.711733
5882,8.422869
5883,15.143477
5884,14.565988
5885,13.43258
5886,8.288625
5887,7.854732
5888,14.999403
5889,9.999403
5890,6.144551
5891,7.14479
5892,9.563481
5893,11.290297
5894,12.708271
5895,9.290774
5896,14.707794
5897,14.707316
5898,7.583458
5899,8.414633
5900,10.145387
5901,11.852704
5902,12.145626
5903,10.999165
5904,9.586441
5905,10.411888
5906,11.440338
5907,9.705169
5908,8.293877
5909,9.704691
5910,6.589424
5911,8.704453
5912,7.703976
5913,11.147177
5914,12.703379
5915,12.591691
5916,8.147893
5917,10.554651
5918,7.296382
5919,14.405207
5920,6.594077
5921,11.5531
5922,10.148251
5923,13.552146
5924,9.595866
5925,7.700874
5926,7.447615
5927,5.999642
5928,7.700278
5929,7.999404
5930,5.149324
5931,10.999523
5932,10.398886
5933,8.449882
5934,5.600995
5935,9.698847
5936,9.300915
5937,7.547614
5938,8.999523
5939,9.301511
5940,14.093082
5941,8.452744
5942,7.6967
5943,8.302107
5944,9.999404
5945,8.999404
5946,9.999404
5947,3.759144
5948,11.93553
5949,7.607911
5950,2.304254
5951,5.390182
5952,10.694316
5953,9.999166
5954,3.91586
5955,8.694077
5956,8.846622
5957,9.846383
5958,7.152663
5959,5.30628
5960,8.999762
5961,7.999762
5962,7.69229
5963,12.230247
5964,10.460851
5965,9.153378
5966,3.462042
5967,5.691098
5968,8.153974
5969,13.690502
5970,6.308783
5971,7.690025
5972,9.30926
5973,10.154689
5974,3.844596
5975,11.689072
5976,7.310213
5977,5.688595
5978,8.31069
5979,5.688119
5980,4.311166
5981,4.999643
5982,4.999643
5983,5.999643
5984,2.156
5985,5.843285
5986,4.843047
5987,9.686094
5988,5.626622
5989,7.528902
5990,5.470621
5991,7.685379
5992,4.314145
5993,6.527473
5994,9.314502
5995,6.841975
5996,8.683949
5997,6.315098
5998,9.367423
5999,6.631625
6000,7.157787
6001,9.366113
6002,6.31617
6003,8.999405
6004,8.158144
6005,11.158383
6006,6.681687
6007,7.840308
6008,7.476934
6009,3.158978
6010,12.521399
6011,9.999405
6012,4.638174
6013,6.520446
6014,7.479315
6015,9.679782
6016,4.159812
6017,6.518899
6018,8.999405
6019,7.159931
6020,5.999524
6021,5.481816
6022,2.838998
6023,5.83876
6024,11.355159
6025,9.160407
6026,11.160645
6027,8.999405
6028,8.322599
6029,5.837927
6030,9.675853
6031,7.485149
6032,6.83757
6033,7.837332
6034,5.324028
6035,7.999643
6036,4.324742
6037,9.511876
6038,7.162311
6039,5.67383
6040,13.673354
6041,6.4886
6042,9.34647
6043,4.142725
6044,9.672878
6045,8.672402
6046,8.326884
6047,12.671926
6048,9.999405
6049,7.835309
6050,4.820363
6051,10.342544
6052,5.163858
6053,8.164096
6054,8.340878
6055,10.328788
6056,4.329263
6057,9.834595
6058,5.164691
6059,11.669071
6060,6.49562
6061,6.50319
6062,6.330691
6063,8.999643
6064,7.833762
6065,7.999524
6066,8.165643
6067,3.332118
6068,8.334455
6069,5.165881
6070,11.83293
6071,9.499545
6072,5.999762
6073,4.832811
6074,9.999643
6075,6.665265
6076,9.66479
6077,13.664314
6078,12.836658
6079,4.83186
6080,6.334973
6081,6.831741
6082,2.335567
6083,3.167902
6084,3.999881
6085,8.989613
6086,5.673156
6087,4.336875
6088,6.662412
6089,8.83079
6090,5.999524
6091,9.168616
6092,4.999643
6093,5.830314
6094,8.491181
6095,5.016569
6096,8.490824
6097,5.999525
6098,10.339371
6099,2.999762
6100,5.829601
6101,8.659083
6102,5.999406
6103,7.999406
6104,11.658133
6105,9.999168
6106,6.85354
6107,3.999762
6108,7.170874
6109,6.65742
6110,8.485595
6111,12.827819
6112,8.170755
6113,13.484169
6114,10.68623
6115,5.515237
6116,4.8277
6117,5.655281
6118,8.171706
6119,10.171944
6120,10.136954
6121,3.380303
6122,4.308898
6123,6.999525
6124,9.172538
6125,3.172775
6126,5.653261
6127,6.346264
6128,6.479298
6129,8.520227
6130,7.173488
6131,8.304503
6132,13.303552
6133,7.869342
6134,5.347927
6135,4.999762
6136,6.34864
6137,10.952656
6138,8.697992
6139,5.824968
6140,8.349471
6141,5.649817
6142,14.299039
6143,8.349708
6144,7.525572
6145,9.122226
6146,7.526047
6147,8.999525
6148,8.999525
6149,12.471578
6150,8.351371
6151,5.351846
6152,4.999644
6153,10.9409
6154,5.058388
6155,7.999644
6156,8.646017
6157,7.176339
6158,6.822474
6159,7.176576
6160,8.46766
6161,7.886204
6162,5.644711
6163,7.17717
6164,9.644117
6165,5.35517
6166,8.643643
6167,4.355645
6168,3.999644
6169,3.999644
6170,6.178119
6171,8.46398
6172,8.535545
6173,3.357426
6174,4.46315
6175,6.999644
6176,7.999644
6177,7.999644
6178,5.999644
6179,5.999644
6180,5.819982
6181,9.639964
6182,10.999288
6183,7.719361
6184,6.819626
6185,7.54041
6186,3.278503
6187,6.819033
6188,8.999407
6189,7.818677
6190,6.541834
6191,9.818677
6192,3.542783
6193,11.550244
6194,7.086872
6195,5.999644
6196,7.636523
6197,6.181086
6198,8.999525
6199,8.181442
6200,4.181679
6201,7.635455
6202,8.999526
6203,7.999526
6204,11.817016
6205,4.912548
6206,7.086266
6207,2.913734
6208,9.451048
6209,5.182747
6210,7.816542
6211,6.816304
6212,5.182984
6213,7.63249
6214,6.366798
6215,9.632016
6216,8.735138
6217,5.447728
6218,5.999526
6219,12.262372
6220,7.921086
6221,7.368695
6222,8.076661
6223,7.184051
6224,5.738932
6225,6.814882
6226,6.999763
6227,11.999763
6228,8.258341
6229,8.184763
6230,8.556185
6231,7.814052
6232,8.627985
6233,3.929148
6234,5.4418
6235,6.441089
6236,5.5582
6237,7.440377
6238,8.931993
6239,5.066585
6240,5.119956
6241,9.878621
6242,8.747349
6243,9.438363
6244,6.373911
6245,3.187015
6246,4.999763
6247,6.999763
6248,5.624311
6249,6.999526
6250,4.375452
6251,8.811681
6252,6.811444
6253,7.187845
6254,11.62277
6255,6.376519
6256,3.810971
6257,9.621941
6258,10.810378
6259,4.944318
6260,4.999763
6261,7.189029
6262,11.242342
6263,2.567918
6264,5.620519
6265,8.189266
6266,5.189503
6267,7.429831
6268,5.189503
6269,8.18974
6270,9.428647
6271,6.141995
6272,5.428292
6273,9.427581
6274,5.571708
6275,10.190569
6276,4.999763
6277,9.426278
6278,4.381968
6279,8.808246
6280,7.38256
6281,7.808128
6282,4.807891
6283,6.191399
6284,7.383626
6285,4.807772
6286,11.423081
6287,6.807062
6288,5.769147
6289,6.80718
6290,13.22884
6291,7.156089
6292,8.421068
6293,5.578695
6294,4.806707
6295,7.419884
6296,8.386231
6297,8.612585
6298,9.386705
6299,5.193412
6300,6.805878
6301,6.611638
6302,7.805286
6303,5.58201
6304,3.999645
6305,5.388599
6306,9.2215
6307,9.999408
6308,3.778736
6309,7.025129
6310,7.194359
6311,3.780157
6312,8.413965
6313,8.804103
6314,10.19495
6315,5.999527
6316,3.999527
6317,2.391321
6318,7.019685
6319,6.587573
6320,3.588283
6321,5.803511
6322,11.017319
6323,7.588993
6324,8.606076
6325,11.392978
6326,11.605602
6327,7.196371
6328,6.605011
6329,6.591123
6330,8.196962
6331,6.406984
6332,2.987651
6333,7.999882
6334,7.406156
6335,1.791635
6336,4.603709
6337,5.999763
6338,3.999763
6339,10.007263
6340,6.793646
6341,4.397119
6342,3.801027
6343,6.20387
6344,5.596565
6345,3.999645
6346,7.800317
6347,7.800081
6348,4.598103
6349,2.999763
6350,5.999763
6351,6.599925
6352,7.599452
6353,9.199446
6354,9.199683
6355,4.199919
6356,4.200156
6357,5.799135
6358,5.798898
6359,9.999527
6360,13.195592
6361,7.004564
6362,6.999645
6363,10.791615
6364,8.409133
6365,4.798189
6366,5.999645
6367,7.797834
6368,13.989879
6369,9.807127
6370,2.808073
6371,6.797598
6372,11.594959
6373,7.999527
6374,6.202166
6375,5.594131
6376,6.405159
6377,5.405632
6378,7.390547
6379,5.405987
6380,6.999764
6381,9.185899
6382,8.202875
6383,4.610517
6384,6.184481
6385,10.20323
6386,5.203466
6387,6.407878
6388,4.999764
6389,2.204175
6390,4.590822
6391,7.999646
6392,6.999646
6393,4.614298
6394,5
6395,9.769276
6396,5.409769
6397,4.410241
6398,4.794289
6399,11.382866
6400,11.410714
6401,7.999527
6402,8.79358
6403,8.205475
6404,5.205711
6405,6.41225
6406,6.380621
6407,5.619143
6408,2.999882
6409,8.966009
6410,4.619969
6411,2.413667
6412,7.378495
6413,6.79228
6414,7.792044
6415,9.999291
6416,7.622096
6417,6.584207
6418,6.038598
6419,2.792044
6420,4.999882
6421,8.958922
6422,10.415911
6423,5.416384
6424,2.999764
6425,6.582435
6426,6.417092
6427,6.581963
6428,4.626583
6429,5.790745
6430,2.999764
6431,3.999764
6432,9.742819
6433,9.627882
6434,6.418864
6435,6.629181
6436,6.740222
6437,8.209373
6438,3.630007
6439,4.789447
6440,9.578775
6441,7.420516
6442,7.210317
6443,5.999764
6444,7.367042
6445,10.366333
6446,8.84363
6447,9.210789
6448,3.788266
6449,3.422523
6450,8.576533
6451,4.422995
6452,3.787912
6453,10.363737
6454,12.787204
6455,9.847997
6456,2.999646
6457,2.999646
6458,9.787086
6459,7.78685
6460,9.786614
6461,7.638033
6462,7.212678
6463,5.212914
6464,10.933543
6465,3.639449
6466,8.426654
6467,2.999882
6468,4.572402
6469,7.213504
6470,6.785788
6471,6.21374
6472,7.785552
6473,8.356657
6474,6.07153
6475,7.14162
6476,6.99941
6477,3.429013
6478,7.354888
6479,8.859442
6480,3.784609
6481,3.214919
6482,5.568981
6483,8.999528
6484,4.430783
6485,8.136784
6486,5.862745
6487,9.13584
6488,10.215391
6489,8.431844
6490,5.783311
6491,6.215981
6492,3.432788
6493,4.783193
6494,6.566151
6495,6.433377
6496,9.348637
6497,5.433731
6498,6.56509
6499,4.434203
6500,4.434674
6501,8.346986
6502,4.999528
6503,7.999528
6504,7.345571
6505,8.999175
6506,6.87206
6507,4.999646
6508,8.562732
6509,8.436561
6510,6.780953
6511,6.561907
6512,7.656079
6513,4.7806
6514,4.437858
6515,9.68407
6516,9.096058
6517,7.219165
6518,10.12122
6519,6.658554
6520,5.999646
6521,2.219636
6522,5.339442
6523,8.439861
6524,4.779303
6525,6.440451
6526,5.220343
6527,4.779185
6528,5.999764
6529,4.778832
6530,5.557546
6531,3.884083
6532,4.336025
6533,5.220932
6534,6.44269
6535,5.113325
6536,7.664682
6537,4.556014
6538,6.665507
6539,0.999882
6540,5.555425
6541,7.7773
6542,13.999529
6543,4.667274
6544,6.886384
6545,3.667746
6546,6.776711
6547,8.553423
6548,4.668806
6549,2.222935
6550,9.329545
6551,7.669984
6552,3.55248
6553,6.775769
6554,7.447166
6555,4.999647
6556,7.22376
6557,9.327072
6558,8.550714
6559,3.897042
6560,7.224231
6561,5.224467
6562,3.550243
6563,8.549772
6564,9.999411
6565,5.449757
6566,4.450228
6567,4.774474
6568,5.774238
6569,3.999647
6570,7.225409
6571,4.451524
6572,4
6573,5.869425
6574,8.67811
6575,4.999765
6576,3.226233
6577,3.226468
6578,5.546593
6579,3.772943
6580,6.226586
6581,3.772708
6582,8.318123
6583,4.363047
6584,6
6585,5.772472
6586,4.316946
6587,9.544003
6588,7.227175
6589,5.22741
6590,9.771413
6591,5.999412
6592,10.456115
6593,5.771178
6594,4.68529
6595,7.313768
6596,6.457174
6597,1.457645
6598,6.312827
6599,7.541296
6600,11.540825
6601,9.916819
6602,8.999647
6603,5.229293
6604,8.770001
6605,7.769766
6606,3.229528
6607,2.689997
6608,4.539531
6609,4.230117
6610,8.386595
6611,11.690821
6612,9.230117
6613,10.307062
6614,6.922938
6615,9.306473
6616,5.692821
6617,8.537061
6618,6.693644
6619,1.462822
6620,9.073416
6621,6.463057
6622,8.304121
6623,16.303415
6624,4.927525
6625,5.696232
6626,4.535179
6627,3.999647
6628,3.232234
6629,2.999765
6630,2.999765
6631,5.465644
6632,4.533885
6633,6.30024
6634,11.766119
6635,5.166345
6636,3.532827
6637,7.298711
6638,6.401872
6639,4.064478
6640,7.233528
6641,4.765532
6642,7.467996
6643,10.296712
6644,6.233881
6645,8.468702
6646,4.530358
6647,6.764709
6648,5.704228
6649,4.999765
6650,9.05907
6651,7.175751
6652,9.058247
6653,7.470465
6654,6.235291
6655,2.764003
6656,4.763768
6657,8.527537
6658,3.179865
6659,7.291187
6660,5.708577
6661,5.290482
6662,1.709283
6663,7.289777
6664,6.762711
6665,5.999412
6666,6.473521
6667,6.762476
6668,6.762241
6669,6.474226
6670,3.712221
6671,5.049432
6672,8.475049
6673,3.475519
6674,9.096045
6675,10.713396
6676,4.714101
6677,8.284724
6678,7.476341
6679,7.283902
6680,6.192792
6681,2.522249
6682,5.477516
6683,6.521779
6684,3.760478
6685,8.760243
6686,11.478221
6687,6.239169
6688,4.760126
6689,8.280378
6690,5.198666
6691,3.519899
6692,10.039212
6693,5.20031
6694,4.759421
6695,4.240109
6696,5.278029
6697,7.999413
6698,6.240226
6699,6.481393
6700,5.481862
6701,9.79417
6702,7.758129
6703,5.964899
6704,6.516729
6705,4.482802
6706,10.823987
6707,8.449932
6708,4.483389
6709,3.483859
6710,5.788768
6711,10.272275
6712,3.938605
6713,1.757308
6714,6.999765
6715,10.028526
6716,6.48515
6717,6.513441
6718,15.756134
6719,6.729017
6720,7.242927
6721,3.486676
6722,4.756251
6723,5.512267
6724,8.755664
6725,3.731364
6726,7.267462
6727,11.999413
6728,5.732421
6729,9.533046
6730,8.466485
6731,5.755077
6732,7.489259
6733,4.999883
6734,5.509802
6735,5.999648
6736,6.490198
6737,4.75449
6738,7.508746
6739,5.736411
6740,3.754138
6741,5.770458
6742,7.491136
6743,5.24551
6744,6.999531
6745,5.999531
6746,5.753082
6747,8.752848
6748,4.986028
6749,6.752965
6750,4.740401
6751,3.752965
6752,7.775513
6753,7.729713
6754,9.247035
6755,10.009749
6756,4.989782
6757,6.008811
6758,7.742864
6759,5.247621
6760,8.511222
6761,9.24727
6762,7.240805
6763,1.49665
6764,6.50288
6765,2.248443
6766,6.502294
6767,3.999648
6768,4.999648
6769,3.248794
6770,3.750502
6771,5.750267
6772,3.748025
6773,2.750267
6774,10.250568
6775,6.248663
6776,6.000132
6777,8.249278
6778,5.250187
6779,2.999765
6780,5.500638
6781,5.747233
6782,4.500755
6783,9.247285
6784,6.752012
6785,4.501693
6786,4.497604
6787,2.753419
6788,5.994504
6789,3.754005
6790,12.74184
6791,6.257925
6792,3.496197
6793,6.495728
6794,8.999414
6795,6.251609
6796,7.251843
6797,5.747219
6798,2.75717
6799,6.241893
6800,4.505092
6801,7.988174
6802,8.505327
6803,6.999531
6804,5.252781
6805,8.986182
6806,7.520083
6807,5.985479
6808,5.014287
6809,3.746047
6810,5.745813
6811,4.253718
6812,8.474644
6813,6.524887
6814,10.236502
6815,4.999414
6816,4.508725
6817,7.999649
6818,5.254538
6819,6.489752
6820,4.999531
6821,4.765256
6822,9.212373
6823,8.276441
6824,6.744056
6825,5.510951
6826,3.999766
6827,8.720044
6828,4.79161
6829,6.462929
6830,3.768184
6831,4.512474
6832,2.999883
6833,7.716648
6834,3.283118
6835,10.944832
6836,6.054933
6837,7.742767
6838,10.4853
6839,5.999532
6840,4.999532
6841,5.999532
6842,7.257233
6843,11.226194
6844,4.031039
6845,5.483661
6846,7.741362
6847,7.032561
6848,3.258287
6849,5.741479
6850,5.741245
6851,6.223501
6852,9.999415
6853,4.258404
6854,8.258638
6855,7.481202
6856,13.480734
6857,1.815383
6858,6.923404
6859,6.557213
6860,3.999766
6861,7.73984
6862,8.219521
6863,6.519617
6864,5.520086
6865,7.218584
6866,5.780948
6867,5.999766
6868,2.739021
6869,5.260511
6870,8.955849
6871,7.52149
6872,9.260745
6873,3.260979
6874,7.476871
6875,4.999532
6876,4.784576
6877,7.690891
6878,5.261213
6879,8.52348
6880,5.999649
6881,4.999649
6882,3.999649
6883,9.212148
6884,4.312385
6885,5.474414
6886,6.525352
6887,3.736915
6888,3.262851
6889,9.210276
6890,5.526171
6891,3.73633
6892,4.999649
6893,6.999649
6894,2.791011
6895,2.472191
6896,7.207702
6897,8.263553
6898,3.263787
6899,12.413415
6900,5.379351
6901,6.676969
6902,4.528862
6903,3.264489
6904,3.734809
6905,9.939353
6906,5.794755
6907,4.734224
6908,5.999415
6909,7.999415
6910,8.265074
6911,5.062636
6912,5.468214
6913,6.467747
6914,7.265659
6915,4.532136
6916,5.467162
6917,8.466694
6918,5.799198
6919,5.733055
6920,3.999649
6921,5.732704
6922,4.266594
6923,4.999649
6924,8.999649
6925,6.267062
6926,4.732236
6927,5.999649
6928,4.535176
6929,7.464122
6930,4.535644
6931,5.731769
6932,6.463304
6933,7.731184
6934,7.999416
6935,3.073743
6936,6.193787
6937,8.268348
6938,6.999649
6939,6.268699
6940,8.999766
6941,6.4612
6942,5.460733
6943,8.538332
6944,7.269166
6945,10.460148
6946,4.078885
6947,5.999883
6948,8.379276
6949,2.62049
6950,3.729548
6951,3.270218
6952,2.999883
6953,4.187827
6954,3.999533
6955,7.270452
6956,3.541721
6957,3.72873
6958,3.728497
6959,4.271036
6960,8.728263
6961,3.54289
6962,7.456409
6963,6.727796
6964,2.815445
6965,6.367359
6966,10.543591
6967,8.999416
6968,5.544292
6969,8.364322
6970,7.180321
6971,2.454307
6972,5.726744
6973,6.272555
6974,7.180234
6975,5.819066
6976,10.90616
6977,8.093139
6978,6.273255
6979,6.178598
6980,6.547095
6981,6.99965
6982,9.451504
6983,9.725226
6984,6.273606
6985,7.097109
6986,6.450803
6987,9.901022
6988,8.273956
6989,7.098861
6990,3.999766
6991,4.449519
6992,3.825255
6993,6.999883
6994,4.173461
6995,6.448351
6996,2.377838
6997,2.724059
6998,6.723825
6999,8.275708
7000,4.447417
7001,8.275824
7002,6.723242
7003,2.829108
7004,7.169959
7005,6.55305
7006,4.553517
7007,9.892033
7008,4.830859
7009,3.722658
7010,1.999767
7011,6.722308
7012,3.832376
7013,4.889232
7014,5.721724
7015,4.555267
7016,7.721608
7017,10.555851
7018,5.721491
7019,9.164473
7020,10.834827
7021,6.99965
7022,11.442165
7023,6.557135
7024,9.720674
7025,7.720441
7026,7.278626
7027,6.999533
7028,9.720091
7029,11.999417
7030,7.11812
7031,4.720091
7032,7.439949
7033,5.83961
7034,1.999883
7035,6.598588
7036,11.279676
7037,7.560401
7038,4.99965
7039,1.841827
7040,5.157473
7041,10.156773
7042,3.404678
7043,2.718691
7044,7.437149
7045,5.84381
7046,6.592173
7047,3.689253
7048,2.436449
7049,5.154091
7050,5.281425
7051,10.871033
7052,5.692518
7053,5.717408
7054,3.282125
7055,5.434583
7056,10.585992
7057,6.978725
7058,6.433884
7059,5.999534
7060,4.565883
7061,8.716476
7062,3.283058
7063,10.015096
7064,8.133515
7065,3.566932
7066,7.715776
7067,4.715543
7068,5.567632
7069,8.431202
7070,3.852439
7071,9.71531
7072,10.576782
7073,8.999067
7074,6.423102
7075,7.575033
7076,7.424267
7077,2.569963
7078,3.71461
7079,5.285157
7080,6.428871
7081,6.142782
7082,9.570779
7083,9.713678
7084,6.28539
7085,6.999534
7086,10.854712
7087,10.430678
7088,5.713212
7089,6.426424
7090,4.145987
7091,4.712979
7092,3.286555
7093,4.999767
7094,3.999767
7095,9.287021
7096,3.425142
7097,6.99965
7098,5.424443
7099,4.862578
7100,5.287604
7101,4.423977
7102,8.99965
7103,10.135092
7104,10.999301
7105,6.152978
7106,8.13416
7107,2.865374
7108,3.710998
7109,5.132995
7110,7.155308
7111,10.265058
7112,6.156007
7113,4.578236
7114,6.420832
7115,6.578702
7116,4.999767
7117,4.999767
7118,8.709834
7119,8.419551
7120,7.999418
7121,8.579983
7122,6.29005
7123,8.837704
7124,8.580566
7125,6.290283
7126,7.83619
7127,7.872129
7128,6.999534
7129,6.999534
7130,5.708203
7131,7.582312
7132,4.708087
7133,4.166255
7134,6.12461
7135,5.707738
7136,7.415475
7137,6.291447
7138,6.876205
7139,7.41501
7140,8.292029
7141,5.292262
7142,8.536128
7143,9.877718
7144,6.706574
7145,10.292495
7146,7.585921
7147,7.706457
7148,8.119372
7149,7.87993
7150,8.118674
7151,7.761955
7152,7.530541
7153,9.587435
7154,5.293775
7155,10.645839
7156,6.059338
7157,10.410703
7158,7.177779
7159,8.115764
7160,6.999535
7161,7.589413
7162,3.294823
7163,3.40954
7164,6.113786
7165,3.885516
7166,8.408609
7167,9.112506
7168,9.182084
7169,9.295405
7170,3.703665
7171,6.999535
7172,3.184411
7173,4.703665
7174,5.40698
7175,7.296219
7176,5.703083
7177,5.296452
7178,6.812099
7179,6.890402
7180,7.296801
7181,6.702501
7182,7.702269
7183,8.999535
7184,5.29715
7185,8.999651
7186,3.999651
7187,8.403723
7188,5.191739
7189,7.508901
7190,5.999302
7191,7.491448
7192,3.701338
7193,3.701106
7194,5.597207
7195,5.804307
7196,5.89645
7197,7.504133
7198,6.597672
7199,5.196856
7200,4.101457
7201,5.598719
7202,6.100643
7203,4.198717
7204,6.400002
7205,3.999651
7206,6.299824
7207,5.399188
7208,4.299941
7209,3.300173
7210,3.999767
7211,5.699013
7212,5.69878
7213,12.999535
7214,4.601742
7215,3.698548
7216,8.300987
7217,6.30122
7218,4.396747
7219,6.301336
7220,8.792565
7221,7.30122
7222,8.697386
7223,2.812199
7224,4.395469
7225,6.697386
7226,8.907145
7227,3.092157
7228,7.605112
7229,3.999884
7230,6.090995
7231,5.211851
7232,6.484024
7233,5.212665
7234,3.393029
7235,6.303195
7236,10.785128
7237,3.82196
7238,2.392215
7239,3.39175
7240,6.216034
7241,3.087277
7242,7.08658
7243,7.912723
7244,7.085883
7245,6.999303
7246,6.913768
7247,4.999652
7248,6.389543
7249,5.60976
7250,7.610224
7251,8.389079
7252,6.388614
7253,5.305054
7254,1.916789
7255,5.388149
7256,6.305635
7257,8.081469
7258,4.918066
7259,8.080772
7260,9.612315
7261,3.61278
7262,4.079843
7263,9.306332
7264,4.613477
7265,5.692855
7266,7.385478
7267,4.614057
7268,8.462883
7269,6.614173
7270,5.69181
7271,8.614754
7272,3.230901
7273,7.460213
7274,11.691346
7275,8.923872
7276,4.616263
7277,5.074618
7278,5.308074
7279,9.382344
7280,6.99942
7281,7.690533
7282,8.617308
7283,7.308654
7284,6.999652
7285,6.690301
7286,6.690069
7287,5.309002
7288,3.999536
7289,3.92898
7290,7.380022
7291,6.999652
7292,6.759
7293,4.930025
7294,9.689141
7295,7.99942
7296,5.620674
7297,8.999652
7298,3.999652
7299,9.688676
7300,8.377353
7301,4.244134
7302,5.688444
7303,4.688212
7304,6.622647
7305,5.688096
7306,7.687864
7307,5.31144
7308,4.999652
7309,10.063245
7310,5.311556
7311,4.936523
7312,5.3748
7313,8.374336
7314,8.624736
7315,6.06104
7316,5.563927
7317,5.999768
7318,7.999768
7319,6.05988
7320,3.939656
7321,5.68624
7322,2.940584
7323,2.68624
7324,2.999884
7325,5.685892
7326,4.999768
7327,4.999768
7328,2.999768
7329,6.314224
7330,4.685312
7331,6.055705
7332,6.943831
7333,6.369929
7334,7.629607
7335,5.369465
7336,2.945339
7337,8.053734
7338,8.368537
7339,7.577381
7340,5.684153
7341,6.368074
7342,5.631463
7343,4.683689
7344,7.999652
7345,4.999652
7346,7.632506
7347,3.366798
7348,8.999652
7349,1.949977
7350,6.732437
7351,9.365523
7352,7.950672
7353,6.316891
7354,5.317123
7355,1.317354
7356,5.729655
7357,6.999536
7358,6.317354
7359,8.317586
7360,7.363668
7361,2.635868
7362,5.999768
7363,9.044575
7364,11.04388
7365,12.954961
7366,2.593147
7367,6.724555
7368,5.275445
7369,3.723628
7370,3.957163
7371,3.680559
7372,7.360887
7373,5.319093
7374,6.67998
7375,5.999537
7376,7.319441
7377,9.359613
7378,7.999421
7379,9.319672
7380,6.640272
7381,8.756385
7382,10.243152
7383,5.679053
7384,3.641314
7385,10.716097
7386,5.641546
7387,6.678474
7388,7.320831
7389,4.678242
7390,6.964115
7391,6.678242
7392,6.678011
7393,4.677779
7394,5.321526
7395,7.321758
7396,6.321989
7397,8.355211
7398,6.999653
7399,8.709379
7400,8.612611
7401,7.676968
7402,4.322568
7403,1.3228
7404,5.030442
7405,6.999537
7406,6.676158
7407,2.616895
7408,4.734725
7409,6.294095
7410,3.67581
7411,8.351621
7412,10.323379
7413,8.323611
7414,9.675231
7415,4.297106
7416,7.35081
7417,7.675
7418,3.999537
7419,6.649305
7420,6.349768
7421,7.349305
7422,4.649769
7423,8.324884
7424,6.348727
7425,4.976158
7426,5.022685
7427,9.976852
7428,3.325695
7429,1.673842
7430,4.673611
7431,7.673379
7432,3.652315
7433,8.346759
7434,2.979399
7435,7.019675
7436,8.326389
7437,2.653588
7438,5.345717
7439,8.672454
7440,3.654167
7441,7.344907
7442,6.327083
7443,10.016667
7444,8.999306
7445,6.966667
7446,8.015972
7447,4.655903
7448,4.343403
7449,4.671297
7450,5.999537
7451,3.313888
7452,1.671297
7453,4.342246
7454,3.999653
7455,4.670602
7456,4.65787
7457,7.694796
7458,3.963537
7459,4.340974
7460,4.67014
7461,10.691441
7462,12.658564
7463,6.638882
7464,4.339817
7465,5.669561
7466,7.660299
7467,5.008569
7468,5.330092
7469,7.668983
7470,3.661108
7471,1.33067
7472,3.668868
7473,3.999769
7474,6.668521
7475,4.331017
7476,4.33681
7477,7.667942
7478,8.662843
7479,4.999653
7480,1.663537
7481,7.339597
7482,10.331479
7483,4.328577
7484,3.335076
7485,9.999653
7486,5.332289
7487,5.334266
7488,7.999538
7489,6.33252
7490,8.000359
7491,8.999306
7492,2.999282
7493,1
7494,7.332197
7495,7.999422
7496,8.000797
7497,6.66414
7498,6.335398
7499,7.66563
7500,2.999653
7501,11.662175
7502,6.671617
7503,5.330567
7504,3.66897
7505,8.325609
7506,5.008876
7507,7.329758
7508,4.999653
7509,7.329065
7510,5.341061
7511,1.999884
7512,8.657321
7513,9.006692
7514,6.656281
7515,4.679244
7516,6.655472
7517,8.999422
7518,8.999422
7519,5.008771
7520,4.326638
7521,9.326176
7522,11.336103
7523,5.673246
7524,11.325599
7525,6.673708
7526,3.011429
7527,4.325252
7528,4.32479
7529,3.674748
7530,5.999769
7531,7.986261
7532,6.675326
7533,6.337721
7534,2.337952
7535,5.98499
7536,7.661124
7537,8.01501
7538,3.661124
7539,6.999654
7540,7.321902
7541,7.016396
7542,9.643343
7543,5.016973
7544,9.338991
7545,7.320863
7546,1.357812
7547,1.660316
7548,2.660085
7549,5.659854
7550,6.319593
7551,7.659277
7552,6.339569
7553,5.020553
7554,7.978292
7555,7.999423
7556,4.680869
7557,4.681331
7558,6.317976
7559,6.658584
7560,9.681908
7561,6.317168
7562,7.975291
7563,6.048379
7564,1.999885
7565,6.291074
7566,6.050573
7567,3.658007
7568,1.999885
7569,5.657661
7570,6.630412
7571,8.684217
7572,5.684679
7573,5.657084
7574,5.999654
7575,8.656737
7576,5.028634
7577,3.343032
7578,3.313475
7579,6.656391
7580,3.65616
7581,4.343147
7582,5.999654
7583,5.311975
7584,8.343378
7585,4.03175
7586,4.967327
7587,3.032442
7588,4.655468
7589,3.999769
7590,2.999769
7591,6.620719
7592,6.689064
7593,7.344532
7594,6.619219
7595,11.034865
7596,7.654199
7597,6.690333
7598,7.654084
7599,3.036595
7600,3.308283
7601,7.307821
7602,4.037518
7603,3.999769
7604,4.960982
7605,5.345801
7606,5.346032
7607,7.999654
7608,3.999654
7609,3.346493
7610,1.999769
7611,3.346839
7612,11.95833
7613,7.652238
7614,7.999423
7615,8.999423
7616,11.304131
7617,6.738001
7618,4.651892
7619,4.347646
7620,5.347877
7621,6.303439
7622,4.651316
7623,4.393353
7624,8.302862
7625,2.348453
7626,14.255888
7627,6.394967
7628,2.999769
7629,5.999769
7630,6.650509
7631,10.650278
7632,10.951065
7633,6.446438
7634,4.300557
7635,3.349606
7636,6.29998
7637,9.249317
7638,6.749992
7639,3.649356
7640,7.050779
7641,7.649356
7642,7.545263
7643,7.454276
7644,7.947146
7645,7.052393
7646,4.999769
7647,3.99977
7648,4.99977
7649,1.35122
7650,7.89049
7651,3.757599
7652,3.296177
7653,5.999539
7654,5.999539
7655,8.703823
7656,2.352027
7657,5.590395
7658,7.646936
7659,6.40972
7660,3.647051
7661,5.705321
7662,6.941039
7663,3.05873
7664,1.999885
7665,4.646591
7666,4.99977
7667,4.646245
7668,4.646015
7669,4.060804
7670,0.999885
7671,4.937929
7672,8.061841
7673,3.291453
7674,5.645323
7675,7.936201
7676,4.772
7677,5.99977
7678,7.935395
7679,4.999424
7680,4.774534
7681,1.289726
7682,6.934013
7683,6.999424
7684,8.71039
7685,7.644057
7686,4.355252
7687,9.576342
7688,9.778911
7689,3.711887
7690,1.287653
7691,1.99977
7692,7.99977
7693,7.643251
7694,4.999655
7695,5.642905
7696,3.426997
7697,1.64302
7698,5.999885
7699,4.928255
7700,4.356864
7701,2.714535
7702,1.64233
7703,4.35744
7704,1.35767
7705,8.210497
7706,6.35744
7707,5.641409
7708,4.715916
7709,2.074738
7710,6.566095
7711,8.640948
7712,6.358131
7713,7.640718
7714,7.794107
7715,5.281897
7716,6.281436
7717,7.280976
7718,7.436897
7719,3.99977
7720,5.99977
7721,3.99977
7722,4.639913
7723,3.719599
7724,5.999885
7725,5.27948
7726,5.080607
7727,2.918702
7728,1.72075
7729,4.639222
7730,8.278214
7731,2.082218
7732,3.999885
7733,5.833147
7734,6.444147
7735,3.083714
7736,7.19266
7737,7.361008
7738,6.084634
7739,2.638072
7740,8.275913
7741,8.723626
7742,3.637612
7743,7.637382
7744,3.449093
7745,5.549986
7746,1.450014
7747,9.549066
7748,5.99954
7749,10.636576
7750,3.451739
7751,3.999885
7752,4.546651
7753,6.362848
7754,2.726617
7755,7.99977
7756,5.727307
7757,6.908349
7758,8.907659
7759,7.727537
7760,6.727997
7761,3.99977
7762,4.635312
7763,7.270508
7764,5.822867
7765,3.270393
7766,3.99977
7767,7.90467
7768,3.09487
7769,4.269243
7770,6.634162
7771,6.730412
7772,6.730872
7773,6.171269
7774,6.365148
7775,7.097285
7776,3.99977
7777,6.901221
7778,4.464617
7779,5.267059
7780,5.999655
7781,4.732941
7782,5.899612
7783,5.366413
7784,6.999655
7785,3.999655
7786,4.999655
7787,6.632323
7788,2.734435
7789,4.99977
7790,6.367447
7791,6.896509
7792,5.367447
7793,5.103721
7794,3.263726
7795,12.158511
7796,5.472662
7797,5.368137
7798,7.631174
7799,3.999655
7800,4.630829
7801,4.737423
7802,5.892602
7803,5.476109
7804,1.630599
7805,4.99977
7806,4.630255
7807,4.369286
7808,2.369516
7809,3.999885
7810,5.259935
7811,3.369745
7812,5.518951
7813,5.48059
7814,4.370205
7815,4.999885
7816,3.629221
7817,5.99977
7818,4.628876
7819,2.999655
7820,6.370779
7821,5.257293
7822,3.113601
7823,2.999885
7824,5.256719
7825,5.371354
7826,8.140706
7827,8.486907
7828,6.627613
7829,4.116013
7830,4.999885
7831,2.999885
7832,4.372387
7833,1.254767
7834,6.254307
7835,3.745233
7836,6.626809
7837,9.507351
7838,9.118769
7839,4.626235
7840,7.746267
7841,3.373191
7842,4.25247
7843,6.373306
7844,7.373535
7845,5.373765
7846,5.877557
7847,9.876869
7848,7.870891
7849,4.625317
7850,4.999656
7851,8.374339
7852,5.875376
7853,7.374339
7854,6.374568
7855,3.624513
7856,8.374798
7857,4.999656
7858,5.999656
7859,6.872851
7860,6.253608
7861,0.624169
7862,2.62394
7863,8.24765
7864,6.999541
7865,1.504701
7866,3.870786
7867,4.376175
7868,3.999771
7869,3.999771
7870,7.869179
7871,2.50734
7872,2.999885
7873,6.491054
7874,6.244781
7875,5.886384
7876,3.377323
7877,3.866885
7878,5.132886
7879,2.621989
7880,4.999771
7881,5.999771
7882,7.24329
7883,5.134607
7884,7.486006
7885,3.756596
7886,5.757054
7887,6.863443
7888,3.136327
7889,5.620842
7890,6.241455
7891,7.240996
7892,7.378699
7893,10.378929
7894,4.138392
7895,9.101228
7896,10.759004
7897,5.379502
7898,3.999656
7899,4.999656
7900,6.619351
7901,7.858283
7902,4.901868
7903,6.857824
7904,9.141717
7905,6.238014
7906,4.999541
7907,6.999541
7908,3.143208
7909,8.330527
7910,5.287792
7911,3.999771
7912,4.381452
7913,1.999885
7914,7.854155
7915,6.145616
7916,9.089189
7917,6.999312
7918,8.616944
7919,3.911614
7920,4.617173
7921,6.851519
7922,5.764967
7923,5.6166
7924,6.914709
7925,2.616829
7926,8.850029
7927,5.766342
7928,1.383286
7929,4.232626
7930,4.999656
7931,5.151232
7932,3.84808
7933,5.615568
7934,4.999542
7935,7.768176
7936,6.230908
7937,5.768634
7938,7.61511
7939,7.384432
7940,3.999771
7941,4.614766
7942,3.614537
7943,3.770009
7944,8.614423
7945,6.614193
7946,6.770697
7947,4.228387
7948,2.771155
7949,5.771613
7950,4.227929
7951,8.06902
7952,7.544257
7953,4.772415
7954,5.45391
7955,5.772644
7956,6.773102
7957,4.613048
7958,5.386723
7959,5.225752
7960,4.386838
7961,6.837884
7962,8.774248
7963,8.999656
7964,4.999656
7965,7.836395
7966,4.162918
7967,4.999656
7968,4.999656
7969,5.223233
7970,4.552733
7971,4.611445
7972,8.22266
7973,8.388212
7974,5.610872
7975,7.388441
7976,5.166697
7977,5.443488
7978,5.167269
7979,10.053101
7980,5.167727
7981,4.999657
7982,6.389357
7983,4.389586
7984,3.440168
7985,6.779515
7986,6.21934
7987,10.438336
7988,9.731681
7989,5.999771
7990,6.437306
7991,7.780775
7992,4.781233
7993,3.78169
7994,6.826778
7995,5.999657
7996,7.39096
7997,4.608354
7998,6.825061
7999,3.957545
8000,3.608125
8001,7.391646
8002,7.607896
8003,4.607667
8004,6.215219
8005,11.999428
8006,4.569218
8007,3.214762
8008,12.60698
8009,6.392333
8010,5.999657
8011,9.392676
8012,3.999771
8013,7.606523
8014,6.426205
8015,9.573108
8016,6.999657
8017,5.999657
8018,4.999657
8019,3.999657
8020,2.787755
8021,5.211558
8022,5.605379
8023,4.18272
8024,5.421858
8025,10.394049
8026,6.789014
8027,5.210071
8028,5.184436
8029,1.394964
8030,8.419227
8031,4.999542
8032,11.627011
8033,7.95422
8034,8.417397
8035,5.395308
8036,11.207898
8037,8.999428
8038,9.60332
8039,9.999314
8040,2.377335
8041,3
8042,5.413738
8043,7.206183
8044,5.586491
8045,5.205954
8046,4.793589
8047,1.999771
8048,3.808016
8049,7.79416
8050,6.192098
8051,3.602405
8052,7.011341
8053,6.590607
8054,7.408021
8055,4.19347
8056,4.999657
8057,6.397938
8058,6.398166
8059,4.405849
8060,8.398052
8061,6.398281
8062,6.201953
8063,5.595295
8064,4.802643
8065,7.999543
8066,6.398852
8067,1.798505
8068,7.20081
8069,9.200353
8070,7.798962
8071,3.799419
8072,3.199895
8073,7.399767
8074,1.800219
8075,4.599662
8076,4.398077
8077,6.800562
8078,4.999657
8079,7.396477
8080,8.404656
8081,3.400909
8082,2
8083,3.598748
8084,1.401252
8085,6.795558
8086,2.204442
8087,4.598291
8088,8.990769
8089,6.205128
8090,5.597605
8091,2.608208
8092,2.793159
8093,3.999657
8094,7.597148
8095,5.59692
8096,5.804904
8097,7.791103
8098,10.805246
8099,7.999543
8100,4.61232
8101,5.790075
8102,5.40308
8103,4.999772
8104,4.59612
8105,6.595892
8106,5.999543
8107,5.403537
8108,4.403765
8109,8.191327
8110,9.40388
8111,3.404108
8112,1.404336
8113,5.595207
8114,9.975806
8115,11.213923
8116,7.1895
8117,8.024993
8118,3.999886
8119,3.189158
8120,4.999657
8121,3.40525
8122,2.999772
8123,9.159027
8124,7.434582
8125,4.999658
8126,3.811984
8127,7.374776
8128,5.624995
8129,3.186874
8130,5.999658
8131,5.406392
8132,5.592924
8133,5.185733
8134,6.813582
8135,4.814039
8136,1.407191
8137,3.185162
8138,2.999772
8139,6.184477
8140,8.407305
8141,6.776031
8142,7.223284
8143,6.591554
8144,6.815979
8145,6.59144
8146,5.77432
8147,5.042116
8148,5.182537
8149,5.817234
8150,4.182081
8151,5.772608
8152,6.817577
8153,5.590299
8154,4.818147
8155,10.361766
8156,4.456724
8157,4.770782
8158,6.999544
8159,6.589614
8160,7.179343
8161,9.229674
8162,5.409815
8163,7.178886
8164,4.230929
8165,6.178544
8166,6.178088
8167,5.053526
8168,4.58893
8169,4.588702
8170,7.588474
8171,3.82214
8172,5.411184
8173,6.176833
8174,2.822939
8175,4.176377
8176,5.411526
8177,5.587789
8178,2.823851
8179,56973.77489
8180,39953.637206
8181,4
8182,4
8183,2
8184,2
8185,5
8186,1
8187,3
8188,3
8189,4
8190,1
8191,87361
