# rates per second; sumw2 is the sum of squared weights divided by T_sim^2
bin_keV,sumw,sumw2,light_sumw,light_sumw2
0,0,0,0,0
1,0.001570796327,2.4674011e-06,0.001570796327,2.4674011e-06
2,0.001570796327,2.4674011e-06,0.001570796327,2.4674011e-06
3,0.001570796327,2.4674011e-06,0.001570796327,2.4674011e-06
4,0,0,0,0
5,0,0,0,0
6,0.003141592654,4.934802201e-06,0.003141592654,4.934802201e-06
7,0.00471238898,7.402203301e-06,0.00471238898,7.402203301e-06
8,0.007853981634,1.23370055e-05,0.007853981634,1.23370055e-05
9,0.00471238898,7.402203301e-06,0.00471238898,7.402203301e-06
10,0.001570796327,2.4674011e-06,0.001570796327,2.4674011e-06
11,0.003141592654,4.934802201e-06,0.003141592654,4.934802201e-06
12,0.003141592654,4.934802201e-06,0.003141592654,4.934802201e-06
13,0.00471238898,7.402203301e-06,0.00471238898,7.402203301e-06
14,0.003141592654,4.934802201e-06,0.003141592654,4.934802201e-06
15,0.003141592654,4.934802201e-06,0.003141592654,4.934802201e-06
16,0.001570796327,2.4674011e-06,0.001570796327,2.4674011e-06
17,0.003141592654,4.934802201e-06,0.003141592654,4.934802201e-06
18,0.007853981634,1.23370055e-05,0.007853981634,1.23370055e-05
19,0,0,0,0
20,0.00471238898,7.402203301e-06,0.00471238898,7.402203301e-06
21,0,0,0,0
22,0.003141592654,4.934802201e-06,0.003141592654,4.934802201e-06
23,0.007853981634,1.23370055e-05,0.007853981634,1.23370055e-05
24,0.003141592654,4.934802201e-06,0.003141592654,4.934802201e-06
25,0.007853981634,1.23370055e-05,0.007853981634,1.23370055e-05
26,0.00471238898,7.402203301e-06,0.00471238898,7.402203301e-06
27,0.009424777961,1.48044066e-05,0.009424777961,1.48044066e-05
28,0.00471238898,7.402203301e-06,0.00471238898,7.402203301e-06
29,0,0,0,0
30,0,0,0,0
31,0.007853981634,1.23370055e-05,0.007853981634,1.23370055e-05
32,0.006283185307,9.869604401e-06,0.006283185307,9.869604401e-06
33,0,0,0,0
34,0.003141592654,4.934802201e-06,0.003141592654,4.934802201e-06
35,0.007853981634,1.23370055e-05,0.007853981634,1.23370055e-05
36,0.003141592654,4.934802201e-06,0.003141592654,4.934802201e-06
37,0.003141592654,4.934802201e-06,0.003141592654,4.934802201e-06
38,0.003141592654,4.934802201e-06,0.003141592654,4.934802201e-06
39,0.00471238898,7.402203301e-06,0.00471238898,7.402203301e-06
40,0.006283185307,9.869604401e-06,0.006283185307,9.869604401e-06
41,0.003141592654,4.934802201e-06,0.003141592654,4.934802201e-06
42,0.003141592654,4.934802201e-06,0.003141592654,4.934802201e-06
43,0.00471238898,7.402203301e-06,0.00471238898,7.402203301e-06
44,0.01099557429,1.72718077e-05,0.01099557429,1.72718077e-05
45,0.006283185307,9.869604401e-06,0.006283185307,9.869604401e-06
46,0.00471238898,7.402203301e-06,0.00471238898,7.402203301e-06
47,0.006283185307,9.869604401e-06,0.006283185307,9.869604401e-06
48,0.00471238898,7.402203301e-06,0.00471238898,7.402203301e-06
49,0.00471238898,7.402203301e-06,0.00471238898,7.402203301e-06
50,0.00471238898,7.402203301e-06,0.00471238898,7.402203301e-06
51,0.00471238898,7.402203301e-06,0.00471238898,7.402203301e-06
52,0.007853981634,1.23370055e-05,0.007853981634,1.23370055e-05
53,0.003141592654,4.934802201e-06,0.003141592654,4.934802201e-06
54,0.006283185307,9.869604401e-06,0.006283185307,9.869604401e-06
55,0.003141592654,4.934802201e-06,0.003141592654,4.934802201e-06
56,0.001570796327,2.4674011e-06,0.001570796327,2.4674011e-06
57,0.003141592654,4.934802201e-06,0.003141592654,4.934802201e-06
58,0.003141592654,4.934802201e-06,0.003141592654,4.934802201e-06
59,0.001570796327,2.4674011e-06,0.001570796327,2.4674011e-06
60,0,0,0,0
61,0,0,0,0
62,0.001570796327,2.4674011e-06,0.001570796327,2.4674011e-06
63,0.003141592654,4.934802201e-06,0.003141592654,4.934802201e-06
64,0.001570796327,2.4674011e-06,0.001570796327,2.4674011e-06
65,0.003141592654,4.934802201e-06,0.003141592654,4.934802201e-06
66,0.00471238898,7.402203301e-06,0.00471238898,7.402203301e-06
67,0.001570796327,2.4674011e-06,0.001570796327,2.4674011e-06
68,0.001570796327,2.4674011e-06,0.001570796327,2.4674011e-06
69,0.00471238898,7.402203301e-06,0.00471238898,7.402203301e-06
70,0.001570796327,2.4674011e-06,0.001570796327,2.4674011e-06
71,0.001570796327,2.4674011e-06,0.001570796327,2.4674011e-06
72,0.001570796327,2.4674011e-06,0.001570796327,2.4674011e-06
73,0.006283185307,9.869604401e-06,0.006283185307,9.869604401e-06
74,0.007853981634,1.23370055e-05,0.007853981634,1.23370055e-05
75,0.006283185307,9.869604401e-06,0.006283185307,9.869604401e-06
76,0.003141592654,4.934802201e-06,0.003141592654,4.934802201e-06
77,0.006283185307,9.869604401e-06,0.006283185307,9.869604401e-06
78,0.007853981634,1.23370055e-05,0.007853981634,1.23370055e-05
79,0.001570796327,2.4674011e-06,0.001570796327,2.4674011e-06
80,0.00471238898,7.402203301e-06,0.00471238898,7.402203301e-06
81,0.001570796327,2.4674011e-06,0.001570796327,2.4674011e-06
82,0.003141592654,4.934802201e-06,0.003141592654,4.934802201e-06
83,0.006283185307,9.869604401e-06,0.006283185307,9.869604401e-06
84,0.003141592654,4.934802201e-06,0.003141592654,4.934802201e-06
85,0.00471238898,7.402203301e-06,0.00471238898,7.402203301e-06
86,0.006283185307,9.869604401e-06,0.006283185307,9.869604401e-06
87,0.003141592654,4.934802201e-06,0.003141592654,4.934802201e-06
88,0.007853981634,1.23370055e-05,0.007853981634,1.23370055e-05
89,0.001570796327,2.4674011e-06,0.001570796327,2.4674011e-06
90,0.007853981634,1.23370055e-05,0.007853981634,1.23370055e-05
91,0.001570796327,2.4674011e-06,0.001570796327,2.4674011e-06
92,0.00471238898,7.402203301e-06,0.00471238898,7.402203301e-06
93,0,0,0,0
94,0.00471238898,7.402203301e-06,0.00471238898,7.402203301e-06
95,0.003141592654,4.934802201e-06,0.003141592654,4.934802201e-06
96,0.001570796327,2.4674011e-06,0.001570796327,2.4674011e-06
97,0.003141592654,4.934802201e-06,0.003141592654,4.934802201e-06
98,0.007853981634,1.23370055e-05,0.007853981634,1.23370055e-05
99,0.003141592654,4.934802201e-06,0.003141592654,4.934802201e-06
100,0.003141592654,4.934802201e-06,0.003141592654,4.934802201e-06
101,0.003141592654,4.934802201e-06,0.003141592654,4.934802201e-06
102,0.003141592654,4.934802201e-06,0.003141592654,4.934802201e-06
103,0.006283185307,9.869604401e-06,0.006283185307,9.869604401e-06
104,0,0,0,0
105,0.00471238898,7.402203301e-06,0.00471238898,7.402203301e-06
106,0,0,0,0
107,0.006283185307,9.869604401e-06,0.006283185307,9.869604401e-06
108,0.003141592654,4.934802201e-06,0.003141592654,4.934802201e-06
109,0.00471238898,7.402203301e-06,0.00471238898,7.402203301e-06
110,0.00471238898,7.402203301e-06,0.00471238898,7.402203301e-06
111,0.003141592654,4.934802201e-06,0.003141592654,4.934802201e-06
112,0,0,0,0
113,0.006283185307,9.869604401e-06,0.006283185307,9.869604401e-06
114,0.003141592654,4.934802201e-06,0.003141592654,4.934802201e-06
115,0.001570796327,2.4674011e-06,0.001570796327,2.4674011e-06
116,0.003141592654,4.934802201e-06,0.003141592654,4.934802201e-06
117,0.001570796327,2.4674011e-06,0.001570796327,2.4674011e-06
118,0,0,0,0
119,0,0,0,0
120,0.003141592654,4.934802201e-06,0.003141592654,4.934802201e-06
121,0.001570796327,2.4674011e-06,0.001570796327,2.4674011e-06
122,0.003141592654,4.934802201e-06,0.003141592654,4.934802201e-06
123,0.003141592654,4.934802201e-06,0.003141592654,4.934802201e-06
124,0.003141592654,4.934802201e-06,0.003141592654,4.934802201e-06
125,0.001570796327,2.4674011e-06,0.001570796327,2.4674011e-06
126,0,0,0,0
127,0,0,0,0
128,0.003141592654,4.934802201e-06,0.003141592654,4.934802201e-06
129,0.003141592654,4.934802201e-06,0.003141592654,4.934802201e-06
130,0,0,0,0
131,0.006283185307,9.869604401e-06,0.006283185307,9.869604401e-06
132,0.001570796327,2.4674011e-06,0.001570796327,2.4674011e-06
133,0,0,0,0
134,0.003141592654,4.934802201e-06,0.003141592654,4.934802201e-06
135,0.001570796327,2.4674011e-06,0.001570796327,2.4674011e-06
136,0.001570796327,2.4674011e-06,0.001570796327,2.4674011e-06
137,0.003141592654,4.934802201e-06,0.003141592654,4.934802201e-06
138,0,0,0,0
139,0.003141592654,4.934802201e-06,0.003141592654,4.934802201e-06
140,0,0,0,0
141,0,0,0,0
142,0.001570796327,2.4674011e-06,0.001570796327,2.4674011e-06
143,0.001570796327,2.4674011e-06,0.001570796327,2.4674011e-06
144,0.001570796327,2.4674011e-06,0.001570796327,2.4674011e-06
145,0.00471238898,7.402203301e-06,0.00471238898,7.402203301e-06
146,0.00471238898,7.402203301e-06,0.00471238898,7.402203301e-06
147,0.003141592654,4.934802201e-06,0.003141592654,4.934802201e-06
148,0.001570796327,2.4674011e-06,0.001570796327,2.4674011e-06
149,0.001570796327,2.4674011e-06,0.001570796327,2.4674011e-06
150,0.003141592654,4.934802201e-06,0.003141592654,4.934802201e-06
151,0,0,0,0
152,0.001570796327,2.4674011e-06,0.001570796327,2.4674011e-06
153,0.001570796327,2.4674011e-06,0.001570796327,2.4674011e-06
154,0,0,0,0
155,0.003141592654,4.934802201e-06,0.003141592654,4.934802201e-06
156,0,0,0,0
157,0,0,0,0
158,0.003141592654,4.934802201e-06,0.003141592654,4.934802201e-06
159,0.001570796327,2.4674011e-06,0.001570796327,2.4674011e-06
160,0,0,0,0
161,0.001570796327,2.4674011e-06,0.001570796327,2.4674011e-06
162,0,0,0,0
163,0.001570796327,2.4674011e-06,0.001570796327,2.4674011e-06
164,0,0,0,0
165,0,0,0,0
166,0,0,0,0
167,0.00471238898,7.402203301e-06,0.00471238898,7.402203301e-06
168,0.001570796327,2.4674011e-06,0.001570796327,2.4674011e-06
169,0.001570796327,2.4674011e-06,0.001570796327,2.4674011e-06
170,0,0,0,0
171,0,0,0,0
172,0,0,0,0
173,0.003141592654,4.934802201e-06,0.003141592654,4.934802201e-06
174,0,0,0,0
175,0.003141592654,4.934802201e-06,0.003141592654,4.934802201e-06
176,0.001570796327,2.4674011e-06,0.001570796327,2.4674011e-06
177,0.001570796327,2.4674011e-06,0.001570796327,2.4674011e-06
178,0.001570796327,2.4674011e-06,0.001570796327,2.4674011e-06
179,0,0,0,0
180,0,0,0,0
181,0.003141592654,4.934802201e-06,0.003141592654,4.934802201e-06
182,0,0,0,0
183,0.003141592654,4.934802201e-06,0.003141592654,4.934802201e-06
184,0.003141592654,4.934802201e-06,0.003141592654,4.934802201e-06
185,0.00471238898,7.402203301e-06,0.00471238898,7.402203301e-06
186,0.001570796327,2.4674011e-06,0.001570796327,2.4674011e-06
187,0.001570796327,2.4674011e-06,0.001570796327,2.4674011e-06
188,0.003141592654,4.934802201e-06,0.003141592654,4.934802201e-06
189,0.001570796327,2.4674011e-06,0.001570796327,2.4674011e-06
190,0.007853981634,1.23370055e-05,0.007853981634,1.23370055e-05
191,0.003141592654,4.934802201e-06,0.003141592654,4.934802201e-06
192,0,0,0,0
193,0,0,0,0
194,0,0,0,0
195,0,0,0,0
196,0.001570796327,2.4674011e-06,0.001570796327,2.4674011e-06
197,0.001570796327,2.4674011e-06,0.001570796327,2.4674011e-06
198,0.001570796327,2.4674011e-06,0.001570796327,2.4674011e-06
199,0.00471238898,7.402203301e-06,0.00471238898,7.402203301e-06
200,0.001570796327,2.4674011e-06,0.001570796327,2.4674011e-06
201,0,0,0,0
202,0.003141592654,4.934802201e-06,0.003141592654,4.934802201e-06
203,0.001570796327,2.4674011e-06,0.001570796327,2.4674011e-06
204,0.00471238898,7.402203301e-06,0.00471238898,7.402203301e-06
205,0.00471238898,7.402203301e-06,0.00471238898,7.402203301e-06
206,0.003141592654,4.934802201e-06,0.003141592654,4.934802201e-06
207,0.001570796327,2.4674011e-06,0.001570796327,2.4674011e-06
208,0.00471238898,7.402203301e-06,0.00471238898,7.402203301e-06
209,0.009424777961,1.48044066e-05,0.009424777961,1.48044066e-05
210,0.001570796327,2.4674011e-06,0.001570796327,2.4674011e-06
211,0.003141592654,4.934802201e-06,0.003141592654,4.934802201e-06
212,0.001570796327,2.4674011e-06,0.001570796327,2.4674011e-06
213,0,0,0,0
214,0,0,0,0
215,0,0,0,0
216,0.003141592654,4.934802201e-06,0.003141592654,4.934802201e-06
217,0.003141592654,4.934802201e-06,0.003141592654,4.934802201e-06
218,0,0,0,0
219,0,0,0,0
220,0.001570796327,2.4674011e-06,0.001570796327,2.4674011e-06
221,0,0,0,0
222,0.001570796327,2.4674011e-06,0.001570796327,2.4674011e-06
223,0.001570796327,2.4674011e-06,0.001570796327,2.4674011e-06
224,0.003141592654,4.934802201e-06,0.003141592654,4.934802201e-06
225,0,0,0,0
226,0,0,0,0
227,0,0,0,0
228,0.001570796327,2.4674011e-06,0.001570796327,2.4674011e-06
229,0.001570796327,2.4674011e-06,0.001570796327,2.4674011e-06
230,0.001570796327,2.4674011e-06,0.001570796327,2.4674011e-06
231,0,0,0,0
232,0.003141592654,4.934802201e-06,0.003141592654,4.934802201e-06
233,0.003141592654,4.934802201e-06,0.003141592654,4.934802201e-06
234,0,0,0,0
235,0.003141592654,4.934802201e-06,0.003141592654,4.934802201e-06
236,0.003141592654,4.934802201e-06,0.003141592654,4.934802201e-06
237,0.001570796327,2.4674011e-06,0.001570796327,2.4674011e-06
238,0.001570796327,2.4674011e-06,0.001570796327,2.4674011e-06
239,0.001570796327,2.4674011e-06,0.001570796327,2.4674011e-06
240,0.00471238898,7.402203301e-06,0.00471238898,7.402203301e-06
241,0,0,0,0
242,0,0,0,0
243,0.003141592654,4.934802201e-06,0.003141592654,4.934802201e-06
244,0.001570796327,2.4674011e-06,0.001570796327,2.4674011e-06
245,0.003141592654,4.934802201e-06,0.003141592654,4.934802201e-06
246,0,0,0,0
247,0,0,0,0
248,0.003141592654,4.934802201e-06,0.003141592654,4.934802201e-06
249,0,0,0,0
250,0,0,0,0
251,0,0,0,0
252,0,0,0,0
253,0.001570796327,2.4674011e-06,0.001570796327,2.4674011e-06
254,0.001570796327,2.4674011e-06,0.001570796327,2.4674011e-06
255,0.001570796327,2.4674011e-06,0.001570796327,2.4674011e-06
256,0.001570796327,2.4674011e-06,0.001570796327,2.4674011e-06
257,0,0,0,0
258,0,0,0,0
259,0.003141592654,4.934802201e-06,0.003141592654,4.934802201e-06
260,0,0,0,0
261,0.001570796327,2.4674011e-06,0.001570796327,2.4674011e-06
262,0.003141592654,4.934802201e-06,0.003141592654,4.934802201e-06
263,0,0,0,0
264,0.001570796327,2.4674011e-06,0.001570796327,2.4674011e-06
265,0.001570796327,2.4674011e-06,0.001570796327,2.4674011e-06
266,0.001570796327,2.4674011e-06,0.001570796327,2.4674011e-06
267,0.001570796327,2.4674011e-06,0.001570796327,2.4674011e-06
268,0,0,0,0
269,0,0,0,0
270,0,0,0,0
271,0.003141592654,4.934802201e-06,0.003141592654,4.934802201e-06
272,0,0,0,0
273,0.001570796327,2.4674011e-06,0.001570796327,2.4674011e-06
274,0,0,0,0
275,0,0,0,0
276,0.00471238898,7.402203301e-06,0.00471238898,7.402203301e-06
277,0,0,0,0
278,0.003141592654,4.934802201e-06,0.003141592654,4.934802201e-06
279,0.00471238898,7.402203301e-06,0.00471238898,7.402203301e-06
280,0.00471238898,7.402203301e-06,0.00471238898,7.402203301e-06
281,0,0,0,0
282,0.003141592654,4.934802201e-06,0.003141592654,4.934802201e-06
283,0.003141592654,4.934802201e-06,0.003141592654,4.934802201e-06
284,0,0,0,0
285,0,0,0,0
286,0.001570796327,2.4674011e-06,0.001570796327,2.4674011e-06
287,0.003141592654,4.934802201e-06,0.003141592654,4.934802201e-06
288,0.001570796327,2.4674011e-06,0.001570796327,2.4674011e-06
289,0,0,0,0
290,0,0,0,0
291,0.001570796327,2.4674011e-06,0.001570796327,2.4674011e-06
292,0,0,0,0
293,0,0,0,0
294,0.003141592654,4.934802201e-06,0.003141592654,4.934802201e-06
295,0.001570796327,2.4674011e-06,0.001570796327,2.4674011e-06
296,0,0,0,0
297,0,0,0,0
298,0,0,0,0
299,0.001570796327,2.4674011e-06,0.001570796327,2.4674011e-06
300,0.00471238898,7.402203301e-06,0.00471238898,7.402203301e-06
301,0.001570796327,2.4674011e-06,0.001570796327,2.4674011e-06
302,0.001570796327,2.4674011e-06,0.001570796327,2.4674011e-06
303,0.001570796327,2.4674011e-06,0.001570796327,2.4674011e-06
304,0.001570796327,2.4674011e-06,0.001570796327,2.4674011e-06
305,0,0,0,0
306,0,0,0,0
307,0.001570796327,2.4674011e-06,0.001570796327,2.4674011e-06
308,0.00471238898,7.402203301e-06,0.00471238898,7.402203301e-06
309,0,0,0,0
310,0.001570796327,2.4674011e-06,0.001570796327,2.4674011e-06
311,0,0,0,0
312,0.001570796327,2.4674011e-06,0.001570796327,2.4674011e-06
313,0.003141592654,4.934802201e-06,0.003141592654,4.934802201e-06
314,0.001570796327,2.4674011e-06,0.001570796327,2.4674011e-06
315,0.001570796327,2.4674011e-06,0.001570796327,2.4674011e-06
316,0,0,0,0
317,0.001570796327,2.4674011e-06,0.001570796327,2.4674011e-06
318,0.001570796327,2.4674011e-06,0.001570796327,2.4674011e-06
319,0.001570796327,2.4674011e-06,0.001570796327,2.4674011e-06
320,0,0,0,0
321,0,0,0,0
322,0,0,0,0
323,0,0,0,0
324,0.001570796327,2.4674011e-06,0.001570796327,2.4674011e-06
325,0,0,0,0
326,0.003141592654,4.934802201e-06,0.003141592654,4.934802201e-06
327,0,0,0,0
328,0.001570796327,2.4674011e-06,0.001570796327,2.4674011e-06
329,0.001570796327,2.4674011e-06,0.001570796327,2.4674011e-06
330,0,0,0,0
331,0.003141592654,4.934802201e-06,0.003141592654,4.934802201e-06
332,0.001570796327,2.4674011e-06,0.001570796327,2.4674011e-06
333,0.001570796327,2.4674011e-06,0.001570796327,2.4674011e-06
334,0.003141592654,4.934802201e-06,0.003141592654,4.934802201e-06
335,0,0,0,0
336,0.007853981634,1.23370055e-05,0.007853981634,1.23370055e-05
337,0.001570796327,2.4674011e-06,0.001570796327,2.4674011e-06
338,0.001570796327,2.4674011e-06,0.001570796327,2.4674011e-06
339,0,0,0,0
340,0,0,0,0
341,0,0,0,0
342,0,0,0,0
343,0.001570796327,2.4674011e-06,0.001570796327,2.4674011e-06
344,0.001570796327,2.4674011e-06,0.001570796327,2.4674011e-06
345,0.001570796327,2.4674011e-06,0.001570796327,2.4674011e-06
346,0,0,0,0
347,0,0,0,0
348,0,0,0,0
349,0,0,0,0
350,0.001570796327,2.4674011e-06,0.001570796327,2.4674011e-06
351,0.001570796327,2.4674011e-06,0.001570796327,2.4674011e-06
352,0.003141592654,4.934802201e-06,0.003141592654,4.934802201e-06
353,0.001570796327,2.4674011e-06,0.001570796327,2.4674011e-06
354,0.001570796327,2.4674011e-06,0.001570796327,2.4674011e-06
355,0.001570796327,2.4674011e-06,0.001570796327,2.4674011e-06
356,0.003141592654,4.934802201e-06,0.003141592654,4.934802201e-06
357,0.001570796327,2.4674011e-06,0.001570796327,2.4674011e-06
358,0.003141592654,4.934802201e-06,0.003141592654,4.934802201e-06
359,0.003141592654,4.934802201e-06,0.003141592654,4.934802201e-06
360,0,0,0,0
361,0.001570796327,2.4674011e-06,0.001570796327,2.4674011e-06
362,0.003141592654,4.934802201e-06,0.003141592654,4.934802201e-06
363,0.001570796327,2.4674011e-06,0.001570796327,2.4674011e-06
364,0,0,0,0
365,0.00471238898,7.402203301e-06,0.00471238898,7.402203301e-06
366,0.001570796327,2.4674011e-06,0.001570796327,2.4674011e-06
367,0,0,0,0
368,0.001570796327,2.4674011e-06,0.001570796327,2.4674011e-06
369,0,0,0,0
370,0.003141592654,4.934802201e-06,0.003141592654,4.934802201e-06
371,0.001570796327,2.4674011e-06,0.001570796327,2.4674011e-06
372,0,0,0,0
373,0,0,0,0
374,0.001570796327,2.4674011e-06,0.001570796327,2.4674011e-06
375,0.001570796327,2.4674011e-06,0.001570796327,2.4674011e-06
376,0.003141592654,4.934802201e-06,0.003141592654,4.934802201e-06
377,0,0,0,0
378,0.00471238898,7.402203301e-06,0.00471238898,7.402203301e-06
379,0,0,0,0
380,0,0,0,0
381,0.001570796327,2.4674011e-06,0.001570796327,2.4674011e-06
382,0.001570796327,2.4674011e-06,0.001570796327,2.4674011e-06
383,0.001570796327,2.4674011e-06,0.001570796327,2.4674011e-06
384,0,0,0,0
385,0.001570796327,2.4674011e-06,0.001570796327,2.4674011e-06
386,0,0,0,0
387,0.003141592654,4.934802201e-06,0.003141592654,4.934802201e-06
388,0.001570796327,2.4674011e-06,0.001570796327,2.4674011e-06
389,0.001570796327,2.4674011e-06,0.001570796327,2.4674011e-06
390,0.001570796327,2.4674011e-06,0.001570796327,2.4674011e-06
391,0,0,0,0
392,0.003141592654,4.934802201e-06,0.003141592654,4.934802201e-06
393,0.001570796327,2.4674011e-06,0.001570796327,2.4674011e-06
394,0.001570796327,2.4674011e-06,0.001570796327,2.4674011e-06
395,0.001570796327,2.4674011e-06,0.001570796327,2.4674011e-06
396,0.001570796327,2.4674011e-06,0.001570796327,2.4674011e-06
397,0,0,0,0
398,0,0,0,0
399,0.003141592654,4.934802201e-06,0.003141592654,4.934802201e-06
400,0.003141592654,4.934802201e-06,0.003141592654,4.934802201e-06
401,0,0,0,0
402,0.003141592654,4.934802201e-06,0.003141592654,4.934802201e-06
403,0.001570796327,2.4674011e-06,0.001570796327,2.4674011e-06
404,0.001570796327,2.4674011e-06,0.001570796327,2.4674011e-06
405,0,0,0,0
406,0,0,0,0
407,0,0,0,0
408,0,0,0,0
409,0.00471238898,7.402203301e-06,0.00471238898,7.402203301e-06
410,0.001570796327,2.4674011e-06,0.001570796327,2.4674011e-06
411,0,0,0,0
412,0,0,0,0
413,0.00471238898,7.402203301e-06,0.00471238898,7.402203301e-06
414,0,0,0,0
415,0.006283185307,9.869604401e-06,0.006283185307,9.869604401e-06
416,0.001570796327,2.4674011e-06,0.001570796327,2.4674011e-06
417,0,0,0,0
418,0,0,0,0
419,0.001570796327,2.4674011e-06,0.001570796327,2.4674011e-06
420,0.003141592654,4.934802201e-06,0.003141592654,4.934802201e-06
421,0.001570796327,2.4674011e-06,0.001570796327,2.4674011e-06
422,0,0,0,0
423,0.001570796327,2.4674011e-06,0.001570796327,2.4674011e-06
424,0.001570796327,2.4674011e-06,0.001570796327,2.4674011e-06
425,0,0,0,0
426,0.003141592654,4.934802201e-06,0.003141592654,4.934802201e-06
427,0.001570796327,2.4674011e-06,0.001570796327,2.4674011e-06
428,0.001570796327,2.4674011e-06,0.001570796327,2.4674011e-06
429,0,0,0,0
430,0.001570796327,2.4674011e-06,0.001570796327,2.4674011e-06
431,0.001570796327,2.4674011e-06,0.001570796327,2.4674011e-06
432,0,0,0,0
433,0.001570796327,2.4674011e-06,0.001570796327,2.4674011e-06
434,0.001570796327,2.4674011e-06,0.001570796327,2.4674011e-06
435,0.003141592654,4.934802201e-06,0.003141592654,4.934802201e-06
436,0,0,0,0
437,0,0,0,0
438,0.001570796327,2.4674011e-06,0.001570796327,2.4674011e-06
439,0.001570796327,2.4674011e-06,0.001570796327,2.4674011e-06
440,0.003141592654,4.934802201e-06,0.003141592654,4.934802201e-06
441,0.001570796327,2.4674011e-06,0.001570796327,2.4674011e-06
442,0,0,0,0
443,0.001570796327,2.4674011e-06,0.001570796327,2.4674011e-06
444,0,0,0,0
445,0.001570796327,2.4674011e-06,0.001570796327,2.4674011e-06
446,0,0,0,0
447,0,0,0,0
448,0,0,0,0
449,0,0,0,0
450,0.001570796327,2.4674011e-06,0.001570796327,2.4674011e-06
451,0,0,0,0
452,0,0,0,0
453,0,0,0,0
454,0,0,0,0
455,0.001570796327,2.4674011e-06,0.001570796327,2.4674011e-06
456,0.006283185307,9.869604401e-06,0.006283185307,9.869604401e-06
457,0,0,0,0
458,0.001570796327,2.4674011e-06,0.001570796327,2.4674011e-06
459,0,0,0,0
460,0.001570796327,2.4674011e-06,0.001570796327,2.4674011e-06
461,0,0,0,0
462,0.001570796327,2.4674011e-06,0.001570796327,2.4674011e-06
463,0.001570796327,2.4674011e-06,0.001570796327,2.4674011e-06
464,0.001570796327,2.4674011e-06,0.001570796327,2.4674011e-06
465,0.003141592654,4.934802201e-06,0.003141592654,4.934802201e-06
466,0.001570796327,2.4674011e-06,0.001570796327,2.4674011e-06
467,0,0,0,0
468,0,0,0,0
469,0.001570796327,2.4674011e-06,0.001570796327,2.4674011e-06
470,0,0,0,0
471,0.001570796327,2.4674011e-06,0.001570796327,2.4674011e-06
472,0,0,0,0
473,0.001570796327,2.4674011e-06,0.001570796327,2.4674011e-06
474,0,0,0,0
475,0,0,0,0
476,0,0,0,0
477,0,0,0,0
478,0.003141592654,4.934802201e-06,0.003141592654,4.934802201e-06
479,0,0,0,0
480,0.003141592654,4.934802201e-06,0.003141592654,4.934802201e-06
481,0.001570796327,2.4674011e-06,0.001570796327,2.4674011e-06
482,0.001570796327,2.4674011e-06,0.001570796327,2.4674011e-06
483,0,0,0,0
484,0,0,0,0
485,0,0,0,0
486,0,0,0,0
487,0,0,0,0
488,0,0,0,0
489,0,0,0,0
490,0,0,0,0
491,0.003141592654,4.934802201e-06,0.003141592654,4.934802201e-06
492,0,0,0,0
493,0.001570796327,2.4674011e-06,0.001570796327,2.4674011e-06
494,0,0,0,0
495,0.001570796327,2.4674011e-06,0.001570796327,2.4674011e-06
496,0,0,0,0
497,0.003141592654,4.934802201e-06,0.003141592654,4.934802201e-06
498,0.003141592654,4.934802201e-06,0.003141592654,4.934802201e-06
499,0.003141592654,4.934802201e-06,0.003141592654,4.934802201e-06
500,0.003141592654,4.934802201e-06,0.003141592654,4.934802201e-06
501,0.001570796327,2.4674011e-06,0.001570796327,2.4674011e-06
502,0.00471238898,7.402203301e-06,0.00471238898,7.402203301e-06
503,0.003141592654,4.934802201e-06,0.003141592654,4.934802201e-06
504,0,0,0,0
505,0.003141592654,4.934802201e-06,0.003141592654,4.934802201e-06
506,0,0,0,0
507,0.003141592654,4.934802201e-06,0.003141592654,4.934802201e-06
508,0.001570796327,2.4674011e-06,0.001570796327,2.4674011e-06
509,0.001570796327,2.4674011e-06,0.001570796327,2.4674011e-06
510,0.02827433388,4.44132198e-05,0.02827433388,4.44132198e-05
511,0,0,0,0
512,0,0,0,0
513,0.001570796327,2.4674011e-06,0.001570796327,2.4674011e-06
514,0.001570796327,2.4674011e-06,0.001570796327,2.4674011e-06
515,0,0,0,0
516,0.001570796327,2.4674011e-06,0.001570796327,2.4674011e-06
517,0,0,0,0
518,0,0,0,0
519,0.001570796327,2.4674011e-06,0.001570796327,2.4674011e-06
520,0.003141592654,4.934802201e-06,0.003141592654,4.934802201e-06
521,0,0,0,0
522,0.003141592654,4.934802201e-06,0.003141592654,4.934802201e-06
523,0.00471238898,7.402203301e-06,0.00471238898,7.402203301e-06
524,0.001570796327,2.4674011e-06,0.001570796327,2.4674011e-06
525,0.001570796327,2.4674011e-06,0.001570796327,2.4674011e-06
526,0,0,0,0
527,0.003141592654,4.934802201e-06,0.003141592654,4.934802201e-06
528,0.001570796327,2.4674011e-06,0.001570796327,2.4674011e-06
529,0.003141592654,4.934802201e-06,0.003141592654,4.934802201e-06
530,0,0,0,0
531,0.001570796327,2.4674011e-06,0.001570796327,2.4674011e-06
532,0.001570796327,2.4674011e-06,0.001570796327,2.4674011e-06
533,0,0,0,0
534,0.001570796327,2.4674011e-06,0.001570796327,2.4674011e-06
535,0.001570796327,2.4674011e-06,0.001570796327,2.4674011e-06
536,0,0,0,0
537,0.001570796327,2.4674011e-06,0.001570796327,2.4674011e-06
538,0.003141592654,4.934802201e-06,0.003141592654,4.934802201e-06
539,0,0,0,0
540,0,0,0,0
541,0,0,0,0
542,0,0,0,0
543,0,0,0,0
544,0.003141592654,4.934802201e-06,0.003141592654,4.934802201e-06
545,0.00471238898,7.402203301e-06,0.00471238898,7.402203301e-06
546,0,0,0,0
547,0.001570796327,2.4674011e-06,0.001570796327,2.4674011e-06
548,0.003141592654,4.934802201e-06,0.003141592654,4.934802201e-06
549,0.001570796327,2.4674011e-06,0.001570796327,2.4674011e-06
550,0,0,0,0
551,0,0,0,0
552,0.001570796327,2.4674011e-06,0.001570796327,2.4674011e-06
553,0.003141592654,4.934802201e-06,0.003141592654,4.934802201e-06
554,0.003141592654,4.934802201e-06,0.003141592654,4.934802201e-06
555,0,0,0,0
556,0.003141592654,4.934802201e-06,0.003141592654,4.934802201e-06
557,0,0,0,0
558,0.001570796327,2.4674011e-06,0.001570796327,2.4674011e-06
559,0.001570796327,2.4674011e-06,0.001570796327,2.4674011e-06
560,0,0,0,0
561,0.003141592654,4.934802201e-06,0.003141592654,4.934802201e-06
562,0,0,0,0
563,0.00471238898,7.402203301e-06,0.00471238898,7.402203301e-06
564,0,0,0,0
565,0.001570796327,2.4674011e-06,0.001570796327,2.4674011e-06
566,0.001570796327,2.4674011e-06,0.001570796327,2.4674011e-06
567,0,0,0,0
568,0,0,0,0
569,0,0,0,0
570,0.003141592654,4.934802201e-06,0.003141592654,4.934802201e-06
571,0,0,0,0
572,0.001570796327,2.4674011e-06,0.001570796327,2.4674011e-06
573,0.001570796327,2.4674011e-06,0.001570796327,2.4674011e-06
574,0,0,0,0
575,0.003141592654,4.934802201e-06,0.003141592654,4.934802201e-06
576,0,0,0,0
577,0,0,0,0
578,0.001570796327,2.4674011e-06,0.001570796327,2.4674011e-06
579,0,0,0,0
580,0.001570796327,2.4674011e-06,0.001570796327,2.4674011e-06
581,0.001570796327,2.4674011e-06,0.001570796327,2.4674011e-06
582,0.00471238898,7.402203301e-06,0.00471238898,7.402203301e-06
583,0.001570796327,2.4674011e-06,0.001570796327,2.4674011e-06
584,0,0,0,0
585,0.001570796327,2.4674011e-06,0.001570796327,2.4674011e-06
586,0,0,0,0
587,0,0,0,0
588,0.003141592654,4.934802201e-06,0.003141592654,4.934802201e-06
589,0.00471238898,7.402203301e-06,0.00471238898,7.402203301e-06
590,0.003141592654,4.934802201e-06,0.003141592654,4.934802201e-06
591,0,0,0,0
592,0,0,0,0
593,0.001570796327,2.4674011e-06,0.001570796327,2.4674011e-06
594,0.001570796327,2.4674011e-06,0.001570796327,2.4674011e-06
595,0,0,0,0
596,0,0,0,0
597,0,0,0,0
598,0.006283185307,9.869604401e-06,0.006283185307,9.869604401e-06
599,0.003141592654,4.934802201e-06,0.003141592654,4.934802201e-06
600,0,0,0,0
601,0.001570796327,2.4674011e-06,0.001570796327,2.4674011e-06
602,0.001570796327,2.4674011e-06,0.001570796327,2.4674011e-06
603,0.001570796327,2.4674011e-06,0.001570796327,2.4674011e-06
604,0.001570796327,2.4674011e-06,0.001570796327,2.4674011e-06
605,0.003141592654,4.934802201e-06,0.003141592654,4.934802201e-06
606,0.001570796327,2.4674011e-06,0.001570796327,2.4674011e-06
607,0.001570796327,2.4674011e-06,0.001570796327,2.4674011e-06
608,0.001570796327,2.4674011e-06,0.001570796327,2.4674011e-06
609,0.001570796327,2.4674011e-06,0.001570796327,2.4674011e-06
610,0.001570796327,2.4674011e-06,0.001570796327,2.4674011e-06
611,0,0,0,0
612,0.001570796327,2.4674011e-06,0.001570796327,2.4674011e-06
613,0,0,0,0
614,0,0,0,0
615,0.001570796327,2.4674011e-06,0.001570796327,2.4674011e-06
616,0,0,0,0
617,0.003141592654,4.934802201e-06,0.003141592654,4.934802201e-06
618,0.006283185307,9.869604401e-06,0.006283185307,9.869604401e-06
619,0,0,0,0
620,0.001570796327,2.4674011e-06,0.001570796327,2.4674011e-06
621,0.001570796327,2.4674011e-06,0.001570796327,2.4674011e-06
622,0,0,0,0
623,0.001570796327,2.4674011e-06,0.001570796327,2.4674011e-06
624,0.003141592654,4.934802201e-06,0.003141592654,4.934802201e-06
625,0.003141592654,4.934802201e-06,0.003141592654,4.934802201e-06
626,0,0,0,0
627,0,0,0,0
628,0,0,0,0
629,0.001570796327,2.4674011e-06,0.001570796327,2.4674011e-06
630,0.001570796327,2.4674011e-06,0.001570796327,2.4674011e-06
631,0,0,0,0
632,0.001570796327,2.4674011e-06,0.001570796327,2.4674011e-06
633,0,0,0,0
634,0.001570796327,2.4674011e-06,0.001570796327,2.4674011e-06
635,0,0,0,0
636,0.001570796327,2.4674011e-06,0.001570796327,2.4674011e-06
637,0,0,0,0
638,0,0,0,0
639,0,0,0,0
640,0,0,0,0
641,0.003141592654,4.934802201e-06,0.003141592654,4.934802201e-06
642,0.003141592654,4.934802201e-06,0.003141592654,4.934802201e-06
643,0,0,0,0
644,0,0,0,0
645,0,0,0,0
646,0,0,0,0
647,0.001570796327,2.4674011e-06,0.001570796327,2.4674011e-06
648,0,0,0,0
649,0.00471238898,7.402203301e-06,0.00471238898,7.402203301e-06
650,0.003141592654,4.934802201e-06,0.003141592654,4.934802201e-06
651,0.003141592654,4.934802201e-06,0.003141592654,4.934802201e-06
652,0.001570796327,2.4674011e-06,0.001570796327,2.4674011e-06
653,0,0,0,0
654,0.001570796327,2.4674011e-06,0.001570796327,2.4674011e-06
655,0.001570796327,2.4674011e-06,0.001570796327,2.4674011e-06
656,0,0,0,0
657,0,0,0,0
658,0.001570796327,2.4674011e-06,0.001570796327,2.4674011e-06
659,0.003141592654,4.934802201e-06,0.003141592654,4.934802201e-06
660,0.001570796327,2.4674011e-06,0.001570796327,2.4674011e-06
661,0,0,0,0
662,0.003141592654,4.934802201e-06,0.003141592654,4.934802201e-06
663,0,0,0,0
664,0.00471238898,7.402203301e-06,0.00471238898,7.402203301e-06
665,0.001570796327,2.4674011e-06,0.001570796327,2.4674011e-06
666,0.001570796327,2.4674011e-06,0.001570796327,2.4674011e-06
667,0,0,0,0
668,0,0,0,0
669,0,0,0,0
670,0.001570796327,2.4674011e-06,0.001570796327,2.4674011e-06
671,0,0,0,0
672,0.001570796327,2.4674011e-06,0.001570796327,2.4674011e-06
673,0.001570796327,2.4674011e-06,0.001570796327,2.4674011e-06
674,0.001570796327,2.4674011e-06,0.001570796327,2.4674011e-06
675,0.003141592654,4.934802201e-06,0.003141592654,4.934802201e-06
676,0.00471238898,7.402203301e-06,0.00471238898,7.402203301e-06
677,0.003141592654,4.934802201e-06,0.003141592654,4.934802201e-06
678,0.001570796327,2.4674011e-06,0.001570796327,2.4674011e-06
679,0,0,0,0
680,0,0,0,0
681,0.001570796327,2.4674011e-06,0.001570796327,2.4674011e-06
682,0,0,0,0
683,0,0,0,0
684,0,0,0,0
685,0,0,0,0
686,0,0,0,0
687,0,0,0,0
688,0.001570796327,2.4674011e-06,0.001570796327,2.4674011e-06
689,0,0,0,0
690,0.001570796327,2.4674011e-06,0.001570796327,2.4674011e-06
691,0.001570796327,2.4674011e-06,0.001570796327,2.4674011e-06
692,0,0,0,0
693,0,0,0,0
694,0,0,0,0
695,0,0,0,0
696,0,0,0,0
697,0,0,0,0
698,0.003141592654,4.934802201e-06,0.003141592654,4.934802201e-06
699,0,0,0,0
700,0.00471238898,7.402203301e-06,0.00471238898,7.402203301e-06
701,0.001570796327,2.4674011e-06,0.001570796327,2.4674011e-06
702,0,0,0,0
703,0.001570796327,2.4674011e-06,0.001570796327,2.4674011e-06
704,0,0,0,0
705,0,0,0,0
706,0,0,0,0
707,0,0,0,0
708,0.003141592654,4.934802201e-06,0.003141592654,4.934802201e-06
709,0,0,0,0
710,0,0,0,0
711,0,0,0,0
712,0,0,0,0
713,0.003141592654,4.934802201e-06,0.003141592654,4.934802201e-06
714,0,0,0,0
715,0.001570796327,2.4674011e-06,0.001570796327,2.4674011e-06
716,0,0,0,0
717,0,0,0,0
718,0.003141592654,4.934802201e-06,0.003141592654,4.934802201e-06
719,0,0,0,0
720,0.00471238898,7.402203301e-06,0.00471238898,7.402203301e-06
721,0.001570796327,2.4674011e-06,0.001570796327,2.4674011e-06
722,0,0,0,0
723,0,0,0,0
724,0,0,0,0
725,0.001570796327,2.4674011e-06,0.001570796327,2.4674011e-06
726,0.003141592654,4.934802201e-06,0.003141592654,4.934802201e-06
727,0.001570796327,2.4674011e-06,0.001570796327,2.4674011e-06
728,0.003141592654,4.934802201e-06,0.003141592654,4.934802201e-06
729,0,0,0,0
730,0,0,0,0
731,0,0,0,0
732,0.003141592654,4.934802201e-06,0.003141592654,4.934802201e-06
733,0.003141592654,4.934802201e-06,0.003141592654,4.934802201e-06
734,0,0,0,0
735,0,0,0,0
736,0,0,0,0
737,0.001570796327,2.4674011e-06,0.001570796327,2.4674011e-06
738,0.003141592654,4.934802201e-06,0.003141592654,4.934802201e-06
739,0.003141592654,4.934802201e-06,0.003141592654,4.934802201e-06
740,0.001570796327,2.4674011e-06,0.001570796327,2.4674011e-06
741,0.003141592654,4.934802201e-06,0.003141592654,4.934802201e-06
742,0,0,0,0
743,0,0,0,0
744,0,0,0,0
745,0,0,0,0
746,0,0,0,0
747,0,0,0,0
748,0.001570796327,2.4674011e-06,0.001570796327,2.4674011e-06
749,0,0,0,0
750,0.006283185307,9.869604401e-06,0.006283185307,9.869604401e-06
751,0.00471238898,7.402203301e-06,0.00471238898,7.402203301e-06
752,0.001570796327,2.4674011e-06,0.001570796327,2.4674011e-06
753,0,0,0,0
754,0.001570796327,2.4674011e-06,0.001570796327,2.4674011e-06
755,0.00471238898,7.402203301e-06,0.00471238898,7.402203301e-06
756,0,0,0,0
757,0.001570796327,2.4674011e-06,0.001570796327,2.4674011e-06
758,0.001570796327,2.4674011e-06,0.001570796327,2.4674011e-06
759,0,0,0,0
760,0.001570796327,2.4674011e-06,0.001570796327,2.4674011e-06
761,0,0,0,0
762,0,0,0,0
763,0,0,0,0
764,0.001570796327,2.4674011e-06,0.001570796327,2.4674011e-06
765,0.001570796327,2.4674011e-06,0.001570796327,2.4674011e-06
766,0.003141592654,4.934802201e-06,0.003141592654,4.934802201e-06
767,0.00471238898,7.402203301e-06,0.00471238898,7.402203301e-06
768,0,0,0,0
769,0.001570796327,2.4674011e-06,0.001570796327,2.4674011e-06
770,0.001570796327,2.4674011e-06,0.001570796327,2.4674011e-06
771,0.003141592654,4.934802201e-06,0.003141592654,4.934802201e-06
772,0.001570796327,2.4674011e-06,0.001570796327,2.4674011e-06
773,0,0,0,0
774,0,0,0,0
775,0,0,0,0
776,0.001570796327,2.4674011e-06,0.001570796327,2.4674011e-06
777,0,0,0,0
778,0.003141592654,4.934802201e-06,0.003141592654,4.934802201e-06
779,0.001570796327,2.4674011e-06,0.001570796327,2.4674011e-06
780,0,0,0,0
781,0.003141592654,4.934802201e-06,0.003141592654,4.934802201e-06
782,0.00471238898,7.402203301e-06,0.00471238898,7.402203301e-06
783,0.003141592654,4.934802201e-06,0.003141592654,4.934802201e-06
784,0,0,0,0
785,0,0,0,0
786,0,0,0,0
787,0.003141592654,4.934802201e-06,0.003141592654,4.934802201e-06
788,0,0,0,0
789,0.001570796327,2.4674011e-06,0.001570796327,2.4674011e-06
790,0.001570796327,2.4674011e-06,0.001570796327,2.4674011e-06
791,0.001570796327,2.4674011e-06,0.001570796327,2.4674011e-06
792,0,0,0,0
793,0.001570796327,2.4674011e-06,0.001570796327,2.4674011e-06
794,0,0,0,0
795,0.003141592654,4.934802201e-06,0.003141592654,4.934802201e-06
796,0.003141592654,4.934802201e-06,0.003141592654,4.934802201e-06
797,0,0,0,0
798,0,0,0,0
799,0,0,0,0
800,0.001570796327,2.4674011e-06,0.001570796327,2.4674011e-06
801,0,0,0,0
802,0.006283185307,9.869604401e-06,0.006283185307,9.869604401e-06
803,0.001570796327,2.4674011e-06,0.001570796327,2.4674011e-06
804,0,0,0,0
805,0.001570796327,2.4674011e-06,0.001570796327,2.4674011e-06
806,0.001570796327,2.4674011e-06,0.001570796327,2.4674011e-06
807,0,0,0,0
808,0.001570796327,2.4674011e-06,0.001570796327,2.4674011e-06
809,0.003141592654,4.934802201e-06,0.003141592654,4.934802201e-06
810,0.003141592654,4.934802201e-06,0.003141592654,4.934802201e-06
811,0,0,0,0
812,0.003141592654,4.934802201e-06,0.003141592654,4.934802201e-06
813,0.003141592654,4.934802201e-06,0.003141592654,4.934802201e-06
814,0,0,0,0
815,0,0,0,0
816,0,0,0,0
817,0,0,0,0
818,0.003141592654,4.934802201e-06,0.003141592654,4.934802201e-06
819,0,0,0,0
820,0,0,0,0
821,0,0,0,0
822,0.001570796327,2.4674011e-06,0.001570796327,2.4674011e-06
823,0.001570796327,2.4674011e-06,0.001570796327,2.4674011e-06
824,0.001570796327,2.4674011e-06,0.001570796327,2.4674011e-06
825,0.001570796327,2.4674011e-06,0.001570796327,2.4674011e-06
826,0.001570796327,2.4674011e-06,0.001570796327,2.4674011e-06
827,0,0,0,0
828,0,0,0,0
829,0,0,0,0
830,0,0,0,0
831,0.001570796327,2.4674011e-06,0.001570796327,2.4674011e-06
832,0.003141592654,4.934802201e-06,0.003141592654,4.934802201e-06
833,0.001570796327,2.4674011e-06,0.001570796327,2.4674011e-06
834,0,0,0,0
835,0.001570796327,2.4674011e-06,0.001570796327,2.4674011e-06
836,0,0,0,0
837,0,0,0,0
838,0.001570796327,2.4674011e-06,0.001570796327,2.4674011e-06
839,0.001570796327,2.4674011e-06,0.001570796327,2.4674011e-06
840,0,0,0,0
841,0.001570796327,2.4674011e-06,0.001570796327,2.4674011e-06
842,0,0,0,0
843,0.003141592654,4.934802201e-06,0.003141592654,4.934802201e-06
844,0.001570796327,2.4674011e-06,0.001570796327,2.4674011e-06
845,0,0,0,0
846,0,0,0,0
847,0,0,0,0
848,0.001570796327,2.4674011e-06,0.001570796327,2.4674011e-06
849,0.003141592654,4.934802201e-06,0.003141592654,4.934802201e-06
850,0.001570796327,2.4674011e-06,0.001570796327,2.4674011e-06
851,0,0,0,0
852,0,0,0,0
853,0,0,0,0
854,0,0,0,0
855,0,0,0,0
856,0,0,0,0
857,0.001570796327,2.4674011e-06,0.001570796327,2.4674011e-06
858,0,0,0,0
859,0,0,0,0
860,0,0,0,0
861,0,0,0,0
862,0.001570796327,2.4674011e-06,0.001570796327,2.4674011e-06
863,0,0,0,0
864,0.001570796327,2.4674011e-06,0.001570796327,2.4674011e-06
865,0,0,0,0
866,0,0,0,0
867,0.001570796327,2.4674011e-06,0.001570796327,2.4674011e-06
868,0,0,0,0
869,0.001570796327,2.4674011e-06,0.001570796327,2.4674011e-06
870,0,0,0,0
871,0.003141592654,4.934802201e-06,0.003141592654,4.934802201e-06
872,0,0,0,0
873,0,0,0,0
874,0.001570796327,2.4674011e-06,0.001570796327,2.4674011e-06
875,0.00471238898,7.402203301e-06,0.00471238898,7.402203301e-06
876,0,0,0,0
877,0.001570796327,2.4674011e-06,0.001570796327,2.4674011e-06
878,0,0,0,0
879,0.001570796327,2.4674011e-06,0.001570796327,2.4674011e-06
880,0,0,0,0
881,0.003141592654,4.934802201e-06,0.003141592654,4.934802201e-06
882,0,0,0,0
883,0,0,0,0
884,0.001570796327,2.4674011e-06,0.001570796327,2.4674011e-06
885,0.001570796327,2.4674011e-06,0.001570796327,2.4674011e-06
886,0.003141592654,4.934802201e-06,0.003141592654,4.934802201e-06
887,0.003141592654,4.934802201e-06,0.003141592654,4.934802201e-06
888,0.001570796327,2.4674011e-06,0.001570796327,2.4674011e-06
889,0,0,0,0
890,0,0,0,0
891,0,0,0,0
892,0,0,0,0
893,0,0,0,0
894,0.003141592654,4.934802201e-06,0.003141592654,4.934802201e-06
895,0,0,0,0
896,0,0,0,0
897,0,0,0,0
898,0.003141592654,4.934802201e-06,0.003141592654,4.934802201e-06
899,0,0,0,0
900,0,0,0,0
901,0,0,0,0
902,0.001570796327,2.4674011e-06,0.001570796327,2.4674011e-06
903,0.001570796327,2.4674011e-06,0.001570796327,2.4674011e-06
904,0.001570796327,2.4674011e-06,0.001570796327,2.4674011e-06
905,0,0,0,0
906,0.001570796327,2.4674011e-06,0.001570796327,2.4674011e-06
907,0,0,0,0
908,0.001570796327,2.4674011e-06,0.001570796327,2.4674011e-06
909,0.001570796327,2.4674011e-06,0.001570796327,2.4674011e-06
910,0.001570796327,2.4674011e-06,0.001570796327,2.4674011e-06
911,0.001570796327,2.4674011e-06,0.001570796327,2.4674011e-06
912,0,0,0,0
913,0.001570796327,2.4674011e-06,0.001570796327,2.4674011e-06
914,0,0,0,0
915,0.001570796327,2.4674011e-06,0.001570796327,2.4674011e-06
916,0,0,0,0
917,0.001570796327,2.4674011e-06,0.001570796327,2.4674011e-06
918,0,0,0,0
919,0.001570796327,2.4674011e-06,0.001570796327,2.4674011e-06
920,0.003141592654,4.934802201e-06,0.003141592654,4.934802201e-06
921,0,0,0,0
922,0.001570796327,2.4674011e-06,0.001570796327,2.4674011e-06
923,0,0,0,0
924,0.001570796327,2.4674011e-06,0.001570796327,2.4674011e-06
925,0,0,0,0
926,0.001570796327,2.4674011e-06,0.001570796327,2.4674011e-06
927,0.001570796327,2.4674011e-06,0.001570796327,2.4674011e-06
928,0.003141592654,4.934802201e-06,0.003141592654,4.934802201e-06
929,0,0,0,0
930,0.003141592654,4.934802201e-06,0.003141592654,4.934802201e-06
931,0.001570796327,2.4674011e-06,0.001570796327,2.4674011e-06
932,0,0,0,0
933,0.001570796327,2.4674011e-06,0.001570796327,2.4674011e-06
934,0,0,0,0
935,0.001570796327,2.4674011e-06,0.001570796327,2.4674011e-06
936,0.003141592654,4.934802201e-06,0.003141592654,4.934802201e-06
937,0,0,0,0
938,0,0,0,0
939,0,0,0,0
940,0.001570796327,2.4674011e-06,0.001570796327,2.4674011e-06
941,0,0,0,0
942,0.001570796327,2.4674011e-06,0.001570796327,2.4674011e-06
943,0.001570796327,2.4674011e-06,0.001570796327,2.4674011e-06
944,0.001570796327,2.4674011e-06,0.001570796327,2.4674011e-06
945,0.001570796327,2.4674011e-06,0.001570796327,2.4674011e-06
946,0.001570796327,2.4674011e-06,0.001570796327,2.4674011e-06
947,0.001570796327,2.4674011e-06,0.001570796327,2.4674011e-06
948,0,0,0,0
949,0.006283185307,9.869604401e-06,0.006283185307,9.869604401e-06
950,0.001570796327,2.4674011e-06,0.001570796327,2.4674011e-06
951,0.001570796327,2.4674011e-06,0.001570796327,2.4674011e-06
952,0,0,0,0
953,0.001570796327,2.4674011e-06,0.001570796327,2.4674011e-06
954,0,0,0,0
955,0.001570796327,2.4674011e-06,0.001570796327,2.4674011e-06
956,0,0,0,0
957,0.001570796327,2.4674011e-06,0.001570796327,2.4674011e-06
958,0,0,0,0
959,0.001570796327,2.4674011e-06,0.001570796327,2.4674011e-06
960,0.001570796327,2.4674011e-06,0.001570796327,2.4674011e-06
961,0.001570796327,2.4674011e-06,0.001570796327,2.4674011e-06
962,0,0,0,0
963,0.003141592654,4.934802201e-06,0.003141592654,4.934802201e-06
964,0.001570796327,2.4674011e-06,0.001570796327,2.4674011e-06
965,0,0,0,0
966,0.003141592654,4.934802201e-06,0.003141592654,4.934802201e-06
967,0.001570796327,2.4674011e-06,0.001570796327,2.4674011e-06
968,0.001570796327,2.4674011e-06,0.001570796327,2.4674011e-06
969,0.001570796327,2.4674011e-06,0.001570796327,2.4674011e-06
970,0.001570796327,2.4674011e-06,0.001570796327,2.4674011e-06
971,0,0,0,0
972,0.003141592654,4.934802201e-06,0.003141592654,4.934802201e-06
973,0,0,0,0
974,0,0,0,0
975,0.003141592654,4.934802201e-06,0.003141592654,4.934802201e-06
976,0,0,0,0
977,0.001570796327,2.4674011e-06,0.001570796327,2.4674011e-06
978,0.001570796327,2.4674011e-06,0.001570796327,2.4674011e-06
979,0,0,0,0
980,0,0,0,0
981,0.001570796327,2.4674011e-06,0.001570796327,2.4674011e-06
982,0,0,0,0
983,0,0,0,0
984,0.001570796327,2.4674011e-06,0.001570796327,2.4674011e-06
985,0.001570796327,2.4674011e-06,0.001570796327,2.4674011e-06
986,0.001570796327,2.4674011e-06,0.001570796327,2.4674011e-06
987,0,0,0,0
988,0,0,0,0
989,0.003141592654,4.934802201e-06,0.003141592654,4.934802201e-06
990,0,0,0,0
991,0.001570796327,2.4674011e-06,0.001570796327,2.4674011e-06
992,0,0,0,0
993,0,0,0,0
994,0.001570796327,2.4674011e-06,0.001570796327,2.4674011e-06
995,0,0,0,0
996,0.001570796327,2.4674011e-06,0.001570796327,2.4674011e-06
997,0.00471238898,7.402203301e-06,0.00471238898,7.402203301e-06
998,0.003141592654,4.934802201e-06,0.003141592654,4.934802201e-06
999,0.001570796327,2.4674011e-06,0.001570796327,2.4674011e-06
1000,0.00471238898,7.402203301e-06,0.00471238898,7.402203301e-06
1001,0.001570796327,2.4674011e-06,0.001570796327,2.4674011e-06
1002,0,0,0,0
1003,0.001570796327,2.4674011e-06,0.001570796327,2.4674011e-06
1004,0.00471238898,7.402203301e-06,0.00471238898,7.402203301e-06
1005,0.00471238898,7.402203301e-06,0.00471238898,7.402203301e-06
1006,0,0,0,0
1007,0.001570796327,2.4674011e-06,0.001570796327,2.4674011e-06
1008,0.001570796327,2.4674011e-06,0.001570796327,2.4674011e-06
1009,0.001570796327,2.4674011e-06,0.001570796327,2.4674011e-06
1010,0.001570796327,2.4674011e-06,0.001570796327,2.4674011e-06
1011,0.003141592654,4.934802201e-06,0.003141592654,4.934802201e-06
1012,0,0,0,0
1013,0,0,0,0
1014,0.001570796327,2.4674011e-06,0.001570796327,2.4674011e-06
1015,0.001570796327,2.4674011e-06,0.001570796327,2.4674011e-06
1016,0,0,0,0
1017,0,0,0,0
1018,0.001570796327,2.4674011e-06,0.001570796327,2.4674011e-06
1019,0,0,0,0
1020,0.001570796327,2.4674011e-06,0.001570796327,2.4674011e-06
1021,0,0,0,0
1022,0,0,0,0
1023,0.001570796327,2.4674011e-06,0.001570796327,2.4674011e-06
1024,0.001570796327,2.4674011e-06,0.001570796327,2.4674011e-06
1025,0.00471238898,7.402203301e-06,0.00471238898,7.402203301e-06
1026,0.003141592654,4.934802201e-06,0.003141592654,4.934802201e-06
1027,0,0,0,0
1028,0.003141592654,4.934802201e-06,0.003141592654,4.934802201e-06
1029,0,0,0,0
1030,0,0,0,0
1031,0,0,0,0
1032,0,0,0,0
1033,0,0,0,0
1034,0,0,0,0
1035,0.001570796327,2.4674011e-06,0.001570796327,2.4674011e-06
1036,0.003141592654,4.934802201e-06,0.003141592654,4.934802201e-06
1037,0.001570796327,2.4674011e-06,0.001570796327,2.4674011e-06
1038,0.001570796327,2.4674011e-06,0.001570796327,2.4674011e-06
1039,0.001570796327,2.4674011e-06,0.001570796327,2.4674011e-06
1040,0,0,0,0
1041,0,0,0,0
1042,0.001570796327,2.4674011e-06,0.001570796327,2.4674011e-06
1043,0,0,0,0
1044,0,0,0,0
1045,0.001570796327,2.4674011e-06,0.001570796327,2.4674011e-06
1046,0,0,0,0
1047,0,0,0,0
1048,0.003141592654,4.934802201e-06,0.003141592654,4.934802201e-06
1049,0,0,0,0
1050,0.003141592654,4.934802201e-06,0.003141592654,4.934802201e-06
1051,0.001570796327,2.4674011e-06,0.001570796327,2.4674011e-06
1052,0,0,0,0
1053,0.001570796327,2.4674011e-06,0.001570796327,2.4674011e-06
1054,0,0,0,0
1055,0,0,0,0
1056,0,0,0,0
1057,0.001570796327,2.4674011e-06,0.001570796327,2.4674011e-06
1058,0,0,0,0
1059,0,0,0,0
1060,0.00471238898,7.402203301e-06,0.00471238898,7.402203301e-06
1061,0,0,0,0
1062,0.003141592654,4.934802201e-06,0.003141592654,4.934802201e-06
1063,0,0,0,0
1064,0.001570796327,2.4674011e-06,0.001570796327,2.4674011e-06
1065,0.003141592654,4.934802201e-06,0.003141592654,4.934802201e-06
1066,0,0,0,0
1067,0,0,0,0
1068,0,0,0,0
1069,0,0,0,0
1070,0,0,0,0
1071,0,0,0,0
1072,0,0,0,0
1073,0,0,0,0
1074,0.001570796327,2.4674011e-06,0.001570796327,2.4674011e-06
1075,0,0,0,0
1076,0.001570796327,2.4674011e-06,0.001570796327,2.4674011e-06
1077,0.003141592654,4.934802201e-06,0.003141592654,4.934802201e-06
1078,0.001570796327,2.4674011e-06,0.001570796327,2.4674011e-06
1079,0,0,0,0
1080,0.001570796327,2.4674011e-06,0.001570796327,2.4674011e-06
1081,0.003141592654,4.934802201e-06,0.003141592654,4.934802201e-06
1082,0,0,0,0
1083,0.003141592654,4.934802201e-06,0.003141592654,4.934802201e-06
1084,0,0,0,0
1085,0,0,0,0
1086,0.001570796327,2.4674011e-06,0.001570796327,2.4674011e-06
1087,0.006283185307,9.869604401e-06,0.006283185307,9.869604401e-06
1088,0,0,0,0
1089,0.001570796327,2.4674011e-06,0.001570796327,2.4674011e-06
1090,0.001570796327,2.4674011e-06,0.001570796327,2.4674011e-06
1091,0.001570796327,2.4674011e-06,0.001570796327,2.4674011e-06
1092,0.001570796327,2.4674011e-06,0.001570796327,2.4674011e-06
1093,0.001570796327,2.4674011e-06,0.001570796327,2.4674011e-06
1094,0,0,0,0
1095,0,0,0,0
1096,0.003141592654,4.934802201e-06,0.003141592654,4.934802201e-06
1097,0,0,0,0
1098,0.003141592654,4.934802201e-06,0.003141592654,4.934802201e-06
1099,0.001570796327,2.4674011e-06,0.001570796327,2.4674011e-06
1100,0.001570796327,2.4674011e-06,0.001570796327,2.4674011e-06
1101,0,0,0,0
1102,0,0,0,0
1103,0,0,0,0
1104,0.003141592654,4.934802201e-06,0.003141592654,4.934802201e-06
1105,0.001570796327,2.4674011e-06,0.001570796327,2.4674011e-06
1106,0.001570796327,2.4674011e-06,0.001570796327,2.4674011e-06
1107,0,0,0,0
1108,0,0,0,0
1109,0,0,0,0
1110,0.001570796327,2.4674011e-06,0.001570796327,2.4674011e-06
1111,0,0,0,0
1112,0.001570796327,2.4674011e-06,0.001570796327,2.4674011e-06
1113,0,0,0,0
1114,0.001570796327,2.4674011e-06,0.001570796327,2.4674011e-06
1115,0,0,0,0
1116,0.003141592654,4.934802201e-06,0.003141592654,4.934802201e-06
1117,0.001570796327,2.4674011e-06,0.001570796327,2.4674011e-06
1118,0,0,0,0
1119,0,0,0,0
1120,0,0,0,0
1121,0,0,0,0
1122,0,0,0,0
1123,0.001570796327,2.4674011e-06,0.001570796327,2.4674011e-06
1124,0,0,0,0
1125,0,0,0,0
1126,0,0,0,0
1127,0.003141592654,4.934802201e-06,0.003141592654,4.934802201e-06
1128,0,0,0,0
1129,0,0,0,0
1130,0,0,0,0
1131,0,0,0,0
1132,0.00471238898,7.402203301e-06,0.00471238898,7.402203301e-06
1133,0.003141592654,4.934802201e-06,0.003141592654,4.934802201e-06
1134,0.001570796327,2.4674011e-06,0.001570796327,2.4674011e-06
1135,0,0,0,0
1136,0,0,0,0
1137,0.001570796327,2.4674011e-06,0.001570796327,2.4674011e-06
1138,0.001570796327,2.4674011e-06,0.001570796327,2.4674011e-06
1139,0,0,0,0
1140,0.003141592654,4.934802201e-06,0.003141592654,4.934802201e-06
1141,0,0,0,0
1142,0,0,0,0
1143,0,0,0,0
1144,0.001570796327,2.4674011e-06,0.001570796327,2.4674011e-06
1145,0.001570796327,2.4674011e-06,0.001570796327,2.4674011e-06
1146,0,0,0,0
1147,0.001570796327,2.4674011e-06,0.001570796327,2.4674011e-06
1148,0.003141592654,4.934802201e-06,0.003141592654,4.934802201e-06
1149,0.003141592654,4.934802201e-06,0.003141592654,4.934802201e-06
1150,0.00471238898,7.402203301e-06,0.00471238898,7.402203301e-06
1151,0.001570796327,2.4674011e-06,0.001570796327,2.4674011e-06
1152,0.003141592654,4.934802201e-06,0.003141592654,4.934802201e-06
1153,0,0,0,0
1154,0,0,0,0
1155,0.001570796327,2.4674011e-06,0.001570796327,2.4674011e-06
1156,0.003141592654,4.934802201e-06,0.003141592654,4.934802201e-06
1157,0,0,0,0
1158,0,0,0,0
1159,0.001570796327,2.4674011e-06,0.001570796327,2.4674011e-06
1160,0,0,0,0
1161,0.003141592654,4.934802201e-06,0.003141592654,4.934802201e-06
1162,0.003141592654,4.934802201e-06,0.003141592654,4.934802201e-06
1163,0.001570796327,2.4674011e-06,0.001570796327,2.4674011e-06
1164,0,0,0,0
1165,0.001570796327,2.4674011e-06,0.001570796327,2.4674011e-06
1166,0.001570796327,2.4674011e-06,0.001570796327,2.4674011e-06
1167,0.001570796327,2.4674011e-06,0.001570796327,2.4674011e-06
1168,0,0,0,0
1169,0,0,0,0
1170,0,0,0,0
1171,0,0,0,0
1172,0.001570796327,2.4674011e-06,0.001570796327,2.4674011e-06
1173,0,0,0,0
1174,0,0,0,0
1175,0,0,0,0
1176,0,0,0,0
1177,0,0,0,0
1178,0.001570796327,2.4674011e-06,0.001570796327,2.4674011e-06
1179,0,0,0,0
1180,0,0,0,0
1181,0.001570796327,2.4674011e-06,0.001570796327,2.4674011e-06
1182,0.00471238898,7.402203301e-06,0.00471238898,7.402203301e-06
1183,0,0,0,0
1184,0,0,0,0
1185,0.003141592654,4.934802201e-06,0.003141592654,4.934802201e-06
1186,0.003141592654,4.934802201e-06,0.003141592654,4.934802201e-06
1187,0.001570796327,2.4674011e-06,0.001570796327,2.4674011e-06
1188,0,0,0,0
1189,0,0,0,0
1190,0,0,0,0
1191,0.001570796327,2.4674011e-06,0.001570796327,2.4674011e-06
1192,0.001570796327,2.4674011e-06,0.001570796327,2.4674011e-06
1193,0,0,0,0
1194,0,0,0,0
1195,0,0,0,0
1196,0.001570796327,2.4674011e-06,0.001570796327,2.4674011e-06
1197,0,0,0,0
1198,0,0,0,0
1199,0,0,0,0
1200,0,0,0,0
1201,0,0,0,0
1202,0,0,0,0
1203,0,0,0,0
1204,0,0,0,0
1205,0,0,0,0
1206,0.001570796327,2.4674011e-06,0.001570796327,2.4674011e-06
1207,0.00471238898,7.402203301e-06,0.00471238898,7.402203301e-06
1208,0.001570796327,2.4674011e-06,0.001570796327,2.4674011e-06
1209,0.00471238898,7.402203301e-06,0.00471238898,7.402203301e-06
1210,0.003141592654,4.934802201e-06,0.003141592654,4.934802201e-06
1211,0.001570796327,2.4674011e-06,0.001570796327,2.4674011e-06
1212,0.001570796327,2.4674011e-06,0.001570796327,2.4674011e-06
1213,0,0,0,0
1214,0.001570796327,2.4674011e-06,0.001570796327,2.4674011e-06
1215,0,0,0,0
1216,0.001570796327,2.4674011e-06,0.001570796327,2.4674011e-06
1217,0.001570796327,2.4674011e-06,0.001570796327,2.4674011e-06
1218,0,0,0,0
1219,0,0,0,0
1220,0.003141592654,4.934802201e-06,0.003141592654,4.934802201e-06
1221,0,0,0,0
1222,0.001570796327,2.4674011e-06,0.001570796327,2.4674011e-06
1223,0.00471238898,7.402203301e-06,0.00471238898,7.402203301e-06
1224,0.003141592654,4.934802201e-06,0.003141592654,4.934802201e-06
1225,0,0,0,0
1226,0,0,0,0
1227,0.001570796327,2.4674011e-06,0.001570796327,2.4674011e-06
1228,0.001570796327,2.4674011e-06,0.001570796327,2.4674011e-06
1229,0.001570796327,2.4674011e-06,0.001570796327,2.4674011e-06
1230,0.001570796327,2.4674011e-06,0.001570796327,2.4674011e-06
1231,0,0,0,0
1232,0.001570796327,2.4674011e-06,0.001570796327,2.4674011e-06
1233,0,0,0,0
1234,0.003141592654,4.934802201e-06,0.003141592654,4.934802201e-06
1235,0,0,0,0
1236,0.006283185307,9.869604401e-06,0.006283185307,9.869604401e-06
1237,0,0,0,0
1238,0,0,0,0
1239,0.001570796327,2.4674011e-06,0.001570796327,2.4674011e-06
1240,0,0,0,0
1241,0.001570796327,2.4674011e-06,0.001570796327,2.4674011e-06
1242,0,0,0,0
1243,0,0,0,0
1244,0.001570796327,2.4674011e-06,0.001570796327,2.4674011e-06
1245,0.001570796327,2.4674011e-06,0.001570796327,2.4674011e-06
1246,0.001570796327,2.4674011e-06,0.001570796327,2.4674011e-06
1247,0.001570796327,2.4674011e-06,0.001570796327,2.4674011e-06
1248,0,0,0,0
1249,0.003141592654,4.934802201e-06,0.003141592654,4.934802201e-06
1250,0.00471238898,7.402203301e-06,0.00471238898,7.402203301e-06
1251,0.003141592654,4.934802201e-06,0.003141592654,4.934802201e-06
1252,0,0,0,0
1253,0.001570796327,2.4674011e-06,0.001570796327,2.4674011e-06
1254,0.003141592654,4.934802201e-06,0.003141592654,4.934802201e-06
1255,0.001570796327,2.4674011e-06,0.001570796327,2.4674011e-06
1256,0.001570796327,2.4674011e-06,0.001570796327,2.4674011e-06
1257,0,0,0,0
1258,0.003141592654,4.934802201e-06,0.003141592654,4.934802201e-06
1259,0.001570796327,2.4674011e-06,0.001570796327,2.4674011e-06
1260,0,0,0,0
1261,0,0,0,0
1262,0.001570796327,2.4674011e-06,0.001570796327,2.4674011e-06
1263,0.001570796327,2.4674011e-06,0.001570796327,2.4674011e-06
1264,0,0,0,0
1265,0.001570796327,2.4674011e-06,0.001570796327,2.4674011e-06
1266,0.001570796327,2.4674011e-06,0.001570796327,2.4674011e-06
1267,0.003141592654,4.934802201e-06,0.003141592654,4.934802201e-06
1268,0.001570796327,2.4674011e-06,0.001570796327,2.4674011e-06
1269,0,0,0,0
1270,0.003141592654,4.934802201e-06,0.003141592654,4.934802201e-06
1271,0.003141592654,4.934802201e-06,0.003141592654,4.934802201e-06
1272,0.001570796327,2.4674011e-06,0.001570796327,2.4674011e-06
1273,0,0,0,0
1274,0.003141592654,4.934802201e-06,0.003141592654,4.934802201e-06
1275,0,0,0,0
1276,0.001570796327,2.4674011e-06,0.001570796327,2.4674011e-06
1277,0,0,0,0
1278,0,0,0,0
1279,0,0,0,0
1280,0,0,0,0
1281,0,0,0,0
1282,0.001570796327,2.4674011e-06,0.001570796327,2.4674011e-06
1283,0.001570796327,2.4674011e-06,0.001570796327,2.4674011e-06
1284,0,0,0,0
1285,0,0,0,0
1286,0,0,0,0
1287,0.001570796327,2.4674011e-06,0.001570796327,2.4674011e-06
1288,0,0,0,0
1289,0,0,0,0
1290,0.003141592654,4.934802201e-06,0.003141592654,4.934802201e-06
1291,0,0,0,0
1292,0,0,0,0
1293,0.001570796327,2.4674011e-06,0.001570796327,2.4674011e-06
1294,0,0,0,0
1295,0,0,0,0
1296,0.001570796327,2.4674011e-06,0.001570796327,2.4674011e-06
1297,0,0,0,0
1298,0,0,0,0
1299,0.003141592654,4.934802201e-06,0.003141592654,4.934802201e-06
1300,0.001570796327,2.4674011e-06,0.001570796327,2.4674011e-06
1301,0,0,0,0
1302,0.001570796327,2.4674011e-06,0.001570796327,2.4674011e-06
1303,0.001570796327,2.4674011e-06,0.001570796327,2.4674011e-06
1304,0,0,0,0
1305,0,0,0,0
1306,0.003141592654,4.934802201e-06,0.003141592654,4.934802201e-06
1307,0,0,0,0
1308,0,0,0,0
1309,0,0,0,0
1310,0.001570796327,2.4674011e-06,0.001570796327,2.4674011e-06
1311,0.001570796327,2.4674011e-06,0.001570796327,2.4674011e-06
1312,0,0,0,0
1313,0.001570796327,2.4674011e-06,0.001570796327,2.4674011e-06
1314,0,0,0,0
1315,0,0,0,0
1316,0,0,0,0
1317,0.003141592654,4.934802201e-06,0.003141592654,4.934802201e-06
1318,0,0,0,0
1319,0,0,0,0
1320,0,0,0,0
1321,0,0,0,0
1322,0.00471238898,7.402203301e-06,0.00471238898,7.402203301e-06
1323,0,0,0,0
1324,0,0,0,0
1325,0.001570796327,2.4674011e-06,0.001570796327,2.4674011e-06
1326,0,0,0,0
1327,0,0,0,0
1328,0.001570796327,2.4674011e-06,0.001570796327,2.4674011e-06
1329,0,0,0,0
1330,0.003141592654,4.934802201e-06,0.003141592654,4.934802201e-06
1331,0.003141592654,4.934802201e-06,0.003141592654,4.934802201e-06
1332,0.001570796327,2.4674011e-06,0.001570796327,2.4674011e-06
1333,0.003141592654,4.934802201e-06,0.003141592654,4.934802201e-06
1334,0.001570796327,2.4674011e-06,0.001570796327,2.4674011e-06
1335,0,0,0,0
1336,0,0,0,0
1337,0.003141592654,4.934802201e-06,0.003141592654,4.934802201e-06
1338,0.001570796327,2.4674011e-06,0.001570796327,2.4674011e-06
1339,0.00471238898,7.402203301e-06,0.00471238898,7.402203301e-06
1340,0.001570796327,2.4674011e-06,0.001570796327,2.4674011e-06
1341,0,0,0,0
1342,0.003141592654,4.934802201e-06,0.003141592654,4.934802201e-06
1343,0.003141592654,4.934802201e-06,0.003141592654,4.934802201e-06
1344,0.001570796327,2.4674011e-06,0.001570796327,2.4674011e-06
1345,0.00471238898,7.402203301e-06,0.00471238898,7.402203301e-06
1346,0,0,0,0
1347,0.001570796327,2.4674011e-06,0.001570796327,2.4674011e-06
1348,0,0,0,0
1349,0.001570796327,2.4674011e-06,0.001570796327,2.4674011e-06
1350,0.003141592654,4.934802201e-06,0.003141592654,4.934802201e-06
1351,0.001570796327,2.4674011e-06,0.001570796327,2.4674011e-06
1352,0.003141592654,4.934802201e-06,0.003141592654,4.934802201e-06
1353,0,0,0,0
1354,0,0,0,0
1355,0,0,0,0
1356,0.003141592654,4.934802201e-06,0.003141592654,4.934802201e-06
1357,0,0,0,0
1358,0,0,0,0
1359,0.003141592654,4.934802201e-06,0.003141592654,4.934802201e-06
1360,0.001570796327,2.4674011e-06,0.001570796327,2.4674011e-06
1361,0,0,0,0
1362,0,0,0,0
1363,0,0,0,0
1364,0.003141592654,4.934802201e-06,0.003141592654,4.934802201e-06
1365,0.003141592654,4.934802201e-06,0.003141592654,4.934802201e-06
1366,0,0,0,0
1367,0,0,0,0
1368,0.001570796327,2.4674011e-06,0.001570796327,2.4674011e-06
1369,0,0,0,0
1370,0.001570796327,2.4674011e-06,0.001570796327,2.4674011e-06
1371,0,0,0,0
1372,0,0,0,0
1373,0,0,0,0
1374,0,0,0,0
1375,0.001570796327,2.4674011e-06,0.001570796327,2.4674011e-06
1376,0.003141592654,4.934802201e-06,0.003141592654,4.934802201e-06
1377,0.003141592654,4.934802201e-06,0.003141592654,4.934802201e-06
1378,0.003141592654,4.934802201e-06,0.003141592654,4.934802201e-06
1379,0.001570796327,2.4674011e-06,0.001570796327,2.4674011e-06
1380,0,0,0,0
1381,0,0,0,0
1382,0.001570796327,2.4674011e-06,0.001570796327,2.4674011e-06
1383,0.001570796327,2.4674011e-06,0.001570796327,2.4674011e-06
1384,0,0,0,0
1385,0.003141592654,4.934802201e-06,0.003141592654,4.934802201e-06
1386,0,0,0,0
1387,0,0,0,0
1388,0.003141592654,4.934802201e-06,0.003141592654,4.934802201e-06
1389,0,0,0,0
1390,0,0,0,0
1391,0,0,0,0
1392,0,0,0,0
1393,0,0,0,0
1394,0.003141592654,4.934802201e-06,0.003141592654,4.934802201e-06
1395,0,0,0,0
1396,0,0,0,0
1397,0.001570796327,2.4674011e-06,0.001570796327,2.4674011e-06
1398,0,0,0,0
1399,0.00471238898,7.402203301e-06,0.00471238898,7.402203301e-06
1400,0.001570796327,2.4674011e-06,0.001570796327,2.4674011e-06
1401,0,0,0,0
1402,0,0,0,0
1403,0,0,0,0
1404,0.001570796327,2.4674011e-06,0.001570796327,2.4674011e-06
1405,0.001570796327,2.4674011e-06,0.001570796327,2.4674011e-06
1406,0,0,0,0
1407,0,0,0,0
1408,0.003141592654,4.934802201e-06,0.003141592654,4.934802201e-06
1409,0.003141592654,4.934802201e-06,0.003141592654,4.934802201e-06
1410,0,0,0,0
1411,0.001570796327,2.4674011e-06,0.001570796327,2.4674011e-06
1412,0.001570796327,2.4674011e-06,0.001570796327,2.4674011e-06
1413,0.001570796327,2.4674011e-06,0.001570796327,2.4674011e-06
1414,0.001570796327,2.4674011e-06,0.001570796327,2.4674011e-06
1415,0.001570796327,2.4674011e-06,0.001570796327,2.4674011e-06
1416,0.003141592654,4.934802201e-06,0.003141592654,4.934802201e-06
1417,0.001570796327,2.4674011e-06,0.001570796327,2.4674011e-06
1418,0,0,0,0
1419,0.001570796327,2.4674011e-06,0.001570796327,2.4674011e-06
1420,0,0,0,0
1421,0,0,0,0
1422,0,0,0,0
1423,0,0,0,0
1424,0.001570796327,2.4674011e-06,0.001570796327,2.4674011e-06
1425,0,0,0,0
1426,0.00471238898,7.402203301e-06,0.00471238898,7.402203301e-06
1427,0,0,0,0
1428,0.001570796327,2.4674011e-06,0.001570796327,2.4674011e-06
1429,0,0,0,0
1430,0.003141592654,4.934802201e-06,0.003141592654,4.934802201e-06
1431,0.003141592654,4.934802201e-06,0.003141592654,4.934802201e-06
1432,0,0,0,0
1433,0,0,0,0
1434,0,0,0,0
1435,0,0,0,0
1436,0.003141592654,4.934802201e-06,0.003141592654,4.934802201e-06
1437,0.001570796327,2.4674011e-06,0.001570796327,2.4674011e-06
1438,0,0,0,0
1439,0.001570796327,2.4674011e-06,0.001570796327,2.4674011e-06
1440,0.003141592654,4.934802201e-06,0.003141592654,4.934802201e-06
1441,0,0,0,0
1442,0,0,0,0
1443,0.001570796327,2.4674011e-06,0.001570796327,2.4674011e-06
1444,0,0,0,0
1445,0,0,0,0
1446,0,0,0,0
1447,0.001570796327,2.4674011e-06,0.001570796327,2.4674011e-06
1448,0,0,0,0
1449,0.001570796327,2.4674011e-06,0.001570796327,2.4674011e-06
1450,0,0,0,0
1451,0,0,0,0
1452,0,0,0,0
1453,0.001570796327,2.4674011e-06,0.001570796327,2.4674011e-06
1454,0.003141592654,4.934802201e-06,0.003141592654,4.934802201e-06
1455,0.001570796327,2.4674011e-06,0.001570796327,2.4674011e-06
1456,0.003141592654,4.934802201e-06,0.003141592654,4.934802201e-06
1457,0,0,0,0
1458,0,0,0,0
1459,0.001570796327,2.4674011e-06,0.001570796327,2.4674011e-06
1460,0,0,0,0
1461,0,0,0,0
1462,0,0,0,0
1463,0.001570796327,2.4674011e-06,0.001570796327,2.4674011e-06
1464,0,0,0,0
1465,0,0,0,0
1466,0.001570796327,2.4674011e-06,0.001570796327,2.4674011e-06
1467,0,0,0,0
1468,0.003141592654,4.934802201e-06,0.003141592654,4.934802201e-06
1469,0,0,0,0
1470,0.003141592654,4.934802201e-06,0.003141592654,4.934802201e-06
1471,0,0,0,0
1472,0,0,0,0
1473,0,0,0,0
1474,0.001570796327,2.4674011e-06,0.001570796327,2.4674011e-06
1475,0,0,0,0
1476,0,0,0,0
1477,0.001570796327,2.4674011e-06,0.001570796327,2.4674011e-06
1478,0.001570796327,2.4674011e-06,0.001570796327,2.4674011e-06
1479,0,0,0,0
1480,0.001570796327,2.4674011e-06,0.001570796327,2.4674011e-06
1481,0.001570796327,2.4674011e-06,0.001570796327,2.4674011e-06
1482,0,0,0,0
1483,0.003141592654,4.934802201e-06,0.003141592654,4.934802201e-06
1484,0,0,0,0
1485,0.001570796327,2.4674011e-06,0.001570796327,2.4674011e-06
1486,0.001570796327,2.4674011e-06,0.001570796327,2.4674011e-06
1487,0.001570796327,2.4674011e-06,0.001570796327,2.4674011e-06
1488,0.00471238898,7.402203301e-06,0.00471238898,7.402203301e-06
1489,0.001570796327,2.4674011e-06,0.001570796327,2.4674011e-06
1490,0,0,0,0
1491,0.003141592654,4.934802201e-06,0.003141592654,4.934802201e-06
1492,0,0,0,0
1493,0.001570796327,2.4674011e-06,0.001570796327,2.4674011e-06
1494,0.003141592654,4.934802201e-06,0.003141592654,4.934802201e-06
1495,0,0,0,0
1496,0.001570796327,2.4674011e-06,0.001570796327,2.4674011e-06
1497,0.003141592654,4.934802201e-06,0.003141592654,4.934802201e-06
1498,0,0,0,0
1499,0,0,0,0
1500,0.003141592654,4.934802201e-06,0.003141592654,4.934802201e-06
1501,0,0,0,0
1502,0,0,0,0
1503,0,0,0,0
1504,0.001570796327,2.4674011e-06,0.001570796327,2.4674011e-06
1505,0.001570796327,2.4674011e-06,0.001570796327,2.4674011e-06
1506,0,0,0,0
1507,0.001570796327,2.4674011e-06,0.001570796327,2.4674011e-06
1508,0,0,0,0
1509,0,0,0,0
1510,0,0,0,0
1511,0,0,0,0
1512,0,0,0,0
1513,0,0,0,0
1514,0,0,0,0
1515,0,0,0,0
1516,0,0,0,0
1517,0.001570796327,2.4674011e-06,0.001570796327,2.4674011e-06
1518,0,0,0,0
1519,0,0,0,0
1520,0.001570796327,2.4674011e-06,0.001570796327,2.4674011e-06
1521,0,0,0,0
1522,0,0,0,0
1523,0,0,0,0
1524,0,0,0,0
1525,0.001570796327,2.4674011e-06,0.001570796327,2.4674011e-06
1526,0,0,0,0
1527,0,0,0,0
1528,0,0,0,0
1529,0,0,0,0
1530,0.00471238898,7.402203301e-06,0.00471238898,7.402203301e-06
1531,0,0,0,0
1532,0.001570796327,2.4674011e-06,0.001570796327,2.4674011e-06
1533,0,0,0,0
1534,0.001570796327,2.4674011e-06,0.001570796327,2.4674011e-06
1535,0,0,0,0
1536,0,0,0,0
1537,0,0,0,0
1538,0.001570796327,2.4674011e-06,0.001570796327,2.4674011e-06
1539,0,0,0,0
1540,0,0,0,0
1541,0,0,0,0
1542,0.001570796327,2.4674011e-06,0.001570796327,2.4674011e-06
1543,0,0,0,0
1544,0,0,0,0
1545,0,0,0,0
1546,0,0,0,0
1547,0.003141592654,4.934802201e-06,0.003141592654,4.934802201e-06
1548,0.001570796327,2.4674011e-06,0.001570796327,2.4674011e-06
1549,0,0,0,0
1550,0,0,0,0
1551,0.001570796327,2.4674011e-06,0.001570796327,2.4674011e-06
1552,0.001570796327,2.4674011e-06,0.001570796327,2.4674011e-06
1553,0.00471238898,7.402203301e-06,0.00471238898,7.402203301e-06
1554,0,0,0,0
1555,0.001570796327,2.4674011e-06,0.001570796327,2.4674011e-06
1556,0.003141592654,4.934802201e-06,0.003141592654,4.934802201e-06
1557,0.001570796327,2.4674011e-06,0.001570796327,2.4674011e-06
1558,0,0,0,0
1559,0,0,0,0
1560,0.001570796327,2.4674011e-06,0.001570796327,2.4674011e-06
1561,0,0,0,0
1562,0,0,0,0
1563,0.001570796327,2.4674011e-06,0.001570796327,2.4674011e-06
1564,0,0,0,0
1565,0.001570796327,2.4674011e-06,0.001570796327,2.4674011e-06
1566,0,0,0,0
1567,0,0,0,0
1568,0,0,0,0
1569,0,0,0,0
1570,0,0,0,0
1571,0,0,0,0
1572,0.001570796327,2.4674011e-06,0.001570796327,2.4674011e-06
1573,0.001570796327,2.4674011e-06,0.001570796327,2.4674011e-06
1574,0.003141592654,4.934802201e-06,0.003141592654,4.934802201e-06
1575,0.003141592654,4.934802201e-06,0.003141592654,4.934802201e-06
1576,0.001570796327,2.4674011e-06,0.001570796327,2.4674011e-06
1577,0.003141592654,4.934802201e-06,0.003141592654,4.934802201e-06
1578,0,0,0,0
1579,0,0,0,0
1580,0.001570796327,2.4674011e-06,0.001570796327,2.4674011e-06
1581,0,0,0,0
1582,0,0,0,0
1583,0.001570796327,2.4674011e-06,0.001570796327,2.4674011e-06
1584,0.001570796327,2.4674011e-06,0.001570796327,2.4674011e-06
1585,0.001570796327,2.4674011e-06,0.001570796327,2.4674011e-06
1586,0.003141592654,4.934802201e-06,0.003141592654,4.934802201e-06
1587,0.001570796327,2.4674011e-06,0.001570796327,2.4674011e-06
1588,0.001570796327,2.4674011e-06,0.001570796327,2.4674011e-06
1589,0,0,0,0
1590,0.003141592654,4.934802201e-06,0.003141592654,4.934802201e-06
1591,0,0,0,0
1592,0,0,0,0
1593,0.001570796327,2.4674011e-06,0.001570796327,2.4674011e-06
1594,0.001570796327,2.4674011e-06,0.001570796327,2.4674011e-06
1595,0.00471238898,7.402203301e-06,0.00471238898,7.402203301e-06
1596,0.003141592654,4.934802201e-06,0.003141592654,4.934802201e-06
1597,0,0,0,0
1598,0.003141592654,4.934802201e-06,0.003141592654,4.934802201e-06
1599,0.001570796327,2.4674011e-06,0.001570796327,2.4674011e-06
1600,0,0,0,0
1601,0,0,0,0
1602,0.001570796327,2.4674011e-06,0.001570796327,2.4674011e-06
1603,0,0,0,0
1604,0,0,0,0
1605,0,0,0,0
1606,0,0,0,0
1607,0.001570796327,2.4674011e-06,0.001570796327,2.4674011e-06
1608,0.003141592654,4.934802201e-06,0.003141592654,4.934802201e-06
1609,0,0,0,0
1610,0.003141592654,4.934802201e-06,0.003141592654,4.934802201e-06
1611,0,0,0,0
1612,0,0,0,0
1613,0,0,0,0
1614,0.003141592654,4.934802201e-06,0.003141592654,4.934802201e-06
1615,0.001570796327,2.4674011e-06,0.001570796327,2.4674011e-06
1616,0.003141592654,4.934802201e-06,0.003141592654,4.934802201e-06
1617,0,0,0,0
1618,0.001570796327,2.4674011e-06,0.001570796327,2.4674011e-06
1619,0.003141592654,4.934802201e-06,0.003141592654,4.934802201e-06
1620,0.001570796327,2.4674011e-06,0.001570796327,2.4674011e-06
1621,0,0,0,0
1622,0,0,0,0
1623,0,0,0,0
1624,0.001570796327,2.4674011e-06,0.001570796327,2.4674011e-06
1625,0,0,0,0
1626,0.003141592654,4.934802201e-06,0.003141592654,4.934802201e-06
1627,0,0,0,0
1628,0,0,0,0
1629,0,0,0,0
1630,0.001570796327,2.4674011e-06,0.001570796327,2.4674011e-06
1631,0,0,0,0
1632,0.001570796327,2.4674011e-06,0.001570796327,2.4674011e-06
1633,0.00471238898,7.402203301e-06,0.00471238898,7.402203301e-06
1634,0.003141592654,4.934802201e-06,0.003141592654,4.934802201e-06
1635,0.00471238898,7.402203301e-06,0.00471238898,7.402203301e-06
1636,0.001570796327,2.4674011e-06,0.001570796327,2.4674011e-06
1637,0.003141592654,4.934802201e-06,0.003141592654,4.934802201e-06
1638,0.001570796327,2.4674011e-06,0.001570796327,2.4674011e-06
1639,0.001570796327,2.4674011e-06,0.001570796327,2.4674011e-06
1640,0.001570796327,2.4674011e-06,0.001570796327,2.4674011e-06
1641,0.001570796327,2.4674011e-06,0.001570796327,2.4674011e-06
1642,0,0,0,0
1643,0.001570796327,2.4674011e-06,0.001570796327,2.4674011e-06
1644,0,0,0,0
1645,0.001570796327,2.4674011e-06,0.001570796327,2.4674011e-06
1646,0.001570796327,2.4674011e-06,0.001570796327,2.4674011e-06
1647,0.00471238898,7.402203301e-06,0.00471238898,7.402203301e-06
1648,0,0,0,0
1649,0.003141592654,4.934802201e-06,0.003141592654,4.934802201e-06
1650,0,0,0,0
1651,0,0,0,0
1652,0.001570796327,2.4674011e-06,0.001570796327,2.4674011e-06
1653,0,0,0,0
1654,0.001570796327,2.4674011e-06,0.001570796327,2.4674011e-06
1655,0,0,0,0
1656,0,0,0,0
1657,0,0,0,0
1658,0.001570796327,2.4674011e-06,0.001570796327,2.4674011e-06
1659,0,0,0,0
1660,0.001570796327,2.4674011e-06,0.001570796327,2.4674011e-06
1661,0,0,0,0
1662,0.001570796327,2.4674011e-06,0.001570796327,2.4674011e-06
1663,0.003141592654,4.934802201e-06,0.003141592654,4.934802201e-06
1664,0.001570796327,2.4674011e-06,0.001570796327,2.4674011e-06
1665,0,0,0,0
1666,0.003141592654,4.934802201e-06,0.003141592654,4.934802201e-06
1667,0.001570796327,2.4674011e-06,0.001570796327,2.4674011e-06
1668,0,0,0,0
1669,0,0,0,0
1670,0,0,0,0
1671,0.003141592654,4.934802201e-06,0.003141592654,4.934802201e-06
1672,0,0,0,0
1673,0,0,0,0
1674,0.001570796327,2.4674011e-06,0.001570796327,2.4674011e-06
1675,0.001570796327,2.4674011e-06,0.001570796327,2.4674011e-06
1676,0.001570796327,2.4674011e-06,0.001570796327,2.4674011e-06
1677,0,0,0,0
1678,0.001570796327,2.4674011e-06,0.001570796327,2.4674011e-06
1679,0,0,0,0
1680,0.001570796327,2.4674011e-06,0.001570796327,2.4674011e-06
1681,0.001570796327,2.4674011e-06,0.001570796327,2.4674011e-06
1682,0,0,0,0
1683,0.001570796327,2.4674011e-06,0.001570796327,2.4674011e-06
1684,0.003141592654,4.934802201e-06,0.003141592654,4.934802201e-06
1685,0,0,0,0
1686,0.001570796327,2.4674011e-06,0.001570796327,2.4674011e-06
1687,0.001570796327,2.4674011e-06,0.001570796327,2.4674011e-06
1688,0.001570796327,2.4674011e-06,0.001570796327,2.4674011e-06
1689,0,0,0,0
1690,0.001570796327,2.4674011e-06,0.001570796327,2.4674011e-06
1691,0,0,0,0
1692,0.001570796327,2.4674011e-06,0.001570796327,2.4674011e-06
1693,0.001570796327,2.4674011e-06,0.001570796327,2.4674011e-06
1694,0,0,0,0
1695,0,0,0,0
1696,0.003141592654,4.934802201e-06,0.003141592654,4.934802201e-06
1697,0.001570796327,2.4674011e-06,0.001570796327,2.4674011e-06
1698,0.001570796327,2.4674011e-06,0.001570796327,2.4674011e-06
1699,0,0,0,0
1700,0.001570796327,2.4674011e-06,0.001570796327,2.4674011e-06
1701,0,0,0,0
1702,0.003141592654,4.934802201e-06,0.003141592654,4.934802201e-06
1703,0.001570796327,2.4674011e-06,0.001570796327,2.4674011e-06
1704,0.00471238898,7.402203301e-06,0.00471238898,7.402203301e-06
1705,0,0,0,0
1706,0.00471238898,7.402203301e-06,0.00471238898,7.402203301e-06
1707,0.001570796327,2.4674011e-06,0.001570796327,2.4674011e-06
1708,0.00471238898,7.402203301e-06,0.00471238898,7.402203301e-06
1709,0,0,0,0
1710,0,0,0,0
1711,0,0,0,0
1712,0,0,0,0
1713,0,0,0,0
1714,0,0,0,0
1715,0,0,0,0
1716,0,0,0,0
1717,0,0,0,0
1718,0,0,0,0
1719,0.003141592654,4.934802201e-06,0.003141592654,4.934802201e-06
1720,0.001570796327,2.4674011e-06,0.001570796327,2.4674011e-06
1721,0,0,0,0
1722,0.001570796327,2.4674011e-06,0.001570796327,2.4674011e-06
1723,0,0,0,0
1724,0.001570796327,2.4674011e-06,0.001570796327,2.4674011e-06
1725,0,0,0,0
1726,0.001570796327,2.4674011e-06,0.001570796327,2.4674011e-06
1727,0,0,0,0
1728,0,0,0,0
1729,0.001570796327,2.4674011e-06,0.001570796327,2.4674011e-06
1730,0.003141592654,4.934802201e-06,0.003141592654,4.934802201e-06
1731,0.003141592654,4.934802201e-06,0.003141592654,4.934802201e-06
1732,0.001570796327,2.4674011e-06,0.001570796327,2.4674011e-06
1733,0,0,0,0
1734,0,0,0,0
1735,0,0,0,0
1736,0,0,0,0
1737,0,0,0,0
1738,0.003141592654,4.934802201e-06,0.003141592654,4.934802201e-06
1739,0,0,0,0
1740,0,0,0,0
1741,0,0,0,0
1742,0,0,0,0
1743,0.001570796327,2.4674011e-06,0.001570796327,2.4674011e-06
1744,0,0,0,0
1745,0.003141592654,4.934802201e-06,0.003141592654,4.934802201e-06
1746,0,0,0,0
1747,0.001570796327,2.4674011e-06,0.001570796327,2.4674011e-06
1748,0.001570796327,2.4674011e-06,0.001570796327,2.4674011e-06
1749,0,0,0,0
1750,0.001570796327,2.4674011e-06,0.001570796327,2.4674011e-06
1751,0,0,0,0
1752,0,0,0,0
1753,0.001570796327,2.4674011e-06,0.001570796327,2.4674011e-06
1754,0.003141592654,4.934802201e-06,0.003141592654,4.934802201e-06
1755,0.001570796327,2.4674011e-06,0.001570796327,2.4674011e-06
1756,0,0,0,0
1757,0.001570796327,2.4674011e-06,0.001570796327,2.4674011e-06
1758,0.00471238898,7.402203301e-06,0.00471238898,7.402203301e-06
1759,0.001570796327,2.4674011e-06,0.001570796327,2.4674011e-06
1760,0,0,0,0
1761,0,0,0,0
1762,0.001570796327,2.4674011e-06,0.001570796327,2.4674011e-06
1763,0.001570796327,2.4674011e-06,0.001570796327,2.4674011e-06
1764,0.003141592654,4.934802201e-06,0.003141592654,4.934802201e-06
1765,0.001570796327,2.4674011e-06,0.001570796327,2.4674011e-06
1766,0,0,0,0
1767,0,0,0,0
1768,0,0,0,0
1769,0,0,0,0
1770,0,0,0,0
1771,0,0,0,0
1772,0.001570796327,2.4674011e-06,0.001570796327,2.4674011e-06
1773,0,0,0,0
1774,0.001570796327,2.4674011e-06,0.001570796327,2.4674011e-06
1775,0.003141592654,4.934802201e-06,0.003141592654,4.934802201e-06
1776,0.003141592654,4.934802201e-06,0.003141592654,4.934802201e-06
1777,0,0,0,0
1778,0.001570796327,2.4674011e-06,0.001570796327,2.4674011e-06
1779,0,0,0,0
1780,0.001570796327,2.4674011e-06,0.001570796327,2.4674011e-06
1781,0.001570796327,2.4674011e-06,0.001570796327,2.4674011e-06
1782,0,0,0,0
1783,0,0,0,0
1784,0,0,0,0
1785,0.001570796327,2.4674011e-06,0.001570796327,2.4674011e-06
1786,0,0,0,0
1787,0,0,0,0
1788,0.003141592654,4.934802201e-06,0.003141592654,4.934802201e-06
1789,0,0,0,0
1790,0.001570796327,2.4674011e-06,0.001570796327,2.4674011e-06
1791,0,0,0,0
1792,0.001570796327,2.4674011e-06,0.001570796327,2.4674011e-06
1793,0,0,0,0
1794,0,0,0,0
1795,0,0,0,0
1796,0.001570796327,2.4674011e-06,0.001570796327,2.4674011e-06
1797,0,0,0,0
1798,0.001570796327,2.4674011e-06,0.001570796327,2.4674011e-06
1799,0,0,0,0
1800,0.003141592654,4.934802201e-06,0.003141592654,4.934802201e-06
1801,0,0,0,0
1802,0.001570796327,2.4674011e-06,0.001570796327,2.4674011e-06
1803,0,0,0,0
1804,0.001570796327,2.4674011e-06,0.001570796327,2.4674011e-06
1805,0.003141592654,4.934802201e-06,0.003141592654,4.934802201e-06
1806,0,0,0,0
1807,0.001570796327,2.4674011e-06,0.001570796327,2.4674011e-06
1808,0.001570796327,2.4674011e-06,0.001570796327,2.4674011e-06
1809,0,0,0,0
1810,0.001570796327,2.4674011e-06,0.001570796327,2.4674011e-06
1811,0.001570796327,2.4674011e-06,0.001570796327,2.4674011e-06
1812,0.003141592654,4.934802201e-06,0.003141592654,4.934802201e-06
1813,0,0,0,0
1814,0.001570796327,2.4674011e-06,0.001570796327,2.4674011e-06
1815,0,0,0,0
1816,0,0,0,0
1817,0.003141592654,4.934802201e-06,0.003141592654,4.934802201e-06
1818,0.001570796327,2.4674011e-06,0.001570796327,2.4674011e-06
1819,0,0,0,0
1820,0.003141592654,4.934802201e-06,0.003141592654,4.934802201e-06
1821,0,0,0,0
1822,0,0,0,0
1823,0.001570796327,2.4674011e-06,0.001570796327,2.4674011e-06
1824,0.003141592654,4.934802201e-06,0.003141592654,4.934802201e-06
1825,0.003141592654,4.934802201e-06,0.003141592654,4.934802201e-06
1826,0,0,0,0
1827,0.001570796327,2.4674011e-06,0.001570796327,2.4674011e-06
1828,0,0,0,0
1829,0,0,0,0
1830,0.001570796327,2.4674011e-06,0.001570796327,2.4674011e-06
1831,0,0,0,0
1832,0,0,0,0
1833,0.001570796327,2.4674011e-06,0.001570796327,2.4674011e-06
1834,0.001570796327,2.4674011e-06,0.001570796327,2.4674011e-06
1835,0,0,0,0
1836,0.001570796327,2.4674011e-06,0.001570796327,2.4674011e-06
1837,0.001570796327,2.4674011e-06,0.001570796327,2.4674011e-06
1838,0.003141592654,4.934802201e-06,0.003141592654,4.934802201e-06
1839,0.001570796327,2.4674011e-06,0.001570796327,2.4674011e-06
1840,0.00471238898,7.402203301e-06,0.00471238898,7.402203301e-06
1841,0,0,0,0
1842,0,0,0,0
1843,0.001570796327,2.4674011e-06,0.001570796327,2.4674011e-06
1844,0.001570796327,2.4674011e-06,0.001570796327,2.4674011e-06
1845,0,0,0,0
1846,0,0,0,0
1847,0.001570796327,2.4674011e-06,0.001570796327,2.4674011e-06
1848,0.003141592654,4.934802201e-06,0.003141592654,4.934802201e-06
1849,0.00471238898,7.402203301e-06,0.00471238898,7.402203301e-06
1850,0,0,0,0
1851,0.001570796327,2.4674011e-06,0.001570796327,2.4674011e-06
1852,0.001570796327,2.4674011e-06,0.001570796327,2.4674011e-06
1853,0,0,0,0
1854,0,0,0,0
1855,0.001570796327,2.4674011e-06,0.001570796327,2.4674011e-06
1856,0,0,0,0
1857,0,0,0,0
1858,0,0,0,0
1859,0,0,0,0
1860,0.001570796327,2.4674011e-06,0.001570796327,2.4674011e-06
1861,0.001570796327,2.4674011e-06,0.001570796327,2.4674011e-06
1862,0,0,0,0
1863,0,0,0,0
1864,0,0,0,0
1865,0.001570796327,2.4674011e-06,0.001570796327,2.4674011e-06
1866,0.001570796327,2.4674011e-06,0.001570796327,2.4674011e-06
1867,0,0,0,0
1868,0.001570796327,2.4674011e-06,0.001570796327,2.4674011e-06
1869,0.001570796327,2.4674011e-06,0.001570796327,2.4674011e-06
1870,0.001570796327,2.4674011e-06,0.001570796327,2.4674011e-06
1871,0,0,0,0
1872,0,0,0,0
1873,0,0,0,0
1874,0.001570796327,2.4674011e-06,0.001570796327,2.4674011e-06
1875,0.001570796327,2.4674011e-06,0.001570796327,2.4674011e-06
1876,0,0,0,0
1877,0,0,0,0
1878,0,0,0,0
1879,0,0,0,0
1880,0.001570796327,2.4674011e-06,0.001570796327,2.4674011e-06
1881,0,0,0,0
1882,0.001570796327,2.4674011e-06,0.001570796327,2.4674011e-06
1883,0.001570796327,2.4674011e-06,0.001570796327,2.4674011e-06
1884,0.001570796327,2.4674011e-06,0.001570796327,2.4674011e-06
1885,0,0,0,0
1886,0.001570796327,2.4674011e-06,0.001570796327,2.4674011e-06
1887,0.001570796327,2.4674011e-06,0.001570796327,2.4674011e-06
1888,0.001570796327,2.4674011e-06,0.001570796327,2.4674011e-06
1889,0.001570796327,2.4674011e-06,0.001570796327,2.4674011e-06
1890,0,0,0,0
1891,0.001570796327,2.4674011e-06,0.001570796327,2.4674011e-06
1892,0,0,0,0
1893,0,0,0,0
1894,0.001570796327,2.4674011e-06,0.001570796327,2.4674011e-06
1895,0,0,0,0
1896,0.001570796327,2.4674011e-06,0.001570796327,2.4674011e-06
1897,0,0,0,0
1898,0,0,0,0
1899,0.001570796327,2.4674011e-06,0.001570796327,2.4674011e-06
1900,0,0,0,0
1901,0,0,0,0
1902,0,0,0,0
1903,0.001570796327,2.4674011e-06,0.001570796327,2.4674011e-06
1904,0.001570796327,2.4674011e-06,0.001570796327,2.4674011e-06
1905,0.003141592654,4.934802201e-06,0.003141592654,4.934802201e-06
1906,0.003141592654,4.934802201e-06,0.003141592654,4.934802201e-06
1907,0,0,0,0
1908,0,0,0,0
1909,0.001570796327,2.4674011e-06,0.001570796327,2.4674011e-06
1910,0.003141592654,4.934802201e-06,0.003141592654,4.934802201e-06
1911,0.00471238898,7.402203301e-06,0.00471238898,7.402203301e-06
1912,0.001570796327,2.4674011e-06,0.001570796327,2.4674011e-06
1913,0.001570796327,2.4674011e-06,0.001570796327,2.4674011e-06
1914,0,0,0,0
1915,0.00471238898,7.402203301e-06,0.00471238898,7.402203301e-06
1916,0,0,0,0
1917,0.003141592654,4.934802201e-06,0.003141592654,4.934802201e-06
1918,0,0,0,0
1919,0.001570796327,2.4674011e-06,0.001570796327,2.4674011e-06
1920,0,0,0,0
1921,0.003141592654,4.934802201e-06,0.003141592654,4.934802201e-06
1922,0,0,0,0
1923,0,0,0,0
1924,0,0,0,0
1925,0,0,0,0
1926,0.003141592654,4.934802201e-06,0.003141592654,4.934802201e-06
1927,0.003141592654,4.934802201e-06,0.003141592654,4.934802201e-06
1928,0,0,0,0
1929,0.003141592654,4.934802201e-06,0.003141592654,4.934802201e-06
1930,0,0,0,0
1931,0.003141592654,4.934802201e-06,0.003141592654,4.934802201e-06
1932,0.001570796327,2.4674011e-06,0.001570796327,2.4674011e-06
1933,0.001570796327,2.4674011e-06,0.001570796327,2.4674011e-06
1934,0,0,0,0
1935,0,0,0,0
1936,0.001570796327,2.4674011e-06,0.001570796327,2.4674011e-06
1937,0.001570796327,2.4674011e-06,0.001570796327,2.4674011e-06
1938,0,0,0,0
1939,0,0,0,0
1940,0,0,0,0
1941,0,0,0,0
1942,0,0,0,0
1943,0.001570796327,2.4674011e-06,0.001570796327,2.4674011e-06
1944,0,0,0,0
1945,0.00471238898,7.402203301e-06,0.00471238898,7.402203301e-06
1946,0,0,0,0
1947,0,0,0,0
1948,0,0,0,0
1949,0.001570796327,2.4674011e-06,0.001570796327,2.4674011e-06
1950,0.003141592654,4.934802201e-06,0.003141592654,4.934802201e-06
1951,0.006283185307,9.869604401e-06,0.006283185307,9.869604401e-06
1952,0.003141592654,4.934802201e-06,0.003141592654,4.934802201e-06
1953,0,0,0,0
1954,0,0,0,0
1955,0.003141592654,4.934802201e-06,0.003141592654,4.934802201e-06
1956,0.003141592654,4.934802201e-06,0.003141592654,4.934802201e-06
1957,0.00471238898,7.402203301e-06,0.00471238898,7.402203301e-06
1958,0,0,0,0
1959,0,0,0,0
1960,0,0,0,0
1961,0,0,0,0
1962,0.001570796327,2.4674011e-06,0.001570796327,2.4674011e-06
1963,0,0,0,0
1964,0,0,0,0
1965,0.00471238898,7.402203301e-06,0.00471238898,7.402203301e-06
1966,0.003141592654,4.934802201e-06,0.003141592654,4.934802201e-06
1967,0,0,0,0
1968,0.001570796327,2.4674011e-06,0.001570796327,2.4674011e-06
1969,0.003141592654,4.934802201e-06,0.003141592654,4.934802201e-06
1970,0.003141592654,4.934802201e-06,0.003141592654,4.934802201e-06
1971,0.001570796327,2.4674011e-06,0.001570796327,2.4674011e-06
1972,0,0,0,0
1973,0,0,0,0
1974,0,0,0,0
1975,0,0,0,0
1976,0,0,0,0
1977,0.001570796327,2.4674011e-06,0.001570796327,2.4674011e-06
1978,0,0,0,0
1979,0.001570796327,2.4674011e-06,0.001570796327,2.4674011e-06
1980,0,0,0,0
1981,0,0,0,0
1982,0,0,0,0
1983,0,0,0,0
1984,0.001570796327,2.4674011e-06,0.001570796327,2.4674011e-06
1985,0,0,0,0
1986,0,0,0,0
1987,0.001570796327,2.4674011e-06,0.001570796327,2.4674011e-06
1988,0,0,0,0
1989,0.003141592654,4.934802201e-06,0.003141592654,4.934802201e-06
1990,0.001570796327,2.4674011e-06,0.001570796327,2.4674011e-06
1991,0,0,0,0
1992,0.001570796327,2.4674011e-06,0.001570796327,2.4674011e-06
1993,0.003141592654,4.934802201e-06,0.003141592654,4.934802201e-06
1994,0.001570796327,2.4674011e-06,0.001570796327,2.4674011e-06
1995,0.003141592654,4.934802201e-06,0.003141592654,4.934802201e-06
1996,0.001570796327,2.4674011e-06,0.001570796327,2.4674011e-06
1997,0,0,0,0
1998,0,0,0,0
1999,0,0,0,0
2000,0.00471238898,7.402203301e-06,0.00471238898,7.402203301e-06
2001,0.001570796327,2.4674011e-06,0.001570796327,2.4674011e-06
2002,0.001570796327,2.4674011e-06,0.001570796327,2.4674011e-06
2003,0,0,0,0
2004,0,0,0,0
2005,0.001570796327,2.4674011e-06,0.001570796327,2.4674011e-06
2006,0.001570796327,2.4674011e-06,0.001570796327,2.4674011e-06
2007,0,0,0,0
2008,0.001570796327,2.4674011e-06,0.001570796327,2.4674011e-06
2009,0.001570796327,2.4674011e-06,0.001570796327,2.4674011e-06
2010,0.001570796327,2.4674011e-06,0.001570796327,2.4674011e-06
2011,0,0,0,0
2012,0,0,0,0
2013,0.003141592654,4.934802201e-06,0.003141592654,4.934802201e-06
2014,0.001570796327,2.4674011e-06,0.001570796327,2.4674011e-06
2015,0,0,0,0
2016,0.001570796327,2.4674011e-06,0.001570796327,2.4674011e-06
2017,0.001570796327,2.4674011e-06,0.001570796327,2.4674011e-06
2018,0.003141592654,4.934802201e-06,0.003141592654,4.934802201e-06
2019,0,0,0,0
2020,0.001570796327,2.4674011e-06,0.001570796327,2.4674011e-06
2021,0,0,0,0
2022,0,0,0,0
2023,0,0,0,0
2024,0.00471238898,7.402203301e-06,0.00471238898,7.402203301e-06
2025,0.001570796327,2.4674011e-06,0.001570796327,2.4674011e-06
2026,0,0,0,0
2027,0.001570796327,2.4674011e-06,0.001570796327,2.4674011e-06
2028,0,0,0,0
2029,0.003141592654,4.934802201e-06,0.003141592654,4.934802201e-06
2030,0.003141592654,4.934802201e-06,0.003141592654,4.934802201e-06
2031,0.001570796327,2.4674011e-06,0.001570796327,2.4674011e-06
2032,0.001570796327,2.4674011e-06,0.001570796327,2.4674011e-06
2033,0,0,0,0
2034,0,0,0,0
2035,0.001570796327,2.4674011e-06,0.001570796327,2.4674011e-06
2036,0.001570796327,2.4674011e-06,0.001570796327,2.4674011e-06
2037,0.001570796327,2.4674011e-06,0.001570796327,2.4674011e-06
2038,0,0,0,0
2039,0,0,0,0
2040,0.003141592654,4.934802201e-06,0.003141592654,4.934802201e-06
2041,0.001570796327,2.4674011e-06,0.001570796327,2.4674011e-06
2042,0,0,0,0
2043,0,0,0,0
2044,0,0,0,0
2045,0.003141592654,4.934802201e-06,0.003141592654,4.934802201e-06
2046,0,0,0,0
2047,0,0,0,0
2048,0.001570796327,2.4674011e-06,0.001570796327,2.4674011e-06
2049,0.001570796327,2.4674011e-06,0.001570796327,2.4674011e-06
2050,0,0,0,0
2051,0.001570796327,2.4674011e-06,0.001570796327,2.4674011e-06
2052,0.003141592654,4.934802201e-06,0.003141592654,4.934802201e-06
2053,0,0,0,0
2054,0.003141592654,4.934802201e-06,0.003141592654,4.934802201e-06
2055,0,0,0,0
2056,0,0,0,0
2057,0,0,0,0
2058,0.001570796327,2.4674011e-06,0.001570796327,2.4674011e-06
2059,0.001570796327,2.4674011e-06,0.001570796327,2.4674011e-06
2060,0.001570796327,2.4674011e-06,0.001570796327,2.4674011e-06
2061,0.001570796327,2.4674011e-06,0.001570796327,2.4674011e-06
2062,0,0,0,0
2063,0,0,0,0
2064,0.001570796327,2.4674011e-06,0.001570796327,2.4674011e-06
2065,0.003141592654,4.934802201e-06,0.003141592654,4.934802201e-06
2066,0,0,0,0
2067,0,0,0,0
2068,0,0,0,0
2069,0,0,0,0
2070,0.001570796327,2.4674011e-06,0.001570796327,2.4674011e-06
2071,0.001570796327,2.4674011e-06,0.001570796327,2.4674011e-06
2072,0,0,0,0
2073,0.006283185307,9.869604401e-06,0.006283185307,9.869604401e-06
2074,0.001570796327,2.4674011e-06,0.001570796327,2.4674011e-06
2075,0.001570796327,2.4674011e-06,0.001570796327,2.4674011e-06
2076,0,0,0,0
2077,0,0,0,0
2078,0.001570796327,2.4674011e-06,0.001570796327,2.4674011e-06
2079,0,0,0,0
2080,0.001570796327,2.4674011e-06,0.001570796327,2.4674011e-06
2081,0,0,0,0
2082,0,0,0,0
2083,0.00471238898,7.402203301e-06,0.00471238898,7.402203301e-06
2084,0,0,0,0
2085,0,0,0,0
2086,0,0,0,0
2087,0,0,0,0
2088,0,0,0,0
2089,0.001570796327,2.4674011e-06,0.001570796327,2.4674011e-06
2090,0.003141592654,4.934802201e-06,0.003141592654,4.934802201e-06
2091,0.00471238898,7.402203301e-06,0.00471238898,7.402203301e-06
2092,0.001570796327,2.4674011e-06,0.001570796327,2.4674011e-06
2093,0.001570796327,2.4674011e-06,0.001570796327,2.4674011e-06
2094,0,0,0,0
2095,0.003141592654,4.934802201e-06,0.003141592654,4.934802201e-06
2096,0.003141592654,4.934802201e-06,0.003141592654,4.934802201e-06
2097,0.001570796327,2.4674011e-06,0.001570796327,2.4674011e-06
2098,0.001570796327,2.4674011e-06,0.001570796327,2.4674011e-06
2099,0.006283185307,9.869604401e-06,0.006283185307,9.869604401e-06
2100,0,0,0,0
2101,0,0,0,0
2102,0.003141592654,4.934802201e-06,0.003141592654,4.934802201e-06
2103,0.001570796327,2.4674011e-06,0.001570796327,2.4674011e-06
2104,0,0,0,0
2105,0.001570796327,2.4674011e-06,0.001570796327,2.4674011e-06
2106,0,0,0,0
2107,0.001570796327,2.4674011e-06,0.001570796327,2.4674011e-06
2108,0.003141592654,4.934802201e-06,0.003141592654,4.934802201e-06
2109,0.001570796327,2.4674011e-06,0.001570796327,2.4674011e-06
2110,0.001570796327,2.4674011e-06,0.001570796327,2.4674011e-06
2111,0.003141592654,4.934802201e-06,0.003141592654,4.934802201e-06
2112,0.001570796327,2.4674011e-06,0.001570796327,2.4674011e-06
2113,0.003141592654,4.934802201e-06,0.003141592654,4.934802201e-06
2114,0,0,0,0
2115,0,0,0,0
2116,0,0,0,0
2117,0.001570796327,2.4674011e-06,0.001570796327,2.4674011e-06
2118,0.003141592654,4.934802201e-06,0.003141592654,4.934802201e-06
2119,0,0,0,0
2120,0.003141592654,4.934802201e-06,0.003141592654,4.934802201e-06
2121,0.001570796327,2.4674011e-06,0.001570796327,2.4674011e-06
2122,0,0,0,0
2123,0.003141592654,4.934802201e-06,0.003141592654,4.934802201e-06
2124,0.003141592654,4.934802201e-06,0.003141592654,4.934802201e-06
2125,0,0,0,0
2126,0.001570796327,2.4674011e-06,0.001570796327,2.4674011e-06
2127,0.003141592654,4.934802201e-06,0.003141592654,4.934802201e-06
2128,0,0,0,0
2129,0,0,0,0
2130,0.001570796327,2.4674011e-06,0.001570796327,2.4674011e-06
2131,0,0,0,0
2132,0.001570796327,2.4674011e-06,0.001570796327,2.4674011e-06
2133,0.001570796327,2.4674011e-06,0.001570796327,2.4674011e-06
2134,0,0,0,0
2135,0,0,0,0
2136,0,0,0,0
2137,0,0,0,0
2138,0.001570796327,2.4674011e-06,0.001570796327,2.4674011e-06
2139,0.00471238898,7.402203301e-06,0.00471238898,7.402203301e-06
2140,0,0,0,0
2141,0.001570796327,2.4674011e-06,0.001570796327,2.4674011e-06
2142,0.001570796327,2.4674011e-06,0.001570796327,2.4674011e-06
2143,0.00471238898,7.402203301e-06,0.00471238898,7.402203301e-06
2144,0,0,0,0
2145,0.00471238898,7.402203301e-06,0.00471238898,7.402203301e-06
2146,0.001570796327,2.4674011e-06,0.001570796327,2.4674011e-06
2147,0.001570796327,2.4674011e-06,0.001570796327,2.4674011e-06
2148,0,0,0,0
2149,0,0,0,0
2150,0.003141592654,4.934802201e-06,0.003141592654,4.934802201e-06
2151,0.001570796327,2.4674011e-06,0.001570796327,2.4674011e-06
2152,0.001570796327,2.4674011e-06,0.001570796327,2.4674011e-06
2153,0.001570796327,2.4674011e-06,0.001570796327,2.4674011e-06
2154,0,0,0,0
2155,0.001570796327,2.4674011e-06,0.001570796327,2.4674011e-06
2156,0.001570796327,2.4674011e-06,0.001570796327,2.4674011e-06
2157,0,0,0,0
2158,0.003141592654,4.934802201e-06,0.003141592654,4.934802201e-06
2159,0,0,0,0
2160,0,0,0,0
2161,0.001570796327,2.4674011e-06,0.001570796327,2.4674011e-06
2162,0.001570796327,2.4674011e-06,0.001570796327,2.4674011e-06
2163,0,0,0,0
2164,0.001570796327,2.4674011e-06,0.001570796327,2.4674011e-06
2165,0.001570796327,2.4674011e-06,0.001570796327,2.4674011e-06
2166,0,0,0,0
2167,0,0,0,0
2168,0,0,0,0
2169,0.003141592654,4.934802201e-06,0.003141592654,4.934802201e-06
2170,0.001570796327,2.4674011e-06,0.001570796327,2.4674011e-06
2171,0.001570796327,2.4674011e-06,0.001570796327,2.4674011e-06
2172,0,0,0,0
2173,0,0,0,0
2174,0.001570796327,2.4674011e-06,0.001570796327,2.4674011e-06
2175,0.001570796327,2.4674011e-06,0.001570796327,2.4674011e-06
2176,0.001570796327,2.4674011e-06,0.001570796327,2.4674011e-06
2177,0,0,0,0
2178,0,0,0,0
2179,0,0,0,0
2180,0.001570796327,2.4674011e-06,0.001570796327,2.4674011e-06
2181,0,0,0,0
2182,0.001570796327,2.4674011e-06,0.001570796327,2.4674011e-06
2183,0,0,0,0
2184,0.003141592654,4.934802201e-06,0.003141592654,4.934802201e-06
2185,0.00471238898,7.402203301e-06,0.00471238898,7.402203301e-06
2186,0,0,0,0
2187,0,0,0,0
2188,0.001570796327,2.4674011e-06,0.001570796327,2.4674011e-06
2189,0,0,0,0
2190,0.001570796327,2.4674011e-06,0.001570796327,2.4674011e-06
2191,0,0,0,0
2192,0,0,0,0
2193,0.001570796327,2.4674011e-06,0.001570796327,2.4674011e-06
2194,0.001570796327,2.4674011e-06,0.001570796327,2.4674011e-06
2195,0.001570796327,2.4674011e-06,0.001570796327,2.4674011e-06
2196,0.003141592654,4.934802201e-06,0.003141592654,4.934802201e-06
2197,0,0,0,0
2198,0,0,0,0
2199,0,0,0,0
2200,0.001570796327,2.4674011e-06,0.001570796327,2.4674011e-06
2201,0.001570796327,2.4674011e-06,0.001570796327,2.4674011e-06
2202,0,0,0,0
2203,0,0,0,0
2204,0.001570796327,2.4674011e-06,0.001570796327,2.4674011e-06
2205,0.001570796327,2.4674011e-06,0.001570796327,2.4674011e-06
2206,0.003141592654,4.934802201e-06,0.003141592654,4.934802201e-06
2207,0,0,0,0
2208,0.001570796327,2.4674011e-06,0.001570796327,2.4674011e-06
2209,0,0,0,0
2210,0.003141592654,4.934802201e-06,0.003141592654,4.934802201e-06
2211,0.001570796327,2.4674011e-06,0.001570796327,2.4674011e-06
2212,0.001570796327,2.4674011e-06,0.001570796327,2.4674011e-06
2213,0.003141592654,4.934802201e-06,0.003141592654,4.934802201e-06
2214,0,0,0,0
2215,0,0,0,0
2216,0,0,0,0
2217,0,0,0,0
2218,0.001570796327,2.4674011e-06,0.001570796327,2.4674011e-06
2219,0.001570796327,2.4674011e-06,0.001570796327,2.4674011e-06
2220,0.001570796327,2.4674011e-06,0.001570796327,2.4674011e-06
2221,0,0,0,0
2222,0.001570796327,2.4674011e-06,0.001570796327,2.4674011e-06
2223,0,0,0,0
2224,0,0,0,0
2225,0,0,0,0
2226,0.001570796327,2.4674011e-06,0.001570796327,2.4674011e-06
2227,0.001570796327,2.4674011e-06,0.001570796327,2.4674011e-06
2228,0.003141592654,4.934802201e-06,0.003141592654,4.934802201e-06
2229,0,0,0,0
2230,0.001570796327,2.4674011e-06,0.001570796327,2.4674011e-06
2231,0,0,0,0
2232,0.001570796327,2.4674011e-06,0.001570796327,2.4674011e-06
2233,0.003141592654,4.934802201e-06,0.003141592654,4.934802201e-06
2234,0.003141592654,4.934802201e-06,0.003141592654,4.934802201e-06
2235,0.00471238898,7.402203301e-06,0.00471238898,7.402203301e-06
2236,0,0,0,0
2237,0,0,0,0
2238,0.001570796327,2.4674011e-06,0.001570796327,2.4674011e-06
2239,0,0,0,0
2240,0.001570796327,2.4674011e-06,0.001570796327,2.4674011e-06
2241,0,0,0,0
2242,0.001570796327,2.4674011e-06,0.001570796327,2.4674011e-06
2243,0,0,0,0
2244,0.001570796327,2.4674011e-06,0.001570796327,2.4674011e-06
2245,0,0,0,0
2246,0,0,0,0
2247,0,0,0,0
2248,0.001570796327,2.4674011e-06,0.001570796327,2.4674011e-06
2249,0.001570796327,2.4674011e-06,0.001570796327,2.4674011e-06
2250,0.001570796327,2.4674011e-06,0.001570796327,2.4674011e-06
2251,0,0,0,0
2252,0.001570796327,2.4674011e-06,0.001570796327,2.4674011e-06
2253,0.001570796327,2.4674011e-06,0.001570796327,2.4674011e-06
2254,0,0,0,0
2255,0.001570796327,2.4674011e-06,0.001570796327,2.4674011e-06
2256,0,0,0,0
2257,0,0,0,0
2258,0.001570796327,2.4674011e-06,0.001570796327,2.4674011e-06
2259,0.00471238898,7.402203301e-06,0.00471238898,7.402203301e-06
2260,0,0,0,0
2261,0,0,0,0
2262,0.003141592654,4.934802201e-06,0.003141592654,4.934802201e-06
2263,0.00471238898,7.402203301e-06,0.00471238898,7.402203301e-06
2264,0,0,0,0
2265,0.001570796327,2.4674011e-06,0.001570796327,2.4674011e-06
2266,0.001570796327,2.4674011e-06,0.001570796327,2.4674011e-06
2267,0,0,0,0
2268,0,0,0,0
2269,0,0,0,0
2270,0.003141592654,4.934802201e-06,0.003141592654,4.934802201e-06
2271,0.001570796327,2.4674011e-06,0.001570796327,2.4674011e-06
2272,0.001570796327,2.4674011e-06,0.001570796327,2.4674011e-06
2273,0,0,0,0
2274,0.001570796327,2.4674011e-06,0.001570796327,2.4674011e-06
2275,0,0,0,0
2276,0.003141592654,4.934802201e-06,0.003141592654,4.934802201e-06
2277,0,0,0,0
2278,0.003141592654,4.934802201e-06,0.003141592654,4.934802201e-06
2279,0.001570796327,2.4674011e-06,0.001570796327,2.4674011e-06
2280,0.00471238898,7.402203301e-06,0.00471238898,7.402203301e-06
2281,0,0,0,0
2282,0,0,0,0
2283,0,0,0,0
2284,0,0,0,0
2285,0.001570796327,2.4674011e-06,0.001570796327,2.4674011e-06
2286,0.001570796327,2.4674011e-06,0.001570796327,2.4674011e-06
2287,0.001570796327,2.4674011e-06,0.001570796327,2.4674011e-06
2288,0,0,0,0
2289,0.00471238898,7.402203301e-06,0.00471238898,7.402203301e-06
2290,0.001570796327,2.4674011e-06,0.001570796327,2.4674011e-06
2291,0.001570796327,2.4674011e-06,0.001570796327,2.4674011e-06
2292,0.001570796327,2.4674011e-06,0.001570796327,2.4674011e-06
2293,0,0,0,0
2294,0.001570796327,2.4674011e-06,0.001570796327,2.4674011e-06
2295,0.001570796327,2.4674011e-06,0.001570796327,2.4674011e-06
2296,0,0,0,0
2297,0.001570796327,2.4674011e-06,0.001570796327,2.4674011e-06
2298,0.001570796327,2.4674011e-06,0.001570796327,2.4674011e-06
2299,0,0,0,0
2300,0,0,0,0
2301,0,0,0,0
2302,0,0,0,0
2303,0.001570796327,2.4674011e-06,0.001570796327,2.4674011e-06
2304,0,0,0,0
2305,0.003141592654,4.934802201e-06,0.003141592654,4.934802201e-06
2306,0.003141592654,4.934802201e-06,0.003141592654,4.934802201e-06
2307,0.003141592654,4.934802201e-06,0.003141592654,4.934802201e-06
2308,0,0,0,0
2309,0.001570796327,2.4674011e-06,0.001570796327,2.4674011e-06
2310,0,0,0,0
2311,0.001570796327,2.4674011e-06,0.001570796327,2.4674011e-06
2312,0.001570796327,2.4674011e-06,0.001570796327,2.4674011e-06
2313,0.001570796327,2.4674011e-06,0.001570796327,2.4674011e-06
2314,0,0,0,0
2315,0.003141592654,4.934802201e-06,0.003141592654,4.934802201e-06
2316,0.001570796327,2.4674011e-06,0.001570796327,2.4674011e-06
2317,0.003141592654,4.934802201e-06,0.003141592654,4.934802201e-06
2318,0.001570796327,2.4674011e-06,0.001570796327,2.4674011e-06
2319,0,0,0,0
2320,0.003141592654,4.934802201e-06,0.003141592654,4.934802201e-06
2321,0,0,0,0
2322,0.001570796327,2.4674011e-06,0.001570796327,2.4674011e-06
2323,0,0,0,0
2324,0,0,0,0
2325,0.001570796327,2.4674011e-06,0.001570796327,2.4674011e-06
2326,0.001570796327,2.4674011e-06,0.001570796327,2.4674011e-06
2327,0,0,0,0
2328,0.001570796327,2.4674011e-06,0.001570796327,2.4674011e-06
2329,0.003141592654,4.934802201e-06,0.003141592654,4.934802201e-06
2330,0.001570796327,2.4674011e-06,0.001570796327,2.4674011e-06
2331,0,0,0,0
2332,0,0,0,0
2333,0.003141592654,4.934802201e-06,0.003141592654,4.934802201e-06
2334,0.001570796327,2.4674011e-06,0.001570796327,2.4674011e-06
2335,0,0,0,0
2336,0.001570796327,2.4674011e-06,0.001570796327,2.4674011e-06
2337,0.001570796327,2.4674011e-06,0.001570796327,2.4674011e-06
2338,0.001570796327,2.4674011e-06,0.001570796327,2.4674011e-06
2339,0.001570796327,2.4674011e-06,0.001570796327,2.4674011e-06
2340,0.001570796327,2.4674011e-06,0.001570796327,2.4674011e-06
2341,0.001570796327,2.4674011e-06,0.001570796327,2.4674011e-06
2342,0.001570796327,2.4674011e-06,0.001570796327,2.4674011e-06
2343,0.001570796327,2.4674011e-06,0.001570796327,2.4674011e-06
2344,0.001570796327,2.4674011e-06,0.001570796327,2.4674011e-06
2345,0,0,0,0
2346,0,0,0,0
2347,0,0,0,0
2348,0,0,0,0
2349,0,0,0,0
2350,0,0,0,0
2351,0,0,0,0
2352,0,0,0,0
2353,0,0,0,0
2354,0.003141592654,4.934802201e-06,0.003141592654,4.934802201e-06
2355,0,0,0,0
2356,0,0,0,0
2357,0.001570796327,2.4674011e-06,0.001570796327,2.4674011e-06
2358,0,0,0,0
2359,0.003141592654,4.934802201e-06,0.003141592654,4.934802201e-06
2360,0,0,0,0
2361,0.003141592654,4.934802201e-06,0.003141592654,4.934802201e-06
2362,0.003141592654,4.934802201e-06,0.003141592654,4.934802201e-06
2363,0,0,0,0
2364,0.001570796327,2.4674011e-06,0.001570796327,2.4674011e-06
2365,0,0,0,0
2366,0,0,0,0
2367,0.003141592654,4.934802201e-06,0.003141592654,4.934802201e-06
2368,0,0,0,0
2369,0,0,0,0
2370,0.001570796327,2.4674011e-06,0.001570796327,2.4674011e-06
2371,0,0,0,0
2372,0.001570796327,2.4674011e-06,0.001570796327,2.4674011e-06
2373,0,0,0,0
2374,0,0,0,0
2375,0,0,0,0
2376,0,0,0,0
2377,0.001570796327,2.4674011e-06,0.001570796327,2.4674011e-06
2378,0.003141592654,4.934802201e-06,0.003141592654,4.934802201e-06
2379,0,0,0,0
2380,0.001570796327,2.4674011e-06,0.001570796327,2.4674011e-06
2381,0.001570796327,2.4674011e-06,0.001570796327,2.4674011e-06
2382,0.001570796327,2.4674011e-06,0.001570796327,2.4674011e-06
2383,0,0,0,0
2384,0.001570796327,2.4674011e-06,0.001570796327,2.4674011e-06
2385,0.003141592654,4.934802201e-06,0.003141592654,4.934802201e-06
2386,0.001570796327,2.4674011e-06,0.001570796327,2.4674011e-06
2387,0,0,0,0
2388,0.001570796327,2.4674011e-06,0.001570796327,2.4674011e-06
2389,0,0,0,0
2390,0,0,0,0
2391,0.001570796327,2.4674011e-06,0.001570796327,2.4674011e-06
2392,0.001570796327,2.4674011e-06,0.001570796327,2.4674011e-06
2393,0,0,0,0
2394,0.001570796327,2.4674011e-06,0.001570796327,2.4674011e-06
2395,0,0,0,0
2396,0,0,0,0
2397,0.001570796327,2.4674011e-06,0.001570796327,2.4674011e-06
2398,0,0,0,0
2399,0,0,0,0
2400,0,0,0,0
2401,0.001570796327,2.4674011e-06,0.001570796327,2.4674011e-06
2402,0.003141592654,4.934802201e-06,0.003141592654,4.934802201e-06
2403,0,0,0,0
2404,0.001570796327,2.4674011e-06,0.001570796327,2.4674011e-06
2405,0.003141592654,4.934802201e-06,0.003141592654,4.934802201e-06
2406,0.001570796327,2.4674011e-06,0.001570796327,2.4674011e-06
2407,0.001570796327,2.4674011e-06,0.001570796327,2.4674011e-06
2408,0,0,0,0
2409,0.001570796327,2.4674011e-06,0.001570796327,2.4674011e-06
2410,0,0,0,0
2411,0.001570796327,2.4674011e-06,0.001570796327,2.4674011e-06
2412,0,0,0,0
2413,0,0,0,0
2414,0,0,0,0
2415,0,0,0,0
2416,0,0,0,0
2417,0.003141592654,4.934802201e-06,0.003141592654,4.934802201e-06
2418,0,0,0,0
2419,0.003141592654,4.934802201e-06,0.003141592654,4.934802201e-06
2420,0,0,0,0
2421,0,0,0,0
2422,0,0,0,0
2423,0.001570796327,2.4674011e-06,0.001570796327,2.4674011e-06
2424,0,0,0,0
2425,0,0,0,0
2426,0,0,0,0
2427,0,0,0,0
2428,0.001570796327,2.4674011e-06,0.001570796327,2.4674011e-06
2429,0.003141592654,4.934802201e-06,0.003141592654,4.934802201e-06
2430,0.003141592654,4.934802201e-06,0.003141592654,4.934802201e-06
2431,0,0,0,0
2432,0,0,0,0
2433,0,0,0,0
2434,0.001570796327,2.4674011e-06,0.001570796327,2.4674011e-06
2435,0.003141592654,4.934802201e-06,0.003141592654,4.934802201e-06
2436,0.001570796327,2.4674011e-06,0.001570796327,2.4674011e-06
2437,0.001570796327,2.4674011e-06,0.001570796327,2.4674011e-06
2438,0,0,0,0
2439,0,0,0,0
2440,0.001570796327,2.4674011e-06,0.001570796327,2.4674011e-06
2441,0.003141592654,4.934802201e-06,0.003141592654,4.934802201e-06
2442,0.003141592654,4.934802201e-06,0.003141592654,4.934802201e-06
2443,0,0,0,0
2444,0.001570796327,2.4674011e-06,0.001570796327,2.4674011e-06
2445,0.003141592654,4.934802201e-06,0.003141592654,4.934802201e-06
2446,0.00471238898,7.402203301e-06,0.00471238898,7.402203301e-06
2447,0.001570796327,2.4674011e-06,0.001570796327,2.4674011e-06
2448,0.003141592654,4.934802201e-06,0.003141592654,4.934802201e-06
2449,0,0,0,0
2450,0.003141592654,4.934802201e-06,0.003141592654,4.934802201e-06
2451,0.003141592654,4.934802201e-06,0.003141592654,4.934802201e-06
2452,0,0,0,0
2453,0.001570796327,2.4674011e-06,0.001570796327,2.4674011e-06
2454,0,0,0,0
2455,0.003141592654,4.934802201e-06,0.003141592654,4.934802201e-06
2456,0,0,0,0
2457,0,0,0,0
2458,0.003141592654,4.934802201e-06,0.003141592654,4.934802201e-06
2459,0,0,0,0
2460,0,0,0,0
2461,0.001570796327,2.4674011e-06,0.001570796327,2.4674011e-06
2462,0.003141592654,4.934802201e-06,0.003141592654,4.934802201e-06
2463,0.001570796327,2.4674011e-06,0.001570796327,2.4674011e-06
2464,0,0,0,0
2465,0.001570796327,2.4674011e-06,0.001570796327,2.4674011e-06
2466,0.001570796327,2.4674011e-06,0.001570796327,2.4674011e-06
2467,0.00471238898,7.402203301e-06,0.00471238898,7.402203301e-06
2468,0,0,0,0
2469,0,0,0,0
2470,0.001570796327,2.4674011e-06,0.001570796327,2.4674011e-06
2471,0,0,0,0
2472,0,0,0,0
2473,0.001570796327,2.4674011e-06,0.001570796327,2.4674011e-06
2474,0,0,0,0
2475,0,0,0,0
2476,0.001570796327,2.4674011e-06,0.001570796327,2.4674011e-06
2477,0.00471238898,7.402203301e-06,0.00471238898,7.402203301e-06
2478,0.001570796327,2.4674011e-06,0.001570796327,2.4674011e-06
2479,0,0,0,0
2480,0,0,0,0
2481,0,0,0,0
2482,0.001570796327,2.4674011e-06,0.001570796327,2.4674011e-06
2483,0.001570796327,2.4674011e-06,0.001570796327,2.4674011e-06
2484,0.003141592654,4.934802201e-06,0.003141592654,4.934802201e-06
2485,0,0,0,0
2486,0.003141592654,4.934802201e-06,0.003141592654,4.934802201e-06
2487,0,0,0,0
2488,0,0,0,0
2489,0,0,0,0
2490,0.001570796327,2.4674011e-06,0.001570796327,2.4674011e-06
2491,0.001570796327,2.4674011e-06,0.001570796327,2.4674011e-06
2492,0.001570796327,2.4674011e-06,0.001570796327,2.4674011e-06
2493,0,0,0,0
2494,0,0,0,0
2495,0.001570796327,2.4674011e-06,0.001570796327,2.4674011e-06
2496,0.003141592654,4.934802201e-06,0.003141592654,4.934802201e-06
2497,0,0,0,0
2498,0,0,0,0
2499,0.001570796327,2.4674011e-06,0.001570796327,2.4674011e-06
2500,0,0,0,0
2501,0,0,0,0
2502,0,0,0,0
2503,0,0,0,0
2504,0,0,0,0
2505,0,0,0,0
2506,0,0,0,0
2507,0,0,0,0
2508,0.00471238898,7.402203301e-06,0.00471238898,7.402203301e-06
2509,0,0,0,0
2510,0,0,0,0
2511,0.001570796327,2.4674011e-06,0.001570796327,2.4674011e-06
2512,0,0,0,0
2513,0,0,0,0
2514,0,0,0,0
2515,0.006283185307,9.869604401e-06,0.006283185307,9.869604401e-06
2516,0.001570796327,2.4674011e-06,0.001570796327,2.4674011e-06
2517,0.001570796327,2.4674011e-06,0.001570796327,2.4674011e-06
2518,0.003141592654,4.934802201e-06,0.003141592654,4.934802201e-06
2519,0,0,0,0
2520,0,0,0,0
2521,0,0,0,0
2522,0,0,0,0
2523,0.003141592654,4.934802201e-06,0.003141592654,4.934802201e-06
2524,0,0,0,0
2525,0.001570796327,2.4674011e-06,0.001570796327,2.4674011e-06
2526,0.001570796327,2.4674011e-06,0.001570796327,2.4674011e-06
2527,0,0,0,0
2528,0.001570796327,2.4674011e-06,0.001570796327,2.4674011e-06
2529,0,0,0,0
2530,0.001570796327,2.4674011e-06,0.001570796327,2.4674011e-06
2531,0.001570796327,2.4674011e-06,0.001570796327,2.4674011e-06
2532,0.001570796327,2.4674011e-06,0.001570796327,2.4674011e-06
2533,0,0,0,0
2534,0.001570796327,2.4674011e-06,0.001570796327,2.4674011e-06
2535,0.001570796327,2.4674011e-06,0.001570796327,2.4674011e-06
2536,0.001570796327,2.4674011e-06,0.001570796327,2.4674011e-06
2537,0.001570796327,2.4674011e-06,0.001570796327,2.4674011e-06
2538,0,0,0,0
2539,0,0,0,0
2540,0.003141592654,4.934802201e-06,0.003141592654,4.934802201e-06
2541,0.001570796327,2.4674011e-06,0.001570796327,2.4674011e-06
2542,0,0,0,0
2543,0,0,0,0
2544,0.001570796327,2.4674011e-06,0.001570796327,2.4674011e-06
2545,0.001570796327,2.4674011e-06,0.001570796327,2.4674011e-06
2546,0.001570796327,2.4674011e-06,0.001570796327,2.4674011e-06
2547,0.001570796327,2.4674011e-06,0.001570796327,2.4674011e-06
2548,0.003141592654,4.934802201e-06,0.003141592654,4.934802201e-06
2549,0.001570796327,2.4674011e-06,0.001570796327,2.4674011e-06
2550,0,0,0,0
2551,0,0,0,0
2552,0.001570796327,2.4674011e-06,0.001570796327,2.4674011e-06
2553,0,0,0,0
2554,0.00471238898,7.402203301e-06,0.00471238898,7.402203301e-06
2555,0.001570796327,2.4674011e-06,0.001570796327,2.4674011e-06
2556,0,0,0,0
2557,0,0,0,0
2558,0.001570796327,2.4674011e-06,0.001570796327,2.4674011e-06
2559,0,0,0,0
2560,0.001570796327,2.4674011e-06,0.001570796327,2.4674011e-06
2561,0,0,0,0
2562,0,0,0,0
2563,0.001570796327,2.4674011e-06,0.001570796327,2.4674011e-06
2564,0.003141592654,4.934802201e-06,0.003141592654,4.934802201e-06
2565,0.003141592654,4.934802201e-06,0.003141592654,4.934802201e-06
2566,0.001570796327,2.4674011e-06,0.001570796327,2.4674011e-06
2567,0.003141592654,4.934802201e-06,0.003141592654,4.934802201e-06
2568,0,0,0,0
2569,0,0,0,0
2570,0,0,0,0
2571,0.003141592654,4.934802201e-06,0.003141592654,4.934802201e-06
2572,0.001570796327,2.4674011e-06,0.001570796327,2.4674011e-06
2573,0,0,0,0
2574,0.003141592654,4.934802201e-06,0.003141592654,4.934802201e-06
2575,0.001570796327,2.4674011e-06,0.001570796327,2.4674011e-06
2576,0.001570796327,2.4674011e-06,0.001570796327,2.4674011e-06
2577,0,0,0,0
2578,0,0,0,0
2579,0,0,0,0
2580,0,0,0,0
2581,0,0,0,0
2582,0,0,0,0
2583,0,0,0,0
2584,0.003141592654,4.934802201e-06,0.003141592654,4.934802201e-06
2585,0.001570796327,2.4674011e-06,0.001570796327,2.4674011e-06
2586,0,0,0,0
2587,0,0,0,0
2588,0,0,0,0
2589,0,0,0,0
2590,0,0,0,0
2591,0,0,0,0
2592,0.003141592654,4.934802201e-06,0.003141592654,4.934802201e-06
2593,0.001570796327,2.4674011e-06,0.001570796327,2.4674011e-06
2594,0.001570796327,2.4674011e-06,0.001570796327,2.4674011e-06
2595,0.003141592654,4.934802201e-06,0.003141592654,4.934802201e-06
2596,0.006283185307,9.869604401e-06,0.006283185307,9.869604401e-06
2597,0.003141592654,4.934802201e-06,0.003141592654,4.934802201e-06
2598,0.001570796327,2.4674011e-06,0.001570796327,2.4674011e-06
2599,0.001570796327,2.4674011e-06,0.001570796327,2.4674011e-06
2600,0,0,0,0
2601,0.001570796327,2.4674011e-06,0.001570796327,2.4674011e-06
2602,0.001570796327,2.4674011e-06,0.001570796327,2.4674011e-06
2603,0.001570796327,2.4674011e-06,0.001570796327,2.4674011e-06
2604,0,0,0,0
2605,0,0,0,0
2606,0.001570796327,2.4674011e-06,0.001570796327,2.4674011e-06
2607,0,0,0,0
2608,0,0,0,0
2609,0,0,0,0
2610,0.001570796327,2.4674011e-06,0.001570796327,2.4674011e-06
2611,0,0,0,0
2612,0,0,0,0
2613,0.001570796327,2.4674011e-06,0.001570796327,2.4674011e-06
2614,0.00471238898,7.402203301e-06,0.00471238898,7.402203301e-06
2615,0.001570796327,2.4674011e-06,0.001570796327,2.4674011e-06
2616,0.001570796327,2.4674011e-06,0.001570796327,2.4674011e-06
2617,0,0,0,0
2618,0.001570796327,2.4674011e-06,0.001570796327,2.4674011e-06
2619,0.001570796327,2.4674011e-06,0.001570796327,2.4674011e-06
2620,0,0,0,0
2621,0.003141592654,4.934802201e-06,0.003141592654,4.934802201e-06
2622,0,0,0,0
2623,0.001570796327,2.4674011e-06,0.001570796327,2.4674011e-06
2624,0,0,0,0
2625,0,0,0,0
2626,0,0,0,0
2627,0,0,0,0
2628,0.001570796327,2.4674011e-06,0.001570796327,2.4674011e-06
2629,0,0,0,0
2630,0.001570796327,2.4674011e-06,0.001570796327,2.4674011e-06
2631,0,0,0,0
2632,0,0,0,0
2633,0,0,0,0
2634,0.003141592654,4.934802201e-06,0.003141592654,4.934802201e-06
2635,0,0,0,0
2636,0.001570796327,2.4674011e-06,0.001570796327,2.4674011e-06
2637,0.003141592654,4.934802201e-06,0.003141592654,4.934802201e-06
2638,0,0,0,0
2639,0,0,0,0
2640,0,0,0,0
2641,0,0,0,0
2642,0,0,0,0
2643,0,0,0,0
2644,0,0,0,0
2645,0.003141592654,4.934802201e-06,0.003141592654,4.934802201e-06
2646,0,0,0,0
2647,0.001570796327,2.4674011e-06,0.001570796327,2.4674011e-06
2648,0,0,0,0
2649,0,0,0,0
2650,0.001570796327,2.4674011e-06,0.001570796327,2.4674011e-06
2651,0,0,0,0
2652,0,0,0,0
2653,0,0,0,0
2654,0.001570796327,2.4674011e-06,0.001570796327,2.4674011e-06
2655,0,0,0,0
2656,0,0,0,0
2657,0,0,0,0
2658,0.003141592654,4.934802201e-06,0.003141592654,4.934802201e-06
2659,0.003141592654,4.934802201e-06,0.003141592654,4.934802201e-06
2660,0,0,0,0
2661,0,0,0,0
2662,0,0,0,0
2663,0,0,0,0
2664,0.003141592654,4.934802201e-06,0.003141592654,4.934802201e-06
2665,0,0,0,0
2666,0,0,0,0
2667,0,0,0,0
2668,0.001570796327,2.4674011e-06,0.001570796327,2.4674011e-06
2669,0,0,0,0
2670,0.001570796327,2.4674011e-06,0.001570796327,2.4674011e-06
2671,0.001570796327,2.4674011e-06,0.001570796327,2.4674011e-06
2672,0.006283185307,9.869604401e-06,0.006283185307,9.869604401e-06
2673,0.003141592654,4.934802201e-06,0.003141592654,4.934802201e-06
2674,0,0,0,0
2675,0,0,0,0
2676,0,0,0,0
2677,0,0,0,0
2678,0,0,0,0
2679,0.003141592654,4.934802201e-06,0.003141592654,4.934802201e-06
2680,0,0,0,0
2681,0.001570796327,2.4674011e-06,0.001570796327,2.4674011e-06
2682,0,0,0,0
2683,0,0,0,0
2684,0.001570796327,2.4674011e-06,0.001570796327,2.4674011e-06
2685,0.001570796327,2.4674011e-06,0.001570796327,2.4674011e-06
2686,0.003141592654,4.934802201e-06,0.003141592654,4.934802201e-06
2687,0,0,0,0
2688,0,0,0,0
2689,0,0,0,0
2690,0,0,0,0
2691,0.001570796327,2.4674011e-06,0.001570796327,2.4674011e-06
2692,0,0,0,0
2693,0.003141592654,4.934802201e-06,0.003141592654,4.934802201e-06
2694,0.001570796327,2.4674011e-06,0.001570796327,2.4674011e-06
2695,0.001570796327,2.4674011e-06,0.001570796327,2.4674011e-06
2696,0.001570796327,2.4674011e-06,0.001570796327,2.4674011e-06
2697,0.003141592654,4.934802201e-06,0.003141592654,4.934802201e-06
2698,0,0,0,0
2699,0,0,0,0
2700,0.001570796327,2.4674011e-06,0.001570796327,2.4674011e-06
2701,0.001570796327,2.4674011e-06,0.001570796327,2.4674011e-06
2702,0,0,0,0
2703,0.003141592654,4.934802201e-06,0.003141592654,4.934802201e-06
2704,0.001570796327,2.4674011e-06,0.001570796327,2.4674011e-06
2705,0.003141592654,4.934802201e-06,0.003141592654,4.934802201e-06
2706,0.003141592654,4.934802201e-06,0.003141592654,4.934802201e-06
2707,0,0,0,0
2708,0,0,0,0
2709,0.003141592654,4.934802201e-06,0.003141592654,4.934802201e-06
2710,0,0,0,0
2711,0,0,0,0
2712,0,0,0,0
2713,0,0,0,0
2714,0.001570796327,2.4674011e-06,0.001570796327,2.4674011e-06
2715,0,0,0,0
2716,0.001570796327,2.4674011e-06,0.001570796327,2.4674011e-06
2717,0.001570796327,2.4674011e-06,0.001570796327,2.4674011e-06
2718,0,0,0,0
2719,0,0,0,0
2720,0,0,0,0
2721,0.001570796327,2.4674011e-06,0.001570796327,2.4674011e-06
2722,0.001570796327,2.4674011e-06,0.001570796327,2.4674011e-06
2723,0,0,0,0
2724,0,0,0,0
2725,0,0,0,0
2726,0.001570796327,2.4674011e-06,0.001570796327,2.4674011e-06
2727,0,0,0,0
2728,0,0,0,0
2729,0,0,0,0
2730,0,0,0,0
2731,0,0,0,0
2732,0,0,0,0
2733,0,0,0,0
2734,0.001570796327,2.4674011e-06,0.001570796327,2.4674011e-06
2735,0.003141592654,4.934802201e-06,0.003141592654,4.934802201e-06
2736,0,0,0,0
2737,0.001570796327,2.4674011e-06,0.001570796327,2.4674011e-06
2738,0,0,0,0
2739,0,0,0,0
2740,0,0,0,0
2741,0,0,0,0
2742,0,0,0,0
2743,0,0,0,0
2744,0,0,0,0
2745,0.001570796327,2.4674011e-06,0.001570796327,2.4674011e-06
2746,0.001570796327,2.4674011e-06,0.001570796327,2.4674011e-06
2747,0,0,0,0
2748,0,0,0,0
2749,0,0,0,0
2750,0.001570796327,2.4674011e-06,0.001570796327,2.4674011e-06
2751,0.003141592654,4.934802201e-06,0.003141592654,4.934802201e-06
2752,0.00471238898,7.402203301e-06,0.00471238898,7.402203301e-06
2753,0.003141592654,4.934802201e-06,0.003141592654,4.934802201e-06
2754,0.001570796327,2.4674011e-06,0.001570796327,2.4674011e-06
2755,0,0,0,0
2756,0,0,0,0
2757,0.001570796327,2.4674011e-06,0.001570796327,2.4674011e-06
2758,0.001570796327,2.4674011e-06,0.001570796327,2.4674011e-06
2759,0.001570796327,2.4674011e-06,0.001570796327,2.4674011e-06
2760,0.003141592654,4.934802201e-06,0.003141592654,4.934802201e-06
2761,0,0,0,0
2762,0.001570796327,2.4674011e-06,0.001570796327,2.4674011e-06
2763,0.003141592654,4.934802201e-06,0.003141592654,4.934802201e-06
2764,0,0,0,0
2765,0,0,0,0
2766,0,0,0,0
2767,0.00471238898,7.402203301e-06,0.00471238898,7.402203301e-06
2768,0.001570796327,2.4674011e-06,0.001570796327,2.4674011e-06
2769,0.001570796327,2.4674011e-06,0.001570796327,2.4674011e-06
2770,0,0,0,0
2771,0,0,0,0
2772,0,0,0,0
2773,0.001570796327,2.4674011e-06,0.001570796327,2.4674011e-06
2774,0,0,0,0
2775,0.001570796327,2.4674011e-06,0.001570796327,2.4674011e-06
2776,0,0,0,0
2777,0.003141592654,4.934802201e-06,0.003141592654,4.934802201e-06
2778,0.001570796327,2.4674011e-06,0.001570796327,2.4674011e-06
2779,0.001570796327,2.4674011e-06,0.001570796327,2.4674011e-06
2780,0,0,0,0
2781,0,0,0,0
2782,0,0,0,0
2783,0.001570796327,2.4674011e-06,0.001570796327,2.4674011e-06
2784,0.001570796327,2.4674011e-06,0.001570796327,2.4674011e-06
2785,0,0,0,0
2786,0.001570796327,2.4674011e-06,0.001570796327,2.4674011e-06
2787,0,0,0,0
2788,0,0,0,0
2789,0,0,0,0
2790,0,0,0,0
2791,0,0,0,0
2792,0.001570796327,2.4674011e-06,0.001570796327,2.4674011e-06
2793,0.001570796327,2.4674011e-06,0.001570796327,2.4674011e-06
2794,0.001570796327,2.4674011e-06,0.001570796327,2.4674011e-06
2795,0,0,0,0
2796,0.001570796327,2.4674011e-06,0.001570796327,2.4674011e-06
2797,0.003141592654,4.934802201e-06,0.003141592654,4.934802201e-06
2798,0.003141592654,4.934802201e-06,0.003141592654,4.934802201e-06
2799,0.001570796327,2.4674011e-06,0.001570796327,2.4674011e-06
2800,0,0,0,0
2801,0,0,0,0
2802,0.001570796327,2.4674011e-06,0.001570796327,2.4674011e-06
2803,0,0,0,0
2804,0.001570796327,2.4674011e-06,0.001570796327,2.4674011e-06
2805,0,0,0,0
2806,0,0,0,0
2807,0.001570796327,2.4674011e-06,0.001570796327,2.4674011e-06
2808,0,0,0,0
2809,0,0,0,0
2810,0.001570796327,2.4674011e-06,0.001570796327,2.4674011e-06
2811,0,0,0,0
2812,0,0,0,0
2813,0,0,0,0
2814,0,0,0,0
2815,0,0,0,0
2816,0.001570796327,2.4674011e-06,0.001570796327,2.4674011e-06
2817,0,0,0,0
2818,0.001570796327,2.4674011e-06,0.001570796327,2.4674011e-06
2819,0.001570796327,2.4674011e-06,0.001570796327,2.4674011e-06
2820,0,0,0,0
2821,0,0,0,0
2822,0,0,0,0
2823,0,0,0,0
2824,0.001570796327,2.4674011e-06,0.001570796327,2.4674011e-06
2825,0,0,0,0
2826,0,0,0,0
2827,0,0,0,0
2828,0.001570796327,2.4674011e-06,0.001570796327,2.4674011e-06
2829,0,0,0,0
2830,0,0,0,0
2831,0,0,0,0
2832,0,0,0,0
2833,0,0,0,0
2834,0,0,0,0
2835,0,0,0,0
2836,0.001570796327,2.4674011e-06,0.001570796327,2.4674011e-06
2837,0.001570796327,2.4674011e-06,0.001570796327,2.4674011e-06
2838,0.001570796327,2.4674011e-06,0.001570796327,2.4674011e-06
2839,0.003141592654,4.934802201e-06,0.003141592654,4.934802201e-06
2840,0.001570796327,2.4674011e-06,0.001570796327,2.4674011e-06
2841,0.001570796327,2.4674011e-06,0.001570796327,2.4674011e-06
2842,0,0,0,0
2843,0.001570796327,2.4674011e-06,0.001570796327,2.4674011e-06
2844,0.003141592654,4.934802201e-06,0.003141592654,4.934802201e-06
2845,0,0,0,0
2846,0,0,0,0
2847,0.001570796327,2.4674011e-06,0.001570796327,2.4674011e-06
2848,0.003141592654,4.934802201e-06,0.003141592654,4.934802201e-06
2849,0,0,0,0
2850,0,0,0,0
2851,0,0,0,0
2852,0,0,0,0
2853,0.001570796327,2.4674011e-06,0.001570796327,2.4674011e-06
2854,0.001570796327,2.4674011e-06,0.001570796327,2.4674011e-06
2855,0,0,0,0
2856,0.001570796327,2.4674011e-06,0.001570796327,2.4674011e-06
2857,0.003141592654,4.934802201e-06,0.003141592654,4.934802201e-06
2858,0.001570796327,2.4674011e-06,0.001570796327,2.4674011e-06
2859,0.001570796327,2.4674011e-06,0.001570796327,2.4674011e-06
2860,0,0,0,0
2861,0,0,0,0
2862,0,0,0,0
2863,0,0,0,0
2864,0.001570796327,2.4674011e-06,0.001570796327,2.4674011e-06
2865,0.001570796327,2.4674011e-06,0.001570796327,2.4674011e-06
2866,0,0,0,0
2867,0,0,0,0
2868,0.001570796327,2.4674011e-06,0.001570796327,2.4674011e-06
2869,0,0,0,0
2870,0.006283185307,9.869604401e-06,0.006283185307,9.869604401e-06
2871,0,0,0,0
2872,0.001570796327,2.4674011e-06,0.001570796327,2.4674011e-06
2873,0,0,0,0
2874,0,0,0,0
2875,0,0,0,0
2876,0,0,0,0
2877,0,0,0,0
2878,0,0,0,0
2879,0.001570796327,2.4674011e-06,0.001570796327,2.4674011e-06
2880,0,0,0,0
2881,0.003141592654,4.934802201e-06,0.003141592654,4.934802201e-06
2882,0,0,0,0
2883,0.003141592654,4.934802201e-06,0.003141592654,4.934802201e-06
2884,0,0,0,0
2885,0.003141592654,4.934802201e-06,0.003141592654,4.934802201e-06
2886,0,0,0,0
2887,0,0,0,0
2888,0.001570796327,2.4674011e-06,0.001570796327,2.4674011e-06
2889,0.001570796327,2.4674011e-06,0.001570796327,2.4674011e-06
2890,0.003141592654,4.934802201e-06,0.003141592654,4.934802201e-06
2891,0.001570796327,2.4674011e-06,0.001570796327,2.4674011e-06
2892,0,0,0,0
2893,0.001570796327,2.4674011e-06,0.001570796327,2.4674011e-06
2894,0.001570796327,2.4674011e-06,0.001570796327,2.4674011e-06
2895,0,0,0,0
2896,0.001570796327,2.4674011e-06,0.001570796327,2.4674011e-06
2897,0,0,0,0
2898,0,0,0,0
2899,0,0,0,0
2900,0,0,0,0
2901,0,0,0,0
2902,0.001570796327,2.4674011e-06,0.001570796327,2.4674011e-06
2903,0.001570796327,2.4674011e-06,0.001570796327,2.4674011e-06
2904,0,0,0,0
2905,0,0,0,0
2906,0,0,0,0
2907,0,0,0,0
2908,0,0,0,0
2909,0,0,0,0
2910,0,0,0,0
2911,0.001570796327,2.4674011e-06,0.001570796327,2.4674011e-06
2912,0.001570796327,2.4674011e-06,0.001570796327,2.4674011e-06
2913,0,0,0,0
2914,0,0,0,0
2915,0,0,0,0
2916,0.001570796327,2.4674011e-06,0.001570796327,2.4674011e-06
2917,0,0,0,0
2918,0.001570796327,2.4674011e-06,0.001570796327,2.4674011e-06
2919,0.001570796327,2.4674011e-06,0.001570796327,2.4674011e-06
2920,0.001570796327,2.4674011e-06,0.001570796327,2.4674011e-06
2921,0.001570796327,2.4674011e-06,0.001570796327,2.4674011e-06
2922,0.00471238898,7.402203301e-06,0.00471238898,7.402203301e-06
2923,0,0,0,0
2924,0.001570796327,2.4674011e-06,0.001570796327,2.4674011e-06
2925,0,0,0,0
2926,0,0,0,0
2927,0,0,0,0
2928,0.001570796327,2.4674011e-06,0.001570796327,2.4674011e-06
2929,0,0,0,0
2930,0,0,0,0
2931,0.001570796327,2.4674011e-06,0.001570796327,2.4674011e-06
2932,0,0,0,0
2933,0,0,0,0
2934,0.001570796327,2.4674011e-06,0.001570796327,2.4674011e-06
2935,0.00471238898,7.402203301e-06,0.00471238898,7.402203301e-06
2936,0,0,0,0
2937,0,0,0,0
2938,0.001570796327,2.4674011e-06,0.001570796327,2.4674011e-06
2939,0,0,0,0
2940,0.003141592654,4.934802201e-06,0.003141592654,4.934802201e-06
2941,0,0,0,0
2942,0.001570796327,2.4674011e-06,0.001570796327,2.4674011e-06
2943,0,0,0,0
2944,0,0,0,0
2945,0.003141592654,4.934802201e-06,0.003141592654,4.934802201e-06
2946,0,0,0,0
2947,0,0,0,0
2948,0.001570796327,2.4674011e-06,0.001570796327,2.4674011e-06
2949,0,0,0,0
2950,0,0,0,0
2951,0.001570796327,2.4674011e-06,0.001570796327,2.4674011e-06
2952,0,0,0,0
2953,0,0,0,0
2954,0.003141592654,4.934802201e-06,0.003141592654,4.934802201e-06
2955,0.001570796327,2.4674011e-06,0.001570796327,2.4674011e-06
2956,0.001570796327,2.4674011e-06,0.001570796327,2.4674011e-06
2957,0.001570796327,2.4674011e-06,0.001570796327,2.4674011e-06
2958,0,0,0,0
2959,0.001570796327,2.4674011e-06,0.001570796327,2.4674011e-06
2960,0.001570796327,2.4674011e-06,0.001570796327,2.4674011e-06
2961,0.001570796327,2.4674011e-06,0.001570796327,2.4674011e-06
2962,0.001570796327,2.4674011e-06,0.001570796327,2.4674011e-06
2963,0.001570796327,2.4674011e-06,0.001570796327,2.4674011e-06
2964,0,0,0,0
2965,0.001570796327,2.4674011e-06,0.001570796327,2.4674011e-06
2966,0,0,0,0
2967,0,0,0,0
2968,0.003141592654,4.934802201e-06,0.003141592654,4.934802201e-06
2969,0,0,0,0
2970,0,0,0,0
2971,0,0,0,0
2972,0,0,0,0
2973,0.001570796327,2.4674011e-06,0.001570796327,2.4674011e-06
2974,0.001570796327,2.4674011e-06,0.001570796327,2.4674011e-06
2975,0.001570796327,2.4674011e-06,0.001570796327,2.4674011e-06
2976,0,0,0,0
2977,0.001570796327,2.4674011e-06,0.001570796327,2.4674011e-06
2978,0,0,0,0
2979,0.001570796327,2.4674011e-06,0.001570796327,2.4674011e-06
2980,0.003141592654,4.934802201e-06,0.003141592654,4.934802201e-06
2981,0.001570796327,2.4674011e-06,0.001570796327,2.4674011e-06
2982,0.001570796327,2.4674011e-06,0.001570796327,2.4674011e-06
2983,0,0,0,0
2984,0.001570796327,2.4674011e-06,0.001570796327,2.4674011e-06
2985,0,0,0,0
2986,0.001570796327,2.4674011e-06,0.001570796327,2.4674011e-06
2987,0,0,0,0
2988,0,0,0,0
2989,0.003141592654,4.934802201e-06,0.003141592654,4.934802201e-06
2990,0.003141592654,4.934802201e-06,0.003141592654,4.934802201e-06
2991,0.001570796327,2.4674011e-06,0.001570796327,2.4674011e-06
2992,0,0,0,0
2993,0,0,0,0
2994,0.001570796327,2.4674011e-06,0.001570796327,2.4674011e-06
2995,0.001570796327,2.4674011e-06,0.001570796327,2.4674011e-06
2996,0.001570796327,2.4674011e-06,0.001570796327,2.4674011e-06
2997,0,0,0,0
2998,0.001570796327,2.4674011e-06,0.001570796327,2.4674011e-06
2999,0.001570796327,2.4674011e-06,0.001570796327,2.4674011e-06
3000,0,0,0,0
3001,0,0,0,0
3002,0.001570796327,2.4674011e-06,0.001570796327,2.4674011e-06
3003,0,0,0,0
3004,0,0,0,0
3005,0.001570796327,2.4674011e-06,0.001570796327,2.4674011e-06
3006,0.001570796327,2.4674011e-06,0.001570796327,2.4674011e-06
3007,0.003141592654,4.934802201e-06,0.003141592654,4.934802201e-06
3008,0,0,0,0
3009,0.003141592654,4.934802201e-06,0.003141592654,4.934802201e-06
3010,0.001570796327,2.4674011e-06,0.001570796327,2.4674011e-06
3011,0.001570796327,2.4674011e-06,0.001570796327,2.4674011e-06
3012,0.001570796327,2.4674011e-06,0.001570796327,2.4674011e-06
3013,0.001570796327,2.4674011e-06,0.001570796327,2.4674011e-06
3014,0,0,0,0
3015,0.003141592654,4.934802201e-06,0.003141592654,4.934802201e-06
3016,0,0,0,0
3017,0,0,0,0
3018,0,0,0,0
3019,0.003141592654,4.934802201e-06,0.003141592654,4.934802201e-06
3020,0.003141592654,4.934802201e-06,0.003141592654,4.934802201e-06
3021,0,0,0,0
3022,0,0,0,0
3023,0.001570796327,2.4674011e-06,0.001570796327,2.4674011e-06
3024,0,0,0,0
3025,0.003141592654,4.934802201e-06,0.003141592654,4.934802201e-06
3026,0.001570796327,2.4674011e-06,0.001570796327,2.4674011e-06
3027,0,0,0,0
3028,0.001570796327,2.4674011e-06,0.001570796327,2.4674011e-06
3029,0.001570796327,2.4674011e-06,0.001570796327,2.4674011e-06
3030,0.001570796327,2.4674011e-06,0.001570796327,2.4674011e-06
3031,0,0,0,0
3032,0.001570796327,2.4674011e-06,0.001570796327,2.4674011e-06
3033,0,0,0,0
3034,0.001570796327,2.4674011e-06,0.001570796327,2.4674011e-06
3035,0.003141592654,4.934802201e-06,0.003141592654,4.934802201e-06
3036,0,0,0,0
3037,0.003141592654,4.934802201e-06,0.003141592654,4.934802201e-06
3038,0,0,0,0
3039,0.001570796327,2.4674011e-06,0.001570796327,2.4674011e-06
3040,0.001570796327,2.4674011e-06,0.001570796327,2.4674011e-06
3041,0,0,0,0
3042,0,0,0,0
3043,0.001570796327,2.4674011e-06,0.001570796327,2.4674011e-06
3044,0,0,0,0
3045,0.001570796327,2.4674011e-06,0.001570796327,2.4674011e-06
3046,0.006283185307,9.869604401e-06,0.006283185307,9.869604401e-06
3047,0.003141592654,4.934802201e-06,0.003141592654,4.934802201e-06
3048,0,0,0,0
3049,0,0,0,0
3050,0.001570796327,2.4674011e-06,0.001570796327,2.4674011e-06
3051,0,0,0,0
3052,0,0,0,0
3053,0.003141592654,4.934802201e-06,0.003141592654,4.934802201e-06
3054,0,0,0,0
3055,0,0,0,0
3056,0,0,0,0
3057,0,0,0,0
3058,0,0,0,0
3059,0,0,0,0
3060,0.001570796327,2.4674011e-06,0.001570796327,2.4674011e-06
3061,0,0,0,0
3062,0.001570796327,2.4674011e-06,0.001570796327,2.4674011e-06
3063,0,0,0,0
3064,0,0,0,0
3065,0,0,0,0
3066,0.001570796327,2.4674011e-06,0.001570796327,2.4674011e-06
3067,0,0,0,0
3068,0.001570796327,2.4674011e-06,0.001570796327,2.4674011e-06
3069,0,0,0,0
3070,0.001570796327,2.4674011e-06,0.001570796327,2.4674011e-06
3071,0.001570796327,2.4674011e-06,0.001570796327,2.4674011e-06
3072,0,0,0,0
3073,0,0,0,0
3074,0,0,0,0
3075,0,0,0,0
3076,0.001570796327,2.4674011e-06,0.001570796327,2.4674011e-06
3077,0.001570796327,2.4674011e-06,0.001570796327,2.4674011e-06
3078,0,0,0,0
3079,0.001570796327,2.4674011e-06,0.001570796327,2.4674011e-06
3080,0,0,0,0
3081,0.00471238898,7.402203301e-06,0.00471238898,7.402203301e-06
3082,0,0,0,0
3083,0,0,0,0
3084,0,0,0,0
3085,0.001570796327,2.4674011e-06,0.001570796327,2.4674011e-06
3086,0.006283185307,9.869604401e-06,0.006283185307,9.869604401e-06
3087,0.00471238898,7.402203301e-06,0.00471238898,7.402203301e-06
3088,0.001570796327,2.4674011e-06,0.001570796327,2.4674011e-06
3089,0,0,0,0
3090,0.001570796327,2.4674011e-06,0.001570796327,2.4674011e-06
3091,0,0,0,0
3092,0.001570796327,2.4674011e-06,0.001570796327,2.4674011e-06
3093,0,0,0,0
3094,0,0,0,0
3095,0.001570796327,2.4674011e-06,0.001570796327,2.4674011e-06
3096,0.003141592654,4.934802201e-06,0.003141592654,4.934802201e-06
3097,0,0,0,0
3098,0,0,0,0
3099,0.003141592654,4.934802201e-06,0.003141592654,4.934802201e-06
3100,0,0,0,0
3101,0,0,0,0
3102,0,0,0,0
3103,0.001570796327,2.4674011e-06,0.001570796327,2.4674011e-06
3104,0.001570796327,2.4674011e-06,0.001570796327,2.4674011e-06
3105,0,0,0,0
3106,0,0,0,0
3107,0.001570796327,2.4674011e-06,0.001570796327,2.4674011e-06
3108,0.003141592654,4.934802201e-06,0.003141592654,4.934802201e-06
3109,0.003141592654,4.934802201e-06,0.003141592654,4.934802201e-06
3110,0,0,0,0
3111,0,0,0,0
3112,0.00471238898,7.402203301e-06,0.00471238898,7.402203301e-06
3113,0.001570796327,2.4674011e-06,0.001570796327,2.4674011e-06
3114,0.001570796327,2.4674011e-06,0.001570796327,2.4674011e-06
3115,0,0,0,0
3116,0,0,0,0
3117,0,0,0,0
3118,0,0,0,0
3119,0.001570796327,2.4674011e-06,0.001570796327,2.4674011e-06
3120,0,0,0,0
3121,0,0,0,0
3122,0,0,0,0
3123,0.001570796327,2.4674011e-06,0.001570796327,2.4674011e-06
3124,0,0,0,0
3125,0.001570796327,2.4674011e-06,0.001570796327,2.4674011e-06
3126,0,0,0,0
3127,0,0,0,0
3128,0,0,0,0
3129,0.001570796327,2.4674011e-06,0.001570796327,2.4674011e-06
3130,0,0,0,0
3131,0.001570796327,2.4674011e-06,0.001570796327,2.4674011e-06
3132,0,0,0,0
3133,0.001570796327,2.4674011e-06,0.001570796327,2.4674011e-06
3134,0.003141592654,4.934802201e-06,0.003141592654,4.934802201e-06
3135,0,0,0,0
3136,0.001570796327,2.4674011e-06,0.001570796327,2.4674011e-06
3137,0.001570796327,2.4674011e-06,0.001570796327,2.4674011e-06
3138,0.001570796327,2.4674011e-06,0.001570796327,2.4674011e-06
3139,0.001570796327,2.4674011e-06,0.001570796327,2.4674011e-06
3140,0,0,0,0
3141,0.001570796327,2.4674011e-06,0.001570796327,2.4674011e-06
3142,0.001570796327,2.4674011e-06,0.001570796327,2.4674011e-06
3143,0.003141592654,4.934802201e-06,0.003141592654,4.934802201e-06
3144,0.001570796327,2.4674011e-06,0.001570796327,2.4674011e-06
3145,0,0,0,0
3146,0,0,0,0
3147,0.001570796327,2.4674011e-06,0.001570796327,2.4674011e-06
3148,0.001570796327,2.4674011e-06,0.001570796327,2.4674011e-06
3149,0,0,0,0
3150,0.001570796327,2.4674011e-06,0.001570796327,2.4674011e-06
3151,0,0,0,0
3152,0.003141592654,4.934802201e-06,0.003141592654,4.934802201e-06
3153,0,0,0,0
3154,0.001570796327,2.4674011e-06,0.001570796327,2.4674011e-06
3155,0,0,0,0
3156,0,0,0,0
3157,0,0,0,0
3158,0.001570796327,2.4674011e-06,0.001570796327,2.4674011e-06
3159,0,0,0,0
3160,0,0,0,0
3161,0.001570796327,2.4674011e-06,0.001570796327,2.4674011e-06
3162,0.00471238898,7.402203301e-06,0.00471238898,7.402203301e-06
3163,0,0,0,0
3164,0,0,0,0
3165,0.001570796327,2.4674011e-06,0.001570796327,2.4674011e-06
3166,0,0,0,0
3167,0.001570796327,2.4674011e-06,0.001570796327,2.4674011e-06
3168,0.001570796327,2.4674011e-06,0.001570796327,2.4674011e-06
3169,0,0,0,0
3170,0.001570796327,2.4674011e-06,0.001570796327,2.4674011e-06
3171,0.001570796327,2.4674011e-06,0.001570796327,2.4674011e-06
3172,0.001570796327,2.4674011e-06,0.001570796327,2.4674011e-06
3173,0,0,0,0
3174,0.001570796327,2.4674011e-06,0.001570796327,2.4674011e-06
3175,0,0,0,0
3176,0.001570796327,2.4674011e-06,0.001570796327,2.4674011e-06
3177,0,0,0,0
3178,0.001570796327,2.4674011e-06,0.001570796327,2.4674011e-06
3179,0,0,0,0
3180,0.003141592654,4.934802201e-06,0.003141592654,4.934802201e-06
3181,0,0,0,0
3182,0,0,0,0
3183,0.001570796327,2.4674011e-06,0.001570796327,2.4674011e-06
3184,0,0,0,0
3185,0.003141592654,4.934802201e-06,0.003141592654,4.934802201e-06
3186,0,0,0,0
3187,0,0,0,0
3188,0,0,0,0
3189,0,0,0,0
3190,0.001570796327,2.4674011e-06,0.001570796327,2.4674011e-06
3191,0,0,0,0
3192,0.001570796327,2.4674011e-06,0.001570796327,2.4674011e-06
3193,0,0,0,0
3194,0,0,0,0
3195,0,0,0,0
3196,0,0,0,0
3197,0.001570796327,2.4674011e-06,0.001570796327,2.4674011e-06
3198,0.001570796327,2.4674011e-06,0.001570796327,2.4674011e-06
3199,0.001570796327,2.4674011e-06,0.001570796327,2.4674011e-06
3200,0,0,0,0
3201,0.001570796327,2.4674011e-06,0.001570796327,2.4674011e-06
3202,0,0,0,0
3203,0.001570796327,2.4674011e-06,0.001570796327,2.4674011e-06
3204,0,0,0,0
3205,0,0,0,0
3206,0.001570796327,2.4674011e-06,0.001570796327,2.4674011e-06
3207,0.003141592654,4.934802201e-06,0.003141592654,4.934802201e-06
3208,0.001570796327,2.4674011e-06,0.001570796327,2.4674011e-06
3209,0,0,0,0
3210,0.00471238898,7.402203301e-06,0.00471238898,7.402203301e-06
3211,0.001570796327,2.4674011e-06,0.001570796327,2.4674011e-06
3212,0,0,0,0
3213,0.003141592654,4.934802201e-06,0.003141592654,4.934802201e-06
3214,0.001570796327,2.4674011e-06,0.001570796327,2.4674011e-06
3215,0,0,0,0
3216,0.003141592654,4.934802201e-06,0.003141592654,4.934802201e-06
3217,0,0,0,0
3218,0,0,0,0
3219,0.001570796327,2.4674011e-06,0.001570796327,2.4674011e-06
3220,0.001570796327,2.4674011e-06,0.001570796327,2.4674011e-06
3221,0,0,0,0
3222,0,0,0,0
3223,0.003141592654,4.934802201e-06,0.003141592654,4.934802201e-06
3224,0,0,0,0
3225,0,0,0,0
3226,0,0,0,0
3227,0,0,0,0
3228,0,0,0,0
3229,0.001570796327,2.4674011e-06,0.001570796327,2.4674011e-06
3230,0,0,0,0
3231,0.001570796327,2.4674011e-06,0.001570796327,2.4674011e-06
3232,0.001570796327,2.4674011e-06,0.001570796327,2.4674011e-06
3233,0.001570796327,2.4674011e-06,0.001570796327,2.4674011e-06
3234,0.001570796327,2.4674011e-06,0.001570796327,2.4674011e-06
3235,0,0,0,0
3236,0,0,0,0
3237,0,0,0,0
3238,0,0,0,0
3239,0,0,0,0
3240,0.001570796327,2.4674011e-06,0.001570796327,2.4674011e-06
3241,0.001570796327,2.4674011e-06,0.001570796327,2.4674011e-06
3242,0,0,0,0
3243,0.001570796327,2.4674011e-06,0.001570796327,2.4674011e-06
3244,0,0,0,0
3245,0,0,0,0
3246,0,0,0,0
3247,0,0,0,0
3248,0.001570796327,2.4674011e-06,0.001570796327,2.4674011e-06
3249,0.001570796327,2.4674011e-06,0.001570796327,2.4674011e-06
3250,0,0,0,0
3251,0,0,0,0
3252,0,0,0,0
3253,0.001570796327,2.4674011e-06,0.001570796327,2.4674011e-06
3254,0.003141592654,4.934802201e-06,0.003141592654,4.934802201e-06
3255,0.001570796327,2.4674011e-06,0.001570796327,2.4674011e-06
3256,0.001570796327,2.4674011e-06,0.001570796327,2.4674011e-06
3257,0,0,0,0
3258,0,0,0,0
3259,0,0,0,0
3260,0,0,0,0
3261,0.001570796327,2.4674011e-06,0.001570796327,2.4674011e-06
3262,0.001570796327,2.4674011e-06,0.001570796327,2.4674011e-06
3263,0,0,0,0
3264,0.001570796327,2.4674011e-06,0.001570796327,2.4674011e-06
3265,0,0,0,0
3266,0.001570796327,2.4674011e-06,0.001570796327,2.4674011e-06
3267,0.001570796327,2.4674011e-06,0.001570796327,2.4674011e-06
3268,0,0,0,0
3269,0.001570796327,2.4674011e-06,0.001570796327,2.4674011e-06
3270,0,0,0,0
3271,0,0,0,0
3272,0,0,0,0
3273,0,0,0,0
3274,0.001570796327,2.4674011e-06,0.001570796327,2.4674011e-06
3275,0,0,0,0
3276,0,0,0,0
3277,0.001570796327,2.4674011e-06,0.001570796327,2.4674011e-06
3278,0,0,0,0
3279,0,0,0,0
3280,0,0,0,0
3281,0,0,0,0
3282,0.001570796327,2.4674011e-06,0.001570796327,2.4674011e-06
3283,0.001570796327,2.4674011e-06,0.001570796327,2.4674011e-06
3284,0.001570796327,2.4674011e-06,0.001570796327,2.4674011e-06
3285,0,0,0,0
3286,0,0,0,0
3287,0.001570796327,2.4674011e-06,0.001570796327,2.4674011e-06
3288,0,0,0,0
3289,0.001570796327,2.4674011e-06,0.001570796327,2.4674011e-06
3290,0,0,0,0
3291,0.001570796327,2.4674011e-06,0.001570796327,2.4674011e-06
3292,0,0,0,0
3293,0,0,0,0
3294,0.001570796327,2.4674011e-06,0.001570796327,2.4674011e-06
3295,0.001570796327,2.4674011e-06,0.001570796327,2.4674011e-06
3296,0.001570796327,2.4674011e-06,0.001570796327,2.4674011e-06
3297,0.001570796327,2.4674011e-06,0.001570796327,2.4674011e-06
3298,0.001570796327,2.4674011e-06,0.001570796327,2.4674011e-06
3299,0,0,0,0
3300,0,0,0,0
3301,0.001570796327,2.4674011e-06,0.001570796327,2.4674011e-06
3302,0.001570796327,2.4674011e-06,0.001570796327,2.4674011e-06
3303,0.001570796327,2.4674011e-06,0.001570796327,2.4674011e-06
3304,0.001570796327,2.4674011e-06,0.001570796327,2.4674011e-06
3305,0.001570796327,2.4674011e-06,0.001570796327,2.4674011e-06
3306,0,0,0,0
3307,0,0,0,0
3308,0.001570796327,2.4674011e-06,0.001570796327,2.4674011e-06
3309,0,0,0,0
3310,0.003141592654,4.934802201e-06,0.003141592654,4.934802201e-06
3311,0,0,0,0
3312,0.001570796327,2.4674011e-06,0.001570796327,2.4674011e-06
3313,0.001570796327,2.4674011e-06,0.001570796327,2.4674011e-06
3314,0,0,0,0
3315,0,0,0,0
3316,0,0,0,0
3317,0.001570796327,2.4674011e-06,0.001570796327,2.4674011e-06
3318,0.001570796327,2.4674011e-06,0.001570796327,2.4674011e-06
3319,0,0,0,0
3320,0.003141592654,4.934802201e-06,0.003141592654,4.934802201e-06
3321,0,0,0,0
3322,0.003141592654,4.934802201e-06,0.003141592654,4.934802201e-06
3323,0,0,0,0
3324,0.001570796327,2.4674011e-06,0.001570796327,2.4674011e-06
3325,0.001570796327,2.4674011e-06,0.001570796327,2.4674011e-06
3326,0,0,0,0
3327,0,0,0,0
3328,0,0,0,0
3329,0,0,0,0
3330,0.001570796327,2.4674011e-06,0.001570796327,2.4674011e-06
3331,0,0,0,0
3332,0.001570796327,2.4674011e-06,0.001570796327,2.4674011e-06
3333,0.001570796327,2.4674011e-06,0.001570796327,2.4674011e-06
3334,0,0,0,0
3335,0.001570796327,2.4674011e-06,0.001570796327,2.4674011e-06
3336,0,0,0,0
3337,0,0,0,0
3338,0.001570796327,2.4674011e-06,0.001570796327,2.4674011e-06
3339,0.00471238898,7.402203301e-06,0.00471238898,7.402203301e-06
3340,0.001570796327,2.4674011e-06,0.001570796327,2.4674011e-06
3341,0.001570796327,2.4674011e-06,0.001570796327,2.4674011e-06
3342,0,0,0,0
3343,0,0,0,0
3344,0,0,0,0
3345,0,0,0,0
3346,0.00471238898,7.402203301e-06,0.00471238898,7.402203301e-06
3347,0,0,0,0
3348,0,0,0,0
3349,0,0,0,0
3350,0.003141592654,4.934802201e-06,0.003141592654,4.934802201e-06
3351,0.001570796327,2.4674011e-06,0.001570796327,2.4674011e-06
3352,0.003141592654,4.934802201e-06,0.003141592654,4.934802201e-06
3353,0.003141592654,4.934802201e-06,0.003141592654,4.934802201e-06
3354,0.001570796327,2.4674011e-06,0.001570796327,2.4674011e-06
3355,0,0,0,0
3356,0,0,0,0
3357,0,0,0,0
3358,0.001570796327,2.4674011e-06,0.001570796327,2.4674011e-06
3359,0,0,0,0
3360,0,0,0,0
3361,0.001570796327,2.4674011e-06,0.001570796327,2.4674011e-06
3362,0.001570796327,2.4674011e-06,0.001570796327,2.4674011e-06
3363,0,0,0,0
3364,0,0,0,0
3365,0.001570796327,2.4674011e-06,0.001570796327,2.4674011e-06
3366,0,0,0,0
3367,0.001570796327,2.4674011e-06,0.001570796327,2.4674011e-06
3368,0.001570796327,2.4674011e-06,0.001570796327,2.4674011e-06
3369,0.001570796327,2.4674011e-06,0.001570796327,2.4674011e-06
3370,0.003141592654,4.934802201e-06,0.003141592654,4.934802201e-06
3371,0,0,0,0
3372,0,0,0,0
3373,0,0,0,0
3374,0,0,0,0
3375,0,0,0,0
3376,0.003141592654,4.934802201e-06,0.003141592654,4.934802201e-06
3377,0,0,0,0
3378,0.001570796327,2.4674011e-06,0.001570796327,2.4674011e-06
3379,0,0,0,0
3380,0,0,0,0
3381,0,0,0,0
3382,0.001570796327,2.4674011e-06,0.001570796327,2.4674011e-06
3383,0.003141592654,4.934802201e-06,0.003141592654,4.934802201e-06
3384,0,0,0,0
3385,0,0,0,0
3386,0.001570796327,2.4674011e-06,0.001570796327,2.4674011e-06
3387,0.001570796327,2.4674011e-06,0.001570796327,2.4674011e-06
3388,0.001570796327,2.4674011e-06,0.001570796327,2.4674011e-06
3389,0,0,0,0
3390,0,0,0,0
3391,0,0,0,0
3392,0.00471238898,7.402203301e-06,0.00471238898,7.402203301e-06
3393,0.001570796327,2.4674011e-06,0.001570796327,2.4674011e-06
3394,0,0,0,0
3395,0.00471238898,7.402203301e-06,0.00471238898,7.402203301e-06
3396,0,0,0,0
3397,0,0,0,0
3398,0,0,0,0
3399,0.001570796327,2.4674011e-06,0.001570796327,2.4674011e-06
3400,0,0,0,0
3401,0.001570796327,2.4674011e-06,0.001570796327,2.4674011e-06
3402,0.001570796327,2.4674011e-06,0.001570796327,2.4674011e-06
3403,0,0,0,0
3404,0.003141592654,4.934802201e-06,0.003141592654,4.934802201e-06
3405,0.001570796327,2.4674011e-06,0.001570796327,2.4674011e-06
3406,0.001570796327,2.4674011e-06,0.001570796327,2.4674011e-06
3407,0.001570796327,2.4674011e-06,0.001570796327,2.4674011e-06
3408,0.001570796327,2.4674011e-06,0.001570796327,2.4674011e-06
3409,0.001570796327,2.4674011e-06,0.001570796327,2.4674011e-06
3410,0,0,0,0
3411,0,0,0,0
3412,0,0,0,0
3413,0,0,0,0
3414,0,0,0,0
3415,0.00471238898,7.402203301e-06,0.00471238898,7.402203301e-06
3416,0.001570796327,2.4674011e-06,0.001570796327,2.4674011e-06
3417,0,0,0,0
3418,0,0,0,0
3419,0,0,0,0
3420,0,0,0,0
3421,0.003141592654,4.934802201e-06,0.003141592654,4.934802201e-06
3422,0.001570796327,2.4674011e-06,0.001570796327,2.4674011e-06
3423,0,0,0,0
3424,0.001570796327,2.4674011e-06,0.001570796327,2.4674011e-06
3425,0,0,0,0
3426,0,0,0,0
3427,0.001570796327,2.4674011e-06,0.001570796327,2.4674011e-06
3428,0.001570796327,2.4674011e-06,0.001570796327,2.4674011e-06
3429,0.001570796327,2.4674011e-06,0.001570796327,2.4674011e-06
3430,0,0,0,0
3431,0,0,0,0
3432,0,0,0,0
3433,0,0,0,0
3434,0.003141592654,4.934802201e-06,0.003141592654,4.934802201e-06
3435,0.001570796327,2.4674011e-06,0.001570796327,2.4674011e-06
3436,0,0,0,0
3437,0,0,0,0
3438,0,0,0,0
3439,0.003141592654,4.934802201e-06,0.003141592654,4.934802201e-06
3440,0.003141592654,4.934802201e-06,0.003141592654,4.934802201e-06
3441,0.001570796327,2.4674011e-06,0.001570796327,2.4674011e-06
3442,0,0,0,0
3443,0,0,0,0
3444,0,0,0,0
3445,0,0,0,0
3446,0.001570796327,2.4674011e-06,0.001570796327,2.4674011e-06
3447,0.001570796327,2.4674011e-06,0.001570796327,2.4674011e-06
3448,0,0,0,0
3449,0,0,0,0
3450,0.003141592654,4.934802201e-06,0.003141592654,4.934802201e-06
3451,0.001570796327,2.4674011e-06,0.001570796327,2.4674011e-06
3452,0.001570796327,2.4674011e-06,0.001570796327,2.4674011e-06
3453,0.001570796327,2.4674011e-06,0.001570796327,2.4674011e-06
3454,0,0,0,0
3455,0.003141592654,4.934802201e-06,0.003141592654,4.934802201e-06
3456,0,0,0,0
3457,0,0,0,0
3458,0.001570796327,2.4674011e-06,0.001570796327,2.4674011e-06
3459,0,0,0,0
3460,0,0,0,0
3461,0.001570796327,2.4674011e-06,0.001570796327,2.4674011e-06
3462,0.001570796327,2.4674011e-06,0.001570796327,2.4674011e-06
3463,0,0,0,0
3464,0.001570796327,2.4674011e-06,0.001570796327,2.4674011e-06
3465,0,0,0,0
3466,0.001570796327,2.4674011e-06,0.001570796327,2.4674011e-06
3467,0.001570796327,2.4674011e-06,0.001570796327,2.4674011e-06
3468,0,0,0,0
3469,0.001570796327,2.4674011e-06,0.001570796327,2.4674011e-06
3470,0,0,0,0
3471,0,0,0,0
3472,0.001570796327,2.4674011e-06,0.001570796327,2.4674011e-06
3473,0.001570796327,2.4674011e-06,0.001570796327,2.4674011e-06
3474,0.001570796327,2.4674011e-06,0.001570796327,2.4674011e-06
3475,0.001570796327,2.4674011e-06,0.001570796327,2.4674011e-06
3476,0,0,0,0
3477,0,0,0,0
3478,0,0,0,0
3479,0,0,0,0
3480,0.001570796327,2.4674011e-06,0.001570796327,2.4674011e-06
3481,0.001570796327,2.4674011e-06,0.001570796327,2.4674011e-06
3482,0,0,0,0
3483,0.001570796327,2.4674011e-06,0.001570796327,2.4674011e-06
3484,0.001570796327,2.4674011e-06,0.001570796327,2.4674011e-06
3485,0.001570796327,2.4674011e-06,0.001570796327,2.4674011e-06
3486,0,0,0,0
3487,0.003141592654,4.934802201e-06,0.003141592654,4.934802201e-06
3488,0,0,0,0
3489,0,0,0,0
3490,0.001570796327,2.4674011e-06,0.001570796327,2.4674011e-06
3491,0,0,0,0
3492,0,0,0,0
3493,0,0,0,0
3494,0,0,0,0
3495,0.001570796327,2.4674011e-06,0.001570796327,2.4674011e-06
3496,0.003141592654,4.934802201e-06,0.003141592654,4.934802201e-06
3497,0.001570796327,2.4674011e-06,0.001570796327,2.4674011e-06
3498,0,0,0,0
3499,0.003141592654,4.934802201e-06,0.003141592654,4.934802201e-06
3500,0,0,0,0
3501,0,0,0,0
3502,0,0,0,0
3503,0,0,0,0
3504,0.001570796327,2.4674011e-06,0.001570796327,2.4674011e-06
3505,0.003141592654,4.934802201e-06,0.003141592654,4.934802201e-06
3506,0,0,0,0
3507,0,0,0,0
3508,0,0,0,0
3509,0.003141592654,4.934802201e-06,0.003141592654,4.934802201e-06
3510,0.001570796327,2.4674011e-06,0.001570796327,2.4674011e-06
3511,0,0,0,0
3512,0,0,0,0
3513,0,0,0,0
3514,0.001570796327,2.4674011e-06,0.001570796327,2.4674011e-06
3515,0.00471238898,7.402203301e-06,0.00471238898,7.402203301e-06
3516,0,0,0,0
3517,0.001570796327,2.4674011e-06,0.001570796327,2.4674011e-06
3518,0.003141592654,4.934802201e-06,0.003141592654,4.934802201e-06
3519,0,0,0,0
3520,0,0,0,0
3521,0.003141592654,4.934802201e-06,0.003141592654,4.934802201e-06
3522,0.001570796327,2.4674011e-06,0.001570796327,2.4674011e-06
3523,0.001570796327,2.4674011e-06,0.001570796327,2.4674011e-06
3524,0.001570796327,2.4674011e-06,0.001570796327,2.4674011e-06
3525,0.001570796327,2.4674011e-06,0.001570796327,2.4674011e-06
3526,0,0,0,0
3527,0.001570796327,2.4674011e-06,0.001570796327,2.4674011e-06
3528,0.001570796327,2.4674011e-06,0.001570796327,2.4674011e-06
3529,0,0,0,0
3530,0.001570796327,2.4674011e-06,0.001570796327,2.4674011e-06
3531,0,0,0,0
3532,0.001570796327,2.4674011e-06,0.001570796327,2.4674011e-06
3533,0.001570796327,2.4674011e-06,0.001570796327,2.4674011e-06
3534,0.001570796327,2.4674011e-06,0.001570796327,2.4674011e-06
3535,0,0,0,0
3536,0.001570796327,2.4674011e-06,0.001570796327,2.4674011e-06
3537,0.001570796327,2.4674011e-06,0.001570796327,2.4674011e-06
3538,0.003141592654,4.934802201e-06,0.003141592654,4.934802201e-06
3539,0.001570796327,2.4674011e-06,0.001570796327,2.4674011e-06
3540,0,0,0,0
3541,0.003141592654,4.934802201e-06,0.003141592654,4.934802201e-06
3542,0,0,0,0
3543,0.003141592654,4.934802201e-06,0.003141592654,4.934802201e-06
3544,0.001570796327,2.4674011e-06,0.001570796327,2.4674011e-06
3545,0.003141592654,4.934802201e-06,0.003141592654,4.934802201e-06
3546,0,0,0,0
3547,0.003141592654,4.934802201e-06,0.003141592654,4.934802201e-06
3548,0,0,0,0
3549,0,0,0,0
3550,0.003141592654,4.934802201e-06,0.003141592654,4.934802201e-06
3551,0,0,0,0
3552,0,0,0,0
3553,0,0,0,0
3554,0,0,0,0
3555,0.001570796327,2.4674011e-06,0.001570796327,2.4674011e-06
3556,0.001570796327,2.4674011e-06,0.001570796327,2.4674011e-06
3557,0,0,0,0
3558,0,0,0,0
3559,0,0,0,0
3560,0.003141592654,4.934802201e-06,0.003141592654,4.934802201e-06
3561,0,0,0,0
3562,0.003141592654,4.934802201e-06,0.003141592654,4.934802201e-06
3563,0,0,0,0
3564,0,0,0,0
3565,0,0,0,0
3566,0.001570796327,2.4674011e-06,0.001570796327,2.4674011e-06
3567,0,0,0,0
3568,0.001570796327,2.4674011e-06,0.001570796327,2.4674011e-06
3569,0,0,0,0
3570,0,0,0,0
3571,0,0,0,0
3572,0,0,0,0
3573,0,0,0,0
3574,0.001570796327,2.4674011e-06,0.001570796327,2.4674011e-06
3575,0,0,0,0
3576,0,0,0,0
3577,0,0,0,0
3578,0,0,0,0
3579,0,0,0,0
3580,0.001570796327,2.4674011e-06,0.001570796327,2.4674011e-06
3581,0,0,0,0
3582,0,0,0,0
3583,0.003141592654,4.934802201e-06,0.003141592654,4.934802201e-06
3584,0,0,0,0
3585,0,0,0,0
3586,0.001570796327,2.4674011e-06,0.001570796327,2.4674011e-06
3587,0.001570796327,2.4674011e-06,0.001570796327,2.4674011e-06
3588,0.001570796327,2.4674011e-06,0.001570796327,2.4674011e-06
3589,0.001570796327,2.4674011e-06,0.001570796327,2.4674011e-06
3590,0.003141592654,4.934802201e-06,0.003141592654,4.934802201e-06
3591,0,0,0,0
3592,0.001570796327,2.4674011e-06,0.001570796327,2.4674011e-06
3593,0.003141592654,4.934802201e-06,0.003141592654,4.934802201e-06
3594,0,0,0,0
3595,0.001570796327,2.4674011e-06,0.001570796327,2.4674011e-06
3596,0,0,0,0
3597,0.001570796327,2.4674011e-06,0.001570796327,2.4674011e-06
3598,0.001570796327,2.4674011e-06,0.001570796327,2.4674011e-06
3599,0,0,0,0
3600,0.003141592654,4.934802201e-06,0.003141592654,4.934802201e-06
3601,0.001570796327,2.4674011e-06,0.001570796327,2.4674011e-06
3602,0.006283185307,9.869604401e-06,0.006283185307,9.869604401e-06
3603,0,0,0,0
3604,0.001570796327,2.4674011e-06,0.001570796327,2.4674011e-06
3605,0.001570796327,2.4674011e-06,0.001570796327,2.4674011e-06
3606,0,0,0,0
3607,0.003141592654,4.934802201e-06,0.003141592654,4.934802201e-06
3608,0,0,0,0
3609,0,0,0,0
3610,0.00471238898,7.402203301e-06,0.00471238898,7.402203301e-06
3611,0,0,0,0
3612,0,0,0,0
3613,0,0,0,0
3614,0.001570796327,2.4674011e-06,0.001570796327,2.4674011e-06
3615,0.001570796327,2.4674011e-06,0.001570796327,2.4674011e-06
3616,0,0,0,0
3617,0.001570796327,2.4674011e-06,0.001570796327,2.4674011e-06
3618,0.001570796327,2.4674011e-06,0.001570796327,2.4674011e-06
3619,0.003141592654,4.934802201e-06,0.003141592654,4.934802201e-06
3620,0.001570796327,2.4674011e-06,0.001570796327,2.4674011e-06
3621,0,0,0,0
3622,0.001570796327,2.4674011e-06,0.001570796327,2.4674011e-06
3623,0,0,0,0
3624,0.001570796327,2.4674011e-06,0.001570796327,2.4674011e-06
3625,0.003141592654,4.934802201e-06,0.003141592654,4.934802201e-06
3626,0.001570796327,2.4674011e-06,0.001570796327,2.4674011e-06
3627,0.001570796327,2.4674011e-06,0.001570796327,2.4674011e-06
3628,0.001570796327,2.4674011e-06,0.001570796327,2.4674011e-06
3629,0,0,0,0
3630,0,0,0,0
3631,0,0,0,0
3632,0,0,0,0
3633,0,0,0,0
3634,0,0,0,0
3635,0.001570796327,2.4674011e-06,0.001570796327,2.4674011e-06
3636,0,0,0,0
3637,0.003141592654,4.934802201e-06,0.003141592654,4.934802201e-06
3638,0,0,0,0
3639,0,0,0,0
3640,0.003141592654,4.934802201e-06,0.003141592654,4.934802201e-06
3641,0,0,0,0
3642,0,0,0,0
3643,0.001570796327,2.4674011e-06,0.001570796327,2.4674011e-06
3644,0.001570796327,2.4674011e-06,0.001570796327,2.4674011e-06
3645,0,0,0,0
3646,0,0,0,0
3647,0.003141592654,4.934802201e-06,0.003141592654,4.934802201e-06
3648,0,0,0,0
3649,0,0,0,0
3650,0,0,0,0
3651,0.003141592654,4.934802201e-06,0.003141592654,4.934802201e-06
3652,0.003141592654,4.934802201e-06,0.003141592654,4.934802201e-06
3653,0,0,0,0
3654,0,0,0,0
3655,0.001570796327,2.4674011e-06,0.001570796327,2.4674011e-06
3656,0,0,0,0
3657,0.003141592654,4.934802201e-06,0.003141592654,4.934802201e-06
3658,0.001570796327,2.4674011e-06,0.001570796327,2.4674011e-06
3659,0,0,0,0
3660,0,0,0,0
3661,0.001570796327,2.4674011e-06,0.001570796327,2.4674011e-06
3662,0,0,0,0
3663,0.001570796327,2.4674011e-06,0.001570796327,2.4674011e-06
3664,0,0,0,0
3665,0,0,0,0
3666,0,0,0,0
3667,0,0,0,0
3668,0.001570796327,2.4674011e-06,0.001570796327,2.4674011e-06
3669,0,0,0,0
3670,0,0,0,0
3671,0.001570796327,2.4674011e-06,0.001570796327,2.4674011e-06
3672,0,0,0,0
3673,0,0,0,0
3674,0.001570796327,2.4674011e-06,0.001570796327,2.4674011e-06
3675,0,0,0,0
3676,0.001570796327,2.4674011e-06,0.001570796327,2.4674011e-06
3677,0.001570796327,2.4674011e-06,0.001570796327,2.4674011e-06
3678,0.003141592654,4.934802201e-06,0.003141592654,4.934802201e-06
3679,0.003141592654,4.934802201e-06,0.003141592654,4.934802201e-06
3680,0,0,0,0
3681,0,0,0,0
3682,0,0,0,0
3683,0,0,0,0
3684,0.001570796327,2.4674011e-06,0.001570796327,2.4674011e-06
3685,0.001570796327,2.4674011e-06,0.001570796327,2.4674011e-06
3686,0.001570796327,2.4674011e-06,0.001570796327,2.4674011e-06
3687,0,0,0,0
3688,0,0,0,0
3689,0.001570796327,2.4674011e-06,0.001570796327,2.4674011e-06
3690,0.001570796327,2.4674011e-06,0.001570796327,2.4674011e-06
3691,0,0,0,0
3692,0,0,0,0
3693,0,0,0,0
3694,0.001570796327,2.4674011e-06,0.001570796327,2.4674011e-06
3695,0,0,0,0
3696,0.003141592654,4.934802201e-06,0.003141592654,4.934802201e-06
3697,0.001570796327,2.4674011e-06,0.001570796327,2.4674011e-06
3698,0.001570796327,2.4674011e-06,0.001570796327,2.4674011e-06
3699,0,0,0,0
3700,0,0,0,0
3701,0,0,0,0
3702,0,0,0,0
3703,0.00471238898,7.402203301e-06,0.00471238898,7.402203301e-06
3704,0,0,0,0
3705,0.001570796327,2.4674011e-06,0.001570796327,2.4674011e-06
3706,0.001570796327,2.4674011e-06,0.001570796327,2.4674011e-06
3707,0.001570796327,2.4674011e-06,0.001570796327,2.4674011e-06
3708,0.003141592654,4.934802201e-06,0.003141592654,4.934802201e-06
3709,0,0,0,0
3710,0,0,0,0
3711,0,0,0,0
3712,0.001570796327,2.4674011e-06,0.001570796327,2.4674011e-06
3713,0,0,0,0
3714,0,0,0,0
3715,0,0,0,0
3716,0.001570796327,2.4674011e-06,0.001570796327,2.4674011e-06
3717,0,0,0,0
3718,0,0,0,0
3719,0.00471238898,7.402203301e-06,0.00471238898,7.402203301e-06
3720,0,0,0,0
3721,0.003141592654,4.934802201e-06,0.003141592654,4.934802201e-06
3722,0.001570796327,2.4674011e-06,0.001570796327,2.4674011e-06
3723,0.003141592654,4.934802201e-06,0.003141592654,4.934802201e-06
3724,0.003141592654,4.934802201e-06,0.003141592654,4.934802201e-06
3725,0.001570796327,2.4674011e-06,0.001570796327,2.4674011e-06
3726,0.003141592654,4.934802201e-06,0.003141592654,4.934802201e-06
3727,0,0,0,0
3728,0,0,0,0
3729,0.003141592654,4.934802201e-06,0.003141592654,4.934802201e-06
3730,0.003141592654,4.934802201e-06,0.003141592654,4.934802201e-06
3731,0,0,0,0
3732,0,0,0,0
3733,0,0,0,0
3734,0,0,0,0
3735,0,0,0,0
3736,0.001570796327,2.4674011e-06,0.001570796327,2.4674011e-06
3737,0,0,0,0
3738,0,0,0,0
3739,0.001570796327,2.4674011e-06,0.001570796327,2.4674011e-06
3740,0.001570796327,2.4674011e-06,0.001570796327,2.4674011e-06
3741,0,0,0,0
3742,0,0,0,0
3743,0.003141592654,4.934802201e-06,0.003141592654,4.934802201e-06
3744,0,0,0,0
3745,0.001570796327,2.4674011e-06,0.001570796327,2.4674011e-06
3746,0.001570796327,2.4674011e-06,0.001570796327,2.4674011e-06
3747,0.001570796327,2.4674011e-06,0.001570796327,2.4674011e-06
3748,0.001570796327,2.4674011e-06,0.001570796327,2.4674011e-06
3749,0,0,0,0
3750,0,0,0,0
3751,0.00471238898,7.402203301e-06,0.00471238898,7.402203301e-06
3752,0.003141592654,4.934802201e-06,0.003141592654,4.934802201e-06
3753,0,0,0,0
3754,0.006283185307,9.869604401e-06,0.006283185307,9.869604401e-06
3755,0,0,0,0
3756,0.001570796327,2.4674011e-06,0.001570796327,2.4674011e-06
3757,0.001570796327,2.4674011e-06,0.001570796327,2.4674011e-06
3758,0,0,0,0
3759,0.003141592654,4.934802201e-06,0.003141592654,4.934802201e-06
3760,0,0,0,0
3761,0,0,0,0
3762,0,0,0,0
3763,0,0,0,0
3764,0.001570796327,2.4674011e-06,0.001570796327,2.4674011e-06
3765,0,0,0,0
3766,0.001570796327,2.4674011e-06,0.001570796327,2.4674011e-06
3767,0,0,0,0
3768,0.001570796327,2.4674011e-06,0.001570796327,2.4674011e-06
3769,0.001570796327,2.4674011e-06,0.001570796327,2.4674011e-06
3770,0.001570796327,2.4674011e-06,0.001570796327,2.4674011e-06
3771,0,0,0,0
3772,0,0,0,0
3773,0,0,0,0
3774,0,0,0,0
3775,0,0,0,0
3776,0.001570796327,2.4674011e-06,0.001570796327,2.4674011e-06
3777,0.001570796327,2.4674011e-06,0.001570796327,2.4674011e-06
3778,0,0,0,0
3779,0.001570796327,2.4674011e-06,0.001570796327,2.4674011e-06
3780,0.001570796327,2.4674011e-06,0.001570796327,2.4674011e-06
3781,0,0,0,0
3782,0.001570796327,2.4674011e-06,0.001570796327,2.4674011e-06
3783,0.001570796327,2.4674011e-06,0.001570796327,2.4674011e-06
3784,0.003141592654,4.934802201e-06,0.003141592654,4.934802201e-06
3785,0.001570796327,2.4674011e-06,0.001570796327,2.4674011e-06
3786,0,0,0,0
3787,0,0,0,0
3788,0,0,0,0
3789,0,0,0,0
3790,0.001570796327,2.4674011e-06,0.001570796327,2.4674011e-06
3791,0.003141592654,4.934802201e-06,0.003141592654,4.934802201e-06
3792,0,0,0,0
3793,0,0,0,0
3794,0.001570796327,2.4674011e-06,0.001570796327,2.4674011e-06
3795,0,0,0,0
3796,0.001570796327,2.4674011e-06,0.001570796327,2.4674011e-06
3797,0,0,0,0
3798,0.001570796327,2.4674011e-06,0.001570796327,2.4674011e-06
3799,0.001570796327,2.4674011e-06,0.001570796327,2.4674011e-06
3800,0.001570796327,2.4674011e-06,0.001570796327,2.4674011e-06
3801,0.001570796327,2.4674011e-06,0.001570796327,2.4674011e-06
3802,0.00471238898,7.402203301e-06,0.00471238898,7.402203301e-06
3803,0.001570796327,2.4674011e-06,0.001570796327,2.4674011e-06
3804,0,0,0,0
3805,0,0,0,0
3806,0.003141592654,4.934802201e-06,0.003141592654,4.934802201e-06
3807,0.001570796327,2.4674011e-06,0.001570796327,2.4674011e-06
3808,0.00471238898,7.402203301e-06,0.00471238898,7.402203301e-06
3809,0,0,0,0
3810,0,0,0,0
3811,0.001570796327,2.4674011e-06,0.001570796327,2.4674011e-06
3812,0.003141592654,4.934802201e-06,0.003141592654,4.934802201e-06
3813,0.003141592654,4.934802201e-06,0.003141592654,4.934802201e-06
3814,0,0,0,0
3815,0.001570796327,2.4674011e-06,0.001570796327,2.4674011e-06
3816,0,0,0,0
3817,0,0,0,0
3818,0.001570796327,2.4674011e-06,0.001570796327,2.4674011e-06
3819,0,0,0,0
3820,0,0,0,0
3821,0.001570796327,2.4674011e-06,0.001570796327,2.4674011e-06
3822,0,0,0,0
3823,0,0,0,0
3824,0.001570796327,2.4674011e-06,0.001570796327,2.4674011e-06
3825,0,0,0,0
3826,0.001570796327,2.4674011e-06,0.001570796327,2.4674011e-06
3827,0,0,0,0
3828,0,0,0,0
3829,0,0,0,0
3830,0.003141592654,4.934802201e-06,0.003141592654,4.934802201e-06
3831,0,0,0,0
3832,0.001570796327,2.4674011e-06,0.001570796327,2.4674011e-06
3833,0,0,0,0
3834,0,0,0,0
3835,0.003141592654,4.934802201e-06,0.003141592654,4.934802201e-06
3836,0,0,0,0
3837,0,0,0,0
3838,0,0,0,0
3839,0,0,0,0
3840,0,0,0,0
3841,0.00471238898,7.402203301e-06,0.00471238898,7.402203301e-06
3842,0.001570796327,2.4674011e-06,0.001570796327,2.4674011e-06
3843,0.001570796327,2.4674011e-06,0.001570796327,2.4674011e-06
3844,0,0,0,0
3845,0,0,0,0
3846,0.001570796327,2.4674011e-06,0.001570796327,2.4674011e-06
3847,0,0,0,0
3848,0,0,0,0
3849,0.001570796327,2.4674011e-06,0.001570796327,2.4674011e-06
3850,0,0,0,0
3851,0,0,0,0
3852,0,0,0,0
3853,0,0,0,0
3854,0,0,0,0
3855,0.001570796327,2.4674011e-06,0.001570796327,2.4674011e-06
3856,0.003141592654,4.934802201e-06,0.003141592654,4.934802201e-06
3857,0.001570796327,2.4674011e-06,0.001570796327,2.4674011e-06
3858,0.001570796327,2.4674011e-06,0.001570796327,2.4674011e-06
3859,0,0,0,0
3860,0.001570796327,2.4674011e-06,0.001570796327,2.4674011e-06
3861,0.001570796327,2.4674011e-06,0.001570796327,2.4674011e-06
3862,0,0,0,0
3863,0.003141592654,4.934802201e-06,0.003141592654,4.934802201e-06
3864,0.001570796327,2.4674011e-06,0.001570796327,2.4674011e-06
3865,0,0,0,0
3866,0,0,0,0
3867,0.001570796327,2.4674011e-06,0.001570796327,2.4674011e-06
3868,0.001570796327,2.4674011e-06,0.001570796327,2.4674011e-06
3869,0.003141592654,4.934802201e-06,0.003141592654,4.934802201e-06
3870,0,0,0,0
3871,0,0,0,0
3872,0,0,0,0
3873,0,0,0,0
3874,0,0,0,0
3875,0,0,0,0
3876,0,0,0,0
3877,0,0,0,0
3878,0,0,0,0
3879,0.001570796327,2.4674011e-06,0.001570796327,2.4674011e-06
3880,0.001570796327,2.4674011e-06,0.001570796327,2.4674011e-06
3881,0,0,0,0
3882,0.001570796327,2.4674011e-06,0.001570796327,2.4674011e-06
3883,0,0,0,0
3884,0,0,0,0
3885,0,0,0,0
3886,0.001570796327,2.4674011e-06,0.001570796327,2.4674011e-06
3887,0.001570796327,2.4674011e-06,0.001570796327,2.4674011e-06
3888,0.001570796327,2.4674011e-06,0.001570796327,2.4674011e-06
3889,0.001570796327,2.4674011e-06,0.001570796327,2.4674011e-06
3890,0,0,0,0
3891,0,0,0,0
3892,0.001570796327,2.4674011e-06,0.001570796327,2.4674011e-06
3893,0,0,0,0
3894,0.001570796327,2.4674011e-06,0.001570796327,2.4674011e-06
3895,0,0,0,0
3896,0,0,0,0
3897,0.001570796327,2.4674011e-06,0.001570796327,2.4674011e-06
3898,0.003141592654,4.934802201e-06,0.003141592654,4.934802201e-06
3899,0,0,0,0
3900,0,0,0,0
3901,0.003141592654,4.934802201e-06,0.003141592654,4.934802201e-06
3902,0.001570796327,2.4674011e-06,0.001570796327,2.4674011e-06
3903,0,0,0,0
3904,0,0,0,0
3905,0.001570796327,2.4674011e-06,0.001570796327,2.4674011e-06
3906,0,0,0,0
3907,0,0,0,0
3908,0.001570796327,2.4674011e-06,0.001570796327,2.4674011e-06
3909,0.00471238898,7.402203301e-06,0.00471238898,7.402203301e-06
3910,0,0,0,0
3911,0.001570796327,2.4674011e-06,0.001570796327,2.4674011e-06
3912,0,0,0,0
3913,0.001570796327,2.4674011e-06,0.001570796327,2.4674011e-06
3914,0,0,0,0
3915,0.001570796327,2.4674011e-06,0.001570796327,2.4674011e-06
3916,0.001570796327,2.4674011e-06,0.001570796327,2.4674011e-06
3917,0.001570796327,2.4674011e-06,0.001570796327,2.4674011e-06
3918,0,0,0,0
3919,0.001570796327,2.4674011e-06,0.001570796327,2.4674011e-06
3920,0.001570796327,2.4674011e-06,0.001570796327,2.4674011e-06
3921,0,0,0,0
3922,0.001570796327,2.4674011e-06,0.001570796327,2.4674011e-06
3923,0.001570796327,2.4674011e-06,0.001570796327,2.4674011e-06
3924,0.001570796327,2.4674011e-06,0.001570796327,2.4674011e-06
3925,0.003141592654,4.934802201e-06,0.003141592654,4.934802201e-06
3926,0.001570796327,2.4674011e-06,0.001570796327,2.4674011e-06
3927,0,0,0,0
3928,0,0,0,0
3929,0,0,0,0
3930,0,0,0,0
3931,0,0,0,0
3932,0,0,0,0
3933,0,0,0,0
3934,0.00471238898,7.402203301e-06,0.00471238898,7.402203301e-06
3935,0.003141592654,4.934802201e-06,0.003141592654,4.934802201e-06
3936,0,0,0,0
3937,0,0,0,0
3938,0.003141592654,4.934802201e-06,0.003141592654,4.934802201e-06
3939,0,0,0,0
3940,0,0,0,0
3941,0,0,0,0
3942,0.001570796327,2.4674011e-06,0.001570796327,2.4674011e-06
3943,0.001570796327,2.4674011e-06,0.001570796327,2.4674011e-06
3944,0.001570796327,2.4674011e-06,0.001570796327,2.4674011e-06
3945,0,0,0,0
3946,0,0,0,0
3947,0,0,0,0
3948,0,0,0,0
3949,0,0,0,0
3950,0.003141592654,4.934802201e-06,0.003141592654,4.934802201e-06
3951,0.001570796327,2.4674011e-06,0.001570796327,2.4674011e-06
3952,0,0,0,0
3953,0.001570796327,2.4674011e-06,0.001570796327,2.4674011e-06
3954,0.001570796327,2.4674011e-06,0.001570796327,2.4674011e-06
3955,0,0,0,0
3956,0,0,0,0
3957,0.001570796327,2.4674011e-06,0.001570796327,2.4674011e-06
3958,0,0,0,0
3959,0.001570796327,2.4674011e-06,0.001570796327,2.4674011e-06
3960,0.001570796327,2.4674011e-06,0.001570796327,2.4674011e-06
3961,0.001570796327,2.4674011e-06,0.001570796327,2.4674011e-06
3962,0.001570796327,2.4674011e-06,0.001570796327,2.4674011e-06
3963,0,0,0,0
3964,0.001570796327,2.4674011e-06,0.001570796327,2.4674011e-06
3965,0.00471238898,7.402203301e-06,0.00471238898,7.402203301e-06
3966,0.001570796327,2.4674011e-06,0.001570796327,2.4674011e-06
3967,0,0,0,0
3968,0,0,0,0
3969,0.001570796327,2.4674011e-06,0.001570796327,2.4674011e-06
3970,0.001570796327,2.4674011e-06,0.001570796327,2.4674011e-06
3971,0.001570796327,2.4674011e-06,0.001570796327,2.4674011e-06
3972,0,0,0,0
3973,0,0,0,0
3974,0.003141592654,4.934802201e-06,0.003141592654,4.934802201e-06
3975,0,0,0,0
3976,0.001570796327,2.4674011e-06,0.001570796327,2.4674011e-06
3977,0.001570796327,2.4674011e-06,0.001570796327,2.4674011e-06
3978,0,0,0,0
3979,0.001570796327,2.4674011e-06,0.001570796327,2.4674011e-06
3980,0,0,0,0
3981,0.001570796327,2.4674011e-06,0.001570796327,2.4674011e-06
3982,0,0,0,0
3983,0,0,0,0
3984,0,0,0,0
3985,0.001570796327,2.4674011e-06,0.001570796327,2.4674011e-06
3986,0,0,0,0
3987,0.003141592654,4.934802201e-06,0.003141592654,4.934802201e-06
3988,0.003141592654,4.934802201e-06,0.003141592654,4.934802201e-06
3989,0,0,0,0
3990,0,0,0,0
3991,0.001570796327,2.4674011e-06,0.001570796327,2.4674011e-06
3992,0,0,0,0
3993,0.001570796327,2.4674011e-06,0.001570796327,2.4674011e-06
3994,0,0,0,0
3995,0,0,0,0
3996,0,0,0,0
3997,0.001570796327,2.4674011e-06,0.001570796327,2.4674011e-06
3998,0.001570796327,2.4674011e-06,0.001570796327,2.4674011e-06
3999,0.001570796327,2.4674011e-06,0.001570796327,2.4674011e-06
4000,0,0,0,0
4001,0.001570796327,2.4674011e-06,0.001570796327,2.4674011e-06
4002,0.001570796327,2.4674011e-06,0.001570796327,2.4674011e-06
4003,0.001570796327,2.4674011e-06,0.001570796327,2.4674011e-06
4004,0,0,0,0
4005,0.001570796327,2.4674011e-06,0.001570796327,2.4674011e-06
4006,0.001570796327,2.4674011e-06,0.001570796327,2.4674011e-06
4007,0.001570796327,2.4674011e-06,0.001570796327,2.4674011e-06
4008,0,0,0,0
4009,0.001570796327,2.4674011e-06,0.001570796327,2.4674011e-06
4010,0.003141592654,4.934802201e-06,0.003141592654,4.934802201e-06
4011,0.003141592654,4.934802201e-06,0.003141592654,4.934802201e-06
4012,0.003141592654,4.934802201e-06,0.003141592654,4.934802201e-06
4013,0,0,0,0
4014,0.001570796327,2.4674011e-06,0.001570796327,2.4674011e-06
4015,0.003141592654,4.934802201e-06,0.003141592654,4.934802201e-06
4016,0.001570796327,2.4674011e-06,0.001570796327,2.4674011e-06
4017,0.001570796327,2.4674011e-06,0.001570796327,2.4674011e-06
4018,0,0,0,0
4019,0.001570796327,2.4674011e-06,0.001570796327,2.4674011e-06
4020,0.001570796327,2.4674011e-06,0.001570796327,2.4674011e-06
4021,0.001570796327,2.4674011e-06,0.001570796327,2.4674011e-06
4022,0.001570796327,2.4674011e-06,0.001570796327,2.4674011e-06
4023,0,0,0,0
4024,0.001570796327,2.4674011e-06,0.001570796327,2.4674011e-06
4025,0.001570796327,2.4674011e-06,0.001570796327,2.4674011e-06
4026,0,0,0,0
4027,0.001570796327,2.4674011e-06,0.001570796327,2.4674011e-06
4028,0.001570796327,2.4674011e-06,0.001570796327,2.4674011e-06
4029,0.001570796327,2.4674011e-06,0.001570796327,2.4674011e-06
4030,0,0,0,0
4031,0,0,0,0
4032,0,0,0,0
4033,0,0,0,0
4034,0,0,0,0
4035,0,0,0,0
4036,0.001570796327,2.4674011e-06,0.001570796327,2.4674011e-06
4037,0.001570796327,2.4674011e-06,0.001570796327,2.4674011e-06
4038,0,0,0,0
4039,0.001570796327,2.4674011e-06,0.001570796327,2.4674011e-06
4040,0.001570796327,2.4674011e-06,0.001570796327,2.4674011e-06
4041,0,0,0,0
4042,0.001570796327,2.4674011e-06,0.001570796327,2.4674011e-06
4043,0.001570796327,2.4674011e-06,0.001570796327,2.4674011e-06
4044,0,0,0,0
4045,0,0,0,0
4046,0.001570796327,2.4674011e-06,0.001570796327,2.4674011e-06
4047,0.001570796327,2.4674011e-06,0.001570796327,2.4674011e-06
4048,0.001570796327,2.4674011e-06,0.001570796327,2.4674011e-06
4049,0,0,0,0
4050,0,0,0,0
4051,0.001570796327,2.4674011e-06,0.001570796327,2.4674011e-06
4052,0.001570796327,2.4674011e-06,0.001570796327,2.4674011e-06
4053,0,0,0,0
4054,0,0,0,0
4055,0,0,0,0
4056,0,0,0,0
4057,0.001570796327,2.4674011e-06,0.001570796327,2.4674011e-06
4058,0.001570796327,2.4674011e-06,0.001570796327,2.4674011e-06
4059,0.001570796327,2.4674011e-06,0.001570796327,2.4674011e-06
4060,0,0,0,0
4061,0,0,0,0
4062,0,0,0,0
4063,0.001570796327,2.4674011e-06,0.001570796327,2.4674011e-06
4064,0,0,0,0
4065,0,0,0,0
4066,0,0,0,0
4067,0,0,0,0
4068,0,0,0,0
4069,0.001570796327,2.4674011e-06,0.001570796327,2.4674011e-06
4070,0.001570796327,2.4674011e-06,0.001570796327,2.4674011e-06
4071,0,0,0,0
4072,0.001570796327,2.4674011e-06,0.001570796327,2.4674011e-06
4073,0,0,0,0
4074,0.003141592654,4.934802201e-06,0.003141592654,4.934802201e-06
4075,0,0,0,0
4076,0.001570796327,2.4674011e-06,0.001570796327,2.4674011e-06
4077,0,0,0,0
4078,0,0,0,0
4079,0.001570796327,2.4674011e-06,0.001570796327,2.4674011e-06
4080,0,0,0,0
4081,0,0,0,0
4082,0.006283185307,9.869604401e-06,0.006283185307,9.869604401e-06
4083,0.001570796327,2.4674011e-06,0.001570796327,2.4674011e-06
4084,0.003141592654,4.934802201e-06,0.003141592654,4.934802201e-06
4085,0.001570796327,2.4674011e-06,0.001570796327,2.4674011e-06
4086,0.001570796327,2.4674011e-06,0.001570796327,2.4674011e-06
4087,0,0,0,0
4088,0.001570796327,2.4674011e-06,0.001570796327,2.4674011e-06
4089,0.001570796327,2.4674011e-06,0.001570796327,2.4674011e-06
4090,0.001570796327,2.4674011e-06,0.001570796327,2.4674011e-06
4091,0.001570796327,2.4674011e-06,0.001570796327,2.4674011e-06
4092,0.003141592654,4.934802201e-06,0.003141592654,4.934802201e-06
4093,0,0,0,0
4094,0.003141592654,4.934802201e-06,0.003141592654,4.934802201e-06
4095,0,0,0,0
4096,0.001570796327,2.4674011e-06,0.001570796327,2.4674011e-06
4097,0.001570796327,2.4674011e-06,0.001570796327,2.4674011e-06
4098,0,0,0,0
4099,0.001570796327,2.4674011e-06,0.001570796327,2.4674011e-06
4100,0,0,0,0
4101,0.001570796327,2.4674011e-06,0.001570796327,2.4674011e-06
4102,0,0,0,0
4103,0,0,0,0
4104,0.001570796327,2.4674011e-06,0.001570796327,2.4674011e-06
4105,0.00471238898,7.402203301e-06,0.00471238898,7.402203301e-06
4106,0,0,0,0
4107,0.001570796327,2.4674011e-06,0.001570796327,2.4674011e-06
4108,0,0,0,0
4109,0,0,0,0
4110,0.003141592654,4.934802201e-06,0.003141592654,4.934802201e-06
4111,0.003141592654,4.934802201e-06,0.003141592654,4.934802201e-06
4112,0,0,0,0
4113,0,0,0,0
4114,0,0,0,0
4115,0.003141592654,4.934802201e-06,0.003141592654,4.934802201e-06
4116,0,0,0,0
4117,0.003141592654,4.934802201e-06,0.003141592654,4.934802201e-06
4118,0,0,0,0
4119,0,0,0,0
4120,0,0,0,0
4121,0.001570796327,2.4674011e-06,0.001570796327,2.4674011e-06
4122,0,0,0,0
4123,0.003141592654,4.934802201e-06,0.003141592654,4.934802201e-06
4124,0.001570796327,2.4674011e-06,0.001570796327,2.4674011e-06
4125,0,0,0,0
4126,0.003141592654,4.934802201e-06,0.003141592654,4.934802201e-06
4127,0.001570796327,2.4674011e-06,0.001570796327,2.4674011e-06
4128,0.001570796327,2.4674011e-06,0.001570796327,2.4674011e-06
4129,0.001570796327,2.4674011e-06,0.001570796327,2.4674011e-06
4130,0.001570796327,2.4674011e-06,0.001570796327,2.4674011e-06
4131,0,0,0,0
4132,0.001570796327,2.4674011e-06,0.001570796327,2.4674011e-06
4133,0,0,0,0
4134,0,0,0,0
4135,0.001570796327,2.4674011e-06,0.001570796327,2.4674011e-06
4136,0,0,0,0
4137,0,0,0,0
4138,0.00471238898,7.402203301e-06,0.00471238898,7.402203301e-06
4139,0.001570796327,2.4674011e-06,0.001570796327,2.4674011e-06
4140,0,0,0,0
4141,0,0,0,0
4142,0,0,0,0
4143,0.001570796327,2.4674011e-06,0.001570796327,2.4674011e-06
4144,0,0,0,0
4145,0.001570796327,2.4674011e-06,0.001570796327,2.4674011e-06
4146,0,0,0,0
4147,0,0,0,0
4148,0.003141592654,4.934802201e-06,0.003141592654,4.934802201e-06
4149,0.001570796327,2.4674011e-06,0.001570796327,2.4674011e-06
4150,0,0,0,0
4151,0,0,0,0
4152,0,0,0,0
4153,0,0,0,0
4154,0,0,0,0
4155,0,0,0,0
4156,0.003141592654,4.934802201e-06,0.003141592654,4.934802201e-06
4157,0,0,0,0
4158,0.001570796327,2.4674011e-06,0.001570796327,2.4674011e-06
4159,0.001570796327,2.4674011e-06,0.001570796327,2.4674011e-06
4160,0.00471238898,7.402203301e-06,0.00471238898,7.402203301e-06
4161,0,0,0,0
4162,0,0,0,0
4163,0,0,0,0
4164,0.001570796327,2.4674011e-06,0.001570796327,2.4674011e-06
4165,0.001570796327,2.4674011e-06,0.001570796327,2.4674011e-06
4166,0,0,0,0
4167,0,0,0,0
4168,0.001570796327,2.4674011e-06,0.001570796327,2.4674011e-06
4169,0,0,0,0
4170,0,0,0,0
4171,0.003141592654,4.934802201e-06,0.003141592654,4.934802201e-06
4172,0.001570796327,2.4674011e-06,0.001570796327,2.4674011e-06
4173,0,0,0,0
4174,0,0,0,0
4175,0,0,0,0
4176,0.001570796327,2.4674011e-06,0.001570796327,2.4674011e-06
4177,0.001570796327,2.4674011e-06,0.001570796327,2.4674011e-06
4178,0.001570796327,2.4674011e-06,0.001570796327,2.4674011e-06
4179,0,0,0,0
4180,0,0,0,0
4181,0,0,0,0
4182,0.001570796327,2.4674011e-06,0.001570796327,2.4674011e-06
4183,0,0,0,0
4184,0.00471238898,7.402203301e-06,0.00471238898,7.402203301e-06
4185,0.001570796327,2.4674011e-06,0.001570796327,2.4674011e-06
4186,0,0,0,0
4187,0,0,0,0
4188,0.001570796327,2.4674011e-06,0.001570796327,2.4674011e-06
4189,0.001570796327,2.4674011e-06,0.001570796327,2.4674011e-06
4190,0.001570796327,2.4674011e-06,0.001570796327,2.4674011e-06
4191,0,0,0,0
4192,0,0,0,0
4193,0.001570796327,2.4674011e-06,0.001570796327,2.4674011e-06
4194,0,0,0,0
4195,0,0,0,0
4196,0,0,0,0
4197,0,0,0,0
4198,0,0,0,0
4199,0,0,0,0
4200,0,0,0,0
4201,0,0,0,0
4202,0.001570796327,2.4674011e-06,0.001570796327,2.4674011e-06
4203,0,0,0,0
4204,0.001570796327,2.4674011e-06,0.001570796327,2.4674011e-06
4205,0,0,0,0
4206,0,0,0,0
4207,0,0,0,0
4208,0.001570796327,2.4674011e-06,0.001570796327,2.4674011e-06
4209,0,0,0,0
4210,0,0,0,0
4211,0,0,0,0
4212,0.003141592654,4.934802201e-06,0.003141592654,4.934802201e-06
4213,0.001570796327,2.4674011e-06,0.001570796327,2.4674011e-06
4214,0.003141592654,4.934802201e-06,0.003141592654,4.934802201e-06
4215,0.001570796327,2.4674011e-06,0.001570796327,2.4674011e-06
4216,0.001570796327,2.4674011e-06,0.001570796327,2.4674011e-06
4217,0.003141592654,4.934802201e-06,0.003141592654,4.934802201e-06
4218,0,0,0,0
4219,0.001570796327,2.4674011e-06,0.001570796327,2.4674011e-06
4220,0,0,0,0
4221,0,0,0,0
4222,0,0,0,0
4223,0,0,0,0
4224,0.003141592654,4.934802201e-06,0.003141592654,4.934802201e-06
4225,0.003141592654,4.934802201e-06,0.003141592654,4.934802201e-06
4226,0.001570796327,2.4674011e-06,0.001570796327,2.4674011e-06
4227,0,0,0,0
4228,0.003141592654,4.934802201e-06,0.003141592654,4.934802201e-06
4229,0,0,0,0
4230,0.003141592654,4.934802201e-06,0.003141592654,4.934802201e-06
4231,0,0,0,0
4232,0,0,0,0
4233,0.003141592654,4.934802201e-06,0.003141592654,4.934802201e-06
4234,0,0,0,0
4235,0.001570796327,2.4674011e-06,0.001570796327,2.4674011e-06
4236,0.00471238898,7.402203301e-06,0.00471238898,7.402203301e-06
4237,0.001570796327,2.4674011e-06,0.001570796327,2.4674011e-06
4238,0.003141592654,4.934802201e-06,0.003141592654,4.934802201e-06
4239,0.001570796327,2.4674011e-06,0.001570796327,2.4674011e-06
4240,0,0,0,0
4241,0,0,0,0
4242,0,0,0,0
4243,0.003141592654,4.934802201e-06,0.003141592654,4.934802201e-06
4244,0,0,0,0
4245,0,0,0,0
4246,0,0,0,0
4247,0.001570796327,2.4674011e-06,0.001570796327,2.4674011e-06
4248,0.001570796327,2.4674011e-06,0.001570796327,2.4674011e-06
4249,0.003141592654,4.934802201e-06,0.003141592654,4.934802201e-06
4250,0.001570796327,2.4674011e-06,0.001570796327,2.4674011e-06
4251,0.003141592654,4.934802201e-06,0.003141592654,4.934802201e-06
4252,0.001570796327,2.4674011e-06,0.001570796327,2.4674011e-06
4253,0,0,0,0
4254,0,0,0,0
4255,0.001570796327,2.4674011e-06,0.001570796327,2.4674011e-06
4256,0.001570796327,2.4674011e-06,0.001570796327,2.4674011e-06
4257,0.001570796327,2.4674011e-06,0.001570796327,2.4674011e-06
4258,0,0,0,0
4259,0,0,0,0
4260,0,0,0,0
4261,0,0,0,0
4262,0.001570796327,2.4674011e-06,0.001570796327,2.4674011e-06
4263,0.001570796327,2.4674011e-06,0.001570796327,2.4674011e-06
4264,0,0,0,0
4265,0,0,0,0
4266,0,0,0,0
4267,0.003141592654,4.934802201e-06,0.003141592654,4.934802201e-06
4268,0.001570796327,2.4674011e-06,0.001570796327,2.4674011e-06
4269,0,0,0,0
4270,0.003141592654,4.934802201e-06,0.003141592654,4.934802201e-06
4271,0.001570796327,2.4674011e-06,0.001570796327,2.4674011e-06
4272,0.001570796327,2.4674011e-06,0.001570796327,2.4674011e-06
4273,0.001570796327,2.4674011e-06,0.001570796327,2.4674011e-06
4274,0.001570796327,2.4674011e-06,0.001570796327,2.4674011e-06
4275,0,0,0,0
4276,0.001570796327,2.4674011e-06,0.001570796327,2.4674011e-06
4277,0,0,0,0
4278,0.003141592654,4.934802201e-06,0.003141592654,4.934802201e-06
4279,0,0,0,0
4280,0.001570796327,2.4674011e-06,0.001570796327,2.4674011e-06
4281,0,0,0,0
4282,0,0,0,0
4283,0.001570796327,2.4674011e-06,0.001570796327,2.4674011e-06
4284,0.003141592654,4.934802201e-06,0.003141592654,4.934802201e-06
4285,0,0,0,0
4286,0.001570796327,2.4674011e-06,0.001570796327,2.4674011e-06
4287,0,0,0,0
4288,0,0,0,0
4289,0,0,0,0
4290,0,0,0,0
4291,0,0,0,0
4292,0.001570796327,2.4674011e-06,0.001570796327,2.4674011e-06
4293,0,0,0,0
4294,0,0,0,0
4295,0.00471238898,7.402203301e-06,0.00471238898,7.402203301e-06
4296,0,0,0,0
4297,0,0,0,0
4298,0.001570796327,2.4674011e-06,0.001570796327,2.4674011e-06
4299,0,0,0,0
4300,0.001570796327,2.4674011e-06,0.001570796327,2.4674011e-06
4301,0,0,0,0
4302,0.001570796327,2.4674011e-06,0.001570796327,2.4674011e-06
4303,0,0,0,0
4304,0,0,0,0
4305,0,0,0,0
4306,0,0,0,0
4307,0,0,0,0
4308,0.003141592654,4.934802201e-06,0.003141592654,4.934802201e-06
4309,0,0,0,0
4310,0.001570796327,2.4674011e-06,0.001570796327,2.4674011e-06
4311,0,0,0,0
4312,0.001570796327,2.4674011e-06,0.001570796327,2.4674011e-06
4313,0.00471238898,7.402203301e-06,0.00471238898,7.402203301e-06
4314,0,0,0,0
4315,0.001570796327,2.4674011e-06,0.001570796327,2.4674011e-06
4316,0.003141592654,4.934802201e-06,0.003141592654,4.934802201e-06
4317,0.001570796327,2.4674011e-06,0.001570796327,2.4674011e-06
4318,0.003141592654,4.934802201e-06,0.003141592654,4.934802201e-06
4319,0.001570796327,2.4674011e-06,0.001570796327,2.4674011e-06
4320,0.00471238898,7.402203301e-06,0.00471238898,7.402203301e-06
4321,0,0,0,0
4322,0,0,0,0
4323,0,0,0,0
4324,0.006283185307,9.869604401e-06,0.006283185307,9.869604401e-06
4325,0,0,0,0
4326,0.001570796327,2.4674011e-06,0.001570796327,2.4674011e-06
4327,0,0,0,0
4328,0.001570796327,2.4674011e-06,0.001570796327,2.4674011e-06
4329,0.001570796327,2.4674011e-06,0.001570796327,2.4674011e-06
4330,0,0,0,0
4331,0.001570796327,2.4674011e-06,0.001570796327,2.4674011e-06
4332,0,0,0,0
4333,0,0,0,0
4334,0,0,0,0
4335,0,0,0,0
4336,0.001570796327,2.4674011e-06,0.001570796327,2.4674011e-06
4337,0.001570796327,2.4674011e-06,0.001570796327,2.4674011e-06
4338,0.001570796327,2.4674011e-06,0.001570796327,2.4674011e-06
4339,0.001570796327,2.4674011e-06,0.001570796327,2.4674011e-06
4340,0,0,0,0
4341,0.001570796327,2.4674011e-06,0.001570796327,2.4674011e-06
4342,0.001570796327,2.4674011e-06,0.001570796327,2.4674011e-06
4343,0,0,0,0
4344,0,0,0,0
4345,0,0,0,0
4346,0.003141592654,4.934802201e-06,0.003141592654,4.934802201e-06
4347,0,0,0,0
4348,0,0,0,0
4349,0,0,0,0
4350,0.001570796327,2.4674011e-06,0.001570796327,2.4674011e-06
4351,0,0,0,0
4352,0.003141592654,4.934802201e-06,0.003141592654,4.934802201e-06
4353,0,0,0,0
4354,0.001570796327,2.4674011e-06,0.001570796327,2.4674011e-06
4355,0,0,0,0
4356,0.001570796327,2.4674011e-06,0.001570796327,2.4674011e-06
4357,0.001570796327,2.4674011e-06,0.001570796327,2.4674011e-06
4358,0.003141592654,4.934802201e-06,0.003141592654,4.934802201e-06
4359,0.003141592654,4.934802201e-06,0.003141592654,4.934802201e-06
4360,0.001570796327,2.4674011e-06,0.001570796327,2.4674011e-06
4361,0,0,0,0
4362,0.001570796327,2.4674011e-06,0.001570796327,2.4674011e-06
4363,0.001570796327,2.4674011e-06,0.001570796327,2.4674011e-06
4364,0,0,0,0
4365,0,0,0,0
4366,0,0,0,0
4367,0,0,0,0
4368,0.001570796327,2.4674011e-06,0.001570796327,2.4674011e-06
4369,0.001570796327,2.4674011e-06,0.001570796327,2.4674011e-06
4370,0.001570796327,2.4674011e-06,0.001570796327,2.4674011e-06
4371,0,0,0,0
4372,0,0,0,0
4373,0,0,0,0
4374,0.001570796327,2.4674011e-06,0.001570796327,2.4674011e-06
4375,0,0,0,0
4376,0.001570796327,2.4674011e-06,0.001570796327,2.4674011e-06
4377,0,0,0,0
4378,0,0,0,0
4379,0.001570796327,2.4674011e-06,0.001570796327,2.4674011e-06
4380,0.001570796327,2.4674011e-06,0.001570796327,2.4674011e-06
4381,0.001570796327,2.4674011e-06,0.001570796327,2.4674011e-06
4382,0,0,0,0
4383,0,0,0,0
4384,0.001570796327,2.4674011e-06,0.001570796327,2.4674011e-06
4385,0.003141592654,4.934802201e-06,0.003141592654,4.934802201e-06
4386,0,0,0,0
4387,0.001570796327,2.4674011e-06,0.001570796327,2.4674011e-06
4388,0,0,0,0
4389,0,0,0,0
4390,0,0,0,0
4391,0,0,0,0
4392,0,0,0,0
4393,0,0,0,0
4394,0.003141592654,4.934802201e-06,0.003141592654,4.934802201e-06
4395,0.001570796327,2.4674011e-06,0.001570796327,2.4674011e-06
4396,0.001570796327,2.4674011e-06,0.001570796327,2.4674011e-06
4397,0.003141592654,4.934802201e-06,0.003141592654,4.934802201e-06
4398,0.001570796327,2.4674011e-06,0.001570796327,2.4674011e-06
4399,0.003141592654,4.934802201e-06,0.003141592654,4.934802201e-06
4400,0,0,0,0
4401,0.001570796327,2.4674011e-06,0.001570796327,2.4674011e-06
4402,0.003141592654,4.934802201e-06,0.003141592654,4.934802201e-06
4403,0.001570796327,2.4674011e-06,0.001570796327,2.4674011e-06
4404,0,0,0,0
4405,0,0,0,0
4406,0.003141592654,4.934802201e-06,0.003141592654,4.934802201e-06
4407,0.003141592654,4.934802201e-06,0.003141592654,4.934802201e-06
4408,0.001570796327,2.4674011e-06,0.001570796327,2.4674011e-06
4409,0.001570796327,2.4674011e-06,0.001570796327,2.4674011e-06
4410,0.001570796327,2.4674011e-06,0.001570796327,2.4674011e-06
4411,0,0,0,0
4412,0,0,0,0
4413,0.001570796327,2.4674011e-06,0.001570796327,2.4674011e-06
4414,0,0,0,0
4415,0.001570796327,2.4674011e-06,0.001570796327,2.4674011e-06
4416,0.00471238898,7.402203301e-06,0.00471238898,7.402203301e-06
4417,0,0,0,0
4418,0.001570796327,2.4674011e-06,0.001570796327,2.4674011e-06
4419,0,0,0,0
4420,0.006283185307,9.869604401e-06,0.006283185307,9.869604401e-06
4421,0.003141592654,4.934802201e-06,0.003141592654,4.934802201e-06
4422,0,0,0,0
4423,0.003141592654,4.934802201e-06,0.003141592654,4.934802201e-06
4424,0,0,0,0
4425,0,0,0,0
4426,0.001570796327,2.4674011e-06,0.001570796327,2.4674011e-06
4427,0,0,0,0
4428,0.003141592654,4.934802201e-06,0.003141592654,4.934802201e-06
4429,0.001570796327,2.4674011e-06,0.001570796327,2.4674011e-06
4430,0.003141592654,4.934802201e-06,0.003141592654,4.934802201e-06
4431,0.001570796327,2.4674011e-06,0.001570796327,2.4674011e-06
4432,0,0,0,0
4433,0,0,0,0
4434,0,0,0,0
4435,0.00471238898,7.402203301e-06,0.00471238898,7.402203301e-06
4436,0.003141592654,4.934802201e-06,0.003141592654,4.934802201e-06
4437,0,0,0,0
4438,0.001570796327,2.4674011e-06,0.001570796327,2.4674011e-06
4439,0,0,0,0
4440,0,0,0,0
4441,0.003141592654,4.934802201e-06,0.003141592654,4.934802201e-06
4442,0,0,0,0
4443,0,0,0,0
4444,0,0,0,0
4445,0,0,0,0
4446,0.003141592654,4.934802201e-06,0.003141592654,4.934802201e-06
4447,0.001570796327,2.4674011e-06,0.001570796327,2.4674011e-06
4448,0,0,0,0
4449,0.001570796327,2.4674011e-06,0.001570796327,2.4674011e-06
4450,0.001570796327,2.4674011e-06,0.001570796327,2.4674011e-06
4451,0,0,0,0
4452,0.001570796327,2.4674011e-06,0.001570796327,2.4674011e-06
4453,0,0,0,0
4454,0,0,0,0
4455,0,0,0,0
4456,0.001570796327,2.4674011e-06,0.001570796327,2.4674011e-06
4457,0,0,0,0
4458,0.003141592654,4.934802201e-06,0.003141592654,4.934802201e-06
4459,0,0,0,0
4460,0.001570796327,2.4674011e-06,0.001570796327,2.4674011e-06
4461,0.003141592654,4.934802201e-06,0.003141592654,4.934802201e-06
4462,0.001570796327,2.4674011e-06,0.001570796327,2.4674011e-06
4463,0,0,0,0
4464,0,0,0,0
4465,0.001570796327,2.4674011e-06,0.001570796327,2.4674011e-06
4466,0.001570796327,2.4674011e-06,0.001570796327,2.4674011e-06
4467,0.003141592654,4.934802201e-06,0.003141592654,4.934802201e-06
4468,0.003141592654,4.934802201e-06,0.003141592654,4.934802201e-06
4469,0,0,0,0
4470,0.001570796327,2.4674011e-06,0.001570796327,2.4674011e-06
4471,0,0,0,0
4472,0,0,0,0
4473,0,0,0,0
4474,0,0,0,0
4475,0.001570796327,2.4674011e-06,0.001570796327,2.4674011e-06
4476,0.001570796327,2.4674011e-06,0.001570796327,2.4674011e-06
4477,0,0,0,0
4478,0.001570796327,2.4674011e-06,0.001570796327,2.4674011e-06
4479,0.001570796327,2.4674011e-06,0.001570796327,2.4674011e-06
4480,0,0,0,0
4481,0,0,0,0
4482,0,0,0,0
4483,0,0,0,0
4484,0,0,0,0
4485,0,0,0,0
4486,0.001570796327,2.4674011e-06,0.001570796327,2.4674011e-06
4487,0.001570796327,2.4674011e-06,0.001570796327,2.4674011e-06
4488,0.003141592654,4.934802201e-06,0.003141592654,4.934802201e-06
4489,0,0,0,0
4490,0.003141592654,4.934802201e-06,0.003141592654,4.934802201e-06
4491,0.003141592654,4.934802201e-06,0.003141592654,4.934802201e-06
4492,0.003141592654,4.934802201e-06,0.003141592654,4.934802201e-06
4493,0.003141592654,4.934802201e-06,0.003141592654,4.934802201e-06
4494,0,0,0,0
4495,0.001570796327,2.4674011e-06,0.001570796327,2.4674011e-06
4496,0,0,0,0
4497,0,0,0,0
4498,0.003141592654,4.934802201e-06,0.003141592654,4.934802201e-06
4499,0,0,0,0
4500,0.003141592654,4.934802201e-06,0.003141592654,4.934802201e-06
4501,0,0,0,0
4502,0,0,0,0
4503,0,0,0,0
4504,0.001570796327,2.4674011e-06,0.001570796327,2.4674011e-06
4505,0.001570796327,2.4674011e-06,0.001570796327,2.4674011e-06
4506,0.001570796327,2.4674011e-06,0.001570796327,2.4674011e-06
4507,0,0,0,0
4508,0,0,0,0
4509,0.001570796327,2.4674011e-06,0.001570796327,2.4674011e-06
4510,0.001570796327,2.4674011e-06,0.001570796327,2.4674011e-06
4511,0,0,0,0
4512,0,0,0,0
4513,0,0,0,0
4514,0,0,0,0
4515,0.001570796327,2.4674011e-06,0.001570796327,2.4674011e-06
4516,0,0,0,0
4517,0,0,0,0
4518,0.001570796327,2.4674011e-06,0.001570796327,2.4674011e-06
4519,0.001570796327,2.4674011e-06,0.001570796327,2.4674011e-06
4520,0,0,0,0
4521,0,0,0,0
4522,0,0,0,0
4523,0.001570796327,2.4674011e-06,0.001570796327,2.4674011e-06
4524,0,0,0,0
4525,0.001570796327,2.4674011e-06,0.001570796327,2.4674011e-06
4526,0.001570796327,2.4674011e-06,0.001570796327,2.4674011e-06
4527,0,0,0,0
4528,0,0,0,0
4529,0.003141592654,4.934802201e-06,0.003141592654,4.934802201e-06
4530,0.003141592654,4.934802201e-06,0.003141592654,4.934802201e-06
4531,0,0,0,0
4532,0.001570796327,2.4674011e-06,0.001570796327,2.4674011e-06
4533,0,0,0,0
4534,0.001570796327,2.4674011e-06,0.001570796327,2.4674011e-06
4535,0,0,0,0
4536,0.001570796327,2.4674011e-06,0.001570796327,2.4674011e-06
4537,0.001570796327,2.4674011e-06,0.001570796327,2.4674011e-06
4538,0.001570796327,2.4674011e-06,0.001570796327,2.4674011e-06
4539,0,0,0,0
4540,0,0,0,0
4541,0.003141592654,4.934802201e-06,0.003141592654,4.934802201e-06
4542,0.001570796327,2.4674011e-06,0.001570796327,2.4674011e-06
4543,0,0,0,0
4544,0.001570796327,2.4674011e-06,0.001570796327,2.4674011e-06
4545,0.00471238898,7.402203301e-06,0.00471238898,7.402203301e-06
4546,0.003141592654,4.934802201e-06,0.003141592654,4.934802201e-06
4547,0,0,0,0
4548,0,0,0,0
4549,0,0,0,0
4550,0.003141592654,4.934802201e-06,0.003141592654,4.934802201e-06
4551,0,0,0,0
4552,0,0,0,0
4553,0,0,0,0
4554,0.003141592654,4.934802201e-06,0.003141592654,4.934802201e-06
4555,0.001570796327,2.4674011e-06,0.001570796327,2.4674011e-06
4556,0,0,0,0
4557,0,0,0,0
4558,0.001570796327,2.4674011e-06,0.001570796327,2.4674011e-06
4559,0,0,0,0
4560,0,0,0,0
4561,0,0,0,0
4562,0.001570796327,2.4674011e-06,0.001570796327,2.4674011e-06
4563,0.001570796327,2.4674011e-06,0.001570796327,2.4674011e-06
4564,0.001570796327,2.4674011e-06,0.001570796327,2.4674011e-06
4565,0,0,0,0
4566,0,0,0,0
4567,0.001570796327,2.4674011e-06,0.001570796327,2.4674011e-06
4568,0,0,0,0
4569,0.003141592654,4.934802201e-06,0.003141592654,4.934802201e-06
4570,0,0,0,0
4571,0.00471238898,7.402203301e-06,0.00471238898,7.402203301e-06
4572,0,0,0,0
4573,0,0,0,0
4574,0,0,0,0
4575,0.001570796327,2.4674011e-06,0.001570796327,2.4674011e-06
4576,0.001570796327,2.4674011e-06,0.001570796327,2.4674011e-06
4577,0,0,0,0
4578,0.001570796327,2.4674011e-06,0.001570796327,2.4674011e-06
4579,0,0,0,0
4580,0.003141592654,4.934802201e-06,0.003141592654,4.934802201e-06
4581,0.00471238898,7.402203301e-06,0.00471238898,7.402203301e-06
4582,0,0,0,0
4583,0,0,0,0
4584,0.003141592654,4.934802201e-06,0.003141592654,4.934802201e-06
4585,0,0,0,0
4586,0,0,0,0
4587,0,0,0,0
4588,0.001570796327,2.4674011e-06,0.001570796327,2.4674011e-06
4589,0.001570796327,2.4674011e-06,0.001570796327,2.4674011e-06
4590,0.001570796327,2.4674011e-06,0.001570796327,2.4674011e-06
4591,0,0,0,0
4592,0.001570796327,2.4674011e-06,0.001570796327,2.4674011e-06
4593,0.00471238898,7.402203301e-06,0.00471238898,7.402203301e-06
4594,0,0,0,0
4595,0.001570796327,2.4674011e-06,0.001570796327,2.4674011e-06
4596,0,0,0,0
4597,0.001570796327,2.4674011e-06,0.001570796327,2.4674011e-06
4598,0,0,0,0
4599,0,0,0,0
4600,0.003141592654,4.934802201e-06,0.003141592654,4.934802201e-06
4601,0,0,0,0
4602,0,0,0,0
4603,0,0,0,0
4604,0.001570796327,2.4674011e-06,0.001570796327,2.4674011e-06
4605,0.003141592654,4.934802201e-06,0.003141592654,4.934802201e-06
4606,0,0,0,0
4607,0.003141592654,4.934802201e-06,0.003141592654,4.934802201e-06
4608,0.001570796327,2.4674011e-06,0.001570796327,2.4674011e-06
4609,0,0,0,0
4610,0.001570796327,2.4674011e-06,0.001570796327,2.4674011e-06
4611,0.003141592654,4.934802201e-06,0.003141592654,4.934802201e-06
4612,0.001570796327,2.4674011e-06,0.001570796327,2.4674011e-06
4613,0.001570796327,2.4674011e-06,0.001570796327,2.4674011e-06
4614,0.001570796327,2.4674011e-06,0.001570796327,2.4674011e-06
4615,0.003141592654,4.934802201e-06,0.003141592654,4.934802201e-06
4616,0.001570796327,2.4674011e-06,0.001570796327,2.4674011e-06
4617,0.003141592654,4.934802201e-06,0.003141592654,4.934802201e-06
4618,0,0,0,0
4619,0.001570796327,2.4674011e-06,0.001570796327,2.4674011e-06
4620,0,0,0,0
4621,0,0,0,0
4622,0.001570796327,2.4674011e-06,0.001570796327,2.4674011e-06
4623,0.001570796327,2.4674011e-06,0.001570796327,2.4674011e-06
4624,0,0,0,0
4625,0.003141592654,4.934802201e-06,0.003141592654,4.934802201e-06
4626,0,0,0,0
4627,0,0,0,0
4628,0.003141592654,4.934802201e-06,0.003141592654,4.934802201e-06
4629,0.001570796327,2.4674011e-06,0.001570796327,2.4674011e-06
4630,0,0,0,0
4631,0.003141592654,4.934802201e-06,0.003141592654,4.934802201e-06
4632,0.003141592654,4.934802201e-06,0.003141592654,4.934802201e-06
4633,0,0,0,0
4634,0,0,0,0
4635,0,0,0,0
4636,0.003141592654,4.934802201e-06,0.003141592654,4.934802201e-06
4637,0.001570796327,2.4674011e-06,0.001570796327,2.4674011e-06
4638,0.001570796327,2.4674011e-06,0.001570796327,2.4674011e-06
4639,0.001570796327,2.4674011e-06,0.001570796327,2.4674011e-06
4640,0,0,0,0
4641,0,0,0,0
4642,0,0,0,0
4643,0,0,0,0
4644,0,0,0,0
4645,0.001570796327,2.4674011e-06,0.001570796327,2.4674011e-06
4646,0.001570796327,2.4674011e-06,0.001570796327,2.4674011e-06
4647,0,0,0,0
4648,0.003141592654,4.934802201e-06,0.003141592654,4.934802201e-06
4649,0,0,0,0
4650,0,0,0,0
4651,0,0,0,0
4652,0,0,0,0
4653,0.001570796327,2.4674011e-06,0.001570796327,2.4674011e-06
4654,0.001570796327,2.4674011e-06,0.001570796327,2.4674011e-06
4655,0,0,0,0
4656,0.001570796327,2.4674011e-06,0.001570796327,2.4674011e-06
4657,0,0,0,0
4658,0,0,0,0
4659,0,0,0,0
4660,0,0,0,0
4661,0,0,0,0
4662,0,0,0,0
4663,0,0,0,0
4664,0,0,0,0
4665,0,0,0,0
4666,0,0,0,0
4667,0.001570796327,2.4674011e-06,0.001570796327,2.4674011e-06
4668,0.003141592654,4.934802201e-06,0.003141592654,4.934802201e-06
4669,0.001570796327,2.4674011e-06,0.001570796327,2.4674011e-06
4670,0,0,0,0
4671,0,0,0,0
4672,0.001570796327,2.4674011e-06,0.001570796327,2.4674011e-06
4673,0.001570796327,2.4674011e-06,0.001570796327,2.4674011e-06
4674,0.006283185307,9.869604401e-06,0.006283185307,9.869604401e-06
4675,0,0,0,0
4676,0,0,0,0
4677,0,0,0,0
4678,0,0,0,0
4679,0.001570796327,2.4674011e-06,0.001570796327,2.4674011e-06
4680,0.003141592654,4.934802201e-06,0.003141592654,4.934802201e-06
4681,0,0,0,0
4682,0.001570796327,2.4674011e-06,0.001570796327,2.4674011e-06
4683,0.003141592654,4.934802201e-06,0.003141592654,4.934802201e-06
4684,0.001570796327,2.4674011e-06,0.001570796327,2.4674011e-06
4685,0,0,0,0
4686,0.001570796327,2.4674011e-06,0.001570796327,2.4674011e-06
4687,0,0,0,0
4688,0,0,0,0
4689,0.001570796327,2.4674011e-06,0.001570796327,2.4674011e-06
4690,0,0,0,0
4691,0,0,0,0
4692,0.003141592654,4.934802201e-06,0.003141592654,4.934802201e-06
4693,0,0,0,0
4694,0,0,0,0
4695,0,0,0,0
4696,0.001570796327,2.4674011e-06,0.001570796327,2.4674011e-06
4697,0.003141592654,4.934802201e-06,0.003141592654,4.934802201e-06
4698,0.001570796327,2.4674011e-06,0.001570796327,2.4674011e-06
4699,0,0,0,0
4700,0.001570796327,2.4674011e-06,0.001570796327,2.4674011e-06
4701,0.001570796327,2.4674011e-06,0.001570796327,2.4674011e-06
4702,0.00471238898,7.402203301e-06,0.00471238898,7.402203301e-06
4703,0.001570796327,2.4674011e-06,0.001570796327,2.4674011e-06
4704,0,0,0,0
4705,0.003141592654,4.934802201e-06,0.003141592654,4.934802201e-06
4706,0.003141592654,4.934802201e-06,0.003141592654,4.934802201e-06
4707,0.001570796327,2.4674011e-06,0.001570796327,2.4674011e-06
4708,0,0,0,0
4709,0,0,0,0
4710,0.003141592654,4.934802201e-06,0.003141592654,4.934802201e-06
4711,0,0,0,0
4712,0,0,0,0
4713,0,0,0,0
4714,0,0,0,0
4715,0,0,0,0
4716,0.001570796327,2.4674011e-06,0.001570796327,2.4674011e-06
4717,0.001570796327,2.4674011e-06,0.001570796327,2.4674011e-06
4718,0.00471238898,7.402203301e-06,0.00471238898,7.402203301e-06
4719,0.003141592654,4.934802201e-06,0.003141592654,4.934802201e-06
4720,0,0,0,0
4721,0.003141592654,4.934802201e-06,0.003141592654,4.934802201e-06
4722,0.00471238898,7.402203301e-06,0.00471238898,7.402203301e-06
4723,0,0,0,0
4724,0,0,0,0
4725,0,0,0,0
4726,0.001570796327,2.4674011e-06,0.001570796327,2.4674011e-06
4727,0.003141592654,4.934802201e-06,0.003141592654,4.934802201e-06
4728,0.001570796327,2.4674011e-06,0.001570796327,2.4674011e-06
4729,0.003141592654,4.934802201e-06,0.003141592654,4.934802201e-06
4730,0.001570796327,2.4674011e-06,0.001570796327,2.4674011e-06
4731,0,0,0,0
4732,0,0,0,0
4733,0.001570796327,2.4674011e-06,0.001570796327,2.4674011e-06
4734,0.001570796327,2.4674011e-06,0.001570796327,2.4674011e-06
4735,0,0,0,0
4736,0,0,0,0
4737,0.001570796327,2.4674011e-06,0.001570796327,2.4674011e-06
4738,0.001570796327,2.4674011e-06,0.001570796327,2.4674011e-06
4739,0,0,0,0
4740,0,0,0,0
4741,0.001570796327,2.4674011e-06,0.001570796327,2.4674011e-06
4742,0.001570796327,2.4674011e-06,0.001570796327,2.4674011e-06
4743,0.001570796327,2.4674011e-06,0.001570796327,2.4674011e-06
4744,0.001570796327,2.4674011e-06,0.001570796327,2.4674011e-06
4745,0.001570796327,2.4674011e-06,0.001570796327,2.4674011e-06
4746,0.001570796327,2.4674011e-06,0.001570796327,2.4674011e-06
4747,0.001570796327,2.4674011e-06,0.001570796327,2.4674011e-06
4748,0,0,0,0
4749,0.00471238898,7.402203301e-06,0.00471238898,7.402203301e-06
4750,0.001570796327,2.4674011e-06,0.001570796327,2.4674011e-06
4751,0,0,0,0
4752,0.001570796327,2.4674011e-06,0.001570796327,2.4674011e-06
4753,0,0,0,0
4754,0,0,0,0
4755,0,0,0,0
4756,0,0,0,0
4757,0,0,0,0
4758,0.001570796327,2.4674011e-06,0.001570796327,2.4674011e-06
4759,0.001570796327,2.4674011e-06,0.001570796327,2.4674011e-06
4760,0.001570796327,2.4674011e-06,0.001570796327,2.4674011e-06
4761,0,0,0,0
4762,0,0,0,0
4763,0,0,0,0
4764,0.001570796327,2.4674011e-06,0.001570796327,2.4674011e-06
4765,0.001570796327,2.4674011e-06,0.001570796327,2.4674011e-06
4766,0,0,0,0
4767,0.001570796327,2.4674011e-06,0.001570796327,2.4674011e-06
4768,0.001570796327,2.4674011e-06,0.001570796327,2.4674011e-06
4769,0,0,0,0
4770,0,0,0,0
4771,0.00471238898,7.402203301e-06,0.00471238898,7.402203301e-06
4772,0.001570796327,2.4674011e-06,0.001570796327,2.4674011e-06
4773,0,0,0,0
4774,0,0,0,0
4775,0.001570796327,2.4674011e-06,0.001570796327,2.4674011e-06
4776,0.001570796327,2.4674011e-06,0.001570796327,2.4674011e-06
4777,0,0,0,0
4778,0,0,0,0
4779,0.001570796327,2.4674011e-06,0.001570796327,2.4674011e-06
4780,0,0,0,0
4781,0.001570796327,2.4674011e-06,0.001570796327,2.4674011e-06
4782,0.003141592654,4.934802201e-06,0.003141592654,4.934802201e-06
4783,0.001570796327,2.4674011e-06,0.001570796327,2.4674011e-06
4784,0,0,0,0
4785,0.001570796327,2.4674011e-06,0.001570796327,2.4674011e-06
4786,0,0,0,0
4787,0.001570796327,2.4674011e-06,0.001570796327,2.4674011e-06
4788,0,0,0,0
4789,0,0,0,0
4790,0,0,0,0
4791,0,0,0,0
4792,0.001570796327,2.4674011e-06,0.001570796327,2.4674011e-06
4793,0,0,0,0
4794,0.001570796327,2.4674011e-06,0.001570796327,2.4674011e-06
4795,0.001570796327,2.4674011e-06,0.001570796327,2.4674011e-06
4796,0,0,0,0
4797,0,0,0,0
4798,0.001570796327,2.4674011e-06,0.001570796327,2.4674011e-06
4799,0.001570796327,2.4674011e-06,0.001570796327,2.4674011e-06
4800,0,0,0,0
4801,0.001570796327,2.4674011e-06,0.001570796327,2.4674011e-06
4802,0,0,0,0
4803,0,0,0,0
4804,0.00471238898,7.402203301e-06,0.00471238898,7.402203301e-06
4805,0.003141592654,4.934802201e-06,0.003141592654,4.934802201e-06
4806,0,0,0,0
4807,0,0,0,0
4808,0,0,0,0
4809,0,0,0,0
4810,0,0,0,0
4811,0.003141592654,4.934802201e-06,0.003141592654,4.934802201e-06
4812,0.001570796327,2.4674011e-06,0.001570796327,2.4674011e-06
4813,0.001570796327,2.4674011e-06,0.001570796327,2.4674011e-06
4814,0,0,0,0
4815,0.001570796327,2.4674011e-06,0.001570796327,2.4674011e-06
4816,0,0,0,0
4817,0.001570796327,2.4674011e-06,0.001570796327,2.4674011e-06
4818,0,0,0,0
4819,0,0,0,0
4820,0.001570796327,2.4674011e-06,0.001570796327,2.4674011e-06
4821,0.001570796327,2.4674011e-06,0.001570796327,2.4674011e-06
4822,0.001570796327,2.4674011e-06,0.001570796327,2.4674011e-06
4823,0.001570796327,2.4674011e-06,0.001570796327,2.4674011e-06
4824,0,0,0,0
4825,0,0,0,0
4826,0.001570796327,2.4674011e-06,0.001570796327,2.4674011e-06
4827,0.001570796327,2.4674011e-06,0.001570796327,2.4674011e-06
4828,0.001570796327,2.4674011e-06,0.001570796327,2.4674011e-06
4829,0,0,0,0
4830,0,0,0,0
4831,0,0,0,0
4832,0.001570796327,2.4674011e-06,0.001570796327,2.4674011e-06
4833,0,0,0,0
4834,0,0,0,0
4835,0.001570796327,2.4674011e-06,0.001570796327,2.4674011e-06
4836,0,0,0,0
4837,0.001570796327,2.4674011e-06,0.001570796327,2.4674011e-06
4838,0.001570796327,2.4674011e-06,0.001570796327,2.4674011e-06
4839,0.003141592654,4.934802201e-06,0.003141592654,4.934802201e-06
4840,0.001570796327,2.4674011e-06,0.001570796327,2.4674011e-06
4841,0,0,0,0
4842,0.003141592654,4.934802201e-06,0.003141592654,4.934802201e-06
4843,0.001570796327,2.4674011e-06,0.001570796327,2.4674011e-06
4844,0.003141592654,4.934802201e-06,0.003141592654,4.934802201e-06
4845,0,0,0,0
4846,0.001570796327,2.4674011e-06,0.001570796327,2.4674011e-06
4847,0,0,0,0
4848,0,0,0,0
4849,0.001570796327,2.4674011e-06,0.001570796327,2.4674011e-06
4850,0.001570796327,2.4674011e-06,0.001570796327,2.4674011e-06
4851,0.001570796327,2.4674011e-06,0.001570796327,2.4674011e-06
4852,0,0,0,0
4853,0,0,0,0
4854,0,0,0,0
4855,0,0,0,0
4856,0.001570796327,2.4674011e-06,0.001570796327,2.4674011e-06
4857,0,0,0,0
4858,0,0,0,0
4859,0.001570796327,2.4674011e-06,0.001570796327,2.4674011e-06
4860,0.001570796327,2.4674011e-06,0.001570796327,2.4674011e-06
4861,0,0,0,0
4862,0.001570796327,2.4674011e-06,0.001570796327,2.4674011e-06
4863,0,0,0,0
4864,0.001570796327,2.4674011e-06,0.001570796327,2.4674011e-06
4865,0.001570796327,2.4674011e-06,0.001570796327,2.4674011e-06
4866,0.001570796327,2.4674011e-06,0.001570796327,2.4674011e-06
4867,0.001570796327,2.4674011e-06,0.001570796327,2.4674011e-06
4868,0.001570796327,2.4674011e-06,0.001570796327,2.4674011e-06
4869,0.001570796327,2.4674011e-06,0.001570796327,2.4674011e-06
4870,0,0,0,0
4871,0,0,0,0
4872,0,0,0,0
4873,0,0,0,0
4874,0,0,0,0
4875,0.001570796327,2.4674011e-06,0.001570796327,2.4674011e-06
4876,0,0,0,0
4877,0,0,0,0
4878,0,0,0,0
4879,0,0,0,0
4880,0.003141592654,4.934802201e-06,0.003141592654,4.934802201e-06
4881,0.003141592654,4.934802201e-06,0.003141592654,4.934802201e-06
4882,0.001570796327,2.4674011e-06,0.001570796327,2.4674011e-06
4883,0.001570796327,2.4674011e-06,0.001570796327,2.4674011e-06
4884,0,0,0,0
4885,0.001570796327,2.4674011e-06,0.001570796327,2.4674011e-06
4886,0,0,0,0
4887,0,0,0,0
4888,0,0,0,0
4889,0,0,0,0
4890,0.001570796327,2.4674011e-06,0.001570796327,2.4674011e-06
4891,0.001570796327,2.4674011e-06,0.001570796327,2.4674011e-06
4892,0,0,0,0
4893,0,0,0,0
4894,0,0,0,0
4895,0.001570796327,2.4674011e-06,0.001570796327,2.4674011e-06
4896,0,0,0,0
4897,0.003141592654,4.934802201e-06,0.003141592654,4.934802201e-06
4898,0,0,0,0
4899,0.003141592654,4.934802201e-06,0.003141592654,4.934802201e-06
4900,0,0,0,0
4901,0,0,0,0
4902,0,0,0,0
4903,0.003141592654,4.934802201e-06,0.003141592654,4.934802201e-06
4904,0,0,0,0
4905,0,0,0,0
4906,0.001570796327,2.4674011e-06,0.001570796327,2.4674011e-06
4907,0,0,0,0
4908,0,0,0,0
4909,0.003141592654,4.934802201e-06,0.003141592654,4.934802201e-06
4910,0,0,0,0
4911,0.001570796327,2.4674011e-06,0.001570796327,2.4674011e-06
4912,0,0,0,0
4913,0,0,0,0
4914,0,0,0,0
4915,0,0,0,0
4916,0.001570796327,2.4674011e-06,0.001570796327,2.4674011e-06
4917,0.001570796327,2.4674011e-06,0.001570796327,2.4674011e-06
4918,0,0,0,0
4919,0.001570796327,2.4674011e-06,0.001570796327,2.4674011e-06
4920,0,0,0,0
4921,0.001570796327,2.4674011e-06,0.001570796327,2.4674011e-06
4922,0.001570796327,2.4674011e-06,0.001570796327,2.4674011e-06
4923,0.003141592654,4.934802201e-06,0.003141592654,4.934802201e-06
4924,0.001570796327,2.4674011e-06,0.001570796327,2.4674011e-06
4925,0.001570796327,2.4674011e-06,0.001570796327,2.4674011e-06
4926,0,0,0,0
4927,0.00471238898,7.402203301e-06,0.00471238898,7.402203301e-06
4928,0,0,0,0
4929,0,0,0,0
4930,0,0,0,0
4931,0,0,0,0
4932,0.00471238898,7.402203301e-06,0.00471238898,7.402203301e-06
4933,0,0,0,0
4934,0.001570796327,2.4674011e-06,0.001570796327,2.4674011e-06
4935,0,0,0,0
4936,0.001570796327,2.4674011e-06,0.001570796327,2.4674011e-06
4937,0.001570796327,2.4674011e-06,0.001570796327,2.4674011e-06
4938,0.001570796327,2.4674011e-06,0.001570796327,2.4674011e-06
4939,0,0,0,0
4940,0.001570796327,2.4674011e-06,0.001570796327,2.4674011e-06
4941,0,0,0,0
4942,0.001570796327,2.4674011e-06,0.001570796327,2.4674011e-06
4943,0,0,0,0
4944,0.003141592654,4.934802201e-06,0.003141592654,4.934802201e-06
4945,0,0,0,0
4946,0.001570796327,2.4674011e-06,0.001570796327,2.4674011e-06
4947,0.001570796327,2.4674011e-06,0.001570796327,2.4674011e-06
4948,0,0,0,0
4949,0,0,0,0
4950,0,0,0,0
4951,0,0,0,0
4952,0.001570796327,2.4674011e-06,0.001570796327,2.4674011e-06
4953,0.001570796327,2.4674011e-06,0.001570796327,2.4674011e-06
4954,0,0,0,0
4955,0,0,0,0
4956,0.001570796327,2.4674011e-06,0.001570796327,2.4674011e-06
4957,0.001570796327,2.4674011e-06,0.001570796327,2.4674011e-06
4958,0,0,0,0
4959,0.001570796327,2.4674011e-06,0.001570796327,2.4674011e-06
4960,0,0,0,0
4961,0.001570796327,2.4674011e-06,0.001570796327,2.4674011e-06
4962,0,0,0,0
4963,0.001570796327,2.4674011e-06,0.001570796327,2.4674011e-06
4964,0,0,0,0
4965,0.003141592654,4.934802201e-06,0.003141592654,4.934802201e-06
4966,0.001570796327,2.4674011e-06,0.001570796327,2.4674011e-06
4967,0.001570796327,2.4674011e-06,0.001570796327,2.4674011e-06
4968,0.001570796327,2.4674011e-06,0.001570796327,2.4674011e-06
4969,0,0,0,0
4970,0,0,0,0
4971,0.003141592654,4.934802201e-06,0.003141592654,4.934802201e-06
4972,0,0,0,0
4973,0,0,0,0
4974,0.001570796327,2.4674011e-06,0.001570796327,2.4674011e-06
4975,0,0,0,0
4976,0.001570796327,2.4674011e-06,0.001570796327,2.4674011e-06
4977,0.001570796327,2.4674011e-06,0.001570796327,2.4674011e-06
4978,0.001570796327,2.4674011e-06,0.001570796327,2.4674011e-06
4979,0.001570796327,2.4674011e-06,0.001570796327,2.4674011e-06
4980,0.00471238898,7.402203301e-06,0.00471238898,7.402203301e-06
4981,0,0,0,0
4982,0,0,0,0
4983,0,0,0,0
4984,0,0,0,0
4985,0,0,0,0
4986,0,0,0,0
4987,0.001570796327,2.4674011e-06,0.001570796327,2.4674011e-06
4988,0.001570796327,2.4674011e-06,0.001570796327,2.4674011e-06
4989,0.001570796327,2.4674011e-06,0.001570796327,2.4674011e-06
4990,0,0,0,0
4991,0.001570796327,2.4674011e-06,0.001570796327,2.4674011e-06
4992,0.001570796327,2.4674011e-06,0.001570796327,2.4674011e-06
4993,0,0,0,0
4994,0.001570796327,2.4674011e-06,0.001570796327,2.4674011e-06
4995,0.003141592654,4.934802201e-06,0.003141592654,4.934802201e-06
4996,0,0,0,0
4997,0,0,0,0
4998,0.00471238898,7.402203301e-06,0.00471238898,7.402203301e-06
4999,0.001570796327,2.4674011e-06,0.001570796327,2.4674011e-06
5000,0,0,0,0
5001,0.001570796327,2.4674011e-06,0.001570796327,2.4674011e-06
5002,0.001570796327,2.4674011e-06,0.001570796327,2.4674011e-06
5003,0.003141592654,4.934802201e-06,0.003141592654,4.934802201e-06
5004,0.003141592654,4.934802201e-06,0.003141592654,4.934802201e-06
5005,0,0,0,0
5006,0.001570796327,2.4674011e-06,0.001570796327,2.4674011e-06
5007,0,0,0,0
5008,0,0,0,0
5009,0,0,0,0
5010,0,0,0,0
5011,0,0,0,0
5012,0,0,0,0
5013,0,0,0,0
5014,0,0,0,0
5015,0,0,0,0
5016,0.003141592654,4.934802201e-06,0.003141592654,4.934802201e-06
5017,0.003141592654,4.934802201e-06,0.003141592654,4.934802201e-06
5018,0,0,0,0
5019,0,0,0,0
5020,0,0,0,0
5021,0.003141592654,4.934802201e-06,0.003141592654,4.934802201e-06
5022,0,0,0,0
5023,0.001570796327,2.4674011e-06,0.001570796327,2.4674011e-06
5024,0.001570796327,2.4674011e-06,0.001570796327,2.4674011e-06
5025,0,0,0,0
5026,0.001570796327,2.4674011e-06,0.001570796327,2.4674011e-06
5027,0,0,0,0
5028,0,0,0,0
5029,0,0,0,0
5030,0,0,0,0
5031,0,0,0,0
5032,0,0,0,0
5033,0.001570796327,2.4674011e-06,0.001570796327,2.4674011e-06
5034,0.003141592654,4.934802201e-06,0.003141592654,4.934802201e-06
5035,0,0,0,0
5036,0,0,0,0
5037,0.003141592654,4.934802201e-06,0.003141592654,4.934802201e-06
5038,0,0,0,0
5039,0,0,0,0
5040,0.001570796327,2.4674011e-06,0.001570796327,2.4674011e-06
5041,0.001570796327,2.4674011e-06,0.001570796327,2.4674011e-06
5042,0,0,0,0
5043,0.001570796327,2.4674011e-06,0.001570796327,2.4674011e-06
5044,0.003141592654,4.934802201e-06,0.003141592654,4.934802201e-06
5045,0.001570796327,2.4674011e-06,0.001570796327,2.4674011e-06
5046,0,0,0,0
5047,0,0,0,0
5048,0.003141592654,4.934802201e-06,0.003141592654,4.934802201e-06
5049,0.001570796327,2.4674011e-06,0.001570796327,2.4674011e-06
5050,0.001570796327,2.4674011e-06,0.001570796327,2.4674011e-06
5051,0.003141592654,4.934802201e-06,0.003141592654,4.934802201e-06
5052,0.001570796327,2.4674011e-06,0.001570796327,2.4674011e-06
5053,0,0,0,0
5054,0.001570796327,2.4674011e-06,0.001570796327,2.4674011e-06
5055,0,0,0,0
5056,0.003141592654,4.934802201e-06,0.003141592654,4.934802201e-06
5057,0.001570796327,2.4674011e-06,0.001570796327,2.4674011e-06
5058,0.001570796327,2.4674011e-06,0.001570796327,2.4674011e-06
5059,0,0,0,0
5060,0,0,0,0
5061,0,0,0,0
5062,0,0,0,0
5063,0.001570796327,2.4674011e-06,0.001570796327,2.4674011e-06
5064,0,0,0,0
5065,0.001570796327,2.4674011e-06,0.001570796327,2.4674011e-06
5066,0,0,0,0
5067,0,0,0,0
5068,0.001570796327,2.4674011e-06,0.001570796327,2.4674011e-06
5069,0.001570796327,2.4674011e-06,0.001570796327,2.4674011e-06
5070,0.003141592654,4.934802201e-06,0.003141592654,4.934802201e-06
5071,0.001570796327,2.4674011e-06,0.001570796327,2.4674011e-06
5072,0.003141592654,4.934802201e-06,0.003141592654,4.934802201e-06
5073,0.001570796327,2.4674011e-06,0.001570796327,2.4674011e-06
5074,0,0,0,0
5075,0.003141592654,4.934802201e-06,0.003141592654,4.934802201e-06
5076,0.003141592654,4.934802201e-06,0.003141592654,4.934802201e-06
5077,0,0,0,0
5078,0.001570796327,2.4674011e-06,0.001570796327,2.4674011e-06
5079,0,0,0,0
5080,0,0,0,0
5081,0,0,0,0
5082,0,0,0,0
5083,0,0,0,0
5084,0.001570796327,2.4674011e-06,0.001570796327,2.4674011e-06
5085,0,0,0,0
5086,0,0,0,0
5087,0.001570796327,2.4674011e-06,0.001570796327,2.4674011e-06
5088,0,0,0,0
5089,0.001570796327,2.4674011e-06,0.001570796327,2.4674011e-06
5090,0,0,0,0
5091,0.003141592654,4.934802201e-06,0.003141592654,4.934802201e-06
5092,0,0,0,0
5093,0,0,0,0
5094,0,0,0,0
5095,0.001570796327,2.4674011e-06,0.001570796327,2.4674011e-06
5096,0.001570796327,2.4674011e-06,0.001570796327,2.4674011e-06
5097,0,0,0,0
5098,0.001570796327,2.4674011e-06,0.001570796327,2.4674011e-06
5099,0,0,0,0
5100,0,0,0,0
5101,0,0,0,0
5102,0.00471238898,7.402203301e-06,0.00471238898,7.402203301e-06
5103,0,0,0,0
5104,0.001570796327,2.4674011e-06,0.001570796327,2.4674011e-06
5105,0,0,0,0
5106,0,0,0,0
5107,0,0,0,0
5108,0,0,0,0
5109,0,0,0,0
5110,0,0,0,0
5111,0.00471238898,7.402203301e-06,0.00471238898,7.402203301e-06
5112,0.003141592654,4.934802201e-06,0.003141592654,4.934802201e-06
5113,0.003141592654,4.934802201e-06,0.003141592654,4.934802201e-06
5114,0,0,0,0
5115,0.001570796327,2.4674011e-06,0.001570796327,2.4674011e-06
5116,0,0,0,0
5117,0.001570796327,2.4674011e-06,0.001570796327,2.4674011e-06
5118,0,0,0,0
5119,0.003141592654,4.934802201e-06,0.003141592654,4.934802201e-06
5120,0,0,0,0
5121,0.001570796327,2.4674011e-06,0.001570796327,2.4674011e-06
5122,0.001570796327,2.4674011e-06,0.001570796327,2.4674011e-06
5123,0,0,0,0
5124,0,0,0,0
5125,0,0,0,0
5126,0,0,0,0
5127,0,0,0,0
5128,0.001570796327,2.4674011e-06,0.001570796327,2.4674011e-06
5129,0,0,0,0
5130,0.001570796327,2.4674011e-06,0.001570796327,2.4674011e-06
5131,0.001570796327,2.4674011e-06,0.001570796327,2.4674011e-06
5132,0.001570796327,2.4674011e-06,0.001570796327,2.4674011e-06
5133,0,0,0,0
5134,0.001570796327,2.4674011e-06,0.001570796327,2.4674011e-06
5135,0,0,0,0
5136,0.003141592654,4.934802201e-06,0.003141592654,4.934802201e-06
5137,0,0,0,0
5138,0.001570796327,2.4674011e-06,0.001570796327,2.4674011e-06
5139,0,0,0,0
5140,0,0,0,0
5141,0.001570796327,2.4674011e-06,0.001570796327,2.4674011e-06
5142,0,0,0,0
5143,0.001570796327,2.4674011e-06,0.001570796327,2.4674011e-06
5144,0.001570796327,2.4674011e-06,0.001570796327,2.4674011e-06
5145,0.001570796327,2.4674011e-06,0.001570796327,2.4674011e-06
5146,0.001570796327,2.4674011e-06,0.001570796327,2.4674011e-06
5147,0.003141592654,4.934802201e-06,0.003141592654,4.934802201e-06
5148,0.003141592654,4.934802201e-06,0.003141592654,4.934802201e-06
5149,0,0,0,0
5150,0.001570796327,2.4674011e-06,0.001570796327,2.4674011e-06
5151,0.001570796327,2.4674011e-06,0.001570796327,2.4674011e-06
5152,0,0,0,0
5153,0,0,0,0
5154,0,0,0,0
5155,0,0,0,0
5156,0,0,0,0
5157,0,0,0,0
5158,0,0,0,0
5159,0,0,0,0
5160,0.001570796327,2.4674011e-06,0.001570796327,2.4674011e-06
5161,0,0,0,0
5162,0,0,0,0
5163,0,0,0,0
5164,0,0,0,0
5165,0.003141592654,4.934802201e-06,0.003141592654,4.934802201e-06
5166,0.003141592654,4.934802201e-06,0.003141592654,4.934802201e-06
5167,0.001570796327,2.4674011e-06,0.001570796327,2.4674011e-06
5168,0,0,0,0
5169,0,0,0,0
5170,0,0,0,0
5171,0.001570796327,2.4674011e-06,0.001570796327,2.4674011e-06
5172,0,0,0,0
5173,0,0,0,0
5174,0.001570796327,2.4674011e-06,0.001570796327,2.4674011e-06
5175,0,0,0,0
5176,0,0,0,0
5177,0.003141592654,4.934802201e-06,0.003141592654,4.934802201e-06
5178,0,0,0,0
5179,0,0,0,0
5180,0.001570796327,2.4674011e-06,0.001570796327,2.4674011e-06
5181,0,0,0,0
5182,0.001570796327,2.4674011e-06,0.001570796327,2.4674011e-06
5183,0,0,0,0
5184,0,0,0,0
5185,0.00471238898,7.402203301e-06,0.00471238898,7.402203301e-06
5186,0.003141592654,4.934802201e-06,0.003141592654,4.934802201e-06
5187,0,0,0,0
5188,0.003141592654,4.934802201e-06,0.003141592654,4.934802201e-06
5189,0.001570796327,2.4674011e-06,0.001570796327,2.4674011e-06
5190,0.003141592654,4.934802201e-06,0.003141592654,4.934802201e-06
5191,0,0,0,0
5192,0,0,0,0
5193,0.001570796327,2.4674011e-06,0.001570796327,2.4674011e-06
5194,0,0,0,0
5195,0,0,0,0
5196,0,0,0,0
5197,0,0,0,0
5198,0,0,0,0
5199,0.003141592654,4.934802201e-06,0.003141592654,4.934802201e-06
5200,0.001570796327,2.4674011e-06,0.001570796327,2.4674011e-06
5201,0.003141592654,4.934802201e-06,0.003141592654,4.934802201e-06
5202,0.003141592654,4.934802201e-06,0.003141592654,4.934802201e-06
5203,0,0,0,0
5204,0,0,0,0
5205,0.001570796327,2.4674011e-06,0.001570796327,2.4674011e-06
5206,0,0,0,0
5207,0.001570796327,2.4674011e-06,0.001570796327,2.4674011e-06
5208,0,0,0,0
5209,0,0,0,0
5210,0.003141592654,4.934802201e-06,0.003141592654,4.934802201e-06
5211,0.001570796327,2.4674011e-06,0.001570796327,2.4674011e-06
5212,0,0,0,0
5213,0.001570796327,2.4674011e-06,0.001570796327,2.4674011e-06
5214,0,0,0,0
5215,0.001570796327,2.4674011e-06,0.001570796327,2.4674011e-06
5216,0.003141592654,4.934802201e-06,0.003141592654,4.934802201e-06
5217,0,0,0,0
5218,0.001570796327,2.4674011e-06,0.001570796327,2.4674011e-06
5219,0,0,0,0
5220,0,0,0,0
5221,0,0,0,0
5222,0.003141592654,4.934802201e-06,0.003141592654,4.934802201e-06
5223,0.001570796327,2.4674011e-06,0.001570796327,2.4674011e-06
5224,0,0,0,0
5225,0,0,0,0
5226,0.003141592654,4.934802201e-06,0.003141592654,4.934802201e-06
5227,0,0,0,0
5228,0,0,0,0
5229,0.003141592654,4.934802201e-06,0.003141592654,4.934802201e-06
5230,0,0,0,0
5231,0.003141592654,4.934802201e-06,0.003141592654,4.934802201e-06
5232,0,0,0,0
5233,0,0,0,0
5234,0.001570796327,2.4674011e-06,0.001570796327,2.4674011e-06
5235,0.001570796327,2.4674011e-06,0.001570796327,2.4674011e-06
5236,0,0,0,0
5237,0,0,0,0
5238,0.001570796327,2.4674011e-06,0.001570796327,2.4674011e-06
5239,0,0,0,0
5240,0.001570796327,2.4674011e-06,0.001570796327,2.4674011e-06
5241,0,0,0,0
5242,0,0,0,0
5243,0,0,0,0
5244,0.001570796327,2.4674011e-06,0.001570796327,2.4674011e-06
5245,0.003141592654,4.934802201e-06,0.003141592654,4.934802201e-06
5246,0,0,0,0
5247,0,0,0,0
5248,0,0,0,0
5249,0.003141592654,4.934802201e-06,0.003141592654,4.934802201e-06
5250,0,0,0,0
5251,0,0,0,0
5252,0.001570796327,2.4674011e-06,0.001570796327,2.4674011e-06
5253,0.001570796327,2.4674011e-06,0.001570796327,2.4674011e-06
5254,0,0,0,0
5255,0.003141592654,4.934802201e-06,0.003141592654,4.934802201e-06
5256,0.001570796327,2.4674011e-06,0.001570796327,2.4674011e-06
5257,0,0,0,0
5258,0,0,0,0
5259,0,0,0,0
5260,0,0,0,0
5261,0,0,0,0
5262,0.001570796327,2.4674011e-06,0.001570796327,2.4674011e-06
5263,0.001570796327,2.4674011e-06,0.001570796327,2.4674011e-06
5264,0,0,0,0
5265,0.001570796327,2.4674011e-06,0.001570796327,2.4674011e-06
5266,0.001570796327,2.4674011e-06,0.001570796327,2.4674011e-06
5267,0.001570796327,2.4674011e-06,0.001570796327,2.4674011e-06
5268,0.003141592654,4.934802201e-06,0.003141592654,4.934802201e-06
5269,0,0,0,0
5270,0,0,0,0
5271,0.003141592654,4.934802201e-06,0.003141592654,4.934802201e-06
5272,0.001570796327,2.4674011e-06,0.001570796327,2.4674011e-06
5273,0.003141592654,4.934802201e-06,0.003141592654,4.934802201e-06
5274,0,0,0,0
5275,0,0,0,0
5276,0,0,0,0
5277,0,0,0,0
5278,0.003141592654,4.934802201e-06,0.003141592654,4.934802201e-06
5279,0,0,0,0
5280,0,0,0,0
5281,0,0,0,0
5282,0.00471238898,7.402203301e-06,0.00471238898,7.402203301e-06
5283,0.001570796327,2.4674011e-06,0.001570796327,2.4674011e-06
5284,0.001570796327,2.4674011e-06,0.001570796327,2.4674011e-06
5285,0,0,0,0
5286,0.003141592654,4.934802201e-06,0.003141592654,4.934802201e-06
5287,0,0,0,0
5288,0.001570796327,2.4674011e-06,0.001570796327,2.4674011e-06
5289,0,0,0,0
5290,0,0,0,0
5291,0.00471238898,7.402203301e-06,0.00471238898,7.402203301e-06
5292,0,0,0,0
5293,0,0,0,0
5294,0,0,0,0
5295,0.001570796327,2.4674011e-06,0.001570796327,2.4674011e-06
5296,0,0,0,0
5297,0.001570796327,2.4674011e-06,0.001570796327,2.4674011e-06
5298,0,0,0,0
5299,0.001570796327,2.4674011e-06,0.001570796327,2.4674011e-06
5300,0.001570796327,2.4674011e-06,0.001570796327,2.4674011e-06
5301,0,0,0,0
5302,0,0,0,0
5303,0,0,0,0
5304,0.003141592654,4.934802201e-06,0.003141592654,4.934802201e-06
5305,0,0,0,0
5306,0,0,0,0
5307,0.001570796327,2.4674011e-06,0.001570796327,2.4674011e-06
5308,0,0,0,0
5309,0,0,0,0
5310,0,0,0,0
5311,0.001570796327,2.4674011e-06,0.001570796327,2.4674011e-06
5312,0,0,0,0
5313,0.001570796327,2.4674011e-06,0.001570796327,2.4674011e-06
5314,0,0,0,0
5315,0,0,0,0
5316,0.001570796327,2.4674011e-06,0.001570796327,2.4674011e-06
5317,0,0,0,0
5318,0.001570796327,2.4674011e-06,0.001570796327,2.4674011e-06
5319,0.001570796327,2.4674011e-06,0.001570796327,2.4674011e-06
5320,0,0,0,0
5321,0.003141592654,4.934802201e-06,0.003141592654,4.934802201e-06
5322,0.001570796327,2.4674011e-06,0.001570796327,2.4674011e-06
5323,0,0,0,0
5324,0,0,0,0
5325,0,0,0,0
5326,0.00471238898,7.402203301e-06,0.00471238898,7.402203301e-06
5327,0,0,0,0
5328,0,0,0,0
5329,0.003141592654,4.934802201e-06,0.003141592654,4.934802201e-06
5330,0.001570796327,2.4674011e-06,0.001570796327,2.4674011e-06
5331,0.001570796327,2.4674011e-06,0.001570796327,2.4674011e-06
5332,0.003141592654,4.934802201e-06,0.003141592654,4.934802201e-06
5333,0.003141592654,4.934802201e-06,0.003141592654,4.934802201e-06
5334,0.001570796327,2.4674011e-06,0.001570796327,2.4674011e-06
5335,0.001570796327,2.4674011e-06,0.001570796327,2.4674011e-06
5336,0.001570796327,2.4674011e-06,0.001570796327,2.4674011e-06
5337,0,0,0,0
5338,0,0,0,0
5339,0.001570796327,2.4674011e-06,0.001570796327,2.4674011e-06
5340,0,0,0,0
5341,0.001570796327,2.4674011e-06,0.001570796327,2.4674011e-06
5342,0.001570796327,2.4674011e-06,0.001570796327,2.4674011e-06
5343,0,0,0,0
5344,0.001570796327,2.4674011e-06,0.001570796327,2.4674011e-06
5345,0,0,0,0
5346,0.001570796327,2.4674011e-06,0.001570796327,2.4674011e-06
5347,0,0,0,0
5348,0.001570796327,2.4674011e-06,0.001570796327,2.4674011e-06
5349,0,0,0,0
5350,0,0,0,0
5351,0,0,0,0
5352,0.001570796327,2.4674011e-06,0.001570796327,2.4674011e-06
5353,0.003141592654,4.934802201e-06,0.003141592654,4.934802201e-06
5354,0,0,0,0
5355,0,0,0,0
5356,0,0,0,0
5357,0.003141592654,4.934802201e-06,0.003141592654,4.934802201e-06
5358,0.001570796327,2.4674011e-06,0.001570796327,2.4674011e-06
5359,0.001570796327,2.4674011e-06,0.001570796327,2.4674011e-06
5360,0,0,0,0
5361,0.003141592654,4.934802201e-06,0.003141592654,4.934802201e-06
5362,0.001570796327,2.4674011e-06,0.001570796327,2.4674011e-06
5363,0,0,0,0
5364,0,0,0,0
5365,0.001570796327,2.4674011e-06,0.001570796327,2.4674011e-06
5366,0.001570796327,2.4674011e-06,0.001570796327,2.4674011e-06
5367,0.001570796327,2.4674011e-06,0.001570796327,2.4674011e-06
5368,0,0,0,0
5369,0,0,0,0
5370,0.001570796327,2.4674011e-06,0.001570796327,2.4674011e-06
5371,0.001570796327,2.4674011e-06,0.001570796327,2.4674011e-06
5372,0.001570796327,2.4674011e-06,0.001570796327,2.4674011e-06
5373,0,0,0,0
5374,0.001570796327,2.4674011e-06,0.001570796327,2.4674011e-06
5375,0,0,0,0
5376,0,0,0,0
5377,0,0,0,0
5378,0,0,0,0
5379,0.003141592654,4.934802201e-06,0.003141592654,4.934802201e-06
5380,0.001570796327,2.4674011e-06,0.001570796327,2.4674011e-06
5381,0,0,0,0
5382,0,0,0,0
5383,0.001570796327,2.4674011e-06,0.001570796327,2.4674011e-06
5384,0,0,0,0
5385,0,0,0,0
5386,0,0,0,0
5387,0.001570796327,2.4674011e-06,0.001570796327,2.4674011e-06
5388,0,0,0,0
5389,0.001570796327,2.4674011e-06,0.001570796327,2.4674011e-06
5390,0,0,0,0
5391,0,0,0,0
5392,0.001570796327,2.4674011e-06,0.001570796327,2.4674011e-06
5393,0.001570796327,2.4674011e-06,0.001570796327,2.4674011e-06
5394,0.001570796327,2.4674011e-06,0.001570796327,2.4674011e-06
5395,0.001570796327,2.4674011e-06,0.001570796327,2.4674011e-06
5396,0.001570796327,2.4674011e-06,0.001570796327,2.4674011e-06
5397,0,0,0,0
5398,0,0,0,0
5399,0,0,0,0
5400,0,0,0,0
5401,0.001570796327,2.4674011e-06,0.001570796327,2.4674011e-06
5402,0.001570796327,2.4674011e-06,0.001570796327,2.4674011e-06
5403,0,0,0,0
5404,0.001570796327,2.4674011e-06,0.001570796327,2.4674011e-06
5405,0,0,0,0
5406,0.001570796327,2.4674011e-06,0.001570796327,2.4674011e-06
5407,0,0,0,0
5408,0,0,0,0
5409,0,0,0,0
5410,0.001570796327,2.4674011e-06,0.001570796327,2.4674011e-06
5411,0,0,0,0
5412,0.001570796327,2.4674011e-06,0.001570796327,2.4674011e-06
5413,0.001570796327,2.4674011e-06,0.001570796327,2.4674011e-06
5414,0,0,0,0
5415,0,0,0,0
5416,0.001570796327,2.4674011e-06,0.001570796327,2.4674011e-06
5417,0.003141592654,4.934802201e-06,0.003141592654,4.934802201e-06
5418,0,0,0,0
5419,0,0,0,0
5420,0,0,0,0
5421,0,0,0,0
5422,0.003141592654,4.934802201e-06,0.003141592654,4.934802201e-06
5423,0.001570796327,2.4674011e-06,0.001570796327,2.4674011e-06
5424,0,0,0,0
5425,0.001570796327,2.4674011e-06,0.001570796327,2.4674011e-06
5426,0.00471238898,7.402203301e-06,0.00471238898,7.402203301e-06
5427,0.001570796327,2.4674011e-06,0.001570796327,2.4674011e-06
5428,0,0,0,0
5429,0.003141592654,4.934802201e-06,0.003141592654,4.934802201e-06
5430,0,0,0,0
5431,0,0,0,0
5432,0.001570796327,2.4674011e-06,0.001570796327,2.4674011e-06
5433,0.001570796327,2.4674011e-06,0.001570796327,2.4674011e-06
5434,0,0,0,0
5435,0.001570796327,2.4674011e-06,0.001570796327,2.4674011e-06
5436,0,0,0,0
5437,0.001570796327,2.4674011e-06,0.001570796327,2.4674011e-06
5438,0,0,0,0
5439,0,0,0,0
5440,0.006283185307,9.869604401e-06,0.006283185307,9.869604401e-06
5441,0.001570796327,2.4674011e-06,0.001570796327,2.4674011e-06
5442,0.001570796327,2.4674011e-06,0.001570796327,2.4674011e-06
5443,0.001570796327,2.4674011e-06,0.001570796327,2.4674011e-06
5444,0,0,0,0
5445,0.003141592654,4.934802201e-06,0.003141592654,4.934802201e-06
5446,0,0,0,0
5447,0,0,0,0
5448,0,0,0,0
5449,0,0,0,0
5450,0.001570796327,2.4674011e-06,0.001570796327,2.4674011e-06
5451,0,0,0,0
5452,0,0,0,0
5453,0,0,0,0
5454,0.001570796327,2.4674011e-06,0.001570796327,2.4674011e-06
5455,0.001570796327,2.4674011e-06,0.001570796327,2.4674011e-06
5456,0.003141592654,4.934802201e-06,0.003141592654,4.934802201e-06
5457,0,0,0,0
5458,0,0,0,0
5459,0.001570796327,2.4674011e-06,0.001570796327,2.4674011e-06
5460,0,0,0,0
5461,0.001570796327,2.4674011e-06,0.001570796327,2.4674011e-06
5462,0.001570796327,2.4674011e-06,0.001570796327,2.4674011e-06
5463,0,0,0,0
5464,0.003141592654,4.934802201e-06,0.003141592654,4.934802201e-06
5465,0.001570796327,2.4674011e-06,0.001570796327,2.4674011e-06
5466,0.00471238898,7.402203301e-06,0.00471238898,7.402203301e-06
5467,0,0,0,0
5468,0.001570796327,2.4674011e-06,0.001570796327,2.4674011e-06
5469,0.001570796327,2.4674011e-06,0.001570796327,2.4674011e-06
5470,0,0,0,0
5471,0,0,0,0
5472,0.001570796327,2.4674011e-06,0.001570796327,2.4674011e-06
5473,0,0,0,0
5474,0.003141592654,4.934802201e-06,0.003141592654,4.934802201e-06
5475,0.001570796327,2.4674011e-06,0.001570796327,2.4674011e-06
5476,0.001570796327,2.4674011e-06,0.001570796327,2.4674011e-06
5477,0,0,0,0
5478,0.001570796327,2.4674011e-06,0.001570796327,2.4674011e-06
5479,0,0,0,0
5480,0.001570796327,2.4674011e-06,0.001570796327,2.4674011e-06
5481,0,0,0,0
5482,0.001570796327,2.4674011e-06,0.001570796327,2.4674011e-06
5483,0,0,0,0
5484,0,0,0,0
5485,0,0,0,0
5486,0.001570796327,2.4674011e-06,0.001570796327,2.4674011e-06
5487,0.001570796327,2.4674011e-06,0.001570796327,2.4674011e-06
5488,0.001570796327,2.4674011e-06,0.001570796327,2.4674011e-06
5489,0.00471238898,7.402203301e-06,0.00471238898,7.402203301e-06
5490,0,0,0,0
5491,0.001570796327,2.4674011e-06,0.001570796327,2.4674011e-06
5492,0,0,0,0
5493,0,0,0,0
5494,0,0,0,0
5495,0,0,0,0
5496,0.001570796327,2.4674011e-06,0.001570796327,2.4674011e-06
5497,0.001570796327,2.4674011e-06,0.001570796327,2.4674011e-06
5498,0,0,0,0
5499,0.003141592654,4.934802201e-06,0.003141592654,4.934802201e-06
5500,0.001570796327,2.4674011e-06,0.001570796327,2.4674011e-06
5501,0.001570796327,2.4674011e-06,0.001570796327,2.4674011e-06
5502,0,0,0,0
5503,0.001570796327,2.4674011e-06,0.001570796327,2.4674011e-06
5504,0,0,0,0
5505,0,0,0,0
5506,0.001570796327,2.4674011e-06,0.001570796327,2.4674011e-06
5507,0,0,0,0
5508,0.001570796327,2.4674011e-06,0.001570796327,2.4674011e-06
5509,0.001570796327,2.4674011e-06,0.001570796327,2.4674011e-06
5510,0,0,0,0
5511,0.003141592654,4.934802201e-06,0.003141592654,4.934802201e-06
5512,0.001570796327,2.4674011e-06,0.001570796327,2.4674011e-06
5513,0,0,0,0
5514,0,0,0,0
5515,0.001570796327,2.4674011e-06,0.001570796327,2.4674011e-06
5516,0.001570796327,2.4674011e-06,0.001570796327,2.4674011e-06
5517,0.001570796327,2.4674011e-06,0.001570796327,2.4674011e-06
5518,0.001570796327,2.4674011e-06,0.001570796327,2.4674011e-06
5519,0,0,0,0
5520,0.001570796327,2.4674011e-06,0.001570796327,2.4674011e-06
5521,0.001570796327,2.4674011e-06,0.001570796327,2.4674011e-06
5522,0.001570796327,2.4674011e-06,0.001570796327,2.4674011e-06
5523,0.003141592654,4.934802201e-06,0.003141592654,4.934802201e-06
5524,0.001570796327,2.4674011e-06,0.001570796327,2.4674011e-06
5525,0,0,0,0
5526,0,0,0,0
5527,0,0,0,0
5528,0,0,0,0
5529,0.001570796327,2.4674011e-06,0.001570796327,2.4674011e-06
5530,0,0,0,0
5531,0,0,0,0
5532,0,0,0,0
5533,0.001570796327,2.4674011e-06,0.001570796327,2.4674011e-06
5534,0,0,0,0
5535,0,0,0,0
5536,0.001570796327,2.4674011e-06,0.001570796327,2.4674011e-06
5537,0.001570796327,2.4674011e-06,0.001570796327,2.4674011e-06
5538,0,0,0,0
5539,0,0,0,0
5540,0.001570796327,2.4674011e-06,0.001570796327,2.4674011e-06
5541,0.001570796327,2.4674011e-06,0.001570796327,2.4674011e-06
5542,0.003141592654,4.934802201e-06,0.003141592654,4.934802201e-06
5543,0.009424777961,1.48044066e-05,0.009424777961,1.48044066e-05
5544,0.003141592654,4.934802201e-06,0.003141592654,4.934802201e-06
5545,0,0,0,0
5546,0,0,0,0
5547,0,0,0,0
5548,0,0,0,0
5549,0,0,0,0
5550,0,0,0,0
5551,0.001570796327,2.4674011e-06,0.001570796327,2.4674011e-06
5552,0,0,0,0
5553,0,0,0,0
5554,0.001570796327,2.4674011e-06,0.001570796327,2.4674011e-06
5555,0,0,0,0
5556,0.001570796327,2.4674011e-06,0.001570796327,2.4674011e-06
5557,0.001570796327,2.4674011e-06,0.001570796327,2.4674011e-06
5558,0.001570796327,2.4674011e-06,0.001570796327,2.4674011e-06
5559,0.001570796327,2.4674011e-06,0.001570796327,2.4674011e-06
5560,0,0,0,0
5561,0.001570796327,2.4674011e-06,0.001570796327,2.4674011e-06
5562,0.001570796327,2.4674011e-06,0.001570796327,2.4674011e-06
5563,0,0,0,0
5564,0,0,0,0
5565,0.00471238898,7.402203301e-06,0.00471238898,7.402203301e-06
5566,0,0,0,0
5567,0.001570796327,2.4674011e-06,0.001570796327,2.4674011e-06
5568,0.001570796327,2.4674011e-06,0.001570796327,2.4674011e-06
5569,0,0,0,0
5570,0,0,0,0
5571,0,0,0,0
5572,0,0,0,0
5573,0,0,0,0
5574,0,0,0,0
5575,0,0,0,0
5576,0,0,0,0
5577,0,0,0,0
5578,0.001570796327,2.4674011e-06,0.001570796327,2.4674011e-06
5579,0.001570796327,2.4674011e-06,0.001570796327,2.4674011e-06
5580,0,0,0,0
5581,0,0,0,0
5582,0.001570796327,2.4674011e-06,0.001570796327,2.4674011e-06
5583,0.001570796327,2.4674011e-06,0.001570796327,2.4674011e-06
5584,0,0,0,0
5585,0,0,0,0
5586,0,0,0,0
5587,0,0,0,0
5588,0,0,0,0
5589,0.001570796327,2.4674011e-06,0.001570796327,2.4674011e-06
5590,0,0,0,0
5591,0,0,0,0
5592,0.001570796327,2.4674011e-06,0.001570796327,2.4674011e-06
5593,0,0,0,0
5594,0.001570796327,2.4674011e-06,0.001570796327,2.4674011e-06
5595,0.003141592654,4.934802201e-06,0.003141592654,4.934802201e-06
5596,0,0,0,0
5597,0.001570796327,2.4674011e-06,0.001570796327,2.4674011e-06
5598,0.003141592654,4.934802201e-06,0.003141592654,4.934802201e-06
5599,0.003141592654,4.934802201e-06,0.003141592654,4.934802201e-06
5600,0.001570796327,2.4674011e-06,0.001570796327,2.4674011e-06
5601,0.001570796327,2.4674011e-06,0.001570796327,2.4674011e-06
5602,0.00471238898,7.402203301e-06,0.00471238898,7.402203301e-06
5603,0,0,0,0
5604,0.001570796327,2.4674011e-06,0.001570796327,2.4674011e-06
5605,0,0,0,0
5606,0.001570796327,2.4674011e-06,0.001570796327,2.4674011e-06
5607,0,0,0,0
5608,0.003141592654,4.934802201e-06,0.003141592654,4.934802201e-06
5609,0,0,0,0
5610,0,0,0,0
5611,0,0,0,0
5612,0.003141592654,4.934802201e-06,0.003141592654,4.934802201e-06
5613,0.003141592654,4.934802201e-06,0.003141592654,4.934802201e-06
5614,0.003141592654,4.934802201e-06,0.003141592654,4.934802201e-06
5615,0,0,0,0
5616,0.00471238898,7.402203301e-06,0.00471238898,7.402203301e-06
5617,0.001570796327,2.4674011e-06,0.001570796327,2.4674011e-06
5618,0,0,0,0
5619,0,0,0,0
5620,0.00471238898,7.402203301e-06,0.00471238898,7.402203301e-06
5621,0.001570796327,2.4674011e-06,0.001570796327,2.4674011e-06
5622,0.001570796327,2.4674011e-06,0.001570796327,2.4674011e-06
5623,0,0,0,0
5624,0,0,0,0
5625,0,0,0,0
5626,0.001570796327,2.4674011e-06,0.001570796327,2.4674011e-06
5627,0,0,0,0
5628,0.001570796327,2.4674011e-06,0.001570796327,2.4674011e-06
5629,0.00471238898,7.402203301e-06,0.00471238898,7.402203301e-06
5630,0.001570796327,2.4674011e-06,0.001570796327,2.4674011e-06
5631,0.003141592654,4.934802201e-06,0.003141592654,4.934802201e-06
5632,0,0,0,0
5633,0,0,0,0
5634,0,0,0,0
5635,0.001570796327,2.4674011e-06,0.001570796327,2.4674011e-06
5636,0.001570796327,2.4674011e-06,0.001570796327,2.4674011e-06
5637,0.001570796327,2.4674011e-06,0.001570796327,2.4674011e-06
5638,0,0,0,0
5639,0,0,0,0
5640,0.00471238898,7.402203301e-06,0.00471238898,7.402203301e-06
5641,0.001570796327,2.4674011e-06,0.001570796327,2.4674011e-06
5642,0.001570796327,2.4674011e-06,0.001570796327,2.4674011e-06
5643,0,0,0,0
5644,0,0,0,0
5645,0.001570796327,2.4674011e-06,0.001570796327,2.4674011e-06
5646,0,0,0,0
5647,0,0,0,0
5648,0,0,0,0
5649,0,0,0,0
5650,0,0,0,0
5651,0,0,0,0
5652,0.001570796327,2.4674011e-06,0.001570796327,2.4674011e-06
5653,0.003141592654,4.934802201e-06,0.003141592654,4.934802201e-06
5654,0.001570796327,2.4674011e-06,0.001570796327,2.4674011e-06
5655,0,0,0,0
5656,0.001570796327,2.4674011e-06,0.001570796327,2.4674011e-06
5657,0.003141592654,4.934802201e-06,0.003141592654,4.934802201e-06
5658,0,0,0,0
5659,0.001570796327,2.4674011e-06,0.001570796327,2.4674011e-06
5660,0.001570796327,2.4674011e-06,0.001570796327,2.4674011e-06
5661,0.001570796327,2.4674011e-06,0.001570796327,2.4674011e-06
5662,0,0,0,0
5663,0.001570796327,2.4674011e-06,0.001570796327,2.4674011e-06
5664,0.003141592654,4.934802201e-06,0.003141592654,4.934802201e-06
5665,0.006283185307,9.869604401e-06,0.006283185307,9.869604401e-06
5666,0,0,0,0
5667,0,0,0,0
5668,0.001570796327,2.4674011e-06,0.001570796327,2.4674011e-06
5669,0,0,0,0
5670,0.003141592654,4.934802201e-06,0.003141592654,4.934802201e-06
5671,0.001570796327,2.4674011e-06,0.001570796327,2.4674011e-06
5672,0,0,0,0
5673,0.001570796327,2.4674011e-06,0.001570796327,2.4674011e-06
5674,0.001570796327,2.4674011e-06,0.001570796327,2.4674011e-06
5675,0,0,0,0
5676,0,0,0,0
5677,0,0,0,0
5678,0.001570796327,2.4674011e-06,0.001570796327,2.4674011e-06
5679,0.003141592654,4.934802201e-06,0.003141592654,4.934802201e-06
5680,0.001570796327,2.4674011e-06,0.001570796327,2.4674011e-06
5681,0,0,0,0
5682,0.00471238898,7.402203301e-06,0.00471238898,7.402203301e-06
5683,0.001570796327,2.4674011e-06,0.001570796327,2.4674011e-06
5684,0,0,0,0
5685,0.001570796327,2.4674011e-06,0.001570796327,2.4674011e-06
5686,0,0,0,0
5687,0.001570796327,2.4674011e-06,0.001570796327,2.4674011e-06
5688,0,0,0,0
5689,0.001570796327,2.4674011e-06,0.001570796327,2.4674011e-06
5690,0.001570796327,2.4674011e-06,0.001570796327,2.4674011e-06
5691,0,0,0,0
5692,0.001570796327,2.4674011e-06,0.001570796327,2.4674011e-06
5693,0.003141592654,4.934802201e-06,0.003141592654,4.934802201e-06
5694,0.001570796327,2.4674011e-06,0.001570796327,2.4674011e-06
5695,0.00471238898,7.402203301e-06,0.00471238898,7.402203301e-06
5696,0,0,0,0
5697,0,0,0,0
5698,0.003141592654,4.934802201e-06,0.003141592654,4.934802201e-06
5699,0,0,0,0
5700,0.001570796327,2.4674011e-06,0.001570796327,2.4674011e-06
5701,0.001570796327,2.4674011e-06,0.001570796327,2.4674011e-06
5702,0,0,0,0
5703,0,0,0,0
5704,0.001570796327,2.4674011e-06,0.001570796327,2.4674011e-06
5705,0,0,0,0
5706,0.00471238898,7.402203301e-06,0.00471238898,7.402203301e-06
5707,0,0,0,0
5708,0,0,0,0
5709,0.003141592654,4.934802201e-06,0.003141592654,4.934802201e-06
5710,0,0,0,0
5711,0.001570796327,2.4674011e-06,0.001570796327,2.4674011e-06
5712,0,0,0,0
5713,0,0,0,0
5714,0.001570796327,2.4674011e-06,0.001570796327,2.4674011e-06
5715,0,0,0,0
5716,0.001570796327,2.4674011e-06,0.001570796327,2.4674011e-06
5717,0,0,0,0
5718,0.001570796327,2.4674011e-06,0.001570796327,2.4674011e-06
5719,0.001570796327,2.4674011e-06,0.001570796327,2.4674011e-06
5720,0.001570796327,2.4674011e-06,0.001570796327,2.4674011e-06
5721,0,0,0,0
5722,0,0,0,0
5723,0.001570796327,2.4674011e-06,0.001570796327,2.4674011e-06
5724,0.001570796327,2.4674011e-06,0.001570796327,2.4674011e-06
5725,0.001570796327,2.4674011e-06,0.001570796327,2.4674011e-06
5726,0.001570796327,2.4674011e-06,0.001570796327,2.4674011e-06
5727,0,0,0,0
5728,0,0,0,0
5729,0,0,0,0
5730,0,0,0,0
5731,0.003141592654,4.934802201e-06,0.003141592654,4.934802201e-06
5732,0,0,0,0
5733,0.00471238898,7.402203301e-06,0.00471238898,7.402203301e-06
5734,0,0,0,0
5735,0.003141592654,4.934802201e-06,0.003141592654,4.934802201e-06
5736,0.001570796327,2.4674011e-06,0.001570796327,2.4674011e-06
5737,0.001570796327,2.4674011e-06,0.001570796327,2.4674011e-06
5738,0.001570796327,2.4674011e-06,0.001570796327,2.4674011e-06
5739,0.001570796327,2.4674011e-06,0.001570796327,2.4674011e-06
5740,0,0,0,0
5741,0.001570796327,2.4674011e-06,0.001570796327,2.4674011e-06
5742,0.001570796327,2.4674011e-06,0.001570796327,2.4674011e-06
5743,0,0,0,0
5744,0,0,0,0
5745,0.003141592654,4.934802201e-06,0.003141592654,4.934802201e-06
5746,0,0,0,0
5747,0.001570796327,2.4674011e-06,0.001570796327,2.4674011e-06
5748,0.001570796327,2.4674011e-06,0.001570796327,2.4674011e-06
5749,0,0,0,0
5750,0.00471238898,7.402203301e-06,0.00471238898,7.402203301e-06
5751,0.003141592654,4.934802201e-06,0.003141592654,4.934802201e-06
5752,0.001570796327,2.4674011e-06,0.001570796327,2.4674011e-06
5753,0,0,0,0
5754,0,0,0,0
5755,0,0,0,0
5756,0,0,0,0
5757,0.003141592654,4.934802201e-06,0.003141592654,4.934802201e-06
5758,0.003141592654,4.934802201e-06,0.003141592654,4.934802201e-06
5759,0,0,0,0
5760,0,0,0,0
5761,0.003141592654,4.934802201e-06,0.003141592654,4.934802201e-06
5762,0,0,0,0
5763,0.001570796327,2.4674011e-06,0.001570796327,2.4674011e-06
5764,0,0,0,0
5765,0,0,0,0
5766,0,0,0,0
5767,0.001570796327,2.4674011e-06,0.001570796327,2.4674011e-06
5768,0,0,0,0
5769,0,0,0,0
5770,0.001570796327,2.4674011e-06,0.001570796327,2.4674011e-06
5771,0,0,0,0
5772,0,0,0,0
5773,0.001570796327,2.4674011e-06,0.001570796327,2.4674011e-06
5774,0.001570796327,2.4674011e-06,0.001570796327,2.4674011e-06
5775,0,0,0,0
5776,0.001570796327,2.4674011e-06,0.001570796327,2.4674011e-06
5777,0.001570796327,2.4674011e-06,0.001570796327,2.4674011e-06
5778,0,0,0,0
5779,0.003141592654,4.934802201e-06,0.003141592654,4.934802201e-06
5780,0.001570796327,2.4674011e-06,0.001570796327,2.4674011e-06
5781,0.001570796327,2.4674011e-06,0.001570796327,2.4674011e-06
5782,0.001570796327,2.4674011e-06,0.001570796327,2.4674011e-06
5783,0.003141592654,4.934802201e-06,0.003141592654,4.934802201e-06
5784,0,0,0,0
5785,0,0,0,0
5786,0,0,0,0
5787,0,0,0,0
5788,0,0,0,0
5789,0,0,0,0
5790,0,0,0,0
5791,0.001570796327,2.4674011e-06,0.001570796327,2.4674011e-06
5792,0,0,0,0
5793,0,0,0,0
5794,0,0,0,0
5795,0,0,0,0
5796,0,0,0,0
5797,0.003141592654,4.934802201e-06,0.003141592654,4.934802201e-06
5798,0,0,0,0
5799,0,0,0,0
5800,0.001570796327,2.4674011e-06,0.001570796327,2.4674011e-06
5801,0.001570796327,2.4674011e-06,0.001570796327,2.4674011e-06
5802,0.003141592654,4.934802201e-06,0.003141592654,4.934802201e-06
5803,0,0,0,0
5804,0,0,0,0
5805,0,0,0,0
5806,0.001570796327,2.4674011e-06,0.001570796327,2.4674011e-06
5807,0.001570796327,2.4674011e-06,0.001570796327,2.4674011e-06
5808,0.001570796327,2.4674011e-06,0.001570796327,2.4674011e-06
5809,0,0,0,0
5810,0,0,0,0
5811,0,0,0,0
5812,0,0,0,0
5813,0,0,0,0
5814,0.001570796327,2.4674011e-06,0.001570796327,2.4674011e-06
5815,0.001570796327,2.4674011e-06,0.001570796327,2.4674011e-06
5816,0,0,0,0
5817,0.006283185307,9.869604401e-06,0.006283185307,9.869604401e-06
5818,0.001570796327,2.4674011e-06,0.001570796327,2.4674011e-06
5819,0,0,0,0
5820,0,0,0,0
5821,0,0,0,0
5822,0.00471238898,7.402203301e-06,0.00471238898,7.402203301e-06
5823,0.001570796327,2.4674011e-06,0.001570796327,2.4674011e-06
5824,0.001570796327,2.4674011e-06,0.001570796327,2.4674011e-06
5825,0.001570796327,2.4674011e-06,0.001570796327,2.4674011e-06
5826,0.003141592654,4.934802201e-06,0.003141592654,4.934802201e-06
5827,0,0,0,0
5828,0.001570796327,2.4674011e-06,0.001570796327,2.4674011e-06
5829,0.001570796327,2.4674011e-06,0.001570796327,2.4674011e-06
5830,0,0,0,0
5831,0,0,0,0
5832,0.003141592654,4.934802201e-06,0.003141592654,4.934802201e-06
5833,0,0,0,0
5834,0,0,0,0
5835,0.001570796327,2.4674011e-06,0.001570796327,2.4674011e-06
5836,0.001570796327,2.4674011e-06,0.001570796327,2.4674011e-06
5837,0.001570796327,2.4674011e-06,0.001570796327,2.4674011e-06
5838,0,0,0,0
5839,0,0,0,0
5840,0.003141592654,4.934802201e-06,0.003141592654,4.934802201e-06
5841,0.001570796327,2.4674011e-06,0.001570796327,2.4674011e-06
5842,0,0,0,0
5843,0,0,0,0
5844,0,0,0,0
5845,0,0,0,0
5846,0,0,0,0
5847,0.001570796327,2.4674011e-06,0.001570796327,2.4674011e-06
5848,0.003141592654,4.934802201e-06,0.003141592654,4.934802201e-06
5849,0,0,0,0
5850,0.00471238898,7.402203301e-06,0.00471238898,7.402203301e-06
5851,0,0,0,0
5852,0.001570796327,2.4674011e-06,0.001570796327,2.4674011e-06
5853,0.001570796327,2.4674011e-06,0.001570796327,2.4674011e-06
5854,0.001570796327,2.4674011e-06,0.001570796327,2.4674011e-06
5855,0,0,0,0
5856,0.003141592654,4.934802201e-06,0.003141592654,4.934802201e-06
5857,0,0,0,0
5858,0,0,0,0
5859,0,0,0,0
5860,0.003141592654,4.934802201e-06,0.003141592654,4.934802201e-06
5861,0,0,0,0
5862,0,0,0,0
5863,0,0,0,0
5864,0.001570796327,2.4674011e-06,0.001570796327,2.4674011e-06
5865,0,0,0,0
5866,0,0,0,0
5867,0.001570796327,2.4674011e-06,0.001570796327,2.4674011e-06
5868,0,0,0,0
5869,0,0,0,0
5870,0.001570796327,2.4674011e-06,0.001570796327,2.4674011e-06
5871,0.001570796327,2.4674011e-06,0.001570796327,2.4674011e-06
5872,0,0,0,0
5873,0.003141592654,4.934802201e-06,0.003141592654,4.934802201e-06
5874,0,0,0,0
5875,0,0,0,0
5876,0.001570796327,2.4674011e-06,0.001570796327,2.4674011e-06
5877,0.003141592654,4.934802201e-06,0.003141592654,4.934802201e-06
5878,0.001570796327,2.4674011e-06,0.001570796327,2.4674011e-06
5879,0,0,0,0
5880,0.001570796327,2.4674011e-06,0.001570796327,2.4674011e-06
5881,0.001570796327,2.4674011e-06,0.001570796327,2.4674011e-06
5882,0.003141592654,4.934802201e-06,0.003141592654,4.934802201e-06
5883,0.001570796327,2.4674011e-06,0.001570796327,2.4674011e-06
5884,0.001570796327,2.4674011e-06,0.001570796327,2.4674011e-06
5885,0.001570796327,2.4674011e-06,0.001570796327,2.4674011e-06
5886,0.001570796327,2.4674011e-06,0.001570796327,2.4674011e-06
5887,0,0,0,0
5888,0,0,0,0
5889,0.003141592654,4.934802201e-06,0.003141592654,4.934802201e-06
5890,0,0,0,0
5891,0.001570796327,2.4674011e-06,0.001570796327,2.4674011e-06
5892,0.001570796327,2.4674011e-06,0.001570796327,2.4674011e-06
5893,0.003141592654,4.934802201e-06,0.003141592654,4.934802201e-06
5894,0,0,0,0
5895,0,0,0,0
5896,0,0,0,0
5897,0.00471238898,7.402203301e-06,0.00471238898,7.402203301e-06
5898,0,0,0,0
5899,0.001570796327,2.4674011e-06,0.001570796327,2.4674011e-06
5900,0.00471238898,7.402203301e-06,0.00471238898,7.402203301e-06
5901,0,0,0,0
5902,0.001570796327,2.4674011e-06,0.001570796327,2.4674011e-06
5903,0.001570796327,2.4674011e-06,0.001570796327,2.4674011e-06
5904,0,0,0,0
5905,0.001570796327,2.4674011e-06,0.001570796327,2.4674011e-06
5906,0,0,0,0
5907,0.003141592654,4.934802201e-06,0.003141592654,4.934802201e-06
5908,0.003141592654,4.934802201e-06,0.003141592654,4.934802201e-06
5909,0.001570796327,2.4674011e-06,0.001570796327,2.4674011e-06
5910,0,0,0,0
5911,0,0,0,0
5912,0.00471238898,7.402203301e-06,0.00471238898,7.402203301e-06
5913,0.001570796327,2.4674011e-06,0.001570796327,2.4674011e-06
5914,0,0,0,0
5915,0.001570796327,2.4674011e-06,0.001570796327,2.4674011e-06
5916,0.001570796327,2.4674011e-06,0.001570796327,2.4674011e-06
5917,0.003141592654,4.934802201e-06,0.003141592654,4.934802201e-06
5918,0,0,0,0
5919,0.003141592654,4.934802201e-06,0.003141592654,4.934802201e-06
5920,0.001570796327,2.4674011e-06,0.001570796327,2.4674011e-06
5921,0.001570796327,2.4674011e-06,0.001570796327,2.4674011e-06
5922,0.001570796327,2.4674011e-06,0.001570796327,2.4674011e-06
5923,0.001570796327,2.4674011e-06,0.001570796327,2.4674011e-06
5924,0,0,0,0
5925,0,0,0,0
5926,0.001570796327,2.4674011e-06,0.001570796327,2.4674011e-06
5927,0,0,0,0
5928,0.001570796327,2.4674011e-06,0.001570796327,2.4674011e-06
5929,0,0,0,0
5930,0.001570796327,2.4674011e-06,0.001570796327,2.4674011e-06
5931,0.001570796327,2.4674011e-06,0.001570796327,2.4674011e-06
5932,0,0,0,0
5933,0,0,0,0
5934,0.003141592654,4.934802201e-06,0.003141592654,4.934802201e-06
5935,0,0,0,0
5936,0.001570796327,2.4674011e-06,0.001570796327,2.4674011e-06
5937,0.001570796327,2.4674011e-06,0.001570796327,2.4674011e-06
5938,0,0,0,0
5939,0.001570796327,2.4674011e-06,0.001570796327,2.4674011e-06
5940,0,0,0,0
5941,0.003141592654,4.934802201e-06,0.003141592654,4.934802201e-06
5942,0,0,0,0
5943,0.001570796327,2.4674011e-06,0.001570796327,2.4674011e-06
5944,0,0,0,0
5945,0.001570796327,2.4674011e-06,0.001570796327,2.4674011e-06
5946,0.001570796327,2.4674011e-06,0.001570796327,2.4674011e-06
5947,0,0,0,0
5948,0,0,0,0
5949,0,0,0,0
5950,0,0,0,0
5951,0,0,0,0
5952,0,0,0,0
5953,0.00471238898,7.402203301e-06,0.00471238898,7.402203301e-06
5954,0.001570796327,2.4674011e-06,0.001570796327,2.4674011e-06
5955,0,0,0,0
5956,0.003141592654,4.934802201e-06,0.003141592654,4.934802201e-06
5957,0,0,0,0
5958,0.001570796327,2.4674011e-06,0.001570796327,2.4674011e-06
5959,0.001570796327,2.4674011e-06,0.001570796327,2.4674011e-06
5960,0,0,0,0
5961,0.001570796327,2.4674011e-06,0.001570796327,2.4674011e-06
5962,0.001570796327,2.4674011e-06,0.001570796327,2.4674011e-06
5963,0,0,0,0
5964,0,0,0,0
5965,0,0,0,0
5966,0.001570796327,2.4674011e-06,0.001570796327,2.4674011e-06
5967,0.001570796327,2.4674011e-06,0.001570796327,2.4674011e-06
5968,0,0,0,0
5969,0,0,0,0
5970,0.006283185307,9.869604401e-06,0.006283185307,9.869604401e-06
5971,0,0,0,0
5972,0,0,0,0
5973,0,0,0,0
5974,0.001570796327,2.4674011e-06,0.001570796327,2.4674011e-06
5975,0,0,0,0
5976,0.001570796327,2.4674011e-06,0.001570796327,2.4674011e-06
5977,0.003141592654,4.934802201e-06,0.003141592654,4.934802201e-06
5978,0,0,0,0
5979,0,0,0,0
5980,0,0,0,0
5981,0,0,0,0
5982,0.001570796327,2.4674011e-06,0.001570796327,2.4674011e-06
5983,0.001570796327,2.4674011e-06,0.001570796327,2.4674011e-06
5984,0.001570796327,2.4674011e-06,0.001570796327,2.4674011e-06
5985,0.001570796327,2.4674011e-06,0.001570796327,2.4674011e-06
5986,0,0,0,0
5987,0.001570796327,2.4674011e-06,0.001570796327,2.4674011e-06
5988,0.003141592654,4.934802201e-06,0.003141592654,4.934802201e-06
5989,0,0,0,0
5990,0,0,0,0
5991,0.003141592654,4.934802201e-06,0.003141592654,4.934802201e-06
5992,0,0,0,0
5993,0,0,0,0
5994,0,0,0,0
5995,0.001570796327,2.4674011e-06,0.001570796327,2.4674011e-06
5996,0.003141592654,4.934802201e-06,0.003141592654,4.934802201e-06
5997,0.001570796327,2.4674011e-06,0.001570796327,2.4674011e-06
5998,0.003141592654,4.934802201e-06,0.003141592654,4.934802201e-06
5999,0,0,0,0
6000,0,0,0,0
6001,0.001570796327,2.4674011e-06,0.001570796327,2.4674011e-06
6002,0,0,0,0
6003,0.00471238898,7.402203301e-06,0.00471238898,7.402203301e-06
6004,0,0,0,0
6005,0.001570796327,2.4674011e-06,0.001570796327,2.4674011e-06
6006,0.003141592654,4.934802201e-06,0.003141592654,4.934802201e-06
6007,0.003141592654,4.934802201e-06,0.003141592654,4.934802201e-06
6008,0.003141592654,4.934802201e-06,0.003141592654,4.934802201e-06
6009,0.001570796327,2.4674011e-06,0.001570796327,2.4674011e-06
6010,0,0,0,0
6011,0.001570796327,2.4674011e-06,0.001570796327,2.4674011e-06
6012,0.001570796327,2.4674011e-06,0.001570796327,2.4674011e-06
6013,0.001570796327,2.4674011e-06,0.001570796327,2.4674011e-06
6014,0.00471238898,7.402203301e-06,0.00471238898,7.402203301e-06
6015,0,0,0,0
6016,0,0,0,0
6017,0,0,0,0
6018,0,0,0,0
6019,0.001570796327,2.4674011e-06,0.001570796327,2.4674011e-06
6020,0.001570796327,2.4674011e-06,0.001570796327,2.4674011e-06
6021,0.001570796327,2.4674011e-06,0.001570796327,2.4674011e-06
6022,0.003141592654,4.934802201e-06,0.003141592654,4.934802201e-06
6023,0,0,0,0
6024,0,0,0,0
6025,0,0,0,0
6026,0,0,0,0
6027,0,0,0,0
6028,0.006283185307,9.869604401e-06,0.006283185307,9.869604401e-06
6029,0.001570796327,2.4674011e-06,0.001570796327,2.4674011e-06
6030,0,0,0,0
6031,0.001570796327,2.4674011e-06,0.001570796327,2.4674011e-06
6032,0,0,0,0
6033,0,0,0,0
6034,0.003141592654,4.934802201e-06,0.003141592654,4.934802201e-06
6035,0.003141592654,4.934802201e-06,0.003141592654,4.934802201e-06
6036,0,0,0,0
6037,0.001570796327,2.4674011e-06,0.001570796327,2.4674011e-06
6038,0,0,0,0
6039,0.00471238898,7.402203301e-06,0.00471238898,7.402203301e-06
6040,0,0,0,0
6041,0.001570796327,2.4674011e-06,0.001570796327,2.4674011e-06
6042,0,0,0,0
6043,0.001570796327,2.4674011e-06,0.001570796327,2.4674011e-06
6044,0,0,0,0
6045,0,0,0,0
6046,0,0,0,0
6047,0,0,0,0
6048,0.003141592654,4.934802201e-06,0.003141592654,4.934802201e-06
6049,0,0,0,0
6050,0,0,0,0
6051,0.001570796327,2.4674011e-06,0.001570796327,2.4674011e-06
6052,0,0,0,0
6053,0.001570796327,2.4674011e-06,0.001570796327,2.4674011e-06
6054,0.001570796327,2.4674011e-06,0.001570796327,2.4674011e-06
6055,0,0,0,0
6056,0.00471238898,7.402203301e-06,0.00471238898,7.402203301e-06
6057,0.003141592654,4.934802201e-06,0.003141592654,4.934802201e-06
6058,0.001570796327,2.4674011e-06,0.001570796327,2.4674011e-06
6059,0.001570796327,2.4674011e-06,0.001570796327,2.4674011e-06
6060,0,0,0,0
6061,0,0,0,0
6062,0.001570796327,2.4674011e-06,0.001570796327,2.4674011e-06
6063,0.001570796327,2.4674011e-06,0.001570796327,2.4674011e-06
6064,0,0,0,0
6065,0,0,0,0
6066,0.003141592654,4.934802201e-06,0.003141592654,4.934802201e-06
6067,0,0,0,0
6068,0,0,0,0
6069,0.001570796327,2.4674011e-06,0.001570796327,2.4674011e-06
6070,0,0,0,0
6071,0,0,0,0
6072,0,0,0,0
6073,0,0,0,0
6074,0.001570796327,2.4674011e-06,0.001570796327,2.4674011e-06
6075,0,0,0,0
6076,0,0,0,0
6077,0,0,0,0
6078,0.001570796327,2.4674011e-06,0.001570796327,2.4674011e-06
6079,0,0,0,0
6080,0,0,0,0
6081,0,0,0,0
6082,0.001570796327,2.4674011e-06,0.001570796327,2.4674011e-06
6083,0.001570796327,2.4674011e-06,0.001570796327,2.4674011e-06
6084,0.001570796327,2.4674011e-06,0.001570796327,2.4674011e-06
6085,0.001570796327,2.4674011e-06,0.001570796327,2.4674011e-06
6086,0.001570796327,2.4674011e-06,0.001570796327,2.4674011e-06
6087,0,0,0,0
6088,0.001570796327,2.4674011e-06,0.001570796327,2.4674011e-06
6089,0,0,0,0
6090,0.003141592654,4.934802201e-06,0.003141592654,4.934802201e-06
6091,0.001570796327,2.4674011e-06,0.001570796327,2.4674011e-06
6092,0,0,0,0
6093,0.00471238898,7.402203301e-06,0.00471238898,7.402203301e-06
6094,0,0,0,0
6095,0.001570796327,2.4674011e-06,0.001570796327,2.4674011e-06
6096,0.001570796327,2.4674011e-06,0.001570796327,2.4674011e-06
6097,0,0,0,0
6098,0,0,0,0
6099,0.001570796327,2.4674011e-06,0.001570796327,2.4674011e-06
6100,0.001570796327,2.4674011e-06,0.001570796327,2.4674011e-06
6101,0.00471238898,7.402203301e-06,0.00471238898,7.402203301e-06
6102,0.001570796327,2.4674011e-06,0.001570796327,2.4674011e-06
6103,0.001570796327,2.4674011e-06,0.001570796327,2.4674011e-06
6104,0.001570796327,2.4674011e-06,0.001570796327,2.4674011e-06
6105,0,0,0,0
6106,0,0,0,0
6107,0,0,0,0
6108,0,0,0,0
6109,0,0,0,0
6110,0.001570796327,2.4674011e-06,0.001570796327,2.4674011e-06
6111,0,0,0,0
6112,0.001570796327,2.4674011e-06,0.001570796327,2.4674011e-06
6113,0,0,0,0
6114,0.001570796327,2.4674011e-06,0.001570796327,2.4674011e-06
6115,0,0,0,0
6116,0.001570796327,2.4674011e-06,0.001570796327,2.4674011e-06
6117,0,0,0,0
6118,0,0,0,0
6119,0.003141592654,4.934802201e-06,0.003141592654,4.934802201e-06
6120,0.003141592654,4.934802201e-06,0.003141592654,4.934802201e-06
6121,0.00471238898,7.402203301e-06,0.00471238898,7.402203301e-06
6122,0,0,0,0
6123,0.003141592654,4.934802201e-06,0.003141592654,4.934802201e-06
6124,0.001570796327,2.4674011e-06,0.001570796327,2.4674011e-06
6125,0,0,0,0
6126,0.003141592654,4.934802201e-06,0.003141592654,4.934802201e-06
6127,0.001570796327,2.4674011e-06,0.001570796327,2.4674011e-06
6128,0.00471238898,7.402203301e-06,0.00471238898,7.402203301e-06
6129,0.001570796327,2.4674011e-06,0.001570796327,2.4674011e-06
6130,0.001570796327,2.4674011e-06,0.001570796327,2.4674011e-06
6131,0.003141592654,4.934802201e-06,0.003141592654,4.934802201e-06
6132,0.003141592654,4.934802201e-06,0.003141592654,4.934802201e-06
6133,0,0,0,0
6134,0,0,0,0
6135,0,0,0,0
6136,0,0,0,0
6137,0,0,0,0
6138,0.001570796327,2.4674011e-06,0.001570796327,2.4674011e-06
6139,0,0,0,0
6140,0.001570796327,2.4674011e-06,0.001570796327,2.4674011e-06
6141,0.001570796327,2.4674011e-06,0.001570796327,2.4674011e-06
6142,0.003141592654,4.934802201e-06,0.003141592654,4.934802201e-06
6143,0.003141592654,4.934802201e-06,0.003141592654,4.934802201e-06
6144,0.001570796327,2.4674011e-06,0.001570796327,2.4674011e-06
6145,0,0,0,0
6146,0,0,0,0
6147,0.003141592654,4.934802201e-06,0.003141592654,4.934802201e-06
6148,0.001570796327,2.4674011e-06,0.001570796327,2.4674011e-06
6149,0,0,0,0
6150,0,0,0,0
6151,0.003141592654,4.934802201e-06,0.003141592654,4.934802201e-06
6152,0.001570796327,2.4674011e-06,0.001570796327,2.4674011e-06
6153,0,0,0,0
6154,0,0,0,0
6155,0.001570796327,2.4674011e-06,0.001570796327,2.4674011e-06
6156,0,0,0,0
6157,0,0,0,0
6158,0.00471238898,7.402203301e-06,0.00471238898,7.402203301e-06
6159,0,0,0,0
6160,0,0,0,0
6161,0,0,0,0
6162,0,0,0,0
6163,0,0,0,0
6164,0,0,0,0
6165,0,0,0,0
6166,0,0,0,0
6167,0.003141592654,4.934802201e-06,0.003141592654,4.934802201e-06
6168,0,0,0,0
6169,0,0,0,0
6170,0.003141592654,4.934802201e-06,0.003141592654,4.934802201e-06
6171,0,0,0,0
6172,0,0,0,0
6173,0.001570796327,2.4674011e-06,0.001570796327,2.4674011e-06
6174,0.001570796327,2.4674011e-06,0.001570796327,2.4674011e-06
6175,0,0,0,0
6176,0.001570796327,2.4674011e-06,0.001570796327,2.4674011e-06
6177,0.001570796327,2.4674011e-06,0.001570796327,2.4674011e-06
6178,0.001570796327,2.4674011e-06,0.001570796327,2.4674011e-06
6179,0.001570796327,2.4674011e-06,0.001570796327,2.4674011e-06
6180,0.001570796327,2.4674011e-06,0.001570796327,2.4674011e-06
6181,0,0,0,0
6182,0.001570796327,2.4674011e-06,0.001570796327,2.4674011e-06
6183,0,0,0,0
6184,0,0,0,0
6185,0.001570796327,2.4674011e-06,0.001570796327,2.4674011e-06
6186,0.001570796327,2.4674011e-06,0.001570796327,2.4674011e-06
6187,0.001570796327,2.4674011e-06,0.001570796327,2.4674011e-06
6188,0.003141592654,4.934802201e-06,0.003141592654,4.934802201e-06
6189,0,0,0,0
6190,0.003141592654,4.934802201e-06,0.003141592654,4.934802201e-06
6191,0,0,0,0
6192,0,0,0,0
6193,0.003141592654,4.934802201e-06,0.003141592654,4.934802201e-06
6194,0.001570796327,2.4674011e-06,0.001570796327,2.4674011e-06
6195,0.001570796327,2.4674011e-06,0.001570796327,2.4674011e-06
6196,0.001570796327,2.4674011e-06,0.001570796327,2.4674011e-06
6197,0.001570796327,2.4674011e-06,0.001570796327,2.4674011e-06
6198,0.001570796327,2.4674011e-06,0.001570796327,2.4674011e-06
6199,0,0,0,0
6200,0,0,0,0
6201,0,0,0,0
6202,0,0,0,0
6203,0,0,0,0
6204,0,0,0,0
6205,0,0,0,0
6206,0,0,0,0
6207,0.001570796327,2.4674011e-06,0.001570796327,2.4674011e-06
6208,0.003141592654,4.934802201e-06,0.003141592654,4.934802201e-06
6209,0.003141592654,4.934802201e-06,0.003141592654,4.934802201e-06
6210,0.001570796327,2.4674011e-06,0.001570796327,2.4674011e-06
6211,0.003141592654,4.934802201e-06,0.003141592654,4.934802201e-06
6212,0,0,0,0
6213,0,0,0,0
6214,0,0,0,0
6215,0.001570796327,2.4674011e-06,0.001570796327,2.4674011e-06
6216,0.001570796327,2.4674011e-06,0.001570796327,2.4674011e-06
6217,0,0,0,0
6218,0.00471238898,7.402203301e-06,0.00471238898,7.402203301e-06
6219,0,0,0,0
6220,0,0,0,0
6221,0.003141592654,4.934802201e-06,0.003141592654,4.934802201e-06
6222,0,0,0,0
6223,0.003141592654,4.934802201e-06,0.003141592654,4.934802201e-06
6224,0,0,0,0
6225,0,0,0,0
6226,0,0,0,0
6227,0.001570796327,2.4674011e-06,0.001570796327,2.4674011e-06
6228,0.001570796327,2.4674011e-06,0.001570796327,2.4674011e-06
6229,0,0,0,0
6230,0.001570796327,2.4674011e-06,0.001570796327,2.4674011e-06
6231,0.001570796327,2.4674011e-06,0.001570796327,2.4674011e-06
6232,0,0,0,0
6233,0.001570796327,2.4674011e-06,0.001570796327,2.4674011e-06
6234,0,0,0,0
6235,0,0,0,0
6236,0,0,0,0
6237,0,0,0,0
6238,0.001570796327,2.4674011e-06,0.001570796327,2.4674011e-06
6239,0.003141592654,4.934802201e-06,0.003141592654,4.934802201e-06
6240,0,0,0,0
6241,0.001570796327,2.4674011e-06,0.001570796327,2.4674011e-06
6242,0.001570796327,2.4674011e-06,0.001570796327,2.4674011e-06
6243,0,0,0,0
6244,0,0,0,0
6245,0.001570796327,2.4674011e-06,0.001570796327,2.4674011e-06
6246,0,0,0,0
6247,0,0,0,0
6248,0,0,0,0
6249,0,0,0,0
6250,0,0,0,0
6251,0.00471238898,7.402203301e-06,0.00471238898,7.402203301e-06
6252,0,0,0,0
6253,0,0,0,0
6254,0,0,0,0
6255,0,0,0,0
6256,0.001570796327,2.4674011e-06,0.001570796327,2.4674011e-06
6257,0,0,0,0
6258,0.001570796327,2.4674011e-06,0.001570796327,2.4674011e-06
6259,0,0,0,0
6260,0,0,0,0
6261,0.001570796327,2.4674011e-06,0.001570796327,2.4674011e-06
6262,0,0,0,0
6263,0.00471238898,7.402203301e-06,0.00471238898,7.402203301e-06
6264,0.001570796327,2.4674011e-06,0.001570796327,2.4674011e-06
6265,0.001570796327,2.4674011e-06,0.001570796327,2.4674011e-06
6266,0.00471238898,7.402203301e-06,0.00471238898,7.402203301e-06
6267,0.001570796327,2.4674011e-06,0.001570796327,2.4674011e-06
6268,0,0,0,0
6269,0,0,0,0
6270,0,0,0,0
6271,0,0,0,0
6272,0.001570796327,2.4674011e-06,0.001570796327,2.4674011e-06
6273,0,0,0,0
6274,0.001570796327,2.4674011e-06,0.001570796327,2.4674011e-06
6275,0.001570796327,2.4674011e-06,0.001570796327,2.4674011e-06
6276,0,0,0,0
6277,0,0,0,0
6278,0.00471238898,7.402203301e-06,0.00471238898,7.402203301e-06
6279,0,0,0,0
6280,0,0,0,0
6281,0.003141592654,4.934802201e-06,0.003141592654,4.934802201e-06
6282,0,0,0,0
6283,0.001570796327,2.4674011e-06,0.001570796327,2.4674011e-06
6284,0,0,0,0
6285,0,0,0,0
6286,0.001570796327,2.4674011e-06,0.001570796327,2.4674011e-06
6287,0.001570796327,2.4674011e-06,0.001570796327,2.4674011e-06
6288,0,0,0,0
6289,0.003141592654,4.934802201e-06,0.003141592654,4.934802201e-06
6290,0,0,0,0
6291,0,0,0,0
6292,0,0,0,0
6293,0.003141592654,4.934802201e-06,0.003141592654,4.934802201e-06
6294,0,0,0,0
6295,0,0,0,0
6296,0,0,0,0
6297,0,0,0,0
6298,0,0,0,0
6299,0.001570796327,2.4674011e-06,0.001570796327,2.4674011e-06
6300,0.001570796327,2.4674011e-06,0.001570796327,2.4674011e-06
6301,0.001570796327,2.4674011e-06,0.001570796327,2.4674011e-06
6302,0,0,0,0
6303,0.001570796327,2.4674011e-06,0.001570796327,2.4674011e-06
6304,0.003141592654,4.934802201e-06,0.003141592654,4.934802201e-06
6305,0,0,0,0
6306,0.001570796327,2.4674011e-06,0.001570796327,2.4674011e-06
6307,0,0,0,0
6308,0,0,0,0
6309,0.00471238898,7.402203301e-06,0.00471238898,7.402203301e-06
6310,0.001570796327,2.4674011e-06,0.001570796327,2.4674011e-06
6311,0.001570796327,2.4674011e-06,0.001570796327,2.4674011e-06
6312,0,0,0,0
6313,0.001570796327,2.4674011e-06,0.001570796327,2.4674011e-06
6314,0.001570796327,2.4674011e-06,0.001570796327,2.4674011e-06
6315,0.003141592654,4.934802201e-06,0.003141592654,4.934802201e-06
6316,0.001570796327,2.4674011e-06,0.001570796327,2.4674011e-06
6317,0.003141592654,4.934802201e-06,0.003141592654,4.934802201e-06
6318,0.001570796327,2.4674011e-06,0.001570796327,2.4674011e-06
6319,0.003141592654,4.934802201e-06,0.003141592654,4.934802201e-06
6320,0,0,0,0
6321,0.003141592654,4.934802201e-06,0.003141592654,4.934802201e-06
6322,0,0,0,0
6323,0.001570796327,2.4674011e-06,0.001570796327,2.4674011e-06
6324,0.001570796327,2.4674011e-06,0.001570796327,2.4674011e-06
6325,0.006283185307,9.869604401e-06,0.006283185307,9.869604401e-06
6326,0,0,0,0
6327,0.001570796327,2.4674011e-06,0.001570796327,2.4674011e-06
6328,0,0,0,0
6329,0,0,0,0
6330,0.001570796327,2.4674011e-06,0.001570796327,2.4674011e-06
6331,0.001570796327,2.4674011e-06,0.001570796327,2.4674011e-06
6332,0.001570796327,2.4674011e-06,0.001570796327,2.4674011e-06
6333,0.003141592654,4.934802201e-06,0.003141592654,4.934802201e-06
6334,0.001570796327,2.4674011e-06,0.001570796327,2.4674011e-06
6335,0.001570796327,2.4674011e-06,0.001570796327,2.4674011e-06
6336,0,0,0,0
6337,0.003141592654,4.934802201e-06,0.003141592654,4.934802201e-06
6338,0.003141592654,4.934802201e-06,0.003141592654,4.934802201e-06
6339,0,0,0,0
6340,0,0,0,0
6341,0.001570796327,2.4674011e-06,0.001570796327,2.4674011e-06
6342,0,0,0,0
6343,0,0,0,0
6344,0,0,0,0
6345,0.00471238898,7.402203301e-06,0.00471238898,7.402203301e-06
6346,0.001570796327,2.4674011e-06,0.001570796327,2.4674011e-06
6347,0,0,0,0
6348,0,0,0,0
6349,0.001570796327,2.4674011e-06,0.001570796327,2.4674011e-06
6350,0,0,0,0
6351,0,0,0,0
6352,0.001570796327,2.4674011e-06,0.001570796327,2.4674011e-06
6353,0.001570796327,2.4674011e-06,0.001570796327,2.4674011e-06
6354,0,0,0,0
6355,0.001570796327,2.4674011e-06,0.001570796327,2.4674011e-06
6356,0.001570796327,2.4674011e-06,0.001570796327,2.4674011e-06
6357,0,0,0,0
6358,0.001570796327,2.4674011e-06,0.001570796327,2.4674011e-06
6359,0.001570796327,2.4674011e-06,0.001570796327,2.4674011e-06
6360,0,0,0,0
6361,0.001570796327,2.4674011e-06,0.001570796327,2.4674011e-06
6362,0.001570796327,2.4674011e-06,0.001570796327,2.4674011e-06
6363,0,0,0,0
6364,0.001570796327,2.4674011e-06,0.001570796327,2.4674011e-06
6365,0,0,0,0
6366,0.001570796327,2.4674011e-06,0.001570796327,2.4674011e-06
6367,0.001570796327,2.4674011e-06,0.001570796327,2.4674011e-06
6368,0,0,0,0
6369,0,0,0,0
6370,0,0,0,0
6371,0.001570796327,2.4674011e-06,0.001570796327,2.4674011e-06
6372,0,0,0,0
6373,0,0,0,0
6374,0.001570796327,2.4674011e-06,0.001570796327,2.4674011e-06
6375,0.003141592654,4.934802201e-06,0.003141592654,4.934802201e-06
6376,0.001570796327,2.4674011e-06,0.001570796327,2.4674011e-06
6377,0,0,0,0
6378,0,0,0,0
6379,0,0,0,0
6380,0,0,0,0
6381,0,0,0,0
6382,0.001570796327,2.4674011e-06,0.001570796327,2.4674011e-06
6383,0.001570796327,2.4674011e-06,0.001570796327,2.4674011e-06
6384,0.001570796327,2.4674011e-06,0.001570796327,2.4674011e-06
6385,0.001570796327,2.4674011e-06,0.001570796327,2.4674011e-06
6386,0,0,0,0
6387,0,0,0,0
6388,0.001570796327,2.4674011e-06,0.001570796327,2.4674011e-06
6389,0,0,0,0
6390,0.001570796327,2.4674011e-06,0.001570796327,2.4674011e-06
6391,0.003141592654,4.934802201e-06,0.003141592654,4.934802201e-06
6392,0,0,0,0
6393,0.003141592654,4.934802201e-06,0.003141592654,4.934802201e-06
6394,0.001570796327,2.4674011e-06,0.001570796327,2.4674011e-06
6395,0.003141592654,4.934802201e-06,0.003141592654,4.934802201e-06
6396,0,0,0,0
6397,0.001570796327,2.4674011e-06,0.001570796327,2.4674011e-06
6398,0,0,0,0
6399,0,0,0,0
6400,0.001570796327,2.4674011e-06,0.001570796327,2.4674011e-06
6401,0,0,0,0
6402,0,0,0,0
6403,0,0,0,0
6404,0.001570796327,2.4674011e-06,0.001570796327,2.4674011e-06
6405,0.003141592654,4.934802201e-06,0.003141592654,4.934802201e-06
6406,0,0,0,0
6407,0,0,0,0
6408,0,0,0,0
6409,0.001570796327,2.4674011e-06,0.001570796327,2.4674011e-06
6410,0,0,0,0
6411,0,0,0,0
6412,0.001570796327,2.4674011e-06,0.001570796327,2.4674011e-06
6413,0,0,0,0
6414,0,0,0,0
6415,0.001570796327,2.4674011e-06,0.001570796327,2.4674011e-06
6416,0.00471238898,7.402203301e-06,0.00471238898,7.402203301e-06
6417,0.00471238898,7.402203301e-06,0.00471238898,7.402203301e-06
6418,0,0,0,0
6419,0,0,0,0
6420,0,0,0,0
6421,0.001570796327,2.4674011e-06,0.001570796327,2.4674011e-06
6422,0.001570796327,2.4674011e-06,0.001570796327,2.4674011e-06
6423,0,0,0,0
6424,0.001570796327,2.4674011e-06,0.001570796327,2.4674011e-06
6425,0,0,0,0
6426,0.003141592654,4.934802201e-06,0.003141592654,4.934802201e-06
6427,0,0,0,0
6428,0,0,0,0
6429,0.003141592654,4.934802201e-06,0.003141592654,4.934802201e-06
6430,0,0,0,0
6431,0,0,0,0
6432,0,0,0,0
6433,0,0,0,0
6434,0.001570796327,2.4674011e-06,0.001570796327,2.4674011e-06
6435,0.001570796327,2.4674011e-06,0.001570796327,2.4674011e-06
6436,0.001570796327,2.4674011e-06,0.001570796327,2.4674011e-06
6437,0,0,0,0
6438,0.001570796327,2.4674011e-06,0.001570796327,2.4674011e-06
6439,0,0,0,0
6440,0,0,0,0
6441,0.003141592654,4.934802201e-06,0.003141592654,4.934802201e-06
6442,0.003141592654,4.934802201e-06,0.003141592654,4.934802201e-06
6443,0,0,0,0
6444,0,0,0,0
6445,0.001570796327,2.4674011e-06,0.001570796327,2.4674011e-06
6446,0,0,0,0
6447,0,0,0,0
6448,0,0,0,0
6449,0.003141592654,4.934802201e-06,0.003141592654,4.934802201e-06
6450,0.003141592654,4.934802201e-06,0.003141592654,4.934802201e-06
6451,0,0,0,0
6452,0.001570796327,2.4674011e-06,0.001570796327,2.4674011e-06
6453,0.001570796327,2.4674011e-06,0.001570796327,2.4674011e-06
6454,0,0,0,0
6455,0.00471238898,7.402203301e-06,0.00471238898,7.402203301e-06
6456,0,0,0,0
6457,0.001570796327,2.4674011e-06,0.001570796327,2.4674011e-06
6458,0,0,0,0
6459,0.003141592654,4.934802201e-06,0.003141592654,4.934802201e-06
6460,0.001570796327,2.4674011e-06,0.001570796327,2.4674011e-06
6461,0,0,0,0
6462,0.00471238898,7.402203301e-06,0.00471238898,7.402203301e-06
6463,0,0,0,0
6464,0.001570796327,2.4674011e-06,0.001570796327,2.4674011e-06
6465,0,0,0,0
6466,0,0,0,0
6467,0.003141592654,4.934802201e-06,0.003141592654,4.934802201e-06
6468,0,0,0,0
6469,0.00471238898,7.402203301e-06,0.00471238898,7.402203301e-06
6470,0,0,0,0
6471,0.001570796327,2.4674011e-06,0.001570796327,2.4674011e-06
6472,0.003141592654,4.934802201e-06,0.003141592654,4.934802201e-06
6473,0,0,0,0
6474,0.001570796327,2.4674011e-06,0.001570796327,2.4674011e-06
6475,0.001570796327,2.4674011e-06,0.001570796327,2.4674011e-06
6476,0.001570796327,2.4674011e-06,0.001570796327,2.4674011e-06
6477,0.001570796327,2.4674011e-06,0.001570796327,2.4674011e-06
6478,0,0,0,0
6479,0.003141592654,4.934802201e-06,0.003141592654,4.934802201e-06
6480,0,0,0,0
6481,0,0,0,0
6482,0.00471238898,7.402203301e-06,0.00471238898,7.402203301e-06
6483,0.001570796327,2.4674011e-06,0.001570796327,2.4674011e-06
6484,0.001570796327,2.4674011e-06,0.001570796327,2.4674011e-06
6485,0,0,0,0
6486,0,0,0,0
6487,0.001570796327,2.4674011e-06,0.001570796327,2.4674011e-06
6488,0.001570796327,2.4674011e-06,0.001570796327,2.4674011e-06
6489,0,0,0,0
6490,0,0,0,0
6491,0.001570796327,2.4674011e-06,0.001570796327,2.4674011e-06
6492,0.001570796327,2.4674011e-06,0.001570796327,2.4674011e-06
6493,0.001570796327,2.4674011e-06,0.001570796327,2.4674011e-06
6494,0,0,0,0
6495,0,0,0,0
6496,0,0,0,0
6497,0,0,0,0
6498,0.001570796327,2.4674011e-06,0.001570796327,2.4674011e-06
6499,0.001570796327,2.4674011e-06,0.001570796327,2.4674011e-06
6500,0.001570796327,2.4674011e-06,0.001570796327,2.4674011e-06
6501,0.001570796327,2.4674011e-06,0.001570796327,2.4674011e-06
6502,0.003141592654,4.934802201e-06,0.003141592654,4.934802201e-06
6503,0.00471238898,7.402203301e-06,0.00471238898,7.402203301e-06
6504,0.003141592654,4.934802201e-06,0.003141592654,4.934802201e-06
6505,0.001570796327,2.4674011e-06,0.001570796327,2.4674011e-06
6506,0.001570796327,2.4674011e-06,0.001570796327,2.4674011e-06
6507,0,0,0,0
6508,0,0,0,0
6509,0.001570796327,2.4674011e-06,0.001570796327,2.4674011e-06
6510,0,0,0,0
6511,0.003141592654,4.934802201e-06,0.003141592654,4.934802201e-06
6512,0,0,0,0
6513,0.001570796327,2.4674011e-06,0.001570796327,2.4674011e-06
6514,0,0,0,0
6515,0.00471238898,7.402203301e-06,0.00471238898,7.402203301e-06
6516,0.003141592654,4.934802201e-06,0.003141592654,4.934802201e-06
6517,0.001570796327,2.4674011e-06,0.001570796327,2.4674011e-06
6518,0,0,0,0
6519,0.001570796327,2.4674011e-06,0.001570796327,2.4674011e-06
6520,0,0,0,0
6521,0.001570796327,2.4674011e-06,0.001570796327,2.4674011e-06
6522,0.003141592654,4.934802201e-06,0.003141592654,4.934802201e-06
6523,0,0,0,0
6524,0.001570796327,2.4674011e-06,0.001570796327,2.4674011e-06
6525,0.001570796327,2.4674011e-06,0.001570796327,2.4674011e-06
6526,0.001570796327,2.4674011e-06,0.001570796327,2.4674011e-06
6527,0,0,0,0
6528,0,0,0,0
6529,0.001570796327,2.4674011e-06,0.001570796327,2.4674011e-06
6530,0.001570796327,2.4674011e-06,0.001570796327,2.4674011e-06
6531,0,0,0,0
6532,0.003141592654,4.934802201e-06,0.003141592654,4.934802201e-06
6533,0.001570796327,2.4674011e-06,0.001570796327,2.4674011e-06
6534,0,0,0,0
6535,0,0,0,0
6536,0,0,0,0
6537,0,0,0,0
6538,0,0,0,0
6539,0.001570796327,2.4674011e-06,0.001570796327,2.4674011e-06
6540,0,0,0,0
6541,0,0,0,0
6542,0.003141592654,4.934802201e-06,0.003141592654,4.934802201e-06
6543,0,0,0,0
6544,0,0,0,0
6545,0,0,0,0
6546,0.001570796327,2.4674011e-06,0.001570796327,2.4674011e-06
6547,0,0,0,0
6548,0.003141592654,4.934802201e-06,0.003141592654,4.934802201e-06
6549,0,0,0,0
6550,0.001570796327,2.4674011e-06,0.001570796327,2.4674011e-06
6551,0,0,0,0
6552,0,0,0,0
6553,0.001570796327,2.4674011e-06,0.001570796327,2.4674011e-06
6554,0.001570796327,2.4674011e-06,0.001570796327,2.4674011e-06
6555,0,0,0,0
6556,0.001570796327,2.4674011e-06,0.001570796327,2.4674011e-06
6557,0.003141592654,4.934802201e-06,0.003141592654,4.934802201e-06
6558,0.001570796327,2.4674011e-06,0.001570796327,2.4674011e-06
6559,0.001570796327,2.4674011e-06,0.001570796327,2.4674011e-06
6560,0,0,0,0
6561,0.003141592654,4.934802201e-06,0.003141592654,4.934802201e-06
6562,0,0,0,0
6563,0,0,0,0
6564,0.001570796327,2.4674011e-06,0.001570796327,2.4674011e-06
6565,0,0,0,0
6566,0.001570796327,2.4674011e-06,0.001570796327,2.4674011e-06
6567,0.003141592654,4.934802201e-06,0.003141592654,4.934802201e-06
6568,0,0,0,0
6569,0.001570796327,2.4674011e-06,0.001570796327,2.4674011e-06
6570,0.001570796327,2.4674011e-06,0.001570796327,2.4674011e-06
6571,0.00471238898,7.402203301e-06,0.00471238898,7.402203301e-06
6572,0.001570796327,2.4674011e-06,0.001570796327,2.4674011e-06
6573,0.001570796327,2.4674011e-06,0.001570796327,2.4674011e-06
6574,0.001570796327,2.4674011e-06,0.001570796327,2.4674011e-06
6575,0.001570796327,2.4674011e-06,0.001570796327,2.4674011e-06
6576,0.003141592654,4.934802201e-06,0.003141592654,4.934802201e-06
6577,0.001570796327,2.4674011e-06,0.001570796327,2.4674011e-06
6578,0.001570796327,2.4674011e-06,0.001570796327,2.4674011e-06
6579,0.00471238898,7.402203301e-06,0.00471238898,7.402203301e-06
6580,0.001570796327,2.4674011e-06,0.001570796327,2.4674011e-06
6581,0,0,0,0
6582,0,0,0,0
6583,0,0,0,0
6584,0,0,0,0
6585,0,0,0,0
6586,0,0,0,0
6587,0.001570796327,2.4674011e-06,0.001570796327,2.4674011e-06
6588,0,0,0,0
6589,0.001570796327,2.4674011e-06,0.001570796327,2.4674011e-06
6590,0.001570796327,2.4674011e-06,0.001570796327,2.4674011e-06
6591,0,0,0,0
6592,0,0,0,0
6593,0.003141592654,4.934802201e-06,0.003141592654,4.934802201e-06
6594,0.003141592654,4.934802201e-06,0.003141592654,4.934802201e-06
6595,0,0,0,0
6596,0,0,0,0
6597,0,0,0,0
6598,0.001570796327,2.4674011e-06,0.001570796327,2.4674011e-06
6599,0.003141592654,4.934802201e-06,0.003141592654,4.934802201e-06
6600,0.00471238898,7.402203301e-06,0.00471238898,7.402203301e-06
6601,0.001570796327,2.4674011e-06,0.001570796327,2.4674011e-06
6602,0.001570796327,2.4674011e-06,0.001570796327,2.4674011e-06
6603,0,0,0,0
6604,0.001570796327,2.4674011e-06,0.001570796327,2.4674011e-06
6605,0.001570796327,2.4674011e-06,0.001570796327,2.4674011e-06
6606,0.001570796327,2.4674011e-06,0.001570796327,2.4674011e-06
6607,0.00471238898,7.402203301e-06,0.00471238898,7.402203301e-06
6608,0,0,0,0
6609,0.00471238898,7.402203301e-06,0.00471238898,7.402203301e-06
6610,0,0,0,0
6611,0.001570796327,2.4674011e-06,0.001570796327,2.4674011e-06
6612,0.00471238898,7.402203301e-06,0.00471238898,7.402203301e-06
6613,0,0,0,0
6614,0,0,0,0
6615,0,0,0,0
6616,0.003141592654,4.934802201e-06,0.003141592654,4.934802201e-06
6617,0.001570796327,2.4674011e-06,0.001570796327,2.4674011e-06
6618,0.001570796327,2.4674011e-06,0.001570796327,2.4674011e-06
6619,0.003141592654,4.934802201e-06,0.003141592654,4.934802201e-06
6620,0,0,0,0
6621,0.00471238898,7.402203301e-06,0.00471238898,7.402203301e-06
6622,0,0,0,0
6623,0.001570796327,2.4674011e-06,0.001570796327,2.4674011e-06
6624,0.001570796327,2.4674011e-06,0.001570796327,2.4674011e-06
6625,0.003141592654,4.934802201e-06,0.003141592654,4.934802201e-06
6626,0.001570796327,2.4674011e-06,0.001570796327,2.4674011e-06
6627,0.001570796327,2.4674011e-06,0.001570796327,2.4674011e-06
6628,0,0,0,0
6629,0,0,0,0
6630,0.001570796327,2.4674011e-06,0.001570796327,2.4674011e-06
6631,0.001570796327,2.4674011e-06,0.001570796327,2.4674011e-06
6632,0,0,0,0
6633,0,0,0,0
6634,0,0,0,0
6635,0,0,0,0
6636,0,0,0,0
6637,0.001570796327,2.4674011e-06,0.001570796327,2.4674011e-06
6638,0.003141592654,4.934802201e-06,0.003141592654,4.934802201e-06
6639,0.003141592654,4.934802201e-06,0.003141592654,4.934802201e-06
6640,0.001570796327,2.4674011e-06,0.001570796327,2.4674011e-06
6641,0,0,0,0
6642,0.001570796327,2.4674011e-06,0.001570796327,2.4674011e-06
6643,0.001570796327,2.4674011e-06,0.001570796327,2.4674011e-06
6644,0,0,0,0
6645,0,0,0,0
6646,0,0,0,0
6647,0,0,0,0
6648,0,0,0,0
6649,0,0,0,0
6650,0,0,0,0
6651,0,0,0,0
6652,0.003141592654,4.934802201e-06,0.003141592654,4.934802201e-06
6653,0.001570796327,2.4674011e-06,0.001570796327,2.4674011e-06
6654,0,0,0,0
6655,0,0,0,0
6656,0,0,0,0
6657,0.003141592654,4.934802201e-06,0.003141592654,4.934802201e-06
6658,0.003141592654,4.934802201e-06,0.003141592654,4.934802201e-06
6659,0,0,0,0
6660,0.003141592654,4.934802201e-06,0.003141592654,4.934802201e-06
6661,0.003141592654,4.934802201e-06,0.003141592654,4.934802201e-06
6662,0,0,0,0
6663,0,0,0,0
6664,0.001570796327,2.4674011e-06,0.001570796327,2.4674011e-06
6665,0.003141592654,4.934802201e-06,0.003141592654,4.934802201e-06
6666,0,0,0,0
6667,0.001570796327,2.4674011e-06,0.001570796327,2.4674011e-06
6668,0.001570796327,2.4674011e-06,0.001570796327,2.4674011e-06
6669,0.001570796327,2.4674011e-06,0.001570796327,2.4674011e-06
6670,0.001570796327,2.4674011e-06,0.001570796327,2.4674011e-06
6671,0.001570796327,2.4674011e-06,0.001570796327,2.4674011e-06
6672,0.001570796327,2.4674011e-06,0.001570796327,2.4674011e-06
6673,0.001570796327,2.4674011e-06,0.001570796327,2.4674011e-06
6674,0,0,0,0
6675,0.001570796327,2.4674011e-06,0.001570796327,2.4674011e-06
6676,0,0,0,0
6677,0.003141592654,4.934802201e-06,0.003141592654,4.934802201e-06
6678,0,0,0,0
6679,0,0,0,0
6680,0.001570796327,2.4674011e-06,0.001570796327,2.4674011e-06
6681,0.001570796327,2.4674011e-06,0.001570796327,2.4674011e-06
6682,0,0,0,0
6683,0.001570796327,2.4674011e-06,0.001570796327,2.4674011e-06
6684,0.001570796327,2.4674011e-06,0.001570796327,2.4674011e-06
6685,0,0,0,0
6686,0,0,0,0
6687,0.001570796327,2.4674011e-06,0.001570796327,2.4674011e-06
6688,0.001570796327,2.4674011e-06,0.001570796327,2.4674011e-06
6689,0.001570796327,2.4674011e-06,0.001570796327,2.4674011e-06
6690,0,0,0,0
6691,0.001570796327,2.4674011e-06,0.001570796327,2.4674011e-06
6692,0,0,0,0
6693,0,0,0,0
6694,0.001570796327,2.4674011e-06,0.001570796327,2.4674011e-06
6695,0.003141592654,4.934802201e-06,0.003141592654,4.934802201e-06
6696,0,0,0,0
6697,0.003141592654,4.934802201e-06,0.003141592654,4.934802201e-06
6698,0,0,0,0
6699,0,0,0,0
6700,0.001570796327,2.4674011e-06,0.001570796327,2.4674011e-06
6701,0,0,0,0
6702,0,0,0,0
6703,0.001570796327,2.4674011e-06,0.001570796327,2.4674011e-06
6704,0.001570796327,2.4674011e-06,0.001570796327,2.4674011e-06
6705,0.00471238898,7.402203301e-06,0.00471238898,7.402203301e-06
6706,0,0,0,0
6707,0.001570796327,2.4674011e-06,0.001570796327,2.4674011e-06
6708,0,0,0,0
6709,0.001570796327,2.4674011e-06,0.001570796327,2.4674011e-06
6710,0,0,0,0
6711,0.001570796327,2.4674011e-06,0.001570796327,2.4674011e-06
6712,0,0,0,0
6713,0.00471238898,7.402203301e-06,0.00471238898,7.402203301e-06
6714,0,0,0,0
6715,0.001570796327,2.4674011e-06,0.001570796327,2.4674011e-06
6716,0.001570796327,2.4674011e-06,0.001570796327,2.4674011e-06
6717,0.001570796327,2.4674011e-06,0.001570796327,2.4674011e-06
6718,0,0,0,0
6719,0,0,0,0
6720,0.001570796327,2.4674011e-06,0.001570796327,2.4674011e-06
6721,0,0,0,0
6722,0,0,0,0
6723,0,0,0,0
6724,0.001570796327,2.4674011e-06,0.001570796327,2.4674011e-06
6725,0.001570796327,2.4674011e-06,0.001570796327,2.4674011e-06
6726,0.001570796327,2.4674011e-06,0.001570796327,2.4674011e-06
6727,0,0,0,0
6728,0,0,0,0
6729,0.001570796327,2.4674011e-06,0.001570796327,2.4674011e-06
6730,0,0,0,0
6731,0.001570796327,2.4674011e-06,0.001570796327,2.4674011e-06
6732,0.001570796327,2.4674011e-06,0.001570796327,2.4674011e-06
6733,0.001570796327,2.4674011e-06,0.001570796327,2.4674011e-06
6734,0,0,0,0
6735,0.003141592654,4.934802201e-06,0.003141592654,4.934802201e-06
6736,0,0,0,0
6737,0,0,0,0
6738,0,0,0,0
6739,0,0,0,0
6740,0,0,0,0
6741,0,0,0,0
6742,0.003141592654,4.934802201e-06,0.003141592654,4.934802201e-06
6743,0,0,0,0
6744,0,0,0,0
6745,0.001570796327,2.4674011e-06,0.001570796327,2.4674011e-06
6746,0.00471238898,7.402203301e-06,0.00471238898,7.402203301e-06
6747,0.001570796327,2.4674011e-06,0.001570796327,2.4674011e-06
6748,0,0,0,0
6749,0.001570796327,2.4674011e-06,0.001570796327,2.4674011e-06
6750,0,0,0,0
6751,0,0,0,0
6752,0.001570796327,2.4674011e-06,0.001570796327,2.4674011e-06
6753,0,0,0,0
6754,0.003141592654,4.934802201e-06,0.003141592654,4.934802201e-06
6755,0.001570796327,2.4674011e-06,0.001570796327,2.4674011e-06
6756,0.001570796327,2.4674011e-06,0.001570796327,2.4674011e-06
6757,0.001570796327,2.4674011e-06,0.001570796327,2.4674011e-06
6758,0.00471238898,7.402203301e-06,0.00471238898,7.402203301e-06
6759,0.00471238898,7.402203301e-06,0.00471238898,7.402203301e-06
6760,0.00471238898,7.402203301e-06,0.00471238898,7.402203301e-06
6761,0.001570796327,2.4674011e-06,0.001570796327,2.4674011e-06
6762,0,0,0,0
6763,0,0,0,0
6764,0.001570796327,2.4674011e-06,0.001570796327,2.4674011e-06
6765,0.003141592654,4.934802201e-06,0.003141592654,4.934802201e-06
6766,0.003141592654,4.934802201e-06,0.003141592654,4.934802201e-06
6767,0,0,0,0
6768,0.003141592654,4.934802201e-06,0.003141592654,4.934802201e-06
6769,0.001570796327,2.4674011e-06,0.001570796327,2.4674011e-06
6770,0,0,0,0
6771,0.001570796327,2.4674011e-06,0.001570796327,2.4674011e-06
6772,0.003141592654,4.934802201e-06,0.003141592654,4.934802201e-06
6773,0,0,0,0
6774,0,0,0,0
6775,0.001570796327,2.4674011e-06,0.001570796327,2.4674011e-06
6776,0,0,0,0
6777,0,0,0,0
6778,0.001570796327,2.4674011e-06,0.001570796327,2.4674011e-06
6779,0.001570796327,2.4674011e-06,0.001570796327,2.4674011e-06
6780,0,0,0,0
6781,0.001570796327,2.4674011e-06,0.001570796327,2.4674011e-06
6782,0,0,0,0
6783,0,0,0,0
6784,0.001570796327,2.4674011e-06,0.001570796327,2.4674011e-06
6785,0,0,0,0
6786,0.001570796327,2.4674011e-06,0.001570796327,2.4674011e-06
6787,0,0,0,0
6788,0.001570796327,2.4674011e-06,0.001570796327,2.4674011e-06
6789,0.00471238898,7.402203301e-06,0.00471238898,7.402203301e-06
6790,0,0,0,0
6791,0,0,0,0
6792,0.001570796327,2.4674011e-06,0.001570796327,2.4674011e-06
6793,0,0,0,0
6794,0.001570796327,2.4674011e-06,0.001570796327,2.4674011e-06
6795,0.001570796327,2.4674011e-06,0.001570796327,2.4674011e-06
6796,0,0,0,0
6797,0,0,0,0
6798,0,0,0,0
6799,0,0,0,0
6800,0.001570796327,2.4674011e-06,0.001570796327,2.4674011e-06
6801,0.003141592654,4.934802201e-06,0.003141592654,4.934802201e-06
6802,0.001570796327,2.4674011e-06,0.001570796327,2.4674011e-06
6803,0,0,0,0
6804,0,0,0,0
6805,0,0,0,0
6806,0,0,0,0
6807,0.001570796327,2.4674011e-06,0.001570796327,2.4674011e-06
6808,0.00471238898,7.402203301e-06,0.00471238898,7.402203301e-06
6809,0.001570796327,2.4674011e-06,0.001570796327,2.4674011e-06
6810,0.003141592654,4.934802201e-06,0.003141592654,4.934802201e-06
6811,0,0,0,0
6812,0,0,0,0
6813,0.001570796327,2.4674011e-06,0.001570796327,2.4674011e-06
6814,0,0,0,0
6815,0.001570796327,2.4674011e-06,0.001570796327,2.4674011e-06
6816,0,0,0,0
6817,0,0,0,0
6818,0.00471238898,7.402203301e-06,0.00471238898,7.402203301e-06
6819,0.001570796327,2.4674011e-06,0.001570796327,2.4674011e-06
6820,0,0,0,0
6821,0.001570796327,2.4674011e-06,0.001570796327,2.4674011e-06
6822,0.00471238898,7.402203301e-06,0.00471238898,7.402203301e-06
6823,0,0,0,0
6824,0.001570796327,2.4674011e-06,0.001570796327,2.4674011e-06
6825,0.001570796327,2.4674011e-06,0.001570796327,2.4674011e-06
6826,0.001570796327,2.4674011e-06,0.001570796327,2.4674011e-06
6827,0.00471238898,7.402203301e-06,0.00471238898,7.402203301e-06
6828,0.001570796327,2.4674011e-06,0.001570796327,2.4674011e-06
6829,0.00471238898,7.402203301e-06,0.00471238898,7.402203301e-06
6830,0,0,0,0
6831,0,0,0,0
6832,0.001570796327,2.4674011e-06,0.001570796327,2.4674011e-06
6833,0.001570796327,2.4674011e-06,0.001570796327,2.4674011e-06
6834,0,0,0,0
6835,0.001570796327,2.4674011e-06,0.001570796327,2.4674011e-06
6836,0.001570796327,2.4674011e-06,0.001570796327,2.4674011e-06
6837,0.001570796327,2.4674011e-06,0.001570796327,2.4674011e-06
6838,0.001570796327,2.4674011e-06,0.001570796327,2.4674011e-06
6839,0,0,0,0
6840,0,0,0,0
6841,0.003141592654,4.934802201e-06,0.003141592654,4.934802201e-06
6842,0.001570796327,2.4674011e-06,0.001570796327,2.4674011e-06
6843,0.001570796327,2.4674011e-06,0.001570796327,2.4674011e-06
6844,0,0,0,0
6845,0,0,0,0
6846,0,0,0,0
6847,0.001570796327,2.4674011e-06,0.001570796327,2.4674011e-06
6848,0,0,0,0
6849,0,0,0,0
6850,0.001570796327,2.4674011e-06,0.001570796327,2.4674011e-06
6851,0.001570796327,2.4674011e-06,0.001570796327,2.4674011e-06
6852,0,0,0,0
6853,0.003141592654,4.934802201e-06,0.003141592654,4.934802201e-06
6854,0,0,0,0
6855,0,0,0,0
6856,0,0,0,0
6857,0,0,0,0
6858,0.001570796327,2.4674011e-06,0.001570796327,2.4674011e-06
6859,0,0,0,0
6860,0.001570796327,2.4674011e-06,0.001570796327,2.4674011e-06
6861,0,0,0,0
6862,0,0,0,0
6863,0.001570796327,2.4674011e-06,0.001570796327,2.4674011e-06
6864,0,0,0,0
6865,0.003141592654,4.934802201e-06,0.003141592654,4.934802201e-06
6866,0,0,0,0
6867,0,0,0,0
6868,0.00471238898,7.402203301e-06,0.00471238898,7.402203301e-06
6869,0.001570796327,2.4674011e-06,0.001570796327,2.4674011e-06
6870,0,0,0,0
6871,0.001570796327,2.4674011e-06,0.001570796327,2.4674011e-06
6872,0.003141592654,4.934802201e-06,0.003141592654,4.934802201e-06
6873,0.001570796327,2.4674011e-06,0.001570796327,2.4674011e-06
6874,0,0,0,0
6875,0,0,0,0
6876,0,0,0,0
6877,0.003141592654,4.934802201e-06,0.003141592654,4.934802201e-06
6878,0.001570796327,2.4674011e-06,0.001570796327,2.4674011e-06
6879,0.003141592654,4.934802201e-06,0.003141592654,4.934802201e-06
6880,0.001570796327,2.4674011e-06,0.001570796327,2.4674011e-06
6881,0.001570796327,2.4674011e-06,0.001570796327,2.4674011e-06
6882,0,0,0,0
6883,0.001570796327,2.4674011e-06,0.001570796327,2.4674011e-06
6884,0,0,0,0
6885,0.001570796327,2.4674011e-06,0.001570796327,2.4674011e-06
6886,0,0,0,0
6887,0.003141592654,4.934802201e-06,0.003141592654,4.934802201e-06
6888,0.003141592654,4.934802201e-06,0.003141592654,4.934802201e-06
6889,0.001570796327,2.4674011e-06,0.001570796327,2.4674011e-06
6890,0.001570796327,2.4674011e-06,0.001570796327,2.4674011e-06
6891,0.003141592654,4.934802201e-06,0.003141592654,4.934802201e-06
6892,0.001570796327,2.4674011e-06,0.001570796327,2.4674011e-06
6893,0,0,0,0
6894,0,0,0,0
6895,0.001570796327,2.4674011e-06,0.001570796327,2.4674011e-06
6896,0.006283185307,9.869604401e-06,0.006283185307,9.869604401e-06
6897,0,0,0,0
6898,0,0,0,0
6899,0.001570796327,2.4674011e-06,0.001570796327,2.4674011e-06
6900,0,0,0,0
6901,0,0,0,0
6902,0.001570796327,2.4674011e-06,0.001570796327,2.4674011e-06
6903,0,0,0,0
6904,0.003141592654,4.934802201e-06,0.003141592654,4.934802201e-06
6905,0,0,0,0
6906,0.003141592654,4.934802201e-06,0.003141592654,4.934802201e-06
6907,0,0,0,0
6908,0,0,0,0
6909,0,0,0,0
6910,0.001570796327,2.4674011e-06,0.001570796327,2.4674011e-06
6911,0,0,0,0
6912,0,0,0,0
6913,0,0,0,0
6914,0.003141592654,4.934802201e-06,0.003141592654,4.934802201e-06
6915,0.001570796327,2.4674011e-06,0.001570796327,2.4674011e-06
6916,0.003141592654,4.934802201e-06,0.003141592654,4.934802201e-06
6917,0,0,0,0
6918,0,0,0,0
6919,0.001570796327,2.4674011e-06,0.001570796327,2.4674011e-06
6920,0,0,0,0
6921,0.001570796327,2.4674011e-06,0.001570796327,2.4674011e-06
6922,0.001570796327,2.4674011e-06,0.001570796327,2.4674011e-06
6923,0.001570796327,2.4674011e-06,0.001570796327,2.4674011e-06
6924,0,0,0,0
6925,0.003141592654,4.934802201e-06,0.003141592654,4.934802201e-06
6926,0.001570796327,2.4674011e-06,0.001570796327,2.4674011e-06
6927,0,0,0,0
6928,0.001570796327,2.4674011e-06,0.001570796327,2.4674011e-06
6929,0.001570796327,2.4674011e-06,0.001570796327,2.4674011e-06
6930,0,0,0,0
6931,0,0,0,0
6932,0,0,0,0
6933,0,0,0,0
6934,0,0,0,0
6935,0.001570796327,2.4674011e-06,0.001570796327,2.4674011e-06
6936,0.001570796327,2.4674011e-06,0.001570796327,2.4674011e-06
6937,0.001570796327,2.4674011e-06,0.001570796327,2.4674011e-06
6938,0,0,0,0
6939,0.001570796327,2.4674011e-06,0.001570796327,2.4674011e-06
6940,0.003141592654,4.934802201e-06,0.003141592654,4.934802201e-06
6941,0,0,0,0
6942,0.001570796327,2.4674011e-06,0.001570796327,2.4674011e-06
6943,0,0,0,0
6944,0.001570796327,2.4674011e-06,0.001570796327,2.4674011e-06
6945,0.001570796327,2.4674011e-06,0.001570796327,2.4674011e-06
6946,0.001570796327,2.4674011e-06,0.001570796327,2.4674011e-06
6947,0.003141592654,4.934802201e-06,0.003141592654,4.934802201e-06
6948,0,0,0,0
6949,0,0,0,0
6950,0,0,0,0
6951,0.001570796327,2.4674011e-06,0.001570796327,2.4674011e-06
6952,0,0,0,0
6953,0.001570796327,2.4674011e-06,0.001570796327,2.4674011e-06
6954,0,0,0,0
6955,0.003141592654,4.934802201e-06,0.003141592654,4.934802201e-06
6956,0.003141592654,4.934802201e-06,0.003141592654,4.934802201e-06
6957,0.003141592654,4.934802201e-06,0.003141592654,4.934802201e-06
6958,0,0,0,0
6959,0,0,0,0
6960,0.001570796327,2.4674011e-06,0.001570796327,2.4674011e-06
6961,0,0,0,0
6962,0.003141592654,4.934802201e-06,0.003141592654,4.934802201e-06
6963,0.001570796327,2.4674011e-06,0.001570796327,2.4674011e-06
6964,0,0,0,0
6965,0.001570796327,2.4674011e-06,0.001570796327,2.4674011e-06
6966,0.001570796327,2.4674011e-06,0.001570796327,2.4674011e-06
6967,0.001570796327,2.4674011e-06,0.001570796327,2.4674011e-06
6968,0.001570796327,2.4674011e-06,0.001570796327,2.4674011e-06
6969,0,0,0,0
6970,0,0,0,0
6971,0,0,0,0
6972,0.003141592654,4.934802201e-06,0.003141592654,4.934802201e-06
6973,0.001570796327,2.4674011e-06,0.001570796327,2.4674011e-06
6974,0,0,0,0
6975,0.003141592654,4.934802201e-06,0.003141592654,4.934802201e-06
6976,0,0,0,0
6977,0,0,0,0
6978,0,0,0,0
6979,0.001570796327,2.4674011e-06,0.001570796327,2.4674011e-06
6980,0.001570796327,2.4674011e-06,0.001570796327,2.4674011e-06
6981,0.003141592654,4.934802201e-06,0.003141592654,4.934802201e-06
6982,0,0,0,0
6983,0.001570796327,2.4674011e-06,0.001570796327,2.4674011e-06
6984,0,0,0,0
6985,0,0,0,0
6986,0.00471238898,7.402203301e-06,0.00471238898,7.402203301e-06
6987,0,0,0,0
6988,0.001570796327,2.4674011e-06,0.001570796327,2.4674011e-06
6989,0.003141592654,4.934802201e-06,0.003141592654,4.934802201e-06
6990,0.001570796327,2.4674011e-06,0.001570796327,2.4674011e-06
6991,0.001570796327,2.4674011e-06,0.001570796327,2.4674011e-06
6992,0.001570796327,2.4674011e-06,0.001570796327,2.4674011e-06
6993,0.001570796327,2.4674011e-06,0.001570796327,2.4674011e-06
6994,0,0,0,0
6995,0,0,0,0
6996,0,0,0,0
6997,0,0,0,0
6998,0.003141592654,4.934802201e-06,0.003141592654,4.934802201e-06
6999,0,0,0,0
7000,0,0,0,0
7001,0,0,0,0
7002,0.001570796327,2.4674011e-06,0.001570796327,2.4674011e-06
7003,0,0,0,0
7004,0.001570796327,2.4674011e-06,0.001570796327,2.4674011e-06
7005,0,0,0,0
7006,0.001570796327,2.4674011e-06,0.001570796327,2.4674011e-06
7007,0.001570796327,2.4674011e-06,0.001570796327,2.4674011e-06
7008,0.003141592654,4.934802201e-06,0.003141592654,4.934802201e-06
7009,0.001570796327,2.4674011e-06,0.001570796327,2.4674011e-06
7010,0,0,0,0
7011,0.001570796327,2.4674011e-06,0.001570796327,2.4674011e-06
7012,0.001570796327,2.4674011e-06,0.001570796327,2.4674011e-06
7013,0,0,0,0
7014,0.00471238898,7.402203301e-06,0.00471238898,7.402203301e-06
7015,0,0,0,0
7016,0.00471238898,7.402203301e-06,0.00471238898,7.402203301e-06
7017,0.003141592654,4.934802201e-06,0.003141592654,4.934802201e-06
7018,0,0,0,0
7019,0.001570796327,2.4674011e-06,0.001570796327,2.4674011e-06
7020,0.003141592654,4.934802201e-06,0.003141592654,4.934802201e-06
7021,0.001570796327,2.4674011e-06,0.001570796327,2.4674011e-06
7022,0,0,0,0
7023,0.003141592654,4.934802201e-06,0.003141592654,4.934802201e-06
7024,0,0,0,0
7025,0.001570796327,2.4674011e-06,0.001570796327,2.4674011e-06
7026,0,0,0,0
7027,0.001570796327,2.4674011e-06,0.001570796327,2.4674011e-06
7028,0,0,0,0
7029,0.001570796327,2.4674011e-06,0.001570796327,2.4674011e-06
7030,0.001570796327,2.4674011e-06,0.001570796327,2.4674011e-06
7031,0.001570796327,2.4674011e-06,0.001570796327,2.4674011e-06
7032,0,0,0,0
7033,0,0,0,0
7034,0,0,0,0
7035,0,0,0,0
7036,0,0,0,0
7037,0,0,0,0
7038,0,0,0,0
7039,0.001570796327,2.4674011e-06,0.001570796327,2.4674011e-06
7040,0.001570796327,2.4674011e-06,0.001570796327,2.4674011e-06
7041,0,0,0,0
7042,0.001570796327,2.4674011e-06,0.001570796327,2.4674011e-06
7043,0.001570796327,2.4674011e-06,0.001570796327,2.4674011e-06
7044,0,0,0,0
7045,0.00471238898,7.402203301e-06,0.00471238898,7.402203301e-06
7046,0,0,0,0
7047,0.001570796327,2.4674011e-06,0.001570796327,2.4674011e-06
7048,0,0,0,0
7049,0.003141592654,4.934802201e-06,0.003141592654,4.934802201e-06
7050,0,0,0,0
7051,0,0,0,0
7052,0.001570796327,2.4674011e-06,0.001570796327,2.4674011e-06
7053,0.001570796327,2.4674011e-06,0.001570796327,2.4674011e-06
7054,0,0,0,0
7055,0,0,0,0
7056,0,0,0,0
7057,0.003141592654,4.934802201e-06,0.003141592654,4.934802201e-06
7058,0.001570796327,2.4674011e-06,0.001570796327,2.4674011e-06
7059,0,0,0,0
7060,0,0,0,0
7061,0,0,0,0
7062,0,0,0,0
7063,0.001570796327,2.4674011e-06,0.001570796327,2.4674011e-06
7064,0.00471238898,7.402203301e-06,0.00471238898,7.402203301e-06
7065,0,0,0,0
7066,0.001570796327,2.4674011e-06,0.001570796327,2.4674011e-06
7067,0.003141592654,4.934802201e-06,0.003141592654,4.934802201e-06
7068,0,0,0,0
7069,0,0,0,0
7070,0.001570796327,2.4674011e-06,0.001570796327,2.4674011e-06
7071,0,0,0,0
7072,0.001570796327,2.4674011e-06,0.001570796327,2.4674011e-06
7073,0.001570796327,2.4674011e-06,0.001570796327,2.4674011e-06
7074,0,0,0,0
7075,0,0,0,0
7076,0.001570796327,2.4674011e-06,0.001570796327,2.4674011e-06
7077,0,0,0,0
7078,0.001570796327,2.4674011e-06,0.001570796327,2.4674011e-06
7079,0.003141592654,4.934802201e-06,0.003141592654,4.934802201e-06
7080,0,0,0,0
7081,0.001570796327,2.4674011e-06,0.001570796327,2.4674011e-06
7082,0,0,0,0
7083,0.001570796327,2.4674011e-06,0.001570796327,2.4674011e-06
7084,0.006283185307,9.869604401e-06,0.006283185307,9.869604401e-06
7085,0.003141592654,4.934802201e-06,0.003141592654,4.934802201e-06
7086,0,0,0,0
7087,0.003141592654,4.934802201e-06,0.003141592654,4.934802201e-06
7088,0,0,0,0
7089,0.003141592654,4.934802201e-06,0.003141592654,4.934802201e-06
7090,0,0,0,0
7091,0.003141592654,4.934802201e-06,0.003141592654,4.934802201e-06
7092,0.001570796327,2.4674011e-06,0.001570796327,2.4674011e-06
7093,0.003141592654,4.934802201e-06,0.003141592654,4.934802201e-06
7094,0,0,0,0
7095,0,0,0,0
7096,0.003141592654,4.934802201e-06,0.003141592654,4.934802201e-06
7097,0,0,0,0
7098,0.001570796327,2.4674011e-06,0.001570796327,2.4674011e-06
7099,0.001570796327,2.4674011e-06,0.001570796327,2.4674011e-06
7100,0,0,0,0
7101,0,0,0,0
7102,0,0,0,0
7103,0,0,0,0
7104,0.001570796327,2.4674011e-06,0.001570796327,2.4674011e-06
7105,0,0,0,0
7106,0.00471238898,7.402203301e-06,0.00471238898,7.402203301e-06
7107,0,0,0,0
7108,0,0,0,0
7109,0.003141592654,4.934802201e-06,0.003141592654,4.934802201e-06
7110,0,0,0,0
7111,0,0,0,0
7112,0.001570796327,2.4674011e-06,0.001570796327,2.4674011e-06
7113,0,0,0,0
7114,0.001570796327,2.4674011e-06,0.001570796327,2.4674011e-06
7115,0,0,0,0
7116,0.001570796327,2.4674011e-06,0.001570796327,2.4674011e-06
7117,0,0,0,0
7118,0,0,0,0
7119,0.001570796327,2.4674011e-06,0.001570796327,2.4674011e-06
7120,0,0,0,0
7121,0,0,0,0
7122,0,0,0,0
7123,0.001570796327,2.4674011e-06,0.001570796327,2.4674011e-06
7124,0,0,0,0
7125,0,0,0,0
7126,0,0,0,0
7127,0,0,0,0
7128,0.001570796327,2.4674011e-06,0.001570796327,2.4674011e-06
7129,0,0,0,0
7130,0.001570796327,2.4674011e-06,0.001570796327,2.4674011e-06
7131,0.001570796327,2.4674011e-06,0.001570796327,2.4674011e-06
7132,0,0,0,0
7133,0.001570796327,2.4674011e-06,0.001570796327,2.4674011e-06
7134,0.001570796327,2.4674011e-06,0.001570796327,2.4674011e-06
7135,0,0,0,0
7136,0.001570796327,2.4674011e-06,0.001570796327,2.4674011e-06
7137,0.001570796327,2.4674011e-06,0.001570796327,2.4674011e-06
7138,0.001570796327,2.4674011e-06,0.001570796327,2.4674011e-06
7139,0.001570796327,2.4674011e-06,0.001570796327,2.4674011e-06
7140,0,0,0,0
7141,0.001570796327,2.4674011e-06,0.001570796327,2.4674011e-06
7142,0.001570796327,2.4674011e-06,0.001570796327,2.4674011e-06
7143,0,0,0,0
7144,0,0,0,0
7145,0.001570796327,2.4674011e-06,0.001570796327,2.4674011e-06
7146,0,0,0,0
7147,0,0,0,0
7148,0.001570796327,2.4674011e-06,0.001570796327,2.4674011e-06
7149,0.001570796327,2.4674011e-06,0.001570796327,2.4674011e-06
7150,0.003141592654,4.934802201e-06,0.003141592654,4.934802201e-06
7151,0.001570796327,2.4674011e-06,0.001570796327,2.4674011e-06
7152,0,0,0,0
7153,0,0,0,0
7154,0,0,0,0
7155,0,0,0,0
7156,0.001570796327,2.4674011e-06,0.001570796327,2.4674011e-06
7157,0.001570796327,2.4674011e-06,0.001570796327,2.4674011e-06
7158,0.001570796327,2.4674011e-06,0.001570796327,2.4674011e-06
7159,0.00471238898,7.402203301e-06,0.00471238898,7.402203301e-06
7160,0.00471238898,7.402203301e-06,0.00471238898,7.402203301e-06
7161,0.001570796327,2.4674011e-06,0.001570796327,2.4674011e-06
7162,0,0,0,0
7163,0,0,0,0
7164,0,0,0,0
7165,0,0,0,0
7166,0.001570796327,2.4674011e-06,0.001570796327,2.4674011e-06
7167,0.001570796327,2.4674011e-06,0.001570796327,2.4674011e-06
7168,0.003141592654,4.934802201e-06,0.003141592654,4.934802201e-06
7169,0.003141592654,4.934802201e-06,0.003141592654,4.934802201e-06
7170,0,0,0,0
7171,0.001570796327,2.4674011e-06,0.001570796327,2.4674011e-06
7172,0.00471238898,7.402203301e-06,0.00471238898,7.402203301e-06
7173,0.001570796327,2.4674011e-06,0.001570796327,2.4674011e-06
7174,0,0,0,0
7175,0,0,0,0
7176,0,0,0,0
7177,0,0,0,0
7178,0,0,0,0
7179,0,0,0,0
7180,0.001570796327,2.4674011e-06,0.001570796327,2.4674011e-06
7181,0.00471238898,7.402203301e-06,0.00471238898,7.402203301e-06
7182,0,0,0,0
7183,0.003141592654,4.934802201e-06,0.003141592654,4.934802201e-06
7184,0.001570796327,2.4674011e-06,0.001570796327,2.4674011e-06
7185,0,0,0,0
7186,0,0,0,0
7187,0,0,0,0
7188,0.006283185307,9.869604401e-06,0.006283185307,9.869604401e-06
7189,0.003141592654,4.934802201e-06,0.003141592654,4.934802201e-06
7190,0,0,0,0
7191,0,0,0,0
7192,0,0,0,0
7193,0,0,0,0
7194,0,0,0,0
7195,0.001570796327,2.4674011e-06,0.001570796327,2.4674011e-06
7196,0,0,0,0
7197,0,0,0,0
7198,0,0,0,0
7199,0.001570796327,2.4674011e-06,0.001570796327,2.4674011e-06
7200,0.001570796327,2.4674011e-06,0.001570796327,2.4674011e-06
7201,0.001570796327,2.4674011e-06,0.001570796327,2.4674011e-06
7202,0,0,0,0
7203,0,0,0,0
7204,0,0,0,0
7205,0,0,0,0
7206,0,0,0,0
7207,0,0,0,0
7208,0.001570796327,2.4674011e-06,0.001570796327,2.4674011e-06
7209,0.001570796327,2.4674011e-06,0.001570796327,2.4674011e-06
7210,0.001570796327,2.4674011e-06,0.001570796327,2.4674011e-06
7211,0.001570796327,2.4674011e-06,0.001570796327,2.4674011e-06
7212,0.001570796327,2.4674011e-06,0.001570796327,2.4674011e-06
7213,0,0,0,0
7214,0.001570796327,2.4674011e-06,0.001570796327,2.4674011e-06
7215,0,0,0,0
7216,0,0,0,0
7217,0,0,0,0
7218,0,0,0,0
7219,0.001570796327,2.4674011e-06,0.001570796327,2.4674011e-06
7220,0.003141592654,4.934802201e-06,0.003141592654,4.934802201e-06
7221,0.001570796327,2.4674011e-06,0.001570796327,2.4674011e-06
7222,0.00471238898,7.402203301e-06,0.00471238898,7.402203301e-06
7223,0.001570796327,2.4674011e-06,0.001570796327,2.4674011e-06
7224,0.001570796327,2.4674011e-06,0.001570796327,2.4674011e-06
7225,0,0,0,0
7226,0,0,0,0
7227,0,0,0,0
7228,0,0,0,0
7229,0,0,0,0
7230,0.001570796327,2.4674011e-06,0.001570796327,2.4674011e-06
7231,0,0,0,0
7232,0.003141592654,4.934802201e-06,0.003141592654,4.934802201e-06
7233,0.001570796327,2.4674011e-06,0.001570796327,2.4674011e-06
7234,0.001570796327,2.4674011e-06,0.001570796327,2.4674011e-06
7235,0,0,0,0
7236,0.003141592654,4.934802201e-06,0.003141592654,4.934802201e-06
7237,0.001570796327,2.4674011e-06,0.001570796327,2.4674011e-06
7238,0.001570796327,2.4674011e-06,0.001570796327,2.4674011e-06
7239,0.001570796327,2.4674011e-06,0.001570796327,2.4674011e-06
7240,0.001570796327,2.4674011e-06,0.001570796327,2.4674011e-06
7241,0,0,0,0
7242,0.006283185307,9.869604401e-06,0.006283185307,9.869604401e-06
7243,0.003141592654,4.934802201e-06,0.003141592654,4.934802201e-06
7244,0.001570796327,2.4674011e-06,0.001570796327,2.4674011e-06
7245,0.001570796327,2.4674011e-06,0.001570796327,2.4674011e-06
7246,0.001570796327,2.4674011e-06,0.001570796327,2.4674011e-06
7247,0,0,0,0
7248,0,0,0,0
7249,0.003141592654,4.934802201e-06,0.003141592654,4.934802201e-06
7250,0.006283185307,9.869604401e-06,0.006283185307,9.869604401e-06
7251,0,0,0,0
7252,0.001570796327,2.4674011e-06,0.001570796327,2.4674011e-06
7253,0.001570796327,2.4674011e-06,0.001570796327,2.4674011e-06
7254,0.003141592654,4.934802201e-06,0.003141592654,4.934802201e-06
7255,0,0,0,0
7256,0,0,0,0
7257,0.003141592654,4.934802201e-06,0.003141592654,4.934802201e-06
7258,0.003141592654,4.934802201e-06,0.003141592654,4.934802201e-06
7259,0.001570796327,2.4674011e-06,0.001570796327,2.4674011e-06
7260,0.001570796327,2.4674011e-06,0.001570796327,2.4674011e-06
7261,0.001570796327,2.4674011e-06,0.001570796327,2.4674011e-06
7262,0,0,0,0
7263,0.003141592654,4.934802201e-06,0.003141592654,4.934802201e-06
7264,0,0,0,0
7265,0.001570796327,2.4674011e-06,0.001570796327,2.4674011e-06
7266,0.003141592654,4.934802201e-06,0.003141592654,4.934802201e-06
7267,0.001570796327,2.4674011e-06,0.001570796327,2.4674011e-06
7268,0.001570796327,2.4674011e-06,0.001570796327,2.4674011e-06
7269,0,0,0,0
7270,0.001570796327,2.4674011e-06,0.001570796327,2.4674011e-06
7271,0,0,0,0
7272,0.003141592654,4.934802201e-06,0.003141592654,4.934802201e-06
7273,0,0,0,0
7274,0,0,0,0
7275,0.003141592654,4.934802201e-06,0.003141592654,4.934802201e-06
7276,0.001570796327,2.4674011e-06,0.001570796327,2.4674011e-06
7277,0.001570796327,2.4674011e-06,0.001570796327,2.4674011e-06
7278,0.003141592654,4.934802201e-06,0.003141592654,4.934802201e-06
7279,0,0,0,0
7280,0.001570796327,2.4674011e-06,0.001570796327,2.4674011e-06
7281,0,0,0,0
7282,0.001570796327,2.4674011e-06,0.001570796327,2.4674011e-06
7283,0.001570796327,2.4674011e-06,0.001570796327,2.4674011e-06
7284,0.003141592654,4.934802201e-06,0.003141592654,4.934802201e-06
7285,0,0,0,0
7286,0,0,0,0
7287,0.001570796327,2.4674011e-06,0.001570796327,2.4674011e-06
7288,0.003141592654,4.934802201e-06,0.003141592654,4.934802201e-06
7289,0.001570796327,2.4674011e-06,0.001570796327,2.4674011e-06
7290,0.001570796327,2.4674011e-06,0.001570796327,2.4674011e-06
7291,0,0,0,0
7292,0.001570796327,2.4674011e-06,0.001570796327,2.4674011e-06
7293,0,0,0,0
7294,0,0,0,0
7295,0,0,0,0
7296,0.003141592654,4.934802201e-06,0.003141592654,4.934802201e-06
7297,0,0,0,0
7298,0.003141592654,4.934802201e-06,0.003141592654,4.934802201e-06
7299,0,0,0,0
7300,0,0,0,0
7301,0.001570796327,2.4674011e-06,0.001570796327,2.4674011e-06
7302,0,0,0,0
7303,0,0,0,0
7304,0.00471238898,7.402203301e-06,0.00471238898,7.402203301e-06
7305,0.001570796327,2.4674011e-06,0.001570796327,2.4674011e-06
7306,0.001570796327,2.4674011e-06,0.001570796327,2.4674011e-06
7307,0.001570796327,2.4674011e-06,0.001570796327,2.4674011e-06
7308,0,0,0,0
7309,0.00471238898,7.402203301e-06,0.00471238898,7.402203301e-06
7310,0,0,0,0
7311,0.003141592654,4.934802201e-06,0.003141592654,4.934802201e-06
7312,0.001570796327,2.4674011e-06,0.001570796327,2.4674011e-06
7313,0.003141592654,4.934802201e-06,0.003141592654,4.934802201e-06
7314,0.001570796327,2.4674011e-06,0.001570796327,2.4674011e-06
7315,0.003141592654,4.934802201e-06,0.003141592654,4.934802201e-06
7316,0,0,0,0
7317,0.003141592654,4.934802201e-06,0.003141592654,4.934802201e-06
7318,0.001570796327,2.4674011e-06,0.001570796327,2.4674011e-06
7319,0,0,0,0
7320,0,0,0,0
7321,0.001570796327,2.4674011e-06,0.001570796327,2.4674011e-06
7322,0.001570796327,2.4674011e-06,0.001570796327,2.4674011e-06
7323,0.001570796327,2.4674011e-06,0.001570796327,2.4674011e-06
7324,0.001570796327,2.4674011e-06,0.001570796327,2.4674011e-06
7325,0.001570796327,2.4674011e-06,0.001570796327,2.4674011e-06
7326,0,0,0,0
7327,0.001570796327,2.4674011e-06,0.001570796327,2.4674011e-06
7328,0,0,0,0
7329,0,0,0,0
7330,0.001570796327,2.4674011e-06,0.001570796327,2.4674011e-06
7331,0,0,0,0
7332,0,0,0,0
7333,0,0,0,0
7334,0.003141592654,4.934802201e-06,0.003141592654,4.934802201e-06
7335,0,0,0,0
7336,0,0,0,0
7337,0.001570796327,2.4674011e-06,0.001570796327,2.4674011e-06
7338,0.00471238898,7.402203301e-06,0.00471238898,7.402203301e-06
7339,0.001570796327,2.4674011e-06,0.001570796327,2.4674011e-06
7340,0.001570796327,2.4674011e-06,0.001570796327,2.4674011e-06
7341,0.001570796327,2.4674011e-06,0.001570796327,2.4674011e-06
7342,0,0,0,0
7343,0.006283185307,9.869604401e-06,0.006283185307,9.869604401e-06
7344,0.003141592654,4.934802201e-06,0.003141592654,4.934802201e-06
7345,0.001570796327,2.4674011e-06,0.001570796327,2.4674011e-06
7346,0.00471238898,7.402203301e-06,0.00471238898,7.402203301e-06
7347,0.001570796327,2.4674011e-06,0.001570796327,2.4674011e-06
7348,0.001570796327,2.4674011e-06,0.001570796327,2.4674011e-06
7349,0.001570796327,2.4674011e-06,0.001570796327,2.4674011e-06
7350,0,0,0,0
7351,0.001570796327,2.4674011e-06,0.001570796327,2.4674011e-06
7352,0,0,0,0
7353,0,0,0,0
7354,0.001570796327,2.4674011e-06,0.001570796327,2.4674011e-06
7355,0.003141592654,4.934802201e-06,0.003141592654,4.934802201e-06
7356,0,0,0,0
7357,0,0,0,0
7358,0.001570796327,2.4674011e-06,0.001570796327,2.4674011e-06
7359,0,0,0,0
7360,0,0,0,0
7361,0,0,0,0
7362,0.003141592654,4.934802201e-06,0.003141592654,4.934802201e-06
7363,0.001570796327,2.4674011e-06,0.001570796327,2.4674011e-06
7364,0.00471238898,7.402203301e-06,0.00471238898,7.402203301e-06
7365,0.00471238898,7.402203301e-06,0.00471238898,7.402203301e-06
7366,0.006283185307,9.869604401e-06,0.006283185307,9.869604401e-06
7367,0.003141592654,4.934802201e-06,0.003141592654,4.934802201e-06
7368,0.001570796327,2.4674011e-06,0.001570796327,2.4674011e-06
7369,0.003141592654,4.934802201e-06,0.003141592654,4.934802201e-06
7370,0,0,0,0
7371,0,0,0,0
7372,0.001570796327,2.4674011e-06,0.001570796327,2.4674011e-06
7373,0.003141592654,4.934802201e-06,0.003141592654,4.934802201e-06
7374,0,0,0,0
7375,0,0,0,0
7376,0,0,0,0
7377,0,0,0,0
7378,0.001570796327,2.4674011e-06,0.001570796327,2.4674011e-06
7379,0,0,0,0
7380,0,0,0,0
7381,0,0,0,0
7382,0,0,0,0
7383,0.001570796327,2.4674011e-06,0.001570796327,2.4674011e-06
7384,0.003141592654,4.934802201e-06,0.003141592654,4.934802201e-06
7385,0,0,0,0
7386,0.001570796327,2.4674011e-06,0.001570796327,2.4674011e-06
7387,0,0,0,0
7388,0.001570796327,2.4674011e-06,0.001570796327,2.4674011e-06
7389,0.001570796327,2.4674011e-06,0.001570796327,2.4674011e-06
7390,0.001570796327,2.4674011e-06,0.001570796327,2.4674011e-06
7391,0,0,0,0
7392,0.003141592654,4.934802201e-06,0.003141592654,4.934802201e-06
7393,0.001570796327,2.4674011e-06,0.001570796327,2.4674011e-06
7394,0.001570796327,2.4674011e-06,0.001570796327,2.4674011e-06
7395,0,0,0,0
7396,0,0,0,0
7397,0,0,0,0
7398,0.001570796327,2.4674011e-06,0.001570796327,2.4674011e-06
7399,0,0,0,0
7400,0,0,0,0
7401,0.001570796327,2.4674011e-06,0.001570796327,2.4674011e-06
7402,0.001570796327,2.4674011e-06,0.001570796327,2.4674011e-06
7403,0,0,0,0
7404,0.003141592654,4.934802201e-06,0.003141592654,4.934802201e-06
7405,0,0,0,0
7406,0,0,0,0
7407,0.001570796327,2.4674011e-06,0.001570796327,2.4674011e-06
7408,0.003141592654,4.934802201e-06,0.003141592654,4.934802201e-06
7409,0,0,0,0
7410,0,0,0,0
7411,0.001570796327,2.4674011e-06,0.001570796327,2.4674011e-06
7412,0,0,0,0
7413,0,0,0,0
7414,0.001570796327,2.4674011e-06,0.001570796327,2.4674011e-06
7415,0,0,0,0
7416,0,0,0,0
7417,0.001570796327,2.4674011e-06,0.001570796327,2.4674011e-06
7418,0,0,0,0
7419,0,0,0,0
7420,0,0,0,0
7421,0,0,0,0
7422,0,0,0,0
7423,0,0,0,0
7424,0.001570796327,2.4674011e-06,0.001570796327,2.4674011e-06
7425,0,0,0,0
7426,0,0,0,0
7427,0.001570796327,2.4674011e-06,0.001570796327,2.4674011e-06
7428,0,0,0,0
7429,0.001570796327,2.4674011e-06,0.001570796327,2.4674011e-06
7430,0.001570796327,2.4674011e-06,0.001570796327,2.4674011e-06
7431,0.001570796327,2.4674011e-06,0.001570796327,2.4674011e-06
7432,0,0,0,0
7433,0,0,0,0
7434,0.001570796327,2.4674011e-06,0.001570796327,2.4674011e-06
7435,0,0,0,0
7436,0.001570796327,2.4674011e-06,0.001570796327,2.4674011e-06
7437,0.003141592654,4.934802201e-06,0.003141592654,4.934802201e-06
7438,0,0,0,0
7439,0.003141592654,4.934802201e-06,0.003141592654,4.934802201e-06
7440,0.003141592654,4.934802201e-06,0.003141592654,4.934802201e-06
7441,0,0,0,0
7442,0.003141592654,4.934802201e-06,0.003141592654,4.934802201e-06
7443,0,0,0,0
7444,0,0,0,0
7445,0,0,0,0
7446,0.003141592654,4.934802201e-06,0.003141592654,4.934802201e-06
7447,0.003141592654,4.934802201e-06,0.003141592654,4.934802201e-06
7448,0.001570796327,2.4674011e-06,0.001570796327,2.4674011e-06
7449,0.003141592654,4.934802201e-06,0.003141592654,4.934802201e-06
7450,0.001570796327,2.4674011e-06,0.001570796327,2.4674011e-06
7451,0,0,0,0
7452,0.006283185307,9.869604401e-06,0.006283185307,9.869604401e-06
7453,0,0,0,0
7454,0,0,0,0
7455,0.00471238898,7.402203301e-06,0.00471238898,7.402203301e-06
7456,0.001570796327,2.4674011e-06,0.001570796327,2.4674011e-06
7457,0,0,0,0
7458,0.001570796327,2.4674011e-06,0.001570796327,2.4674011e-06
7459,0.001570796327,2.4674011e-06,0.001570796327,2.4674011e-06
7460,0.001570796327,2.4674011e-06,0.001570796327,2.4674011e-06
7461,0,0,0,0
7462,0.001570796327,2.4674011e-06,0.001570796327,2.4674011e-06
7463,0,0,0,0
7464,0,0,0,0
7465,0,0,0,0
7466,0,0,0,0
7467,0.001570796327,2.4674011e-06,0.001570796327,2.4674011e-06
7468,0.003141592654,4.934802201e-06,0.003141592654,4.934802201e-06
7469,0.001570796327,2.4674011e-06,0.001570796327,2.4674011e-06
7470,0,0,0,0
7471,0,0,0,0
7472,0,0,0,0
7473,0.001570796327,2.4674011e-06,0.001570796327,2.4674011e-06
7474,0.001570796327,2.4674011e-06,0.001570796327,2.4674011e-06
7475,0,0,0,0
7476,0.001570796327,2.4674011e-06,0.001570796327,2.4674011e-06
7477,0,0,0,0
7478,0.001570796327,2.4674011e-06,0.001570796327,2.4674011e-06
7479,0.003141592654,4.934802201e-06,0.003141592654,4.934802201e-06
7480,0,0,0,0
7481,0,0,0,0
7482,0,0,0,0
7483,0,0,0,0
7484,0,0,0,0
7485,0.001570796327,2.4674011e-06,0.001570796327,2.4674011e-06
7486,0.001570796327,2.4674011e-06,0.001570796327,2.4674011e-06
7487,0,0,0,0
7488,0.00471238898,7.402203301e-06,0.00471238898,7.402203301e-06
7489,0,0,0,0
7490,0.001570796327,2.4674011e-06,0.001570796327,2.4674011e-06
7491,0.003141592654,4.934802201e-06,0.003141592654,4.934802201e-06
7492,0,0,0,0
7493,0,0,0,0
7494,0,0,0,0
7495,0.003141592654,4.934802201e-06,0.003141592654,4.934802201e-06
7496,0,0,0,0
7497,0,0,0,0
7498,0.001570796327,2.4674011e-06,0.001570796327,2.4674011e-06
7499,0.001570796327,2.4674011e-06,0.001570796327,2.4674011e-06
7500,0.001570796327,2.4674011e-06,0.001570796327,2.4674011e-06
7501,0.003141592654,4.934802201e-06,0.003141592654,4.934802201e-06
7502,0,0,0,0
7503,0,0,0,0
7504,0,0,0,0
7505,0.001570796327,2.4674011e-06,0.001570796327,2.4674011e-06
7506,0.001570796327,2.4674011e-06,0.001570796327,2.4674011e-06
7507,0.001570796327,2.4674011e-06,0.001570796327,2.4674011e-06
7508,0.003141592654,4.934802201e-06,0.003141592654,4.934802201e-06
7509,0.001570796327,2.4674011e-06,0.001570796327,2.4674011e-06
7510,0.001570796327,2.4674011e-06,0.001570796327,2.4674011e-06
7511,0,0,0,0
7512,0.003141592654,4.934802201e-06,0.003141592654,4.934802201e-06
7513,0.001570796327,2.4674011e-06,0.001570796327,2.4674011e-06
7514,0.001570796327,2.4674011e-06,0.001570796327,2.4674011e-06
7515,0.003141592654,4.934802201e-06,0.003141592654,4.934802201e-06
7516,0.001570796327,2.4674011e-06,0.001570796327,2.4674011e-06
7517,0.001570796327,2.4674011e-06,0.001570796327,2.4674011e-06
7518,0.001570796327,2.4674011e-06,0.001570796327,2.4674011e-06
7519,0,0,0,0
7520,0,0,0,0
7521,0.001570796327,2.4674011e-06,0.001570796327,2.4674011e-06
7522,0.001570796327,2.4674011e-06,0.001570796327,2.4674011e-06
7523,0.003141592654,4.934802201e-06,0.003141592654,4.934802201e-06
7524,0,0,0,0
7525,0,0,0,0
7526,0.00471238898,7.402203301e-06,0.00471238898,7.402203301e-06
7527,0,0,0,0
7528,0,0,0,0
7529,0,0,0,0
7530,0,0,0,0
7531,0,0,0,0
7532,0,0,0,0
7533,0,0,0,0
7534,0.001570796327,2.4674011e-06,0.001570796327,2.4674011e-06
7535,0,0,0,0
7536,0.00471238898,7.402203301e-06,0.00471238898,7.402203301e-06
7537,0.001570796327,2.4674011e-06,0.001570796327,2.4674011e-06
7538,0.003141592654,4.934802201e-06,0.003141592654,4.934802201e-06
7539,0.001570796327,2.4674011e-06,0.001570796327,2.4674011e-06
7540,0,0,0,0
7541,0.003141592654,4.934802201e-06,0.003141592654,4.934802201e-06
7542,0.001570796327,2.4674011e-06,0.001570796327,2.4674011e-06
7543,0,0,0,0
7544,0.001570796327,2.4674011e-06,0.001570796327,2.4674011e-06
7545,0,0,0,0
7546,0.003141592654,4.934802201e-06,0.003141592654,4.934802201e-06
7547,0.001570796327,2.4674011e-06,0.001570796327,2.4674011e-06
7548,0,0,0,0
7549,0,0,0,0
7550,0,0,0,0
7551,0.001570796327,2.4674011e-06,0.001570796327,2.4674011e-06
7552,0.001570796327,2.4674011e-06,0.001570796327,2.4674011e-06
7553,0.003141592654,4.934802201e-06,0.003141592654,4.934802201e-06
7554,0,0,0,0
7555,0.001570796327,2.4674011e-06,0.001570796327,2.4674011e-06
7556,0.001570796327,2.4674011e-06,0.001570796327,2.4674011e-06
7557,0.001570796327,2.4674011e-06,0.001570796327,2.4674011e-06
7558,0.001570796327,2.4674011e-06,0.001570796327,2.4674011e-06
7559,0.003141592654,4.934802201e-06,0.003141592654,4.934802201e-06
7560,0.001570796327,2.4674011e-06,0.001570796327,2.4674011e-06
7561,0,0,0,0
7562,0.001570796327,2.4674011e-06,0.001570796327,2.4674011e-06
7563,0,0,0,0
7564,0,0,0,0
7565,0,0,0,0
7566,0,0,0,0
7567,0.003141592654,4.934802201e-06,0.003141592654,4.934802201e-06
7568,0.001570796327,2.4674011e-06,0.001570796327,2.4674011e-06
7569,0,0,0,0
7570,0.001570796327,2.4674011e-06,0.001570796327,2.4674011e-06
7571,0,0,0,0
7572,0.001570796327,2.4674011e-06,0.001570796327,2.4674011e-06
7573,0.001570796327,2.4674011e-06,0.001570796327,2.4674011e-06
7574,0.001570796327,2.4674011e-06,0.001570796327,2.4674011e-06
7575,0.001570796327,2.4674011e-06,0.001570796327,2.4674011e-06
7576,0.001570796327,2.4674011e-06,0.001570796327,2.4674011e-06
7577,0.001570796327,2.4674011e-06,0.001570796327,2.4674011e-06
7578,0,0,0,0
7579,0.001570796327,2.4674011e-06,0.001570796327,2.4674011e-06
7580,0.001570796327,2.4674011e-06,0.001570796327,2.4674011e-06
7581,0,0,0,0
7582,0.001570796327,2.4674011e-06,0.001570796327,2.4674011e-06
7583,0.001570796327,2.4674011e-06,0.001570796327,2.4674011e-06
7584,0.001570796327,2.4674011e-06,0.001570796327,2.4674011e-06
7585,0,0,0,0
7586,0,0,0,0
7587,0,0,0,0
7588,0,0,0,0
7589,0,0,0,0
7590,0,0,0,0
7591,0,0,0,0
7592,0,0,0,0
7593,0.003141592654,4.934802201e-06,0.003141592654,4.934802201e-06
7594,0.001570796327,2.4674011e-06,0.001570796327,2.4674011e-06
7595,0.001570796327,2.4674011e-06,0.001570796327,2.4674011e-06
7596,0.001570796327,2.4674011e-06,0.001570796327,2.4674011e-06
7597,0.001570796327,2.4674011e-06,0.001570796327,2.4674011e-06
7598,0.001570796327,2.4674011e-06,0.001570796327,2.4674011e-06
7599,0,0,0,0
7600,0.001570796327,2.4674011e-06,0.001570796327,2.4674011e-06
7601,0.003141592654,4.934802201e-06,0.003141592654,4.934802201e-06
7602,0.001570796327,2.4674011e-06,0.001570796327,2.4674011e-06
7603,0.001570796327,2.4674011e-06,0.001570796327,2.4674011e-06
7604,0.001570796327,2.4674011e-06,0.001570796327,2.4674011e-06
7605,0,0,0,0
7606,0,0,0,0
7607,0.00471238898,7.402203301e-06,0.00471238898,7.402203301e-06
7608,0.001570796327,2.4674011e-06,0.001570796327,2.4674011e-06
7609,0,0,0,0
7610,0.001570796327,2.4674011e-06,0.001570796327,2.4674011e-06
7611,0,0,0,0
7612,0.003141592654,4.934802201e-06,0.003141592654,4.934802201e-06
7613,0.001570796327,2.4674011e-06,0.001570796327,2.4674011e-06
7614,0,0,0,0
7615,0,0,0,0
7616,0.001570796327,2.4674011e-06,0.001570796327,2.4674011e-06
7617,0,0,0,0
7618,0,0,0,0
7619,0.003141592654,4.934802201e-06,0.003141592654,4.934802201e-06
7620,0.001570796327,2.4674011e-06,0.001570796327,2.4674011e-06
7621,0,0,0,0
7622,0.001570796327,2.4674011e-06,0.001570796327,2.4674011e-06
7623,0,0,0,0
7624,0.003141592654,4.934802201e-06,0.003141592654,4.934802201e-06
7625,0,0,0,0
7626,0,0,0,0
7627,0.001570796327,2.4674011e-06,0.001570796327,2.4674011e-06
7628,0,0,0,0
7629,0.001570796327,2.4674011e-06,0.001570796327,2.4674011e-06
7630,0,0,0,0
7631,0.001570796327,2.4674011e-06,0.001570796327,2.4674011e-06
7632,0,0,0,0
7633,0,0,0,0
7634,0.001570796327,2.4674011e-06,0.001570796327,2.4674011e-06
7635,0.001570796327,2.4674011e-06,0.001570796327,2.4674011e-06
7636,0,0,0,0
7637,0.001570796327,2.4674011e-06,0.001570796327,2.4674011e-06
7638,0,0,0,0
7639,0.001570796327,2.4674011e-06,0.001570796327,2.4674011e-06
7640,0.001570796327,2.4674011e-06,0.001570796327,2.4674011e-06
7641,0,0,0,0
7642,0.001570796327,2.4674011e-06,0.001570796327,2.4674011e-06
7643,0.001570796327,2.4674011e-06,0.001570796327,2.4674011e-06
7644,0,0,0,0
7645,0,0,0,0
7646,0,0,0,0
7647,0.001570796327,2.4674011e-06,0.001570796327,2.4674011e-06
7648,0,0,0,0
7649,0.001570796327,2.4674011e-06,0.001570796327,2.4674011e-06
7650,0,0,0,0
7651,0.001570796327,2.4674011e-06,0.001570796327,2.4674011e-06
7652,0,0,0,0
7653,0,0,0,0
7654,0.003141592654,4.934802201e-06,0.003141592654,4.934802201e-06
7655,0.001570796327,2.4674011e-06,0.001570796327,2.4674011e-06
7656,0.003141592654,4.934802201e-06,0.003141592654,4.934802201e-06
7657,0,0,0,0
7658,0.001570796327,2.4674011e-06,0.001570796327,2.4674011e-06
7659,0.003141592654,4.934802201e-06,0.003141592654,4.934802201e-06
7660,0,0,0,0
7661,0,0,0,0
7662,0,0,0,0
7663,0.001570796327,2.4674011e-06,0.001570796327,2.4674011e-06
7664,0.001570796327,2.4674011e-06,0.001570796327,2.4674011e-06
7665,0.001570796327,2.4674011e-06,0.001570796327,2.4674011e-06
7666,0.001570796327,2.4674011e-06,0.001570796327,2.4674011e-06
7667,0,0,0,0
7668,0.003141592654,4.934802201e-06,0.003141592654,4.934802201e-06
7669,0.003141592654,4.934802201e-06,0.003141592654,4.934802201e-06
7670,0.00471238898,7.402203301e-06,0.00471238898,7.402203301e-06
7671,0.003141592654,4.934802201e-06,0.003141592654,4.934802201e-06
7672,0,0,0,0
7673,0,0,0,0
7674,0,0,0,0
7675,0.003141592654,4.934802201e-06,0.003141592654,4.934802201e-06
7676,0.001570796327,2.4674011e-06,0.001570796327,2.4674011e-06
7677,0,0,0,0
7678,0.001570796327,2.4674011e-06,0.001570796327,2.4674011e-06
7679,0,0,0,0
7680,0.001570796327,2.4674011e-06,0.001570796327,2.4674011e-06
7681,0,0,0,0
7682,0,0,0,0
7683,0.003141592654,4.934802201e-06,0.003141592654,4.934802201e-06
7684,0.003141592654,4.934802201e-06,0.003141592654,4.934802201e-06
7685,0,0,0,0
7686,0.003141592654,4.934802201e-06,0.003141592654,4.934802201e-06
7687,0.003141592654,4.934802201e-06,0.003141592654,4.934802201e-06
7688,0.003141592654,4.934802201e-06,0.003141592654,4.934802201e-06
7689,0,0,0,0
7690,0.001570796327,2.4674011e-06,0.001570796327,2.4674011e-06
7691,0.003141592654,4.934802201e-06,0.003141592654,4.934802201e-06
7692,0,0,0,0
7693,0.003141592654,4.934802201e-06,0.003141592654,4.934802201e-06
7694,0.001570796327,2.4674011e-06,0.001570796327,2.4674011e-06
7695,0,0,0,0
7696,0,0,0,0
7697,0.001570796327,2.4674011e-06,0.001570796327,2.4674011e-06
7698,0,0,0,0
7699,0.001570796327,2.4674011e-06,0.001570796327,2.4674011e-06
7700,0.001570796327,2.4674011e-06,0.001570796327,2.4674011e-06
7701,0.001570796327,2.4674011e-06,0.001570796327,2.4674011e-06
7702,0.001570796327,2.4674011e-06,0.001570796327,2.4674011e-06
7703,0.001570796327,2.4674011e-06,0.001570796327,2.4674011e-06
7704,0.001570796327,2.4674011e-06,0.001570796327,2.4674011e-06
7705,0.001570796327,2.4674011e-06,0.001570796327,2.4674011e-06
7706,0,0,0,0
7707,0,0,0,0
7708,0,0,0,0
7709,0,0,0,0
7710,0.001570796327,2.4674011e-06,0.001570796327,2.4674011e-06
7711,0.001570796327,2.4674011e-06,0.001570796327,2.4674011e-06
7712,0,0,0,0
7713,0,0,0,0
7714,0,0,0,0
7715,0,0,0,0
7716,0.001570796327,2.4674011e-06,0.001570796327,2.4674011e-06
7717,0.00471238898,7.402203301e-06,0.00471238898,7.402203301e-06
7718,0,0,0,0
7719,0.001570796327,2.4674011e-06,0.001570796327,2.4674011e-06
7720,0,0,0,0
7721,0,0,0,0
7722,0,0,0,0
7723,0.001570796327,2.4674011e-06,0.001570796327,2.4674011e-06
7724,0,0,0,0
7725,0.001570796327,2.4674011e-06,0.001570796327,2.4674011e-06
7726,0,0,0,0
7727,0.001570796327,2.4674011e-06,0.001570796327,2.4674011e-06
7728,0,0,0,0
7729,0.00471238898,7.402203301e-06,0.00471238898,7.402203301e-06
7730,0,0,0,0
7731,0,0,0,0
7732,0.001570796327,2.4674011e-06,0.001570796327,2.4674011e-06
7733,0.003141592654,4.934802201e-06,0.003141592654,4.934802201e-06
7734,0.001570796327,2.4674011e-06,0.001570796327,2.4674011e-06
7735,0.001570796327,2.4674011e-06,0.001570796327,2.4674011e-06
7736,0,0,0,0
7737,0.003141592654,4.934802201e-06,0.003141592654,4.934802201e-06
7738,0.003141592654,4.934802201e-06,0.003141592654,4.934802201e-06
7739,0,0,0,0
7740,0.001570796327,2.4674011e-06,0.001570796327,2.4674011e-06
7741,0.001570796327,2.4674011e-06,0.001570796327,2.4674011e-06
7742,0.003141592654,4.934802201e-06,0.003141592654,4.934802201e-06
7743,0.003141592654,4.934802201e-06,0.003141592654,4.934802201e-06
7744,0,0,0,0
7745,0,0,0,0
7746,0.001570796327,2.4674011e-06,0.001570796327,2.4674011e-06
7747,0,0,0,0
7748,0.003141592654,4.934802201e-06,0.003141592654,4.934802201e-06
7749,0.00471238898,7.402203301e-06,0.00471238898,7.402203301e-06
7750,0,0,0,0
7751,0.00471238898,7.402203301e-06,0.00471238898,7.402203301e-06
7752,0,0,0,0
7753,0.003141592654,4.934802201e-06,0.003141592654,4.934802201e-06
7754,0,0,0,0
7755,0,0,0,0
7756,0,0,0,0
7757,0.003141592654,4.934802201e-06,0.003141592654,4.934802201e-06
7758,0.003141592654,4.934802201e-06,0.003141592654,4.934802201e-06
7759,0.001570796327,2.4674011e-06,0.001570796327,2.4674011e-06
7760,0.00471238898,7.402203301e-06,0.00471238898,7.402203301e-06
7761,0,0,0,0
7762,0.001570796327,2.4674011e-06,0.001570796327,2.4674011e-06
7763,0,0,0,0
7764,0.001570796327,2.4674011e-06,0.001570796327,2.4674011e-06
7765,0,0,0,0
7766,0.001570796327,2.4674011e-06,0.001570796327,2.4674011e-06
7767,0,0,0,0
7768,0,0,0,0
7769,0.001570796327,2.4674011e-06,0.001570796327,2.4674011e-06
7770,0.003141592654,4.934802201e-06,0.003141592654,4.934802201e-06
7771,0.003141592654,4.934802201e-06,0.003141592654,4.934802201e-06
7772,0.001570796327,2.4674011e-06,0.001570796327,2.4674011e-06
7773,0,0,0,0
7774,0.003141592654,4.934802201e-06,0.003141592654,4.934802201e-06
7775,0,0,0,0
7776,0,0,0,0
7777,0.003141592654,4.934802201e-06,0.003141592654,4.934802201e-06
7778,0.001570796327,2.4674011e-06,0.001570796327,2.4674011e-06
7779,0,0,0,0
7780,0.001570796327,2.4674011e-06,0.001570796327,2.4674011e-06
7781,0.003141592654,4.934802201e-06,0.003141592654,4.934802201e-06
7782,0.003141592654,4.934802201e-06,0.003141592654,4.934802201e-06
7783,0,0,0,0
7784,0,0,0,0
7785,0,0,0,0
7786,0,0,0,0
7787,0.001570796327,2.4674011e-06,0.001570796327,2.4674011e-06
7788,0,0,0,0
7789,0,0,0,0
7790,0.003141592654,4.934802201e-06,0.003141592654,4.934802201e-06
7791,0,0,0,0
7792,0,0,0,0
7793,0,0,0,0
7794,0,0,0,0
7795,0,0,0,0
7796,0.001570796327,2.4674011e-06,0.001570796327,2.4674011e-06
7797,0.001570796327,2.4674011e-06,0.001570796327,2.4674011e-06
7798,0,0,0,0
7799,0,0,0,0
7800,0.003141592654,4.934802201e-06,0.003141592654,4.934802201e-06
7801,0.003141592654,4.934802201e-06,0.003141592654,4.934802201e-06
7802,0,0,0,0
7803,0.00471238898,7.402203301e-06,0.00471238898,7.402203301e-06
7804,0,0,0,0
7805,0.003141592654,4.934802201e-06,0.003141592654,4.934802201e-06
7806,0,0,0,0
7807,0,0,0,0
7808,0.00471238898,7.402203301e-06,0.00471238898,7.402203301e-06
7809,0,0,0,0
7810,0.003141592654,4.934802201e-06,0.003141592654,4.934802201e-06
7811,0.003141592654,4.934802201e-06,0.003141592654,4.934802201e-06
7812,0,0,0,0
7813,0.001570796327,2.4674011e-06,0.001570796327,2.4674011e-06
7814,0,0,0,0
7815,0.001570796327,2.4674011e-06,0.001570796327,2.4674011e-06
7816,0.001570796327,2.4674011e-06,0.001570796327,2.4674011e-06
7817,0.00471238898,7.402203301e-06,0.00471238898,7.402203301e-06
7818,0.001570796327,2.4674011e-06,0.001570796327,2.4674011e-06
7819,0,0,0,0
7820,0.001570796327,2.4674011e-06,0.001570796327,2.4674011e-06
7821,0.003141592654,4.934802201e-06,0.003141592654,4.934802201e-06
7822,0,0,0,0
7823,0.003141592654,4.934802201e-06,0.003141592654,4.934802201e-06
7824,0,0,0,0
7825,0.003141592654,4.934802201e-06,0.003141592654,4.934802201e-06
7826,0.001570796327,2.4674011e-06,0.001570796327,2.4674011e-06
7827,0,0,0,0
7828,0,0,0,0
7829,0,0,0,0
7830,0.003141592654,4.934802201e-06,0.003141592654,4.934802201e-06
7831,0.003141592654,4.934802201e-06,0.003141592654,4.934802201e-06
7832,0.001570796327,2.4674011e-06,0.001570796327,2.4674011e-06
7833,0.001570796327,2.4674011e-06,0.001570796327,2.4674011e-06
7834,0.001570796327,2.4674011e-06,0.001570796327,2.4674011e-06
7835,0,0,0,0
7836,0,0,0,0
7837,0.001570796327,2.4674011e-06,0.001570796327,2.4674011e-06
7838,0,0,0,0
7839,0.001570796327,2.4674011e-06,0.001570796327,2.4674011e-06
7840,0,0,0,0
7841,0,0,0,0
7842,0.003141592654,4.934802201e-06,0.003141592654,4.934802201e-06
7843,0,0,0,0
7844,0,0,0,0
7845,0,0,0,0
7846,0,0,0,0
7847,0.00471238898,7.402203301e-06,0.00471238898,7.402203301e-06
7848,0.00471238898,7.402203301e-06,0.00471238898,7.402203301e-06
7849,0.003141592654,4.934802201e-06,0.003141592654,4.934802201e-06
7850,0,0,0,0
7851,0,0,0,0
7852,0,0,0,0
7853,0.001570796327,2.4674011e-06,0.001570796327,2.4674011e-06
7854,0,0,0,0
7855,0,0,0,0
7856,0.001570796327,2.4674011e-06,0.001570796327,2.4674011e-06
7857,0.003141592654,4.934802201e-06,0.003141592654,4.934802201e-06
7858,0,0,0,0
7859,0.001570796327,2.4674011e-06,0.001570796327,2.4674011e-06
7860,0.001570796327,2.4674011e-06,0.001570796327,2.4674011e-06
7861,0.001570796327,2.4674011e-06,0.001570796327,2.4674011e-06
7862,0,0,0,0
7863,0,0,0,0
7864,0,0,0,0
7865,0,0,0,0
7866,0.001570796327,2.4674011e-06,0.001570796327,2.4674011e-06
7867,0.001570796327,2.4674011e-06,0.001570796327,2.4674011e-06
7868,0,0,0,0
7869,0,0,0,0
7870,0,0,0,0
7871,0,0,0,0
7872,0,0,0,0
7873,0.001570796327,2.4674011e-06,0.001570796327,2.4674011e-06
7874,0.003141592654,4.934802201e-06,0.003141592654,4.934802201e-06
7875,0.003141592654,4.934802201e-06,0.003141592654,4.934802201e-06
7876,0.001570796327,2.4674011e-06,0.001570796327,2.4674011e-06
7877,0.001570796327,2.4674011e-06,0.001570796327,2.4674011e-06
7878,0.001570796327,2.4674011e-06,0.001570796327,2.4674011e-06
7879,0,0,0,0
7880,0.003141592654,4.934802201e-06,0.003141592654,4.934802201e-06
7881,0,0,0,0
7882,0.003141592654,4.934802201e-06,0.003141592654,4.934802201e-06
7883,0.001570796327,2.4674011e-06,0.001570796327,2.4674011e-06
7884,0.001570796327,2.4674011e-06,0.001570796327,2.4674011e-06
7885,0.001570796327,2.4674011e-06,0.001570796327,2.4674011e-06
7886,0,0,0,0
7887,0,0,0,0
7888,0,0,0,0
7889,0.001570796327,2.4674011e-06,0.001570796327,2.4674011e-06
7890,0.001570796327,2.4674011e-06,0.001570796327,2.4674011e-06
7891,0.001570796327,2.4674011e-06,0.001570796327,2.4674011e-06
7892,0,0,0,0
7893,0.001570796327,2.4674011e-06,0.001570796327,2.4674011e-06
7894,0.00471238898,7.402203301e-06,0.00471238898,7.402203301e-06
7895,0,0,0,0
7896,0.001570796327,2.4674011e-06,0.001570796327,2.4674011e-06
7897,0,0,0,0
7898,0,0,0,0
7899,0.001570796327,2.4674011e-06,0.001570796327,2.4674011e-06
7900,0,0,0,0
7901,0.003141592654,4.934802201e-06,0.003141592654,4.934802201e-06
7902,0.001570796327,2.4674011e-06,0.001570796327,2.4674011e-06
7903,0.001570796327,2.4674011e-06,0.001570796327,2.4674011e-06
7904,0.001570796327,2.4674011e-06,0.001570796327,2.4674011e-06
7905,0.001570796327,2.4674011e-06,0.001570796327,2.4674011e-06
7906,0.003141592654,4.934802201e-06,0.003141592654,4.934802201e-06
7907,0.003141592654,4.934802201e-06,0.003141592654,4.934802201e-06
7908,0,0,0,0
7909,0.001570796327,2.4674011e-06,0.001570796327,2.4674011e-06
7910,0.001570796327,2.4674011e-06,0.001570796327,2.4674011e-06
7911,0,0,0,0
7912,0.001570796327,2.4674011e-06,0.001570796327,2.4674011e-06
7913,0,0,0,0
7914,0.001570796327,2.4674011e-06,0.001570796327,2.4674011e-06
7915,0,0,0,0
7916,0.001570796327,2.4674011e-06,0.001570796327,2.4674011e-06
7917,0,0,0,0
7918,0.001570796327,2.4674011e-06,0.001570796327,2.4674011e-06
7919,0.003141592654,4.934802201e-06,0.003141592654,4.934802201e-06
7920,0.001570796327,2.4674011e-06,0.001570796327,2.4674011e-06
7921,0.001570796327,2.4674011e-06,0.001570796327,2.4674011e-06
7922,0.001570796327,2.4674011e-06,0.001570796327,2.4674011e-06
7923,0,0,0,0
7924,0,0,0,0
7925,0,0,0,0
7926,0.001570796327,2.4674011e-06,0.001570796327,2.4674011e-06
7927,0,0,0,0
7928,0.001570796327,2.4674011e-06,0.001570796327,2.4674011e-06
7929,0,0,0,0
7930,0.00471238898,7.402203301e-06,0.00471238898,7.402203301e-06
7931,0.001570796327,2.4674011e-06,0.001570796327,2.4674011e-06
7932,0.003141592654,4.934802201e-06,0.003141592654,4.934802201e-06
7933,0.003141592654,4.934802201e-06,0.003141592654,4.934802201e-06
7934,0,0,0,0
7935,0,0,0,0
7936,0,0,0,0
7937,0.001570796327,2.4674011e-06,0.001570796327,2.4674011e-06
7938,0,0,0,0
7939,0.001570796327,2.4674011e-06,0.001570796327,2.4674011e-06
7940,0.001570796327,2.4674011e-06,0.001570796327,2.4674011e-06
7941,0.001570796327,2.4674011e-06,0.001570796327,2.4674011e-06
7942,0,0,0,0
7943,0,0,0,0
7944,0.003141592654,4.934802201e-06,0.003141592654,4.934802201e-06
7945,0.003141592654,4.934802201e-06,0.003141592654,4.934802201e-06
7946,0,0,0,0
7947,0.001570796327,2.4674011e-06,0.001570796327,2.4674011e-06
7948,0,0,0,0
7949,0.003141592654,4.934802201e-06,0.003141592654,4.934802201e-06
7950,0,0,0,0
7951,0,0,0,0
7952,0.00471238898,7.402203301e-06,0.00471238898,7.402203301e-06
7953,0.001570796327,2.4674011e-06,0.001570796327,2.4674011e-06
7954,0.001570796327,2.4674011e-06,0.001570796327,2.4674011e-06
7955,0,0,0,0
7956,0.00471238898,7.402203301e-06,0.00471238898,7.402203301e-06
7957,0,0,0,0
7958,0,0,0,0
7959,0,0,0,0
7960,0,0,0,0
7961,0,0,0,0
7962,0.003141592654,4.934802201e-06,0.003141592654,4.934802201e-06
7963,0.001570796327,2.4674011e-06,0.001570796327,2.4674011e-06
7964,0.001570796327,2.4674011e-06,0.001570796327,2.4674011e-06
7965,0,0,0,0
7966,0.001570796327,2.4674011e-06,0.001570796327,2.4674011e-06
7967,0.001570796327,2.4674011e-06,0.001570796327,2.4674011e-06
7968,0,0,0,0
7969,0,0,0,0
7970,0.003141592654,4.934802201e-06,0.003141592654,4.934802201e-06
7971,0.007853981634,1.23370055e-05,0.007853981634,1.23370055e-05
7972,0,0,0,0
7973,0.00471238898,7.402203301e-06,0.00471238898,7.402203301e-06
7974,0,0,0,0
7975,0.001570796327,2.4674011e-06,0.001570796327,2.4674011e-06
7976,0.001570796327,2.4674011e-06,0.001570796327,2.4674011e-06
7977,0.00471238898,7.402203301e-06,0.00471238898,7.402203301e-06
7978,0.001570796327,2.4674011e-06,0.001570796327,2.4674011e-06
7979,0,0,0,0
7980,0,0,0,0
7981,0.001570796327,2.4674011e-06,0.001570796327,2.4674011e-06
7982,0.003141592654,4.934802201e-06,0.003141592654,4.934802201e-06
7983,0.001570796327,2.4674011e-06,0.001570796327,2.4674011e-06
7984,0,0,0,0
7985,0,0,0,0
7986,0.003141592654,4.934802201e-06,0.003141592654,4.934802201e-06
7987,0,0,0,0
7988,0,0,0,0
7989,0,0,0,0
7990,0,0,0,0
7991,0,0,0,0
7992,0.001570796327,2.4674011e-06,0.001570796327,2.4674011e-06
7993,0,0,0,0
7994,0.001570796327,2.4674011e-06,0.001570796327,2.4674011e-06
7995,0,0,0,0
7996,0.001570796327,2.4674011e-06,0.001570796327,2.4674011e-06
7997,0.001570796327,2.4674011e-06,0.001570796327,2.4674011e-06
7998,0.003141592654,4.934802201e-06,0.003141592654,4.934802201e-06
7999,0,0,0,0
8000,0.001570796327,2.4674011e-06,0.001570796327,2.4674011e-06
8001,0,0,0,0
8002,0,0,0,0
8003,0.001570796327,2.4674011e-06,0.001570796327,2.4674011e-06
8004,0.003141592654,4.934802201e-06,0.003141592654,4.934802201e-06
8005,0.001570796327,2.4674011e-06,0.001570796327,2.4674011e-06
8006,0.001570796327,2.4674011e-06,0.001570796327,2.4674011e-06
8007,0,0,0,0
8008,0.003141592654,4.934802201e-06,0.003141592654,4.934802201e-06
8009,0.001570796327,2.4674011e-06,0.001570796327,2.4674011e-06
8010,0.003141592654,4.934802201e-06,0.003141592654,4.934802201e-06
8011,0.001570796327,2.4674011e-06,0.001570796327,2.4674011e-06
8012,0.001570796327,2.4674011e-06,0.001570796327,2.4674011e-06
8013,0.001570796327,2.4674011e-06,0.001570796327,2.4674011e-06
8014,0,0,0,0
8015,0.001570796327,2.4674011e-06,0.001570796327,2.4674011e-06
8016,0.00471238898,7.402203301e-06,0.00471238898,7.402203301e-06
8017,0.001570796327,2.4674011e-06,0.001570796327,2.4674011e-06
8018,0.001570796327,2.4674011e-06,0.001570796327,2.4674011e-06
8019,0,0,0,0
8020,0.001570796327,2.4674011e-06,0.001570796327,2.4674011e-06
8021,0.003141592654,4.934802201e-06,0.003141592654,4.934802201e-06
8022,0.003141592654,4.934802201e-06,0.003141592654,4.934802201e-06
8023,0.001570796327,2.4674011e-06,0.001570796327,2.4674011e-06
8024,0.001570796327,2.4674011e-06,0.001570796327,2.4674011e-06
8025,0.00471238898,7.402203301e-06,0.00471238898,7.402203301e-06
8026,0.003141592654,4.934802201e-06,0.003141592654,4.934802201e-06
8027,0.001570796327,2.4674011e-06,0.001570796327,2.4674011e-06
8028,0,0,0,0
8029,0.001570796327,2.4674011e-06,0.001570796327,2.4674011e-06
8030,0.00471238898,7.402203301e-06,0.00471238898,7.402203301e-06
8031,0,0,0,0
8032,0.001570796327,2.4674011e-06,0.001570796327,2.4674011e-06
8033,0,0,0,0
8034,0.001570796327,2.4674011e-06,0.001570796327,2.4674011e-06
8035,0,0,0,0
8036,0.001570796327,2.4674011e-06,0.001570796327,2.4674011e-06
8037,0,0,0,0
8038,0,0,0,0
8039,0.001570796327,2.4674011e-06,0.001570796327,2.4674011e-06
8040,0,0,0,0
8041,0.001570796327,2.4674011e-06,0.001570796327,2.4674011e-06
8042,0.003141592654,4.934802201e-06,0.003141592654,4.934802201e-06
8043,0.003141592654,4.934802201e-06,0.003141592654,4.934802201e-06
8044,0.003141592654,4.934802201e-06,0.003141592654,4.934802201e-06
8045,0.001570796327,2.4674011e-06,0.001570796327,2.4674011e-06
8046,0,0,0,0
8047,0,0,0,0
8048,0.006283185307,9.869604401e-06,0.006283185307,9.869604401e-06
8049,0,0,0,0
8050,0,0,0,0
8051,0.003141592654,4.934802201e-06,0.003141592654,4.934802201e-06
8052,0.003141592654,4.934802201e-06,0.003141592654,4.934802201e-06
8053,0.003141592654,4.934802201e-06,0.003141592654,4.934802201e-06
8054,0,0,0,0
8055,0.00471238898,7.402203301e-06,0.00471238898,7.402203301e-06
8056,0,0,0,0
8057,0.003141592654,4.934802201e-06,0.003141592654,4.934802201e-06
8058,0.001570796327,2.4674011e-06,0.001570796327,2.4674011e-06
8059,0,0,0,0
8060,0.007853981634,1.23370055e-05,0.007853981634,1.23370055e-05
8061,0,0,0,0
8062,0.003141592654,4.934802201e-06,0.003141592654,4.934802201e-06
8063,0,0,0,0
8064,0.003141592654,4.934802201e-06,0.003141592654,4.934802201e-06
8065,0,0,0,0
8066,0,0,0,0
8067,0,0,0,0
8068,0.003141592654,4.934802201e-06,0.003141592654,4.934802201e-06
8069,0,0,0,0
8070,0,0,0,0
8071,0.001570796327,2.4674011e-06,0.001570796327,2.4674011e-06
8072,0.001570796327,2.4674011e-06,0.001570796327,2.4674011e-06
8073,0.001570796327,2.4674011e-06,0.001570796327,2.4674011e-06
8074,0,0,0,0
8075,0,0,0,0
8076,0.001570796327,2.4674011e-06,0.001570796327,2.4674011e-06
8077,0.001570796327,2.4674011e-06,0.001570796327,2.4674011e-06
8078,0.003141592654,4.934802201e-06,0.003141592654,4.934802201e-06
8079,0,0,0,0
8080,0,0,0,0
8081,0,0,0,0
8082,0,0,0,0
8083,0,0,0,0
8084,0.001570796327,2.4674011e-06,0.001570796327,2.4674011e-06
8085,0.00471238898,7.402203301e-06,0.00471238898,7.402203301e-06
8086,0.003141592654,4.934802201e-06,0.003141592654,4.934802201e-06
8087,0,0,0,0
8088,0.001570796327,2.4674011e-06,0.001570796327,2.4674011e-06
8089,0,0,0,0
8090,0.003141592654,4.934802201e-06,0.003141592654,4.934802201e-06
8091,0,0,0,0
8092,0.003141592654,4.934802201e-06,0.003141592654,4.934802201e-06
8093,0.003141592654,4.934802201e-06,0.003141592654,4.934802201e-06
8094,0,0,0,0
8095,0.003141592654,4.934802201e-06,0.003141592654,4.934802201e-06
8096,0,0,0,0
8097,0.001570796327,2.4674011e-06,0.001570796327,2.4674011e-06
8098,0,0,0,0
8099,0.003141592654,4.934802201e-06,0.003141592654,4.934802201e-06
8100,0,0,0,0
8101,0.001570796327,2.4674011e-06,0.001570796327,2.4674011e-06
8102,0,0,0,0
8103,0.001570796327,2.4674011e-06,0.001570796327,2.4674011e-06
8104,0,0,0,0
8105,0,0,0,0
8106,0.001570796327,2.4674011e-06,0.001570796327,2.4674011e-06
8107,0,0,0,0
8108,0.001570796327,2.4674011e-06,0.001570796327,2.4674011e-06
8109,0,0,0,0
8110,0.001570796327,2.4674011e-06,0.001570796327,2.4674011e-06
8111,0.003141592654,4.934802201e-06,0.003141592654,4.934802201e-06
8112,0.001570796327,2.4674011e-06,0.001570796327,2.4674011e-06
8113,0,0,0,0
8114,0.001570796327,2.4674011e-06,0.001570796327,2.4674011e-06
8115,0,0,0,0
8116,0.001570796327,2.4674011e-06,0.001570796327,2.4674011e-06
8117,0.00471238898,7.402203301e-06,0.00471238898,7.402203301e-06
8118,0.003141592654,4.934802201e-06,0.003141592654,4.934802201e-06
8119,0.001570796327,2.4674011e-06,0.001570796327,2.4674011e-06
8120,0.00471238898,7.402203301e-06,0.00471238898,7.402203301e-06
8121,0,0,0,0
8122,0,0,0,0
8123,0,0,0,0
8124,0,0,0,0
8125,0.003141592654,4.934802201e-06,0.003141592654,4.934802201e-06
8126,0.001570796327,2.4674011e-06,0.001570796327,2.4674011e-06
8127,0.001570796327,2.4674011e-06,0.001570796327,2.4674011e-06
8128,0.003141592654,4.934802201e-06,0.003141592654,4.934802201e-06
8129,0,0,0,0
8130,0,0,0,0
8131,0,0,0,0
8132,0,0,0,0
8133,0.001570796327,2.4674011e-06,0.001570796327,2.4674011e-06
8134,0.001570796327,2.4674011e-06,0.001570796327,2.4674011e-06
8135,0,0,0,0
8136,0.003141592654,4.934802201e-06,0.003141592654,4.934802201e-06
8137,0,0,0,0
8138,0.003141592654,4.934802201e-06,0.003141592654,4.934802201e-06
8139,0,0,0,0
8140,0,0,0,0
8141,0.001570796327,2.4674011e-06,0.001570796327,2.4674011e-06
8142,0,0,0,0
8143,0,0,0,0
8144,0.001570796327,2.4674011e-06,0.001570796327,2.4674011e-06
8145,0,0,0,0
8146,0.001570796327,2.4674011e-06,0.001570796327,2.4674011e-06
8147,0.001570796327,2.4674011e-06,0.001570796327,2.4674011e-06
8148,0,0,0,0
8149,0.003141592654,4.934802201e-06,0.003141592654,4.934802201e-06
8150,0,0,0,0
8151,0,0,0,0
8152,0.001570796327,2.4674011e-06,0.001570796327,2.4674011e-06
8153,0.001570796327,2.4674011e-06,0.001570796327,2.4674011e-06
8154,0.001570796327,2.4674011e-06,0.001570796327,2.4674011e-06
8155,0,0,0,0
8156,0.003141592654,4.934802201e-06,0.003141592654,4.934802201e-06
8157,0,0,0,0
8158,0.001570796327,2.4674011e-06,0.001570796327,2.4674011e-06
8159,0,0,0,0
8160,0,0,0,0
8161,0.001570796327,2.4674011e-06,0.001570796327,2.4674011e-06
8162,0,0,0,0
8163,0.001570796327,2.4674011e-06,0.001570796327,2.4674011e-06
8164,0.003141592654,4.934802201e-06,0.003141592654,4.934802201e-06
8165,0.003141592654,4.934802201e-06,0.003141592654,4.934802201e-06
8166,0.003141592654,4.934802201e-06,0.003141592654,4.934802201e-06
8167,0,0,0,0
8168,0.001570796327,2.4674011e-06,0.001570796327,2.4674011e-06
8169,0,0,0,0
8170,0.00471238898,7.402203301e-06,0.00471238898,7.402203301e-06
8171,0.001570796327,2.4674011e-06,0.001570796327,2.4674011e-06
8172,0,0,0,0
8173,0.001570796327,2.4674011e-06,0.001570796327,2.4674011e-06
8174,0,0,0,0
8175,0,0,0,0
8176,0,0,0,0
8177,0.001570796327,2.4674011e-06,0.001570796327,2.4674011e-06
8178,0.001570796327,2.4674011e-06,0.001570796327,2.4674011e-06
8179,0.001570796327,2.4674011e-06,0.001570796327,2.4674011e-06
8180,0.003141592654,4.934802201e-06,0.003141592654,4.934802201e-06
8181,0.001570796327,2.4674011e-06,0.001570796327,2.4674011e-06
8182,0.00471238898,7.402203301e-06,0.00471238898,7.402203301e-06
8183,0,0,0,0
8184,0.00471238898,7.402203301e-06,0.00471238898,7.402203301e-06
8185,0.003141592654,4.934802201e-06,0.003141592654,4.934802201e-06
8186,0,0,0,0
8187,0.001570796327,2.4674011e-06,0.001570796327,2.4674011e-06
8188,0.003141592654,4.934802201e-06,0.003141592654,4.934802201e-06
8189,0.001570796327,2.4674011e-06,0.001570796327,2.4674011e-06
8190,0,0,0,0
8191,0,0,0,0
8192,0.001570796327,2.4674011e-06,0.001570796327,2.4674011e-06
8193,0.001570796327,2.4674011e-06,0.001570796327,2.4674011e-06
8194,0.001570796327,2.4674011e-06,0.001570796327,2.4674011e-06
8195,0.001570796327,2.4674011e-06,0.001570796327,2.4674011e-06
8196,0.001570796327,2.4674011e-06,0.001570796327,2.4674011e-06
8197,0.003141592654,4.934802201e-06,0.003141592654,4.934802201e-06
8198,0,0,0,0
8199,0,0,0,0
8200,0.001570796327,2.4674011e-06,0.001570796327,2.4674011e-06
8201,0.003141592654,4.934802201e-06,0.003141592654,4.934802201e-06
8202,0.001570796327,2.4674011e-06,0.001570796327,2.4674011e-06
8203,0.001570796327,2.4674011e-06,0.001570796327,2.4674011e-06
8204,0.003141592654,4.934802201e-06,0.003141592654,4.934802201e-06
8205,0.003141592654,4.934802201e-06,0.003141592654,4.934802201e-06
8206,0.001570796327,2.4674011e-06,0.001570796327,2.4674011e-06
8207,0.001570796327,2.4674011e-06,0.001570796327,2.4674011e-06
8208,0.00471238898,7.402203301e-06,0.00471238898,7.402203301e-06
8209,0,0,0,0
8210,0.001570796327,2.4674011e-06,0.001570796327,2.4674011e-06
8211,0.001570796327,2.4674011e-06,0.001570796327,2.4674011e-06
8212,0,0,0,0
8213,0,0,0,0
8214,0.001570796327,2.4674011e-06,0.001570796327,2.4674011e-06
8215,0,0,0,0
8216,0.003141592654,4.934802201e-06,0.003141592654,4.934802201e-06
8217,0,0,0,0
8218,0,0,0,0
8219,0,0,0,0
8220,0,0,0,0
8221,0,0,0,0
8222,0,0,0,0
8223,0.003141592654,4.934802201e-06,0.003141592654,4.934802201e-06
8224,0.001570796327,2.4674011e-06,0.001570796327,2.4674011e-06
8225,0.001570796327,2.4674011e-06,0.001570796327,2.4674011e-06
8226,0.001570796327,2.4674011e-06,0.001570796327,2.4674011e-06
8227,0.003141592654,4.934802201e-06,0.003141592654,4.934802201e-06
8228,0.001570796327,2.4674011e-06,0.001570796327,2.4674011e-06
8229,0.001570796327,2.4674011e-06,0.001570796327,2.4674011e-06
8230,0,0,0,0
8231,0.001570796327,2.4674011e-06,0.001570796327,2.4674011e-06
8232,0.001570796327,2.4674011e-06,0.001570796327,2.4674011e-06
8233,0.003141592654,4.934802201e-06,0.003141592654,4.934802201e-06
8234,0,0,0,0
8235,0.001570796327,2.4674011e-06,0.001570796327,2.4674011e-06
8236,0,0,0,0
8237,0,0,0,0
8238,0,0,0,0
8239,0,0,0,0
8240,0.003141592654,4.934802201e-06,0.003141592654,4.934802201e-06
8241,0.001570796327,2.4674011e-06,0.001570796327,2.4674011e-06
8242,0.001570796327,2.4674011e-06,0.001570796327,2.4674011e-06
8243,0.001570796327,2.4674011e-06,0.001570796327,2.4674011e-06
8244,0.001570796327,2.4674011e-06,0.001570796327,2.4674011e-06
8245,0.001570796327,2.4674011e-06,0.001570796327,2.4674011e-06
8246,0,0,0,0
8247,0.001570796327,2.4674011e-06,0.001570796327,2.4674011e-06
8248,0.001570796327,2.4674011e-06,0.001570796327,2.4674011e-06
8249,0.001570796327,2.4674011e-06,0.001570796327,2.4674011e-06
8250,0.006283185307,9.869604401e-06,0.006283185307,9.869604401e-06
8251,0,0,0,0
8252,0.001570796327,2.4674011e-06,0.001570796327,2.4674011e-06
8253,0,0,0,0
8254,0.001570796327,2.4674011e-06,0.001570796327,2.4674011e-06
8255,0,0,0,0
8256,0.001570796327,2.4674011e-06,0.001570796327,2.4674011e-06
8257,0.001570796327,2.4674011e-06,0.001570796327,2.4674011e-06
8258,0,0,0,0
8259,0.001570796327,2.4674011e-06,0.001570796327,2.4674011e-06
8260,0,0,0,0
8261,0.001570796327,2.4674011e-06,0.001570796327,2.4674011e-06
8262,0,0,0,0
8263,0,0,0,0
8264,0.001570796327,2.4674011e-06,0.001570796327,2.4674011e-06
8265,0.001570796327,2.4674011e-06,0.001570796327,2.4674011e-06
8266,0.001570796327,2.4674011e-06,0.001570796327,2.4674011e-06
8267,0,0,0,0
8268,0,0,0,0
8269,0.003141592654,4.934802201e-06,0.003141592654,4.934802201e-06
8270,0,0,0,0
8271,0.003141592654,4.934802201e-06,0.003141592654,4.934802201e-06
8272,0.00471238898,7.402203301e-06,0.00471238898,7.402203301e-06
8273,0,0,0,0
8274,0.001570796327,2.4674011e-06,0.001570796327,2.4674011e-06
8275,0,0,0,0
8276,0.001570796327,2.4674011e-06,0.001570796327,2.4674011e-06
8277,0.001570796327,2.4674011e-06,0.001570796327,2.4674011e-06
8278,0,0,0,0
8279,0,0,0,0
8280,0.003141592654,4.934802201e-06,0.003141592654,4.934802201e-06
8281,0.001570796327,2.4674011e-06,0.001570796327,2.4674011e-06
8282,0,0,0,0
8283,0.001570796327,2.4674011e-06,0.001570796327,2.4674011e-06
8284,0.001570796327,2.4674011e-06,0.001570796327,2.4674011e-06
8285,0,0,0,0
8286,0.00471238898,7.402203301e-06,0.00471238898,7.402203301e-06
8287,0.003141592654,4.934802201e-06,0.003141592654,4.934802201e-06
8288,0.001570796327,2.4674011e-06,0.001570796327,2.4674011e-06
8289,0,0,0,0
8290,0,0,0,0
8291,0,0,0,0
8292,0.003141592654,4.934802201e-06,0.003141592654,4.934802201e-06
8293,0.003141592654,4.934802201e-06,0.003141592654,4.934802201e-06
8294,0.001570796327,2.4674011e-06,0.001570796327,2.4674011e-06
8295,0.003141592654,4.934802201e-06,0.003141592654,4.934802201e-06
8296,0.001570796327,2.4674011e-06,0.001570796327,2.4674011e-06
8297,0.001570796327,2.4674011e-06,0.001570796327,2.4674011e-06
8298,0.00471238898,7.402203301e-06,0.00471238898,7.402203301e-06
8299,0,0,0,0
8300,0,0,0,0
8301,0,0,0,0
8302,0.001570796327,2.4674011e-06,0.001570796327,2.4674011e-06
8303,0.001570796327,2.4674011e-06,0.001570796327,2.4674011e-06
8304,0.003141592654,4.934802201e-06,0.003141592654,4.934802201e-06
8305,0.001570796327,2.4674011e-06,0.001570796327,2.4674011e-06
8306,0.001570796327,2.4674011e-06,0.001570796327,2.4674011e-06
8307,0,0,0,0
8308,0.001570796327,2.4674011e-06,0.001570796327,2.4674011e-06
8309,0,0,0,0
8310,0,0,0,0
8311,0,0,0,0
8312,0.003141592654,4.934802201e-06,0.003141592654,4.934802201e-06
8313,0.001570796327,2.4674011e-06,0.001570796327,2.4674011e-06
8314,0,0,0,0
8315,0,0,0,0
8316,0,0,0,0
8317,0.003141592654,4.934802201e-06,0.003141592654,4.934802201e-06
8318,0.001570796327,2.4674011e-06,0.001570796327,2.4674011e-06
8319,0.003141592654,4.934802201e-06,0.003141592654,4.934802201e-06
8320,0,0,0,0
8321,0.003141592654,4.934802201e-06,0.003141592654,4.934802201e-06
8322,0,0,0,0
8323,0.00471238898,7.402203301e-06,0.00471238898,7.402203301e-06
8324,0.001570796327,2.4674011e-06,0.001570796327,2.4674011e-06
8325,0.001570796327,2.4674011e-06,0.001570796327,2.4674011e-06
8326,0.001570796327,2.4674011e-06,0.001570796327,2.4674011e-06
8327,0.001570796327,2.4674011e-06,0.001570796327,2.4674011e-06
8328,0.001570796327,2.4674011e-06,0.001570796327,2.4674011e-06
8329,0.001570796327,2.4674011e-06,0.001570796327,2.4674011e-06
8330,0.001570796327,2.4674011e-06,0.001570796327,2.4674011e-06
8331,0,0,0,0
8332,0.001570796327,2.4674011e-06,0.001570796327,2.4674011e-06
8333,0,0,0,0
8334,0,0,0,0
8335,0,0,0,0
8336,0.003141592654,4.934802201e-06,0.003141592654,4.934802201e-06
8337,0,0,0,0
8338,0,0,0,0
8339,0,0,0,0
8340,0.001570796327,2.4674011e-06,0.001570796327,2.4674011e-06
8341,0,0,0,0
8342,0.001570796327,2.4674011e-06,0.001570796327,2.4674011e-06
8343,0.001570796327,2.4674011e-06,0.001570796327,2.4674011e-06
8344,0,0,0,0
8345,0,0,0,0
8346,0.001570796327,2.4674011e-06,0.001570796327,2.4674011e-06
8347,0.006283185307,9.869604401e-06,0.006283185307,9.869604401e-06
8348,0.001570796327,2.4674011e-06,0.001570796327,2.4674011e-06
8349,0.001570796327,2.4674011e-06,0.001570796327,2.4674011e-06
8350,0,0,0,0
8351,0,0,0,0
8352,0.001570796327,2.4674011e-06,0.001570796327,2.4674011e-06
8353,0.001570796327,2.4674011e-06,0.001570796327,2.4674011e-06
8354,0,0,0,0
8355,0.00471238898,7.402203301e-06,0.00471238898,7.402203301e-06
8356,0.001570796327,2.4674011e-06,0.001570796327,2.4674011e-06
8357,0,0,0,0
8358,0.001570796327,2.4674011e-06,0.001570796327,2.4674011e-06
8359,0,0,0,0
8360,0.001570796327,2.4674011e-06,0.001570796327,2.4674011e-06
8361,0.001570796327,2.4674011e-06,0.001570796327,2.4674011e-06
8362,0.001570796327,2.4674011e-06,0.001570796327,2.4674011e-06
8363,0.001570796327,2.4674011e-06,0.001570796327,2.4674011e-06
8364,0,0,0,0
8365,0,0,0,0
8366,0.003141592654,4.934802201e-06,0.003141592654,4.934802201e-06
8367,0,0,0,0
8368,0.00471238898,7.402203301e-06,0.00471238898,7.402203301e-06
8369,0.003141592654,4.934802201e-06,0.003141592654,4.934802201e-06
8370,0.001570796327,2.4674011e-06,0.001570796327,2.4674011e-06
8371,0.001570796327,2.4674011e-06,0.001570796327,2.4674011e-06
8372,0.001570796327,2.4674011e-06,0.001570796327,2.4674011e-06
8373,0,0,0,0
8374,0.001570796327,2.4674011e-06,0.001570796327,2.4674011e-06
8375,0,0,0,0
8376,0.001570796327,2.4674011e-06,0.001570796327,2.4674011e-06
8377,0.001570796327,2.4674011e-06,0.001570796327,2.4674011e-06
8378,0.00471238898,7.402203301e-06,0.00471238898,7.402203301e-06
8379,0,0,0,0
8380,0.001570796327,2.4674011e-06,0.001570796327,2.4674011e-06
8381,0.001570796327,2.4674011e-06,0.001570796327,2.4674011e-06
8382,0.003141592654,4.934802201e-06,0.003141592654,4.934802201e-06
8383,0.003141592654,4.934802201e-06,0.003141592654,4.934802201e-06
8384,0.001570796327,2.4674011e-06,0.001570796327,2.4674011e-06
8385,0,0,0,0
8386,0.003141592654,4.934802201e-06,0.003141592654,4.934802201e-06
8387,0,0,0,0
8388,0.00471238898,7.402203301e-06,0.00471238898,7.402203301e-06
8389,0.003141592654,4.934802201e-06,0.003141592654,4.934802201e-06
8390,0.001570796327,2.4674011e-06,0.001570796327,2.4674011e-06
8391,0.003141592654,4.934802201e-06,0.003141592654,4.934802201e-06
8392,0,0,0,0
8393,0.001570796327,2.4674011e-06,0.001570796327,2.4674011e-06
8394,0,0,0,0
8395,0.001570796327,2.4674011e-06,0.001570796327,2.4674011e-06
8396,0.003141592654,4.934802201e-06,0.003141592654,4.934802201e-06
8397,0,0,0,0
8398,0,0,0,0
8399,0,0,0,0
8400,0,0,0,0
8401,0,0,0,0
8402,0,0,0,0
8403,0,0,0,0
8404,0,0,0,0
8405,0,0,0,0
8406,0,0,0,0
8407,0.00471238898,7.402203301e-06,0.00471238898,7.402203301e-06
8408,0,0,0,0
8409,0,0,0,0
8410,0.001570796327,2.4674011e-06,0.001570796327,2.4674011e-06
8411,0,0,0,0
8412,0.001570796327,2.4674011e-06,0.001570796327,2.4674011e-06
8413,0.001570796327,2.4674011e-06,0.001570796327,2.4674011e-06
8414,0,0,0,0
8415,0.001570796327,2.4674011e-06,0.001570796327,2.4674011e-06
8416,0.001570796327,2.4674011e-06,0.001570796327,2.4674011e-06
8417,0,0,0,0
8418,0,0,0,0
8419,0,0,0,0
8420,0,0,0,0
8421,0,0,0,0
8422,0,0,0,0
8423,0,0,0,0
8424,0.001570796327,2.4674011e-06,0.001570796327,2.4674011e-06
8425,0,0,0,0
8426,0.001570796327,2.4674011e-06,0.001570796327,2.4674011e-06
8427,0.001570796327,2.4674011e-06,0.001570796327,2.4674011e-06
8428,0,0,0,0
8429,0,0,0,0
8430,0,0,0,0
8431,0.001570796327,2.4674011e-06,0.001570796327,2.4674011e-06
8432,0.003141592654,4.934802201e-06,0.003141592654,4.934802201e-06
8433,0.001570796327,2.4674011e-06,0.001570796327,2.4674011e-06
8434,0,0,0,0
8435,0,0,0,0
8436,0,0,0,0
8437,0.001570796327,2.4674011e-06,0.001570796327,2.4674011e-06
8438,0.001570796327,2.4674011e-06,0.001570796327,2.4674011e-06
8439,0.001570796327,2.4674011e-06,0.001570796327,2.4674011e-06
8440,0,0,0,0
8441,0,0,0,0
8442,0.001570796327,2.4674011e-06,0.001570796327,2.4674011e-06
8443,0.001570796327,2.4674011e-06,0.001570796327,2.4674011e-06
8444,0.00471238898,7.402203301e-06,0.00471238898,7.402203301e-06
8445,0,0,0,0
8446,0,0,0,0
8447,0,0,0,0
8448,0.00471238898,7.402203301e-06,0.00471238898,7.402203301e-06
8449,0,0,0,0
8450,0.001570796327,2.4674011e-06,0.001570796327,2.4674011e-06
8451,0.001570796327,2.4674011e-06,0.001570796327,2.4674011e-06
8452,0,0,0,0
8453,0,0,0,0
8454,0,0,0,0
8455,0,0,0,0
8456,0,0,0,0
8457,0.003141592654,4.934802201e-06,0.003141592654,4.934802201e-06
8458,0.003141592654,4.934802201e-06,0.003141592654,4.934802201e-06
8459,0,0,0,0
8460,0,0,0,0
8461,0,0,0,0
8462,0,0,0,0
8463,0,0,0,0
8464,0.001570796327,2.4674011e-06,0.001570796327,2.4674011e-06
8465,0,0,0,0
8466,0,0,0,0
8467,0,0,0,0
8468,0,0,0,0
8469,0.001570796327,2.4674011e-06,0.001570796327,2.4674011e-06
8470,0.001570796327,2.4674011e-06,0.001570796327,2.4674011e-06
8471,0.001570796327,2.4674011e-06,0.001570796327,2.4674011e-06
8472,0,0,0,0
8473,0.001570796327,2.4674011e-06,0.001570796327,2.4674011e-06
8474,0,0,0,0
8475,0.001570796327,2.4674011e-06,0.001570796327,2.4674011e-06
8476,0,0,0,0
8477,0.003141592654,4.934802201e-06,0.003141592654,4.934802201e-06
8478,0.003141592654,4.934802201e-06,0.003141592654,4.934802201e-06
8479,0.001570796327,2.4674011e-06,0.001570796327,2.4674011e-06
8480,0.001570796327,2.4674011e-06,0.001570796327,2.4674011e-06
8481,0.003141592654,4.934802201e-06,0.003141592654,4.934802201e-06
8482,0,0,0,0
8483,0.003141592654,4.934802201e-06,0.003141592654,4.934802201e-06
8484,0.00471238898,7.402203301e-06,0.00471238898,7.402203301e-06
8485,0.001570796327,2.4674011e-06,0.001570796327,2.4674011e-06
8486,0,0,0,0
8487,0,0,0,0
8488,0,0,0,0
8489,0,0,0,0
8490,0,0,0,0
8491,0.001570796327,2.4674011e-06,0.001570796327,2.4674011e-06
8492,0.001570796327,2.4674011e-06,0.001570796327,2.4674011e-06
8493,0,0,0,0
8494,0,0,0,0
8495,0,0,0,0
8496,0,0,0,0
8497,0.001570796327,2.4674011e-06,0.001570796327,2.4674011e-06
8498,0.00471238898,7.402203301e-06,0.00471238898,7.402203301e-06
8499,0.001570796327,2.4674011e-06,0.001570796327,2.4674011e-06
8500,0,0,0,0
8501,0.003141592654,4.934802201e-06,0.003141592654,4.934802201e-06
8502,0.001570796327,2.4674011e-06,0.001570796327,2.4674011e-06
8503,0,0,0,0
8504,0,0,0,0
8505,0.003141592654,4.934802201e-06,0.003141592654,4.934802201e-06
8506,0,0,0,0
8507,0.006283185307,9.869604401e-06,0.006283185307,9.869604401e-06
8508,0.001570796327,2.4674011e-06,0.001570796327,2.4674011e-06
8509,0.001570796327,2.4674011e-06,0.001570796327,2.4674011e-06
8510,0,0,0,0
8511,0.001570796327,2.4674011e-06,0.001570796327,2.4674011e-06
8512,0,0,0,0
8513,0,0,0,0
8514,0.001570796327,2.4674011e-06,0.001570796327,2.4674011e-06
8515,0,0,0,0
8516,0.001570796327,2.4674011e-06,0.001570796327,2.4674011e-06
8517,0.001570796327,2.4674011e-06,0.001570796327,2.4674011e-06
8518,0,0,0,0
8519,0.003141592654,4.934802201e-06,0.003141592654,4.934802201e-06
8520,0,0,0,0
8521,0.001570796327,2.4674011e-06,0.001570796327,2.4674011e-06
8522,0.001570796327,2.4674011e-06,0.001570796327,2.4674011e-06
8523,0,0,0,0
8524,0,0,0,0
8525,0.001570796327,2.4674011e-06,0.001570796327,2.4674011e-06
8526,0,0,0,0
8527,0,0,0,0
8528,0,0,0,0
8529,0.003141592654,4.934802201e-06,0.003141592654,4.934802201e-06
8530,0.001570796327,2.4674011e-06,0.001570796327,2.4674011e-06
8531,0,0,0,0
8532,0,0,0,0
8533,0,0,0,0
8534,0,0,0,0
8535,0,0,0,0
8536,0,0,0,0
8537,0.001570796327,2.4674011e-06,0.001570796327,2.4674011e-06
8538,0,0,0,0
8539,0.001570796327,2.4674011e-06,0.001570796327,2.4674011e-06
8540,0,0,0,0
8541,0.003141592654,4.934802201e-06,0.003141592654,4.934802201e-06
8542,0.001570796327,2.4674011e-06,0.001570796327,2.4674011e-06
8543,0.00471238898,7.402203301e-06,0.00471238898,7.402203301e-06
8544,0.001570796327,2.4674011e-06,0.001570796327,2.4674011e-06
8545,0,0,0,0
8546,0,0,0,0
8547,0.001570796327,2.4674011e-06,0.001570796327,2.4674011e-06
8548,0.001570796327,2.4674011e-06,0.001570796327,2.4674011e-06
8549,0.001570796327,2.4674011e-06,0.001570796327,2.4674011e-06
8550,0.001570796327,2.4674011e-06,0.001570796327,2.4674011e-06
8551,0,0,0,0
8552,0.001570796327,2.4674011e-06,0.001570796327,2.4674011e-06
8553,0.001570796327,2.4674011e-06,0.001570796327,2.4674011e-06
8554,0,0,0,0
8555,0,0,0,0
8556,0.001570796327,2.4674011e-06,0.001570796327,2.4674011e-06
8557,0.001570796327,2.4674011e-06,0.001570796327,2.4674011e-06
8558,0.001570796327,2.4674011e-06,0.001570796327,2.4674011e-06
8559,0,0,0,0
8560,0.001570796327,2.4674011e-06,0.001570796327,2.4674011e-06
8561,0.003141592654,4.934802201e-06,0.003141592654,4.934802201e-06
8562,0.003141592654,4.934802201e-06,0.003141592654,4.934802201e-06
8563,0,0,0,0
8564,0.001570796327,2.4674011e-06,0.001570796327,2.4674011e-06
8565,0,0,0,0
8566,0.001570796327,2.4674011e-06,0.001570796327,2.4674011e-06
8567,0,0,0,0
8568,0,0,0,0
8569,0,0,0,0
8570,0.003141592654,4.934802201e-06,0.003141592654,4.934802201e-06
8571,0,0,0,0
8572,0,0,0,0
8573,0,0,0,0
8574,0.001570796327,2.4674011e-06,0.001570796327,2.4674011e-06
8575,0.001570796327,2.4674011e-06,0.001570796327,2.4674011e-06
8576,0.003141592654,4.934802201e-06,0.003141592654,4.934802201e-06
8577,0.003141592654,4.934802201e-06,0.003141592654,4.934802201e-06
8578,0,0,0,0
8579,0.001570796327,2.4674011e-06,0.001570796327,2.4674011e-06
8580,0.001570796327,2.4674011e-06,0.001570796327,2.4674011e-06
8581,0,0,0,0
8582,0,0,0,0
8583,0.003141592654,4.934802201e-06,0.003141592654,4.934802201e-06
8584,0,0,0,0
8585,0.001570796327,2.4674011e-06,0.001570796327,2.4674011e-06
8586,0,0,0,0
8587,0.001570796327,2.4674011e-06,0.001570796327,2.4674011e-06
8588,0.001570796327,2.4674011e-06,0.001570796327,2.4674011e-06
8589,0,0,0,0
8590,0.001570796327,2.4674011e-06,0.001570796327,2.4674011e-06
8591,0,0,0,0
8592,0.001570796327,2.4674011e-06,0.001570796327,2.4674011e-06
8593,0,0,0,0
8594,0.001570796327,2.4674011e-06,0.001570796327,2.4674011e-06
8595,0,0,0,0
8596,0,0,0,0
8597,0,0,0,0
8598,0.001570796327,2.4674011e-06,0.001570796327,2.4674011e-06
8599,0.003141592654,4.934802201e-06,0.003141592654,4.934802201e-06
8600,0,0,0,0
8601,0.001570796327,2.4674011e-06,0.001570796327,2.4674011e-06
8602,0,0,0,0
8603,0,0,0,0
8604,0.001570796327,2.4674011e-06,0.001570796327,2.4674011e-06
8605,0,0,0,0
8606,0,0,0,0
8607,0.003141592654,4.934802201e-06,0.003141592654,4.934802201e-06
8608,0,0,0,0
8609,0.003141592654,4.934802201e-06,0.003141592654,4.934802201e-06
8610,0,0,0,0
8611,0,0,0,0
8612,0,0,0,0
8613,0.001570796327,2.4674011e-06,0.001570796327,2.4674011e-06
8614,0,0,0,0
8615,0.001570796327,2.4674011e-06,0.001570796327,2.4674011e-06
8616,0,0,0,0
8617,0.001570796327,2.4674011e-06,0.001570796327,2.4674011e-06
8618,0,0,0,0
8619,0.001570796327,2.4674011e-06,0.001570796327,2.4674011e-06
8620,0.001570796327,2.4674011e-06,0.001570796327,2.4674011e-06
8621,0.003141592654,4.934802201e-06,0.003141592654,4.934802201e-06
8622,0,0,0,0
8623,0,0,0,0
8624,0,0,0,0
8625,0.001570796327,2.4674011e-06,0.001570796327,2.4674011e-06
8626,0,0,0,0
8627,0,0,0,0
8628,0,0,0,0
8629,0.001570796327,2.4674011e-06,0.001570796327,2.4674011e-06
8630,0,0,0,0
8631,0,0,0,0
8632,0,0,0,0
8633,0.00471238898,7.402203301e-06,0.00471238898,7.402203301e-06
8634,0.001570796327,2.4674011e-06,0.001570796327,2.4674011e-06
8635,0.003141592654,4.934802201e-06,0.003141592654,4.934802201e-06
8636,0.001570796327,2.4674011e-06,0.001570796327,2.4674011e-06
8637,0.003141592654,4.934802201e-06,0.003141592654,4.934802201e-06
8638,0,0,0,0
8639,0.001570796327,2.4674011e-06,0.001570796327,2.4674011e-06
8640,0,0,0,0
8641,0.003141592654,4.934802201e-06,0.003141592654,4.934802201e-06
8642,0,0,0,0
8643,0.001570796327,2.4674011e-06,0.001570796327,2.4674011e-06
8644,0.001570796327,2.4674011e-06,0.001570796327,2.4674011e-06
8645,0,0,0,0
8646,0.001570796327,2.4674011e-06,0.001570796327,2.4674011e-06
8647,0,0,0,0
8648,0,0,0,0
8649,0.001570796327,2.4674011e-06,0.001570796327,2.4674011e-06
8650,0.001570796327,2.4674011e-06,0.001570796327,2.4674011e-06
8651,0,0,0,0
8652,0.003141592654,4.934802201e-06,0.003141592654,4.934802201e-06
8653,0.003141592654,4.934802201e-06,0.003141592654,4.934802201e-06
8654,0,0,0,0
8655,0.001570796327,2.4674011e-06,0.001570796327,2.4674011e-06
8656,0,0,0,0
8657,0,0,0,0
8658,0,0,0,0
8659,0.001570796327,2.4674011e-06,0.001570796327,2.4674011e-06
8660,0.001570796327,2.4674011e-06,0.001570796327,2.4674011e-06
8661,0,0,0,0
8662,0.001570796327,2.4674011e-06,0.001570796327,2.4674011e-06
8663,0.001570796327,2.4674011e-06,0.001570796327,2.4674011e-06
8664,0,0,0,0
8665,0.001570796327,2.4674011e-06,0.001570796327,2.4674011e-06
8666,0.003141592654,4.934802201e-06,0.003141592654,4.934802201e-06
8667,0.001570796327,2.4674011e-06,0.001570796327,2.4674011e-06
8668,0.003141592654,4.934802201e-06,0.003141592654,4.934802201e-06
8669,0,0,0,0
8670,0.001570796327,2.4674011e-06,0.001570796327,2.4674011e-06
8671,0.001570796327,2.4674011e-06,0.001570796327,2.4674011e-06
8672,0.001570796327,2.4674011e-06,0.001570796327,2.4674011e-06
8673,0,0,0,0
8674,0,0,0,0
8675,0.001570796327,2.4674011e-06,0.001570796327,2.4674011e-06
8676,0.003141592654,4.934802201e-06,0.003141592654,4.934802201e-06
8677,0,0,0,0
8678,0,0,0,0
8679,0.001570796327,2.4674011e-06,0.001570796327,2.4674011e-06
8680,0,0,0,0
8681,0.001570796327,2.4674011e-06,0.001570796327,2.4674011e-06
8682,0.003141592654,4.934802201e-06,0.003141592654,4.934802201e-06
8683,0.001570796327,2.4674011e-06,0.001570796327,2.4674011e-06
8684,0,0,0,0
8685,0,0,0,0
8686,0.001570796327,2.4674011e-06,0.001570796327,2.4674011e-06
8687,0.001570796327,2.4674011e-06,0.001570796327,2.4674011e-06
8688,0.003141592654,4.934802201e-06,0.003141592654,4.934802201e-06
8689,0.001570796327,2.4674011e-06,0.001570796327,2.4674011e-06
8690,0.001570796327,2.4674011e-06,0.001570796327,2.4674011e-06
8691,0.001570796327,2.4674011e-06,0.001570796327,2.4674011e-06
8692,0,0,0,0
8693,0,0,0,0
8694,0.001570796327,2.4674011e-06,0.001570796327,2.4674011e-06
8695,0,0,0,0
8696,0,0,0,0
8697,0.001570796327,2.4674011e-06,0.001570796327,2.4674011e-06
8698,0,0,0,0
8699,0.001570796327,2.4674011e-06,0.001570796327,2.4674011e-06
8700,0.001570796327,2.4674011e-06,0.001570796327,2.4674011e-06
8701,0,0,0,0
8702,0,0,0,0
8703,0,0,0,0
8704,0.001570796327,2.4674011e-06,0.001570796327,2.4674011e-06
8705,0,0,0,0
8706,0.001570796327,2.4674011e-06,0.001570796327,2.4674011e-06
8707,0.001570796327,2.4674011e-06,0.001570796327,2.4674011e-06
8708,0.001570796327,2.4674011e-06,0.001570796327,2.4674011e-06
8709,0,0,0,0
8710,0.001570796327,2.4674011e-06,0.001570796327,2.4674011e-06
8711,0.001570796327,2.4674011e-06,0.001570796327,2.4674011e-06
8712,0.001570796327,2.4674011e-06,0.001570796327,2.4674011e-06
8713,0.003141592654,4.934802201e-06,0.003141592654,4.934802201e-06
8714,0,0,0,0
8715,0,0,0,0
8716,0,0,0,0
8717,0.001570796327,2.4674011e-06,0.001570796327,2.4674011e-06
8718,0.003141592654,4.934802201e-06,0.003141592654,4.934802201e-06
8719,0,0,0,0
8720,0,0,0,0
8721,0.001570796327,2.4674011e-06,0.001570796327,2.4674011e-06
8722,0,0,0,0
8723,0,0,0,0
8724,0.001570796327,2.4674011e-06,0.001570796327,2.4674011e-06
8725,0.001570796327,2.4674011e-06,0.001570796327,2.4674011e-06
8726,0.001570796327,2.4674011e-06,0.001570796327,2.4674011e-06
8727,0.00471238898,7.402203301e-06,0.00471238898,7.402203301e-06
8728,0.001570796327,2.4674011e-06,0.001570796327,2.4674011e-06
8729,0.001570796327,2.4674011e-06,0.001570796327,2.4674011e-06
8730,0,0,0,0
8731,0.001570796327,2.4674011e-06,0.001570796327,2.4674011e-06
8732,0.001570796327,2.4674011e-06,0.001570796327,2.4674011e-06
8733,0.003141592654,4.934802201e-06,0.003141592654,4.934802201e-06
8734,0.003141592654,4.934802201e-06,0.003141592654,4.934802201e-06
8735,0.001570796327,2.4674011e-06,0.001570796327,2.4674011e-06
8736,0,0,0,0
8737,0.003141592654,4.934802201e-06,0.003141592654,4.934802201e-06
8738,0,0,0,0
8739,0,0,0,0
8740,0,0,0,0
8741,0,0,0,0
8742,0,0,0,0
8743,0.001570796327,2.4674011e-06,0.001570796327,2.4674011e-06
8744,0,0,0,0
8745,0.003141592654,4.934802201e-06,0.003141592654,4.934802201e-06
8746,0,0,0,0
8747,0.003141592654,4.934802201e-06,0.003141592654,4.934802201e-06
8748,0.001570796327,2.4674011e-06,0.001570796327,2.4674011e-06
8749,0.001570796327,2.4674011e-06,0.001570796327,2.4674011e-06
8750,0,0,0,0
8751,0.003141592654,4.934802201e-06,0.003141592654,4.934802201e-06
8752,0,0,0,0
8753,0.001570796327,2.4674011e-06,0.001570796327,2.4674011e-06
8754,0,0,0,0
8755,0,0,0,0
8756,0,0,0,0
8757,0.003141592654,4.934802201e-06,0.003141592654,4.934802201e-06
8758,0,0,0,0
8759,0,0,0,0
8760,0,0,0,0
8761,0,0,0,0
8762,0,0,0,0
8763,0.003141592654,4.934802201e-06,0.003141592654,4.934802201e-06
8764,0.003141592654,4.934802201e-06,0.003141592654,4.934802201e-06
8765,0.003141592654,4.934802201e-06,0.003141592654,4.934802201e-06
8766,0,0,0,0
8767,0.001570796327,2.4674011e-06,0.001570796327,2.4674011e-06
8768,0,0,0,0
8769,0.001570796327,2.4674011e-06,0.001570796327,2.4674011e-06
8770,0,0,0,0
8771,0.001570796327,2.4674011e-06,0.001570796327,2.4674011e-06
8772,0.00471238898,7.402203301e-06,0.00471238898,7.402203301e-06
8773,0.003141592654,4.934802201e-06,0.003141592654,4.934802201e-06
8774,0.003141592654,4.934802201e-06,0.003141592654,4.934802201e-06
8775,0.001570796327,2.4674011e-06,0.001570796327,2.4674011e-06
8776,0,0,0,0
8777,0.001570796327,2.4674011e-06,0.001570796327,2.4674011e-06
8778,0,0,0,0
8779,0.001570796327,2.4674011e-06,0.001570796327,2.4674011e-06
8780,0.003141592654,4.934802201e-06,0.003141592654,4.934802201e-06
8781,0.001570796327,2.4674011e-06,0.001570796327,2.4674011e-06
8782,0.001570796327,2.4674011e-06,0.001570796327,2.4674011e-06
8783,0.001570796327,2.4674011e-06,0.001570796327,2.4674011e-06
8784,0,0,0,0
8785,0,0,0,0
8786,0.00471238898,7.402203301e-06,0.00471238898,7.402203301e-06
8787,0,0,0,0
8788,0.003141592654,4.934802201e-06,0.003141592654,4.934802201e-06
8789,0,0,0,0
8790,0,0,0,0
8791,0,0,0,0
8792,0.001570796327,2.4674011e-06,0.001570796327,2.4674011e-06
8793,0.001570796327,2.4674011e-06,0.001570796327,2.4674011e-06
8794,0.003141592654,4.934802201e-06,0.003141592654,4.934802201e-06
8795,0.001570796327,2.4674011e-06,0.001570796327,2.4674011e-06
8796,0.003141592654,4.934802201e-06,0.003141592654,4.934802201e-06
8797,0.00471238898,7.402203301e-06,0.00471238898,7.402203301e-06
8798,0.003141592654,4.934802201e-06,0.003141592654,4.934802201e-06
8799,0.003141592654,4.934802201e-06,0.003141592654,4.934802201e-06
8800,0.001570796327,2.4674011e-06,0.001570796327,2.4674011e-06
8801,0,0,0,0
8802,0,0,0,0
8803,0,0,0,0
8804,0,0,0,0
8805,0,0,0,0
8806,0,0,0,0
8807,0.003141592654,4.934802201e-06,0.003141592654,4.934802201e-06
8808,0,0,0,0
8809,0.001570796327,2.4674011e-06,0.001570796327,2.4674011e-06
8810,0.00471238898,7.402203301e-06,0.00471238898,7.402203301e-06
8811,0,0,0,0
8812,0.001570796327,2.4674011e-06,0.001570796327,2.4674011e-06
8813,0,0,0,0
8814,0.001570796327,2.4674011e-06,0.001570796327,2.4674011e-06
8815,0.006283185307,9.869604401e-06,0.006283185307,9.869604401e-06
8816,0.003141592654,4.934802201e-06,0.003141592654,4.934802201e-06
8817,0.003141592654,4.934802201e-06,0.003141592654,4.934802201e-06
8818,0.001570796327,2.4674011e-06,0.001570796327,2.4674011e-06
8819,0.003141592654,4.934802201e-06,0.003141592654,4.934802201e-06
8820,0.001570796327,2.4674011e-06,0.001570796327,2.4674011e-06
8821,0,0,0,0
8822,0,0,0,0
8823,0.00471238898,7.402203301e-06,0.00471238898,7.402203301e-06
8824,0,0,0,0
8825,0.001570796327,2.4674011e-06,0.001570796327,2.4674011e-06
8826,0.001570796327,2.4674011e-06,0.001570796327,2.4674011e-06
8827,0,0,0,0
8828,0,0,0,0
8829,0.001570796327,2.4674011e-06,0.001570796327,2.4674011e-06
8830,0.003141592654,4.934802201e-06,0.003141592654,4.934802201e-06
8831,0,0,0,0
8832,0,0,0,0
8833,0.001570796327,2.4674011e-06,0.001570796327,2.4674011e-06
8834,0,0,0,0
8835,0,0,0,0
8836,0,0,0,0
8837,0,0,0,0
8838,0.003141592654,4.934802201e-06,0.003141592654,4.934802201e-06
8839,0.00471238898,7.402203301e-06,0.00471238898,7.402203301e-06
8840,0,0,0,0
8841,0,0,0,0
8842,0.001570796327,2.4674011e-06,0.001570796327,2.4674011e-06
8843,0.001570796327,2.4674011e-06,0.001570796327,2.4674011e-06
8844,0,0,0,0
8845,0,0,0,0
8846,0.001570796327,2.4674011e-06,0.001570796327,2.4674011e-06
8847,0,0,0,0
8848,0.001570796327,2.4674011e-06,0.001570796327,2.4674011e-06
8849,0,0,0,0
8850,0.003141592654,4.934802201e-06,0.003141592654,4.934802201e-06
8851,0.003141592654,4.934802201e-06,0.003141592654,4.934802201e-06
8852,0,0,0,0
8853,0.001570796327,2.4674011e-06,0.001570796327,2.4674011e-06
8854,0.003141592654,4.934802201e-06,0.003141592654,4.934802201e-06
8855,0.001570796327,2.4674011e-06,0.001570796327,2.4674011e-06
8856,0.001570796327,2.4674011e-06,0.001570796327,2.4674011e-06
8857,0.00471238898,7.402203301e-06,0.00471238898,7.402203301e-06
8858,0,0,0,0
8859,0,0,0,0
8860,0,0,0,0
8861,0.001570796327,2.4674011e-06,0.001570796327,2.4674011e-06
8862,0.001570796327,2.4674011e-06,0.001570796327,2.4674011e-06
8863,0,0,0,0
8864,0.001570796327,2.4674011e-06,0.001570796327,2.4674011e-06
8865,0,0,0,0
8866,0.006283185307,9.869604401e-06,0.006283185307,9.869604401e-06
8867,0.001570796327,2.4674011e-06,0.001570796327,2.4674011e-06
8868,0,0,0,0
8869,0.001570796327,2.4674011e-06,0.001570796327,2.4674011e-06
8870,0.003141592654,4.934802201e-06,0.003141592654,4.934802201e-06
8871,0.001570796327,2.4674011e-06,0.001570796327,2.4674011e-06
8872,0,0,0,0
8873,0.003141592654,4.934802201e-06,0.003141592654,4.934802201e-06
8874,0,0,0,0
8875,0,0,0,0
8876,0,0,0,0
8877,0.001570796327,2.4674011e-06,0.001570796327,2.4674011e-06
8878,0,0,0,0
8879,0,0,0,0
8880,0.001570796327,2.4674011e-06,0.001570796327,2.4674011e-06
8881,0.001570796327,2.4674011e-06,0.001570796327,2.4674011e-06
8882,0.003141592654,4.934802201e-06,0.003141592654,4.934802201e-06
8883,0.003141592654,4.934802201e-06,0.003141592654,4.934802201e-06
8884,0.001570796327,2.4674011e-06,0.001570796327,2.4674011e-06
8885,0,0,0,0
8886,0,0,0,0
8887,0.001570796327,2.4674011e-06,0.001570796327,2.4674011e-06
8888,0,0,0,0
8889,0.003141592654,4.934802201e-06,0.003141592654,4.934802201e-06
8890,0,0,0,0
8891,0.001570796327,2.4674011e-06,0.001570796327,2.4674011e-06
8892,0,0,0,0
8893,0,0,0,0
8894,0.003141592654,4.934802201e-06,0.003141592654,4.934802201e-06
8895,0.001570796327,2.4674011e-06,0.001570796327,2.4674011e-06
8896,0.001570796327,2.4674011e-06,0.001570796327,2.4674011e-06
8897,0.001570796327,2.4674011e-06,0.001570796327,2.4674011e-06
8898,0,0,0,0
8899,0,0,0,0
8900,0,0,0,0
8901,0,0,0,0
8902,0.001570796327,2.4674011e-06,0.001570796327,2.4674011e-06
8903,0.001570796327,2.4674011e-06,0.001570796327,2.4674011e-06
8904,0.001570796327,2.4674011e-06,0.001570796327,2.4674011e-06
8905,0.003141592654,4.934802201e-06,0.003141592654,4.934802201e-06
8906,0.001570796327,2.4674011e-06,0.001570796327,2.4674011e-06
8907,0.003141592654,4.934802201e-06,0.003141592654,4.934802201e-06
8908,0,0,0,0
8909,0,0,0,0
8910,0.001570796327,2.4674011e-06,0.001570796327,2.4674011e-06
8911,0.003141592654,4.934802201e-06,0.003141592654,4.934802201e-06
8912,0,0,0,0
8913,0,0,0,0
8914,0,0,0,0
8915,0,0,0,0
8916,0,0,0,0
8917,0.001570796327,2.4674011e-06,0.001570796327,2.4674011e-06
8918,0.001570796327,2.4674011e-06,0.001570796327,2.4674011e-06
8919,0.001570796327,2.4674011e-06,0.001570796327,2.4674011e-06
8920,0.001570796327,2.4674011e-06,0.001570796327,2.4674011e-06
8921,0.001570796327,2.4674011e-06,0.001570796327,2.4674011e-06
8922,0.003141592654,4.934802201e-06,0.003141592654,4.934802201e-06
8923,0.001570796327,2.4674011e-06,0.001570796327,2.4674011e-06
8924,0.001570796327,2.4674011e-06,0.001570796327,2.4674011e-06
8925,0.003141592654,4.934802201e-06,0.003141592654,4.934802201e-06
8926,0.003141592654,4.934802201e-06,0.003141592654,4.934802201e-06
8927,0,0,0,0
8928,0,0,0,0
8929,0.001570796327,2.4674011e-06,0.001570796327,2.4674011e-06
8930,0.003141592654,4.934802201e-06,0.003141592654,4.934802201e-06
8931,0.003141592654,4.934802201e-06,0.003141592654,4.934802201e-06
8932,0,0,0,0
8933,0.003141592654,4.934802201e-06,0.003141592654,4.934802201e-06
8934,0,0,0,0
8935,0.00471238898,7.402203301e-06,0.00471238898,7.402203301e-06
8936,0.001570796327,2.4674011e-06,0.001570796327,2.4674011e-06
8937,0.006283185307,9.869604401e-06,0.006283185307,9.869604401e-06
8938,0.001570796327,2.4674011e-06,0.001570796327,2.4674011e-06
8939,0,0,0,0
8940,0,0,0,0
8941,0,0,0,0
8942,0.003141592654,4.934802201e-06,0.003141592654,4.934802201e-06
8943,0.006283185307,9.869604401e-06,0.006283185307,9.869604401e-06
8944,0.003141592654,4.934802201e-06,0.003141592654,4.934802201e-06
8945,0,0,0,0
8946,0.001570796327,2.4674011e-06,0.001570796327,2.4674011e-06
8947,0,0,0,0
8948,0.003141592654,4.934802201e-06,0.003141592654,4.934802201e-06
8949,0,0,0,0
8950,0.001570796327,2.4674011e-06,0.001570796327,2.4674011e-06
8951,0.001570796327,2.4674011e-06,0.001570796327,2.4674011e-06
8952,0,0,0,0
8953,0.00471238898,7.402203301e-06,0.00471238898,7.402203301e-06
8954,0.001570796327,2.4674011e-06,0.001570796327,2.4674011e-06
8955,0,0,0,0
8956,0,0,0,0
8957,0,0,0,0
8958,0.001570796327,2.4674011e-06,0.001570796327,2.4674011e-06
8959,0,0,0,0
8960,0.00471238898,7.402203301e-06,0.00471238898,7.402203301e-06
8961,0.001570796327,2.4674011e-06,0.001570796327,2.4674011e-06
8962,0.003141592654,4.934802201e-06,0.003141592654,4.934802201e-06
8963,0,0,0,0
8964,0.001570796327,2.4674011e-06,0.001570796327,2.4674011e-06
8965,0.001570796327,2.4674011e-06,0.001570796327,2.4674011e-06
8966,0.003141592654,4.934802201e-06,0.003141592654,4.934802201e-06
8967,0,0,0,0
8968,0.001570796327,2.4674011e-06,0.001570796327,2.4674011e-06
8969,0.001570796327,2.4674011e-06,0.001570796327,2.4674011e-06
8970,0.00471238898,7.402203301e-06,0.00471238898,7.402203301e-06
8971,0.001570796327,2.4674011e-06,0.001570796327,2.4674011e-06
8972,0,0,0,0
8973,0.003141592654,4.934802201e-06,0.003141592654,4.934802201e-06
8974,0,0,0,0
8975,0.001570796327,2.4674011e-06,0.001570796327,2.4674011e-06
8976,0.00471238898,7.402203301e-06,0.00471238898,7.402203301e-06
8977,0,0,0,0
8978,0,0,0,0
8979,0,0,0,0
8980,0,0,0,0
8981,0,0,0,0
8982,0.001570796327,2.4674011e-06,0.001570796327,2.4674011e-06
8983,0,0,0,0
8984,0,0,0,0
8985,0.001570796327,2.4674011e-06,0.001570796327,2.4674011e-06
8986,0,0,0,0
8987,0.003141592654,4.934802201e-06,0.003141592654,4.934802201e-06
8988,0.001570796327,2.4674011e-06,0.001570796327,2.4674011e-06
8989,0,0,0,0
8990,0,0,0,0
8991,0,0,0,0
8992,0,0,0,0
8993,0,0,0,0
8994,0.001570796327,2.4674011e-06,0.001570796327,2.4674011e-06
8995,0,0,0,0
8996,0.001570796327,2.4674011e-06,0.001570796327,2.4674011e-06
8997,0.001570796327,2.4674011e-06,0.001570796327,2.4674011e-06
8998,0,0,0,0
8999,0,0,0,0
9000,0,0,0,0
9001,0.00471238898,7.402203301e-06,0.00471238898,7.402203301e-06
9002,0,0,0,0
9003,0,0,0,0
9004,0,0,0,0
9005,0.001570796327,2.4674011e-06,0.001570796327,2.4674011e-06
9006,0.001570796327,2.4674011e-06,0.001570796327,2.4674011e-06
9007,0,0,0,0
9008,0.003141592654,4.934802201e-06,0.003141592654,4.934802201e-06
9009,0.001570796327,2.4674011e-06,0.001570796327,2.4674011e-06
9010,0,0,0,0
9011,0.001570796327,2.4674011e-06,0.001570796327,2.4674011e-06
9012,0.00471238898,7.402203301e-06,0.00471238898,7.402203301e-06
9013,0.003141592654,4.934802201e-06,0.003141592654,4.934802201e-06
9014,0.001570796327,2.4674011e-06,0.001570796327,2.4674011e-06
9015,0.001570796327,2.4674011e-06,0.001570796327,2.4674011e-06
9016,0.001570796327,2.4674011e-06,0.001570796327,2.4674011e-06
9017,0,0,0,0
9018,0,0,0,0
9019,0.001570796327,2.4674011e-06,0.001570796327,2.4674011e-06
9020,0,0,0,0
9021,0,0,0,0
9022,0,0,0,0
9023,0.001570796327,2.4674011e-06,0.001570796327,2.4674011e-06
9024,0.001570796327,2.4674011e-06,0.001570796327,2.4674011e-06
9025,0.001570796327,2.4674011e-06,0.001570796327,2.4674011e-06
9026,0,0,0,0
9027,0,0,0,0
9028,0.001570796327,2.4674011e-06,0.001570796327,2.4674011e-06
9029,0.001570796327,2.4674011e-06,0.001570796327,2.4674011e-06
9030,0,0,0,0
9031,0.003141592654,4.934802201e-06,0.003141592654,4.934802201e-06
9032,0.001570796327,2.4674011e-06,0.001570796327,2.4674011e-06
9033,0.003141592654,4.934802201e-06,0.003141592654,4.934802201e-06
9034,0.003141592654,4.934802201e-06,0.003141592654,4.934802201e-06
9035,0,0,0,0
9036,0.001570796327,2.4674011e-06,0.001570796327,2.4674011e-06
9037,0.003141592654,4.934802201e-06,0.003141592654,4.934802201e-06
9038,0,0,0,0
9039,0,0,0,0
9040,0.003141592654,4.934802201e-06,0.003141592654,4.934802201e-06
9041,0,0,0,0
9042,0.001570796327,2.4674011e-06,0.001570796327,2.4674011e-06
9043,0,0,0,0
9044,0.001570796327,2.4674011e-06,0.001570796327,2.4674011e-06
9045,0,0,0,0
9046,0.001570796327,2.4674011e-06,0.001570796327,2.4674011e-06
9047,0,0,0,0
9048,0,0,0,0
9049,0,0,0,0
9050,0,0,0,0
9051,0.003141592654,4.934802201e-06,0.003141592654,4.934802201e-06
9052,0,0,0,0
9053,0,0,0,0
9054,0.001570796327,2.4674011e-06,0.001570796327,2.4674011e-06
9055,0.003141592654,4.934802201e-06,0.003141592654,4.934802201e-06
9056,0,0,0,0
9057,0.003141592654,4.934802201e-06,0.003141592654,4.934802201e-06
9058,0.003141592654,4.934802201e-06,0.003141592654,4.934802201e-06
9059,0.001570796327,2.4674011e-06,0.001570796327,2.4674011e-06
9060,0,0,0,0
9061,0,0,0,0
9062,0,0,0,0
9063,0,0,0,0
9064,0.001570796327,2.4674011e-06,0.001570796327,2.4674011e-06
9065,0,0,0,0
9066,0.001570796327,2.4674011e-06,0.001570796327,2.4674011e-06
9067,0,0,0,0
9068,0.001570796327,2.4674011e-06,0.001570796327,2.4674011e-06
9069,0,0,0,0
9070,0.001570796327,2.4674011e-06,0.001570796327,2.4674011e-06
9071,0.003141592654,4.934802201e-06,0.003141592654,4.934802201e-06
9072,0.001570796327,2.4674011e-06,0.001570796327,2.4674011e-06
9073,0.001570796327,2.4674011e-06,0.001570796327,2.4674011e-06
9074,0,0,0,0
9075,0,0,0,0
9076,0.001570796327,2.4674011e-06,0.001570796327,2.4674011e-06
9077,0,0,0,0
9078,0.001570796327,2.4674011e-06,0.001570796327,2.4674011e-06
9079,0,0,0,0
9080,0,0,0,0
9081,0.001570796327,2.4674011e-06,0.001570796327,2.4674011e-06
9082,0,0,0,0
9083,0.001570796327,2.4674011e-06,0.001570796327,2.4674011e-06
9084,0.001570796327,2.4674011e-06,0.001570796327,2.4674011e-06
9085,0.001570796327,2.4674011e-06,0.001570796327,2.4674011e-06
9086,0.001570796327,2.4674011e-06,0.001570796327,2.4674011e-06
9087,0,0,0,0
9088,0,0,0,0
9089,0,0,0,0
9090,0,0,0,0
9091,0.001570796327,2.4674011e-06,0.001570796327,2.4674011e-06
9092,0,0,0,0
9093,0.001570796327,2.4674011e-06,0.001570796327,2.4674011e-06
9094,0.003141592654,4.934802201e-06,0.003141592654,4.934802201e-06
9095,0.001570796327,2.4674011e-06,0.001570796327,2.4674011e-06
9096,0,0,0,0
9097,0,0,0,0
9098,0,0,0,0
9099,0.001570796327,2.4674011e-06,0.001570796327,2.4674011e-06
9100,0,0,0,0
9101,0.003141592654,4.934802201e-06,0.003141592654,4.934802201e-06
9102,0,0,0,0
9103,0,0,0,0
9104,0,0,0,0
9105,0.001570796327,2.4674011e-06,0.001570796327,2.4674011e-06
9106,0,0,0,0
9107,0.001570796327,2.4674011e-06,0.001570796327,2.4674011e-06
9108,0,0,0,0
9109,0.003141592654,4.934802201e-06,0.003141592654,4.934802201e-06
9110,0.00471238898,7.402203301e-06,0.00471238898,7.402203301e-06
9111,0.00471238898,7.402203301e-06,0.00471238898,7.402203301e-06
9112,0.003141592654,4.934802201e-06,0.003141592654,4.934802201e-06
9113,0.001570796327,2.4674011e-06,0.001570796327,2.4674011e-06
9114,0.003141592654,4.934802201e-06,0.003141592654,4.934802201e-06
9115,0,0,0,0
9116,0.001570796327,2.4674011e-06,0.001570796327,2.4674011e-06
9117,0,0,0,0
9118,0,0,0,0
9119,0.001570796327,2.4674011e-06,0.001570796327,2.4674011e-06
9120,0.003141592654,4.934802201e-06,0.003141592654,4.934802201e-06
9121,0,0,0,0
9122,0.001570796327,2.4674011e-06,0.001570796327,2.4674011e-06
9123,0,0,0,0
9124,0.001570796327,2.4674011e-06,0.001570796327,2.4674011e-06
9125,0,0,0,0
9126,0,0,0,0
9127,0.001570796327,2.4674011e-06,0.001570796327,2.4674011e-06
9128,0.001570796327,2.4674011e-06,0.001570796327,2.4674011e-06
9129,0.001570796327,2.4674011e-06,0.001570796327,2.4674011e-06
9130,0.003141592654,4.934802201e-06,0.003141592654,4.934802201e-06
9131,0.001570796327,2.4674011e-06,0.001570796327,2.4674011e-06
9132,0.003141592654,4.934802201e-06,0.003141592654,4.934802201e-06
9133,0.003141592654,4.934802201e-06,0.003141592654,4.934802201e-06
9134,0,0,0,0
9135,0.001570796327,2.4674011e-06,0.001570796327,2.4674011e-06
9136,0.001570796327,2.4674011e-06,0.001570796327,2.4674011e-06
9137,0.001570796327,2.4674011e-06,0.001570796327,2.4674011e-06
9138,0.001570796327,2.4674011e-06,0.001570796327,2.4674011e-06
9139,0.001570796327,2.4674011e-06,0.001570796327,2.4674011e-06
9140,0,0,0,0
9141,0.003141592654,4.934802201e-06,0.003141592654,4.934802201e-06
9142,0.001570796327,2.4674011e-06,0.001570796327,2.4674011e-06
9143,0,0,0,0
9144,0.001570796327,2.4674011e-06,0.001570796327,2.4674011e-06
9145,0,0,0,0
9146,0,0,0,0
9147,0,0,0,0
9148,0,0,0,0
9149,0,0,0,0
9150,0,0,0,0
9151,0.003141592654,4.934802201e-06,0.003141592654,4.934802201e-06
9152,0,0,0,0
9153,0,0,0,0
9154,0,0,0,0
9155,0,0,0,0
9156,0.001570796327,2.4674011e-06,0.001570796327,2.4674011e-06
9157,0.003141592654,4.934802201e-06,0.003141592654,4.934802201e-06
9158,0,0,0,0
9159,0,0,0,0
9160,0,0,0,0
9161,0.003141592654,4.934802201e-06,0.003141592654,4.934802201e-06
9162,0.001570796327,2.4674011e-06,0.001570796327,2.4674011e-06
9163,0,0,0,0
9164,0,0,0,0
9165,0.001570796327,2.4674011e-06,0.001570796327,2.4674011e-06
9166,0,0,0,0
9167,0.001570796327,2.4674011e-06,0.001570796327,2.4674011e-06
9168,0.001570796327,2.4674011e-06,0.001570796327,2.4674011e-06
9169,0,0,0,0
9170,0.001570796327,2.4674011e-06,0.001570796327,2.4674011e-06
9171,0.001570796327,2.4674011e-06,0.001570796327,2.4674011e-06
9172,0.00471238898,7.402203301e-06,0.00471238898,7.402203301e-06
9173,0.001570796327,2.4674011e-06,0.001570796327,2.4674011e-06
9174,0.003141592654,4.934802201e-06,0.003141592654,4.934802201e-06
9175,0.003141592654,4.934802201e-06,0.003141592654,4.934802201e-06
9176,0.003141592654,4.934802201e-06,0.003141592654,4.934802201e-06
9177,0,0,0,0
9178,0,0,0,0
9179,0.001570796327,2.4674011e-06,0.001570796327,2.4674011e-06
9180,0,0,0,0
9181,0.001570796327,2.4674011e-06,0.001570796327,2.4674011e-06
9182,0,0,0,0
9183,0.001570796327,2.4674011e-06,0.001570796327,2.4674011e-06
9184,0.003141592654,4.934802201e-06,0.003141592654,4.934802201e-06
9185,0.001570796327,2.4674011e-06,0.001570796327,2.4674011e-06
9186,0,0,0,0
9187,0.003141592654,4.934802201e-06,0.003141592654,4.934802201e-06
9188,0,0,0,0
9189,0,0,0,0
9190,0.003141592654,4.934802201e-06,0.003141592654,4.934802201e-06
9191,0,0,0,0
9192,0.001570796327,2.4674011e-06,0.001570796327,2.4674011e-06
9193,0.001570796327,2.4674011e-06,0.001570796327,2.4674011e-06
9194,0,0,0,0
9195,0.001570796327,2.4674011e-06,0.001570796327,2.4674011e-06
9196,0.001570796327,2.4674011e-06,0.001570796327,2.4674011e-06
9197,0.001570796327,2.4674011e-06,0.001570796327,2.4674011e-06
9198,0,0,0,0
9199,0,0,0,0
9200,0,0,0,0
9201,0,0,0,0
9202,0.001570796327,2.4674011e-06,0.001570796327,2.4674011e-06
9203,0.001570796327,2.4674011e-06,0.001570796327,2.4674011e-06
9204,0.001570796327,2.4674011e-06,0.001570796327,2.4674011e-06
9205,0,0,0,0
9206,0,0,0,0
9207,0,0,0,0
9208,0.001570796327,2.4674011e-06,0.001570796327,2.4674011e-06
9209,0,0,0,0
9210,0.003141592654,4.934802201e-06,0.003141592654,4.934802201e-06
9211,0.001570796327,2.4674011e-06,0.001570796327,2.4674011e-06
9212,0,0,0,0
9213,0,0,0,0
9214,0.006283185307,9.869604401e-06,0.006283185307,9.869604401e-06
9215,0,0,0,0
9216,0,0,0,0
9217,0.003141592654,4.934802201e-06,0.003141592654,4.934802201e-06
9218,0.001570796327,2.4674011e-06,0.001570796327,2.4674011e-06
9219,0,0,0,0
9220,0,0,0,0
9221,0,0,0,0
9222,0.003141592654,4.934802201e-06,0.003141592654,4.934802201e-06
9223,0,0,0,0
9224,0.001570796327,2.4674011e-06,0.001570796327,2.4674011e-06
9225,0,0,0,0
9226,0.001570796327,2.4674011e-06,0.001570796327,2.4674011e-06
9227,0.001570796327,2.4674011e-06,0.001570796327,2.4674011e-06
9228,0.00471238898,7.402203301e-06,0.00471238898,7.402203301e-06
9229,0,0,0,0
9230,0.001570796327,2.4674011e-06,0.001570796327,2.4674011e-06
9231,0.001570796327,2.4674011e-06,0.001570796327,2.4674011e-06
9232,0.001570796327,2.4674011e-06,0.001570796327,2.4674011e-06
9233,0,0,0,0
9234,0.001570796327,2.4674011e-06,0.001570796327,2.4674011e-06
9235,0,0,0,0
9236,0,0,0,0
9237,0,0,0,0
9238,0,0,0,0
9239,0.001570796327,2.4674011e-06,0.001570796327,2.4674011e-06
9240,0,0,0,0
9241,0,0,0,0
9242,0,0,0,0
9243,0,0,0,0
9244,0,0,0,0
9245,0,0,0,0
9246,0.001570796327,2.4674011e-06,0.001570796327,2.4674011e-06
9247,0,0,0,0
9248,0,0,0,0
9249,0,0,0,0
9250,0,0,0,0
9251,0.001570796327,2.4674011e-06,0.001570796327,2.4674011e-06
9252,0,0,0,0
9253,0.001570796327,2.4674011e-06,0.001570796327,2.4674011e-06
9254,0,0,0,0
9255,0.001570796327,2.4674011e-06,0.001570796327,2.4674011e-06
9256,0.00471238898,7.402203301e-06,0.00471238898,7.402203301e-06
9257,0,0,0,0
9258,0,0,0,0
9259,0,0,0,0
9260,0,0,0,0
9261,0,0,0,0
9262,0.001570796327,2.4674011e-06,0.001570796327,2.4674011e-06
9263,0.001570796327,2.4674011e-06,0.001570796327,2.4674011e-06
9264,0.001570796327,2.4674011e-06,0.001570796327,2.4674011e-06
9265,0.003141592654,4.934802201e-06,0.003141592654,4.934802201e-06
9266,0,0,0,0
9267,0,0,0,0
9268,0,0,0,0
9269,0,0,0,0
9270,0,0,0,0
9271,0,0,0,0
9272,0.001570796327,2.4674011e-06,0.001570796327,2.4674011e-06
9273,0.001570796327,2.4674011e-06,0.001570796327,2.4674011e-06
9274,0.001570796327,2.4674011e-06,0.001570796327,2.4674011e-06
9275,0,0,0,0
9276,0,0,0,0
9277,0.003141592654,4.934802201e-06,0.003141592654,4.934802201e-06
9278,0,0,0,0
9279,0,0,0,0
9280,0,0,0,0
9281,0.001570796327,2.4674011e-06,0.001570796327,2.4674011e-06
9282,0.001570796327,2.4674011e-06,0.001570796327,2.4674011e-06
9283,0.003141592654,4.934802201e-06,0.003141592654,4.934802201e-06
9284,0.003141592654,4.934802201e-06,0.003141592654,4.934802201e-06
9285,0.00471238898,7.402203301e-06,0.00471238898,7.402203301e-06
9286,0,0,0,0
9287,0.001570796327,2.4674011e-06,0.001570796327,2.4674011e-06
9288,0.001570796327,2.4674011e-06,0.001570796327,2.4674011e-06
9289,0,0,0,0
9290,0,0,0,0
9291,0,0,0,0
9292,0,0,0,0
9293,0.001570796327,2.4674011e-06,0.001570796327,2.4674011e-06
9294,0.001570796327,2.4674011e-06,0.001570796327,2.4674011e-06
9295,0.001570796327,2.4674011e-06,0.001570796327,2.4674011e-06
9296,0.001570796327,2.4674011e-06,0.001570796327,2.4674011e-06
9297,0,0,0,0
9298,0,0,0,0
9299,0,0,0,0
9300,0.001570796327,2.4674011e-06,0.001570796327,2.4674011e-06
9301,0.001570796327,2.4674011e-06,0.001570796327,2.4674011e-06
9302,0.001570796327,2.4674011e-06,0.001570796327,2.4674011e-06
9303,0,0,0,0
9304,0,0,0,0
9305,0,0,0,0
9306,0.001570796327,2.4674011e-06,0.001570796327,2.4674011e-06
9307,0,0,0,0
9308,0.001570796327,2.4674011e-06,0.001570796327,2.4674011e-06
9309,0,0,0,0
9310,0,0,0,0
9311,0,0,0,0
9312,0.001570796327,2.4674011e-06,0.001570796327,2.4674011e-06
9313,0.003141592654,4.934802201e-06,0.003141592654,4.934802201e-06
9314,0.001570796327,2.4674011e-06,0.001570796327,2.4674011e-06
9315,0.001570796327,2.4674011e-06,0.001570796327,2.4674011e-06
9316,0,0,0,0
9317,0,0,0,0
9318,0,0,0,0
9319,0.001570796327,2.4674011e-06,0.001570796327,2.4674011e-06
9320,0.001570796327,2.4674011e-06,0.001570796327,2.4674011e-06
9321,0.003141592654,4.934802201e-06,0.003141592654,4.934802201e-06
9322,0.001570796327,2.4674011e-06,0.001570796327,2.4674011e-06
9323,0.001570796327,2.4674011e-06,0.001570796327,2.4674011e-06
9324,0,0,0,0
9325,0,0,0,0
9326,0.003141592654,4.934802201e-06,0.003141592654,4.934802201e-06
9327,0,0,0,0
9328,0.001570796327,2.4674011e-06,0.001570796327,2.4674011e-06
9329,0.001570796327,2.4674011e-06,0.001570796327,2.4674011e-06
9330,0.001570796327,2.4674011e-06,0.001570796327,2.4674011e-06
9331,0.001570796327,2.4674011e-06,0.001570796327,2.4674011e-06
9332,0,0,0,0
9333,0,0,0,0
9334,0,0,0,0
9335,0,0,0,0
9336,0,0,0,0
9337,0.003141592654,4.934802201e-06,0.003141592654,4.934802201e-06
9338,0.00471238898,7.402203301e-06,0.00471238898,7.402203301e-06
9339,0.001570796327,2.4674011e-06,0.001570796327,2.4674011e-06
9340,0.001570796327,2.4674011e-06,0.001570796327,2.4674011e-06
9341,0,0,0,0
9342,0.001570796327,2.4674011e-06,0.001570796327,2.4674011e-06
9343,0,0,0,0
9344,0,0,0,0
9345,0.003141592654,4.934802201e-06,0.003141592654,4.934802201e-06
9346,0.001570796327,2.4674011e-06,0.001570796327,2.4674011e-06
9347,0.001570796327,2.4674011e-06,0.001570796327,2.4674011e-06
9348,0,0,0,0
9349,0,0,0,0
9350,0,0,0,0
9351,0.001570796327,2.4674011e-06,0.001570796327,2.4674011e-06
9352,0,0,0,0
9353,0.003141592654,4.934802201e-06,0.003141592654,4.934802201e-06
9354,0,0,0,0
9355,0.001570796327,2.4674011e-06,0.001570796327,2.4674011e-06
9356,0,0,0,0
9357,0,0,0,0
9358,0.001570796327,2.4674011e-06,0.001570796327,2.4674011e-06
9359,0.001570796327,2.4674011e-06,0.001570796327,2.4674011e-06
9360,0.001570796327,2.4674011e-06,0.001570796327,2.4674011e-06
9361,0.001570796327,2.4674011e-06,0.001570796327,2.4674011e-06
9362,0.003141592654,4.934802201e-06,0.003141592654,4.934802201e-06
9363,0.001570796327,2.4674011e-06,0.001570796327,2.4674011e-06
9364,0,0,0,0
9365,0.001570796327,2.4674011e-06,0.001570796327,2.4674011e-06
9366,0.001570796327,2.4674011e-06,0.001570796327,2.4674011e-06
9367,0,0,0,0
9368,0.001570796327,2.4674011e-06,0.001570796327,2.4674011e-06
9369,0.00471238898,7.402203301e-06,0.00471238898,7.402203301e-06
9370,0,0,0,0
9371,0,0,0,0
9372,0.001570796327,2.4674011e-06,0.001570796327,2.4674011e-06
9373,0,0,0,0
9374,0.006283185307,9.869604401e-06,0.006283185307,9.869604401e-06
9375,0.001570796327,2.4674011e-06,0.001570796327,2.4674011e-06
9376,0,0,0,0
9377,0.001570796327,2.4674011e-06,0.001570796327,2.4674011e-06
9378,0.003141592654,4.934802201e-06,0.003141592654,4.934802201e-06
9379,0.001570796327,2.4674011e-06,0.001570796327,2.4674011e-06
9380,0.001570796327,2.4674011e-06,0.001570796327,2.4674011e-06
9381,0.001570796327,2.4674011e-06,0.001570796327,2.4674011e-06
9382,0.001570796327,2.4674011e-06,0.001570796327,2.4674011e-06
9383,0.001570796327,2.4674011e-06,0.001570796327,2.4674011e-06
9384,0.001570796327,2.4674011e-06,0.001570796327,2.4674011e-06
9385,0,0,0,0
9386,0.003141592654,4.934802201e-06,0.003141592654,4.934802201e-06
9387,0.001570796327,2.4674011e-06,0.001570796327,2.4674011e-06
9388,0.003141592654,4.934802201e-06,0.003141592654,4.934802201e-06
9389,0.001570796327,2.4674011e-06,0.001570796327,2.4674011e-06
9390,0,0,0,0
9391,0.001570796327,2.4674011e-06,0.001570796327,2.4674011e-06
9392,0,0,0,0
9393,0,0,0,0
9394,0.001570796327,2.4674011e-06,0.001570796327,2.4674011e-06
9395,0.003141592654,4.934802201e-06,0.003141592654,4.934802201e-06
9396,0,0,0,0
9397,0,0,0,0
9398,0,0,0,0
9399,0.001570796327,2.4674011e-06,0.001570796327,2.4674011e-06
9400,0.003141592654,4.934802201e-06,0.003141592654,4.934802201e-06
9401,0,0,0,0
9402,0,0,0,0
9403,0.001570796327,2.4674011e-06,0.001570796327,2.4674011e-06
9404,0,0,0,0
9405,0.003141592654,4.934802201e-06,0.003141592654,4.934802201e-06
9406,0,0,0,0
9407,0,0,0,0
9408,0.001570796327,2.4674011e-06,0.001570796327,2.4674011e-06
9409,0,0,0,0
9410,0,0,0,0
9411,0,0,0,0
9412,0,0,0,0
9413,0,0,0,0
9414,0.001570796327,2.4674011e-06,0.001570796327,2.4674011e-06
9415,0,0,0,0
9416,0,0,0,0
9417,0,0,0,0
9418,0.001570796327,2.4674011e-06,0.001570796327,2.4674011e-06
9419,0,0,0,0
9420,0,0,0,0
9421,0.001570796327,2.4674011e-06,0.001570796327,2.4674011e-06
9422,0,0,0,0
9423,0,0,0,0
9424,0.001570796327,2.4674011e-06,0.001570796327,2.4674011e-06
9425,0,0,0,0
9426,0.001570796327,2.4674011e-06,0.001570796327,2.4674011e-06
9427,0.001570796327,2.4674011e-06,0.001570796327,2.4674011e-06
9428,0.003141592654,4.934802201e-06,0.003141592654,4.934802201e-06
9429,0,0,0,0
9430,0.001570796327,2.4674011e-06,0.001570796327,2.4674011e-06
9431,0,0,0,0
9432,0,0,0,0
9433,0.001570796327,2.4674011e-06,0.001570796327,2.4674011e-06
9434,0.003141592654,4.934802201e-06,0.003141592654,4.934802201e-06
9435,0.001570796327,2.4674011e-06,0.001570796327,2.4674011e-06
9436,0.001570796327,2.4674011e-06,0.001570796327,2.4674011e-06
9437,0,0,0,0
9438,0,0,0,0
9439,0.001570796327,2.4674011e-06,0.001570796327,2.4674011e-06
9440,0.00471238898,7.402203301e-06,0.00471238898,7.402203301e-06
9441,0,0,0,0
9442,0,0,0,0
9443,0,0,0,0
9444,0,0,0,0
9445,0,0,0,0
9446,0.001570796327,2.4674011e-06,0.001570796327,2.4674011e-06
9447,0.001570796327,2.4674011e-06,0.001570796327,2.4674011e-06
9448,0,0,0,0
9449,0,0,0,0
9450,0,0,0,0
9451,0,0,0,0
9452,0.001570796327,2.4674011e-06,0.001570796327,2.4674011e-06
9453,0,0,0,0
9454,0.003141592654,4.934802201e-06,0.003141592654,4.934802201e-06
9455,0.001570796327,2.4674011e-06,0.001570796327,2.4674011e-06
9456,0,0,0,0
9457,0.00471238898,7.402203301e-06,0.00471238898,7.402203301e-06
9458,0.001570796327,2.4674011e-06,0.001570796327,2.4674011e-06
9459,0,0,0,0
9460,0.001570796327,2.4674011e-06,0.001570796327,2.4674011e-06
9461,0.001570796327,2.4674011e-06,0.001570796327,2.4674011e-06
9462,0,0,0,0
9463,0.001570796327,2.4674011e-06,0.001570796327,2.4674011e-06
9464,0.001570796327,2.4674011e-06,0.001570796327,2.4674011e-06
9465,0.001570796327,2.4674011e-06,0.001570796327,2.4674011e-06
9466,0.001570796327,2.4674011e-06,0.001570796327,2.4674011e-06
9467,0,0,0,0
9468,0.003141592654,4.934802201e-06,0.003141592654,4.934802201e-06
9469,0.003141592654,4.934802201e-06,0.003141592654,4.934802201e-06
9470,0,0,0,0
9471,0.001570796327,2.4674011e-06,0.001570796327,2.4674011e-06
9472,0.003141592654,4.934802201e-06,0.003141592654,4.934802201e-06
9473,0.003141592654,4.934802201e-06,0.003141592654,4.934802201e-06
9474,0.001570796327,2.4674011e-06,0.001570796327,2.4674011e-06
9475,0,0,0,0
9476,0.001570796327,2.4674011e-06,0.001570796327,2.4674011e-06
9477,0.003141592654,4.934802201e-06,0.003141592654,4.934802201e-06
9478,0,0,0,0
9479,0.003141592654,4.934802201e-06,0.003141592654,4.934802201e-06
9480,0,0,0,0
9481,0,0,0,0
9482,0,0,0,0
9483,0.001570796327,2.4674011e-06,0.001570796327,2.4674011e-06
9484,0,0,0,0
9485,0.006283185307,9.869604401e-06,0.006283185307,9.869604401e-06
9486,0.001570796327,2.4674011e-06,0.001570796327,2.4674011e-06
9487,0,0,0,0
9488,0.003141592654,4.934802201e-06,0.003141592654,4.934802201e-06
9489,0,0,0,0
9490,0,0,0,0
9491,0,0,0,0
9492,0.001570796327,2.4674011e-06,0.001570796327,2.4674011e-06
9493,0,0,0,0
9494,0.003141592654,4.934802201e-06,0.003141592654,4.934802201e-06
9495,0,0,0,0
9496,0,0,0,0
9497,0.001570796327,2.4674011e-06,0.001570796327,2.4674011e-06
9498,0.003141592654,4.934802201e-06,0.003141592654,4.934802201e-06
9499,0,0,0,0
9500,0,0,0,0
9501,0,0,0,0
9502,0,0,0,0
9503,0.003141592654,4.934802201e-06,0.003141592654,4.934802201e-06
9504,0.00471238898,7.402203301e-06,0.00471238898,7.402203301e-06
9505,0.001570796327,2.4674011e-06,0.001570796327,2.4674011e-06
9506,0.001570796327,2.4674011e-06,0.001570796327,2.4674011e-06
9507,0,0,0,0
9508,0,0,0,0
9509,0.001570796327,2.4674011e-06,0.001570796327,2.4674011e-06
9510,0,0,0,0
9511,0.001570796327,2.4674011e-06,0.001570796327,2.4674011e-06
9512,0.001570796327,2.4674011e-06,0.001570796327,2.4674011e-06
9513,0,0,0,0
9514,0,0,0,0
9515,0,0,0,0
9516,0.001570796327,2.4674011e-06,0.001570796327,2.4674011e-06
9517,0,0,0,0
9518,0,0,0,0
9519,0,0,0,0
9520,0,0,0,0
9521,0,0,0,0
9522,0,0,0,0
9523,0,0,0,0
9524,0,0,0,0
9525,0,0,0,0
9526,0.003141592654,4.934802201e-06,0.003141592654,4.934802201e-06
9527,0.001570796327,2.4674011e-06,0.001570796327,2.4674011e-06
9528,0,0,0,0
9529,0.001570796327,2.4674011e-06,0.001570796327,2.4674011e-06
9530,0.001570796327,2.4674011e-06,0.001570796327,2.4674011e-06
9531,0,0,0,0
9532,0,0,0,0
9533,0,0,0,0
9534,0,0,0,0
9535,0.001570796327,2.4674011e-06,0.001570796327,2.4674011e-06
9536,0,0,0,0
9537,0.001570796327,2.4674011e-06,0.001570796327,2.4674011e-06
9538,0.001570796327,2.4674011e-06,0.001570796327,2.4674011e-06
9539,0.001570796327,2.4674011e-06,0.001570796327,2.4674011e-06
9540,0,0,0,0
9541,0,0,0,0
9542,0.001570796327,2.4674011e-06,0.001570796327,2.4674011e-06
9543,0.001570796327,2.4674011e-06,0.001570796327,2.4674011e-06
9544,0.001570796327,2.4674011e-06,0.001570796327,2.4674011e-06
9545,0,0,0,0
9546,0.001570796327,2.4674011e-06,0.001570796327,2.4674011e-06
9547,0.001570796327,2.4674011e-06,0.001570796327,2.4674011e-06
9548,0,0,0,0
9549,0.001570796327,2.4674011e-06,0.001570796327,2.4674011e-06
9550,0.001570796327,2.4674011e-06,0.001570796327,2.4674011e-06
9551,0,0,0,0
9552,0.001570796327,2.4674011e-06,0.001570796327,2.4674011e-06
9553,0,0,0,0
9554,0.001570796327,2.4674011e-06,0.001570796327,2.4674011e-06
9555,0.001570796327,2.4674011e-06,0.001570796327,2.4674011e-06
9556,0.001570796327,2.4674011e-06,0.001570796327,2.4674011e-06
9557,0.003141592654,4.934802201e-06,0.003141592654,4.934802201e-06
9558,0.003141592654,4.934802201e-06,0.003141592654,4.934802201e-06
9559,0,0,0,0
9560,0,0,0,0
9561,0,0,0,0
9562,0,0,0,0
9563,0.001570796327,2.4674011e-06,0.001570796327,2.4674011e-06
9564,0.006283185307,9.869604401e-06,0.006283185307,9.869604401e-06
9565,0.003141592654,4.934802201e-06,0.003141592654,4.934802201e-06
9566,0,0,0,0
9567,0.00471238898,7.402203301e-06,0.00471238898,7.402203301e-06
9568,0,0,0,0
9569,0,0,0,0
9570,0,0,0,0
9571,0,0,0,0
9572,0.00471238898,7.402203301e-06,0.00471238898,7.402203301e-06
9573,0.00471238898,7.402203301e-06,0.00471238898,7.402203301e-06
9574,0.00471238898,7.402203301e-06,0.00471238898,7.402203301e-06
9575,0,0,0,0
9576,0.001570796327,2.4674011e-06,0.001570796327,2.4674011e-06
9577,0.003141592654,4.934802201e-06,0.003141592654,4.934802201e-06
9578,0.001570796327,2.4674011e-06,0.001570796327,2.4674011e-06
9579,0.001570796327,2.4674011e-06,0.001570796327,2.4674011e-06
9580,0.001570796327,2.4674011e-06,0.001570796327,2.4674011e-06
9581,0.001570796327,2.4674011e-06,0.001570796327,2.4674011e-06
9582,0.001570796327,2.4674011e-06,0.001570796327,2.4674011e-06
9583,0.003141592654,4.934802201e-06,0.003141592654,4.934802201e-06
9584,0.001570796327,2.4674011e-06,0.001570796327,2.4674011e-06
9585,0.001570796327,2.4674011e-06,0.001570796327,2.4674011e-06
9586,0.001570796327,2.4674011e-06,0.001570796327,2.4674011e-06
9587,0,0,0,0
9588,0.001570796327,2.4674011e-06,0.001570796327,2.4674011e-06
9589,0.001570796327,2.4674011e-06,0.001570796327,2.4674011e-06
9590,0.001570796327,2.4674011e-06,0.001570796327,2.4674011e-06
9591,0.001570796327,2.4674011e-06,0.001570796327,2.4674011e-06
9592,0,0,0,0
9593,0,0,0,0
9594,0.001570796327,2.4674011e-06,0.001570796327,2.4674011e-06
9595,0,0,0,0
9596,0,0,0,0
9597,0,0,0,0
9598,0,0,0,0
9599,0.001570796327,2.4674011e-06,0.001570796327,2.4674011e-06
9600,0.001570796327,2.4674011e-06,0.001570796327,2.4674011e-06
9601,0.001570796327,2.4674011e-06,0.001570796327,2.4674011e-06
9602,0.001570796327,2.4674011e-06,0.001570796327,2.4674011e-06
9603,0,0,0,0
9604,0.003141592654,4.934802201e-06,0.003141592654,4.934802201e-06
9605,0,0,0,0
9606,0.001570796327,2.4674011e-06,0.001570796327,2.4674011e-06
9607,0.001570796327,2.4674011e-06,0.001570796327,2.4674011e-06
9608,0,0,0,0
9609,0.001570796327,2.4674011e-06,0.001570796327,2.4674011e-06
9610,0,0,0,0
9611,0.001570796327,2.4674011e-06,0.001570796327,2.4674011e-06
9612,0.003141592654,4.934802201e-06,0.003141592654,4.934802201e-06
9613,0,0,0,0
9614,0,0,0,0
9615,0,0,0,0
9616,0,0,0,0
9617,0,0,0,0
9618,0.001570796327,2.4674011e-06,0.001570796327,2.4674011e-06
9619,0,0,0,0
9620,0.001570796327,2.4674011e-06,0.001570796327,2.4674011e-06
9621,0,0,0,0
9622,0,0,0,0
9623,0,0,0,0
9624,0.001570796327,2.4674011e-06,0.001570796327,2.4674011e-06
9625,0,0,0,0
9626,0,0,0,0
9627,0.003141592654,4.934802201e-06,0.003141592654,4.934802201e-06
9628,0.001570796327,2.4674011e-06,0.001570796327,2.4674011e-06
9629,0,0,0,0
9630,0.003141592654,4.934802201e-06,0.003141592654,4.934802201e-06
9631,0,0,0,0
9632,0,0,0,0
9633,0.001570796327,2.4674011e-06,0.001570796327,2.4674011e-06
9634,0.001570796327,2.4674011e-06,0.001570796327,2.4674011e-06
9635,0,0,0,0
9636,0.001570796327,2.4674011e-06,0.001570796327,2.4674011e-06
9637,0,0,0,0
9638,0,0,0,0
9639,0,0,0,0
9640,0,0,0,0
9641,0.001570796327,2.4674011e-06,0.001570796327,2.4674011e-06
9642,0,0,0,0
9643,0.003141592654,4.934802201e-06,0.003141592654,4.934802201e-06
9644,0,0,0,0
9645,0.001570796327,2.4674011e-06,0.001570796327,2.4674011e-06
9646,0.001570796327,2.4674011e-06,0.001570796327,2.4674011e-06
9647,0.001570796327,2.4674011e-06,0.001570796327,2.4674011e-06
9648,0,0,0,0
9649,0,0,0,0
9650,0,0,0,0
9651,0.001570796327,2.4674011e-06,0.001570796327,2.4674011e-06
9652,0,0,0,0
9653,0,0,0,0
9654,0.003141592654,4.934802201e-06,0.003141592654,4.934802201e-06
9655,0.001570796327,2.4674011e-06,0.001570796327,2.4674011e-06
9656,0.001570796327,2.4674011e-06,0.001570796327,2.4674011e-06
9657,0,0,0,0
9658,0.001570796327,2.4674011e-06,0.001570796327,2.4674011e-06
9659,0,0,0,0
9660,0.001570796327,2.4674011e-06,0.001570796327,2.4674011e-06
9661,0,0,0,0
9662,0.001570796327,2.4674011e-06,0.001570796327,2.4674011e-06
9663,0.001570796327,2.4674011e-06,0.001570796327,2.4674011e-06
9664,0.003141592654,4.934802201e-06,0.003141592654,4.934802201e-06
9665,0.001570796327,2.4674011e-06,0.001570796327,2.4674011e-06
9666,0,0,0,0
9667,0,0,0,0
9668,0.003141592654,4.934802201e-06,0.003141592654,4.934802201e-06
9669,0.001570796327,2.4674011e-06,0.001570796327,2.4674011e-06
9670,0.001570796327,2.4674011e-06,0.001570796327,2.4674011e-06
9671,0,0,0,0
9672,0,0,0,0
9673,0.001570796327,2.4674011e-06,0.001570796327,2.4674011e-06
9674,0.001570796327,2.4674011e-06,0.001570796327,2.4674011e-06
9675,0,0,0,0
9676,0,0,0,0
9677,0,0,0,0
9678,0.003141592654,4.934802201e-06,0.003141592654,4.934802201e-06
9679,0,0,0,0
9680,0,0,0,0
9681,0,0,0,0
9682,0.001570796327,2.4674011e-06,0.001570796327,2.4674011e-06
9683,0,0,0,0
9684,0.001570796327,2.4674011e-06,0.001570796327,2.4674011e-06
9685,0.001570796327,2.4674011e-06,0.001570796327,2.4674011e-06
9686,0,0,0,0
9687,0.001570796327,2.4674011e-06,0.001570796327,2.4674011e-06
9688,0.001570796327,2.4674011e-06,0.001570796327,2.4674011e-06
9689,0,0,0,0
9690,0,0,0,0
9691,0.001570796327,2.4674011e-06,0.001570796327,2.4674011e-06
9692,0.001570796327,2.4674011e-06,0.001570796327,2.4674011e-06
9693,0.001570796327,2.4674011e-06,0.001570796327,2.4674011e-06
9694,0,0,0,0
9695,0.001570796327,2.4674011e-06,0.001570796327,2.4674011e-06
9696,0.003141592654,4.934802201e-06,0.003141592654,4.934802201e-06
9697,0,0,0,0
9698,0,0,0,0
9699,0,0,0,0
9700,0,0,0,0
9701,0,0,0,0
9702,0.001570796327,2.4674011e-06,0.001570796327,2.4674011e-06
9703,0.001570796327,2.4674011e-06,0.001570796327,2.4674011e-06
9704,0.001570796327,2.4674011e-06,0.001570796327,2.4674011e-06
9705,0,0,0,0
9706,0,0,0,0
9707,0,0,0,0
9708,0,0,0,0
9709,0,0,0,0
9710,0,0,0,0
9711,0,0,0,0
9712,0,0,0,0
9713,0.001570796327,2.4674011e-06,0.001570796327,2.4674011e-06
9714,0,0,0,0
9715,0,0,0,0
9716,0,0,0,0
9717,0,0,0,0
9718,0,0,0,0
9719,0.003141592654,4.934802201e-06,0.003141592654,4.934802201e-06
9720,0.001570796327,2.4674011e-06,0.001570796327,2.4674011e-06
9721,0,0,0,0
9722,0,0,0,0
9723,0.001570796327,2.4674011e-06,0.001570796327,2.4674011e-06
9724,0,0,0,0
9725,0.001570796327,2.4674011e-06,0.001570796327,2.4674011e-06
9726,0,0,0,0
9727,0,0,0,0
9728,0,0,0,0
9729,0.001570796327,2.4674011e-06,0.001570796327,2.4674011e-06
9730,0.001570796327,2.4674011e-06,0.001570796327,2.4674011e-06
9731,0,0,0,0
9732,0,0,0,0
9733,0,0,0,0
9734,0,0,0,0
9735,0.001570796327,2.4674011e-06,0.001570796327,2.4674011e-06
9736,0,0,0,0
9737,0.001570796327,2.4674011e-06,0.001570796327,2.4674011e-06
9738,0.001570796327,2.4674011e-06,0.001570796327,2.4674011e-06
9739,0,0,0,0
9740,0,0,0,0
9741,0,0,0,0
9742,0.001570796327,2.4674011e-06,0.001570796327,2.4674011e-06
9743,0.001570796327,2.4674011e-06,0.001570796327,2.4674011e-06
9744,0,0,0,0
9745,0,0,0,0
9746,0,0,0,0
9747,0,0,0,0
9748,0,0,0,0
9749,0,0,0,0
9750,0,0,0,0
9751,0.001570796327,2.4674011e-06,0.001570796327,2.4674011e-06
9752,0,0,0,0
9753,0,0,0,0
9754,0.001570796327,2.4674011e-06,0.001570796327,2.4674011e-06
9755,0,0,0,0
9756,0,0,0,0
9757,0,0,0,0
9758,0.001570796327,2.4674011e-06,0.001570796327,2.4674011e-06
9759,0,0,0,0
9760,0.001570796327,2.4674011e-06,0.001570796327,2.4674011e-06
9761,0.001570796327,2.4674011e-06,0.001570796327,2.4674011e-06
9762,0,0,0,0
9763,0,0,0,0
9764,0.001570796327,2.4674011e-06,0.001570796327,2.4674011e-06
9765,0,0,0,0
9766,0.001570796327,2.4674011e-06,0.001570796327,2.4674011e-06
9767,0.001570796327,2.4674011e-06,0.001570796327,2.4674011e-06
9768,0,0,0,0
9769,0.003141592654,4.934802201e-06,0.003141592654,4.934802201e-06
9770,0,0,0,0
9771,0,0,0,0
9772,0.003141592654,4.934802201e-06,0.003141592654,4.934802201e-06
9773,0.001570796327,2.4674011e-06,0.001570796327,2.4674011e-06
9774,0.003141592654,4.934802201e-06,0.003141592654,4.934802201e-06
9775,0.001570796327,2.4674011e-06,0.001570796327,2.4674011e-06
9776,0,0,0,0
9777,0.001570796327,2.4674011e-06,0.001570796327,2.4674011e-06
9778,0,0,0,0
9779,0.001570796327,2.4674011e-06,0.001570796327,2.4674011e-06
9780,0,0,0,0
9781,0.003141592654,4.934802201e-06,0.003141592654,4.934802201e-06
9782,0.001570796327,2.4674011e-06,0.001570796327,2.4674011e-06
9783,0.001570796327,2.4674011e-06,0.001570796327,2.4674011e-06
9784,0.001570796327,2.4674011e-06,0.001570796327,2.4674011e-06
9785,0,0,0,0
9786,0,0,0,0
9787,0,0,0,0
9788,0,0,0,0
9789,0,0,0,0
9790,0,0,0,0
9791,0,0,0,0
9792,0,0,0,0
9793,0.001570796327,2.4674011e-06,0.001570796327,2.4674011e-06
9794,0.001570796327,2.4674011e-06,0.001570796327,2.4674011e-06
9795,0,0,0,0
9796,0.001570796327,2.4674011e-06,0.001570796327,2.4674011e-06
9797,0,0,0,0
9798,0,0,0,0
9799,0,0,0,0
9800,0,0,0,0
9801,0.00471238898,7.402203301e-06,0.00471238898,7.402203301e-06
9802,0,0,0,0
9803,0.001570796327,2.4674011e-06,0.001570796327,2.4674011e-06
9804,0,0,0,0
9805,0,0,0,0
9806,0,0,0,0
9807,0,0,0,0
9808,0.001570796327,2.4674011e-06,0.001570796327,2.4674011e-06
9809,0.001570796327,2.4674011e-06,0.001570796327,2.4674011e-06
9810,0.001570796327,2.4674011e-06,0.001570796327,2.4674011e-06
9811,0.003141592654,4.934802201e-06,0.003141592654,4.934802201e-06
9812,0.001570796327,2.4674011e-06,0.001570796327,2.4674011e-06
9813,0,0,0,0
9814,0,0,0,0
9815,0.001570796327,2.4674011e-06,0.001570796327,2.4674011e-06
9816,0,0,0,0
9817,0,0,0,0
9818,0.001570796327,2.4674011e-06,0.001570796327,2.4674011e-06
9819,0,0,0,0
9820,0.001570796327,2.4674011e-06,0.001570796327,2.4674011e-06
9821,0,0,0,0
9822,0.001570796327,2.4674011e-06,0.001570796327,2.4674011e-06
9823,0,0,0,0
9824,0,0,0,0
9825,0.001570796327,2.4674011e-06,0.001570796327,2.4674011e-06
9826,0.001570796327,2.4674011e-06,0.001570796327,2.4674011e-06
9827,0.001570796327,2.4674011e-06,0.001570796327,2.4674011e-06
9828,0,0,0,0
9829,0.001570796327,2.4674011e-06,0.001570796327,2.4674011e-06
9830,0,0,0,0
9831,0,0,0,0
9832,0,0,0,0
9833,0,0,0,0
9834,0.003141592654,4.934802201e-06,0.003141592654,4.934802201e-06
9835,0.001570796327,2.4674011e-06,0.001570796327,2.4674011e-06
9836,0,0,0,0
9837,0,0,0,0
9838,0,0,0,0
9839,0,0,0,0
9840,0,0,0,0
9841,0,0,0,0
9842,0,0,0,0
9843,0,0,0,0
9844,0.001570796327,2.4674011e-06,0.001570796327,2.4674011e-06
9845,0.001570796327,2.4674011e-06,0.001570796327,2.4674011e-06
9846,0.001570796327,2.4674011e-06,0.001570796327,2.4674011e-06
9847,0,0,0,0
9848,0.001570796327,2.4674011e-06,0.001570796327,2.4674011e-06
9849,0,0,0,0
9850,0,0,0,0
9851,0,0,0,0
9852,0,0,0,0
9853,0,0,0,0
9854,0.001570796327,2.4674011e-06,0.001570796327,2.4674011e-06
9855,0,0,0,0
9856,0.001570796327,2.4674011e-06,0.001570796327,2.4674011e-06
9857,0.001570796327,2.4674011e-06,0.001570796327,2.4674011e-06
9858,0.001570796327,2.4674011e-06,0.001570796327,2.4674011e-06
9859,0,0,0,0
9860,0.001570796327,2.4674011e-06,0.001570796327,2.4674011e-06
9861,0,0,0,0
9862,0,0,0,0
9863,0,0,0,0
9864,0,0,0,0
9865,0,0,0,0
9866,0,0,0,0
9867,0.003141592654,4.934802201e-06,0.003141592654,4.934802201e-06
9868,0,0,0,0
9869,0,0,0,0
9870,0,0,0,0
9871,0,0,0,0
9872,0,0,0,0
9873,0,0,0,0
9874,0,0,0,0
9875,0,0,0,0
9876,0.003141592654,4.934802201e-06,0.003141592654,4.934802201e-06
9877,0,0,0,0
9878,0,0,0,0
9879,0.003141592654,4.934802201e-06,0.003141592654,4.934802201e-06
9880,0,0,0,0
9881,0.001570796327,2.4674011e-06,0.001570796327,2.4674011e-06
9882,0.001570796327,2.4674011e-06,0.001570796327,2.4674011e-06
9883,0,0,0,0
9884,0,0,0,0
9885,0,0,0,0
9886,0.001570796327,2.4674011e-06,0.001570796327,2.4674011e-06
9887,0,0,0,0
9888,0,0,0,0
9889,0,0,0,0
9890,0,0,0,0
9891,0.001570796327,2.4674011e-06,0.001570796327,2.4674011e-06
9892,0.001570796327,2.4674011e-06,0.001570796327,2.4674011e-06
9893,0,0,0,0
9894,0.001570796327,2.4674011e-06,0.001570796327,2.4674011e-06
9895,0,0,0,0
9896,0.001570796327,2.4674011e-06,0.001570796327,2.4674011e-06
9897,0.001570796327,2.4674011e-06,0.001570796327,2.4674011e-06
9898,0,0,0,0
9899,0.001570796327,2.4674011e-06,0.001570796327,2.4674011e-06
9900,0,0,0,0
9901,0,0,0,0
9902,0,0,0,0
9903,0,0,0,0
9904,0,0,0,0
9905,0,0,0,0
9906,0,0,0,0
9907,0,0,0,0
9908,0.001570796327,2.4674011e-06,0.001570796327,2.4674011e-06
9909,0,0,0,0
9910,0,0,0,0
9911,0.001570796327,2.4674011e-06,0.001570796327,2.4674011e-06
9912,0,0,0,0
9913,0.003141592654,4.934802201e-06,0.003141592654,4.934802201e-06
9914,0,0,0,0
9915,0,0,0,0
9916,0,0,0,0
9917,0,0,0,0
9918,0.001570796327,2.4674011e-06,0.001570796327,2.4674011e-06
9919,0,0,0,0
9920,0.001570796327,2.4674011e-06,0.001570796327,2.4674011e-06
9921,0.003141592654,4.934802201e-06,0.003141592654,4.934802201e-06
9922,0,0,0,0
9923,0,0,0,0
9924,0.001570796327,2.4674011e-06,0.001570796327,2.4674011e-06
9925,0,0,0,0
9926,0.001570796327,2.4674011e-06,0.001570796327,2.4674011e-06
9927,0,0,0,0
9928,0.001570796327,2.4674011e-06,0.001570796327,2.4674011e-06
9929,0,0,0,0
9930,0,0,0,0
9931,0.003141592654,4.934802201e-06,0.003141592654,4.934802201e-06
9932,0.001570796327,2.4674011e-06,0.001570796327,2.4674011e-06
9933,0,0,0,0
9934,0,0,0,0
9935,0,0,0,0
9936,0,0,0,0
9937,0,0,0,0
9938,0,0,0,0
9939,0,0,0,0
9940,0.001570796327,2.4674011e-06,0.001570796327,2.4674011e-06
9941,0,0,0,0
9942,0.00471238898,7.402203301e-06,0.00471238898,7.402203301e-06
9943,0,0,0,0
9944,0,0,0,0
9945,0.001570796327,2.4674011e-06,0.001570796327,2.4674011e-06
9946,0.001570796327,2.4674011e-06,0.001570796327,2.4674011e-06
9947,0,0,0,0
9948,0,0,0,0
9949,0,0,0,0
9950,0,0,0,0
9951,0,0,0,0
9952,0,0,0,0
9953,0.001570796327,2.4674011e-06,0.001570796327,2.4674011e-06
9954,0,0,0,0
9955,0,0,0,0
9956,0,0,0,0
9957,0,0,0,0
9958,0,0,0,0
9959,0,0,0,0
9960,0,0,0,0
9961,0.001570796327,2.4674011e-06,0.001570796327,2.4674011e-06
9962,0,0,0,0
9963,0,0,0,0
9964,0,0,0,0
9965,0.001570796327,2.4674011e-06,0.001570796327,2.4674011e-06
9966,0.001570796327,2.4674011e-06,0.001570796327,2.4674011e-06
9967,0.003141592654,4.934802201e-06,0.003141592654,4.934802201e-06
9968,0,0,0,0
9969,0,0,0,0
9970,0,0,0,0
9971,0.001570796327,2.4674011e-06,0.001570796327,2.4674011e-06
9972,0,0,0,0
9973,0.001570796327,2.4674011e-06,0.001570796327,2.4674011e-06
9974,0,0,0,0
9975,0.001570796327,2.4674011e-06,0.001570796327,2.4674011e-06
9976,0,0,0,0
9977,0.001570796327,2.4674011e-06,0.001570796327,2.4674011e-06
9978,0,0,0,0
9979,0,0,0,0
9980,0,0,0,0
9981,0,0,0,0
9982,0,0,0,0
9983,0.003141592654,4.934802201e-06,0.003141592654,4.934802201e-06
9984,0,0,0,0
9985,0,0,0,0
9986,0,0,0,0
9987,0,0,0,0
9988,0.001570796327,2.4674011e-06,0.001570796327,2.4674011e-06
9989,0,0,0,0
9990,0,0,0,0
9991,0,0,0,0
9992,0,0,0,0
9993,0,0,0,0
9994,0,0,0,0
9995,0,0,0,0
9996,0,0,0,0
9997,0,0,0,0
9998,0.001570796327,2.4674011e-06,0.001570796327,2.4674011e-06
9999,0,0,0,0
10000,0.245044227,0.0003849145716,0.245044227,0.0003849145716
