# rates per second, merged T_sim_s=1600.0002
bin_keV,sumw,sumw2,light_sumw,light_sumw2
0,0,0,0,0
1,0.0001354166497,1.618923206e-09,0.0001354166497,1.618923206e-09
2,0.0001458333151,1.892360638e-09,0.0001458333151,1.892360638e-09
3,0.0001124999859,1.510416289e-09,0.0001124999859,1.510416289e-09
4,0.0001138888747,1.523919372e-09,0.0001138888747,1.523919372e-09
5,0.0002552083014,3.56879251e-09,0.0002552083014,3.56879251e-09
6,0.0002458333026,3.420138033e-09,0.0002458333026,3.420138033e-09
7,0.0002791666318,5.503470846e-09,0.0002791666318,5.503470846e-09
8,0.0002982638516,4.172573223e-09,0.0002982638516,4.172573223e-09
9,0.0002958332964,4.3576378e-09,0.0002958332964,4.3576378e-09
10,0.0003041666286,1.043402517e-08,0.0003041666286,1.043402517e-08
11,0.0003395832909,4.969616813e-09,0.0003395832909,4.969616813e-09
12,0.0002166666396,3.090277005e-09,0.0002166666396,3.090277005e-09
13,0.0002118055291,2.789833406e-09,0.0002118055291,2.789833406e-09
14,0.0003041666286,5.954859621e-09,0.0003041666286,5.954859621e-09
15,0.0002083333073,2.777777083e-09,0.0002083333073,2.777777083e-09
16,0.0001833333104,2.048610599e-09,0.0001833333104,2.048610599e-09
17,0.0002749999656,4.722221042e-09,0.0002749999656,4.722221042e-09
18,0.0002986110738,4.076002067e-09,0.0002986110738,4.076002067e-09
19,0.0003041666286,3.802082383e-09,0.0003041666286,3.802082383e-09
20,0.0002166666396,2.152777239e-09,0.0002166666396,2.152777239e-09
21,0.0003520832893,4.605033571e-09,0.0003520832893,4.605033571e-09
22,0.0002541666349,3.385415819e-09,0.0002541666349,3.385415819e-09
23,0.0004541666098,6.336803971e-09,0.0004541666098,6.336803971e-09
24,0.0003833332854,5.173609816e-09,0.0003833332854,5.173609816e-09
25,0.0007499999062,9.756942005e-09,0.0007499999062,9.756942005e-09
26,0.0004770832737,6.375866461e-09,0.0004770832737,6.375866461e-09
27,0.0004979166044,7.955727178e-09,0.0004979166044,7.955727178e-09
28,0.0006208332557,9.010414414e-09,0.0006208332557,9.010414414e-09
29,0.0004999999375,7.083331562e-09,0.0004999999375,7.083331562e-09
30,0.000572916595,8.391924985e-09,0.000572916595,8.391924985e-09
31,0.0004583332761,6.597220573e-09,0.0004583332761,6.597220573e-09
32,0.0005499999312,7.951386901e-09,0.0005499999312,7.951386901e-09
33,0.0004958332713,8.003470221e-09,0.0004958332713,8.003470221e-09
34,0.0005256943787,7.912083284e-09,0.0005256943787,7.912083284e-09
35,0.0006152777008,7.995754173e-09,0.0006152777008,7.995754173e-09
36,0.0008124998984,1.289930233e-08,0.0008124998984,1.289930233e-08
37,0.0007243054651,1.01220075e-08,0.0007243054651,1.01220075e-08
38,0.0006104165903,7.868921642e-09,0.0006104165903,7.868921642e-09
39,0.0006149304787,9.276738615e-09,0.0006149304787,9.276738615e-09
40,0.0007208332431,1.008680303e-08,0.0007208332431,1.008680303e-08
41,0.0007333332416,9.826386431e-09,0.0007333332416,9.826386431e-09
42,0.0006715276938,8.918304097e-09,0.0006715276938,8.918304097e-09
43,0.0007298610198,1.021074204e-08,0.0007298610198,1.021074204e-08
44,0.0009013887761,1.16917409e-08,0.0009013887761,1.16917409e-08
45,0.0006759803076,9.235027487e-09,0.0006759803076,9.235027487e-09
46,0.0008138887872,1.371141632e-08,0.0008138887872,1.371141632e-08
47,0.001047916536,1.477864213e-08,0.001047916536,1.477864213e-08
48,0.0009374998828,1.255208019e-08,0.0009374998828,1.255208019e-08
49,0.0007916665676,1.392360763e-08,0.0007916665676,1.392360763e-08
50,0.000883333223,1.277777458e-08,0.000883333223,1.277777458e-08
51,0.001018055428,1.44232217e-08,0.001018055428,1.44232217e-08
52,0.0009621526575,1.274510194e-08,0.0009621526575,1.274510194e-08
53,0.0009458332151,1.302661711e-08,0.0009458332151,1.302661711e-08
54,0.0008850693338,1.392999748e-08,0.0008850693338,1.392999748e-08
55,0.0008208332307,1.241319134e-08,0.0008208332307,1.241319134e-08
56,0.0008124998985,1.192708035e-08,0.0008124998985,1.192708035e-08
57,0.0008513887825,1.347125435e-08,0.0008513887825,1.347125435e-08
58,0.00109166653,2.07638837e-08,0.00109166653,2.07638837e-08
59,0.0008791665567,1.269096905e-08,0.0008791665567,1.269096905e-08
60,0.001033333204,1.468749632e-08,0.001033333204,1.468749632e-08
61,0.0007395832409,1.100911183e-08,0.0007395832409,1.100911183e-08
62,0.0007416665738,1.069444177e-08,0.0007416665738,1.069444177e-08
63,0.0009152776632,1.326195656e-08,0.0009152776632,1.326195656e-08
64,0.0008010415665,1.04611519e-08,0.0008010415665,1.04611519e-08
65,0.0008305554518,1.33178979e-08,0.0008305554518,1.33178979e-08
66,0.000706944356,1.024112398e-08,0.000706944356,1.024112398e-08
67,0.0008583332259,1.277777458e-08,0.0008583332259,1.277777458e-08
68,0.0006958332464,1.032985853e-08,0.0006958332464,1.032985853e-08
69,0.0008374998953,1.300346897e-08,0.0008374998953,1.300346897e-08
70,0.000780555458,1.10725281e-08,0.000780555458,1.10725281e-08
71,0.0005937499258,9.327254613e-09,0.0005937499258,9.327254613e-09
72,0.0008666665582,1.255786723e-08,0.0008666665582,1.255786723e-08
73,0.0009131943303,1.34399079e-08,0.0009131943303,1.34399079e-08
74,0.0006013888137,7.93016777e-09,0.0006013888137,7.93016777e-09
75,0.0009055554423,1.288965727e-08,0.0009055554423,1.288965727e-08
76,0.0004937499383,5.872394364e-09,0.0004937499383,5.872394364e-09
77,0.0008272221187,1.399104588e-08,0.0008272221187,1.399104588e-08
78,0.0008006943443,1.430314071e-08,0.0008006943443,1.430314071e-08
79,0.0009895832095,1.707898878e-08,0.0009895832095,1.707898878e-08
80,0.0008736110019,1.242862343e-08,0.0008736110019,1.242862343e-08
81,0.0008124998984,1.223958027e-08,0.0008124998984,1.223958027e-08
82,0.0006854165809,1.047308766e-08,0.0006854165809,1.047308766e-08
83,0.0006323833491,1.00729518e-08,0.0006323833491,1.00729518e-08
84,0.0007429165737,1.203628171e-08,0.0007429165737,1.203628171e-08
85,0.0006916665802,1.215277474e-08,0.0006916665802,1.215277474e-08
86,0.0006604165842,1.106336529e-08,0.0006604165842,1.106336529e-08
87,0.0007874999013,1.276041347e-08,0.0007874999013,1.276041347e-08
88,0.0006416665863,8.854164451e-09,0.0006416665863,8.854164451e-09
89,0.0006208332557,1.109374723e-08,0.0006208332557,1.109374723e-08
90,0.0006760415821,1.04611519e-08,0.0006760415821,1.04611519e-08
91,0.00084305545,1.233988889e-08,0.00084305545,1.233988889e-08
92,0.0006999999125,9.51388651e-09,0.0006999999125,9.51388651e-09
93,0.0004968749379,7.422958213e-09,0.0004968749379,7.422958213e-09
94,0.0004041666161,5.954859622e-09,0.0004041666161,5.954859622e-09
95,0.0005033332703,7.761109169e-09,0.0005033332703,7.761109169e-09
96,0.0004791666068,7.89930358e-09,0.0004791666068,7.89930358e-09
97,0.0006041665911,9.253469908e-09,0.0006041665911,9.253469908e-09
98,0.0004541666099,5.260415351e-09,0.0004541666099,5.260415351e-09
99,0.0006812499148,9.344615718e-09,0.0006812499148,9.344615718e-09
100,0.0005597221522,7.96103196e-09,0.0005597221522,7.96103196e-09
101,0.0004833332729,8.298609035e-09,0.0004833332729,8.298609035e-09
102,0.0004597221648,6.532598675e-09,0.0004597221648,6.532598675e-09
103,0.0005958332586,1.442707968e-08,0.0005958332586,1.442707968e-08
104,0.0005208332682,9.531247616e-09,0.0005208332682,9.531247616e-09
105,0.0005736110394,8.192513382e-09,0.0005736110394,8.192513382e-09
106,0.0002930555189,3.971835427e-09,0.0002930555189,3.971835427e-09
107,0.0005624999296,8.046872988e-09,0.0005624999296,8.046872988e-09
108,0.0003916666176,4.965276534e-09,0.0003916666176,4.965276534e-09
109,0.0005638888183,8.746139788e-09,0.0005638888183,8.746139788e-09
110,0.0005916665926,8.741317258e-09,0.0005916665926,8.741317258e-09
111,0.0004208332807,4.670137721e-09,0.0004208332807,4.670137721e-09
112,0.0003638888434,5.169751793e-09,0.0003638888434,5.169751793e-09
113,0.0003624999546,4.427082226e-09,0.0003624999546,4.427082226e-09
114,0.0004333332791,6.388887292e-09,0.0004333332791,6.388887292e-09
115,0.0004749999405,7.187498201e-09,0.0004749999405,7.187498201e-09
116,0.0004884258648,8.13967989e-09,0.0004884258648,8.13967989e-09
117,0.0004916666051,7.118053774e-09,0.0004916666051,7.118053774e-09
118,0.0005499999313,7.916664688e-09,0.0005499999313,7.916664688e-09
119,0.0006624999171,1.116319165e-08,0.0006624999171,1.116319165e-08
120,0.0003874999515,6.197915112e-09,0.0003874999515,6.197915112e-09
121,0.0003680555095,4.538964912e-09,0.0003680555095,4.538964912e-09
122,0.0004333332791,7.1874982e-09,0.0004333332791,7.1874982e-09
123,0.0004374999453,7.077544526e-09,0.0004374999453,7.077544526e-09
124,0.0004666666082,8.472220102e-09,0.0004666666082,8.472220102e-09
125,0.0004555554986,9.405861846e-09,0.0004555554986,9.405861846e-09
126,0.0005041666035,8.315970142e-09,0.0005041666035,8.315970142e-09
127,0.0002499999687,3.541665781e-09,0.0002499999687,3.541665781e-09
128,0.0004374999453,8.177081287e-09,0.0004374999453,8.177081287e-09
129,0.0002749999656,3.645832423e-09,0.0002749999656,3.645832423e-09
130,0.0003958332839,5.815970768e-09,0.0003958332839,5.815970768e-09
131,0.0002624999672,3.489582459e-09,0.0002624999672,3.489582459e-09
132,0.0003374999578,4.704859935e-09,0.0003374999578,4.704859935e-09
133,0.0004343749456,8.308374658e-09,0.0004343749456,8.308374658e-09
134,0.0001583333135,1.493055182e-09,0.0001583333135,1.493055182e-09
135,0.0001791666443,2.239582773e-09,0.0001791666443,2.239582773e-09
136,0.0003083332948,4.6180544e-09,0.0003083332948,4.6180544e-09
137,0.0004124999485,9.427080976e-09,0.0004124999485,9.427080976e-09
138,0.0003416666239,5.312498671e-09,0.0003416666239,5.312498671e-09
139,0.0002833332979,3.506943567e-09,0.0002833332979,3.506943567e-09
140,0.00039999995,5.868054088e-09,0.00039999995,5.868054088e-09
141,0.000141666649,1.840277317e-09,0.000141666649,1.840277317e-09
142,0.0004333332792,6.18055401e-09,0.0004333332792,6.18055401e-09
143,0.00039999995,5.937498513e-09,0.00039999995,5.937498513e-09
144,0.0001749999781,2.604166015e-09,0.0001749999781,2.604166015e-09
145,0.0002569444123,4.955631477e-09,0.0002569444123,4.955631477e-09
146,0.0002249999719,2.812499296e-09,0.0002249999719,2.812499296e-09
147,0.0002041666411,2.3090272e-09,0.0002041666411,2.3090272e-09
148,0.0002041666411,3.524304674e-09,0.0002041666411,3.524304674e-09
149,0.0003874999516,5.364581992e-09,0.0003874999516,5.364581992e-09
150,0.000141666649,1.631944036e-09,0.000141666649,1.631944036e-09
151,0.0002708332995,3.836804596e-09,0.0002708332995,3.836804596e-09
152,0.0003041666287,5.05208207e-09,0.0003041666287,5.05208207e-09
153,0.000316666627,4.51388776e-09,0.000316666627,4.51388776e-09
154,0.0003472221788,5.551696143e-09,0.0003472221788,5.551696143e-09
155,0.0002666666333,4.166665624e-09,0.0002666666333,4.166665624e-09
156,0.0002395833034,2.91232566e-09,0.0002395833034,2.91232566e-09
157,0.0001083333198,9.027775511e-10,0.0001083333198,9.027775511e-10
158,0.0001916666427,4.027776771e-09,0.0001916666427,4.027776771e-09
159,0.0001833333104,2.638888229e-09,0.0001833333104,2.638888229e-09
160,0.0002374999703,2.031249491e-09,0.0002374999703,2.031249491e-09
161,0.0003608332882,5.47013752e-09,0.0003608332882,5.47013752e-09
162,0.0003624999546,5.26041535e-09,0.0003624999546,5.26041535e-09
163,0.0001249999844,1.562499609e-09,0.0001249999844,1.562499609e-09
164,0.0001958333088,2.065971705e-09,0.0001958333088,2.065971705e-09
165,0.0002930555189,3.937113213e-09,0.0002930555189,3.937113213e-09
166,0.0004324999459,7.396525922e-09,0.0004324999459,7.396525922e-09
167,0.0001916666427,3.012152025e-09,0.0001916666427,3.012152025e-09
168,0.0002395833034,3.537325504e-09,0.0002395833034,3.537325504e-09
169,0.0002374999703,3.420138034e-09,0.0002374999703,3.420138034e-09
170,0.0002791666317,3.5937491e-09,0.0002791666317,3.5937491e-09
171,0.0001624999797,2.378471627e-09,0.0001624999797,2.378471627e-09
172,0.0001166666521,1.527777396e-09,0.0001166666521,1.527777396e-09
173,0.0002013888637,2.698687596e-09,0.0002013888637,2.698687596e-09
174,0.0002124999734,2.968749258e-09,0.0002124999734,2.968749258e-09
175,0.0001291666505,1.579860716e-09,0.0001291666505,1.579860716e-09
176,0.0002958332964,5.017359855e-09,0.0002958332964,5.017359855e-09
177,0.0001499999813,2.083332812e-09,0.0001499999813,2.083332812e-09
178,0.0003124999609,4.635415507e-09,0.0003124999609,4.635415507e-09
179,0.0002958332963,5.57291527e-09,0.0002958332963,5.57291527e-09
180,0.0001541666474,1.684027357e-09,0.0001541666474,1.684027357e-09
181,0.0001666666458,2.152777239e-09,0.0001666666458,2.152777239e-09
182,0.0001958333088,2.725693763e-09,0.0001958333088,2.725693763e-09
183,0.0002041666411,3.177082538e-09,0.0002041666411,3.177082538e-09
184,0.0002249999719,3.229165859e-09,0.0002249999719,3.229165859e-09
185,0.0002916666302,4.548609972e-09,0.0002916666302,4.548609972e-09
186,0.0002479166356,3.858505978e-09,0.0002479166356,3.858505978e-09
187,0.0003166666271,4.340276693e-09,0.0003166666271,4.340276693e-09
188,0.0001916666427,3.090277004e-09,0.0001916666427,3.090277004e-09
189,0.0002166666396,2.777777083e-09,0.0002166666396,2.777777083e-09
190,0.0001458333151,2.170138346e-09,0.0001458333151,2.170138346e-09
191,0.0002222221944,2.99382641e-09,0.0002222221944,2.99382641e-09
192,0.0003013888512,4.677853766e-09,0.0003013888512,4.677853766e-09
193,0.0001708333119,3.142360324e-09,0.0001708333119,3.142360324e-09
194,0.0001333333167,1.631944036e-09,0.0001333333167,1.631944036e-09
195,0.0002374999703,3.281249178e-09,0.0002374999703,3.281249178e-09
196,0.0001583333135,1.701388463e-09,0.0001583333135,1.701388463e-09
197,0.0002749999656,4.826387682e-09,0.0002749999656,4.826387682e-09
198,0.000199999975,3.055554789e-09,0.000199999975,3.055554789e-09
199,0.0001749999781,1.979166171e-09,0.0001749999781,1.979166171e-09
200,0.0001927083092,2.683376065e-09,0.0001927083092,2.683376065e-09
201,0.0001416666489,2.152777239e-09,0.0001416666489,2.152777239e-09
202,0.0001124999859,1.71874957e-09,0.0001124999859,1.71874957e-09
203,0.0003416666239,5.520831952e-09,0.0003416666239,5.520831952e-09
204,0.0002541666349,3.97569345e-09,0.0002541666349,3.97569345e-09
205,0.0002041666411,2.934027044e-09,0.0002041666411,2.934027044e-09
206,0.0001458333151,1.545138503e-09,0.0001458333151,1.545138503e-09
207,0.0001541666474,2.100693919e-09,0.0001541666474,2.100693919e-09
208,0.0001083333198,1.701388463e-09,0.0001083333198,1.701388463e-09
209,0.000258333301,4.861109895e-09,0.000258333301,4.861109895e-09
210,0.0001249999843,1.770832889e-09,0.0001249999843,1.770832889e-09
211,9.99999875e-05,1.041666406e-09,9.99999875e-05,1.041666406e-09
212,0.0002333333042,3.472221353e-09,0.0002333333042,3.472221353e-09
213,0.0001333333166,1.805555104e-09,0.0001333333166,1.805555104e-09
214,0.0001333333167,2.222221666e-09,0.0001333333167,2.222221666e-09
215,9.999998749e-05,1.249999687e-09,9.999998749e-05,1.249999687e-09
216,0.0001458333151,2.274304987e-09,0.0001458333151,2.274304987e-09
217,0.000199999975,3.124999218e-09,0.000199999975,3.124999218e-09
218,8.749998906e-05,1.197916367e-09,8.749998906e-05,1.197916367e-09
219,9.833332105e-05,1.281944124e-09,9.833332105e-05,1.281944124e-09
220,0.0001208333182,1.753471784e-09,0.0001208333182,1.753471784e-09
221,0.000199999975,2.708332656e-09,0.000199999975,2.708332656e-09
222,0.0001958333088,2.934027043e-09,0.0001958333088,2.934027043e-09
223,0.0002374999703,4.045137876e-09,0.0002374999703,4.045137876e-09
224,0.0001833333104,3.194443646e-09,0.0001833333104,3.194443646e-09
225,7.083332448e-05,9.201386588e-10,7.083332448e-05,9.201386588e-10
226,0.0001041666536,1.475694075e-09,0.0001041666536,1.475694075e-09
227,0.0001458333151,2.621527122e-09,0.0001458333151,2.621527122e-09
228,0.0001833333104,2.222221667e-09,0.0001833333104,2.222221667e-09
229,0.0001833333104,2.84722151e-09,0.0001833333104,2.84722151e-09
230,0.0001166666521,1.527777396e-09,0.0001166666521,1.527777396e-09
231,0.0001541666474,1.892360638e-09,0.0001541666474,1.892360638e-09
232,0.0002166666396,3.402776927e-09,0.0002166666396,3.402776927e-09
233,0.0001166666521,1.319444115e-09,0.0001166666521,1.319444115e-09
234,0.0001861110878,2.064042694e-09,0.0001861110878,2.064042694e-09
235,0.0001499999812,2.526041034e-09,0.0001499999812,2.526041034e-09
236,0.0001354166497,1.827256487e-09,0.0001354166497,1.827256487e-09
237,0.0002124999734,3.281249179e-09,0.0002124999734,3.281249179e-09
238,6.249999218e-05,6.770831637e-10,6.249999218e-05,6.770831637e-10
239,0.0001499999813,2.083332812e-09,0.0001499999813,2.083332812e-09
240,0.0001583333135,2.326388307e-09,0.0001583333135,2.326388307e-09
241,7.499999063e-05,1.145833047e-09,7.499999063e-05,1.145833047e-09
242,8.472221162e-05,1.020447276e-09,8.472221162e-05,1.020447276e-09
243,9.583332135e-05,1.302083008e-09,9.583332135e-05,1.302083008e-09
244,0.0001374999828,1.822916211e-09,0.0001374999828,1.822916211e-09
245,0.000170833312,2.170138346e-09,0.000170833312,2.170138346e-09
246,0.0001499999813,1.458332969e-09,0.0001499999813,1.458332969e-09
247,0.0001166666521,1.527777396e-09,0.0001166666521,1.527777396e-09
248,9.99999875e-05,1.249999687e-09,9.99999875e-05,1.249999687e-09
249,0.0001333333167,1.805555104e-09,0.0001333333167,1.805555104e-09
250,9.999998749e-05,1.249999687e-09,9.999998749e-05,1.249999687e-09
251,0.0001374999828,2.239582774e-09,0.0001374999828,2.239582774e-09
252,0.0001124999859,1.302083008e-09,0.0001124999859,1.302083008e-09
253,9.16666552e-05,1.215277474e-09,9.16666552e-05,1.215277474e-09
254,9.583332136e-05,1.232638581e-09,9.583332136e-05,1.232638581e-09
255,0.0001291666505,2.690971546e-09,0.0001291666505,2.690971546e-09
256,0.000141666649,2.25694388e-09,0.000141666649,2.25694388e-09
257,5.416665989e-05,4.340276691e-10,5.416665989e-05,4.340276691e-10
258,8.749998906e-05,1.406249648e-09,8.749998906e-05,1.406249648e-09
259,8.749998907e-05,1.197916367e-09,8.749998907e-05,1.197916367e-09
260,0.0001666666458,3.159721432e-09,0.0001666666458,3.159721432e-09
261,0.0001541666474,1.892360637e-09,0.0001541666474,1.892360637e-09
262,7.499999062e-05,1.145833047e-09,7.499999062e-05,1.145833047e-09
263,7.083332448e-05,9.201386588e-10,7.083332448e-05,9.201386588e-10
264,9.583332135e-05,1.440971862e-09,9.583332135e-05,1.440971862e-09
265,0.0001187499851,1.549478779e-09,0.0001187499851,1.549478779e-09
266,9.999998751e-05,1.458332969e-09,9.999998751e-05,1.458332969e-09
267,7.083332448e-05,9.201386588e-10,7.083332448e-05,9.201386588e-10
268,0.0001124999859,2.065971705e-09,0.0001124999859,2.065971705e-09
269,9.166665521e-05,1.423610756e-09,9.166665521e-05,1.423610756e-09
270,0.0001374999828,2.586804909e-09,0.0001374999828,2.586804909e-09
271,7.916665678e-05,9.548608723e-10,7.916665678e-05,9.548608723e-10
272,9.999998747e-05,1.458332968e-09,9.999998747e-05,1.458332968e-09
273,8.333332292e-05,1.388888541e-09,8.333332292e-05,1.388888541e-09
274,0.0001041666536,1.267360793e-09,0.0001041666536,1.267360793e-09
275,6.666665833e-05,6.944442708e-10,6.666665833e-05,6.944442708e-10
276,9.999998751e-05,1.249999687e-09,9.999998751e-05,1.249999687e-09
277,0.0001624999796,2.343749412e-09,0.0001624999796,2.343749412e-09
278,6.041665911e-05,6.814234404e-10,6.041665911e-05,6.814234404e-10
279,0.0002333333042,5.138887603e-09,0.0002333333042,5.138887603e-09
280,9.999998751e-05,1.458332969e-09,9.999998751e-05,1.458332969e-09
281,3.749999532e-05,5.729165234e-10,3.749999532e-05,5.729165234e-10
282,2.499999688e-05,3.124999219e-10,2.499999688e-05,3.124999219e-10
283,0.0001083333198,1.701388463e-09,0.0001083333198,1.701388463e-09
284,0.0001541666474,2.413193839e-09,0.0001541666474,2.413193839e-09
285,8.749998907e-05,1.961805065e-09,8.749998907e-05,1.961805065e-09
286,9.166665518e-05,1.215277473e-09,9.166665518e-05,1.215277473e-09
287,7.499999062e-05,9.374997655e-10,7.499999062e-05,9.374997655e-10
288,0.0001083333198,2.25694388e-09,0.0001083333198,2.25694388e-09
289,8.749998906e-05,1.197916367e-09,8.749998906e-05,1.197916367e-09
290,9.999998749e-05,1.249999687e-09,9.999998749e-05,1.249999687e-09
291,7.499999063e-05,7.291664844e-10,7.499999063e-05,7.291664844e-10
292,0.0001624999797,1.927082851e-09,0.0001624999797,1.927082851e-09
293,0.0001291666505,1.475694075e-09,0.0001291666505,1.475694075e-09
294,0.0001416666489,1.840277317e-09,0.0001416666489,1.840277317e-09
295,8.333332292e-06,3.472221354e-11,8.333332292e-06,3.472221354e-11
296,4.166666146e-05,3.819443489e-10,4.166666146e-05,3.819443489e-10
297,0.0001380952208,2.036564116e-09,0.0001380952208,2.036564116e-09
298,0.0001374999828,1.61458293e-09,0.0001374999828,1.61458293e-09
299,7.083332447e-05,9.201386587e-10,7.083332447e-05,9.201386587e-10
300,7.499999063e-05,1.145833047e-09,7.499999063e-05,1.145833047e-09
301,9.583332134e-05,1.440971862e-09,9.583332134e-05,1.440971862e-09
302,3.854166184e-05,3.743488647e-10,3.854166184e-05,3.743488647e-10
303,4.999999375e-05,4.166665625e-10,4.999999375e-05,4.166665625e-10
304,8.333332289e-05,1.180555259e-09,8.333332289e-05,1.180555259e-09
305,4.166666146e-05,5.902776302e-10,4.166666146e-05,5.902776302e-10
306,0.0001291666505,1.996527278e-09,0.0001291666505,1.996527278e-09
307,0.0001041666536,1.475694076e-09,0.0001041666536,1.475694076e-09
308,6.249999219e-05,6.77083164e-10,6.249999219e-05,6.77083164e-10
309,9.99999875e-05,1.458332969e-09,9.99999875e-05,1.458332969e-09
310,0.0001083333198,1.493055182e-09,0.0001083333198,1.493055182e-09
311,9.999998751e-05,1.66666625e-09,9.999998751e-05,1.66666625e-09
312,4.583332761e-05,6.07638737e-10,4.583332761e-05,6.07638737e-10
313,1.249999844e-05,5.208332032e-11,1.249999844e-05,5.208332032e-11
314,2.916666302e-05,3.298610286e-10,2.916666302e-05,3.298610286e-10
315,4.999999375e-05,6.249998437e-10,4.999999375e-05,6.249998437e-10
316,5.41666599e-05,6.423609505e-10,5.41666599e-05,6.423609505e-10
317,0.0001249999843,1.77083289e-09,0.0001249999843,1.77083289e-09
318,9.166665518e-05,1.423610754e-09,9.166665518e-05,1.423610754e-09
319,0.000170833312,2.482638267e-09,0.000170833312,2.482638267e-09
320,7.499999062e-05,1.145833047e-09,7.499999062e-05,1.145833047e-09
321,9.166665519e-05,1.215277473e-09,9.166665519e-05,1.215277473e-09
322,3.333332917e-05,5.555554166e-10,3.333332917e-05,5.555554166e-10
323,4.583332761e-05,6.07638737e-10,4.583332761e-05,6.07638737e-10
324,8.749998907e-05,1.197916367e-09,8.749998907e-05,1.197916367e-09
325,7.083332448e-05,1.475694076e-09,7.083332448e-05,1.475694076e-09
326,3.749999532e-05,5.729165234e-10,3.749999532e-05,5.729165234e-10
327,7.499999063e-05,1.145833047e-09,7.499999063e-05,1.145833047e-09
328,7.083332447e-05,7.118053775e-10,7.083332447e-05,7.118053775e-10
329,7.916665678e-05,1.163194154e-09,7.916665678e-05,1.163194154e-09
330,4.583332761e-05,3.993054557e-10,4.583332761e-05,3.993054557e-10
331,2.499999688e-05,3.124999219e-10,2.499999688e-05,3.124999219e-10
332,7.083332448e-05,9.201386588e-10,7.083332448e-05,9.201386588e-10
333,0.0001166666521,1.319444114e-09,0.0001166666521,1.319444114e-09
334,7.916665677e-05,1.163194153e-09,7.916665677e-05,1.163194153e-09
335,0.0001291666505,1.927082851e-09,0.0001291666505,1.927082851e-09
336,3.333332917e-05,3.472221354e-10,3.333332917e-05,3.472221354e-10
337,8.749998906e-05,1.197916367e-09,8.749998906e-05,1.197916367e-09
338,8.333332289e-05,9.722219785e-10,8.333332289e-05,9.722219785e-10
339,0.0001249999844,1.770832891e-09,0.0001249999844,1.770832891e-09
340,6.249999219e-05,8.854164453e-10,6.249999219e-05,8.854164453e-10
341,5.41666599e-05,6.423609505e-10,5.41666599e-05,6.423609505e-10
342,0.0001374999828,1.822916211e-09,0.0001374999828,1.822916211e-09
343,5.41666599e-05,6.423609505e-10,5.41666599e-05,6.423609505e-10
344,0.0001041666536,1.475694075e-09,0.0001041666536,1.475694075e-09
345,6.666665834e-05,1.111110833e-09,6.666665834e-05,1.111110833e-09
346,2.916666302e-05,3.298610286e-10,2.916666302e-05,3.298610286e-10
347,4.999999373e-05,6.249998429e-10,4.999999373e-05,6.249998429e-10
348,4.166666146e-05,3.81944349e-10,4.166666146e-05,3.81944349e-10
349,9.166665522e-05,1.215277474e-09,9.166665522e-05,1.215277474e-09
350,8.749998907e-05,1.197916367e-09,8.749998907e-05,1.197916367e-09
351,8.749998907e-05,1.197916367e-09,8.749998907e-05,1.197916367e-09
352,2.083333073e-05,2.951388151e-10,2.083333073e-05,2.951388151e-10
353,0.0002333333041,3.877313846e-09,0.0002333333041,3.877313846e-09
354,7.499999062e-05,1.145833047e-09,7.499999062e-05,1.145833047e-09
355,7.499999062e-05,2.812499296e-09,7.499999062e-05,2.812499296e-09
356,5.41666599e-05,4.340276693e-10,5.41666599e-05,4.340276693e-10
357,4.999999374e-05,6.249998434e-10,4.999999374e-05,6.249998434e-10
358,0.0001666666458,2.916665937e-09,0.0001666666458,2.916665937e-09
359,5.138888246e-05,8.236880657e-10,5.138888246e-05,8.236880657e-10
360,5.833332605e-05,8.680553385e-10,5.833332605e-05,8.680553385e-10
361,0.0001333333167,2.013888385e-09,0.0001333333167,2.013888385e-09
362,0.0001333333167,2.569443802e-09,0.0001333333167,2.569443802e-09
363,7.916665677e-05,1.302083008e-09,7.916665677e-05,1.302083008e-09
364,0.0001333333167,2.013888385e-09,0.0001333333167,2.013888385e-09
365,9.166665516e-05,1.215277472e-09,9.166665516e-05,1.215277472e-09
366,9.999998749e-05,1.840277318e-09,9.999998749e-05,1.840277318e-09
367,7.916665678e-05,1.163194154e-09,7.916665678e-05,1.163194154e-09
368,0.000112499986,1.71874957e-09,0.000112499986,1.71874957e-09
369,0.0001083333198,1.493055182e-09,0.0001083333198,1.493055182e-09
370,9.583332136e-05,1.579860716e-09,9.583332136e-05,1.579860716e-09
371,3.333332917e-05,5.555554166e-10,3.333332917e-05,5.555554166e-10
372,4.999999375e-05,6.249998437e-10,4.999999375e-05,6.249998437e-10
373,6.249999218e-05,9.201386587e-10,6.249999218e-05,9.201386587e-10
374,9.166665521e-05,1.423610755e-09,9.166665521e-05,1.423610755e-09
375,2.916666302e-05,3.298610286e-10,2.916666302e-05,3.298610286e-10
376,0.0001458333151,2.065971706e-09,0.0001458333151,2.065971706e-09
377,9.166665521e-05,1.07638862e-09,9.166665521e-05,1.07638862e-09
378,9.166665522e-05,1.215277474e-09,9.166665522e-05,1.215277474e-09
379,7.083332448e-05,7.118053776e-10,7.083332448e-05,7.118053776e-10
380,4.166666146e-05,3.81944349e-10,4.166666146e-05,3.81944349e-10
381,8.749998907e-05,1.197916367e-09,8.749998907e-05,1.197916367e-09
382,0.0001124999859,1.71874957e-09,0.0001124999859,1.71874957e-09
383,9.166665521e-05,1.979166172e-09,9.166665521e-05,1.979166172e-09
384,9.16666552e-05,1.423610755e-09,9.16666552e-05,1.423610755e-09
385,4.166666146e-05,5.902776302e-10,4.166666146e-05,5.902776302e-10
386,6.249999218e-05,8.854164449e-10,6.249999218e-05,8.854164449e-10
387,4.166666146e-05,5.902776302e-10,4.166666146e-05,5.902776302e-10
388,0.0001333333167,2.222221666e-09,0.0001333333167,2.222221666e-09
389,3.749999531e-05,3.645832422e-10,3.749999531e-05,3.645832422e-10
390,6.666665833e-05,1.111110833e-09,6.666665833e-05,1.111110833e-09
391,6.249999216e-05,1.232638579e-09,6.249999216e-05,1.232638579e-09
392,4.58333276e-05,6.076387368e-10,4.58333276e-05,6.076387368e-10
393,5.833332605e-05,8.680553385e-10,5.833332605e-05,8.680553385e-10
394,3.74999953e-05,5.729165231e-10,3.74999953e-05,5.729165231e-10
395,9.583332135e-05,1.440971862e-09,9.583332135e-05,1.440971862e-09
396,3.333332917e-05,5.555554166e-10,3.333332917e-05,5.555554166e-10
397,4.583332761e-05,6.07638737e-10,4.583332761e-05,6.07638737e-10
398,1.249999844e-05,5.208332032e-11,1.249999844e-05,5.208332032e-11
399,7.499999063e-05,1.145833047e-09,7.499999063e-05,1.145833047e-09
400,7.499999063e-05,9.374997656e-10,7.499999063e-05,9.374997656e-10
401,0.0001208333182,1.753471784e-09,0.0001208333182,1.753471784e-09
402,8.958332214e-05,1.011284469e-09,8.958332214e-05,1.011284469e-09
403,5.833332604e-05,8.680553385e-10,5.833332604e-05,8.680553385e-10
404,4.58333276e-05,3.993054557e-10,4.58333276e-05,3.993054557e-10
405,6.666665833e-05,6.944442708e-10,6.666665833e-05,6.944442708e-10
406,7.083332448e-05,1.12847194e-09,7.083332448e-05,1.12847194e-09
407,4.999999375e-05,6.249998437e-10,4.999999375e-05,6.249998437e-10
408,3.888888403e-05,7.716047454e-10,3.888888403e-05,7.716047454e-10
409,5.833332604e-05,6.597220573e-10,5.833332604e-05,6.597220573e-10
410,9.999998748e-05,2.013888385e-09,9.999998748e-05,2.013888385e-09
411,6.666665834e-05,9.02777552e-10,6.666665834e-05,9.02777552e-10
412,3.333332916e-05,3.472221353e-10,3.333332916e-05,3.472221353e-10
413,2.083333072e-05,2.951388147e-10,2.083333072e-05,2.951388147e-10
414,8.749998906e-05,1.406249648e-09,8.749998906e-05,1.406249648e-09
415,5.41666599e-05,6.423609505e-10,5.41666599e-05,6.423609505e-10
416,7.083332448e-05,9.201386586e-10,7.083332448e-05,9.201386586e-10
417,7.916665677e-05,9.548608723e-10,7.916665677e-05,9.548608723e-10
418,7.499999063e-05,1.701388464e-09,7.499999063e-05,1.701388464e-09
419,5.416665988e-05,8.506942313e-10,5.416665988e-05,8.506942313e-10
420,5.416665989e-05,6.423609501e-10,5.416665989e-05,6.423609501e-10
421,3.749999531e-05,5.729165231e-10,3.749999531e-05,5.729165231e-10
422,1.666666459e-05,2.777777083e-10,1.666666459e-05,2.777777083e-10
423,9.583332136e-05,1.232638581e-09,9.583332136e-05,1.232638581e-09
424,8.333332291e-06,3.472221354e-11,8.333332291e-06,3.472221354e-11
425,2.916666302e-05,3.298610286e-10,2.916666302e-05,3.298610286e-10
426,0.0001041666537,1.475694075e-09,0.0001041666537,1.475694075e-09
427,2.083333073e-05,2.951388151e-10,2.083333073e-05,2.951388151e-10
428,7.083332449e-05,1.12847194e-09,7.083332449e-05,1.12847194e-09
429,7.499999063e-05,1.145833047e-09,7.499999063e-05,1.145833047e-09
430,5.416665989e-05,6.423609504e-10,5.416665989e-05,6.423609504e-10
431,0,0,0,0
432,2.499999688e-05,3.472221354e-10,2.499999688e-05,3.472221354e-10
433,7.499999063e-05,1.145833047e-09,7.499999063e-05,1.145833047e-09
434,5.833332605e-05,8.680553385e-10,5.833332605e-05,8.680553385e-10
435,5.41666599e-05,8.506942317e-10,5.41666599e-05,8.506942317e-10
436,7.916665678e-05,1.163194154e-09,7.916665678e-05,1.163194154e-09
437,2.916666302e-05,3.298610286e-10,2.916666302e-05,3.298610286e-10
438,3.333332917e-05,3.472221354e-10,3.333332917e-05,3.472221354e-10
439,8.33333229e-06,3.472221355e-11,8.33333229e-06,3.472221355e-11
440,3.333332916e-05,3.472221354e-10,3.333332916e-05,3.472221354e-10
441,3.333332917e-05,5.555554166e-10,3.333332917e-05,5.555554166e-10
442,2.499999688e-05,3.124999219e-10,2.499999688e-05,3.124999219e-10
443,5.41666599e-05,8.506942317e-10,5.41666599e-05,8.506942317e-10
444,2.083333073e-05,2.951388151e-10,2.083333073e-05,2.951388151e-10
445,7.499999063e-05,1.145833047e-09,7.499999063e-05,1.145833047e-09
446,5.41666599e-05,6.423609505e-10,5.41666599e-05,6.423609505e-10
447,3.749999531e-05,3.645832422e-10,3.749999531e-05,3.645832422e-10
448,2.083333073e-05,8.680553387e-11,2.083333073e-05,8.680553387e-11
449,8.333332292e-05,9.722219791e-10,8.333332292e-05,9.722219791e-10
450,4.166666146e-05,5.902776302e-10,4.166666146e-05,5.902776302e-10
451,2.499999688e-05,3.124999219e-10,2.499999688e-05,3.124999219e-10
452,5.833332605e-05,8.680553385e-10,5.833332605e-05,8.680553385e-10
453,4.166666144e-05,5.902776297e-10,4.166666144e-05,5.902776297e-10
454,4.999999375e-05,6.249998437e-10,4.999999375e-05,6.249998437e-10
455,7.083332449e-05,1.12847194e-09,7.083332449e-05,1.12847194e-09
456,5.833332605e-05,8.680553385e-10,5.833332605e-05,8.680553385e-10
457,4.999999376e-05,8.33333125e-10,4.999999376e-05,8.33333125e-10
458,2.499999688e-05,3.124999219e-10,2.499999688e-05,3.124999219e-10
459,3.333332917e-05,3.472221354e-10,3.333332917e-05,3.472221354e-10
460,5.41666599e-05,6.423609505e-10,5.41666599e-05,6.423609505e-10
461,2.083333073e-05,2.951388151e-10,2.083333073e-05,2.951388151e-10
462,4.166666144e-05,5.902776297e-10,4.166666144e-05,5.902776297e-10
463,8.749998907e-05,1.753471784e-09,8.749998907e-05,1.753471784e-09
464,5.41666599e-05,8.506942317e-10,5.41666599e-05,8.506942317e-10
465,5.416665989e-05,6.423609502e-10,5.416665989e-05,6.423609502e-10
466,5.833332605e-05,8.680553385e-10,5.833332605e-05,8.680553385e-10
467,5.41666599e-05,8.506942317e-10,5.41666599e-05,8.506942317e-10
468,8.749998907e-05,1.197916367e-09,8.749998907e-05,1.197916367e-09
469,4.166666146e-05,5.902776302e-10,4.166666146e-05,5.902776302e-10
470,4.999999375e-05,4.166665625e-10,4.999999375e-05,4.166665625e-10
471,5.833332605e-05,8.680553385e-10,5.833332605e-05,8.680553385e-10
472,6.249999219e-05,8.854164452e-10,6.249999219e-05,8.854164452e-10
473,3.888888402e-05,3.780863251e-10,3.888888402e-05,3.780863251e-10
474,2.916666302e-05,3.298610286e-10,2.916666302e-05,3.298610286e-10
475,5.416665989e-05,6.423609502e-10,5.416665989e-05,6.423609502e-10
476,3.333332917e-05,3.472221354e-10,3.333332917e-05,3.472221354e-10
477,2.499999687e-05,3.124999218e-10,2.499999687e-05,3.124999218e-10
478,8.333332291e-05,9.72221979e-10,8.333332291e-05,9.72221979e-10
479,7.083332448e-05,1.12847194e-09,7.083332448e-05,1.12847194e-09
480,4.166666146e-05,5.902776302e-10,4.166666146e-05,5.902776302e-10
481,4.583332761e-05,6.07638737e-10,4.583332761e-05,6.07638737e-10
482,3.333332917e-05,5.555554166e-10,3.333332917e-05,5.555554166e-10
483,4.583332761e-05,6.07638737e-10,4.583332761e-05,6.07638737e-10
484,9.583332136e-05,1.232638581e-09,9.583332136e-05,1.232638581e-09
485,2.916666301e-05,1.215277474e-10,2.916666301e-05,1.215277474e-10
486,9.583332136e-05,1.440971862e-09,9.583332136e-05,1.440971862e-09
487,0.0001166666521,1.736110677e-09,0.0001166666521,1.736110677e-09
488,2.499999688e-05,3.124999219e-10,2.499999688e-05,3.124999219e-10
489,4.166666145e-05,5.902776301e-10,4.166666145e-05,5.902776301e-10
490,7.083332448e-05,1.12847194e-09,7.083332448e-05,1.12847194e-09
491,9.583332134e-05,1.440971861e-09,9.583332134e-05,1.440971861e-09
492,9.999998751e-05,1.458332969e-09,9.999998751e-05,1.458332969e-09
493,4.583332761e-05,6.07638737e-10,4.583332761e-05,6.07638737e-10
494,4.999999375e-05,6.249998437e-10,4.999999375e-05,6.249998437e-10
495,0,0,0,0
496,0.0001041666536,1.684027357e-09,0.0001041666536,1.684027357e-09
497,0.0001208333182,1.753471784e-09,0.0001208333182,1.753471784e-09
498,2.916666302e-05,3.645832422e-10,2.916666302e-05,3.645832422e-10
499,3.333332917e-05,3.472221354e-10,3.333332917e-05,3.472221354e-10
500,6.666665834e-05,9.02777552e-10,6.666665834e-05,9.02777552e-10
501,5.833332605e-05,6.597220573e-10,5.833332605e-05,6.597220573e-10
502,3.749999532e-05,5.729165234e-10,3.749999532e-05,5.729165234e-10
503,3.749999532e-05,5.729165234e-10,3.749999532e-05,5.729165234e-10
504,5.833332602e-05,1.006944192e-09,5.833332602e-05,1.006944192e-09
505,1.666666458e-05,6.944442708e-11,1.666666458e-05,6.944442708e-11
506,4.166666146e-05,5.902776302e-10,4.166666146e-05,5.902776302e-10
507,4.166666146e-05,5.902776302e-10,4.166666146e-05,5.902776302e-10
508,1.666666458e-05,6.944442708e-11,1.666666458e-05,6.944442708e-11
509,6.249999219e-05,8.854164453e-10,6.249999219e-05,8.854164453e-10
510,0.0008874998888,1.226272841e-08,0.0008874998888,1.226272841e-08
511,2.083333073e-05,2.951388151e-10,2.083333073e-05,2.951388151e-10
512,2.083333073e-05,2.951388151e-10,2.083333073e-05,2.951388151e-10
513,6.666665834e-05,9.02777552e-10,6.666665834e-05,9.02777552e-10
514,4.305555017e-05,5.806325709e-10,4.305555017e-05,5.806325709e-10
515,4.166666146e-05,4.166665625e-10,4.166666146e-05,4.166665625e-10
516,2.083333073e-05,2.951388151e-10,2.083333073e-05,2.951388151e-10
517,0.0001041666537,1.684027357e-09,0.0001041666537,1.684027357e-09
518,3.333332917e-05,5.555554166e-10,3.333332917e-05,5.555554166e-10
519,4.583332761e-05,6.07638737e-10,4.583332761e-05,6.07638737e-10
520,7.083332447e-05,1.12847194e-09,7.083332447e-05,1.12847194e-09
521,8.333332291e-06,3.472221354e-11,8.333332291e-06,3.472221354e-11
522,8.33333229e-06,3.472221355e-11,8.33333229e-06,3.472221355e-11
523,7.083332448e-05,9.201386588e-10,7.083332448e-05,9.201386588e-10
524,4.166666146e-05,5.902776302e-10,4.166666146e-05,5.902776302e-10
525,5.833332601e-05,8.680553374e-10,5.833332601e-05,8.680553374e-10
526,4.999999375e-05,6.249998437e-10,4.999999375e-05,6.249998437e-10
527,8.333332292e-05,1.18055526e-09,8.333332292e-05,1.18055526e-09
528,6.666665834e-05,9.02777552e-10,6.666665834e-05,9.02777552e-10
529,5.833332605e-05,6.597220573e-10,5.833332605e-05,6.597220573e-10
530,4.166666146e-05,5.902776302e-10,4.166666146e-05,5.902776302e-10
531,8.333332291e-06,3.472221354e-11,8.333332291e-06,3.472221354e-11
532,1.666666458e-05,2.777777082e-10,1.666666458e-05,2.777777082e-10
533,3.333332917e-05,1.388888542e-10,3.333332917e-05,1.388888542e-10
534,8.33333229e-06,3.472221355e-11,8.33333229e-06,3.472221355e-11
535,4.583332761e-05,6.07638737e-10,4.583332761e-05,6.07638737e-10
536,3.749999532e-05,5.729165234e-10,3.749999532e-05,5.729165234e-10
537,2.499999687e-05,3.124999218e-10,2.499999687e-05,3.124999218e-10
538,3.749999532e-05,5.729165234e-10,3.749999532e-05,5.729165234e-10
539,6.666665834e-05,9.02777552e-10,6.666665834e-05,9.02777552e-10
540,2.916666302e-05,3.298610286e-10,2.916666302e-05,3.298610286e-10
541,1.666666458e-05,6.944442706e-11,1.666666458e-05,6.944442706e-11
542,1.666666458e-05,6.944442709e-11,1.666666458e-05,6.944442709e-11
543,5.833332605e-05,8.680553385e-10,5.833332605e-05,8.680553385e-10
544,2.083333073e-05,2.951388151e-10,2.083333073e-05,2.951388151e-10
545,5.833332604e-05,6.597220573e-10,5.833332604e-05,6.597220573e-10
546,5.833332604e-05,6.597220573e-10,5.833332604e-05,6.597220573e-10
547,3.749999532e-05,1.12847194e-09,3.749999532e-05,1.12847194e-09
548,1.666666458e-05,6.944442709e-11,1.666666458e-05,6.944442709e-11
549,2.083333072e-05,2.951388149e-10,2.083333072e-05,2.951388149e-10
550,3.333332917e-05,5.555554166e-10,3.333332917e-05,5.555554166e-10
551,4.58333276e-05,6.076387369e-10,4.58333276e-05,6.076387369e-10
552,4.999999374e-05,6.249998435e-10,4.999999374e-05,6.249998435e-10
553,6.666665834e-05,1.111110833e-09,6.666665834e-05,1.111110833e-09
554,2.916666302e-05,3.298610286e-10,2.916666302e-05,3.298610286e-10
555,5.833332604e-05,6.597220573e-10,5.833332604e-05,6.597220573e-10
556,6.666665832e-05,1.215277473e-09,6.666665832e-05,1.215277473e-09
557,2.083333073e-05,2.951388151e-10,2.083333073e-05,2.951388151e-10
558,3.749999531e-05,3.645832422e-10,3.749999531e-05,3.645832422e-10
559,1.666666459e-05,2.777777083e-10,1.666666459e-05,2.777777083e-10
560,4.166666146e-06,1.736110677e-11,4.166666146e-06,1.736110677e-11
561,6.666665834e-05,9.02777552e-10,6.666665834e-05,9.02777552e-10
562,3.333332914e-05,5.555554158e-10,3.333332914e-05,5.555554158e-10
563,7.083332448e-05,1.12847194e-09,7.083332448e-05,1.12847194e-09
564,2.499999688e-05,3.124999219e-10,2.499999688e-05,3.124999219e-10
565,9.166665522e-05,1.423610755e-09,9.166665522e-05,1.423610755e-09
566,2.499999688e-05,3.124999219e-10,2.499999688e-05,3.124999219e-10
567,6.666665834e-05,9.02777552e-10,6.666665834e-05,9.02777552e-10
568,5.416665989e-05,6.423609503e-10,5.416665989e-05,6.423609503e-10
569,8.333332291e-06,3.472221354e-11,8.333332291e-06,3.472221354e-11
570,6.249999219e-05,8.854164453e-10,6.249999219e-05,8.854164453e-10
571,2.916666302e-05,3.298610286e-10,2.916666302e-05,3.298610286e-10
572,9.166665521e-05,1.423610755e-09,9.166665521e-05,1.423610755e-09
573,8.33333229e-06,3.472221355e-11,8.33333229e-06,3.472221355e-11
574,7.499999063e-05,1.145833047e-09,7.499999063e-05,1.145833047e-09
575,1.666666459e-05,2.777777083e-10,1.666666459e-05,2.777777083e-10
576,4.999999375e-05,6.249998437e-10,4.999999375e-05,6.249998437e-10
577,5.833332605e-05,8.680553385e-10,5.833332605e-05,8.680553385e-10
578,5.833332605e-05,8.680553385e-10,5.833332605e-05,8.680553385e-10
579,2.916666302e-05,3.298610286e-10,2.916666302e-05,3.298610286e-10
580,1.666666459e-05,2.777777083e-10,1.666666459e-05,2.777777083e-10
581,2.916666302e-05,3.298610286e-10,2.916666302e-05,3.298610286e-10
582,2.916666302e-05,3.298610286e-10,2.916666302e-05,3.298610286e-10
583,7.499999063e-05,1.145833047e-09,7.499999063e-05,1.145833047e-09
584,6.249999219e-05,8.854164453e-10,6.249999219e-05,8.854164453e-10
585,7.70833237e-05,9.592011491e-10,7.70833237e-05,9.592011491e-10
586,5.833332605e-05,8.680553385e-10,5.833332605e-05,8.680553385e-10
587,8.33333229e-06,3.472221355e-11,8.33333229e-06,3.472221355e-11
588,3.333332917e-05,5.555554166e-10,3.333332917e-05,5.555554166e-10
589,2.083333073e-05,2.951388151e-10,2.083333073e-05,2.951388151e-10
590,3.749999532e-05,5.729165234e-10,3.749999532e-05,5.729165234e-10
591,1.666666459e-05,2.777777083e-10,1.666666459e-05,2.777777083e-10
592,4.583332761e-05,6.07638737e-10,4.583332761e-05,6.07638737e-10
593,6.666665833e-05,9.02777552e-10,6.666665833e-05,9.02777552e-10
594,2.499999688e-05,3.124999219e-10,2.499999688e-05,3.124999219e-10
595,4.583332761e-05,6.07638737e-10,4.583332761e-05,6.07638737e-10
596,4.642856563e-05,4.046200802e-10,4.642856563e-05,4.046200802e-10
597,8.749998907e-05,1.406249648e-09,8.749998907e-05,1.406249648e-09
598,1.249999844e-05,5.208332031e-11,1.249999844e-05,5.208332031e-11
599,3.333332917e-05,3.472221354e-10,3.333332917e-05,3.472221354e-10
600,3.541666224e-05,3.689235189e-10,3.541666224e-05,3.689235189e-10
601,6.666665834e-05,9.02777552e-10,6.666665834e-05,9.02777552e-10
602,3.749999532e-05,5.729165234e-10,3.749999532e-05,5.729165234e-10
603,8.333332292e-05,1.18055526e-09,8.333332292e-05,1.18055526e-09
604,3.749999532e-05,5.729165234e-10,3.749999532e-05,5.729165234e-10
605,4.583332761e-05,6.07638737e-10,4.583332761e-05,6.07638737e-10
606,8.333332292e-05,1.18055526e-09,8.333332292e-05,1.18055526e-09
607,5.555554861e-05,6.558640335e-10,5.555554861e-05,6.558640335e-10
608,0.0001166666521,2.499999373e-09,0.0001166666521,2.499999373e-09
609,7.499999063e-05,1.145833047e-09,7.499999063e-05,1.145833047e-09
610,8.33333229e-06,3.472221355e-11,8.33333229e-06,3.472221355e-11
611,7.916665677e-05,1.163194154e-09,7.916665677e-05,1.163194154e-09
612,4.166666146e-05,5.902776302e-10,4.166666146e-05,5.902776302e-10
613,3.333332917e-05,3.472221354e-10,3.333332917e-05,3.472221354e-10
614,7.916665678e-05,1.163194154e-09,7.916665678e-05,1.163194154e-09
615,2.083333073e-05,2.951388151e-10,2.083333073e-05,2.951388151e-10
616,3.333332917e-05,5.555554166e-10,3.333332917e-05,5.555554166e-10
617,4.999999375e-05,6.249998437e-10,4.999999375e-05,6.249998437e-10
618,4.166666146e-05,3.81944349e-10,4.166666146e-05,3.81944349e-10
619,7.499999063e-05,1.145833047e-09,7.499999063e-05,1.145833047e-09
620,2.083333073e-05,2.951388151e-10,2.083333073e-05,2.951388151e-10
621,4.58333276e-05,3.993054557e-10,4.58333276e-05,3.993054557e-10
622,6.249999219e-05,8.854164453e-10,6.249999219e-05,8.854164453e-10
623,5.41666599e-05,8.506942317e-10,5.41666599e-05,8.506942317e-10
624,5.833332604e-05,1.006944193e-09,5.833332604e-05,1.006944193e-09
625,5.833332605e-05,8.680553385e-10,5.833332605e-05,8.680553385e-10
626,2.916666302e-05,3.298610286e-10,2.916666302e-05,3.298610286e-10
627,8.749998907e-05,1.406249648e-09,8.749998907e-05,1.406249648e-09
628,3.749999532e-05,5.729165234e-10,3.749999532e-05,5.729165234e-10
629,5.104166029e-05,6.347654663e-10,5.104166029e-05,6.347654663e-10
630,9.583332136e-05,1.440971862e-09,9.583332136e-05,1.440971862e-09
631,3.749999532e-05,5.729165234e-10,3.749999532e-05,5.729165234e-10
632,7.083332449e-05,1.12847194e-09,7.083332449e-05,1.12847194e-09
633,1.666666459e-05,2.777777083e-10,1.666666459e-05,2.777777083e-10
634,6.666665834e-05,1.111110833e-09,6.666665834e-05,1.111110833e-09
635,7.083332448e-05,1.12847194e-09,7.083332448e-05,1.12847194e-09
636,6.666665834e-05,1.111110833e-09,6.666665834e-05,1.111110833e-09
637,6.249999219e-05,8.854164453e-10,6.249999219e-05,8.854164453e-10
638,4.583332761e-05,6.07638737e-10,4.583332761e-05,6.07638737e-10
639,2.916666302e-05,3.298610286e-10,2.916666302e-05,3.298610286e-10
640,6.249999219e-05,8.854164453e-10,6.249999219e-05,8.854164453e-10
641,5.833332605e-05,8.680553385e-10,5.833332605e-05,8.680553385e-10
642,5.833332605e-05,8.680553385e-10,5.833332605e-05,8.680553385e-10
643,6.249999219e-05,8.854164453e-10,6.249999219e-05,8.854164453e-10
644,1.249999844e-05,5.208332031e-11,1.249999844e-05,5.208332031e-11
645,2.083333073e-05,2.951388151e-10,2.083333073e-05,2.951388151e-10
646,4.583332761e-05,6.07638737e-10,4.583332761e-05,6.07638737e-10
647,1.666666459e-05,2.777777083e-10,1.666666459e-05,2.777777083e-10
648,2.083333073e-05,2.951388151e-10,2.083333073e-05,2.951388151e-10
649,2.916666302e-05,3.298610286e-10,2.916666302e-05,3.298610286e-10
650,2.083333073e-05,2.951388151e-10,2.083333073e-05,2.951388151e-10
651,2.499999688e-05,3.124999219e-10,2.499999688e-05,3.124999219e-10
652,4.166666146e-05,5.902776302e-10,4.166666146e-05,5.902776302e-10
653,3.749999532e-05,5.729165234e-10,3.749999532e-05,5.729165234e-10
654,5.972221476e-05,8.815584215e-10,5.972221476e-05,8.815584215e-10
655,7.083332449e-05,1.12847194e-09,7.083332449e-05,1.12847194e-09
656,5.833332605e-05,8.680553385e-10,5.833332605e-05,8.680553385e-10
657,6.249999219e-05,9.201386588e-10,6.249999219e-05,9.201386588e-10
658,4.166666146e-05,5.902776302e-10,4.166666146e-05,5.902776302e-10
659,2.916666302e-05,3.298610286e-10,2.916666302e-05,3.298610286e-10
660,6.249999219e-05,8.854164453e-10,6.249999219e-05,8.854164453e-10
661,5.104166029e-05,6.347654663e-10,5.104166029e-05,6.347654663e-10
662,7.083332449e-05,1.12847194e-09,7.083332449e-05,1.12847194e-09
663,3.749999532e-05,5.729165234e-10,3.749999532e-05,5.729165234e-10
664,3.749999531e-05,3.645832422e-10,3.749999531e-05,3.645832422e-10
665,2.916666302e-05,3.298610286e-10,2.916666302e-05,3.298610286e-10
666,0,0,0,0
667,6.249999219e-05,8.854164453e-10,6.249999219e-05,8.854164453e-10
668,1.666666458e-05,6.944442709e-11,1.666666458e-05,6.944442709e-11
669,3.749999532e-05,5.729165234e-10,3.749999532e-05,5.729165234e-10
670,4.583332761e-05,6.07638737e-10,4.583332761e-05,6.07638737e-10
671,2.499999688e-05,3.124999219e-10,2.499999688e-05,3.124999219e-10
672,5.416665989e-05,6.423609504e-10,5.416665989e-05,6.423609504e-10
673,0,0,0,0
674,4.999999376e-05,8.33333125e-10,4.999999376e-05,8.33333125e-10
675,2.916666302e-05,3.298610286e-10,2.916666302e-05,3.298610286e-10
676,0,0,0,0
677,2.499999688e-05,3.124999219e-10,2.499999688e-05,3.124999219e-10
678,5.833332605e-05,8.680553385e-10,5.833332605e-05,8.680553385e-10
679,8.333332291e-06,3.472221354e-11,8.333332291e-06,3.472221354e-11
680,8.333332291e-06,3.472221354e-11,8.333332291e-06,3.472221354e-11
681,8.33333229e-06,3.472221355e-11,8.33333229e-06,3.472221355e-11
682,4.166666145e-06,1.736110676e-11,4.166666145e-06,1.736110676e-11
683,4.687499414e-05,6.174043595e-10,4.687499414e-05,6.174043595e-10
684,4.166666146e-05,5.902776302e-10,4.166666146e-05,5.902776302e-10
685,2.916666302e-05,3.298610286e-10,2.916666302e-05,3.298610286e-10
686,3.749999532e-05,5.729165234e-10,3.749999532e-05,5.729165234e-10
687,1.249999844e-05,5.208332032e-11,1.249999844e-05,5.208332032e-11
688,3.749999532e-05,5.729165234e-10,3.749999532e-05,5.729165234e-10
689,4.166666146e-05,5.902776302e-10,4.166666146e-05,5.902776302e-10
690,3.749999531e-05,3.645832422e-10,3.749999531e-05,3.645832422e-10
691,6.249999219e-05,8.854164453e-10,6.249999219e-05,8.854164453e-10
692,4.58333276e-05,6.07638737e-10,4.58333276e-05,6.07638737e-10
693,3.749999532e-05,5.729165234e-10,3.749999532e-05,5.729165234e-10
694,5.833332605e-05,8.680553385e-10,5.833332605e-05,8.680553385e-10
695,4.166666146e-05,5.902776302e-10,4.166666146e-05,5.902776302e-10
696,9.166665522e-05,1.423610755e-09,9.166665522e-05,1.423610755e-09
697,2.499999688e-05,3.124999219e-10,2.499999688e-05,3.124999219e-10
698,6.666665834e-05,9.02777552e-10,6.666665834e-05,9.02777552e-10
699,2.916666302e-05,3.298610286e-10,2.916666302e-05,3.298610286e-10
700,4.166666146e-05,5.902776302e-10,4.166666146e-05,5.902776302e-10
701,5.833332605e-05,8.680553385e-10,5.833332605e-05,8.680553385e-10
702,7.083332449e-05,1.12847194e-09,7.083332449e-05,1.12847194e-09
703,2.083333073e-05,2.951388151e-10,2.083333073e-05,2.951388151e-10
704,4.58333276e-05,6.076387369e-10,4.58333276e-05,6.076387369e-10
705,3.333332916e-05,3.472221354e-10,3.333332916e-05,3.472221354e-10
706,7.083332449e-05,1.12847194e-09,7.083332449e-05,1.12847194e-09
707,4.583332761e-05,6.07638737e-10,4.583332761e-05,6.07638737e-10
708,2.083333072e-05,2.95138815e-10,2.083333072e-05,2.95138815e-10
709,1.388888715e-05,6.558640331e-11,1.388888715e-05,6.558640331e-11
710,3.333332917e-05,3.472221354e-10,3.333332917e-05,3.472221354e-10
711,4.583332761e-05,6.07638737e-10,4.583332761e-05,6.07638737e-10
712,1.666666459e-05,2.777777083e-10,1.666666459e-05,2.777777083e-10
713,4.166666146e-05,5.902776302e-10,4.166666146e-05,5.902776302e-10
714,2.499999688e-05,3.124999219e-10,2.499999688e-05,3.124999219e-10
715,1.666666459e-05,2.777777083e-10,1.666666459e-05,2.777777083e-10
716,4.166666146e-05,5.902776302e-10,4.166666146e-05,5.902776302e-10
717,3.749999532e-05,5.729165234e-10,3.749999532e-05,5.729165234e-10
718,0.0001291666505,2.3090272e-09,0.0001291666505,2.3090272e-09
719,4.166666146e-05,5.902776302e-10,4.166666146e-05,5.902776302e-10
720,4.999999376e-05,8.33333125e-10,4.999999376e-05,8.33333125e-10
721,7.499999063e-05,1.145833047e-09,7.499999063e-05,1.145833047e-09
722,1.249999844e-05,5.208332032e-11,1.249999844e-05,5.208332032e-11
723,7.083332448e-05,9.201386588e-10,7.083332448e-05,9.201386588e-10
724,4.166666146e-05,3.81944349e-10,4.166666146e-05,3.81944349e-10
725,0,0,0,0
726,2.083333073e-05,2.951388151e-10,2.083333073e-05,2.951388151e-10
727,6.666665834e-05,9.02777552e-10,6.666665834e-05,9.02777552e-10
728,2.083333073e-05,2.951388151e-10,2.083333073e-05,2.951388151e-10
729,6.249999219e-05,8.854164453e-10,6.249999219e-05,8.854164453e-10
730,5.833332604e-05,8.680553383e-10,5.833332604e-05,8.680553383e-10
731,4.166666146e-05,5.902776302e-10,4.166666146e-05,5.902776302e-10
732,5.41666599e-05,8.506942317e-10,5.41666599e-05,8.506942317e-10
733,4.166666146e-05,5.902776302e-10,4.166666146e-05,5.902776302e-10
734,1.666666458e-05,6.944442709e-11,1.666666458e-05,6.944442709e-11
735,6.354165873e-05,8.951820678e-10,6.354165873e-05,8.951820678e-10
736,4.166666146e-05,5.902776302e-10,4.166666146e-05,5.902776302e-10
737,1.666666459e-05,6.944442708e-11,1.666666459e-05,6.944442708e-11
738,4.583332761e-05,6.07638737e-10,4.583332761e-05,6.07638737e-10
739,2.499999688e-05,3.124999218e-10,2.499999688e-05,3.124999218e-10
740,9.166665521e-05,1.423610755e-09,9.166665521e-05,1.423610755e-09
741,3.749999532e-05,5.729165234e-10,3.749999532e-05,5.729165234e-10
742,4.999999375e-05,6.597220573e-10,4.999999375e-05,6.597220573e-10
743,7.499999063e-05,1.145833047e-09,7.499999063e-05,1.145833047e-09
744,2.916666302e-05,3.298610286e-10,2.916666302e-05,3.298610286e-10
745,9.166665522e-05,1.215277474e-09,9.166665522e-05,1.215277474e-09
746,4.583332761e-05,6.07638737e-10,4.583332761e-05,6.07638737e-10
747,8.333332293e-06,3.472221355e-11,8.333332293e-06,3.472221355e-11
748,4.166666146e-05,3.819443489e-10,4.166666146e-05,3.819443489e-10
749,8.333332292e-06,3.472221354e-11,8.333332292e-06,3.472221354e-11
750,1.72619026e-05,7.475905161e-11,1.72619026e-05,7.475905161e-11
751,5.833332604e-05,6.597220573e-10,5.833332604e-05,6.597220573e-10
752,1.666666459e-05,2.777777083e-10,1.666666459e-05,2.777777083e-10
753,2.499999688e-05,3.124999219e-10,2.499999688e-05,3.124999219e-10
754,5.833332605e-05,6.597220573e-10,5.833332605e-05,6.597220573e-10
755,7.499999063e-05,1.145833047e-09,7.499999063e-05,1.145833047e-09
756,5.416665987e-05,8.506942311e-10,5.416665987e-05,8.506942311e-10
757,0,0,0,0
758,7.41666574e-05,1.250694132e-09,7.41666574e-05,1.250694132e-09
759,2.083333073e-05,2.951388151e-10,2.083333073e-05,2.951388151e-10
760,1.666666458e-05,6.944442708e-11,1.666666458e-05,6.944442708e-11
761,8.333332293e-05,1.388888542e-09,8.333332293e-05,1.388888542e-09
762,8.333332291e-06,3.472221354e-11,8.333332291e-06,3.472221354e-11
763,5.41666599e-05,8.506942317e-10,5.41666599e-05,8.506942317e-10
764,6.666665834e-05,1.111110833e-09,6.666665834e-05,1.111110833e-09
765,6.249999219e-05,8.854164453e-10,6.249999219e-05,8.854164453e-10
766,4.166666146e-06,1.736110677e-11,4.166666146e-06,1.736110677e-11
767,3.749999532e-05,5.729165234e-10,3.749999532e-05,5.729165234e-10
768,3.333332917e-05,3.472221354e-10,3.333332917e-05,3.472221354e-10
769,3.333332917e-05,3.472221354e-10,3.333332917e-05,3.472221354e-10
770,1.249999844e-05,5.208332032e-11,1.249999844e-05,5.208332032e-11
771,4.166666145e-06,1.736110677e-11,4.166666145e-06,1.736110677e-11
772,4.999999375e-05,6.249998437e-10,4.999999375e-05,6.249998437e-10
773,5.833332605e-05,8.680553385e-10,5.833332605e-05,8.680553385e-10
774,1.666666459e-05,2.777777083e-10,1.666666459e-05,2.777777083e-10
775,4.166666145e-06,1.736110677e-11,4.166666145e-06,1.736110677e-11
776,6.666665834e-05,9.02777552e-10,6.666665834e-05,9.02777552e-10
777,5.41666599e-05,8.506942317e-10,5.41666599e-05,8.506942317e-10
778,8.333332289e-06,3.472221352e-11,8.333332289e-06,3.472221352e-11
779,8.333332284e-06,3.47222135e-11,8.333332284e-06,3.47222135e-11
780,3.333332917e-05,5.555554166e-10,3.333332917e-05,5.555554166e-10
781,9.166665522e-05,1.423610755e-09,9.166665522e-05,1.423610755e-09
782,8.33333229e-06,3.472221355e-11,8.33333229e-06,3.472221355e-11
783,6.249999219e-05,9.895830859e-10,6.249999219e-05,9.895830859e-10
784,5.41666599e-05,8.506942317e-10,5.41666599e-05,8.506942317e-10
785,5.833332604e-05,8.680553382e-10,5.833332604e-05,8.680553382e-10
786,4.166666146e-05,5.902776302e-10,4.166666146e-05,5.902776302e-10
787,4.999999375e-05,6.249998437e-10,4.999999375e-05,6.249998437e-10
788,1.666666459e-05,2.777777083e-10,1.666666459e-05,2.777777083e-10
789,1.249999844e-05,5.208332031e-11,1.249999844e-05,5.208332031e-11
790,3.333332917e-05,5.555554166e-10,3.333332917e-05,5.555554166e-10
791,9.583332136e-05,1.440971862e-09,9.583332136e-05,1.440971862e-09
792,2.499999688e-05,3.124999219e-10,2.499999688e-05,3.124999219e-10
793,2.916666302e-05,3.298610286e-10,2.916666302e-05,3.298610286e-10
794,4.166666146e-05,5.902776302e-10,4.166666146e-05,5.902776302e-10
795,3.749999531e-05,3.645832422e-10,3.749999531e-05,3.645832422e-10
796,2.916666302e-05,3.298610286e-10,2.916666302e-05,3.298610286e-10
797,2.499999688e-05,3.124999219e-10,2.499999688e-05,3.124999219e-10
798,2.083333073e-05,2.951388151e-10,2.083333073e-05,2.951388151e-10
799,3.333332917e-05,5.555554166e-10,3.333332917e-05,5.555554166e-10
800,5.41666599e-05,8.506942317e-10,5.41666599e-05,8.506942317e-10
801,7.083332449e-05,1.12847194e-09,7.083332449e-05,1.12847194e-09
802,2.083333073e-05,8.680553386e-11,2.083333073e-05,8.680553386e-11
803,2.083333073e-05,8.680553386e-11,2.083333073e-05,8.680553386e-11
804,8.749998907e-05,1.406249648e-09,8.749998907e-05,1.406249648e-09
805,5.41666599e-05,6.423609505e-10,5.41666599e-05,6.423609505e-10
806,8.055554549e-05,1.153549094e-09,8.055554549e-05,1.153549094e-09
807,2.083333073e-05,8.680553386e-11,2.083333073e-05,8.680553386e-11
808,0,0,0,0
809,2.083333073e-05,2.951388151e-10,2.083333073e-05,2.951388151e-10
810,4.999999375e-05,6.249998437e-10,4.999999375e-05,6.249998437e-10
811,2.083333073e-05,1.909721745e-10,2.083333073e-05,1.909721745e-10
812,4.166666146e-05,5.902776302e-10,4.166666146e-05,5.902776302e-10
813,3.333332917e-05,3.472221354e-10,3.333332917e-05,3.472221354e-10
814,4.583332761e-05,6.07638737e-10,4.583332761e-05,6.07638737e-10
815,1.249999844e-05,5.208332031e-11,1.249999844e-05,5.208332031e-11
816,8.333332293e-05,1.388888542e-09,8.333332293e-05,1.388888542e-09
817,7.499999063e-05,1.145833047e-09,7.499999063e-05,1.145833047e-09
818,3.333332917e-05,3.472221354e-10,3.333332917e-05,3.472221354e-10
819,3.333332917e-05,3.472221354e-10,3.333332917e-05,3.472221354e-10
820,1.666666458e-05,6.944442709e-11,1.666666458e-05,6.944442709e-11
821,7.083332449e-05,1.12847194e-09,7.083332449e-05,1.12847194e-09
822,5.833332605e-05,8.680553385e-10,5.833332605e-05,8.680553385e-10
823,6.249999219e-05,6.77083164e-10,6.249999219e-05,6.77083164e-10
824,4.999999375e-05,6.249998437e-10,4.999999375e-05,6.249998437e-10
825,4.583332761e-05,6.07638737e-10,4.583332761e-05,6.07638737e-10
826,6.666665834e-05,1.111110833e-09,6.666665834e-05,1.111110833e-09
827,4.166666146e-05,5.902776302e-10,4.166666146e-05,5.902776302e-10
828,2.083333073e-05,2.951388151e-10,2.083333073e-05,2.951388151e-10
829,0.0001083333198,1.701388463e-09,0.0001083333198,1.701388463e-09
830,1.666666458e-05,6.944442708e-11,1.666666458e-05,6.944442708e-11
831,3.749999532e-05,5.729165234e-10,3.749999532e-05,5.729165234e-10
832,7.916665678e-05,1.163194154e-09,7.916665678e-05,1.163194154e-09
833,3.333332917e-05,5.555554166e-10,3.333332917e-05,5.555554166e-10
834,5.41666599e-05,8.506942317e-10,5.41666599e-05,8.506942317e-10
835,3.333332917e-05,3.472221354e-10,3.333332917e-05,3.472221354e-10
836,7.499999063e-05,1.145833047e-09,7.499999063e-05,1.145833047e-09
837,2.916666302e-05,3.298610286e-10,2.916666302e-05,3.298610286e-10
838,5.833332605e-05,8.680553385e-10,5.833332605e-05,8.680553385e-10
839,2.499999688e-05,3.124999219e-10,2.499999688e-05,3.124999219e-10
840,8.333332286e-06,3.472221351e-11,8.333332286e-06,3.472221351e-11
841,8.33333229e-06,3.472221355e-11,8.33333229e-06,3.472221355e-11
842,1.666666459e-05,2.777777083e-10,1.666666459e-05,2.777777083e-10
843,3.749999531e-05,3.645832421e-10,3.749999531e-05,3.645832421e-10
844,3.749999531e-05,3.645832422e-10,3.749999531e-05,3.645832422e-10
845,6.666665834e-05,1.111110833e-09,6.666665834e-05,1.111110833e-09
846,3.333332917e-05,5.555554166e-10,3.333332917e-05,5.555554166e-10
847,2.499999688e-05,3.124999219e-10,2.499999688e-05,3.124999219e-10
848,2.083333073e-05,2.951388151e-10,2.083333073e-05,2.951388151e-10
849,6.249999219e-05,8.854164453e-10,6.249999219e-05,8.854164453e-10
850,0.0001124999859,1.71874957e-09,0.0001124999859,1.71874957e-09
851,4.166666146e-05,3.81944349e-10,4.166666146e-05,3.81944349e-10
852,7.916665678e-05,1.163194154e-09,7.916665678e-05,1.163194154e-09
853,2.916666302e-05,3.298610286e-10,2.916666302e-05,3.298610286e-10
854,2.499999688e-05,3.124999219e-10,2.499999688e-05,3.124999219e-10
855,5.833332605e-05,8.680553385e-10,5.833332605e-05,8.680553385e-10
856,0,0,0,0
857,4.999999376e-05,8.33333125e-10,4.999999376e-05,8.33333125e-10
858,4.999999375e-05,6.249998437e-10,4.999999375e-05,6.249998437e-10
859,2.499999688e-05,3.124999219e-10,2.499999688e-05,3.124999219e-10
860,5.833332604e-05,8.680553384e-10,5.833332604e-05,8.680553384e-10
861,2.916666302e-05,3.298610286e-10,2.916666302e-05,3.298610286e-10
862,7.499999063e-05,9.374997655e-10,7.499999063e-05,9.374997655e-10
863,1.666666458e-05,6.944442709e-11,1.666666458e-05,6.944442709e-11
864,7.083332449e-05,9.201386588e-10,7.083332449e-05,9.201386588e-10
865,2.083333073e-05,2.951388151e-10,2.083333073e-05,2.951388151e-10
866,2.916666302e-05,3.298610286e-10,2.916666302e-05,3.298610286e-10
867,1.666666458e-05,6.944442709e-11,1.666666458e-05,6.944442709e-11
868,4.583332761e-05,6.07638737e-10,4.583332761e-05,6.07638737e-10
869,2.916666302e-05,1.215277474e-10,2.916666302e-05,1.215277474e-10
870,4.999999375e-05,6.249998437e-10,4.999999375e-05,6.249998437e-10
871,8.333332292e-05,1.215277474e-09,8.333332292e-05,1.215277474e-09
872,4.166666146e-05,5.902776302e-10,4.166666146e-05,5.902776302e-10
873,8.333332291e-06,3.472221354e-11,8.333332291e-06,3.472221354e-11
874,3.333332917e-05,3.472221354e-10,3.333332917e-05,3.472221354e-10
875,2.083333073e-05,2.951388151e-10,2.083333073e-05,2.951388151e-10
876,4.166666146e-05,5.902776302e-10,4.166666146e-05,5.902776302e-10
877,4.999999375e-05,6.249998437e-10,4.999999375e-05,6.249998437e-10
878,9.583332136e-05,1.232638581e-09,9.583332136e-05,1.232638581e-09
879,5.41666599e-05,6.423609505e-10,5.41666599e-05,6.423609505e-10
880,5.41666599e-05,8.506942317e-10,5.41666599e-05,8.506942317e-10
881,6.041665912e-05,6.814234407e-10,6.041665912e-05,6.814234407e-10
882,7.499999063e-05,1.145833047e-09,7.499999063e-05,1.145833047e-09
883,2.083333073e-05,2.951388151e-10,2.083333073e-05,2.951388151e-10
884,2.499999688e-05,3.124999219e-10,2.499999688e-05,3.124999219e-10
885,3.333332917e-05,5.555554166e-10,3.333332917e-05,5.555554166e-10
886,7.499999063e-05,1.145833047e-09,7.499999063e-05,1.145833047e-09
887,4.999999375e-05,6.249998437e-10,4.999999375e-05,6.249998437e-10
888,0.0001124999859,2.274304985e-09,0.0001124999859,2.274304985e-09
889,2.499999688e-05,3.124999219e-10,2.499999688e-05,3.124999219e-10
890,7.499999063e-05,1.145833047e-09,7.499999063e-05,1.145833047e-09
891,2.916666302e-05,3.298610286e-10,2.916666302e-05,3.298610286e-10
892,4.166666145e-06,1.736110677e-11,4.166666145e-06,1.736110677e-11
893,6.666665834e-05,1.111110833e-09,6.666665834e-05,1.111110833e-09
894,4.999999375e-05,6.249998437e-10,4.999999375e-05,6.249998437e-10
895,6.30952302e-05,8.907310694e-10,6.30952302e-05,8.907310694e-10
896,5.41666599e-05,8.506942317e-10,5.41666599e-05,8.506942317e-10
897,2.499999688e-05,3.124999219e-10,2.499999688e-05,3.124999219e-10
898,2.083333073e-05,2.951388151e-10,2.083333073e-05,2.951388151e-10
899,4.583332761e-05,6.07638737e-10,4.583332761e-05,6.07638737e-10
900,2.916666302e-05,3.298610286e-10,2.916666302e-05,3.298610286e-10
901,3.333332916e-05,3.472221354e-10,3.333332916e-05,3.472221354e-10
902,2.083333073e-05,2.951388151e-10,2.083333073e-05,2.951388151e-10
903,3.749999532e-05,5.729165234e-10,3.749999532e-05,5.729165234e-10
904,4.166666145e-06,1.736110677e-11,4.166666145e-06,1.736110677e-11
905,4.166666145e-06,1.736110677e-11,4.166666145e-06,1.736110677e-11
906,5.41666599e-05,8.506942317e-10,5.41666599e-05,8.506942317e-10
907,3.749999531e-05,3.645832422e-10,3.749999531e-05,3.645832422e-10
908,5.833332605e-05,8.680553385e-10,5.833332605e-05,8.680553385e-10
909,2.083333073e-05,2.951388151e-10,2.083333073e-05,2.951388151e-10
910,2.083333073e-05,2.951388151e-10,2.083333073e-05,2.951388151e-10
911,2.083333073e-05,2.951388151e-10,2.083333073e-05,2.951388151e-10
912,5.41666599e-05,8.506942317e-10,5.41666599e-05,8.506942317e-10
913,3.333332917e-05,5.555554166e-10,3.333332917e-05,5.555554166e-10
914,6.666665834e-05,9.02777552e-10,6.666665834e-05,9.02777552e-10
915,5.41666599e-05,6.423609505e-10,5.41666599e-05,6.423609505e-10
916,3.333332917e-05,5.555554166e-10,3.333332917e-05,5.555554166e-10
917,8.333332291e-06,3.472221354e-11,8.333332291e-06,3.472221354e-11
918,1.666666459e-05,2.777777083e-10,1.666666459e-05,2.777777083e-10
919,4.166666146e-05,5.902776302e-10,4.166666146e-05,5.902776302e-10
920,3.749999532e-05,5.729165234e-10,3.749999532e-05,5.729165234e-10
921,8.333332291e-06,3.472221354e-11,8.333332291e-06,3.472221354e-11
922,0.0001083333198,1.701388463e-09,0.0001083333198,1.701388463e-09
923,4.166666145e-05,5.902776301e-10,4.166666145e-05,5.902776301e-10
924,8.333332291e-06,3.472221354e-11,8.333332291e-06,3.472221354e-11
925,2.083333073e-05,2.951388151e-10,2.083333073e-05,2.951388151e-10
926,2.499999687e-05,3.124999218e-10,2.499999687e-05,3.124999218e-10
927,2.499999688e-05,3.124999219e-10,2.499999688e-05,3.124999219e-10
928,1.666666458e-05,6.944442709e-11,1.666666458e-05,6.944442709e-11
929,2.976190104e-05,3.351756531e-10,2.976190104e-05,3.351756531e-10
930,7.499999063e-05,1.145833047e-09,7.499999063e-05,1.145833047e-09
931,2.499999688e-05,1.041666406e-10,2.499999688e-05,1.041666406e-10
932,5.833332605e-05,8.680553385e-10,5.833332605e-05,8.680553385e-10
933,3.333332917e-05,5.555554166e-10,3.333332917e-05,5.555554166e-10
934,4.166666145e-06,1.736110677e-11,4.166666145e-06,1.736110677e-11
935,6.770832488e-05,9.125431746e-10,6.770832488e-05,9.125431746e-10
936,7.499999063e-05,1.145833047e-09,7.499999063e-05,1.145833047e-09
937,2.916666302e-05,3.298610286e-10,2.916666302e-05,3.298610286e-10
938,4.166666146e-05,5.902776302e-10,4.166666146e-05,5.902776302e-10
939,3.749999532e-05,5.729165234e-10,3.749999532e-05,5.729165234e-10
940,4.583332759e-05,6.076387363e-10,4.583332759e-05,6.076387363e-10
941,1.666666458e-05,6.944442709e-11,1.666666458e-05,6.944442709e-11
942,0,0,0,0
943,4.166666145e-06,1.736110677e-11,4.166666145e-06,1.736110677e-11
944,2.499999688e-05,3.124999219e-10,2.499999688e-05,3.124999219e-10
945,5.41666599e-05,6.423609505e-10,5.41666599e-05,6.423609505e-10
946,3.749999532e-05,5.729165234e-10,3.749999532e-05,5.729165234e-10
947,2.499999688e-05,3.124999218e-10,2.499999688e-05,3.124999218e-10
948,5.41666599e-05,8.506942317e-10,5.41666599e-05,8.506942317e-10
949,4.166666146e-05,5.902776302e-10,4.166666146e-05,5.902776302e-10
950,2.499999688e-05,3.124999219e-10,2.499999688e-05,3.124999219e-10
951,2.499999688e-05,3.124999219e-10,2.499999688e-05,3.124999219e-10
952,1.666666459e-05,2.777777083e-10,1.666666459e-05,2.777777083e-10
953,2.499999688e-05,3.124999219e-10,2.499999688e-05,3.124999219e-10
954,2.9166663e-05,3.298610282e-10,2.9166663e-05,3.298610282e-10
955,6.249999219e-05,8.854164453e-10,6.249999219e-05,8.854164453e-10
956,5.41666599e-05,8.506942317e-10,5.41666599e-05,8.506942317e-10
957,2.499999688e-05,3.124999219e-10,2.499999688e-05,3.124999219e-10
958,4.166666146e-05,5.902776302e-10,4.166666146e-05,5.902776302e-10
959,2.499999687e-05,1.041666406e-10,2.499999687e-05,1.041666406e-10
960,2.916666302e-05,3.298610286e-10,2.916666302e-05,3.298610286e-10
961,2.916666302e-05,3.298610286e-10,2.916666302e-05,3.298610286e-10
962,2.499999688e-05,3.124999219e-10,2.499999688e-05,3.124999219e-10
963,1.249999844e-05,5.208332032e-11,1.249999844e-05,5.208332032e-11
964,3.749999531e-05,5.729165231e-10,3.749999531e-05,5.729165231e-10
965,5.833332605e-05,8.680553385e-10,5.833332605e-05,8.680553385e-10
966,4.999999375e-05,6.249998437e-10,4.999999375e-05,6.249998437e-10
967,2.916666302e-05,3.298610286e-10,2.916666302e-05,3.298610286e-10
968,2.083333073e-05,2.951388151e-10,2.083333073e-05,2.951388151e-10
969,4.999999375e-05,6.249998437e-10,4.999999375e-05,6.249998437e-10
970,3.749999532e-05,5.729165234e-10,3.749999532e-05,5.729165234e-10
971,2.083333073e-05,2.951388151e-10,2.083333073e-05,2.951388151e-10
972,4.166666146e-05,5.902776302e-10,4.166666146e-05,5.902776302e-10
973,6.770832487e-05,9.125431746e-10,6.770832487e-05,9.125431746e-10
974,5.41666599e-05,6.423609505e-10,5.41666599e-05,6.423609505e-10
975,2.499999688e-05,3.124999219e-10,2.499999688e-05,3.124999219e-10
976,4.166666145e-06,1.736110677e-11,4.166666145e-06,1.736110677e-11
977,8.333332291e-06,3.472221354e-11,8.333332291e-06,3.472221354e-11
978,5.833332605e-05,8.680553385e-10,5.833332605e-05,8.680553385e-10
979,9.166665522e-05,1.423610755e-09,9.166665522e-05,1.423610755e-09
980,5.833332605e-05,8.680553385e-10,5.833332605e-05,8.680553385e-10
981,3.749999531e-05,3.645832422e-10,3.749999531e-05,3.645832422e-10
982,2.083333073e-05,2.951388151e-10,2.083333073e-05,2.951388151e-10
983,0.000104861098,1.481963364e-09,0.000104861098,1.481963364e-09
984,9.999998751e-05,1.458332969e-09,9.999998751e-05,1.458332969e-09
985,8.33333229e-06,3.472221355e-11,8.33333229e-06,3.472221355e-11
986,2.083333073e-05,2.951388151e-10,2.083333073e-05,2.951388151e-10
987,8.33333229e-06,3.472221355e-11,8.33333229e-06,3.472221355e-11
988,4.583332761e-05,6.07638737e-10,4.583332761e-05,6.07638737e-10
989,5.833332605e-05,8.680553385e-10,5.833332605e-05,8.680553385e-10
990,1.666666459e-05,6.944442709e-11,1.666666459e-05,6.944442709e-11
991,8.33333229e-06,3.472221355e-11,8.33333229e-06,3.472221355e-11
992,1.666666458e-05,6.944442709e-11,1.666666458e-05,6.944442709e-11
993,8.333332291e-06,3.472221354e-11,8.333332291e-06,3.472221354e-11
994,1.666666458e-05,6.944442709e-11,1.666666458e-05,6.944442709e-11
995,4.999999375e-05,6.249998437e-10,4.999999375e-05,6.249998437e-10
996,8.333332292e-05,1.388888542e-09,8.333332292e-05,1.388888542e-09
997,9.999998751e-05,1.458332969e-09,9.999998751e-05,1.458332969e-09
998,2.083333073e-05,2.951388151e-10,2.083333073e-05,2.951388151e-10
999,8.33333229e-06,3.472221355e-11,8.33333229e-06,3.472221355e-11
1000,4.999999375e-05,4.166665625e-10,4.999999375e-05,4.166665625e-10
1001,2.499999688e-05,3.124999219e-10,2.499999688e-05,3.124999219e-10
1002,7.499999062e-05,1.145833047e-09,7.499999062e-05,1.145833047e-09
1003,3.333332917e-05,3.472221354e-10,3.333332917e-05,3.472221354e-10
1004,7.083332449e-05,1.12847194e-09,7.083332449e-05,1.12847194e-09
1005,2.499999688e-05,3.124999219e-10,2.499999688e-05,3.124999219e-10
1006,2.916666302e-05,3.298610286e-10,2.916666302e-05,3.298610286e-10
1007,4.583332761e-05,6.07638737e-10,4.583332761e-05,6.07638737e-10
1008,1.666666459e-05,2.777777083e-10,1.666666459e-05,2.777777083e-10
1009,2.083333073e-05,2.951388151e-10,2.083333073e-05,2.951388151e-10
1010,3.749999532e-05,5.729165234e-10,3.749999532e-05,5.729165234e-10
1011,6.249999219e-05,8.854164453e-10,6.249999219e-05,8.854164453e-10
1012,3.749999531e-05,3.645832422e-10,3.749999531e-05,3.645832422e-10
1013,2.083333073e-05,2.951388151e-10,2.083333073e-05,2.951388151e-10
1014,8.33333229e-06,3.472221355e-11,8.33333229e-06,3.472221355e-11
1015,3.749999532e-05,5.729165234e-10,3.749999532e-05,5.729165234e-10
1016,7.916665678e-05,1.163194154e-09,7.916665678e-05,1.163194154e-09
1017,2.499999688e-05,3.124999219e-10,2.499999688e-05,3.124999219e-10
1018,1.666666459e-05,2.777777083e-10,1.666666459e-05,2.777777083e-10
1019,2.916666302e-05,3.298610286e-10,2.916666302e-05,3.298610286e-10
1020,8.333332292e-05,1.18055526e-09,8.333332292e-05,1.18055526e-09
1021,8.333332291e-06,3.472221354e-11,8.333332291e-06,3.472221354e-11
1022,3.333332917e-05,3.472221354e-10,3.333332917e-05,3.472221354e-10
1023,2.499999688e-05,3.124999219e-10,2.499999688e-05,3.124999219e-10
1024,6.666665834e-05,1.111110833e-09,6.666665834e-05,1.111110833e-09
1025,4.999999374e-05,6.249998436e-10,4.999999374e-05,6.249998436e-10
1026,3.333332917e-05,5.555554166e-10,3.333332917e-05,5.555554166e-10
1027,3.749999532e-05,5.729165234e-10,3.749999532e-05,5.729165234e-10
1028,2.916666302e-05,3.298610286e-10,2.916666302e-05,3.298610286e-10
1029,3.749999532e-05,5.729165234e-10,3.749999532e-05,5.729165234e-10
1030,6.249999219e-05,8.854164453e-10,6.249999219e-05,8.854164453e-10
1031,3.749999532e-05,5.729165234e-10,3.749999532e-05,5.729165234e-10
1032,5.41666599e-05,8.506942317e-10,5.41666599e-05,8.506942317e-10
1033,2.499999688e-05,3.124999219e-10,2.499999688e-05,3.124999219e-10
1034,4.999999376e-05,8.33333125e-10,4.999999376e-05,8.33333125e-10
1035,2.29166638e-05,1.085069173e-10,2.29166638e-05,1.085069173e-10
1036,9.999998751e-05,1.458332969e-09,9.999998751e-05,1.458332969e-09
1037,6.249999219e-05,8.854164452e-10,6.249999219e-05,8.854164452e-10
1038,3.749999532e-05,5.729165234e-10,3.749999532e-05,5.729165234e-10
1039,1.666666459e-05,2.777777083e-10,1.666666459e-05,2.777777083e-10
1040,3.333332917e-05,5.555554166e-10,3.333332917e-05,5.555554166e-10
1041,2.499999688e-05,3.124999219e-10,2.499999688e-05,3.124999219e-10
1042,5.41666599e-05,8.506942317e-10,5.41666599e-05,8.506942317e-10
1043,6.666665834e-05,9.02777552e-10,6.666665834e-05,9.02777552e-10
1044,2.083333073e-05,8.680553387e-11,2.083333073e-05,8.680553387e-11
1045,4.166666146e-05,5.902776302e-10,4.166666146e-05,5.902776302e-10
1046,4.166666145e-06,1.736110677e-11,4.166666145e-06,1.736110677e-11
1047,7.499999063e-05,1.145833047e-09,7.499999063e-05,1.145833047e-09
1048,4.166666145e-06,1.736110677e-11,4.166666145e-06,1.736110677e-11
1049,2.499999688e-05,3.124999219e-10,2.499999688e-05,3.124999219e-10
1050,2.916666302e-05,4.687498828e-10,2.916666302e-05,4.687498828e-10
1051,2.499999688e-05,3.124999219e-10,2.499999688e-05,3.124999219e-10
1052,2.499999688e-05,3.124999219e-10,2.499999688e-05,3.124999219e-10
1053,2.499999688e-05,3.124999219e-10,2.499999688e-05,3.124999219e-10
1054,8.333332291e-06,3.472221354e-11,8.333332291e-06,3.472221354e-11
1055,2.916666302e-05,3.298610286e-10,2.916666302e-05,3.298610286e-10
1056,2.499999688e-05,3.124999219e-10,2.499999688e-05,3.124999219e-10
1057,6.666665834e-05,1.111110833e-09,6.666665834e-05,1.111110833e-09
1058,6.666665834e-05,9.02777552e-10,6.666665834e-05,9.02777552e-10
1059,4.583332761e-05,6.07638737e-10,4.583332761e-05,6.07638737e-10
1060,3.333332916e-05,3.472221353e-10,3.333332916e-05,3.472221353e-10
1061,8.333332293e-06,3.472221355e-11,8.333332293e-06,3.472221355e-11
1062,3.749999531e-05,3.645832422e-10,3.749999531e-05,3.645832422e-10
1063,6.249999219e-05,8.854164453e-10,6.249999219e-05,8.854164453e-10
1064,4.166666146e-05,5.902776302e-10,4.166666146e-05,5.902776302e-10
1065,5.833332602e-05,6.597220568e-10,5.833332602e-05,6.597220568e-10
1066,4.999999375e-05,6.249998437e-10,4.999999375e-05,6.249998437e-10
1067,2.499999688e-05,3.124999219e-10,2.499999688e-05,3.124999219e-10
1068,2.499999688e-05,3.124999219e-10,2.499999688e-05,3.124999219e-10
1069,2.083333073e-05,2.951388151e-10,2.083333073e-05,2.951388151e-10
1070,6.249999219e-05,8.854164453e-10,6.249999219e-05,8.854164453e-10
1071,7.916665678e-05,1.163194154e-09,7.916665678e-05,1.163194154e-09
1072,4.166666146e-05,5.902776302e-10,4.166666146e-05,5.902776302e-10
1073,8.333332291e-06,3.472221354e-11,8.333332291e-06,3.472221354e-11
1074,4.166666146e-05,5.902776302e-10,4.166666146e-05,5.902776302e-10
1075,4.583332761e-05,6.07638737e-10,4.583332761e-05,6.07638737e-10
1076,1.249999843e-05,5.208332032e-11,1.249999843e-05,5.208332032e-11
1077,2.499999688e-05,3.124999219e-10,2.499999688e-05,3.124999219e-10
1078,3.749999532e-05,5.729165234e-10,3.749999532e-05,5.729165234e-10
1079,5.833332605e-05,8.680553385e-10,5.833332605e-05,8.680553385e-10
1080,5.41666599e-05,8.506942317e-10,5.41666599e-05,8.506942317e-10
1081,4.166666146e-05,5.902776302e-10,4.166666146e-05,5.902776302e-10
1082,4.999999375e-05,6.249998437e-10,4.999999375e-05,6.249998437e-10
1083,4.166666145e-06,1.736110677e-11,4.166666145e-06,1.736110677e-11
1084,2.083333073e-05,2.951388151e-10,2.083333073e-05,2.951388151e-10
1085,1.666666459e-05,2.777777083e-10,1.666666459e-05,2.777777083e-10
1086,2.499999688e-05,3.124999219e-10,2.499999688e-05,3.124999219e-10
1087,4.166666146e-05,5.902776302e-10,4.166666146e-05,5.902776302e-10
1088,7.083332449e-05,1.12847194e-09,7.083332449e-05,1.12847194e-09
1089,2.499999688e-05,3.124999219e-10,2.499999688e-05,3.124999219e-10
1090,2.499999688e-05,3.124999219e-10,2.499999688e-05,3.124999219e-10
1091,2.499999688e-05,3.124999219e-10,2.499999688e-05,3.124999219e-10
1092,1.666666459e-05,2.777777083e-10,1.666666459e-05,2.777777083e-10
1093,4.583332761e-05,6.07638737e-10,4.583332761e-05,6.07638737e-10
1094,4.583332761e-05,6.07638737e-10,4.583332761e-05,6.07638737e-10
1095,6.249999219e-05,6.77083164e-10,6.249999219e-05,6.77083164e-10
1096,2.083333072e-05,2.95138815e-10,2.083333072e-05,2.95138815e-10
1097,5.833332604e-05,8.680553385e-10,5.833332604e-05,8.680553385e-10
1098,4.166666145e-06,1.736110677e-11,4.166666145e-06,1.736110677e-11
1099,3.333332917e-05,3.472221354e-10,3.333332917e-05,3.472221354e-10
1100,4.166666145e-06,1.736110677e-11,4.166666145e-06,1.736110677e-11
1101,7.499999062e-05,1.145833047e-09,7.499999062e-05,1.145833047e-09
1102,2.083333073e-05,2.951388151e-10,2.083333073e-05,2.951388151e-10
1103,2.499999688e-05,3.124999219e-10,2.499999688e-05,3.124999219e-10
1104,2.499999688e-05,3.124999219e-10,2.499999688e-05,3.124999219e-10
1105,4.166666145e-06,1.736110677e-11,4.166666145e-06,1.736110677e-11
1106,1.249999843e-05,5.208332032e-11,1.249999843e-05,5.208332032e-11
1107,0.0001041666537,1.684027357e-09,0.0001041666537,1.684027357e-09
1108,3.333332917e-05,5.555554166e-10,3.333332917e-05,5.555554166e-10
1109,4.999999375e-05,6.249998437e-10,4.999999375e-05,6.249998437e-10
1110,8.749998907e-05,1.197916367e-09,8.749998907e-05,1.197916367e-09
1111,4.166666145e-06,1.736110677e-11,4.166666145e-06,1.736110677e-11
1112,5.833332605e-05,8.680553385e-10,5.833332605e-05,8.680553385e-10
1113,8.333332292e-05,1.18055526e-09,8.333332292e-05,1.18055526e-09
1114,4.583332761e-05,6.07638737e-10,4.583332761e-05,6.07638737e-10
1115,4.166666145e-06,1.736110677e-11,4.166666145e-06,1.736110677e-11
1116,2.083333073e-05,2.951388151e-10,2.083333073e-05,2.951388151e-10
1117,2.916666302e-05,3.298610286e-10,2.916666302e-05,3.298610286e-10
1118,5.833332605e-05,8.680553385e-10,5.833332605e-05,8.680553385e-10
1119,4.166666146e-05,5.902776302e-10,4.166666146e-05,5.902776302e-10
1120,5.833332605e-05,8.680553385e-10,5.833332605e-05,8.680553385e-10
1121,8.33333229e-06,3.472221355e-11,8.33333229e-06,3.472221355e-11
1122,3.333332917e-05,3.472221354e-10,3.333332917e-05,3.472221354e-10
1123,2.916666302e-05,3.298610286e-10,2.916666302e-05,3.298610286e-10
1124,0,0,0,0
1125,3.749999532e-05,5.729165234e-10,3.749999532e-05,5.729165234e-10
1126,3.749999532e-05,5.729165234e-10,3.749999532e-05,5.729165234e-10
1127,2.916666302e-05,3.298610286e-10,2.916666302e-05,3.298610286e-10
1128,3.749999532e-05,5.729165234e-10,3.749999532e-05,5.729165234e-10
1129,3.749999532e-05,5.729165234e-10,3.749999532e-05,5.729165234e-10
1130,5.41666599e-05,8.506942317e-10,5.41666599e-05,8.506942317e-10
1131,8.33333229e-06,3.472221355e-11,8.33333229e-06,3.472221355e-11
1132,1.666666459e-05,2.777777083e-10,1.666666459e-05,2.777777083e-10
1133,4.583332761e-05,6.07638737e-10,4.583332761e-05,6.07638737e-10
1134,4.999999376e-05,8.33333125e-10,4.999999376e-05,8.33333125e-10
1135,2.499999688e-05,3.124999219e-10,2.499999688e-05,3.124999219e-10
1136,1.249999844e-05,5.208332032e-11,1.249999844e-05,5.208332032e-11
1137,6.249999219e-05,9.201386588e-10,6.249999219e-05,9.201386588e-10
1138,2.083333073e-05,2.951388151e-10,2.083333073e-05,2.951388151e-10
1139,1.249999844e-05,5.208332031e-11,1.249999844e-05,5.208332031e-11
1140,4.999999376e-05,8.33333125e-10,4.999999376e-05,8.33333125e-10
1141,1.249999844e-05,5.208332031e-11,1.249999844e-05,5.208332031e-11
1142,3.749999532e-05,5.729165234e-10,3.749999532e-05,5.729165234e-10
1143,7.916665678e-05,1.163194154e-09,7.916665678e-05,1.163194154e-09
1144,3.333332917e-05,5.555554166e-10,3.333332917e-05,5.555554166e-10
1145,4.583332761e-05,6.07638737e-10,4.583332761e-05,6.07638737e-10
1146,1.666666458e-05,6.944442709e-11,1.666666458e-05,6.944442709e-11
1147,8.33333229e-06,3.472221355e-11,8.33333229e-06,3.472221355e-11
1148,4.58333276e-05,6.076387368e-10,4.58333276e-05,6.076387368e-10
1149,3.333332917e-05,3.472221354e-10,3.333332917e-05,3.472221354e-10
1150,4.999999375e-05,6.249998437e-10,4.999999375e-05,6.249998437e-10
1151,3.333332917e-05,3.472221354e-10,3.333332917e-05,3.472221354e-10
1152,6.249999219e-05,8.854164453e-10,6.249999219e-05,8.854164453e-10
1153,4.166666146e-06,1.736110677e-11,4.166666146e-06,1.736110677e-11
1154,6.249999219e-05,8.854164453e-10,6.249999219e-05,8.854164453e-10
1155,2.083333073e-05,2.951388151e-10,2.083333073e-05,2.951388151e-10
1156,6.666665834e-05,9.02777552e-10,6.666665834e-05,9.02777552e-10
1157,5.833332605e-05,8.680553385e-10,5.833332605e-05,8.680553385e-10
1158,2.499999688e-05,3.124999219e-10,2.499999688e-05,3.124999219e-10
1159,7.499999063e-05,1.145833047e-09,7.499999063e-05,1.145833047e-09
1160,2.083333073e-05,2.951388151e-10,2.083333073e-05,2.951388151e-10
1161,3.749999531e-05,3.645832422e-10,3.749999531e-05,3.645832422e-10
1162,3.749999532e-05,5.729165234e-10,3.749999532e-05,5.729165234e-10
1163,7.083332449e-05,1.12847194e-09,7.083332449e-05,1.12847194e-09
1164,3.749999532e-05,5.729165234e-10,3.749999532e-05,5.729165234e-10
1165,3.333332917e-05,5.555554166e-10,3.333332917e-05,5.555554166e-10
1166,7.916665678e-05,1.163194154e-09,7.916665678e-05,1.163194154e-09
1167,3.749999531e-05,5.729165231e-10,3.749999531e-05,5.729165231e-10
1168,5.833332605e-05,8.680553385e-10,5.833332605e-05,8.680553385e-10
1169,9.166665522e-05,1.423610755e-09,9.166665522e-05,1.423610755e-09
1170,7.083332447e-05,1.128471939e-09,7.083332447e-05,1.128471939e-09
1171,6.249999219e-05,8.854164453e-10,6.249999219e-05,8.854164453e-10
1172,6.249999219e-05,8.854164453e-10,6.249999219e-05,8.854164453e-10
1173,3.958332839e-05,6.467012272e-10,3.958332839e-05,6.467012272e-10
1174,3.333332917e-05,5.555554166e-10,3.333332917e-05,5.555554166e-10
1175,3.333332917e-05,5.555554166e-10,3.333332917e-05,5.555554166e-10
1176,4.166666145e-05,5.9027763e-10,4.166666145e-05,5.9027763e-10
1177,6.249999219e-05,8.854164453e-10,6.249999219e-05,8.854164453e-10
1178,4.166666146e-05,5.902776302e-10,4.166666146e-05,5.902776302e-10
1179,4.999999374e-05,8.333331244e-10,4.999999374e-05,8.333331244e-10
1180,8.611110035e-05,1.489197159e-09,8.611110035e-05,1.489197159e-09
1181,3.333332917e-05,3.472221354e-10,3.333332917e-05,3.472221354e-10
1182,2.499999688e-05,3.124999219e-10,2.499999688e-05,3.124999219e-10
1183,6.249999219e-05,8.854164453e-10,6.249999219e-05,8.854164453e-10
1184,4.999999375e-05,6.249998437e-10,4.999999375e-05,6.249998437e-10
1185,3.333332917e-05,3.472221354e-10,3.333332917e-05,3.472221354e-10
1186,6.249999219e-05,8.854164453e-10,6.249999219e-05,8.854164453e-10
1187,2.916666302e-05,3.298610286e-10,2.916666302e-05,3.298610286e-10
1188,4.999999375e-05,6.249998437e-10,4.999999375e-05,6.249998437e-10
1189,4.166666146e-05,5.902776302e-10,4.166666146e-05,5.902776302e-10
1190,4.166666146e-05,5.902776302e-10,4.166666146e-05,5.902776302e-10
1191,2.499999688e-05,3.124999219e-10,2.499999688e-05,3.124999219e-10
1192,2.916666302e-05,3.298610286e-10,2.916666302e-05,3.298610286e-10
1193,4.166666146e-05,5.902776302e-10,4.166666146e-05,5.902776302e-10
1194,5.41666599e-05,8.506942317e-10,5.41666599e-05,8.506942317e-10
1195,3.333332917e-05,5.555554166e-10,3.333332917e-05,5.555554166e-10
1196,2.083333073e-05,2.951388151e-10,2.083333073e-05,2.951388151e-10
1197,1.666666459e-05,2.777777083e-10,1.666666459e-05,2.777777083e-10
1198,1.666666459e-05,2.777777083e-10,1.666666459e-05,2.777777083e-10
1199,8.333332291e-06,3.472221354e-11,8.333332291e-06,3.472221354e-11
1200,1.666666458e-05,6.944442708e-11,1.666666458e-05,6.944442708e-11
1201,1.666666459e-05,2.777777083e-10,1.666666459e-05,2.777777083e-10
1202,7.916665678e-05,1.163194154e-09,7.916665678e-05,1.163194154e-09
1203,2.083333073e-05,2.951388151e-10,2.083333073e-05,2.951388151e-10
1204,2.916666302e-05,3.298610286e-10,2.916666302e-05,3.298610286e-10
1205,3.749999532e-05,5.729165234e-10,3.749999532e-05,5.729165234e-10
1206,4.999999376e-05,8.33333125e-10,4.999999376e-05,8.33333125e-10
1207,8.333332292e-06,3.472221354e-11,8.333332292e-06,3.472221354e-11
1208,3.749999532e-05,5.729165234e-10,3.749999532e-05,5.729165234e-10
1209,1.666666459e-05,2.777777083e-10,1.666666459e-05,2.777777083e-10
1210,6.249999218e-05,8.85416445e-10,6.249999218e-05,8.85416445e-10
1211,5.833332605e-05,8.680553385e-10,5.833332605e-05,8.680553385e-10
1212,4.166666145e-06,1.736110677e-11,4.166666145e-06,1.736110677e-11
1213,2.083333073e-05,2.951388151e-10,2.083333073e-05,2.951388151e-10
1214,1.666666459e-05,2.777777083e-10,1.666666459e-05,2.777777083e-10
1215,2.499999688e-05,3.124999219e-10,2.499999688e-05,3.124999219e-10
1216,6.666665834e-05,9.02777552e-10,6.666665834e-05,9.02777552e-10
1217,9.722221007e-06,4.822529659e-11,9.722221007e-06,4.822529659e-11
1218,9.166665522e-05,1.215277474e-09,9.166665522e-05,1.215277474e-09
1219,5.833332605e-05,8.680553385e-10,5.833332605e-05,8.680553385e-10
1220,3.333332917e-05,5.555554166e-10,3.333332917e-05,5.555554166e-10
1221,1.666666458e-05,6.944442708e-11,1.666666458e-05,6.944442708e-11
1222,2.916666302e-05,3.298610286e-10,2.916666302e-05,3.298610286e-10
1223,5.833332605e-05,8.680553385e-10,5.833332605e-05,8.680553385e-10
1224,6.666665834e-05,1.111110833e-09,6.666665834e-05,1.111110833e-09
1225,5.833332605e-05,8.680553385e-10,5.833332605e-05,8.680553385e-10
1226,2.916666302e-05,3.298610286e-10,2.916666302e-05,3.298610286e-10
1227,6.249999219e-05,8.854164453e-10,6.249999219e-05,8.854164453e-10
1228,9.583332136e-05,1.440971862e-09,9.583332136e-05,1.440971862e-09
1229,3.749999532e-05,5.729165234e-10,3.749999532e-05,5.729165234e-10
1230,4.166666146e-05,5.902776302e-10,4.166666146e-05,5.902776302e-10
1231,1.249999844e-05,5.208332032e-11,1.249999844e-05,5.208332032e-11
1232,2.083333073e-05,2.951388151e-10,2.083333073e-05,2.951388151e-10
1233,3.749999532e-05,5.729165234e-10,3.749999532e-05,5.729165234e-10
1234,4.166666145e-06,1.736110677e-11,4.166666145e-06,1.736110677e-11
1235,2.916666302e-05,3.298610286e-10,2.916666302e-05,3.298610286e-10
1236,3.333332917e-05,5.555554166e-10,3.333332917e-05,5.555554166e-10
1237,7.499999061e-05,1.145833046e-09,7.499999061e-05,1.145833046e-09
1238,4.166666145e-06,1.736110677e-11,4.166666145e-06,1.736110677e-11
1239,8.33333229e-06,3.472221355e-11,8.33333229e-06,3.472221355e-11
1240,4.583332761e-05,6.07638737e-10,4.583332761e-05,6.07638737e-10
1241,3.749999532e-05,5.729165234e-10,3.749999532e-05,5.729165234e-10
1242,2.916666302e-05,3.298610286e-10,2.916666302e-05,3.298610286e-10
1243,1.666666458e-05,6.944442709e-11,1.666666458e-05,6.944442709e-11
1244,1.666666459e-05,2.777777083e-10,1.666666459e-05,2.777777083e-10
1245,1.249999843e-05,5.208332032e-11,1.249999843e-05,5.208332032e-11
1246,1.666666458e-05,6.944442709e-11,1.666666458e-05,6.944442709e-11
1247,5.833332605e-05,8.680553385e-10,5.833332605e-05,8.680553385e-10
1248,5.833332605e-05,8.680553385e-10,5.833332605e-05,8.680553385e-10
1249,4.166666145e-06,1.736110677e-11,4.166666145e-06,1.736110677e-11
1250,5.41666599e-05,6.423609505e-10,5.41666599e-05,6.423609505e-10
1251,7.916665678e-05,1.163194154e-09,7.916665678e-05,1.163194154e-09
1252,1.249999844e-05,5.208332032e-11,1.249999844e-05,5.208332032e-11
1253,3.333332917e-05,3.472221354e-10,3.333332917e-05,3.472221354e-10
1254,3.749999532e-05,5.729165234e-10,3.749999532e-05,5.729165234e-10
1255,4.166666146e-05,5.902776302e-10,4.166666146e-05,5.902776302e-10
1256,2.083333073e-05,2.951388151e-10,2.083333073e-05,2.951388151e-10
1257,2.083333073e-05,2.951388151e-10,2.083333073e-05,2.951388151e-10
1258,2.916666302e-05,3.298610286e-10,2.916666302e-05,3.298610286e-10
1259,1.666666459e-05,6.944442709e-11,1.666666459e-05,6.944442709e-11
1260,4.166666146e-05,5.902776302e-10,4.166666146e-05,5.902776302e-10
1261,4.166666146e-05,5.902776302e-10,4.166666146e-05,5.902776302e-10
1262,2.499999688e-05,3.124999219e-10,2.499999688e-05,3.124999219e-10
1263,5.833332605e-05,8.680553385e-10,5.833332605e-05,8.680553385e-10
1264,2.499999688e-05,3.124999219e-10,2.499999688e-05,3.124999219e-10
1265,1.666666459e-05,2.777777083e-10,1.666666459e-05,2.777777083e-10
1266,3.749999532e-05,5.729165234e-10,3.749999532e-05,5.729165234e-10
1267,2.083333073e-05,2.951388151e-10,2.083333073e-05,2.951388151e-10
1268,2.499999688e-05,3.124999219e-10,2.499999688e-05,3.124999219e-10
1269,4.999999375e-05,6.249998437e-10,4.999999375e-05,6.249998437e-10
1270,4.999999375e-05,6.249998437e-10,4.999999375e-05,6.249998437e-10
1271,6.249999219e-05,8.854164453e-10,6.249999219e-05,8.854164453e-10
1272,1.666666458e-05,6.944442709e-11,1.666666458e-05,6.944442709e-11
1273,3.749999532e-05,5.729165234e-10,3.749999532e-05,5.729165234e-10
1274,2.499999688e-05,3.124999219e-10,2.499999688e-05,3.124999219e-10
1275,3.333332917e-05,5.555554166e-10,3.333332917e-05,5.555554166e-10
1276,1.666666458e-05,6.944442708e-11,1.666666458e-05,6.944442708e-11
1277,4.583332761e-05,6.07638737e-10,4.583332761e-05,6.07638737e-10
1278,4.166666146e-05,5.902776302e-10,4.166666146e-05,5.902776302e-10
1279,4.166666146e-05,5.902776302e-10,4.166666146e-05,5.902776302e-10
1280,4.583332761e-05,6.07638737e-10,4.583332761e-05,6.07638737e-10
1281,1.666666459e-05,2.777777083e-10,1.666666459e-05,2.777777083e-10
1282,8.33333229e-06,3.472221355e-11,8.33333229e-06,3.472221355e-11
1283,2.083333073e-05,8.680553386e-11,2.083333073e-05,8.680553386e-11
1284,2.916666302e-05,3.298610286e-10,2.916666302e-05,3.298610286e-10
1285,2.499999688e-05,3.124999219e-10,2.499999688e-05,3.124999219e-10
1286,8.33333229e-06,3.472221355e-11,8.33333229e-06,3.472221355e-11
1287,2.083333073e-05,2.951388151e-10,2.083333073e-05,2.951388151e-10
1288,0,0,0,0
1289,3.333332917e-05,3.472221354e-10,3.333332917e-05,3.472221354e-10
1290,3.333332917e-05,5.555554166e-10,3.333332917e-05,5.555554166e-10
1291,4.166666145e-06,1.736110677e-11,4.166666145e-06,1.736110677e-11
1292,1.249999844e-05,5.208332032e-11,1.249999844e-05,5.208332032e-11
1293,2.083333073e-05,2.951388151e-10,2.083333073e-05,2.951388151e-10
1294,2.083333073e-05,8.680553386e-11,2.083333073e-05,8.680553386e-11
1295,2.916666302e-05,3.298610286e-10,2.916666302e-05,3.298610286e-10
1296,6.249999219e-05,8.854164453e-10,6.249999219e-05,8.854164453e-10
1297,1.249999844e-05,5.208332032e-11,1.249999844e-05,5.208332032e-11
1298,2.499999688e-05,3.124999219e-10,2.499999688e-05,3.124999219e-10
1299,2.499999688e-05,3.124999219e-10,2.499999688e-05,3.124999219e-10
1300,2.083333073e-05,2.951388151e-10,2.083333073e-05,2.951388151e-10
1301,6.249999219e-05,8.854164453e-10,6.249999219e-05,8.854164453e-10
1302,2.083333073e-05,2.951388151e-10,2.083333073e-05,2.951388151e-10
1303,4.999999375e-05,6.249998437e-10,4.999999375e-05,6.249998437e-10
1304,2.499999688e-05,3.124999219e-10,2.499999688e-05,3.124999219e-10
1305,2.499999688e-05,3.124999219e-10,2.499999688e-05,3.124999219e-10
1306,3.333332917e-05,3.472221354e-10,3.333332917e-05,3.472221354e-10
1307,4.999999375e-05,6.249998437e-10,4.999999375e-05,6.249998437e-10
1308,0,0,0,0
1309,4.166666145e-06,1.736110677e-11,4.166666145e-06,1.736110677e-11
1310,3.749999532e-05,5.729165234e-10,3.749999532e-05,5.729165234e-10
1311,4.166666145e-06,1.736110677e-11,4.166666145e-06,1.736110677e-11
1312,3.333332917e-05,5.555554166e-10,3.333332917e-05,5.555554166e-10
1313,0,0,0,0
1314,2.083333073e-05,2.951388151e-10,2.083333073e-05,2.951388151e-10
1315,5.833332605e-05,8.680553385e-10,5.833332605e-05,8.680553385e-10
1316,4.166666146e-05,5.902776302e-10,4.166666146e-05,5.902776302e-10
1317,4.999999376e-05,8.33333125e-10,4.999999376e-05,8.33333125e-10
1318,8.33333229e-06,3.472221355e-11,8.33333229e-06,3.472221355e-11
1319,4.166666146e-05,5.902776302e-10,4.166666146e-05,5.902776302e-10
1320,4.166666145e-06,1.736110677e-11,4.166666145e-06,1.736110677e-11
1321,2.083333073e-05,2.951388151e-10,2.083333073e-05,2.951388151e-10
1322,4.166666146e-05,5.902776302e-10,4.166666146e-05,5.902776302e-10
1323,2.083333073e-05,2.951388151e-10,2.083333073e-05,2.951388151e-10
1324,1.666666459e-05,2.777777083e-10,1.666666459e-05,2.777777083e-10
1325,2.083333073e-05,2.951388151e-10,2.083333073e-05,2.951388151e-10
1326,2.499999688e-05,3.124999219e-10,2.499999688e-05,3.124999219e-10
1327,8.333332291e-06,3.472221354e-11,8.333332291e-06,3.472221354e-11
1328,2.916666302e-05,3.298610286e-10,2.916666302e-05,3.298610286e-10
1329,6.249999219e-05,6.77083164e-10,6.249999219e-05,6.77083164e-10
1330,9.166665522e-05,1.423610755e-09,9.166665522e-05,1.423610755e-09
1331,3.749999531e-05,3.645832422e-10,3.749999531e-05,3.645832422e-10
1332,5.41666599e-05,8.506942317e-10,5.41666599e-05,8.506942317e-10
1333,4.999999375e-05,8.33333125e-10,4.999999375e-05,8.33333125e-10
1334,7.499999063e-05,1.145833047e-09,7.499999063e-05,1.145833047e-09
1335,4.999999375e-05,6.249998437e-10,4.999999375e-05,6.249998437e-10
1336,1.666666459e-05,2.777777083e-10,1.666666459e-05,2.777777083e-10
1337,2.083333073e-05,2.951388151e-10,2.083333073e-05,2.951388151e-10
1338,2.916666302e-05,3.298610286e-10,2.916666302e-05,3.298610286e-10
1339,2.916666302e-05,3.298610286e-10,2.916666302e-05,3.298610286e-10
1340,4.999999375e-05,6.249998437e-10,4.999999375e-05,6.249998437e-10
1341,4.166666145e-06,1.736110677e-11,4.166666145e-06,1.736110677e-11
1342,4.583332761e-05,6.076387369e-10,4.583332761e-05,6.076387369e-10
1343,1.249999844e-05,5.208332032e-11,1.249999844e-05,5.208332032e-11
1344,2.083333073e-05,2.951388151e-10,2.083333073e-05,2.951388151e-10
1345,2.083333073e-05,2.951388151e-10,2.083333073e-05,2.951388151e-10
1346,2.083333072e-05,2.951388148e-10,2.083333072e-05,2.951388148e-10
1347,0,0,0,0
1348,7.499999063e-05,1.145833047e-09,7.499999063e-05,1.145833047e-09
1349,4.999999375e-05,6.249998437e-10,4.999999375e-05,6.249998437e-10
1350,4.166666145e-06,1.736110677e-11,4.166666145e-06,1.736110677e-11
1351,7.499999063e-05,1.145833047e-09,7.499999063e-05,1.145833047e-09
1352,3.749999532e-05,5.729165234e-10,3.749999532e-05,5.729165234e-10
1353,6.666665834e-05,1.111110833e-09,6.666665834e-05,1.111110833e-09
1354,3.749999532e-05,5.729165234e-10,3.749999532e-05,5.729165234e-10
1355,5.416665989e-05,8.506942317e-10,5.416665989e-05,8.506942317e-10
1356,7.083332449e-05,1.12847194e-09,7.083332449e-05,1.12847194e-09
1357,2.499999688e-05,3.124999219e-10,2.499999688e-05,3.124999219e-10
1358,9.583332136e-05,1.440971862e-09,9.583332136e-05,1.440971862e-09
1359,3.333332917e-05,3.472221354e-10,3.333332917e-05,3.472221354e-10
1360,4.166666146e-05,5.902776302e-10,4.166666146e-05,5.902776302e-10
1361,4.166666146e-05,5.902776302e-10,4.166666146e-05,5.902776302e-10
1362,4.166666145e-06,1.736110677e-11,4.166666145e-06,1.736110677e-11
1363,2.499999688e-05,3.124999219e-10,2.499999688e-05,3.124999219e-10
1364,4.166666145e-06,1.736110677e-11,4.166666145e-06,1.736110677e-11
1365,4.583332761e-05,6.07638737e-10,4.583332761e-05,6.07638737e-10
1366,3.333332916e-05,3.472221354e-10,3.333332916e-05,3.472221354e-10
1367,8.402776728e-05,1.325713403e-09,8.402776728e-05,1.325713403e-09
1368,8.333332291e-06,3.472221354e-11,8.333332291e-06,3.472221354e-11
1369,4.166666145e-06,1.736110677e-11,4.166666145e-06,1.736110677e-11
1370,6.666665834e-05,9.02777552e-10,6.666665834e-05,9.02777552e-10
1371,3.472221788e-05,3.607252185e-10,3.472221788e-05,3.607252185e-10
1372,3.749999532e-05,5.729165234e-10,3.749999532e-05,5.729165234e-10
1373,2.499999688e-05,3.124999219e-10,2.499999688e-05,3.124999219e-10
1374,0,0,0,0
1375,2.916666302e-05,3.298610286e-10,2.916666302e-05,3.298610286e-10
1376,3.333332917e-05,5.555554166e-10,3.333332917e-05,5.555554166e-10
1377,4.999999375e-05,6.249998437e-10,4.999999375e-05,6.249998437e-10
1378,7.916665678e-05,1.163194154e-09,7.916665678e-05,1.163194154e-09
1379,4.166666146e-05,5.902776302e-10,4.166666146e-05,5.902776302e-10
1380,1.666666459e-05,2.777777083e-10,1.666666459e-05,2.777777083e-10
1381,3.333332917e-05,5.555554166e-10,3.333332917e-05,5.555554166e-10
1382,3.749999532e-05,5.729165234e-10,3.749999532e-05,5.729165234e-10
1383,4.166666146e-05,5.902776302e-10,4.166666146e-05,5.902776302e-10
1384,7.916665678e-05,1.163194154e-09,7.916665678e-05,1.163194154e-09
1385,4.166666146e-05,5.902776302e-10,4.166666146e-05,5.902776302e-10
1386,3.749999531e-05,3.645832422e-10,3.749999531e-05,3.645832422e-10
1387,2.083333073e-05,2.951388151e-10,2.083333073e-05,2.951388151e-10
1388,2.916666302e-05,3.298610286e-10,2.916666302e-05,3.298610286e-10
1389,2.083333073e-05,2.951388151e-10,2.083333073e-05,2.951388151e-10
1390,2.499999688e-05,3.124999219e-10,2.499999688e-05,3.124999219e-10
1391,2.916666302e-05,3.298610286e-10,2.916666302e-05,3.298610286e-10
1392,8.333332291e-06,3.472221354e-11,8.333332291e-06,3.472221354e-11
1393,3.749999531e-05,3.645832422e-10,3.749999531e-05,3.645832422e-10
1394,8.333332293e-06,3.472221355e-11,8.333332293e-06,3.472221355e-11
1395,1.666666459e-05,2.777777083e-10,1.666666459e-05,2.777777083e-10
1396,1.666666458e-05,6.944442709e-11,1.666666458e-05,6.944442709e-11
1397,2.083333073e-05,2.951388151e-10,2.083333073e-05,2.951388151e-10
1398,5.833332605e-05,6.597220573e-10,5.833332605e-05,6.597220573e-10
1399,1.249999844e-05,5.208332031e-11,1.249999844e-05,5.208332031e-11
1400,4.166666145e-06,1.736110677e-11,4.166666145e-06,1.736110677e-11
1401,3.333332916e-05,3.472221354e-10,3.333332916e-05,3.472221354e-10
1402,1.249999844e-05,5.208332032e-11,1.249999844e-05,5.208332032e-11
1403,3.749999532e-05,5.729165234e-10,3.749999532e-05,5.729165234e-10
1404,0,0,0,0
1405,1.666666458e-05,6.944442709e-11,1.666666458e-05,6.944442709e-11
1406,4.166666145e-06,1.736110677e-11,4.166666145e-06,1.736110677e-11
1407,2.916666302e-05,3.298610286e-10,2.916666302e-05,3.298610286e-10
1408,3.333332917e-05,5.555554166e-10,3.333332917e-05,5.555554166e-10
1409,3.333332917e-05,5.555554166e-10,3.333332917e-05,5.555554166e-10
1410,1.249999844e-05,5.208332032e-11,1.249999844e-05,5.208332032e-11
1411,2.499999688e-05,3.124999219e-10,2.499999688e-05,3.124999219e-10
1412,2.916666302e-05,3.298610286e-10,2.916666302e-05,3.298610286e-10
1413,1.666666459e-05,2.777777083e-10,1.666666459e-05,2.777777083e-10
1414,6.249999219e-05,8.854164453e-10,6.249999219e-05,8.854164453e-10
1415,7.499999063e-05,1.145833047e-09,7.499999063e-05,1.145833047e-09
1416,2.083333073e-05,2.951388151e-10,2.083333073e-05,2.951388151e-10
1417,2.083333073e-05,2.951388151e-10,2.083333073e-05,2.951388151e-10
1418,1.666666458e-05,2.777777081e-10,1.666666458e-05,2.777777081e-10
1419,1.666666459e-05,2.777777083e-10,1.666666459e-05,2.777777083e-10
1420,1.666666459e-05,2.777777083e-10,1.666666459e-05,2.777777083e-10
1421,4.166666145e-06,1.736110677e-11,4.166666145e-06,1.736110677e-11
1422,7.083332448e-05,9.201386588e-10,7.083332448e-05,9.201386588e-10
1423,3.749999532e-05,5.729165234e-10,3.749999532e-05,5.729165234e-10
1424,3.749999531e-05,5.729165233e-10,3.749999531e-05,5.729165233e-10
1425,5.833332605e-05,8.680553385e-10,5.833332605e-05,8.680553385e-10
1426,3.749999532e-05,5.729165234e-10,3.749999532e-05,5.729165234e-10
1427,2.916666302e-05,3.298610286e-10,2.916666302e-05,3.298610286e-10
1428,8.333332292e-05,1.388888542e-09,8.333332292e-05,1.388888542e-09
1429,1.666666459e-05,2.777777083e-10,1.666666459e-05,2.777777083e-10
1430,6.249999219e-05,8.854164453e-10,6.249999219e-05,8.854164453e-10
1431,5.833332605e-05,8.680553385e-10,5.833332605e-05,8.680553385e-10
1432,5.833332605e-05,8.680553385e-10,5.833332605e-05,8.680553385e-10
1433,8.333332293e-06,3.472221355e-11,8.333332293e-06,3.472221355e-11
1434,2.499999688e-05,3.124999219e-10,2.499999688e-05,3.124999219e-10
1435,7.638887934e-05,1.344521269e-09,7.638887934e-05,1.344521269e-09
1436,3.333332917e-05,5.555554166e-10,3.333332917e-05,5.555554166e-10
1437,6.249999219e-05,8.854164453e-10,6.249999219e-05,8.854164453e-10
1438,1.666666459e-05,2.777777083e-10,1.666666459e-05,2.777777083e-10
1439,2.083333073e-05,2.951388151e-10,2.083333073e-05,2.951388151e-10
1440,5.41666599e-05,6.423609505e-10,5.41666599e-05,6.423609505e-10
1441,2.916666302e-05,3.645832422e-10,2.916666302e-05,3.645832422e-10
1442,2.499999688e-05,3.124999219e-10,2.499999688e-05,3.124999219e-10
1443,4.166666145e-06,1.736110677e-11,4.166666145e-06,1.736110677e-11
1444,2.916666302e-05,1.215277474e-10,2.916666302e-05,1.215277474e-10
1445,2.083333073e-05,2.951388151e-10,2.083333073e-05,2.951388151e-10
1446,5.833332605e-05,8.680553385e-10,5.833332605e-05,8.680553385e-10
1447,2.083333073e-05,2.951388151e-10,2.083333073e-05,2.951388151e-10
1448,6.249999219e-05,8.854164453e-10,6.249999219e-05,8.854164453e-10
1449,3.333332917e-05,3.472221354e-10,3.333332917e-05,3.472221354e-10
1450,9.166665522e-05,1.423610755e-09,9.166665522e-05,1.423610755e-09
1451,2.916666302e-05,3.298610286e-10,2.916666302e-05,3.298610286e-10
1452,2.499999688e-05,3.124999219e-10,2.499999688e-05,3.124999219e-10
1453,2.499999688e-05,3.124999219e-10,2.499999688e-05,3.124999219e-10
1454,5.833332605e-05,8.680553385e-10,5.833332605e-05,8.680553385e-10
1455,4.166666145e-06,1.736110677e-11,4.166666145e-06,1.736110677e-11
1456,3.333332917e-05,3.472221354e-10,3.333332917e-05,3.472221354e-10
1457,5.833332605e-05,8.680553385e-10,5.833332605e-05,8.680553385e-10
1458,5.833332605e-05,8.680553385e-10,5.833332605e-05,8.680553385e-10
1459,4.999999376e-05,8.33333125e-10,4.999999376e-05,8.33333125e-10
1460,2.916666302e-05,3.298610286e-10,2.916666302e-05,3.298610286e-10
1461,4.166666145e-06,1.736110677e-11,4.166666145e-06,1.736110677e-11
1462,7.083332449e-05,1.12847194e-09,7.083332449e-05,1.12847194e-09
1463,6.249999219e-05,8.854164453e-10,6.249999219e-05,8.854164453e-10
1464,4.166666145e-06,1.736110677e-11,4.166666145e-06,1.736110677e-11
1465,4.166666145e-06,1.736110677e-11,4.166666145e-06,1.736110677e-11
1466,4.166666146e-05,5.902776302e-10,4.166666146e-05,5.902776302e-10
1467,1.249999844e-05,5.208332032e-11,1.249999844e-05,5.208332032e-11
1468,3.333332917e-05,5.555554166e-10,3.333332917e-05,5.555554166e-10
1469,8.333332291e-06,3.472221354e-11,8.333332291e-06,3.472221354e-11
1470,3.749999532e-05,5.729165234e-10,3.749999532e-05,5.729165234e-10
1471,7.916665678e-05,9.548608724e-10,7.916665678e-05,9.548608724e-10
1472,5.41666599e-05,6.423609505e-10,5.41666599e-05,6.423609505e-10
1473,4.166666145e-06,1.736110677e-11,4.166666145e-06,1.736110677e-11
1474,2.499999688e-05,3.124999219e-10,2.499999688e-05,3.124999219e-10
1475,4.166666146e-05,5.902776302e-10,4.166666146e-05,5.902776302e-10
1476,6.249999218e-05,8.854164451e-10,6.249999218e-05,8.854164451e-10
1477,2.499999687e-05,1.041666406e-10,2.499999687e-05,1.041666406e-10
1478,7.083332448e-05,1.059027513e-09,7.083332448e-05,1.059027513e-09
1479,2.499999688e-05,3.124999219e-10,2.499999688e-05,3.124999219e-10
1480,3.749999532e-05,5.729165234e-10,3.749999532e-05,5.729165234e-10
1481,8.333332292e-05,1.388888542e-09,8.333332292e-05,1.388888542e-09
1482,2.083333073e-05,8.680553387e-11,2.083333073e-05,8.680553387e-11
1483,7.083332449e-05,1.12847194e-09,7.083332449e-05,1.12847194e-09
1484,4.999999375e-05,6.249998437e-10,4.999999375e-05,6.249998437e-10
1485,5.833332605e-05,8.680553385e-10,5.833332605e-05,8.680553385e-10
1486,5.41666599e-05,8.506942317e-10,5.41666599e-05,8.506942317e-10
1487,2.083333073e-05,8.680553385e-11,2.083333073e-05,8.680553385e-11
1488,2.499999688e-05,3.124999219e-10,2.499999688e-05,3.124999219e-10
1489,7.499999063e-05,1.145833047e-09,7.499999063e-05,1.145833047e-09
1490,2.083333073e-05,2.951388151e-10,2.083333073e-05,2.951388151e-10
1491,1.666666459e-05,2.777777083e-10,1.666666459e-05,2.777777083e-10
1492,1.666666459e-05,2.777777083e-10,1.666666459e-05,2.777777083e-10
1493,3.333332917e-05,3.472221354e-10,3.333332917e-05,3.472221354e-10
1494,8.333332291e-06,3.472221354e-11,8.333332291e-06,3.472221354e-11
1495,5.41666599e-05,6.423609505e-10,5.41666599e-05,6.423609505e-10
1496,4.166666146e-05,5.902776302e-10,4.166666146e-05,5.902776302e-10
1497,2.083333073e-05,2.951388151e-10,2.083333073e-05,2.951388151e-10
1498,3.333332917e-05,5.555554166e-10,3.333332917e-05,5.555554166e-10
1499,2.083333073e-05,2.951388151e-10,2.083333073e-05,2.951388151e-10
1500,3.749999532e-05,5.729165234e-10,3.749999532e-05,5.729165234e-10
1501,5.833332605e-05,8.680553385e-10,5.833332605e-05,8.680553385e-10
1502,5.972221475e-05,1.06674356e-09,5.972221475e-05,1.06674356e-09
1503,4.166666146e-05,5.902776302e-10,4.166666146e-05,5.902776302e-10
1504,4.166666146e-05,5.902776302e-10,4.166666146e-05,5.902776302e-10
1505,3.333332917e-05,5.555554166e-10,3.333332917e-05,5.555554166e-10
1506,5.41666599e-05,8.506942317e-10,5.41666599e-05,8.506942317e-10
1507,2.083333073e-05,2.951388151e-10,2.083333073e-05,2.951388151e-10
1508,4.583332761e-05,6.07638737e-10,4.583332761e-05,6.07638737e-10
1509,0,0,0,0
1510,4.166666145e-06,1.736110677e-11,4.166666145e-06,1.736110677e-11
1511,4.999999375e-05,6.249998437e-10,4.999999375e-05,6.249998437e-10
1512,2.083333073e-05,2.951388151e-10,2.083333073e-05,2.951388151e-10
1513,6.805554705e-05,1.101465774e-09,6.805554705e-05,1.101465774e-09
1514,3.749999532e-05,5.729165234e-10,3.749999532e-05,5.729165234e-10
1515,5.833332605e-05,8.680553385e-10,5.833332605e-05,8.680553385e-10
1516,0.0001124999859,1.71874957e-09,0.0001124999859,1.71874957e-09
1517,4.583332761e-05,6.07638737e-10,4.583332761e-05,6.07638737e-10
1518,4.166666145e-06,1.736110677e-11,4.166666145e-06,1.736110677e-11
1519,5.41666599e-05,8.506942317e-10,5.41666599e-05,8.506942317e-10
1520,3.333332917e-05,3.472221354e-10,3.333332917e-05,3.472221354e-10
1521,2.083333073e-05,8.680553383e-11,2.083333073e-05,8.680553383e-11
1522,8.333332291e-06,3.472221354e-11,8.333332291e-06,3.472221354e-11
1523,2.916666302e-05,3.298610286e-10,2.916666302e-05,3.298610286e-10
1524,4.166666146e-05,5.902776302e-10,4.166666146e-05,5.902776302e-10
1525,4.166666146e-05,5.902776302e-10,4.166666146e-05,5.902776302e-10
1526,2.916666302e-05,3.298610286e-10,2.916666302e-05,3.298610286e-10
1527,3.333332917e-05,5.555554166e-10,3.333332917e-05,5.555554166e-10
1528,3.749999532e-05,5.729165234e-10,3.749999532e-05,5.729165234e-10
1529,3.749999532e-05,5.729165234e-10,3.749999532e-05,5.729165234e-10
1530,1.249999844e-05,5.208332032e-11,1.249999844e-05,5.208332032e-11
1531,2.083333073e-05,2.951388151e-10,2.083333073e-05,2.951388151e-10
1532,1.666666459e-05,2.777777083e-10,1.666666459e-05,2.777777083e-10
1533,9.166665521e-05,1.423610755e-09,9.166665521e-05,1.423610755e-09
1534,6.249999219e-05,8.854164453e-10,6.249999219e-05,8.854164453e-10
1535,2.916666302e-05,3.298610286e-10,2.916666302e-05,3.298610286e-10
1536,1.249999843e-05,5.208332032e-11,1.249999843e-05,5.208332032e-11
1537,2.083333073e-05,2.951388151e-10,2.083333073e-05,2.951388151e-10
1538,3.333332917e-05,5.555554166e-10,3.333332917e-05,5.555554166e-10
1539,4.166666145e-06,1.736110677e-11,4.166666145e-06,1.736110677e-11
1540,4.583332761e-05,6.07638737e-10,4.583332761e-05,6.07638737e-10
1541,9.999998751e-05,1.458332969e-09,9.999998751e-05,1.458332969e-09
1542,7.916665677e-05,1.163194154e-09,7.916665677e-05,1.163194154e-09
1543,1.666666459e-05,2.777777083e-10,1.666666459e-05,2.777777083e-10
1544,4.166666145e-06,1.736110677e-11,4.166666145e-06,1.736110677e-11
1545,7.916665678e-05,1.163194154e-09,7.916665678e-05,1.163194154e-09
1546,1.666666459e-05,2.777777083e-10,1.666666459e-05,2.777777083e-10
1547,3.749999532e-05,5.729165234e-10,3.749999532e-05,5.729165234e-10
1548,5.833332605e-05,8.680553385e-10,5.833332605e-05,8.680553385e-10
1549,7.499999063e-05,1.145833047e-09,7.499999063e-05,1.145833047e-09
1550,6.041665911e-05,6.814234405e-10,6.041665911e-05,6.814234405e-10
1551,2.499999688e-05,3.124999219e-10,2.499999688e-05,3.124999219e-10
1552,2.083333073e-05,2.951388151e-10,2.083333073e-05,2.951388151e-10
1553,5.41666599e-05,8.506942317e-10,5.41666599e-05,8.506942317e-10
1554,3.749999532e-05,5.729165234e-10,3.749999532e-05,5.729165234e-10
1555,4.583332761e-05,6.07638737e-10,4.583332761e-05,6.07638737e-10
1556,2.499999688e-05,3.124999219e-10,2.499999688e-05,3.124999219e-10
1557,3.333332917e-05,5.555554166e-10,3.333332917e-05,5.555554166e-10
1558,2.499999688e-05,3.124999219e-10,2.499999688e-05,3.124999219e-10
1559,8.333332291e-06,3.472221354e-11,8.333332291e-06,3.472221354e-11
1560,7.499999063e-05,1.145833047e-09,7.499999063e-05,1.145833047e-09
1561,3.333332917e-05,5.555554166e-10,3.333332917e-05,5.555554166e-10
1562,4.583332761e-05,6.07638737e-10,4.583332761e-05,6.07638737e-10
1563,2.499999688e-05,3.124999219e-10,2.499999688e-05,3.124999219e-10
1564,3.333332917e-05,5.555554166e-10,3.333332917e-05,5.555554166e-10
1565,5.41666599e-05,8.506942317e-10,5.41666599e-05,8.506942317e-10
1566,5.833332605e-05,8.680553385e-10,5.833332605e-05,8.680553385e-10
1567,2.083333073e-05,2.951388151e-10,2.083333073e-05,2.951388151e-10
1568,4.166666145e-06,1.736110677e-11,4.166666145e-06,1.736110677e-11
1569,4.166666145e-05,5.9027763e-10,4.166666145e-05,5.9027763e-10
1570,1.666666458e-05,6.944442709e-11,1.666666458e-05,6.944442709e-11
1571,2.916666302e-05,3.298610286e-10,2.916666302e-05,3.298610286e-10
1572,0,0,0,0
1573,2.499999687e-05,3.124999218e-10,2.499999687e-05,3.124999218e-10
1574,4.166666146e-05,5.902776302e-10,4.166666146e-05,5.902776302e-10
1575,6.249999219e-05,8.854164452e-10,6.249999219e-05,8.854164452e-10
1576,6.458332526e-05,9.071178287e-10,6.458332526e-05,9.071178287e-10
1577,4.166666146e-05,5.902776302e-10,4.166666146e-05,5.902776302e-10
1578,3.749999531e-05,3.645832422e-10,3.749999531e-05,3.645832422e-10
1579,2.083333073e-05,2.951388151e-10,2.083333073e-05,2.951388151e-10
1580,1.666666458e-05,6.944442709e-11,1.666666458e-05,6.944442709e-11
1581,8.333332291e-06,3.472221354e-11,8.333332291e-06,3.472221354e-11
1582,4.166666146e-05,5.902776302e-10,4.166666146e-05,5.902776302e-10
1583,6.666665834e-05,9.02777552e-10,6.666665834e-05,9.02777552e-10
1584,4.583332761e-05,6.07638737e-10,4.583332761e-05,6.07638737e-10
1585,6.249999218e-05,8.854164451e-10,6.249999218e-05,8.854164451e-10
1586,3.333332917e-05,1.388888542e-10,3.333332917e-05,1.388888542e-10
1587,1.249999844e-05,5.208332032e-11,1.249999844e-05,5.208332032e-11
1588,5.833332605e-05,8.680553385e-10,5.833332605e-05,8.680553385e-10
1589,6.249999219e-05,8.854164452e-10,6.249999219e-05,8.854164452e-10
1590,4.166666146e-06,1.736110677e-11,4.166666146e-06,1.736110677e-11
1591,4.999999376e-05,1.388888542e-09,4.999999376e-05,1.388888542e-09
1592,2.083333073e-05,2.951388151e-10,2.083333073e-05,2.951388151e-10
1593,3.749999531e-05,3.645832422e-10,3.749999531e-05,3.645832422e-10
1594,4.166666145e-06,1.736110677e-11,4.166666145e-06,1.736110677e-11
1595,0,0,0,0
1596,8.333332291e-06,3.472221354e-11,8.333332291e-06,3.472221354e-11
1597,4.166666146e-05,5.902776302e-10,4.166666146e-05,5.902776302e-10
1598,8.33333229e-06,3.472221355e-11,8.33333229e-06,3.472221355e-11
1599,1.249999844e-05,5.208332032e-11,1.249999844e-05,5.208332032e-11
1600,2.499999688e-05,3.124999219e-10,2.499999688e-05,3.124999219e-10
1601,1.249999844e-05,5.208332031e-11,1.249999844e-05,5.208332031e-11
1602,8.33333229e-06,3.472221354e-11,8.33333229e-06,3.472221354e-11
1603,4.583332761e-05,6.07638737e-10,4.583332761e-05,6.07638737e-10
1604,1.249999844e-05,5.208332031e-11,1.249999844e-05,5.208332031e-11
1605,0,0,0,0
1606,3.74999953e-05,5.72916523e-10,3.74999953e-05,5.72916523e-10
1607,4.583332761e-05,6.07638737e-10,4.583332761e-05,6.07638737e-10
1608,4.166666145e-06,1.736110677e-11,4.166666145e-06,1.736110677e-11
1609,7.708332371e-05,1.16753443e-09,7.708332371e-05,1.16753443e-09
1610,7.083332449e-05,1.12847194e-09,7.083332449e-05,1.12847194e-09
1611,4.166666146e-05,5.902776302e-10,4.166666146e-05,5.902776302e-10
1612,5.41666599e-05,8.506942317e-10,5.41666599e-05,8.506942317e-10
1613,2.361110816e-05,3.95447432e-10,2.361110816e-05,3.95447432e-10
1614,3.749999531e-05,3.645832422e-10,3.749999531e-05,3.645832422e-10
1615,3.749999532e-05,5.729165234e-10,3.749999532e-05,5.729165234e-10
1616,8.333332293e-06,3.472221355e-11,8.333332293e-06,3.472221355e-11
1617,8.33333229e-06,3.472221355e-11,8.33333229e-06,3.472221355e-11
1618,1.249999844e-05,5.208332032e-11,1.249999844e-05,5.208332032e-11
1619,4.583332761e-05,6.07638737e-10,4.583332761e-05,6.07638737e-10
1620,7.916665678e-05,1.163194154e-09,7.916665678e-05,1.163194154e-09
1621,0,0,0,0
1622,4.166666146e-06,1.736110677e-11,4.166666146e-06,1.736110677e-11
1623,2.499999688e-05,3.124999219e-10,2.499999688e-05,3.124999219e-10
1624,4.722221632e-05,6.2114182e-10,4.722221632e-05,6.2114182e-10
1625,2.499999688e-05,3.124999219e-10,2.499999688e-05,3.124999219e-10
1626,5.833332604e-05,8.680553383e-10,5.833332604e-05,8.680553383e-10
1627,4.166666145e-06,1.736110677e-11,4.166666145e-06,1.736110677e-11
1628,3.749999532e-05,5.729165234e-10,3.749999532e-05,5.729165234e-10
1629,3.749999532e-05,5.729165234e-10,3.749999532e-05,5.729165234e-10
1630,8.333332291e-06,3.472221354e-11,8.333332291e-06,3.472221354e-11
1631,5.833332605e-05,8.680553385e-10,5.833332605e-05,8.680553385e-10
1632,8.333332292e-06,3.472221354e-11,8.333332292e-06,3.472221354e-11
1633,4.999999375e-05,8.333331246e-10,4.999999375e-05,8.333331246e-10
1634,2.916666302e-05,3.298610286e-10,2.916666302e-05,3.298610286e-10
1635,1.666666459e-05,2.777777083e-10,1.666666459e-05,2.777777083e-10
1636,2.499999688e-05,3.124999219e-10,2.499999688e-05,3.124999219e-10
1637,2.083333073e-05,2.951388151e-10,2.083333073e-05,2.951388151e-10
1638,1.666666459e-05,2.777777083e-10,1.666666459e-05,2.777777083e-10
1639,8.33333229e-06,3.472221355e-11,8.33333229e-06,3.472221355e-11
1640,2.083333073e-05,2.951388151e-10,2.083333073e-05,2.951388151e-10
1641,2.083333073e-05,2.951388151e-10,2.083333073e-05,2.951388151e-10
1642,2.916666302e-05,3.298610286e-10,2.916666302e-05,3.298610286e-10
1643,3.749999532e-05,5.729165234e-10,3.749999532e-05,5.729165234e-10
1644,6.249999219e-05,8.854164453e-10,6.249999219e-05,8.854164453e-10
1645,2.083333073e-05,8.680553386e-11,2.083333073e-05,8.680553386e-11
1646,4.583332761e-05,6.07638737e-10,4.583332761e-05,6.07638737e-10
1647,4.166666146e-06,1.736110677e-11,4.166666146e-06,1.736110677e-11
1648,7.916665678e-05,1.163194154e-09,7.916665678e-05,1.163194154e-09
1649,7.083332449e-05,1.12847194e-09,7.083332449e-05,1.12847194e-09
1650,2.499999687e-05,1.041666406e-10,2.499999687e-05,1.041666406e-10
1651,4.166666146e-06,1.736110677e-11,4.166666146e-06,1.736110677e-11
1652,4.999999376e-05,8.33333125e-10,4.999999376e-05,8.33333125e-10
1653,8.33333229e-06,3.472221355e-11,8.33333229e-06,3.472221355e-11
1654,2.499999688e-05,3.124999219e-10,2.499999688e-05,3.124999219e-10
1655,4.166666146e-05,5.902776302e-10,4.166666146e-05,5.902776302e-10
1656,3.749999532e-05,5.729165234e-10,3.749999532e-05,5.729165234e-10
1657,2.083333073e-05,8.680553384e-11,2.083333073e-05,8.680553384e-11
1658,1.666666458e-05,6.944442709e-11,1.666666458e-05,6.944442709e-11
1659,3.749999531e-05,3.645832422e-10,3.749999531e-05,3.645832422e-10
1660,2.916666302e-05,3.298610286e-10,2.916666302e-05,3.298610286e-10
1661,6.666665834e-05,1.111110833e-09,6.666665834e-05,1.111110833e-09
1662,4.166666145e-06,1.736110677e-11,4.166666145e-06,1.736110677e-11
1663,6.666665834e-05,1.111110833e-09,6.666665834e-05,1.111110833e-09
1664,8.33333229e-06,3.472221355e-11,8.33333229e-06,3.472221355e-11
1665,4.999999376e-05,8.33333125e-10,4.999999376e-05,8.33333125e-10
1666,7.083332449e-05,1.12847194e-09,7.083332449e-05,1.12847194e-09
1667,8.333332292e-06,3.472221354e-11,8.333332292e-06,3.472221354e-11
1668,0,0,0,0
1669,1.249999844e-05,5.208332032e-11,1.249999844e-05,5.208332032e-11
1670,3.749999532e-05,5.729165234e-10,3.749999532e-05,5.729165234e-10
1671,7.083332449e-05,1.12847194e-09,7.083332449e-05,1.12847194e-09
1672,8.33333229e-06,3.472221355e-11,8.33333229e-06,3.472221355e-11
1673,2.499999688e-05,3.124999219e-10,2.499999688e-05,3.124999219e-10
1674,6.666665832e-05,9.027775516e-10,6.666665832e-05,9.027775516e-10
1675,2.916666302e-05,3.298610286e-10,2.916666302e-05,3.298610286e-10
1676,2.916666302e-05,3.298610286e-10,2.916666302e-05,3.298610286e-10
1677,8.333332293e-05,1.388888542e-09,8.333332293e-05,1.388888542e-09
1678,5.41666599e-05,8.506942317e-10,5.41666599e-05,8.506942317e-10
1679,1.666666459e-05,2.777777083e-10,1.666666459e-05,2.777777083e-10
1680,4.166666146e-05,5.902776302e-10,4.166666146e-05,5.902776302e-10
1681,9.583332134e-05,1.440971861e-09,9.583332134e-05,1.440971861e-09
1682,4.999999375e-05,6.249998437e-10,4.999999375e-05,6.249998437e-10
1683,6.249999219e-05,8.854164453e-10,6.249999219e-05,8.854164453e-10
1684,6.249999219e-05,8.854164453e-10,6.249999219e-05,8.854164453e-10
1685,4.999999376e-05,8.33333125e-10,4.999999376e-05,8.33333125e-10
1686,5.833332605e-05,8.680553385e-10,5.833332605e-05,8.680553385e-10
1687,2.083333073e-05,2.951388151e-10,2.083333073e-05,2.951388151e-10
1688,6.249999219e-05,8.854164453e-10,6.249999219e-05,8.854164453e-10
1689,4.166666145e-06,1.736110677e-11,4.166666145e-06,1.736110677e-11
1690,3.749999532e-05,5.729165234e-10,3.749999532e-05,5.729165234e-10
1691,1.666666459e-05,2.777777083e-10,1.666666459e-05,2.777777083e-10
1692,2.499999688e-05,3.124999219e-10,2.499999688e-05,3.124999219e-10
1693,0,0,0,0
1694,3.333332917e-05,5.555554166e-10,3.333332917e-05,5.555554166e-10
1695,2.083333073e-05,2.951388151e-10,2.083333073e-05,2.951388151e-10
1696,4.583332761e-05,6.07638737e-10,4.583332761e-05,6.07638737e-10
1697,3.333332917e-05,3.472221354e-10,3.333332917e-05,3.472221354e-10
1698,4.166666146e-05,5.902776302e-10,4.166666146e-05,5.902776302e-10
1699,4.166666145e-06,1.736110677e-11,4.166666145e-06,1.736110677e-11
1700,4.999999375e-05,6.249998437e-10,4.999999375e-05,6.249998437e-10
1701,4.583332761e-05,6.07638737e-10,4.583332761e-05,6.07638737e-10
1702,6.666665834e-05,9.02777552e-10,6.666665834e-05,9.02777552e-10
1703,7.499999063e-05,1.145833047e-09,7.499999063e-05,1.145833047e-09
1704,1.249999843e-05,5.208332032e-11,1.249999843e-05,5.208332032e-11
1705,2.916666302e-05,3.298610286e-10,2.916666302e-05,3.298610286e-10
1706,2.083333073e-05,2.951388151e-10,2.083333073e-05,2.951388151e-10
1707,5.833332605e-05,1.423610755e-09,5.833332605e-05,1.423610755e-09
1708,7.499999063e-05,1.701388464e-09,7.499999063e-05,1.701388464e-09
1709,4.583332759e-05,6.076387367e-10,4.583332759e-05,6.076387367e-10
1710,3.333332916e-05,3.472221354e-10,3.333332916e-05,3.472221354e-10
1711,5.41666599e-05,8.506942317e-10,5.41666599e-05,8.506942317e-10
1712,3.74999953e-05,5.729165227e-10,3.74999953e-05,5.729165227e-10
1713,2.083333073e-05,8.680553386e-11,2.083333073e-05,8.680553386e-11
1714,5.833332605e-05,8.680553385e-10,5.833332605e-05,8.680553385e-10
1715,3.333332917e-05,3.472221354e-10,3.333332917e-05,3.472221354e-10
1716,2.916666302e-05,3.298610286e-10,2.916666302e-05,3.298610286e-10
1717,3.333332917e-05,5.555554166e-10,3.333332917e-05,5.555554166e-10
1718,3.749999532e-05,5.729165234e-10,3.749999532e-05,5.729165234e-10
1719,4.166666146e-05,5.902776302e-10,4.166666146e-05,5.902776302e-10
1720,4.166666145e-06,1.736110677e-11,4.166666145e-06,1.736110677e-11
1721,3.333332917e-05,3.472221354e-10,3.333332917e-05,3.472221354e-10
1722,5.41666599e-05,6.423609505e-10,5.41666599e-05,6.423609505e-10
1723,3.333332917e-05,5.555554166e-10,3.333332917e-05,5.555554166e-10
1724,3.333332917e-05,5.555554166e-10,3.333332917e-05,5.555554166e-10
1725,4.583332761e-05,6.07638737e-10,4.583332761e-05,6.07638737e-10
1726,4.999999373e-05,6.249998434e-10,4.999999373e-05,6.249998434e-10
1727,2.083333073e-05,2.951388151e-10,2.083333073e-05,2.951388151e-10
1728,3.749999532e-05,5.729165234e-10,3.749999532e-05,5.729165234e-10
1729,1.249999844e-05,5.208332032e-11,1.249999844e-05,5.208332032e-11
1730,4.166666146e-05,5.902776302e-10,4.166666146e-05,5.902776302e-10
1731,4.166666146e-05,3.81944349e-10,4.166666146e-05,3.81944349e-10
1732,2.083333073e-05,2.951388151e-10,2.083333073e-05,2.951388151e-10
1733,1.666666459e-05,2.777777083e-10,1.666666459e-05,2.777777083e-10
1734,4.722221633e-05,6.2114182e-10,4.722221633e-05,6.2114182e-10
1735,5.41666599e-05,8.506942317e-10,5.41666599e-05,8.506942317e-10
1736,2.499999688e-05,3.124999219e-10,2.499999688e-05,3.124999219e-10
1737,7.916665678e-05,1.163194154e-09,7.916665678e-05,1.163194154e-09
1738,3.333332917e-05,5.555554166e-10,3.333332917e-05,5.555554166e-10
1739,1.249999843e-05,5.208332032e-11,1.249999843e-05,5.208332032e-11
1740,8.333332292e-06,6.944442708e-11,8.333332292e-06,6.944442708e-11
1741,0,0,0,0
1742,3.749999532e-05,5.729165234e-10,3.749999532e-05,5.729165234e-10
1743,4.166666145e-06,1.736110677e-11,4.166666145e-06,1.736110677e-11
1744,3.333332917e-05,5.555554166e-10,3.333332917e-05,5.555554166e-10
1745,1.666666459e-05,2.777777083e-10,1.666666459e-05,2.777777083e-10
1746,5.833332605e-05,8.680553385e-10,5.833332605e-05,8.680553385e-10
1747,8.333332293e-06,3.472221355e-11,8.333332293e-06,3.472221355e-11
1748,2.083333073e-05,2.951388151e-10,2.083333073e-05,2.951388151e-10
1749,4.166666145e-06,1.736110677e-11,4.166666145e-06,1.736110677e-11
1750,2.083333073e-05,2.951388151e-10,2.083333073e-05,2.951388151e-10
1751,6.666665834e-05,1.111110833e-09,6.666665834e-05,1.111110833e-09
1752,4.166666145e-06,1.736110677e-11,4.166666145e-06,1.736110677e-11
1753,4.583332761e-05,6.07638737e-10,4.583332761e-05,6.07638737e-10
1754,4.999999376e-05,6.249998437e-10,4.999999376e-05,6.249998437e-10
1755,2.916666302e-05,3.298610286e-10,2.916666302e-05,3.298610286e-10
1756,8.333332293e-05,1.388888542e-09,8.333332293e-05,1.388888542e-09
1757,3.749999532e-05,5.729165234e-10,3.749999532e-05,5.729165234e-10
1758,5.41666599e-05,8.506942317e-10,5.41666599e-05,8.506942317e-10
1759,4.583332761e-05,6.07638737e-10,4.583332761e-05,6.07638737e-10
1760,3.749999532e-05,5.729165234e-10,3.749999532e-05,5.729165234e-10
1761,2.499999688e-05,3.124999219e-10,2.499999688e-05,3.124999219e-10
1762,2.916666302e-05,3.298610286e-10,2.916666302e-05,3.298610286e-10
1763,2.499999688e-05,3.124999219e-10,2.499999688e-05,3.124999219e-10
1764,2.916666302e-05,3.298610286e-10,2.916666302e-05,3.298610286e-10
1765,1.666666458e-05,6.944442709e-11,1.666666458e-05,6.944442709e-11
1766,2.916666302e-05,3.298610286e-10,2.916666302e-05,3.298610286e-10
1767,4.166666146e-05,5.902776302e-10,4.166666146e-05,5.902776302e-10
1768,6.249999219e-05,8.854164453e-10,6.249999219e-05,8.854164453e-10
1769,1.249999843e-05,5.208332029e-11,1.249999843e-05,5.208332029e-11
1770,0,0,0,0
1771,7.499999063e-05,1.145833047e-09,7.499999063e-05,1.145833047e-09
1772,2.083333073e-05,2.951388151e-10,2.083333073e-05,2.951388151e-10
1773,3.333332917e-05,3.819443489e-10,3.333332917e-05,3.819443489e-10
1774,7.499999063e-05,1.145833047e-09,7.499999063e-05,1.145833047e-09
1775,3.541666224e-05,3.689235189e-10,3.541666224e-05,3.689235189e-10
1776,0,0,0,0
1777,2.499999688e-05,3.124999219e-10,2.499999688e-05,3.124999219e-10
1778,6.666665834e-05,1.111110833e-09,6.666665834e-05,1.111110833e-09
1779,2.083333073e-05,2.951388151e-10,2.083333073e-05,2.951388151e-10
1780,3.333332917e-05,5.555554166e-10,3.333332917e-05,5.555554166e-10
1781,2.083333073e-05,2.951388151e-10,2.083333073e-05,2.951388151e-10
1782,4.166666145e-06,1.736110677e-11,4.166666145e-06,1.736110677e-11
1783,3.749999532e-05,5.729165234e-10,3.749999532e-05,5.729165234e-10
1784,1.249999844e-05,5.208332032e-11,1.249999844e-05,5.208332032e-11
1785,2.083333073e-05,2.951388151e-10,2.083333073e-05,2.951388151e-10
1786,4.999999375e-05,6.249998437e-10,4.999999375e-05,6.249998437e-10
1787,5.41666599e-05,6.423609505e-10,5.41666599e-05,6.423609505e-10
1788,5.833332605e-05,8.680553385e-10,5.833332605e-05,8.680553385e-10
1789,4.166666146e-05,5.902776302e-10,4.166666146e-05,5.902776302e-10
1790,2.499999688e-05,3.124999219e-10,2.499999688e-05,3.124999219e-10
1791,4.583332761e-05,6.07638737e-10,4.583332761e-05,6.07638737e-10
1792,2.916666302e-05,3.298610286e-10,2.916666302e-05,3.298610286e-10
1793,2.499999688e-05,3.124999219e-10,2.499999688e-05,3.124999219e-10
1794,8.33333229e-06,3.472221355e-11,8.33333229e-06,3.472221355e-11
1795,3.749999531e-05,3.645832418e-10,3.749999531e-05,3.645832418e-10
1796,4.166666146e-05,5.902776302e-10,4.166666146e-05,5.902776302e-10
1797,3.749999531e-05,3.645832422e-10,3.749999531e-05,3.645832422e-10
1798,2.499999688e-05,3.124999219e-10,2.499999688e-05,3.124999219e-10
1799,5.41666599e-05,8.506942317e-10,5.41666599e-05,8.506942317e-10
1800,3.333332917e-05,5.555554166e-10,3.333332917e-05,5.555554166e-10
1801,1.666666459e-05,2.777777083e-10,1.666666459e-05,2.777777083e-10
1802,2.499999688e-05,3.124999219e-10,2.499999688e-05,3.124999219e-10
1803,8.333332291e-06,3.472221354e-11,8.333332291e-06,3.472221354e-11
1804,2.499999688e-05,3.124999219e-10,2.499999688e-05,3.124999219e-10
1805,2.499999685e-05,3.124999212e-10,2.499999685e-05,3.124999212e-10
1806,3.333332917e-05,3.472221354e-10,3.333332917e-05,3.472221354e-10
1807,2.916666302e-05,3.298610286e-10,2.916666302e-05,3.298610286e-10
1808,0,0,0,0
1809,7.083332449e-05,9.201386588e-10,7.083332449e-05,9.201386588e-10
1810,7.499999063e-05,9.374997656e-10,7.499999063e-05,9.374997656e-10
1811,2.499999688e-05,3.124999218e-10,2.499999688e-05,3.124999218e-10
1812,3.333332917e-05,3.472221354e-10,3.333332917e-05,3.472221354e-10
1813,3.749999532e-05,5.729165234e-10,3.749999532e-05,5.729165234e-10
1814,6.666665834e-05,9.02777552e-10,6.666665834e-05,9.02777552e-10
1815,1.666666459e-05,2.777777083e-10,1.666666459e-05,2.777777083e-10
1816,1.666666459e-05,2.777777083e-10,1.666666459e-05,2.777777083e-10
1817,4.583332761e-05,6.07638737e-10,4.583332761e-05,6.07638737e-10
1818,2.499999688e-05,3.124999219e-10,2.499999688e-05,3.124999219e-10
1819,2.916666302e-05,3.298610286e-10,2.916666302e-05,3.298610286e-10
1820,2.916666302e-05,3.298610286e-10,2.916666302e-05,3.298610286e-10
1821,4.999999375e-05,9.374997656e-10,4.999999375e-05,9.374997656e-10
1822,8.333332291e-06,3.472221354e-11,8.333332291e-06,3.472221354e-11
1823,4.166666145e-06,1.736110676e-11,4.166666145e-06,1.736110676e-11
1824,5.41666599e-05,8.506942317e-10,5.41666599e-05,8.506942317e-10
1825,5.41666599e-05,8.506942317e-10,5.41666599e-05,8.506942317e-10
1826,8.749998907e-05,1.197916367e-09,8.749998907e-05,1.197916367e-09
1827,4.166666145e-06,1.736110677e-11,4.166666145e-06,1.736110677e-11
1828,1.666666459e-05,2.777777083e-10,1.666666459e-05,2.777777083e-10
1829,1.666666459e-05,2.777777083e-10,1.666666459e-05,2.777777083e-10
1830,5.41666599e-05,8.506942317e-10,5.41666599e-05,8.506942317e-10
1831,0,0,0,0
1832,2.499999688e-05,3.124999219e-10,2.499999688e-05,3.124999219e-10
1833,2.083333073e-05,2.951388151e-10,2.083333073e-05,2.951388151e-10
1834,2.499999688e-05,3.124999219e-10,2.499999688e-05,3.124999219e-10
1835,2.083333073e-05,2.951388151e-10,2.083333073e-05,2.951388151e-10
1836,2.499999688e-05,3.124999219e-10,2.499999688e-05,3.124999219e-10
1837,4.583332761e-05,6.07638737e-10,4.583332761e-05,6.07638737e-10
1838,6.249999219e-05,8.854164453e-10,6.249999219e-05,8.854164453e-10
1839,4.166666146e-05,5.902776302e-10,4.166666146e-05,5.902776302e-10
1840,1.666666459e-05,2.777777083e-10,1.666666459e-05,2.777777083e-10
1841,4.166666145e-06,1.736110677e-11,4.166666145e-06,1.736110677e-11
1842,4.166666146e-05,5.902776302e-10,4.166666146e-05,5.902776302e-10
1843,3.749999532e-05,5.729165234e-10,3.749999532e-05,5.729165234e-10
1844,4.583332761e-05,6.07638737e-10,4.583332761e-05,6.07638737e-10
1845,3.749999531e-05,3.645832421e-10,3.749999531e-05,3.645832421e-10
1846,5.059523178e-05,6.303144682e-10,5.059523178e-05,6.303144682e-10
1847,1.249999843e-05,5.208332032e-11,1.249999843e-05,5.208332032e-11
1848,2.083333073e-05,2.951388151e-10,2.083333073e-05,2.951388151e-10
1849,4.166666146e-05,5.902776302e-10,4.166666146e-05,5.902776302e-10
1850,3.749999532e-05,5.729165234e-10,3.749999532e-05,5.729165234e-10
1851,8.749998904e-05,1.197916366e-09,8.749998904e-05,1.197916366e-09
1852,0,0,0,0
1853,3.333332917e-05,3.472221354e-10,3.333332917e-05,3.472221354e-10
1854,4.166666145e-06,1.736110677e-11,4.166666145e-06,1.736110677e-11
1855,3.333332917e-05,5.555554166e-10,3.333332917e-05,5.555554166e-10
1856,0,0,0,0
1857,3.333332917e-05,5.555554166e-10,3.333332917e-05,5.555554166e-10
1858,5.833332605e-05,8.680553385e-10,5.833332605e-05,8.680553385e-10
1859,4.166666146e-05,5.902776302e-10,4.166666146e-05,5.902776302e-10
1860,3.124999609e-05,3.515624121e-10,3.124999609e-05,3.515624121e-10
1861,0,0,0,0
1862,5.416665989e-05,8.506942316e-10,5.416665989e-05,8.506942316e-10
1863,4.999999376e-05,6.249998437e-10,4.999999376e-05,6.249998437e-10
1864,2.499999688e-05,3.124999219e-10,2.499999688e-05,3.124999219e-10
1865,2.499999688e-05,3.124999219e-10,2.499999688e-05,3.124999219e-10
1866,0,0,0,0
1867,4.583332761e-05,6.07638737e-10,4.583332761e-05,6.07638737e-10
1868,3.333332917e-05,5.555554166e-10,3.333332917e-05,5.555554166e-10
1869,4.166666146e-06,1.736110677e-11,4.166666146e-06,1.736110677e-11
1870,9.166665521e-05,1.423610755e-09,9.166665521e-05,1.423610755e-09
1871,5.416665989e-05,6.423609502e-10,5.416665989e-05,6.423609502e-10
1872,4.166666146e-06,1.736110677e-11,4.166666146e-06,1.736110677e-11
1873,2.083333073e-05,2.951388151e-10,2.083333073e-05,2.951388151e-10
1874,4.166666146e-05,5.902776302e-10,4.166666146e-05,5.902776302e-10
1875,4.166666146e-05,5.902776301e-10,4.166666146e-05,5.902776301e-10
1876,4.583332761e-05,6.07638737e-10,4.583332761e-05,6.07638737e-10
1877,3.749999531e-05,3.993054557e-10,3.749999531e-05,3.993054557e-10
1878,2.499999688e-05,3.124999219e-10,2.499999688e-05,3.124999219e-10
1879,3.333332917e-05,5.555554166e-10,3.333332917e-05,5.555554166e-10
1880,2.499999688e-05,3.124999219e-10,2.499999688e-05,3.124999219e-10
1881,4.583332761e-05,6.07638737e-10,4.583332761e-05,6.07638737e-10
1882,2.083333073e-05,2.951388151e-10,2.083333073e-05,2.951388151e-10
1883,2.083333073e-05,2.951388151e-10,2.083333073e-05,2.951388151e-10
1884,4.166666146e-06,1.736110677e-11,4.166666146e-06,1.736110677e-11
1885,4.166666146e-06,1.736110677e-11,4.166666146e-06,1.736110677e-11
1886,4.166666146e-05,3.81944349e-10,4.166666146e-05,3.81944349e-10
1887,4.166666146e-05,5.902776302e-10,4.166666146e-05,5.902776302e-10
1888,3.888888403e-05,7.716047454e-10,3.888888403e-05,7.716047454e-10
1889,3.749999532e-05,5.729165234e-10,3.749999532e-05,5.729165234e-10
1890,3.749999532e-05,5.729165234e-10,3.749999532e-05,5.729165234e-10
1891,3.749999532e-05,5.729165234e-10,3.749999532e-05,5.729165234e-10
1892,3.749999532e-05,5.729165234e-10,3.749999532e-05,5.729165234e-10
1893,1.249999844e-05,5.208332032e-11,1.249999844e-05,5.208332032e-11
1894,4.999999376e-05,8.33333125e-10,4.999999376e-05,8.33333125e-10
1895,5.138888247e-05,6.385029268e-10,5.138888247e-05,6.385029268e-10
1896,3.74999953e-05,3.645832421e-10,3.74999953e-05,3.645832421e-10
1897,2.499999688e-05,3.124999219e-10,2.499999688e-05,3.124999219e-10
1898,1.666666458e-05,6.944442709e-11,1.666666458e-05,6.944442709e-11
1899,4.999999376e-05,8.33333125e-10,4.999999376e-05,8.33333125e-10
1900,2.499999688e-05,3.124999219e-10,2.499999688e-05,3.124999219e-10
1901,4.999999375e-05,6.249998437e-10,4.999999375e-05,6.249998437e-10
1902,2.083333073e-05,2.951388151e-10,2.083333073e-05,2.951388151e-10
1903,8.333332291e-06,3.472221354e-11,8.333332291e-06,3.472221354e-11
1904,4.166666146e-05,5.902776302e-10,4.166666146e-05,5.902776302e-10
1905,4.166666145e-06,1.736110677e-11,4.166666145e-06,1.736110677e-11
1906,5.416665987e-05,8.506942308e-10,5.416665987e-05,8.506942308e-10
1907,4.166666146e-05,5.902776302e-10,4.166666146e-05,5.902776302e-10
1908,5.833332605e-05,8.680553385e-10,5.833332605e-05,8.680553385e-10
1909,6.249999219e-05,6.77083164e-10,6.249999219e-05,6.77083164e-10
1910,4.166666145e-06,1.736110677e-11,4.166666145e-06,1.736110677e-11
1911,4.166666146e-05,5.902776302e-10,4.166666146e-05,5.902776302e-10
1912,2.499999687e-05,1.041666406e-10,2.499999687e-05,1.041666406e-10
1913,4.166666146e-05,3.81944349e-10,4.166666146e-05,3.81944349e-10
1914,5.833332605e-05,8.680553385e-10,5.833332605e-05,8.680553385e-10
1915,2.083333073e-05,2.951388151e-10,2.083333073e-05,2.951388151e-10
1916,2.083333073e-05,2.951388151e-10,2.083333073e-05,2.951388151e-10
1917,4.166666145e-06,1.736110677e-11,4.166666145e-06,1.736110677e-11
1918,3.333332917e-05,5.555554166e-10,3.333332917e-05,5.555554166e-10
1919,7.083332449e-05,1.12847194e-09,7.083332449e-05,1.12847194e-09
1920,4.166666146e-05,5.902776302e-10,4.166666146e-05,5.902776302e-10
1921,3.333332917e-05,5.555554166e-10,3.333332917e-05,5.555554166e-10
1922,4.166666145e-06,1.736110677e-11,4.166666145e-06,1.736110677e-11
1923,3.333332917e-05,5.555554166e-10,3.333332917e-05,5.555554166e-10
1924,5.833332605e-05,8.680553385e-10,5.833332605e-05,8.680553385e-10
1925,2.916666302e-05,3.298610286e-10,2.916666302e-05,3.298610286e-10
1926,1.666666459e-05,2.777777083e-10,1.666666459e-05,2.777777083e-10
1927,4.583332761e-05,6.07638737e-10,4.583332761e-05,6.07638737e-10
1928,3.333332917e-05,3.472221354e-10,3.333332917e-05,3.472221354e-10
1929,1.666666458e-05,6.944442709e-11,1.666666458e-05,6.944442709e-11
1930,3.749999531e-05,3.645832422e-10,3.749999531e-05,3.645832422e-10
1931,4.166666146e-05,5.902776302e-10,4.166666146e-05,5.902776302e-10
1932,4.166666145e-06,1.736110677e-11,4.166666145e-06,1.736110677e-11
1933,4.999999376e-05,8.33333125e-10,4.999999376e-05,8.33333125e-10
1934,2.916666302e-05,3.298610286e-10,2.916666302e-05,3.298610286e-10
1935,4.166666145e-06,1.736110677e-11,4.166666145e-06,1.736110677e-11
1936,5.833332605e-05,8.680553385e-10,5.833332605e-05,8.680553385e-10
1937,4.583332761e-05,6.07638737e-10,4.583332761e-05,6.07638737e-10
1938,4.166666146e-05,5.902776302e-10,4.166666146e-05,5.902776302e-10
1939,2.083333073e-05,2.951388151e-10,2.083333073e-05,2.951388151e-10
1940,4.166666146e-06,1.736110677e-11,4.166666146e-06,1.736110677e-11
1941,7.916665678e-05,1.163194154e-09,7.916665678e-05,1.163194154e-09
1942,6.666665833e-05,2.777777083e-09,6.666665833e-05,2.777777083e-09
1943,2.083333072e-05,8.680553386e-11,2.083333072e-05,8.680553386e-11
1944,0.0001083333198,1.701388463e-09,0.0001083333198,1.701388463e-09
1945,1.666666459e-05,2.777777083e-10,1.666666459e-05,2.777777083e-10
1946,2.916666302e-05,3.298610286e-10,2.916666302e-05,3.298610286e-10
1947,6.249999219e-05,8.854164453e-10,6.249999219e-05,8.854164453e-10
1948,7.083332449e-05,1.12847194e-09,7.083332449e-05,1.12847194e-09
1949,2.083333073e-05,8.680553387e-11,2.083333073e-05,8.680553387e-11
1950,3.749999531e-05,3.645832421e-10,3.749999531e-05,3.645832421e-10
1951,3.749999531e-05,5.729165232e-10,3.749999531e-05,5.729165232e-10
1952,4.166666146e-05,5.902776302e-10,4.166666146e-05,5.902776302e-10
1953,2.916666302e-05,3.298610286e-10,2.916666302e-05,3.298610286e-10
1954,2.083333073e-05,2.951388151e-10,2.083333073e-05,2.951388151e-10
1955,6.249999219e-05,8.854164453e-10,6.249999219e-05,8.854164453e-10
1956,2.083333073e-05,2.951388151e-10,2.083333073e-05,2.951388151e-10
1957,0.0001083333198,1.701388463e-09,0.0001083333198,1.701388463e-09
1958,7.499999063e-05,1.145833047e-09,7.499999063e-05,1.145833047e-09
1959,3.749999532e-05,5.729165234e-10,3.749999532e-05,5.729165234e-10
1960,4.166666145e-06,1.736110677e-11,4.166666145e-06,1.736110677e-11
1961,3.749999532e-05,5.729165234e-10,3.749999532e-05,5.729165234e-10
1962,4.999999376e-05,8.33333125e-10,4.999999376e-05,8.33333125e-10
1963,2.083333073e-05,2.951388151e-10,2.083333073e-05,2.951388151e-10
1964,2.083333073e-05,2.951388151e-10,2.083333073e-05,2.951388151e-10
1965,4.166666145e-06,1.736110677e-11,4.166666145e-06,1.736110677e-11
1966,7.916665678e-05,1.163194154e-09,7.916665678e-05,1.163194154e-09
1967,8.33333229e-06,3.472221355e-11,8.33333229e-06,3.472221355e-11
1968,2.083333073e-05,2.951388151e-10,2.083333073e-05,2.951388151e-10
1969,1.666666459e-05,2.777777083e-10,1.666666459e-05,2.777777083e-10
1970,2.083333073e-05,2.951388151e-10,2.083333073e-05,2.951388151e-10
1971,2.083333073e-05,2.951388151e-10,2.083333073e-05,2.951388151e-10
1972,2.499999687e-05,3.124999219e-10,2.499999687e-05,3.124999219e-10
1973,5.833332605e-05,8.680553385e-10,5.833332605e-05,8.680553385e-10
1974,0,0,0,0
1975,2.499999688e-05,3.124999219e-10,2.499999688e-05,3.124999219e-10
1976,4.166666145e-06,1.736110677e-11,4.166666145e-06,1.736110677e-11
1977,8.33333229e-06,3.472221355e-11,8.33333229e-06,3.472221355e-11
1978,3.333332917e-05,5.555554166e-10,3.333332917e-05,5.555554166e-10
1979,5.41666599e-05,8.506942317e-10,5.41666599e-05,8.506942317e-10
1980,2.499999688e-05,3.124999219e-10,2.499999688e-05,3.124999219e-10
1981,2.499999688e-05,3.124999219e-10,2.499999688e-05,3.124999219e-10
1982,2.916666302e-05,3.298610286e-10,2.916666302e-05,3.298610286e-10
1983,0,0,0,0
1984,2.083333073e-05,2.951388151e-10,2.083333073e-05,2.951388151e-10
1985,2.499999688e-05,3.124999219e-10,2.499999688e-05,3.124999219e-10
1986,1.666666458e-05,6.944442708e-11,1.666666458e-05,6.944442708e-11
1987,4.166666146e-05,5.902776302e-10,4.166666146e-05,5.902776302e-10
1988,3.333332917e-05,5.555554166e-10,3.333332917e-05,5.555554166e-10
1989,5.416665988e-05,8.506942312e-10,5.416665988e-05,8.506942312e-10
1990,4.166666146e-05,3.81944349e-10,4.166666146e-05,3.81944349e-10
1991,2.499999688e-05,3.124999219e-10,2.499999688e-05,3.124999219e-10
1992,2.083333073e-05,2.951388151e-10,2.083333073e-05,2.951388151e-10
1993,1.249999844e-05,5.208332032e-11,1.249999844e-05,5.208332032e-11
1994,4.166666146e-05,5.902776302e-10,4.166666146e-05,5.902776302e-10
1995,5.41666599e-05,8.506942317e-10,5.41666599e-05,8.506942317e-10
1996,7.083332449e-05,9.201386588e-10,7.083332449e-05,9.201386588e-10
1997,1.249999844e-05,5.208332032e-11,1.249999844e-05,5.208332032e-11
1998,6.666665833e-05,9.02777552e-10,6.666665833e-05,9.02777552e-10
1999,2.916666302e-05,3.298610286e-10,2.916666302e-05,3.298610286e-10
2000,2.083333073e-05,2.951388151e-10,2.083333073e-05,2.951388151e-10
2001,6.666665834e-05,1.111110833e-09,6.666665834e-05,1.111110833e-09
2002,2.499999688e-05,3.124999219e-10,2.499999688e-05,3.124999219e-10
2003,2.499999687e-05,1.041666406e-10,2.499999687e-05,1.041666406e-10
2004,5.41666599e-05,8.506942317e-10,5.41666599e-05,8.506942317e-10
2005,8.333332291e-06,3.472221354e-11,8.333332291e-06,3.472221354e-11
2006,3.333332917e-05,3.472221354e-10,3.333332917e-05,3.472221354e-10
2007,8.333332291e-06,3.472221354e-11,8.333332291e-06,3.472221354e-11
2008,1.249999844e-05,5.208332032e-11,1.249999844e-05,5.208332032e-11
2009,3.333332917e-05,3.472221354e-10,3.333332917e-05,3.472221354e-10
2010,4.583332761e-05,6.07638737e-10,4.583332761e-05,6.07638737e-10
2011,2.916666302e-05,3.298610286e-10,2.916666302e-05,3.298610286e-10
2012,3.749999532e-05,5.729165234e-10,3.749999532e-05,5.729165234e-10
2013,4.166666146e-05,5.902776302e-10,4.166666146e-05,5.902776302e-10
2014,8.333332291e-06,3.472221354e-11,8.333332291e-06,3.472221354e-11
2015,4.166666146e-05,5.902776302e-10,4.166666146e-05,5.902776302e-10
2016,1.249999844e-05,5.208332031e-11,1.249999844e-05,5.208332031e-11
2017,3.749999532e-05,5.729165234e-10,3.749999532e-05,5.729165234e-10
2018,2.499999688e-05,3.124999219e-10,2.499999688e-05,3.124999219e-10
2019,5.833332605e-05,8.680553385e-10,5.833332605e-05,8.680553385e-10
2020,2.499999688e-05,3.124999219e-10,2.499999688e-05,3.124999219e-10
2021,0,0,0,0
2022,1.249999844e-05,5.208332031e-11,1.249999844e-05,5.208332031e-11
2023,5.833332605e-05,8.680553385e-10,5.833332605e-05,8.680553385e-10
2024,1.249999844e-05,5.208332032e-11,1.249999844e-05,5.208332032e-11
2025,2.499999688e-05,3.124999219e-10,2.499999688e-05,3.124999219e-10
2026,6.666665834e-05,1.111110833e-09,6.666665834e-05,1.111110833e-09
2027,4.999999376e-05,8.33333125e-10,4.999999376e-05,8.33333125e-10
2028,6.249999219e-05,8.854164453e-10,6.249999219e-05,8.854164453e-10
2029,8.33333229e-06,3.472221355e-11,8.33333229e-06,3.472221355e-11
2030,2.083333073e-05,2.951388151e-10,2.083333073e-05,2.951388151e-10
2031,4.166666145e-06,1.736110677e-11,4.166666145e-06,1.736110677e-11
2032,0,0,0,0
2033,2.499999688e-05,3.124999219e-10,2.499999688e-05,3.124999219e-10
2034,7.916665678e-05,1.163194154e-09,7.916665678e-05,1.163194154e-09
2035,2.916666302e-05,3.298610286e-10,2.916666302e-05,3.298610286e-10
2036,1.666666459e-05,2.777777083e-10,1.666666459e-05,2.777777083e-10
2037,1.249999844e-05,5.208332032e-11,1.249999844e-05,5.208332032e-11
2038,4.166666146e-05,5.902776302e-10,4.166666146e-05,5.902776302e-10
2039,2.499999687e-05,1.041666406e-10,2.499999687e-05,1.041666406e-10
2040,2.083333073e-05,2.951388151e-10,2.083333073e-05,2.951388151e-10
2041,2.499999688e-05,3.124999219e-10,2.499999688e-05,3.124999219e-10
2042,5.833332605e-05,8.680553385e-10,5.833332605e-05,8.680553385e-10
2043,1.666666459e-05,2.777777083e-10,1.666666459e-05,2.777777083e-10
2044,4.166666146e-06,1.736110677e-11,4.166666146e-06,1.736110677e-11
2045,3.749999532e-05,5.729165234e-10,3.749999532e-05,5.729165234e-10
2046,2.499999688e-05,3.124999219e-10,2.499999688e-05,3.124999219e-10
2047,7.499999063e-05,9.374997656e-10,7.499999063e-05,9.374997656e-10
2048,1.666666458e-05,6.944442709e-11,1.666666458e-05,6.944442709e-11
2049,2.083333073e-05,2.951388151e-10,2.083333073e-05,2.951388151e-10
2050,2.916666302e-05,3.298610286e-10,2.916666302e-05,3.298610286e-10
2051,4.166666146e-05,5.902776302e-10,4.166666146e-05,5.902776302e-10
2052,4.166666146e-05,5.902776302e-10,4.166666146e-05,5.902776302e-10
2053,5.41666599e-05,8.506942317e-10,5.41666599e-05,8.506942317e-10
2054,4.166666146e-05,5.902776302e-10,4.166666146e-05,5.902776302e-10
2055,3.749999532e-05,5.729165234e-10,3.749999532e-05,5.729165234e-10
2056,1.249999844e-05,5.208332031e-11,1.249999844e-05,5.208332031e-11
2057,2.083333073e-05,2.951388151e-10,2.083333073e-05,2.951388151e-10
2058,2.083333073e-05,2.951388151e-10,2.083333073e-05,2.951388151e-10
2059,3.749999532e-05,5.729165234e-10,3.749999532e-05,5.729165234e-10
2060,6.249999219e-05,8.854164453e-10,6.249999219e-05,8.854164453e-10
2061,4.166666145e-06,1.736110677e-11,4.166666145e-06,1.736110677e-11
2062,8.33333229e-06,3.472221355e-11,8.33333229e-06,3.472221355e-11
2063,2.916666302e-05,3.298610286e-10,2.916666302e-05,3.298610286e-10
2064,4.166666146e-05,5.902776302e-10,4.166666146e-05,5.902776302e-10
2065,2.499999688e-05,3.124999219e-10,2.499999688e-05,3.124999219e-10
2066,2.083333073e-05,2.951388151e-10,2.083333073e-05,2.951388151e-10
2067,1.249999844e-05,5.208332032e-11,1.249999844e-05,5.208332032e-11
2068,5.833332605e-05,8.680553385e-10,5.833332605e-05,8.680553385e-10
2069,5.41666599e-05,8.506942317e-10,5.41666599e-05,8.506942317e-10
2070,2.083333073e-05,2.951388151e-10,2.083333073e-05,2.951388151e-10
2071,4.583332761e-05,6.07638737e-10,4.583332761e-05,6.07638737e-10
2072,7.083332447e-05,1.684027356e-09,7.083332447e-05,1.684027356e-09
2073,3.333332917e-05,3.472221354e-10,3.333332917e-05,3.472221354e-10
2074,4.583332761e-05,6.07638737e-10,4.583332761e-05,6.07638737e-10
2075,5.833332605e-05,8.680553385e-10,5.833332605e-05,8.680553385e-10
2076,3.61111066e-05,8.063269588e-10,3.61111066e-05,8.063269588e-10
2077,1.249999843e-05,5.208332032e-11,1.249999843e-05,5.208332032e-11
2078,8.333332293e-06,3.472221355e-11,8.333332293e-06,3.472221355e-11
2079,2.083333073e-05,2.951388151e-10,2.083333073e-05,2.951388151e-10
2080,4.166666146e-05,5.902776302e-10,4.166666146e-05,5.902776302e-10
2081,4.999999376e-05,8.33333125e-10,4.999999376e-05,8.33333125e-10
2082,7.083332449e-05,1.12847194e-09,7.083332449e-05,1.12847194e-09
2083,4.166666145e-06,1.736110677e-11,4.166666145e-06,1.736110677e-11
2084,3.749999532e-05,5.729165234e-10,3.749999532e-05,5.729165234e-10
2085,5.41666599e-05,8.506942317e-10,5.41666599e-05,8.506942317e-10
2086,2.499999688e-05,3.124999219e-10,2.499999688e-05,3.124999219e-10
2087,2.499999688e-05,3.124999219e-10,2.499999688e-05,3.124999219e-10
2088,5.833332605e-05,8.680553385e-10,5.833332605e-05,8.680553385e-10
2089,2.083333073e-05,2.951388151e-10,2.083333073e-05,2.951388151e-10
2090,1.666666458e-05,6.944442709e-11,1.666666458e-05,6.944442709e-11
2091,3.333332917e-05,3.472221354e-10,3.333332917e-05,3.472221354e-10
2092,3.749999531e-05,3.645832422e-10,3.749999531e-05,3.645832422e-10
2093,0.000112499986,1.71874957e-09,0.000112499986,1.71874957e-09
2094,2.499999688e-05,3.124999219e-10,2.499999688e-05,3.124999219e-10
2095,4.166666145e-06,1.736110677e-11,4.166666145e-06,1.736110677e-11
2096,3.333332916e-05,1.388888542e-10,3.333332916e-05,1.388888542e-10
2097,4.166666146e-06,1.736110677e-11,4.166666146e-06,1.736110677e-11
2098,4.583332761e-05,6.07638737e-10,4.583332761e-05,6.07638737e-10
2099,4.999999376e-05,8.33333125e-10,4.999999376e-05,8.33333125e-10
2100,5.416665989e-05,9.548608718e-10,5.416665989e-05,9.548608718e-10
2101,5.41666599e-05,6.423609505e-10,5.41666599e-05,6.423609505e-10
2102,1.666666458e-05,6.944442709e-11,1.666666458e-05,6.944442709e-11
2103,1.666666459e-05,2.777777083e-10,1.666666459e-05,2.777777083e-10
2104,4.166666146e-05,5.902776302e-10,4.166666146e-05,5.902776302e-10
2105,4.166666146e-05,5.902776302e-10,4.166666146e-05,5.902776302e-10
2106,2.916666302e-05,3.298610286e-10,2.916666302e-05,3.298610286e-10
2107,8.333332292e-05,1.18055526e-09,8.333332292e-05,1.18055526e-09
2108,5.833332605e-05,8.680553385e-10,5.833332605e-05,8.680553385e-10
2109,2.083333073e-05,2.951388151e-10,2.083333073e-05,2.951388151e-10
2110,7.083332449e-05,1.12847194e-09,7.083332449e-05,1.12847194e-09
2111,2.499999688e-05,3.124999219e-10,2.499999688e-05,3.124999219e-10
2112,1.249999844e-05,5.208332032e-11,1.249999844e-05,5.208332032e-11
2113,4.166666146e-05,5.902776302e-10,4.166666146e-05,5.902776302e-10
2114,3.333332917e-05,3.472221354e-10,3.333332917e-05,3.472221354e-10
2115,4.166666145e-06,1.736110677e-11,4.166666145e-06,1.736110677e-11
2116,1.666666459e-05,2.777777083e-10,1.666666459e-05,2.777777083e-10
2117,3.749999532e-05,5.729165234e-10,3.749999532e-05,5.729165234e-10
2118,6.249999219e-05,8.854164453e-10,6.249999219e-05,8.854164453e-10
2119,2.499999688e-05,3.124999219e-10,2.499999688e-05,3.124999219e-10
2120,6.249999219e-05,8.854164453e-10,6.249999219e-05,8.854164453e-10
2121,1.666666459e-05,2.777777083e-10,1.666666459e-05,2.777777083e-10
2122,2.083333073e-05,2.951388151e-10,2.083333073e-05,2.951388151e-10
2123,0,0,0,0
2124,0,0,0,0
2125,5.208332683e-05,6.467012272e-10,5.208332683e-05,6.467012272e-10
2126,3.749999532e-05,5.729165234e-10,3.749999532e-05,5.729165234e-10
2127,4.166666145e-06,1.736110677e-11,4.166666145e-06,1.736110677e-11
2128,2.499999688e-05,3.124999219e-10,2.499999688e-05,3.124999219e-10
2129,7.916665678e-05,1.163194154e-09,7.916665678e-05,1.163194154e-09
2130,7.916665678e-05,1.163194154e-09,7.916665678e-05,1.163194154e-09
2131,8.33333229e-06,3.472221355e-11,8.33333229e-06,3.472221355e-11
2132,2.083333073e-05,2.951388151e-10,2.083333073e-05,2.951388151e-10
2133,3.333332917e-05,3.472221354e-10,3.333332917e-05,3.472221354e-10
2134,5.833332605e-05,8.680553385e-10,5.833332605e-05,8.680553385e-10
2135,1.666666459e-05,2.777777083e-10,1.666666459e-05,2.777777083e-10
2136,4.583332761e-05,6.07638737e-10,4.583332761e-05,6.07638737e-10
2137,2.916666302e-05,3.298610286e-10,2.916666302e-05,3.298610286e-10
2138,1.666666459e-05,2.777777083e-10,1.666666459e-05,2.777777083e-10
2139,2.499999688e-05,3.124999219e-10,2.499999688e-05,3.124999219e-10
2140,4.166666145e-06,1.736110677e-11,4.166666145e-06,1.736110677e-11
2141,4.999999376e-05,8.33333125e-10,4.999999376e-05,8.33333125e-10
2142,4.166666145e-06,1.736110677e-11,4.166666145e-06,1.736110677e-11
2143,2.499999687e-05,1.388888542e-10,2.499999687e-05,1.388888542e-10
2144,4.166666145e-06,1.736110677e-11,4.166666145e-06,1.736110677e-11
2145,2.083333073e-05,2.951388151e-10,2.083333073e-05,2.951388151e-10
2146,2.916666302e-05,3.298610286e-10,2.916666302e-05,3.298610286e-10
2147,4.166666146e-05,5.902776302e-10,4.166666146e-05,5.902776302e-10
2148,2.499999687e-05,1.041666406e-10,2.499999687e-05,1.041666406e-10
2149,7.083332449e-05,1.12847194e-09,7.083332449e-05,1.12847194e-09
2150,2.499999688e-05,3.124999219e-10,2.499999688e-05,3.124999219e-10
2151,1.666666458e-05,6.944442709e-11,1.666666458e-05,6.944442709e-11
2152,4.166666145e-06,1.736110677e-11,4.166666145e-06,1.736110677e-11
2153,8.333332291e-06,3.472221354e-11,8.333332291e-06,3.472221354e-11
2154,8.333332293e-06,3.472221355e-11,8.333332293e-06,3.472221355e-11
2155,5.41666599e-05,8.506942317e-10,5.41666599e-05,8.506942317e-10
2156,3.749999532e-05,5.729165234e-10,3.749999532e-05,5.729165234e-10
2157,5.41666599e-05,6.423609505e-10,5.41666599e-05,6.423609505e-10
2158,2.083333073e-05,2.951388151e-10,2.083333073e-05,2.951388151e-10
2159,1.666666459e-05,2.777777083e-10,1.666666459e-05,2.777777083e-10
2160,8.333332292e-05,1.18055526e-09,8.333332292e-05,1.18055526e-09
2161,3.749999532e-05,5.729165234e-10,3.749999532e-05,5.729165234e-10
2162,4.999999375e-05,6.249998437e-10,4.999999375e-05,6.249998437e-10
2163,5.833332605e-05,8.680553385e-10,5.833332605e-05,8.680553385e-10
2164,7.499999063e-05,1.145833047e-09,7.499999063e-05,1.145833047e-09
2165,2.499999688e-05,3.124999219e-10,2.499999688e-05,3.124999219e-10
2166,4.999999375e-05,6.249998437e-10,4.999999375e-05,6.249998437e-10
2167,1.666666459e-05,2.777777083e-10,1.666666459e-05,2.777777083e-10
2168,2.083333073e-05,2.951388151e-10,2.083333073e-05,2.951388151e-10
2169,5.833332605e-05,8.680553385e-10,5.833332605e-05,8.680553385e-10
2170,2.083333073e-05,2.951388151e-10,2.083333073e-05,2.951388151e-10
2171,1.666666459e-05,2.777777083e-10,1.666666459e-05,2.777777083e-10
2172,3.749999532e-05,5.729165234e-10,3.749999532e-05,5.729165234e-10
2173,1.666666458e-05,6.944442709e-11,1.666666458e-05,6.944442709e-11
2174,4.444443887e-05,1.049382453e-09,4.444443887e-05,1.049382453e-09
2175,1.249999843e-05,5.208332032e-11,1.249999843e-05,5.208332032e-11
2176,1.666666459e-05,2.777777083e-10,1.666666459e-05,2.777777083e-10
2177,0,0,0,0
2178,4.166666146e-06,1.736110677e-11,4.166666146e-06,1.736110677e-11
2179,3.749999532e-05,5.729165234e-10,3.749999532e-05,5.729165234e-10
2180,1.666666458e-05,6.944442709e-11,1.666666458e-05,6.944442709e-11
2181,4.583332761e-05,6.07638737e-10,4.583332761e-05,6.07638737e-10
2182,1.666666459e-05,2.777777083e-10,1.666666459e-05,2.777777083e-10
2183,7.083332448e-05,9.201386588e-10,7.083332448e-05,9.201386588e-10
2184,0,0,0,0
2185,4.583332761e-05,6.07638737e-10,4.583332761e-05,6.07638737e-10
2186,6.666665833e-05,1.111110833e-09,6.666665833e-05,1.111110833e-09
2187,0,0,0,0
2188,2.499999688e-05,3.124999219e-10,2.499999688e-05,3.124999219e-10
2189,1.666666459e-05,2.777777083e-10,1.666666459e-05,2.777777083e-10
2190,4.999999376e-05,8.33333125e-10,4.999999376e-05,8.33333125e-10
2191,1.666666459e-05,2.777777083e-10,1.666666459e-05,2.777777083e-10
2192,5.41666599e-05,6.770831641e-10,5.41666599e-05,6.770831641e-10
2193,1.666666459e-05,2.777777083e-10,1.666666459e-05,2.777777083e-10
2194,2.083333073e-05,2.951388151e-10,2.083333073e-05,2.951388151e-10
2195,6.666665834e-05,9.02777552e-10,6.666665834e-05,9.02777552e-10
2196,0,0,0,0
2197,5.833332605e-05,8.680553385e-10,5.833332605e-05,8.680553385e-10
2198,3.333332917e-05,3.472221354e-10,3.333332917e-05,3.472221354e-10
2199,3.749999532e-05,5.729165234e-10,3.749999532e-05,5.729165234e-10
2200,1.249999844e-05,5.208332032e-11,1.249999844e-05,5.208332032e-11
2201,2.083333073e-05,2.951388151e-10,2.083333073e-05,2.951388151e-10
2202,6.249999218e-05,8.854164453e-10,6.249999218e-05,8.854164453e-10
2203,2.083333073e-05,2.951388151e-10,2.083333073e-05,2.951388151e-10
2204,1.666666457e-05,2.777777079e-10,1.666666457e-05,2.777777079e-10
2205,4.583332761e-05,6.07638737e-10,4.583332761e-05,6.07638737e-10
2206,8.333332293e-06,3.472221355e-11,8.333332293e-06,3.472221355e-11
2207,2.083333073e-05,2.951388151e-10,2.083333073e-05,2.951388151e-10
2208,4.999999375e-05,6.249998437e-10,4.999999375e-05,6.249998437e-10
2209,2.499999686e-05,3.124999214e-10,2.499999686e-05,3.124999214e-10
2210,4.166666146e-05,5.902776302e-10,4.166666146e-05,5.902776302e-10
2211,2.499999688e-05,3.124999219e-10,2.499999688e-05,3.124999219e-10
2212,7.499999062e-05,1.145833047e-09,7.499999062e-05,1.145833047e-09
2213,1.249999843e-05,5.208332032e-11,1.249999843e-05,5.208332032e-11
2214,7.916665678e-05,1.163194154e-09,7.916665678e-05,1.163194154e-09
2215,5.833332605e-05,8.680553385e-10,5.833332605e-05,8.680553385e-10
2216,4.999999375e-05,6.249998437e-10,4.999999375e-05,6.249998437e-10
2217,5.833332605e-05,8.680553385e-10,5.833332605e-05,8.680553385e-10
2218,1.666666459e-05,2.777777083e-10,1.666666459e-05,2.777777083e-10
2219,4.166666145e-06,1.736110677e-11,4.166666145e-06,1.736110677e-11
2220,1.249999844e-05,5.208332032e-11,1.249999844e-05,5.208332032e-11
2221,1.666666459e-05,2.777777083e-10,1.666666459e-05,2.777777083e-10
2222,8.333332293e-06,3.472221355e-11,8.333332293e-06,3.472221355e-11
2223,6.249999219e-05,8.854164453e-10,6.249999219e-05,8.854164453e-10
2224,2.916666302e-05,3.298610286e-10,2.916666302e-05,3.298610286e-10
2225,2.083333073e-05,2.951388151e-10,2.083333073e-05,2.951388151e-10
2226,4.166666145e-06,1.736110677e-11,4.166666145e-06,1.736110677e-11
2227,6.041665912e-05,8.89756722e-10,6.041665912e-05,8.89756722e-10
2228,2.499999688e-05,3.124999219e-10,2.499999688e-05,3.124999219e-10
2229,2.083333073e-05,2.951388151e-10,2.083333073e-05,2.951388151e-10
2230,3.333332917e-05,5.555554166e-10,3.333332917e-05,5.555554166e-10
2231,4.166666146e-05,5.902776302e-10,4.166666146e-05,5.902776302e-10
2232,4.999999375e-05,6.249998437e-10,4.999999375e-05,6.249998437e-10
2233,2.499999688e-05,3.124999219e-10,2.499999688e-05,3.124999219e-10
2234,4.999999376e-05,8.33333125e-10,4.999999376e-05,8.33333125e-10
2235,4.166666146e-06,1.736110677e-11,4.166666146e-06,1.736110677e-11
2236,3.333332917e-05,5.555554166e-10,3.333332917e-05,5.555554166e-10
2237,3.749999532e-05,5.729165234e-10,3.749999532e-05,5.729165234e-10
2238,4.166666146e-05,5.902776302e-10,4.166666146e-05,5.902776302e-10
2239,3.749999532e-05,5.729165234e-10,3.749999532e-05,5.729165234e-10
2240,4.166666146e-05,5.902776302e-10,4.166666146e-05,5.902776302e-10
2241,1.249999844e-05,5.208332032e-11,1.249999844e-05,5.208332032e-11
2242,2.083333073e-05,2.951388151e-10,2.083333073e-05,2.951388151e-10
2243,0,0,0,0
2244,8.33333229e-06,3.472221355e-11,8.33333229e-06,3.472221355e-11
2245,4.166666146e-05,5.902776302e-10,4.166666146e-05,5.902776302e-10
2246,3.749999532e-05,5.729165234e-10,3.749999532e-05,5.729165234e-10
2247,2.499999688e-05,3.124999219e-10,2.499999688e-05,3.124999219e-10
2248,0,0,0,0
2249,6.249999219e-05,8.854164453e-10,6.249999219e-05,8.854164453e-10
2250,2.083333073e-05,2.951388151e-10,2.083333073e-05,2.951388151e-10
2251,0,0,0,0
2252,4.166666146e-05,5.902776302e-10,4.166666146e-05,5.902776302e-10
2253,2.083333073e-05,2.951388151e-10,2.083333073e-05,2.951388151e-10
2254,3.749999532e-05,5.729165234e-10,3.749999532e-05,5.729165234e-10
2255,2.916666302e-05,3.298610286e-10,2.916666302e-05,3.298610286e-10
2256,8.33333229e-06,3.472221355e-11,8.33333229e-06,3.472221355e-11
2257,8.33333229e-06,3.472221355e-11,8.33333229e-06,3.472221355e-11
2258,1.666666459e-05,2.777777083e-10,1.666666459e-05,2.777777083e-10
2259,8.333332291e-06,3.472221354e-11,8.333332291e-06,3.472221354e-11
2260,2.083333073e-05,2.951388151e-10,2.083333073e-05,2.951388151e-10
2261,4.999999375e-05,6.249998437e-10,4.999999375e-05,6.249998437e-10
2262,4.166666145e-06,1.736110677e-11,4.166666145e-06,1.736110677e-11
2263,4.166666145e-06,1.736110677e-11,4.166666145e-06,1.736110677e-11
2264,5.833332605e-05,8.680553385e-10,5.833332605e-05,8.680553385e-10
2265,5.41666599e-05,8.506942317e-10,5.41666599e-05,8.506942317e-10
2266,6.666665834e-05,1.458332969e-09,6.666665834e-05,1.458332969e-09
2267,1.666666457e-05,2.777777079e-10,1.666666457e-05,2.777777079e-10
2268,0,0,0,0
2269,2.916666302e-05,3.298610286e-10,2.916666302e-05,3.298610286e-10
2270,2.916666302e-05,3.298610286e-10,2.916666302e-05,3.298610286e-10
2271,3.749999532e-05,5.729165234e-10,3.749999532e-05,5.729165234e-10
2272,5.41666599e-05,8.506942317e-10,5.41666599e-05,8.506942317e-10
2273,4.166666145e-06,1.736110677e-11,4.166666145e-06,1.736110677e-11
2274,7.083332449e-05,1.12847194e-09,7.083332449e-05,1.12847194e-09
2275,2.499999688e-05,3.124999219e-10,2.499999688e-05,3.124999219e-10
2276,4.999999376e-05,8.33333125e-10,4.999999376e-05,8.33333125e-10
2277,2.916666302e-05,3.298610286e-10,2.916666302e-05,3.298610286e-10
2278,3.749999532e-05,5.729165234e-10,3.749999532e-05,5.729165234e-10
2279,4.999999375e-05,6.249998437e-10,4.999999375e-05,6.249998437e-10
2280,4.999999375e-05,6.249998437e-10,4.999999375e-05,6.249998437e-10
2281,2.499999688e-05,3.124999219e-10,2.499999688e-05,3.124999219e-10
2282,1.666666459e-05,2.777777083e-10,1.666666459e-05,2.777777083e-10
2283,3.749999532e-05,5.729165234e-10,3.749999532e-05,5.729165234e-10
2284,4.999999376e-05,8.33333125e-10,4.999999376e-05,8.33333125e-10
2285,4.583332761e-05,6.07638737e-10,4.583332761e-05,6.07638737e-10
2286,0,0,0,0
2287,2.083333073e-05,2.951388151e-10,2.083333073e-05,2.951388151e-10
2288,4.166666145e-06,1.736110677e-11,4.166666145e-06,1.736110677e-11
2289,2.916666302e-05,3.298610286e-10,2.916666302e-05,3.298610286e-10
2290,3.749999532e-05,5.729165234e-10,3.749999532e-05,5.729165234e-10
2291,1.666666459e-05,2.777777083e-10,1.666666459e-05,2.777777083e-10
2292,3.333332917e-05,5.555554166e-10,3.333332917e-05,5.555554166e-10
2293,2.499999688e-05,3.124999219e-10,2.499999688e-05,3.124999219e-10
2294,4.166666146e-06,1.736110677e-11,4.166666146e-06,1.736110677e-11
2295,3.749999531e-05,3.645832422e-10,3.749999531e-05,3.645832422e-10
2296,2.499999688e-05,3.124999219e-10,2.499999688e-05,3.124999219e-10
2297,4.166666146e-05,5.902776302e-10,4.166666146e-05,5.902776302e-10
2298,4.583332761e-05,6.07638737e-10,4.583332761e-05,6.07638737e-10
2299,4.166666146e-06,1.736110677e-11,4.166666146e-06,1.736110677e-11
2300,3.749999532e-05,5.729165234e-10,3.749999532e-05,5.729165234e-10
2301,2.083333073e-05,2.951388151e-10,2.083333073e-05,2.951388151e-10
2302,1.249999843e-05,5.208332032e-11,1.249999843e-05,5.208332032e-11
2303,0.0001083333198,1.805555104e-09,0.0001083333198,1.805555104e-09
2304,1.249999844e-05,5.208332032e-11,1.249999844e-05,5.208332032e-11
2305,2.083333073e-05,2.951388151e-10,2.083333073e-05,2.951388151e-10
2306,8.33333229e-06,3.472221355e-11,8.33333229e-06,3.472221355e-11
2307,8.333332291e-06,3.472221354e-11,8.333332291e-06,3.472221354e-11
2308,1.666666459e-05,2.777777083e-10,1.666666459e-05,2.777777083e-10
2309,1.666666459e-05,2.777777083e-10,1.666666459e-05,2.777777083e-10
2310,4.166666145e-06,1.736110677e-11,4.166666145e-06,1.736110677e-11
2311,6.458332526e-05,9.071178287e-10,6.458332526e-05,9.071178287e-10
2312,3.749999532e-05,5.729165234e-10,3.749999532e-05,5.729165234e-10
2313,6.666665834e-05,9.02777552e-10,6.666665834e-05,9.02777552e-10
2314,0,0,0,0
2315,2.083333073e-05,2.951388151e-10,2.083333073e-05,2.951388151e-10
2316,2.916666302e-05,3.298610286e-10,2.916666302e-05,3.298610286e-10
2317,6.041665912e-05,7.855900814e-10,6.041665912e-05,7.855900814e-10
2318,2.083333073e-05,2.951388151e-10,2.083333073e-05,2.951388151e-10
2319,3.749999532e-05,5.729165234e-10,3.749999532e-05,5.729165234e-10
2320,1.666666459e-05,2.777777083e-10,1.666666459e-05,2.777777083e-10
2321,5.41666599e-05,6.423609505e-10,5.41666599e-05,6.423609505e-10
2322,2.083333073e-05,2.951388151e-10,2.083333073e-05,2.951388151e-10
2323,8.333332291e-06,3.472221354e-11,8.333332291e-06,3.472221354e-11
2324,0,0,0,0
2325,3.749999532e-05,5.729165234e-10,3.749999532e-05,5.729165234e-10
2326,8.333332293e-06,3.472221355e-11,8.333332293e-06,3.472221355e-11
2327,6.666665833e-05,9.02777552e-10,6.666665833e-05,9.02777552e-10
2328,2.083333073e-05,2.951388151e-10,2.083333073e-05,2.951388151e-10
2329,1.666666458e-05,1.041666406e-10,1.666666458e-05,1.041666406e-10
2330,4.166666145e-06,1.736110675e-11,4.166666145e-06,1.736110675e-11
2331,3.749999532e-05,5.729165234e-10,3.749999532e-05,5.729165234e-10
2332,4.999999376e-05,8.33333125e-10,4.999999376e-05,8.33333125e-10
2333,1.666666459e-05,2.777777083e-10,1.666666459e-05,2.777777083e-10
2334,8.333332291e-06,3.472221354e-11,8.333332291e-06,3.472221354e-11
2335,2.083333073e-05,2.951388151e-10,2.083333073e-05,2.951388151e-10
2336,4.166666146e-06,1.736110677e-11,4.166666146e-06,1.736110677e-11
2337,4.166666146e-05,5.902776302e-10,4.166666146e-05,5.902776302e-10
2338,2.499999688e-05,3.124999219e-10,2.499999688e-05,3.124999219e-10
2339,5.833332605e-05,8.680553385e-10,5.833332605e-05,8.680553385e-10
2340,2.916666302e-05,3.298610286e-10,2.916666302e-05,3.298610286e-10
2341,4.166666146e-06,1.736110676e-11,4.166666146e-06,1.736110676e-11
2342,2.083333073e-05,2.951388151e-10,2.083333073e-05,2.951388151e-10
2343,1.666666459e-05,2.777777083e-10,1.666666459e-05,2.777777083e-10
2344,3.749999532e-05,5.729165234e-10,3.749999532e-05,5.729165234e-10
2345,2.083333073e-05,2.951388151e-10,2.083333073e-05,2.951388151e-10
2346,5.416665989e-05,8.506942317e-10,5.416665989e-05,8.506942317e-10
2347,2.916666302e-05,3.298610286e-10,2.916666302e-05,3.298610286e-10
2348,5.41666599e-05,8.506942317e-10,5.41666599e-05,8.506942317e-10
2349,2.499999688e-05,3.124999219e-10,2.499999688e-05,3.124999219e-10
2350,3.333332917e-05,5.555554166e-10,3.333332917e-05,5.555554166e-10
2351,3.749999532e-05,5.729165234e-10,3.749999532e-05,5.729165234e-10
2352,3.749999532e-05,5.729165234e-10,3.749999532e-05,5.729165234e-10
2353,2.499999688e-05,3.124999219e-10,2.499999688e-05,3.124999219e-10
2354,8.333332291e-06,3.472221354e-11,8.333332291e-06,3.472221354e-11
2355,2.916666302e-05,3.298610286e-10,2.916666302e-05,3.298610286e-10
2356,3.749999532e-05,3.645832422e-10,3.749999532e-05,3.645832422e-10
2357,4.166666145e-06,1.736110677e-11,4.166666145e-06,1.736110677e-11
2358,3.749999532e-05,5.729165234e-10,3.749999532e-05,5.729165234e-10
2359,6.249999219e-05,8.854164453e-10,6.249999219e-05,8.854164453e-10
2360,4.166666145e-06,1.736110677e-11,4.166666145e-06,1.736110677e-11
2361,8.333332291e-06,3.472221354e-11,8.333332291e-06,3.472221354e-11
2362,2.083333073e-05,2.951388151e-10,2.083333073e-05,2.951388151e-10
2363,1.249999843e-05,5.208332032e-11,1.249999843e-05,5.208332032e-11
2364,4.999999376e-05,8.33333125e-10,4.999999376e-05,8.33333125e-10
2365,1.666666459e-05,2.777777083e-10,1.666666459e-05,2.777777083e-10
2366,3.749999532e-05,5.729165234e-10,3.749999532e-05,5.729165234e-10
2367,8.333332291e-06,3.472221354e-11,8.333332291e-06,3.472221354e-11
2368,7.916665678e-05,1.163194154e-09,7.916665678e-05,1.163194154e-09
2369,4.166666146e-06,1.736110677e-11,4.166666146e-06,1.736110677e-11
2370,2.499999688e-05,3.124999219e-10,2.499999688e-05,3.124999219e-10
2371,3.749999532e-05,5.729165234e-10,3.749999532e-05,5.729165234e-10
2372,1.666666459e-05,2.777777083e-10,1.666666459e-05,2.777777083e-10
2373,3.749999532e-05,5.729165234e-10,3.749999532e-05,5.729165234e-10
2374,4.166666146e-05,5.902776302e-10,4.166666146e-05,5.902776302e-10
2375,8.333332291e-06,3.472221354e-11,8.333332291e-06,3.472221354e-11
2376,5.833332605e-05,8.680553385e-10,5.833332605e-05,8.680553385e-10
2377,7.499999063e-05,9.374997656e-10,7.499999063e-05,9.374997656e-10
2378,2.083333073e-05,2.951388151e-10,2.083333073e-05,2.951388151e-10
2379,1.666666459e-05,2.777777083e-10,1.666666459e-05,2.777777083e-10
2380,8.020832331e-05,1.172959776e-09,8.020832331e-05,1.172959776e-09
2381,3.749999532e-05,5.729165234e-10,3.749999532e-05,5.729165234e-10
2382,4.166666146e-06,1.736110677e-11,4.166666146e-06,1.736110677e-11
2383,5.833332605e-05,8.680553385e-10,5.833332605e-05,8.680553385e-10
2384,6.249999219e-05,8.854164453e-10,6.249999219e-05,8.854164453e-10
2385,2.499999688e-05,3.124999219e-10,2.499999688e-05,3.124999219e-10
2386,2.083333073e-05,2.951388151e-10,2.083333073e-05,2.951388151e-10
2387,4.999999376e-05,8.33333125e-10,4.999999376e-05,8.33333125e-10
2388,4.166666146e-05,5.902776302e-10,4.166666146e-05,5.902776302e-10
2389,0,0,0,0
2390,8.33333229e-06,3.472221355e-11,8.33333229e-06,3.472221355e-11
2391,3.333332917e-05,3.472221354e-10,3.333332917e-05,3.472221354e-10
2392,4.583332761e-05,6.07638737e-10,4.583332761e-05,6.07638737e-10
2393,2.499999688e-05,3.124999219e-10,2.499999688e-05,3.124999219e-10
2394,5.833332605e-05,8.680553385e-10,5.833332605e-05,8.680553385e-10
2395,3.749999532e-05,5.729165234e-10,3.749999532e-05,5.729165234e-10
2396,4.166666145e-06,1.736110677e-11,4.166666145e-06,1.736110677e-11
2397,7.083332449e-05,1.684027357e-09,7.083332449e-05,1.684027357e-09
2398,2.916666302e-05,3.298610286e-10,2.916666302e-05,3.298610286e-10
2399,4.166666146e-05,5.902776302e-10,4.166666146e-05,5.902776302e-10
2400,5.41666599e-05,8.506942317e-10,5.41666599e-05,8.506942317e-10
2401,3.749999532e-05,5.729165234e-10,3.749999532e-05,5.729165234e-10
2402,2.083333073e-05,2.951388151e-10,2.083333073e-05,2.951388151e-10
2403,2.499999688e-05,3.124999219e-10,2.499999688e-05,3.124999219e-10
2404,1.249999844e-05,5.208332031e-11,1.249999844e-05,5.208332031e-11
2405,2.083333073e-05,2.951388151e-10,2.083333073e-05,2.951388151e-10
2406,3.749999532e-05,5.729165234e-10,3.749999532e-05,5.729165234e-10
2407,4.166666146e-05,7.291664841e-10,4.166666146e-05,7.291664841e-10
2408,2.083333073e-05,2.951388151e-10,2.083333073e-05,2.951388151e-10
2409,2.499999688e-05,3.124999218e-10,2.499999688e-05,3.124999218e-10
2410,3.333332917e-05,5.555554166e-10,3.333332917e-05,5.555554166e-10
2411,4.999999374e-05,6.249998436e-10,4.999999374e-05,6.249998436e-10
2412,2.083333073e-05,2.951388151e-10,2.083333073e-05,2.951388151e-10
2413,5.833332605e-05,8.680553385e-10,5.833332605e-05,8.680553385e-10
2414,0,0,0,0
2415,1.666666459e-05,2.777777083e-10,1.666666459e-05,2.777777083e-10
2416,5.41666599e-05,6.423609505e-10,5.41666599e-05,6.423609505e-10
2417,4.166666145e-06,1.736110677e-11,4.166666145e-06,1.736110677e-11
2418,3.333332917e-05,5.555554166e-10,3.333332917e-05,5.555554166e-10
2419,4.999999375e-05,6.249998437e-10,4.999999375e-05,6.249998437e-10
2420,4.166666145e-06,1.736110677e-11,4.166666145e-06,1.736110677e-11
2421,1.249999844e-05,5.208332032e-11,1.249999844e-05,5.208332032e-11
2422,1.666666459e-05,2.777777083e-10,1.666666459e-05,2.777777083e-10
2423,4.166666146e-05,5.902776302e-10,4.166666146e-05,5.902776302e-10
2424,5.41666599e-05,6.77083164e-10,5.41666599e-05,6.77083164e-10
2425,2.083333072e-05,8.680553386e-11,2.083333072e-05,8.680553386e-11
2426,2.499999688e-05,3.124999219e-10,2.499999688e-05,3.124999219e-10
2427,4.583332761e-05,6.07638737e-10,4.583332761e-05,6.07638737e-10
2428,2.083333072e-05,8.680553386e-11,2.083333072e-05,8.680553386e-11
2429,2.916666302e-05,3.298610286e-10,2.916666302e-05,3.298610286e-10
2430,4.583332761e-05,6.07638737e-10,4.583332761e-05,6.07638737e-10
2431,3.749999532e-05,5.729165234e-10,3.749999532e-05,5.729165234e-10
2432,1.666666458e-05,6.944442709e-11,1.666666458e-05,6.944442709e-11
2433,4.999999375e-05,6.249998437e-10,4.999999375e-05,6.249998437e-10
2434,8.33333229e-06,3.472221354e-11,8.33333229e-06,3.472221354e-11
2435,9.166665522e-05,1.423610755e-09,9.166665522e-05,1.423610755e-09
2436,4.166666146e-05,5.902776302e-10,4.166666146e-05,5.902776302e-10
2437,2.499999688e-05,3.124999219e-10,2.499999688e-05,3.124999219e-10
2438,3.333332917e-05,3.472221354e-10,3.333332917e-05,3.472221354e-10
2439,3.333332917e-05,5.555554166e-10,3.333332917e-05,5.555554166e-10
2440,1.666666459e-05,2.777777083e-10,1.666666459e-05,2.777777083e-10
2441,1.249999844e-05,5.208332032e-11,1.249999844e-05,5.208332032e-11
2442,1.249999844e-05,5.208332032e-11,1.249999844e-05,5.208332032e-11
2443,4.166666145e-06,1.736110677e-11,4.166666145e-06,1.736110677e-11
2444,1.249999844e-05,5.208332032e-11,1.249999844e-05,5.208332032e-11
2445,3.749999532e-05,5.729165234e-10,3.749999532e-05,5.729165234e-10
2446,2.499999688e-05,3.124999219e-10,2.499999688e-05,3.124999219e-10
2447,2.083333073e-05,2.951388151e-10,2.083333073e-05,2.951388151e-10
2448,3.749999532e-05,5.729165234e-10,3.749999532e-05,5.729165234e-10
2449,2.499999688e-05,3.124999219e-10,2.499999688e-05,3.124999219e-10
2450,3.333332917e-05,5.555554166e-10,3.333332917e-05,5.555554166e-10
2451,3.749999532e-05,5.729165234e-10,3.749999532e-05,5.729165234e-10
2452,8.749998906e-05,1.197916367e-09,8.749998906e-05,1.197916367e-09
2453,8.333332293e-06,3.472221355e-11,8.333332293e-06,3.472221355e-11
2454,1.666666459e-05,2.777777083e-10,1.666666459e-05,2.777777083e-10
2455,2.499999688e-05,3.124999219e-10,2.499999688e-05,3.124999219e-10
2456,5.833332605e-05,8.680553385e-10,5.833332605e-05,8.680553385e-10
2457,1.249999844e-05,5.208332032e-11,1.249999844e-05,5.208332032e-11
2458,4.166666145e-06,1.736110677e-11,4.166666145e-06,1.736110677e-11
2459,1.666666459e-05,2.777777083e-10,1.666666459e-05,2.777777083e-10
2460,7.499999063e-05,1.145833047e-09,7.499999063e-05,1.145833047e-09
2461,4.166666145e-06,1.736110677e-11,4.166666145e-06,1.736110677e-11
2462,1.666666459e-05,2.777777083e-10,1.666666459e-05,2.777777083e-10
2463,8.333332292e-06,3.472221354e-11,8.333332292e-06,3.472221354e-11
2464,1.666666459e-05,2.777777083e-10,1.666666459e-05,2.777777083e-10
2465,6.666665834e-05,9.02777552e-10,6.666665834e-05,9.02777552e-10
2466,1.249999843e-05,5.208332032e-11,1.249999843e-05,5.208332032e-11
2467,4.166666146e-05,5.902776302e-10,4.166666146e-05,5.902776302e-10
2468,4.583332761e-05,6.07638737e-10,4.583332761e-05,6.07638737e-10
2469,1.249999844e-05,5.208332032e-11,1.249999844e-05,5.208332032e-11
2470,3.749999532e-05,5.729165234e-10,3.749999532e-05,5.729165234e-10
2471,7.083332449e-05,1.12847194e-09,7.083332449e-05,1.12847194e-09
2472,3.333332917e-05,3.472221354e-10,3.333332917e-05,3.472221354e-10
2473,5.833332605e-05,8.680553385e-10,5.833332605e-05,8.680553385e-10
2474,3.333332917e-05,5.555554166e-10,3.333332917e-05,5.555554166e-10
2475,5.416665989e-05,6.423609505e-10,5.416665989e-05,6.423609505e-10
2476,2.083333073e-05,2.951388151e-10,2.083333073e-05,2.951388151e-10
2477,0,0,0,0
2478,8.472221164e-05,1.194058343e-09,8.472221164e-05,1.194058343e-09
2479,0,0,0,0
2480,3.749999532e-05,5.729165234e-10,3.749999532e-05,5.729165234e-10
2481,4.583332761e-05,6.07638737e-10,4.583332761e-05,6.07638737e-10
2482,4.583332761e-05,6.07638737e-10,4.583332761e-05,6.07638737e-10
2483,2.916666302e-05,3.298610286e-10,2.916666302e-05,3.298610286e-10
2484,4.166666146e-05,5.902776302e-10,4.166666146e-05,5.902776302e-10
2485,3.749999532e-05,5.729165234e-10,3.749999532e-05,5.729165234e-10
2486,2.083333073e-05,2.951388151e-10,2.083333073e-05,2.951388151e-10
2487,2.499999688e-05,3.124999219e-10,2.499999688e-05,3.124999219e-10
2488,4.166666146e-05,5.902776302e-10,4.166666146e-05,5.902776302e-10
2489,1.249999844e-05,5.208332032e-11,1.249999844e-05,5.208332032e-11
2490,5.41666599e-05,8.506942317e-10,5.41666599e-05,8.506942317e-10
2491,1.666666458e-05,6.944442709e-11,1.666666458e-05,6.944442709e-11
2492,2.499999688e-05,3.124999219e-10,2.499999688e-05,3.124999219e-10
2493,1.249999844e-05,5.208332032e-11,1.249999844e-05,5.208332032e-11
2494,2.499999688e-05,3.124999219e-10,2.499999688e-05,3.124999219e-10
2495,3.333332917e-05,5.555554166e-10,3.333332917e-05,5.555554166e-10
2496,4.583332761e-05,6.07638737e-10,4.583332761e-05,6.07638737e-10
2497,1.666666459e-05,2.777777083e-10,1.666666459e-05,2.777777083e-10
2498,3.749999532e-05,5.729165234e-10,3.749999532e-05,5.729165234e-10
2499,7.499999063e-05,1.145833047e-09,7.499999063e-05,1.145833047e-09
2500,8.33333229e-06,3.472221355e-11,8.33333229e-06,3.472221355e-11
2501,2.916666302e-05,3.298610286e-10,2.916666302e-05,3.298610286e-10
2502,3.333332917e-05,5.555554166e-10,3.333332917e-05,5.555554166e-10
2503,1.249999843e-05,5.208332032e-11,1.249999843e-05,5.208332032e-11
2504,0,0,0,0
2505,1.666666459e-05,2.777777083e-10,1.666666459e-05,2.777777083e-10
2506,3.749999532e-05,5.729165234e-10,3.749999532e-05,5.729165234e-10
2507,8.33333229e-06,3.472221355e-11,8.33333229e-06,3.472221355e-11
2508,2.083333073e-05,8.680553386e-11,2.083333073e-05,8.680553386e-11
2509,7.083332448e-05,1.12847194e-09,7.083332448e-05,1.12847194e-09
2510,3.749999531e-05,3.645832422e-10,3.749999531e-05,3.645832422e-10
2511,4.999999375e-05,6.249998437e-10,4.999999375e-05,6.249998437e-10
2512,4.583332761e-05,3.993054557e-10,4.583332761e-05,3.993054557e-10
2513,5.41666599e-05,6.423609505e-10,5.41666599e-05,6.423609505e-10
2514,4.166666146e-05,5.902776302e-10,4.166666146e-05,5.902776302e-10
2515,1.249999844e-05,5.208332032e-11,1.249999844e-05,5.208332032e-11
2516,2.499999688e-05,3.124999219e-10,2.499999688e-05,3.124999219e-10
2517,4.166666146e-05,5.902776302e-10,4.166666146e-05,5.902776302e-10
2518,2.083333073e-05,2.951388151e-10,2.083333073e-05,2.951388151e-10
2519,3.333332917e-05,5.555554166e-10,3.333332917e-05,5.555554166e-10
2520,5.41666599e-05,8.506942317e-10,5.41666599e-05,8.506942317e-10
2521,2.499999688e-05,3.124999219e-10,2.499999688e-05,3.124999219e-10
2522,3.749999532e-05,5.729165234e-10,3.749999532e-05,5.729165234e-10
2523,3.333332917e-05,5.555554166e-10,3.333332917e-05,5.555554166e-10
2524,2.916666302e-05,3.298610286e-10,2.916666302e-05,3.298610286e-10
2525,7.499999062e-05,1.145833047e-09,7.499999062e-05,1.145833047e-09
2526,2.499999688e-05,3.124999219e-10,2.499999688e-05,3.124999219e-10
2527,1.666666458e-05,6.944442709e-11,1.666666458e-05,6.944442709e-11
2528,6.249999219e-05,8.854164453e-10,6.249999219e-05,8.854164453e-10
2529,2.499999688e-05,3.124999219e-10,2.499999688e-05,3.124999219e-10
2530,1.666666458e-05,6.944442709e-11,1.666666458e-05,6.944442709e-11
2531,1.666666459e-05,2.777777083e-10,1.666666459e-05,2.777777083e-10
2532,1.666666459e-05,2.777777083e-10,1.666666459e-05,2.777777083e-10
2533,1.249999844e-05,5.208332032e-11,1.249999844e-05,5.208332032e-11
2534,3.749999532e-05,5.729165234e-10,3.749999532e-05,5.729165234e-10
2535,8.749998907e-05,1.406249648e-09,8.749998907e-05,1.406249648e-09
2536,4.166666146e-05,5.902776302e-10,4.166666146e-05,5.902776302e-10
2537,1.666666459e-05,2.777777083e-10,1.666666459e-05,2.777777083e-10
2538,2.499999688e-05,3.124999219e-10,2.499999688e-05,3.124999219e-10
2539,3.749999531e-05,3.645832422e-10,3.749999531e-05,3.645832422e-10
2540,3.749999531e-05,3.645832422e-10,3.749999531e-05,3.645832422e-10
2541,2.499999687e-05,3.124999218e-10,2.499999687e-05,3.124999218e-10
2542,4.166666145e-06,1.736110677e-11,4.166666145e-06,1.736110677e-11
2543,4.166666145e-06,1.736110677e-11,4.166666145e-06,1.736110677e-11
2544,4.166666146e-06,1.736110677e-11,4.166666146e-06,1.736110677e-11
2545,4.166666146e-06,1.736110677e-11,4.166666146e-06,1.736110677e-11
2546,4.166666146e-05,5.902776302e-10,4.166666146e-05,5.902776302e-10
2547,3.333332917e-05,5.555554166e-10,3.333332917e-05,5.555554166e-10
2548,3.958332839e-05,5.946179069e-10,3.958332839e-05,5.946179069e-10
2549,4.166666145e-06,1.736110677e-11,4.166666145e-06,1.736110677e-11
2550,2.083333073e-05,2.951388151e-10,2.083333073e-05,2.951388151e-10
2551,2.499999688e-05,3.124999219e-10,2.499999688e-05,3.124999219e-10
2552,2.499999688e-05,3.124999219e-10,2.499999688e-05,3.124999219e-10
2553,3.333332917e-05,3.472221354e-10,3.333332917e-05,3.472221354e-10
2554,6.249999218e-05,8.854164453e-10,6.249999218e-05,8.854164453e-10
2555,4.583332761e-05,6.07638737e-10,4.583332761e-05,6.07638737e-10
2556,4.166666146e-05,5.902776302e-10,4.166666146e-05,5.902776302e-10
2557,4.583332761e-05,6.07638737e-10,4.583332761e-05,6.07638737e-10
2558,3.333332917e-05,5.555554166e-10,3.333332917e-05,5.555554166e-10
2559,2.499999688e-05,3.124999219e-10,2.499999688e-05,3.124999219e-10
2560,6.666665834e-05,1.111110833e-09,6.666665834e-05,1.111110833e-09
2561,9.583332136e-05,1.440971862e-09,9.583332136e-05,1.440971862e-09
2562,5.41666599e-05,8.506942317e-10,5.41666599e-05,8.506942317e-10
2563,3.749999532e-05,5.729165234e-10,3.749999532e-05,5.729165234e-10
2564,0,0,0,0
2565,3.333332917e-05,5.555554166e-10,3.333332917e-05,5.555554166e-10
2566,3.749999532e-05,5.729165234e-10,3.749999532e-05,5.729165234e-10
2567,2.916666302e-05,3.298610286e-10,2.916666302e-05,3.298610286e-10
2568,5.833332605e-05,8.680553385e-10,5.833332605e-05,8.680553385e-10
2569,5.833332605e-05,8.680553385e-10,5.833332605e-05,8.680553385e-10
2570,4.166666146e-05,5.902776302e-10,4.166666146e-05,5.902776302e-10
2571,6.666665834e-05,9.02777552e-10,6.666665834e-05,9.02777552e-10
2572,2.499999688e-05,3.124999219e-10,2.499999688e-05,3.124999219e-10
2573,2.083333073e-05,2.951388151e-10,2.083333073e-05,2.951388151e-10
2574,3.749999532e-05,5.729165234e-10,3.749999532e-05,5.729165234e-10
2575,3.749999532e-05,5.729165234e-10,3.749999532e-05,5.729165234e-10
2576,1.249999844e-05,5.208332032e-11,1.249999844e-05,5.208332032e-11
2577,0,0,0,0
2578,4.166666145e-06,1.736110677e-11,4.166666145e-06,1.736110677e-11
2579,2.916666302e-05,3.298610286e-10,2.916666302e-05,3.298610286e-10
2580,0,0,0,0
2581,2.499999688e-05,3.124999219e-10,2.499999688e-05,3.124999219e-10
2582,4.166666146e-05,5.902776302e-10,4.166666146e-05,5.902776302e-10
2583,2.499999688e-05,3.124999219e-10,2.499999688e-05,3.124999219e-10
2584,5.41666599e-05,8.506942317e-10,5.41666599e-05,8.506942317e-10
2585,6.249999219e-05,8.854164453e-10,6.249999219e-05,8.854164453e-10
2586,4.999999376e-05,8.33333125e-10,4.999999376e-05,8.33333125e-10
2587,8.333332291e-06,3.472221354e-11,8.333332291e-06,3.472221354e-11
2588,2.916666301e-05,3.298610284e-10,2.916666301e-05,3.298610284e-10
2589,2.916666302e-05,3.298610286e-10,2.916666302e-05,3.298610286e-10
2590,1.249999844e-05,5.208332032e-11,1.249999844e-05,5.208332032e-11
2591,8.33333229e-06,3.472221355e-11,8.33333229e-06,3.472221355e-11
2592,5.41666599e-05,8.506942317e-10,5.41666599e-05,8.506942317e-10
2593,1.666666459e-05,2.777777083e-10,1.666666459e-05,2.777777083e-10
2594,0,0,0,0
2595,3.333332917e-05,5.555554166e-10,3.333332917e-05,5.555554166e-10
2596,4.583332761e-05,6.07638737e-10,4.583332761e-05,6.07638737e-10
2597,2.083333073e-05,2.951388151e-10,2.083333073e-05,2.951388151e-10
2598,4.166666146e-05,5.902776302e-10,4.166666146e-05,5.902776302e-10
2599,1.666666459e-05,2.777777083e-10,1.666666459e-05,2.777777083e-10
2600,2.499999688e-05,3.124999219e-10,2.499999688e-05,3.124999219e-10
2601,2.499999688e-05,3.124999219e-10,2.499999688e-05,3.124999219e-10
2602,3.333332917e-05,3.472221354e-10,3.333332917e-05,3.472221354e-10
2603,3.749999532e-05,5.729165233e-10,3.749999532e-05,5.729165233e-10
2604,3.333332917e-05,5.555554166e-10,3.333332917e-05,5.555554166e-10
2605,6.249999219e-05,8.854164453e-10,6.249999219e-05,8.854164453e-10
2606,2.916666302e-05,3.298610286e-10,2.916666302e-05,3.298610286e-10
2607,2.916666302e-05,3.298610286e-10,2.916666302e-05,3.298610286e-10
2608,3.333332917e-05,5.555554166e-10,3.333332917e-05,5.555554166e-10
2609,5.833332605e-05,8.680553385e-10,5.833332605e-05,8.680553385e-10
2610,4.166666146e-05,5.902776302e-10,4.166666146e-05,5.902776302e-10
2611,2.083333073e-05,2.951388151e-10,2.083333073e-05,2.951388151e-10
2612,3.333332917e-05,5.555554166e-10,3.333332917e-05,5.555554166e-10
2613,1.666666459e-05,2.777777083e-10,1.666666459e-05,2.777777083e-10
2614,4.166666145e-06,1.736110677e-11,4.166666145e-06,1.736110677e-11
2615,8.333332291e-06,3.472221354e-11,8.333332291e-06,3.472221354e-11
2616,4.166666145e-06,1.736110677e-11,4.166666145e-06,1.736110677e-11
2617,4.166666146e-05,3.81944349e-10,4.166666146e-05,3.81944349e-10
2618,4.999999376e-05,8.33333125e-10,4.999999376e-05,8.33333125e-10
2619,2.083333073e-05,2.951388151e-10,2.083333073e-05,2.951388151e-10
2620,3.333332917e-05,5.555554166e-10,3.333332917e-05,5.555554166e-10
2621,2.499999688e-05,3.124999219e-10,2.499999688e-05,3.124999219e-10
2622,0.0001083333198,1.701388463e-09,0.0001083333198,1.701388463e-09
2623,1.249999843e-05,5.208332032e-11,1.249999843e-05,5.208332032e-11
2624,2.499999688e-05,3.124999219e-10,2.499999688e-05,3.124999219e-10
2625,3.749999532e-05,5.729165234e-10,3.749999532e-05,5.729165234e-10
2626,2.083333073e-05,2.951388151e-10,2.083333073e-05,2.951388151e-10
2627,4.583332761e-05,6.076387369e-10,4.583332761e-05,6.076387369e-10
2628,2.916666302e-05,3.298610286e-10,2.916666302e-05,3.298610286e-10
2629,8.333332292e-06,3.472221354e-11,8.333332292e-06,3.472221354e-11
2630,4.166666146e-05,3.819443489e-10,4.166666146e-05,3.819443489e-10
2631,0,0,0,0
2632,2.916666302e-05,3.298610286e-10,2.916666302e-05,3.298610286e-10
2633,2.499999688e-05,3.124999218e-10,2.499999688e-05,3.124999218e-10
2634,2.499999688e-05,3.124999219e-10,2.499999688e-05,3.124999219e-10
2635,5.833332605e-05,8.680553385e-10,5.833332605e-05,8.680553385e-10
2636,8.33333229e-06,3.472221355e-11,8.33333229e-06,3.472221355e-11
2637,0,0,0,0
2638,8.333332291e-06,3.472221354e-11,8.333332291e-06,3.472221354e-11
2639,4.999999376e-05,8.33333125e-10,4.999999376e-05,8.33333125e-10
2640,2.083333073e-05,2.951388151e-10,2.083333073e-05,2.951388151e-10
2641,8.333332291e-06,3.472221354e-11,8.333332291e-06,3.472221354e-11
2642,5.41666599e-05,8.506942317e-10,5.41666599e-05,8.506942317e-10
2643,4.166666146e-05,5.902776302e-10,4.166666146e-05,5.902776302e-10
2644,4.583332761e-05,6.07638737e-10,4.583332761e-05,6.07638737e-10
2645,2.916666302e-05,3.298610286e-10,2.916666302e-05,3.298610286e-10
2646,0,0,0,0
2647,3.333332917e-05,5.555554166e-10,3.333332917e-05,5.555554166e-10
2648,8.749998907e-05,1.406249648e-09,8.749998907e-05,1.406249648e-09
2649,4.166666146e-05,5.902776302e-10,4.166666146e-05,5.902776302e-10
2650,2.916666302e-05,3.298610286e-10,2.916666302e-05,3.298610286e-10
2651,2.499999688e-05,3.124999219e-10,2.499999688e-05,3.124999219e-10
2652,3.333332917e-05,5.555554166e-10,3.333332917e-05,5.555554166e-10
2653,4.166666145e-06,1.736110677e-11,4.166666145e-06,1.736110677e-11
2654,1.666666459e-05,2.777777083e-10,1.666666459e-05,2.777777083e-10
2655,2.916666302e-05,3.298610286e-10,2.916666302e-05,3.298610286e-10
2656,8.33333229e-06,3.472221355e-11,8.33333229e-06,3.472221355e-11
2657,8.333332291e-06,3.472221354e-11,8.333332291e-06,3.472221354e-11
2658,5.416665989e-05,8.506942316e-10,5.416665989e-05,8.506942316e-10
2659,1.249999844e-05,5.208332032e-11,1.249999844e-05,5.208332032e-11
2660,4.166666145e-06,1.736110677e-11,4.166666145e-06,1.736110677e-11
2661,1.249999844e-05,5.208332032e-11,1.249999844e-05,5.208332032e-11
2662,4.166666146e-05,5.902776302e-10,4.166666146e-05,5.902776302e-10
2663,2.083333073e-05,2.951388151e-10,2.083333073e-05,2.951388151e-10
2664,8.333332291e-06,3.472221354e-11,8.333332291e-06,3.472221354e-11
2665,8.33333229e-06,3.472221355e-11,8.33333229e-06,3.472221355e-11
2666,2.083333073e-05,2.951388151e-10,2.083333073e-05,2.951388151e-10
2667,4.166666145e-06,1.736110677e-11,4.166666145e-06,1.736110677e-11
2668,1.666666459e-05,2.777777083e-10,1.666666459e-05,2.777777083e-10
2669,3.749999532e-05,5.729165234e-10,3.749999532e-05,5.729165234e-10
2670,7.083332449e-05,1.12847194e-09,7.083332449e-05,1.12847194e-09
2671,5.833332605e-05,8.680553385e-10,5.833332605e-05,8.680553385e-10
2672,8.33333229e-06,3.472221355e-11,8.33333229e-06,3.472221355e-11
2673,4.166666145e-06,1.736110677e-11,4.166666145e-06,1.736110677e-11
2674,4.166666146e-05,5.902776302e-10,4.166666146e-05,5.902776302e-10
2675,1.666666459e-05,2.777777083e-10,1.666666459e-05,2.777777083e-10
2676,0,0,0,0
2677,8.333332291e-06,3.472221354e-11,8.333332291e-06,3.472221354e-11
2678,8.33333229e-06,3.472221355e-11,8.33333229e-06,3.472221355e-11
2679,2.916666302e-05,3.298610286e-10,2.916666302e-05,3.298610286e-10
2680,4.999999375e-05,6.249998437e-10,4.999999375e-05,6.249998437e-10
2681,6.666665834e-05,1.111110833e-09,6.666665834e-05,1.111110833e-09
2682,4.166666146e-05,5.902776302e-10,4.166666146e-05,5.902776302e-10
2683,8.33333229e-06,3.472221355e-11,8.33333229e-06,3.472221355e-11
2684,4.583332761e-05,6.07638737e-10,4.583332761e-05,6.07638737e-10
2685,3.749999532e-05,5.729165234e-10,3.749999532e-05,5.729165234e-10
2686,0,0,0,0
2687,2.083333073e-05,2.951388151e-10,2.083333073e-05,2.951388151e-10
2688,4.166666145e-06,1.736110677e-11,4.166666145e-06,1.736110677e-11
2689,2.083333073e-05,2.951388151e-10,2.083333073e-05,2.951388151e-10
2690,1.666666459e-05,2.777777083e-10,1.666666459e-05,2.777777083e-10
2691,4.166666146e-05,5.902776302e-10,4.166666146e-05,5.902776302e-10
2692,2.499999688e-05,3.124999219e-10,2.499999688e-05,3.124999219e-10
2693,2.499999688e-05,3.124999219e-10,2.499999688e-05,3.124999219e-10
2694,4.999999376e-05,8.33333125e-10,4.999999376e-05,8.33333125e-10
2695,2.499999688e-05,3.124999219e-10,2.499999688e-05,3.124999219e-10
2696,7.916665678e-05,1.163194154e-09,7.916665678e-05,1.163194154e-09
2697,3.749999532e-05,5.729165234e-10,3.749999532e-05,5.729165234e-10
2698,1.249999844e-05,5.208332032e-11,1.249999844e-05,5.208332032e-11
2699,3.749999532e-05,5.729165234e-10,3.749999532e-05,5.729165234e-10
2700,4.166666146e-05,5.902776302e-10,4.166666146e-05,5.902776302e-10
2701,4.166666145e-06,1.736110677e-11,4.166666145e-06,1.736110677e-11
2702,3.749999532e-05,5.729165234e-10,3.749999532e-05,5.729165234e-10
2703,2.083333073e-05,2.951388151e-10,2.083333073e-05,2.951388151e-10
2704,8.33333229e-06,3.472221355e-11,8.33333229e-06,3.472221355e-11
2705,5.833332605e-05,8.680553385e-10,5.833332605e-05,8.680553385e-10
2706,2.499999688e-05,3.124999219e-10,2.499999688e-05,3.124999219e-10
2707,1.666666459e-05,2.777777083e-10,1.666666459e-05,2.777777083e-10
2708,1.249999843e-05,5.208332032e-11,1.249999843e-05,5.208332032e-11
2709,2.083333073e-05,2.951388151e-10,2.083333073e-05,2.951388151e-10
2710,3.749999532e-05,5.729165234e-10,3.749999532e-05,5.729165234e-10
2711,2.083333073e-05,2.951388151e-10,2.083333073e-05,2.951388151e-10
2712,8.33333229e-06,3.472221355e-11,8.33333229e-06,3.472221355e-11
2713,2.916666302e-05,3.298610286e-10,2.916666302e-05,3.298610286e-10
2714,3.333332917e-05,3.472221354e-10,3.333332917e-05,3.472221354e-10
2715,2.499999687e-05,4.51388776e-10,2.499999687e-05,4.51388776e-10
2716,1.666666458e-05,6.944442708e-11,1.666666458e-05,6.944442708e-11
2717,4.166666145e-06,1.736110677e-11,4.166666145e-06,1.736110677e-11
2718,1.249999844e-05,5.208332032e-11,1.249999844e-05,5.208332032e-11
2719,4.166666146e-05,5.902776302e-10,4.166666146e-05,5.902776302e-10
2720,2.083333073e-05,2.951388151e-10,2.083333073e-05,2.951388151e-10
2721,8.333332293e-06,3.472221355e-11,8.333332293e-06,3.472221355e-11
2722,2.083333073e-05,2.951388151e-10,2.083333073e-05,2.951388151e-10
2723,4.166666145e-06,1.736110677e-11,4.166666145e-06,1.736110677e-11
2724,5.833332605e-05,8.680553385e-10,5.833332605e-05,8.680553385e-10
2725,2.499999688e-05,3.124999219e-10,2.499999688e-05,3.124999219e-10
2726,2.499999688e-05,3.124999219e-10,2.499999688e-05,3.124999219e-10
2727,2.083333073e-05,2.951388151e-10,2.083333073e-05,2.951388151e-10
2728,2.083333073e-05,2.951388151e-10,2.083333073e-05,2.951388151e-10
2729,1.666666458e-05,6.944442708e-11,1.666666458e-05,6.944442708e-11
2730,8.33333229e-06,3.472221355e-11,8.33333229e-06,3.472221355e-11
2731,9.999998751e-05,1.493055182e-09,9.999998751e-05,1.493055182e-09
2732,2.083333073e-05,2.951388151e-10,2.083333073e-05,2.951388151e-10
2733,1.666666459e-05,2.777777083e-10,1.666666459e-05,2.777777083e-10
2734,5.41666599e-05,8.506942317e-10,5.41666599e-05,8.506942317e-10
2735,4.166666146e-05,5.902776301e-10,4.166666146e-05,5.902776301e-10
2736,2.083333073e-05,2.951388151e-10,2.083333073e-05,2.951388151e-10
2737,1.666666459e-05,2.777777083e-10,1.666666459e-05,2.777777083e-10
2738,0,0,0,0
2739,4.166666146e-06,1.736110677e-11,4.166666146e-06,1.736110677e-11
2740,6.249999219e-05,8.854164453e-10,6.249999219e-05,8.854164453e-10
2741,3.749999532e-05,5.729165234e-10,3.749999532e-05,5.729165234e-10
2742,4.166666146e-05,5.902776302e-10,4.166666146e-05,5.902776302e-10
2743,3.749999532e-05,5.729165234e-10,3.749999532e-05,5.729165234e-10
2744,0,0,0,0
2745,2.083333073e-05,2.951388151e-10,2.083333073e-05,2.951388151e-10
2746,2.083333073e-05,2.951388151e-10,2.083333073e-05,2.951388151e-10
2747,8.333332291e-06,3.472221354e-11,8.333332291e-06,3.472221354e-11
2748,4.166666146e-05,5.902776302e-10,4.166666146e-05,5.902776302e-10
2749,3.333332917e-05,5.555554166e-10,3.333332917e-05,5.555554166e-10
2750,3.749999532e-05,5.729165234e-10,3.749999532e-05,5.729165234e-10
2751,5.41666599e-05,8.506942317e-10,5.41666599e-05,8.506942317e-10
2752,1.666666459e-05,2.777777083e-10,1.666666459e-05,2.777777083e-10
2753,3.333332917e-05,3.472221354e-10,3.333332917e-05,3.472221354e-10
2754,2.916666302e-05,3.298610286e-10,2.916666302e-05,3.298610286e-10
2755,5.41666599e-05,8.506942317e-10,5.41666599e-05,8.506942317e-10
2756,4.999999376e-05,8.33333125e-10,4.999999376e-05,8.33333125e-10
2757,2.499999688e-05,3.124999219e-10,2.499999688e-05,3.124999219e-10
2758,4.583332761e-05,6.07638737e-10,4.583332761e-05,6.07638737e-10
2759,1.249999844e-05,5.208332032e-11,1.249999844e-05,5.208332032e-11
2760,2.916666302e-05,3.298610286e-10,2.916666302e-05,3.298610286e-10
2761,1.666666459e-05,2.777777083e-10,1.666666459e-05,2.777777083e-10
2762,1.666666459e-05,2.777777083e-10,1.666666459e-05,2.777777083e-10
2763,2.916666302e-05,3.298610286e-10,2.916666302e-05,3.298610286e-10
2764,5.833332605e-05,8.680553385e-10,5.833332605e-05,8.680553385e-10
2765,3.333332917e-05,5.555554166e-10,3.333332917e-05,5.555554166e-10
2766,2.083333073e-05,2.951388151e-10,2.083333073e-05,2.951388151e-10
2767,4.166666145e-06,1.736110677e-11,4.166666145e-06,1.736110677e-11
2768,5.41666599e-05,8.506942317e-10,5.41666599e-05,8.506942317e-10
2769,1.666666459e-05,2.777777083e-10,1.666666459e-05,2.777777083e-10
2770,3.749999532e-05,5.729165234e-10,3.749999532e-05,5.729165234e-10
2771,2.499999688e-05,3.124999219e-10,2.499999688e-05,3.124999219e-10
2772,4.166666145e-06,1.736110677e-11,4.166666145e-06,1.736110677e-11
2773,2.083333073e-05,2.951388151e-10,2.083333073e-05,2.951388151e-10
2774,2.499999688e-05,3.124999219e-10,2.499999688e-05,3.124999219e-10
2775,3.749999532e-05,5.729165234e-10,3.749999532e-05,5.729165234e-10
2776,6.666665834e-05,9.02777552e-10,6.666665834e-05,9.02777552e-10
2777,4.166666145e-06,1.736110677e-11,4.166666145e-06,1.736110677e-11
2778,5.41666599e-05,8.506942317e-10,5.41666599e-05,8.506942317e-10
2779,3.749999531e-05,3.645832422e-10,3.749999531e-05,3.645832422e-10
2780,4.166666145e-06,1.736110677e-11,4.166666145e-06,1.736110677e-11
2781,7.916665678e-05,1.163194154e-09,7.916665678e-05,1.163194154e-09
2782,2.083333073e-05,2.951388151e-10,2.083333073e-05,2.951388151e-10
2783,1.666666458e-05,6.944442709e-11,1.666666458e-05,6.944442709e-11
2784,7.083332448e-05,9.201386588e-10,7.083332448e-05,9.201386588e-10
2785,4.999999375e-05,6.249998437e-10,4.999999375e-05,6.249998437e-10
2786,3.749999532e-05,5.729165234e-10,3.749999532e-05,5.729165234e-10
2787,8.749998907e-05,1.406249648e-09,8.749998907e-05,1.406249648e-09
2788,3.333332917e-05,5.555554166e-10,3.333332917e-05,5.555554166e-10
2789,2.499999688e-05,3.124999219e-10,2.499999688e-05,3.124999219e-10
2790,0,0,0,0
2791,5.833332605e-05,8.680553385e-10,5.833332605e-05,8.680553385e-10
2792,4.166666146e-06,1.736110677e-11,4.166666146e-06,1.736110677e-11
2793,1.249999843e-05,5.208332032e-11,1.249999843e-05,5.208332032e-11
2794,4.999999376e-05,8.33333125e-10,4.999999376e-05,8.33333125e-10
2795,3.749999532e-05,5.729165234e-10,3.749999532e-05,5.729165234e-10
2796,1.666666458e-05,6.944442708e-11,1.666666458e-05,6.944442708e-11
2797,2.083333073e-05,2.951388151e-10,2.083333073e-05,2.951388151e-10
2798,1.666666459e-05,2.777777083e-10,1.666666459e-05,2.777777083e-10
2799,7.916665678e-05,9.548608724e-10,7.916665678e-05,9.548608724e-10
2800,4.166666145e-06,1.736110677e-11,4.166666145e-06,1.736110677e-11
2801,4.583332761e-05,6.07638737e-10,4.583332761e-05,6.07638737e-10
2802,2.083333073e-05,2.951388151e-10,2.083333073e-05,2.951388151e-10
2803,2.916666302e-05,3.298610286e-10,2.916666302e-05,3.298610286e-10
2804,4.999999376e-05,8.33333125e-10,4.999999376e-05,8.33333125e-10
2805,2.083333073e-05,8.680553385e-11,2.083333073e-05,8.680553385e-11
2806,4.166666145e-06,1.736110677e-11,4.166666145e-06,1.736110677e-11
2807,4.166666146e-05,5.902776302e-10,4.166666146e-05,5.902776302e-10
2808,4.166666146e-05,5.902776302e-10,4.166666146e-05,5.902776302e-10
2809,0,0,0,0
2810,3.333332917e-05,5.555554166e-10,3.333332917e-05,5.555554166e-10
2811,4.166666145e-06,1.736110677e-11,4.166666145e-06,1.736110677e-11
2812,0,0,0,0
2813,2.083333073e-05,2.951388151e-10,2.083333073e-05,2.951388151e-10
2814,2.499999688e-05,3.124999219e-10,2.499999688e-05,3.124999219e-10
2815,2.083333073e-05,2.951388151e-10,2.083333073e-05,2.951388151e-10
2816,2.499999688e-05,3.124999219e-10,2.499999688e-05,3.124999219e-10
2817,1.666666459e-05,2.777777083e-10,1.666666459e-05,2.777777083e-10
2818,2.916666302e-05,3.298610286e-10,2.916666302e-05,3.298610286e-10
2819,2.083333073e-05,2.951388151e-10,2.083333073e-05,2.951388151e-10
2820,2.499999688e-05,3.124999219e-10,2.499999688e-05,3.124999219e-10
2821,0,0,0,0
2822,2.916666302e-05,3.298610286e-10,2.916666302e-05,3.298610286e-10
2823,2.499999687e-05,3.124999218e-10,2.499999687e-05,3.124999218e-10
2824,7.083332449e-05,1.12847194e-09,7.083332449e-05,1.12847194e-09
2825,3.749999532e-05,5.729165234e-10,3.749999532e-05,5.729165234e-10
2826,4.999999375e-05,6.249998437e-10,4.999999375e-05,6.249998437e-10
2827,3.749999532e-05,3.645832422e-10,3.749999532e-05,3.645832422e-10
2828,4.166666146e-05,5.902776302e-10,4.166666146e-05,5.902776302e-10
2829,4.583332761e-05,6.07638737e-10,4.583332761e-05,6.07638737e-10
2830,6.666665833e-05,1.111110833e-09,6.666665833e-05,1.111110833e-09
2831,4.999999376e-05,8.33333125e-10,4.999999376e-05,8.33333125e-10
2832,4.999999376e-05,8.33333125e-10,4.999999376e-05,8.33333125e-10
2833,2.083333073e-05,2.951388151e-10,2.083333073e-05,2.951388151e-10
2834,8.333332287e-06,3.472221351e-11,8.333332287e-06,3.472221351e-11
2835,4.166666146e-05,5.902776302e-10,4.166666146e-05,5.902776302e-10
2836,5.833332605e-05,8.680553385e-10,5.833332605e-05,8.680553385e-10
2837,6.38888809e-05,1.084104667e-09,6.38888809e-05,1.084104667e-09
2838,1.666666459e-05,2.777777083e-10,1.666666459e-05,2.777777083e-10
2839,6.666665833e-05,1.111110833e-09,6.666665833e-05,1.111110833e-09
2840,1.249999843e-05,5.208332032e-11,1.249999843e-05,5.208332032e-11
2841,4.166666146e-05,5.902776302e-10,4.166666146e-05,5.902776302e-10
2842,4.166666146e-05,5.902776302e-10,4.166666146e-05,5.902776302e-10
2843,7.916665678e-05,1.163194154e-09,7.916665678e-05,1.163194154e-09
2844,4.583332761e-05,6.07638737e-10,4.583332761e-05,6.07638737e-10
2845,3.749999532e-05,5.729165234e-10,3.749999532e-05,5.729165234e-10
2846,4.166666145e-06,1.736110677e-11,4.166666145e-06,1.736110677e-11
2847,2.083333073e-05,2.951388151e-10,2.083333073e-05,2.951388151e-10
2848,0,0,0,0
2849,5.41666599e-05,8.506942317e-10,5.41666599e-05,8.506942317e-10
2850,4.166666145e-06,1.736110677e-11,4.166666145e-06,1.736110677e-11
2851,4.166666145e-06,1.736110677e-11,4.166666145e-06,1.736110677e-11
2852,2.916666302e-05,3.298610286e-10,2.916666302e-05,3.298610286e-10
2853,2.083333073e-05,2.951388151e-10,2.083333073e-05,2.951388151e-10
2854,2.499999688e-05,3.124999219e-10,2.499999688e-05,3.124999219e-10
2855,4.999999376e-05,8.33333125e-10,4.999999376e-05,8.33333125e-10
2856,3.749999531e-05,3.645832422e-10,3.749999531e-05,3.645832422e-10
2857,6.249999219e-05,8.854164453e-10,6.249999219e-05,8.854164453e-10
2858,4.166666145e-06,1.736110677e-11,4.166666145e-06,1.736110677e-11
2859,4.166666145e-06,1.736110677e-11,4.166666145e-06,1.736110677e-11
2860,2.083333073e-05,2.951388151e-10,2.083333073e-05,2.951388151e-10
2861,4.999999375e-05,6.249998437e-10,4.999999375e-05,6.249998437e-10
2862,2.083333073e-05,2.951388151e-10,2.083333073e-05,2.951388151e-10
2863,8.333332291e-06,3.472221354e-11,8.333332291e-06,3.472221354e-11
2864,4.166666146e-05,5.902776302e-10,4.166666146e-05,5.902776302e-10
2865,8.333332292e-05,1.18055526e-09,8.333332292e-05,1.18055526e-09
2866,1.249999844e-05,5.208332031e-11,1.249999844e-05,5.208332031e-11
2867,2.083333073e-05,2.951388151e-10,2.083333073e-05,2.951388151e-10
2868,1.666666459e-05,2.777777083e-10,1.666666459e-05,2.777777083e-10
2869,3.333332917e-05,5.555554166e-10,3.333332917e-05,5.555554166e-10
2870,6.249999219e-05,8.854164453e-10,6.249999219e-05,8.854164453e-10
2871,8.33333229e-06,3.472221355e-11,8.33333229e-06,3.472221355e-11
2872,4.166666146e-05,5.902776302e-10,4.166666146e-05,5.902776302e-10
2873,1.666666459e-05,2.777777083e-10,1.666666459e-05,2.777777083e-10
2874,2.083333073e-05,2.951388151e-10,2.083333073e-05,2.951388151e-10
2875,4.166666146e-05,5.902776302e-10,4.166666146e-05,5.902776302e-10
2876,4.166666145e-06,1.736110677e-11,4.166666145e-06,1.736110677e-11
2877,3.333332917e-05,5.555554166e-10,3.333332917e-05,5.555554166e-10
2878,2.916666302e-05,3.298610286e-10,2.916666302e-05,3.298610286e-10
2879,2.083333073e-05,2.951388151e-10,2.083333073e-05,2.951388151e-10
2880,8.333332292e-05,1.18055526e-09,8.333332292e-05,1.18055526e-09
2881,1.666666459e-05,2.777777083e-10,1.666666459e-05,2.777777083e-10
2882,3.749999532e-05,5.729165234e-10,3.749999532e-05,5.729165234e-10
2883,3.333332917e-05,5.555554166e-10,3.333332917e-05,5.555554166e-10
2884,2.499999688e-05,3.124999219e-10,2.499999688e-05,3.124999219e-10
2885,4.166666145e-06,1.736110677e-11,4.166666145e-06,1.736110677e-11
2886,4.999999375e-05,6.249998437e-10,4.999999375e-05,6.249998437e-10
2887,4.166666145e-06,1.736110677e-11,4.166666145e-06,1.736110677e-11
2888,2.916666301e-05,3.298610283e-10,2.916666301e-05,3.298610283e-10
2889,3.333332917e-05,3.472221354e-10,3.333332917e-05,3.472221354e-10
2890,2.499999688e-05,3.124999219e-10,2.499999688e-05,3.124999219e-10
2891,5.833332605e-05,8.680553385e-10,5.833332605e-05,8.680553385e-10
2892,6.249999219e-05,8.854164453e-10,6.249999219e-05,8.854164453e-10
2893,3.333332917e-05,5.555554166e-10,3.333332917e-05,5.555554166e-10
2894,1.249999843e-05,5.208332032e-11,1.249999843e-05,5.208332032e-11
2895,8.33333229e-06,3.472221355e-11,8.33333229e-06,3.472221355e-11
2896,2.499999688e-05,3.124999219e-10,2.499999688e-05,3.124999219e-10
2897,5.833332605e-05,8.680553385e-10,5.833332605e-05,8.680553385e-10
2898,2.499999688e-05,3.124999219e-10,2.499999688e-05,3.124999219e-10
2899,2.499999688e-05,3.472221354e-10,2.499999688e-05,3.472221354e-10
2900,3.333332917e-05,5.555554166e-10,3.333332917e-05,5.555554166e-10
2901,2.499999688e-05,3.124999219e-10,2.499999688e-05,3.124999219e-10
2902,3.333332917e-05,5.555554166e-10,3.333332917e-05,5.555554166e-10
2903,2.083333073e-05,2.951388151e-10,2.083333073e-05,2.951388151e-10
2904,2.083333073e-05,2.951388151e-10,2.083333073e-05,2.951388151e-10
2905,4.166666146e-06,1.736110677e-11,4.166666146e-06,1.736110677e-11
2906,1.666666459e-05,2.777777083e-10,1.666666459e-05,2.777777083e-10
2907,4.166666146e-05,3.819443489e-10,4.166666146e-05,3.819443489e-10
2908,0,0,0,0
2909,4.583332761e-05,6.07638737e-10,4.583332761e-05,6.07638737e-10
2910,1.666666458e-05,6.944442709e-11,1.666666458e-05,6.944442709e-11
2911,7.916665678e-05,1.163194154e-09,7.916665678e-05,1.163194154e-09
2912,1.666666459e-05,2.777777083e-10,1.666666459e-05,2.777777083e-10
2913,4.999999374e-05,6.249998435e-10,4.999999374e-05,6.249998435e-10
2914,4.166666145e-06,1.736110677e-11,4.166666145e-06,1.736110677e-11
2915,8.333332293e-06,3.472221355e-11,8.333332293e-06,3.472221355e-11
2916,1.666666458e-05,6.944442709e-11,1.666666458e-05,6.944442709e-11
2917,4.166666145e-06,1.736110677e-11,4.166666145e-06,1.736110677e-11
2918,8.333332291e-06,3.472221354e-11,8.333332291e-06,3.472221354e-11
2919,5.833332605e-05,8.680553385e-10,5.833332605e-05,8.680553385e-10
2920,1.666666459e-05,2.777777083e-10,1.666666459e-05,2.777777083e-10
2921,3.333332917e-05,5.555554166e-10,3.333332917e-05,5.555554166e-10
2922,1.666666459e-05,2.777777083e-10,1.666666459e-05,2.777777083e-10
2923,4.999999376e-05,8.33333125e-10,4.999999376e-05,8.33333125e-10
2924,2.083333073e-05,2.951388151e-10,2.083333073e-05,2.951388151e-10
2925,4.583332761e-05,6.07638737e-10,4.583332761e-05,6.07638737e-10
2926,7.083332449e-05,9.201386588e-10,7.083332449e-05,9.201386588e-10
2927,2.499999688e-05,3.124999219e-10,2.499999688e-05,3.124999219e-10
2928,4.583332761e-05,6.07638737e-10,4.583332761e-05,6.07638737e-10
2929,2.083333073e-05,2.951388151e-10,2.083333073e-05,2.951388151e-10
2930,3.749999532e-05,3.645832422e-10,3.749999532e-05,3.645832422e-10
2931,4.166666145e-06,1.736110677e-11,4.166666145e-06,1.736110677e-11
2932,2.499999688e-05,3.124999219e-10,2.499999688e-05,3.124999219e-10
2933,4.166666146e-06,1.736110677e-11,4.166666146e-06,1.736110677e-11
2934,4.583332761e-05,6.07638737e-10,4.583332761e-05,6.07638737e-10
2935,4.166666145e-06,1.736110677e-11,4.166666145e-06,1.736110677e-11
2936,0,0,0,0
2937,4.999999376e-05,8.33333125e-10,4.999999376e-05,8.33333125e-10
2938,1.666666459e-05,2.777777083e-10,1.666666459e-05,2.777777083e-10
2939,4.999999376e-05,8.33333125e-10,4.999999376e-05,8.33333125e-10
2940,2.916666302e-05,3.298610286e-10,2.916666302e-05,3.298610286e-10
2941,4.166666146e-05,5.902776302e-10,4.166666146e-05,5.902776302e-10
2942,3.333332917e-05,3.472221354e-10,3.333332917e-05,3.472221354e-10
2943,4.166666145e-06,1.736110677e-11,4.166666145e-06,1.736110677e-11
2944,4.166666145e-06,1.736110677e-11,4.166666145e-06,1.736110677e-11
2945,3.333332917e-05,5.555554166e-10,3.333332917e-05,5.555554166e-10
2946,2.083333073e-05,2.951388151e-10,2.083333073e-05,2.951388151e-10
2947,3.333332917e-05,5.555554166e-10,3.333332917e-05,5.555554166e-10
2948,0,0,0,0
2949,1.666666459e-05,2.777777083e-10,1.666666459e-05,2.777777083e-10
2950,2.083333073e-05,2.951388151e-10,2.083333073e-05,2.951388151e-10
2951,3.749999532e-05,5.729165234e-10,3.749999532e-05,5.729165234e-10
2952,1.666666458e-05,6.944442707e-11,1.666666458e-05,6.944442707e-11
2953,4.166666146e-05,5.902776302e-10,4.166666146e-05,5.902776302e-10
2954,7.499999061e-05,1.145833046e-09,7.499999061e-05,1.145833046e-09
2955,1.249999843e-05,5.208332028e-11,1.249999843e-05,5.208332028e-11
2956,1.666666459e-05,2.777777083e-10,1.666666459e-05,2.777777083e-10
2957,3.749999532e-05,5.729165234e-10,3.749999532e-05,5.729165234e-10
2958,2.499999685e-05,6.249998427e-10,2.499999685e-05,6.249998427e-10
2959,3.749999531e-05,3.645832422e-10,3.749999531e-05,3.645832422e-10
2960,2.499999688e-05,3.124999219e-10,2.499999688e-05,3.124999219e-10
2961,4.166666146e-05,5.902776302e-10,4.166666146e-05,5.902776302e-10
2962,8.333332293e-06,3.472221355e-11,8.333332293e-06,3.472221355e-11
2963,4.166666146e-05,5.902776302e-10,4.166666146e-05,5.902776302e-10
2964,8.333332293e-06,3.472221355e-11,8.333332293e-06,3.472221355e-11
2965,2.29166638e-05,3.168401986e-10,2.29166638e-05,3.168401986e-10
2966,3.749999532e-05,5.729165234e-10,3.749999532e-05,5.729165234e-10
2967,1.249999844e-05,5.208332032e-11,1.249999844e-05,5.208332032e-11
2968,7.083332447e-05,9.201386582e-10,7.083332447e-05,9.201386582e-10
2969,2.083333073e-05,2.951388151e-10,2.083333073e-05,2.951388151e-10
2970,2.499999688e-05,3.124999219e-10,2.499999688e-05,3.124999219e-10
2971,8.333332292e-05,1.18055526e-09,8.333332292e-05,1.18055526e-09
2972,2.916666302e-05,3.298610286e-10,2.916666302e-05,3.298610286e-10
2973,2.083333073e-05,2.951388151e-10,2.083333073e-05,2.951388151e-10
2974,2.083333073e-05,2.951388151e-10,2.083333073e-05,2.951388151e-10
2975,4.999999376e-05,8.33333125e-10,4.999999376e-05,8.33333125e-10
2976,0,0,0,0
2977,1.249999843e-05,5.208332031e-11,1.249999843e-05,5.208332031e-11
2978,3.749999532e-05,5.729165234e-10,3.749999532e-05,5.729165234e-10
2979,8.333332291e-06,3.472221354e-11,8.333332291e-06,3.472221354e-11
2980,8.33333229e-06,3.472221355e-11,8.33333229e-06,3.472221355e-11
2981,2.083333073e-05,2.951388151e-10,2.083333073e-05,2.951388151e-10
2982,1.666666459e-05,2.777777083e-10,1.666666459e-05,2.777777083e-10
2983,1.666666458e-05,6.944442709e-11,1.666666458e-05,6.944442709e-11
2984,4.166666145e-06,1.736110677e-11,4.166666145e-06,1.736110677e-11
2985,4.166666146e-06,1.736110677e-11,4.166666146e-06,1.736110677e-11
2986,3.749999532e-05,5.729165234e-10,3.749999532e-05,5.729165234e-10
2987,8.333332291e-06,3.472221353e-11,8.333332291e-06,3.472221353e-11
2988,3.749999532e-05,5.729165234e-10,3.749999532e-05,5.729165234e-10
2989,4.166666145e-06,1.736110677e-11,4.166666145e-06,1.736110677e-11
2990,2.499999688e-05,3.124999219e-10,2.499999688e-05,3.124999219e-10
2991,3.749999532e-05,5.729165234e-10,3.749999532e-05,5.729165234e-10
2992,4.583332761e-05,6.07638737e-10,4.583332761e-05,6.07638737e-10
2993,2.083333073e-05,2.951388151e-10,2.083333073e-05,2.951388151e-10
2994,5.833332605e-05,8.680553385e-10,5.833332605e-05,8.680553385e-10
2995,2.083333073e-05,2.951388151e-10,2.083333073e-05,2.951388151e-10
2996,5.833332604e-05,6.597220573e-10,5.833332604e-05,6.597220573e-10
2997,7.083332449e-05,1.12847194e-09,7.083332449e-05,1.12847194e-09
2998,4.166666145e-06,1.736110677e-11,4.166666145e-06,1.736110677e-11
2999,2.499999688e-05,3.124999219e-10,2.499999688e-05,3.124999219e-10
3000,4.166666145e-06,1.736110677e-11,4.166666145e-06,1.736110677e-11
3001,4.166666146e-05,5.902776302e-10,4.166666146e-05,5.902776302e-10
3002,1.249999844e-05,5.208332032e-11,1.249999844e-05,5.208332032e-11
3003,1.666666459e-05,2.777777083e-10,1.666666459e-05,2.777777083e-10
3004,4.166666146e-06,1.736110677e-11,4.166666146e-06,1.736110677e-11
3005,3.333332917e-05,5.555554166e-10,3.333332917e-05,5.555554166e-10
3006,7.916665678e-05,1.163194154e-09,7.916665678e-05,1.163194154e-09
3007,1.666666459e-05,2.777777083e-10,1.666666459e-05,2.777777083e-10
3008,5.833332605e-05,8.680553385e-10,5.833332605e-05,8.680553385e-10
3009,2.499999688e-05,3.124999219e-10,2.499999688e-05,3.124999219e-10
3010,2.083333073e-05,8.680553387e-11,2.083333073e-05,8.680553387e-11
3011,2.916666302e-05,3.298610286e-10,2.916666302e-05,3.298610286e-10
3012,5.833332605e-05,8.680553385e-10,5.833332605e-05,8.680553385e-10
3013,1.666666458e-05,6.944442709e-11,1.666666458e-05,6.944442709e-11
3014,2.499999688e-05,3.124999219e-10,2.499999688e-05,3.124999219e-10
3015,8.333332291e-06,3.472221354e-11,8.333332291e-06,3.472221354e-11
3016,6.249999217e-05,8.854164449e-10,6.249999217e-05,8.854164449e-10
3017,1.666666459e-05,2.777777083e-10,1.666666459e-05,2.777777083e-10
3018,2.083333073e-05,2.951388151e-10,2.083333073e-05,2.951388151e-10
3019,1.666666459e-05,2.777777083e-10,1.666666459e-05,2.777777083e-10
3020,5.41666599e-05,8.506942317e-10,5.41666599e-05,8.506942317e-10
3021,1.666666459e-05,2.777777083e-10,1.666666459e-05,2.777777083e-10
3022,6.666665834e-05,1.111110833e-09,6.666665834e-05,1.111110833e-09
3023,2.083333073e-05,2.951388151e-10,2.083333073e-05,2.951388151e-10
3024,4.166666146e-05,5.902776302e-10,4.166666146e-05,5.902776302e-10
3025,5.41666599e-05,8.506942317e-10,5.41666599e-05,8.506942317e-10
3026,2.083333073e-05,2.951388151e-10,2.083333073e-05,2.951388151e-10
3027,4.166666146e-05,5.902776302e-10,4.166666146e-05,5.902776302e-10
3028,0,0,0,0
3029,4.166666145e-06,1.736110677e-11,4.166666145e-06,1.736110677e-11
3030,4.166666145e-06,1.736110677e-11,4.166666145e-06,1.736110677e-11
3031,4.166666145e-06,1.736110677e-11,4.166666145e-06,1.736110677e-11
3032,3.333332917e-05,3.472221354e-10,3.333332917e-05,3.472221354e-10
3033,2.916666302e-05,3.298610286e-10,2.916666302e-05,3.298610286e-10
3034,2.499999688e-05,3.124999219e-10,2.499999688e-05,3.124999219e-10
3035,0,0,0,0
3036,8.333332291e-06,3.472221354e-11,8.333332291e-06,3.472221354e-11
3037,2.083333073e-05,8.680553386e-11,2.083333073e-05,8.680553386e-11
3038,8.33333229e-06,3.472221355e-11,8.33333229e-06,3.472221355e-11
3039,5.41666599e-05,8.506942317e-10,5.41666599e-05,8.506942317e-10
3040,5.833332605e-05,8.680553385e-10,5.833332605e-05,8.680553385e-10
3041,2.499999688e-05,3.124999219e-10,2.499999688e-05,3.124999219e-10
3042,3.333332916e-05,5.555554165e-10,3.333332916e-05,5.555554165e-10
3043,3.333332917e-05,5.555554166e-10,3.333332917e-05,5.555554166e-10
3044,2.916666302e-05,3.298610286e-10,2.916666302e-05,3.298610286e-10
3045,2.083333073e-05,2.951388151e-10,2.083333073e-05,2.951388151e-10
3046,1.666666459e-05,2.777777083e-10,1.666666459e-05,2.777777083e-10
3047,1.666666459e-05,2.777777083e-10,1.666666459e-05,2.777777083e-10
3048,8.333332291e-06,3.472221354e-11,8.333332291e-06,3.472221354e-11
3049,8.33333229e-06,3.472221355e-11,8.33333229e-06,3.472221355e-11
3050,5.833332605e-05,8.680553385e-10,5.833332605e-05,8.680553385e-10
3051,3.749999532e-05,5.729165234e-10,3.749999532e-05,5.729165234e-10
3052,4.166666145e-06,1.736110677e-11,4.166666145e-06,1.736110677e-11
3053,2.916666302e-05,3.298610286e-10,2.916666302e-05,3.298610286e-10
3054,8.333332292e-06,3.472221354e-11,8.333332292e-06,3.472221354e-11
3055,4.166666146e-05,5.902776302e-10,4.166666146e-05,5.902776302e-10
3056,5.41666599e-05,8.506942317e-10,5.41666599e-05,8.506942317e-10
3057,3.749999532e-05,5.729165234e-10,3.749999532e-05,5.729165234e-10
3058,4.583332761e-05,6.07638737e-10,4.583332761e-05,6.07638737e-10
3059,5.833332604e-05,8.680553385e-10,5.833332604e-05,8.680553385e-10
3060,2.916666302e-05,3.298610286e-10,2.916666302e-05,3.298610286e-10
3061,3.333332917e-05,3.472221354e-10,3.333332917e-05,3.472221354e-10
3062,4.166666146e-05,5.902776302e-10,4.166666146e-05,5.902776302e-10
3063,2.499999688e-05,3.124999219e-10,2.499999688e-05,3.124999219e-10
3064,5.833332605e-05,8.680553385e-10,5.833332605e-05,8.680553385e-10
3065,3.333332917e-05,5.555554166e-10,3.333332917e-05,5.555554166e-10
3066,4.166666146e-05,5.902776302e-10,4.166666146e-05,5.902776302e-10
3067,3.333332917e-05,5.555554166e-10,3.333332917e-05,5.555554166e-10
3068,1.666666459e-05,2.777777083e-10,1.666666459e-05,2.777777083e-10
3069,2.916666302e-05,3.298610286e-10,2.916666302e-05,3.298610286e-10
3070,1.666666459e-05,2.777777083e-10,1.666666459e-05,2.777777083e-10
3071,2.083333073e-05,2.951388151e-10,2.083333073e-05,2.951388151e-10
3072,2.083333073e-05,8.680553386e-11,2.083333073e-05,8.680553386e-11
3073,2.499999688e-05,3.124999219e-10,2.499999688e-05,3.124999219e-10
3074,2.916666302e-05,3.298610286e-10,2.916666302e-05,3.298610286e-10
3075,5.833332605e-05,8.680553385e-10,5.833332605e-05,8.680553385e-10
3076,3.333332917e-05,5.555554166e-10,3.333332917e-05,5.555554166e-10
3077,4.166666146e-05,5.902776302e-10,4.166666146e-05,5.902776302e-10
3078,4.583332761e-05,6.07638737e-10,4.583332761e-05,6.07638737e-10
3079,4.999999376e-05,8.33333125e-10,4.999999376e-05,8.33333125e-10
3080,3.749999532e-05,5.729165234e-10,3.749999532e-05,5.729165234e-10
3081,7.083332448e-05,9.201386588e-10,7.083332448e-05,9.201386588e-10
3082,2.083333073e-05,2.951388151e-10,2.083333073e-05,2.951388151e-10
3083,4.166666146e-05,5.902776302e-10,4.166666146e-05,5.902776302e-10
3084,2.083333073e-05,2.951388151e-10,2.083333073e-05,2.951388151e-10
3085,4.305555017e-05,7.889658521e-10,4.305555017e-05,7.889658521e-10
3086,4.583332761e-05,6.07638737e-10,4.583332761e-05,6.07638737e-10
3087,8.33333229e-06,3.472221355e-11,8.33333229e-06,3.472221355e-11
3088,1.666666459e-05,2.777777083e-10,1.666666459e-05,2.777777083e-10
3089,2.916666302e-05,3.298610286e-10,2.916666302e-05,3.298610286e-10
3090,3.333332917e-05,3.472221354e-10,3.333332917e-05,3.472221354e-10
3091,6.666665834e-05,9.02777552e-10,6.666665834e-05,9.02777552e-10
3092,5.41666599e-05,8.506942317e-10,5.41666599e-05,8.506942317e-10
3093,4.583332761e-05,6.07638737e-10,4.583332761e-05,6.07638737e-10
3094,3.749999532e-05,5.729165234e-10,3.749999532e-05,5.729165234e-10
3095,2.083333073e-05,2.951388151e-10,2.083333073e-05,2.951388151e-10
3096,5.833332605e-05,8.680553385e-10,5.833332605e-05,8.680553385e-10
3097,8.33333229e-06,3.472221355e-11,8.33333229e-06,3.472221355e-11
3098,2.916666302e-05,3.298610286e-10,2.916666302e-05,3.298610286e-10
3099,2.499999688e-05,3.124999219e-10,2.499999688e-05,3.124999219e-10
3100,8.333332291e-06,3.472221354e-11,8.333332291e-06,3.472221354e-11
3101,2.083333073e-05,2.951388151e-10,2.083333073e-05,2.951388151e-10
3102,1.249999844e-05,5.208332032e-11,1.249999844e-05,5.208332032e-11
3103,4.166666146e-05,5.902776302e-10,4.166666146e-05,5.902776302e-10
3104,2.083333073e-05,2.951388151e-10,2.083333073e-05,2.951388151e-10
3105,8.333332291e-06,3.472221354e-11,8.333332291e-06,3.472221354e-11
3106,3.333332917e-05,3.472221354e-10,3.333332917e-05,3.472221354e-10
3107,3.749999532e-05,5.729165234e-10,3.749999532e-05,5.729165234e-10
3108,4.166666146e-05,5.902776302e-10,4.166666146e-05,5.902776302e-10
3109,2.916666302e-05,3.298610286e-10,2.916666302e-05,3.298610286e-10
3110,8.333332292e-06,3.472221354e-11,8.333332292e-06,3.472221354e-11
3111,1.666666459e-05,2.777777083e-10,1.666666459e-05,2.777777083e-10
3112,3.333332917e-05,5.555554166e-10,3.333332917e-05,5.555554166e-10
3113,4.583332761e-05,6.076387369e-10,4.583332761e-05,6.076387369e-10
3114,2.916666302e-05,3.298610286e-10,2.916666302e-05,3.298610286e-10
3115,8.333332291e-06,3.472221354e-11,8.333332291e-06,3.472221354e-11
3116,2.083333073e-05,2.951388151e-10,2.083333073e-05,2.951388151e-10
3117,2.916666302e-05,3.298610286e-10,2.916666302e-05,3.298610286e-10
3118,4.583332761e-05,6.07638737e-10,4.583332761e-05,6.07638737e-10
3119,1.388888715e-05,6.558640336e-11,1.388888715e-05,6.558640336e-11
3120,2.083333073e-05,2.951388151e-10,2.083333073e-05,2.951388151e-10
3121,4.166666146e-05,5.902776302e-10,4.166666146e-05,5.902776302e-10
3122,2.499999688e-05,3.124999219e-10,2.499999688e-05,3.124999219e-10
3123,1.249999844e-05,5.208332032e-11,1.249999844e-05,5.208332032e-11
3124,4.999999376e-05,8.33333125e-10,4.999999376e-05,8.33333125e-10
3125,4.166666146e-06,1.736110677e-11,4.166666146e-06,1.736110677e-11
3126,8.749998907e-05,1.406249648e-09,8.749998907e-05,1.406249648e-09
3127,1.666666459e-05,2.777777083e-10,1.666666459e-05,2.777777083e-10
3128,4.583332761e-05,6.07638737e-10,4.583332761e-05,6.07638737e-10
3129,5.41666599e-05,8.506942317e-10,5.41666599e-05,8.506942317e-10
3130,2.083333073e-05,2.951388151e-10,2.083333073e-05,2.951388151e-10
3131,5.41666599e-05,6.423609505e-10,5.41666599e-05,6.423609505e-10
3132,3.749999532e-05,5.729165234e-10,3.749999532e-05,5.729165234e-10
3133,2.083333073e-05,2.951388151e-10,2.083333073e-05,2.951388151e-10
3134,6.666665834e-05,1.111110833e-09,6.666665834e-05,1.111110833e-09
3135,2.916666302e-05,3.298610286e-10,2.916666302e-05,3.298610286e-10
3136,5.833332605e-05,8.680553385e-10,5.833332605e-05,8.680553385e-10
3137,8.333332291e-06,3.472221354e-11,8.333332291e-06,3.472221354e-11
3138,4.166666146e-06,1.736110677e-11,4.166666146e-06,1.736110677e-11
3139,1.249999844e-05,5.208332032e-11,1.249999844e-05,5.208332032e-11
3140,1.666666459e-05,2.777777083e-10,1.666666459e-05,2.777777083e-10
3141,8.333332291e-06,3.472221354e-11,8.333332291e-06,3.472221354e-11
3142,2.499999688e-05,3.124999219e-10,2.499999688e-05,3.124999219e-10
3143,1.249999844e-05,5.208332032e-11,1.249999844e-05,5.208332032e-11
3144,1.666666459e-05,2.777777083e-10,1.666666459e-05,2.777777083e-10
3145,3.333332916e-05,3.472221354e-10,3.333332916e-05,3.472221354e-10
3146,5.41666599e-05,8.506942317e-10,5.41666599e-05,8.506942317e-10
3147,2.499999688e-05,3.124999219e-10,2.499999688e-05,3.124999219e-10
3148,3.749999532e-05,5.729165234e-10,3.749999532e-05,5.729165234e-10
3149,1.249999844e-05,5.208332032e-11,1.249999844e-05,5.208332032e-11
3150,5.833332605e-05,8.680553385e-10,5.833332605e-05,8.680553385e-10
3151,4.166666146e-05,5.902776302e-10,4.166666146e-05,5.902776302e-10
3152,5.41666599e-05,8.506942317e-10,5.41666599e-05,8.506942317e-10
3153,4.166666146e-06,1.736110677e-11,4.166666146e-06,1.736110677e-11
3154,4.166666145e-06,1.736110677e-11,4.166666145e-06,1.736110677e-11
3155,1.249999844e-05,5.208332032e-11,1.249999844e-05,5.208332032e-11
3156,4.166666145e-06,1.736110677e-11,4.166666145e-06,1.736110677e-11
3157,4.166666146e-05,5.902776302e-10,4.166666146e-05,5.902776302e-10
3158,2.916666302e-05,3.298610286e-10,2.916666302e-05,3.298610286e-10
3159,4.166666145e-06,1.736110677e-11,4.166666145e-06,1.736110677e-11
3160,6.249999219e-05,8.854164453e-10,6.249999219e-05,8.854164453e-10
3161,2.083333073e-05,2.951388151e-10,2.083333073e-05,2.951388151e-10
3162,4.166666145e-06,1.736110677e-11,4.166666145e-06,1.736110677e-11
3163,2.083333073e-05,2.951388151e-10,2.083333073e-05,2.951388151e-10
3164,4.166666146e-05,5.902776302e-10,4.166666146e-05,5.902776302e-10
3165,2.083333073e-05,2.951388151e-10,2.083333073e-05,2.951388151e-10
3166,8.333332293e-06,3.472221355e-11,8.333332293e-06,3.472221355e-11
3167,8.333332291e-06,3.472221354e-11,8.333332291e-06,3.472221354e-11
3168,8.333332293e-06,3.472221355e-11,8.333332293e-06,3.472221355e-11
3169,4.166666145e-06,1.736110677e-11,4.166666145e-06,1.736110677e-11
3170,4.166666146e-05,5.902776302e-10,4.166666146e-05,5.902776302e-10
3171,2.499999688e-05,3.124999219e-10,2.499999688e-05,3.124999219e-10
3172,4.166666146e-06,1.736110677e-11,4.166666146e-06,1.736110677e-11
3173,3.749999532e-05,5.729165234e-10,3.749999532e-05,5.729165234e-10
3174,2.916666302e-05,3.298610286e-10,2.916666302e-05,3.298610286e-10
3175,4.166666146e-05,5.902776302e-10,4.166666146e-05,5.902776302e-10
3176,0,0,0,0
3177,2.083333073e-05,2.951388151e-10,2.083333073e-05,2.951388151e-10
3178,8.333332291e-06,3.472221354e-11,8.333332291e-06,3.472221354e-11
3179,4.166666146e-05,1.145833047e-09,4.166666146e-05,1.145833047e-09
3180,1.666666459e-05,2.777777083e-10,1.666666459e-05,2.777777083e-10
3181,3.333332917e-05,3.472221354e-10,3.333332917e-05,3.472221354e-10
3182,1.666666459e-05,2.777777083e-10,1.666666459e-05,2.777777083e-10
3183,3.333332917e-05,5.555554166e-10,3.333332917e-05,5.555554166e-10
3184,3.749999532e-05,5.729165234e-10,3.749999532e-05,5.729165234e-10
3185,1.666666459e-05,2.777777083e-10,1.666666459e-05,2.777777083e-10
3186,2.916666302e-05,3.298610286e-10,2.916666302e-05,3.298610286e-10
3187,2.499999688e-05,3.124999219e-10,2.499999688e-05,3.124999219e-10
3188,0,0,0,0
3189,2.916666302e-05,3.298610286e-10,2.916666302e-05,3.298610286e-10
3190,1.666666459e-05,2.777777083e-10,1.666666459e-05,2.777777083e-10
3191,4.166666146e-06,1.736110677e-11,4.166666146e-06,1.736110677e-11
3192,2.499999688e-05,3.124999219e-10,2.499999688e-05,3.124999219e-10
3193,2.916666302e-05,3.298610286e-10,2.916666302e-05,3.298610286e-10
3194,1.666666459e-05,2.777777083e-10,1.666666459e-05,2.777777083e-10
3195,1.666666459e-05,2.777777083e-10,1.666666459e-05,2.777777083e-10
3196,8.333332291e-06,3.472221354e-11,8.333332291e-06,3.472221354e-11
3197,3.749999532e-05,5.729165234e-10,3.749999532e-05,5.729165234e-10
3198,8.33333229e-06,3.472221355e-11,8.33333229e-06,3.472221355e-11
3199,3.749999532e-05,5.729165234e-10,3.749999532e-05,5.729165234e-10
3200,2.916666302e-05,3.298610286e-10,2.916666302e-05,3.298610286e-10
3201,3.749999532e-05,5.729165234e-10,3.749999532e-05,5.729165234e-10
3202,7.083332448e-05,9.201386588e-10,7.083332448e-05,9.201386588e-10
3203,2.916666302e-05,3.298610286e-10,2.916666302e-05,3.298610286e-10
3204,2.083333073e-05,2.951388151e-10,2.083333073e-05,2.951388151e-10
3205,5.41666599e-05,8.506942317e-10,5.41666599e-05,8.506942317e-10
3206,8.333332291e-06,3.472221354e-11,8.333332291e-06,3.472221354e-11
3207,8.749998907e-05,1.406249648e-09,8.749998907e-05,1.406249648e-09
3208,0,0,0,0
3209,2.083333073e-05,8.680553385e-11,2.083333073e-05,8.680553385e-11
3210,4.999999375e-05,6.249998437e-10,4.999999375e-05,6.249998437e-10
3211,8.33333229e-06,3.472221354e-11,8.33333229e-06,3.472221354e-11
3212,8.33333229e-06,3.472221355e-11,8.33333229e-06,3.472221355e-11
3213,3.333332917e-05,5.555554166e-10,3.333332917e-05,5.555554166e-10
3214,8.333332291e-06,3.472221354e-11,8.333332291e-06,3.472221354e-11
3215,8.333332292e-06,3.472221354e-11,8.333332292e-06,3.472221354e-11
3216,3.333332917e-05,5.555554166e-10,3.333332917e-05,5.555554166e-10
3217,7.083332448e-05,1.12847194e-09,7.083332448e-05,1.12847194e-09
3218,2.499999688e-05,3.124999219e-10,2.499999688e-05,3.124999219e-10
3219,2.499999688e-05,3.124999219e-10,2.499999688e-05,3.124999219e-10
3220,4.166666146e-06,1.736110677e-11,4.166666146e-06,1.736110677e-11
3221,3.333332917e-05,5.555554166e-10,3.333332917e-05,5.555554166e-10
3222,1.666666459e-05,2.777777083e-10,1.666666459e-05,2.777777083e-10
3223,3.749999532e-05,5.729165234e-10,3.749999532e-05,5.729165234e-10
3224,4.166666146e-06,1.736110677e-11,4.166666146e-06,1.736110677e-11
3225,2.916666302e-05,3.298610286e-10,2.916666302e-05,3.298610286e-10
3226,4.166666146e-06,1.736110677e-11,4.166666146e-06,1.736110677e-11
3227,3.333332917e-05,5.555554166e-10,3.333332917e-05,5.555554166e-10
3228,1.666666459e-05,2.777777083e-10,1.666666459e-05,2.777777083e-10
3229,3.749999532e-05,5.729165234e-10,3.749999532e-05,5.729165234e-10
3230,4.166666145e-06,1.736110677e-11,4.166666145e-06,1.736110677e-11
3231,1.666666459e-05,2.777777083e-10,1.666666459e-05,2.777777083e-10
3232,4.166666145e-06,1.736110677e-11,4.166666145e-06,1.736110677e-11
3233,1.666666459e-05,2.777777083e-10,1.666666459e-05,2.777777083e-10
3234,2.083333073e-05,2.951388151e-10,2.083333073e-05,2.951388151e-10
3235,3.333332917e-05,3.472221354e-10,3.333332917e-05,3.472221354e-10
3236,2.083333073e-05,2.951388151e-10,2.083333073e-05,2.951388151e-10
3237,8.33333229e-06,3.472221355e-11,8.33333229e-06,3.472221355e-11
3238,5.41666599e-05,6.423609505e-10,5.41666599e-05,6.423609505e-10
3239,4.166666146e-06,1.736110677e-11,4.166666146e-06,1.736110677e-11
3240,2.916666302e-05,3.298610286e-10,2.916666302e-05,3.298610286e-10
3241,1.666666459e-05,2.777777083e-10,1.666666459e-05,2.777777083e-10
3242,1.666666458e-05,6.944442709e-11,1.666666458e-05,6.944442709e-11
3243,2.083333073e-05,2.951388151e-10,2.083333073e-05,2.951388151e-10
3244,2.499999688e-05,3.124999219e-10,2.499999688e-05,3.124999219e-10
3245,8.33333229e-06,3.472221355e-11,8.33333229e-06,3.472221355e-11
3246,2.083333073e-05,2.951388151e-10,2.083333073e-05,2.951388151e-10
3247,0,0,0,0
3248,2.499999688e-05,3.124999219e-10,2.499999688e-05,3.124999219e-10
3249,3.749999532e-05,5.729165234e-10,3.749999532e-05,5.729165234e-10
3250,3.333332917e-05,3.472221354e-10,3.333332917e-05,3.472221354e-10
3251,2.083333073e-05,2.951388151e-10,2.083333073e-05,2.951388151e-10
3252,2.083333073e-05,2.951388151e-10,2.083333073e-05,2.951388151e-10
3253,4.999999376e-05,8.33333125e-10,4.999999376e-05,8.33333125e-10
3254,5.833332605e-05,8.680553385e-10,5.833332605e-05,8.680553385e-10
3255,4.166666145e-06,1.736110677e-11,4.166666145e-06,1.736110677e-11
3256,4.999999375e-05,6.249998437e-10,4.999999375e-05,6.249998437e-10
3257,2.083333073e-05,8.680553386e-11,2.083333073e-05,8.680553386e-11
3258,2.916666302e-05,3.298610286e-10,2.916666302e-05,3.298610286e-10
3259,3.749999532e-05,5.729165234e-10,3.749999532e-05,5.729165234e-10
3260,4.166666145e-06,1.736110677e-11,4.166666145e-06,1.736110677e-11
3261,1.249999844e-05,5.208332032e-11,1.249999844e-05,5.208332032e-11
3262,2.083333073e-05,2.951388151e-10,2.083333073e-05,2.951388151e-10
3263,2.916666302e-05,3.298610286e-10,2.916666302e-05,3.298610286e-10
3264,3.333332917e-05,3.472221354e-10,3.333332917e-05,3.472221354e-10
3265,0,0,0,0
3266,6.666665834e-05,1.111110833e-09,6.666665834e-05,1.111110833e-09
3267,3.333332917e-05,3.472221354e-10,3.333332917e-05,3.472221354e-10
3268,2.083333073e-05,2.951388151e-10,2.083333073e-05,2.951388151e-10
3269,1.249999844e-05,5.208332031e-11,1.249999844e-05,5.208332031e-11
3270,5.833332605e-05,8.680553385e-10,5.833332605e-05,8.680553385e-10
3271,4.166666145e-06,1.736110677e-11,4.166666145e-06,1.736110677e-11
3272,2.499999688e-05,3.124999219e-10,2.499999688e-05,3.124999219e-10
3273,9.166665522e-05,1.423610755e-09,9.166665522e-05,1.423610755e-09
3274,4.166666146e-05,5.902776302e-10,4.166666146e-05,5.902776302e-10
3275,5.833332604e-05,8.680553385e-10,5.833332604e-05,8.680553385e-10
3276,3.749999532e-05,5.729165234e-10,3.749999532e-05,5.729165234e-10
3277,4.166666145e-06,1.736110677e-11,4.166666145e-06,1.736110677e-11
3278,4.583332761e-05,6.07638737e-10,4.583332761e-05,6.07638737e-10
3279,1.249999844e-05,5.208332032e-11,1.249999844e-05,5.208332032e-11
3280,2.083333073e-05,2.951388151e-10,2.083333073e-05,2.951388151e-10
3281,1.249999844e-05,5.208332032e-11,1.249999844e-05,5.208332032e-11
3282,4.999999376e-05,8.33333125e-10,4.999999376e-05,8.33333125e-10
3283,2.083333073e-05,2.951388151e-10,2.083333073e-05,2.951388151e-10
3284,3.749999532e-05,5.729165234e-10,3.749999532e-05,5.729165234e-10
3285,3.333332917e-05,5.555554166e-10,3.333332917e-05,5.555554166e-10
3286,4.166666146e-05,5.902776302e-10,4.166666146e-05,5.902776302e-10
3287,3.749999531e-05,3.645832422e-10,3.749999531e-05,3.645832422e-10
3288,8.33333229e-06,3.472221355e-11,8.33333229e-06,3.472221355e-11
3289,6.666665834e-05,9.02777552e-10,6.666665834e-05,9.02777552e-10
3290,4.166666146e-05,5.902776302e-10,4.166666146e-05,5.902776302e-10
3291,1.666666459e-05,2.777777083e-10,1.666666459e-05,2.777777083e-10
3292,6.249999219e-05,8.854164453e-10,6.249999219e-05,8.854164453e-10
3293,9.583332136e-05,1.440971862e-09,9.583332136e-05,1.440971862e-09
3294,6.249999219e-05,8.854164453e-10,6.249999219e-05,8.854164453e-10
3295,2.083333073e-05,2.951388151e-10,2.083333073e-05,2.951388151e-10
3296,2.499999688e-05,3.124999219e-10,2.499999688e-05,3.124999219e-10
3297,4.166666145e-06,1.736110677e-11,4.166666145e-06,1.736110677e-11
3298,3.749999532e-05,5.729165234e-10,3.749999532e-05,5.729165234e-10
3299,0,0,0,0
3300,2.916666302e-05,3.298610286e-10,2.916666302e-05,3.298610286e-10
3301,2.083333073e-05,2.951388151e-10,2.083333073e-05,2.951388151e-10
3302,2.499999688e-05,3.124999219e-10,2.499999688e-05,3.124999219e-10
3303,5.41666599e-05,8.506942317e-10,5.41666599e-05,8.506942317e-10
3304,2.083333073e-05,2.951388151e-10,2.083333073e-05,2.951388151e-10
3305,1.666666459e-05,2.777777083e-10,1.666666459e-05,2.777777083e-10
3306,6.249999219e-05,8.854164453e-10,6.249999219e-05,8.854164453e-10
3307,1.666666459e-05,2.777777083e-10,1.666666459e-05,2.777777083e-10
3308,2.083333073e-05,2.951388151e-10,2.083333073e-05,2.951388151e-10
3309,2.083333073e-05,2.951388151e-10,2.083333073e-05,2.951388151e-10
3310,2.499999688e-05,3.124999219e-10,2.499999688e-05,3.124999219e-10
3311,6.666665833e-05,1.111110833e-09,6.666665833e-05,1.111110833e-09
3312,4.166666146e-05,5.902776302e-10,4.166666146e-05,5.902776302e-10
3313,3.333332917e-05,3.472221354e-10,3.333332917e-05,3.472221354e-10
3314,4.166666145e-06,1.736110677e-11,4.166666145e-06,1.736110677e-11
3315,8.33333229e-06,3.472221355e-11,8.33333229e-06,3.472221355e-11
3316,0,0,0,0
3317,1.249999844e-05,5.208332031e-11,1.249999844e-05,5.208332031e-11
3318,3.749999532e-05,5.729165234e-10,3.749999532e-05,5.729165234e-10
3319,2.499999688e-05,3.124999219e-10,2.499999688e-05,3.124999219e-10
3320,4.166666145e-06,1.736110677e-11,4.166666145e-06,1.736110677e-11
3321,8.33333229e-06,3.472221355e-11,8.33333229e-06,3.472221355e-11
3322,4.166666146e-06,1.736110677e-11,4.166666146e-06,1.736110677e-11
3323,0,0,0,0
3324,5.41666599e-05,8.506942317e-10,5.41666599e-05,8.506942317e-10
3325,3.749999532e-05,5.729165234e-10,3.749999532e-05,5.729165234e-10
3326,4.166666146e-05,5.902776302e-10,4.166666146e-05,5.902776302e-10
3327,8.333332291e-06,3.472221354e-11,8.333332291e-06,3.472221354e-11
3328,2.083333073e-05,2.951388151e-10,2.083333073e-05,2.951388151e-10
3329,2.499999688e-05,3.124999219e-10,2.499999688e-05,3.124999219e-10
3330,5.41666599e-05,8.506942317e-10,5.41666599e-05,8.506942317e-10
3331,4.166666146e-05,5.902776302e-10,4.166666146e-05,5.902776302e-10
3332,4.166666146e-05,5.902776302e-10,4.166666146e-05,5.902776302e-10
3333,1.666666459e-05,2.777777083e-10,1.666666459e-05,2.777777083e-10
3334,4.166666145e-06,1.736110677e-11,4.166666145e-06,1.736110677e-11
3335,4.166666145e-06,1.736110677e-11,4.166666145e-06,1.736110677e-11
3336,2.499999688e-05,3.124999219e-10,2.499999688e-05,3.124999219e-10
3337,4.166666146e-05,5.902776302e-10,4.166666146e-05,5.902776302e-10
3338,1.666666458e-05,6.944442709e-11,1.666666458e-05,6.944442709e-11
3339,4.999999376e-05,8.33333125e-10,4.999999376e-05,8.33333125e-10
3340,2.083333073e-05,2.951388151e-10,2.083333073e-05,2.951388151e-10
3341,1.249999844e-05,5.208332032e-11,1.249999844e-05,5.208332032e-11
3342,3.749999532e-05,5.729165234e-10,3.749999532e-05,5.729165234e-10
3343,3.333332917e-05,5.555554166e-10,3.333332917e-05,5.555554166e-10
3344,1.249999843e-05,5.208332032e-11,1.249999843e-05,5.208332032e-11
3345,4.166666145e-05,5.902776299e-10,4.166666145e-05,5.902776299e-10
3346,5.833332605e-05,8.680553385e-10,5.833332605e-05,8.680553385e-10
3347,4.166666145e-06,1.736110677e-11,4.166666145e-06,1.736110677e-11
3348,3.749999532e-05,5.729165234e-10,3.749999532e-05,5.729165234e-10
3349,4.166666146e-05,5.902776302e-10,4.166666146e-05,5.902776302e-10
3350,6.666665834e-05,9.02777552e-10,6.666665834e-05,9.02777552e-10
3351,5.41666599e-05,8.506942317e-10,5.41666599e-05,8.506942317e-10
3352,4.166666145e-06,1.736110677e-11,4.166666145e-06,1.736110677e-11
3353,2.083333073e-05,2.951388151e-10,2.083333073e-05,2.951388151e-10
3354,4.583332761e-05,6.07638737e-10,4.583332761e-05,6.07638737e-10
3355,3.333332917e-05,3.472221354e-10,3.333332917e-05,3.472221354e-10
3356,8.333332293e-06,3.472221355e-11,8.333332293e-06,3.472221355e-11
3357,2.083333073e-05,2.951388151e-10,2.083333073e-05,2.951388151e-10
3358,4.166666145e-06,1.736110677e-11,4.166666145e-06,1.736110677e-11
3359,0,0,0,0
3360,2.499999688e-05,3.124999219e-10,2.499999688e-05,3.124999219e-10
3361,2.083333073e-05,2.951388151e-10,2.083333073e-05,2.951388151e-10
3362,2.083333073e-05,2.951388151e-10,2.083333073e-05,2.951388151e-10
3363,4.999999376e-05,8.33333125e-10,4.999999376e-05,8.33333125e-10
3364,1.249999844e-05,5.208332032e-11,1.249999844e-05,5.208332032e-11
3365,3.333332917e-05,6.597220573e-10,3.333332917e-05,6.597220573e-10
3366,4.166666146e-05,3.819443489e-10,4.166666146e-05,3.819443489e-10
3367,1.666666459e-05,2.777777083e-10,1.666666459e-05,2.777777083e-10
3368,4.583332761e-05,6.07638737e-10,4.583332761e-05,6.07638737e-10
3369,0,0,0,0
3370,1.666666459e-05,2.777777083e-10,1.666666459e-05,2.777777083e-10
3371,2.499999688e-05,3.124999219e-10,2.499999688e-05,3.124999219e-10
3372,4.583332761e-05,6.07638737e-10,4.583332761e-05,6.07638737e-10
3373,3.749999532e-05,5.729165234e-10,3.749999532e-05,5.729165234e-10
3374,1.666666459e-05,2.777777083e-10,1.666666459e-05,2.777777083e-10
3375,6.944443576e-06,4.822529659e-11,6.944443576e-06,4.822529659e-11
3376,3.749999532e-05,5.729165234e-10,3.749999532e-05,5.729165234e-10
3377,1.249999844e-05,5.208332032e-11,1.249999844e-05,5.208332032e-11
3378,2.499999687e-05,1.041666406e-10,2.499999687e-05,1.041666406e-10
3379,2.499999688e-05,3.124999219e-10,2.499999688e-05,3.124999219e-10
3380,2.083333073e-05,2.951388151e-10,2.083333073e-05,2.951388151e-10
3381,1.666666459e-05,2.777777083e-10,1.666666459e-05,2.777777083e-10
3382,7.499999063e-05,1.145833047e-09,7.499999063e-05,1.145833047e-09
3383,5.833332605e-05,8.680553385e-10,5.833332605e-05,8.680553385e-10
3384,8.33333229e-06,3.472221355e-11,8.33333229e-06,3.472221355e-11
3385,4.166666145e-06,1.736110677e-11,4.166666145e-06,1.736110677e-11
3386,2.083333073e-05,2.951388151e-10,2.083333073e-05,2.951388151e-10
3387,4.166666146e-05,5.902776302e-10,4.166666146e-05,5.902776302e-10
3388,0,0,0,0
3389,1.666666459e-05,2.777777083e-10,1.666666459e-05,2.777777083e-10
3390,1.666666459e-05,2.777777083e-10,1.666666459e-05,2.777777083e-10
3391,2.083333073e-05,2.951388151e-10,2.083333073e-05,2.951388151e-10
3392,4.166666145e-06,1.736110677e-11,4.166666145e-06,1.736110677e-11
3393,2.499999688e-05,3.124999219e-10,2.499999688e-05,3.124999219e-10
3394,3.333332917e-05,3.472221354e-10,3.333332917e-05,3.472221354e-10
3395,1.666666459e-05,2.777777083e-10,1.666666459e-05,2.777777083e-10
3396,2.916666302e-05,3.298610286e-10,2.916666302e-05,3.298610286e-10
3397,4.166666146e-05,5.902776302e-10,4.166666146e-05,5.902776302e-10
3398,2.499999688e-05,3.124999219e-10,2.499999688e-05,3.124999219e-10
3399,8.333332291e-06,3.472221354e-11,8.333332291e-06,3.472221354e-11
3400,2.499999688e-05,3.124999219e-10,2.499999688e-05,3.124999219e-10
3401,2.499999688e-05,3.124999219e-10,2.499999688e-05,3.124999219e-10
3402,2.499999688e-05,3.124999219e-10,2.499999688e-05,3.124999219e-10
3403,4.166666146e-05,5.902776302e-10,4.166666146e-05,5.902776302e-10
3404,2.083333073e-05,2.951388151e-10,2.083333073e-05,2.951388151e-10
3405,1.666666459e-05,2.777777083e-10,1.666666459e-05,2.777777083e-10
3406,8.333332291e-06,3.472221354e-11,8.333332291e-06,3.472221354e-11
3407,4.166666145e-06,1.736110677e-11,4.166666145e-06,1.736110677e-11
3408,1.249999844e-05,5.208332032e-11,1.249999844e-05,5.208332032e-11
3409,1.666666459e-05,2.777777083e-10,1.666666459e-05,2.777777083e-10
3410,4.166666145e-06,1.736110677e-11,4.166666145e-06,1.736110677e-11
3411,2.083333071e-05,2.951388146e-10,2.083333071e-05,2.951388146e-10
3412,8.333332291e-06,3.472221354e-11,8.333332291e-06,3.472221354e-11
3413,2.083333073e-05,2.951388151e-10,2.083333073e-05,2.951388151e-10
3414,3.333332917e-05,3.472221354e-10,3.333332917e-05,3.472221354e-10
3415,1.249999844e-05,5.208332031e-11,1.249999844e-05,5.208332031e-11
3416,3.333332917e-05,5.555554166e-10,3.333332917e-05,5.555554166e-10
3417,2.083333073e-05,2.951388151e-10,2.083333073e-05,2.951388151e-10
3418,3.333332917e-05,5.555554166e-10,3.333332917e-05,5.555554166e-10
3419,3.333332917e-05,5.555554166e-10,3.333332917e-05,5.555554166e-10
3420,4.583332761e-05,6.07638737e-10,4.583332761e-05,6.07638737e-10
3421,4.166666146e-06,1.736110677e-11,4.166666146e-06,1.736110677e-11
3422,1.249999844e-05,5.208332032e-11,1.249999844e-05,5.208332032e-11
3423,4.166666145e-06,1.736110677e-11,4.166666145e-06,1.736110677e-11
3424,0,0,0,0
3425,7.083332449e-05,1.12847194e-09,7.083332449e-05,1.12847194e-09
3426,8.33333229e-06,3.472221355e-11,8.33333229e-06,3.472221355e-11
3427,5.41666599e-05,8.506942317e-10,5.41666599e-05,8.506942317e-10
3428,2.083333073e-05,2.951388151e-10,2.083333073e-05,2.951388151e-10
3429,7.916665678e-05,1.163194154e-09,7.916665678e-05,1.163194154e-09
3430,8.333332291e-06,3.472221354e-11,8.333332291e-06,3.472221354e-11
3431,7.499999063e-05,1.145833047e-09,7.499999063e-05,1.145833047e-09
3432,1.666666459e-05,2.777777083e-10,1.666666459e-05,2.777777083e-10
3433,1.249999844e-05,5.208332032e-11,1.249999844e-05,5.208332032e-11
3434,3.749999532e-05,5.729165234e-10,3.749999532e-05,5.729165234e-10
3435,2.499999688e-05,3.124999219e-10,2.499999688e-05,3.124999219e-10
3436,8.33333229e-06,3.472221355e-11,8.33333229e-06,3.472221355e-11
3437,2.083333073e-05,2.951388151e-10,2.083333073e-05,2.951388151e-10
3438,1.666666458e-05,2.777777081e-10,1.666666458e-05,2.777777081e-10
3439,1.249999844e-05,5.208332032e-11,1.249999844e-05,5.208332032e-11
3440,4.166666146e-05,5.902776302e-10,4.166666146e-05,5.902776302e-10
3441,2.083333073e-05,2.951388151e-10,2.083333073e-05,2.951388151e-10
3442,4.166666145e-06,1.736110677e-11,4.166666145e-06,1.736110677e-11
3443,4.999999375e-05,6.249998437e-10,4.999999375e-05,6.249998437e-10
3444,4.166666146e-06,1.736110677e-11,4.166666146e-06,1.736110677e-11
3445,3.333332917e-05,3.472221354e-10,3.333332917e-05,3.472221354e-10
3446,2.083333072e-05,8.680553386e-11,2.083333072e-05,8.680553386e-11
3447,0,0,0,0
3448,1.249999844e-05,5.208332031e-11,1.249999844e-05,5.208332031e-11
3449,3.749999532e-05,5.729165234e-10,3.749999532e-05,5.729165234e-10
3450,4.166666146e-05,5.902776302e-10,4.166666146e-05,5.902776302e-10
3451,1.249999844e-05,5.208332032e-11,1.249999844e-05,5.208332032e-11
3452,2.083333073e-05,8.680553386e-11,2.083333073e-05,8.680553386e-11
3453,3.749999532e-05,5.729165234e-10,3.749999532e-05,5.729165234e-10
3454,5.41666599e-05,8.506942317e-10,5.41666599e-05,8.506942317e-10
3455,2.916666302e-05,3.298610286e-10,2.916666302e-05,3.298610286e-10
3456,2.499999688e-05,3.124999219e-10,2.499999688e-05,3.124999219e-10
3457,5.416665989e-05,8.506942315e-10,5.416665989e-05,8.506942315e-10
3458,4.166666145e-06,1.736110677e-11,4.166666145e-06,1.736110677e-11
3459,8.333332292e-06,3.472221354e-11,8.333332292e-06,3.472221354e-11
3460,2.499999688e-05,3.124999219e-10,2.499999688e-05,3.124999219e-10
3461,8.33333229e-06,3.472221355e-11,8.33333229e-06,3.472221355e-11
3462,8.33333229e-06,3.472221355e-11,8.33333229e-06,3.472221355e-11
3463,2.499999688e-05,3.124999219e-10,2.499999688e-05,3.124999219e-10
3464,3.333332917e-05,5.555554166e-10,3.333332917e-05,5.555554166e-10
3465,4.166666145e-06,1.736110677e-11,4.166666145e-06,1.736110677e-11
3466,5.833332605e-05,8.680553385e-10,5.833332605e-05,8.680553385e-10
3467,1.249999844e-05,5.208332032e-11,1.249999844e-05,5.208332032e-11
3468,8.33333229e-06,3.472221355e-11,8.33333229e-06,3.472221355e-11
3469,3.749999532e-05,5.729165234e-10,3.749999532e-05,5.729165234e-10
3470,1.666666459e-05,2.777777083e-10,1.666666459e-05,2.777777083e-10
3471,9.999998751e-05,1.66666625e-09,9.999998751e-05,1.66666625e-09
3472,0,0,0,0
3473,4.166666146e-05,5.902776302e-10,4.166666146e-05,5.902776302e-10
3474,8.333332291e-06,3.472221354e-11,8.333332291e-06,3.472221354e-11
3475,5.41666599e-05,6.423609505e-10,5.41666599e-05,6.423609505e-10
3476,2.083333073e-05,2.951388151e-10,2.083333073e-05,2.951388151e-10
3477,4.166666145e-06,1.736110677e-11,4.166666145e-06,1.736110677e-11
3478,4.166666146e-05,5.902776302e-10,4.166666146e-05,5.902776302e-10
3479,4.166666146e-05,3.819443489e-10,4.166666146e-05,3.819443489e-10
3480,1.249999843e-05,5.208332032e-11,1.249999843e-05,5.208332032e-11
3481,5.41666599e-05,8.506942317e-10,5.41666599e-05,8.506942317e-10
3482,1.249999844e-05,5.208332032e-11,1.249999844e-05,5.208332032e-11
3483,2.083333073e-05,2.951388151e-10,2.083333073e-05,2.951388151e-10
3484,3.333332917e-05,5.555554166e-10,3.333332917e-05,5.555554166e-10
3485,6.249999219e-06,3.906249023e-11,6.249999219e-06,3.906249023e-11
3486,2.499999688e-05,3.124999219e-10,2.499999688e-05,3.124999219e-10
3487,4.166666145e-06,1.736110677e-11,4.166666145e-06,1.736110677e-11
3488,0,0,0,0
3489,2.083333073e-05,2.951388151e-10,2.083333073e-05,2.951388151e-10
3490,3.749999532e-05,5.729165234e-10,3.749999532e-05,5.729165234e-10
3491,0,0,0,0
3492,2.499999688e-05,3.124999219e-10,2.499999688e-05,3.124999219e-10
3493,5.555554861e-05,1.049382454e-09,5.555554861e-05,1.049382454e-09
3494,7.916665678e-05,1.163194154e-09,7.916665678e-05,1.163194154e-09
3495,3.749999532e-05,5.729165234e-10,3.749999532e-05,5.729165234e-10
3496,1.666666458e-05,6.944442709e-11,1.666666458e-05,6.944442709e-11
3497,4.166666146e-05,5.902776302e-10,4.166666146e-05,5.902776302e-10
3498,4.166666146e-05,5.902776302e-10,4.166666146e-05,5.902776302e-10
3499,0,0,0,0
3500,4.166666146e-05,5.902776302e-10,4.166666146e-05,5.902776302e-10
3501,0,0,0,0
3502,4.166666146e-06,1.736110677e-11,4.166666146e-06,1.736110677e-11
3503,6.666665834e-05,9.02777552e-10,6.666665834e-05,9.02777552e-10
3504,2.916666302e-05,3.298610286e-10,2.916666302e-05,3.298610286e-10
3505,0,0,0,0
3506,3.749999532e-05,5.729165234e-10,3.749999532e-05,5.729165234e-10
3507,8.33333229e-06,3.472221355e-11,8.33333229e-06,3.472221355e-11
3508,3.333332917e-05,5.555554166e-10,3.333332917e-05,5.555554166e-10
3509,3.749999531e-05,5.729165232e-10,3.749999531e-05,5.729165232e-10
3510,7.916665678e-05,1.163194154e-09,7.916665678e-05,1.163194154e-09
3511,4.583332761e-05,6.07638737e-10,4.583332761e-05,6.07638737e-10
3512,0,0,0,0
3513,4.583332761e-05,6.07638737e-10,4.583332761e-05,6.07638737e-10
3514,8.333332291e-06,3.472221354e-11,8.333332291e-06,3.472221354e-11
3515,1.249999844e-05,5.208332032e-11,1.249999844e-05,5.208332032e-11
3516,2.499999688e-05,3.124999219e-10,2.499999688e-05,3.124999219e-10
3517,0,0,0,0
3518,2.499999688e-05,3.124999219e-10,2.499999688e-05,3.124999219e-10
3519,0,0,0,0
3520,3.749999532e-05,5.729165234e-10,3.749999532e-05,5.729165234e-10
3521,1.666666458e-05,6.944442709e-11,1.666666458e-05,6.944442709e-11
3522,1.666666458e-05,6.944442709e-11,1.666666458e-05,6.944442709e-11
3523,5.41666599e-05,8.506942317e-10,5.41666599e-05,8.506942317e-10
3524,3.749999532e-05,5.729165234e-10,3.749999532e-05,5.729165234e-10
3525,2.499999688e-05,3.124999219e-10,2.499999688e-05,3.124999219e-10
3526,1.249999844e-05,5.208332031e-11,1.249999844e-05,5.208332031e-11
3527,4.166666146e-06,1.736110677e-11,4.166666146e-06,1.736110677e-11
3528,4.583332761e-05,6.07638737e-10,4.583332761e-05,6.07638737e-10
3529,2.916666302e-05,3.298610286e-10,2.916666302e-05,3.298610286e-10
3530,2.083333073e-05,2.951388151e-10,2.083333073e-05,2.951388151e-10
3531,0,0,0,0
3532,2.499999688e-05,3.124999219e-10,2.499999688e-05,3.124999219e-10
3533,2.916666302e-05,3.298610286e-10,2.916666302e-05,3.298610286e-10
3534,5.833332605e-05,8.680553385e-10,5.833332605e-05,8.680553385e-10
3535,4.722221632e-05,8.063269588e-10,4.722221632e-05,8.063269588e-10
3536,8.33333229e-06,3.472221355e-11,8.33333229e-06,3.472221355e-11
3537,0,0,0,0
3538,5.833332605e-05,8.680553385e-10,5.833332605e-05,8.680553385e-10
3539,3.749999532e-05,5.729165234e-10,3.749999532e-05,5.729165234e-10
3540,2.499999688e-05,3.124999219e-10,2.499999688e-05,3.124999219e-10
3541,9.583332137e-05,1.440971862e-09,9.583332137e-05,1.440971862e-09
3542,4.999999376e-05,8.33333125e-10,4.999999376e-05,8.33333125e-10
3543,3.333332917e-05,3.472221354e-10,3.333332917e-05,3.472221354e-10
3544,0,0,0,0
3545,1.666666459e-05,2.777777083e-10,1.666666459e-05,2.777777083e-10
3546,4.583332761e-05,6.07638737e-10,4.583332761e-05,6.07638737e-10
3547,2.499999688e-05,3.124999219e-10,2.499999688e-05,3.124999219e-10
3548,2.499999688e-05,3.124999219e-10,2.499999688e-05,3.124999219e-10
3549,8.33333229e-06,3.472221355e-11,8.33333229e-06,3.472221355e-11
3550,1.666666459e-05,2.777777083e-10,1.666666459e-05,2.777777083e-10
3551,4.999999376e-05,8.33333125e-10,4.999999376e-05,8.33333125e-10
3552,2.499999688e-05,3.124999219e-10,2.499999688e-05,3.124999219e-10
3553,5.41666599e-05,8.506942317e-10,5.41666599e-05,8.506942317e-10
3554,4.166666146e-06,1.736110677e-11,4.166666146e-06,1.736110677e-11
3555,2.499999687e-05,3.124999218e-10,2.499999687e-05,3.124999218e-10
3556,4.166666145e-06,1.736110677e-11,4.166666145e-06,1.736110677e-11
3557,4.166666145e-06,1.736110677e-11,4.166666145e-06,1.736110677e-11
3558,1.249999844e-05,5.208332031e-11,1.249999844e-05,5.208332031e-11
3559,0,0,0,0
3560,3.749999531e-05,3.645832422e-10,3.749999531e-05,3.645832422e-10
3561,2.083333073e-05,2.951388151e-10,2.083333073e-05,2.951388151e-10
3562,2.499999688e-05,3.124999219e-10,2.499999688e-05,3.124999219e-10
3563,2.916666302e-05,3.298610286e-10,2.916666302e-05,3.298610286e-10
3564,2.083333073e-05,2.951388151e-10,2.083333073e-05,2.951388151e-10
3565,3.333332917e-05,3.472221354e-10,3.333332917e-05,3.472221354e-10
3566,1.666666459e-05,2.777777083e-10,1.666666459e-05,2.777777083e-10
3567,2.499999688e-05,3.124999219e-10,2.499999688e-05,3.124999219e-10
3568,2.083333073e-05,2.951388151e-10,2.083333073e-05,2.951388151e-10
3569,8.33333229e-06,3.472221355e-11,8.33333229e-06,3.472221355e-11
3570,4.166666146e-05,5.902776302e-10,4.166666146e-05,5.902776302e-10
3571,8.333332293e-05,1.388888542e-09,8.333332293e-05,1.388888542e-09
3572,3.749999532e-05,5.729165234e-10,3.749999532e-05,5.729165234e-10
3573,4.999999375e-05,8.333331247e-10,4.999999375e-05,8.333331247e-10
3574,8.33333229e-06,3.472221355e-11,8.33333229e-06,3.472221355e-11
3575,2.083333073e-05,2.951388151e-10,2.083333073e-05,2.951388151e-10
3576,4.166666146e-05,5.902776302e-10,4.166666146e-05,5.902776302e-10
3577,2.083333073e-05,2.951388151e-10,2.083333073e-05,2.951388151e-10
3578,3.055555174e-05,3.433641117e-10,3.055555174e-05,3.433641117e-10
3579,2.499999688e-05,3.124999219e-10,2.499999688e-05,3.124999219e-10
3580,3.749999532e-05,5.729165234e-10,3.749999532e-05,5.729165234e-10
3581,8.333332293e-06,3.472221355e-11,8.333332293e-06,3.472221355e-11
3582,5.833332605e-05,8.680553385e-10,5.833332605e-05,8.680553385e-10
3583,3.333332917e-05,5.555554166e-10,3.333332917e-05,5.555554166e-10
3584,3.749999532e-05,5.729165234e-10,3.749999532e-05,5.729165234e-10
3585,1.666666459e-05,2.777777083e-10,1.666666459e-05,2.777777083e-10
3586,3.749999532e-05,5.729165234e-10,3.749999532e-05,5.729165234e-10
3587,4.583332761e-05,6.07638737e-10,4.583332761e-05,6.07638737e-10
3588,2.083333073e-05,2.951388151e-10,2.083333073e-05,2.951388151e-10
3589,2.083333073e-05,2.951388151e-10,2.083333073e-05,2.951388151e-10
3590,4.166666146e-06,1.736110677e-11,4.166666146e-06,1.736110677e-11
3591,4.166666145e-06,1.736110677e-11,4.166666145e-06,1.736110677e-11
3592,2.499999688e-05,3.124999219e-10,2.499999688e-05,3.124999219e-10
3593,3.749999531e-05,5.729165232e-10,3.749999531e-05,5.729165232e-10
3594,1.666666459e-05,2.777777083e-10,1.666666459e-05,2.777777083e-10
3595,6.666665834e-05,1.111110833e-09,6.666665834e-05,1.111110833e-09
3596,5.41666599e-05,8.506942317e-10,5.41666599e-05,8.506942317e-10
3597,6.666665834e-05,9.02777552e-10,6.666665834e-05,9.02777552e-10
3598,3.749999531e-05,3.645832422e-10,3.749999531e-05,3.645832422e-10
3599,8.749998907e-05,1.406249648e-09,8.749998907e-05,1.406249648e-09
3600,4.166666145e-06,1.736110677e-11,4.166666145e-06,1.736110677e-11
3601,2.499999688e-05,3.124999219e-10,2.499999688e-05,3.124999219e-10
3602,2.499999688e-05,3.124999219e-10,2.499999688e-05,3.124999219e-10
3603,3.333332917e-05,5.555554166e-10,3.333332917e-05,5.555554166e-10
3604,1.249999844e-05,5.208332032e-11,1.249999844e-05,5.208332032e-11
3605,2.083333073e-05,2.951388151e-10,2.083333073e-05,2.951388151e-10
3606,3.333332917e-05,3.472221354e-10,3.333332917e-05,3.472221354e-10
3607,4.166666146e-05,5.902776302e-10,4.166666146e-05,5.902776302e-10
3608,3.333332917e-05,5.555554166e-10,3.333332917e-05,5.555554166e-10
3609,2.499999688e-05,3.124999219e-10,2.499999688e-05,3.124999219e-10
3610,3.749999532e-05,5.729165234e-10,3.749999532e-05,5.729165234e-10
3611,4.166666145e-06,1.736110677e-11,4.166666145e-06,1.736110677e-11
3612,3.333332917e-05,3.472221354e-10,3.333332917e-05,3.472221354e-10
3613,6.666665834e-05,1.111110833e-09,6.666665834e-05,1.111110833e-09
3614,2.499999688e-05,3.124999219e-10,2.499999688e-05,3.124999219e-10
3615,2.083333073e-05,2.951388151e-10,2.083333073e-05,2.951388151e-10
3616,2.916666302e-05,3.298610286e-10,2.916666302e-05,3.298610286e-10
3617,6.249999219e-05,8.854164453e-10,6.249999219e-05,8.854164453e-10
3618,4.999999376e-05,8.33333125e-10,4.999999376e-05,8.33333125e-10
3619,0,0,0,0
3620,4.999999376e-05,8.33333125e-10,4.999999376e-05,8.33333125e-10
3621,2.083333073e-05,8.680553386e-11,2.083333073e-05,8.680553386e-11
3622,0,0,0,0
3623,4.166666145e-06,1.736110677e-11,4.166666145e-06,1.736110677e-11
3624,1.249999844e-05,5.208332032e-11,1.249999844e-05,5.208332032e-11
3625,2.083333073e-05,2.951388151e-10,2.083333073e-05,2.951388151e-10
3626,3.333332917e-05,5.555554166e-10,3.333332917e-05,5.555554166e-10
3627,4.166666146e-05,5.902776302e-10,4.166666146e-05,5.902776302e-10
3628,2.499999688e-05,3.124999219e-10,2.499999688e-05,3.124999219e-10
3629,2.083333073e-05,2.95138815e-10,2.083333073e-05,2.95138815e-10
3630,3.333332917e-05,5.555554166e-10,3.333332917e-05,5.555554166e-10
3631,0,0,0,0
3632,2.083333073e-05,2.951388151e-10,2.083333073e-05,2.951388151e-10
3633,4.166666146e-06,1.736110677e-11,4.166666146e-06,1.736110677e-11
3634,0,0,0,0
3635,7.499999063e-05,1.145833047e-09,7.499999063e-05,1.145833047e-09
3636,5.41666599e-05,8.506942317e-10,5.41666599e-05,8.506942317e-10
3637,0,0,0,0
3638,1.666666458e-05,6.944442709e-11,1.666666458e-05,6.944442709e-11
3639,5.833332605e-05,8.680553385e-10,5.833332605e-05,8.680553385e-10
3640,3.749999532e-05,5.729165234e-10,3.749999532e-05,5.729165234e-10
3641,2.083333073e-05,2.951388151e-10,2.083333073e-05,2.951388151e-10
3642,4.166666145e-06,1.736110677e-11,4.166666145e-06,1.736110677e-11
3643,4.166666146e-06,1.736110677e-11,4.166666146e-06,1.736110677e-11
3644,8.333332293e-06,3.472221355e-11,8.333332293e-06,3.472221355e-11
3645,1.249999844e-05,5.208332032e-11,1.249999844e-05,5.208332032e-11
3646,2.916666302e-05,3.298610286e-10,2.916666302e-05,3.298610286e-10
3647,4.166666146e-05,5.902776302e-10,4.166666146e-05,5.902776302e-10
3648,0,0,0,0
3649,1.666666459e-05,2.777777083e-10,1.666666459e-05,2.777777083e-10
3650,2.499999688e-05,3.124999219e-10,2.499999688e-05,3.124999219e-10
3651,0,0,0,0
3652,2.083333073e-05,2.951388151e-10,2.083333073e-05,2.951388151e-10
3653,3.333332917e-05,5.555554166e-10,3.333332917e-05,5.555554166e-10
3654,4.583332761e-05,6.07638737e-10,4.583332761e-05,6.07638737e-10
3655,2.916666302e-05,3.298610286e-10,2.916666302e-05,3.298610286e-10
3656,3.749999532e-05,5.729165234e-10,3.749999532e-05,5.729165234e-10
3657,2.083333073e-05,2.951388151e-10,2.083333073e-05,2.951388151e-10
3658,1.249999844e-05,5.208332032e-11,1.249999844e-05,5.208332032e-11
3659,1.249999844e-05,5.208332032e-11,1.249999844e-05,5.208332032e-11
3660,8.333332291e-06,3.472221354e-11,8.333332291e-06,3.472221354e-11
3661,4.166666146e-05,5.902776302e-10,4.166666146e-05,5.902776302e-10
3662,0,0,0,0
3663,2.083333073e-05,2.951388151e-10,2.083333073e-05,2.951388151e-10
3664,8.33333229e-06,3.472221355e-11,8.33333229e-06,3.472221355e-11
3665,5.41666599e-05,8.506942317e-10,5.41666599e-05,8.506942317e-10
3666,2.499999688e-05,3.124999219e-10,2.499999688e-05,3.124999219e-10
3667,2.499999688e-05,3.124999219e-10,2.499999688e-05,3.124999219e-10
3668,6.249999219e-05,8.854164453e-10,6.249999219e-05,8.854164453e-10
3669,3.333332917e-05,5.555554166e-10,3.333332917e-05,5.555554166e-10
3670,5.41666599e-05,8.506942317e-10,5.41666599e-05,8.506942317e-10
3671,2.083333073e-05,2.951388151e-10,2.083333073e-05,2.951388151e-10
3672,2.083333073e-05,2.951388151e-10,2.083333073e-05,2.951388151e-10
3673,4.166666146e-05,5.902776302e-10,4.166666146e-05,5.902776302e-10
3674,2.916666302e-05,3.298610286e-10,2.916666302e-05,3.298610286e-10
3675,4.166666145e-06,1.736110677e-11,4.166666145e-06,1.736110677e-11
3676,2.916666302e-05,3.298610286e-10,2.916666302e-05,3.298610286e-10
3677,3.333332916e-05,3.472221354e-10,3.333332916e-05,3.472221354e-10
3678,2.083333073e-05,2.951388151e-10,2.083333073e-05,2.951388151e-10
3679,2.083333073e-05,2.951388151e-10,2.083333073e-05,2.951388151e-10
3680,2.083333073e-05,2.951388151e-10,2.083333073e-05,2.951388151e-10
3681,8.333332291e-06,3.472221354e-11,8.333332291e-06,3.472221354e-11
3682,2.083333073e-05,2.951388151e-10,2.083333073e-05,2.951388151e-10
3683,1.666666459e-05,2.777777083e-10,1.666666459e-05,2.777777083e-10
3684,1.666666459e-05,2.777777083e-10,1.666666459e-05,2.777777083e-10
3685,2.916666302e-05,3.298610286e-10,2.916666302e-05,3.298610286e-10
3686,3.333332917e-05,5.555554166e-10,3.333332917e-05,5.555554166e-10
3687,3.749999532e-05,5.729165234e-10,3.749999532e-05,5.729165234e-10
3688,4.166666146e-05,5.902776302e-10,4.166666146e-05,5.902776302e-10
3689,1.666666458e-05,6.944442709e-11,1.666666458e-05,6.944442709e-11
3690,3.74999953e-05,3.645832421e-10,3.74999953e-05,3.645832421e-10
3691,8.333332292e-05,1.388888542e-09,8.333332292e-05,1.388888542e-09
3692,1.249999844e-05,5.208332032e-11,1.249999844e-05,5.208332032e-11
3693,3.749999532e-05,5.729165234e-10,3.749999532e-05,5.729165234e-10
3694,1.666666459e-05,2.777777083e-10,1.666666459e-05,2.777777083e-10
3695,2.916666302e-05,3.298610286e-10,2.916666302e-05,3.298610286e-10
3696,2.499999688e-05,3.124999219e-10,2.499999688e-05,3.124999219e-10
3697,0,0,0,0
3698,4.583332761e-05,6.07638737e-10,4.583332761e-05,6.07638737e-10
3699,2.083333073e-05,2.951388151e-10,2.083333073e-05,2.951388151e-10
3700,4.166666145e-06,1.736110677e-11,4.166666145e-06,1.736110677e-11
3701,4.999999374e-05,6.249998436e-10,4.999999374e-05,6.249998436e-10
3702,2.499999688e-05,3.124999219e-10,2.499999688e-05,3.124999219e-10
3703,2.083333073e-05,2.951388151e-10,2.083333073e-05,2.951388151e-10
3704,2.083333073e-05,2.951388151e-10,2.083333073e-05,2.951388151e-10
3705,6.249999219e-05,8.854164453e-10,6.249999219e-05,8.854164453e-10
3706,8.333332291e-06,3.472221354e-11,8.333332291e-06,3.472221354e-11
3707,3.333332917e-05,5.555554166e-10,3.333332917e-05,5.555554166e-10
3708,1.249999844e-05,5.208332032e-11,1.249999844e-05,5.208332032e-11
3709,3.74999953e-05,5.729165229e-10,3.74999953e-05,5.729165229e-10
3710,1.666666459e-05,2.777777083e-10,1.666666459e-05,2.777777083e-10
3711,4.166666146e-06,1.736110677e-11,4.166666146e-06,1.736110677e-11
3712,2.499999688e-05,3.124999219e-10,2.499999688e-05,3.124999219e-10
3713,4.166666146e-06,1.736110677e-11,4.166666146e-06,1.736110677e-11
3714,2.916666302e-05,3.298610286e-10,2.916666302e-05,3.298610286e-10
3715,6.666665834e-05,1.111110833e-09,6.666665834e-05,1.111110833e-09
3716,3.749999531e-05,3.645832422e-10,3.749999531e-05,3.645832422e-10
3717,1.666666459e-05,2.777777083e-10,1.666666459e-05,2.777777083e-10
3718,4.166666146e-05,5.902776302e-10,4.166666146e-05,5.902776302e-10
3719,3.749999532e-05,5.729165234e-10,3.749999532e-05,5.729165234e-10
3720,5.833332605e-05,8.680553385e-10,5.833332605e-05,8.680553385e-10
3721,4.583332761e-05,6.07638737e-10,4.583332761e-05,6.07638737e-10
3722,4.166666145e-06,1.736110677e-11,4.166666145e-06,1.736110677e-11
3723,2.083333073e-05,2.951388151e-10,2.083333073e-05,2.951388151e-10
3724,5.833332605e-05,8.680553385e-10,5.833332605e-05,8.680553385e-10
3725,3.333332917e-05,5.555554166e-10,3.333332917e-05,5.555554166e-10
3726,3.333332917e-05,5.555554166e-10,3.333332917e-05,5.555554166e-10
3727,4.166666146e-05,5.902776302e-10,4.166666146e-05,5.902776302e-10
3728,2.083333073e-05,2.951388151e-10,2.083333073e-05,2.951388151e-10
3729,4.166666145e-06,1.736110677e-11,4.166666145e-06,1.736110677e-11
3730,1.666666458e-05,6.944442709e-11,1.666666458e-05,6.944442709e-11
3731,9.166665522e-05,1.423610755e-09,9.166665522e-05,1.423610755e-09
3732,3.749999532e-05,5.729165234e-10,3.749999532e-05,5.729165234e-10
3733,2.083333073e-05,2.951388151e-10,2.083333073e-05,2.951388151e-10
3734,4.583332761e-05,6.07638737e-10,4.583332761e-05,6.07638737e-10
3735,6.249999219e-05,8.854164453e-10,6.249999219e-05,8.854164453e-10
3736,2.083333073e-05,2.951388151e-10,2.083333073e-05,2.951388151e-10
3737,5.41666599e-05,8.506942317e-10,5.41666599e-05,8.506942317e-10
3738,6.249999219e-05,8.854164453e-10,6.249999219e-05,8.854164453e-10
3739,7.499999063e-05,1.145833047e-09,7.499999063e-05,1.145833047e-09
3740,1.666666458e-05,6.944442709e-11,1.666666458e-05,6.944442709e-11
3741,2.499999688e-05,3.124999219e-10,2.499999688e-05,3.124999219e-10
3742,3.749999532e-05,5.729165234e-10,3.749999532e-05,5.729165234e-10
3743,4.166666146e-06,1.736110677e-11,4.166666146e-06,1.736110677e-11
3744,3.333332917e-05,5.555554166e-10,3.333332917e-05,5.555554166e-10
3745,1.666666459e-05,2.777777083e-10,1.666666459e-05,2.777777083e-10
3746,1.666666459e-05,2.777777083e-10,1.666666459e-05,2.777777083e-10
3747,2.083333073e-05,2.951388151e-10,2.083333073e-05,2.951388151e-10
3748,2.499999688e-05,3.124999219e-10,2.499999688e-05,3.124999219e-10
3749,2.916666302e-05,3.298610286e-10,2.916666302e-05,3.298610286e-10
3750,2.083333073e-05,2.951388151e-10,2.083333073e-05,2.951388151e-10
3751,7.916665678e-05,1.163194154e-09,7.916665678e-05,1.163194154e-09
3752,2.083333073e-05,2.951388151e-10,2.083333073e-05,2.951388151e-10
3753,4.166666145e-06,1.736110677e-11,4.166666145e-06,1.736110677e-11
3754,8.333332291e-06,3.472221354e-11,8.333332291e-06,3.472221354e-11
3755,7.499999063e-05,1.145833047e-09,7.499999063e-05,1.145833047e-09
3756,3.333332917e-05,5.555554166e-10,3.333332917e-05,5.555554166e-10
3757,2.499999688e-05,3.124999219e-10,2.499999688e-05,3.124999219e-10
3758,4.166666146e-06,1.736110677e-11,4.166666146e-06,1.736110677e-11
3759,1.249999844e-05,5.208332032e-11,1.249999844e-05,5.208332032e-11
3760,4.583332761e-05,6.076387369e-10,4.583332761e-05,6.076387369e-10
3761,4.166666145e-06,1.736110677e-11,4.166666145e-06,1.736110677e-11
3762,1.666666459e-05,2.777777083e-10,1.666666459e-05,2.777777083e-10
3763,1.249999844e-05,5.208332032e-11,1.249999844e-05,5.208332032e-11
3764,5.833332605e-05,8.680553385e-10,5.833332605e-05,8.680553385e-10
3765,4.166666145e-06,1.736110677e-11,4.166666145e-06,1.736110677e-11
3766,0,0,0,0
3767,1.249999844e-05,5.208332032e-11,1.249999844e-05,5.208332032e-11
3768,9.583332135e-05,3.107638112e-09,9.583332135e-05,3.107638112e-09
3769,2.083333073e-05,2.951388151e-10,2.083333073e-05,2.951388151e-10
3770,3.333332917e-05,5.555554166e-10,3.333332917e-05,5.555554166e-10
3771,2.083333073e-05,2.951388151e-10,2.083333073e-05,2.951388151e-10
3772,2.499999688e-05,3.124999219e-10,2.499999688e-05,3.124999219e-10
3773,4.166666145e-06,1.736110677e-11,4.166666145e-06,1.736110677e-11
3774,4.166666146e-05,5.902776302e-10,4.166666146e-05,5.902776302e-10
3775,8.33333229e-06,3.472221355e-11,8.33333229e-06,3.472221355e-11
3776,0,0,0,0
3777,8.33333229e-06,3.472221355e-11,8.33333229e-06,3.472221355e-11
3778,8.333332291e-06,3.472221354e-11,8.333332291e-06,3.472221354e-11
3779,1.249999844e-05,5.208332032e-11,1.249999844e-05,5.208332032e-11
3780,8.33333229e-06,3.472221355e-11,8.33333229e-06,3.472221355e-11
3781,2.083333073e-05,2.951388151e-10,2.083333073e-05,2.951388151e-10
3782,7.083332449e-05,1.12847194e-09,7.083332449e-05,1.12847194e-09
3783,7.083332448e-05,9.201386588e-10,7.083332448e-05,9.201386588e-10
3784,1.666666458e-05,6.944442709e-11,1.666666458e-05,6.944442709e-11
3785,4.166666145e-06,1.736110677e-11,4.166666145e-06,1.736110677e-11
3786,2.916666302e-05,3.298610286e-10,2.916666302e-05,3.298610286e-10
3787,4.166666146e-06,1.736110677e-11,4.166666146e-06,1.736110677e-11
3788,3.749999531e-05,3.645832422e-10,3.749999531e-05,3.645832422e-10
3789,2.499999688e-05,3.124999219e-10,2.499999688e-05,3.124999219e-10
3790,4.166666146e-05,5.902776302e-10,4.166666146e-05,5.902776302e-10
3791,5.833332604e-05,8.680553382e-10,5.833332604e-05,8.680553382e-10
3792,6.249999219e-05,8.854164453e-10,6.249999219e-05,8.854164453e-10
3793,3.749999532e-05,5.729165234e-10,3.749999532e-05,5.729165234e-10
3794,2.499999688e-05,3.124999219e-10,2.499999688e-05,3.124999219e-10
3795,1.666666459e-05,2.777777083e-10,1.666666459e-05,2.777777083e-10
3796,0,0,0,0
3797,6.249999218e-05,8.854164452e-10,6.249999218e-05,8.854164452e-10
3798,2.499999688e-05,1.041666406e-10,2.499999688e-05,1.041666406e-10
3799,2.499999688e-05,3.124999219e-10,2.499999688e-05,3.124999219e-10
3800,2.916666302e-05,3.298610286e-10,2.916666302e-05,3.298610286e-10
3801,8.333332291e-06,3.472221354e-11,8.333332291e-06,3.472221354e-11
3802,4.166666145e-06,1.736110677e-11,4.166666145e-06,1.736110677e-11
3803,1.666666459e-05,2.777777083e-10,1.666666459e-05,2.777777083e-10
3804,2.083333073e-05,2.951388151e-10,2.083333073e-05,2.951388151e-10
3805,6.249999219e-05,8.854164453e-10,6.249999219e-05,8.854164453e-10
3806,2.499999688e-05,3.124999219e-10,2.499999688e-05,3.124999219e-10
3807,4.166666145e-06,1.736110677e-11,4.166666145e-06,1.736110677e-11
3808,2.916666302e-05,3.298610286e-10,2.916666302e-05,3.298610286e-10
3809,7.916665678e-05,1.163194154e-09,7.916665678e-05,1.163194154e-09
3810,1.249999843e-05,5.208332027e-11,1.249999843e-05,5.208332027e-11
3811,5.833332605e-05,8.680553385e-10,5.833332605e-05,8.680553385e-10
3812,1.666666459e-05,2.777777083e-10,1.666666459e-05,2.777777083e-10
3813,1.666666458e-05,6.944442708e-11,1.666666458e-05,6.944442708e-11
3814,4.166666146e-05,5.902776302e-10,4.166666146e-05,5.902776302e-10
3815,4.999999375e-05,6.249998437e-10,4.999999375e-05,6.249998437e-10
3816,1.666666458e-05,6.944442709e-11,1.666666458e-05,6.944442709e-11
3817,2.916666302e-05,3.298610286e-10,2.916666302e-05,3.298610286e-10
3818,0,0,0,0
3819,4.166666145e-06,1.736110677e-11,4.166666145e-06,1.736110677e-11
3820,3.749999532e-05,5.729165234e-10,3.749999532e-05,5.729165234e-10
3821,4.166666145e-06,1.736110677e-11,4.166666145e-06,1.736110677e-11
3822,4.166666146e-06,1.736110677e-11,4.166666146e-06,1.736110677e-11
3823,4.166666146e-05,5.902776302e-10,4.166666146e-05,5.902776302e-10
3824,3.333332917e-05,5.555554166e-10,3.333332917e-05,5.555554166e-10
3825,9.999998751e-05,1.458332969e-09,9.999998751e-05,1.458332969e-09
3826,2.083333073e-05,2.951388151e-10,2.083333073e-05,2.951388151e-10
3827,0,0,0,0
3828,5.41666599e-05,8.506942317e-10,5.41666599e-05,8.506942317e-10
3829,4.166666146e-05,5.902776302e-10,4.166666146e-05,5.902776302e-10
3830,2.499999687e-05,3.124999217e-10,2.499999687e-05,3.124999217e-10
3831,4.999999376e-05,8.33333125e-10,4.999999376e-05,8.33333125e-10
3832,8.333332291e-06,3.472221354e-11,8.333332291e-06,3.472221354e-11
3833,3.333332917e-05,3.472221354e-10,3.333332917e-05,3.472221354e-10
3834,8.33333229e-06,3.472221355e-11,8.33333229e-06,3.472221355e-11
3835,3.749999532e-05,5.729165234e-10,3.749999532e-05,5.729165234e-10
3836,3.333332917e-05,3.472221354e-10,3.333332917e-05,3.472221354e-10
3837,3.333332917e-05,3.472221354e-10,3.333332917e-05,3.472221354e-10
3838,6.666665834e-05,9.02777552e-10,6.666665834e-05,9.02777552e-10
3839,5.624999298e-05,8.723956152e-10,5.624999298e-05,8.723956152e-10
3840,1.666666459e-05,2.777777083e-10,1.666666459e-05,2.777777083e-10
3841,1.249999843e-05,5.208332032e-11,1.249999843e-05,5.208332032e-11
3842,4.166666145e-06,1.736110677e-11,4.166666145e-06,1.736110677e-11
3843,4.166666146e-06,1.736110677e-11,4.166666146e-06,1.736110677e-11
3844,2.916666301e-05,6.423609503e-10,2.916666301e-05,6.423609503e-10
3845,7.083332449e-05,1.12847194e-09,7.083332449e-05,1.12847194e-09
3846,5.41666599e-05,6.423609505e-10,5.41666599e-05,6.423609505e-10
3847,4.583332761e-05,6.07638737e-10,4.583332761e-05,6.07638737e-10
3848,7.499999063e-05,1.145833047e-09,7.499999063e-05,1.145833047e-09
3849,0,0,0,0
3850,1.666666459e-05,2.777777083e-10,1.666666459e-05,2.777777083e-10
3851,5.41666599e-05,8.506942317e-10,5.41666599e-05,8.506942317e-10
3852,4.166666146e-05,5.902776302e-10,4.166666146e-05,5.902776302e-10
3853,8.33333229e-06,3.472221355e-11,8.33333229e-06,3.472221355e-11
3854,0,0,0,0
3855,4.166666146e-06,1.736110677e-11,4.166666146e-06,1.736110677e-11
3856,8.333332291e-06,3.472221354e-11,8.333332291e-06,3.472221354e-11
3857,4.166666146e-05,5.902776302e-10,4.166666146e-05,5.902776302e-10
3858,2.083333073e-05,2.951388151e-10,2.083333073e-05,2.951388151e-10
3859,1.249999844e-05,5.208332032e-11,1.249999844e-05,5.208332032e-11
3860,4.166666146e-06,1.736110677e-11,4.166666146e-06,1.736110677e-11
3861,2.083333073e-05,8.680553386e-11,2.083333073e-05,8.680553386e-11
3862,8.749998907e-05,1.197916367e-09,8.749998907e-05,1.197916367e-09
3863,4.999999375e-05,6.249998437e-10,4.999999375e-05,6.249998437e-10
3864,2.083333073e-05,2.951388151e-10,2.083333073e-05,2.951388151e-10
3865,4.583332761e-05,6.07638737e-10,4.583332761e-05,6.07638737e-10
3866,1.249999843e-05,5.208332032e-11,1.249999843e-05,5.208332032e-11
3867,3.749999532e-05,5.729165234e-10,3.749999532e-05,5.729165234e-10
3868,5.138888247e-05,6.385029268e-10,5.138888247e-05,6.385029268e-10
3869,8.33333229e-06,3.472221355e-11,8.33333229e-06,3.472221355e-11
3870,4.166666146e-06,1.736110677e-11,4.166666146e-06,1.736110677e-11
3871,6.666665834e-05,9.02777552e-10,6.666665834e-05,9.02777552e-10
3872,5.416665989e-05,8.506942317e-10,5.416665989e-05,8.506942317e-10
3873,3.749999531e-05,3.645832422e-10,3.749999531e-05,3.645832422e-10
3874,0,0,0,0
3875,4.166666146e-05,5.902776302e-10,4.166666146e-05,5.902776302e-10
3876,3.749999531e-05,3.645832422e-10,3.749999531e-05,3.645832422e-10
3877,1.666666459e-05,2.777777083e-10,1.666666459e-05,2.777777083e-10
3878,4.166666146e-05,5.902776302e-10,4.166666146e-05,5.902776302e-10
3879,4.166666146e-05,5.902776302e-10,4.166666146e-05,5.902776302e-10
3880,8.333332292e-06,3.472221354e-11,8.333332292e-06,3.472221354e-11
3881,5.41666599e-05,8.506942317e-10,5.41666599e-05,8.506942317e-10
3882,1.666666459e-05,2.777777083e-10,1.666666459e-05,2.777777083e-10
3883,8.333332291e-06,3.472221354e-11,8.333332291e-06,3.472221354e-11
3884,4.166666146e-06,1.736110677e-11,4.166666146e-06,1.736110677e-11
3885,1.666666458e-05,6.944442709e-11,1.666666458e-05,6.944442709e-11
3886,3.749999532e-05,5.729165234e-10,3.749999532e-05,5.729165234e-10
3887,4.583332761e-05,6.07638737e-10,4.583332761e-05,6.07638737e-10
3888,2.499999688e-05,3.124999219e-10,2.499999688e-05,3.124999219e-10
3889,3.749999532e-05,5.729165234e-10,3.749999532e-05,5.729165234e-10
3890,2.083333073e-05,2.951388151e-10,2.083333073e-05,2.951388151e-10
3891,9.166665522e-05,1.423610755e-09,9.166665522e-05,1.423610755e-09
3892,9.166665522e-05,1.423610755e-09,9.166665522e-05,1.423610755e-09
3893,2.083333073e-05,2.951388151e-10,2.083333073e-05,2.951388151e-10
3894,7.916665678e-05,1.163194154e-09,7.916665678e-05,1.163194154e-09
3895,0,0,0,0
3896,4.166666145e-06,1.736110677e-11,4.166666145e-06,1.736110677e-11
3897,3.749999531e-05,3.645832422e-10,3.749999531e-05,3.645832422e-10
3898,1.249999844e-05,5.208332032e-11,1.249999844e-05,5.208332032e-11
3899,4.166666145e-06,1.736110677e-11,4.166666145e-06,1.736110677e-11
3900,1.666666459e-05,2.777777083e-10,1.666666459e-05,2.777777083e-10
3901,1.666666458e-05,6.944442709e-11,1.666666458e-05,6.944442709e-11
3902,1.666666459e-05,2.777777083e-10,1.666666459e-05,2.777777083e-10
3903,2.083333073e-05,2.951388151e-10,2.083333073e-05,2.951388151e-10
3904,3.749999532e-05,5.729165234e-10,3.749999532e-05,5.729165234e-10
3905,7.916665678e-05,1.163194154e-09,7.916665678e-05,1.163194154e-09
3906,7.083332449e-05,1.12847194e-09,7.083332449e-05,1.12847194e-09
3907,9.999998751e-05,1.458332969e-09,9.999998751e-05,1.458332969e-09
3908,2.916666302e-05,3.298610286e-10,2.916666302e-05,3.298610286e-10
3909,3.333332917e-05,3.472221354e-10,3.333332917e-05,3.472221354e-10
3910,1.388888715e-05,6.558640336e-11,1.388888715e-05,6.558640336e-11
3911,4.999999376e-05,8.33333125e-10,4.999999376e-05,8.33333125e-10
3912,2.083333073e-05,2.951388151e-10,2.083333073e-05,2.951388151e-10
3913,1.666666459e-05,2.777777083e-10,1.666666459e-05,2.777777083e-10
3914,2.499999688e-05,3.124999219e-10,2.499999688e-05,3.124999219e-10
3915,4.999999375e-05,6.249998437e-10,4.999999375e-05,6.249998437e-10
3916,0.0001083333198,1.701388463e-09,0.0001083333198,1.701388463e-09
3917,1.666666459e-05,2.777777083e-10,1.666666459e-05,2.777777083e-10
3918,4.166666145e-06,1.736110677e-11,4.166666145e-06,1.736110677e-11
3919,1.249999844e-05,5.208332032e-11,1.249999844e-05,5.208332032e-11
3920,1.666666459e-05,2.777777083e-10,1.666666459e-05,2.777777083e-10
3921,3.749999532e-05,5.729165234e-10,3.749999532e-05,5.729165234e-10
3922,8.33333229e-06,3.472221355e-11,8.33333229e-06,3.472221355e-11
3923,1.249999844e-05,5.208332032e-11,1.249999844e-05,5.208332032e-11
3924,3.749999532e-05,5.729165234e-10,3.749999532e-05,5.729165234e-10
3925,2.499999688e-05,3.124999219e-10,2.499999688e-05,3.124999219e-10
3926,4.999999376e-05,8.33333125e-10,4.999999376e-05,8.33333125e-10
3927,3.333332917e-05,5.555554166e-10,3.333332917e-05,5.555554166e-10
3928,4.999999375e-05,6.249998437e-10,4.999999375e-05,6.249998437e-10
3929,1.249999844e-05,5.208332032e-11,1.249999844e-05,5.208332032e-11
3930,0,0,0,0
3931,8.333332292e-06,3.472221354e-11,8.333332292e-06,3.472221354e-11
3932,4.166666146e-05,5.902776302e-10,4.166666146e-05,5.902776302e-10
3933,2.916666301e-05,3.298610285e-10,2.916666301e-05,3.298610285e-10
3934,1.666666459e-05,2.777777083e-10,1.666666459e-05,2.777777083e-10
3935,8.33333229e-06,3.472221355e-11,8.33333229e-06,3.472221355e-11
3936,0,0,0,0
3937,2.083333073e-05,2.951388151e-10,2.083333073e-05,2.951388151e-10
3938,5.833332605e-05,8.680553385e-10,5.833332605e-05,8.680553385e-10
3939,5.833332605e-05,8.680553385e-10,5.833332605e-05,8.680553385e-10
3940,2.499999688e-05,3.124999219e-10,2.499999688e-05,3.124999219e-10
3941,2.916666302e-05,3.298610286e-10,2.916666302e-05,3.298610286e-10
3942,2.916666302e-05,3.298610286e-10,2.916666302e-05,3.298610286e-10
3943,0,0,0,0
3944,1.666666458e-05,6.944442709e-11,1.666666458e-05,6.944442709e-11
3945,3.333332917e-05,3.472221354e-10,3.333332917e-05,3.472221354e-10
3946,3.333332917e-05,3.472221354e-10,3.333332917e-05,3.472221354e-10
3947,2.083333073e-05,2.951388151e-10,2.083333073e-05,2.951388151e-10
3948,2.083333073e-05,2.951388151e-10,2.083333073e-05,2.951388151e-10
3949,2.083333073e-05,2.951388151e-10,2.083333073e-05,2.951388151e-10
3950,4.583332761e-05,6.07638737e-10,4.583332761e-05,6.07638737e-10
3951,2.083333073e-05,2.951388151e-10,2.083333073e-05,2.951388151e-10
3952,6.249999219e-05,8.854164453e-10,6.249999219e-05,8.854164453e-10
3953,7.499999063e-05,1.145833047e-09,7.499999063e-05,1.145833047e-09
3954,7.499999063e-05,1.145833047e-09,7.499999063e-05,1.145833047e-09
3955,7.499999063e-05,1.145833047e-09,7.499999063e-05,1.145833047e-09
3956,3.749999532e-05,5.729165234e-10,3.749999532e-05,5.729165234e-10
3957,8.333332291e-06,3.472221354e-11,8.333332291e-06,3.472221354e-11
3958,3.333332917e-05,5.555554166e-10,3.333332917e-05,5.555554166e-10
3959,3.333332917e-05,3.472221354e-10,3.333332917e-05,3.472221354e-10
3960,2.916666302e-05,3.298610286e-10,2.916666302e-05,3.298610286e-10
3961,3.333332917e-05,5.555554166e-10,3.333332917e-05,5.555554166e-10
3962,4.166666146e-05,5.902776302e-10,4.166666146e-05,5.902776302e-10
3963,1.249999844e-05,5.208332031e-11,1.249999844e-05,5.208332031e-11
3964,1.249999844e-05,5.208332032e-11,1.249999844e-05,5.208332032e-11
3965,4.583332758e-05,6.076387363e-10,4.583332758e-05,6.076387363e-10
3966,5.41666599e-05,8.506942317e-10,5.41666599e-05,8.506942317e-10
3967,8.33333229e-06,3.472221355e-11,8.33333229e-06,3.472221355e-11
3968,0,0,0,0
3969,4.166666146e-05,5.902776302e-10,4.166666146e-05,5.902776302e-10
3970,3.749999532e-05,5.729165234e-10,3.749999532e-05,5.729165234e-10
3971,2.083333073e-05,2.951388151e-10,2.083333073e-05,2.951388151e-10
3972,1.666666459e-05,2.777777083e-10,1.666666459e-05,2.777777083e-10
3973,5.41666599e-05,8.506942317e-10,5.41666599e-05,8.506942317e-10
3974,3.749999532e-05,5.729165234e-10,3.749999532e-05,5.729165234e-10
3975,3.749999532e-05,5.729165234e-10,3.749999532e-05,5.729165234e-10
3976,2.083333073e-05,2.951388151e-10,2.083333073e-05,2.951388151e-10
3977,4.166666145e-06,1.736110677e-11,4.166666145e-06,1.736110677e-11
3978,3.749999532e-05,5.729165234e-10,3.749999532e-05,5.729165234e-10
3979,3.749999531e-05,5.729165234e-10,3.749999531e-05,5.729165234e-10
3980,2.083333073e-05,2.951388151e-10,2.083333073e-05,2.951388151e-10
3981,6.249999219e-05,1.197916367e-09,6.249999219e-05,1.197916367e-09
3982,2.499999688e-05,3.124999219e-10,2.499999688e-05,3.124999219e-10
3983,2.499999688e-05,3.124999219e-10,2.499999688e-05,3.124999219e-10
3984,3.333332917e-05,5.555554166e-10,3.333332917e-05,5.555554166e-10
3985,4.999999376e-05,8.33333125e-10,4.999999376e-05,8.33333125e-10
3986,6.249999219e-05,8.854164453e-10,6.249999219e-05,8.854164453e-10
3987,2.083333073e-05,2.951388151e-10,2.083333073e-05,2.951388151e-10
3988,4.166666145e-06,1.736110677e-11,4.166666145e-06,1.736110677e-11
3989,2.916666302e-05,3.298610286e-10,2.916666302e-05,3.298610286e-10
3990,4.999999376e-05,8.33333125e-10,4.999999376e-05,8.33333125e-10
3991,4.166666146e-05,5.902776302e-10,4.166666146e-05,5.902776302e-10
3992,2.083333073e-05,2.951388151e-10,2.083333073e-05,2.951388151e-10
3993,0,0,0,0
3994,4.166666146e-06,1.736110677e-11,4.166666146e-06,1.736110677e-11
3995,2.083333073e-05,2.951388151e-10,2.083333073e-05,2.951388151e-10
3996,4.166666146e-05,5.902776302e-10,4.166666146e-05,5.902776302e-10
3997,3.749999532e-05,5.729165234e-10,3.749999532e-05,5.729165234e-10
3998,5.41666599e-05,8.506942317e-10,5.41666599e-05,8.506942317e-10
3999,2.499999688e-05,3.124999219e-10,2.499999688e-05,3.124999219e-10
4000,8.333332293e-06,3.472221355e-11,8.333332293e-06,3.472221355e-11
4001,4.166666145e-06,1.736110677e-11,4.166666145e-06,1.736110677e-11
4002,4.999999376e-05,8.33333125e-10,4.999999376e-05,8.33333125e-10
4003,2.083333073e-05,2.951388151e-10,2.083333073e-05,2.951388151e-10
4004,2.916666302e-05,3.298610286e-10,2.916666302e-05,3.298610286e-10
4005,0,0,0,0
4006,2.499999688e-05,3.124999219e-10,2.499999688e-05,3.124999219e-10
4007,3.749999532e-05,5.729165234e-10,3.749999532e-05,5.729165234e-10
4008,1.666666459e-05,2.777777083e-10,1.666666459e-05,2.777777083e-10
4009,1.666666459e-05,2.777777083e-10,1.666666459e-05,2.777777083e-10
4010,3.333332917e-05,5.555554166e-10,3.333332917e-05,5.555554166e-10
4011,0,0,0,0
4012,2.499999687e-05,1.041666406e-10,2.499999687e-05,1.041666406e-10
4013,3.333332917e-05,5.555554166e-10,3.333332917e-05,5.555554166e-10
4014,2.083333073e-05,2.951388151e-10,2.083333073e-05,2.951388151e-10
4015,2.916666302e-05,3.298610286e-10,2.916666302e-05,3.298610286e-10
4016,8.33333229e-06,3.472221355e-11,8.33333229e-06,3.472221355e-11
4017,1.666666459e-05,2.777777083e-10,1.666666459e-05,2.777777083e-10
4018,4.583332761e-05,6.07638737e-10,4.583332761e-05,6.07638737e-10
4019,1.249999843e-05,5.208332032e-11,1.249999843e-05,5.208332032e-11
4020,8.33333229e-06,3.472221355e-11,8.33333229e-06,3.472221355e-11
4021,4.166666145e-06,1.736110677e-11,4.166666145e-06,1.736110677e-11
4022,2.916666302e-05,3.298610286e-10,2.916666302e-05,3.298610286e-10
4023,1.666666459e-05,2.777777083e-10,1.666666459e-05,2.777777083e-10
4024,1.666666459e-05,2.777777083e-10,1.666666459e-05,2.777777083e-10
4025,1.249999844e-05,5.208332032e-11,1.249999844e-05,5.208332032e-11
4026,5.41666599e-05,8.506942317e-10,5.41666599e-05,8.506942317e-10
4027,2.083333073e-05,2.951388151e-10,2.083333073e-05,2.951388151e-10
4028,1.666666459e-05,2.777777083e-10,1.666666459e-05,2.777777083e-10
4029,5.41666599e-05,8.506942317e-10,5.41666599e-05,8.506942317e-10
4030,8.749998907e-05,1.406249648e-09,8.749998907e-05,1.406249648e-09
4031,0,0,0,0
4032,1.666666459e-05,2.777777083e-10,1.666666459e-05,2.777777083e-10
4033,4.583332761e-05,6.07638737e-10,4.583332761e-05,6.07638737e-10
4034,2.083333073e-05,2.951388151e-10,2.083333073e-05,2.951388151e-10
4035,1.249999844e-05,5.20833203e-11,1.249999844e-05,5.20833203e-11
4036,3.749999532e-05,5.729165234e-10,3.749999532e-05,5.729165234e-10
4037,6.249999219e-05,8.854164453e-10,6.249999219e-05,8.854164453e-10
4038,2.499999688e-05,3.124999219e-10,2.499999688e-05,3.124999219e-10
4039,3.333332917e-05,5.555554166e-10,3.333332917e-05,5.555554166e-10
4040,3.749999532e-05,5.729165234e-10,3.749999532e-05,5.729165234e-10
4041,2.499999688e-05,3.124999219e-10,2.499999688e-05,3.124999219e-10
4042,1.666666459e-05,2.777777083e-10,1.666666459e-05,2.777777083e-10
4043,4.166666146e-05,5.902776302e-10,4.166666146e-05,5.902776302e-10
4044,1.666666459e-05,2.777777083e-10,1.666666459e-05,2.777777083e-10
4045,2.083333073e-05,2.951388151e-10,2.083333073e-05,2.951388151e-10
4046,1.666666459e-05,2.777777083e-10,1.666666459e-05,2.777777083e-10
4047,4.166666145e-06,1.736110677e-11,4.166666145e-06,1.736110677e-11
4048,1.666666459e-05,2.777777083e-10,1.666666459e-05,2.777777083e-10
4049,1.666666459e-05,2.777777083e-10,1.666666459e-05,2.777777083e-10
4050,2.083333073e-05,2.951388151e-10,2.083333073e-05,2.951388151e-10
4051,1.666666459e-05,2.777777083e-10,1.666666459e-05,2.777777083e-10
4052,2.499999688e-05,3.124999219e-10,2.499999688e-05,3.124999219e-10
4053,4.166666145e-06,1.736110677e-11,4.166666145e-06,1.736110677e-11
4054,4.166666145e-06,1.736110677e-11,4.166666145e-06,1.736110677e-11
4055,3.333332917e-05,5.555554166e-10,3.333332917e-05,5.555554166e-10
4056,8.33333229e-06,3.472221355e-11,8.33333229e-06,3.472221355e-11
4057,0,0,0,0
4058,8.333332291e-06,3.472221354e-11,8.333332291e-06,3.472221354e-11
4059,4.166666145e-06,1.736110677e-11,4.166666145e-06,1.736110677e-11
4060,2.916666302e-05,3.298610286e-10,2.916666302e-05,3.298610286e-10
4061,3.333332917e-05,5.555554166e-10,3.333332917e-05,5.555554166e-10
4062,7.499999063e-05,1.145833047e-09,7.499999063e-05,1.145833047e-09
4063,1.249999843e-05,5.208332032e-11,1.249999843e-05,5.208332032e-11
4064,3.749999532e-05,5.729165234e-10,3.749999532e-05,5.729165234e-10
4065,3.749999531e-05,5.729165233e-10,3.749999531e-05,5.729165233e-10
4066,2.083333073e-05,2.951388151e-10,2.083333073e-05,2.951388151e-10
4067,8.333332293e-06,3.472221355e-11,8.333332293e-06,3.472221355e-11
4068,8.33333229e-06,3.472221355e-11,8.33333229e-06,3.472221355e-11
4069,1.666666459e-05,2.777777083e-10,1.666666459e-05,2.777777083e-10
4070,2.083333073e-05,2.951388151e-10,2.083333073e-05,2.951388151e-10
4071,7.083332449e-05,1.12847194e-09,7.083332449e-05,1.12847194e-09
4072,4.166666145e-06,1.736110677e-11,4.166666145e-06,1.736110677e-11
4073,4.166666146e-06,1.736110677e-11,4.166666146e-06,1.736110677e-11
4074,7.916665678e-05,1.163194154e-09,7.916665678e-05,1.163194154e-09
4075,2.083333073e-05,2.951388151e-10,2.083333073e-05,2.951388151e-10
4076,1.249999844e-05,5.208332032e-11,1.249999844e-05,5.208332032e-11
4077,4.999999376e-05,8.33333125e-10,4.999999376e-05,8.33333125e-10
4078,4.166666145e-06,1.736110677e-11,4.166666145e-06,1.736110677e-11
4079,5.41666599e-05,8.506942317e-10,5.41666599e-05,8.506942317e-10
4080,2.083333073e-05,2.951388151e-10,2.083333073e-05,2.951388151e-10
4081,5.833332605e-05,8.680553385e-10,5.833332605e-05,8.680553385e-10
4082,2.083333073e-05,2.951388151e-10,2.083333073e-05,2.951388151e-10
4083,3.749999532e-05,5.729165234e-10,3.749999532e-05,5.729165234e-10
4084,4.166666146e-05,5.902776302e-10,4.166666146e-05,5.902776302e-10
4085,4.166666146e-05,5.902776302e-10,4.166666146e-05,5.902776302e-10
4086,8.33333229e-06,3.472221355e-11,8.33333229e-06,3.472221355e-11
4087,4.166666146e-05,5.902776302e-10,4.166666146e-05,5.902776302e-10
4088,0,0,0,0
4089,1.666666459e-05,2.777777083e-10,1.666666459e-05,2.777777083e-10
4090,4.58333276e-05,6.076387369e-10,4.58333276e-05,6.076387369e-10
4091,1.249999844e-05,5.208332031e-11,1.249999844e-05,5.208332031e-11
4092,4.166666145e-06,1.736110677e-11,4.166666145e-06,1.736110677e-11
4093,8.33333229e-06,3.472221355e-11,8.33333229e-06,3.472221355e-11
4094,4.166666146e-05,5.902776302e-10,4.166666146e-05,5.902776302e-10
4095,7.499999063e-05,1.145833047e-09,7.499999063e-05,1.145833047e-09
4096,0,0,0,0
4097,4.166666146e-05,5.902776302e-10,4.166666146e-05,5.902776302e-10
4098,4.999999376e-05,6.249998437e-10,4.999999376e-05,6.249998437e-10
4099,2.916666302e-05,3.298610286e-10,2.916666302e-05,3.298610286e-10
4100,1.666666459e-05,2.777777083e-10,1.666666459e-05,2.777777083e-10
4101,0,0,0,0
4102,2.916666302e-05,3.298610286e-10,2.916666302e-05,3.298610286e-10
4103,4.166666146e-05,5.902776302e-10,4.166666146e-05,5.902776302e-10
4104,4.166666146e-05,5.902776302e-10,4.166666146e-05,5.902776302e-10
4105,2.499999688e-05,3.124999219e-10,2.499999688e-05,3.124999219e-10
4106,2.083333073e-05,2.951388151e-10,2.083333073e-05,2.951388151e-10
4107,5.41666599e-05,8.506942317e-10,5.41666599e-05,8.506942317e-10
4108,2.083333073e-05,2.951388151e-10,2.083333073e-05,2.951388151e-10
4109,8.333332293e-06,3.472221355e-11,8.333332293e-06,3.472221355e-11
4110,1.666666459e-05,2.777777083e-10,1.666666459e-05,2.777777083e-10
4111,3.749999532e-05,5.729165234e-10,3.749999532e-05,5.729165234e-10
4112,8.33333229e-06,3.472221355e-11,8.33333229e-06,3.472221355e-11
4113,4.166666145e-06,1.736110677e-11,4.166666145e-06,1.736110677e-11
4114,5.833332605e-05,8.680553385e-10,5.833332605e-05,8.680553385e-10
4115,5.41666599e-05,8.506942317e-10,5.41666599e-05,8.506942317e-10
4116,1.666666459e-05,2.777777083e-10,1.666666459e-05,2.777777083e-10
4117,5.41666599e-05,8.506942317e-10,5.41666599e-05,8.506942317e-10
4118,3.333332917e-05,5.555554166e-10,3.333332917e-05,5.555554166e-10
4119,3.333332917e-05,3.472221354e-10,3.333332917e-05,3.472221354e-10
4120,3.749999532e-05,5.729165234e-10,3.749999532e-05,5.729165234e-10
4121,2.916666302e-05,3.298610286e-10,2.916666302e-05,3.298610286e-10
4122,4.166666145e-06,1.736110677e-11,4.166666145e-06,1.736110677e-11
4123,8.333332291e-06,3.472221354e-11,8.333332291e-06,3.472221354e-11
4124,1.666666459e-05,2.777777083e-10,1.666666459e-05,2.777777083e-10
4125,0,0,0,0
4126,6.249999219e-05,8.854164453e-10,6.249999219e-05,8.854164453e-10
4127,8.333332291e-06,3.472221354e-11,8.333332291e-06,3.472221354e-11
4128,1.666666459e-05,2.777777083e-10,1.666666459e-05,2.777777083e-10
4129,5.41666599e-05,8.506942317e-10,5.41666599e-05,8.506942317e-10
4130,2.499999688e-05,3.124999219e-10,2.499999688e-05,3.124999219e-10
4131,2.499999688e-05,3.124999219e-10,2.499999688e-05,3.124999219e-10
4132,1.249999844e-05,5.208332032e-11,1.249999844e-05,5.208332032e-11
4133,0,0,0,0
4134,1.666666458e-05,6.944442709e-11,1.666666458e-05,6.944442709e-11
4135,0,0,0,0
4136,5.416665989e-05,6.423609505e-10,5.416665989e-05,6.423609505e-10
4137,3.749999532e-05,5.729165234e-10,3.749999532e-05,5.729165234e-10
4138,8.333332292e-06,3.472221354e-11,8.333332292e-06,3.472221354e-11
4139,8.333332293e-05,1.388888542e-09,8.333332293e-05,1.388888542e-09
4140,3.749999532e-05,5.729165234e-10,3.749999532e-05,5.729165234e-10
4141,4.999999375e-05,6.249998437e-10,4.999999375e-05,6.249998437e-10
4142,2.916666302e-05,3.298610286e-10,2.916666302e-05,3.298610286e-10
4143,4.166666145e-06,1.736110677e-11,4.166666145e-06,1.736110677e-11
4144,8.33333229e-06,3.472221355e-11,8.33333229e-06,3.472221355e-11
4145,1.666666459e-05,2.777777083e-10,1.666666459e-05,2.777777083e-10
4146,7.083332449e-05,9.201386588e-10,7.083332449e-05,9.201386588e-10
4147,3.333332917e-05,3.472221354e-10,3.333332917e-05,3.472221354e-10
4148,3.333332917e-05,5.555554166e-10,3.333332917e-05,5.555554166e-10
4149,4.166666146e-06,1.736110677e-11,4.166666146e-06,1.736110677e-11
4150,4.166666145e-06,1.736110677e-11,4.166666145e-06,1.736110677e-11
4151,3.749999532e-05,5.729165234e-10,3.749999532e-05,5.729165234e-10
4152,2.916666302e-05,3.298610286e-10,2.916666302e-05,3.298610286e-10
4153,2.916666302e-05,3.298610286e-10,2.916666302e-05,3.298610286e-10
4154,4.583332761e-05,6.076387369e-10,4.583332761e-05,6.076387369e-10
4155,4.166666146e-06,1.736110677e-11,4.166666146e-06,1.736110677e-11
4156,6.666665834e-05,1.111110833e-09,6.666665834e-05,1.111110833e-09
4157,2.499999688e-05,3.124999219e-10,2.499999688e-05,3.124999219e-10
4158,4.583332761e-05,6.07638737e-10,4.583332761e-05,6.07638737e-10
4159,4.166666146e-05,5.902776302e-10,4.166666146e-05,5.902776302e-10
4160,8.333332291e-06,3.472221354e-11,8.333332291e-06,3.472221354e-11
4161,2.499999688e-05,3.124999219e-10,2.499999688e-05,3.124999219e-10
4162,2.083333073e-05,2.951388151e-10,2.083333073e-05,2.951388151e-10
4163,4.999999375e-05,6.249998437e-10,4.999999375e-05,6.249998437e-10
4164,1.666666459e-05,2.777777083e-10,1.666666459e-05,2.777777083e-10
4165,3.333332917e-05,5.555554166e-10,3.333332917e-05,5.555554166e-10
4166,1.666666459e-05,2.777777083e-10,1.666666459e-05,2.777777083e-10
4167,4.583332761e-05,6.076387369e-10,4.583332761e-05,6.076387369e-10
4168,4.166666146e-06,1.736110677e-11,4.166666146e-06,1.736110677e-11
4169,2.916666302e-05,3.298610286e-10,2.916666302e-05,3.298610286e-10
4170,7.083332449e-05,1.12847194e-09,7.083332449e-05,1.12847194e-09
4171,2.916666302e-05,3.298610286e-10,2.916666302e-05,3.298610286e-10
4172,1.666666459e-05,2.777777083e-10,1.666666459e-05,2.777777083e-10
4173,8.33333229e-06,3.472221355e-11,8.33333229e-06,3.472221355e-11
4174,1.666666459e-05,2.777777083e-10,1.666666459e-05,2.777777083e-10
4175,4.583332761e-05,6.07638737e-10,4.583332761e-05,6.07638737e-10
4176,3.749999532e-05,5.729165234e-10,3.749999532e-05,5.729165234e-10
4177,2.083333073e-05,2.951388151e-10,2.083333073e-05,2.951388151e-10
4178,2.499999688e-05,3.124999219e-10,2.499999688e-05,3.124999219e-10
4179,2.916666302e-05,3.298610286e-10,2.916666302e-05,3.298610286e-10
4180,5.833332605e-05,8.680553385e-10,5.833332605e-05,8.680553385e-10
4181,2.916666302e-05,3.298610286e-10,2.916666302e-05,3.298610286e-10
4182,2.916666302e-05,3.298610286e-10,2.916666302e-05,3.298610286e-10
4183,2.083333073e-05,2.951388151e-10,2.083333073e-05,2.951388151e-10
4184,4.166666145e-06,1.736110677e-11,4.166666145e-06,1.736110677e-11
4185,4.583332761e-05,6.07638737e-10,4.583332761e-05,6.07638737e-10
4186,2.499999688e-05,3.124999219e-10,2.499999688e-05,3.124999219e-10
4187,2.499999688e-05,3.124999219e-10,2.499999688e-05,3.124999219e-10
4188,7.638887934e-05,1.136187988e-09,7.638887934e-05,1.136187988e-09
4189,1.458333151e-05,7.378470378e-11,1.458333151e-05,7.378470378e-11
4190,7.499999062e-05,1.145833046e-09,7.499999062e-05,1.145833046e-09
4191,5.833332605e-05,8.680553385e-10,5.833332605e-05,8.680553385e-10
4192,2.499999688e-05,3.124999219e-10,2.499999688e-05,3.124999219e-10
4193,2.083333073e-05,2.951388151e-10,2.083333073e-05,2.951388151e-10
4194,2.499999688e-05,3.124999219e-10,2.499999688e-05,3.124999219e-10
4195,0,0,0,0
4196,8.33333229e-06,3.472221355e-11,8.33333229e-06,3.472221355e-11
4197,4.166666145e-06,1.736110677e-11,4.166666145e-06,1.736110677e-11
4198,3.749999532e-05,5.729165234e-10,3.749999532e-05,5.729165234e-10
4199,2.083333073e-05,8.680553385e-11,2.083333073e-05,8.680553385e-11
4200,2.499999688e-05,3.124999219e-10,2.499999688e-05,3.124999219e-10
4201,2.083333073e-05,2.951388151e-10,2.083333073e-05,2.951388151e-10
4202,4.166666146e-05,5.902776302e-10,4.166666146e-05,5.902776302e-10
4203,2.499999688e-05,3.124999219e-10,2.499999688e-05,3.124999219e-10
4204,3.749999532e-05,5.729165234e-10,3.749999532e-05,5.729165234e-10
4205,3.333332917e-05,5.555554166e-10,3.333332917e-05,5.555554166e-10
4206,4.999999375e-05,6.249998437e-10,4.999999375e-05,6.249998437e-10
4207,3.749999532e-05,5.729165234e-10,3.749999532e-05,5.729165234e-10
4208,4.166666146e-05,5.902776302e-10,4.166666146e-05,5.902776302e-10
4209,4.166666145e-06,1.736110677e-11,4.166666145e-06,1.736110677e-11
4210,4.166666146e-05,5.902776302e-10,4.166666146e-05,5.902776302e-10
4211,4.999999376e-05,8.33333125e-10,4.999999376e-05,8.33333125e-10
4212,2.916666302e-05,3.298610286e-10,2.916666302e-05,3.298610286e-10
4213,7.083332448e-05,1.12847194e-09,7.083332448e-05,1.12847194e-09
4214,2.083333073e-05,2.951388151e-10,2.083333073e-05,2.951388151e-10
4215,2.083333073e-05,2.951388151e-10,2.083333073e-05,2.951388151e-10
4216,2.083333073e-05,2.951388151e-10,2.083333073e-05,2.951388151e-10
4217,0,0,0,0
4218,2.499999688e-05,3.124999219e-10,2.499999688e-05,3.124999219e-10
4219,3.333332917e-05,5.555554166e-10,3.333332917e-05,5.555554166e-10
4220,8.33333229e-06,3.472221355e-11,8.33333229e-06,3.472221355e-11
4221,4.166666146e-05,5.902776302e-10,4.166666146e-05,5.902776302e-10
4222,2.499999688e-05,3.124999219e-10,2.499999688e-05,3.124999219e-10
4223,2.083333073e-05,2.951388151e-10,2.083333073e-05,2.951388151e-10
4224,1.666666458e-05,6.944442709e-11,1.666666458e-05,6.944442709e-11
4225,5.833332605e-05,8.680553385e-10,5.833332605e-05,8.680553385e-10
4226,0,0,0,0
4227,3.333332917e-05,5.555554166e-10,3.333332917e-05,5.555554166e-10
4228,8.33333229e-06,3.472221355e-11,8.33333229e-06,3.472221355e-11
4229,3.472221788e-05,5.459103574e-10,3.472221788e-05,5.459103574e-10
4230,4.166666142e-06,1.736110674e-11,4.166666142e-06,1.736110674e-11
4231,5.833332605e-05,8.680553385e-10,5.833332605e-05,8.680553385e-10
4232,8.33333229e-06,3.472221355e-11,8.33333229e-06,3.472221355e-11
4233,2.083333073e-05,2.951388151e-10,2.083333073e-05,2.951388151e-10
4234,8.33333229e-06,3.472221355e-11,8.33333229e-06,3.472221355e-11
4235,2.9166663e-05,3.298610279e-10,2.9166663e-05,3.298610279e-10
4236,6.249999219e-05,8.854164453e-10,6.249999219e-05,8.854164453e-10
4237,2.083333073e-05,2.951388151e-10,2.083333073e-05,2.951388151e-10
4238,4.583332761e-05,6.076387369e-10,4.583332761e-05,6.076387369e-10
4239,3.333332917e-05,5.555554166e-10,3.333332917e-05,5.555554166e-10
4240,3.333332917e-05,5.555554166e-10,3.333332917e-05,5.555554166e-10
4241,2.499999688e-05,3.124999219e-10,2.499999688e-05,3.124999219e-10
4242,1.666666459e-05,2.777777083e-10,1.666666459e-05,2.777777083e-10
4243,1.249999843e-05,5.208332029e-11,1.249999843e-05,5.208332029e-11
4244,5.833332605e-05,8.680553385e-10,5.833332605e-05,8.680553385e-10
4245,4.166666145e-06,1.736110677e-11,4.166666145e-06,1.736110677e-11
4246,3.333332917e-05,5.555554166e-10,3.333332917e-05,5.555554166e-10
4247,3.749999532e-05,5.729165234e-10,3.749999532e-05,5.729165234e-10
4248,4.166666146e-06,1.736110677e-11,4.166666146e-06,1.736110677e-11
4249,5.833332605e-05,8.680553385e-10,5.833332605e-05,8.680553385e-10
4250,4.166666146e-06,1.736110677e-11,4.166666146e-06,1.736110677e-11
4251,3.749999532e-05,5.729165234e-10,3.749999532e-05,5.729165234e-10
4252,2.083333073e-05,2.951388151e-10,2.083333073e-05,2.951388151e-10
4253,3.749999532e-05,5.729165234e-10,3.749999532e-05,5.729165234e-10
4254,2.083333073e-05,2.951388151e-10,2.083333073e-05,2.951388151e-10
4255,4.166666146e-06,1.736110677e-11,4.166666146e-06,1.736110677e-11
4256,4.166666146e-05,5.902776302e-10,4.166666146e-05,5.902776302e-10
4257,8.333332292e-06,3.472221354e-11,8.333332292e-06,3.472221354e-11
4258,6.666665834e-05,1.111110833e-09,6.666665834e-05,1.111110833e-09
4259,3.749999532e-05,5.729165234e-10,3.749999532e-05,5.729165234e-10
4260,1.249999843e-05,5.208332032e-11,1.249999843e-05,5.208332032e-11
4261,2.083333073e-05,2.951388151e-10,2.083333073e-05,2.951388151e-10
4262,3.333332917e-05,3.472221354e-10,3.333332917e-05,3.472221354e-10
4263,2.916666302e-05,3.298610286e-10,2.916666302e-05,3.298610286e-10
4264,4.166666146e-06,1.736110677e-11,4.166666146e-06,1.736110677e-11
4265,1.666666459e-05,2.777777083e-10,1.666666459e-05,2.777777083e-10
4266,1.666666458e-05,2.777777082e-10,1.666666458e-05,2.777777082e-10
4267,1.666666459e-05,2.777777083e-10,1.666666459e-05,2.777777083e-10
4268,8.333332291e-06,3.472221354e-11,8.333332291e-06,3.472221354e-11
4269,1.249999844e-05,5.208332031e-11,1.249999844e-05,5.208332031e-11
4270,4.58333276e-05,3.993054557e-10,4.58333276e-05,3.993054557e-10
4271,4.166666146e-05,3.819443489e-10,4.166666146e-05,3.819443489e-10
4272,3.333332917e-05,3.472221354e-10,3.333332917e-05,3.472221354e-10
4273,3.749999532e-05,5.729165234e-10,3.749999532e-05,5.729165234e-10
4274,2.916666302e-05,3.298610286e-10,2.916666302e-05,3.298610286e-10
4275,5.833332604e-05,6.597220573e-10,5.833332604e-05,6.597220573e-10
4276,4.166666146e-06,1.736110677e-11,4.166666146e-06,1.736110677e-11
4277,2.499999688e-05,3.124999219e-10,2.499999688e-05,3.124999219e-10
4278,2.499999687e-05,3.124999218e-10,2.499999687e-05,3.124999218e-10
4279,5.41666599e-05,8.506942317e-10,5.41666599e-05,8.506942317e-10
4280,2.499999688e-05,3.124999219e-10,2.499999688e-05,3.124999219e-10
4281,1.249999844e-05,5.208332032e-11,1.249999844e-05,5.208332032e-11
4282,0,0,0,0
4283,4.583332761e-05,6.07638737e-10,4.583332761e-05,6.07638737e-10
4284,2.083333073e-05,2.951388151e-10,2.083333073e-05,2.951388151e-10
4285,3.333332917e-05,5.555554166e-10,3.333332917e-05,5.555554166e-10
4286,4.166666145e-06,1.736110677e-11,4.166666145e-06,1.736110677e-11
4287,2.499999688e-05,3.124999219e-10,2.499999688e-05,3.124999219e-10
4288,4.166666146e-05,5.902776302e-10,4.166666146e-05,5.902776302e-10
4289,4.166666145e-05,5.902776298e-10,4.166666145e-05,5.902776298e-10
4290,7.083332449e-05,1.12847194e-09,7.083332449e-05,1.12847194e-09
4291,4.166666145e-06,1.736110677e-11,4.166666145e-06,1.736110677e-11
4292,4.166666146e-05,9.027775521e-10,4.166666146e-05,9.027775521e-10
4293,4.166666146e-05,5.902776302e-10,4.166666146e-05,5.902776302e-10
4294,2.499999688e-05,3.124999219e-10,2.499999688e-05,3.124999219e-10
4295,3.749999532e-05,5.729165234e-10,3.749999532e-05,5.729165234e-10
4296,5.41666599e-05,8.506942317e-10,5.41666599e-05,8.506942317e-10
4297,3.749999532e-05,5.729165234e-10,3.749999532e-05,5.729165234e-10
4298,3.749999532e-05,5.729165234e-10,3.749999532e-05,5.729165234e-10
4299,2.499999688e-05,3.124999219e-10,2.499999688e-05,3.124999219e-10
4300,5.833332605e-05,8.680553385e-10,5.833332605e-05,8.680553385e-10
4301,5.833332605e-05,8.680553385e-10,5.833332605e-05,8.680553385e-10
4302,2.499999688e-05,3.124999219e-10,2.499999688e-05,3.124999219e-10
4303,4.166666146e-05,5.902776302e-10,4.166666146e-05,5.902776302e-10
4304,3.333332916e-05,3.472221354e-10,3.333332916e-05,3.472221354e-10
4305,2.499999688e-05,3.124999219e-10,2.499999688e-05,3.124999219e-10
4306,3.333332917e-05,3.472221354e-10,3.333332917e-05,3.472221354e-10
4307,6.249999219e-05,6.77083164e-10,6.249999219e-05,6.77083164e-10
4308,0,0,0,0
4309,0,0,0,0
4310,2.083333073e-05,2.951388151e-10,2.083333073e-05,2.951388151e-10
4311,4.583332761e-05,6.07638737e-10,4.583332761e-05,6.07638737e-10
4312,3.749999532e-05,5.729165234e-10,3.749999532e-05,5.729165234e-10
4313,2.499999688e-05,3.124999219e-10,2.499999688e-05,3.124999219e-10
4314,5.833332605e-05,8.680553385e-10,5.833332605e-05,8.680553385e-10
4315,2.083333073e-05,2.951388151e-10,2.083333073e-05,2.951388151e-10
4316,0,0,0,0
4317,2.083333073e-05,2.951388151e-10,2.083333073e-05,2.951388151e-10
4318,2.499999688e-05,3.124999219e-10,2.499999688e-05,3.124999219e-10
4319,8.333332291e-06,3.472221354e-11,8.333332291e-06,3.472221354e-11
4320,6.249999219e-05,8.854164453e-10,6.249999219e-05,8.854164453e-10
4321,3.333332917e-05,5.555554166e-10,3.333332917e-05,5.555554166e-10
4322,8.33333229e-06,3.472221355e-11,8.33333229e-06,3.472221355e-11
4323,8.333332291e-06,3.472221354e-11,8.333332291e-06,3.472221354e-11
4324,3.333332916e-05,3.472221354e-10,3.333332916e-05,3.472221354e-10
4325,8.333332292e-05,1.18055526e-09,8.333332292e-05,1.18055526e-09
4326,1.666666459e-05,2.777777083e-10,1.666666459e-05,2.777777083e-10
4327,4.999999375e-05,6.249998437e-10,4.999999375e-05,6.249998437e-10
4328,9.374998829e-06,4.44878361e-11,9.374998829e-06,4.44878361e-11
4329,2.083333073e-05,2.951388151e-10,2.083333073e-05,2.951388151e-10
4330,4.583332761e-05,6.07638737e-10,4.583332761e-05,6.07638737e-10
4331,3.333332917e-05,3.472221354e-10,3.333332917e-05,3.472221354e-10
4332,0,0,0,0
4333,1.666666459e-05,2.777777083e-10,1.666666459e-05,2.777777083e-10
4334,0,0,0,0
4335,5.41666599e-05,8.506942317e-10,5.41666599e-05,8.506942317e-10
4336,3.749999532e-05,5.729165234e-10,3.749999532e-05,5.729165234e-10
4337,3.333332917e-05,5.555554166e-10,3.333332917e-05,5.555554166e-10
4338,2.083333072e-05,1.215277473e-10,2.083333072e-05,1.215277473e-10
4339,3.749999532e-05,5.729165234e-10,3.749999532e-05,5.729165234e-10
4340,3.333332917e-05,3.472221354e-10,3.333332917e-05,3.472221354e-10
4341,6.249999219e-05,8.854164453e-10,6.249999219e-05,8.854164453e-10
4342,4.166666145e-06,1.736110677e-11,4.166666145e-06,1.736110677e-11
4343,1.249999844e-05,5.208332031e-11,1.249999844e-05,5.208332031e-11
4344,4.166666145e-06,1.736110677e-11,4.166666145e-06,1.736110677e-11
4345,4.166666146e-06,1.736110677e-11,4.166666146e-06,1.736110677e-11
4346,2.499999688e-05,3.124999219e-10,2.499999688e-05,3.124999219e-10
4347,4.583332761e-05,6.07638737e-10,4.583332761e-05,6.07638737e-10
4348,2.499999688e-05,3.124999219e-10,2.499999688e-05,3.124999219e-10
4349,1.249999844e-05,5.208332031e-11,1.249999844e-05,5.208332031e-11
4350,1.666666459e-05,2.777777083e-10,1.666666459e-05,2.777777083e-10
4351,8.333332291e-06,3.472221354e-11,8.333332291e-06,3.472221354e-11
4352,2.499999688e-05,3.124999219e-10,2.499999688e-05,3.124999219e-10
4353,2.499999688e-05,3.124999219e-10,2.499999688e-05,3.124999219e-10
4354,4.166666145e-06,1.736110677e-11,4.166666145e-06,1.736110677e-11
4355,1.666666459e-05,2.777777083e-10,1.666666459e-05,2.777777083e-10
4356,3.749999529e-05,5.729165225e-10,3.749999529e-05,5.729165225e-10
4357,8.33333229e-06,3.472221355e-11,8.33333229e-06,3.472221355e-11
4358,4.583332761e-05,6.07638737e-10,4.583332761e-05,6.07638737e-10
4359,8.33333229e-06,3.472221354e-11,8.33333229e-06,3.472221354e-11
4360,1.666666459e-05,2.777777083e-10,1.666666459e-05,2.777777083e-10
4361,2.083333073e-05,2.951388151e-10,2.083333073e-05,2.951388151e-10
4362,8.333332292e-06,3.472221354e-11,8.333332292e-06,3.472221354e-11
4363,5.41666599e-05,8.506942317e-10,5.41666599e-05,8.506942317e-10
4364,1.249999844e-05,5.208332032e-11,1.249999844e-05,5.208332032e-11
4365,1.666666459e-05,2.777777083e-10,1.666666459e-05,2.777777083e-10
4366,4.166666145e-06,1.736110677e-11,4.166666145e-06,1.736110677e-11
4367,3.333332917e-05,5.555554166e-10,3.333332917e-05,5.555554166e-10
4368,8.333332292e-06,3.472221354e-11,8.333332292e-06,3.472221354e-11
4369,2.083333073e-05,2.951388151e-10,2.083333073e-05,2.951388151e-10
4370,0,0,0,0
4371,3.749999532e-05,5.729165234e-10,3.749999532e-05,5.729165234e-10
4372,8.33333229e-06,3.472221355e-11,8.33333229e-06,3.472221355e-11
4373,8.33333229e-06,3.472221355e-11,8.33333229e-06,3.472221355e-11
4374,3.333332917e-05,5.555554166e-10,3.333332917e-05,5.555554166e-10
4375,6.249999219e-05,8.854164453e-10,6.249999219e-05,8.854164453e-10
4376,1.666666459e-05,2.777777083e-10,1.666666459e-05,2.777777083e-10
4377,6.249999219e-05,8.854164453e-10,6.249999219e-05,8.854164453e-10
4378,4.166666145e-06,1.736110677e-11,4.166666145e-06,1.736110677e-11
4379,4.583332761e-05,6.07638737e-10,4.583332761e-05,6.07638737e-10
4380,1.666666459e-05,2.777777083e-10,1.666666459e-05,2.777777083e-10
4381,2.499999688e-05,3.124999219e-10,2.499999688e-05,3.124999219e-10
4382,0,0,0,0
4383,1.666666459e-05,2.777777083e-10,1.666666459e-05,2.777777083e-10
4384,2.916666302e-05,3.298610286e-10,2.916666302e-05,3.298610286e-10
4385,2.083333073e-05,2.951388151e-10,2.083333073e-05,2.951388151e-10
4386,3.333332917e-05,5.555554166e-10,3.333332917e-05,5.555554166e-10
4387,8.333332291e-06,3.472221354e-11,8.333332291e-06,3.472221354e-11
4388,5.833332605e-05,8.680553385e-10,5.833332605e-05,8.680553385e-10
4389,9.99999875e-05,1.66666625e-09,9.99999875e-05,1.66666625e-09
4390,3.333332917e-05,5.555554166e-10,3.333332917e-05,5.555554166e-10
4391,2.083333073e-05,2.951388151e-10,2.083333073e-05,2.951388151e-10
4392,4.166666146e-05,5.902776302e-10,4.166666146e-05,5.902776302e-10
4393,4.166666145e-06,1.736110677e-11,4.166666145e-06,1.736110677e-11
4394,3.333332917e-05,5.555554166e-10,3.333332917e-05,5.555554166e-10
4395,2.083333072e-05,8.680553386e-11,2.083333072e-05,8.680553386e-11
4396,4.583332761e-05,6.07638737e-10,4.583332761e-05,6.07638737e-10
4397,2.916666302e-05,3.298610286e-10,2.916666302e-05,3.298610286e-10
4398,0,0,0,0
4399,4.166666146e-05,5.902776302e-10,4.166666146e-05,5.902776302e-10
4400,0,0,0,0
4401,2.083333073e-05,2.951388151e-10,2.083333073e-05,2.951388151e-10
4402,4.166666145e-06,1.736110677e-11,4.166666145e-06,1.736110677e-11
4403,5.41666599e-05,8.506942317e-10,5.41666599e-05,8.506942317e-10
4404,2.916666302e-05,3.298610286e-10,2.916666302e-05,3.298610286e-10
4405,3.333332917e-05,5.555554166e-10,3.333332917e-05,5.555554166e-10
4406,4.166666145e-06,1.736110677e-11,4.166666145e-06,1.736110677e-11
4407,4.166666146e-06,1.736110677e-11,4.166666146e-06,1.736110677e-11
4408,4.166666146e-05,5.902776302e-10,4.166666146e-05,5.902776302e-10
4409,8.333332291e-06,3.472221354e-11,8.333332291e-06,3.472221354e-11
4410,8.333332293e-06,3.472221355e-11,8.333332293e-06,3.472221355e-11
4411,1.249999844e-05,5.208332031e-11,1.249999844e-05,5.208332031e-11
4412,2.083333073e-05,2.951388151e-10,2.083333073e-05,2.951388151e-10
4413,4.166666146e-06,1.736110677e-11,4.166666146e-06,1.736110677e-11
4414,2.083333073e-05,2.951388151e-10,2.083333073e-05,2.951388151e-10
4415,3.333332917e-05,3.472221354e-10,3.333332917e-05,3.472221354e-10
4416,8.333332291e-06,3.472221354e-11,8.333332291e-06,3.472221354e-11
4417,7.916665678e-05,1.163194154e-09,7.916665678e-05,1.163194154e-09
4418,0.0001041666537,1.684027357e-09,0.0001041666537,1.684027357e-09
4419,2.083333073e-05,2.951388151e-10,2.083333073e-05,2.951388151e-10
4420,1.666666459e-05,2.777777083e-10,1.666666459e-05,2.777777083e-10
4421,4.999999375e-05,6.249998437e-10,4.999999375e-05,6.249998437e-10
4422,2.083333073e-05,2.951388151e-10,2.083333073e-05,2.951388151e-10
4423,0,0,0,0
4424,1.666666459e-05,2.777777083e-10,1.666666459e-05,2.777777083e-10
4425,2.499999688e-05,3.124999219e-10,2.499999688e-05,3.124999219e-10
4426,1.249999844e-05,5.208332032e-11,1.249999844e-05,5.208332032e-11
4427,3.333332917e-05,5.555554166e-10,3.333332917e-05,5.555554166e-10
4428,4.166666146e-05,5.902776302e-10,4.166666146e-05,5.902776302e-10
4429,2.083333073e-05,2.951388151e-10,2.083333073e-05,2.951388151e-10
4430,2.499999688e-05,3.124999219e-10,2.499999688e-05,3.124999219e-10
4431,2.499999688e-05,1.041666406e-10,2.499999688e-05,1.041666406e-10
4432,4.166666146e-05,5.902776302e-10,4.166666146e-05,5.902776302e-10
4433,2.499999688e-05,3.124999219e-10,2.499999688e-05,3.124999219e-10
4434,4.58333276e-05,6.076387369e-10,4.58333276e-05,6.076387369e-10
4435,3.333332917e-05,5.555554166e-10,3.333332917e-05,5.555554166e-10
4436,5.833332605e-05,8.680553385e-10,5.833332605e-05,8.680553385e-10
4437,2.083333073e-05,2.951388151e-10,2.083333073e-05,2.951388151e-10
4438,7.916665678e-05,1.163194154e-09,7.916665678e-05,1.163194154e-09
4439,2.916666302e-05,3.298610286e-10,2.916666302e-05,3.298610286e-10
4440,2.083333073e-05,2.951388151e-10,2.083333073e-05,2.951388151e-10
4441,3.749999531e-05,3.645832422e-10,3.749999531e-05,3.645832422e-10
4442,2.083333073e-05,2.951388151e-10,2.083333073e-05,2.951388151e-10
4443,3.749999532e-05,5.729165234e-10,3.749999532e-05,5.729165234e-10
4444,4.583332761e-05,6.07638737e-10,4.583332761e-05,6.07638737e-10
4445,3.749999532e-05,5.729165234e-10,3.749999532e-05,5.729165234e-10
4446,2.499999688e-05,6.249998437e-10,2.499999688e-05,6.249998437e-10
4447,2.083333073e-05,2.951388151e-10,2.083333073e-05,2.951388151e-10
4448,3.333332917e-05,3.472221354e-10,3.333332917e-05,3.472221354e-10
4449,8.33333229e-06,3.472221355e-11,8.33333229e-06,3.472221355e-11
4450,6.249999219e-05,8.854164453e-10,6.249999219e-05,8.854164453e-10
4451,5.41666599e-05,8.506942317e-10,5.41666599e-05,8.506942317e-10
4452,1.666666459e-05,2.777777083e-10,1.666666459e-05,2.777777083e-10
4453,3.333332917e-05,5.555554166e-10,3.333332917e-05,5.555554166e-10
4454,2.916666302e-05,3.298610286e-10,2.916666302e-05,3.298610286e-10
4455,2.916666302e-05,3.298610286e-10,2.916666302e-05,3.298610286e-10
4456,1.666666459e-05,2.777777083e-10,1.666666459e-05,2.777777083e-10
4457,4.166666146e-06,1.736110677e-11,4.166666146e-06,1.736110677e-11
4458,4.583332761e-05,6.07638737e-10,4.583332761e-05,6.07638737e-10
4459,5.41666599e-05,8.506942317e-10,5.41666599e-05,8.506942317e-10
4460,3.749999532e-05,5.729165234e-10,3.749999532e-05,5.729165234e-10
4461,7.499999063e-05,1.145833047e-09,7.499999063e-05,1.145833047e-09
4462,5.41666599e-05,8.506942317e-10,5.41666599e-05,8.506942317e-10
4463,2.916666302e-05,3.298610286e-10,2.916666302e-05,3.298610286e-10
4464,2.499999688e-05,3.124999219e-10,2.499999688e-05,3.124999219e-10
4465,2.499999688e-05,3.124999219e-10,2.499999688e-05,3.124999219e-10
4466,2.916666302e-05,3.298610286e-10,2.916666302e-05,3.298610286e-10
4467,3.749999532e-05,5.729165234e-10,3.749999532e-05,5.729165234e-10
4468,5.41666599e-05,8.506942317e-10,5.41666599e-05,8.506942317e-10
4469,3.333332917e-05,3.472221354e-10,3.333332917e-05,3.472221354e-10
4470,2.499999688e-05,3.124999219e-10,2.499999688e-05,3.124999219e-10
4471,3.333332917e-05,5.555554166e-10,3.333332917e-05,5.555554166e-10
4472,2.916666302e-05,3.298610286e-10,2.916666302e-05,3.298610286e-10
4473,4.58333276e-05,6.076387367e-10,4.58333276e-05,6.076387367e-10
4474,2.916666302e-05,3.298610286e-10,2.916666302e-05,3.298610286e-10
4475,5.41666599e-05,8.506942317e-10,5.41666599e-05,8.506942317e-10
4476,4.166666145e-06,1.736110677e-11,4.166666145e-06,1.736110677e-11
4477,4.999999376e-05,8.33333125e-10,4.999999376e-05,8.33333125e-10
4478,8.333332291e-06,3.472221354e-11,8.333332291e-06,3.472221354e-11
4479,1.249999843e-05,5.208332032e-11,1.249999843e-05,5.208332032e-11
4480,2.499999688e-05,3.124999219e-10,2.499999688e-05,3.124999219e-10
4481,2.499999688e-05,3.124999219e-10,2.499999688e-05,3.124999219e-10
4482,1.666666459e-05,2.777777083e-10,1.666666459e-05,2.777777083e-10
4483,4.166666146e-06,1.736110677e-11,4.166666146e-06,1.736110677e-11
4484,2.499999688e-05,3.124999219e-10,2.499999688e-05,3.124999219e-10
4485,2.083333073e-05,2.951388151e-10,2.083333073e-05,2.951388151e-10
4486,8.333332292e-06,3.472221354e-11,8.333332292e-06,3.472221354e-11
4487,2.499999688e-05,3.124999219e-10,2.499999688e-05,3.124999219e-10
4488,9.99999875e-05,1.66666625e-09,9.99999875e-05,1.66666625e-09
4489,4.999999375e-05,6.249998437e-10,4.999999375e-05,6.249998437e-10
4490,2.499999688e-05,3.124999219e-10,2.499999688e-05,3.124999219e-10
4491,2.083333073e-05,2.951388151e-10,2.083333073e-05,2.951388151e-10
4492,3.333332917e-05,5.555554166e-10,3.333332917e-05,5.555554166e-10
4493,8.33333229e-06,3.472221355e-11,8.33333229e-06,3.472221355e-11
4494,5.41666599e-05,8.506942317e-10,5.41666599e-05,8.506942317e-10
4495,4.166666145e-06,1.736110677e-11,4.166666145e-06,1.736110677e-11
4496,1.249999844e-05,5.208332031e-11,1.249999844e-05,5.208332031e-11
4497,5.41666599e-05,8.506942317e-10,5.41666599e-05,8.506942317e-10
4498,3.333332917e-05,5.555554166e-10,3.333332917e-05,5.555554166e-10
4499,2.916666302e-05,3.298610286e-10,2.916666302e-05,3.298610286e-10
4500,4.166666145e-06,1.736110677e-11,4.166666145e-06,1.736110677e-11
4501,5.41666599e-05,8.506942317e-10,5.41666599e-05,8.506942317e-10
4502,9.166665521e-05,1.423610755e-09,9.166665521e-05,1.423610755e-09
4503,4.166666146e-05,5.902776302e-10,4.166666146e-05,5.902776302e-10
4504,8.333332291e-06,3.472221354e-11,8.333332291e-06,3.472221354e-11
4505,3.194444043e-05,7.889658511e-10,3.194444043e-05,7.889658511e-10
4506,8.33333229e-06,3.472221355e-11,8.33333229e-06,3.472221355e-11
4507,4.583332761e-05,6.07638737e-10,4.583332761e-05,6.07638737e-10
4508,3.749999532e-05,5.729165234e-10,3.749999532e-05,5.729165234e-10
4509,7.083332449e-05,1.12847194e-09,7.083332449e-05,1.12847194e-09
4510,4.166666145e-06,1.736110677e-11,4.166666145e-06,1.736110677e-11
4511,3.749999532e-05,5.729165234e-10,3.749999532e-05,5.729165234e-10
4512,5.41666599e-05,8.506942317e-10,5.41666599e-05,8.506942317e-10
4513,2.916666302e-05,3.298610286e-10,2.916666302e-05,3.298610286e-10
4514,3.749999532e-05,5.729165234e-10,3.749999532e-05,5.729165234e-10
4515,0,0,0,0
4516,0,0,0,0
4517,2.499999688e-05,3.124999219e-10,2.499999688e-05,3.124999219e-10
4518,4.166666146e-06,1.736110677e-11,4.166666146e-06,1.736110677e-11
4519,3.749999532e-05,5.729165234e-10,3.749999532e-05,5.729165234e-10
4520,0,0,0,0
4521,4.166666145e-06,1.736110677e-11,4.166666145e-06,1.736110677e-11
4522,2.916666302e-05,3.298610286e-10,2.916666302e-05,3.298610286e-10
4523,1.249999844e-05,5.208332032e-11,1.249999844e-05,5.208332032e-11
4524,2.499999688e-05,3.124999219e-10,2.499999688e-05,3.124999219e-10
4525,1.249999844e-05,5.208332032e-11,1.249999844e-05,5.208332032e-11
4526,5.833332605e-05,8.680553385e-10,5.833332605e-05,8.680553385e-10
4527,1.666666459e-05,2.777777083e-10,1.666666459e-05,2.777777083e-10
4528,3.749999531e-05,3.645832422e-10,3.749999531e-05,3.645832422e-10
4529,1.249999844e-05,5.208332032e-11,1.249999844e-05,5.208332032e-11
4530,2.916666302e-05,3.298610286e-10,2.916666302e-05,3.298610286e-10
4531,2.083333073e-05,2.951388151e-10,2.083333073e-05,2.951388151e-10
4532,2.499999688e-05,3.124999219e-10,2.499999688e-05,3.124999219e-10
4533,2.083333073e-05,2.951388151e-10,2.083333073e-05,2.951388151e-10
4534,0,0,0,0
4535,4.583332761e-05,6.07638737e-10,4.583332761e-05,6.07638737e-10
4536,2.499999688e-05,3.124999219e-10,2.499999688e-05,3.124999219e-10
4537,1.666666459e-05,2.777777083e-10,1.666666459e-05,2.777777083e-10
4538,1.666666459e-05,2.777777083e-10,1.666666459e-05,2.777777083e-10
4539,2.499999688e-05,3.124999219e-10,2.499999688e-05,3.124999219e-10
4540,2.083333073e-05,2.951388151e-10,2.083333073e-05,2.951388151e-10
4541,8.333332292e-06,3.472221354e-11,8.333332292e-06,3.472221354e-11
4542,3.333332917e-05,5.555554166e-10,3.333332917e-05,5.555554166e-10
4543,8.333332293e-06,3.472221355e-11,8.333332293e-06,3.472221355e-11
4544,4.166666146e-05,5.902776302e-10,4.166666146e-05,5.902776302e-10
4545,4.999999375e-05,6.249998437e-10,4.999999375e-05,6.249998437e-10
4546,2.916666302e-05,3.298610286e-10,2.916666302e-05,3.298610286e-10
4547,1.666666459e-05,2.777777083e-10,1.666666459e-05,2.777777083e-10
4548,1.666666459e-05,2.777777083e-10,1.666666459e-05,2.777777083e-10
4549,8.33333229e-06,3.472221355e-11,8.33333229e-06,3.472221355e-11
4550,2.083333073e-05,2.951388151e-10,2.083333073e-05,2.951388151e-10
4551,4.166666146e-05,5.902776302e-10,4.166666146e-05,5.902776302e-10
4552,6.249999219e-05,8.854164453e-10,6.249999219e-05,8.854164453e-10
4553,2.083333073e-05,8.680553386e-11,2.083333073e-05,8.680553386e-11
4554,0,0,0,0
4555,2.916666302e-05,3.298610286e-10,2.916666302e-05,3.298610286e-10
4556,2.083333073e-05,2.951388151e-10,2.083333073e-05,2.951388151e-10
4557,0,0,0,0
4558,2.499999688e-05,3.124999219e-10,2.499999688e-05,3.124999219e-10
4559,8.749998907e-05,1.406249648e-09,8.749998907e-05,1.406249648e-09
4560,4.166666145e-06,1.736110677e-11,4.166666145e-06,1.736110677e-11
4561,3.333332917e-05,3.472221354e-10,3.333332917e-05,3.472221354e-10
4562,0,0,0,0
4563,4.583332761e-05,6.07638737e-10,4.583332761e-05,6.07638737e-10
4564,2.916666302e-05,3.298610286e-10,2.916666302e-05,3.298610286e-10
4565,8.333332291e-06,3.472221354e-11,8.333332291e-06,3.472221354e-11
4566,2.916666302e-05,3.298610286e-10,2.916666302e-05,3.298610286e-10
4567,8.333332291e-06,3.472221354e-11,8.333332291e-06,3.472221354e-11
4568,1.666666459e-05,2.777777083e-10,1.666666459e-05,2.777777083e-10
4569,1.666666459e-05,2.777777083e-10,1.666666459e-05,2.777777083e-10
4570,6.666665834e-05,1.111110833e-09,6.666665834e-05,1.111110833e-09
4571,2.499999687e-05,3.124999217e-10,2.499999687e-05,3.124999217e-10
4572,5.41666599e-05,8.506942317e-10,5.41666599e-05,8.506942317e-10
4573,1.249999844e-05,5.208332032e-11,1.249999844e-05,5.208332032e-11
4574,2.083333073e-05,2.951388151e-10,2.083333073e-05,2.951388151e-10
4575,8.333332291e-06,3.472221354e-11,8.333332291e-06,3.472221354e-11
4576,7.916665678e-05,1.163194154e-09,7.916665678e-05,1.163194154e-09
4577,3.749999532e-05,5.729165234e-10,3.749999532e-05,5.729165234e-10
4578,2.083333073e-05,2.951388151e-10,2.083333073e-05,2.951388151e-10
4579,4.583332761e-05,6.07638737e-10,4.583332761e-05,6.07638737e-10
4580,2.083333073e-05,2.951388151e-10,2.083333073e-05,2.951388151e-10
4581,8.33333229e-06,3.472221355e-11,8.33333229e-06,3.472221355e-11
4582,2.083333073e-05,2.951388151e-10,2.083333073e-05,2.951388151e-10
4583,2.499999688e-05,3.124999219e-10,2.499999688e-05,3.124999219e-10
4584,1.666666459e-05,2.777777083e-10,1.666666459e-05,2.777777083e-10
4585,5.833332605e-05,6.597220573e-10,5.833332605e-05,6.597220573e-10
4586,3.333332917e-05,5.555554166e-10,3.333332917e-05,5.555554166e-10
4587,4.166666145e-06,1.736110677e-11,4.166666145e-06,1.736110677e-11
4588,4.166666146e-05,5.902776302e-10,4.166666146e-05,5.902776302e-10
4589,1.666666459e-05,2.777777083e-10,1.666666459e-05,2.777777083e-10
4590,1.666666458e-05,6.944442709e-11,1.666666458e-05,6.944442709e-11
4591,5.41666599e-05,8.506942317e-10,5.41666599e-05,8.506942317e-10
4592,4.166666146e-05,5.902776302e-10,4.166666146e-05,5.902776302e-10
4593,1.666666459e-05,2.777777083e-10,1.666666459e-05,2.777777083e-10
4594,4.166666145e-06,1.736110677e-11,4.166666145e-06,1.736110677e-11
4595,4.583332761e-05,6.07638737e-10,4.583332761e-05,6.07638737e-10
4596,8.33333229e-06,3.472221355e-11,8.33333229e-06,3.472221355e-11
4597,2.083333073e-05,2.951388151e-10,2.083333073e-05,2.951388151e-10
4598,1.249999843e-05,5.208332032e-11,1.249999843e-05,5.208332032e-11
4599,1.249999843e-05,5.208332032e-11,1.249999843e-05,5.208332032e-11
4600,3.333332917e-05,5.555554166e-10,3.333332917e-05,5.555554166e-10
4601,2.083333073e-05,2.951388151e-10,2.083333073e-05,2.951388151e-10
4602,3.749999532e-05,5.729165234e-10,3.749999532e-05,5.729165234e-10
4603,2.499999688e-05,3.124999219e-10,2.499999688e-05,3.124999219e-10
4604,3.333332917e-05,3.472221354e-10,3.333332917e-05,3.472221354e-10
4605,8.33333229e-06,3.472221355e-11,8.33333229e-06,3.472221355e-11
4606,4.166666146e-05,5.902776302e-10,4.166666146e-05,5.902776302e-10
4607,4.999999375e-05,6.249998437e-10,4.999999375e-05,6.249998437e-10
4608,2.916666302e-05,3.298610286e-10,2.916666302e-05,3.298610286e-10
4609,4.166666146e-05,5.902776302e-10,4.166666146e-05,5.902776302e-10
4610,4.166666145e-06,1.736110677e-11,4.166666145e-06,1.736110677e-11
4611,2.499999687e-05,3.124999218e-10,2.499999687e-05,3.124999218e-10
4612,2.916666302e-05,3.298610286e-10,2.916666302e-05,3.298610286e-10
4613,3.749999532e-05,5.729165234e-10,3.749999532e-05,5.729165234e-10
4614,2.083333073e-05,2.951388151e-10,2.083333073e-05,2.951388151e-10
4615,3.749999532e-05,5.729165234e-10,3.749999532e-05,5.729165234e-10
4616,5.833332604e-05,8.680553385e-10,5.833332604e-05,8.680553385e-10
4617,2.916666302e-05,3.298610286e-10,2.916666302e-05,3.298610286e-10
4618,2.499999688e-05,3.124999219e-10,2.499999688e-05,3.124999219e-10
4619,4.166666145e-06,1.736110677e-11,4.166666145e-06,1.736110677e-11
4620,2.499999688e-05,3.124999219e-10,2.499999688e-05,3.124999219e-10
4621,7.083332449e-05,1.684027357e-09,7.083332449e-05,1.684027357e-09
4622,7.083332449e-05,1.12847194e-09,7.083332449e-05,1.12847194e-09
4623,2.499999688e-05,3.124999219e-10,2.499999688e-05,3.124999219e-10
4624,3.333332916e-05,3.472221354e-10,3.333332916e-05,3.472221354e-10
4625,4.722221632e-05,8.063269589e-10,4.722221632e-05,8.063269589e-10
4626,1.666666459e-05,2.777777083e-10,1.666666459e-05,2.777777083e-10
4627,3.333332917e-05,5.555554166e-10,3.333332917e-05,5.555554166e-10
4628,8.333332291e-06,3.472221354e-11,8.333332291e-06,3.472221354e-11
4629,2.083333073e-05,2.951388151e-10,2.083333073e-05,2.951388151e-10
4630,7.499999063e-05,1.145833047e-09,7.499999063e-05,1.145833047e-09
4631,2.916666302e-05,3.298610286e-10,2.916666302e-05,3.298610286e-10
4632,5.833332605e-05,8.680553385e-10,5.833332605e-05,8.680553385e-10
4633,1.666666459e-05,2.777777083e-10,1.666666459e-05,2.777777083e-10
4634,2.499999688e-05,3.124999219e-10,2.499999688e-05,3.124999219e-10
4635,0.0001333333167,2.15277724e-09,0.0001333333167,2.15277724e-09
4636,8.333332291e-06,3.472221354e-11,8.333332291e-06,3.472221354e-11
4637,2.083333073e-05,2.951388151e-10,2.083333073e-05,2.951388151e-10
4638,4.999999376e-05,8.33333125e-10,4.999999376e-05,8.33333125e-10
4639,4.166666145e-06,1.736110677e-11,4.166666145e-06,1.736110677e-11
4640,3.333332917e-05,3.472221354e-10,3.333332917e-05,3.472221354e-10
4641,3.749999531e-05,3.645832422e-10,3.749999531e-05,3.645832422e-10
4642,2.083333073e-05,2.951388151e-10,2.083333073e-05,2.951388151e-10
4643,4.166666146e-05,5.902776302e-10,4.166666146e-05,5.902776302e-10
4644,1.666666459e-05,2.777777083e-10,1.666666459e-05,2.777777083e-10
4645,2.083333073e-05,2.951388151e-10,2.083333073e-05,2.951388151e-10
4646,2.083333073e-05,2.95138815e-10,2.083333073e-05,2.95138815e-10
4647,4.166666145e-06,1.736110677e-11,4.166666145e-06,1.736110677e-11
4648,4.166666146e-05,5.902776302e-10,4.166666146e-05,5.902776302e-10
4649,5.41666599e-05,8.506942317e-10,5.41666599e-05,8.506942317e-10
4650,4.166666145e-06,1.736110677e-11,4.166666145e-06,1.736110677e-11
4651,4.166666145e-06,1.736110677e-11,4.166666145e-06,1.736110677e-11
4652,3.333332917e-05,5.555554166e-10,3.333332917e-05,5.555554166e-10
4653,2.083333073e-05,2.951388151e-10,2.083333073e-05,2.951388151e-10
4654,2.916666302e-05,3.298610286e-10,2.916666302e-05,3.298610286e-10
4655,4.999999375e-05,6.597220572e-10,4.999999375e-05,6.597220572e-10
4656,4.166666145e-06,1.736110677e-11,4.166666145e-06,1.736110677e-11
4657,2.499999688e-05,3.124999219e-10,2.499999688e-05,3.124999219e-10
4658,2.499999688e-05,3.124999219e-10,2.499999688e-05,3.124999219e-10
4659,1.249999844e-05,5.208332031e-11,1.249999844e-05,5.208332031e-11
4660,5.416665989e-05,8.506942316e-10,5.416665989e-05,8.506942316e-10
4661,4.166666146e-05,5.902776302e-10,4.166666146e-05,5.902776302e-10
4662,2.083333073e-05,2.951388151e-10,2.083333073e-05,2.951388151e-10
4663,2.083333072e-05,8.680553386e-11,2.083333072e-05,8.680553386e-11
4664,2.083333073e-05,2.951388151e-10,2.083333073e-05,2.951388151e-10
4665,3.749999532e-05,5.729165234e-10,3.749999532e-05,5.729165234e-10
4666,2.083333073e-05,2.951388151e-10,2.083333073e-05,2.951388151e-10
4667,3.333332917e-05,3.472221354e-10,3.333332917e-05,3.472221354e-10
4668,4.166666145e-06,1.736110677e-11,4.166666145e-06,1.736110677e-11
4669,2.499999688e-05,3.124999219e-10,2.499999688e-05,3.124999219e-10
4670,3.749999532e-05,5.729165234e-10,3.749999532e-05,5.729165234e-10
4671,4.166666146e-06,1.736110677e-11,4.166666146e-06,1.736110677e-11
4672,2.916666302e-05,3.298610286e-10,2.916666302e-05,3.298610286e-10
4673,1.666666459e-05,2.777777083e-10,1.666666459e-05,2.777777083e-10
4674,3.333332917e-05,5.555554166e-10,3.333332917e-05,5.555554166e-10
4675,2.916666301e-05,3.298610283e-10,2.916666301e-05,3.298610283e-10
4676,0,0,0,0
4677,3.333332917e-05,5.555554166e-10,3.333332917e-05,5.555554166e-10
4678,4.166666145e-06,1.736110677e-11,4.166666145e-06,1.736110677e-11
4679,3.333332917e-05,5.555554166e-10,3.333332917e-05,5.555554166e-10
4680,1.249999844e-05,5.208332032e-11,1.249999844e-05,5.208332032e-11
4681,3.749999531e-05,6.770831641e-10,3.749999531e-05,6.770831641e-10
4682,8.333332292e-05,1.18055526e-09,8.333332292e-05,1.18055526e-09
4683,4.166666145e-06,1.736110677e-11,4.166666145e-06,1.736110677e-11
4684,2.916666302e-05,3.298610286e-10,2.916666302e-05,3.298610286e-10
4685,1.666666458e-05,2.777777081e-10,1.666666458e-05,2.777777081e-10
4686,2.499999688e-05,3.124999219e-10,2.499999688e-05,3.124999219e-10
4687,3.749999532e-05,5.729165234e-10,3.749999532e-05,5.729165234e-10
4688,1.666666459e-05,2.777777083e-10,1.666666459e-05,2.777777083e-10
4689,2.916666302e-05,3.298610286e-10,2.916666302e-05,3.298610286e-10
4690,2.083333073e-05,2.951388151e-10,2.083333073e-05,2.951388151e-10
4691,3.333332917e-05,5.555554166e-10,3.333332917e-05,5.555554166e-10
4692,3.124999609e-05,3.515624121e-10,3.124999609e-05,3.515624121e-10
4693,6.249999219e-05,8.854164453e-10,6.249999219e-05,8.854164453e-10
4694,5.41666599e-05,8.506942317e-10,5.41666599e-05,8.506942317e-10
4695,2.083333073e-05,2.951388151e-10,2.083333073e-05,2.951388151e-10
4696,3.749999532e-05,5.729165234e-10,3.749999532e-05,5.729165234e-10
4697,2.083333073e-05,2.951388151e-10,2.083333073e-05,2.951388151e-10
4698,4.166666145e-06,1.736110677e-11,4.166666145e-06,1.736110677e-11
4699,3.333332917e-05,5.555554166e-10,3.333332917e-05,5.555554166e-10
4700,4.166666145e-06,1.736110677e-11,4.166666145e-06,1.736110677e-11
4701,3.333332917e-05,5.555554166e-10,3.333332917e-05,5.555554166e-10
4702,7.499999063e-05,1.145833047e-09,7.499999063e-05,1.145833047e-09
4703,1.666666459e-05,2.777777083e-10,1.666666459e-05,2.777777083e-10
4704,3.749999532e-05,5.729165234e-10,3.749999532e-05,5.729165234e-10
4705,5.833332605e-05,8.680553385e-10,5.833332605e-05,8.680553385e-10
4706,5.41666599e-05,8.506942317e-10,5.41666599e-05,8.506942317e-10
4707,0,0,0,0
4708,3.749999532e-05,5.729165234e-10,3.749999532e-05,5.729165234e-10
4709,3.333332917e-05,5.555554166e-10,3.333332917e-05,5.555554166e-10
4710,2.499999688e-05,3.124999219e-10,2.499999688e-05,3.124999219e-10
4711,1.666666459e-05,2.777777083e-10,1.666666459e-05,2.777777083e-10
4712,8.33333229e-06,3.472221355e-11,8.33333229e-06,3.472221355e-11
4713,4.166666146e-06,1.736110677e-11,4.166666146e-06,1.736110677e-11
4714,4.166666145e-06,1.736110677e-11,4.166666145e-06,1.736110677e-11
4715,5.41666599e-05,8.506942317e-10,5.41666599e-05,8.506942317e-10
4716,2.499999688e-05,3.124999219e-10,2.499999688e-05,3.124999219e-10
4717,1.249999844e-05,5.208332032e-11,1.249999844e-05,5.208332032e-11
4718,2.083333073e-05,2.951388151e-10,2.083333073e-05,2.951388151e-10
4719,4.166666145e-06,1.736110677e-11,4.166666145e-06,1.736110677e-11
4720,2.499999688e-05,3.124999219e-10,2.499999688e-05,3.124999219e-10
4721,5.41666599e-05,8.506942317e-10,5.41666599e-05,8.506942317e-10
4722,2.083333073e-05,2.951388151e-10,2.083333073e-05,2.951388151e-10
4723,1.249999844e-05,5.208332031e-11,1.249999844e-05,5.208332031e-11
4724,2.083333073e-05,2.951388151e-10,2.083333073e-05,2.951388151e-10
4725,4.166666145e-06,1.736110677e-11,4.166666145e-06,1.736110677e-11
4726,3.333332917e-05,5.555554166e-10,3.333332917e-05,5.555554166e-10
4727,6.249999219e-05,8.854164453e-10,6.249999219e-05,8.854164453e-10
4728,2.499999688e-05,3.124999219e-10,2.499999688e-05,3.124999219e-10
4729,2.083333073e-05,2.951388151e-10,2.083333073e-05,2.951388151e-10
4730,8.33333229e-06,3.472221355e-11,8.33333229e-06,3.472221355e-11
4731,2.499999688e-05,3.124999219e-10,2.499999688e-05,3.124999219e-10
4732,2.499999688e-05,3.124999219e-10,2.499999688e-05,3.124999219e-10
4733,0,0,0,0
4734,5.833332605e-05,8.680553385e-10,5.833332605e-05,8.680553385e-10
4735,4.166666145e-06,1.736110677e-11,4.166666145e-06,1.736110677e-11
4736,6.249999219e-05,8.854164453e-10,6.249999219e-05,8.854164453e-10
4737,4.166666145e-06,1.736110677e-11,4.166666145e-06,1.736110677e-11
4738,2.499999688e-05,3.124999219e-10,2.499999688e-05,3.124999219e-10
4739,1.041666536e-05,5.642359701e-11,1.041666536e-05,5.642359701e-11
4740,4.166666145e-06,1.736110677e-11,4.166666145e-06,1.736110677e-11
4741,0,0,0,0
4742,4.999999376e-05,8.33333125e-10,4.999999376e-05,8.33333125e-10
4743,4.166666145e-06,1.736110677e-11,4.166666145e-06,1.736110677e-11
4744,4.166666145e-06,1.736110677e-11,4.166666145e-06,1.736110677e-11
4745,6.666665834e-05,1.111110833e-09,6.666665834e-05,1.111110833e-09
4746,3.541666224e-05,3.689235189e-10,3.541666224e-05,3.689235189e-10
4747,8.33333229e-06,3.472221355e-11,8.33333229e-06,3.472221355e-11
4748,1.666666458e-05,6.944442709e-11,1.666666458e-05,6.944442709e-11
4749,3.749999532e-05,5.729165234e-10,3.749999532e-05,5.729165234e-10
4750,2.499999688e-05,3.124999219e-10,2.499999688e-05,3.124999219e-10
4751,2.916666302e-05,3.298610286e-10,2.916666302e-05,3.298610286e-10
4752,0,0,0,0
4753,1.249999844e-05,5.208332032e-11,1.249999844e-05,5.208332032e-11
4754,4.166666146e-06,1.736110677e-11,4.166666146e-06,1.736110677e-11
4755,2.499999688e-05,3.124999219e-10,2.499999688e-05,3.124999219e-10
4756,0,0,0,0
4757,3.749999532e-05,5.729165234e-10,3.749999532e-05,5.729165234e-10
4758,1.666666459e-05,2.777777083e-10,1.666666459e-05,2.777777083e-10
4759,0,0,0,0
4760,8.333332291e-06,3.472221354e-11,8.333332291e-06,3.472221354e-11
4761,8.33333229e-06,3.472221355e-11,8.33333229e-06,3.472221355e-11
4762,0,0,0,0
4763,4.166666146e-05,5.902776302e-10,4.166666146e-05,5.902776302e-10
4764,7.083332448e-05,9.201386588e-10,7.083332448e-05,9.201386588e-10
4765,6.666665834e-05,9.02777552e-10,6.666665834e-05,9.02777552e-10
4766,3.749999532e-05,5.729165234e-10,3.749999532e-05,5.729165234e-10
4767,1.666666458e-05,6.944442707e-11,1.666666458e-05,6.944442707e-11
4768,3.333332917e-05,5.555554166e-10,3.333332917e-05,5.555554166e-10
4769,8.333332291e-06,3.472221354e-11,8.333332291e-06,3.472221354e-11
4770,5.41666599e-05,8.506942317e-10,5.41666599e-05,8.506942317e-10
4771,2.083333073e-05,2.951388151e-10,2.083333073e-05,2.951388151e-10
4772,2.499999688e-05,3.124999219e-10,2.499999688e-05,3.124999219e-10
4773,2.499999688e-05,3.124999219e-10,2.499999688e-05,3.124999219e-10
4774,3.749999532e-05,5.729165234e-10,3.749999532e-05,5.729165234e-10
4775,2.083333073e-05,2.951388151e-10,2.083333073e-05,2.951388151e-10
4776,5.833332605e-05,8.680553385e-10,5.833332605e-05,8.680553385e-10
4777,2.499999688e-05,3.124999219e-10,2.499999688e-05,3.124999219e-10
4778,4.166666146e-05,5.902776302e-10,4.166666146e-05,5.902776302e-10
4779,2.083333072e-05,2.951388149e-10,2.083333072e-05,2.951388149e-10
4780,8.333332293e-06,3.472221355e-11,8.333332293e-06,3.472221355e-11
4781,2.499999688e-05,3.124999219e-10,2.499999688e-05,3.124999219e-10
4782,4.166666145e-06,1.736110677e-11,4.166666145e-06,1.736110677e-11
4783,2.499999688e-05,3.124999219e-10,2.499999688e-05,3.124999219e-10
4784,2.916666302e-05,3.298610286e-10,2.916666302e-05,3.298610286e-10
4785,3.749999532e-05,5.729165234e-10,3.749999532e-05,5.729165234e-10
4786,8.333332291e-06,3.472221354e-11,8.333332291e-06,3.472221354e-11
4787,1.666666459e-05,2.777777083e-10,1.666666459e-05,2.777777083e-10
4788,3.333332917e-05,5.555554166e-10,3.333332917e-05,5.555554166e-10
4789,2.499999688e-05,3.124999219e-10,2.499999688e-05,3.124999219e-10
4790,0,0,0,0
4791,8.333332291e-06,3.472221354e-11,8.333332291e-06,3.472221354e-11
4792,5.833332605e-05,8.680553385e-10,5.833332605e-05,8.680553385e-10
4793,0,0,0,0
4794,2.499999688e-05,3.124999219e-10,2.499999688e-05,3.124999219e-10
4795,4.166666146e-06,1.736110677e-11,4.166666146e-06,1.736110677e-11
4796,3.749999532e-05,5.729165234e-10,3.749999532e-05,5.729165234e-10
4797,8.33333229e-06,3.472221355e-11,8.33333229e-06,3.472221355e-11
4798,2.083333073e-05,2.951388151e-10,2.083333073e-05,2.951388151e-10
4799,1.666666459e-05,2.777777083e-10,1.666666459e-05,2.777777083e-10
4800,8.33333229e-06,3.472221355e-11,8.33333229e-06,3.472221355e-11
4801,6.249999219e-06,3.906249023e-11,6.249999219e-06,3.906249023e-11
4802,2.916666302e-05,3.298610286e-10,2.916666302e-05,3.298610286e-10
4803,1.666666459e-05,2.777777083e-10,1.666666459e-05,2.777777083e-10
4804,3.333332917e-05,5.555554166e-10,3.333332917e-05,5.555554166e-10
4805,0,0,0,0
4806,2.083333073e-05,2.951388151e-10,2.083333073e-05,2.951388151e-10
4807,4.999999376e-05,8.33333125e-10,4.999999376e-05,8.33333125e-10
4808,3.333332917e-05,5.555554166e-10,3.333332917e-05,5.555554166e-10
4809,4.166666145e-06,1.736110677e-11,4.166666145e-06,1.736110677e-11
4810,1.666666459e-05,2.777777083e-10,1.666666459e-05,2.777777083e-10
4811,7.916665677e-05,1.163194153e-09,7.916665677e-05,1.163194153e-09
4812,4.166666145e-06,1.736110675e-11,4.166666145e-06,1.736110675e-11
4813,4.166666145e-06,1.736110677e-11,4.166666145e-06,1.736110677e-11
4814,4.166666145e-06,1.736110677e-11,4.166666145e-06,1.736110677e-11
4815,4.166666146e-05,5.902776302e-10,4.166666146e-05,5.902776302e-10
4816,2.083333073e-05,8.680553386e-11,2.083333073e-05,8.680553386e-11
4817,4.999999376e-05,8.33333125e-10,4.999999376e-05,8.33333125e-10
4818,4.166666146e-05,5.902776302e-10,4.166666146e-05,5.902776302e-10
4819,4.166666146e-05,5.902776302e-10,4.166666146e-05,5.902776302e-10
4820,4.166666145e-06,1.736110677e-11,4.166666145e-06,1.736110677e-11
4821,2.083333073e-05,2.951388151e-10,2.083333073e-05,2.951388151e-10
4822,3.749999532e-05,5.729165234e-10,3.749999532e-05,5.729165234e-10
4823,3.333332917e-05,5.555554166e-10,3.333332917e-05,5.555554166e-10
4824,4.999999375e-05,6.249998437e-10,4.999999375e-05,6.249998437e-10
4825,3.749999531e-05,3.645832422e-10,3.749999531e-05,3.645832422e-10
4826,4.999999376e-05,8.33333125e-10,4.999999376e-05,8.33333125e-10
4827,2.083333073e-05,2.951388151e-10,2.083333073e-05,2.951388151e-10
4828,4.166666146e-05,5.902776302e-10,4.166666146e-05,5.902776302e-10
4829,1.666666459e-05,2.777777083e-10,1.666666459e-05,2.777777083e-10
4830,2.499999688e-05,3.124999219e-10,2.499999688e-05,3.124999219e-10
4831,5.833332604e-05,8.680553384e-10,5.833332604e-05,8.680553384e-10
4832,1.249999844e-05,5.208332032e-11,1.249999844e-05,5.208332032e-11
4833,3.333332917e-05,5.555554166e-10,3.333332917e-05,5.555554166e-10
4834,4.166666145e-06,1.736110677e-11,4.166666145e-06,1.736110677e-11
4835,4.166666146e-05,5.902776302e-10,4.166666146e-05,5.902776302e-10
4836,5.41666599e-05,8.506942317e-10,5.41666599e-05,8.506942317e-10
4837,1.666666459e-05,2.777777083e-10,1.666666459e-05,2.777777083e-10
4838,4.166666146e-05,5.902776302e-10,4.166666146e-05,5.902776302e-10
4839,2.499999688e-05,3.124999219e-10,2.499999688e-05,3.124999219e-10
4840,2.083333073e-05,2.951388151e-10,2.083333073e-05,2.951388151e-10
4841,4.583332761e-05,6.07638737e-10,4.583332761e-05,6.07638737e-10
4842,4.166666146e-05,3.81944349e-10,4.166666146e-05,3.81944349e-10
4843,4.166666145e-06,1.736110677e-11,4.166666145e-06,1.736110677e-11
4844,5.41666599e-05,8.506942317e-10,5.41666599e-05,8.506942317e-10
4845,8.333332291e-06,3.472221354e-11,8.333332291e-06,3.472221354e-11
4846,4.166666145e-06,1.736110676e-11,4.166666145e-06,1.736110676e-11
4847,2.916666302e-05,3.298610286e-10,2.916666302e-05,3.298610286e-10
4848,4.999999375e-05,6.249998437e-10,4.999999375e-05,6.249998437e-10
4849,5.833332605e-05,8.680553385e-10,5.833332605e-05,8.680553385e-10
4850,5.833332605e-05,8.680553385e-10,5.833332605e-05,8.680553385e-10
4851,3.333332917e-05,5.555554166e-10,3.333332917e-05,5.555554166e-10
4852,3.333332917e-05,5.555554166e-10,3.333332917e-05,5.555554166e-10
4853,1.666666459e-05,2.777777083e-10,1.666666459e-05,2.777777083e-10
4854,4.166666145e-06,1.736110676e-11,4.166666145e-06,1.736110676e-11
4855,5.833332605e-05,8.680553385e-10,5.833332605e-05,8.680553385e-10
4856,8.333332291e-06,3.472221354e-11,8.333332291e-06,3.472221354e-11
4857,1.666666459e-05,2.777777083e-10,1.666666459e-05,2.777777083e-10
4858,8.333332293e-06,3.472221355e-11,8.333332293e-06,3.472221355e-11
4859,3.333332917e-05,5.555554166e-10,3.333332917e-05,5.555554166e-10
4860,4.583332761e-05,6.07638737e-10,4.583332761e-05,6.07638737e-10
4861,1.666666459e-05,2.777777083e-10,1.666666459e-05,2.777777083e-10
4862,3.333332917e-05,5.555554166e-10,3.333332917e-05,5.555554166e-10
4863,1.666666459e-05,2.777777083e-10,1.666666459e-05,2.777777083e-10
4864,4.166666146e-05,5.902776302e-10,4.166666146e-05,5.902776302e-10
4865,5.833332605e-05,8.680553385e-10,5.833332605e-05,8.680553385e-10
4866,2.083333073e-05,2.951388151e-10,2.083333073e-05,2.951388151e-10
4867,2.499999688e-05,3.124999219e-10,2.499999688e-05,3.124999219e-10
4868,7.499999063e-05,1.145833047e-09,7.499999063e-05,1.145833047e-09
4869,4.166666146e-05,5.902776302e-10,4.166666146e-05,5.902776302e-10
4870,2.083333073e-05,2.951388151e-10,2.083333073e-05,2.951388151e-10
4871,4.999999376e-05,8.33333125e-10,4.999999376e-05,8.33333125e-10
4872,3.749999532e-05,5.729165234e-10,3.749999532e-05,5.729165234e-10
4873,2.499999688e-05,3.124999219e-10,2.499999688e-05,3.124999219e-10
4874,8.33333229e-06,3.472221355e-11,8.33333229e-06,3.472221355e-11
4875,3.333332917e-05,5.555554166e-10,3.333332917e-05,5.555554166e-10
4876,7.499999063e-05,1.145833047e-09,7.499999063e-05,1.145833047e-09
4877,4.583332761e-05,6.07638737e-10,4.583332761e-05,6.07638737e-10
4878,5.41666599e-05,8.506942317e-10,5.41666599e-05,8.506942317e-10
4879,2.083333072e-05,2.951388149e-10,2.083333072e-05,2.951388149e-10
4880,4.166666146e-05,5.902776302e-10,4.166666146e-05,5.902776302e-10
4881,4.166666145e-06,1.736110677e-11,4.166666145e-06,1.736110677e-11
4882,1.666666459e-05,2.777777083e-10,1.666666459e-05,2.777777083e-10
4883,1.666666458e-05,6.944442709e-11,1.666666458e-05,6.944442709e-11
4884,8.33333229e-06,3.472221355e-11,8.33333229e-06,3.472221355e-11
4885,2.499999688e-05,3.124999219e-10,2.499999688e-05,3.124999219e-10
4886,8.333332291e-06,3.472221354e-11,8.333332291e-06,3.472221354e-11
4887,4.166666146e-05,5.902776302e-10,4.166666146e-05,5.902776302e-10
4888,2.499999688e-05,3.124999219e-10,2.499999688e-05,3.124999219e-10
4889,1.666666459e-05,2.777777083e-10,1.666666459e-05,2.777777083e-10
4890,3.749999532e-05,5.729165234e-10,3.749999532e-05,5.729165234e-10
4891,2.083333073e-05,2.951388151e-10,2.083333073e-05,2.951388151e-10
4892,3.749999532e-05,5.729165234e-10,3.749999532e-05,5.729165234e-10
4893,4.166666146e-06,1.736110677e-11,4.166666146e-06,1.736110677e-11
4894,0,0,0,0
4895,2.499999688e-05,3.124999219e-10,2.499999688e-05,3.124999219e-10
4896,2.499999688e-05,3.124999219e-10,2.499999688e-05,3.124999219e-10
4897,1.666666459e-05,2.777777083e-10,1.666666459e-05,2.777777083e-10
4898,0,0,0,0
4899,1.666666459e-05,2.777777083e-10,1.666666459e-05,2.777777083e-10
4900,4.583332761e-05,6.07638737e-10,4.583332761e-05,6.07638737e-10
4901,8.333332293e-06,3.472221355e-11,8.333332293e-06,3.472221355e-11
4902,3.333332917e-05,3.472221354e-10,3.333332917e-05,3.472221354e-10
4903,5.41666599e-05,8.506942317e-10,5.41666599e-05,8.506942317e-10
4904,2.083333073e-05,2.951388151e-10,2.083333073e-05,2.951388151e-10
4905,3.333332917e-05,5.555554166e-10,3.333332917e-05,5.555554166e-10
4906,5.41666599e-05,8.506942317e-10,5.41666599e-05,8.506942317e-10
4907,8.33333229e-06,3.472221355e-11,8.33333229e-06,3.472221355e-11
4908,0,0,0,0
4909,4.999999376e-05,8.33333125e-10,4.999999376e-05,8.33333125e-10
4910,0,0,0,0
4911,4.166666146e-06,1.736110677e-11,4.166666146e-06,1.736110677e-11
4912,0,0,0,0
4913,4.166666146e-05,5.902776302e-10,4.166666146e-05,5.902776302e-10
4914,3.749999532e-05,5.729165234e-10,3.749999532e-05,5.729165234e-10
4915,6.666665834e-05,9.02777552e-10,6.666665834e-05,9.02777552e-10
4916,6.666665834e-05,1.111110833e-09,6.666665834e-05,1.111110833e-09
4917,4.166666145e-06,1.736110677e-11,4.166666145e-06,1.736110677e-11
4918,1.666666458e-05,6.944442709e-11,1.666666458e-05,6.944442709e-11
4919,4.999999376e-05,8.33333125e-10,4.999999376e-05,8.33333125e-10
4920,3.333332917e-05,5.555554166e-10,3.333332917e-05,5.555554166e-10
4921,8.33333229e-06,3.472221355e-11,8.33333229e-06,3.472221355e-11
4922,2.083333073e-05,2.951388151e-10,2.083333073e-05,2.951388151e-10
4923,4.166666145e-06,1.736110677e-11,4.166666145e-06,1.736110677e-11
4924,8.33333229e-06,3.472221355e-11,8.33333229e-06,3.472221355e-11
4925,2.499999688e-05,3.124999219e-10,2.499999688e-05,3.124999219e-10
4926,3.333332917e-05,5.555554166e-10,3.333332917e-05,5.555554166e-10
4927,2.083333073e-05,2.951388151e-10,2.083333073e-05,2.951388151e-10
4928,3.333332917e-05,3.472221354e-10,3.333332917e-05,3.472221354e-10
4929,2.499999688e-05,3.124999219e-10,2.499999688e-05,3.124999219e-10
4930,2.499999688e-05,3.124999219e-10,2.499999688e-05,3.124999219e-10
4931,2.916666302e-05,3.298610286e-10,2.916666302e-05,3.298610286e-10
4932,2.916666302e-05,3.298610286e-10,2.916666302e-05,3.298610286e-10
4933,1.249999844e-05,5.208332031e-11,1.249999844e-05,5.208332031e-11
4934,2.916666302e-05,3.298610286e-10,2.916666302e-05,3.298610286e-10
4935,1.666666458e-05,6.944442709e-11,1.666666458e-05,6.944442709e-11
4936,2.916666302e-05,3.298610286e-10,2.916666302e-05,3.298610286e-10
4937,2.916666302e-05,3.298610286e-10,2.916666302e-05,3.298610286e-10
4938,6.458332526e-05,9.071178287e-10,6.458332526e-05,9.071178287e-10
4939,4.166666145e-06,1.736110677e-11,4.166666145e-06,1.736110677e-11
4940,3.749999532e-05,5.729165234e-10,3.749999532e-05,5.729165234e-10
4941,6.666665834e-05,1.111110833e-09,6.666665834e-05,1.111110833e-09
4942,4.166666145e-06,1.736110677e-11,4.166666145e-06,1.736110677e-11
4943,2.916666302e-05,3.298610286e-10,2.916666302e-05,3.298610286e-10
4944,0,0,0,0
4945,4.166666145e-06,1.736110677e-11,4.166666145e-06,1.736110677e-11
4946,4.999999376e-05,8.33333125e-10,4.999999376e-05,8.33333125e-10
4947,4.166666145e-06,1.736110677e-11,4.166666145e-06,1.736110677e-11
4948,2.499999688e-05,3.124999219e-10,2.499999688e-05,3.124999219e-10
4949,0,0,0,0
4950,4.166666146e-06,1.736110677e-11,4.166666146e-06,1.736110677e-11
4951,0,0,0,0
4952,8.333332292e-06,3.472221354e-11,8.333332292e-06,3.472221354e-11
4953,2.499999688e-05,3.124999219e-10,2.499999688e-05,3.124999219e-10
4954,3.749999532e-05,5.729165234e-10,3.749999532e-05,5.729165234e-10
4955,4.166666146e-05,5.902776302e-10,4.166666146e-05,5.902776302e-10
4956,8.333332291e-06,3.472221354e-11,8.333332291e-06,3.472221354e-11
4957,3.749999532e-05,5.729165234e-10,3.749999532e-05,5.729165234e-10
4958,0,0,0,0
4959,1.666666459e-05,2.777777083e-10,1.666666459e-05,2.777777083e-10
4960,6.249999219e-05,8.854164453e-10,6.249999219e-05,8.854164453e-10
4961,1.666666459e-05,2.777777083e-10,1.666666459e-05,2.777777083e-10
4962,4.166666145e-06,1.736110677e-11,4.166666145e-06,1.736110677e-11
4963,8.33333229e-06,3.472221355e-11,8.33333229e-06,3.472221355e-11
4964,5.833332605e-05,8.680553385e-10,5.833332605e-05,8.680553385e-10
4965,8.333332291e-06,3.472221354e-11,8.333332291e-06,3.472221354e-11
4966,5.41666599e-05,6.423609505e-10,5.41666599e-05,6.423609505e-10
4967,0,0,0,0
4968,4.166666146e-06,1.736110677e-11,4.166666146e-06,1.736110677e-11
4969,2.083333073e-05,2.951388151e-10,2.083333073e-05,2.951388151e-10
4970,3.749999532e-05,5.729165234e-10,3.749999532e-05,5.729165234e-10
4971,4.166666145e-06,1.736110677e-11,4.166666145e-06,1.736110677e-11
4972,1.666666459e-05,2.777777083e-10,1.666666459e-05,2.777777083e-10
4973,3.333332917e-05,5.555554166e-10,3.333332917e-05,5.555554166e-10
4974,6.666665832e-05,1.111110833e-09,6.666665832e-05,1.111110833e-09
4975,2.083333073e-05,2.951388151e-10,2.083333073e-05,2.951388151e-10
4976,2.083333073e-05,2.951388151e-10,2.083333073e-05,2.951388151e-10
4977,7.499999063e-05,9.374997656e-10,7.499999063e-05,9.374997656e-10
4978,3.333332917e-05,5.555554166e-10,3.333332917e-05,5.555554166e-10
4979,4.166666145e-06,1.736110677e-11,4.166666145e-06,1.736110677e-11
4980,4.166666145e-06,1.736110677e-11,4.166666145e-06,1.736110677e-11
4981,4.166666146e-05,5.902776302e-10,4.166666146e-05,5.902776302e-10
4982,4.166666146e-05,5.902776302e-10,4.166666146e-05,5.902776302e-10
4983,2.083333073e-05,2.951388151e-10,2.083333073e-05,2.951388151e-10
4984,3.333332917e-05,5.555554166e-10,3.333332917e-05,5.555554166e-10
4985,1.666666459e-05,2.777777083e-10,1.666666459e-05,2.777777083e-10
4986,4.999999376e-05,8.33333125e-10,4.999999376e-05,8.33333125e-10
4987,8.333332286e-06,3.472221352e-11,8.333332286e-06,3.472221352e-11
4988,9.166665522e-05,1.423610755e-09,9.166665522e-05,1.423610755e-09
4989,2.916666302e-05,3.298610286e-10,2.916666302e-05,3.298610286e-10
4990,4.166666145e-06,1.736110677e-11,4.166666145e-06,1.736110677e-11
4991,4.166666145e-06,1.736110677e-11,4.166666145e-06,1.736110677e-11
4992,4.166666145e-06,1.736110677e-11,4.166666145e-06,1.736110677e-11
4993,1.666666459e-05,2.777777083e-10,1.666666459e-05,2.777777083e-10
4994,8.33333229e-06,3.472221355e-11,8.33333229e-06,3.472221355e-11
4995,4.166666146e-05,5.902776302e-10,4.166666146e-05,5.902776302e-10
4996,3.333332915e-05,5.555554162e-10,3.333332915e-05,5.555554162e-10
4997,4.999999376e-05,8.33333125e-10,4.999999376e-05,8.33333125e-10
4998,3.333332917e-05,5.555554166e-10,3.333332917e-05,5.555554166e-10
4999,8.333332293e-06,3.472221355e-11,8.333332293e-06,3.472221355e-11
5000,4.166666145e-06,1.736110677e-11,4.166666145e-06,1.736110677e-11
5001,2.499999688e-05,3.124999219e-10,2.499999688e-05,3.124999219e-10
5002,3.333332917e-05,5.555554166e-10,3.333332917e-05,5.555554166e-10
5003,8.33333229e-06,3.472221354e-11,8.33333229e-06,3.472221354e-11
5004,1.666666459e-05,2.777777083e-10,1.666666459e-05,2.777777083e-10
5005,2.499999688e-05,3.124999219e-10,2.499999688e-05,3.124999219e-10
5006,3.333332917e-05,5.555554166e-10,3.333332917e-05,5.555554166e-10
5007,7.083332449e-05,1.12847194e-09,7.083332449e-05,1.12847194e-09
5008,2.916666302e-05,3.298610286e-10,2.916666302e-05,3.298610286e-10
5009,3.333332917e-05,3.472221354e-10,3.333332917e-05,3.472221354e-10
5010,8.333332292e-05,1.388888542e-09,8.333332292e-05,1.388888542e-09
5011,2.916666302e-05,3.298610286e-10,2.916666302e-05,3.298610286e-10
5012,1.666666459e-05,2.777777083e-10,1.666666459e-05,2.777777083e-10
5013,4.166666146e-05,5.902776302e-10,4.166666146e-05,5.902776302e-10
5014,4.999999376e-05,8.33333125e-10,4.999999376e-05,8.33333125e-10
5015,3.749999532e-05,5.729165234e-10,3.749999532e-05,5.729165234e-10
5016,2.083333073e-05,2.951388151e-10,2.083333073e-05,2.951388151e-10
5017,4.583332761e-05,6.07638737e-10,4.583332761e-05,6.07638737e-10
5018,4.999999375e-05,6.249998437e-10,4.999999375e-05,6.249998437e-10
5019,3.333332917e-05,5.555554166e-10,3.333332917e-05,5.555554166e-10
5020,3.333332917e-05,5.555554166e-10,3.333332917e-05,5.555554166e-10
5021,4.999999376e-05,8.33333125e-10,4.999999376e-05,8.33333125e-10
5022,2.499999688e-05,1.041666406e-10,2.499999688e-05,1.041666406e-10
5023,1.666666459e-05,2.777777083e-10,1.666666459e-05,2.777777083e-10
5024,4.999999376e-05,8.33333125e-10,4.999999376e-05,8.33333125e-10
5025,4.999999375e-05,6.249998437e-10,4.999999375e-05,6.249998437e-10
5026,4.166666145e-06,1.736110677e-11,4.166666145e-06,1.736110677e-11
5027,3.333332917e-05,5.555554166e-10,3.333332917e-05,5.555554166e-10
5028,3.749999532e-05,5.729165234e-10,3.749999532e-05,5.729165234e-10
5029,4.166666146e-05,5.902776302e-10,4.166666146e-05,5.902776302e-10
5030,0,0,0,0
5031,5.833332605e-05,8.680553385e-10,5.833332605e-05,8.680553385e-10
5032,2.499999687e-05,3.124999218e-10,2.499999687e-05,3.124999218e-10
5033,1.666666459e-05,2.777777083e-10,1.666666459e-05,2.777777083e-10
5034,6.666665834e-05,9.02777552e-10,6.666665834e-05,9.02777552e-10
5035,2.083333073e-05,8.680553386e-11,2.083333073e-05,8.680553386e-11
5036,9.166665522e-05,1.423610755e-09,9.166665522e-05,1.423610755e-09
5037,4.166666146e-05,5.902776302e-10,4.166666146e-05,5.902776302e-10
5038,3.749999532e-05,5.729165234e-10,3.749999532e-05,5.729165234e-10
5039,3.333332917e-05,5.555554166e-10,3.333332917e-05,5.555554166e-10
5040,2.499999688e-05,3.124999219e-10,2.499999688e-05,3.124999219e-10
5041,3.749999532e-05,5.729165234e-10,3.749999532e-05,5.729165234e-10
5042,4.166666145e-06,1.736110677e-11,4.166666145e-06,1.736110677e-11
5043,5.833332605e-05,8.680553385e-10,5.833332605e-05,8.680553385e-10
5044,2.083333073e-05,2.951388151e-10,2.083333073e-05,2.951388151e-10
5045,0,0,0,0
5046,4.999999376e-05,8.33333125e-10,4.999999376e-05,8.33333125e-10
5047,5.41666599e-05,8.506942317e-10,5.41666599e-05,8.506942317e-10
5048,4.999999376e-05,8.33333125e-10,4.999999376e-05,8.33333125e-10
5049,2.499999688e-05,3.124999219e-10,2.499999688e-05,3.124999219e-10
5050,0,0,0,0
5051,5.833332605e-05,8.680553385e-10,5.833332605e-05,8.680553385e-10
5052,3.333332917e-05,5.555554166e-10,3.333332917e-05,5.555554166e-10
5053,2.499999688e-05,3.124999219e-10,2.499999688e-05,3.124999219e-10
5054,3.333332917e-05,5.555554166e-10,3.333332917e-05,5.555554166e-10
5055,3.333332917e-05,3.472221354e-10,3.333332917e-05,3.472221354e-10
5056,2.916666302e-05,3.298610286e-10,2.916666302e-05,3.298610286e-10
5057,1.666666459e-05,2.777777083e-10,1.666666459e-05,2.777777083e-10
5058,1.249999843e-05,5.208332032e-11,1.249999843e-05,5.208332032e-11
5059,4.166666145e-06,1.736110677e-11,4.166666145e-06,1.736110677e-11
5060,4.166666145e-06,1.736110677e-11,4.166666145e-06,1.736110677e-11
5061,1.666666459e-05,2.777777083e-10,1.666666459e-05,2.777777083e-10
5062,5.41666599e-05,8.506942317e-10,5.41666599e-05,8.506942317e-10
5063,3.333332917e-05,3.472221354e-10,3.333332917e-05,3.472221354e-10
5064,3.749999532e-05,5.729165234e-10,3.749999532e-05,5.729165234e-10
5065,2.499999688e-05,3.124999219e-10,2.499999688e-05,3.124999219e-10
5066,3.749999532e-05,5.729165234e-10,3.749999532e-05,5.729165234e-10
5067,4.166666146e-05,5.902776302e-10,4.166666146e-05,5.902776302e-10
5068,1.666666459e-05,2.777777083e-10,1.666666459e-05,2.777777083e-10
5069,0,0,0,0
5070,1.666666459e-05,2.777777083e-10,1.666666459e-05,2.777777083e-10
5071,2.083333073e-05,2.951388151e-10,2.083333073e-05,2.951388151e-10
5072,4.166666145e-06,1.736110677e-11,4.166666145e-06,1.736110677e-11
5073,8.33333229e-06,3.472221354e-11,8.33333229e-06,3.472221354e-11
5074,2.499999688e-05,6.249998437e-10,2.499999688e-05,6.249998437e-10
5075,3.749999532e-05,5.729165234e-10,3.749999532e-05,5.729165234e-10
5076,0,0,0,0
5077,0,0,0,0
5078,3.749999531e-05,5.729165231e-10,3.749999531e-05,5.729165231e-10
5079,4.166666145e-06,1.736110677e-11,4.166666145e-06,1.736110677e-11
5080,8.33333229e-06,3.472221353e-11,8.33333229e-06,3.472221353e-11
5081,5.416665989e-05,8.506942315e-10,5.416665989e-05,8.506942315e-10
5082,4.166666146e-05,5.902776302e-10,4.166666146e-05,5.902776302e-10
5083,3.749999532e-05,5.729165234e-10,3.749999532e-05,5.729165234e-10
5084,2.083333073e-05,8.680553385e-11,2.083333073e-05,8.680553385e-11
5085,0,0,0,0
5086,4.166666145e-06,1.736110677e-11,4.166666145e-06,1.736110677e-11
5087,3.749999532e-05,5.729165234e-10,3.749999532e-05,5.729165234e-10
5088,8.333332291e-06,3.472221354e-11,8.333332291e-06,3.472221354e-11
5089,1.666666459e-05,2.777777083e-10,1.666666459e-05,2.777777083e-10
5090,2.499999688e-05,3.124999219e-10,2.499999688e-05,3.124999219e-10
5091,4.999999376e-05,8.33333125e-10,4.999999376e-05,8.33333125e-10
5092,3.333332917e-05,5.555554166e-10,3.333332917e-05,5.555554166e-10
5093,4.166666145e-06,1.736110677e-11,4.166666145e-06,1.736110677e-11
5094,4.999999376e-05,8.33333125e-10,4.999999376e-05,8.33333125e-10
5095,1.666666459e-05,2.777777083e-10,1.666666459e-05,2.777777083e-10
5096,1.249999844e-05,5.208332032e-11,1.249999844e-05,5.208332032e-11
5097,3.749999532e-05,5.729165234e-10,3.749999532e-05,5.729165234e-10
5098,1.249999844e-05,5.208332032e-11,1.249999844e-05,5.208332032e-11
5099,8.33333229e-06,3.472221355e-11,8.33333229e-06,3.472221355e-11
5100,5.41666599e-05,8.506942317e-10,5.41666599e-05,8.506942317e-10
5101,8.33333229e-06,3.472221355e-11,8.33333229e-06,3.472221355e-11
5102,1.249999843e-05,8.680553383e-11,1.249999843e-05,8.680553383e-11
5103,4.166666146e-06,1.736110677e-11,4.166666146e-06,1.736110677e-11
5104,1.666666459e-05,2.777777083e-10,1.666666459e-05,2.777777083e-10
5105,4.166666145e-06,1.736110677e-11,4.166666145e-06,1.736110677e-11
5106,2.083333073e-05,2.951388151e-10,2.083333073e-05,2.951388151e-10
5107,2.083333073e-05,2.951388151e-10,2.083333073e-05,2.951388151e-10
5108,2.499999688e-05,3.124999219e-10,2.499999688e-05,3.124999219e-10
5109,5.416665989e-05,6.423609505e-10,5.416665989e-05,6.423609505e-10
5110,2.083333073e-05,2.951388151e-10,2.083333073e-05,2.951388151e-10
5111,3.333332917e-05,5.555554166e-10,3.333332917e-05,5.555554166e-10
5112,2.916666302e-05,3.298610286e-10,2.916666302e-05,3.298610286e-10
5113,4.166666145e-06,1.736110677e-11,4.166666145e-06,1.736110677e-11
5114,3.333332917e-05,5.555554166e-10,3.333332917e-05,5.555554166e-10
5115,1.666666459e-05,2.777777083e-10,1.666666459e-05,2.777777083e-10
5116,5.833332605e-05,8.680553385e-10,5.833332605e-05,8.680553385e-10
5117,4.166666146e-06,1.736110677e-11,4.166666146e-06,1.736110677e-11
5118,4.166666146e-05,5.902776302e-10,4.166666146e-05,5.902776302e-10
5119,2.083333073e-05,2.951388151e-10,2.083333073e-05,2.951388151e-10
5120,3.749999532e-05,5.729165234e-10,3.749999532e-05,5.729165234e-10
5121,2.083333073e-05,2.951388151e-10,2.083333073e-05,2.951388151e-10
5122,5.41666599e-05,8.506942317e-10,5.41666599e-05,8.506942317e-10
5123,2.916666302e-05,3.298610286e-10,2.916666302e-05,3.298610286e-10
5124,4.166666145e-06,1.736110677e-11,4.166666145e-06,1.736110677e-11
5125,3.749999532e-05,5.729165234e-10,3.749999532e-05,5.729165234e-10
5126,4.166666145e-06,1.736110677e-11,4.166666145e-06,1.736110677e-11
5127,1.666666459e-05,2.777777083e-10,1.666666459e-05,2.777777083e-10
5128,4.166666146e-06,1.736110677e-11,4.166666146e-06,1.736110677e-11
5129,4.166666146e-05,5.902776302e-10,4.166666146e-05,5.902776302e-10
5130,1.666666459e-05,2.777777083e-10,1.666666459e-05,2.777777083e-10
5131,4.999999375e-05,6.249998437e-10,4.999999375e-05,6.249998437e-10
5132,0,0,0,0
5133,1.666666459e-05,2.777777083e-10,1.666666459e-05,2.777777083e-10
5134,2.083333073e-05,2.951388151e-10,2.083333073e-05,2.951388151e-10
5135,3.333332917e-05,5.555554166e-10,3.333332917e-05,5.555554166e-10
5136,8.33333229e-06,3.472221355e-11,8.33333229e-06,3.472221355e-11
5137,2.916666302e-05,3.298610286e-10,2.916666302e-05,3.298610286e-10
5138,1.249999844e-05,5.208332032e-11,1.249999844e-05,5.208332032e-11
5139,2.499999688e-05,3.124999219e-10,2.499999688e-05,3.124999219e-10
5140,2.499999687e-05,1.041666406e-10,2.499999687e-05,1.041666406e-10
5141,4.166666146e-05,5.902776302e-10,4.166666146e-05,5.902776302e-10
5142,2.083333073e-05,2.951388151e-10,2.083333073e-05,2.951388151e-10
5143,6.666665834e-05,1.111110833e-09,6.666665834e-05,1.111110833e-09
5144,4.583332761e-05,6.076387369e-10,4.583332761e-05,6.076387369e-10
5145,1.666666459e-05,2.777777083e-10,1.666666459e-05,2.777777083e-10
5146,2.499999688e-05,3.124999219e-10,2.499999688e-05,3.124999219e-10
5147,8.33333229e-06,3.472221355e-11,8.33333229e-06,3.472221355e-11
5148,4.166666146e-05,5.902776302e-10,4.166666146e-05,5.902776302e-10
5149,4.583332761e-05,6.07638737e-10,4.583332761e-05,6.07638737e-10
5150,3.333332917e-05,5.555554166e-10,3.333332917e-05,5.555554166e-10
5151,3.333332917e-05,5.555554166e-10,3.333332917e-05,5.555554166e-10
5152,4.166666145e-06,1.736110677e-11,4.166666145e-06,1.736110677e-11
5153,1.249999843e-05,5.208332032e-11,1.249999843e-05,5.208332032e-11
5154,5.833332604e-05,8.680553385e-10,5.833332604e-05,8.680553385e-10
5155,8.33333229e-06,3.472221355e-11,8.33333229e-06,3.472221355e-11
5156,3.749999532e-05,5.729165234e-10,3.749999532e-05,5.729165234e-10
5157,2.499999688e-05,3.124999219e-10,2.499999688e-05,3.124999219e-10
5158,4.166666145e-06,1.736110677e-11,4.166666145e-06,1.736110677e-11
5159,4.999999376e-05,8.33333125e-10,4.999999376e-05,8.33333125e-10
5160,2.916666302e-05,3.298610286e-10,2.916666302e-05,3.298610286e-10
5161,2.916666302e-05,3.298610286e-10,2.916666302e-05,3.298610286e-10
5162,5.41666599e-05,8.506942317e-10,5.41666599e-05,8.506942317e-10
5163,3.333332917e-05,5.555554166e-10,3.333332917e-05,5.555554166e-10
5164,8.33333229e-06,3.472221355e-11,8.33333229e-06,3.472221355e-11
5165,2.499999688e-05,3.124999219e-10,2.499999688e-05,3.124999219e-10
5166,4.166666146e-05,5.902776302e-10,4.166666146e-05,5.902776302e-10
5167,2.499999688e-05,3.124999219e-10,2.499999688e-05,3.124999219e-10
5168,4.166666146e-05,5.902776302e-10,4.166666146e-05,5.902776302e-10
5169,2.083333073e-05,2.951388151e-10,2.083333073e-05,2.951388151e-10
5170,2.499999688e-05,3.124999219e-10,2.499999688e-05,3.124999219e-10
5171,4.166666145e-06,1.736110677e-11,4.166666145e-06,1.736110677e-11
5172,0,0,0,0
5173,0,0,0,0
5174,3.333332917e-05,5.555554166e-10,3.333332917e-05,5.555554166e-10
5175,8.33333229e-06,3.472221355e-11,8.33333229e-06,3.472221355e-11
5176,6.666665834e-05,1.111110833e-09,6.666665834e-05,1.111110833e-09
5177,5.41666599e-05,8.506942317e-10,5.41666599e-05,8.506942317e-10
5178,0,0,0,0
5179,3.749999532e-05,5.729165234e-10,3.749999532e-05,5.729165234e-10
5180,5.41666599e-05,8.506942317e-10,5.41666599e-05,8.506942317e-10
5181,5.833332605e-05,8.680553385e-10,5.833332605e-05,8.680553385e-10
5182,4.166666146e-05,5.902776302e-10,4.166666146e-05,5.902776302e-10
5183,1.249999843e-05,5.20833203e-11,1.249999843e-05,5.20833203e-11
5184,5.41666599e-05,8.506942317e-10,5.41666599e-05,8.506942317e-10
5185,3.333332917e-05,5.555554166e-10,3.333332917e-05,5.555554166e-10
5186,1.249999844e-05,5.208332031e-11,1.249999844e-05,5.208332031e-11
5187,2.083333071e-05,2.951388147e-10,2.083333071e-05,2.951388147e-10
5188,2.916666302e-05,3.298610286e-10,2.916666302e-05,3.298610286e-10
5189,2.499999688e-05,3.124999219e-10,2.499999688e-05,3.124999219e-10
5190,4.999999376e-05,8.33333125e-10,4.999999376e-05,8.33333125e-10
5191,8.749998906e-05,1.406249648e-09,8.749998906e-05,1.406249648e-09
5192,4.999999375e-05,6.249998437e-10,4.999999375e-05,6.249998437e-10
5193,5.833332605e-05,8.680553385e-10,5.833332605e-05,8.680553385e-10
5194,4.583332761e-05,6.07638737e-10,4.583332761e-05,6.07638737e-10
5195,1.666666459e-05,2.777777083e-10,1.666666459e-05,2.777777083e-10
5196,4.166666146e-05,5.902776302e-10,4.166666146e-05,5.902776302e-10
5197,1.666666458e-05,6.944442708e-11,1.666666458e-05,6.944442708e-11
5198,1.666666459e-05,2.777777083e-10,1.666666459e-05,2.777777083e-10
5199,5.833332605e-05,8.680553385e-10,5.833332605e-05,8.680553385e-10
5200,2.083333073e-05,8.680553386e-11,2.083333073e-05,8.680553386e-11
5201,4.166666146e-05,5.902776302e-10,4.166666146e-05,5.902776302e-10
5202,4.166666146e-06,1.736110677e-11,4.166666146e-06,1.736110677e-11
5203,4.166666145e-06,1.736110677e-11,4.166666145e-06,1.736110677e-11
5204,4.166666145e-06,1.736110677e-11,4.166666145e-06,1.736110677e-11
5205,4.999999376e-05,8.33333125e-10,4.999999376e-05,8.33333125e-10
5206,2.083333073e-05,2.951388151e-10,2.083333073e-05,2.951388151e-10
5207,1.666666459e-05,2.777777083e-10,1.666666459e-05,2.777777083e-10
5208,7.083332449e-05,1.12847194e-09,7.083332449e-05,1.12847194e-09
5209,1.666666459e-05,2.777777083e-10,1.666666459e-05,2.777777083e-10
5210,4.166666145e-06,1.736110677e-11,4.166666145e-06,1.736110677e-11
5211,3.333332917e-05,5.555554166e-10,3.333332917e-05,5.555554166e-10
5212,4.999999376e-05,8.33333125e-10,4.999999376e-05,8.33333125e-10
5213,5.41666599e-05,9.895830859e-10,5.41666599e-05,9.895830859e-10
5214,1.666666459e-05,2.777777083e-10,1.666666459e-05,2.777777083e-10
5215,8.33333229e-06,3.472221355e-11,8.33333229e-06,3.472221355e-11
5216,8.333332291e-06,3.472221352e-11,8.333332291e-06,3.472221352e-11
5217,4.166666145e-06,1.736110677e-11,4.166666145e-06,1.736110677e-11
5218,1.249999843e-05,5.208332032e-11,1.249999843e-05,5.208332032e-11
5219,2.499999688e-05,3.124999219e-10,2.499999688e-05,3.124999219e-10
5220,8.33333229e-06,3.472221355e-11,8.33333229e-06,3.472221355e-11
5221,1.666666459e-05,2.777777083e-10,1.666666459e-05,2.777777083e-10
5222,5.41666599e-05,8.506942317e-10,5.41666599e-05,8.506942317e-10
5223,2.499999688e-05,3.124999219e-10,2.499999688e-05,3.124999219e-10
5224,3.749999532e-05,5.729165234e-10,3.749999532e-05,5.729165234e-10
5225,3.333332917e-05,5.555554166e-10,3.333332917e-05,5.555554166e-10
5226,4.166666145e-06,1.736110677e-11,4.166666145e-06,1.736110677e-11
5227,1.249999844e-05,5.208332032e-11,1.249999844e-05,5.208332032e-11
5228,6.666665834e-05,9.02777552e-10,6.666665834e-05,9.02777552e-10
5229,0,0,0,0
5230,1.666666459e-05,2.777777083e-10,1.666666459e-05,2.777777083e-10
5231,3.749999532e-05,5.729165234e-10,3.749999532e-05,5.729165234e-10
5232,1.666666458e-05,6.944442709e-11,1.666666458e-05,6.944442709e-11
5233,2.499999688e-05,3.124999219e-10,2.499999688e-05,3.124999219e-10
5234,2.083333073e-05,2.951388151e-10,2.083333073e-05,2.951388151e-10
5235,3.749999531e-05,5.729165234e-10,3.749999531e-05,5.729165234e-10
5236,0,0,0,0
5237,4.166666146e-05,5.902776302e-10,4.166666146e-05,5.902776302e-10
5238,8.33333229e-06,3.472221355e-11,8.33333229e-06,3.472221355e-11
5239,4.166666145e-06,1.736110677e-11,4.166666145e-06,1.736110677e-11
5240,2.916666302e-05,3.298610286e-10,2.916666302e-05,3.298610286e-10
5241,2.499999687e-05,3.124999218e-10,2.499999687e-05,3.124999218e-10
5242,1.458333151e-05,7.378470377e-11,1.458333151e-05,7.378470377e-11
5243,4.166666145e-06,1.736110677e-11,4.166666145e-06,1.736110677e-11
5244,3.333332917e-05,5.555554166e-10,3.333332917e-05,5.555554166e-10
5245,2.083333073e-05,2.951388151e-10,2.083333073e-05,2.951388151e-10
5246,7.499999063e-05,1.145833047e-09,7.499999063e-05,1.145833047e-09
5247,3.749999532e-05,5.729165234e-10,3.749999532e-05,5.729165234e-10
5248,4.166666145e-06,1.736110677e-11,4.166666145e-06,1.736110677e-11
5249,2.916666302e-05,3.298610286e-10,2.916666302e-05,3.298610286e-10
5250,0,0,0,0
5251,3.749999532e-05,5.729165234e-10,3.749999532e-05,5.729165234e-10
5252,2.083333073e-05,2.951388151e-10,2.083333073e-05,2.951388151e-10
5253,2.083333073e-05,2.951388151e-10,2.083333073e-05,2.951388151e-10
5254,4.583332761e-05,6.07638737e-10,4.583332761e-05,6.07638737e-10
5255,3.749999532e-05,5.729165234e-10,3.749999532e-05,5.729165234e-10
5256,2.083333073e-05,2.951388151e-10,2.083333073e-05,2.951388151e-10
5257,1.249999844e-05,5.208332032e-11,1.249999844e-05,5.208332032e-11
5258,2.083333073e-05,2.951388151e-10,2.083333073e-05,2.951388151e-10
5259,4.166666145e-06,1.736110677e-11,4.166666145e-06,1.736110677e-11
5260,3.749999532e-05,5.729165234e-10,3.749999532e-05,5.729165234e-10
5261,2.499999688e-05,3.124999219e-10,2.499999688e-05,3.124999219e-10
5262,2.083333073e-05,2.951388151e-10,2.083333073e-05,2.951388151e-10
5263,1.249999844e-05,5.208332031e-11,1.249999844e-05,5.208332031e-11
5264,2.499999688e-05,3.124999219e-10,2.499999688e-05,3.124999219e-10
5265,3.749999532e-05,5.729165234e-10,3.749999532e-05,5.729165234e-10
5266,3.333332917e-05,5.555554166e-10,3.333332917e-05,5.555554166e-10
5267,2.499999688e-05,3.124999219e-10,2.499999688e-05,3.124999219e-10
5268,0,0,0,0
5269,2.499999688e-05,3.124999219e-10,2.499999688e-05,3.124999219e-10
5270,2.083333073e-05,2.951388151e-10,2.083333073e-05,2.951388151e-10
5271,3.333332917e-05,3.472221354e-10,3.333332917e-05,3.472221354e-10
5272,1.666666459e-05,2.777777083e-10,1.666666459e-05,2.777777083e-10
5273,7.083332449e-05,1.12847194e-09,7.083332449e-05,1.12847194e-09
5274,5.41666599e-05,8.506942317e-10,5.41666599e-05,8.506942317e-10
5275,2.499999688e-05,3.124999219e-10,2.499999688e-05,3.124999219e-10
5276,3.749999532e-05,5.729165234e-10,3.749999532e-05,5.729165234e-10
5277,3.333332916e-05,3.472221354e-10,3.333332916e-05,3.472221354e-10
5278,4.166666145e-06,1.736110677e-11,4.166666145e-06,1.736110677e-11
5279,0,0,0,0
5280,2.083333073e-05,2.951388151e-10,2.083333073e-05,2.951388151e-10
5281,3.749999532e-05,5.729165234e-10,3.749999532e-05,5.729165234e-10
5282,1.666666459e-05,2.777777083e-10,1.666666459e-05,2.777777083e-10
5283,2.083333073e-05,2.951388151e-10,2.083333073e-05,2.951388151e-10
5284,4.166666146e-05,5.902776302e-10,4.166666146e-05,5.902776302e-10
5285,3.749999531e-05,3.645832422e-10,3.749999531e-05,3.645832422e-10
5286,2.499999688e-05,3.124999219e-10,2.499999688e-05,3.124999219e-10
5287,2.916666302e-05,3.298610286e-10,2.916666302e-05,3.298610286e-10
5288,3.749999531e-05,5.729165232e-10,3.749999531e-05,5.729165232e-10
5289,2.499999688e-05,3.124999219e-10,2.499999688e-05,3.124999219e-10
5290,4.583332761e-05,6.07638737e-10,4.583332761e-05,6.07638737e-10
5291,2.083333073e-05,2.951388151e-10,2.083333073e-05,2.951388151e-10
5292,1.249999844e-05,5.208332031e-11,1.249999844e-05,5.208332031e-11
5293,3.333332917e-05,3.472221354e-10,3.333332917e-05,3.472221354e-10
5294,8.33333229e-06,3.472221355e-11,8.33333229e-06,3.472221355e-11
5295,2.083333073e-05,2.951388151e-10,2.083333073e-05,2.951388151e-10
5296,4.583332761e-05,6.07638737e-10,4.583332761e-05,6.07638737e-10
5297,8.333332291e-06,3.472221354e-11,8.333332291e-06,3.472221354e-11
5298,2.083333073e-05,2.951388151e-10,2.083333073e-05,2.951388151e-10
5299,2.916666302e-05,3.298610286e-10,2.916666302e-05,3.298610286e-10
5300,2.083333073e-05,2.951388151e-10,2.083333073e-05,2.951388151e-10
5301,3.749999532e-05,5.729165234e-10,3.749999532e-05,5.729165234e-10
5302,3.333332917e-05,5.555554166e-10,3.333332917e-05,5.555554166e-10
5303,4.166666146e-05,5.902776302e-10,4.166666146e-05,5.902776302e-10
5304,4.166666145e-06,1.736110677e-11,4.166666145e-06,1.736110677e-11
5305,4.583332761e-05,6.07638737e-10,4.583332761e-05,6.07638737e-10
5306,2.499999688e-05,3.124999219e-10,2.499999688e-05,3.124999219e-10
5307,9.166665522e-05,1.423610755e-09,9.166665522e-05,1.423610755e-09
5308,4.166666146e-05,5.902776302e-10,4.166666146e-05,5.902776302e-10
5309,3.749999532e-05,5.729165234e-10,3.749999532e-05,5.729165234e-10
5310,2.083333073e-05,2.951388151e-10,2.083333073e-05,2.951388151e-10
5311,4.166666146e-06,1.736110677e-11,4.166666146e-06,1.736110677e-11
5312,3.333332917e-05,5.555554166e-10,3.333332917e-05,5.555554166e-10
5313,2.083333073e-05,2.951388151e-10,2.083333073e-05,2.951388151e-10
5314,2.499999688e-05,3.124999219e-10,2.499999688e-05,3.124999219e-10
5315,6.666665834e-05,9.02777552e-10,6.666665834e-05,9.02777552e-10
5316,1.249999844e-05,5.208332032e-11,1.249999844e-05,5.208332032e-11
5317,4.166666146e-05,5.902776302e-10,4.166666146e-05,5.902776302e-10
5318,8.333332291e-06,3.472221354e-11,8.333332291e-06,3.472221354e-11
5319,2.083333073e-05,2.951388151e-10,2.083333073e-05,2.951388151e-10
5320,4.583332761e-05,6.07638737e-10,4.583332761e-05,6.07638737e-10
5321,1.666666459e-05,2.777777083e-10,1.666666459e-05,2.777777083e-10
5322,1.666666459e-05,2.777777083e-10,1.666666459e-05,2.777777083e-10
5323,4.583332761e-05,6.07638737e-10,4.583332761e-05,6.07638737e-10
5324,4.999999376e-05,8.33333125e-10,4.999999376e-05,8.33333125e-10
5325,6.666665834e-05,1.111110833e-09,6.666665834e-05,1.111110833e-09
5326,7.499999063e-05,1.145833047e-09,7.499999063e-05,1.145833047e-09
5327,2.083333073e-05,2.951388151e-10,2.083333073e-05,2.951388151e-10
5328,2.083333073e-05,2.951388151e-10,2.083333073e-05,2.951388151e-10
5329,2.499999688e-05,3.124999219e-10,2.499999688e-05,3.124999219e-10
5330,1.249999844e-05,5.208332032e-11,1.249999844e-05,5.208332032e-11
5331,5.833332605e-05,8.680553385e-10,5.833332605e-05,8.680553385e-10
5332,2.916666302e-05,3.298610286e-10,2.916666302e-05,3.298610286e-10
5333,1.666666458e-05,6.944442709e-11,1.666666458e-05,6.944442709e-11
5334,4.583332761e-05,6.07638737e-10,4.583332761e-05,6.07638737e-10
5335,4.791666068e-05,6.293401204e-10,4.791666068e-05,6.293401204e-10
5336,2.499999688e-05,3.124999219e-10,2.499999688e-05,3.124999219e-10
5337,1.666666458e-05,6.944442709e-11,1.666666458e-05,6.944442709e-11
5338,4.999999376e-05,8.33333125e-10,4.999999376e-05,8.33333125e-10
5339,1.666666458e-05,6.944442709e-11,1.666666458e-05,6.944442709e-11
5340,4.166666146e-05,5.902776302e-10,4.166666146e-05,5.902776302e-10
5341,5.833332605e-05,8.680553385e-10,5.833332605e-05,8.680553385e-10
5342,0.0001041666536,1.684027357e-09,0.0001041666536,1.684027357e-09
5343,3.749999532e-05,5.729165234e-10,3.749999532e-05,5.729165234e-10
5344,2.083333073e-05,2.951388151e-10,2.083333073e-05,2.951388151e-10
5345,4.166666145e-06,1.736110677e-11,4.166666145e-06,1.736110677e-11
5346,0,0,0,0
5347,2.916666302e-05,3.298610286e-10,2.916666302e-05,3.298610286e-10
5348,5.41666599e-05,8.506942317e-10,5.41666599e-05,8.506942317e-10
5349,3.333332917e-05,5.555554166e-10,3.333332917e-05,5.555554166e-10
5350,4.166666146e-05,5.902776302e-10,4.166666146e-05,5.902776302e-10
5351,1.666666459e-05,2.777777083e-10,1.666666459e-05,2.777777083e-10
5352,2.499999688e-05,3.124999219e-10,2.499999688e-05,3.124999219e-10
5353,2.916666302e-05,3.298610286e-10,2.916666302e-05,3.298610286e-10
5354,2.499999688e-05,3.124999219e-10,2.499999688e-05,3.124999219e-10
5355,4.999999376e-05,8.33333125e-10,4.999999376e-05,8.33333125e-10
5356,3.749999531e-05,3.645832422e-10,3.749999531e-05,3.645832422e-10
5357,1.666666459e-05,2.777777083e-10,1.666666459e-05,2.777777083e-10
5358,4.583332761e-05,6.07638737e-10,4.583332761e-05,6.07638737e-10
5359,7.499999063e-05,1.145833047e-09,7.499999063e-05,1.145833047e-09
5360,2.916666302e-05,3.298610286e-10,2.916666302e-05,3.298610286e-10
5361,3.749999532e-05,5.729165234e-10,3.749999532e-05,5.729165234e-10
5362,3.333332917e-05,3.472221354e-10,3.333332917e-05,3.472221354e-10
5363,5.833332605e-05,8.680553385e-10,5.833332605e-05,8.680553385e-10
5364,2.499999688e-05,3.124999219e-10,2.499999688e-05,3.124999219e-10
5365,1.666666459e-05,2.777777083e-10,1.666666459e-05,2.777777083e-10
5366,2.499999688e-05,3.124999219e-10,2.499999688e-05,3.124999219e-10
5367,5.41666599e-05,8.506942317e-10,5.41666599e-05,8.506942317e-10
5368,2.083333073e-05,2.951388151e-10,2.083333073e-05,2.951388151e-10
5369,2.499999688e-05,3.124999219e-10,2.499999688e-05,3.124999219e-10
5370,5.41666599e-05,8.506942317e-10,5.41666599e-05,8.506942317e-10
5371,4.166666145e-06,1.736110677e-11,4.166666145e-06,1.736110677e-11
5372,8.33333229e-06,3.472221355e-11,8.33333229e-06,3.472221355e-11
5373,4.999999376e-05,8.33333125e-10,4.999999376e-05,8.33333125e-10
5374,2.083333073e-05,2.951388151e-10,2.083333073e-05,2.951388151e-10
5375,4.999999376e-05,8.33333125e-10,4.999999376e-05,8.33333125e-10
5376,4.166666146e-05,5.902776302e-10,4.166666146e-05,5.902776302e-10
5377,4.583332761e-05,6.07638737e-10,4.583332761e-05,6.07638737e-10
5378,1.666666458e-05,6.944442709e-11,1.666666458e-05,6.944442709e-11
5379,9.166665522e-05,1.423610755e-09,9.166665522e-05,1.423610755e-09
5380,4.583332761e-05,6.07638737e-10,4.583332761e-05,6.07638737e-10
5381,2.916666302e-05,3.298610286e-10,2.916666302e-05,3.298610286e-10
5382,1.749999781e-05,7.708331407e-11,1.749999781e-05,7.708331407e-11
5383,6.249999219e-05,8.854164453e-10,6.249999219e-05,8.854164453e-10
5384,3.333332917e-05,5.555554166e-10,3.333332917e-05,5.555554166e-10
5385,4.166666146e-06,1.736110677e-11,4.166666146e-06,1.736110677e-11
5386,2.083333073e-05,2.951388151e-10,2.083333073e-05,2.951388151e-10
5387,2.083333073e-05,2.951388151e-10,2.083333073e-05,2.951388151e-10
5388,8.33333229e-06,3.472221355e-11,8.33333229e-06,3.472221355e-11
5389,1.666666459e-05,2.777777083e-10,1.666666459e-05,2.777777083e-10
5390,9.027776649e-06,4.09915021e-11,9.027776649e-06,4.09915021e-11
5391,1.666666459e-05,2.777777083e-10,1.666666459e-05,2.777777083e-10
5392,4.166666145e-06,1.736110677e-11,4.166666145e-06,1.736110677e-11
5393,2.083333073e-05,2.951388151e-10,2.083333073e-05,2.951388151e-10
5394,4.166666145e-06,1.736110677e-11,4.166666145e-06,1.736110677e-11
5395,4.583332761e-05,1.163194154e-09,4.583332761e-05,1.163194154e-09
5396,3.333332917e-05,5.555554166e-10,3.333332917e-05,5.555554166e-10
5397,4.166666145e-06,1.736110677e-11,4.166666145e-06,1.736110677e-11
5398,2.916666302e-05,3.298610286e-10,2.916666302e-05,3.298610286e-10
5399,6.666665834e-05,1.111110833e-09,6.666665834e-05,1.111110833e-09
5400,0,0,0,0
5401,4.166666145e-06,1.736110677e-11,4.166666145e-06,1.736110677e-11
5402,2.083333073e-05,2.951388151e-10,2.083333073e-05,2.951388151e-10
5403,1.666666459e-05,2.777777083e-10,1.666666459e-05,2.777777083e-10
5404,0,0,0,0
5405,3.749999532e-05,5.729165234e-10,3.749999532e-05,5.729165234e-10
5406,7.916665678e-05,1.163194154e-09,7.916665678e-05,1.163194154e-09
5407,0,0,0,0
5408,0,0,0,0
5409,1.666666459e-05,2.777777083e-10,1.666666459e-05,2.777777083e-10
5410,3.749999532e-05,5.729165234e-10,3.749999532e-05,5.729165234e-10
5411,4.166666145e-06,1.736110677e-11,4.166666145e-06,1.736110677e-11
5412,4.166666145e-06,1.736110677e-11,4.166666145e-06,1.736110677e-11
5413,4.583332761e-05,6.07638737e-10,4.583332761e-05,6.07638737e-10
5414,1.666666459e-05,2.777777083e-10,1.666666459e-05,2.777777083e-10
5415,2.083333073e-05,2.951388151e-10,2.083333073e-05,2.951388151e-10
5416,2.499999688e-05,3.124999219e-10,2.499999688e-05,3.124999219e-10
5417,7.083332449e-05,1.12847194e-09,7.083332449e-05,1.12847194e-09
5418,3.749999532e-05,5.729165234e-10,3.749999532e-05,5.729165234e-10
5419,8.333332292e-05,1.18055526e-09,8.333332292e-05,1.18055526e-09
5420,1.666666459e-05,2.777777083e-10,1.666666459e-05,2.777777083e-10
5421,4.999999376e-05,8.33333125e-10,4.999999376e-05,8.33333125e-10
5422,3.333332917e-05,5.555554166e-10,3.333332917e-05,5.555554166e-10
5423,4.166666145e-06,1.736110677e-11,4.166666145e-06,1.736110677e-11
5424,3.333332917e-05,5.555554166e-10,3.333332917e-05,5.555554166e-10
5425,2.916666302e-05,3.298610286e-10,2.916666302e-05,3.298610286e-10
5426,4.583332761e-05,6.07638737e-10,4.583332761e-05,6.07638737e-10
5427,2.499999688e-05,3.124999219e-10,2.499999688e-05,3.124999219e-10
5428,4.583332761e-05,6.07638737e-10,4.583332761e-05,6.07638737e-10
5429,2.916666302e-05,3.298610286e-10,2.916666302e-05,3.298610286e-10
5430,4.166666145e-06,1.736110677e-11,4.166666145e-06,1.736110677e-11
5431,2.499999688e-05,3.124999219e-10,2.499999688e-05,3.124999219e-10
5432,2.916666302e-05,3.298610286e-10,2.916666302e-05,3.298610286e-10
5433,8.33333229e-06,3.472221355e-11,8.33333229e-06,3.472221355e-11
5434,4.166666146e-06,1.736110677e-11,4.166666146e-06,1.736110677e-11
5435,0,0,0,0
5436,3.333332917e-05,5.555554166e-10,3.333332917e-05,5.555554166e-10
5437,1.666666459e-05,2.777777083e-10,1.666666459e-05,2.777777083e-10
5438,5.41666599e-05,8.506942317e-10,5.41666599e-05,8.506942317e-10
5439,1.666666458e-05,6.944442709e-11,1.666666458e-05,6.944442709e-11
5440,2.499999688e-05,3.124999219e-10,2.499999688e-05,3.124999219e-10
5441,4.583332761e-05,6.07638737e-10,4.583332761e-05,6.07638737e-10
5442,1.249999843e-05,5.208332032e-11,1.249999843e-05,5.208332032e-11
5443,2.499999688e-05,3.124999219e-10,2.499999688e-05,3.124999219e-10
5444,1.666666459e-05,2.777777083e-10,1.666666459e-05,2.777777083e-10
5445,4.166666146e-05,5.902776302e-10,4.166666146e-05,5.902776302e-10
5446,2.499999688e-05,3.124999219e-10,2.499999688e-05,3.124999219e-10
5447,2.499999688e-05,3.124999219e-10,2.499999688e-05,3.124999219e-10
5448,4.583332761e-05,6.07638737e-10,4.583332761e-05,6.07638737e-10
5449,2.083333073e-05,2.951388151e-10,2.083333073e-05,2.951388151e-10
5450,0,0,0,0
5451,6.666665834e-05,1.111110833e-09,6.666665834e-05,1.111110833e-09
5452,8.33333229e-06,3.472221355e-11,8.33333229e-06,3.472221355e-11
5453,2.499999688e-05,3.124999219e-10,2.499999688e-05,3.124999219e-10
5454,4.166666146e-05,5.902776302e-10,4.166666146e-05,5.902776302e-10
5455,2.083333073e-05,2.951388151e-10,2.083333073e-05,2.951388151e-10
5456,4.166666145e-06,1.736110677e-11,4.166666145e-06,1.736110677e-11
5457,2.916666302e-05,3.298610286e-10,2.916666302e-05,3.298610286e-10
5458,4.166666145e-06,1.736110677e-11,4.166666145e-06,1.736110677e-11
5459,0,0,0,0
5460,4.166666145e-06,1.736110677e-11,4.166666145e-06,1.736110677e-11
5461,2.083333073e-05,2.951388151e-10,2.083333073e-05,2.951388151e-10
5462,2.916666302e-05,3.298610286e-10,2.916666302e-05,3.298610286e-10
5463,4.166666145e-06,1.736110677e-11,4.166666145e-06,1.736110677e-11
5464,7.499999063e-05,1.145833047e-09,7.499999063e-05,1.145833047e-09
5465,1.249999843e-05,5.208332032e-11,1.249999843e-05,5.208332032e-11
5466,2.499999688e-05,3.124999219e-10,2.499999688e-05,3.124999219e-10
5467,5.833332605e-05,8.680553385e-10,5.833332605e-05,8.680553385e-10
5468,1.666666459e-05,2.777777083e-10,1.666666459e-05,2.777777083e-10
5469,3.749999531e-05,3.645832422e-10,3.749999531e-05,3.645832422e-10
5470,4.166666146e-05,1.145833047e-09,4.166666146e-05,1.145833047e-09
5471,2.916666302e-05,3.298610286e-10,2.916666302e-05,3.298610286e-10
5472,0,0,0,0
5473,3.749999532e-05,5.729165234e-10,3.749999532e-05,5.729165234e-10
5474,4.166666145e-06,1.736110677e-11,4.166666145e-06,1.736110677e-11
5475,3.749999532e-05,5.729165234e-10,3.749999532e-05,5.729165234e-10
5476,2.083333073e-05,2.951388151e-10,2.083333073e-05,2.951388151e-10
5477,4.166666145e-06,1.736110677e-11,4.166666145e-06,1.736110677e-11
5478,4.166666146e-05,5.902776302e-10,4.166666146e-05,5.902776302e-10
5479,1.666666459e-05,2.777777083e-10,1.666666459e-05,2.777777083e-10
5480,3.749999532e-05,5.729165234e-10,3.749999532e-05,5.729165234e-10
5481,1.666666459e-05,2.777777083e-10,1.666666459e-05,2.777777083e-10
5482,3.749999532e-05,5.729165234e-10,3.749999532e-05,5.729165234e-10
5483,2.083333073e-05,2.951388151e-10,2.083333073e-05,2.951388151e-10
5484,2.916666302e-05,3.298610286e-10,2.916666302e-05,3.298610286e-10
5485,1.666666459e-05,2.777777083e-10,1.666666459e-05,2.777777083e-10
5486,3.749999531e-05,3.645832422e-10,3.749999531e-05,3.645832422e-10
5487,2.083333073e-05,2.951388151e-10,2.083333073e-05,2.951388151e-10
5488,5.41666599e-05,8.506942317e-10,5.41666599e-05,8.506942317e-10
5489,0,0,0,0
5490,4.166666145e-06,1.736110677e-11,4.166666145e-06,1.736110677e-11
5491,3.333332917e-05,5.555554166e-10,3.333332917e-05,5.555554166e-10
5492,2.499999688e-05,3.124999219e-10,2.499999688e-05,3.124999219e-10
5493,2.499999688e-05,3.124999219e-10,2.499999688e-05,3.124999219e-10
5494,8.33333229e-06,3.472221355e-11,8.33333229e-06,3.472221355e-11
5495,1.249999844e-05,5.208332032e-11,1.249999844e-05,5.208332032e-11
5496,0,0,0,0
5497,2.499999688e-05,3.124999219e-10,2.499999688e-05,3.124999219e-10
5498,3.749999532e-05,5.729165234e-10,3.749999532e-05,5.729165234e-10
5499,3.749999532e-05,5.729165234e-10,3.749999532e-05,5.729165234e-10
5500,1.249999844e-05,5.208332032e-11,1.249999844e-05,5.208332032e-11
5501,6.666665834e-05,1.111110833e-09,6.666665834e-05,1.111110833e-09
5502,5.416665989e-05,6.423609505e-10,5.416665989e-05,6.423609505e-10
5503,2.083333073e-05,2.951388151e-10,2.083333073e-05,2.951388151e-10
5504,2.083333073e-05,2.951388151e-10,2.083333073e-05,2.951388151e-10
5505,4.166666146e-06,1.736110677e-11,4.166666146e-06,1.736110677e-11
5506,1.666666459e-05,2.777777083e-10,1.666666459e-05,2.777777083e-10
5507,8.333332292e-06,3.472221354e-11,8.333332292e-06,3.472221354e-11
5508,8.333332291e-06,3.472221354e-11,8.333332291e-06,3.472221354e-11
5509,1.666666459e-05,2.777777083e-10,1.666666459e-05,2.777777083e-10
5510,3.749999532e-05,5.729165234e-10,3.749999532e-05,5.729165234e-10
5511,4.583332761e-05,6.07638737e-10,4.583332761e-05,6.07638737e-10
5512,5.41666599e-05,8.506942317e-10,5.41666599e-05,8.506942317e-10
5513,3.333332917e-05,5.555554166e-10,3.333332917e-05,5.555554166e-10
5514,7.916665678e-05,1.163194154e-09,7.916665678e-05,1.163194154e-09
5515,4.166666146e-06,1.736110677e-11,4.166666146e-06,1.736110677e-11
5516,1.249999843e-05,5.208332032e-11,1.249999843e-05,5.208332032e-11
5517,0,0,0,0
5518,4.166666146e-05,5.902776302e-10,4.166666146e-05,5.902776302e-10
5519,3.333332917e-05,5.555554166e-10,3.333332917e-05,5.555554166e-10
5520,4.166666145e-06,1.736110677e-11,4.166666145e-06,1.736110677e-11
5521,2.916666302e-05,3.298610286e-10,2.916666302e-05,3.298610286e-10
5522,3.749999532e-05,5.729165234e-10,3.749999532e-05,5.729165234e-10
5523,3.333332917e-05,5.555554166e-10,3.333332917e-05,5.555554166e-10
5524,4.166666146e-05,5.902776302e-10,4.166666146e-05,5.902776302e-10
5525,2.083333073e-05,2.951388151e-10,2.083333073e-05,2.951388151e-10
5526,2.916666302e-05,3.298610286e-10,2.916666302e-05,3.298610286e-10
5527,2.083333073e-05,2.951388151e-10,2.083333073e-05,2.951388151e-10
5528,2.499999688e-05,3.124999219e-10,2.499999688e-05,3.124999219e-10
5529,2.499999688e-05,3.124999219e-10,2.499999688e-05,3.124999219e-10
5530,4.166666145e-06,1.736110677e-11,4.166666145e-06,1.736110677e-11
5531,4.166666145e-06,1.736110677e-11,4.166666145e-06,1.736110677e-11
5532,2.499999688e-05,3.124999219e-10,2.499999688e-05,3.124999219e-10
5533,4.166666145e-05,1.145833047e-09,4.166666145e-05,1.145833047e-09
5534,1.666666459e-05,2.777777083e-10,1.666666459e-05,2.777777083e-10
5535,2.916666302e-05,3.298610286e-10,2.916666302e-05,3.298610286e-10
5536,3.749999532e-05,5.729165234e-10,3.749999532e-05,5.729165234e-10
5537,8.333332291e-06,3.472221354e-11,8.333332291e-06,3.472221354e-11
5538,0,0,0,0
5539,5.41666599e-05,6.423609505e-10,5.41666599e-05,6.423609505e-10
5540,4.999999376e-05,8.33333125e-10,4.999999376e-05,8.33333125e-10
5541,6.73611027e-05,9.090468406e-10,6.73611027e-05,9.090468406e-10
5542,5.41666599e-05,8.506942317e-10,5.41666599e-05,8.506942317e-10
5543,1.666666459e-05,2.777777083e-10,1.666666459e-05,2.777777083e-10
5544,2.499999688e-05,3.124999219e-10,2.499999688e-05,3.124999219e-10
5545,8.333332291e-06,3.472221354e-11,8.333332291e-06,3.472221354e-11
5546,1.666666459e-05,2.777777083e-10,1.666666459e-05,2.777777083e-10
5547,5.833332605e-05,8.680553385e-10,5.833332605e-05,8.680553385e-10
5548,4.166666145e-06,1.736110677e-11,4.166666145e-06,1.736110677e-11
5549,1.249999843e-05,5.208332032e-11,1.249999843e-05,5.208332032e-11
5550,3.333332917e-05,5.555554166e-10,3.333332917e-05,5.555554166e-10
5551,2.083333073e-05,2.951388151e-10,2.083333073e-05,2.951388151e-10
5552,0,0,0,0
5553,3.749999532e-05,5.729165234e-10,3.749999532e-05,5.729165234e-10
5554,4.999999376e-05,8.33333125e-10,4.999999376e-05,8.33333125e-10
5555,4.999999375e-05,6.249998437e-10,4.999999375e-05,6.249998437e-10
5556,2.083333073e-05,2.951388151e-10,2.083333073e-05,2.951388151e-10
5557,3.333332917e-05,3.472221354e-10,3.333332917e-05,3.472221354e-10
5558,5.833332605e-05,8.680553385e-10,5.833332605e-05,8.680553385e-10
5559,4.166666146e-05,5.902776302e-10,4.166666146e-05,5.902776302e-10
5560,4.583332761e-05,6.07638737e-10,4.583332761e-05,6.07638737e-10
5561,1.666666459e-05,2.777777083e-10,1.666666459e-05,2.777777083e-10
5562,2.083333073e-05,2.951388151e-10,2.083333073e-05,2.951388151e-10
5563,8.333332293e-06,3.472221355e-11,8.333332293e-06,3.472221355e-11
5564,2.916666302e-05,3.298610286e-10,2.916666302e-05,3.298610286e-10
5565,5.208332682e-05,6.467012272e-10,5.208332682e-05,6.467012272e-10
5566,8.749998907e-05,1.961805065e-09,8.749998907e-05,1.961805065e-09
5567,2.499999688e-05,3.472221354e-10,2.499999688e-05,3.472221354e-10
5568,5.833332605e-05,8.680553385e-10,5.833332605e-05,8.680553385e-10
5569,2.083333073e-05,2.951388151e-10,2.083333073e-05,2.951388151e-10
5570,2.499999688e-05,3.124999219e-10,2.499999688e-05,3.124999219e-10
5571,8.33333229e-06,3.472221355e-11,8.33333229e-06,3.472221355e-11
5572,4.999999375e-05,6.249998437e-10,4.999999375e-05,6.249998437e-10
5573,8.33333229e-06,3.472221355e-11,8.33333229e-06,3.472221355e-11
5574,6.666665834e-05,1.111110833e-09,6.666665834e-05,1.111110833e-09
5575,2.499999688e-05,3.124999219e-10,2.499999688e-05,3.124999219e-10
5576,1.249999843e-05,5.208332032e-11,1.249999843e-05,5.208332032e-11
5577,4.999999375e-05,6.249998437e-10,4.999999375e-05,6.249998437e-10
5578,8.333332292e-06,3.472221354e-11,8.333332292e-06,3.472221354e-11
5579,2.083333073e-05,2.951388151e-10,2.083333073e-05,2.951388151e-10
5580,3.74999953e-05,5.729165231e-10,3.74999953e-05,5.729165231e-10
5581,1.666666459e-05,2.777777083e-10,1.666666459e-05,2.777777083e-10
5582,2.499999688e-05,3.124999219e-10,2.499999688e-05,3.124999219e-10
5583,0,0,0,0
5584,4.166666146e-05,5.902776302e-10,4.166666146e-05,5.902776302e-10
5585,2.916666302e-05,3.298610286e-10,2.916666302e-05,3.298610286e-10
5586,7.083332449e-05,1.12847194e-09,7.083332449e-05,1.12847194e-09
5587,1.666666459e-05,2.777777083e-10,1.666666459e-05,2.777777083e-10
5588,3.749999532e-05,5.729165234e-10,3.749999532e-05,5.729165234e-10
5589,1.354166497e-05,6.184894287e-11,1.354166497e-05,6.184894287e-11
5590,3.749999532e-05,5.729165234e-10,3.749999532e-05,5.729165234e-10
5591,4.166666145e-06,1.736110677e-11,4.166666145e-06,1.736110677e-11
5592,2.499999688e-05,3.124999219e-10,2.499999688e-05,3.124999219e-10
5593,4.166666145e-06,1.736110677e-11,4.166666145e-06,1.736110677e-11
5594,4.166666145e-06,1.736110677e-11,4.166666145e-06,1.736110677e-11
5595,4.999999375e-05,6.249998437e-10,4.999999375e-05,6.249998437e-10
5596,2.499999688e-05,3.124999219e-10,2.499999688e-05,3.124999219e-10
5597,0,0,0,0
5598,2.083333073e-05,2.951388151e-10,2.083333073e-05,2.951388151e-10
5599,2.499999688e-05,3.124999219e-10,2.499999688e-05,3.124999219e-10
5600,2.083333073e-05,2.951388151e-10,2.083333073e-05,2.951388151e-10
5601,2.083333073e-05,2.951388151e-10,2.083333073e-05,2.951388151e-10
5602,0,0,0,0
5603,5.41666599e-05,8.506942317e-10,5.41666599e-05,8.506942317e-10
5604,2.499999688e-05,3.124999219e-10,2.499999688e-05,3.124999219e-10
5605,2.499999688e-05,3.124999219e-10,2.499999688e-05,3.124999219e-10
5606,1.666666459e-05,2.777777083e-10,1.666666459e-05,2.777777083e-10
5607,1.249999843e-05,5.208332032e-11,1.249999843e-05,5.208332032e-11
5608,2.083333073e-05,2.951388151e-10,2.083333073e-05,2.951388151e-10
5609,1.666666458e-05,6.944442709e-11,1.666666458e-05,6.944442709e-11
5610,2.916666302e-05,3.298610286e-10,2.916666302e-05,3.298610286e-10
5611,3.749999532e-05,5.729165234e-10,3.749999532e-05,5.729165234e-10
5612,3.333332917e-05,5.555554166e-10,3.333332917e-05,5.555554166e-10
5613,8.33333229e-06,3.472221355e-11,8.33333229e-06,3.472221355e-11
5614,2.083333073e-05,2.951388151e-10,2.083333073e-05,2.951388151e-10
5615,6.249999218e-05,8.85416445e-10,6.249999218e-05,8.85416445e-10
5616,0,0,0,0
5617,4.166666146e-05,5.902776302e-10,4.166666146e-05,5.902776302e-10
5618,3.749999532e-05,5.729165234e-10,3.749999532e-05,5.729165234e-10
5619,8.33333229e-06,3.472221355e-11,8.33333229e-06,3.472221355e-11
5620,0,0,0,0
5621,1.249999843e-05,5.208332032e-11,1.249999843e-05,5.208332032e-11
5622,0,0,0,0
5623,1.666666458e-05,6.944442709e-11,1.666666458e-05,6.944442709e-11
5624,1.666666459e-05,2.777777083e-10,1.666666459e-05,2.777777083e-10
5625,2.083333073e-05,2.951388151e-10,2.083333073e-05,2.951388151e-10
5626,3.749999531e-05,5.729165232e-10,3.749999531e-05,5.729165232e-10
5627,2.083333073e-05,2.951388151e-10,2.083333073e-05,2.951388151e-10
5628,1.249999843e-05,5.208332032e-11,1.249999843e-05,5.208332032e-11
5629,2.083333073e-05,2.951388151e-10,2.083333073e-05,2.951388151e-10
5630,2.083333073e-05,2.951388151e-10,2.083333073e-05,2.951388151e-10
5631,0,0,0,0
5632,2.499999687e-05,3.124999218e-10,2.499999687e-05,3.124999218e-10
5633,5.208332683e-05,6.467012272e-10,5.208332683e-05,6.467012272e-10
5634,2.499999688e-05,3.124999219e-10,2.499999688e-05,3.124999219e-10
5635,8.333332291e-06,3.472221354e-11,8.333332291e-06,3.472221354e-11
5636,2.916666302e-05,3.298610286e-10,2.916666302e-05,3.298610286e-10
5637,3.333332917e-05,5.555554166e-10,3.333332917e-05,5.555554166e-10
5638,2.083333073e-05,2.951388151e-10,2.083333073e-05,2.951388151e-10
5639,2.916666302e-05,3.298610286e-10,2.916666302e-05,3.298610286e-10
5640,2.916666302e-05,3.298610286e-10,2.916666302e-05,3.298610286e-10
5641,3.333332917e-05,5.555554166e-10,3.333332917e-05,5.555554166e-10
5642,4.166666146e-05,5.902776302e-10,4.166666146e-05,5.902776302e-10
5643,1.666666459e-05,2.777777083e-10,1.666666459e-05,2.777777083e-10
5644,2.499999688e-05,3.124999219e-10,2.499999688e-05,3.124999219e-10
5645,2.499999688e-05,3.124999219e-10,2.499999688e-05,3.124999219e-10
5646,3.749999532e-05,5.729165234e-10,3.749999532e-05,5.729165234e-10
5647,0,0,0,0
5648,4.166666146e-05,5.902776302e-10,4.166666146e-05,5.902776302e-10
5649,4.166666146e-05,5.902776302e-10,4.166666146e-05,5.902776302e-10
5650,2.083333073e-05,2.951388151e-10,2.083333073e-05,2.951388151e-10
5651,1.666666459e-05,2.777777083e-10,1.666666459e-05,2.777777083e-10
5652,4.166666145e-06,1.736110677e-11,4.166666145e-06,1.736110677e-11
5653,5.41666599e-05,8.506942317e-10,5.41666599e-05,8.506942317e-10
5654,2.916666302e-05,3.298610286e-10,2.916666302e-05,3.298610286e-10
5655,4.166666145e-06,1.736110677e-11,4.166666145e-06,1.736110677e-11
5656,4.166666145e-06,1.736110677e-11,4.166666145e-06,1.736110677e-11
5657,2.083333073e-05,2.951388151e-10,2.083333073e-05,2.951388151e-10
5658,2.083333073e-05,2.951388151e-10,2.083333073e-05,2.951388151e-10
5659,3.749999532e-05,5.729165234e-10,3.749999532e-05,5.729165234e-10
5660,4.999999376e-05,8.33333125e-10,4.999999376e-05,8.33333125e-10
5661,0,0,0,0
5662,4.166666146e-05,5.902776302e-10,4.166666146e-05,5.902776302e-10
5663,2.916666302e-05,3.298610286e-10,2.916666302e-05,3.298610286e-10
5664,3.749999531e-05,3.645832422e-10,3.749999531e-05,3.645832422e-10
5665,4.166666145e-06,1.736110677e-11,4.166666145e-06,1.736110677e-11
5666,2.499999688e-05,3.124999219e-10,2.499999688e-05,3.124999219e-10
5667,3.333332917e-05,3.472221354e-10,3.333332917e-05,3.472221354e-10
5668,0,0,0,0
5669,4.583332761e-05,6.07638737e-10,4.583332761e-05,6.07638737e-10
5670,1.249999844e-05,5.208332032e-11,1.249999844e-05,5.208332032e-11
5671,3.333332917e-05,5.555554166e-10,3.333332917e-05,5.555554166e-10
5672,8.33333229e-06,3.472221355e-11,8.33333229e-06,3.472221355e-11
5673,2.083333073e-05,2.951388151e-10,2.083333073e-05,2.951388151e-10
5674,5.833332605e-05,8.680553385e-10,5.833332605e-05,8.680553385e-10
5675,8.33333229e-06,3.472221355e-11,8.33333229e-06,3.472221355e-11
5676,4.999999376e-05,8.33333125e-10,4.999999376e-05,8.33333125e-10
5677,2.083333073e-05,8.680553386e-11,2.083333073e-05,8.680553386e-11
5678,8.749998907e-05,1.406249648e-09,8.749998907e-05,1.406249648e-09
5679,1.666666459e-05,2.777777083e-10,1.666666459e-05,2.777777083e-10
5680,4.166666145e-06,1.736110677e-11,4.166666145e-06,1.736110677e-11
5681,7.499999063e-05,1.145833047e-09,7.499999063e-05,1.145833047e-09
5682,1.666666459e-05,2.777777083e-10,1.666666459e-05,2.777777083e-10
5683,2.083333073e-05,2.951388151e-10,2.083333073e-05,2.951388151e-10
5684,0,0,0,0
5685,2.708332995e-05,3.342013053e-10,2.708332995e-05,3.342013053e-10
5686,1.666666459e-05,2.777777083e-10,1.666666459e-05,2.777777083e-10
5687,4.583332761e-05,6.07638737e-10,4.583332761e-05,6.07638737e-10
5688,0,0,0,0
5689,4.166666146e-05,5.902776302e-10,4.166666146e-05,5.902776302e-10
5690,4.166666146e-06,1.736110677e-11,4.166666146e-06,1.736110677e-11
5691,6.666665834e-05,1.111110833e-09,6.666665834e-05,1.111110833e-09
5692,4.583332761e-05,6.07638737e-10,4.583332761e-05,6.07638737e-10
5693,8.33333229e-06,3.472221355e-11,8.33333229e-06,3.472221355e-11
5694,5.41666599e-05,6.423609505e-10,5.41666599e-05,6.423609505e-10
5695,2.083333073e-05,2.951388151e-10,2.083333073e-05,2.951388151e-10
5696,4.166666146e-05,5.902776302e-10,4.166666146e-05,5.902776302e-10
5697,0,0,0,0
5698,2.499999688e-05,3.124999219e-10,2.499999688e-05,3.124999219e-10
5699,0,0,0,0
5700,3.333332915e-05,5.555554161e-10,3.333332915e-05,5.555554161e-10
5701,4.166666146e-05,5.902776302e-10,4.166666146e-05,5.902776302e-10
5702,3.749999531e-05,3.645832422e-10,3.749999531e-05,3.645832422e-10
5703,5.833332605e-05,8.680553385e-10,5.833332605e-05,8.680553385e-10
5704,2.916666302e-05,3.298610286e-10,2.916666302e-05,3.298610286e-10
5705,1.249999843e-05,5.208332032e-11,1.249999843e-05,5.208332032e-11
5706,3.749999532e-05,5.729165234e-10,3.749999532e-05,5.729165234e-10
5707,4.166666145e-06,1.736110677e-11,4.166666145e-06,1.736110677e-11
5708,6.666665834e-05,9.02777552e-10,6.666665834e-05,9.02777552e-10
5709,4.166666145e-06,1.736110677e-11,4.166666145e-06,1.736110677e-11
5710,1.666666459e-05,2.777777083e-10,1.666666459e-05,2.777777083e-10
5711,0,0,0,0
5712,5.833332605e-05,8.680553385e-10,5.833332605e-05,8.680553385e-10
5713,2.499999688e-05,3.124999219e-10,2.499999688e-05,3.124999219e-10
5714,4.999999376e-05,8.33333125e-10,4.999999376e-05,8.33333125e-10
5715,4.166666146e-05,5.902776302e-10,4.166666146e-05,5.902776302e-10
5716,3.333332917e-05,5.555554166e-10,3.333332917e-05,5.555554166e-10
5717,2.916666302e-05,3.298610286e-10,2.916666302e-05,3.298610286e-10
5718,2.083333073e-05,2.951388151e-10,2.083333073e-05,2.951388151e-10
5719,3.333332917e-05,5.555554166e-10,3.333332917e-05,5.555554166e-10
5720,0,0,0,0
5721,3.749999532e-05,1.12847194e-09,3.749999532e-05,1.12847194e-09
5722,6.666665834e-05,1.111110833e-09,6.666665834e-05,1.111110833e-09
5723,4.166666145e-06,1.736110677e-11,4.166666145e-06,1.736110677e-11
5724,2.083333073e-05,2.951388151e-10,2.083333073e-05,2.951388151e-10
5725,1.666666459e-05,2.777777083e-10,1.666666459e-05,2.777777083e-10
5726,2.083333073e-05,2.951388151e-10,2.083333073e-05,2.951388151e-10
5727,2.499999688e-05,3.124999219e-10,2.499999688e-05,3.124999219e-10
5728,5.514705193e-05,8.843351307e-10,5.514705193e-05,8.843351307e-10
5729,4.166666146e-05,5.902776302e-10,4.166666146e-05,5.902776302e-10
5730,2.499999688e-05,3.124999219e-10,2.499999688e-05,3.124999219e-10
5731,1.666666459e-05,2.777777083e-10,1.666666459e-05,2.777777083e-10
5732,4.166666146e-05,5.902776302e-10,4.166666146e-05,5.902776302e-10
5733,4.166666146e-06,1.736110677e-11,4.166666146e-06,1.736110677e-11
5734,4.999999375e-05,6.249998437e-10,4.999999375e-05,6.249998437e-10
5735,3.749999532e-05,5.729165234e-10,3.749999532e-05,5.729165234e-10
5736,5.833332605e-05,8.680553385e-10,5.833332605e-05,8.680553385e-10
5737,2.499999688e-05,3.124999219e-10,2.499999688e-05,3.124999219e-10
5738,2.083333073e-05,2.951388151e-10,2.083333073e-05,2.951388151e-10
5739,2.916666302e-05,3.645832422e-10,2.916666302e-05,3.645832422e-10
5740,3.749999532e-05,5.729165234e-10,3.749999532e-05,5.729165234e-10
5741,7.916665678e-05,1.163194154e-09,7.916665678e-05,1.163194154e-09
5742,2.083333073e-05,2.951388151e-10,2.083333073e-05,2.951388151e-10
5743,4.166666146e-06,1.736110677e-11,4.166666146e-06,1.736110677e-11
5744,5.41666599e-05,8.506942317e-10,5.41666599e-05,8.506942317e-10
5745,8.33333229e-06,3.472221355e-11,8.33333229e-06,3.472221355e-11
5746,4.166666146e-05,5.902776302e-10,4.166666146e-05,5.902776302e-10
5747,0,0,0,0
5748,6.666665834e-05,1.111110833e-09,6.666665834e-05,1.111110833e-09
5749,4.583332758e-05,6.076387363e-10,4.583332758e-05,6.076387363e-10
5750,3.749999532e-05,5.729165234e-10,3.749999532e-05,5.729165234e-10
5751,2.499999688e-05,3.124999219e-10,2.499999688e-05,3.124999219e-10
5752,4.166666146e-05,5.902776302e-10,4.166666146e-05,5.902776302e-10
5753,6.666665833e-05,1.111110833e-09,6.666665833e-05,1.111110833e-09
5754,2.916666302e-05,3.298610286e-10,2.916666302e-05,3.298610286e-10
5755,2.499999688e-05,3.124999219e-10,2.499999688e-05,3.124999219e-10
5756,3.749999532e-05,5.729165234e-10,3.749999532e-05,5.729165234e-10
5757,2.083333073e-05,2.951388151e-10,2.083333073e-05,2.951388151e-10
5758,4.583332761e-05,6.07638737e-10,4.583332761e-05,6.07638737e-10
5759,2.499999688e-05,3.124999219e-10,2.499999688e-05,3.124999219e-10
5760,1.249999843e-05,5.208332032e-11,1.249999843e-05,5.208332032e-11
5761,4.166666145e-06,1.736110677e-11,4.166666145e-06,1.736110677e-11
5762,2.499999688e-05,3.124999219e-10,2.499999688e-05,3.124999219e-10
5763,5.833332605e-05,8.680553385e-10,5.833332605e-05,8.680553385e-10
5764,4.166666146e-05,5.902776302e-10,4.166666146e-05,5.902776302e-10
5765,3.749999532e-05,5.729165234e-10,3.749999532e-05,5.729165234e-10
5766,2.083333071e-05,2.951388147e-10,2.083333071e-05,2.951388147e-10
5767,3.749999531e-05,3.645832422e-10,3.749999531e-05,3.645832422e-10
5768,2.499999688e-05,3.124999219e-10,2.499999688e-05,3.124999219e-10
5769,3.749999532e-05,5.729165234e-10,3.749999532e-05,5.729165234e-10
5770,2.499999688e-05,3.124999219e-10,2.499999688e-05,3.124999219e-10
5771,2.083333073e-05,2.951388151e-10,2.083333073e-05,2.951388151e-10
5772,6.666665834e-05,1.111110833e-09,6.666665834e-05,1.111110833e-09
5773,2.499999688e-05,3.124999219e-10,2.499999688e-05,3.124999219e-10
5774,3.333332917e-05,5.555554166e-10,3.333332917e-05,5.555554166e-10
5775,2.083333073e-05,8.680553387e-11,2.083333073e-05,8.680553387e-11
5776,2.083333073e-05,2.951388151e-10,2.083333073e-05,2.951388151e-10
5777,2.083333073e-05,2.951388151e-10,2.083333073e-05,2.951388151e-10
5778,3.749999532e-05,5.729165234e-10,3.749999532e-05,5.729165234e-10
5779,4.305555018e-05,6.037807132e-10,4.305555018e-05,6.037807132e-10
5780,5.41666599e-05,8.506942317e-10,5.41666599e-05,8.506942317e-10
5781,0,0,0,0
5782,1.666666459e-05,2.777777083e-10,1.666666459e-05,2.777777083e-10
5783,1.666666459e-05,2.777777083e-10,1.666666459e-05,2.777777083e-10
5784,1.249999844e-05,5.208332032e-11,1.249999844e-05,5.208332032e-11
5785,0,0,0,0
5786,8.333332291e-06,3.472221354e-11,8.333332291e-06,3.472221354e-11
5787,3.749999532e-05,5.729165234e-10,3.749999532e-05,5.729165234e-10
5788,2.083333073e-05,2.951388151e-10,2.083333073e-05,2.951388151e-10
5789,2.083333073e-05,2.951388151e-10,2.083333073e-05,2.951388151e-10
5790,4.166666146e-05,5.902776302e-10,4.166666146e-05,5.902776302e-10
5791,4.999999375e-05,6.249998437e-10,4.999999375e-05,6.249998437e-10
5792,2.916666302e-05,3.298610286e-10,2.916666302e-05,3.298610286e-10
5793,2.499999688e-05,3.124999219e-10,2.499999688e-05,3.124999219e-10
5794,2.499999688e-05,3.124999219e-10,2.499999688e-05,3.124999219e-10
5795,4.166666145e-06,1.736110677e-11,4.166666145e-06,1.736110677e-11
5796,5.41666599e-05,8.506942317e-10,5.41666599e-05,8.506942317e-10
5797,4.166666146e-06,1.736110677e-11,4.166666146e-06,1.736110677e-11
5798,2.083333073e-05,2.951388151e-10,2.083333073e-05,2.951388151e-10
5799,0,0,0,0
5800,4.166666146e-05,5.902776302e-10,4.166666146e-05,5.902776302e-10
5801,6.666665834e-05,1.111110833e-09,6.666665834e-05,1.111110833e-09
5802,3.749999532e-05,5.729165234e-10,3.749999532e-05,5.729165234e-10
5803,1.249999844e-05,5.208332031e-11,1.249999844e-05,5.208332031e-11
5804,3.333332917e-05,5.555554166e-10,3.333332917e-05,5.555554166e-10
5805,8.33333229e-06,3.472221355e-11,8.33333229e-06,3.472221355e-11
5806,2.083333073e-05,2.951388151e-10,2.083333073e-05,2.951388151e-10
5807,8.333332291e-06,3.472221354e-11,8.333332291e-06,3.472221354e-11
5808,4.166666145e-06,1.736110677e-11,4.166666145e-06,1.736110677e-11
5809,4.166666146e-06,1.736110677e-11,4.166666146e-06,1.736110677e-11
5810,4.166666145e-06,1.736110677e-11,4.166666145e-06,1.736110677e-11
5811,3.749999532e-05,5.729165234e-10,3.749999532e-05,5.729165234e-10
5812,2.499999688e-05,3.124999219e-10,2.499999688e-05,3.124999219e-10
5813,2.499999688e-05,3.124999219e-10,2.499999688e-05,3.124999219e-10
5814,3.749999532e-05,5.729165234e-10,3.749999532e-05,5.729165234e-10
5815,4.166666145e-06,1.736110677e-11,4.166666145e-06,1.736110677e-11
5816,1.249999844e-05,5.208332032e-11,1.249999844e-05,5.208332032e-11
5817,1.666666459e-05,2.777777083e-10,1.666666459e-05,2.777777083e-10
5818,1.666666459e-05,2.777777083e-10,1.666666459e-05,2.777777083e-10
5819,4.583332761e-05,6.07638737e-10,4.583332761e-05,6.07638737e-10
5820,1.666666459e-05,2.777777083e-10,1.666666459e-05,2.777777083e-10
5821,4.166666146e-05,5.902776302e-10,4.166666146e-05,5.902776302e-10
5822,1.249999844e-05,5.208332031e-11,1.249999844e-05,5.208332031e-11
5823,2.083333073e-05,2.951388151e-10,2.083333073e-05,2.951388151e-10
5824,1.249999844e-05,5.208332032e-11,1.249999844e-05,5.208332032e-11
5825,2.083333073e-05,2.951388151e-10,2.083333073e-05,2.951388151e-10
5826,4.583332761e-05,6.07638737e-10,4.583332761e-05,6.07638737e-10
5827,9.722221005e-06,4.822529659e-11,9.722221005e-06,4.822529659e-11
5828,2.499999688e-05,3.124999219e-10,2.499999688e-05,3.124999219e-10
5829,4.166666145e-06,1.736110677e-11,4.166666145e-06,1.736110677e-11
5830,3.333332917e-05,3.472221354e-10,3.333332917e-05,3.472221354e-10
5831,6.666665834e-05,9.02777552e-10,6.666665834e-05,9.02777552e-10
5832,2.499999688e-05,3.124999219e-10,2.499999688e-05,3.124999219e-10
5833,0,0,0,0
5834,2.499999688e-05,3.124999219e-10,2.499999688e-05,3.124999219e-10
5835,4.166666145e-06,1.736110677e-11,4.166666145e-06,1.736110677e-11
5836,2.499999688e-05,3.124999219e-10,2.499999688e-05,3.124999219e-10
5837,3.749999532e-05,5.729165234e-10,3.749999532e-05,5.729165234e-10
5838,2.083333073e-05,2.951388151e-10,2.083333073e-05,2.951388151e-10
5839,2.499999688e-05,3.124999219e-10,2.499999688e-05,3.124999219e-10
5840,2.499999688e-05,3.124999219e-10,2.499999688e-05,3.124999219e-10
5841,1.249999844e-05,5.208332032e-11,1.249999844e-05,5.208332032e-11
5842,4.583332761e-05,6.07638737e-10,4.583332761e-05,6.07638737e-10
5843,4.166666146e-05,3.81944349e-10,4.166666146e-05,3.81944349e-10
5844,2.916666302e-05,3.298610286e-10,2.916666302e-05,3.298610286e-10
5845,2.083333073e-05,2.951388151e-10,2.083333073e-05,2.951388151e-10
5846,2.083333073e-05,2.951388151e-10,2.083333073e-05,2.951388151e-10
5847,8.333332291e-06,3.472221354e-11,8.333332291e-06,3.472221354e-11
5848,4.166666145e-06,1.736110677e-11,4.166666145e-06,1.736110677e-11
5849,3.333332917e-05,5.555554166e-10,3.333332917e-05,5.555554166e-10
5850,1.249999844e-05,5.208332031e-11,1.249999844e-05,5.208332031e-11
5851,2.916666302e-05,3.298610286e-10,2.916666302e-05,3.298610286e-10
5852,4.999999375e-05,6.249998437e-10,4.999999375e-05,6.249998437e-10
5853,0,0,0,0
5854,4.583332761e-05,6.07638737e-10,4.583332761e-05,6.07638737e-10
5855,3.333332917e-05,5.555554166e-10,3.333332917e-05,5.555554166e-10
5856,2.083333073e-05,2.951388151e-10,2.083333073e-05,2.951388151e-10
5857,5.41666599e-05,8.506942317e-10,5.41666599e-05,8.506942317e-10
5858,1.666666459e-05,2.777777083e-10,1.666666459e-05,2.777777083e-10
5859,5.41666599e-05,8.506942317e-10,5.41666599e-05,8.506942317e-10
5860,8.33333229e-06,3.472221355e-11,8.33333229e-06,3.472221355e-11
5861,8.333332293e-06,3.472221355e-11,8.333332293e-06,3.472221355e-11
5862,2.916666302e-05,3.298610286e-10,2.916666302e-05,3.298610286e-10
5863,3.749999532e-05,5.729165234e-10,3.749999532e-05,5.729165234e-10
5864,0,0,0,0
5865,0,0,0,0
5866,2.916666302e-05,3.298610286e-10,2.916666302e-05,3.298610286e-10
5867,6.249999219e-05,8.854164453e-10,6.249999219e-05,8.854164453e-10
5868,4.166666146e-05,5.902776302e-10,4.166666146e-05,5.902776302e-10
5869,8.333332291e-06,3.472221354e-11,8.333332291e-06,3.472221354e-11
5870,1.666666459e-05,2.777777083e-10,1.666666459e-05,2.777777083e-10
5871,3.333332917e-05,3.472221354e-10,3.333332917e-05,3.472221354e-10
5872,1.666666458e-05,6.944442709e-11,1.666666458e-05,6.944442709e-11
5873,2.916666302e-05,3.298610286e-10,2.916666302e-05,3.298610286e-10
5874,2.083333073e-05,2.951388151e-10,2.083333073e-05,2.951388151e-10
5875,2.083333072e-05,2.951388147e-10,2.083333072e-05,2.951388147e-10
5876,8.33333229e-06,3.472221354e-11,8.33333229e-06,3.472221354e-11
5877,2.083333073e-05,2.951388151e-10,2.083333073e-05,2.951388151e-10
5878,4.166666145e-06,1.736110677e-11,4.166666145e-06,1.736110677e-11
5879,7.083332449e-05,1.12847194e-09,7.083332449e-05,1.12847194e-09
5880,2.083333073e-05,2.951388151e-10,2.083333073e-05,2.951388151e-10
5881,2.083333073e-05,2.951388151e-10,2.083333073e-05,2.951388151e-10
5882,1.666666459e-05,2.777777083e-10,1.666666459e-05,2.777777083e-10
5883,8.333332291e-06,3.472221354e-11,8.333332291e-06,3.472221354e-11
5884,8.333332291e-06,3.472221354e-11,8.333332291e-06,3.472221354e-11
5885,4.166666145e-06,1.736110677e-11,4.166666145e-06,1.736110677e-11
5886,2.499999688e-05,3.124999219e-10,2.499999688e-05,3.124999219e-10
5887,3.333332917e-05,5.555554166e-10,3.333332917e-05,5.555554166e-10
5888,3.333332917e-05,5.555554166e-10,3.333332917e-05,5.555554166e-10
5889,2.083333073e-05,2.951388151e-10,2.083333073e-05,2.951388151e-10
5890,3.749999532e-05,5.729165234e-10,3.749999532e-05,5.729165234e-10
5891,2.083333073e-05,2.951388151e-10,2.083333073e-05,2.951388151e-10
5892,2.708332995e-05,3.342013053e-10,2.708332995e-05,3.342013053e-10
5893,5.41666599e-05,8.506942317e-10,5.41666599e-05,8.506942317e-10
5894,1.666666459e-05,2.777777083e-10,1.666666459e-05,2.777777083e-10
5895,4.166666145e-06,1.736110677e-11,4.166666145e-06,1.736110677e-11
5896,4.166666146e-05,5.902776302e-10,4.166666146e-05,5.902776302e-10
5897,2.916666302e-05,3.298610286e-10,2.916666302e-05,3.298610286e-10
5898,2.083333073e-05,2.951388151e-10,2.083333073e-05,2.951388151e-10
5899,4.583332761e-05,6.07638737e-10,4.583332761e-05,6.07638737e-10
5900,4.166666146e-05,5.902776302e-10,4.166666146e-05,5.902776302e-10
5901,4.166666145e-06,1.736110677e-11,4.166666145e-06,1.736110677e-11
5902,4.583332761e-05,6.07638737e-10,4.583332761e-05,6.07638737e-10
5903,4.166666146e-05,5.902776302e-10,4.166666146e-05,5.902776302e-10
5904,4.166666146e-05,5.902776302e-10,4.166666146e-05,5.902776302e-10
5905,2.083333073e-05,2.951388151e-10,2.083333073e-05,2.951388151e-10
5906,2.499999688e-05,3.124999219e-10,2.499999688e-05,3.124999219e-10
5907,2.083333073e-05,2.951388151e-10,2.083333073e-05,2.951388151e-10
5908,1.249999844e-05,5.208332031e-11,1.249999844e-05,5.208332031e-11
5909,2.083333073e-05,2.951388151e-10,2.083333073e-05,2.951388151e-10
5910,5.833332605e-05,8.680553385e-10,5.833332605e-05,8.680553385e-10
5911,4.166666146e-05,5.902776302e-10,4.166666146e-05,5.902776302e-10
5912,3.749999532e-05,5.729165234e-10,3.749999532e-05,5.729165234e-10
5913,4.166666146e-05,5.902776302e-10,4.166666146e-05,5.902776302e-10
5914,2.499999688e-05,3.124999219e-10,2.499999688e-05,3.124999219e-10
5915,3.333332917e-05,5.555554166e-10,3.333332917e-05,5.555554166e-10
5916,4.166666145e-06,1.736110677e-11,4.166666145e-06,1.736110677e-11
5917,1.666666459e-05,2.777777083e-10,1.666666459e-05,2.777777083e-10
5918,1.666666459e-05,2.777777083e-10,1.666666459e-05,2.777777083e-10
5919,3.333332917e-05,5.555554166e-10,3.333332917e-05,5.555554166e-10
5920,8.33333229e-06,3.472221355e-11,8.33333229e-06,3.472221355e-11
5921,1.666666459e-05,2.777777083e-10,1.666666459e-05,2.777777083e-10
5922,8.33333229e-06,3.472221355e-11,8.33333229e-06,3.472221355e-11
5923,4.999999376e-05,8.33333125e-10,4.999999376e-05,8.33333125e-10
5924,0,0,0,0
5925,2.083333073e-05,2.951388151e-10,2.083333073e-05,2.951388151e-10
5926,2.083333073e-05,2.951388151e-10,2.083333073e-05,2.951388151e-10
5927,8.333332293e-06,3.472221355e-11,8.333332293e-06,3.472221355e-11
5928,4.166666146e-06,1.736110677e-11,4.166666146e-06,1.736110677e-11
5929,1.666666459e-05,2.777777083e-10,1.666666459e-05,2.777777083e-10
5930,4.166666146e-05,5.902776302e-10,4.166666146e-05,5.902776302e-10
5931,2.499999688e-05,3.124999219e-10,2.499999688e-05,3.124999219e-10
5932,0,0,0,0
5933,2.083333072e-05,2.95138815e-10,2.083333072e-05,2.95138815e-10
5934,2.499999688e-05,3.124999219e-10,2.499999688e-05,3.124999219e-10
5935,8.749998907e-05,1.406249648e-09,8.749998907e-05,1.406249648e-09
5936,8.33333229e-06,3.472221355e-11,8.33333229e-06,3.472221355e-11
5937,0,0,0,0
5938,1.666666458e-05,6.944442709e-11,1.666666458e-05,6.944442709e-11
5939,4.166666145e-06,1.736110677e-11,4.166666145e-06,1.736110677e-11
5940,3.749999532e-05,5.729165234e-10,3.749999532e-05,5.729165234e-10
5941,2.499999688e-05,3.124999219e-10,2.499999688e-05,3.124999219e-10
5942,1.249999844e-05,5.208332032e-11,1.249999844e-05,5.208332032e-11
5943,2.083333073e-05,2.951388151e-10,2.083333073e-05,2.951388151e-10
5944,2.083333073e-05,2.951388151e-10,2.083333073e-05,2.951388151e-10
5945,4.166666146e-05,5.902776302e-10,4.166666146e-05,5.902776302e-10
5946,2.083333073e-05,2.951388151e-10,2.083333073e-05,2.951388151e-10
5947,2.916666302e-05,3.298610286e-10,2.916666302e-05,3.298610286e-10
5948,1.666666459e-05,2.777777083e-10,1.666666459e-05,2.777777083e-10
5949,4.999999376e-05,8.33333125e-10,4.999999376e-05,8.33333125e-10
5950,2.499999688e-05,3.124999219e-10,2.499999688e-05,3.124999219e-10
5951,4.166666145e-06,1.736110677e-11,4.166666145e-06,1.736110677e-11
5952,5.833332605e-05,8.680553385e-10,5.833332605e-05,8.680553385e-10
5953,4.166666145e-06,1.736110677e-11,4.166666145e-06,1.736110677e-11
5954,8.33333229e-06,3.472221355e-11,8.33333229e-06,3.472221355e-11
5955,2.916666302e-05,3.298610286e-10,2.916666302e-05,3.298610286e-10
5956,2.916666302e-05,3.298610286e-10,2.916666302e-05,3.298610286e-10
5957,2.083333073e-05,2.951388151e-10,2.083333073e-05,2.951388151e-10
5958,1.666666459e-05,2.777777083e-10,1.666666459e-05,2.777777083e-10
5959,2.083333073e-05,2.951388151e-10,2.083333073e-05,2.951388151e-10
5960,6.249999219e-05,8.854164453e-10,6.249999219e-05,8.854164453e-10
5961,3.333332917e-05,3.472221354e-10,3.333332917e-05,3.472221354e-10
5962,5.833332605e-05,8.680553385e-10,5.833332605e-05,8.680553385e-10
5963,3.749999532e-05,5.729165234e-10,3.749999532e-05,5.729165234e-10
5964,8.33333229e-06,3.472221355e-11,8.33333229e-06,3.472221355e-11
5965,2.083333073e-05,2.951388151e-10,2.083333073e-05,2.951388151e-10
5966,5.41666599e-05,8.506942317e-10,5.41666599e-05,8.506942317e-10
5967,3.749999532e-05,5.729165234e-10,3.749999532e-05,5.729165234e-10
5968,7.083332449e-05,1.12847194e-09,7.083332449e-05,1.12847194e-09
5969,0,0,0,0
5970,5.41666599e-05,8.506942317e-10,5.41666599e-05,8.506942317e-10
5971,4.583332761e-05,6.07638737e-10,4.583332761e-05,6.07638737e-10
5972,3.749999531e-05,3.645832421e-10,3.749999531e-05,3.645832421e-10
5973,2.083333073e-05,2.951388151e-10,2.083333073e-05,2.951388151e-10
5974,2.083333073e-05,2.951388151e-10,2.083333073e-05,2.951388151e-10
5975,1.666666459e-05,2.777777083e-10,1.666666459e-05,2.777777083e-10
5976,2.916666302e-05,3.645832421e-10,2.916666302e-05,3.645832421e-10
5977,4.583332761e-05,6.07638737e-10,4.583332761e-05,6.07638737e-10
5978,2.916666299e-05,6.423609491e-10,2.916666299e-05,6.423609491e-10
5979,2.499999688e-05,3.124999219e-10,2.499999688e-05,3.124999219e-10
5980,2.083333073e-05,2.951388151e-10,2.083333073e-05,2.951388151e-10
5981,1.666666459e-05,2.777777083e-10,1.666666459e-05,2.777777083e-10
5982,4.999999376e-05,8.33333125e-10,4.999999376e-05,8.33333125e-10
5983,4.166666145e-06,1.736110677e-11,4.166666145e-06,1.736110677e-11
5984,2.083333073e-05,2.951388151e-10,2.083333073e-05,2.951388151e-10
5985,3.333332917e-05,3.472221354e-10,3.333332917e-05,3.472221354e-10
5986,3.333332917e-05,5.555554166e-10,3.333332917e-05,5.555554166e-10
5987,3.888888403e-05,3.780863252e-10,3.888888403e-05,3.780863252e-10
5988,3.749999532e-05,5.729165234e-10,3.749999532e-05,5.729165234e-10
5989,1.666666459e-05,2.777777083e-10,1.666666459e-05,2.777777083e-10
5990,2.083333073e-05,2.951388151e-10,2.083333073e-05,2.951388151e-10
5991,2.499999688e-05,3.124999219e-10,2.499999688e-05,3.124999219e-10
5992,4.166666146e-05,5.902776302e-10,4.166666146e-05,5.902776302e-10
5993,5.41666599e-05,8.506942317e-10,5.41666599e-05,8.506942317e-10
5994,5.833332605e-05,6.597220573e-10,5.833332605e-05,6.597220573e-10
5995,8.333332293e-05,1.388888542e-09,8.333332293e-05,1.388888542e-09
5996,3.333332917e-05,5.555554166e-10,3.333332917e-05,5.555554166e-10
5997,2.499999688e-05,3.124999219e-10,2.499999688e-05,3.124999219e-10
5998,3.749999532e-05,5.729165234e-10,3.749999532e-05,5.729165234e-10
5999,2.083333073e-05,2.951388151e-10,2.083333073e-05,2.951388151e-10
6000,4.583332761e-05,6.07638737e-10,4.583332761e-05,6.07638737e-10
6001,8.33333229e-06,3.472221354e-11,8.33333229e-06,3.472221354e-11
6002,0,0,0,0
6003,2.083333073e-05,2.951388151e-10,2.083333073e-05,2.951388151e-10
6004,4.166666146e-05,5.902776302e-10,4.166666146e-05,5.902776302e-10
6005,2.083333073e-05,2.951388151e-10,2.083333073e-05,2.951388151e-10
6006,0,0,0,0
6007,2.916666302e-05,3.298610286e-10,2.916666302e-05,3.298610286e-10
6008,4.166666145e-06,1.736110677e-11,4.166666145e-06,1.736110677e-11
6009,8.33333229e-06,3.472221355e-11,8.33333229e-06,3.472221355e-11
6010,3.333332917e-05,3.472221354e-10,3.333332917e-05,3.472221354e-10
6011,3.333332917e-05,3.819443489e-10,3.333332917e-05,3.819443489e-10
6012,3.749999531e-05,3.645832422e-10,3.749999531e-05,3.645832422e-10
6013,4.166666146e-05,5.902776302e-10,4.166666146e-05,5.902776302e-10
6014,1.249999843e-05,5.208332032e-11,1.249999843e-05,5.208332032e-11
6015,1.666666459e-05,2.777777083e-10,1.666666459e-05,2.777777083e-10
6016,1.666666458e-05,6.944442709e-11,1.666666458e-05,6.944442709e-11
6017,2.499999688e-05,3.124999219e-10,2.499999688e-05,3.124999219e-10
6018,2.916666302e-05,3.298610286e-10,2.916666302e-05,3.298610286e-10
6019,3.749999532e-05,5.729165234e-10,3.749999532e-05,5.729165234e-10
6020,4.166666145e-06,1.736110677e-11,4.166666145e-06,1.736110677e-11
6021,1.666666459e-05,2.777777083e-10,1.666666459e-05,2.777777083e-10
6022,4.791666068e-05,6.293401204e-10,4.791666068e-05,6.293401204e-10
6023,2.083333073e-05,2.951388151e-10,2.083333073e-05,2.951388151e-10
6024,2.499999688e-05,3.124999219e-10,2.499999688e-05,3.124999219e-10
6025,4.999999375e-05,6.249998437e-10,4.999999375e-05,6.249998437e-10
6026,2.083333073e-05,2.951388151e-10,2.083333073e-05,2.951388151e-10
6027,1.666666459e-05,2.777777083e-10,1.666666459e-05,2.777777083e-10
6028,2.083333073e-05,2.951388151e-10,2.083333073e-05,2.951388151e-10
6029,2.499999688e-05,3.124999219e-10,2.499999688e-05,3.124999219e-10
6030,8.333332293e-06,3.472221355e-11,8.333332293e-06,3.472221355e-11
6031,2.083333073e-05,2.951388151e-10,2.083333073e-05,2.951388151e-10
6032,2.499999688e-05,3.124999219e-10,2.499999688e-05,3.124999219e-10
6033,3.333332917e-05,5.555554166e-10,3.333332917e-05,5.555554166e-10
6034,4.166666145e-06,1.736110677e-11,4.166666145e-06,1.736110677e-11
6035,1.666666459e-05,2.777777083e-10,1.666666459e-05,2.777777083e-10
6036,3.333332917e-05,5.555554166e-10,3.333332917e-05,5.555554166e-10
6037,8.333332293e-06,3.472221355e-11,8.333332293e-06,3.472221355e-11
6038,4.583332761e-05,6.07638737e-10,4.583332761e-05,6.07638737e-10
6039,3.749999532e-05,5.729165234e-10,3.749999532e-05,5.729165234e-10
6040,2.083333073e-05,2.951388151e-10,2.083333073e-05,2.951388151e-10
6041,1.666666459e-05,2.777777083e-10,1.666666459e-05,2.777777083e-10
6042,3.333332917e-05,5.555554166e-10,3.333332917e-05,5.555554166e-10
6043,1.666666459e-05,2.777777083e-10,1.666666459e-05,2.777777083e-10
6044,4.166666145e-06,1.736110677e-11,4.166666145e-06,1.736110677e-11
6045,4.583332761e-05,6.07638737e-10,4.583332761e-05,6.07638737e-10
6046,3.749999532e-05,5.729165234e-10,3.749999532e-05,5.729165234e-10
6047,4.166666146e-05,5.902776302e-10,4.166666146e-05,5.902776302e-10
6048,3.749999532e-05,5.729165234e-10,3.749999532e-05,5.729165234e-10
6049,0.0001249999844,1.979166172e-09,0.0001249999844,1.979166172e-09
6050,8.333332291e-06,3.472221354e-11,8.333332291e-06,3.472221354e-11
6051,2.083333073e-05,2.951388151e-10,2.083333073e-05,2.951388151e-10
6052,2.083333073e-05,2.951388151e-10,2.083333073e-05,2.951388151e-10
6053,2.916666302e-05,3.298610286e-10,2.916666302e-05,3.298610286e-10
6054,2.083333073e-05,2.951388151e-10,2.083333073e-05,2.951388151e-10
6055,6.249999219e-05,8.854164453e-10,6.249999219e-05,8.854164453e-10
6056,6.249999219e-05,8.854164453e-10,6.249999219e-05,8.854164453e-10
6057,8.333332291e-06,3.472221354e-11,8.333332291e-06,3.472221354e-11
6058,1.666666459e-05,2.777777083e-10,1.666666459e-05,2.777777083e-10
6059,3.749999532e-05,5.729165234e-10,3.749999532e-05,5.729165234e-10
6060,1.249999844e-05,5.208332031e-11,1.249999844e-05,5.208332031e-11
6061,1.666666459e-05,2.777777083e-10,1.666666459e-05,2.777777083e-10
6062,4.166666146e-06,1.736110677e-11,4.166666146e-06,1.736110677e-11
6063,4.583332761e-05,6.07638737e-10,4.583332761e-05,6.07638737e-10
6064,8.333332291e-06,3.472221354e-11,8.333332291e-06,3.472221354e-11
6065,2.499999688e-05,3.124999219e-10,2.499999688e-05,3.124999219e-10
6066,2.083333073e-05,2.951388151e-10,2.083333073e-05,2.951388151e-10
6067,5.833332605e-05,8.680553385e-10,5.833332605e-05,8.680553385e-10
6068,3.333332917e-05,3.472221354e-10,3.333332917e-05,3.472221354e-10
6069,1.666666459e-05,2.777777083e-10,1.666666459e-05,2.777777083e-10
6070,1.249999844e-05,5.208332032e-11,1.249999844e-05,5.208332032e-11
6071,3.333332917e-05,3.472221354e-10,3.333332917e-05,3.472221354e-10
6072,2.083333073e-05,2.951388151e-10,2.083333073e-05,2.951388151e-10
6073,4.166666145e-06,1.736110677e-11,4.166666145e-06,1.736110677e-11
6074,3.333332917e-05,5.555554166e-10,3.333332917e-05,5.555554166e-10
6075,8.33333229e-06,3.472221355e-11,8.33333229e-06,3.472221355e-11
6076,4.583332761e-05,6.07638737e-10,4.583332761e-05,6.07638737e-10
6077,2.083333073e-05,2.951388151e-10,2.083333073e-05,2.951388151e-10
6078,1.666666458e-05,6.944442709e-11,1.666666458e-05,6.944442709e-11
6079,3.749999532e-05,5.729165234e-10,3.749999532e-05,5.729165234e-10
6080,4.583332761e-05,6.07638737e-10,4.583332761e-05,6.07638737e-10
6081,2.083333073e-05,2.951388151e-10,2.083333073e-05,2.951388151e-10
6082,4.166666142e-06,1.736110674e-11,4.166666142e-06,1.736110674e-11
6083,2.499999688e-05,3.124999219e-10,2.499999688e-05,3.124999219e-10
6084,0,0,0,0
6085,2.499999688e-05,3.124999219e-10,2.499999688e-05,3.124999219e-10
6086,2.083333073e-05,2.951388151e-10,2.083333073e-05,2.951388151e-10
6087,4.166666145e-06,1.736110677e-11,4.166666145e-06,1.736110677e-11
6088,3.333332917e-05,3.472221354e-10,3.333332917e-05,3.472221354e-10
6089,1.666666459e-05,2.777777083e-10,1.666666459e-05,2.777777083e-10
6090,8.33333229e-06,3.472221355e-11,8.33333229e-06,3.472221355e-11
6091,3.749999531e-05,5.729165233e-10,3.749999531e-05,5.729165233e-10
6092,4.166666145e-06,1.736110677e-11,4.166666145e-06,1.736110677e-11
6093,4.166666145e-06,1.736110677e-11,4.166666145e-06,1.736110677e-11
6094,8.33333229e-06,3.472221355e-11,8.33333229e-06,3.472221355e-11
6095,5.41666599e-05,8.506942317e-10,5.41666599e-05,8.506942317e-10
6096,2.916666302e-05,3.298610286e-10,2.916666302e-05,3.298610286e-10
6097,1.249999844e-05,5.208332032e-11,1.249999844e-05,5.208332032e-11
6098,1.666666459e-05,2.777777083e-10,1.666666459e-05,2.777777083e-10
6099,4.166666146e-05,5.902776302e-10,4.166666146e-05,5.902776302e-10
6100,2.083333073e-05,2.951388151e-10,2.083333073e-05,2.951388151e-10
6101,1.666666459e-05,2.777777083e-10,1.666666459e-05,2.777777083e-10
6102,2.499999688e-05,3.124999219e-10,2.499999688e-05,3.124999219e-10
6103,4.166666146e-05,5.902776302e-10,4.166666146e-05,5.902776302e-10
6104,3.333332917e-05,5.555554166e-10,3.333332917e-05,5.555554166e-10
6105,2.499999688e-05,3.124999219e-10,2.499999688e-05,3.124999219e-10
6106,4.583332761e-05,6.07638737e-10,4.583332761e-05,6.07638737e-10
6107,1.666666459e-05,2.777777083e-10,1.666666459e-05,2.777777083e-10
6108,2.916666302e-05,3.298610286e-10,2.916666302e-05,3.298610286e-10
6109,4.166666145e-06,1.736110677e-11,4.166666145e-06,1.736110677e-11
6110,2.916666302e-05,3.298610286e-10,2.916666302e-05,3.298610286e-10
6111,6.249999219e-05,8.854164453e-10,6.249999219e-05,8.854164453e-10
6112,1.249999844e-05,5.208332031e-11,1.249999844e-05,5.208332031e-11
6113,4.166666145e-06,1.736110677e-11,4.166666145e-06,1.736110677e-11
6114,2.499999688e-05,3.124999219e-10,2.499999688e-05,3.124999219e-10
6115,1.666666458e-05,6.944442709e-11,1.666666458e-05,6.944442709e-11
6116,8.33333229e-06,3.472221355e-11,8.33333229e-06,3.472221355e-11
6117,2.499999688e-05,3.124999219e-10,2.499999688e-05,3.124999219e-10
6118,2.083333073e-05,2.951388151e-10,2.083333073e-05,2.951388151e-10
6119,6.666665834e-05,1.111110833e-09,6.666665834e-05,1.111110833e-09
6120,2.083333073e-05,2.951388151e-10,2.083333073e-05,2.951388151e-10
6121,4.166666145e-06,1.736110677e-11,4.166666145e-06,1.736110677e-11
6122,5.41666599e-05,8.506942317e-10,5.41666599e-05,8.506942317e-10
6123,4.166666145e-06,1.736110677e-11,4.166666145e-06,1.736110677e-11
6124,2.083333072e-05,2.95138815e-10,2.083333072e-05,2.95138815e-10
6125,6.666665834e-05,1.111110833e-09,6.666665834e-05,1.111110833e-09
6126,1.666666459e-05,2.777777083e-10,1.666666459e-05,2.777777083e-10
6127,2.499999688e-05,3.124999219e-10,2.499999688e-05,3.124999219e-10
6128,4.999999376e-05,8.33333125e-10,4.999999376e-05,8.33333125e-10
6129,1.249999844e-05,5.208332032e-11,1.249999844e-05,5.208332032e-11
6130,2.916666302e-05,3.298610286e-10,2.916666302e-05,3.298610286e-10
6131,4.166666145e-06,1.736110677e-11,4.166666145e-06,1.736110677e-11
6132,5.833332605e-05,8.680553385e-10,5.833332605e-05,8.680553385e-10
6133,5.833332604e-05,8.680553383e-10,5.833332604e-05,8.680553383e-10
6134,2.083333073e-05,2.951388151e-10,2.083333073e-05,2.951388151e-10
6135,2.916666302e-05,3.298610286e-10,2.916666302e-05,3.298610286e-10
6136,4.166666146e-05,5.902776302e-10,4.166666146e-05,5.902776302e-10
6137,2.499999688e-05,3.124999219e-10,2.499999688e-05,3.124999219e-10
6138,6.666665834e-05,1.111110833e-09,6.666665834e-05,1.111110833e-09
6139,6.666665834e-05,1.111110833e-09,6.666665834e-05,1.111110833e-09
6140,0,0,0,0
6141,4.166666145e-06,1.736110677e-11,4.166666145e-06,1.736110677e-11
6142,3.749999532e-05,5.729165234e-10,3.749999532e-05,5.729165234e-10
6143,1.666666459e-05,2.777777083e-10,1.666666459e-05,2.777777083e-10
6144,1.666666459e-05,2.777777083e-10,1.666666459e-05,2.777777083e-10
6145,2.499999688e-05,3.124999219e-10,2.499999688e-05,3.124999219e-10
6146,2.083333073e-05,2.951388151e-10,2.083333073e-05,2.951388151e-10
6147,4.166666145e-06,1.736110677e-11,4.166666145e-06,1.736110677e-11
6148,0,0,0,0
6149,3.333332917e-05,5.555554166e-10,3.333332917e-05,5.555554166e-10
6150,3.749999532e-05,5.729165234e-10,3.749999532e-05,5.729165234e-10
6151,4.166666145e-06,1.736110677e-11,4.166666145e-06,1.736110677e-11
6152,0,0,0,0
6153,1.666666459e-05,2.777777083e-10,1.666666459e-05,2.777777083e-10
6154,8.33333229e-06,3.472221355e-11,8.33333229e-06,3.472221355e-11
6155,4.166666145e-06,1.736110677e-11,4.166666145e-06,1.736110677e-11
6156,2.083333073e-05,2.951388151e-10,2.083333073e-05,2.951388151e-10
6157,2.499999688e-05,3.124999219e-10,2.499999688e-05,3.124999219e-10
6158,4.166666146e-06,1.736110677e-11,4.166666146e-06,1.736110677e-11
6159,4.583332761e-05,6.07638737e-10,4.583332761e-05,6.07638737e-10
6160,1.666666459e-05,2.777777083e-10,1.666666459e-05,2.777777083e-10
6161,5.41666599e-05,8.506942317e-10,5.41666599e-05,8.506942317e-10
6162,2.499999688e-05,3.124999219e-10,2.499999688e-05,3.124999219e-10
6163,0,0,0,0
6164,4.166666146e-05,5.902776302e-10,4.166666146e-05,5.902776302e-10
6165,2.083333073e-05,2.951388151e-10,2.083333073e-05,2.951388151e-10
6166,3.749999532e-05,5.729165234e-10,3.749999532e-05,5.729165234e-10
6167,3.749999532e-05,5.729165234e-10,3.749999532e-05,5.729165234e-10
6168,1.80555533e-05,8.294751015e-11,1.80555533e-05,8.294751015e-11
6169,2.499999688e-05,3.124999219e-10,2.499999688e-05,3.124999219e-10
6170,8.33333229e-06,3.472221355e-11,8.33333229e-06,3.472221355e-11
6171,2.916666302e-05,3.298610286e-10,2.916666302e-05,3.298610286e-10
6172,3.749999532e-05,5.729165234e-10,3.749999532e-05,5.729165234e-10
6173,3.333332917e-05,5.555554166e-10,3.333332917e-05,5.555554166e-10
6174,4.583332761e-05,6.07638737e-10,4.583332761e-05,6.07638737e-10
6175,8.33333229e-06,3.472221355e-11,8.33333229e-06,3.472221355e-11
6176,2.083333073e-05,2.951388151e-10,2.083333073e-05,2.951388151e-10
6177,0,0,0,0
6178,8.33333229e-06,3.472221355e-11,8.33333229e-06,3.472221355e-11
6179,2.083333073e-05,2.951388151e-10,2.083333073e-05,2.951388151e-10
6180,1.666666459e-05,2.777777083e-10,1.666666459e-05,2.777777083e-10
6181,2.083333073e-05,2.951388151e-10,2.083333073e-05,2.951388151e-10
6182,4.166666146e-05,5.902776302e-10,4.166666146e-05,5.902776302e-10
6183,2.083333073e-05,2.951388151e-10,2.083333073e-05,2.951388151e-10
6184,4.583332761e-05,6.07638737e-10,4.583332761e-05,6.07638737e-10
6185,6.249999219e-05,8.854164453e-10,6.249999219e-05,8.854164453e-10
6186,8.33333229e-06,3.472221355e-11,8.33333229e-06,3.472221355e-11
6187,8.33333229e-06,3.472221355e-11,8.33333229e-06,3.472221355e-11
6188,4.166666146e-05,5.902776302e-10,4.166666146e-05,5.902776302e-10
6189,0,0,0,0
6190,1.666666459e-05,2.777777083e-10,1.666666459e-05,2.777777083e-10
6191,1.249999844e-05,5.208332031e-11,1.249999844e-05,5.208332031e-11
6192,1.666666459e-05,2.777777083e-10,1.666666459e-05,2.777777083e-10
6193,4.166666145e-06,1.736110677e-11,4.166666145e-06,1.736110677e-11
6194,2.083333073e-05,2.951388151e-10,2.083333073e-05,2.951388151e-10
6195,2.083333073e-05,2.951388151e-10,2.083333073e-05,2.951388151e-10
6196,8.333332291e-06,3.472221354e-11,8.333332291e-06,3.472221354e-11
6197,1.666666459e-05,2.777777083e-10,1.666666459e-05,2.777777083e-10
6198,0,0,0,0
6199,5.833332605e-05,8.680553385e-10,5.833332605e-05,8.680553385e-10
6200,2.083333073e-05,2.951388151e-10,2.083333073e-05,2.951388151e-10
6201,3.333332917e-05,5.555554166e-10,3.333332917e-05,5.555554166e-10
6202,2.083333073e-05,2.951388151e-10,2.083333073e-05,2.951388151e-10
6203,2.499999688e-05,3.472221354e-10,2.499999688e-05,3.472221354e-10
6204,1.666666458e-05,6.944442709e-11,1.666666458e-05,6.944442709e-11
6205,6.666665834e-05,1.111110833e-09,6.666665834e-05,1.111110833e-09
6206,7.083332448e-05,1.12847194e-09,7.083332448e-05,1.12847194e-09
6207,2.499999688e-05,3.124999219e-10,2.499999688e-05,3.124999219e-10
6208,8.33333229e-06,3.472221355e-11,8.33333229e-06,3.472221355e-11
6209,0,0,0,0
6210,4.166666145e-06,1.736110677e-11,4.166666145e-06,1.736110677e-11
6211,1.666666459e-05,2.777777083e-10,1.666666459e-05,2.777777083e-10
6212,3.749999532e-05,5.729165234e-10,3.749999532e-05,5.729165234e-10
6213,1.249999844e-05,5.208332032e-11,1.249999844e-05,5.208332032e-11
6214,4.166666145e-06,1.736110677e-11,4.166666145e-06,1.736110677e-11
6215,3.333332917e-05,5.555554166e-10,3.333332917e-05,5.555554166e-10
6216,4.166666146e-05,5.902776302e-10,4.166666146e-05,5.902776302e-10
6217,5.833332605e-05,8.680553385e-10,5.833332605e-05,8.680553385e-10
6218,1.666666459e-05,2.777777083e-10,1.666666459e-05,2.777777083e-10
6219,8.333332291e-06,3.472221354e-11,8.333332291e-06,3.472221354e-11
6220,3.333332917e-05,5.555554166e-10,3.333332917e-05,5.555554166e-10
6221,2.499999688e-05,3.124999219e-10,2.499999688e-05,3.124999219e-10
6222,4.166666145e-06,1.736110677e-11,4.166666145e-06,1.736110677e-11
6223,4.166666146e-05,9.027775521e-10,4.166666146e-05,9.027775521e-10
6224,4.166666145e-06,1.736110677e-11,4.166666145e-06,1.736110677e-11
6225,3.333332917e-05,5.555554166e-10,3.333332917e-05,5.555554166e-10
6226,1.666666458e-05,6.944442709e-11,1.666666458e-05,6.944442709e-11
6227,1.666666459e-05,2.777777083e-10,1.666666459e-05,2.777777083e-10
6228,0,0,0,0
6229,2.083333073e-05,2.951388151e-10,2.083333073e-05,2.951388151e-10
6230,4.166666145e-06,1.736110677e-11,4.166666145e-06,1.736110677e-11
6231,4.166666145e-06,1.736110677e-11,4.166666145e-06,1.736110677e-11
6232,2.083333073e-05,2.951388151e-10,2.083333073e-05,2.951388151e-10
6233,2.499999688e-05,3.124999219e-10,2.499999688e-05,3.124999219e-10
6234,3.333332917e-05,5.555554166e-10,3.333332917e-05,5.555554166e-10
6235,2.083333073e-05,2.951388151e-10,2.083333073e-05,2.951388151e-10
6236,0,0,0,0
6237,2.499999687e-05,3.124999219e-10,2.499999687e-05,3.124999219e-10
6238,5.41666599e-05,8.506942317e-10,5.41666599e-05,8.506942317e-10
6239,2.499999688e-05,3.124999219e-10,2.499999688e-05,3.124999219e-10
6240,2.499999688e-05,3.124999219e-10,2.499999688e-05,3.124999219e-10
6241,1.666666459e-05,2.777777083e-10,1.666666459e-05,2.777777083e-10
6242,4.166666146e-05,5.902776302e-10,4.166666146e-05,5.902776302e-10
6243,3.749999532e-05,5.729165234e-10,3.749999532e-05,5.729165234e-10
6244,3.333332917e-05,5.555554166e-10,3.333332917e-05,5.555554166e-10
6245,2.083333073e-05,2.951388151e-10,2.083333073e-05,2.951388151e-10
6246,7.499999063e-05,1.145833047e-09,7.499999063e-05,1.145833047e-09
6247,1.249999844e-05,5.208332032e-11,1.249999844e-05,5.208332032e-11
6248,2.499999688e-05,3.124999219e-10,2.499999688e-05,3.124999219e-10
6249,8.333332291e-06,3.472221354e-11,8.333332291e-06,3.472221354e-11
6250,4.166666146e-06,1.736110677e-11,4.166666146e-06,1.736110677e-11
6251,1.249999844e-05,5.208332032e-11,1.249999844e-05,5.208332032e-11
6252,4.999999376e-05,8.33333125e-10,4.999999376e-05,8.33333125e-10
6253,5.833332605e-05,8.680553385e-10,5.833332605e-05,8.680553385e-10
6254,4.166666146e-06,1.736110677e-11,4.166666146e-06,1.736110677e-11
6255,4.999999375e-05,6.249998437e-10,4.999999375e-05,6.249998437e-10
6256,4.166666146e-05,5.902776302e-10,4.166666146e-05,5.902776302e-10
6257,4.166666145e-06,1.736110677e-11,4.166666145e-06,1.736110677e-11
6258,2.499999688e-05,3.124999219e-10,2.499999688e-05,3.124999219e-10
6259,2.083333073e-05,2.951388151e-10,2.083333073e-05,2.951388151e-10
6260,5.41666599e-05,8.506942317e-10,5.41666599e-05,8.506942317e-10
6261,1.249999844e-05,5.208332032e-11,1.249999844e-05,5.208332032e-11
6262,1.666666459e-05,2.777777083e-10,1.666666459e-05,2.777777083e-10
6263,2.083333073e-05,2.951388151e-10,2.083333073e-05,2.951388151e-10
6264,3.749999531e-05,3.645832422e-10,3.749999531e-05,3.645832422e-10
6265,4.166666145e-06,1.736110677e-11,4.166666145e-06,1.736110677e-11
6266,2.916666302e-05,3.298610286e-10,2.916666302e-05,3.298610286e-10
6267,0,0,0,0
6268,8.333332291e-06,3.472221354e-11,8.333332291e-06,3.472221354e-11
6269,2.499999688e-05,3.124999219e-10,2.499999688e-05,3.124999219e-10
6270,2.499999688e-05,3.124999219e-10,2.499999688e-05,3.124999219e-10
6271,2.083333073e-05,2.951388151e-10,2.083333073e-05,2.951388151e-10
6272,1.666666458e-05,6.944442709e-11,1.666666458e-05,6.944442709e-11
6273,6.666665834e-05,9.02777552e-10,6.666665834e-05,9.02777552e-10
6274,2.499999688e-05,3.124999218e-10,2.499999688e-05,3.124999218e-10
6275,8.33333229e-06,3.472221355e-11,8.33333229e-06,3.472221355e-11
6276,2.083333073e-05,2.951388151e-10,2.083333073e-05,2.951388151e-10
6277,0,0,0,0
6278,1.666666459e-05,2.777777083e-10,1.666666459e-05,2.777777083e-10
6279,8.333332291e-06,3.472221354e-11,8.333332291e-06,3.472221354e-11
6280,7.083332449e-05,1.12847194e-09,7.083332449e-05,1.12847194e-09
6281,4.166666145e-06,1.736110677e-11,4.166666145e-06,1.736110677e-11
6282,3.749999532e-05,5.729165234e-10,3.749999532e-05,5.729165234e-10
6283,0,0,0,0
6284,2.916666302e-05,3.298610286e-10,2.916666302e-05,3.298610286e-10
6285,4.166666145e-06,1.736110677e-11,4.166666145e-06,1.736110677e-11
6286,4.999999375e-05,6.249998437e-10,4.999999375e-05,6.249998437e-10
6287,8.333332291e-06,3.472221354e-11,8.333332291e-06,3.472221354e-11
6288,2.083333073e-05,2.951388151e-10,2.083333073e-05,2.951388151e-10
6289,3.749999532e-05,5.729165234e-10,3.749999532e-05,5.729165234e-10
6290,0,0,0,0
6291,2.083333073e-05,2.951388151e-10,2.083333073e-05,2.951388151e-10
6292,2.499999688e-05,3.124999219e-10,2.499999688e-05,3.124999219e-10
6293,4.166666146e-05,5.902776302e-10,4.166666146e-05,5.902776302e-10
6294,2.499999688e-05,3.124999219e-10,2.499999688e-05,3.124999219e-10
6295,6.666665834e-05,9.02777552e-10,6.666665834e-05,9.02777552e-10
6296,4.166666145e-06,1.736110677e-11,4.166666145e-06,1.736110677e-11
6297,4.166666145e-06,1.736110677e-11,4.166666145e-06,1.736110677e-11
6298,3.749999532e-05,5.729165234e-10,3.749999532e-05,5.729165234e-10
6299,2.499999688e-05,3.124999219e-10,2.499999688e-05,3.124999219e-10
6300,2.083333073e-05,2.951388151e-10,2.083333073e-05,2.951388151e-10
6301,1.666666459e-05,2.777777083e-10,1.666666459e-05,2.777777083e-10
6302,2.083333073e-05,2.951388151e-10,2.083333073e-05,2.951388151e-10
6303,2.499999688e-05,3.124999219e-10,2.499999688e-05,3.124999219e-10
6304,3.333332917e-05,5.555554166e-10,3.333332917e-05,5.555554166e-10
6305,1.249999844e-05,5.208332032e-11,1.249999844e-05,5.208332032e-11
6306,8.33333229e-06,3.472221355e-11,8.33333229e-06,3.472221355e-11
6307,1.249999844e-05,5.208332032e-11,1.249999844e-05,5.208332032e-11
6308,8.33333229e-06,3.472221355e-11,8.33333229e-06,3.472221355e-11
6309,2.083333073e-05,8.680553386e-11,2.083333073e-05,8.680553386e-11
6310,7.083332449e-05,1.12847194e-09,7.083332449e-05,1.12847194e-09
6311,4.166666146e-05,5.902776302e-10,4.166666146e-05,5.902776302e-10
6312,3.749999532e-05,5.729165234e-10,3.749999532e-05,5.729165234e-10
6313,1.666666459e-05,2.777777083e-10,1.666666459e-05,2.777777083e-10
6314,2.499999688e-05,3.124999219e-10,2.499999688e-05,3.124999219e-10
6315,2.916666302e-05,3.298610286e-10,2.916666302e-05,3.298610286e-10
6316,4.999999375e-05,6.249998437e-10,4.999999375e-05,6.249998437e-10
6317,0,0,0,0
6318,2.083333073e-05,2.951388151e-10,2.083333073e-05,2.951388151e-10
6319,0,0,0,0
6320,1.249999844e-05,5.208332032e-11,1.249999844e-05,5.208332032e-11
6321,0,0,0,0
6322,2.083333073e-05,2.951388151e-10,2.083333073e-05,2.951388151e-10
6323,3.333332917e-05,5.555554166e-10,3.333332917e-05,5.555554166e-10
6324,4.999999375e-05,6.249998437e-10,4.999999375e-05,6.249998437e-10
6325,0,0,0,0
6326,2.499999688e-05,3.124999219e-10,2.499999688e-05,3.124999219e-10
6327,2.499999688e-05,3.124999219e-10,2.499999688e-05,3.124999219e-10
6328,3.749999532e-05,5.729165234e-10,3.749999532e-05,5.729165234e-10
6329,2.499999688e-05,3.124999219e-10,2.499999688e-05,3.124999219e-10
6330,1.249999844e-05,5.208332032e-11,1.249999844e-05,5.208332032e-11
6331,1.666666459e-05,2.777777083e-10,1.666666459e-05,2.777777083e-10
6332,4.583332761e-05,6.07638737e-10,4.583332761e-05,6.07638737e-10
6333,5.833332605e-05,8.680553385e-10,5.833332605e-05,8.680553385e-10
6334,2.083333073e-05,2.951388151e-10,2.083333073e-05,2.951388151e-10
6335,4.166666146e-06,1.736110677e-11,4.166666146e-06,1.736110677e-11
6336,2.083333073e-05,2.951388151e-10,2.083333073e-05,2.951388151e-10
6337,3.333332917e-05,3.472221354e-10,3.333332917e-05,3.472221354e-10
6338,3.749999531e-05,5.729165231e-10,3.749999531e-05,5.729165231e-10
6339,2.916666302e-05,3.298610286e-10,2.916666302e-05,3.298610286e-10
6340,0,0,0,0
6341,4.166666146e-05,5.902776302e-10,4.166666146e-05,5.902776302e-10
6342,2.083333073e-05,2.951388151e-10,2.083333073e-05,2.951388151e-10
6343,2.499999688e-05,3.124999219e-10,2.499999688e-05,3.124999219e-10
6344,2.083333073e-05,2.951388151e-10,2.083333073e-05,2.951388151e-10
6345,1.666666459e-05,2.777777083e-10,1.666666459e-05,2.777777083e-10
6346,8.333332292e-06,3.472221354e-11,8.333332292e-06,3.472221354e-11
6347,1.666666459e-05,2.777777083e-10,1.666666459e-05,2.777777083e-10
6348,1.249999844e-05,5.208332032e-11,1.249999844e-05,5.208332032e-11
6349,2.083333073e-05,2.951388151e-10,2.083333073e-05,2.951388151e-10
6350,3.749999532e-05,3.645832422e-10,3.749999532e-05,3.645832422e-10
6351,2.499999688e-05,3.124999219e-10,2.499999688e-05,3.124999219e-10
6352,1.249999844e-05,5.208332032e-11,1.249999844e-05,5.208332032e-11
6353,7.083332448e-05,1.12847194e-09,7.083332448e-05,1.12847194e-09
6354,2.499999688e-05,3.124999219e-10,2.499999688e-05,3.124999219e-10
6355,3.749999532e-05,5.729165234e-10,3.749999532e-05,5.729165234e-10
6356,4.166666146e-05,5.902776302e-10,4.166666146e-05,5.902776302e-10
6357,2.083333073e-05,2.951388151e-10,2.083333073e-05,2.951388151e-10
6358,3.333332917e-05,5.555554166e-10,3.333332917e-05,5.555554166e-10
6359,5.41666599e-05,8.506942317e-10,5.41666599e-05,8.506942317e-10
6360,3.333332917e-05,3.819443489e-10,3.333332917e-05,3.819443489e-10
6361,8.333332293e-06,3.472221355e-11,8.333332293e-06,3.472221355e-11
6362,2.083333073e-05,2.951388151e-10,2.083333073e-05,2.951388151e-10
6363,2.499999688e-05,3.124999219e-10,2.499999688e-05,3.124999219e-10
6364,4.166666146e-05,5.902776302e-10,4.166666146e-05,5.902776302e-10
6365,2.29166638e-05,3.168401986e-10,2.29166638e-05,3.168401986e-10
6366,3.749999532e-05,5.729165234e-10,3.749999532e-05,5.729165234e-10
6367,1.666666458e-05,6.944442709e-11,1.666666458e-05,6.944442709e-11
6368,4.166666145e-06,1.736110677e-11,4.166666145e-06,1.736110677e-11
6369,0,0,0,0
6370,4.166666145e-06,1.736110677e-11,4.166666145e-06,1.736110677e-11
6371,4.166666146e-05,5.902776302e-10,4.166666146e-05,5.902776302e-10
6372,2.083333073e-05,2.951388151e-10,2.083333073e-05,2.951388151e-10
6373,1.666666459e-05,2.777777083e-10,1.666666459e-05,2.777777083e-10
6374,7.083332448e-05,9.201386588e-10,7.083332448e-05,9.201386588e-10
6375,2.083333073e-05,2.951388151e-10,2.083333073e-05,2.951388151e-10
6376,4.583332761e-05,6.07638737e-10,4.583332761e-05,6.07638737e-10
6377,3.749999532e-05,5.729165234e-10,3.749999532e-05,5.729165234e-10
6378,3.333332917e-05,5.555554166e-10,3.333332917e-05,5.555554166e-10
6379,3.749999532e-05,5.729165234e-10,3.749999532e-05,5.729165234e-10
6380,1.666666459e-05,2.777777083e-10,1.666666459e-05,2.777777083e-10
6381,4.166666146e-05,5.902776302e-10,4.166666146e-05,5.902776302e-10
6382,2.083333073e-05,2.951388151e-10,2.083333073e-05,2.951388151e-10
6383,2.499999688e-05,3.124999219e-10,2.499999688e-05,3.124999219e-10
6384,1.666666459e-05,2.777777083e-10,1.666666459e-05,2.777777083e-10
6385,1.666666459e-05,2.777777083e-10,1.666666459e-05,2.777777083e-10
6386,4.583332761e-05,6.07638737e-10,4.583332761e-05,6.07638737e-10
6387,3.749999532e-05,5.729165234e-10,3.749999532e-05,5.729165234e-10
6388,1.666666458e-05,6.944442709e-11,1.666666458e-05,6.944442709e-11
6389,2.499999688e-05,3.124999219e-10,2.499999688e-05,3.124999219e-10
6390,6.666665834e-05,1.111110833e-09,6.666665834e-05,1.111110833e-09
6391,1.249999844e-05,5.208332032e-11,1.249999844e-05,5.208332032e-11
6392,3.333332917e-05,3.472221354e-10,3.333332917e-05,3.472221354e-10
6393,3.749999532e-05,5.729165234e-10,3.749999532e-05,5.729165234e-10
6394,5.41666599e-05,6.423609505e-10,5.41666599e-05,6.423609505e-10
6395,4.166666146e-05,5.902776302e-10,4.166666146e-05,5.902776302e-10
6396,4.999999375e-05,6.249998437e-10,4.999999375e-05,6.249998437e-10
6397,4.166666145e-06,1.736110677e-11,4.166666145e-06,1.736110677e-11
6398,2.083333073e-05,2.951388151e-10,2.083333073e-05,2.951388151e-10
6399,8.333332291e-06,3.472221354e-11,8.333332291e-06,3.472221354e-11
6400,2.083333073e-05,2.951388151e-10,2.083333073e-05,2.951388151e-10
6401,1.666666458e-05,6.944442709e-11,1.666666458e-05,6.944442709e-11
6402,1.249999844e-05,5.208332032e-11,1.249999844e-05,5.208332032e-11
6403,5.41666599e-05,8.506942317e-10,5.41666599e-05,8.506942317e-10
6404,3.749999532e-05,5.729165234e-10,3.749999532e-05,5.729165234e-10
6405,4.583332761e-05,6.07638737e-10,4.583332761e-05,6.07638737e-10
6406,1.666666459e-05,2.777777083e-10,1.666666459e-05,2.777777083e-10
6407,2.499999688e-05,3.124999219e-10,2.499999688e-05,3.124999219e-10
6408,8.333332291e-06,3.472221354e-11,8.333332291e-06,3.472221354e-11
6409,3.333332917e-05,5.555554166e-10,3.333332917e-05,5.555554166e-10
6410,0,0,0,0
6411,8.333332293e-06,3.472221355e-11,8.333332293e-06,3.472221355e-11
6412,3.749999531e-05,3.645832422e-10,3.749999531e-05,3.645832422e-10
6413,7.083332449e-05,1.12847194e-09,7.083332449e-05,1.12847194e-09
6414,2.499999688e-05,3.124999219e-10,2.499999688e-05,3.124999219e-10
6415,2.499999688e-05,3.124999219e-10,2.499999688e-05,3.124999219e-10
6416,7.499999063e-05,1.145833047e-09,7.499999063e-05,1.145833047e-09
6417,2.499999688e-05,3.124999219e-10,2.499999688e-05,3.124999219e-10
6418,4.583332761e-05,6.07638737e-10,4.583332761e-05,6.07638737e-10
6419,2.083333073e-05,8.680553386e-11,2.083333073e-05,8.680553386e-11
6420,1.666666459e-05,2.777777083e-10,1.666666459e-05,2.777777083e-10
6421,8.33333229e-06,3.472221355e-11,8.33333229e-06,3.472221355e-11
6422,4.166666146e-05,5.902776302e-10,4.166666146e-05,5.902776302e-10
6423,4.166666145e-06,1.736110677e-11,4.166666145e-06,1.736110677e-11
6424,3.749999532e-05,5.729165234e-10,3.749999532e-05,5.729165234e-10
6425,2.499999688e-05,3.124999219e-10,2.499999688e-05,3.124999219e-10
6426,4.166666145e-06,1.736110677e-11,4.166666145e-06,1.736110677e-11
6427,2.499999688e-05,3.124999219e-10,2.499999688e-05,3.124999219e-10
6428,4.583332761e-05,6.07638737e-10,4.583332761e-05,6.07638737e-10
6429,8.333332291e-06,3.472221354e-11,8.333332291e-06,3.472221354e-11
6430,5.416665988e-05,8.506942311e-10,5.416665988e-05,8.506942311e-10
6431,2.499999688e-05,3.124999219e-10,2.499999688e-05,3.124999219e-10
6432,3.749999532e-05,5.729165234e-10,3.749999532e-05,5.729165234e-10
6433,3.333332917e-05,3.472221354e-10,3.333332917e-05,3.472221354e-10
6434,1.666666458e-05,6.944442708e-11,1.666666458e-05,6.944442708e-11
6435,4.166666146e-05,5.902776302e-10,4.166666146e-05,5.902776302e-10
6436,6.249999218e-05,8.854164452e-10,6.249999218e-05,8.854164452e-10
6437,5.416665989e-05,6.423609504e-10,5.416665989e-05,6.423609504e-10
6438,4.166666146e-06,1.736110677e-11,4.166666146e-06,1.736110677e-11
6439,3.055555174e-05,3.433641117e-10,3.055555174e-05,3.433641117e-10
6440,2.083333073e-05,2.951388151e-10,2.083333073e-05,2.951388151e-10
6441,8.333332291e-06,3.472221354e-11,8.333332291e-06,3.472221354e-11
6442,8.333332293e-05,1.388888542e-09,8.333332293e-05,1.388888542e-09
6443,1.666666459e-05,2.777777083e-10,1.666666459e-05,2.777777083e-10
6444,4.583332761e-05,6.07638737e-10,4.583332761e-05,6.07638737e-10
6445,6.249999219e-05,8.854164453e-10,6.249999219e-05,8.854164453e-10
6446,0,0,0,0
6447,2.916666302e-05,3.298610286e-10,2.916666302e-05,3.298610286e-10
6448,5.41666599e-05,8.506942317e-10,5.41666599e-05,8.506942317e-10
6449,1.249999844e-05,5.208332032e-11,1.249999844e-05,5.208332032e-11
6450,2.499999688e-05,3.124999219e-10,2.499999688e-05,3.124999219e-10
6451,0,0,0,0
6452,4.166666146e-05,5.902776302e-10,4.166666146e-05,5.902776302e-10
6453,8.33333229e-06,3.472221355e-11,8.33333229e-06,3.472221355e-11
6454,4.166666146e-06,1.736110677e-11,4.166666146e-06,1.736110677e-11
6455,1.666666459e-05,2.777777083e-10,1.666666459e-05,2.777777083e-10
6456,2.916666302e-05,3.298610286e-10,2.916666302e-05,3.298610286e-10
6457,3.749999532e-05,5.729165234e-10,3.749999532e-05,5.729165234e-10
6458,2.499999688e-05,3.124999219e-10,2.499999688e-05,3.124999219e-10
6459,2.083333073e-05,2.951388151e-10,2.083333073e-05,2.951388151e-10
6460,4.166666146e-05,5.902776302e-10,4.166666146e-05,5.902776302e-10
6461,0,0,0,0
6462,2.083333073e-05,2.951388151e-10,2.083333073e-05,2.951388151e-10
6463,1.666666459e-05,2.777777083e-10,1.666666459e-05,2.777777083e-10
6464,1.666666458e-05,6.944442709e-11,1.666666458e-05,6.944442709e-11
6465,2.083333073e-05,2.951388151e-10,2.083333073e-05,2.951388151e-10
6466,1.249999844e-05,5.208332032e-11,1.249999844e-05,5.208332032e-11
6467,1.666666459e-05,2.777777083e-10,1.666666459e-05,2.777777083e-10
6468,2.499999688e-05,3.124999219e-10,2.499999688e-05,3.124999219e-10
6469,8.333332291e-06,3.472221354e-11,8.333332291e-06,3.472221354e-11
6470,2.499999688e-05,3.124999219e-10,2.499999688e-05,3.124999219e-10
6471,3.333332917e-05,5.555554166e-10,3.333332917e-05,5.555554166e-10
6472,3.749999532e-05,5.729165234e-10,3.749999532e-05,5.729165234e-10
6473,4.166666146e-05,5.902776302e-10,4.166666146e-05,5.902776302e-10
6474,4.166666146e-06,1.736110677e-11,4.166666146e-06,1.736110677e-11
6475,4.166666146e-05,3.81944349e-10,4.166666146e-05,3.81944349e-10
6476,5.833332605e-05,8.680553385e-10,5.833332605e-05,8.680553385e-10
6477,0,0,0,0
6478,8.749998907e-05,1.406249648e-09,8.749998907e-05,1.406249648e-09
6479,1.249999844e-05,5.208332032e-11,1.249999844e-05,5.208332032e-11
6480,3.333332917e-05,5.555554166e-10,3.333332917e-05,5.555554166e-10
6481,0,0,0,0
6482,5.833332605e-05,8.680553385e-10,5.833332605e-05,8.680553385e-10
6483,2.499999688e-05,3.124999219e-10,2.499999688e-05,3.124999219e-10
6484,1.666666459e-05,2.777777083e-10,1.666666459e-05,2.777777083e-10
6485,1.666666458e-05,6.944442709e-11,1.666666458e-05,6.944442709e-11
6486,2.916666302e-05,3.298610286e-10,2.916666302e-05,3.298610286e-10
6487,7.083332449e-05,1.12847194e-09,7.083332449e-05,1.12847194e-09
6488,2.499999688e-05,3.124999219e-10,2.499999688e-05,3.124999219e-10
6489,2.083333073e-05,2.951388151e-10,2.083333073e-05,2.951388151e-10
6490,8.749998907e-05,1.406249648e-09,8.749998907e-05,1.406249648e-09
6491,2.499999688e-05,3.124999219e-10,2.499999688e-05,3.124999219e-10
6492,9.722221005e-06,4.822529658e-11,9.722221005e-06,4.822529658e-11
6493,2.083333073e-05,2.951388151e-10,2.083333073e-05,2.951388151e-10
6494,4.999999376e-05,8.33333125e-10,4.999999376e-05,8.33333125e-10
6495,3.333332917e-05,5.555554166e-10,3.333332917e-05,5.555554166e-10
6496,3.749999532e-05,5.729165234e-10,3.749999532e-05,5.729165234e-10
6497,4.166666146e-05,5.902776302e-10,4.166666146e-05,5.902776302e-10
6498,0,0,0,0
6499,8.333332293e-06,3.472221355e-11,8.333332293e-06,3.472221355e-11
6500,1.666666459e-05,2.777777083e-10,1.666666459e-05,2.777777083e-10
6501,2.916666302e-05,3.298610286e-10,2.916666302e-05,3.298610286e-10
6502,8.33333229e-06,3.472221355e-11,8.33333229e-06,3.472221355e-11
6503,2.083333073e-05,2.951388151e-10,2.083333073e-05,2.951388151e-10
6504,1.666666459e-05,2.777777083e-10,1.666666459e-05,2.777777083e-10
6505,3.333332917e-05,3.819443489e-10,3.333332917e-05,3.819443489e-10
6506,8.33333229e-06,3.472221355e-11,8.33333229e-06,3.472221355e-11
6507,3.749999532e-05,5.729165234e-10,3.749999532e-05,5.729165234e-10
6508,3.333332917e-05,3.472221354e-10,3.333332917e-05,3.472221354e-10
6509,8.333332291e-06,3.472221354e-11,8.333332291e-06,3.472221354e-11
6510,5.41666599e-05,8.506942317e-10,5.41666599e-05,8.506942317e-10
6511,4.166666145e-06,1.736110677e-11,4.166666145e-06,1.736110677e-11
6512,4.166666145e-06,1.736110677e-11,4.166666145e-06,1.736110677e-11
6513,4.166666146e-05,5.902776302e-10,4.166666146e-05,5.902776302e-10
6514,2.499999687e-05,3.124999217e-10,2.499999687e-05,3.124999217e-10
6515,2.083333073e-05,2.951388151e-10,2.083333073e-05,2.951388151e-10
6516,2.499999688e-05,3.124999219e-10,2.499999688e-05,3.124999219e-10
6517,8.33333229e-06,3.472221355e-11,8.33333229e-06,3.472221355e-11
6518,2.083333073e-05,2.951388151e-10,2.083333073e-05,2.951388151e-10
6519,4.166666145e-06,1.736110677e-11,4.166666145e-06,1.736110677e-11
6520,2.499999688e-05,3.124999219e-10,2.499999688e-05,3.124999219e-10
6521,3.333332917e-05,5.555554166e-10,3.333332917e-05,5.555554166e-10
6522,5.41666599e-05,8.506942317e-10,5.41666599e-05,8.506942317e-10
6523,2.499999688e-05,3.124999219e-10,2.499999688e-05,3.124999219e-10
6524,8.33333229e-06,3.472221355e-11,8.33333229e-06,3.472221355e-11
6525,4.166666146e-05,5.902776302e-10,4.166666146e-05,5.902776302e-10
6526,1.666666459e-05,2.777777083e-10,1.666666459e-05,2.777777083e-10
6527,7.083332449e-05,1.12847194e-09,7.083332449e-05,1.12847194e-09
6528,4.166666146e-05,5.902776302e-10,4.166666146e-05,5.902776302e-10
6529,1.249999844e-05,5.208332031e-11,1.249999844e-05,5.208332031e-11
6530,1.666666459e-05,2.777777083e-10,1.666666459e-05,2.777777083e-10
6531,8.020832331e-05,1.172959776e-09,8.020832331e-05,1.172959776e-09
6532,8.33333229e-06,3.472221355e-11,8.33333229e-06,3.472221355e-11
6533,3.333332917e-05,3.472221354e-10,3.333332917e-05,3.472221354e-10
6534,2.499999688e-05,3.124999219e-10,2.499999688e-05,3.124999219e-10
6535,0,0,0,0
6536,1.666666459e-05,2.777777083e-10,1.666666459e-05,2.777777083e-10
6537,2.499999688e-05,3.124999219e-10,2.499999688e-05,3.124999219e-10
6538,4.166666146e-05,5.902776302e-10,4.166666146e-05,5.902776302e-10
6539,2.083333073e-05,2.951388151e-10,2.083333073e-05,2.951388151e-10
6540,3.749999531e-05,3.993054557e-10,3.749999531e-05,3.993054557e-10
6541,4.166666146e-05,5.902776302e-10,4.166666146e-05,5.902776302e-10
6542,0,0,0,0
6543,2.499999688e-05,3.124999219e-10,2.499999688e-05,3.124999219e-10
6544,4.166666146e-06,1.736110677e-11,4.166666146e-06,1.736110677e-11
6545,3.749999532e-05,5.729165234e-10,3.749999532e-05,5.729165234e-10
6546,3.333332917e-05,5.555554166e-10,3.333332917e-05,5.555554166e-10
6547,2.499999688e-05,3.124999219e-10,2.499999688e-05,3.124999219e-10
6548,8.33333229e-06,3.472221355e-11,8.33333229e-06,3.472221355e-11
6549,5.41666599e-05,8.506942317e-10,5.41666599e-05,8.506942317e-10
6550,0,0,0,0
6551,2.499999688e-05,3.124999219e-10,2.499999688e-05,3.124999219e-10
6552,4.166666145e-06,1.736110677e-11,4.166666145e-06,1.736110677e-11
6553,8.333332291e-06,3.472221354e-11,8.333332291e-06,3.472221354e-11
6554,2.083333073e-05,2.951388151e-10,2.083333073e-05,2.951388151e-10
6555,4.166666146e-06,1.736110677e-11,4.166666146e-06,1.736110677e-11
6556,1.666666459e-05,2.777777083e-10,1.666666459e-05,2.777777083e-10
6557,0,0,0,0
6558,2.499999688e-05,3.124999219e-10,2.499999688e-05,3.124999219e-10
6559,0,0,0,0
6560,2.499999688e-05,3.124999219e-10,2.499999688e-05,3.124999219e-10
6561,4.166666146e-05,5.902776302e-10,4.166666146e-05,5.902776302e-10
6562,2.499999688e-05,3.124999219e-10,2.499999688e-05,3.124999219e-10
6563,3.333332917e-05,5.555554166e-10,3.333332917e-05,5.555554166e-10
6564,2.083333073e-05,2.951388151e-10,2.083333073e-05,2.951388151e-10
6565,7.499999062e-05,1.145833047e-09,7.499999062e-05,1.145833047e-09
6566,3.333332917e-05,5.555554166e-10,3.333332917e-05,5.555554166e-10
6567,8.33333229e-06,3.472221355e-11,8.33333229e-06,3.472221355e-11
6568,2.499999688e-05,3.124999219e-10,2.499999688e-05,3.124999219e-10
6569,2.916666302e-05,3.298610286e-10,2.916666302e-05,3.298610286e-10
6570,7.499999063e-05,1.145833047e-09,7.499999063e-05,1.145833047e-09
6571,5.833332605e-05,8.680553385e-10,5.833332605e-05,8.680553385e-10
6572,4.166666145e-06,1.736110677e-11,4.166666145e-06,1.736110677e-11
6573,4.583332761e-05,6.07638737e-10,4.583332761e-05,6.07638737e-10
6574,4.166666146e-06,1.736110677e-11,4.166666146e-06,1.736110677e-11
6575,2.083333073e-05,2.951388151e-10,2.083333073e-05,2.951388151e-10
6576,1.666666459e-05,2.777777083e-10,1.666666459e-05,2.777777083e-10
6577,0,0,0,0
6578,1.249999844e-05,5.208332032e-11,1.249999844e-05,5.208332032e-11
6579,2.083333073e-05,2.951388151e-10,2.083333073e-05,2.951388151e-10
6580,1.249999844e-05,5.208332032e-11,1.249999844e-05,5.208332032e-11
6581,2.499999688e-05,3.124999219e-10,2.499999688e-05,3.124999219e-10
6582,4.166666146e-06,1.736110677e-11,4.166666146e-06,1.736110677e-11
6583,4.166666145e-06,1.736110677e-11,4.166666145e-06,1.736110677e-11
6584,2.083333073e-05,2.951388151e-10,2.083333073e-05,2.951388151e-10
6585,2.499999688e-05,3.124999219e-10,2.499999688e-05,3.124999219e-10
6586,8.333332291e-06,3.472221354e-11,8.333332291e-06,3.472221354e-11
6587,4.583332761e-05,6.07638737e-10,4.583332761e-05,6.07638737e-10
6588,2.083333073e-05,8.680553386e-11,2.083333073e-05,8.680553386e-11
6589,1.249999844e-05,5.208332032e-11,1.249999844e-05,5.208332032e-11
6590,4.166666146e-05,5.902776302e-10,4.166666146e-05,5.902776302e-10
6591,8.33333229e-06,3.472221355e-11,8.33333229e-06,3.472221355e-11
6592,0,0,0,0
6593,1.666666459e-05,2.777777083e-10,1.666666459e-05,2.777777083e-10
6594,2.083333073e-05,2.951388151e-10,2.083333073e-05,2.951388151e-10
6595,2.083333073e-05,2.951388151e-10,2.083333073e-05,2.951388151e-10
6596,5.833332605e-05,8.680553385e-10,5.833332605e-05,8.680553385e-10
6597,3.333332917e-05,5.555554166e-10,3.333332917e-05,5.555554166e-10
6598,3.333332917e-05,5.555554166e-10,3.333332917e-05,5.555554166e-10
6599,8.333332291e-06,3.472221354e-11,8.333332291e-06,3.472221354e-11
6600,8.33333229e-06,3.472221355e-11,8.33333229e-06,3.472221355e-11
6601,3.819443967e-05,3.708525307e-10,3.819443967e-05,3.708525307e-10
6602,4.166666146e-05,5.902776302e-10,4.166666146e-05,5.902776302e-10
6603,8.33333229e-06,3.472221355e-11,8.33333229e-06,3.472221355e-11
6604,2.916666302e-05,3.298610286e-10,2.916666302e-05,3.298610286e-10
6605,3.749999532e-05,5.729165234e-10,3.749999532e-05,5.729165234e-10
6606,1.666666459e-05,2.777777083e-10,1.666666459e-05,2.777777083e-10
6607,8.33333229e-06,3.472221355e-11,8.33333229e-06,3.472221355e-11
6608,2.499999688e-05,3.124999219e-10,2.499999688e-05,3.124999219e-10
6609,2.083333073e-05,2.951388151e-10,2.083333073e-05,2.951388151e-10
6610,8.333332291e-06,3.472221354e-11,8.333332291e-06,3.472221354e-11
6611,4.166666145e-06,1.736110677e-11,4.166666145e-06,1.736110677e-11
6612,1.249999844e-05,5.208332032e-11,1.249999844e-05,5.208332032e-11
6613,0,0,0,0
6614,4.166666146e-05,5.902776302e-10,4.166666146e-05,5.902776302e-10
6615,4.999999376e-05,8.33333125e-10,4.999999376e-05,8.33333125e-10
6616,1.666666459e-05,2.777777083e-10,1.666666459e-05,2.777777083e-10
6617,4.166666145e-06,1.736110677e-11,4.166666145e-06,1.736110677e-11
6618,8.333332291e-06,3.472221354e-11,8.333332291e-06,3.472221354e-11
6619,1.666666459e-05,2.777777083e-10,1.666666459e-05,2.777777083e-10
6620,2.499999688e-05,3.124999219e-10,2.499999688e-05,3.124999219e-10
6621,2.083333073e-05,2.951388151e-10,2.083333073e-05,2.951388151e-10
6622,4.166666146e-05,5.902776302e-10,4.166666146e-05,5.902776302e-10
6623,2.083333073e-05,2.951388151e-10,2.083333073e-05,2.951388151e-10
6624,2.083333073e-05,2.951388151e-10,2.083333073e-05,2.951388151e-10
6625,8.333332291e-06,3.472221354e-11,8.333332291e-06,3.472221354e-11
6626,1.666666459e-05,2.777777083e-10,1.666666459e-05,2.777777083e-10
6627,5.41666599e-05,8.506942317e-10,5.41666599e-05,8.506942317e-10
6628,2.083333073e-05,2.951388151e-10,2.083333073e-05,2.951388151e-10
6629,7.083332448e-05,9.201386588e-10,7.083332448e-05,9.201386588e-10
6630,4.166666145e-06,1.736110677e-11,4.166666145e-06,1.736110677e-11
6631,0,0,0,0
6632,6.249999219e-05,8.854164453e-10,6.249999219e-05,8.854164453e-10
6633,8.33333229e-06,3.472221355e-11,8.33333229e-06,3.472221355e-11
6634,8.33333229e-06,3.472221354e-11,8.33333229e-06,3.472221354e-11
6635,4.166666146e-05,5.902776302e-10,4.166666146e-05,5.902776302e-10
6636,8.33333229e-06,3.472221355e-11,8.33333229e-06,3.472221355e-11
6637,1.874999766e-05,9.114581055e-11,1.874999766e-05,9.114581055e-11
6638,2.083333073e-05,2.951388151e-10,2.083333073e-05,2.951388151e-10
6639,8.33333229e-06,3.472221355e-11,8.33333229e-06,3.472221355e-11
6640,4.166666146e-06,1.736110677e-11,4.166666146e-06,1.736110677e-11
6641,3.749999532e-05,5.729165234e-10,3.749999532e-05,5.729165234e-10
6642,5.41666599e-05,8.506942317e-10,5.41666599e-05,8.506942317e-10
6643,4.166666145e-06,1.736110677e-11,4.166666145e-06,1.736110677e-11
6644,4.166666145e-06,1.736110677e-11,4.166666145e-06,1.736110677e-11
6645,4.166666146e-05,5.902776302e-10,4.166666146e-05,5.902776302e-10
6646,4.999999375e-05,6.249998437e-10,4.999999375e-05,6.249998437e-10
6647,1.666666459e-05,2.777777083e-10,1.666666459e-05,2.777777083e-10
6648,1.666666459e-05,2.777777083e-10,1.666666459e-05,2.777777083e-10
6649,2.916666302e-05,3.298610286e-10,2.916666302e-05,3.298610286e-10
6650,2.083333072e-05,2.951388148e-10,2.083333072e-05,2.951388148e-10
6651,4.166666146e-05,5.902776302e-10,4.166666146e-05,5.902776302e-10
6652,2.499999688e-05,3.124999219e-10,2.499999688e-05,3.124999219e-10
6653,1.666666458e-05,6.944442709e-11,1.666666458e-05,6.944442709e-11
6654,3.333332917e-05,5.555554166e-10,3.333332917e-05,5.555554166e-10
6655,2.083333073e-05,2.951388151e-10,2.083333073e-05,2.951388151e-10
6656,4.166666145e-05,5.902776299e-10,4.166666145e-05,5.902776299e-10
6657,0,0,0,0
6658,4.166666145e-06,1.736110677e-11,4.166666145e-06,1.736110677e-11
6659,3.749999532e-05,5.729165234e-10,3.749999532e-05,5.729165234e-10
6660,4.166666146e-05,5.902776302e-10,4.166666146e-05,5.902776302e-10
6661,4.166666145e-06,1.736110677e-11,4.166666145e-06,1.736110677e-11
6662,7.083332449e-05,1.12847194e-09,7.083332449e-05,1.12847194e-09
6663,2.916666302e-05,3.298610286e-10,2.916666302e-05,3.298610286e-10
6664,2.499999688e-05,3.124999219e-10,2.499999688e-05,3.124999219e-10
6665,1.666666459e-05,2.777777083e-10,1.666666459e-05,2.777777083e-10
6666,5.41666599e-05,1.406249649e-09,5.41666599e-05,1.406249649e-09
6667,5.833332605e-05,8.680553385e-10,5.833332605e-05,8.680553385e-10
6668,5.41666599e-05,8.506942317e-10,5.41666599e-05,8.506942317e-10
6669,1.666666459e-05,2.777777083e-10,1.666666459e-05,2.777777083e-10
6670,5.833332605e-05,8.680553385e-10,5.833332605e-05,8.680553385e-10
6671,9.166665522e-05,1.423610755e-09,9.166665522e-05,1.423610755e-09
6672,3.749999532e-05,5.729165234e-10,3.749999532e-05,5.729165234e-10
6673,4.166666146e-06,1.736110677e-11,4.166666146e-06,1.736110677e-11
6674,4.166666146e-05,5.902776302e-10,4.166666146e-05,5.902776302e-10
6675,6.249999218e-05,8.85416445e-10,6.249999218e-05,8.85416445e-10
6676,2.916666302e-05,3.298610286e-10,2.916666302e-05,3.298610286e-10
6677,5.833332605e-05,8.680553385e-10,5.833332605e-05,8.680553385e-10
6678,3.749999531e-05,3.645832422e-10,3.749999531e-05,3.645832422e-10
6679,3.333332917e-05,5.555554166e-10,3.333332917e-05,5.555554166e-10
6680,2.083333073e-05,2.951388151e-10,2.083333073e-05,2.951388151e-10
6681,2.499999688e-05,3.124999219e-10,2.499999688e-05,3.124999219e-10
6682,2.499999688e-05,3.124999219e-10,2.499999688e-05,3.124999219e-10
6683,2.499999688e-05,3.124999219e-10,2.499999688e-05,3.124999219e-10
6684,1.666666459e-05,2.777777083e-10,1.666666459e-05,2.777777083e-10
6685,7.499999063e-05,1.145833047e-09,7.499999063e-05,1.145833047e-09
6686,2.916666302e-05,3.298610286e-10,2.916666302e-05,3.298610286e-10
6687,2.916666302e-05,3.298610286e-10,2.916666302e-05,3.298610286e-10
6688,4.166666146e-06,1.736110677e-11,4.166666146e-06,1.736110677e-11
6689,8.33333229e-06,3.472221355e-11,8.33333229e-06,3.472221355e-11
6690,4.583332761e-05,6.07638737e-10,4.583332761e-05,6.07638737e-10
6691,8.333332291e-06,3.472221354e-11,8.333332291e-06,3.472221354e-11
6692,3.749999532e-05,5.729165234e-10,3.749999532e-05,5.729165234e-10
6693,2.916666302e-05,3.298610286e-10,2.916666302e-05,3.298610286e-10
6694,4.166666146e-05,5.902776302e-10,4.166666146e-05,5.902776302e-10
6695,2.499999688e-05,3.124999219e-10,2.499999688e-05,3.124999219e-10
6696,2.083333073e-05,2.951388151e-10,2.083333073e-05,2.951388151e-10
6697,2.499999688e-05,3.124999219e-10,2.499999688e-05,3.124999219e-10
6698,3.749999532e-05,5.729165234e-10,3.749999532e-05,5.729165234e-10
6699,1.666666459e-05,2.777777083e-10,1.666666459e-05,2.777777083e-10
6700,4.166666146e-06,1.736110677e-11,4.166666146e-06,1.736110677e-11
6701,5.41666599e-05,8.506942317e-10,5.41666599e-05,8.506942317e-10
6702,2.499999688e-05,3.124999219e-10,2.499999688e-05,3.124999219e-10
6703,2.083333073e-05,2.951388151e-10,2.083333073e-05,2.951388151e-10
6704,6.666665834e-05,1.111110833e-09,6.666665834e-05,1.111110833e-09
6705,2.916666302e-05,3.298610286e-10,2.916666302e-05,3.298610286e-10
6706,7.499999063e-05,1.145833047e-09,7.499999063e-05,1.145833047e-09
6707,2.499999688e-05,3.124999219e-10,2.499999688e-05,3.124999219e-10
6708,0,0,0,0
6709,2.499999688e-05,3.124999219e-10,2.499999688e-05,3.124999219e-10
6710,1.666666459e-05,2.777777083e-10,1.666666459e-05,2.777777083e-10
6711,0,0,0,0
6712,2.083333073e-05,2.951388151e-10,2.083333073e-05,2.951388151e-10
6713,5.833332605e-05,8.680553384e-10,5.833332605e-05,8.680553384e-10
6714,2.083333073e-05,2.951388151e-10,2.083333073e-05,2.951388151e-10
6715,2.083333073e-05,2.951388151e-10,2.083333073e-05,2.951388151e-10
6716,1.666666458e-05,6.944442708e-11,1.666666458e-05,6.944442708e-11
6717,4.999999376e-05,8.33333125e-10,4.999999376e-05,8.33333125e-10
6718,0,0,0,0
6719,1.249999844e-05,5.208332031e-11,1.249999844e-05,5.208332031e-11
6720,8.33333229e-06,3.472221355e-11,8.33333229e-06,3.472221355e-11
6721,4.583332761e-05,6.07638737e-10,4.583332761e-05,6.07638737e-10
6722,2.499999688e-05,3.124999219e-10,2.499999688e-05,3.124999219e-10
6723,6.249999219e-05,8.854164453e-10,6.249999219e-05,8.854164453e-10
6724,2.083333073e-05,2.951388151e-10,2.083333073e-05,2.951388151e-10
6725,2.083333073e-05,2.951388151e-10,2.083333073e-05,2.951388151e-10
6726,3.333332917e-05,5.555554166e-10,3.333332917e-05,5.555554166e-10
6727,2.499999688e-05,3.124999219e-10,2.499999688e-05,3.124999219e-10
6728,4.166666145e-06,1.736110677e-11,4.166666145e-06,1.736110677e-11
6729,4.166666145e-06,1.736110677e-11,4.166666145e-06,1.736110677e-11
6730,3.333332917e-05,5.555554166e-10,3.333332917e-05,5.555554166e-10
6731,4.166666146e-05,5.902776302e-10,4.166666146e-05,5.902776302e-10
6732,8.333332293e-06,3.472221355e-11,8.333332293e-06,3.472221355e-11
6733,3.749999532e-05,3.645832422e-10,3.749999532e-05,3.645832422e-10
6734,2.916666302e-05,3.298610286e-10,2.916666302e-05,3.298610286e-10
6735,1.666666459e-05,2.777777083e-10,1.666666459e-05,2.777777083e-10
6736,0,0,0,0
6737,1.249999844e-05,5.208332031e-11,1.249999844e-05,5.208332031e-11
6738,2.916666302e-05,3.298610286e-10,2.916666302e-05,3.298610286e-10
6739,4.166666146e-06,1.736110677e-11,4.166666146e-06,1.736110677e-11
6740,0,0,0,0
6741,3.333332917e-05,5.555554166e-10,3.333332917e-05,5.555554166e-10
6742,8.33333229e-06,3.472221355e-11,8.33333229e-06,3.472221355e-11
6743,3.749999531e-05,3.645832422e-10,3.749999531e-05,3.645832422e-10
6744,2.499999688e-05,3.124999219e-10,2.499999688e-05,3.124999219e-10
6745,3.333332917e-05,3.472221354e-10,3.333332917e-05,3.472221354e-10
6746,3.333332917e-05,5.555554166e-10,3.333332917e-05,5.555554166e-10
6747,2.499999688e-05,3.124999219e-10,2.499999688e-05,3.124999219e-10
6748,1.249999843e-05,5.208332032e-11,1.249999843e-05,5.208332032e-11
6749,1.666666459e-05,2.777777083e-10,1.666666459e-05,2.777777083e-10
6750,1.666666459e-05,2.777777083e-10,1.666666459e-05,2.777777083e-10
6751,2.499999688e-05,3.124999219e-10,2.499999688e-05,3.124999219e-10
6752,4.166666146e-05,1.145833047e-09,4.166666146e-05,1.145833047e-09
6753,4.166666146e-06,1.736110677e-11,4.166666146e-06,1.736110677e-11
6754,0,0,0,0
6755,4.166666145e-06,1.736110677e-11,4.166666145e-06,1.736110677e-11
6756,1.666666459e-05,2.777777083e-10,1.666666459e-05,2.777777083e-10
6757,0,0,0,0
6758,3.749999532e-05,5.729165234e-10,3.749999532e-05,5.729165234e-10
6759,6.666665834e-05,1.111110833e-09,6.666665834e-05,1.111110833e-09
6760,4.999999376e-05,8.33333125e-10,4.999999376e-05,8.33333125e-10
6761,2.083333073e-05,2.951388151e-10,2.083333073e-05,2.951388151e-10
6762,5.41666599e-05,8.506942317e-10,5.41666599e-05,8.506942317e-10
6763,1.249999844e-05,5.208332032e-11,1.249999844e-05,5.208332032e-11
6764,3.333332917e-05,5.555554166e-10,3.333332917e-05,5.555554166e-10
6765,7.916665678e-05,1.163194154e-09,7.916665678e-05,1.163194154e-09
6766,0,0,0,0
6767,4.583332761e-05,6.423609505e-10,4.583332761e-05,6.423609505e-10
6768,3.749999532e-05,5.729165234e-10,3.749999532e-05,5.729165234e-10
6769,3.749999532e-05,5.729165234e-10,3.749999532e-05,5.729165234e-10
6770,2.083333073e-05,8.680553387e-11,2.083333073e-05,8.680553387e-11
6771,2.083333073e-05,2.951388151e-10,2.083333073e-05,2.951388151e-10
6772,2.083333073e-05,2.951388151e-10,2.083333073e-05,2.951388151e-10
6773,1.666666459e-05,2.777777083e-10,1.666666459e-05,2.777777083e-10
6774,2.083333073e-05,2.951388151e-10,2.083333073e-05,2.951388151e-10
6775,2.916666302e-05,3.298610286e-10,2.916666302e-05,3.298610286e-10
6776,4.166666145e-06,1.736110677e-11,4.166666145e-06,1.736110677e-11
6777,2.499999688e-05,3.124999219e-10,2.499999688e-05,3.124999219e-10
6778,1.666666459e-05,2.777777083e-10,1.666666459e-05,2.777777083e-10
6779,4.999999376e-05,8.33333125e-10,4.999999376e-05,8.33333125e-10
6780,4.166666146e-06,1.736110677e-11,4.166666146e-06,1.736110677e-11
6781,1.666666459e-05,2.777777083e-10,1.666666459e-05,2.777777083e-10
6782,4.166666146e-05,5.902776302e-10,4.166666146e-05,5.902776302e-10
6783,8.333332291e-06,3.472221354e-11,8.333332291e-06,3.472221354e-11
6784,3.749999532e-05,5.729165234e-10,3.749999532e-05,5.729165234e-10
6785,5.833332605e-05,8.680553385e-10,5.833332605e-05,8.680553385e-10
6786,4.166666146e-05,5.902776302e-10,4.166666146e-05,5.902776302e-10
6787,5.833332605e-05,8.680553385e-10,5.833332605e-05,8.680553385e-10
6788,4.166666146e-06,1.736110677e-11,4.166666146e-06,1.736110677e-11
6789,2.499999688e-05,3.124999219e-10,2.499999688e-05,3.124999219e-10
6790,4.166666146e-06,1.736110677e-11,4.166666146e-06,1.736110677e-11
6791,1.666666458e-05,6.944442709e-11,1.666666458e-05,6.944442709e-11
6792,0,0,0,0
6793,5.833332605e-05,8.680553385e-10,5.833332605e-05,8.680553385e-10
6794,4.999999375e-05,6.597220573e-10,4.999999375e-05,6.597220573e-10
6795,0,0,0,0
6796,3.749999531e-05,3.645832422e-10,3.749999531e-05,3.645832422e-10
6797,4.166666146e-05,5.902776302e-10,4.166666146e-05,5.902776302e-10
6798,2.083333073e-05,2.951388151e-10,2.083333073e-05,2.951388151e-10
6799,3.749999532e-05,5.729165234e-10,3.749999532e-05,5.729165234e-10
6800,4.166666145e-06,1.736110677e-11,4.166666145e-06,1.736110677e-11
6801,0,0,0,0
6802,4.999999376e-05,8.33333125e-10,4.999999376e-05,8.33333125e-10
6803,4.166666146e-05,5.902776302e-10,4.166666146e-05,5.902776302e-10
6804,5.833332605e-05,1.423610755e-09,5.833332605e-05,1.423610755e-09
6805,7.499999063e-05,1.145833047e-09,7.499999063e-05,1.145833047e-09
6806,0,0,0,0
6807,4.166666146e-06,1.736110677e-11,4.166666146e-06,1.736110677e-11
6808,8.333332291e-06,3.472221354e-11,8.333332291e-06,3.472221354e-11
6809,1.666666459e-05,2.777777083e-10,1.666666459e-05,2.777777083e-10
6810,5.41666599e-05,8.506942317e-10,5.41666599e-05,8.506942317e-10
6811,9.166665522e-05,1.423610755e-09,9.166665522e-05,1.423610755e-09
6812,2.083333073e-05,2.951388151e-10,2.083333073e-05,2.951388151e-10
6813,2.499999688e-05,3.124999219e-10,2.499999688e-05,3.124999219e-10
6814,2.499999688e-05,3.124999219e-10,2.499999688e-05,3.124999219e-10
6815,1.666666459e-05,2.777777083e-10,1.666666459e-05,2.777777083e-10
6816,2.499999687e-05,3.124999218e-10,2.499999687e-05,3.124999218e-10
6817,1.666666459e-05,2.777777083e-10,1.666666459e-05,2.777777083e-10
6818,3.333332917e-05,5.555554166e-10,3.333332917e-05,5.555554166e-10
6819,4.166666146e-05,5.902776302e-10,4.166666146e-05,5.902776302e-10
6820,4.166666145e-06,1.736110677e-11,4.166666145e-06,1.736110677e-11
6821,6.666665834e-05,1.111110833e-09,6.666665834e-05,1.111110833e-09
6822,4.583332761e-05,6.07638737e-10,4.583332761e-05,6.07638737e-10
6823,0,0,0,0
6824,3.333332917e-05,5.555554166e-10,3.333332917e-05,5.555554166e-10
6825,2.499999688e-05,3.124999219e-10,2.499999688e-05,3.124999219e-10
6826,2.083333073e-05,2.951388151e-10,2.083333073e-05,2.951388151e-10
6827,3.749999532e-05,5.729165234e-10,3.749999532e-05,5.729165234e-10
6828,3.749999532e-05,5.729165234e-10,3.749999532e-05,5.729165234e-10
6829,0,0,0,0
6830,2.916666302e-05,3.298610286e-10,2.916666302e-05,3.298610286e-10
6831,6.249999219e-05,8.854164453e-10,6.249999219e-05,8.854164453e-10
6832,4.583332761e-05,6.07638737e-10,4.583332761e-05,6.07638737e-10
6833,0,0,0,0
6834,8.333332293e-06,3.472221355e-11,8.333332293e-06,3.472221355e-11
6835,0,0,0,0
6836,8.333332291e-06,3.472221354e-11,8.333332291e-06,3.472221354e-11
6837,5.833332605e-05,8.680553385e-10,5.833332605e-05,8.680553385e-10
6838,4.166666146e-06,1.736110677e-11,4.166666146e-06,1.736110677e-11
6839,2.083333073e-05,2.951388151e-10,2.083333073e-05,2.951388151e-10
6840,0,0,0,0
6841,3.333332917e-05,5.555554166e-10,3.333332917e-05,5.555554166e-10
6842,2.499999688e-05,3.124999219e-10,2.499999688e-05,3.124999219e-10
6843,2.499999688e-05,3.124999219e-10,2.499999688e-05,3.124999219e-10
6844,3.749999531e-05,3.645832422e-10,3.749999531e-05,3.645832422e-10
6845,3.749999532e-05,5.729165234e-10,3.749999532e-05,5.729165234e-10
6846,1.666666459e-05,2.777777083e-10,1.666666459e-05,2.777777083e-10
6847,1.249999844e-05,5.208332031e-11,1.249999844e-05,5.208332031e-11
6848,2.499999688e-05,3.124999219e-10,2.499999688e-05,3.124999219e-10
6849,4.583332761e-05,6.07638737e-10,4.583332761e-05,6.07638737e-10
6850,2.499999688e-05,3.124999219e-10,2.499999688e-05,3.124999219e-10
6851,2.083333073e-05,2.951388151e-10,2.083333073e-05,2.951388151e-10
6852,4.166666146e-05,5.902776302e-10,4.166666146e-05,5.902776302e-10
6853,7.499999063e-05,1.145833047e-09,7.499999063e-05,1.145833047e-09
6854,5.41666599e-05,6.423609505e-10,5.41666599e-05,6.423609505e-10
6855,2.083333073e-05,2.951388151e-10,2.083333073e-05,2.951388151e-10
6856,2.499999688e-05,3.124999219e-10,2.499999688e-05,3.124999219e-10
6857,4.166666145e-06,1.736110677e-11,4.166666145e-06,1.736110677e-11
6858,2.083333073e-05,2.951388151e-10,2.083333073e-05,2.951388151e-10
6859,4.166666146e-05,5.902776302e-10,4.166666146e-05,5.902776302e-10
6860,2.083333073e-05,2.951388151e-10,2.083333073e-05,2.951388151e-10
6861,1.249999844e-05,5.208332031e-11,1.249999844e-05,5.208332031e-11
6862,5.416665989e-05,8.506942314e-10,5.416665989e-05,8.506942314e-10
6863,4.583332761e-05,6.07638737e-10,4.583332761e-05,6.07638737e-10
6864,3.333332914e-05,1.111110832e-09,3.333332914e-05,1.111110832e-09
6865,3.749999532e-05,5.729165234e-10,3.749999532e-05,5.729165234e-10
6866,1.249999844e-05,5.208332031e-11,1.249999844e-05,5.208332031e-11
6867,2.916666302e-05,3.298610286e-10,2.916666302e-05,3.298610286e-10
6868,3.749999532e-05,5.729165234e-10,3.749999532e-05,5.729165234e-10
6869,1.249999844e-05,5.208332032e-11,1.249999844e-05,5.208332032e-11
6870,3.749999532e-05,5.729165234e-10,3.749999532e-05,5.729165234e-10
6871,3.333332917e-05,3.472221354e-10,3.333332917e-05,3.472221354e-10
6872,5.41666599e-05,8.506942317e-10,5.41666599e-05,8.506942317e-10
6873,1.249999844e-05,5.208332032e-11,1.249999844e-05,5.208332032e-11
6874,4.999999375e-05,6.249998437e-10,4.999999375e-05,6.249998437e-10
6875,6.666665834e-05,1.111110833e-09,6.666665834e-05,1.111110833e-09
6876,3.333332917e-05,5.555554166e-10,3.333332917e-05,5.555554166e-10
6877,2.499999688e-05,3.124999219e-10,2.499999688e-05,3.124999219e-10
6878,1.666666459e-05,2.777777083e-10,1.666666459e-05,2.777777083e-10
6879,2.083333073e-05,2.951388151e-10,2.083333073e-05,2.951388151e-10
6880,4.583332761e-05,6.07638737e-10,4.583332761e-05,6.07638737e-10
6881,7.083332449e-05,1.12847194e-09,7.083332449e-05,1.12847194e-09
6882,3.333332917e-05,3.472221354e-10,3.333332917e-05,3.472221354e-10
6883,2.083333073e-05,2.951388151e-10,2.083333073e-05,2.951388151e-10
6884,5.41666599e-05,8.506942317e-10,5.41666599e-05,8.506942317e-10
6885,4.166666145e-06,1.736110677e-11,4.166666145e-06,1.736110677e-11
6886,2.083333073e-05,2.951388151e-10,2.083333073e-05,2.951388151e-10
6887,0,0,0,0
6888,3.749999532e-05,5.729165234e-10,3.749999532e-05,5.729165234e-10
6889,3.333332917e-05,5.555554166e-10,3.333332917e-05,5.555554166e-10
6890,3.749999532e-05,3.645832422e-10,3.749999532e-05,3.645832422e-10
6891,4.236110582e-05,5.965469187e-10,4.236110582e-05,5.965469187e-10
6892,6.666665834e-05,9.02777552e-10,6.666665834e-05,9.02777552e-10
6893,2.499999688e-05,3.124999219e-10,2.499999688e-05,3.124999219e-10
6894,4.166666146e-05,5.902776302e-10,4.166666146e-05,5.902776302e-10
6895,0,0,0,0
6896,2.083333073e-05,2.951388151e-10,2.083333073e-05,2.951388151e-10
6897,1.666666459e-05,2.777777083e-10,1.666666459e-05,2.777777083e-10
6898,4.166666146e-05,5.902776302e-10,4.166666146e-05,5.902776302e-10
6899,3.749999532e-05,5.729165234e-10,3.749999532e-05,5.729165234e-10
6900,4.166666145e-06,1.736110677e-11,4.166666145e-06,1.736110677e-11
6901,6.666665834e-05,1.111110833e-09,6.666665834e-05,1.111110833e-09
6902,7.083332449e-05,1.12847194e-09,7.083332449e-05,1.12847194e-09
6903,4.166666145e-06,1.736110677e-11,4.166666145e-06,1.736110677e-11
6904,2.083333073e-05,2.951388151e-10,2.083333073e-05,2.951388151e-10
6905,2.083333073e-05,2.951388151e-10,2.083333073e-05,2.951388151e-10
6906,7.083332449e-05,1.12847194e-09,7.083332449e-05,1.12847194e-09
6907,2.083333073e-05,2.951388151e-10,2.083333073e-05,2.951388151e-10
6908,2.083333073e-05,2.951388151e-10,2.083333073e-05,2.951388151e-10
6909,1.666666458e-05,6.944442708e-11,1.666666458e-05,6.944442708e-11
6910,4.166666145e-06,1.736110677e-11,4.166666145e-06,1.736110677e-11
6911,4.166666145e-06,1.736110677e-11,4.166666145e-06,1.736110677e-11
6912,5.833332605e-05,8.680553385e-10,5.833332605e-05,8.680553385e-10
6913,0,0,0,0
6914,4.583332761e-05,6.07638737e-10,4.583332761e-05,6.07638737e-10
6915,2.499999688e-05,3.124999219e-10,2.499999688e-05,3.124999219e-10
6916,8.33333229e-06,3.472221355e-11,8.33333229e-06,3.472221355e-11
6917,0,0,0,0
6918,4.166666145e-05,5.902776302e-10,4.166666145e-05,5.902776302e-10
6919,0,0,0,0
6920,4.166666145e-05,3.81944349e-10,4.166666145e-05,3.81944349e-10
6921,4.166666146e-06,1.736110677e-11,4.166666146e-06,1.736110677e-11
6922,2.499999688e-05,3.124999219e-10,2.499999688e-05,3.124999219e-10
6923,7.499999062e-05,1.145833047e-09,7.499999062e-05,1.145833047e-09
6924,1.041666536e-05,5.642359701e-11,1.041666536e-05,5.642359701e-11
6925,3.749999532e-05,5.729165234e-10,3.749999532e-05,5.729165234e-10
6926,4.166666146e-06,1.736110677e-11,4.166666146e-06,1.736110677e-11
6927,7.083332449e-05,1.12847194e-09,7.083332449e-05,1.12847194e-09
6928,3.333332917e-05,5.555554166e-10,3.333332917e-05,5.555554166e-10
6929,4.166666146e-05,5.902776302e-10,4.166666146e-05,5.902776302e-10
6930,3.333332917e-05,3.472221354e-10,3.333332917e-05,3.472221354e-10
6931,2.499999688e-05,3.124999219e-10,2.499999688e-05,3.124999219e-10
6932,3.749999532e-05,5.729165234e-10,3.749999532e-05,5.729165234e-10
6933,2.499999688e-05,3.124999219e-10,2.499999688e-05,3.124999219e-10
6934,4.166666145e-06,1.736110677e-11,4.166666145e-06,1.736110677e-11
6935,2.083333073e-05,2.951388151e-10,2.083333073e-05,2.951388151e-10
6936,4.583332761e-05,6.07638737e-10,4.583332761e-05,6.07638737e-10
6937,8.33333229e-06,3.472221355e-11,8.33333229e-06,3.472221355e-11
6938,2.083333073e-05,2.951388151e-10,2.083333073e-05,2.951388151e-10
6939,2.083333073e-05,2.951388151e-10,2.083333073e-05,2.951388151e-10
6940,7.499999063e-05,1.145833047e-09,7.499999063e-05,1.145833047e-09
6941,0,0,0,0
6942,2.499999688e-05,3.124999219e-10,2.499999688e-05,3.124999219e-10
6943,5.41666599e-05,8.506942317e-10,5.41666599e-05,8.506942317e-10
6944,4.166666146e-05,5.902776302e-10,4.166666146e-05,5.902776302e-10
6945,3.333332917e-05,5.555554166e-10,3.333332917e-05,5.555554166e-10
6946,5.833332605e-05,8.680553385e-10,5.833332605e-05,8.680553385e-10
6947,3.333332917e-05,3.472221354e-10,3.333332917e-05,3.472221354e-10
6948,2.083333073e-05,2.951388151e-10,2.083333073e-05,2.951388151e-10
6949,4.166666146e-06,1.736110677e-11,4.166666146e-06,1.736110677e-11
6950,8.333332291e-06,3.472221354e-11,8.333332291e-06,3.472221354e-11
6951,2.499999688e-05,3.124999219e-10,2.499999688e-05,3.124999219e-10
6952,2.083333073e-05,2.951388151e-10,2.083333073e-05,2.951388151e-10
6953,1.666666459e-05,2.777777083e-10,1.666666459e-05,2.777777083e-10
6954,5.41666599e-05,8.506942317e-10,5.41666599e-05,8.506942317e-10
6955,1.666666459e-05,2.777777083e-10,1.666666459e-05,2.777777083e-10
6956,5.41666599e-05,8.506942317e-10,5.41666599e-05,8.506942317e-10
6957,1.249999843e-05,5.208332027e-11,1.249999843e-05,5.208332027e-11
6958,4.166666146e-05,5.902776302e-10,4.166666146e-05,5.902776302e-10
6959,7.499999063e-05,1.145833047e-09,7.499999063e-05,1.145833047e-09
6960,0,0,0,0
6961,1.249999843e-05,5.208332032e-11,1.249999843e-05,5.208332032e-11
6962,2.499999688e-05,3.124999219e-10,2.499999688e-05,3.124999219e-10
6963,2.083333073e-05,2.951388151e-10,2.083333073e-05,2.951388151e-10
6964,1.666666459e-05,2.777777083e-10,1.666666459e-05,2.777777083e-10
6965,4.999999376e-05,8.33333125e-10,4.999999376e-05,8.33333125e-10
6966,4.166666146e-05,5.902776302e-10,4.166666146e-05,5.902776302e-10
6967,7.083332449e-05,1.12847194e-09,7.083332449e-05,1.12847194e-09
6968,3.333332917e-05,5.555554166e-10,3.333332917e-05,5.555554166e-10
6969,2.499999687e-05,3.124999218e-10,2.499999687e-05,3.124999218e-10
6970,0,0,0,0
6971,5.41666599e-05,8.506942317e-10,5.41666599e-05,8.506942317e-10
6972,3.749999532e-05,5.729165234e-10,3.749999532e-05,5.729165234e-10
6973,4.166666145e-06,1.736110677e-11,4.166666145e-06,1.736110677e-11
6974,1.666666459e-05,2.777777083e-10,1.666666459e-05,2.777777083e-10
6975,4.166666146e-06,1.736110677e-11,4.166666146e-06,1.736110677e-11
6976,3.333332917e-05,5.555554166e-10,3.333332917e-05,5.555554166e-10
6977,0,0,0,0
6978,4.999999375e-05,6.249998437e-10,4.999999375e-05,6.249998437e-10
6979,2.083333073e-05,2.951388151e-10,2.083333073e-05,2.951388151e-10
6980,2.083333073e-05,2.951388151e-10,2.083333073e-05,2.951388151e-10
6981,3.333332916e-05,5.555554166e-10,3.333332916e-05,5.555554166e-10
6982,2.083333073e-05,2.951388151e-10,2.083333073e-05,2.951388151e-10
6983,3.749999532e-05,5.729165234e-10,3.749999532e-05,5.729165234e-10
6984,4.166666146e-05,5.902776302e-10,4.166666146e-05,5.902776302e-10
6985,3.333332917e-05,3.472221354e-10,3.333332917e-05,3.472221354e-10
6986,0.0001124999859,1.718749569e-09,0.0001124999859,1.718749569e-09
6987,8.33333229e-06,3.472221355e-11,8.33333229e-06,3.472221355e-11
6988,3.749999532e-05,5.729165234e-10,3.749999532e-05,5.729165234e-10
6989,2.083333073e-05,2.951388151e-10,2.083333073e-05,2.951388151e-10
6990,3.749999532e-05,5.729165234e-10,3.749999532e-05,5.729165234e-10
6991,2.499999688e-05,3.124999219e-10,2.499999688e-05,3.124999219e-10
6992,4.166666146e-05,5.902776302e-10,4.166666146e-05,5.902776302e-10
6993,4.166666145e-06,1.736110677e-11,4.166666145e-06,1.736110677e-11
6994,2.083333073e-05,2.951388151e-10,2.083333073e-05,2.951388151e-10
6995,4.166666146e-05,5.902776302e-10,4.166666146e-05,5.902776302e-10
6996,1.666666459e-05,2.777777083e-10,1.666666459e-05,2.777777083e-10
6997,2.916666302e-05,3.298610286e-10,2.916666302e-05,3.298610286e-10
6998,1.666666458e-05,6.944442709e-11,1.666666458e-05,6.944442709e-11
6999,3.749999532e-05,5.729165234e-10,3.749999532e-05,5.729165234e-10
7000,3.749999532e-05,5.729165234e-10,3.749999532e-05,5.729165234e-10
7001,3.749999532e-05,5.729165234e-10,3.749999532e-05,5.729165234e-10
7002,1.249999844e-05,5.208332032e-11,1.249999844e-05,5.208332032e-11
7003,8.33333229e-06,3.472221355e-11,8.33333229e-06,3.472221355e-11
7004,4.166666146e-06,1.736110677e-11,4.166666146e-06,1.736110677e-11
7005,2.083333073e-05,2.951388151e-10,2.083333073e-05,2.951388151e-10
7006,4.583332761e-05,6.07638737e-10,4.583332761e-05,6.07638737e-10
7007,4.999999376e-05,8.33333125e-10,4.999999376e-05,8.33333125e-10
7008,1.666666459e-05,2.777777083e-10,1.666666459e-05,2.777777083e-10
7009,1.666666458e-05,6.944442709e-11,1.666666458e-05,6.944442709e-11
7010,4.166666146e-05,5.902776302e-10,4.166666146e-05,5.902776302e-10
7011,4.166666146e-06,1.736110677e-11,4.166666146e-06,1.736110677e-11
7012,1.666666458e-05,6.944442708e-11,1.666666458e-05,6.944442708e-11
7013,5.833332605e-05,8.680553385e-10,5.833332605e-05,8.680553385e-10
7014,1.249999844e-05,5.208332032e-11,1.249999844e-05,5.208332032e-11
7015,5.41666599e-05,8.506942317e-10,5.41666599e-05,8.506942317e-10
7016,2.499999688e-05,3.124999219e-10,2.499999688e-05,3.124999219e-10
7017,4.166666145e-06,1.736110677e-11,4.166666145e-06,1.736110677e-11
7018,4.166666146e-05,5.902776302e-10,4.166666146e-05,5.902776302e-10
7019,4.166666145e-06,1.736110677e-11,4.166666145e-06,1.736110677e-11
7020,2.29166638e-05,3.168401986e-10,2.29166638e-05,3.168401986e-10
7021,3.333332917e-05,5.555554166e-10,3.333332917e-05,5.555554166e-10
7022,3.333332917e-05,3.472221354e-10,3.333332917e-05,3.472221354e-10
7023,4.166666146e-06,1.736110677e-11,4.166666146e-06,1.736110677e-11
7024,2.499999688e-05,3.124999219e-10,2.499999688e-05,3.124999219e-10
7025,4.166666146e-05,5.902776302e-10,4.166666146e-05,5.902776302e-10
7026,3.749999532e-05,5.729165234e-10,3.749999532e-05,5.729165234e-10
7027,3.333332917e-05,5.555554166e-10,3.333332917e-05,5.555554166e-10
7028,5.833332605e-05,8.680553385e-10,5.833332605e-05,8.680553385e-10
7029,2.083333073e-05,2.95138815e-10,2.083333073e-05,2.95138815e-10
7030,3.749999532e-05,5.729165234e-10,3.749999532e-05,5.729165234e-10
7031,4.166666145e-06,1.736110677e-11,4.166666145e-06,1.736110677e-11
7032,4.583332761e-05,6.07638737e-10,4.583332761e-05,6.07638737e-10
7033,1.666666459e-05,2.777777083e-10,1.666666459e-05,2.777777083e-10
7034,8.333332291e-06,3.472221354e-11,8.333332291e-06,3.472221354e-11
7035,4.166666146e-05,5.902776302e-10,4.166666146e-05,5.902776302e-10
7036,1.666666458e-05,6.944442707e-11,1.666666458e-05,6.944442707e-11
7037,8.333332293e-06,3.472221355e-11,8.333332293e-06,3.472221355e-11
7038,4.166666146e-05,5.902776302e-10,4.166666146e-05,5.902776302e-10
7039,2.916666302e-05,3.298610286e-10,2.916666302e-05,3.298610286e-10
7040,4.166666145e-06,1.736110677e-11,4.166666145e-06,1.736110677e-11
7041,3.124999609e-05,3.515624121e-10,3.124999609e-05,3.515624121e-10
7042,3.749999531e-05,3.645832422e-10,3.749999531e-05,3.645832422e-10
7043,8.333332293e-06,3.472221355e-11,8.333332293e-06,3.472221355e-11
7044,4.166666146e-05,5.902776302e-10,4.166666146e-05,5.902776302e-10
7045,2.499999688e-05,3.124999219e-10,2.499999688e-05,3.124999219e-10
7046,3.333332917e-05,3.472221354e-10,3.333332917e-05,3.472221354e-10
7047,4.166666145e-06,1.736110677e-11,4.166666145e-06,1.736110677e-11
7048,1.666666459e-05,2.777777083e-10,1.666666459e-05,2.777777083e-10
7049,1.249999844e-05,5.208332032e-11,1.249999844e-05,5.208332032e-11
7050,6.249999218e-05,8.854164453e-10,6.249999218e-05,8.854164453e-10
7051,5.833332605e-05,8.680553385e-10,5.833332605e-05,8.680553385e-10
7052,2.083333073e-05,8.680553385e-11,2.083333073e-05,8.680553385e-11
7053,1.666666459e-05,2.777777083e-10,1.666666459e-05,2.777777083e-10
7054,5.833332605e-05,8.680553385e-10,5.833332605e-05,8.680553385e-10
7055,3.333332917e-05,5.555554166e-10,3.333332917e-05,5.555554166e-10
7056,2.499999688e-05,3.124999219e-10,2.499999688e-05,3.124999219e-10
7057,4.999999376e-05,8.33333125e-10,4.999999376e-05,8.33333125e-10
7058,1.249999844e-05,5.208332032e-11,1.249999844e-05,5.208332032e-11
7059,3.333332917e-05,5.555554166e-10,3.333332917e-05,5.555554166e-10
7060,4.166666146e-06,1.736110677e-11,4.166666146e-06,1.736110677e-11
7061,2.916666302e-05,3.298610286e-10,2.916666302e-05,3.298610286e-10
7062,5.833332605e-05,8.680553385e-10,5.833332605e-05,8.680553385e-10
7063,3.333332916e-05,3.472221354e-10,3.333332916e-05,3.472221354e-10
7064,0,0,0,0
7065,2.499999688e-05,3.124999219e-10,2.499999688e-05,3.124999219e-10
7066,8.33333229e-06,3.472221355e-11,8.33333229e-06,3.472221355e-11
7067,2.083333073e-05,8.680553386e-11,2.083333073e-05,8.680553386e-11
7068,3.749999532e-05,5.729165234e-10,3.749999532e-05,5.729165234e-10
7069,5.41666599e-05,8.506942317e-10,5.41666599e-05,8.506942317e-10
7070,0,0,0,0
7071,2.499999688e-05,3.124999219e-10,2.499999688e-05,3.124999219e-10
7072,4.999999375e-05,6.249998437e-10,4.999999375e-05,6.249998437e-10
7073,4.166666145e-06,1.736110677e-11,4.166666145e-06,1.736110677e-11
7074,4.583332761e-05,6.07638737e-10,4.583332761e-05,6.07638737e-10
7075,2.916666302e-05,3.298610286e-10,2.916666302e-05,3.298610286e-10
7076,2.499999688e-05,3.124999219e-10,2.499999688e-05,3.124999219e-10
7077,4.166666145e-06,1.736110677e-11,4.166666145e-06,1.736110677e-11
7078,2.083333073e-05,2.951388151e-10,2.083333073e-05,2.951388151e-10
7079,3.333332917e-05,5.555554166e-10,3.333332917e-05,5.555554166e-10
7080,4.166666146e-05,5.902776302e-10,4.166666146e-05,5.902776302e-10
7081,8.333332292e-05,1.18055526e-09,8.333332292e-05,1.18055526e-09
7082,8.333332291e-06,3.472221354e-11,8.333332291e-06,3.472221354e-11
7083,4.583332761e-05,6.07638737e-10,4.583332761e-05,6.07638737e-10
7084,5.41666599e-05,1.406249649e-09,5.41666599e-05,1.406249649e-09
7085,2.499999688e-05,3.124999219e-10,2.499999688e-05,3.124999219e-10
7086,4.166666145e-06,1.736110677e-11,4.166666145e-06,1.736110677e-11
7087,2.083333073e-05,2.951388151e-10,2.083333073e-05,2.951388151e-10
7088,4.999999376e-05,8.33333125e-10,4.999999376e-05,8.33333125e-10
7089,3.333332917e-05,3.472221354e-10,3.333332917e-05,3.472221354e-10
7090,3.749999532e-05,5.729165234e-10,3.749999532e-05,5.729165234e-10
7091,0,0,0,0
7092,2.083333073e-05,2.951388151e-10,2.083333073e-05,2.951388151e-10
7093,3.333332917e-05,5.555554166e-10,3.333332917e-05,5.555554166e-10
7094,2.916666302e-05,3.298610286e-10,2.916666302e-05,3.298610286e-10
7095,4.166666145e-06,1.736110677e-11,4.166666145e-06,1.736110677e-11
7096,6.666665834e-05,9.02777552e-10,6.666665834e-05,9.02777552e-10
7097,3.333332917e-05,3.472221354e-10,3.333332917e-05,3.472221354e-10
7098,1.249999844e-05,5.208332032e-11,1.249999844e-05,5.208332032e-11
7099,2.916666302e-05,3.298610286e-10,2.916666302e-05,3.298610286e-10
7100,8.333332291e-06,3.472221354e-11,8.333332291e-06,3.472221354e-11
7101,8.749998907e-05,1.406249648e-09,8.749998907e-05,1.406249648e-09
7102,4.166666146e-06,1.736110677e-11,4.166666146e-06,1.736110677e-11
7103,2.916666302e-05,3.298610286e-10,2.916666302e-05,3.298610286e-10
7104,4.166666146e-05,5.902776302e-10,4.166666146e-05,5.902776302e-10
7105,2.499999688e-05,3.124999219e-10,2.499999688e-05,3.124999219e-10
7106,5.833332604e-05,6.597220573e-10,5.833332604e-05,6.597220573e-10
7107,2.499999688e-05,3.124999219e-10,2.499999688e-05,3.124999219e-10
7108,4.583332761e-05,6.07638737e-10,4.583332761e-05,6.07638737e-10
7109,8.333332291e-06,3.472221354e-11,8.333332291e-06,3.472221354e-11
7110,8.749998907e-05,1.406249648e-09,8.749998907e-05,1.406249648e-09
7111,7.083332449e-05,1.12847194e-09,7.083332449e-05,1.12847194e-09
7112,2.083333073e-05,2.951388151e-10,2.083333073e-05,2.951388151e-10
7113,3.333332917e-05,3.472221354e-10,3.333332917e-05,3.472221354e-10
7114,4.166666146e-06,1.736110677e-11,4.166666146e-06,1.736110677e-11
7115,2.916666302e-05,3.298610286e-10,2.916666302e-05,3.298610286e-10
7116,5.41666599e-05,8.506942317e-10,5.41666599e-05,8.506942317e-10
7117,0.0001041666537,1.684027357e-09,0.0001041666537,1.684027357e-09
7118,4.166666146e-06,1.736110677e-11,4.166666146e-06,1.736110677e-11
7119,2.499999688e-05,3.124999219e-10,2.499999688e-05,3.124999219e-10
7120,2.916666302e-05,3.298610286e-10,2.916666302e-05,3.298610286e-10
7121,1.249999843e-05,5.208332032e-11,1.249999843e-05,5.208332032e-11
7122,4.166666145e-06,1.736110677e-11,4.166666145e-06,1.736110677e-11
7123,5.138888247e-05,6.385029268e-10,5.138888247e-05,6.385029268e-10
7124,2.499999688e-05,3.124999219e-10,2.499999688e-05,3.124999219e-10
7125,3.749999531e-05,3.645832422e-10,3.749999531e-05,3.645832422e-10
7126,2.083333073e-05,2.951388151e-10,2.083333073e-05,2.951388151e-10
7127,5.833332605e-05,8.680553385e-10,5.833332605e-05,8.680553385e-10
7128,2.083333073e-05,2.951388151e-10,2.083333073e-05,2.951388151e-10
7129,4.166666145e-06,1.736110677e-11,4.166666145e-06,1.736110677e-11
7130,2.916666302e-05,3.298610286e-10,2.916666302e-05,3.298610286e-10
7131,2.499999688e-05,3.124999219e-10,2.499999688e-05,3.124999219e-10
7132,1.666666459e-05,2.777777083e-10,1.666666459e-05,2.777777083e-10
7133,2.083333073e-05,2.951388151e-10,2.083333073e-05,2.951388151e-10
7134,2.083333073e-05,2.951388151e-10,2.083333073e-05,2.951388151e-10
7135,4.166666146e-05,5.902776302e-10,4.166666146e-05,5.902776302e-10
7136,3.333332917e-05,3.472221354e-10,3.333332917e-05,3.472221354e-10
7137,4.166666146e-05,5.902776302e-10,4.166666146e-05,5.902776302e-10
7138,4.166666145e-06,1.736110677e-11,4.166666145e-06,1.736110677e-11
7139,2.499999688e-05,3.124999219e-10,2.499999688e-05,3.124999219e-10
7140,2.499999688e-05,3.124999219e-10,2.499999688e-05,3.124999219e-10
7141,2.083333073e-05,2.951388151e-10,2.083333073e-05,2.951388151e-10
7142,4.58333276e-05,6.076387368e-10,4.58333276e-05,6.076387368e-10
7143,3.74999953e-05,5.729165228e-10,3.74999953e-05,5.729165228e-10
7144,1.666666459e-05,2.777777083e-10,1.666666459e-05,2.777777083e-10
7145,1.666666458e-05,6.944442709e-11,1.666666458e-05,6.944442709e-11
7146,3.749999532e-05,5.729165234e-10,3.749999532e-05,5.729165234e-10
7147,4.999999375e-05,6.249998437e-10,4.999999375e-05,6.249998437e-10
7148,1.249999844e-05,5.208332032e-11,1.249999844e-05,5.208332032e-11
7149,4.166666146e-05,5.902776302e-10,4.166666146e-05,5.902776302e-10
7150,2.916666302e-05,3.298610286e-10,2.916666302e-05,3.298610286e-10
7151,2.499999688e-05,3.124999219e-10,2.499999688e-05,3.124999219e-10
7152,6.666665834e-05,9.02777552e-10,6.666665834e-05,9.02777552e-10
7153,4.166666145e-06,1.736110677e-11,4.166666145e-06,1.736110677e-11
7154,8.33333229e-06,3.472221355e-11,8.33333229e-06,3.472221355e-11
7155,1.249999844e-05,5.208332032e-11,1.249999844e-05,5.208332032e-11
7156,2.499999688e-05,3.124999219e-10,2.499999688e-05,3.124999219e-10
7157,8.333332291e-06,3.472221354e-11,8.333332291e-06,3.472221354e-11
7158,2.499999688e-05,3.124999219e-10,2.499999688e-05,3.124999219e-10
7159,1.666666458e-05,6.944442709e-11,1.666666458e-05,6.944442709e-11
7160,4.999999376e-05,8.33333125e-10,4.999999376e-05,8.33333125e-10
7161,3.749999531e-05,3.645832422e-10,3.749999531e-05,3.645832422e-10
7162,3.333332917e-05,5.555554166e-10,3.333332917e-05,5.555554166e-10
7163,1.249999843e-05,5.208332029e-11,1.249999843e-05,5.208332029e-11
7164,2.499999688e-05,3.124999219e-10,2.499999688e-05,3.124999219e-10
7165,2.499999688e-05,3.124999219e-10,2.499999688e-05,3.124999219e-10
7166,4.166666146e-05,5.902776302e-10,4.166666146e-05,5.902776302e-10
7167,8.333332291e-06,3.472221354e-11,8.333332291e-06,3.472221354e-11
7168,5.41666599e-05,8.506942317e-10,5.41666599e-05,8.506942317e-10
7169,6.249999219e-05,8.854164452e-10,6.249999219e-05,8.854164452e-10
7170,4.583332761e-05,6.076387369e-10,4.583332761e-05,6.076387369e-10
7171,5.41666599e-05,8.506942317e-10,5.41666599e-05,8.506942317e-10
7172,1.666666458e-05,6.944442709e-11,1.666666458e-05,6.944442709e-11
7173,4.166666146e-05,5.902776302e-10,4.166666146e-05,5.902776302e-10
7174,4.999999375e-05,6.249998437e-10,4.999999375e-05,6.249998437e-10
7175,6.666665834e-05,1.111110833e-09,6.666665834e-05,1.111110833e-09
7176,8.33333229e-06,3.472221355e-11,8.33333229e-06,3.472221355e-11
7177,5.41666599e-05,8.506942317e-10,5.41666599e-05,8.506942317e-10
7178,4.166666146e-05,5.902776302e-10,4.166666146e-05,5.902776302e-10
7179,2.083333073e-05,2.951388151e-10,2.083333073e-05,2.951388151e-10
7180,5.833332605e-05,8.680553385e-10,5.833332605e-05,8.680553385e-10
7181,0,0,0,0
7182,5.833332605e-05,1.423610755e-09,5.833332605e-05,1.423610755e-09
7183,5.833332605e-05,8.680553385e-10,5.833332605e-05,8.680553385e-10
7184,2.916666302e-05,3.298610286e-10,2.916666302e-05,3.298610286e-10
7185,2.499999688e-05,3.124999219e-10,2.499999688e-05,3.124999219e-10
7186,5.833332605e-05,8.680553385e-10,5.833332605e-05,8.680553385e-10
7187,1.249999844e-05,5.208332032e-11,1.249999844e-05,5.208332032e-11
7188,1.666666459e-05,2.777777083e-10,1.666666459e-05,2.777777083e-10
7189,7.083332449e-05,1.12847194e-09,7.083332449e-05,1.12847194e-09
7190,3.333332917e-05,3.472221354e-10,3.333332917e-05,3.472221354e-10
7191,3.749999532e-05,5.729165234e-10,3.749999532e-05,5.729165234e-10
7192,3.333332917e-05,5.555554166e-10,3.333332917e-05,5.555554166e-10
7193,8.33333229e-06,3.472221355e-11,8.33333229e-06,3.472221355e-11
7194,4.166666146e-05,5.902776302e-10,4.166666146e-05,5.902776302e-10
7195,8.33333229e-06,3.472221355e-11,8.33333229e-06,3.472221355e-11
7196,2.499999688e-05,3.124999219e-10,2.499999688e-05,3.124999219e-10
7197,2.083333073e-05,2.951388151e-10,2.083333073e-05,2.951388151e-10
7198,7.499999063e-05,1.145833047e-09,7.499999063e-05,1.145833047e-09
7199,3.333332917e-05,5.555554166e-10,3.333332917e-05,5.555554166e-10
7200,8.33333229e-06,3.472221355e-11,8.33333229e-06,3.472221355e-11
7201,4.166666146e-05,5.902776302e-10,4.166666146e-05,5.902776302e-10
7202,8.333332291e-06,3.472221354e-11,8.333332291e-06,3.472221354e-11
7203,0,0,0,0
7204,2.916666302e-05,3.298610286e-10,2.916666302e-05,3.298610286e-10
7205,2.499999688e-05,3.124999219e-10,2.499999688e-05,3.124999219e-10
7206,2.916666302e-05,3.298610286e-10,2.916666302e-05,3.298610286e-10
7207,2.499999688e-05,3.124999219e-10,2.499999688e-05,3.124999219e-10
7208,2.083333073e-05,2.951388151e-10,2.083333073e-05,2.951388151e-10
7209,2.083333073e-05,2.951388151e-10,2.083333073e-05,2.951388151e-10
7210,4.583332761e-05,6.07638737e-10,4.583332761e-05,6.07638737e-10
7211,4.999999375e-05,6.249998437e-10,4.999999375e-05,6.249998437e-10
7212,4.583332761e-05,6.07638737e-10,4.583332761e-05,6.07638737e-10
7213,3.749999531e-05,3.645832422e-10,3.749999531e-05,3.645832422e-10
7214,2.083333073e-05,2.951388151e-10,2.083333073e-05,2.951388151e-10
7215,7.083332448e-05,9.201386588e-10,7.083332448e-05,9.201386588e-10
7216,2.083333073e-05,2.951388151e-10,2.083333073e-05,2.951388151e-10
7217,3.749999532e-05,5.729165234e-10,3.749999532e-05,5.729165234e-10
7218,1.249999844e-05,5.208332032e-11,1.249999844e-05,5.208332032e-11
7219,8.333332291e-06,3.472221354e-11,8.333332291e-06,3.472221354e-11
7220,4.999999376e-05,6.249998437e-10,4.999999376e-05,6.249998437e-10
7221,2.916666302e-05,3.298610286e-10,2.916666302e-05,3.298610286e-10
7222,2.083333073e-05,2.951388151e-10,2.083333073e-05,2.951388151e-10
7223,4.166666145e-06,1.736110677e-11,4.166666145e-06,1.736110677e-11
7224,2.499999688e-05,3.124999219e-10,2.499999688e-05,3.124999219e-10
7225,4.166666145e-06,1.736110677e-11,4.166666145e-06,1.736110677e-11
7226,2.499999688e-05,3.124999219e-10,2.499999688e-05,3.124999219e-10
7227,1.666666458e-05,6.944442709e-11,1.666666458e-05,6.944442709e-11
7228,6.249999219e-05,8.854164453e-10,6.249999219e-05,8.854164453e-10
7229,4.166666146e-05,5.902776302e-10,4.166666146e-05,5.902776302e-10
7230,4.583332761e-05,6.07638737e-10,4.583332761e-05,6.07638737e-10
7231,4.166666146e-05,5.902776302e-10,4.166666146e-05,5.902776302e-10
7232,3.749999532e-05,5.729165234e-10,3.749999532e-05,5.729165234e-10
7233,4.999999375e-05,6.249998437e-10,4.999999375e-05,6.249998437e-10
7234,2.499999688e-05,3.124999219e-10,2.499999688e-05,3.124999219e-10
7235,4.583332761e-05,6.07638737e-10,4.583332761e-05,6.07638737e-10
7236,8.333332293e-06,3.472221355e-11,8.333332293e-06,3.472221355e-11
7237,2.083333073e-05,2.951388151e-10,2.083333073e-05,2.951388151e-10
7238,1.249999843e-05,5.208332032e-11,1.249999843e-05,5.208332032e-11
7239,5.833332605e-05,8.680553385e-10,5.833332605e-05,8.680553385e-10
7240,2.083333073e-05,2.951388151e-10,2.083333073e-05,2.951388151e-10
7241,4.166666146e-06,1.736110677e-11,4.166666146e-06,1.736110677e-11
7242,4.583332761e-05,6.07638737e-10,4.583332761e-05,6.07638737e-10
7243,4.166666146e-05,5.902776302e-10,4.166666146e-05,5.902776302e-10
7244,4.58333276e-05,3.993054557e-10,4.58333276e-05,3.993054557e-10
7245,7.916665676e-05,1.163194153e-09,7.916665676e-05,1.163194153e-09
7246,2.499999688e-05,3.124999219e-10,2.499999688e-05,3.124999219e-10
7247,3.749999532e-05,5.729165234e-10,3.749999532e-05,5.729165234e-10
7248,2.083333073e-05,2.951388151e-10,2.083333073e-05,2.951388151e-10
7249,6.249999219e-05,8.854164453e-10,6.249999219e-05,8.854164453e-10
7250,2.499999688e-05,3.124999219e-10,2.499999688e-05,3.124999219e-10
7251,2.499999688e-05,3.124999219e-10,2.499999688e-05,3.124999219e-10
7252,0,0,0,0
7253,3.333332917e-05,5.555554166e-10,3.333332917e-05,5.555554166e-10
7254,1.249999844e-05,5.208332032e-11,1.249999844e-05,5.208332032e-11
7255,4.583332761e-05,6.07638737e-10,4.583332761e-05,6.07638737e-10
7256,0,0,0,0
7257,3.333332917e-05,5.555554166e-10,3.333332917e-05,5.555554166e-10
7258,4.166666146e-05,5.902776302e-10,4.166666146e-05,5.902776302e-10
7259,4.999999375e-05,6.249998437e-10,4.999999375e-05,6.249998437e-10
7260,4.166666145e-05,5.9027763e-10,4.166666145e-05,5.9027763e-10
7261,2.499999688e-05,3.124999219e-10,2.499999688e-05,3.124999219e-10
7262,6.354165872e-05,8.951820675e-10,6.354165872e-05,8.951820675e-10
7263,2.499999688e-05,3.124999219e-10,2.499999688e-05,3.124999219e-10
7264,2.916666302e-05,3.298610286e-10,2.916666302e-05,3.298610286e-10
7265,3.749999532e-05,5.729165234e-10,3.749999532e-05,5.729165234e-10
7266,2.083333073e-05,2.951388151e-10,2.083333073e-05,2.951388151e-10
7267,1.666666458e-05,6.944442709e-11,1.666666458e-05,6.944442709e-11
7268,6.249999219e-05,6.77083164e-10,6.249999219e-05,6.77083164e-10
7269,2.916666302e-05,3.298610286e-10,2.916666302e-05,3.298610286e-10
7270,8.33333229e-06,3.472221355e-11,8.33333229e-06,3.472221355e-11
7271,1.666666459e-05,2.777777083e-10,1.666666459e-05,2.777777083e-10
7272,1.249999844e-05,5.208332032e-11,1.249999844e-05,5.208332032e-11
7273,4.166666145e-06,1.736110677e-11,4.166666145e-06,1.736110677e-11
7274,1.249999844e-05,5.208332032e-11,1.249999844e-05,5.208332032e-11
7275,8.33333229e-06,3.472221355e-11,8.33333229e-06,3.472221355e-11
7276,4.166666146e-05,5.902776302e-10,4.166666146e-05,5.902776302e-10
7277,3.333332917e-05,3.472221354e-10,3.333332917e-05,3.472221354e-10
7278,2.916666302e-05,3.298610286e-10,2.916666302e-05,3.298610286e-10
7279,2.499999688e-05,3.124999219e-10,2.499999688e-05,3.124999219e-10
7280,1.249999844e-05,5.208332032e-11,1.249999844e-05,5.208332032e-11
7281,7.22222132e-05,1.141975023e-09,7.22222132e-05,1.141975023e-09
7282,8.333332293e-06,3.472221355e-11,8.333332293e-06,3.472221355e-11
7283,1.666666459e-05,2.777777083e-10,1.666666459e-05,2.777777083e-10
7284,6.666665834e-05,9.02777552e-10,6.666665834e-05,9.02777552e-10
7285,1.249999843e-05,5.208332032e-11,1.249999843e-05,5.208332032e-11
7286,2.499999688e-05,3.124999219e-10,2.499999688e-05,3.124999219e-10
7287,4.999999375e-05,6.249998437e-10,4.999999375e-05,6.249998437e-10
7288,4.166666146e-05,5.902776302e-10,4.166666146e-05,5.902776302e-10
7289,4.166666146e-05,5.902776302e-10,4.166666146e-05,5.902776302e-10
7290,3.333332917e-05,3.472221354e-10,3.333332917e-05,3.472221354e-10
7291,4.166666145e-06,1.736110677e-11,4.166666145e-06,1.736110677e-11
7292,3.749999532e-05,5.729165234e-10,3.749999532e-05,5.729165234e-10
7293,0,0,0,0
7294,4.166666146e-05,5.902776302e-10,4.166666146e-05,5.902776302e-10
7295,3.333332917e-05,3.472221354e-10,3.333332917e-05,3.472221354e-10
7296,9.999998751e-05,1.458332969e-09,9.999998751e-05,1.458332969e-09
7297,4.166666146e-05,5.902776302e-10,4.166666146e-05,5.902776302e-10
7298,2.083333073e-05,2.951388151e-10,2.083333073e-05,2.951388151e-10
7299,5.41666599e-05,6.423609505e-10,5.41666599e-05,6.423609505e-10
7300,4.166666146e-05,5.902776302e-10,4.166666146e-05,5.902776302e-10
7301,0,0,0,0
7302,4.166666146e-05,5.902776302e-10,4.166666146e-05,5.902776302e-10
7303,8.749998907e-05,1.406249648e-09,8.749998907e-05,1.406249648e-09
7304,2.916666302e-05,3.298610286e-10,2.916666302e-05,3.298610286e-10
7305,2.083333073e-05,2.951388151e-10,2.083333073e-05,2.951388151e-10
7306,2.083333073e-05,2.951388151e-10,2.083333073e-05,2.951388151e-10
7307,1.249999844e-05,5.208332032e-11,1.249999844e-05,5.208332032e-11
7308,1.249999844e-05,5.208332032e-11,1.249999844e-05,5.208332032e-11
7309,4.166666146e-06,1.736110677e-11,4.166666146e-06,1.736110677e-11
7310,2.083333073e-05,2.951388151e-10,2.083333073e-05,2.951388151e-10
7311,8.333332292e-05,1.18055526e-09,8.333332292e-05,1.18055526e-09
7312,4.583332759e-05,6.076387368e-10,4.583332759e-05,6.076387368e-10
7313,4.999999375e-05,6.249998437e-10,4.999999375e-05,6.249998437e-10
7314,3.333332917e-05,5.555554166e-10,3.333332917e-05,5.555554166e-10
7315,4.166666145e-06,1.736110677e-11,4.166666145e-06,1.736110677e-11
7316,3.749999531e-05,3.645832422e-10,3.749999531e-05,3.645832422e-10
7317,3.749999532e-05,5.729165234e-10,3.749999532e-05,5.729165234e-10
7318,5.41666599e-05,1.406249649e-09,5.41666599e-05,1.406249649e-09
7319,3.749999532e-05,5.729165234e-10,3.749999532e-05,5.729165234e-10
7320,4.583332761e-05,6.07638737e-10,4.583332761e-05,6.07638737e-10
7321,3.749999532e-05,5.729165234e-10,3.749999532e-05,5.729165234e-10
7322,3.333332917e-05,5.555554166e-10,3.333332917e-05,5.555554166e-10
7323,4.999999375e-05,6.249998437e-10,4.999999375e-05,6.249998437e-10
7324,5.833332605e-05,8.680553385e-10,5.833332605e-05,8.680553385e-10
7325,4.166666145e-06,1.736110677e-11,4.166666145e-06,1.736110677e-11
7326,1.666666458e-05,6.944442709e-11,1.666666458e-05,6.944442709e-11
7327,2.499999688e-05,3.124999219e-10,2.499999688e-05,3.124999219e-10
7328,1.666666458e-05,6.944442709e-11,1.666666458e-05,6.944442709e-11
7329,3.749999532e-05,5.729165234e-10,3.749999532e-05,5.729165234e-10
7330,7.083332449e-05,9.201386588e-10,7.083332449e-05,9.201386588e-10
7331,4.166666145e-06,1.736110677e-11,4.166666145e-06,1.736110677e-11
7332,1.666666459e-05,2.777777083e-10,1.666666459e-05,2.777777083e-10
7333,4.583332761e-05,6.07638737e-10,4.583332761e-05,6.07638737e-10
7334,1.249999844e-05,5.208332032e-11,1.249999844e-05,5.208332032e-11
7335,6.249999219e-05,8.854164453e-10,6.249999219e-05,8.854164453e-10
7336,0,0,0,0
7337,3.749999531e-05,3.645832422e-10,3.749999531e-05,3.645832422e-10
7338,1.666666459e-05,6.944442709e-11,1.666666459e-05,6.944442709e-11
7339,1.666666459e-05,2.777777083e-10,1.666666459e-05,2.777777083e-10
7340,6.666665834e-05,9.02777552e-10,6.666665834e-05,9.02777552e-10
7341,1.666666459e-05,2.777777083e-10,1.666666459e-05,2.777777083e-10
7342,3.749999532e-05,5.729165234e-10,3.749999532e-05,5.729165234e-10
7343,6.249999219e-05,8.854164453e-10,6.249999219e-05,8.854164453e-10
7344,3.333332917e-05,3.472221354e-10,3.333332917e-05,3.472221354e-10
7345,2.499999688e-05,3.124999219e-10,2.499999688e-05,3.124999219e-10
7346,1.249999844e-05,5.208332032e-11,1.249999844e-05,5.208332032e-11
7347,7.499999063e-05,1.145833047e-09,7.499999063e-05,1.145833047e-09
7348,3.749999531e-05,3.645832422e-10,3.749999531e-05,3.645832422e-10
7349,3.333332917e-05,5.555554166e-10,3.333332917e-05,5.555554166e-10
7350,1.249999843e-05,5.208332032e-11,1.249999843e-05,5.208332032e-11
7351,5.41666599e-05,8.506942317e-10,5.41666599e-05,8.506942317e-10
7352,4.166666145e-06,1.736110677e-11,4.166666145e-06,1.736110677e-11
7353,3.333332917e-05,3.472221354e-10,3.333332917e-05,3.472221354e-10
7354,6.666665834e-05,1.111110833e-09,6.666665834e-05,1.111110833e-09
7355,4.166666146e-05,5.902776302e-10,4.166666146e-05,5.902776302e-10
7356,4.583332761e-05,6.07638737e-10,4.583332761e-05,6.07638737e-10
7357,2.083333073e-05,2.951388151e-10,2.083333073e-05,2.951388151e-10
7358,4.166666146e-05,5.902776302e-10,4.166666146e-05,5.902776302e-10
7359,2.499999688e-05,3.124999219e-10,2.499999688e-05,3.124999219e-10
7360,7.916665678e-05,1.163194154e-09,7.916665678e-05,1.163194154e-09
7361,2.916666302e-05,3.298610286e-10,2.916666302e-05,3.298610286e-10
7362,5.833332605e-05,8.680553385e-10,5.833332605e-05,8.680553385e-10
7363,4.583332761e-05,6.07638737e-10,4.583332761e-05,6.07638737e-10
7364,6.249999219e-05,8.854164453e-10,6.249999219e-05,8.854164453e-10
7365,6.249999219e-05,8.854164453e-10,6.249999219e-05,8.854164453e-10
7366,2.916666302e-05,3.298610286e-10,2.916666302e-05,3.298610286e-10
7367,2.499999688e-05,3.124999219e-10,2.499999688e-05,3.124999219e-10
7368,1.249999843e-05,5.208332027e-11,1.249999843e-05,5.208332027e-11
7369,5.833332605e-05,8.680553385e-10,5.833332605e-05,8.680553385e-10
7370,4.583332761e-05,6.07638737e-10,4.583332761e-05,6.07638737e-10
7371,4.166666146e-06,1.736110677e-11,4.166666146e-06,1.736110677e-11
7372,2.499999688e-05,3.124999219e-10,2.499999688e-05,3.124999219e-10
7373,0,0,0,0
7374,5.833332605e-05,8.680553385e-10,5.833332605e-05,8.680553385e-10
7375,8.333332293e-06,3.472221355e-11,8.333332293e-06,3.472221355e-11
7376,1.666666459e-05,2.777777083e-10,1.666666459e-05,2.777777083e-10
7377,2.083333073e-05,2.951388151e-10,2.083333073e-05,2.951388151e-10
7378,0,0,0,0
7379,9.999998751e-05,1.458332969e-09,9.999998751e-05,1.458332969e-09
7380,4.583332761e-05,6.07638737e-10,4.583332761e-05,6.07638737e-10
7381,2.083333073e-05,2.951388151e-10,2.083333073e-05,2.951388151e-10
7382,6.666665833e-05,9.02777552e-10,6.666665833e-05,9.02777552e-10
7383,2.499999688e-05,3.124999219e-10,2.499999688e-05,3.124999219e-10
7384,4.583332761e-05,6.07638737e-10,4.583332761e-05,6.07638737e-10
7385,4.58333276e-05,3.993054557e-10,4.58333276e-05,3.993054557e-10
7386,4.583332761e-05,6.07638737e-10,4.583332761e-05,6.07638737e-10
7387,1.249999844e-05,5.208332032e-11,1.249999844e-05,5.208332032e-11
7388,3.333332917e-05,3.472221354e-10,3.333332917e-05,3.472221354e-10
7389,3.749999532e-05,5.729165234e-10,3.749999532e-05,5.729165234e-10
7390,4.999999376e-05,8.33333125e-10,4.999999376e-05,8.33333125e-10
7391,2.916666302e-05,3.298610286e-10,2.916666302e-05,3.298610286e-10
7392,1.249999843e-05,5.208332032e-11,1.249999843e-05,5.208332032e-11
7393,3.749999532e-05,5.729165234e-10,3.749999532e-05,5.729165234e-10
7394,4.999999376e-05,6.249998437e-10,4.999999376e-05,6.249998437e-10
7395,8.333332293e-05,1.944443958e-09,8.333332293e-05,1.944443958e-09
7396,3.749999532e-05,5.729165234e-10,3.749999532e-05,5.729165234e-10
7397,4.166666146e-05,5.902776302e-10,4.166666146e-05,5.902776302e-10
7398,2.499999688e-05,3.124999219e-10,2.499999688e-05,3.124999219e-10
7399,5.41666599e-05,6.423609505e-10,5.41666599e-05,6.423609505e-10
7400,1.249999844e-05,5.208332031e-11,1.249999844e-05,5.208332031e-11
7401,5.41666599e-05,8.506942317e-10,5.41666599e-05,8.506942317e-10
7402,2.083333073e-05,8.680553386e-11,2.083333073e-05,8.680553386e-11
7403,3.749999532e-05,5.729165234e-10,3.749999532e-05,5.729165234e-10
7404,5.833332605e-05,8.680553385e-10,5.833332605e-05,8.680553385e-10
7405,7.499999063e-05,1.145833047e-09,7.499999063e-05,1.145833047e-09
7406,2.499999688e-05,3.124999219e-10,2.499999688e-05,3.124999219e-10
7407,8.33333229e-06,3.472221355e-11,8.33333229e-06,3.472221355e-11
7408,6.249999219e-05,8.854164453e-10,6.249999219e-05,8.854164453e-10
7409,4.166666146e-05,5.902776302e-10,4.166666146e-05,5.902776302e-10
7410,4.999999375e-05,6.249998437e-10,4.999999375e-05,6.249998437e-10
7411,8.333332291e-06,3.472221354e-11,8.333332291e-06,3.472221354e-11
7412,1.249999843e-05,5.208332032e-11,1.249999843e-05,5.208332032e-11
7413,3.749999532e-05,5.729165234e-10,3.749999532e-05,5.729165234e-10
7414,4.999999375e-05,6.249998437e-10,4.999999375e-05,6.249998437e-10
7415,3.749999531e-05,3.645832422e-10,3.749999531e-05,3.645832422e-10
7416,4.999999375e-05,6.249998437e-10,4.999999375e-05,6.249998437e-10
7417,1.666666459e-05,2.777777083e-10,1.666666459e-05,2.777777083e-10
7418,1.666666459e-05,2.777777083e-10,1.666666459e-05,2.777777083e-10
7419,1.249999844e-05,5.208332032e-11,1.249999844e-05,5.208332032e-11
7420,5.41666599e-05,8.506942317e-10,5.41666599e-05,8.506942317e-10
7421,2.499999688e-05,3.124999219e-10,2.499999688e-05,3.124999219e-10
7422,2.083333073e-05,2.951388151e-10,2.083333073e-05,2.951388151e-10
7423,2.916666302e-05,3.298610286e-10,2.916666302e-05,3.298610286e-10
7424,2.708332995e-05,3.342013053e-10,2.708332995e-05,3.342013053e-10
7425,5.41666599e-05,6.423609505e-10,5.41666599e-05,6.423609505e-10
7426,4.166666146e-05,5.902776302e-10,4.166666146e-05,5.902776302e-10
7427,2.499999688e-05,3.124999219e-10,2.499999688e-05,3.124999219e-10
7428,2.916666302e-05,3.298610286e-10,2.916666302e-05,3.298610286e-10
7429,4.166666145e-06,1.736110677e-11,4.166666145e-06,1.736110677e-11
7430,6.249999219e-05,8.854164453e-10,6.249999219e-05,8.854164453e-10
7431,3.749999532e-05,3.645832422e-10,3.749999532e-05,3.645832422e-10
7432,3.333332917e-05,3.472221354e-10,3.333332917e-05,3.472221354e-10
7433,0.0001124999859,1.71874957e-09,0.0001124999859,1.71874957e-09
7434,4.999999375e-05,6.249998437e-10,4.999999375e-05,6.249998437e-10
7435,2.083333073e-05,2.951388151e-10,2.083333073e-05,2.951388151e-10
7436,4.583332761e-05,6.07638737e-10,4.583332761e-05,6.07638737e-10
7437,4.166666146e-05,5.902776302e-10,4.166666146e-05,5.902776302e-10
7438,3.749999532e-05,5.729165234e-10,3.749999532e-05,5.729165234e-10
7439,2.499999688e-05,3.124999219e-10,2.499999688e-05,3.124999219e-10
7440,0,0,0,0
7441,1.666666458e-05,6.944442709e-11,1.666666458e-05,6.944442709e-11
7442,3.749999532e-05,5.729165234e-10,3.749999532e-05,5.729165234e-10
7443,7.083332449e-05,1.12847194e-09,7.083332449e-05,1.12847194e-09
7444,2.083333073e-05,8.680553386e-11,2.083333073e-05,8.680553386e-11
7445,4.166666145e-06,1.736110677e-11,4.166666145e-06,1.736110677e-11
7446,4.166666146e-05,5.902776302e-10,4.166666146e-05,5.902776302e-10
7447,4.166666145e-06,1.736110677e-11,4.166666145e-06,1.736110677e-11
7448,7.499999062e-05,2.812499296e-09,7.499999062e-05,2.812499296e-09
7449,8.33333229e-06,3.472221355e-11,8.33333229e-06,3.472221355e-11
7450,4.583332761e-05,6.07638737e-10,4.583332761e-05,6.07638737e-10
7451,4.166666145e-06,1.736110677e-11,4.166666145e-06,1.736110677e-11
7452,5.41666599e-05,8.506942317e-10,5.41666599e-05,8.506942317e-10
7453,1.666666459e-05,2.777777083e-10,1.666666459e-05,2.777777083e-10
7454,2.916666302e-05,3.298610286e-10,2.916666302e-05,3.298610286e-10
7455,4.166666146e-05,5.902776302e-10,4.166666146e-05,5.902776302e-10
7456,4.166666146e-05,3.819443489e-10,4.166666146e-05,3.819443489e-10
7457,4.583332761e-05,6.07638737e-10,4.583332761e-05,6.07638737e-10
7458,2.916666302e-05,3.298610286e-10,2.916666302e-05,3.298610286e-10
7459,4.583332761e-05,6.07638737e-10,4.583332761e-05,6.07638737e-10
7460,4.166666145e-06,1.736110677e-11,4.166666145e-06,1.736110677e-11
7461,2.916666302e-05,3.298610286e-10,2.916666302e-05,3.298610286e-10
7462,2.499999688e-05,3.124999219e-10,2.499999688e-05,3.124999219e-10
7463,7.083332449e-05,1.12847194e-09,7.083332449e-05,1.12847194e-09
7464,6.666665834e-05,9.02777552e-10,6.666665834e-05,9.02777552e-10
7465,3.854166185e-05,3.743488647e-10,3.854166185e-05,3.743488647e-10
7466,2.083333073e-05,2.951388151e-10,2.083333073e-05,2.951388151e-10
7467,8.333332291e-06,3.472221354e-11,8.333332291e-06,3.472221354e-11
7468,0,0,0,0
7469,3.749999532e-05,5.729165234e-10,3.749999532e-05,5.729165234e-10
7470,1.249999844e-05,5.208332032e-11,1.249999844e-05,5.208332032e-11
7471,4.166666146e-06,1.736110677e-11,4.166666146e-06,1.736110677e-11
7472,2.499999688e-05,3.124999219e-10,2.499999688e-05,3.124999219e-10
7473,5.833332605e-05,6.597220573e-10,5.833332605e-05,6.597220573e-10
7474,5.41666599e-05,8.506942317e-10,5.41666599e-05,8.506942317e-10
7475,2.499999688e-05,3.124999219e-10,2.499999688e-05,3.124999219e-10
7476,2.916666302e-05,3.298610286e-10,2.916666302e-05,3.298610286e-10
7477,3.749999532e-05,5.729165234e-10,3.749999532e-05,5.729165234e-10
7478,2.916666302e-05,3.298610286e-10,2.916666302e-05,3.298610286e-10
7479,7.916665678e-05,1.163194154e-09,7.916665678e-05,1.163194154e-09
7480,4.166666146e-05,5.902776302e-10,4.166666146e-05,5.902776302e-10
7481,2.499999688e-05,3.124999219e-10,2.499999688e-05,3.124999219e-10
7482,2.083333073e-05,2.951388151e-10,2.083333073e-05,2.951388151e-10
7483,1.666666459e-05,2.777777083e-10,1.666666459e-05,2.777777083e-10
7484,4.166666145e-06,1.736110677e-11,4.166666145e-06,1.736110677e-11
7485,2.916666302e-05,3.298610286e-10,2.916666302e-05,3.298610286e-10
7486,2.916666302e-05,3.298610286e-10,2.916666302e-05,3.298610286e-10
7487,4.583332761e-05,6.07638737e-10,4.583332761e-05,6.07638737e-10
7488,5.41666599e-05,6.423609505e-10,5.41666599e-05,6.423609505e-10
7489,3.333332917e-05,3.472221354e-10,3.333332917e-05,3.472221354e-10
7490,2.916666302e-05,3.298610286e-10,2.916666302e-05,3.298610286e-10
7491,4.166666146e-05,5.902776302e-10,4.166666146e-05,5.902776302e-10
7492,8.33333229e-06,3.472221355e-11,8.33333229e-06,3.472221355e-11
7493,2.499999688e-05,3.124999219e-10,2.499999688e-05,3.124999219e-10
7494,3.749999531e-05,3.645832422e-10,3.749999531e-05,3.645832422e-10
7495,1.249999844e-05,5.208332031e-11,1.249999844e-05,5.208332031e-11
7496,7.083332449e-05,1.12847194e-09,7.083332449e-05,1.12847194e-09
7497,4.166666146e-05,5.902776302e-10,4.166666146e-05,5.902776302e-10
7498,3.749999532e-05,5.729165234e-10,3.749999532e-05,5.729165234e-10
7499,8.333332291e-06,3.472221354e-11,8.333332291e-06,3.472221354e-11
7500,3.333332917e-05,3.472221354e-10,3.333332917e-05,3.472221354e-10
7501,4.166666146e-05,5.902776302e-10,4.166666146e-05,5.902776302e-10
7502,6.249999219e-05,8.854164453e-10,6.249999219e-05,8.854164453e-10
7503,4.583332761e-05,6.07638737e-10,4.583332761e-05,6.07638737e-10
7504,4.166666146e-05,5.902776302e-10,4.166666146e-05,5.902776302e-10
7505,4.583332761e-05,6.07638737e-10,4.583332761e-05,6.07638737e-10
7506,3.333332917e-05,3.472221354e-10,3.333332917e-05,3.472221354e-10
7507,2.916666302e-05,3.298610286e-10,2.916666302e-05,3.298610286e-10
7508,3.749999531e-05,3.645832422e-10,3.749999531e-05,3.645832422e-10
7509,4.166666146e-05,5.902776302e-10,4.166666146e-05,5.902776302e-10
7510,2.083333073e-05,2.951388151e-10,2.083333073e-05,2.951388151e-10
7511,4.999999375e-05,6.249998437e-10,4.999999375e-05,6.249998437e-10
7512,4.166666145e-06,1.736110677e-11,4.166666145e-06,1.736110677e-11
7513,4.166666146e-05,5.902776302e-10,4.166666146e-05,5.902776302e-10
7514,2.916666302e-05,3.298610286e-10,2.916666302e-05,3.298610286e-10
7515,2.499999688e-05,3.124999219e-10,2.499999688e-05,3.124999219e-10
7516,2.499999688e-05,3.124999219e-10,2.499999688e-05,3.124999219e-10
7517,2.499999688e-05,3.124999219e-10,2.499999688e-05,3.124999219e-10
7518,1.666666459e-05,2.777777083e-10,1.666666459e-05,2.777777083e-10
7519,2.916666302e-05,3.298610286e-10,2.916666302e-05,3.298610286e-10
7520,3.749999532e-05,5.729165234e-10,3.749999532e-05,5.729165234e-10
7521,2.916666302e-05,3.298610286e-10,2.916666302e-05,3.298610286e-10
7522,4.166666146e-05,5.902776302e-10,4.166666146e-05,5.902776302e-10
7523,5.41666599e-05,8.506942317e-10,5.41666599e-05,8.506942317e-10
7524,4.999999376e-05,8.33333125e-10,4.999999376e-05,8.33333125e-10
7525,3.749999532e-05,5.729165234e-10,3.749999532e-05,5.729165234e-10
7526,4.166666146e-05,5.902776302e-10,4.166666146e-05,5.902776302e-10
7527,4.166666145e-06,1.736110677e-11,4.166666145e-06,1.736110677e-11
7528,4.999999376e-05,8.33333125e-10,4.999999376e-05,8.33333125e-10
7529,2.29166638e-05,3.168401986e-10,2.29166638e-05,3.168401986e-10
7530,3.333332917e-05,5.555554166e-10,3.333332917e-05,5.555554166e-10
7531,8.333332291e-06,3.472221354e-11,8.333332291e-06,3.472221354e-11
7532,2.499999688e-05,3.124999219e-10,2.499999688e-05,3.124999219e-10
7533,2.083333073e-05,2.951388151e-10,2.083333073e-05,2.951388151e-10
7534,1.666666458e-05,6.944442709e-11,1.666666458e-05,6.944442709e-11
7535,5.833332605e-05,6.597220573e-10,5.833332605e-05,6.597220573e-10
7536,2.916666302e-05,3.298610286e-10,2.916666302e-05,3.298610286e-10
7537,5.41666599e-05,8.506942317e-10,5.41666599e-05,8.506942317e-10
7538,4.166666146e-05,5.902776302e-10,4.166666146e-05,5.902776302e-10
7539,6.666665834e-05,1.111110833e-09,6.666665834e-05,1.111110833e-09
7540,0.0001208333182,1.753471784e-09,0.0001208333182,1.753471784e-09
7541,4.583332761e-05,6.07638737e-10,4.583332761e-05,6.07638737e-10
7542,4.583332761e-05,6.07638737e-10,4.583332761e-05,6.07638737e-10
7543,8.333332291e-06,3.472221354e-11,8.333332291e-06,3.472221354e-11
7544,6.249999219e-05,8.854164453e-10,6.249999219e-05,8.854164453e-10
7545,4.166666145e-06,1.736110677e-11,4.166666145e-06,1.736110677e-11
7546,2.499999688e-05,3.124999219e-10,2.499999688e-05,3.124999219e-10
7547,4.999999376e-05,8.33333125e-10,4.999999376e-05,8.33333125e-10
7548,6.249999219e-05,8.854164453e-10,6.249999219e-05,8.854164453e-10
7549,8.33333229e-06,3.472221355e-11,8.33333229e-06,3.472221355e-11
7550,2.083333073e-05,8.680553387e-11,2.083333073e-05,8.680553387e-11
7551,5.833332605e-05,8.680553385e-10,5.833332605e-05,8.680553385e-10
7552,7.083332448e-05,9.201386588e-10,7.083332448e-05,9.201386588e-10
7553,2.499999688e-05,3.124999219e-10,2.499999688e-05,3.124999219e-10
7554,3.333332916e-05,4.861109896e-10,3.333332916e-05,4.861109896e-10
7555,4.583332761e-05,4.340276693e-10,4.583332761e-05,4.340276693e-10
7556,5.833332604e-05,8.680553385e-10,5.833332604e-05,8.680553385e-10
7557,2.083333073e-05,2.951388151e-10,2.083333073e-05,2.951388151e-10
7558,2.499999688e-05,3.124999219e-10,2.499999688e-05,3.124999219e-10
7559,1.666666459e-05,2.777777083e-10,1.666666459e-05,2.777777083e-10
7560,8.749998907e-05,1.406249648e-09,8.749998907e-05,1.406249648e-09
7561,2.083333073e-05,2.951388151e-10,2.083333073e-05,2.951388151e-10
7562,3.333332917e-05,3.472221354e-10,3.333332917e-05,3.472221354e-10
7563,9.166665521e-05,1.215277474e-09,9.166665521e-05,1.215277474e-09
7564,8.749998906e-05,1.961805065e-09,8.749998906e-05,1.961805065e-09
7565,7.916665678e-05,1.163194154e-09,7.916665678e-05,1.163194154e-09
7566,3.749999532e-05,5.729165234e-10,3.749999532e-05,5.729165234e-10
7567,4.166666145e-06,1.736110677e-11,4.166666145e-06,1.736110677e-11
7568,5.41666599e-05,6.423609505e-10,5.41666599e-05,6.423609505e-10
7569,4.166666146e-05,5.902776302e-10,4.166666146e-05,5.902776302e-10
7570,2.083333073e-05,2.951388151e-10,2.083333073e-05,2.951388151e-10
7571,4.999999375e-05,6.249998437e-10,4.999999375e-05,6.249998437e-10
7572,7.916665678e-05,1.163194154e-09,7.916665678e-05,1.163194154e-09
7573,4.583332761e-05,6.07638737e-10,4.583332761e-05,6.07638737e-10
7574,1.666666458e-05,6.944442708e-11,1.666666458e-05,6.944442708e-11
7575,5.41666599e-05,8.506942317e-10,5.41666599e-05,8.506942317e-10
7576,3.333332917e-05,5.555554166e-10,3.333332917e-05,5.555554166e-10
7577,4.583332761e-05,6.07638737e-10,4.583332761e-05,6.07638737e-10
7578,4.166666146e-05,5.902776302e-10,4.166666146e-05,5.902776302e-10
7579,3.749999531e-05,3.645832422e-10,3.749999531e-05,3.645832422e-10
7580,7.083332449e-05,1.12847194e-09,7.083332449e-05,1.12847194e-09
7581,5.41666599e-05,6.423609505e-10,5.41666599e-05,6.423609505e-10
7582,4.166666145e-06,1.736110677e-11,4.166666145e-06,1.736110677e-11
7583,4.999999375e-05,6.249998437e-10,4.999999375e-05,6.249998437e-10
7584,7.083332449e-05,1.12847194e-09,7.083332449e-05,1.12847194e-09
7585,9.583332137e-05,1.440971862e-09,9.583332137e-05,1.440971862e-09
7586,9.166665522e-05,1.423610755e-09,9.166665522e-05,1.423610755e-09
7587,3.749999532e-05,5.729165234e-10,3.749999532e-05,5.729165234e-10
7588,6.249999219e-05,8.854164453e-10,6.249999219e-05,8.854164453e-10
7589,9.166665521e-05,1.215277474e-09,9.166665521e-05,1.215277474e-09
7590,6.666665834e-05,1.111110833e-09,6.666665834e-05,1.111110833e-09
7591,4.166666146e-06,1.736110677e-11,4.166666146e-06,1.736110677e-11
7592,2.499999688e-05,3.124999219e-10,2.499999688e-05,3.124999219e-10
7593,1.249999844e-05,5.208332032e-11,1.249999844e-05,5.208332032e-11
7594,4.166666146e-05,5.902776302e-10,4.166666146e-05,5.902776302e-10
7595,5.833332605e-05,8.680553385e-10,5.833332605e-05,8.680553385e-10
7596,4.583332761e-05,6.07638737e-10,4.583332761e-05,6.07638737e-10
7597,3.749999532e-05,5.729165234e-10,3.749999532e-05,5.729165234e-10
7598,2.499999688e-05,3.124999219e-10,2.499999688e-05,3.124999219e-10
7599,3.333332917e-05,3.472221354e-10,3.333332917e-05,3.472221354e-10
7600,6.249999219e-05,8.854164453e-10,6.249999219e-05,8.854164453e-10
7601,4.166666146e-05,5.902776302e-10,4.166666146e-05,5.902776302e-10
7602,8.333332291e-06,3.472221354e-11,8.333332291e-06,3.472221354e-11
7603,4.583332761e-05,6.07638737e-10,4.583332761e-05,6.07638737e-10
7604,4.583332761e-05,6.07638737e-10,4.583332761e-05,6.07638737e-10
7605,4.166666145e-06,1.736110677e-11,4.166666145e-06,1.736110677e-11
7606,4.166666145e-06,1.736110677e-11,4.166666145e-06,1.736110677e-11
7607,7.916665677e-05,1.163194154e-09,7.916665677e-05,1.163194154e-09
7608,2.916666302e-05,3.298610286e-10,2.916666302e-05,3.298610286e-10
7609,1.249999844e-05,5.208332032e-11,1.249999844e-05,5.208332032e-11
7610,4.166666146e-05,5.902776302e-10,4.166666146e-05,5.902776302e-10
7611,5.41666599e-05,8.506942317e-10,5.41666599e-05,8.506942317e-10
7612,2.499999688e-05,3.124999219e-10,2.499999688e-05,3.124999219e-10
7613,7.499999063e-05,1.145833047e-09,7.499999063e-05,1.145833047e-09
7614,8.749998907e-05,1.197916367e-09,8.749998907e-05,1.197916367e-09
7615,2.083333073e-05,2.951388151e-10,2.083333073e-05,2.951388151e-10
7616,8.33333229e-06,3.472221355e-11,8.33333229e-06,3.472221355e-11
7617,9.99999875e-05,1.458332968e-09,9.99999875e-05,1.458332968e-09
7618,5.833332605e-05,8.680553385e-10,5.833332605e-05,8.680553385e-10
7619,9.166665522e-05,1.423610755e-09,9.166665522e-05,1.423610755e-09
7620,2.916666302e-05,3.298610286e-10,2.916666302e-05,3.298610286e-10
7621,3.749999532e-05,5.729165234e-10,3.749999532e-05,5.729165234e-10
7622,3.333332917e-05,3.472221354e-10,3.333332917e-05,3.472221354e-10
7623,3.749999532e-05,5.729165234e-10,3.749999532e-05,5.729165234e-10
7624,6.249999219e-05,8.854164453e-10,6.249999219e-05,8.854164453e-10
7625,4.166666145e-06,1.736110677e-11,4.166666145e-06,1.736110677e-11
7626,5.41666599e-05,8.506942317e-10,5.41666599e-05,8.506942317e-10
7627,5.41666599e-05,6.423609505e-10,5.41666599e-05,6.423609505e-10
7628,5.41666599e-05,8.506942317e-10,5.41666599e-05,8.506942317e-10
7629,2.499999688e-05,3.124999219e-10,2.499999688e-05,3.124999219e-10
7630,2.083333073e-05,2.951388151e-10,2.083333073e-05,2.951388151e-10
7631,2.916666302e-05,3.298610286e-10,2.916666302e-05,3.298610286e-10
7632,0.0001041666537,1.684027357e-09,0.0001041666537,1.684027357e-09
7633,3.333332917e-05,5.555554166e-10,3.333332917e-05,5.555554166e-10
7634,4.583332761e-05,6.07638737e-10,4.583332761e-05,6.07638737e-10
7635,4.999999376e-05,8.33333125e-10,4.999999376e-05,8.33333125e-10
7636,4.166666146e-05,5.902776302e-10,4.166666146e-05,5.902776302e-10
7637,4.166666146e-05,5.902776302e-10,4.166666146e-05,5.902776302e-10
7638,5.833332604e-05,6.597220573e-10,5.833332604e-05,6.597220573e-10
7639,4.583332761e-05,6.07638737e-10,4.583332761e-05,6.07638737e-10
7640,4.583332761e-05,6.07638737e-10,4.583332761e-05,6.07638737e-10
7641,1.666666458e-05,2.777777082e-10,1.666666458e-05,2.777777082e-10
7642,8.749998907e-05,1.406249648e-09,8.749998907e-05,1.406249648e-09
7643,3.749999531e-05,3.645832422e-10,3.749999531e-05,3.645832422e-10
7644,8.333332293e-06,3.472221355e-11,8.333332293e-06,3.472221355e-11
7645,4.166666146e-05,5.902776302e-10,4.166666146e-05,5.902776302e-10
7646,4.583332761e-05,6.07638737e-10,4.583332761e-05,6.07638737e-10
7647,6.666665834e-05,9.02777552e-10,6.666665834e-05,9.02777552e-10
7648,3.749999532e-05,5.729165234e-10,3.749999532e-05,5.729165234e-10
7649,2.083333073e-05,2.951388151e-10,2.083333073e-05,2.951388151e-10
7650,4.999999376e-05,8.33333125e-10,4.999999376e-05,8.33333125e-10
7651,7.083332449e-05,1.12847194e-09,7.083332449e-05,1.12847194e-09
7652,4.166666145e-06,1.736110677e-11,4.166666145e-06,1.736110677e-11
7653,2.916666302e-05,3.298610286e-10,2.916666302e-05,3.298610286e-10
7654,4.999999376e-05,8.33333125e-10,4.999999376e-05,8.33333125e-10
7655,4.583332761e-05,6.07638737e-10,4.583332761e-05,6.07638737e-10
7656,6.249999219e-05,8.854164453e-10,6.249999219e-05,8.854164453e-10
7657,1.666666459e-05,2.777777083e-10,1.666666459e-05,2.777777083e-10
7658,7.916665678e-05,1.163194154e-09,7.916665678e-05,1.163194154e-09
7659,5.833332605e-05,6.597220573e-10,5.833332605e-05,6.597220573e-10
7660,3.749999531e-05,3.645832422e-10,3.749999531e-05,3.645832422e-10
7661,2.916666302e-05,3.298610286e-10,2.916666302e-05,3.298610286e-10
7662,1.249999844e-05,5.208332032e-11,1.249999844e-05,5.208332032e-11
7663,8.333332291e-05,1.18055526e-09,8.333332291e-05,1.18055526e-09
7664,3.749999532e-05,5.729165234e-10,3.749999532e-05,5.729165234e-10
7665,4.583332761e-05,6.076387369e-10,4.583332761e-05,6.076387369e-10
7666,4.166666146e-05,5.902776302e-10,4.166666146e-05,5.902776302e-10
7667,4.999999375e-05,6.249998437e-10,4.999999375e-05,6.249998437e-10
7668,8.333332291e-06,3.472221354e-11,8.333332291e-06,3.472221354e-11
7669,2.916666302e-05,3.298610286e-10,2.916666302e-05,3.298610286e-10
7670,1.666666458e-05,6.944442708e-11,1.666666458e-05,6.944442708e-11
7671,4.583332761e-05,6.07638737e-10,4.583332761e-05,6.07638737e-10
7672,8.749998907e-05,1.406249648e-09,8.749998907e-05,1.406249648e-09
7673,4.166666146e-05,5.902776302e-10,4.166666146e-05,5.902776302e-10
7674,5.41666599e-05,8.506942317e-10,5.41666599e-05,8.506942317e-10
7675,4.583332761e-05,6.07638737e-10,4.583332761e-05,6.07638737e-10
7676,2.499999688e-05,3.124999219e-10,2.499999688e-05,3.124999219e-10
7677,2.499999688e-05,3.124999219e-10,2.499999688e-05,3.124999219e-10
7678,2.083333073e-05,2.951388151e-10,2.083333073e-05,2.951388151e-10
7679,3.333332917e-05,3.472221354e-10,3.333332917e-05,3.472221354e-10
7680,4.58333276e-05,3.993054557e-10,4.58333276e-05,3.993054557e-10
7681,8.749998907e-05,1.406249648e-09,8.749998907e-05,1.406249648e-09
7682,2.499999688e-05,3.124999219e-10,2.499999688e-05,3.124999219e-10
7683,7.499999063e-05,1.145833047e-09,7.499999063e-05,1.145833047e-09
7684,3.333332917e-05,5.555554166e-10,3.333332917e-05,5.555554166e-10
7685,4.583332761e-05,6.07638737e-10,4.583332761e-05,6.07638737e-10
7686,2.916666302e-05,3.298610286e-10,2.916666302e-05,3.298610286e-10
7687,7.083332449e-05,1.12847194e-09,7.083332449e-05,1.12847194e-09
7688,4.999999375e-05,6.249998437e-10,4.999999375e-05,6.249998437e-10
7689,4.166666146e-05,5.902776302e-10,4.166666146e-05,5.902776302e-10
7690,3.749999532e-05,5.729165234e-10,3.749999532e-05,5.729165234e-10
7691,6.666665834e-05,9.02777552e-10,6.666665834e-05,9.02777552e-10
7692,3.749999532e-05,5.729165234e-10,3.749999532e-05,5.729165234e-10
7693,1.666666459e-05,2.777777083e-10,1.666666459e-05,2.777777083e-10
7694,3.749999532e-05,5.729165234e-10,3.749999532e-05,5.729165234e-10
7695,3.333332916e-05,3.472221354e-10,3.333332916e-05,3.472221354e-10
7696,5.416665989e-05,8.506942317e-10,5.416665989e-05,8.506942317e-10
7697,4.583332761e-05,6.07638737e-10,4.583332761e-05,6.07638737e-10
7698,5.41666599e-05,6.423609505e-10,5.41666599e-05,6.423609505e-10
7699,1.666666459e-05,2.777777083e-10,1.666666459e-05,2.777777083e-10
7700,8.333332291e-06,3.472221354e-11,8.333332291e-06,3.472221354e-11
7701,4.583332761e-05,6.07638737e-10,4.583332761e-05,6.07638737e-10
7702,3.333332917e-05,3.472221354e-10,3.333332917e-05,3.472221354e-10
7703,1.249999844e-05,5.208332031e-11,1.249999844e-05,5.208332031e-11
7704,4.166666146e-05,5.902776302e-10,4.166666146e-05,5.902776302e-10
7705,2.916666302e-05,3.298610286e-10,2.916666302e-05,3.298610286e-10
7706,4.999999375e-05,6.597220572e-10,4.999999375e-05,6.597220572e-10
7707,8.749998907e-05,1.197916367e-09,8.749998907e-05,1.197916367e-09
7708,3.749999532e-05,5.729165234e-10,3.749999532e-05,5.729165234e-10
7709,0.0001041666537,1.684027357e-09,0.0001041666537,1.684027357e-09
7710,4.999999375e-05,6.249998437e-10,4.999999375e-05,6.249998437e-10
7711,8.333332293e-06,3.472221355e-11,8.333332293e-06,3.472221355e-11
7712,3.333332917e-05,3.472221354e-10,3.333332917e-05,3.472221354e-10
7713,8.333332292e-05,1.18055526e-09,8.333332292e-05,1.18055526e-09
7714,5.41666599e-05,8.506942317e-10,5.41666599e-05,8.506942317e-10
7715,4.166666146e-05,5.902776302e-10,4.166666146e-05,5.902776302e-10
7716,4.166666145e-06,1.736110677e-11,4.166666145e-06,1.736110677e-11
7717,4.583332761e-05,6.076387369e-10,4.583332761e-05,6.076387369e-10
7718,5.41666599e-05,6.423609505e-10,5.41666599e-05,6.423609505e-10
7719,6.249999219e-05,8.854164453e-10,6.249999219e-05,8.854164453e-10
7720,5.41666599e-05,8.506942317e-10,5.41666599e-05,8.506942317e-10
7721,3.749999532e-05,5.729165234e-10,3.749999532e-05,5.729165234e-10
7722,4.999999375e-05,6.249998437e-10,4.999999375e-05,6.249998437e-10
7723,2.499999688e-05,3.124999219e-10,2.499999688e-05,3.124999219e-10
7724,4.166666146e-05,3.81944349e-10,4.166666146e-05,3.81944349e-10
7725,5.833332605e-05,8.680553385e-10,5.833332605e-05,8.680553385e-10
7726,3.333332917e-05,3.472221354e-10,3.333332917e-05,3.472221354e-10
7727,4.583332761e-05,6.07638737e-10,4.583332761e-05,6.07638737e-10
7728,3.749999532e-05,5.729165234e-10,3.749999532e-05,5.729165234e-10
7729,5.41666599e-05,6.423609505e-10,5.41666599e-05,6.423609505e-10
7730,7.499999063e-05,1.701388464e-09,7.499999063e-05,1.701388464e-09
7731,3.333332917e-05,3.472221354e-10,3.333332917e-05,3.472221354e-10
7732,3.749999531e-05,3.645832422e-10,3.749999531e-05,3.645832422e-10
7733,6.666665834e-05,1.111110833e-09,6.666665834e-05,1.111110833e-09
7734,2.638888559e-05,3.260030049e-10,2.638888559e-05,3.260030049e-10
7735,8.333332291e-06,3.472221354e-11,8.333332291e-06,3.472221354e-11
7736,4.166666146e-05,5.902776302e-10,4.166666146e-05,5.902776302e-10
7737,6.666665833e-05,9.02777552e-10,6.666665833e-05,9.02777552e-10
7738,2.499999688e-05,3.124999219e-10,2.499999688e-05,3.124999219e-10
7739,4.583332761e-05,6.07638737e-10,4.583332761e-05,6.07638737e-10
7740,7.083332449e-05,1.12847194e-09,7.083332449e-05,1.12847194e-09
7741,3.333332917e-05,5.555554166e-10,3.333332917e-05,5.555554166e-10
7742,1.249999843e-05,5.208332032e-11,1.249999843e-05,5.208332032e-11
7743,7.083332449e-05,1.12847194e-09,7.083332449e-05,1.12847194e-09
7744,4.583332761e-05,6.07638737e-10,4.583332761e-05,6.07638737e-10
7745,5.833332605e-05,8.680553385e-10,5.833332605e-05,8.680553385e-10
7746,4.166666146e-06,1.736110677e-11,4.166666146e-06,1.736110677e-11
7747,4.166666146e-05,5.902776302e-10,4.166666146e-05,5.902776302e-10
7748,2.083333073e-05,2.951388151e-10,2.083333073e-05,2.951388151e-10
7749,2.083333073e-05,2.951388151e-10,2.083333073e-05,2.951388151e-10
7750,3.749999531e-05,3.645832422e-10,3.749999531e-05,3.645832422e-10
7751,1.249999844e-05,5.208332032e-11,1.249999844e-05,5.208332032e-11
7752,0.0001791666443,4.496526653e-09,0.0001791666443,4.496526653e-09
7753,4.583332761e-05,6.07638737e-10,4.583332761e-05,6.07638737e-10
7754,4.583332761e-05,6.07638737e-10,4.583332761e-05,6.07638737e-10
7755,7.083332448e-05,9.201386588e-10,7.083332448e-05,9.201386588e-10
7756,4.166666146e-05,5.902776302e-10,4.166666146e-05,5.902776302e-10
7757,5.833332605e-05,8.680553385e-10,5.833332605e-05,8.680553385e-10
7758,2.083333073e-05,2.951388151e-10,2.083333073e-05,2.951388151e-10
7759,6.249999219e-05,8.854164453e-10,6.249999219e-05,8.854164453e-10
7760,4.166666146e-05,5.902776302e-10,4.166666146e-05,5.902776302e-10
7761,0,0,0,0
7762,4.999999375e-05,6.249998437e-10,4.999999375e-05,6.249998437e-10
7763,3.749999532e-05,5.729165234e-10,3.749999532e-05,5.729165234e-10
7764,6.249999218e-05,8.854164453e-10,6.249999218e-05,8.854164453e-10
7765,3.333332917e-05,3.472221354e-10,3.333332917e-05,3.472221354e-10
7766,9.166665521e-05,1.423610755e-09,9.166665521e-05,1.423610755e-09
7767,6.249999219e-05,6.77083164e-10,6.249999219e-05,6.77083164e-10
7768,2.499999688e-05,3.124999219e-10,2.499999688e-05,3.124999219e-10
7769,8.33333229e-06,3.472221355e-11,8.33333229e-06,3.472221355e-11
7770,4.999999375e-05,6.249998437e-10,4.999999375e-05,6.249998437e-10
7771,3.749999532e-05,5.729165234e-10,3.749999532e-05,5.729165234e-10
7772,7.499999063e-05,1.145833047e-09,7.499999063e-05,1.145833047e-09
7773,2.916666302e-05,3.645832422e-10,2.916666302e-05,3.645832422e-10
7774,6.666665833e-05,9.027775517e-10,6.666665833e-05,9.027775517e-10
7775,9.999998751e-05,1.458332969e-09,9.999998751e-05,1.458332969e-09
7776,5.833332605e-05,8.680553385e-10,5.833332605e-05,8.680553385e-10
7777,4.999999375e-05,6.249998437e-10,4.999999375e-05,6.249998437e-10
7778,4.166666145e-06,1.736110677e-11,4.166666145e-06,1.736110677e-11
7779,4.583332761e-05,6.07638737e-10,4.583332761e-05,6.07638737e-10
7780,4.166666145e-06,1.736110677e-11,4.166666145e-06,1.736110677e-11
7781,3.749999532e-05,5.729165234e-10,3.749999532e-05,5.729165234e-10
7782,3.333332917e-05,3.472221354e-10,3.333332917e-05,3.472221354e-10
7783,4.583332761e-05,6.07638737e-10,4.583332761e-05,6.07638737e-10
7784,7.499999063e-05,1.145833047e-09,7.499999063e-05,1.145833047e-09
7785,2.083333073e-05,2.951388151e-10,2.083333073e-05,2.951388151e-10
7786,2.499999688e-05,3.124999219e-10,2.499999688e-05,3.124999219e-10
7787,5.41666599e-05,8.506942317e-10,5.41666599e-05,8.506942317e-10
7788,5.833332605e-05,8.680553385e-10,5.833332605e-05,8.680553385e-10
7789,8.333332292e-05,1.18055526e-09,8.333332292e-05,1.18055526e-09
7790,3.333332917e-05,3.472221354e-10,3.333332917e-05,3.472221354e-10
7791,9.583332135e-05,1.440971862e-09,9.583332135e-05,1.440971862e-09
7792,2.083333073e-05,2.951388151e-10,2.083333073e-05,2.951388151e-10
7793,8.749998907e-05,1.197916367e-09,8.749998907e-05,1.197916367e-09
7794,8.333332291e-05,1.18055526e-09,8.333332291e-05,1.18055526e-09
7795,4.999999375e-05,6.249998437e-10,4.999999375e-05,6.249998437e-10
7796,3.333332917e-05,5.555554166e-10,3.333332917e-05,5.555554166e-10
7797,1.249999844e-05,5.208332032e-11,1.249999844e-05,5.208332032e-11
7798,6.249999219e-05,8.854164453e-10,6.249999219e-05,8.854164453e-10
7799,6.249999219e-05,8.854164453e-10,6.249999219e-05,8.854164453e-10
7800,5.41666599e-05,8.506942317e-10,5.41666599e-05,8.506942317e-10
7801,2.499999687e-05,3.124999218e-10,2.499999687e-05,3.124999218e-10
7802,6.249999219e-05,8.854164453e-10,6.249999219e-05,8.854164453e-10
7803,5.41666599e-05,8.506942317e-10,5.41666599e-05,8.506942317e-10
7804,5.833332605e-05,8.680553385e-10,5.833332605e-05,8.680553385e-10
7805,3.749999531e-05,3.645832422e-10,3.749999531e-05,3.645832422e-10
7806,7.916665678e-05,1.163194154e-09,7.916665678e-05,1.163194154e-09
7807,0,0,0,0
7808,7.499999063e-05,9.374997656e-10,7.499999063e-05,9.374997656e-10
7809,2.499999688e-05,1.041666406e-10,2.499999688e-05,1.041666406e-10
7810,3.749999531e-05,3.645832422e-10,3.749999531e-05,3.645832422e-10
7811,4.583332761e-05,6.07638737e-10,4.583332761e-05,6.07638737e-10
7812,2.499999688e-05,3.124999219e-10,2.499999688e-05,3.124999219e-10
7813,4.166666146e-05,5.902776302e-10,4.166666146e-05,5.902776302e-10
7814,0,0,0,0
7815,4.583332761e-05,6.07638737e-10,4.583332761e-05,6.07638737e-10
7816,5.41666599e-05,8.506942317e-10,5.41666599e-05,8.506942317e-10
7817,3.333332917e-05,5.555554166e-10,3.333332917e-05,5.555554166e-10
7818,3.333332916e-05,3.472221354e-10,3.333332916e-05,3.472221354e-10
7819,8.333332291e-06,3.472221354e-11,8.333332291e-06,3.472221354e-11
7820,2.083333073e-05,2.951388151e-10,2.083333073e-05,2.951388151e-10
7821,0.0001083333198,1.701388463e-09,0.0001083333198,1.701388463e-09
7822,3.749999532e-05,5.729165234e-10,3.749999532e-05,5.729165234e-10
7823,1.249999844e-05,5.208332032e-11,1.249999844e-05,5.208332032e-11
7824,1.249999844e-05,5.208332032e-11,1.249999844e-05,5.208332032e-11
7825,7.916665678e-05,1.163194154e-09,7.916665678e-05,1.163194154e-09
7826,4.583332761e-05,6.07638737e-10,4.583332761e-05,6.07638737e-10
7827,4.999999375e-05,6.249998437e-10,4.999999375e-05,6.249998437e-10
7828,2.499999688e-05,3.124999219e-10,2.499999688e-05,3.124999219e-10
7829,4.999999375e-05,6.249998437e-10,4.999999375e-05,6.249998437e-10
7830,3.749999532e-05,5.729165234e-10,3.749999532e-05,5.729165234e-10
7831,2.499999688e-05,3.124999219e-10,2.499999688e-05,3.124999219e-10
7832,8.333332292e-05,1.18055526e-09,8.333332292e-05,1.18055526e-09
7833,5.41666599e-05,8.506942317e-10,5.41666599e-05,8.506942317e-10
7834,3.749999532e-05,5.729165234e-10,3.749999532e-05,5.729165234e-10
7835,3.749999532e-05,5.729165234e-10,3.749999532e-05,5.729165234e-10
7836,8.333332293e-05,1.388888542e-09,8.333332293e-05,1.388888542e-09
7837,4.166666146e-05,5.902776302e-10,4.166666146e-05,5.902776302e-10
7838,2.083333073e-05,2.951388151e-10,2.083333073e-05,2.951388151e-10
7839,4.166666146e-05,5.902776302e-10,4.166666146e-05,5.902776302e-10
7840,5.41666599e-05,8.506942317e-10,5.41666599e-05,8.506942317e-10
7841,3.749999532e-05,5.729165234e-10,3.749999532e-05,5.729165234e-10
7842,4.583332761e-05,6.07638737e-10,4.583332761e-05,6.07638737e-10
7843,4.999999375e-05,6.249998437e-10,4.999999375e-05,6.249998437e-10
7844,9.583332136e-05,1.232638581e-09,9.583332136e-05,1.232638581e-09
7845,8.333332291e-05,1.18055526e-09,8.333332291e-05,1.18055526e-09
7846,7.083332449e-05,1.12847194e-09,7.083332449e-05,1.12847194e-09
7847,4.583332761e-05,3.993054557e-10,4.583332761e-05,3.993054557e-10
7848,7.916665678e-05,1.163194154e-09,7.916665678e-05,1.163194154e-09
7849,5.833332605e-05,6.597220573e-10,5.833332605e-05,6.597220573e-10
7850,1.666666458e-05,6.944442708e-11,1.666666458e-05,6.944442708e-11
7851,4.166666145e-06,1.736110677e-11,4.166666145e-06,1.736110677e-11
7852,7.499999062e-05,1.145833047e-09,7.499999062e-05,1.145833047e-09
7853,3.749999532e-05,5.729165234e-10,3.749999532e-05,5.729165234e-10
7854,7.916665677e-05,9.548608724e-10,7.916665677e-05,9.548608724e-10
7855,5.833332604e-05,6.597220573e-10,5.833332604e-05,6.597220573e-10
7856,2.916666302e-05,3.298610286e-10,2.916666302e-05,3.298610286e-10
7857,4.583332761e-05,6.07638737e-10,4.583332761e-05,6.07638737e-10
7858,2.916666302e-05,3.298610286e-10,2.916666302e-05,3.298610286e-10
7859,6.666665834e-05,9.02777552e-10,6.666665834e-05,9.02777552e-10
7860,5.833332605e-05,8.680553385e-10,5.833332605e-05,8.680553385e-10
7861,9.166665522e-05,1.423610755e-09,9.166665522e-05,1.423610755e-09
7862,4.166666146e-05,3.81944349e-10,4.166666146e-05,3.81944349e-10
7863,5.41666599e-05,8.506942317e-10,5.41666599e-05,8.506942317e-10
7864,2.499999688e-05,3.124999219e-10,2.499999688e-05,3.124999219e-10
7865,2.083333073e-05,2.951388151e-10,2.083333073e-05,2.951388151e-10
7866,9.166665522e-05,1.423610755e-09,9.166665522e-05,1.423610755e-09
7867,5.833332605e-05,8.680553385e-10,5.833332605e-05,8.680553385e-10
7868,2.916666302e-05,3.298610286e-10,2.916666302e-05,3.298610286e-10
7869,8.33333229e-06,3.472221355e-11,8.33333229e-06,3.472221355e-11
7870,3.333332917e-05,3.472221354e-10,3.333332917e-05,3.472221354e-10
7871,2.916666302e-05,3.298610286e-10,2.916666302e-05,3.298610286e-10
7872,1.249999844e-05,5.208332032e-11,1.249999844e-05,5.208332032e-11
7873,7.916665678e-05,1.163194154e-09,7.916665678e-05,1.163194154e-09
7874,2.499999688e-05,3.124999219e-10,2.499999688e-05,3.124999219e-10
7875,5.138888246e-05,8.236880657e-10,5.138888246e-05,8.236880657e-10
7876,9.999998751e-05,1.458332969e-09,9.999998751e-05,1.458332969e-09
7877,2.916666302e-05,3.298610286e-10,2.916666302e-05,3.298610286e-10
7878,3.749999532e-05,5.729165234e-10,3.749999532e-05,5.729165234e-10
7879,3.749999531e-05,3.645832422e-10,3.749999531e-05,3.645832422e-10
7880,4.166666145e-06,1.736110677e-11,4.166666145e-06,1.736110677e-11
7881,6.249999219e-05,8.854164453e-10,6.249999219e-05,8.854164453e-10
7882,2.499999688e-05,3.124999219e-10,2.499999688e-05,3.124999219e-10
7883,2.916666302e-05,3.298610286e-10,2.916666302e-05,3.298610286e-10
7884,4.166666146e-05,5.902776302e-10,4.166666146e-05,5.902776302e-10
7885,3.333332917e-05,3.472221354e-10,3.333332917e-05,3.472221354e-10
7886,4.999999375e-05,6.249998437e-10,4.999999375e-05,6.249998437e-10
7887,5.833332605e-05,8.680553385e-10,5.833332605e-05,8.680553385e-10
7888,1.249999844e-05,5.208332032e-11,1.249999844e-05,5.208332032e-11
7889,1.249999844e-05,5.208332032e-11,1.249999844e-05,5.208332032e-11
7890,2.916666302e-05,3.298610286e-10,2.916666302e-05,3.298610286e-10
7891,4.166666146e-05,5.902776302e-10,4.166666146e-05,5.902776302e-10
7892,4.583332761e-05,6.07638737e-10,4.583332761e-05,6.07638737e-10
7893,8.33333229e-06,3.472221355e-11,8.33333229e-06,3.472221355e-11
7894,5.833332605e-05,8.680553385e-10,5.833332605e-05,8.680553385e-10
7895,8.333332292e-05,1.18055526e-09,8.333332292e-05,1.18055526e-09
7896,6.666665833e-05,9.02777552e-10,6.666665833e-05,9.02777552e-10
7897,2.499999688e-05,3.124999219e-10,2.499999688e-05,3.124999219e-10
7898,8.333332292e-05,1.18055526e-09,8.333332292e-05,1.18055526e-09
7899,1.666666458e-05,6.944442709e-11,1.666666458e-05,6.944442709e-11
7900,2.083333073e-05,2.951388151e-10,2.083333073e-05,2.951388151e-10
7901,4.58333276e-05,3.993054557e-10,4.58333276e-05,3.993054557e-10
7902,2.499999688e-05,3.124999219e-10,2.499999688e-05,3.124999219e-10
7903,3.749999532e-05,5.729165234e-10,3.749999532e-05,5.729165234e-10
7904,4.166666146e-05,5.902776302e-10,4.166666146e-05,5.902776302e-10
7905,3.333332917e-05,5.555554166e-10,3.333332917e-05,5.555554166e-10
7906,2.499999688e-05,3.124999219e-10,2.499999688e-05,3.124999219e-10
7907,3.749999532e-05,5.729165234e-10,3.749999532e-05,5.729165234e-10
7908,1.666666458e-05,6.944442709e-11,1.666666458e-05,6.944442709e-11
7909,2.083333073e-05,2.951388151e-10,2.083333073e-05,2.951388151e-10
7910,6.249999219e-05,6.77083164e-10,6.249999219e-05,6.77083164e-10
7911,2.083333073e-05,2.951388151e-10,2.083333073e-05,2.951388151e-10
7912,6.249999219e-05,8.854164453e-10,6.249999219e-05,8.854164453e-10
7913,0.0001291666505,1.996527279e-09,0.0001291666505,1.996527279e-09
7914,4.999999375e-05,6.249998437e-10,4.999999375e-05,6.249998437e-10
7915,5.41666599e-05,6.423609505e-10,5.41666599e-05,6.423609505e-10
7916,4.583332761e-05,6.07638737e-10,4.583332761e-05,6.07638737e-10
7917,2.916666302e-05,3.298610286e-10,2.916666302e-05,3.298610286e-10
7918,9.583332135e-05,1.232638581e-09,9.583332135e-05,1.232638581e-09
7919,5.833332605e-05,8.680553385e-10,5.833332605e-05,8.680553385e-10
7920,7.916665678e-05,1.163194154e-09,7.916665678e-05,1.163194154e-09
7921,2.916666302e-05,3.298610286e-10,2.916666302e-05,3.298610286e-10
7922,4.166666146e-05,5.902776302e-10,4.166666146e-05,5.902776302e-10
7923,2.916666302e-05,3.298610286e-10,2.916666302e-05,3.298610286e-10
7924,1.666666458e-05,6.944442709e-11,1.666666458e-05,6.944442709e-11
7925,3.749999531e-05,3.645832422e-10,3.749999531e-05,3.645832422e-10
7926,6.666665834e-05,9.02777552e-10,6.666665834e-05,9.02777552e-10
7927,7.083332448e-05,9.201386588e-10,7.083332448e-05,9.201386588e-10
7928,4.166666146e-05,5.902776302e-10,4.166666146e-05,5.902776302e-10
7929,7.916665678e-05,1.163194154e-09,7.916665678e-05,1.163194154e-09
7930,7.083332449e-05,9.201386588e-10,7.083332449e-05,9.201386588e-10
7931,4.166666145e-06,1.736110677e-11,4.166666145e-06,1.736110677e-11
7932,9.166665521e-05,1.215277474e-09,9.166665521e-05,1.215277474e-09
7933,5.833332604e-05,6.597220573e-10,5.833332604e-05,6.597220573e-10
7934,2.916666302e-05,3.298610286e-10,2.916666302e-05,3.298610286e-10
7935,4.166666146e-05,3.81944349e-10,4.166666146e-05,3.81944349e-10
7936,2.083333073e-05,2.951388151e-10,2.083333073e-05,2.951388151e-10
7937,6.249999219e-05,8.854164453e-10,6.249999219e-05,8.854164453e-10
7938,4.583332761e-05,6.07638737e-10,4.583332761e-05,6.07638737e-10
7939,1.666666458e-05,6.944442709e-11,1.666666458e-05,6.944442709e-11
7940,6.666665834e-05,9.02777552e-10,6.666665834e-05,9.02777552e-10
7941,5.833332604e-05,6.597220573e-10,5.833332604e-05,6.597220573e-10
7942,2.083333073e-05,8.680553386e-11,2.083333073e-05,8.680553386e-11
7943,1.249999844e-05,5.208332032e-11,1.249999844e-05,5.208332032e-11
7944,1.666666458e-05,6.944442709e-11,1.666666458e-05,6.944442709e-11
7945,0,0,0,0
7946,5.833332605e-05,8.680553385e-10,5.833332605e-05,8.680553385e-10
7947,0,0,0,0
7948,2.916666302e-05,3.298610286e-10,2.916666302e-05,3.298610286e-10
7949,4.999999375e-05,6.249998437e-10,4.999999375e-05,6.249998437e-10
7950,5.41666599e-05,8.506942317e-10,5.41666599e-05,8.506942317e-10
7951,8.472221163e-05,1.379243482e-09,8.472221163e-05,1.379243482e-09
7952,5.833332605e-05,8.680553385e-10,5.833332605e-05,8.680553385e-10
7953,5.833332605e-05,8.680553385e-10,5.833332605e-05,8.680553385e-10
7954,5.833332605e-05,8.680553385e-10,5.833332605e-05,8.680553385e-10
7955,9.583332135e-05,1.440971862e-09,9.583332135e-05,1.440971862e-09
7956,5.833332605e-05,8.680553385e-10,5.833332605e-05,8.680553385e-10
7957,2.083333073e-05,2.951388151e-10,2.083333073e-05,2.951388151e-10
7958,2.916666302e-05,3.298610286e-10,2.916666302e-05,3.298610286e-10
7959,9.583332136e-05,1.440971862e-09,9.583332136e-05,1.440971862e-09
7960,3.541666224e-05,3.689235189e-10,3.541666224e-05,3.689235189e-10
7961,4.166666145e-06,1.736110677e-11,4.166666145e-06,1.736110677e-11
7962,0.0001291666505,1.788193997e-09,0.0001291666505,1.788193997e-09
7963,7.916665678e-05,1.163194154e-09,7.916665678e-05,1.163194154e-09
7964,4.583332761e-05,6.07638737e-10,4.583332761e-05,6.07638737e-10
7965,4.583332761e-05,6.076387369e-10,4.583332761e-05,6.076387369e-10
7966,1.666666458e-05,6.944442709e-11,1.666666458e-05,6.944442709e-11
7967,6.249999219e-05,8.854164453e-10,6.249999219e-05,8.854164453e-10
7968,4.166666146e-05,3.819443489e-10,4.166666146e-05,3.819443489e-10
7969,1.666666459e-05,2.777777083e-10,1.666666459e-05,2.777777083e-10
7970,4.166666146e-05,5.902776302e-10,4.166666146e-05,5.902776302e-10
7971,0.0001083333198,1.493055182e-09,0.0001083333198,1.493055182e-09
7972,6.249999219e-05,8.854164453e-10,6.249999219e-05,8.854164453e-10
7973,2.916666302e-05,3.298610286e-10,2.916666302e-05,3.298610286e-10
7974,4.166666146e-05,5.902776302e-10,4.166666146e-05,5.902776302e-10
7975,8.333332292e-05,1.388888542e-09,8.333332292e-05,1.388888542e-09
7976,3.333332917e-05,5.555554166e-10,3.333332917e-05,5.555554166e-10
7977,7.916665678e-05,1.163194154e-09,7.916665678e-05,1.163194154e-09
7978,5.833332604e-05,8.680553383e-10,5.833332604e-05,8.680553383e-10
7979,4.583332761e-05,6.07638737e-10,4.583332761e-05,6.07638737e-10
7980,3.541666224e-05,3.689235189e-10,3.541666224e-05,3.689235189e-10
7981,3.333332917e-05,3.472221354e-10,3.333332917e-05,3.472221354e-10
7982,4.166666146e-05,5.902776302e-10,4.166666146e-05,5.902776302e-10
7983,3.749999532e-05,5.729165234e-10,3.749999532e-05,5.729165234e-10
7984,2.083333073e-05,2.951388151e-10,2.083333073e-05,2.951388151e-10
7985,4.583332761e-05,6.07638737e-10,4.583332761e-05,6.07638737e-10
7986,4.166666146e-05,5.902776302e-10,4.166666146e-05,5.902776302e-10
7987,8.749998907e-05,1.406249648e-09,8.749998907e-05,1.406249648e-09
7988,1.666666459e-05,2.777777083e-10,1.666666459e-05,2.777777083e-10
7989,4.583332761e-05,6.07638737e-10,4.583332761e-05,6.07638737e-10
7990,1.666666458e-05,6.944442709e-11,1.666666458e-05,6.944442709e-11
7991,8.333332291e-06,3.472221354e-11,8.333332291e-06,3.472221354e-11
7992,7.083332449e-05,1.12847194e-09,7.083332449e-05,1.12847194e-09
7993,4.166666146e-05,5.902776302e-10,4.166666146e-05,5.902776302e-10
7994,2.916666302e-05,3.298610286e-10,2.916666302e-05,3.298610286e-10
7995,7.499999063e-05,1.145833047e-09,7.499999063e-05,1.145833047e-09
7996,4.58333276e-05,6.076387366e-10,4.58333276e-05,6.076387366e-10
7997,4.999999375e-05,6.249998437e-10,4.999999375e-05,6.249998437e-10
7998,4.166666146e-05,5.902776302e-10,4.166666146e-05,5.902776302e-10
7999,6.249999219e-05,8.854164453e-10,6.249999219e-05,8.854164453e-10
8000,3.333332917e-05,5.555554166e-10,3.333332917e-05,5.555554166e-10
8001,8.33333229e-06,3.472221355e-11,8.33333229e-06,3.472221355e-11
8002,3.333332917e-05,5.555554166e-10,3.333332917e-05,5.555554166e-10
8003,0,0,0,0
8004,8.333332292e-05,1.18055526e-09,8.333332292e-05,1.18055526e-09
8005,4.166666146e-05,5.902776302e-10,4.166666146e-05,5.902776302e-10
8006,7.916665678e-05,1.163194154e-09,7.916665678e-05,1.163194154e-09
8007,7.499999063e-05,1.145833047e-09,7.499999063e-05,1.145833047e-09
8008,7.916665677e-05,9.548608724e-10,7.916665677e-05,9.548608724e-10
8009,2.499999688e-05,3.124999219e-10,2.499999688e-05,3.124999219e-10
8010,5.833332605e-05,8.680553385e-10,5.833332605e-05,8.680553385e-10
8011,3.749999531e-05,3.645832422e-10,3.749999531e-05,3.645832422e-10
8012,6.666665833e-05,9.02777552e-10,6.666665833e-05,9.02777552e-10
8013,3.749999532e-05,5.729165234e-10,3.749999532e-05,5.729165234e-10
8014,2.083333073e-05,2.951388151e-10,2.083333073e-05,2.951388151e-10
8015,2.499999688e-05,3.124999219e-10,2.499999688e-05,3.124999219e-10
8016,2.083333073e-05,8.680553386e-11,2.083333073e-05,8.680553386e-11
8017,8.333332291e-06,3.472221354e-11,8.333332291e-06,3.472221354e-11
8018,2.499999688e-05,3.124999219e-10,2.499999688e-05,3.124999219e-10
8019,3.333332917e-05,1.388888542e-10,3.333332917e-05,1.388888542e-10
8020,5.833332605e-05,8.680553385e-10,5.833332605e-05,8.680553385e-10
8021,5.41666599e-05,6.423609505e-10,5.41666599e-05,6.423609505e-10
8022,1.249999844e-05,5.208332031e-11,1.249999844e-05,5.208332031e-11
8023,6.666665834e-05,9.02777552e-10,6.666665834e-05,9.02777552e-10
8024,0.0001083333198,1.701388463e-09,0.0001083333198,1.701388463e-09
8025,2.083333073e-05,2.951388151e-10,2.083333073e-05,2.951388151e-10
8026,5.833332605e-05,8.680553385e-10,5.833332605e-05,8.680553385e-10
8027,4.166666146e-05,5.902776302e-10,4.166666146e-05,5.902776302e-10
8028,2.499999688e-05,3.124999219e-10,2.499999688e-05,3.124999219e-10
8029,5.833332605e-05,8.680553385e-10,5.833332605e-05,8.680553385e-10
8030,5.41666599e-05,8.506942317e-10,5.41666599e-05,8.506942317e-10
8031,4.166666146e-05,5.902776302e-10,4.166666146e-05,5.902776302e-10
8032,8.749998907e-05,1.197916367e-09,8.749998907e-05,1.197916367e-09
8033,2.916666302e-05,3.298610286e-10,2.916666302e-05,3.298610286e-10
8034,0.0001083333198,1.493055182e-09,0.0001083333198,1.493055182e-09
8035,2.499999688e-05,3.124999219e-10,2.499999688e-05,3.124999219e-10
8036,1.666666458e-05,6.944442709e-11,1.666666458e-05,6.944442709e-11
8037,7.916665678e-05,1.71874957e-09,7.916665678e-05,1.71874957e-09
8038,2.916666302e-05,3.298610286e-10,2.916666302e-05,3.298610286e-10
8039,6.249999219e-05,8.854164453e-10,6.249999219e-05,8.854164453e-10
8040,2.916666302e-05,3.645832421e-10,2.916666302e-05,3.645832421e-10
8041,4.583332761e-05,6.07638737e-10,4.583332761e-05,6.07638737e-10
8042,8.749998907e-05,1.406249648e-09,8.749998907e-05,1.406249648e-09
8043,0.0001041666537,1.475694075e-09,0.0001041666537,1.475694075e-09
8044,5.41666599e-05,6.423609505e-10,5.41666599e-05,6.423609505e-10
8045,5.833332605e-05,8.680553385e-10,5.833332605e-05,8.680553385e-10
8046,6.249999219e-05,8.854164453e-10,6.249999219e-05,8.854164453e-10
8047,8.749998907e-05,1.197916367e-09,8.749998907e-05,1.197916367e-09
8048,5.41666599e-05,6.423609505e-10,5.41666599e-05,6.423609505e-10
8049,8.333332291e-06,3.472221354e-11,8.333332291e-06,3.472221354e-11
8050,1.666666459e-05,2.777777083e-10,1.666666459e-05,2.777777083e-10
8051,3.333332917e-05,3.472221354e-10,3.333332917e-05,3.472221354e-10
8052,1.666666458e-05,6.944442709e-11,1.666666458e-05,6.944442709e-11
8053,7.916665678e-05,1.163194154e-09,7.916665678e-05,1.163194154e-09
8054,4.999999375e-05,6.249998437e-10,4.999999375e-05,6.249998437e-10
8055,2.499999688e-05,3.124999219e-10,2.499999688e-05,3.124999219e-10
8056,4.999999375e-05,6.249998437e-10,4.999999375e-05,6.249998437e-10
8057,2.499999688e-05,3.124999219e-10,2.499999688e-05,3.124999219e-10
8058,5.833332604e-05,6.597220573e-10,5.833332604e-05,6.597220573e-10
8059,7.499999063e-05,9.374997656e-10,7.499999063e-05,9.374997656e-10
8060,1.666666458e-05,6.944442708e-11,1.666666458e-05,6.944442708e-11
8061,3.333332917e-05,3.472221354e-10,3.333332917e-05,3.472221354e-10
8062,2.083333073e-05,8.680553386e-11,2.083333073e-05,8.680553386e-11
8063,4.583332761e-05,6.07638737e-10,4.583332761e-05,6.07638737e-10
8064,6.249999219e-05,8.854164453e-10,6.249999219e-05,8.854164453e-10
8065,6.249999219e-05,8.854164453e-10,6.249999219e-05,8.854164453e-10
8066,3.749999532e-05,5.729165234e-10,3.749999532e-05,5.729165234e-10
8067,9.166665522e-05,1.423610755e-09,9.166665522e-05,1.423610755e-09
8068,4.583332761e-05,6.07638737e-10,4.583332761e-05,6.07638737e-10
8069,5.833332605e-05,8.680553385e-10,5.833332605e-05,8.680553385e-10
8070,0.0001041666537,1.475694075e-09,0.0001041666537,1.475694075e-09
8071,2.916666302e-05,1.215277474e-10,2.916666302e-05,1.215277474e-10
8072,5.833332604e-05,6.597220573e-10,5.833332604e-05,6.597220573e-10
8073,0.0001124999859,1.71874957e-09,0.0001124999859,1.71874957e-09
8074,2.916666302e-05,3.298610286e-10,2.916666302e-05,3.298610286e-10
8075,4.999999375e-05,6.249998437e-10,4.999999375e-05,6.249998437e-10
8076,1.249999844e-05,5.208332032e-11,1.249999844e-05,5.208332032e-11
8077,4.999999375e-05,6.249998437e-10,4.999999375e-05,6.249998437e-10
8078,5.41666599e-05,8.506942317e-10,5.41666599e-05,8.506942317e-10
8079,7.083332448e-05,9.201386588e-10,7.083332448e-05,9.201386588e-10
8080,2.916666302e-05,3.298610286e-10,2.916666302e-05,3.298610286e-10
8081,3.333332917e-05,3.472221354e-10,3.333332917e-05,3.472221354e-10
8082,4.166666146e-05,5.902776302e-10,4.166666146e-05,5.902776302e-10
8083,4.166666145e-06,1.736110677e-11,4.166666145e-06,1.736110677e-11
8084,6.249999219e-05,8.854164453e-10,6.249999219e-05,8.854164453e-10
8085,4.166666146e-05,5.902776302e-10,4.166666146e-05,5.902776302e-10
8086,2.916666302e-05,3.298610286e-10,2.916666302e-05,3.298610286e-10
8087,4.166666146e-06,1.736110677e-11,4.166666146e-06,1.736110677e-11
8088,7.083332449e-05,1.12847194e-09,7.083332449e-05,1.12847194e-09
8089,4.166666146e-05,5.902776302e-10,4.166666146e-05,5.902776302e-10
8090,6.666665834e-05,6.944442708e-10,6.666665834e-05,6.944442708e-10
8091,4.583332761e-05,6.07638737e-10,4.583332761e-05,6.07638737e-10
8092,4.583332761e-05,6.07638737e-10,4.583332761e-05,6.07638737e-10
8093,0.0001166666521,1.736110677e-09,0.0001166666521,1.736110677e-09
8094,5.833332604e-05,6.597220572e-10,5.833332604e-05,6.597220572e-10
8095,2.916666302e-05,3.298610286e-10,2.916666302e-05,3.298610286e-10
8096,4.166666146e-05,3.81944349e-10,4.166666146e-05,3.81944349e-10
8097,2.916666302e-05,1.215277474e-10,2.916666302e-05,1.215277474e-10
8098,1.666666458e-05,6.944442709e-11,1.666666458e-05,6.944442709e-11
8099,3.333332917e-05,3.472221354e-10,3.333332917e-05,3.472221354e-10
8100,2.499999688e-05,3.124999219e-10,2.499999688e-05,3.124999219e-10
8101,5.41666599e-05,6.423609505e-10,5.41666599e-05,6.423609505e-10
8102,5.833332605e-05,8.680553385e-10,5.833332605e-05,8.680553385e-10
8103,7.916665678e-05,9.548608724e-10,7.916665678e-05,9.548608724e-10
8104,2.083333073e-05,2.951388151e-10,2.083333073e-05,2.951388151e-10
8105,8.749998906e-05,1.406249648e-09,8.749998906e-05,1.406249648e-09
8106,5.833332605e-05,8.680553385e-10,5.833332605e-05,8.680553385e-10
8107,3.333332917e-05,3.472221354e-10,3.333332917e-05,3.472221354e-10
8108,2.916666302e-05,3.298610286e-10,2.916666302e-05,3.298610286e-10
8109,4.999999375e-05,6.249998437e-10,4.999999375e-05,6.249998437e-10
8110,5.833332605e-05,8.680553385e-10,5.833332605e-05,8.680553385e-10
8111,7.083332449e-05,1.12847194e-09,7.083332449e-05,1.12847194e-09
8112,3.333332917e-05,3.472221354e-10,3.333332917e-05,3.472221354e-10
8113,2.083333073e-05,2.951388151e-10,2.083333073e-05,2.951388151e-10
8114,8.33333229e-06,3.472221355e-11,8.33333229e-06,3.472221355e-11
8115,1.249999844e-05,5.208332032e-11,1.249999844e-05,5.208332032e-11
8116,4.166666146e-05,5.902776302e-10,4.166666146e-05,5.902776302e-10
8117,1.249999844e-05,5.208332032e-11,1.249999844e-05,5.208332032e-11
8118,5.41666599e-05,6.423609505e-10,5.41666599e-05,6.423609505e-10
8119,4.166666146e-05,5.902776302e-10,4.166666146e-05,5.902776302e-10
8120,2.916666302e-05,3.298610286e-10,2.916666302e-05,3.298610286e-10
8121,8.33333229e-06,3.472221355e-11,8.33333229e-06,3.472221355e-11
8122,5.833332605e-05,8.680553385e-10,5.833332605e-05,8.680553385e-10
8123,2.499999688e-05,3.124999219e-10,2.499999688e-05,3.124999219e-10
8124,3.749999532e-05,5.729165234e-10,3.749999532e-05,5.729165234e-10
8125,2.083333073e-05,2.951388151e-10,2.083333073e-05,2.951388151e-10
8126,9.583332136e-05,1.440971862e-09,9.583332136e-05,1.440971862e-09
8127,5.833332604e-05,6.597220573e-10,5.833332604e-05,6.597220573e-10
8128,1.249999843e-05,5.208332032e-11,1.249999843e-05,5.208332032e-11
8129,6.666665834e-05,1.111110833e-09,6.666665834e-05,1.111110833e-09
8130,7.499999063e-05,1.145833047e-09,7.499999063e-05,1.145833047e-09
8131,2.499999688e-05,3.124999219e-10,2.499999688e-05,3.124999219e-10
8132,2.499999688e-05,3.124999219e-10,2.499999688e-05,3.124999219e-10
8133,7.499999063e-05,1.145833047e-09,7.499999063e-05,1.145833047e-09
8134,5.41666599e-05,6.423609505e-10,5.41666599e-05,6.423609505e-10
8135,4.583332761e-05,6.07638737e-10,4.583332761e-05,6.07638737e-10
8136,3.333332917e-05,3.472221354e-10,3.333332917e-05,3.472221354e-10
8137,8.33333229e-06,3.472221355e-11,8.33333229e-06,3.472221355e-11
8138,5.41666599e-05,8.506942317e-10,5.41666599e-05,8.506942317e-10
8139,3.749999532e-05,3.645832422e-10,3.749999532e-05,3.645832422e-10
8140,7.083332449e-05,9.201386588e-10,7.083332449e-05,9.201386588e-10
8141,4.999999375e-05,4.166665625e-10,4.999999375e-05,4.166665625e-10
8142,9.99999875e-05,1.66666625e-09,9.99999875e-05,1.66666625e-09
8143,5.833332605e-05,8.680553385e-10,5.833332605e-05,8.680553385e-10
8144,6.249999219e-05,6.77083164e-10,6.249999219e-05,6.77083164e-10
8145,5.833332605e-05,8.680553385e-10,5.833332605e-05,8.680553385e-10
8146,1.249999844e-05,5.208332032e-11,1.249999844e-05,5.208332032e-11
8147,1.666666458e-05,6.944442709e-11,1.666666458e-05,6.944442709e-11
8148,7.083332448e-05,9.201386588e-10,7.083332448e-05,9.201386588e-10
8149,8.333332292e-05,1.18055526e-09,8.333332292e-05,1.18055526e-09
8150,5.41666599e-05,6.423609505e-10,5.41666599e-05,6.423609505e-10
8151,6.249999219e-05,8.854164453e-10,6.249999219e-05,8.854164453e-10
8152,3.333332917e-05,1.388888542e-10,3.333332917e-05,1.388888542e-10
8153,6.249999219e-05,8.854164453e-10,6.249999219e-05,8.854164453e-10
8154,4.999999376e-05,8.33333125e-10,4.999999376e-05,8.33333125e-10
8155,2.083333073e-05,2.951388151e-10,2.083333073e-05,2.951388151e-10
8156,8.33333229e-06,3.472221355e-11,8.33333229e-06,3.472221355e-11
8157,3.333332917e-05,5.555554166e-10,3.333332917e-05,5.555554166e-10
8158,5.833332604e-05,6.597220571e-10,5.833332604e-05,6.597220571e-10
8159,7.499999063e-05,9.374997656e-10,7.499999063e-05,9.374997656e-10
8160,0,0,0,0
8161,1.666666458e-05,6.944442709e-11,1.666666458e-05,6.944442709e-11
8162,2.083333073e-05,2.951388151e-10,2.083333073e-05,2.951388151e-10
8163,9.166665522e-05,1.215277474e-09,9.166665522e-05,1.215277474e-09
8164,7.499999063e-05,1.145833047e-09,7.499999063e-05,1.145833047e-09
8165,0.0001166666521,1.736110677e-09,0.0001166666521,1.736110677e-09
8166,4.166666146e-06,1.736110677e-11,4.166666146e-06,1.736110677e-11
8167,3.749999532e-05,5.729165234e-10,3.749999532e-05,5.729165234e-10
8168,7.083332449e-05,9.201386588e-10,7.083332449e-05,9.201386588e-10
8169,4.166666146e-05,5.902776302e-10,4.166666146e-05,5.902776302e-10
8170,4.166666146e-05,5.902776302e-10,4.166666146e-05,5.902776302e-10
8171,0.000141666649,2.25694388e-09,0.000141666649,2.25694388e-09
8172,4.166666146e-05,5.902776302e-10,4.166666146e-05,5.902776302e-10
8173,6.249999219e-05,8.854164453e-10,6.249999219e-05,8.854164453e-10
8174,9.166665522e-05,1.215277474e-09,9.166665522e-05,1.215277474e-09
8175,0.0001124999859,1.71874957e-09,0.0001124999859,1.71874957e-09
8176,3.333332917e-05,5.555554166e-10,3.333332917e-05,5.555554166e-10
8177,4.583332761e-05,6.07638737e-10,4.583332761e-05,6.07638737e-10
8178,1.666666459e-05,2.777777083e-10,1.666666459e-05,2.777777083e-10
8179,7.499999063e-05,1.145833047e-09,7.499999063e-05,1.145833047e-09
8180,2.083333073e-05,8.680553386e-11,2.083333073e-05,8.680553386e-11
8181,3.333332917e-05,3.472221354e-10,3.333332917e-05,3.472221354e-10
8182,2.499999687e-05,1.041666406e-10,2.499999687e-05,1.041666406e-10
8183,5.41666599e-05,6.423609505e-10,5.41666599e-05,6.423609505e-10
8184,6.249999219e-05,6.77083164e-10,6.249999219e-05,6.77083164e-10
8185,3.333332917e-05,3.472221354e-10,3.333332917e-05,3.472221354e-10
8186,3.749999531e-05,3.645832422e-10,3.749999531e-05,3.645832422e-10
8187,2.083333073e-05,2.951388151e-10,2.083333073e-05,2.951388151e-10
8188,9.166665522e-05,1.423610755e-09,9.166665522e-05,1.423610755e-09
8189,9.166665522e-05,1.423610755e-09,9.166665522e-05,1.423610755e-09
8190,7.499999063e-05,9.374997656e-10,7.499999063e-05,9.374997656e-10
8191,4.722221632e-05,8.063269589e-10,4.722221632e-05,8.063269589e-10
8192,4.999999375e-05,6.249998437e-10,4.999999375e-05,6.249998437e-10
8193,6.249999219e-05,8.854164453e-10,6.249999219e-05,8.854164453e-10
8194,4.166666146e-05,5.902776302e-10,4.166666146e-05,5.902776302e-10
8195,7.083332448e-05,9.201386588e-10,7.083332448e-05,9.201386588e-10
8196,3.749999532e-05,5.729165234e-10,3.749999532e-05,5.729165234e-10
8197,4.999999375e-05,6.249998437e-10,4.999999375e-05,6.249998437e-10
8198,5.41666599e-05,6.423609505e-10,5.41666599e-05,6.423609505e-10
8199,4.583332761e-05,6.07638737e-10,4.583332761e-05,6.07638737e-10
8200,4.166666146e-05,5.902776302e-10,4.166666146e-05,5.902776302e-10
8201,4.166666146e-05,5.902776302e-10,4.166666146e-05,5.902776302e-10
8202,5.41666599e-05,6.423609505e-10,5.41666599e-05,6.423609505e-10
8203,5.41666599e-05,8.506942317e-10,5.41666599e-05,8.506942317e-10
8204,5.41666599e-05,8.506942317e-10,5.41666599e-05,8.506942317e-10
8205,3.749999532e-05,5.729165234e-10,3.749999532e-05,5.729165234e-10
8206,5.833332604e-05,6.597220573e-10,5.833332604e-05,6.597220573e-10
8207,4.583332761e-05,6.07638737e-10,4.583332761e-05,6.07638737e-10
8208,3.333332917e-05,3.472221354e-10,3.333332917e-05,3.472221354e-10
8209,2.916666302e-05,3.298610286e-10,2.916666302e-05,3.298610286e-10
8210,4.166666146e-05,5.902776302e-10,4.166666146e-05,5.902776302e-10
8211,2.083333073e-05,2.951388151e-10,2.083333073e-05,2.951388151e-10
8212,7.083332449e-05,1.12847194e-09,7.083332449e-05,1.12847194e-09
8213,4.166666146e-05,5.902776302e-10,4.166666146e-05,5.902776302e-10
8214,7.499999063e-05,9.374997656e-10,7.499999063e-05,9.374997656e-10
8215,3.749999531e-05,3.645832422e-10,3.749999531e-05,3.645832422e-10
8216,4.166666145e-06,1.736110677e-11,4.166666145e-06,1.736110677e-11
8217,8.333332292e-05,1.18055526e-09,8.333332292e-05,1.18055526e-09
8218,5.833332605e-05,8.680553385e-10,5.833332605e-05,8.680553385e-10
8219,4.166666146e-05,6.944442708e-10,4.166666146e-05,6.944442708e-10
8220,1.249999844e-05,5.208332032e-11,1.249999844e-05,5.208332032e-11
8221,5.833332605e-05,8.680553385e-10,5.833332605e-05,8.680553385e-10
8222,9.166665522e-05,1.423610755e-09,9.166665522e-05,1.423610755e-09
8223,6.249999219e-05,8.854164453e-10,6.249999219e-05,8.854164453e-10
8224,3.749999531e-05,3.645832422e-10,3.749999531e-05,3.645832422e-10
8225,2.499999688e-05,3.124999219e-10,2.499999688e-05,3.124999219e-10
8226,0.0001020833206,1.480034352e-09,0.0001020833206,1.480034352e-09
8227,6.708332495e-05,9.064233845e-10,6.708332495e-05,9.064233845e-10
8228,7.499999063e-05,9.374997656e-10,7.499999063e-05,9.374997656e-10
8229,2.499999688e-05,3.124999219e-10,2.499999688e-05,3.124999219e-10
8230,7.499999063e-05,1.145833047e-09,7.499999063e-05,1.145833047e-09
8231,2.916666302e-05,3.298610286e-10,2.916666302e-05,3.298610286e-10
8232,9.166665522e-05,1.423610755e-09,9.166665522e-05,1.423610755e-09
8233,6.666665834e-05,9.02777552e-10,6.666665834e-05,9.02777552e-10
8234,3.749999532e-05,5.729165234e-10,3.749999532e-05,5.729165234e-10
8235,4.166666145e-06,1.736110677e-11,4.166666145e-06,1.736110677e-11
8236,4.166666146e-05,5.902776302e-10,4.166666146e-05,5.902776302e-10
8237,2.916666302e-05,3.298610286e-10,2.916666302e-05,3.298610286e-10
8238,9.166665521e-05,1.215277474e-09,9.166665521e-05,1.215277474e-09
8239,4.166666146e-05,5.902776302e-10,4.166666146e-05,5.902776302e-10
8240,1.666666459e-05,2.777777083e-10,1.666666459e-05,2.777777083e-10
8241,0.0001249999844,1.979166172e-09,0.0001249999844,1.979166172e-09
8242,9.166665521e-05,1.423610755e-09,9.166665521e-05,1.423610755e-09
8243,3.333332917e-05,3.472221354e-10,3.333332917e-05,3.472221354e-10
8244,8.333332292e-05,1.18055526e-09,8.333332292e-05,1.18055526e-09
8245,4.2708328e-05,3.917099715e-10,4.2708328e-05,3.917099715e-10
8246,4.583332761e-05,6.07638737e-10,4.583332761e-05,6.07638737e-10
8247,2.083333073e-05,2.951388151e-10,2.083333073e-05,2.951388151e-10
8248,8.333332291e-06,3.472221354e-11,8.333332291e-06,3.472221354e-11
8249,1.249999844e-05,5.208332031e-11,1.249999844e-05,5.208332031e-11
8250,6.666665834e-05,1.458332969e-09,6.666665834e-05,1.458332969e-09
8251,6.249999219e-05,8.854164453e-10,6.249999219e-05,8.854164453e-10
8252,3.333332917e-05,3.472221354e-10,3.333332917e-05,3.472221354e-10
8253,5.833332605e-05,8.680553385e-10,5.833332605e-05,8.680553385e-10
8254,4.999999375e-05,6.249998437e-10,4.999999375e-05,6.249998437e-10
8255,4.166666146e-05,5.902776302e-10,4.166666146e-05,5.902776302e-10
8256,5.41666599e-05,1.197916367e-09,5.41666599e-05,1.197916367e-09
8257,2.499999688e-05,3.124999219e-10,2.499999688e-05,3.124999219e-10
8258,5.833332605e-05,8.680553385e-10,5.833332605e-05,8.680553385e-10
8259,8.333332291e-06,3.472221354e-11,8.333332291e-06,3.472221354e-11
8260,4.166666146e-05,5.902776302e-10,4.166666146e-05,5.902776302e-10
8261,8.333332292e-05,1.18055526e-09,8.333332292e-05,1.18055526e-09
8262,2.083333073e-05,2.951388151e-10,2.083333073e-05,2.951388151e-10
8263,4.166666146e-05,5.902776302e-10,4.166666146e-05,5.902776302e-10
8264,9.999998751e-05,1.458332969e-09,9.999998751e-05,1.458332969e-09
8265,9.166665522e-05,1.423610755e-09,9.166665522e-05,1.423610755e-09
8266,3.333332917e-05,5.555554166e-10,3.333332917e-05,5.555554166e-10
8267,7.083332448e-05,9.201386588e-10,7.083332448e-05,9.201386588e-10
8268,4.166666146e-05,5.902776302e-10,4.166666146e-05,5.902776302e-10
8269,7.499999063e-05,1.145833047e-09,7.499999063e-05,1.145833047e-09
8270,4.166666146e-05,5.902776302e-10,4.166666146e-05,5.902776302e-10
8271,1.249999843e-05,5.208332032e-11,1.249999843e-05,5.208332032e-11
8272,7.083332448e-05,1.12847194e-09,7.083332448e-05,1.12847194e-09
8273,5.833332605e-05,8.680553385e-10,5.833332605e-05,8.680553385e-10
8274,4.999999375e-05,6.249998437e-10,4.999999375e-05,6.249998437e-10
8275,1.666666459e-05,2.777777083e-10,1.666666459e-05,2.777777083e-10
8276,8.333332291e-06,3.472221354e-11,8.333332291e-06,3.472221354e-11
8277,5.41666599e-05,8.506942317e-10,5.41666599e-05,8.506942317e-10
8278,3.333332917e-05,3.472221354e-10,3.333332917e-05,3.472221354e-10
8279,8.333332293e-05,1.388888542e-09,8.333332293e-05,1.388888542e-09
8280,7.499999063e-05,9.374997656e-10,7.499999063e-05,9.374997656e-10
8281,3.749999532e-05,5.729165234e-10,3.749999532e-05,5.729165234e-10
8282,2.499999688e-05,3.124999219e-10,2.499999688e-05,3.124999219e-10
8283,7.083332449e-05,1.12847194e-09,7.083332449e-05,1.12847194e-09
8284,1.249999843e-05,5.208332031e-11,1.249999843e-05,5.208332031e-11
8285,5.833332605e-05,8.680553385e-10,5.833332605e-05,8.680553385e-10
8286,3.749999531e-05,3.645832422e-10,3.749999531e-05,3.645832422e-10
8287,5.41666599e-05,8.506942317e-10,5.41666599e-05,8.506942317e-10
8288,6.666665834e-05,9.02777552e-10,6.666665834e-05,9.02777552e-10
8289,9.166665522e-05,1.423610755e-09,9.166665522e-05,1.423610755e-09
8290,0.0001041666537,1.684027357e-09,0.0001041666537,1.684027357e-09
8291,7.499999063e-05,9.374997656e-10,7.499999063e-05,9.374997656e-10
8292,4.583332761e-05,6.07638737e-10,4.583332761e-05,6.07638737e-10
8293,4.583332761e-05,6.07638737e-10,4.583332761e-05,6.07638737e-10
8294,3.749999531e-05,3.645832422e-10,3.749999531e-05,3.645832422e-10
8295,4.166666146e-05,3.819443489e-10,4.166666146e-05,3.819443489e-10
8296,5.41666599e-05,8.506942317e-10,5.41666599e-05,8.506942317e-10
8297,4.583332761e-05,6.07638737e-10,4.583332761e-05,6.07638737e-10
8298,1.666666458e-05,6.944442709e-11,1.666666458e-05,6.944442709e-11
8299,0.000112499986,1.71874957e-09,0.000112499986,1.71874957e-09
8300,6.666665834e-05,9.02777552e-10,6.666665834e-05,9.02777552e-10
8301,2.499999688e-05,3.124999219e-10,2.499999688e-05,3.124999219e-10
8302,7.916665678e-05,9.548608724e-10,7.916665678e-05,9.548608724e-10
8303,4.166666146e-05,3.81944349e-10,4.166666146e-05,3.81944349e-10
8304,8.333332292e-05,1.18055526e-09,8.333332292e-05,1.18055526e-09
8305,4.166666146e-05,3.81944349e-10,4.166666146e-05,3.81944349e-10
8306,2.083333073e-05,8.680553387e-11,2.083333073e-05,8.680553387e-11
8307,4.999999376e-05,8.33333125e-10,4.999999376e-05,8.33333125e-10
8308,7.083332448e-05,9.201386588e-10,7.083332448e-05,9.201386588e-10
8309,6.249999219e-05,6.77083164e-10,6.249999219e-05,6.77083164e-10
8310,2.499999688e-05,3.124999219e-10,2.499999688e-05,3.124999219e-10
8311,0.0001166666521,1.736110677e-09,0.0001166666521,1.736110677e-09
8312,1.666666459e-05,2.777777083e-10,1.666666459e-05,2.777777083e-10
8313,2.083333073e-05,8.680553386e-11,2.083333073e-05,8.680553386e-11
8314,6.666665834e-05,9.02777552e-10,6.666665834e-05,9.02777552e-10
8315,4.166666146e-05,5.902776302e-10,4.166666146e-05,5.902776302e-10
8316,4.583332761e-05,6.07638737e-10,4.583332761e-05,6.07638737e-10
8317,4.583332761e-05,6.07638737e-10,4.583332761e-05,6.07638737e-10
8318,4.999999375e-05,6.249998437e-10,4.999999375e-05,6.249998437e-10
8319,1.666666458e-05,6.944442709e-11,1.666666458e-05,6.944442709e-11
8320,4.583332761e-05,6.07638737e-10,4.583332761e-05,6.07638737e-10
8321,1.666666458e-05,6.944442709e-11,1.666666458e-05,6.944442709e-11
8322,6.249999219e-05,8.854164453e-10,6.249999219e-05,8.854164453e-10
8323,7.083332448e-05,9.201386588e-10,7.083332448e-05,9.201386588e-10
8324,2.499999688e-05,3.124999219e-10,2.499999688e-05,3.124999219e-10
8325,2.916666302e-05,3.298610286e-10,2.916666302e-05,3.298610286e-10
8326,2.499999688e-05,3.124999219e-10,2.499999688e-05,3.124999219e-10
8327,8.333332292e-05,1.18055526e-09,8.333332292e-05,1.18055526e-09
8328,3.333332917e-05,3.472221354e-10,3.333332917e-05,3.472221354e-10
8329,5.41666599e-05,6.423609505e-10,5.41666599e-05,6.423609505e-10
8330,5.41666599e-05,8.506942317e-10,5.41666599e-05,8.506942317e-10
8331,4.583332761e-05,6.07638737e-10,4.583332761e-05,6.07638737e-10
8332,6.249999219e-05,6.77083164e-10,6.249999219e-05,6.77083164e-10
8333,8.333332291e-06,3.472221354e-11,8.333332291e-06,3.472221354e-11
8334,4.166666146e-05,5.902776302e-10,4.166666146e-05,5.902776302e-10
8335,4.999999376e-05,8.33333125e-10,4.999999376e-05,8.33333125e-10
8336,9.583332136e-05,1.440971862e-09,9.583332136e-05,1.440971862e-09
8337,1.249999844e-05,5.208332032e-11,1.249999844e-05,5.208332032e-11
8338,4.583332759e-05,6.076387365e-10,4.583332759e-05,6.076387365e-10
8339,7.083332449e-05,1.12847194e-09,7.083332449e-05,1.12847194e-09
8340,5.833332605e-05,8.680553385e-10,5.833332605e-05,8.680553385e-10
8341,6.666665834e-05,9.02777552e-10,6.666665834e-05,9.02777552e-10
8342,0.0001083333198,1.701388463e-09,0.0001083333198,1.701388463e-09
8343,7.499999063e-05,9.374997656e-10,7.499999063e-05,9.374997656e-10
8344,4.583332761e-05,6.07638737e-10,4.583332761e-05,6.07638737e-10
8345,5.41666599e-05,6.423609505e-10,5.41666599e-05,6.423609505e-10
8346,2.083333073e-05,2.951388151e-10,2.083333073e-05,2.951388151e-10
8347,5.41666599e-05,8.506942317e-10,5.41666599e-05,8.506942317e-10
8348,7.916665678e-05,1.163194154e-09,7.916665678e-05,1.163194154e-09
8349,7.083332448e-05,9.201386588e-10,7.083332448e-05,9.201386588e-10
8350,4.583332761e-05,6.07638737e-10,4.583332761e-05,6.07638737e-10
8351,1.249999844e-05,5.208332032e-11,1.249999844e-05,5.208332032e-11
8352,7.499999063e-05,9.374997656e-10,7.499999063e-05,9.374997656e-10
8353,4.583332761e-05,6.07638737e-10,4.583332761e-05,6.07638737e-10
8354,0.0001333333167,2.326388307e-09,0.0001333333167,2.326388307e-09
8355,4.999999375e-05,6.249998437e-10,4.999999375e-05,6.249998437e-10
8356,6.666665834e-05,9.02777552e-10,6.666665834e-05,9.02777552e-10
8357,5.833332605e-05,8.680553385e-10,5.833332605e-05,8.680553385e-10
8358,4.583332761e-05,6.07638737e-10,4.583332761e-05,6.07638737e-10
8359,9.999998751e-05,1.458332969e-09,9.999998751e-05,1.458332969e-09
8360,3.333332916e-05,3.472221354e-10,3.333332916e-05,3.472221354e-10
8361,2.083333073e-05,8.680553387e-11,2.083333073e-05,8.680553387e-11
8362,1.666666458e-05,6.944442709e-11,1.666666458e-05,6.944442709e-11
8363,4.583332761e-05,6.07638737e-10,4.583332761e-05,6.07638737e-10
8364,5.41666599e-05,6.423609505e-10,5.41666599e-05,6.423609505e-10
8365,3.749999532e-05,5.729165234e-10,3.749999532e-05,5.729165234e-10
8366,5.41666599e-05,6.423609505e-10,5.41666599e-05,6.423609505e-10
8367,8.749998907e-05,1.406249648e-09,8.749998907e-05,1.406249648e-09
8368,9.16666552e-05,1.423610755e-09,9.16666552e-05,1.423610755e-09
8369,4.999999376e-05,8.33333125e-10,4.999999376e-05,8.33333125e-10
8370,2.083333073e-05,2.951388151e-10,2.083333073e-05,2.951388151e-10
8371,7.083332448e-05,9.201386588e-10,7.083332448e-05,9.201386588e-10
8372,6.249999219e-05,8.854164453e-10,6.249999219e-05,8.854164453e-10
8373,2.499999688e-05,3.124999219e-10,2.499999688e-05,3.124999219e-10
8374,6.249999219e-05,8.854164453e-10,6.249999219e-05,8.854164453e-10
8375,7.499999063e-05,1.145833047e-09,7.499999063e-05,1.145833047e-09
8376,7.916665678e-05,1.163194154e-09,7.916665678e-05,1.163194154e-09
8377,2.499999688e-05,3.124999219e-10,2.499999688e-05,3.124999219e-10
8378,5.833332604e-05,6.597220572e-10,5.833332604e-05,6.597220572e-10
8379,2.083333073e-05,2.951388151e-10,2.083333073e-05,2.951388151e-10
8380,9.166665522e-05,1.423610755e-09,9.166665522e-05,1.423610755e-09
8381,0.0001083333198,1.493055182e-09,0.0001083333198,1.493055182e-09
8382,5.41666599e-05,8.506942317e-10,5.41666599e-05,8.506942317e-10
8383,8.333332291e-06,3.472221354e-11,8.333332291e-06,3.472221354e-11
8384,4.999999375e-05,6.249998437e-10,4.999999375e-05,6.249998437e-10
8385,4.999999375e-05,6.249998437e-10,4.999999375e-05,6.249998437e-10
8386,2.916666302e-05,3.298610286e-10,2.916666302e-05,3.298610286e-10
8387,7.916665678e-05,1.163194154e-09,7.916665678e-05,1.163194154e-09
8388,3.749999531e-05,3.645832422e-10,3.749999531e-05,3.645832422e-10
8389,2.499999688e-05,3.124999219e-10,2.499999688e-05,3.124999219e-10
8390,3.749999532e-05,5.729165234e-10,3.749999532e-05,5.729165234e-10
8391,5.833332605e-05,8.680553385e-10,5.833332605e-05,8.680553385e-10
8392,6.249999219e-05,8.854164453e-10,6.249999219e-05,8.854164453e-10
8393,8.333332291e-06,3.472221354e-11,8.333332291e-06,3.472221354e-11
8394,2.916666302e-05,3.298610286e-10,2.916666302e-05,3.298610286e-10
8395,4.999999375e-05,6.249998437e-10,4.999999375e-05,6.249998437e-10
8396,4.583332761e-05,6.07638737e-10,4.583332761e-05,6.07638737e-10
8397,4.999999376e-05,8.33333125e-10,4.999999376e-05,8.33333125e-10
8398,6.249999219e-05,8.854164453e-10,6.249999219e-05,8.854164453e-10
8399,8.333332292e-05,1.18055526e-09,8.333332292e-05,1.18055526e-09
8400,4.166666146e-05,3.81944349e-10,4.166666146e-05,3.81944349e-10
8401,4.999999375e-05,4.166665625e-10,4.999999375e-05,4.166665625e-10
8402,5.41666599e-05,6.423609505e-10,5.41666599e-05,6.423609505e-10
8403,3.541666224e-05,3.689235189e-10,3.541666224e-05,3.689235189e-10
8404,7.499999063e-05,1.145833047e-09,7.499999063e-05,1.145833047e-09
8405,4.166666146e-05,3.81944349e-10,4.166666146e-05,3.81944349e-10
8406,6.666665834e-05,9.374997656e-10,6.666665834e-05,9.374997656e-10
8407,2.916666302e-05,3.298610286e-10,2.916666302e-05,3.298610286e-10
8408,5.833332605e-05,8.680553385e-10,5.833332605e-05,8.680553385e-10
8409,4.166666146e-05,5.902776302e-10,4.166666146e-05,5.902776302e-10
8410,2.499999688e-05,3.124999219e-10,2.499999688e-05,3.124999219e-10
8411,3.333332917e-05,5.555554166e-10,3.333332917e-05,5.555554166e-10
8412,3.749999532e-05,5.729165234e-10,3.749999532e-05,5.729165234e-10
8413,2.916666302e-05,3.298610286e-10,2.916666302e-05,3.298610286e-10
8414,7.916665677e-05,1.163194154e-09,7.916665677e-05,1.163194154e-09
8415,8.749998906e-05,1.406249648e-09,8.749998906e-05,1.406249648e-09
8416,9.583332136e-05,1.440971862e-09,9.583332136e-05,1.440971862e-09
8417,7.083332449e-05,1.12847194e-09,7.083332449e-05,1.12847194e-09
8418,8.749998907e-05,1.406249648e-09,8.749998907e-05,1.406249648e-09
8419,8.333332292e-05,1.18055526e-09,8.333332292e-05,1.18055526e-09
8420,7.916665678e-05,1.163194154e-09,7.916665678e-05,1.163194154e-09
8421,3.333332916e-05,1.388888541e-10,3.333332916e-05,1.388888541e-10
8422,6.249999219e-05,6.77083164e-10,6.249999219e-05,6.77083164e-10
8423,2.499999688e-05,3.124999219e-10,2.499999688e-05,3.124999219e-10
8424,2.916666302e-05,3.298610286e-10,2.916666302e-05,3.298610286e-10
8425,2.083333073e-05,2.951388151e-10,2.083333073e-05,2.951388151e-10
8426,5.833332605e-05,8.680553385e-10,5.833332605e-05,8.680553385e-10
8427,2.499999688e-05,3.124999219e-10,2.499999688e-05,3.124999219e-10
8428,7.083332449e-05,1.12847194e-09,7.083332449e-05,1.12847194e-09
8429,2.499999688e-05,3.124999219e-10,2.499999688e-05,3.124999219e-10
8430,9.166665522e-05,1.423610755e-09,9.166665522e-05,1.423610755e-09
8431,0.0001124999859,2.274304987e-09,0.0001124999859,2.274304987e-09
8432,6.666665833e-05,6.944442708e-10,6.666665833e-05,6.944442708e-10
8433,4.999999375e-05,6.249998437e-10,4.999999375e-05,6.249998437e-10
8434,6.666665834e-05,9.02777552e-10,6.666665834e-05,9.02777552e-10
8435,5.833332605e-05,8.680553385e-10,5.833332605e-05,8.680553385e-10
8436,9.583332135e-05,1.440971862e-09,9.583332135e-05,1.440971862e-09
8437,2.083333073e-05,2.951388151e-10,2.083333073e-05,2.951388151e-10
8438,4.999999375e-05,6.249998437e-10,4.999999375e-05,6.249998437e-10
8439,4.166666145e-06,1.736110677e-11,4.166666145e-06,1.736110677e-11
8440,7.916665678e-05,1.163194154e-09,7.916665678e-05,1.163194154e-09
8441,6.666665834e-05,9.02777552e-10,6.666665834e-05,9.02777552e-10
8442,7.916665678e-05,1.163194154e-09,7.916665678e-05,1.163194154e-09
8443,6.249999219e-05,8.854164453e-10,6.249999219e-05,8.854164453e-10
8444,6.249999219e-05,8.854164453e-10,6.249999219e-05,8.854164453e-10
8445,4.166666146e-05,5.902776302e-10,4.166666146e-05,5.902776302e-10
8446,2.916666302e-05,3.298610286e-10,2.916666302e-05,3.298610286e-10
8447,3.749999531e-05,3.645832422e-10,3.749999531e-05,3.645832422e-10
8448,4.999999375e-05,6.249998437e-10,4.999999375e-05,6.249998437e-10
8449,5.833332605e-05,6.597220573e-10,5.833332605e-05,6.597220573e-10
8450,7.499999063e-05,1.145833047e-09,7.499999063e-05,1.145833047e-09
8451,4.583332761e-05,6.07638737e-10,4.583332761e-05,6.07638737e-10
8452,3.749999532e-05,5.729165234e-10,3.749999532e-05,5.729165234e-10
8453,8.333332293e-06,3.472221355e-11,8.333332293e-06,3.472221355e-11
8454,2.499999688e-05,3.124999219e-10,2.499999688e-05,3.124999219e-10
8455,4.999999376e-05,8.33333125e-10,4.999999376e-05,8.33333125e-10
8456,6.249999219e-05,8.854164453e-10,6.249999219e-05,8.854164453e-10
8457,4.583332761e-05,6.07638737e-10,4.583332761e-05,6.07638737e-10
8458,3.749999531e-05,3.645832422e-10,3.749999531e-05,3.645832422e-10
8459,2.499999688e-05,3.124999219e-10,2.499999688e-05,3.124999219e-10
8460,2.499999688e-05,3.124999219e-10,2.499999688e-05,3.124999219e-10
8461,8.333332292e-05,1.18055526e-09,8.333332292e-05,1.18055526e-09
8462,5.41666599e-05,8.506942317e-10,5.41666599e-05,8.506942317e-10
8463,9.999998751e-05,1.458332969e-09,9.999998751e-05,1.458332969e-09
8464,6.666665834e-05,1.111110833e-09,6.666665834e-05,1.111110833e-09
8465,0.0001166666521,1.736110677e-09,0.0001166666521,1.736110677e-09
8466,1.666666458e-05,6.944442709e-11,1.666666458e-05,6.944442709e-11
8467,4.999999376e-05,8.33333125e-10,4.999999376e-05,8.33333125e-10
8468,2.916666302e-05,3.298610286e-10,2.916666302e-05,3.298610286e-10
8469,3.333332917e-05,3.472221354e-10,3.333332917e-05,3.472221354e-10
8470,4.999999375e-05,6.249998437e-10,4.999999375e-05,6.249998437e-10
8471,9.583332136e-05,1.232638581e-09,9.583332136e-05,1.232638581e-09
8472,3.333332916e-05,3.472221354e-10,3.333332916e-05,3.472221354e-10
8473,7.083332448e-05,9.201386588e-10,7.083332448e-05,9.201386588e-10
8474,1.666666459e-05,2.777777083e-10,1.666666459e-05,2.777777083e-10
8475,7.916665678e-05,1.163194154e-09,7.916665678e-05,1.163194154e-09
8476,1.249999844e-05,5.208332032e-11,1.249999844e-05,5.208332032e-11
8477,2.083333073e-05,2.951388151e-10,2.083333073e-05,2.951388151e-10
8478,4.166666146e-05,5.902776302e-10,4.166666146e-05,5.902776302e-10
8479,9.583332136e-05,1.440971862e-09,9.583332136e-05,1.440971862e-09
8480,4.166666146e-05,5.902776302e-10,4.166666146e-05,5.902776302e-10
8481,5.41666599e-05,8.506942317e-10,5.41666599e-05,8.506942317e-10
8482,5.41666599e-05,6.423609505e-10,5.41666599e-05,6.423609505e-10
8483,9.583332136e-05,1.440971862e-09,9.583332136e-05,1.440971862e-09
8484,0.0001249999844,1.979166172e-09,0.0001249999844,1.979166172e-09
8485,5.41666599e-05,6.423609505e-10,5.41666599e-05,6.423609505e-10
8486,5.41666599e-05,8.506942317e-10,5.41666599e-05,8.506942317e-10
8487,7.916665678e-05,1.163194154e-09,7.916665678e-05,1.163194154e-09
8488,2.499999688e-05,3.124999219e-10,2.499999688e-05,3.124999219e-10
8489,6.249999219e-05,8.854164453e-10,6.249999219e-05,8.854164453e-10
8490,8.749998906e-05,9.895830859e-10,8.749998906e-05,9.895830859e-10
8491,6.666665834e-05,9.02777552e-10,6.666665834e-05,9.02777552e-10
8492,3.749999531e-05,3.645832422e-10,3.749999531e-05,3.645832422e-10
8493,5.41666599e-05,8.506942317e-10,5.41666599e-05,8.506942317e-10
8494,2.083333073e-05,2.951388151e-10,2.083333073e-05,2.951388151e-10
8495,5.833332604e-05,6.597220573e-10,5.833332604e-05,6.597220573e-10
8496,5.833332605e-05,8.680553385e-10,5.833332605e-05,8.680553385e-10
8497,3.333332917e-05,3.472221354e-10,3.333332917e-05,3.472221354e-10
8498,4.166666146e-05,5.902776302e-10,4.166666146e-05,5.902776302e-10
8499,7.916665678e-05,1.163194154e-09,7.916665678e-05,1.163194154e-09
8500,8.333332293e-05,1.388888542e-09,8.333332293e-05,1.388888542e-09
8501,7.083332448e-05,9.201386588e-10,7.083332448e-05,9.201386588e-10
8502,8.333332293e-06,3.472221355e-11,8.333332293e-06,3.472221355e-11
8503,6.666665834e-05,9.02777552e-10,6.666665834e-05,9.02777552e-10
8504,2.499999688e-05,3.124999219e-10,2.499999688e-05,3.124999219e-10
8505,4.583332761e-05,6.07638737e-10,4.583332761e-05,6.07638737e-10
8506,5.833332605e-05,8.680553385e-10,5.833332605e-05,8.680553385e-10
8507,3.333332917e-05,5.555554166e-10,3.333332917e-05,5.555554166e-10
8508,4.999999375e-05,6.249998437e-10,4.999999375e-05,6.249998437e-10
8509,0.000170833312,2.586804909e-09,0.000170833312,2.586804909e-09
8510,5.833332604e-05,6.597220573e-10,5.833332604e-05,6.597220573e-10
8511,5.833332605e-05,8.680553385e-10,5.833332605e-05,8.680553385e-10
8512,9.999998751e-05,1.458332969e-09,9.999998751e-05,1.458332969e-09
8513,9.166665522e-05,1.215277474e-09,9.166665522e-05,1.215277474e-09
8514,3.333332917e-05,3.472221354e-10,3.333332917e-05,3.472221354e-10
8515,5.41666599e-05,6.423609505e-10,5.41666599e-05,6.423609505e-10
8516,2.083333072e-05,8.680553386e-11,2.083333072e-05,8.680553386e-11
8517,3.333332917e-05,3.472221354e-10,3.333332917e-05,3.472221354e-10
8518,4.999999375e-05,6.249998437e-10,4.999999375e-05,6.249998437e-10
8519,3.333332915e-05,3.472221349e-10,3.333332915e-05,3.472221349e-10
8520,0.0001124999859,1.510416289e-09,0.0001124999859,1.510416289e-09
8521,8.333332293e-05,1.18055526e-09,8.333332293e-05,1.18055526e-09
8522,4.166666146e-05,5.902776302e-10,4.166666146e-05,5.902776302e-10
8523,4.166666145e-06,1.736110677e-11,4.166666145e-06,1.736110677e-11
8524,2.499999688e-05,3.124999219e-10,2.499999688e-05,3.124999219e-10
8525,4.999999375e-05,8.33333125e-10,4.999999375e-05,8.33333125e-10
8526,8.333332293e-05,1.388888542e-09,8.333332293e-05,1.388888542e-09
8527,0.0001041666537,1.475694075e-09,0.0001041666537,1.475694075e-09
8528,8.333332292e-05,9.722219791e-10,8.333332292e-05,9.722219791e-10
8529,2.499999688e-05,3.124999219e-10,2.499999688e-05,3.124999219e-10
8530,6.249999219e-05,8.854164453e-10,6.249999219e-05,8.854164453e-10
8531,7.499999063e-05,9.374997656e-10,7.499999063e-05,9.374997656e-10
8532,6.249999219e-05,8.854164453e-10,6.249999219e-05,8.854164453e-10
8533,7.083332449e-05,9.201386588e-10,7.083332449e-05,9.201386588e-10
8534,4.166666145e-06,1.736110677e-11,4.166666145e-06,1.736110677e-11
8535,3.333332917e-05,3.472221354e-10,3.333332917e-05,3.472221354e-10
8536,3.749999531e-05,3.645832422e-10,3.749999531e-05,3.645832422e-10
8537,9.166665522e-05,1.423610755e-09,9.166665522e-05,1.423610755e-09
8538,5.833332604e-05,8.680553385e-10,5.833332604e-05,8.680553385e-10
8539,4.999999376e-05,8.33333125e-10,4.999999376e-05,8.33333125e-10
8540,2.499999688e-05,3.124999219e-10,2.499999688e-05,3.124999219e-10
8541,4.999999375e-05,6.249998437e-10,4.999999375e-05,6.249998437e-10
8542,7.499999063e-05,1.145833047e-09,7.499999063e-05,1.145833047e-09
8543,2.916666302e-05,3.298610286e-10,2.916666302e-05,3.298610286e-10
8544,7.083332449e-05,1.12847194e-09,7.083332449e-05,1.12847194e-09
8545,3.749999532e-05,5.729165234e-10,3.749999532e-05,5.729165234e-10
8546,2.499999688e-05,3.124999219e-10,2.499999688e-05,3.124999219e-10
8547,5.41666599e-05,6.423609505e-10,5.41666599e-05,6.423609505e-10
8548,7.083332449e-05,1.12847194e-09,7.083332449e-05,1.12847194e-09
8549,4.58333276e-05,3.993054557e-10,4.58333276e-05,3.993054557e-10
8550,6.666665832e-05,9.027775517e-10,6.666665832e-05,9.027775517e-10
8551,2.916666302e-05,3.298610286e-10,2.916666302e-05,3.298610286e-10
8552,3.749999531e-05,3.645832422e-10,3.749999531e-05,3.645832422e-10
8553,6.249999219e-05,8.854164453e-10,6.249999219e-05,8.854164453e-10
8554,7.083332448e-05,9.201386588e-10,7.083332448e-05,9.201386588e-10
8555,1.666666458e-05,6.944442709e-11,1.666666458e-05,6.944442709e-11
8556,6.249999219e-05,8.854164453e-10,6.249999219e-05,8.854164453e-10
8557,4.166666146e-06,1.736110677e-11,4.166666146e-06,1.736110677e-11
8558,2.083333073e-05,8.680553386e-11,2.083333073e-05,8.680553386e-11
8559,4.166666145e-06,1.736110677e-11,4.166666145e-06,1.736110677e-11
8560,3.333332917e-05,3.472221354e-10,3.333332917e-05,3.472221354e-10
8561,9.166665522e-05,1.423610755e-09,9.166665522e-05,1.423610755e-09
8562,8.333332292e-05,1.18055526e-09,8.333332292e-05,1.18055526e-09
8563,5.833332605e-05,8.680553385e-10,5.833332605e-05,8.680553385e-10
8564,2.083333073e-05,2.951388151e-10,2.083333073e-05,2.951388151e-10
8565,6.249999219e-05,8.854164453e-10,6.249999219e-05,8.854164453e-10
8566,9.583332136e-05,1.440971862e-09,9.583332136e-05,1.440971862e-09
8567,4.583332761e-05,6.07638737e-10,4.583332761e-05,6.07638737e-10
8568,7.083332449e-05,1.12847194e-09,7.083332449e-05,1.12847194e-09
8569,3.749999532e-05,3.645832422e-10,3.749999532e-05,3.645832422e-10
8570,3.020832956e-05,3.396266512e-10,3.020832956e-05,3.396266512e-10
8571,3.749999532e-05,5.729165234e-10,3.749999532e-05,5.729165234e-10
8572,3.749999532e-05,3.645832422e-10,3.749999532e-05,3.645832422e-10
8573,4.583332761e-05,6.07638737e-10,4.583332761e-05,6.07638737e-10
8574,9.999998751e-05,1.458332969e-09,9.999998751e-05,1.458332969e-09
8575,4.583332761e-05,6.07638737e-10,4.583332761e-05,6.07638737e-10
8576,5.833332605e-05,8.680553385e-10,5.833332605e-05,8.680553385e-10
8577,4.583332761e-05,6.07638737e-10,4.583332761e-05,6.07638737e-10
8578,6.249999219e-05,8.854164453e-10,6.249999219e-05,8.854164453e-10
8579,7.499999063e-05,1.145833047e-09,7.499999063e-05,1.145833047e-09
8580,0.0001041666537,1.475694075e-09,0.0001041666537,1.475694075e-09
8581,7.916665678e-05,1.163194154e-09,7.916665678e-05,1.163194154e-09
8582,8.333332291e-06,3.472221354e-11,8.333332291e-06,3.472221354e-11
8583,4.583332757e-05,6.076387358e-10,4.583332757e-05,6.076387358e-10
8584,2.083333073e-05,8.680553386e-11,2.083333073e-05,8.680553386e-11
8585,4.999999376e-05,8.33333125e-10,4.999999376e-05,8.33333125e-10
8586,4.166666146e-05,5.902776302e-10,4.166666146e-05,5.902776302e-10
8587,1.249999844e-05,5.208332032e-11,1.249999844e-05,5.208332032e-11
8588,2.499999688e-05,3.124999219e-10,2.499999688e-05,3.124999219e-10
8589,2.916666302e-05,3.298610286e-10,2.916666302e-05,3.298610286e-10
8590,2.499999688e-05,3.124999219e-10,2.499999688e-05,3.124999219e-10
8591,5.833332605e-05,8.680553385e-10,5.833332605e-05,8.680553385e-10
8592,2.499999688e-05,3.124999219e-10,2.499999688e-05,3.124999219e-10
8593,3.749999531e-05,3.645832422e-10,3.749999531e-05,3.645832422e-10
8594,2.916666302e-05,3.298610286e-10,2.916666302e-05,3.298610286e-10
8595,3.749999532e-05,5.729165234e-10,3.749999532e-05,5.729165234e-10
8596,3.333332917e-05,3.472221354e-10,3.333332917e-05,3.472221354e-10
8597,3.333332917e-05,3.472221354e-10,3.333332917e-05,3.472221354e-10
8598,5.41666599e-05,8.506942317e-10,5.41666599e-05,8.506942317e-10
8599,7.916665677e-05,1.163194154e-09,7.916665677e-05,1.163194154e-09
8600,4.166666146e-05,5.902776302e-10,4.166666146e-05,5.902776302e-10
8601,5.41666599e-05,8.506942317e-10,5.41666599e-05,8.506942317e-10
8602,8.472221164e-05,1.194058343e-09,8.472221164e-05,1.194058343e-09
8603,6.666665834e-05,9.02777552e-10,6.666665834e-05,9.02777552e-10
8604,5.833332605e-05,8.680553385e-10,5.833332605e-05,8.680553385e-10
8605,3.749999531e-05,3.645832422e-10,3.749999531e-05,3.645832422e-10
8606,5.833332605e-05,8.680553385e-10,5.833332605e-05,8.680553385e-10
8607,5.41666599e-05,8.506942317e-10,5.41666599e-05,8.506942317e-10
8608,4.999999375e-05,6.249998437e-10,4.999999375e-05,6.249998437e-10
8609,9.999998751e-05,1.458332969e-09,9.999998751e-05,1.458332969e-09
8610,8.749998907e-05,1.197916367e-09,8.749998907e-05,1.197916367e-09
8611,9.999998751e-05,1.458332969e-09,9.999998751e-05,1.458332969e-09
8612,5.833332605e-05,8.680553385e-10,5.833332605e-05,8.680553385e-10
8613,8.749998907e-05,1.197916367e-09,8.749998907e-05,1.197916367e-09
8614,4.583332761e-05,6.07638737e-10,4.583332761e-05,6.07638737e-10
8615,3.333332917e-05,3.472221354e-10,3.333332917e-05,3.472221354e-10
8616,8.749998907e-05,1.197916367e-09,8.749998907e-05,1.197916367e-09
8617,4.999999375e-05,6.249998437e-10,4.999999375e-05,6.249998437e-10
8618,7.916665678e-05,9.548608724e-10,7.916665678e-05,9.548608724e-10
8619,8.055554549e-05,1.280863877e-09,8.055554549e-05,1.280863877e-09
8620,3.333332917e-05,5.555554166e-10,3.333332917e-05,5.555554166e-10
8621,2.083333073e-05,2.951388151e-10,2.083333073e-05,2.951388151e-10
8622,2.499999688e-05,3.124999219e-10,2.499999688e-05,3.124999219e-10
8623,2.916666302e-05,3.298610286e-10,2.916666302e-05,3.298610286e-10
8624,9.583332136e-05,1.232638581e-09,9.583332136e-05,1.232638581e-09
8625,6.666665834e-05,1.006944193e-09,6.666665834e-05,1.006944193e-09
8626,9.583332136e-05,1.440971862e-09,9.583332136e-05,1.440971862e-09
8627,2.083333073e-05,2.951388151e-10,2.083333073e-05,2.951388151e-10
8628,7.499999063e-05,1.145833047e-09,7.499999063e-05,1.145833047e-09
8629,3.333332917e-05,3.472221354e-10,3.333332917e-05,3.472221354e-10
8630,5.41666599e-05,6.423609505e-10,5.41666599e-05,6.423609505e-10
8631,8.333332292e-05,1.18055526e-09,8.333332292e-05,1.18055526e-09
8632,5.41666599e-05,8.506942317e-10,5.41666599e-05,8.506942317e-10
8633,7.916665678e-05,1.163194154e-09,7.916665678e-05,1.163194154e-09
8634,4.166666144e-05,5.902776297e-10,4.166666144e-05,5.902776297e-10
8635,3.749999532e-05,5.729165234e-10,3.749999532e-05,5.729165234e-10
8636,6.249999219e-05,8.854164452e-10,6.249999219e-05,8.854164452e-10
8637,1.666666459e-05,2.777777083e-10,1.666666459e-05,2.777777083e-10
8638,4.583332761e-05,6.07638737e-10,4.583332761e-05,6.07638737e-10
8639,5.833332605e-05,8.680553385e-10,5.833332605e-05,8.680553385e-10
8640,7.916665677e-05,7.465275911e-10,7.916665677e-05,7.465275911e-10
8641,7.083332447e-05,1.12847194e-09,7.083332447e-05,1.12847194e-09
8642,4.166666146e-05,5.902776302e-10,4.166666146e-05,5.902776302e-10
8643,4.166666146e-05,5.902776302e-10,4.166666146e-05,5.902776302e-10
8644,4.166666146e-05,5.902776302e-10,4.166666146e-05,5.902776302e-10
8645,4.166666146e-05,3.819443489e-10,4.166666146e-05,3.819443489e-10
8646,4.166666145e-06,1.736110677e-11,4.166666145e-06,1.736110677e-11
8647,4.166666146e-05,5.902776302e-10,4.166666146e-05,5.902776302e-10
8648,3.333332917e-05,5.555554166e-10,3.333332917e-05,5.555554166e-10
8649,3.333332917e-05,3.472221354e-10,3.333332917e-05,3.472221354e-10
8650,0.0001041666537,1.475694075e-09,0.0001041666537,1.475694075e-09
8651,2.916666302e-05,3.298610286e-10,2.916666302e-05,3.298610286e-10
8652,5.41666599e-05,6.423609505e-10,5.41666599e-05,6.423609505e-10
8653,1.249999844e-05,5.208332032e-11,1.249999844e-05,5.208332032e-11
8654,4.166666146e-05,3.819443489e-10,4.166666146e-05,3.819443489e-10
8655,0,0,0,0
8656,3.749999532e-05,5.729165234e-10,3.749999532e-05,5.729165234e-10
8657,5.833332605e-05,8.680553385e-10,5.833332605e-05,8.680553385e-10
8658,5.833332605e-05,8.680553385e-10,5.833332605e-05,8.680553385e-10
8659,4.999999375e-05,6.249998437e-10,4.999999375e-05,6.249998437e-10
8660,6.249999219e-05,8.854164453e-10,6.249999219e-05,8.854164453e-10
8661,4.999999375e-05,6.249998437e-10,4.999999375e-05,6.249998437e-10
8662,1.666666459e-05,2.777777083e-10,1.666666459e-05,2.777777083e-10
8663,1.249999844e-05,5.208332032e-11,1.249999844e-05,5.208332032e-11
8664,7.083332449e-05,1.12847194e-09,7.083332449e-05,1.12847194e-09
8665,4.166666146e-05,5.902776302e-10,4.166666146e-05,5.902776302e-10
8666,5.41666599e-05,8.506942317e-10,5.41666599e-05,8.506942317e-10
8667,7.499999063e-05,1.145833047e-09,7.499999063e-05,1.145833047e-09
8668,4.166666146e-05,5.902776302e-10,4.166666146e-05,5.902776302e-10
8669,6.666665834e-05,9.02777552e-10,6.666665834e-05,9.02777552e-10
8670,6.666665834e-05,9.02777552e-10,6.666665834e-05,9.02777552e-10
8671,2.083333073e-05,2.951388151e-10,2.083333073e-05,2.951388151e-10
8672,6.666665834e-05,9.02777552e-10,6.666665834e-05,9.02777552e-10
8673,0.0001333333167,1.805555104e-09,0.0001333333167,1.805555104e-09
8674,4.583332761e-05,6.07638737e-10,4.583332761e-05,6.07638737e-10
8675,6.249999219e-05,8.854164453e-10,6.249999219e-05,8.854164453e-10
8676,6.249999219e-05,6.77083164e-10,6.249999219e-05,6.77083164e-10
8677,4.583332761e-05,6.07638737e-10,4.583332761e-05,6.07638737e-10
8678,6.249999219e-05,8.854164453e-10,6.249999219e-05,8.854164453e-10
8679,3.333332917e-05,3.472221354e-10,3.333332917e-05,3.472221354e-10
8680,6.666665834e-05,9.02777552e-10,6.666665834e-05,9.02777552e-10
8681,4.166666146e-05,5.902776302e-10,4.166666146e-05,5.902776302e-10
8682,4.166666146e-06,1.736110677e-11,4.166666146e-06,1.736110677e-11
8683,7.916665678e-05,1.163194154e-09,7.916665678e-05,1.163194154e-09
8684,1.354166498e-05,6.184894288e-11,1.354166498e-05,6.184894288e-11
8685,4.166666146e-05,5.902776302e-10,4.166666146e-05,5.902776302e-10
8686,6.666665834e-05,1.111110833e-09,6.666665834e-05,1.111110833e-09
8687,5.833332604e-05,9.722219791e-10,5.833332604e-05,9.722219791e-10
8688,2.916666302e-05,3.298610286e-10,2.916666302e-05,3.298610286e-10
8689,2.083333073e-05,2.951388151e-10,2.083333073e-05,2.951388151e-10
8690,2.083333073e-05,2.951388151e-10,2.083333073e-05,2.951388151e-10
8691,7.083332448e-05,9.201386588e-10,7.083332448e-05,9.201386588e-10
8692,0.0001083333198,1.493055182e-09,0.0001083333198,1.493055182e-09
8693,5.833332605e-05,8.680553385e-10,5.833332605e-05,8.680553385e-10
8694,8.749998907e-05,1.197916367e-09,8.749998907e-05,1.197916367e-09
8695,9.166665521e-05,1.215277474e-09,9.166665521e-05,1.215277474e-09
8696,7.083332449e-05,9.201386588e-10,7.083332449e-05,9.201386588e-10
8697,4.999999375e-05,6.249998437e-10,4.999999375e-05,6.249998437e-10
8698,4.583332761e-05,6.07638737e-10,4.583332761e-05,6.07638737e-10
8699,7.083332448e-05,9.201386588e-10,7.083332448e-05,9.201386588e-10
8700,5.833332605e-05,8.680553385e-10,5.833332605e-05,8.680553385e-10
8701,2.083333073e-05,2.951388151e-10,2.083333073e-05,2.951388151e-10
8702,1.666666458e-05,6.944442709e-11,1.666666458e-05,6.944442709e-11
8703,0.0001041666536,1.684027357e-09,0.0001041666536,1.684027357e-09
8704,2.916666302e-05,3.298610286e-10,2.916666302e-05,3.298610286e-10
8705,8.333332293e-06,3.472221355e-11,8.333332293e-06,3.472221355e-11
8706,7.916665678e-05,1.163194154e-09,7.916665678e-05,1.163194154e-09
8707,6.666665834e-05,9.02777552e-10,6.666665834e-05,9.02777552e-10
8708,2.916666302e-05,3.298610286e-10,2.916666302e-05,3.298610286e-10
8709,2.916666302e-05,3.298610286e-10,2.916666302e-05,3.298610286e-10
8710,1.666666458e-05,6.944442709e-11,1.666666458e-05,6.944442709e-11
8711,6.249999219e-05,8.854164453e-10,6.249999219e-05,8.854164453e-10
8712,4.166666146e-05,3.81944349e-10,4.166666146e-05,3.81944349e-10
8713,6.249999219e-05,8.854164453e-10,6.249999219e-05,8.854164453e-10
8714,4.583332761e-05,6.07638737e-10,4.583332761e-05,6.07638737e-10
8715,5.41666599e-05,6.423609505e-10,5.41666599e-05,6.423609505e-10
8716,2.499999688e-05,3.124999219e-10,2.499999688e-05,3.124999219e-10
8717,5.833332605e-05,8.680553385e-10,5.833332605e-05,8.680553385e-10
8718,5.41666599e-05,6.423609505e-10,5.41666599e-05,6.423609505e-10
8719,7.916665678e-05,1.163194154e-09,7.916665678e-05,1.163194154e-09
8720,4.583332761e-05,6.07638737e-10,4.583332761e-05,6.07638737e-10
8721,9.583332135e-05,1.440971862e-09,9.583332135e-05,1.440971862e-09
8722,4.999999375e-05,6.249998437e-10,4.999999375e-05,6.249998437e-10
8723,3.333332917e-05,3.472221354e-10,3.333332917e-05,3.472221354e-10
8724,5.41666599e-05,8.506942317e-10,5.41666599e-05,8.506942317e-10
8725,4.583332761e-05,6.07638737e-10,4.583332761e-05,6.07638737e-10
8726,5.833332604e-05,6.597220573e-10,5.833332604e-05,6.597220573e-10
8727,6.666665834e-05,9.02777552e-10,6.666665834e-05,9.02777552e-10
8728,8.333332292e-05,1.18055526e-09,8.333332292e-05,1.18055526e-09
8729,5.41666599e-05,6.423609505e-10,5.41666599e-05,6.423609505e-10
8730,8.333332292e-05,1.18055526e-09,8.333332292e-05,1.18055526e-09
8731,3.749999532e-05,5.729165234e-10,3.749999532e-05,5.729165234e-10
8732,6.249999219e-05,6.77083164e-10,6.249999219e-05,6.77083164e-10
8733,8.749998907e-05,1.406249648e-09,8.749998907e-05,1.406249648e-09
8734,4.2708328e-05,3.917099715e-10,4.2708328e-05,3.917099715e-10
8735,3.749999531e-05,3.645832422e-10,3.749999531e-05,3.645832422e-10
8736,2.499999688e-05,3.124999219e-10,2.499999688e-05,3.124999219e-10
8737,4.999999375e-05,4.166665625e-10,4.999999375e-05,4.166665625e-10
8738,4.166666146e-05,5.902776302e-10,4.166666146e-05,5.902776302e-10
8739,2.916666302e-05,3.298610286e-10,2.916666302e-05,3.298610286e-10
8740,6.249999219e-05,8.854164453e-10,6.249999219e-05,8.854164453e-10
8741,8.33333229e-06,3.472221355e-11,8.33333229e-06,3.472221355e-11
8742,4.166666146e-05,5.902776302e-10,4.166666146e-05,5.902776302e-10
8743,2.916666302e-05,3.298610286e-10,2.916666302e-05,3.298610286e-10
8744,7.916665678e-05,9.548608724e-10,7.916665678e-05,9.548608724e-10
8745,4.166666146e-05,5.902776302e-10,4.166666146e-05,5.902776302e-10
8746,2.916666302e-05,3.298610286e-10,2.916666302e-05,3.298610286e-10
8747,4.583332761e-05,3.993054557e-10,4.583332761e-05,3.993054557e-10
8748,2.083333073e-05,8.680553386e-11,2.083333073e-05,8.680553386e-11
8749,7.916665678e-05,9.548608724e-10,7.916665678e-05,9.548608724e-10
8750,5.41666599e-05,8.506942317e-10,5.41666599e-05,8.506942317e-10
8751,9.166665522e-05,1.423610755e-09,9.166665522e-05,1.423610755e-09
8752,2.499999688e-05,3.124999219e-10,2.499999688e-05,3.124999219e-10
8753,5.41666599e-05,8.506942317e-10,5.41666599e-05,8.506942317e-10
8754,8.333332292e-05,1.18055526e-09,8.333332292e-05,1.18055526e-09
8755,2.083333073e-05,2.951388151e-10,2.083333073e-05,2.951388151e-10
8756,0.0001208333182,1.961805065e-09,0.0001208333182,1.961805065e-09
8757,3.333332917e-05,3.472221354e-10,3.333332917e-05,3.472221354e-10
8758,6.249999219e-05,8.854164453e-10,6.249999219e-05,8.854164453e-10
8759,2.083333073e-05,2.951388151e-10,2.083333073e-05,2.951388151e-10
8760,3.333332917e-05,3.472221354e-10,3.333332917e-05,3.472221354e-10
8761,9.166665521e-05,1.215277474e-09,9.166665521e-05,1.215277474e-09
8762,4.999999375e-05,6.249998437e-10,4.999999375e-05,6.249998437e-10
8763,2.916666302e-05,3.298610286e-10,2.916666302e-05,3.298610286e-10
8764,7.083332449e-05,1.12847194e-09,7.083332449e-05,1.12847194e-09
8765,3.333332917e-05,3.472221354e-10,3.333332917e-05,3.472221354e-10
8766,2.083333073e-05,2.951388151e-10,2.083333073e-05,2.951388151e-10
8767,1.249999844e-05,5.208332032e-11,1.249999844e-05,5.208332032e-11
8768,2.083333073e-05,2.951388151e-10,2.083333073e-05,2.951388151e-10
8769,5.833332605e-05,8.680553385e-10,5.833332605e-05,8.680553385e-10
8770,2.916666302e-05,1.215277474e-10,2.916666302e-05,1.215277474e-10
8771,4.166666146e-05,5.902776302e-10,4.166666146e-05,5.902776302e-10
8772,6.249999219e-05,8.854164453e-10,6.249999219e-05,8.854164453e-10
8773,3.749999531e-05,3.645832422e-10,3.749999531e-05,3.645832422e-10
8774,0.0001041666537,1.684027357e-09,0.0001041666537,1.684027357e-09
8775,7.083332448e-05,9.201386588e-10,7.083332448e-05,9.201386588e-10
8776,3.749999532e-05,5.729165234e-10,3.749999532e-05,5.729165234e-10
8777,5.41666599e-05,8.506942317e-10,5.41666599e-05,8.506942317e-10
8778,4.166666146e-05,5.902776302e-10,4.166666146e-05,5.902776302e-10
8779,2.499999688e-05,1.041666406e-10,2.499999688e-05,1.041666406e-10
8780,2.499999688e-05,3.124999219e-10,2.499999688e-05,3.124999219e-10
8781,8.333332291e-05,1.18055526e-09,8.333332291e-05,1.18055526e-09
8782,7.916665678e-05,1.163194154e-09,7.916665678e-05,1.163194154e-09
8783,4.166666146e-05,5.902776302e-10,4.166666146e-05,5.902776302e-10
8784,2.916666302e-05,3.298610286e-10,2.916666302e-05,3.298610286e-10
8785,3.749999532e-05,5.729165234e-10,3.749999532e-05,5.729165234e-10
8786,3.333332917e-05,5.555554166e-10,3.333332917e-05,5.555554166e-10
8787,0.0001041666537,1.475694075e-09,0.0001041666537,1.475694075e-09
8788,5.41666599e-05,6.423609505e-10,5.41666599e-05,6.423609505e-10
8789,2.499999688e-05,3.124999219e-10,2.499999688e-05,3.124999219e-10
8790,1.249999844e-05,5.208332032e-11,1.249999844e-05,5.208332032e-11
8791,8.749998907e-05,1.197916367e-09,8.749998907e-05,1.197916367e-09
8792,1.249999843e-05,5.208332032e-11,1.249999843e-05,5.208332032e-11
8793,3.333332917e-05,3.472221354e-10,3.333332917e-05,3.472221354e-10
8794,3.749999532e-05,5.729165234e-10,3.749999532e-05,5.729165234e-10
8795,2.499999688e-05,3.124999219e-10,2.499999688e-05,3.124999219e-10
8796,7.499999063e-05,1.145833047e-09,7.499999063e-05,1.145833047e-09
8797,8.749998906e-05,1.406249648e-09,8.749998906e-05,1.406249648e-09
8798,5.41666599e-05,8.506942317e-10,5.41666599e-05,8.506942317e-10
8799,4.583332761e-05,6.07638737e-10,4.583332761e-05,6.07638737e-10
8800,9.999998751e-05,1.458332969e-09,9.999998751e-05,1.458332969e-09
8801,7.499999063e-05,9.374997656e-10,7.499999063e-05,9.374997656e-10
8802,6.249999219e-05,8.854164453e-10,6.249999219e-05,8.854164453e-10
8803,4.166666146e-05,5.902776302e-10,4.166666146e-05,5.902776302e-10
8804,4.166666146e-05,5.902776302e-10,4.166666146e-05,5.902776302e-10
8805,7.499999062e-05,1.145833047e-09,7.499999062e-05,1.145833047e-09
8806,6.249999219e-05,8.854164453e-10,6.249999219e-05,8.854164453e-10
8807,2.916666302e-05,3.298610286e-10,2.916666302e-05,3.298610286e-10
8808,2.499999688e-05,3.124999219e-10,2.499999688e-05,3.124999219e-10
8809,3.333332917e-05,3.472221354e-10,3.333332917e-05,3.472221354e-10
8810,8.333332291e-05,1.18055526e-09,8.333332291e-05,1.18055526e-09
8811,3.749999531e-05,3.645832422e-10,3.749999531e-05,3.645832422e-10
8812,5.41666599e-05,8.506942317e-10,5.41666599e-05,8.506942317e-10
8813,7.083332449e-05,1.12847194e-09,7.083332449e-05,1.12847194e-09
8814,5.833332605e-05,8.680553385e-10,5.833332605e-05,8.680553385e-10
8815,4.583332761e-05,6.07638737e-10,4.583332761e-05,6.07638737e-10
8816,7.499999063e-05,1.145833047e-09,7.499999063e-05,1.145833047e-09
8817,2.499999688e-05,3.124999219e-10,2.499999688e-05,3.124999219e-10
8818,7.499999063e-05,1.145833047e-09,7.499999063e-05,1.145833047e-09
8819,5.833332605e-05,8.680553385e-10,5.833332605e-05,8.680553385e-10
8820,2.499999688e-05,3.124999219e-10,2.499999688e-05,3.124999219e-10
8821,2.916666302e-05,3.298610286e-10,2.916666302e-05,3.298610286e-10
8822,2.083333073e-05,2.951388151e-10,2.083333073e-05,2.951388151e-10
8823,5.833332605e-05,6.597220573e-10,5.833332605e-05,6.597220573e-10
8824,4.166666146e-05,5.902776302e-10,4.166666146e-05,5.902776302e-10
8825,6.249999219e-05,8.854164453e-10,6.249999219e-05,8.854164453e-10
8826,9.166665522e-05,1.215277474e-09,9.166665522e-05,1.215277474e-09
8827,4.999999376e-05,8.33333125e-10,4.999999376e-05,8.33333125e-10
8828,0.0001333333167,2.013888385e-09,0.0001333333167,2.013888385e-09
8829,7.499999059e-05,9.374997645e-10,7.499999059e-05,9.374997645e-10
8830,2.499999688e-05,3.124999219e-10,2.499999688e-05,3.124999219e-10
8831,6.249999219e-05,8.854164453e-10,6.249999219e-05,8.854164453e-10
8832,7.499999063e-05,1.145833047e-09,7.499999063e-05,1.145833047e-09
8833,7.083332448e-05,9.201386588e-10,7.083332448e-05,9.201386588e-10
8834,8.33333229e-06,3.472221355e-11,8.33333229e-06,3.472221355e-11
8835,8.333332292e-05,1.18055526e-09,8.333332292e-05,1.18055526e-09
8836,3.749999532e-05,5.729165234e-10,3.749999532e-05,5.729165234e-10
8837,0.0001083333198,1.701388463e-09,0.0001083333198,1.701388463e-09
8838,7.499999063e-05,1.145833047e-09,7.499999063e-05,1.145833047e-09
8839,2.916666302e-05,3.298610286e-10,2.916666302e-05,3.298610286e-10
8840,1.249999844e-05,5.208332031e-11,1.249999844e-05,5.208332031e-11
8841,4.999999375e-05,6.249998437e-10,4.999999375e-05,6.249998437e-10
8842,8.749998907e-05,1.197916367e-09,8.749998907e-05,1.197916367e-09
8843,3.333332917e-05,3.472221354e-10,3.333332917e-05,3.472221354e-10
8844,2.083333073e-05,8.680553387e-11,2.083333073e-05,8.680553387e-11
8845,7.083332449e-05,9.201386588e-10,7.083332449e-05,9.201386588e-10
8846,4.999999375e-05,6.249998437e-10,4.999999375e-05,6.249998437e-10
8847,4.166666145e-06,1.736110677e-11,4.166666145e-06,1.736110677e-11
8848,7.083332449e-05,1.12847194e-09,7.083332449e-05,1.12847194e-09
8849,0.0001833333104,2.847221511e-09,0.0001833333104,2.847221511e-09
8850,4.166666146e-05,5.902776302e-10,4.166666146e-05,5.902776302e-10
8851,2.083333073e-05,2.951388151e-10,2.083333073e-05,2.951388151e-10
8852,3.333332917e-05,3.472221354e-10,3.333332917e-05,3.472221354e-10
8853,4.999999375e-05,6.249998437e-10,4.999999375e-05,6.249998437e-10
8854,4.166666146e-05,3.81944349e-10,4.166666146e-05,3.81944349e-10
8855,7.916665677e-05,1.163194154e-09,7.916665677e-05,1.163194154e-09
8856,8.749998906e-05,1.197916367e-09,8.749998906e-05,1.197916367e-09
8857,4.583332761e-05,6.07638737e-10,4.583332761e-05,6.07638737e-10
8858,4.999999375e-05,6.249998437e-10,4.999999375e-05,6.249998437e-10
8859,4.166666146e-05,5.902776302e-10,4.166666146e-05,5.902776302e-10
8860,5.833332604e-05,6.597220573e-10,5.833332604e-05,6.597220573e-10
8861,4.999999375e-05,6.249998437e-10,4.999999375e-05,6.249998437e-10
8862,5.833332605e-05,8.680553385e-10,5.833332605e-05,8.680553385e-10
8863,3.749999532e-05,5.729165234e-10,3.749999532e-05,5.729165234e-10
8864,0.0001083333198,1.493055182e-09,0.0001083333198,1.493055182e-09
8865,3.333332917e-05,5.555554166e-10,3.333332917e-05,5.555554166e-10
8866,2.083333073e-05,2.951388151e-10,2.083333073e-05,2.951388151e-10
8867,6.249999219e-05,8.854164453e-10,6.249999219e-05,8.854164453e-10
8868,6.249999219e-05,8.854164453e-10,6.249999219e-05,8.854164453e-10
8869,8.333332292e-05,1.736110677e-09,8.333332292e-05,1.736110677e-09
8870,7.916665677e-05,9.548608724e-10,7.916665677e-05,9.548608724e-10
8871,7.499999063e-05,1.145833047e-09,7.499999063e-05,1.145833047e-09
8872,6.666665834e-05,9.02777552e-10,6.666665834e-05,9.02777552e-10
8873,6.249999219e-05,8.854164453e-10,6.249999219e-05,8.854164453e-10
8874,8.333332291e-06,3.472221354e-11,8.333332291e-06,3.472221354e-11
8875,4.583332761e-05,6.07638737e-10,4.583332761e-05,6.07638737e-10
8876,3.333332917e-05,5.555554166e-10,3.333332917e-05,5.555554166e-10
8877,4.999999375e-05,6.249998437e-10,4.999999375e-05,6.249998437e-10
8878,7.083332449e-05,1.12847194e-09,7.083332449e-05,1.12847194e-09
8879,4.999999375e-05,6.249998437e-10,4.999999375e-05,6.249998437e-10
8880,3.333332917e-05,3.472221354e-10,3.333332917e-05,3.472221354e-10
8881,9.583332136e-05,1.440971862e-09,9.583332136e-05,1.440971862e-09
8882,0.0001124999859,1.510416289e-09,0.0001124999859,1.510416289e-09
8883,4.583332761e-05,6.07638737e-10,4.583332761e-05,6.07638737e-10
8884,8.749998906e-05,1.197916367e-09,8.749998906e-05,1.197916367e-09
8885,2.083333073e-05,8.680553386e-11,2.083333073e-05,8.680553386e-11
8886,2.916666302e-05,3.298610286e-10,2.916666302e-05,3.298610286e-10
8887,3.749999532e-05,5.729165234e-10,3.749999532e-05,5.729165234e-10
8888,2.499999688e-05,3.124999219e-10,2.499999688e-05,3.124999219e-10
8889,4.999999375e-05,6.249998437e-10,4.999999375e-05,6.249998437e-10
8890,2.499999688e-05,3.124999219e-10,2.499999688e-05,3.124999219e-10
8891,5.833332605e-05,8.680553385e-10,5.833332605e-05,8.680553385e-10
8892,3.333332917e-05,3.472221354e-10,3.333332917e-05,3.472221354e-10
8893,3.749999532e-05,5.729165234e-10,3.749999532e-05,5.729165234e-10
8894,3.749999531e-05,3.645832422e-10,3.749999531e-05,3.645832422e-10
8895,2.916666302e-05,3.298610286e-10,2.916666302e-05,3.298610286e-10
8896,4.999999376e-05,8.33333125e-10,4.999999376e-05,8.33333125e-10
8897,3.333332917e-05,3.472221354e-10,3.333332917e-05,3.472221354e-10
8898,5.41666599e-05,6.423609505e-10,5.41666599e-05,6.423609505e-10
8899,7.499999063e-05,1.145833047e-09,7.499999063e-05,1.145833047e-09
8900,7.916665678e-05,9.548608724e-10,7.916665678e-05,9.548608724e-10
8901,2.083333073e-05,2.951388151e-10,2.083333073e-05,2.951388151e-10
8902,4.583332761e-05,6.07638737e-10,4.583332761e-05,6.07638737e-10
8903,4.166666146e-05,5.902776302e-10,4.166666146e-05,5.902776302e-10
8904,4.999999375e-05,6.249998437e-10,4.999999375e-05,6.249998437e-10
8905,7.083332448e-05,9.201386588e-10,7.083332448e-05,9.201386588e-10
8906,9.166665522e-05,1.423610755e-09,9.166665522e-05,1.423610755e-09
8907,2.499999688e-05,3.124999219e-10,2.499999688e-05,3.124999219e-10
8908,5.41666599e-05,8.506942317e-10,5.41666599e-05,8.506942317e-10
8909,3.333332917e-05,3.472221354e-10,3.333332917e-05,3.472221354e-10
8910,7.083332449e-05,9.201386588e-10,7.083332449e-05,9.201386588e-10
8911,9.583332136e-05,1.440971862e-09,9.583332136e-05,1.440971862e-09
8912,2.499999687e-05,1.041666406e-10,2.499999687e-05,1.041666406e-10
8913,9.999998751e-05,1.458332969e-09,9.999998751e-05,1.458332969e-09
8914,3.333332917e-05,3.472221354e-10,3.333332917e-05,3.472221354e-10
8915,8.333332293e-06,3.472221355e-11,8.333332293e-06,3.472221355e-11
8916,7.083332448e-05,9.201386588e-10,7.083332448e-05,9.201386588e-10
8917,2.499999688e-05,3.124999219e-10,2.499999688e-05,3.124999219e-10
8918,2.916666302e-05,3.298610286e-10,2.916666302e-05,3.298610286e-10
8919,7.083332449e-05,1.12847194e-09,7.083332449e-05,1.12847194e-09
8920,7.083332448e-05,7.118053776e-10,7.083332448e-05,7.118053776e-10
8921,9.583332136e-05,1.440971862e-09,9.583332136e-05,1.440971862e-09
8922,4.583332761e-05,6.07638737e-10,4.583332761e-05,6.07638737e-10
8923,8.333332291e-06,3.472221354e-11,8.333332291e-06,3.472221354e-11
8924,3.333332916e-05,3.472221354e-10,3.333332916e-05,3.472221354e-10
8925,2.499999688e-05,3.124999219e-10,2.499999688e-05,3.124999219e-10
8926,7.083332448e-05,9.201386588e-10,7.083332448e-05,9.201386588e-10
8927,7.916665678e-05,1.163194154e-09,7.916665678e-05,1.163194154e-09
8928,8.333332292e-05,1.18055526e-09,8.333332292e-05,1.18055526e-09
8929,8.333332291e-05,1.18055526e-09,8.333332291e-05,1.18055526e-09
8930,6.666665834e-05,9.02777552e-10,6.666665834e-05,9.02777552e-10
8931,9.99999875e-05,1.458332969e-09,9.99999875e-05,1.458332969e-09
8932,8.333332291e-06,3.472221354e-11,8.333332291e-06,3.472221354e-11
8933,2.499999688e-05,3.124999219e-10,2.499999688e-05,3.124999219e-10
8934,8.749998907e-05,1.406249648e-09,8.749998907e-05,1.406249648e-09
8935,5.41666599e-05,8.506942317e-10,5.41666599e-05,8.506942317e-10
8936,2.916666302e-05,3.298610286e-10,2.916666302e-05,3.298610286e-10
8937,6.249999219e-05,8.854164453e-10,6.249999219e-05,8.854164453e-10
8938,0.0001166666521,1.736110677e-09,0.0001166666521,1.736110677e-09
8939,9.583332136e-05,1.232638581e-09,9.583332136e-05,1.232638581e-09
8940,4.166666146e-05,3.81944349e-10,4.166666146e-05,3.81944349e-10
8941,6.666665834e-05,9.02777552e-10,6.666665834e-05,9.02777552e-10
8942,6.249999219e-05,8.854164453e-10,6.249999219e-05,8.854164453e-10
8943,7.083332449e-05,1.12847194e-09,7.083332449e-05,1.12847194e-09
8944,5.41666599e-05,6.423609505e-10,5.41666599e-05,6.423609505e-10
8945,2.916666302e-05,3.298610286e-10,2.916666302e-05,3.298610286e-10
8946,5.41666599e-05,8.506942317e-10,5.41666599e-05,8.506942317e-10
8947,9.583332136e-05,1.440971862e-09,9.583332136e-05,1.440971862e-09
8948,3.333332917e-05,3.472221354e-10,3.333332917e-05,3.472221354e-10
8949,2.083333072e-05,8.680553386e-11,2.083333072e-05,8.680553386e-11
8950,1.249999844e-05,5.208332032e-11,1.249999844e-05,5.208332032e-11
8951,5.41666599e-05,8.506942317e-10,5.41666599e-05,8.506942317e-10
8952,4.166666146e-05,5.902776302e-10,4.166666146e-05,5.902776302e-10
8953,4.999999376e-05,8.33333125e-10,4.999999376e-05,8.33333125e-10
8954,8.749998907e-05,1.406249648e-09,8.749998907e-05,1.406249648e-09
8955,3.749999532e-05,5.729165234e-10,3.749999532e-05,5.729165234e-10
8956,7.916665678e-05,1.163194154e-09,7.916665678e-05,1.163194154e-09
8957,6.249999219e-05,6.77083164e-10,6.249999219e-05,6.77083164e-10
8958,5.833332605e-05,8.680553385e-10,5.833332605e-05,8.680553385e-10
8959,5.41666599e-05,8.506942317e-10,5.41666599e-05,8.506942317e-10
8960,5.833332605e-05,8.680553385e-10,5.833332605e-05,8.680553385e-10
8961,4.583332761e-05,6.07638737e-10,4.583332761e-05,6.07638737e-10
8962,4.999999375e-05,6.249998437e-10,4.999999375e-05,6.249998437e-10
8963,8.33333229e-06,3.472221355e-11,8.33333229e-06,3.472221355e-11
8964,4.166666146e-05,5.902776302e-10,4.166666146e-05,5.902776302e-10
8965,4.166666146e-05,5.902776302e-10,4.166666146e-05,5.902776302e-10
8966,2.499999688e-05,3.124999219e-10,2.499999688e-05,3.124999219e-10
8967,2.083333073e-05,2.951388151e-10,2.083333073e-05,2.951388151e-10
8968,7.083332448e-05,9.201386588e-10,7.083332448e-05,9.201386588e-10
8969,2.499999688e-05,3.124999219e-10,2.499999688e-05,3.124999219e-10
8970,4.166666146e-05,3.81944349e-10,4.166666146e-05,3.81944349e-10
8971,8.749998907e-05,1.197916367e-09,8.749998907e-05,1.197916367e-09
8972,8.333332292e-05,1.18055526e-09,8.333332292e-05,1.18055526e-09
8973,4.166666146e-05,3.819443489e-10,4.166666146e-05,3.819443489e-10
8974,7.083332449e-05,1.12847194e-09,7.083332449e-05,1.12847194e-09
8975,9.999998751e-05,1.458332969e-09,9.999998751e-05,1.458332969e-09
8976,1.249999844e-05,5.208332032e-11,1.249999844e-05,5.208332032e-11
8977,3.333332917e-05,3.472221354e-10,3.333332917e-05,3.472221354e-10
8978,4.583332761e-05,6.07638737e-10,4.583332761e-05,6.07638737e-10
8979,6.666665834e-05,1.111110833e-09,6.666665834e-05,1.111110833e-09
8980,1.249999843e-05,5.208332032e-11,1.249999843e-05,5.208332032e-11
8981,1.666666458e-05,6.944442709e-11,1.666666458e-05,6.944442709e-11
8982,4.166666146e-05,5.902776302e-10,4.166666146e-05,5.902776302e-10
8983,1.249999843e-05,5.208332032e-11,1.249999843e-05,5.208332032e-11
8984,7.083332449e-05,1.12847194e-09,7.083332449e-05,1.12847194e-09
8985,1.666666459e-05,2.777777083e-10,1.666666459e-05,2.777777083e-10
8986,2.499999688e-05,3.124999219e-10,2.499999688e-05,3.124999219e-10
8987,2.916666302e-05,3.298610286e-10,2.916666302e-05,3.298610286e-10
8988,4.999999375e-05,6.249998437e-10,4.999999375e-05,6.249998437e-10
8989,7.499999063e-05,1.145833047e-09,7.499999063e-05,1.145833047e-09
8990,5.41666599e-05,8.506942317e-10,5.41666599e-05,8.506942317e-10
8991,4.166666146e-05,5.902776302e-10,4.166666146e-05,5.902776302e-10
8992,5.41666599e-05,6.423609505e-10,5.41666599e-05,6.423609505e-10
8993,5.41666599e-05,8.506942317e-10,5.41666599e-05,8.506942317e-10
8994,5.41666599e-05,8.506942317e-10,5.41666599e-05,8.506942317e-10
8995,2.499999688e-05,3.124999219e-10,2.499999688e-05,3.124999219e-10
8996,2.083333073e-05,2.951388151e-10,2.083333073e-05,2.951388151e-10
8997,4.583332761e-05,6.07638737e-10,4.583332761e-05,6.07638737e-10
8998,4.166666146e-06,1.736110677e-11,4.166666146e-06,1.736110677e-11
8999,4.583332761e-05,6.07638737e-10,4.583332761e-05,6.07638737e-10
9000,4.999999375e-05,6.249998437e-10,4.999999375e-05,6.249998437e-10
9001,2.916666302e-05,3.298610286e-10,2.916666302e-05,3.298610286e-10
9002,3.333332917e-05,3.472221354e-10,3.333332917e-05,3.472221354e-10
9003,2.083333073e-05,2.951388151e-10,2.083333073e-05,2.951388151e-10
9004,2.499999688e-05,3.124999219e-10,2.499999688e-05,3.124999219e-10
9005,9.583332136e-05,1.232638581e-09,9.583332136e-05,1.232638581e-09
9006,2.083333073e-05,2.951388151e-10,2.083333073e-05,2.951388151e-10
9007,4.583332761e-05,6.07638737e-10,4.583332761e-05,6.07638737e-10
9008,4.166666146e-05,5.902776302e-10,4.166666146e-05,5.902776302e-10
9009,5.833332605e-05,8.680553385e-10,5.833332605e-05,8.680553385e-10
9010,4.999999375e-05,6.249998437e-10,4.999999375e-05,6.249998437e-10
9011,4.166666146e-05,5.902776302e-10,4.166666146e-05,5.902776302e-10
9012,0.0001124999859,1.71874957e-09,0.0001124999859,1.71874957e-09
9013,2.916666302e-05,3.298610286e-10,2.916666302e-05,3.298610286e-10
9014,4.166666145e-06,1.736110677e-11,4.166666145e-06,1.736110677e-11
9015,5.833332605e-05,8.680553385e-10,5.833332605e-05,8.680553385e-10
9016,7.499999063e-05,1.145833047e-09,7.499999063e-05,1.145833047e-09
9017,1.249999844e-05,5.208332032e-11,1.249999844e-05,5.208332032e-11
9018,4.583332761e-05,6.07638737e-10,4.583332761e-05,6.07638737e-10
9019,2.499999688e-05,3.124999219e-10,2.499999688e-05,3.124999219e-10
9020,3.749999532e-05,5.729165234e-10,3.749999532e-05,5.729165234e-10
9021,5.833332605e-05,8.680553385e-10,5.833332605e-05,8.680553385e-10
9022,2.916666302e-05,3.298610286e-10,2.916666302e-05,3.298610286e-10
9023,4.583332761e-05,6.07638737e-10,4.583332761e-05,6.07638737e-10
9024,6.666665834e-05,6.944442708e-10,6.666665834e-05,6.944442708e-10
9025,5.833332605e-05,8.680553385e-10,5.833332605e-05,8.680553385e-10
9026,8.333332292e-06,3.472221354e-11,8.333332292e-06,3.472221354e-11
9027,5.41666599e-05,6.423609505e-10,5.41666599e-05,6.423609505e-10
9028,5.833332605e-05,8.680553385e-10,5.833332605e-05,8.680553385e-10
9029,5.833332605e-05,8.680553385e-10,5.833332605e-05,8.680553385e-10
9030,5.41666599e-05,8.506942317e-10,5.41666599e-05,8.506942317e-10
9031,8.749998906e-05,1.406249648e-09,8.749998906e-05,1.406249648e-09
9032,8.333332292e-05,1.18055526e-09,8.333332292e-05,1.18055526e-09
9033,6.666665834e-05,9.02777552e-10,6.666665834e-05,9.02777552e-10
9034,4.583332761e-05,6.07638737e-10,4.583332761e-05,6.07638737e-10
9035,7.499999062e-05,1.145833047e-09,7.499999062e-05,1.145833047e-09
9036,3.749999532e-05,5.729165234e-10,3.749999532e-05,5.729165234e-10
9037,3.333332917e-05,3.472221354e-10,3.333332917e-05,3.472221354e-10
9038,2.916666302e-05,3.298610286e-10,2.916666302e-05,3.298610286e-10
9039,4.999999375e-05,8.333331248e-10,4.999999375e-05,8.333331248e-10
9040,4.166666145e-06,1.736110677e-11,4.166666145e-06,1.736110677e-11
9041,7.499999063e-05,1.145833047e-09,7.499999063e-05,1.145833047e-09
9042,9.374998829e-05,1.236978857e-09,9.374998829e-05,1.236978857e-09
9043,5.41666599e-05,6.423609505e-10,5.41666599e-05,6.423609505e-10
9044,2.499999688e-05,3.124999219e-10,2.499999688e-05,3.124999219e-10
9045,2.083333073e-05,2.951388151e-10,2.083333073e-05,2.951388151e-10
9046,0,0,0,0
9047,8.333332292e-05,9.722219791e-10,8.333332292e-05,9.722219791e-10
9048,1.666666458e-05,6.944442709e-11,1.666666458e-05,6.944442709e-11
9049,9.166665522e-05,1.423610755e-09,9.166665522e-05,1.423610755e-09
9050,6.666665834e-05,9.02777552e-10,6.666665834e-05,9.02777552e-10
9051,6.666665834e-05,1.111110833e-09,6.666665834e-05,1.111110833e-09
9052,7.083332448e-05,9.201386588e-10,7.083332448e-05,9.201386588e-10
9053,7.083332449e-05,1.12847194e-09,7.083332449e-05,1.12847194e-09
9054,4.999999375e-05,4.166665625e-10,4.999999375e-05,4.166665625e-10
9055,2.499999688e-05,3.124999219e-10,2.499999688e-05,3.124999219e-10
9056,2.083333073e-05,2.951388151e-10,2.083333073e-05,2.951388151e-10
9057,2.499999688e-05,3.124999218e-10,2.499999688e-05,3.124999218e-10
9058,3.749999532e-05,5.729165234e-10,3.749999532e-05,5.729165234e-10
9059,7.499999063e-05,1.145833047e-09,7.499999063e-05,1.145833047e-09
9060,2.499999688e-05,3.124999219e-10,2.499999688e-05,3.124999219e-10
9061,5.104166029e-05,6.347654663e-10,5.104166029e-05,6.347654663e-10
9062,3.749999532e-05,5.729165234e-10,3.749999532e-05,5.729165234e-10
9063,4.999999375e-05,6.249998437e-10,4.999999375e-05,6.249998437e-10
9064,2.499999688e-05,3.124999219e-10,2.499999688e-05,3.124999219e-10
9065,6.249999218e-05,6.77083164e-10,6.249999218e-05,6.77083164e-10
9066,2.083333073e-05,2.951388151e-10,2.083333073e-05,2.951388151e-10
9067,3.749999531e-05,3.645832422e-10,3.749999531e-05,3.645832422e-10
9068,4.166666146e-05,5.902776302e-10,4.166666146e-05,5.902776302e-10
9069,7.083332449e-05,1.12847194e-09,7.083332449e-05,1.12847194e-09
9070,7.916665677e-05,1.163194154e-09,7.916665677e-05,1.163194154e-09
9071,1.666666458e-05,6.944442709e-11,1.666666458e-05,6.944442709e-11
9072,6.666665834e-05,9.02777552e-10,6.666665834e-05,9.02777552e-10
9073,3.333332917e-05,5.555554166e-10,3.333332917e-05,5.555554166e-10
9074,1.666666458e-05,6.944442709e-11,1.666666458e-05,6.944442709e-11
9075,6.249999219e-05,6.77083164e-10,6.249999219e-05,6.77083164e-10
9076,3.749999531e-05,3.645832422e-10,3.749999531e-05,3.645832422e-10
9077,1.249999844e-05,5.208332032e-11,1.249999844e-05,5.208332032e-11
9078,2.499999688e-05,1.041666406e-10,2.499999688e-05,1.041666406e-10
9079,8.333332291e-06,3.472221354e-11,8.333332291e-06,3.472221354e-11
9080,8.333332291e-06,3.472221354e-11,8.333332291e-06,3.472221354e-11
9081,4.166666146e-05,5.902776302e-10,4.166666146e-05,5.902776302e-10
9082,3.888888402e-05,5.632714642e-10,3.888888402e-05,5.632714642e-10
9083,0.0001083333198,1.493055182e-09,0.0001083333198,1.493055182e-09
9084,8.333332291e-06,3.472221354e-11,8.333332291e-06,3.472221354e-11
9085,7.499999063e-05,1.145833047e-09,7.499999063e-05,1.145833047e-09
9086,8.749998907e-05,1.406249648e-09,8.749998907e-05,1.406249648e-09
9087,8.749998907e-05,1.197916367e-09,8.749998907e-05,1.197916367e-09
9088,5.41666599e-05,6.423609505e-10,5.41666599e-05,6.423609505e-10
9089,7.083332448e-05,9.201386588e-10,7.083332448e-05,9.201386588e-10
9090,7.499999063e-05,9.374997656e-10,7.499999063e-05,9.374997656e-10
9091,7.083332448e-05,9.201386588e-10,7.083332448e-05,9.201386588e-10
9092,2.083333073e-05,2.951388151e-10,2.083333073e-05,2.951388151e-10
9093,5.833332605e-05,8.680553385e-10,5.833332605e-05,8.680553385e-10
9094,6.666665834e-05,9.02777552e-10,6.666665834e-05,9.02777552e-10
9095,2.083333073e-05,2.951388151e-10,2.083333073e-05,2.951388151e-10
9096,3.333332917e-05,5.555554166e-10,3.333332917e-05,5.555554166e-10
9097,7.499999063e-05,1.145833047e-09,7.499999063e-05,1.145833047e-09
9098,4.166666146e-05,5.902776302e-10,4.166666146e-05,5.902776302e-10
9099,3.333332917e-05,3.472221354e-10,3.333332917e-05,3.472221354e-10
9100,2.499999688e-05,3.124999219e-10,2.499999688e-05,3.124999219e-10
9101,4.166666146e-05,5.902776302e-10,4.166666146e-05,5.902776302e-10
9102,3.749999532e-05,5.729165234e-10,3.749999532e-05,5.729165234e-10
9103,4.999999375e-05,6.249998437e-10,4.999999375e-05,6.249998437e-10
9104,5.833332605e-05,8.680553385e-10,5.833332605e-05,8.680553385e-10
9105,7.083332449e-05,9.201386588e-10,7.083332449e-05,9.201386588e-10
9106,4.999999375e-05,6.249998437e-10,4.999999375e-05,6.249998437e-10
9107,3.333332916e-05,3.472221354e-10,3.333332916e-05,3.472221354e-10
9108,7.916665678e-05,1.163194154e-09,7.916665678e-05,1.163194154e-09
9109,6.708332495e-05,9.064233845e-10,6.708332495e-05,9.064233845e-10
9110,1.666666459e-05,2.777777083e-10,1.666666459e-05,2.777777083e-10
9111,0.0001083333198,1.701388463e-09,0.0001083333198,1.701388463e-09
9112,4.166666146e-05,3.81944349e-10,4.166666146e-05,3.81944349e-10
9113,6.249999219e-05,8.854164453e-10,6.249999219e-05,8.854164453e-10
9114,3.749999532e-05,5.729165234e-10,3.749999532e-05,5.729165234e-10
9115,6.666665834e-05,9.02777552e-10,6.666665834e-05,9.02777552e-10
9116,8.333332293e-06,3.472221355e-11,8.333332293e-06,3.472221355e-11
9117,7.083332449e-05,1.12847194e-09,7.083332449e-05,1.12847194e-09
9118,2.916666302e-05,3.298610286e-10,2.916666302e-05,3.298610286e-10
9119,4.999999376e-05,8.33333125e-10,4.999999376e-05,8.33333125e-10
9120,2.916666302e-05,3.298610286e-10,2.916666302e-05,3.298610286e-10
9121,8.749998907e-05,1.197916367e-09,8.749998907e-05,1.197916367e-09
9122,8.749998907e-05,1.197916367e-09,8.749998907e-05,1.197916367e-09
9123,3.749999531e-05,3.645832422e-10,3.749999531e-05,3.645832422e-10
9124,6.249999219e-05,6.77083164e-10,6.249999219e-05,6.77083164e-10
9125,5.41666599e-05,8.506942317e-10,5.41666599e-05,8.506942317e-10
9126,9.166665522e-05,1.423610755e-09,9.166665522e-05,1.423610755e-09
9127,6.249999219e-05,6.77083164e-10,6.249999219e-05,6.77083164e-10
9128,7.083332449e-05,9.201386588e-10,7.083332449e-05,9.201386588e-10
9129,2.916666302e-05,3.298610286e-10,2.916666302e-05,3.298610286e-10
9130,5.41666599e-05,6.423609505e-10,5.41666599e-05,6.423609505e-10
9131,2.083333073e-05,2.951388151e-10,2.083333073e-05,2.951388151e-10
9132,2.499999688e-05,3.124999219e-10,2.499999688e-05,3.124999219e-10
9133,4.166666145e-06,1.736110677e-11,4.166666145e-06,1.736110677e-11
9134,5.41666599e-05,8.506942317e-10,5.41666599e-05,8.506942317e-10
9135,5.833332605e-05,8.680553385e-10,5.833332605e-05,8.680553385e-10
9136,5.41666599e-05,6.423609505e-10,5.41666599e-05,6.423609505e-10
9137,4.999999375e-05,6.249998437e-10,4.999999375e-05,6.249998437e-10
9138,4.999999376e-05,8.33333125e-10,4.999999376e-05,8.33333125e-10
9139,1.666666459e-05,2.777777083e-10,1.666666459e-05,2.777777083e-10
9140,6.249999219e-05,8.854164453e-10,6.249999219e-05,8.854164453e-10
9141,4.583332761e-05,6.07638737e-10,4.583332761e-05,6.07638737e-10
9142,7.083332449e-05,9.201386588e-10,7.083332449e-05,9.201386588e-10
9143,3.333332916e-05,3.472221354e-10,3.333332916e-05,3.472221354e-10
9144,2.499999688e-05,3.124999219e-10,2.499999688e-05,3.124999219e-10
9145,0.0001041666537,1.684027357e-09,0.0001041666537,1.684027357e-09
9146,5.833332605e-05,8.680553385e-10,5.833332605e-05,8.680553385e-10
9147,1.249999844e-05,5.208332032e-11,1.249999844e-05,5.208332032e-11
9148,7.499999063e-05,9.374997656e-10,7.499999063e-05,9.374997656e-10
9149,2.499999688e-05,3.124999219e-10,2.499999688e-05,3.124999219e-10
9150,1.249999844e-05,5.208332032e-11,1.249999844e-05,5.208332032e-11
9151,7.916665678e-05,1.163194154e-09,7.916665678e-05,1.163194154e-09
9152,7.638887934e-05,1.136187988e-09,7.638887934e-05,1.136187988e-09
9153,4.583332761e-05,6.07638737e-10,4.583332761e-05,6.07638737e-10
9154,3.333332917e-05,5.555554166e-10,3.333332917e-05,5.555554166e-10
9155,1.249999843e-05,5.208332032e-11,1.249999843e-05,5.208332032e-11
9156,5.833332605e-05,8.680553385e-10,5.833332605e-05,8.680553385e-10
9157,4.583332761e-05,6.07638737e-10,4.583332761e-05,6.07638737e-10
9158,5.41666599e-05,8.506942317e-10,5.41666599e-05,8.506942317e-10
9159,6.249999219e-05,8.854164453e-10,6.249999219e-05,8.854164453e-10
9160,2.499999688e-05,3.124999219e-10,2.499999688e-05,3.124999219e-10
9161,7.083332449e-05,1.12847194e-09,7.083332449e-05,1.12847194e-09
9162,3.749999531e-05,3.645832422e-10,3.749999531e-05,3.645832422e-10
9163,8.333332291e-06,3.472221354e-11,8.333332291e-06,3.472221354e-11
9164,4.166666146e-05,3.81944349e-10,4.166666146e-05,3.81944349e-10
9165,2.499999688e-05,3.124999219e-10,2.499999688e-05,3.124999219e-10
9166,8.333332291e-06,3.472221354e-11,8.333332291e-06,3.472221354e-11
9167,4.583332761e-05,6.07638737e-10,4.583332761e-05,6.07638737e-10
9168,5.41666599e-05,6.423609505e-10,5.41666599e-05,6.423609505e-10
9169,1.249999844e-05,5.208332031e-11,1.249999844e-05,5.208332031e-11
9170,6.666665834e-05,1.111110833e-09,6.666665834e-05,1.111110833e-09
9171,4.166666146e-05,5.902776302e-10,4.166666146e-05,5.902776302e-10
9172,1.666666458e-05,6.944442709e-11,1.666666458e-05,6.944442709e-11
9173,7.499999063e-05,1.145833047e-09,7.499999063e-05,1.145833047e-09
9174,4.583332761e-05,6.07638737e-10,4.583332761e-05,6.07638737e-10
9175,6.249999219e-05,8.854164453e-10,6.249999219e-05,8.854164453e-10
9176,4.166666146e-05,3.81944349e-10,4.166666146e-05,3.81944349e-10
9177,5.833332605e-05,6.597220573e-10,5.833332605e-05,6.597220573e-10
9178,3.333332917e-05,3.472221354e-10,3.333332917e-05,3.472221354e-10
9179,3.749999532e-05,5.729165234e-10,3.749999532e-05,5.729165234e-10
9180,9.583332137e-05,1.440971862e-09,9.583332137e-05,1.440971862e-09
9181,2.916666302e-05,3.298610286e-10,2.916666302e-05,3.298610286e-10
9182,5.41666599e-05,8.506942317e-10,5.41666599e-05,8.506942317e-10
9183,4.166666146e-05,5.902776302e-10,4.166666146e-05,5.902776302e-10
9184,6.666665834e-05,9.02777552e-10,6.666665834e-05,9.02777552e-10
9185,1.249999844e-05,5.208332031e-11,1.249999844e-05,5.208332031e-11
9186,2.499999688e-05,3.124999219e-10,2.499999688e-05,3.124999219e-10
9187,1.666666459e-05,2.777777083e-10,1.666666459e-05,2.777777083e-10
9188,8.749998907e-05,1.197916367e-09,8.749998907e-05,1.197916367e-09
9189,4.166666146e-05,5.902776302e-10,4.166666146e-05,5.902776302e-10
9190,2.499999688e-05,3.124999219e-10,2.499999688e-05,3.124999219e-10
9191,7.083332449e-05,1.12847194e-09,7.083332449e-05,1.12847194e-09
9192,7.083332449e-05,1.12847194e-09,7.083332449e-05,1.12847194e-09
9193,2.083333073e-05,2.951388151e-10,2.083333073e-05,2.951388151e-10
9194,2.083333073e-05,8.680553385e-11,2.083333073e-05,8.680553385e-11
9195,4.166666146e-05,5.902776302e-10,4.166666146e-05,5.902776302e-10
9196,4.583332761e-05,6.07638737e-10,4.583332761e-05,6.07638737e-10
9197,6.666665834e-05,9.02777552e-10,6.666665834e-05,9.02777552e-10
9198,7.916665678e-05,1.163194154e-09,7.916665678e-05,1.163194154e-09
9199,4.166666146e-05,3.81944349e-10,4.166666146e-05,3.81944349e-10
9200,4.166666146e-05,5.902776302e-10,4.166666146e-05,5.902776302e-10
9201,5.416665989e-05,6.423609502e-10,5.416665989e-05,6.423609502e-10
9202,2.499999688e-05,3.124999219e-10,2.499999688e-05,3.124999219e-10
9203,5.833332605e-05,8.680553385e-10,5.833332605e-05,8.680553385e-10
9204,4.166666146e-05,5.902776302e-10,4.166666146e-05,5.902776302e-10
9205,2.083333073e-05,2.951388151e-10,2.083333073e-05,2.951388151e-10
9206,5.833332605e-05,8.680553385e-10,5.833332605e-05,8.680553385e-10
9207,0.0001166666521,1.736110677e-09,0.0001166666521,1.736110677e-09
9208,1.249999844e-05,5.208332032e-11,1.249999844e-05,5.208332032e-11
9209,5.833332605e-05,8.680553385e-10,5.833332605e-05,8.680553385e-10
9210,6.249999219e-05,6.77083164e-10,6.249999219e-05,6.77083164e-10
9211,2.916666302e-05,3.298610286e-10,2.916666302e-05,3.298610286e-10
9212,3.333332917e-05,3.472221354e-10,3.333332917e-05,3.472221354e-10
9213,6.249999219e-05,8.854164453e-10,6.249999219e-05,8.854164453e-10
9214,5.41666599e-05,6.423609505e-10,5.41666599e-05,6.423609505e-10
9215,7.083332449e-05,1.12847194e-09,7.083332449e-05,1.12847194e-09
9216,6.666665834e-05,9.02777552e-10,6.666665834e-05,9.02777552e-10
9217,7.499999063e-05,1.145833047e-09,7.499999063e-05,1.145833047e-09
9218,9.166665522e-05,1.423610755e-09,9.166665522e-05,1.423610755e-09
9219,3.333332916e-05,3.472221354e-10,3.333332916e-05,3.472221354e-10
9220,4.999999375e-05,6.249998437e-10,4.999999375e-05,6.249998437e-10
9221,5.833332605e-05,8.680553385e-10,5.833332605e-05,8.680553385e-10
9222,1.249999844e-05,5.208332032e-11,1.249999844e-05,5.208332032e-11
9223,4.166666146e-05,5.902776302e-10,4.166666146e-05,5.902776302e-10
9224,1.249999844e-05,5.208332032e-11,1.249999844e-05,5.208332032e-11
9225,1.249999844e-05,5.208332031e-11,1.249999844e-05,5.208332031e-11
9226,3.333332917e-05,3.472221354e-10,3.333332917e-05,3.472221354e-10
9227,8.749998907e-05,1.197916367e-09,8.749998907e-05,1.197916367e-09
9228,0.0001041666536,1.475694075e-09,0.0001041666536,1.475694075e-09
9229,4.166666146e-05,3.81944349e-10,4.166666146e-05,3.81944349e-10
9230,5.833332605e-05,8.680553385e-10,5.833332605e-05,8.680553385e-10
9231,3.333332917e-05,3.472221354e-10,3.333332917e-05,3.472221354e-10
9232,3.333332917e-05,3.472221354e-10,3.333332917e-05,3.472221354e-10
9233,2.916666302e-05,3.298610286e-10,2.916666302e-05,3.298610286e-10
9234,1.666666459e-05,2.777777083e-10,1.666666459e-05,2.777777083e-10
9235,2.916666302e-05,3.298610286e-10,2.916666302e-05,3.298610286e-10
9236,7.916665678e-05,1.163194154e-09,7.916665678e-05,1.163194154e-09
9237,2.499999688e-05,3.124999219e-10,2.499999688e-05,3.124999219e-10
9238,6.666665834e-05,9.02777552e-10,6.666665834e-05,9.02777552e-10
9239,4.999999375e-05,6.249998437e-10,4.999999375e-05,6.249998437e-10
9240,4.999999375e-05,6.249998437e-10,4.999999375e-05,6.249998437e-10
9241,0,0,0,0
9242,8.333332291e-06,3.472221354e-11,8.333332291e-06,3.472221354e-11
9243,2.916666302e-05,3.298610286e-10,2.916666302e-05,3.298610286e-10
9244,9.999998751e-05,1.66666625e-09,9.999998751e-05,1.66666625e-09
9245,3.749999532e-05,5.729165234e-10,3.749999532e-05,5.729165234e-10
9246,3.749999532e-05,3.645832422e-10,3.749999532e-05,3.645832422e-10
9247,9.166665522e-05,1.423610755e-09,9.166665522e-05,1.423610755e-09
9248,7.499999063e-05,9.374997656e-10,7.499999063e-05,9.374997656e-10
9249,4.166666146e-05,5.902776302e-10,4.166666146e-05,5.902776302e-10
9250,9.166665522e-05,1.215277474e-09,9.166665522e-05,1.215277474e-09
9251,1.666666458e-05,6.944442708e-11,1.666666458e-05,6.944442708e-11
9252,5.41666599e-05,6.423609505e-10,5.41666599e-05,6.423609505e-10
9253,0.0001041666537,1.475694075e-09,0.0001041666537,1.475694075e-09
9254,2.499999688e-05,3.124999219e-10,2.499999688e-05,3.124999219e-10
9255,4.166666145e-06,1.736110677e-11,4.166666145e-06,1.736110677e-11
9256,5.833332605e-05,8.680553385e-10,5.833332605e-05,8.680553385e-10
9257,8.333332292e-05,1.18055526e-09,8.333332292e-05,1.18055526e-09
9258,8.749998907e-05,1.197916367e-09,8.749998907e-05,1.197916367e-09
9259,7.916665678e-05,1.163194154e-09,7.916665678e-05,1.163194154e-09
9260,6.249999219e-05,8.854164453e-10,6.249999219e-05,8.854164453e-10
9261,5.833332605e-05,8.680553385e-10,5.833332605e-05,8.680553385e-10
9262,0.0001499999813,2.291666094e-09,0.0001499999813,2.291666094e-09
9263,4.166666146e-05,5.902776302e-10,4.166666146e-05,5.902776302e-10
9264,2.499999688e-05,3.124999219e-10,2.499999688e-05,3.124999219e-10
9265,2.499999688e-05,3.124999219e-10,2.499999688e-05,3.124999219e-10
9266,2.499999688e-05,3.124999219e-10,2.499999688e-05,3.124999219e-10
9267,5.41666599e-05,8.506942317e-10,5.41666599e-05,8.506942317e-10
9268,9.583332136e-05,1.440971862e-09,9.583332136e-05,1.440971862e-09
9269,4.166666145e-06,1.736110677e-11,4.166666145e-06,1.736110677e-11
9270,6.249999219e-05,6.77083164e-10,6.249999219e-05,6.77083164e-10
9271,4.583332761e-05,6.07638737e-10,4.583332761e-05,6.07638737e-10
9272,2.499999688e-05,3.124999219e-10,2.499999688e-05,3.124999219e-10
9273,4.999999375e-05,6.249998437e-10,4.999999375e-05,6.249998437e-10
9274,4.166666145e-06,1.736110677e-11,4.166666145e-06,1.736110677e-11
9275,4.583332761e-05,6.07638737e-10,4.583332761e-05,6.07638737e-10
9276,9.583332136e-05,1.440971862e-09,9.583332136e-05,1.440971862e-09
9277,7.916665678e-05,1.163194154e-09,7.916665678e-05,1.163194154e-09
9278,3.749999532e-05,5.729165234e-10,3.749999532e-05,5.729165234e-10
9279,7.916665678e-05,1.163194154e-09,7.916665678e-05,1.163194154e-09
9280,7.499999063e-05,9.374997656e-10,7.499999063e-05,9.374997656e-10
9281,8.749998907e-05,1.197916367e-09,8.749998907e-05,1.197916367e-09
9282,8.333332293e-05,1.388888542e-09,8.333332293e-05,1.388888542e-09
9283,4.999999375e-05,6.249998437e-10,4.999999375e-05,6.249998437e-10
9284,9.999998751e-05,1.458332969e-09,9.999998751e-05,1.458332969e-09
9285,4.583332761e-05,6.07638737e-10,4.583332761e-05,6.07638737e-10
9286,5.41666599e-05,6.423609505e-10,5.41666599e-05,6.423609505e-10
9287,2.916666302e-05,3.298610286e-10,2.916666302e-05,3.298610286e-10
9288,5.41666599e-05,6.423609505e-10,5.41666599e-05,6.423609505e-10
9289,2.916666302e-05,3.298610286e-10,2.916666302e-05,3.298610286e-10
9290,2.499999688e-05,3.124999219e-10,2.499999688e-05,3.124999219e-10
9291,2.916666302e-05,3.298610286e-10,2.916666302e-05,3.298610286e-10
9292,5.41666599e-05,8.506942317e-10,5.41666599e-05,8.506942317e-10
9293,7.083332448e-05,7.118053776e-10,7.083332448e-05,7.118053776e-10
9294,2.083333073e-05,2.951388151e-10,2.083333073e-05,2.951388151e-10
9295,6.666665834e-05,9.02777552e-10,6.666665834e-05,9.02777552e-10
9296,0.0001208333182,1.961805065e-09,0.0001208333182,1.961805065e-09
9297,2.499999688e-05,3.124999219e-10,2.499999688e-05,3.124999219e-10
9298,4.999999375e-05,6.249998437e-10,4.999999375e-05,6.249998437e-10
9299,5.41666599e-05,6.423609505e-10,5.41666599e-05,6.423609505e-10
9300,2.499999688e-05,3.124999219e-10,2.499999688e-05,3.124999219e-10
9301,4.583332761e-05,6.07638737e-10,4.583332761e-05,6.07638737e-10
9302,2.499999688e-05,3.124999219e-10,2.499999688e-05,3.124999219e-10
9303,3.333332917e-05,3.472221354e-10,3.333332917e-05,3.472221354e-10
9304,4.999999376e-05,8.33333125e-10,4.999999376e-05,8.33333125e-10
9305,7.916665678e-05,1.163194154e-09,7.916665678e-05,1.163194154e-09
9306,3.333332917e-05,3.472221354e-10,3.333332917e-05,3.472221354e-10
9307,3.749999532e-05,5.729165234e-10,3.749999532e-05,5.729165234e-10
9308,7.499999063e-05,1.145833047e-09,7.499999063e-05,1.145833047e-09
9309,0,0,0,0
9310,3.333332916e-05,3.472221354e-10,3.333332916e-05,3.472221354e-10
9311,5.41666599e-05,8.506942317e-10,5.41666599e-05,8.506942317e-10
9312,7.083332449e-05,1.12847194e-09,7.083332449e-05,1.12847194e-09
9313,2.083333073e-05,2.951388151e-10,2.083333073e-05,2.951388151e-10
9314,6.666665834e-05,9.02777552e-10,6.666665834e-05,9.02777552e-10
9315,2.499999688e-05,3.124999219e-10,2.499999688e-05,3.124999219e-10
9316,4.166666146e-05,3.81944349e-10,4.166666146e-05,3.81944349e-10
9317,7.916665678e-05,1.163194154e-09,7.916665678e-05,1.163194154e-09
9318,4.999999375e-05,6.249998437e-10,4.999999375e-05,6.249998437e-10
9319,7.083332449e-05,1.12847194e-09,7.083332449e-05,1.12847194e-09
9320,2.083333073e-05,2.951388151e-10,2.083333073e-05,2.951388151e-10
9321,0.0001083333198,1.493055182e-09,0.0001083333198,1.493055182e-09
9322,6.666665834e-05,9.02777552e-10,6.666665834e-05,9.02777552e-10
9323,4.166666146e-05,3.819443489e-10,4.166666146e-05,3.819443489e-10
9324,5.833332605e-05,8.680553385e-10,5.833332605e-05,8.680553385e-10
9325,3.749999532e-05,5.729165234e-10,3.749999532e-05,5.729165234e-10
9326,6.666665834e-05,9.02777552e-10,6.666665834e-05,9.02777552e-10
9327,2.499999688e-05,3.124999219e-10,2.499999688e-05,3.124999219e-10
9328,4.583332761e-05,6.07638737e-10,4.583332761e-05,6.07638737e-10
9329,6.249999219e-05,8.854164453e-10,6.249999219e-05,8.854164453e-10
9330,1.666666459e-05,2.777777083e-10,1.666666459e-05,2.777777083e-10
9331,3.749999532e-05,5.729165234e-10,3.749999532e-05,5.729165234e-10
9332,2.916666302e-05,3.298610286e-10,2.916666302e-05,3.298610286e-10
9333,0.0001208333182,1.961805065e-09,0.0001208333182,1.961805065e-09
9334,6.666665834e-05,9.02777552e-10,6.666665834e-05,9.02777552e-10
9335,1.249999844e-05,5.208332032e-11,1.249999844e-05,5.208332032e-11
9336,7.499999063e-05,9.374997656e-10,7.499999063e-05,9.374997656e-10
9337,4.166666146e-05,5.902776302e-10,4.166666146e-05,5.902776302e-10
9338,7.499999063e-05,1.145833047e-09,7.499999063e-05,1.145833047e-09
9339,3.333332917e-05,3.472221354e-10,3.333332917e-05,3.472221354e-10
9340,6.666665834e-05,9.02777552e-10,6.666665834e-05,9.02777552e-10
9341,5.41666599e-05,8.506942317e-10,5.41666599e-05,8.506942317e-10
9342,5.902777041e-05,6.659913458e-10,5.902777041e-05,6.659913458e-10
9343,5.833332605e-05,8.680553385e-10,5.833332605e-05,8.680553385e-10
9344,5.833332605e-05,6.597220573e-10,5.833332605e-05,6.597220573e-10
9345,2.083333073e-05,2.951388151e-10,2.083333073e-05,2.951388151e-10
9346,1.249999843e-05,5.208332029e-11,1.249999843e-05,5.208332029e-11
9347,5.41666599e-05,6.423609505e-10,5.41666599e-05,6.423609505e-10
9348,4.583332761e-05,6.07638737e-10,4.583332761e-05,6.07638737e-10
9349,2.916666302e-05,3.298610286e-10,2.916666302e-05,3.298610286e-10
9350,4.166666146e-05,3.819443489e-10,4.166666146e-05,3.819443489e-10
9351,4.999999376e-05,6.249998437e-10,4.999999376e-05,6.249998437e-10
9352,5.833332605e-05,8.680553385e-10,5.833332605e-05,8.680553385e-10
9353,4.166666146e-05,5.902776302e-10,4.166666146e-05,5.902776302e-10
9354,5.833332605e-05,8.680553385e-10,5.833332605e-05,8.680553385e-10
9355,4.166666146e-06,1.736110677e-11,4.166666146e-06,1.736110677e-11
9356,4.583332761e-05,6.07638737e-10,4.583332761e-05,6.07638737e-10
9357,5.41666599e-05,8.506942317e-10,5.41666599e-05,8.506942317e-10
9358,2.916666302e-05,3.298610286e-10,2.916666302e-05,3.298610286e-10
9359,4.999999375e-05,6.249998437e-10,4.999999375e-05,6.249998437e-10
9360,4.166666146e-06,1.736110677e-11,4.166666146e-06,1.736110677e-11
9361,4.999999375e-05,6.249998437e-10,4.999999375e-05,6.249998437e-10
9362,3.333332917e-05,3.472221354e-10,3.333332917e-05,3.472221354e-10
9363,7.083332449e-05,9.201386588e-10,7.083332449e-05,9.201386588e-10
9364,5.41666599e-05,6.423609505e-10,5.41666599e-05,6.423609505e-10
9365,7.916665678e-05,1.163194154e-09,7.916665678e-05,1.163194154e-09
9366,4.166666146e-05,5.902776302e-10,4.166666146e-05,5.902776302e-10
9367,7.083332449e-05,1.12847194e-09,7.083332449e-05,1.12847194e-09
9368,0.0001041666537,1.475694075e-09,0.0001041666537,1.475694075e-09
9369,2.083333073e-05,2.951388151e-10,2.083333073e-05,2.951388151e-10
9370,7.499999063e-05,1.145833047e-09,7.499999063e-05,1.145833047e-09
9371,3.749999532e-05,5.729165234e-10,3.749999532e-05,5.729165234e-10
9372,6.666665834e-05,1.111110833e-09,6.666665834e-05,1.111110833e-09
9373,4.166666146e-05,5.902776302e-10,4.166666146e-05,5.902776302e-10
9374,4.999999375e-05,6.249998437e-10,4.999999375e-05,6.249998437e-10
9375,5.833332605e-05,6.597220573e-10,5.833332605e-05,6.597220573e-10
9376,0,0,0,0
9377,6.249999219e-05,8.854164453e-10,6.249999219e-05,8.854164453e-10
9378,8.33333229e-06,3.472221355e-11,8.33333229e-06,3.472221355e-11
9379,4.999999375e-05,6.249998437e-10,4.999999375e-05,6.249998437e-10
9380,6.249999219e-05,6.77083164e-10,6.249999219e-05,6.77083164e-10
9381,5.833332604e-05,6.597220573e-10,5.833332604e-05,6.597220573e-10
9382,3.333332917e-05,3.472221354e-10,3.333332917e-05,3.472221354e-10
9383,4.583332761e-05,6.07638737e-10,4.583332761e-05,6.07638737e-10
9384,2.499999688e-05,3.124999219e-10,2.499999688e-05,3.124999219e-10
9385,2.916666302e-05,3.298610286e-10,2.916666302e-05,3.298610286e-10
9386,5.41666599e-05,8.506942317e-10,5.41666599e-05,8.506942317e-10
9387,1.666666459e-05,2.777777083e-10,1.666666459e-05,2.777777083e-10
9388,4.999999375e-05,6.249998437e-10,4.999999375e-05,6.249998437e-10
9389,6.249999219e-05,8.854164453e-10,6.249999219e-05,8.854164453e-10
9390,9.166665521e-05,1.215277474e-09,9.166665521e-05,1.215277474e-09
9391,4.583332761e-05,6.07638737e-10,4.583332761e-05,6.07638737e-10
9392,7.499999063e-05,1.145833047e-09,7.499999063e-05,1.145833047e-09
9393,4.583332761e-05,6.07638737e-10,4.583332761e-05,6.07638737e-10
9394,8.333332291e-06,3.472221354e-11,8.333332291e-06,3.472221354e-11
9395,0.0001333333167,2.013888386e-09,0.0001333333167,2.013888386e-09
9396,3.749999532e-05,5.729165234e-10,3.749999532e-05,5.729165234e-10
9397,2.083333073e-05,2.951388151e-10,2.083333073e-05,2.951388151e-10
9398,3.749999532e-05,5.729165234e-10,3.749999532e-05,5.729165234e-10
9399,5.41666599e-05,8.506942317e-10,5.41666599e-05,8.506942317e-10
9400,6.666665834e-05,9.02777552e-10,6.666665834e-05,9.02777552e-10
9401,4.583332761e-05,6.07638737e-10,4.583332761e-05,6.07638737e-10
9402,3.749999531e-05,3.645832422e-10,3.749999531e-05,3.645832422e-10
9403,6.666665834e-05,1.111110833e-09,6.666665834e-05,1.111110833e-09
9404,4.999999374e-05,4.166665624e-10,4.999999374e-05,4.166665624e-10
9405,6.249999219e-05,8.854164453e-10,6.249999219e-05,8.854164453e-10
9406,7.083332449e-05,9.201386588e-10,7.083332449e-05,9.201386588e-10
9407,5.41666599e-05,8.506942317e-10,5.41666599e-05,8.506942317e-10
9408,5.833332605e-05,8.680553385e-10,5.833332605e-05,8.680553385e-10
9409,6.249999219e-05,8.854164453e-10,6.249999219e-05,8.854164453e-10
9410,2.499999688e-05,3.124999219e-10,2.499999688e-05,3.124999219e-10
9411,1.666666458e-05,6.944442709e-11,1.666666458e-05,6.944442709e-11
9412,4.999999375e-05,6.249998437e-10,4.999999375e-05,6.249998437e-10
9413,8.333332292e-05,1.18055526e-09,8.333332292e-05,1.18055526e-09
9414,5.833332605e-05,6.597220573e-10,5.833332605e-05,6.597220573e-10
9415,6.666665834e-05,9.02777552e-10,6.666665834e-05,9.02777552e-10
9416,4.166666146e-05,5.902776302e-10,4.166666146e-05,5.902776302e-10
9417,6.249999219e-05,8.854164453e-10,6.249999219e-05,8.854164453e-10
9418,7.916665678e-05,1.163194154e-09,7.916665678e-05,1.163194154e-09
9419,4.722221632e-05,4.128085388e-10,4.722221632e-05,4.128085388e-10
9420,2.083333073e-05,8.680553386e-11,2.083333073e-05,8.680553386e-11
9421,2.499999688e-05,3.124999219e-10,2.499999688e-05,3.124999219e-10
9422,3.749999532e-05,3.645832422e-10,3.749999532e-05,3.645832422e-10
9423,2.916666302e-05,3.298610286e-10,2.916666302e-05,3.298610286e-10
9424,8.749998907e-05,1.406249648e-09,8.749998907e-05,1.406249648e-09
9425,4.583332761e-05,6.07638737e-10,4.583332761e-05,6.07638737e-10
9426,4.166666146e-05,5.902776302e-10,4.166666146e-05,5.902776302e-10
9427,5.41666599e-05,8.506942317e-10,5.41666599e-05,8.506942317e-10
9428,4.166666146e-05,5.902776302e-10,4.166666146e-05,5.902776302e-10
9429,2.916666302e-05,3.298610286e-10,2.916666302e-05,3.298610286e-10
9430,2.083333073e-05,2.951388151e-10,2.083333073e-05,2.951388151e-10
9431,7.916665678e-05,1.163194154e-09,7.916665678e-05,1.163194154e-09
9432,7.083332448e-05,9.201386588e-10,7.083332448e-05,9.201386588e-10
9433,5.833332605e-05,8.680553385e-10,5.833332605e-05,8.680553385e-10
9434,0.0001166666521,2.048610599e-09,0.0001166666521,2.048610599e-09
9435,4.166666146e-05,5.902776302e-10,4.166666146e-05,5.902776302e-10
9436,3.749999532e-05,5.729165234e-10,3.749999532e-05,5.729165234e-10
9437,7.083332449e-05,1.12847194e-09,7.083332449e-05,1.12847194e-09
9438,5.41666599e-05,8.506942317e-10,5.41666599e-05,8.506942317e-10
9439,5.833332605e-05,8.680553385e-10,5.833332605e-05,8.680553385e-10
9440,7.499999063e-05,1.145833047e-09,7.499999063e-05,1.145833047e-09
9441,2.083333073e-05,2.951388151e-10,2.083333073e-05,2.951388151e-10
9442,5.41666599e-05,8.506942317e-10,5.41666599e-05,8.506942317e-10
9443,5.833332605e-05,8.680553385e-10,5.833332605e-05,8.680553385e-10
9444,2.083333073e-05,2.951388151e-10,2.083333073e-05,2.951388151e-10
9445,7.083332448e-05,9.201386588e-10,7.083332448e-05,9.201386588e-10
9446,4.166666146e-05,5.902776302e-10,4.166666146e-05,5.902776302e-10
9447,3.333332917e-05,3.472221354e-10,3.333332917e-05,3.472221354e-10
9448,2.916666302e-05,3.298610286e-10,2.916666302e-05,3.298610286e-10
9449,5.833332605e-05,8.680553385e-10,5.833332605e-05,8.680553385e-10
9450,2.499999688e-05,3.124999219e-10,2.499999688e-05,3.124999219e-10
9451,5.833332605e-05,8.680553385e-10,5.833332605e-05,8.680553385e-10
9452,6.249999219e-05,8.854164453e-10,6.249999219e-05,8.854164453e-10
9453,4.166666146e-05,3.81944349e-10,4.166666146e-05,3.81944349e-10
9454,9.583332136e-05,1.440971862e-09,9.583332136e-05,1.440971862e-09
9455,4.166666146e-05,5.902776302e-10,4.166666146e-05,5.902776302e-10
9456,0.0001041666537,1.475694075e-09,0.0001041666537,1.475694075e-09
9457,4.166666146e-05,5.902776302e-10,4.166666146e-05,5.902776302e-10
9458,8.333332292e-05,1.18055526e-09,8.333332292e-05,1.18055526e-09
9459,4.583332761e-05,6.07638737e-10,4.583332761e-05,6.07638737e-10
9460,9.583332136e-05,1.440971862e-09,9.583332136e-05,1.440971862e-09
9461,4.999999375e-05,6.249998437e-10,4.999999375e-05,6.249998437e-10
9462,7.083332449e-05,1.12847194e-09,7.083332449e-05,1.12847194e-09
9463,1.666666459e-05,2.777777083e-10,1.666666459e-05,2.777777083e-10
9464,4.166666146e-05,5.902776302e-10,4.166666146e-05,5.902776302e-10
9465,3.749999532e-05,5.729165234e-10,3.749999532e-05,5.729165234e-10
9466,4.999999375e-05,6.249998437e-10,4.999999375e-05,6.249998437e-10
9467,1.666666458e-05,6.944442709e-11,1.666666458e-05,6.944442709e-11
9468,3.749999532e-05,5.729165234e-10,3.749999532e-05,5.729165234e-10
9469,4.583332761e-05,6.07638737e-10,4.583332761e-05,6.07638737e-10
9470,1.249999844e-05,5.208332032e-11,1.249999844e-05,5.208332032e-11
9471,2.499999688e-05,3.124999219e-10,2.499999688e-05,3.124999219e-10
9472,6.249999219e-05,8.854164453e-10,6.249999219e-05,8.854164453e-10
9473,2.916666302e-05,3.298610286e-10,2.916666302e-05,3.298610286e-10
9474,2.916666302e-05,3.298610286e-10,2.916666302e-05,3.298610286e-10
9475,2.083333073e-05,2.951388151e-10,2.083333073e-05,2.951388151e-10
9476,4.166666146e-05,5.902776302e-10,4.166666146e-05,5.902776302e-10
9477,4.166666146e-05,5.902776302e-10,4.166666146e-05,5.902776302e-10
9478,4.166666146e-06,1.736110677e-11,4.166666146e-06,1.736110677e-11
9479,2.916666302e-05,3.298610286e-10,2.916666302e-05,3.298610286e-10
9480,2.916666302e-05,1.215277474e-10,2.916666302e-05,1.215277474e-10
9481,3.749999532e-05,5.729165234e-10,3.749999532e-05,5.729165234e-10
9482,5.41666599e-05,6.423609505e-10,5.41666599e-05,6.423609505e-10
9483,2.499999688e-05,3.124999219e-10,2.499999688e-05,3.124999219e-10
9484,1.291666505e-05,5.572915274e-11,1.291666505e-05,5.572915274e-11
9485,2.083333073e-05,2.951388151e-10,2.083333073e-05,2.951388151e-10
9486,1.249999844e-05,5.208332032e-11,1.249999844e-05,5.208332032e-11
9487,4.166666145e-06,1.736110677e-11,4.166666145e-06,1.736110677e-11
9488,2.916666302e-05,3.298610286e-10,2.916666302e-05,3.298610286e-10
9489,3.749999532e-05,5.729165234e-10,3.749999532e-05,5.729165234e-10
9490,5.41666599e-05,6.423609505e-10,5.41666599e-05,6.423609505e-10
9491,3.749999532e-05,3.645832422e-10,3.749999532e-05,3.645832422e-10
9492,8.333332292e-06,3.472221354e-11,8.333332292e-06,3.472221354e-11
9493,7.916665678e-05,9.548608724e-10,7.916665678e-05,9.548608724e-10
9494,2.499999688e-05,3.124999219e-10,2.499999688e-05,3.124999219e-10
9495,0.0001041666536,2.031249493e-09,0.0001041666536,2.031249493e-09
9496,3.333332917e-05,1.388888542e-10,3.333332917e-05,1.388888542e-10
9497,3.749999532e-05,3.645832422e-10,3.749999532e-05,3.645832422e-10
9498,5.833332605e-05,8.680553385e-10,5.833332605e-05,8.680553385e-10
9499,4.166666146e-05,5.902776302e-10,4.166666146e-05,5.902776302e-10
9500,6.249999219e-05,8.854164453e-10,6.249999219e-05,8.854164453e-10
9501,1.666666459e-05,2.777777083e-10,1.666666459e-05,2.777777083e-10
9502,6.249999219e-05,8.854164453e-10,6.249999219e-05,8.854164453e-10
9503,3.749999531e-05,3.645832422e-10,3.749999531e-05,3.645832422e-10
9504,2.916666302e-05,3.298610286e-10,2.916666302e-05,3.298610286e-10
9505,9.999998751e-05,1.458332969e-09,9.999998751e-05,1.458332969e-09
9506,3.749999532e-05,5.729165234e-10,3.749999532e-05,5.729165234e-10
9507,6.249999219e-05,8.854164453e-10,6.249999219e-05,8.854164453e-10
9508,2.916666302e-05,3.298610286e-10,2.916666302e-05,3.298610286e-10
9509,2.916666302e-05,3.298610286e-10,2.916666302e-05,3.298610286e-10
9510,4.166666146e-05,5.902776302e-10,4.166666146e-05,5.902776302e-10
9511,1.249999844e-05,5.208332031e-11,1.249999844e-05,5.208332031e-11
9512,0.0001208333182,1.753471784e-09,0.0001208333182,1.753471784e-09
9513,1.666666459e-05,2.777777083e-10,1.666666459e-05,2.777777083e-10
9514,7.499999063e-05,1.145833047e-09,7.499999063e-05,1.145833047e-09
9515,6.666665834e-05,1.111110833e-09,6.666665834e-05,1.111110833e-09
9516,5.833332605e-05,8.680553385e-10,5.833332605e-05,8.680553385e-10
9517,4.166666146e-05,5.902776302e-10,4.166666146e-05,5.902776302e-10
9518,9.166665521e-05,1.215277474e-09,9.166665521e-05,1.215277474e-09
9519,6.666665834e-05,9.02777552e-10,6.666665834e-05,9.02777552e-10
9520,5.833332604e-05,6.597220573e-10,5.833332604e-05,6.597220573e-10
9521,1.666666459e-05,2.777777083e-10,1.666666459e-05,2.777777083e-10
9522,7.499999063e-05,9.374997656e-10,7.499999063e-05,9.374997656e-10
9523,2.499999688e-05,3.124999219e-10,2.499999688e-05,3.124999219e-10
9524,3.749999531e-05,3.645832422e-10,3.749999531e-05,3.645832422e-10
9525,4.999999375e-05,6.249998437e-10,4.999999375e-05,6.249998437e-10
9526,5.41666599e-05,6.423609505e-10,5.41666599e-05,6.423609505e-10
9527,8.749998907e-05,1.197916367e-09,8.749998907e-05,1.197916367e-09
9528,3.749999531e-05,3.645832422e-10,3.749999531e-05,3.645832422e-10
9529,4.166666145e-06,1.736110677e-11,4.166666145e-06,1.736110677e-11
9530,6.666665834e-05,9.02777552e-10,6.666665834e-05,9.02777552e-10
9531,4.999999375e-05,6.249998437e-10,4.999999375e-05,6.249998437e-10
9532,3.333332917e-05,3.472221354e-10,3.333332917e-05,3.472221354e-10
9533,0.0001166666521,1.736110677e-09,0.0001166666521,1.736110677e-09
9534,2.916666302e-05,3.298610286e-10,2.916666302e-05,3.298610286e-10
9535,3.749999532e-05,5.729165234e-10,3.749999532e-05,5.729165234e-10
9536,3.333332917e-05,3.472221354e-10,3.333332917e-05,3.472221354e-10
9537,6.666665834e-05,9.02777552e-10,6.666665834e-05,9.02777552e-10
9538,8.33333229e-06,3.472221355e-11,8.33333229e-06,3.472221355e-11
9539,9.583332136e-05,1.440971862e-09,9.583332136e-05,1.440971862e-09
9540,1.249999843e-05,5.208332032e-11,1.249999843e-05,5.208332032e-11
9541,1.249999843e-05,5.20833203e-11,1.249999843e-05,5.20833203e-11
9542,9.166665522e-05,1.215277474e-09,9.166665522e-05,1.215277474e-09
9543,2.083333073e-05,8.680553386e-11,2.083333073e-05,8.680553386e-11
9544,6.666665834e-05,9.02777552e-10,6.666665834e-05,9.02777552e-10
9545,6.666665833e-05,6.944442708e-10,6.666665833e-05,6.944442708e-10
9546,7.499999063e-05,1.145833047e-09,7.499999063e-05,1.145833047e-09
9547,2.916666302e-05,3.298610286e-10,2.916666302e-05,3.298610286e-10
9548,3.749999532e-05,3.645832422e-10,3.749999532e-05,3.645832422e-10
9549,7.499999063e-05,1.145833047e-09,7.499999063e-05,1.145833047e-09
9550,6.249999219e-05,8.854164453e-10,6.249999219e-05,8.854164453e-10
9551,3.749999532e-05,5.729165234e-10,3.749999532e-05,5.729165234e-10
9552,7.083332448e-05,9.201386588e-10,7.083332448e-05,9.201386588e-10
9553,6.666665834e-05,1.111110833e-09,6.666665834e-05,1.111110833e-09
9554,2.499999688e-05,3.124999219e-10,2.499999688e-05,3.124999219e-10
9555,8.749998907e-05,1.406249648e-09,8.749998907e-05,1.406249648e-09
9556,8.333332291e-06,3.472221354e-11,8.333332291e-06,3.472221354e-11
9557,2.083333073e-05,2.951388151e-10,2.083333073e-05,2.951388151e-10
9558,4.583332761e-05,6.07638737e-10,4.583332761e-05,6.07638737e-10
9559,8.749998907e-05,1.197916367e-09,8.749998907e-05,1.197916367e-09
9560,4.166666146e-05,5.902776302e-10,4.166666146e-05,5.902776302e-10
9561,4.583332761e-05,6.07638737e-10,4.583332761e-05,6.07638737e-10
9562,6.666665834e-05,9.02777552e-10,6.666665834e-05,9.02777552e-10
9563,4.583332761e-05,6.07638737e-10,4.583332761e-05,6.07638737e-10
9564,4.999999375e-05,6.249998437e-10,4.999999375e-05,6.249998437e-10
9565,6.249999219e-05,8.854164453e-10,6.249999219e-05,8.854164453e-10
9566,4.999999375e-05,6.249998437e-10,4.999999375e-05,6.249998437e-10
9567,3.749999532e-05,5.729165234e-10,3.749999532e-05,5.729165234e-10
9568,2.499999688e-05,3.124999219e-10,2.499999688e-05,3.124999219e-10
9569,4.166666146e-05,5.902776302e-10,4.166666146e-05,5.902776302e-10
9570,3.749999532e-05,5.729165234e-10,3.749999532e-05,5.729165234e-10
9571,5.41666599e-05,8.506942317e-10,5.41666599e-05,8.506942317e-10
9572,4.583332761e-05,6.07638737e-10,4.583332761e-05,6.07638737e-10
9573,7.083332449e-05,1.12847194e-09,7.083332449e-05,1.12847194e-09
9574,6.666665834e-05,1.111110833e-09,6.666665834e-05,1.111110833e-09
9575,3.333332917e-05,3.472221354e-10,3.333332917e-05,3.472221354e-10
9576,5.833332605e-05,8.680553385e-10,5.833332605e-05,8.680553385e-10
9577,4.583332761e-05,6.076387369e-10,4.583332761e-05,6.076387369e-10
9578,8.33333229e-06,3.472221355e-11,8.33333229e-06,3.472221355e-11
9579,5.41666599e-05,6.423609505e-10,5.41666599e-05,6.423609505e-10
9580,6.666665834e-05,9.02777552e-10,6.666665834e-05,9.02777552e-10
9581,4.583332761e-05,6.07638737e-10,4.583332761e-05,6.07638737e-10
9582,2.916666302e-05,3.298610286e-10,2.916666302e-05,3.298610286e-10
9583,4.166666146e-05,5.902776302e-10,4.166666146e-05,5.902776302e-10
9584,1.249999844e-05,5.208332032e-11,1.249999844e-05,5.208332032e-11
9585,1.666666458e-05,6.944442709e-11,1.666666458e-05,6.944442709e-11
9586,4.166666146e-05,5.902776302e-10,4.166666146e-05,5.902776302e-10
9587,0.0001749999781,2.604166016e-09,0.0001749999781,2.604166016e-09
9588,4.583332761e-05,6.07638737e-10,4.583332761e-05,6.07638737e-10
9589,5.41666599e-05,6.423609505e-10,5.41666599e-05,6.423609505e-10
9590,8.33333229e-06,3.472221355e-11,8.33333229e-06,3.472221355e-11
9591,5.833332605e-05,8.680553385e-10,5.833332605e-05,8.680553385e-10
9592,5.41666599e-05,8.506942317e-10,5.41666599e-05,8.506942317e-10
9593,8.333332292e-06,3.472221354e-11,8.333332292e-06,3.472221354e-11
9594,3.749999532e-05,5.729165234e-10,3.749999532e-05,5.729165234e-10
9595,3.749999531e-05,3.645832422e-10,3.749999531e-05,3.645832422e-10
9596,7.083332448e-05,1.12847194e-09,7.083332448e-05,1.12847194e-09
9597,4.166666146e-06,1.736110677e-11,4.166666146e-06,1.736110677e-11
9598,2.499999688e-05,3.124999219e-10,2.499999688e-05,3.124999219e-10
9599,3.749999532e-05,5.729165234e-10,3.749999532e-05,5.729165234e-10
9600,3.749999532e-05,3.645832422e-10,3.749999532e-05,3.645832422e-10
9601,7.083332448e-05,9.201386588e-10,7.083332448e-05,9.201386588e-10
9602,2.499999688e-05,1.041666406e-10,2.499999688e-05,1.041666406e-10
9603,9.166665522e-05,1.215277474e-09,9.166665522e-05,1.215277474e-09
9604,4.999999375e-05,6.249998437e-10,4.999999375e-05,6.249998437e-10
9605,2.916666302e-05,3.298610286e-10,2.916666302e-05,3.298610286e-10
9606,4.166666145e-06,1.736110677e-11,4.166666145e-06,1.736110677e-11
9607,3.749999532e-05,3.645832422e-10,3.749999532e-05,3.645832422e-10
9608,4.583332761e-05,6.07638737e-10,4.583332761e-05,6.07638737e-10
9609,3.749999532e-05,5.729165234e-10,3.749999532e-05,5.729165234e-10
9610,2.499999688e-05,3.124999219e-10,2.499999688e-05,3.124999219e-10
9611,3.749999531e-05,5.729165233e-10,3.749999531e-05,5.729165233e-10
9612,5.833332605e-05,8.680553385e-10,5.833332605e-05,8.680553385e-10
9613,9.999998751e-05,1.66666625e-09,9.999998751e-05,1.66666625e-09
9614,1.666666459e-05,2.777777083e-10,1.666666459e-05,2.777777083e-10
9615,2.916666302e-05,3.298610286e-10,2.916666302e-05,3.298610286e-10
9616,2.916666302e-05,3.298610286e-10,2.916666302e-05,3.298610286e-10
9617,4.999999376e-05,8.33333125e-10,4.999999376e-05,8.33333125e-10
9618,4.166666146e-05,5.902776302e-10,4.166666146e-05,5.902776302e-10
9619,5.41666599e-05,6.423609505e-10,5.41666599e-05,6.423609505e-10
9620,3.333332917e-05,3.472221354e-10,3.333332917e-05,3.472221354e-10
9621,5.41666599e-05,6.423609505e-10,5.41666599e-05,6.423609505e-10
9622,3.749999532e-05,5.729165234e-10,3.749999532e-05,5.729165234e-10
9623,5.833332605e-05,8.680553385e-10,5.833332605e-05,8.680553385e-10
9624,3.749999532e-05,5.729165234e-10,3.749999532e-05,5.729165234e-10
9625,2.499999688e-05,3.124999219e-10,2.499999688e-05,3.124999219e-10
9626,8.33333229e-06,3.472221355e-11,8.33333229e-06,3.472221355e-11
9627,6.249999219e-05,8.854164453e-10,6.249999219e-05,8.854164453e-10
9628,2.499999688e-05,3.124999219e-10,2.499999688e-05,3.124999219e-10
9629,2.499999688e-05,3.124999219e-10,2.499999688e-05,3.124999219e-10
9630,1.666666458e-05,6.944442709e-11,1.666666458e-05,6.944442709e-11
9631,1.249999844e-05,5.208332032e-11,1.249999844e-05,5.208332032e-11
9632,8.33333229e-06,3.472221355e-11,8.33333229e-06,3.472221355e-11
9633,4.999999375e-05,6.249998437e-10,4.999999375e-05,6.249998437e-10
9634,2.499999688e-05,3.124999219e-10,2.499999688e-05,3.124999219e-10
9635,4.583332761e-05,6.07638737e-10,4.583332761e-05,6.07638737e-10
9636,4.166666146e-05,5.902776302e-10,4.166666146e-05,5.902776302e-10
9637,8.749998907e-05,1.406249648e-09,8.749998907e-05,1.406249648e-09
9638,4.583332761e-05,6.07638737e-10,4.583332761e-05,6.07638737e-10
9639,6.666665834e-05,1.111110833e-09,6.666665834e-05,1.111110833e-09
9640,7.916665677e-05,9.548608724e-10,7.916665677e-05,9.548608724e-10
9641,5.833332605e-05,8.680553385e-10,5.833332605e-05,8.680553385e-10
9642,4.166666146e-05,5.902776302e-10,4.166666146e-05,5.902776302e-10
9643,2.499999688e-05,3.124999219e-10,2.499999688e-05,3.124999219e-10
9644,7.499999063e-05,1.145833047e-09,7.499999063e-05,1.145833047e-09
9645,3.333332917e-05,3.472221354e-10,3.333332917e-05,3.472221354e-10
9646,2.222221945e-05,3.086418981e-10,2.222221945e-05,3.086418981e-10
9647,2.083333073e-05,2.951388151e-10,2.083333073e-05,2.951388151e-10
9648,7.916665676e-05,9.548608719e-10,7.916665676e-05,9.548608719e-10
9649,1.666666458e-05,6.944442709e-11,1.666666458e-05,6.944442709e-11
9650,4.999999375e-05,6.249998437e-10,4.999999375e-05,6.249998437e-10
9651,2.499999688e-05,3.124999219e-10,2.499999688e-05,3.124999219e-10
9652,3.749999531e-05,3.645832422e-10,3.749999531e-05,3.645832422e-10
9653,4.166666145e-06,1.736110677e-11,4.166666145e-06,1.736110677e-11
9654,2.499999688e-05,3.124999219e-10,2.499999688e-05,3.124999219e-10
9655,3.333332917e-05,3.472221354e-10,3.333332917e-05,3.472221354e-10
9656,4.583332761e-05,6.07638737e-10,4.583332761e-05,6.07638737e-10
9657,1.666666459e-05,2.777777083e-10,1.666666459e-05,2.777777083e-10
9658,7.916665678e-05,1.163194154e-09,7.916665678e-05,1.163194154e-09
9659,7.083332448e-05,9.201386588e-10,7.083332448e-05,9.201386588e-10
9660,9.999998751e-05,1.458332969e-09,9.999998751e-05,1.458332969e-09
9661,8.333332292e-06,3.472221354e-11,8.333332292e-06,3.472221354e-11
9662,7.083332448e-05,9.201386588e-10,7.083332448e-05,9.201386588e-10
9663,4.583332761e-05,6.07638737e-10,4.583332761e-05,6.07638737e-10
9664,0,0,0,0
9665,3.749999532e-05,5.729165234e-10,3.749999532e-05,5.729165234e-10
9666,4.583332761e-05,6.07638737e-10,4.583332761e-05,6.07638737e-10
9667,3.749999532e-05,5.729165234e-10,3.749999532e-05,5.729165234e-10
9668,6.666665834e-05,9.02777552e-10,6.666665834e-05,9.02777552e-10
9669,5.41666599e-05,1.406249649e-09,5.41666599e-05,1.406249649e-09
9670,3.333332917e-05,3.472221354e-10,3.333332917e-05,3.472221354e-10
9671,7.222221319e-05,1.118826881e-09,7.222221319e-05,1.118826881e-09
9672,4.583332761e-05,6.076387369e-10,4.583332761e-05,6.076387369e-10
9673,8.333332292e-05,1.18055526e-09,8.333332292e-05,1.18055526e-09
9674,0,0,0,0
9675,4.166666146e-05,5.902776302e-10,4.166666146e-05,5.902776302e-10
9676,3.749999532e-05,5.729165234e-10,3.749999532e-05,5.729165234e-10
9677,4.583332761e-05,6.07638737e-10,4.583332761e-05,6.07638737e-10
9678,5.833332605e-05,8.680553385e-10,5.833332605e-05,8.680553385e-10
9679,0.0001249999844,1.979166172e-09,0.0001249999844,1.979166172e-09
9680,8.333332292e-05,1.18055526e-09,8.333332292e-05,1.18055526e-09
9681,7.083332449e-05,1.12847194e-09,7.083332449e-05,1.12847194e-09
9682,2.916666302e-05,3.298610286e-10,2.916666302e-05,3.298610286e-10
9683,4.583332761e-05,6.07638737e-10,4.583332761e-05,6.07638737e-10
9684,3.333332917e-05,3.472221354e-10,3.333332917e-05,3.472221354e-10
9685,1.249999844e-05,5.208332032e-11,1.249999844e-05,5.208332032e-11
9686,5.41666599e-05,6.423609505e-10,5.41666599e-05,6.423609505e-10
9687,5.833332605e-05,8.680553385e-10,5.833332605e-05,8.680553385e-10
9688,3.333332917e-05,3.472221354e-10,3.333332917e-05,3.472221354e-10
9689,5.41666599e-05,8.506942317e-10,5.41666599e-05,8.506942317e-10
9690,4.166666146e-05,3.81944349e-10,4.166666146e-05,3.81944349e-10
9691,7.083332449e-05,1.12847194e-09,7.083332449e-05,1.12847194e-09
9692,2.916666302e-05,3.298610286e-10,2.916666302e-05,3.298610286e-10
9693,4.583332761e-05,6.07638737e-10,4.583332761e-05,6.07638737e-10
9694,2.083333073e-05,2.951388151e-10,2.083333073e-05,2.951388151e-10
9695,3.333332917e-05,3.472221354e-10,3.333332917e-05,3.472221354e-10
9696,3.749999531e-05,3.645832422e-10,3.749999531e-05,3.645832422e-10
9697,3.749999532e-05,5.729165234e-10,3.749999532e-05,5.729165234e-10
9698,9.166665522e-05,1.423610755e-09,9.166665522e-05,1.423610755e-09
9699,4.999999376e-05,6.249998437e-10,4.999999376e-05,6.249998437e-10
9700,6.041665911e-05,6.814234407e-10,6.041665911e-05,6.814234407e-10
9701,5.41666599e-05,6.423609505e-10,5.41666599e-05,6.423609505e-10
9702,4.583332761e-05,6.07638737e-10,4.583332761e-05,6.07638737e-10
9703,4.999999375e-05,6.249998437e-10,4.999999375e-05,6.249998437e-10
9704,5.833332605e-05,8.680553385e-10,5.833332605e-05,8.680553385e-10
9705,8.749998906e-05,1.197916367e-09,8.749998906e-05,1.197916367e-09
9706,5.833332605e-05,8.680553385e-10,5.833332605e-05,8.680553385e-10
9707,8.749998907e-05,1.197916367e-09,8.749998907e-05,1.197916367e-09
9708,2.916666302e-05,3.298610286e-10,2.916666302e-05,3.298610286e-10
9709,6.666665834e-05,6.944442708e-10,6.666665834e-05,6.944442708e-10
9710,2.499999688e-05,3.124999219e-10,2.499999688e-05,3.124999219e-10
9711,2.499999688e-05,3.124999219e-10,2.499999688e-05,3.124999219e-10
9712,7.916665677e-05,1.163194154e-09,7.916665677e-05,1.163194154e-09
9713,7.916665678e-05,1.163194154e-09,7.916665678e-05,1.163194154e-09
9714,4.166666146e-05,5.902776302e-10,4.166666146e-05,5.902776302e-10
9715,9.166665522e-05,1.423610755e-09,9.166665522e-05,1.423610755e-09
9716,2.916666302e-05,3.298610286e-10,2.916666302e-05,3.298610286e-10
9717,6.249999218e-05,8.854164452e-10,6.249999218e-05,8.854164452e-10
9718,4.583332761e-05,6.07638737e-10,4.583332761e-05,6.07638737e-10
9719,2.916666302e-05,3.298610286e-10,2.916666302e-05,3.298610286e-10
9720,3.333332917e-05,3.472221354e-10,3.333332917e-05,3.472221354e-10
9721,4.166666146e-05,5.902776302e-10,4.166666146e-05,5.902776302e-10
9722,0.0001583333136,2.326388307e-09,0.0001583333136,2.326388307e-09
9723,6.666665834e-05,9.02777552e-10,6.666665834e-05,9.02777552e-10
9724,6.666665834e-05,1.111110833e-09,6.666665834e-05,1.111110833e-09
9725,1.249999844e-05,5.208332032e-11,1.249999844e-05,5.208332032e-11
9726,7.916665678e-05,1.163194154e-09,7.916665678e-05,1.163194154e-09
9727,4.583332761e-05,6.07638737e-10,4.583332761e-05,6.07638737e-10
9728,5.833332605e-05,8.680553385e-10,5.833332605e-05,8.680553385e-10
9729,7.083332449e-05,1.12847194e-09,7.083332449e-05,1.12847194e-09
9730,5.833332605e-05,8.680553385e-10,5.833332605e-05,8.680553385e-10
9731,4.166666146e-05,5.902776302e-10,4.166666146e-05,5.902776302e-10
9732,2.499999688e-05,3.124999219e-10,2.499999688e-05,3.124999219e-10
9733,8.333332292e-05,9.722219791e-10,8.333332292e-05,9.722219791e-10
9734,1.249999844e-05,5.208332032e-11,1.249999844e-05,5.208332032e-11
9735,7.083332449e-05,1.12847194e-09,7.083332449e-05,1.12847194e-09
9736,4.166666146e-05,5.902776302e-10,4.166666146e-05,5.902776302e-10
9737,4.166666146e-05,5.902776302e-10,4.166666146e-05,5.902776302e-10
9738,6.249999219e-05,8.854164453e-10,6.249999219e-05,8.854164453e-10
9739,2.916666302e-05,3.298610286e-10,2.916666302e-05,3.298610286e-10
9740,0.0001041666537,1.684027357e-09,0.0001041666537,1.684027357e-09
9741,2.916666302e-05,3.298610286e-10,2.916666302e-05,3.298610286e-10
9742,7.083332449e-05,1.12847194e-09,7.083332449e-05,1.12847194e-09
9743,4.166666145e-06,1.736110677e-11,4.166666145e-06,1.736110677e-11
9744,4.166666146e-05,5.902776302e-10,4.166666146e-05,5.902776302e-10
9745,4.166666146e-05,5.902776302e-10,4.166666146e-05,5.902776302e-10
9746,2.916666302e-05,3.298610286e-10,2.916666302e-05,3.298610286e-10
9747,7.499999063e-05,1.145833047e-09,7.499999063e-05,1.145833047e-09
9748,4.166666146e-05,5.902776302e-10,4.166666146e-05,5.902776302e-10
9749,4.166666146e-05,5.902776302e-10,4.166666146e-05,5.902776302e-10
9750,1.666666459e-05,2.777777083e-10,1.666666459e-05,2.777777083e-10
9751,6.666665834e-05,9.02777552e-10,6.666665834e-05,9.02777552e-10
9752,4.166666146e-05,5.902776302e-10,4.166666146e-05,5.902776302e-10
9753,4.999999375e-05,6.249998437e-10,4.999999375e-05,6.249998437e-10
9754,2.083333073e-05,2.951388151e-10,2.083333073e-05,2.951388151e-10
9755,3.749999532e-05,5.729165234e-10,3.749999532e-05,5.729165234e-10
9756,0,0,0,0
9757,7.916665678e-05,1.163194154e-09,7.916665678e-05,1.163194154e-09
9758,6.249999219e-05,8.854164453e-10,6.249999219e-05,8.854164453e-10
9759,7.916665677e-05,1.163194154e-09,7.916665677e-05,1.163194154e-09
9760,4.166666144e-05,1.145833046e-09,4.166666144e-05,1.145833046e-09
9761,8.333332293e-06,3.472221355e-11,8.333332293e-06,3.472221355e-11
9762,1.249999843e-05,5.208332032e-11,1.249999843e-05,5.208332032e-11
9763,3.749999532e-05,5.729165234e-10,3.749999532e-05,5.729165234e-10
9764,4.166666146e-05,3.81944349e-10,4.166666146e-05,3.81944349e-10
9765,4.583332761e-05,6.07638737e-10,4.583332761e-05,6.07638737e-10
9766,8.33333229e-06,3.472221355e-11,8.33333229e-06,3.472221355e-11
9767,7.916665678e-05,1.163194154e-09,7.916665678e-05,1.163194154e-09
9768,4.166666145e-06,1.736110677e-11,4.166666145e-06,1.736110677e-11
9769,2.499999688e-05,3.124999219e-10,2.499999688e-05,3.124999219e-10
9770,7.083332449e-05,1.12847194e-09,7.083332449e-05,1.12847194e-09
9771,8.33333229e-06,3.472221355e-11,8.33333229e-06,3.472221355e-11
9772,4.583332761e-05,6.07638737e-10,4.583332761e-05,6.07638737e-10
9773,6.666665834e-05,9.02777552e-10,6.666665834e-05,9.02777552e-10
9774,3.333332917e-05,5.555554166e-10,3.333332917e-05,5.555554166e-10
9775,0.0001041666536,1.475694075e-09,0.0001041666536,1.475694075e-09
9776,6.249999219e-05,8.854164453e-10,6.249999219e-05,8.854164453e-10
9777,8.33333229e-06,3.472221355e-11,8.33333229e-06,3.472221355e-11
9778,2.916666302e-05,3.298610286e-10,2.916666302e-05,3.298610286e-10
9779,3.333332917e-05,5.555554166e-10,3.333332917e-05,5.555554166e-10
9780,2.499999688e-05,3.124999219e-10,2.499999688e-05,3.124999219e-10
9781,4.999999376e-05,8.33333125e-10,4.999999376e-05,8.33333125e-10
9782,5.833332605e-05,8.680553385e-10,5.833332605e-05,8.680553385e-10
9783,5.833332605e-05,8.680553385e-10,5.833332605e-05,8.680553385e-10
9784,5.41666599e-05,8.506942317e-10,5.41666599e-05,8.506942317e-10
9785,6.249999219e-05,6.77083164e-10,6.249999219e-05,6.77083164e-10
9786,2.083333073e-05,2.951388151e-10,2.083333073e-05,2.951388151e-10
9787,1.666666458e-05,6.944442709e-11,1.666666458e-05,6.944442709e-11
9788,4.166666146e-05,5.902776302e-10,4.166666146e-05,5.902776302e-10
9789,5.833332605e-05,8.680553385e-10,5.833332605e-05,8.680553385e-10
9790,3.749999532e-05,5.729165234e-10,3.749999532e-05,5.729165234e-10
9791,5.41666599e-05,8.506942317e-10,5.41666599e-05,8.506942317e-10
9792,3.749999532e-05,5.729165234e-10,3.749999532e-05,5.729165234e-10
9793,9.166665522e-05,1.215277474e-09,9.166665522e-05,1.215277474e-09
9794,8.33333229e-06,3.472221355e-11,8.33333229e-06,3.472221355e-11
9795,2.499999688e-05,3.124999219e-10,2.499999688e-05,3.124999219e-10
9796,1.666666458e-05,6.944442709e-11,1.666666458e-05,6.944442709e-11
9797,0.0001041666537,1.475694075e-09,0.0001041666537,1.475694075e-09
9798,8.333332293e-05,1.388888542e-09,8.333332293e-05,1.388888542e-09
9799,2.916666302e-05,3.298610286e-10,2.916666302e-05,3.298610286e-10
9800,2.916666302e-05,3.298610286e-10,2.916666302e-05,3.298610286e-10
9801,6.249999219e-05,8.854164453e-10,6.249999219e-05,8.854164453e-10
9802,4.166666146e-05,5.902776302e-10,4.166666146e-05,5.902776302e-10
9803,3.333332917e-05,3.472221354e-10,3.333332917e-05,3.472221354e-10
9804,7.499999063e-05,1.145833047e-09,7.499999063e-05,1.145833047e-09
9805,8.33333229e-06,3.472221355e-11,8.33333229e-06,3.472221355e-11
9806,3.749999532e-05,5.729165234e-10,3.749999532e-05,5.729165234e-10
9807,1.666666459e-05,2.777777083e-10,1.666666459e-05,2.777777083e-10
9808,2.916666302e-05,3.298610286e-10,2.916666302e-05,3.298610286e-10
9809,2.499999688e-05,3.124999219e-10,2.499999688e-05,3.124999219e-10
9810,5.41666599e-05,8.506942317e-10,5.41666599e-05,8.506942317e-10
9811,6.666665834e-05,9.02777552e-10,6.666665834e-05,9.02777552e-10
9812,4.166666146e-06,1.736110677e-11,4.166666146e-06,1.736110677e-11
9813,4.999999375e-05,6.249998437e-10,4.999999375e-05,6.249998437e-10
9814,4.166666145e-06,1.736110677e-11,4.166666145e-06,1.736110677e-11
9815,7.083332449e-05,1.12847194e-09,7.083332449e-05,1.12847194e-09
9816,6.666665834e-05,1.111110833e-09,6.666665834e-05,1.111110833e-09
9817,2.499999688e-05,3.124999219e-10,2.499999688e-05,3.124999219e-10
9818,4.583332761e-05,6.07638737e-10,4.583332761e-05,6.07638737e-10
9819,7.916665678e-05,1.163194154e-09,7.916665678e-05,1.163194154e-09
9820,7.499999063e-05,9.374997656e-10,7.499999063e-05,9.374997656e-10
9821,2.916666302e-05,3.298610286e-10,2.916666302e-05,3.298610286e-10
9822,4.583332761e-05,6.07638737e-10,4.583332761e-05,6.07638737e-10
9823,5.41666599e-05,8.506942317e-10,5.41666599e-05,8.506942317e-10
9824,2.083333073e-05,2.951388151e-10,2.083333073e-05,2.951388151e-10
9825,3.749999532e-05,5.729165234e-10,3.749999532e-05,5.729165234e-10
9826,4.166666146e-05,3.819443489e-10,4.166666146e-05,3.819443489e-10
9827,7.083332449e-05,9.201386588e-10,7.083332449e-05,9.201386588e-10
9828,5.41666599e-05,8.506942317e-10,5.41666599e-05,8.506942317e-10
9829,2.499999688e-05,3.124999219e-10,2.499999688e-05,3.124999219e-10
9830,4.583332761e-05,6.07638737e-10,4.583332761e-05,6.07638737e-10
9831,7.916665678e-05,1.163194154e-09,7.916665678e-05,1.163194154e-09
9832,3.749999531e-05,3.645832422e-10,3.749999531e-05,3.645832422e-10
9833,2.083333073e-05,2.951388151e-10,2.083333073e-05,2.951388151e-10
9834,3.333332917e-05,3.472221354e-10,3.333332917e-05,3.472221354e-10
9835,7.083332448e-05,9.201386588e-10,7.083332448e-05,9.201386588e-10
9836,7.083332448e-05,9.201386588e-10,7.083332448e-05,9.201386588e-10
9837,0.0001333333167,2.013888385e-09,0.0001333333167,2.013888385e-09
9838,6.249999219e-05,8.854164453e-10,6.249999219e-05,8.854164453e-10
9839,3.749999532e-05,5.729165234e-10,3.749999532e-05,5.729165234e-10
9840,6.249999219e-05,8.854164453e-10,6.249999219e-05,8.854164453e-10
9841,5.833332605e-05,8.680553385e-10,5.833332605e-05,8.680553385e-10
9842,4.999999375e-05,6.249998437e-10,4.999999375e-05,6.249998437e-10
9843,3.333332917e-05,3.472221354e-10,3.333332917e-05,3.472221354e-10
9844,1.666666459e-05,2.777777083e-10,1.666666459e-05,2.777777083e-10
9845,2.083333073e-05,2.951388151e-10,2.083333073e-05,2.951388151e-10
9846,6.249999219e-05,8.854164453e-10,6.249999219e-05,8.854164453e-10
9847,1.249999844e-05,5.208332032e-11,1.249999844e-05,5.208332032e-11
9848,2.499999688e-05,3.124999219e-10,2.499999688e-05,3.124999219e-10
9849,4.583332761e-05,3.993054557e-10,4.583332761e-05,3.993054557e-10
9850,3.333332917e-05,3.472221354e-10,3.333332917e-05,3.472221354e-10
9851,3.333332917e-05,5.555554166e-10,3.333332917e-05,5.555554166e-10
9852,6.249999219e-05,6.77083164e-10,6.249999219e-05,6.77083164e-10
9853,6.249999219e-05,8.854164453e-10,6.249999219e-05,8.854164453e-10
9854,0.0001333333167,2.013888385e-09,0.0001333333167,2.013888385e-09
9855,2.083333073e-05,2.951388151e-10,2.083333073e-05,2.951388151e-10
9856,2.083333073e-05,2.951388151e-10,2.083333073e-05,2.951388151e-10
9857,6.249999219e-05,8.854164453e-10,6.249999219e-05,8.854164453e-10
9858,2.083333073e-05,2.951388151e-10,2.083333073e-05,2.951388151e-10
9859,3.749999531e-05,3.645832422e-10,3.749999531e-05,3.645832422e-10
9860,9.583332136e-05,1.440971862e-09,9.583332136e-05,1.440971862e-09
9861,4.166666146e-05,5.902776302e-10,4.166666146e-05,5.902776302e-10
9862,4.166666146e-05,5.902776302e-10,4.166666146e-05,5.902776302e-10
9863,4.999999375e-05,4.166665625e-10,4.999999375e-05,4.166665625e-10
9864,3.333332917e-05,5.555554166e-10,3.333332917e-05,5.555554166e-10
9865,7.916665678e-05,1.163194154e-09,7.916665678e-05,1.163194154e-09
9866,4.999999376e-05,8.33333125e-10,4.999999376e-05,8.33333125e-10
9867,4.999999376e-05,8.33333125e-10,4.999999376e-05,8.33333125e-10
9868,5.833332604e-05,6.597220573e-10,5.833332604e-05,6.597220573e-10
9869,2.499999688e-05,3.124999219e-10,2.499999688e-05,3.124999219e-10
9870,4.999999375e-05,6.249998437e-10,4.999999375e-05,6.249998437e-10
9871,4.999999375e-05,6.249998437e-10,4.999999375e-05,6.249998437e-10
9872,6.666665834e-05,9.02777552e-10,6.666665834e-05,9.02777552e-10
9873,3.333332917e-05,5.555554166e-10,3.333332917e-05,5.555554166e-10
9874,5.833332605e-05,8.680553385e-10,5.833332605e-05,8.680553385e-10
9875,4.999999375e-05,6.249998437e-10,4.999999375e-05,6.249998437e-10
9876,5.833332605e-05,8.680553385e-10,5.833332605e-05,8.680553385e-10
9877,4.999999375e-05,6.249998437e-10,4.999999375e-05,6.249998437e-10
9878,2.916666302e-05,3.298610286e-10,2.916666302e-05,3.298610286e-10
9879,4.583332761e-05,6.07638737e-10,4.583332761e-05,6.07638737e-10
9880,7.499999063e-05,1.145833047e-09,7.499999063e-05,1.145833047e-09
9881,4.583332761e-05,6.07638737e-10,4.583332761e-05,6.07638737e-10
9882,8.333332291e-06,3.472221354e-11,8.333332291e-06,3.472221354e-11
9883,4.166666146e-06,1.736110677e-11,4.166666146e-06,1.736110677e-11
9884,4.166666146e-05,5.902776302e-10,4.166666146e-05,5.902776302e-10
9885,2.916666302e-05,3.298610286e-10,2.916666302e-05,3.298610286e-10
9886,4.583332761e-05,6.07638737e-10,4.583332761e-05,6.07638737e-10
9887,4.166666145e-06,1.736110677e-11,4.166666145e-06,1.736110677e-11
9888,2.083333073e-05,2.951388151e-10,2.083333073e-05,2.951388151e-10
9889,2.499999688e-05,3.124999219e-10,2.499999688e-05,3.124999219e-10
9890,5.41666599e-05,6.423609505e-10,5.41666599e-05,6.423609505e-10
9891,2.499999688e-05,3.124999219e-10,2.499999688e-05,3.124999219e-10
9892,4.999999375e-05,6.249998437e-10,4.999999375e-05,6.249998437e-10
9893,4.583332761e-05,6.07638737e-10,4.583332761e-05,6.07638737e-10
9894,4.583332761e-05,6.07638737e-10,4.583332761e-05,6.07638737e-10
9895,7.916665678e-05,1.163194154e-09,7.916665678e-05,1.163194154e-09
9896,1.666666458e-05,6.944442708e-11,1.666666458e-05,6.944442708e-11
9897,4.166666145e-06,1.736110677e-11,4.166666145e-06,1.736110677e-11
9898,1.249999844e-05,5.208332032e-11,1.249999844e-05,5.208332032e-11
9899,5.41666599e-05,8.506942317e-10,5.41666599e-05,8.506942317e-10
9900,0,0,0,0
9901,8.333332291e-06,3.472221354e-11,8.333332291e-06,3.472221354e-11
9902,4.166666146e-05,5.902776302e-10,4.166666146e-05,5.902776302e-10
9903,4.999999375e-05,6.249998437e-10,4.999999375e-05,6.249998437e-10
9904,3.749999531e-05,3.645832422e-10,3.749999531e-05,3.645832422e-10
9905,3.749999532e-05,5.729165234e-10,3.749999532e-05,5.729165234e-10
9906,1.770833112e-05,7.921004965e-11,1.770833112e-05,7.921004965e-11
9907,3.333332917e-05,3.472221354e-10,3.333332917e-05,3.472221354e-10
9908,3.749999532e-05,5.729165234e-10,3.749999532e-05,5.729165234e-10
9909,4.999999376e-05,8.33333125e-10,4.999999376e-05,8.33333125e-10
9910,4.583332761e-05,6.07638737e-10,4.583332761e-05,6.07638737e-10
9911,8.33333229e-06,3.472221355e-11,8.33333229e-06,3.472221355e-11
9912,7.083332449e-05,1.12847194e-09,7.083332449e-05,1.12847194e-09
9913,4.583332761e-05,6.07638737e-10,4.583332761e-05,6.07638737e-10
9914,0.0001041666537,1.475694075e-09,0.0001041666537,1.475694075e-09
9915,3.749999531e-05,3.645832422e-10,3.749999531e-05,3.645832422e-10
9916,4.999999375e-05,6.249998437e-10,4.999999375e-05,6.249998437e-10
9917,2.499999688e-05,3.124999219e-10,2.499999688e-05,3.124999219e-10
9918,2.083333073e-05,2.951388151e-10,2.083333073e-05,2.951388151e-10
9919,5.833332605e-05,8.680553385e-10,5.833332605e-05,8.680553385e-10
9920,6.249999219e-05,8.854164453e-10,6.249999219e-05,8.854164453e-10
9921,2.083333073e-05,2.951388151e-10,2.083333073e-05,2.951388151e-10
9922,3.749999531e-05,3.645832422e-10,3.749999531e-05,3.645832422e-10
9923,4.166666146e-05,5.902776302e-10,4.166666146e-05,5.902776302e-10
9924,4.166666146e-05,5.902776302e-10,4.166666146e-05,5.902776302e-10
9925,1.249999843e-05,5.208332032e-11,1.249999843e-05,5.208332032e-11
9926,5.833332604e-05,6.597220573e-10,5.833332604e-05,6.597220573e-10
9927,6.666665834e-05,9.02777552e-10,6.666665834e-05,9.02777552e-10
9928,9.583332136e-05,1.440971862e-09,9.583332136e-05,1.440971862e-09
9929,3.749999532e-05,5.729165234e-10,3.749999532e-05,5.729165234e-10
9930,2.916666302e-05,3.298610286e-10,2.916666302e-05,3.298610286e-10
9931,7.499999063e-05,1.145833047e-09,7.499999063e-05,1.145833047e-09
9932,4.166666146e-05,5.902776302e-10,4.166666146e-05,5.902776302e-10
9933,7.083332449e-05,1.12847194e-09,7.083332449e-05,1.12847194e-09
9934,2.499999687e-05,1.041666406e-10,2.499999687e-05,1.041666406e-10
9935,2.916666302e-05,3.298610286e-10,2.916666302e-05,3.298610286e-10
9936,2.916666302e-05,3.298610286e-10,2.916666302e-05,3.298610286e-10
9937,5.41666599e-05,8.506942317e-10,5.41666599e-05,8.506942317e-10
9938,4.166666146e-05,5.902776302e-10,4.166666146e-05,5.902776302e-10
9939,3.333332917e-05,3.472221354e-10,3.333332917e-05,3.472221354e-10
9940,4.583332761e-05,6.07638737e-10,4.583332761e-05,6.07638737e-10
9941,1.666666458e-05,6.944442709e-11,1.666666458e-05,6.944442709e-11
9942,4.166666146e-05,5.902776302e-10,4.166666146e-05,5.902776302e-10
9943,0.0001041666537,1.475694075e-09,0.0001041666537,1.475694075e-09
9944,2.916666302e-05,3.298610286e-10,2.916666302e-05,3.298610286e-10
9945,2.083333073e-05,2.951388151e-10,2.083333073e-05,2.951388151e-10
9946,8.33333229e-06,3.472221355e-11,8.33333229e-06,3.472221355e-11
9947,3.749999532e-05,5.729165234e-10,3.749999532e-05,5.729165234e-10
9948,4.166666146e-05,5.902776302e-10,4.166666146e-05,5.902776302e-10
9949,4.999999375e-05,4.166665625e-10,4.999999375e-05,4.166665625e-10
9950,6.666665834e-05,9.02777552e-10,6.666665834e-05,9.02777552e-10
9951,4.166666146e-05,3.81944349e-10,4.166666146e-05,3.81944349e-10
9952,4.166666146e-05,5.902776302e-10,4.166666146e-05,5.902776302e-10
9953,5.833332605e-05,8.680553385e-10,5.833332605e-05,8.680553385e-10
9954,5.41666599e-05,8.506942317e-10,5.41666599e-05,8.506942317e-10
9955,3.333332917e-05,5.555554166e-10,3.333332917e-05,5.555554166e-10
9956,8.333332292e-05,1.18055526e-09,8.333332292e-05,1.18055526e-09
9957,4.999999376e-05,8.33333125e-10,4.999999376e-05,8.33333125e-10
9958,4.583332761e-05,6.07638737e-10,4.583332761e-05,6.07638737e-10
9959,9.999998751e-05,1.458332969e-09,9.999998751e-05,1.458332969e-09
9960,3.333332917e-05,5.555554166e-10,3.333332917e-05,5.555554166e-10
9961,5.833332605e-05,8.680553385e-10,5.833332605e-05,8.680553385e-10
9962,5.41666599e-05,6.423609505e-10,5.41666599e-05,6.423609505e-10
9963,4.583332761e-05,6.07638737e-10,4.583332761e-05,6.07638737e-10
9964,6.249999219e-05,8.854164453e-10,6.249999219e-05,8.854164453e-10
9965,2.499999688e-05,3.124999219e-10,2.499999688e-05,3.124999219e-10
9966,2.499999688e-05,3.124999219e-10,2.499999688e-05,3.124999219e-10
9967,2.499999688e-05,3.124999219e-10,2.499999688e-05,3.124999219e-10
9968,8.749998907e-05,1.197916367e-09,8.749998907e-05,1.197916367e-09
9969,6.666665834e-05,9.02777552e-10,6.666665834e-05,9.02777552e-10
9970,8.333332291e-06,3.472221354e-11,8.333332291e-06,3.472221354e-11
9971,1.249999843e-05,5.208332032e-11,1.249999843e-05,5.208332032e-11
9972,6.249999219e-05,8.854164453e-10,6.249999219e-05,8.854164453e-10
9973,2.499999688e-05,3.124999219e-10,2.499999688e-05,3.124999219e-10
9974,2.916666302e-05,3.298610286e-10,2.916666302e-05,3.298610286e-10
9975,4.166666146e-05,5.902776302e-10,4.166666146e-05,5.902776302e-10
9976,9.722221007e-06,4.822529659e-11,9.722221007e-06,4.822529659e-11
9977,3.333332917e-05,3.472221354e-10,3.333332917e-05,3.472221354e-10
9978,4.999999375e-05,6.249998437e-10,4.999999375e-05,6.249998437e-10
9979,4.583332761e-05,6.07638737e-10,4.583332761e-05,6.07638737e-10
9980,1.666666458e-05,6.944442709e-11,1.666666458e-05,6.944442709e-11
9981,5.41666599e-05,6.423609505e-10,5.41666599e-05,6.423609505e-10
9982,4.583332761e-05,7.118053776e-10,4.583332761e-05,7.118053776e-10
9983,2.083333073e-05,2.951388151e-10,2.083333073e-05,2.951388151e-10
9984,6.249999219e-05,6.77083164e-10,6.249999219e-05,6.77083164e-10
9985,2.499999688e-05,3.124999218e-10,2.499999688e-05,3.124999218e-10
9986,4.999999376e-05,8.33333125e-10,4.999999376e-05,8.33333125e-10
9987,2.083333073e-05,2.951388151e-10,2.083333073e-05,2.951388151e-10
9988,3.333332917e-05,3.472221354e-10,3.333332917e-05,3.472221354e-10
9989,3.333332917e-05,3.472221354e-10,3.333332917e-05,3.472221354e-10
9990,5.41666599e-05,6.423609505e-10,5.41666599e-05,6.423609505e-10
9991,0.0001166666521,1.944443958e-09,0.0001166666521,1.944443958e-09
9992,5.41666599e-05,8.506942317e-10,5.41666599e-05,8.506942317e-10
9993,2.916666302e-05,3.298610286e-10,2.916666302e-05,3.298610286e-10
9994,4.999999375e-05,6.249998437e-10,4.999999375e-05,6.249998437e-10
9995,2.499999688e-05,3.124999219e-10,2.499999688e-05,3.124999219e-10
9996,4.583332761e-05,6.076387369e-10,4.583332761e-05,6.076387369e-10
9997,4.166666146e-06,1.736110677e-11,4.166666146e-06,1.736110677e-11
9998,4.583332761e-05,6.07638737e-10,4.583332761e-05,6.07638737e-10
9999,1.666666459e-05,2.777777083e-10,1.666666459e-05,2.777777083e-10
10000,0.1544756057,2.126516612e-06,0.1544756057,2.126516612e-06
