E_keV,counts_per_h_per_keV,sigma_counts_per_h_per_keV
20.5,1.188921,0.068463
21.5,1.289361,0.070639
22.5,1.399877,0.073994
23.5,1.514211,0.077916
24.5,1.624327,0.081632
25.5,1.722486,0.084570
26.5,1.803531,0.086478
27.5,1.866312,0.087398
28.5,1.913709,0.087563
29.5,1.951389,0.087298
30.5,1.985967,0.086940
31.5,2.023267,0.086776
32.5,2.067147,0.086979
33.5,2.119086,0.087566
34.5,2.178441,0.088401
35.5,2.243188,0.089263
36.5,2.310848,0.089945
37.5,2.379334,0.090346
38.5,2.447480,0.090504
39.5,2.515133,0.090570
40.5,2.582863,0.090736
41.5,2.651438,0.091159
42.5,2.721289,0.091914
43.5,2.792145,0.092983
44.5,2.862923,0.094268
45.5,2.931868,0.095626
46.5,2.996855,0.096899
47.5,3.055755,0.097954
48.5,3.106756,0.098705
49.5,3.148587,0.099134
50.5,3.180624,0.099279
51.5,3.202866,0.099219
52.5,3.215830,0.099045
53.5,3.220371,0.098831
54.5,3.217508,0.098614
55.5,3.208258,0.098380
56.5,3.193533,0.098076
57.5,3.174104,0.097627
58.5,3.150617,0.096966
59.5,3.123666,0.096059
60.5,3.093871,0.094924
61.5,3.061941,0.093627
62.5,3.028709,0.092263
63.5,2.995105,0.090929
64.5,2.962108,0.089703
65.5,2.930661,0.088623
66.5,2.901582,0.087698
67.5,2.875498,0.086911
68.5,2.852791,0.086242
69.5,2.833581,0.085673
70.5,2.817729,0.085200
71.5,2.804855,0.084832
72.5,2.794376,0.084579
73.5,2.785542,0.084450
74.5,2.777486,0.084440
75.5,2.769274,0.084521
76.5,2.759962,0.084649
77.5,2.748656,0.084762
78.5,2.734569,0.084795
79.5,2.717072,0.084692
80.5,2.695733,0.084416
81.5,2.670335,0.083957
82.5,2.640872,0.083325
83.5,2.607531,0.082546
84.5,2.570657,0.081650
85.5,2.530708,0.080662
86.5,2.488216,0.079597
87.5,2.443752,0.078463
88.5,2.397900,0.077262
89.5,2.351242,0.075999
90.5,2.304347,0.074688
91.5,2.257767,0.073355
92.5,2.212028,0.072040
93.5,2.167615,0.070790
94.5,2.124952,0.069650
95.5,2.084390,0.068660
96.5,2.046181,0.067841
97.5,2.010472,0.067192
98.5,1.977298,0.066689
99.5,1.946600,0.066290
100.5,1.918234,0.065941
101.5,1.892008,0.065587
102.5,1.867707,0.065179
103.5,1.845116,0.064683
104.5,1.824050,0.064087
105.5,1.804356,0.063396
106.5,1.785918,0.062635
107.5,1.768647,0.061842
108.5,1.752464,0.061065
109.5,1.737281,0.060350
110.5,1.722981,0.059737
111.5,1.709403,0.059256
112.5,1.696332,0.058919
113.5,1.683495,0.058721
114.5,1.670573,0.058641
115.5,1.657212,0.058648
116.5,1.643045,0.058700
117.5,1.627717,0.058757
118.5,1.610912,0.058778
119.5,1.592377,0.058729
120.5,1.571944,0.058585
121.5,1.549543,0.058325
122.5,1.525209,0.057942
123.5,1.499081,0.057432
124.5,1.471392,0.056801
125.5,1.442455,0.056060
126.5,1.412642,0.055227
127.5,1.382360,0.054326
128.5,1.352021,0.053384
129.5,1.322027,0.052429
130.5,1.292738,0.051493
131.5,1.264462,0.050601
132.5,1.237441,0.049772
133.5,1.211845,0.049018
134.5,1.187768,0.048343
135.5,1.165241,0.047738
136.5,1.144231,0.047191
137.5,1.124661,0.046685
138.5,1.106423,0.046201
139.5,1.089390,0.045723
140.5,1.073430,0.045240
141.5,1.058422,0.044747
142.5,1.044257,0.044244
143.5,1.030848,0.043737
144.5,1.018133,0.043236
145.5,1.006068,0.042751
146.5,0.994630,0.042292
147.5,0.983807,0.041868
148.5,0.973595,0.041480
149.5,0.963990,0.041130
150.5,0.954984,0.040813
151.5,0.946562,0.040524
152.5,0.938698,0.040257
153.5,0.931353,0.040006
154.5,0.924478,0.039766
155.5,0.918012,0.039538
156.5,0.911887,0.039321
157.5,0.906028,0.039116
158.5,0.900359,0.038927
159.5,0.894804,0.038753
160.5,0.889295,0.038593
161.5,0.883769,0.038444
162.5,0.878179,0.038299
163.5,0.872491,0.038152
164.5,0.866690,0.037995
165.5,0.860779,0.037824
166.5,0.854780,0.037633
167.5,0.848735,0.037424
168.5,0.842698,0.037200
169.5,0.836736,0.036967
170.5,0.830924,0.036735
171.5,0.825336,0.036514
172.5,0.820042,0.036314
173.5,0.815101,0.036142
174.5,0.810557,0.036004
175.5,0.806434,0.035902
176.5,0.802736,0.035835
177.5,0.799443,0.035797
178.5,0.796511,0.035782
179.5,0.793881,0.035782
180.5,0.791474,0.035788
181.5,0.789202,0.035790
182.5,0.786970,0.035782
183.5,0.784680,0.035758
184.5,0.782240,0.035712
185.5,0.779565,0.035642
186.5,0.776580,0.035547
187.5,0.773224,0.035425
188.5,0.769453,0.035280
189.5,0.765236,0.035113
190.5,0.760555,0.034929
191.5,0.755409,0.034730
192.5,0.749806,0.034522
193.5,0.743763,0.034308
194.5,0.737304,0.034092
195.5,0.730459,0.033876
196.5,0.723260,0.033662
197.5,0.715744,0.033449
198.5,0.707947,0.033236
199.5,0.699907,0.033023
200.5,0.691664,0.032805
201.5,0.683260,0.032580
202.5,0.674737,0.032345
203.5,0.666144,0.032099
204.5,0.657530,0.031839
205.5,0.648947,0.031567
206.5,0.640451,0.031283
207.5,0.632100,0.030990
208.5,0.623951,0.030693
209.5,0.616062,0.030397
210.5,0.608486,0.030107
211.5,0.601272,0.029830
212.5,0.594463,0.029572
213.5,0.588091,0.029337
214.5,0.582179,0.029129
215.5,0.576737,0.028951
216.5,0.571763,0.028802
217.5,0.567241,0.028681
218.5,0.563145,0.028585
219.5,0.559434,0.028510
220.5,0.556060,0.028449
221.5,0.552964,0.028396
222.5,0.550083,0.028346
223.5,0.547349,0.028293
224.5,0.544694,0.028231
225.5,0.542051,0.028156
226.5,0.539355,0.028065
227.5,0.536549,0.027955
228.5,0.533582,0.027825
229.5,0.530412,0.027674
230.5,0.527006,0.027503
231.5,0.523343,0.027312
232.5,0.519410,0.027103
233.5,0.515205,0.026878
234.5,0.510734,0.026638
235.5,0.506013,0.026388
236.5,0.501064,0.026128
237.5,0.495915,0.025864
238.5,0.490599,0.025598
239.5,0.485150,0.025335
240.5,0.479607,0.025077
241.5,0.474006,0.024830
242.5,0.468383,0.024595
243.5,0.462774,0.024377
244.5,0.457211,0.024176
245.5,0.451723,0.023995
246.5,0.446336,0.023833
247.5,0.441072,0.023692
248.5,0.435950,0.023569
249.5,0.430985,0.023463
250.5,0.426190,0.023371
251.5,0.421575,0.023293
252.5,0.417146,0.023223
253.5,0.412909,0.023161
254.5,0.408867,0.023104
255.5,0.405023,0.023050
256.5,0.401376,0.022996
257.5,0.397927,0.022942
258.5,0.394675,0.022888
259.5,0.391618,0.022832
260.5,0.388752,0.022776
261.5,0.386074,0.022720
262.5,0.383579,0.022664
263.5,0.381261,0.022611
264.5,0.379112,0.022561
265.5,0.377125,0.022515
266.5,0.375288,0.022474
267.5,0.373592,0.022440
268.5,0.372024,0.022412
269.5,0.370569,0.022390
270.5,0.369213,0.022374
271.5,0.367941,0.022363
272.5,0.366735,0.022355
273.5,0.365579,0.022349
274.5,0.364454,0.022341
275.5,0.363343,0.022330
276.5,0.362230,0.022313
277.5,0.361096,0.022288
278.5,0.359926,0.022252
279.5,0.358703,0.022203
280.5,0.357414,0.022140
281.5,0.356046,0.022061
282.5,0.354586,0.021965
283.5,0.353025,0.021853
284.5,0.351354,0.021724
285.5,0.349567,0.021580
286.5,0.347660,0.021421
287.5,0.345629,0.021250
288.5,0.343476,0.021067
289.5,0.341201,0.020876
290.5,0.338809,0.020679
291.5,0.336305,0.020478
292.5,0.333698,0.020276
293.5,0.330997,0.020074
294.5,0.328215,0.019876
295.5,0.325364,0.019684
296.5,0.322459,0.019498
297.5,0.319516,0.019322
298.5,0.316552,0.019155
299.5,0.313583,0.018999
300.5,0.310627,0.018855
301.5,0.307701,0.018723
302.5,0.304821,0.018603
303.5,0.302003,0.018494
304.5,0.299262,0.018397
305.5,0.296612,0.018310
306.5,0.294064,0.018233
307.5,0.291629,0.018165
308.5,0.289315,0.018104
309.5,0.287131,0.018051
310.5,0.285081,0.018004
311.5,0.283171,0.017961
312.5,0.281403,0.017923
313.5,0.279778,0.017887
314.5,0.278297,0.017854
315.5,0.276961,0.017821
316.5,0.275768,0.017788
317.5,0.274718,0.017754
318.5,0.273808,0.017719
319.5,0.273036,0.017682
320.5,0.272401,0.017643
321.5,0.271900,0.017603
322.5,0.271531,0.017562
323.5,0.271291,0.017520
324.5,0.271178,0.017479
325.5,0.271190,0.017441
326.5,0.271323,0.017405
327.5,0.271575,0.017374
328.5,0.271942,0.017349
329.5,0.272422,0.017330
330.5,0.273010,0.017319
331.5,0.273703,0.017316
332.5,0.274497,0.017322
333.5,0.275387,0.017337
334.5,0.276369,0.017360
335.5,0.277437,0.017392
336.5,0.278588,0.017433
337.5,0.279816,0.017482
338.5,0.281116,0.017541
339.5,0.282481,0.017609
340.5,0.283906,0.017686
341.5,0.285385,0.017773
342.5,0.286910,0.017870
343.5,0.288473,0.017977
344.5,0.290066,0.018094
345.5,0.291680,0.018222
346.5,0.293304,0.018358
347.5,0.294926,0.018501
348.5,0.296535,0.018651
349.5,0.298117,0.018805
350.5,0.299657,0.018959
351.5,0.301139,0.019112
352.5,0.302548,0.019261
353.5,0.303868,0.019401
354.5,0.305082,0.019531
355.5,0.306172,0.019647
356.5,0.307124,0.019746
357.5,0.307922,0.019827
358.5,0.308551,0.019887
359.5,0.308999,0.019926
360.5,0.309255,0.019941
361.5,0.309309,0.019934
362.5,0.309154,0.019904
363.5,0.308785,0.019852
364.5,0.308201,0.019780
365.5,0.307401,0.019689
366.5,0.306388,0.019581
367.5,0.305166,0.019459
368.5,0.303743,0.019325
369.5,0.302126,0.019181
370.5,0.300328,0.019032
371.5,0.298360,0.018878
372.5,0.296236,0.018723
373.5,0.293970,0.018567
374.5,0.291578,0.018414
375.5,0.289077,0.018264
376.5,0.286481,0.018118
377.5,0.283807,0.017976
378.5,0.281073,0.017839
379.5,0.278293,0.017707
380.5,0.275483,0.017579
381.5,0.272658,0.017453
382.5,0.269833,0.017331
383.5,0.267020,0.017211
384.5,0.264232,0.017092
385.5,0.261480,0.016974
386.5,0.258774,0.016856
387.5,0.256124,0.016739
388.5,0.253536,0.016623
389.5,0.251018,0.016508
390.5,0.248575,0.016395
391.5,0.246210,0.016284
392.5,0.243925,0.016176
393.5,0.241721,0.016072
394.5,0.239599,0.015973
395.5,0.237555,0.015879
396.5,0.235588,0.015791
397.5,0.233693,0.015709
398.5,0.231864,0.015633
399.5,0.230097,0.015564
400.5,0.228383,0.015501
401.5,0.226716,0.015443
402.5,0.225088,0.015390
403.5,0.223490,0.015341
404.5,0.221916,0.015295
405.5,0.220356,0.015251
406.5,0.218804,0.015209
407.5,0.217253,0.015166
408.5,0.215696,0.015123
409.5,0.214128,0.015077
410.5,0.212544,0.015029
411.5,0.210940,0.014978
412.5,0.209313,0.014923
413.5,0.207663,0.014863
414.5,0.205989,0.014798
415.5,0.204290,0.014729
416.5,0.202569,0.014655
417.5,0.200829,0.014575
418.5,0.199072,0.014492
419.5,0.197304,0.014403
420.5,0.195530,0.014311
421.5,0.193755,0.014215
422.5,0.191986,0.014117
423.5,0.190230,0.014015
424.5,0.188496,0.013912
425.5,0.186789,0.013808
426.5,0.185119,0.013702
427.5,0.183494,0.013597
428.5,0.181920,0.013492
429.5,0.180407,0.013388
430.5,0.178962,0.013285
431.5,0.177591,0.013186
432.5,0.176302,0.013089
433.5,0.175102,0.012997
434.5,0.173994,0.012909
435.5,0.172986,0.012827
436.5,0.172081,0.012752
437.5,0.171282,0.012684
438.5,0.170592,0.012623
439.5,0.170014,0.012571
440.5,0.169548,0.012529
441.5,0.169195,0.012496
442.5,0.168953,0.012472
443.5,0.168821,0.012459
444.5,0.168798,0.012455
445.5,0.168880,0.012461
446.5,0.169063,0.012475
447.5,0.169344,0.012498
448.5,0.169718,0.012529
449.5,0.170180,0.012566
450.5,0.170724,0.012608
451.5,0.171346,0.012655
452.5,0.172039,0.012705
453.5,0.172798,0.012757
454.5,0.173618,0.012810
455.5,0.174494,0.012863
456.5,0.175421,0.012915
457.5,0.176395,0.012965
458.5,0.177410,0.013012
459.5,0.178465,0.013056
460.5,0.179557,0.013096
461.5,0.180682,0.013133
462.5,0.181839,0.013165
463.5,0.183028,0.013194
464.5,0.184248,0.013219
465.5,0.185498,0.013241
466.5,0.186779,0.013260
467.5,0.188093,0.013277
468.5,0.189441,0.013294
469.5,0.190825,0.013310
470.5,0.192247,0.013328
471.5,0.193709,0.013347
472.5,0.195214,0.013369
473.5,0.196764,0.013394
474.5,0.198361,0.013424
475.5,0.200009,0.013459
476.5,0.201708,0.013498
477.5,0.203460,0.013543
478.5,0.205266,0.013594
479.5,0.207128,0.013650
480.5,0.209044,0.013711
481.5,0.211014,0.013777
482.5,0.213036,0.013847
483.5,0.215107,0.013921
484.5,0.217223,0.013998
485.5,0.219379,0.014079
486.5,0.221569,0.014161
487.5,0.223786,0.014246
488.5,0.226020,0.014333
489.5,0.228262,0.014422
490.5,0.230500,0.014512
491.5,0.232720,0.014605
492.5,0.234909,0.014699
493.5,0.237052,0.014795
494.5,0.239130,0.014893
495.5,0.241128,0.014992
496.5,0.243026,0.015091
497.5,0.244805,0.015191
498.5,0.246446,0.015290
499.5,0.247928,0.015387
500.5,0.249233,0.015481
501.5,0.250341,0.015570
502.5,0.251235,0.015652
503.5,0.251896,0.015725
504.5,0.252309,0.015787
505.5,0.252460,0.015836
506.5,0.252337,0.015870
507.5,0.251931,0.015887
508.5,0.251236,0.015886
509.5,0.250246,0.015865
510.5,0.248962,0.015824
511.5,0.247385,0.015760
512.5,0.245521,0.015675
513.5,0.243378,0.015568
514.5,0.240969,0.015440
515.5,0.238307,0.015292
516.5,0.235411,0.015125
517.5,0.232300,0.014940
518.5,0.228996,0.014740
519.5,0.225525,0.014527
520.5,0.221912,0.014303
521.5,0.218183,0.014071
522.5,0.214367,0.013834
523.5,0.210492,0.013594
524.5,0.206586,0.013354
525.5,0.202677,0.013117
526.5,0.198791,0.012885
527.5,0.194955,0.012660
528.5,0.191194,0.012446
529.5,0.187528,0.012243
530.5,0.183981,0.012053
531.5,0.180569,0.011877
532.5,0.177309,0.011718
533.5,0.174215,0.011574
534.5,0.171300,0.011447
535.5,0.168571,0.011338
536.5,0.166036,0.011245
537.5,0.163699,0.011168
538.5,0.161562,0.011107
539.5,0.159626,0.011062
540.5,0.157889,0.011030
541.5,0.156347,0.011011
542.5,0.154995,0.011004
543.5,0.153826,0.011007
544.5,0.152834,0.011020
545.5,0.152009,0.011040
546.5,0.151342,0.011068
547.5,0.150822,0.011100
548.5,0.150439,0.011137
549.5,0.150182,0.011177
550.5,0.150040,0.011220
551.5,0.150001,0.011263
552.5,0.150055,0.011307
553.5,0.150192,0.011351
554.5,0.150399,0.011395
555.5,0.150669,0.011437
556.5,0.150990,0.011477
557.5,0.151355,0.011515
558.5,0.151755,0.011551
559.5,0.152182,0.011584
560.5,0.152629,0.011615
561.5,0.153091,0.011642
562.5,0.153562,0.011667
563.5,0.154037,0.011688
564.5,0.154513,0.011706
565.5,0.154986,0.011720
566.5,0.155455,0.011732
567.5,0.155916,0.011740
568.5,0.156370,0.011746
569.5,0.156816,0.011748
570.5,0.157255,0.011747
571.5,0.157686,0.011744
572.5,0.158112,0.011739
573.5,0.158534,0.011732
574.5,0.158954,0.011723
575.5,0.159375,0.011713
576.5,0.159798,0.011702
577.5,0.160228,0.011690
578.5,0.160666,0.011679
579.5,0.161116,0.011669
580.5,0.161580,0.011660
581.5,0.162062,0.011653
582.5,0.162562,0.011648
583.5,0.163084,0.011646
584.5,0.163629,0.011647
585.5,0.164200,0.011653
586.5,0.164795,0.011663
587.5,0.165418,0.011677
588.5,0.166067,0.011697
589.5,0.166741,0.011721
590.5,0.167441,0.011750
591.5,0.168165,0.011785
592.5,0.168910,0.011824
593.5,0.169675,0.011867
594.5,0.170457,0.011914
595.5,0.171252,0.011965
596.5,0.172057,0.012019
597.5,0.172868,0.012074
598.5,0.173680,0.012131
599.5,0.174490,0.012188
600.5,0.175293,0.012246
601.5,0.176083,0.012302
602.5,0.176858,0.012357
603.5,0.177611,0.012409
604.5,0.178339,0.012459
605.5,0.179036,0.012505
606.5,0.179699,0.012548
607.5,0.180324,0.012587
608.5,0.180906,0.012621
609.5,0.181441,0.012652
610.5,0.181928,0.012678
611.5,0.182362,0.012701
612.5,0.182740,0.012720
613.5,0.183061,0.012736
614.5,0.183322,0.012748
615.5,0.183521,0.012757
616.5,0.183657,0.012764
617.5,0.183728,0.012768
618.5,0.183734,0.012770
619.5,0.183674,0.012769
620.5,0.183547,0.012767
621.5,0.183354,0.012762
622.5,0.183094,0.012756
623.5,0.182768,0.012746
624.5,0.182377,0.012735
625.5,0.181921,0.012720
626.5,0.181402,0.012702
627.5,0.180820,0.012681
628.5,0.180178,0.012656
629.5,0.179476,0.012627
630.5,0.178718,0.012594
631.5,0.177905,0.012556
632.5,0.177039,0.012514
633.5,0.176123,0.012468
634.5,0.175160,0.012417
635.5,0.174152,0.012362
636.5,0.173102,0.012303
637.5,0.172013,0.012240
638.5,0.170888,0.012175
639.5,0.169731,0.012107
640.5,0.168544,0.012036
641.5,0.167332,0.011964
642.5,0.166096,0.011892
643.5,0.164840,0.011818
644.5,0.163569,0.011745
645.5,0.162284,0.011672
646.5,0.160988,0.011600
647.5,0.159687,0.011528
648.5,0.158381,0.011458
649.5,0.157075,0.011389
650.5,0.155771,0.011322
651.5,0.154473,0.011255
652.5,0.153183,0.011189
653.5,0.151905,0.011123
654.5,0.150643,0.011058
655.5,0.149398,0.010992
656.5,0.148174,0.010927
657.5,0.146974,0.010860
658.5,0.145803,0.010792
659.5,0.144662,0.010724
660.5,0.143556,0.010654
661.5,0.142488,0.010582
662.5,0.141462,0.010510
663.5,0.140481,0.010437
664.5,0.139548,0.010364
665.5,0.138668,0.010290
666.5,0.137843,0.010218
667.5,0.137077,0.010147
668.5,0.136373,0.010078
669.5,0.135734,0.010013
670.5,0.135163,0.009952
671.5,0.134662,0.009896
672.5,0.134233,0.009846
673.5,0.133878,0.009802
674.5,0.133599,0.009767
675.5,0.133395,0.009739
676.5,0.133268,0.009720
677.5,0.133216,0.009711
678.5,0.133240,0.009711
679.5,0.133338,0.009720
680.5,0.133507,0.009738
681.5,0.133746,0.009764
682.5,0.134052,0.009799
683.5,0.134421,0.009842
684.5,0.134849,0.009891
685.5,0.135332,0.009945
686.5,0.135865,0.010004
687.5,0.136444,0.010067
688.5,0.137063,0.010132
689.5,0.137717,0.010199
690.5,0.138401,0.010266
691.5,0.139108,0.010332
692.5,0.139834,0.010397
693.5,0.140573,0.010460
694.5,0.141320,0.010521
695.5,0.142071,0.010577
696.5,0.142819,0.010631
697.5,0.143562,0.010680
698.5,0.144294,0.010725
699.5,0.145013,0.010765
700.5,0.145714,0.010801
701.5,0.146395,0.010833
702.5,0.147054,0.010862
703.5,0.147688,0.010886
704.5,0.148296,0.010907
705.5,0.148875,0.010925
706.5,0.149426,0.010940
707.5,0.149947,0.010952
708.5,0.150437,0.010963
709.5,0.150898,0.010971
710.5,0.151328,0.010979
711.5,0.151728,0.010984
712.5,0.152098,0.010989
713.5,0.152439,0.010993
714.5,0.152751,0.010996
715.5,0.153034,0.010998
716.5,0.153290,0.011000
717.5,0.153519,0.011000
718.5,0.153721,0.011000
719.5,0.153897,0.010999
720.5,0.154047,0.010997
721.5,0.154171,0.010993
722.5,0.154270,0.010989
723.5,0.154345,0.010983
724.5,0.154394,0.010976
725.5,0.154419,0.010968
726.5,0.154419,0.010958
727.5,0.154395,0.010947
728.5,0.154346,0.010935
729.5,0.154272,0.010921
730.5,0.154173,0.010905
731.5,0.154049,0.010888
732.5,0.153901,0.010870
733.5,0.153728,0.010850
734.5,0.153530,0.010829
735.5,0.153308,0.010808
736.5,0.153062,0.010785
737.5,0.152793,0.010761
738.5,0.152501,0.010736
739.5,0.152186,0.010711
740.5,0.151850,0.010685
741.5,0.151493,0.010659
742.5,0.151118,0.010633
743.5,0.150724,0.010606
744.5,0.150313,0.010579
745.5,0.149887,0.010552
746.5,0.149448,0.010525
747.5,0.148997,0.010498
748.5,0.148536,0.010472
749.5,0.148067,0.010446
750.5,0.147592,0.010420
751.5,0.147113,0.010394
752.5,0.146633,0.010369
753.5,0.146153,0.010345
754.5,0.145677,0.010321
755.5,0.145205,0.010297
756.5,0.144741,0.010274
757.5,0.144286,0.010252
758.5,0.143843,0.010230
759.5,0.143414,0.010209
760.5,0.143001,0.010189
761.5,0.142605,0.010170
762.5,0.142230,0.010152
763.5,0.141876,0.010135
764.5,0.141545,0.010119
765.5,0.141238,0.010104
766.5,0.140957,0.010091
767.5,0.140703,0.010079
768.5,0.140478,0.010069
769.5,0.140281,0.010060
770.5,0.140114,0.010053
771.5,0.139977,0.010047
772.5,0.139870,0.010043
773.5,0.139795,0.010041
774.5,0.139750,0.010040
775.5,0.139736,0.010041
776.5,0.139753,0.010043
777.5,0.139800,0.010046
778.5,0.139876,0.010050
779.5,0.139983,0.010055
780.5,0.140117,0.010061
781.5,0.140280,0.010067
782.5,0.140470,0.010074
783.5,0.140685,0.010080
784.5,0.140927,0.010087
785.5,0.141192,0.010093
786.5,0.141481,0.010099
787.5,0.141791,0.010105
788.5,0.142123,0.010110
789.5,0.142475,0.010116
790.5,0.142845,0.010121
791.5,0.143232,0.010125
792.5,0.143636,0.010130
793.5,0.144055,0.010135
794.5,0.144488,0.010139
795.5,0.144933,0.010144
796.5,0.145389,0.010150
797.5,0.145855,0.010156
798.5,0.146329,0.010163
799.5,0.146810,0.010171
800.5,0.147297,0.010180
801.5,0.147788,0.010191
802.5,0.148281,0.010203
803.5,0.148775,0.010217
804.5,0.149268,0.010232
805.5,0.149760,0.010249
806.5,0.150247,0.010267
807.5,0.150728,0.010287
808.5,0.151203,0.010308
809.5,0.151668,0.010331
810.5,0.152123,0.010355
811.5,0.152565,0.010380
812.5,0.152994,0.010405
813.5,0.153407,0.010431
814.5,0.153804,0.010456
815.5,0.154182,0.010482
816.5,0.154541,0.010507
817.5,0.154879,0.010531
818.5,0.155195,0.010554
819.5,0.155489,0.010575
820.5,0.155760,0.010594
821.5,0.156006,0.010612
822.5,0.156229,0.010627
823.5,0.156426,0.010639
824.5,0.156600,0.010649
825.5,0.156748,0.010656
826.5,0.156873,0.010660
827.5,0.156975,0.010661
828.5,0.157053,0.010660
829.5,0.157110,0.010655
830.5,0.157147,0.010648
831.5,0.157164,0.010639
832.5,0.157163,0.010627
833.5,0.157146,0.010612
834.5,0.157114,0.010596
835.5,0.157069,0.010579
836.5,0.157013,0.010559
837.5,0.156947,0.010539
838.5,0.156875,0.010518
839.5,0.156797,0.010496
840.5,0.156716,0.010473
841.5,0.156633,0.010451
842.5,0.156550,0.010428
843.5,0.156469,0.010406
844.5,0.156392,0.010384
845.5,0.156320,0.010362
846.5,0.156254,0.010341
847.5,0.156196,0.010322
848.5,0.156147,0.010303
849.5,0.156108,0.010285
850.5,0.156078,0.010268
851.5,0.156059,0.010252
852.5,0.156052,0.010238
853.5,0.156055,0.010225
854.5,0.156069,0.010214
855.5,0.156093,0.010204
856.5,0.156127,0.010197
857.5,0.156170,0.010191
858.5,0.156220,0.010187
859.5,0.156278,0.010185
860.5,0.156340,0.010186
861.5,0.156406,0.010189
862.5,0.156473,0.010194
863.5,0.156540,0.010201
864.5,0.156605,0.010211
865.5,0.156666,0.010223
866.5,0.156720,0.010238
867.5,0.156764,0.010255
868.5,0.156798,0.010273
869.5,0.156817,0.010293
870.5,0.156821,0.010315
871.5,0.156805,0.010337
872.5,0.156770,0.010361
873.5,0.156711,0.010384
874.5,0.156627,0.010408
875.5,0.156515,0.010431
876.5,0.156375,0.010452
877.5,0.156205,0.010473
878.5,0.156003,0.010491
879.5,0.155767,0.010507
880.5,0.155498,0.010520
881.5,0.155194,0.010530
882.5,0.154855,0.010536
883.5,0.154480,0.010538
884.5,0.154070,0.010537
885.5,0.153625,0.010531
886.5,0.153146,0.010520
887.5,0.152634,0.010505
888.5,0.152089,0.010486
889.5,0.151514,0.010462
890.5,0.150910,0.010434
891.5,0.150279,0.010403
892.5,0.149622,0.010367
893.5,0.148943,0.010328
894.5,0.148244,0.010286
895.5,0.147526,0.010241
896.5,0.146794,0.010194
897.5,0.146049,0.010145
898.5,0.145295,0.010095
899.5,0.144534,0.010044
900.5,0.143770,0.009992
901.5,0.143004,0.009941
902.5,0.142239,0.009890
903.5,0.141479,0.009839
904.5,0.140726,0.009790
905.5,0.139981,0.009743
906.5,0.139248,0.009697
907.5,0.138529,0.009653
908.5,0.137825,0.009611
909.5,0.137138,0.009571
910.5,0.136471,0.009534
911.5,0.135823,0.009499
912.5,0.135197,0.009467
913.5,0.134593,0.009436
914.5,0.134012,0.009408
915.5,0.133456,0.009382
916.5,0.132923,0.009358
917.5,0.132416,0.009335
918.5,0.131934,0.009314
919.5,0.131476,0.009295
920.5,0.131044,0.009276
921.5,0.130636,0.009259
922.5,0.130253,0.009242
923.5,0.129895,0.009226
924.5,0.129560,0.009211
925.5,0.129250,0.009196
926.5,0.128962,0.009181
927.5,0.128698,0.009166
928.5,0.128456,0.009152
929.5,0.128236,0.009137
930.5,0.128037,0.009123
931.5,0.127861,0.009108
932.5,0.127705,0.009094
933.5,0.127570,0.009079
934.5,0.127456,0.009065
935.5,0.127363,0.009051
936.5,0.127290,0.009036
937.5,0.127237,0.009023
938.5,0.127204,0.009009
939.5,0.127191,0.008997
940.5,0.127199,0.008984
941.5,0.127227,0.008973
942.5,0.127274,0.008962
943.5,0.127342,0.008953
944.5,0.127430,0.008944
945.5,0.127537,0.008937
946.5,0.127665,0.008932
947.5,0.127812,0.008928
948.5,0.127978,0.008925
949.5,0.128164,0.008924
950.5,0.128368,0.008925
951.5,0.128590,0.008928
952.5,0.128830,0.008933
953.5,0.129087,0.008939
954.5,0.129361,0.008948
955.5,0.129650,0.008958
956.5,0.129953,0.008970
957.5,0.130270,0.008984
958.5,0.130600,0.008999
959.5,0.130941,0.009016
960.5,0.131292,0.009035
961.5,0.131652,0.009054
962.5,0.132020,0.009075
963.5,0.132393,0.009096
964.5,0.132771,0.009119
965.5,0.133152,0.009141
966.5,0.133534,0.009164
967.5,0.133916,0.009187
968.5,0.134297,0.009209
969.5,0.134675,0.009232
970.5,0.135048,0.009253
971.5,0.135416,0.009274
972.5,0.135776,0.009294
973.5,0.136128,0.009312
974.5,0.136470,0.009330
975.5,0.136802,0.009346
976.5,0.137121,0.009360
977.5,0.137428,0.009373
978.5,0.137722,0.009384
979.5,0.138001,0.009393
980.5,0.138266,0.009401
981.5,0.138516,0.009407
982.5,0.138750,0.009412
983.5,0.138969,0.009415
984.5,0.139172,0.009416
985.5,0.139359,0.009417
986.5,0.139531,0.009416
987.5,0.139688,0.009414
988.5,0.139830,0.009411
989.5,0.139957,0.009407
990.5,0.140071,0.009403
991.5,0.140172,0.009398
992.5,0.140259,0.009393
993.5,0.140335,0.009388
994.5,0.140400,0.009383
995.5,0.140455,0.009378
996.5,0.140499,0.009374
997.5,0.140535,0.009370
998.5,0.140563,0.009366
999.5,0.140584,0.009363
1000.5,0.140598,0.009361
1001.5,0.140606,0.009360
1002.5,0.140608,0.009359
1003.5,0.140607,0.009360
1004.5,0.140600,0.009361
1005.5,0.140591,0.009363
1006.5,0.140578,0.009366
1007.5,0.140562,0.009371
1008.5,0.140544,0.009376
1009.5,0.140523,0.009382
1010.5,0.140500,0.009388
1011.5,0.140474,0.009396
1012.5,0.140447,0.009404
1013.5,0.140417,0.009413
1014.5,0.140385,0.009422
1015.5,0.140350,0.009431
1016.5,0.140312,0.009441
1017.5,0.140272,0.009450
1018.5,0.140228,0.009460
1019.5,0.140180,0.009469
1020.5,0.140129,0.009478
1021.5,0.140074,0.009486
1022.5,0.140014,0.009493
1023.5,0.139949,0.009499
1024.5,0.139879,0.009504
1025.5,0.139804,0.009508
1026.5,0.139723,0.009511
1027.5,0.139637,0.009512
1028.5,0.139545,0.009511
1029.5,0.139446,0.009509
1030.5,0.139342,0.009505
1031.5,0.139231,0.009499
1032.5,0.139114,0.009491
1033.5,0.138992,0.009481
1034.5,0.138863,0.009470
1035.5,0.138729,0.009457
1036.5,0.138590,0.009442
1037.5,0.138446,0.009426
1038.5,0.138296,0.009409
1039.5,0.138143,0.009390
1040.5,0.137985,0.009370
1041.5,0.137824,0.009350
1042.5,0.137660,0.009329
1043.5,0.137492,0.009307
1044.5,0.137323,0.009286
1045.5,0.137152,0.009264
1046.5,0.136980,0.009243
1047.5,0.136806,0.009222
1048.5,0.136633,0.009202
1049.5,0.136459,0.009182
1050.5,0.136285,0.009164
1051.5,0.136112,0.009146
1052.5,0.135941,0.009130
1053.5,0.135770,0.009115
1054.5,0.135601,0.009101
1055.5,0.135434,0.009088
1056.5,0.135269,0.009077
1057.5,0.135106,0.009067
1058.5,0.134945,0.009058
1059.5,0.134786,0.009050
1060.5,0.134630,0.009043
1061.5,0.134477,0.009037
1062.5,0.134326,0.009032
1063.5,0.134177,0.009027
1064.5,0.134031,0.009023
1065.5,0.133888,0.009019
1066.5,0.133747,0.009016
1067.5,0.133608,0.009012
1068.5,0.133472,0.009009
1069.5,0.133338,0.009006
1070.5,0.133207,0.009002
1071.5,0.133078,0.008998
1072.5,0.132952,0.008994
1073.5,0.132828,0.008990
1074.5,0.132706,0.008985
1075.5,0.132587,0.008981
1076.5,0.132471,0.008976
1077.5,0.132357,0.008970
1078.5,0.132246,0.008965
1079.5,0.132138,0.008959
1080.5,0.132032,0.008953
1081.5,0.131930,0.008948
1082.5,0.131830,0.008942
1083.5,0.131734,0.008937
1084.5,0.131641,0.008931
1085.5,0.131552,0.008927
1086.5,0.131466,0.008922
1087.5,0.131384,0.008918
1088.5,0.131305,0.008915
1089.5,0.131230,0.008912
1090.5,0.131159,0.008910
1091.5,0.131093,0.008908
1092.5,0.131030,0.008907
1093.5,0.130971,0.008907
1094.5,0.130917,0.008907
1095.5,0.130867,0.008908
1096.5,0.130821,0.008909
1097.5,0.130780,0.008911
1098.5,0.130744,0.008912
1099.5,0.130713,0.008914
1100.5,0.130686,0.008916
1101.5,0.130665,0.008919
1102.5,0.130649,0.008920
1103.5,0.130639,0.008922
1104.5,0.130635,0.008924
1105.5,0.130638,0.008925
1106.5,0.130647,0.008925
1107.5,0.130664,0.008925
1108.5,0.130688,0.008924
1109.5,0.130721,0.008923
1110.5,0.130763,0.008921
1111.5,0.130814,0.008918
1112.5,0.130876,0.008915
1113.5,0.130949,0.008911
1114.5,0.131033,0.008906
1115.5,0.131131,0.008900
1116.5,0.131242,0.008895
1117.5,0.131368,0.008888
1118.5,0.131509,0.008882
1119.5,0.131666,0.008876
1120.5,0.131840,0.008869
1121.5,0.132033,0.008863
1122.5,0.132244,0.008857
1123.5,0.132475,0.008852
1124.5,0.132727,0.008848
1125.5,0.132999,0.008845
1126.5,0.133294,0.008843
1127.5,0.133610,0.008843
1128.5,0.133950,0.008844
1129.5,0.134312,0.008847
1130.5,0.134697,0.008852
1131.5,0.135106,0.008859
1132.5,0.135538,0.008868
1133.5,0.135992,0.008880
1134.5,0.136469,0.008894
1135.5,0.136967,0.008911
1136.5,0.137487,0.008930
1137.5,0.138026,0.008952
1138.5,0.138585,0.008977
1139.5,0.139161,0.009005
1140.5,0.139753,0.009035
1141.5,0.140359,0.009068
1142.5,0.140979,0.009103
1143.5,0.141609,0.009140
1144.5,0.142247,0.009180
1145.5,0.142892,0.009221
1146.5,0.143541,0.009265
1147.5,0.144192,0.009309
1148.5,0.144841,0.009355
1149.5,0.145487,0.009403
1150.5,0.146126,0.009450
1151.5,0.146756,0.009499
1152.5,0.147373,0.009547
1153.5,0.147976,0.009595
1154.5,0.148562,0.009643
1155.5,0.149127,0.009690
1156.5,0.149669,0.009735
1157.5,0.150185,0.009779
1158.5,0.150673,0.009821
1159.5,0.151131,0.009862
1160.5,0.151555,0.009899
1161.5,0.151945,0.009934
1162.5,0.152298,0.009966
1163.5,0.152613,0.009995
1164.5,0.152887,0.010020
1165.5,0.153120,0.010042
1166.5,0.153310,0.010059
1167.5,0.153457,0.010073
1168.5,0.153559,0.010083
1169.5,0.153618,0.010088
1170.5,0.153631,0.010090
1171.5,0.153600,0.010087
1172.5,0.153525,0.010079
1173.5,0.153407,0.010068
1174.5,0.153246,0.010052
1175.5,0.153043,0.010033
1176.5,0.152800,0.010010
1177.5,0.152518,0.009983
1178.5,0.152199,0.009952
1179.5,0.151844,0.009919
1180.5,0.151457,0.009882
1181.5,0.151038,0.009843
1182.5,0.150590,0.009801
1183.5,0.150116,0.009757
1184.5,0.149618,0.009712
1185.5,0.149098,0.009665
1186.5,0.148560,0.009618
1187.5,0.148006,0.009569
1188.5,0.147437,0.009521
1189.5,0.146858,0.009472
1190.5,0.146270,0.009425
1191.5,0.145676,0.009378
1192.5,0.145079,0.009332
1193.5,0.144480,0.009287
1194.5,0.143882,0.009244
1195.5,0.143286,0.009204
1196.5,0.142695,0.009165
1197.5,0.142111,0.009129
1198.5,0.141534,0.009095
1199.5,0.140967,0.009064
1200.5,0.140411,0.009036
1201.5,0.139866,0.009010
1202.5,0.139334,0.008987
1203.5,0.138814,0.008966
1204.5,0.138309,0.008949
1205.5,0.137818,0.008933
1206.5,0.137340,0.008920
1207.5,0.136877,0.008909
1208.5,0.136428,0.008900
1209.5,0.135993,0.008892
1210.5,0.135571,0.008886
1211.5,0.135161,0.008881
1212.5,0.134764,0.008877
1213.5,0.134378,0.008873
1214.5,0.134002,0.008870
1215.5,0.133636,0.008866
1216.5,0.133278,0.008863
1217.5,0.132928,0.008859
1218.5,0.132585,0.008854
1219.5,0.132247,0.008849
1220.5,0.131913,0.008842
1221.5,0.131583,0.008834
1222.5,0.131256,0.008825
1223.5,0.130929,0.008815
1224.5,0.130603,0.008803
1225.5,0.130277,0.008790
1226.5,0.129949,0.008774
1227.5,0.129620,0.008758
1228.5,0.129287,0.008740
1229.5,0.128952,0.008720
1230.5,0.128612,0.008699
1231.5,0.128268,0.008677
1232.5,0.127918,0.008653
1233.5,0.127564,0.008629
1234.5,0.127204,0.008604
1235.5,0.126838,0.008578
1236.5,0.126466,0.008551
1237.5,0.126088,0.008524
1238.5,0.125703,0.008496
1239.5,0.125313,0.008469
1240.5,0.124916,0.008441
1241.5,0.124514,0.008414
1242.5,0.124105,0.008387
1243.5,0.123691,0.008360
1244.5,0.123272,0.008334
1245.5,0.122847,0.008308
1246.5,0.122417,0.008283
1247.5,0.121982,0.008258
1248.5,0.121543,0.008234
1249.5,0.121099,0.008211
1250.5,0.120652,0.008188
1251.5,0.120201,0.008165
1252.5,0.119748,0.008144
1253.5,0.119291,0.008122
1254.5,0.118832,0.008101
1255.5,0.118371,0.008080
1256.5,0.117908,0.008059
1257.5,0.117444,0.008039
1258.5,0.116980,0.008018
1259.5,0.116515,0.007997
1260.5,0.116050,0.007976
1261.5,0.115587,0.007954
1262.5,0.115124,0.007932
1263.5,0.114663,0.007910
1264.5,0.114205,0.007887
1265.5,0.113749,0.007863
1266.5,0.113298,0.007839
1267.5,0.112850,0.007814
1268.5,0.112408,0.007788
1269.5,0.111972,0.007762
1270.5,0.111542,0.007735
1271.5,0.111119,0.007708
1272.5,0.110705,0.007680
1273.5,0.110300,0.007652
1274.5,0.109905,0.007623
1275.5,0.109521,0.007595
1276.5,0.109149,0.007567
1277.5,0.108789,0.007539
1278.5,0.108444,0.007511
1279.5,0.108113,0.007483
1280.5,0.107798,0.007457
1281.5,0.107500,0.007431
1282.5,0.107219,0.007407
1283.5,0.106957,0.007383
1284.5,0.106714,0.007361
1285.5,0.106492,0.007341
1286.5,0.106291,0.007322
1287.5,0.106112,0.007305
1288.5,0.105956,0.007290
1289.5,0.105824,0.007278
1290.5,0.105716,0.007267
1291.5,0.105633,0.007259
1292.5,0.105576,0.007253
1293.5,0.105544,0.007250
1294.5,0.105539,0.007249
1295.5,0.105560,0.007250
1296.5,0.105608,0.007254
1297.5,0.105684,0.007261
1298.5,0.105786,0.007269
1299.5,0.105916,0.007280
1300.5,0.106073,0.007294
1301.5,0.106256,0.007309
1302.5,0.106467,0.007327
1303.5,0.106703,0.007347
1304.5,0.106965,0.007368
1305.5,0.107253,0.007392
1306.5,0.107565,0.007417
1307.5,0.107901,0.007443
1308.5,0.108260,0.007471
1309.5,0.108641,0.007500
1310.5,0.109044,0.007531
1311.5,0.109467,0.007562
1312.5,0.109908,0.007595
1313.5,0.110368,0.007628
1314.5,0.110845,0.007662
1315.5,0.111337,0.007697
1316.5,0.111842,0.007732
1317.5,0.112361,0.007767
1318.5,0.112891,0.007803
1319.5,0.113431,0.007839
1320.5,0.113979,0.007875
1321.5,0.114533,0.007911
1322.5,0.115093,0.007947
1323.5,0.115656,0.007982
1324.5,0.116222,0.008018
1325.5,0.116788,0.008053
1326.5,0.117353,0.008087
1327.5,0.117915,0.008121
1328.5,0.118472,0.008154
1329.5,0.119024,0.008187
1330.5,0.119568,0.008219
1331.5,0.120103,0.008250
1332.5,0.120628,0.008280
1333.5,0.121141,0.008310
1334.5,0.121640,0.008338
1335.5,0.122125,0.008366
1336.5,0.122593,0.008392
1337.5,0.123044,0.008417
1338.5,0.123476,0.008441
1339.5,0.123888,0.008464
1340.5,0.124280,0.008486
1341.5,0.124649,0.008506
1342.5,0.124995,0.008525
1343.5,0.125317,0.008543
1344.5,0.125614,0.008559
1345.5,0.125885,0.008573
1346.5,0.126130,0.008586
1347.5,0.126349,0.008597
1348.5,0.126539,0.008607
1349.5,0.126702,0.008615
1350.5,0.126836,0.008621
1351.5,0.126942,0.008626
1352.5,0.127019,0.008628
1353.5,0.127068,0.008629
1354.5,0.127088,0.008628
1355.5,0.127079,0.008625
1356.5,0.127042,0.008621
1357.5,0.126976,0.008614
1358.5,0.126883,0.008605
1359.5,0.126764,0.008594
1360.5,0.126617,0.008582
1361.5,0.126445,0.008567
1362.5,0.126248,0.008551
1363.5,0.126028,0.008532
1364.5,0.125784,0.008512
1365.5,0.125518,0.008489
1366.5,0.125232,0.008465
1367.5,0.124927,0.008440
1368.5,0.124604,0.008412
1369.5,0.124264,0.008383
1370.5,0.123910,0.008352
1371.5,0.123542,0.008320
1372.5,0.123163,0.008286
1373.5,0.122773,0.008251
1374.5,0.122376,0.008214
1375.5,0.121972,0.008177
1376.5,0.121564,0.008139
1377.5,0.121154,0.008100
1378.5,0.120743,0.008060
1379.5,0.120333,0.008020
1380.5,0.119927,0.007979
1381.5,0.119525,0.007939
1382.5,0.119131,0.007899
1383.5,0.118746,0.007859
1384.5,0.118372,0.007820
1385.5,0.118011,0.007781
1386.5,0.117664,0.007744
1387.5,0.117333,0.007708
1388.5,0.117021,0.007673
1389.5,0.116727,0.007641
1390.5,0.116455,0.007610
1391.5,0.116205,0.007582
1392.5,0.115978,0.007557
1393.5,0.115777,0.007534
1394.5,0.115601,0.007514
1395.5,0.115452,0.007498
1396.5,0.115331,0.007485
1397.5,0.115238,0.007475
1398.5,0.115174,0.007469
1399.5,0.115140,0.007467
1400.5,0.115134,0.007468
1401.5,0.115159,0.007473
1402.5,0.115214,0.007482
1403.5,0.115298,0.007494
1404.5,0.115411,0.007509
1405.5,0.115554,0.007529
1406.5,0.115725,0.007551
1407.5,0.115924,0.007576
1408.5,0.116150,0.007604
1409.5,0.116402,0.007635
1410.5,0.116679,0.007668
1411.5,0.116980,0.007703
1412.5,0.117305,0.007739
1413.5,0.117651,0.007777
1414.5,0.118017,0.007817
1415.5,0.118402,0.007857
1416.5,0.118805,0.007897
1417.5,0.119223,0.007938
1418.5,0.119656,0.007979
1419.5,0.120102,0.008019
1420.5,0.120559,0.008059
1421.5,0.121025,0.008098
1422.5,0.121500,0.008136
1423.5,0.121981,0.008173
1424.5,0.122467,0.008209
1425.5,0.122957,0.008242
1426.5,0.123449,0.008275
1427.5,0.123941,0.008305
1428.5,0.124432,0.008334
1429.5,0.124921,0.008360
1430.5,0.125407,0.008385
1431.5,0.125889,0.008407
1432.5,0.126364,0.008428
1433.5,0.126833,0.008446
1434.5,0.127295,0.008462
1435.5,0.127748,0.008477
1436.5,0.128192,0.008489
1437.5,0.128625,0.008500
1438.5,0.129049,0.008509
1439.5,0.129461,0.008517
1440.5,0.129861,0.008523
1441.5,0.130250,0.008527
1442.5,0.130626,0.008530
1443.5,0.130990,0.008532
1444.5,0.131342,0.008533
1445.5,0.131681,0.008534
1446.5,0.132007,0.008533
1447.5,0.132320,0.008532
1448.5,0.132621,0.008530
1449.5,0.132909,0.008528
1450.5,0.133186,0.008525
1451.5,0.133449,0.008523
1452.5,0.133702,0.008520
1453.5,0.133942,0.008518
1454.5,0.134171,0.008515
1455.5,0.134389,0.008513
1456.5,0.134596,0.008511
1457.5,0.134793,0.008509
1458.5,0.134980,0.008507
1459.5,0.135157,0.008506
1460.5,0.135325,0.008506
1461.5,0.135483,0.008506
1462.5,0.135633,0.008506
1463.5,0.135774,0.008507
1464.5,0.135907,0.008508
1465.5,0.136032,0.008510
1466.5,0.136150,0.008512
1467.5,0.136260,0.008515
1468.5,0.136363,0.008518
1469.5,0.136459,0.008521
1470.5,0.136549,0.008525
1471.5,0.136632,0.008529
1472.5,0.136709,0.008533
1473.5,0.136780,0.008537
1474.5,0.136845,0.008542
1475.5,0.136905,0.008546
1476.5,0.136959,0.008551
1477.5,0.137008,0.008555
1478.5,0.137052,0.008560
1479.5,0.137090,0.008564
1480.5,0.137124,0.008568
1481.5,0.137154,0.008573
1482.5,0.137179,0.008576
1483.5,0.137200,0.008580
1484.5,0.137216,0.008583
1485.5,0.137229,0.008586
1486.5,0.137238,0.008589
1487.5,0.137243,0.008591
1488.5,0.137245,0.008593
1489.5,0.137244,0.008595
1490.5,0.137240,0.008596
1491.5,0.137233,0.008597
1492.5,0.137223,0.008598
1493.5,0.137211,0.008598
1494.5,0.137197,0.008598
1495.5,0.137181,0.008597
1496.5,0.137163,0.008596
1497.5,0.137143,0.008595
1498.5,0.137122,0.008594
1499.5,0.137100,0.008592
1500.5,0.137077,0.008591
1501.5,0.137053,0.008589
1502.5,0.137028,0.008586
1503.5,0.137002,0.008584
1504.5,0.136976,0.008581
1505.5,0.136950,0.008579
1506.5,0.136923,0.008576
1507.5,0.136897,0.008573
1508.5,0.136870,0.008570
1509.5,0.136843,0.008567
1510.5,0.136816,0.008565
1511.5,0.136788,0.008562
1512.5,0.136761,0.008559
1513.5,0.136733,0.008557
1514.5,0.136705,0.008554
1515.5,0.136677,0.008552
1516.5,0.136648,0.008550
1517.5,0.136618,0.008548
1518.5,0.136587,0.008547
1519.5,0.136554,0.008545
1520.5,0.136520,0.008544
1521.5,0.136485,0.008544
1522.5,0.136447,0.008543
1523.5,0.136406,0.008543
1524.5,0.136363,0.008543
1525.5,0.136317,0.008543
1526.5,0.136266,0.008543
1527.5,0.136212,0.008544
1528.5,0.136153,0.008545
1529.5,0.136090,0.008546
1530.5,0.136020,0.008546
1531.5,0.135945,0.008547
1532.5,0.135864,0.008548
1533.5,0.135776,0.008549
1534.5,0.135681,0.008550
1535.5,0.135578,0.008550
1536.5,0.135466,0.008550
1537.5,0.135347,0.008549
1538.5,0.135218,0.008548
1539.5,0.135080,0.008547
1540.5,0.134932,0.008545
1541.5,0.134774,0.008542
1542.5,0.134605,0.008539
1543.5,0.134426,0.008534
1544.5,0.134236,0.008529
1545.5,0.134034,0.008523
1546.5,0.133821,0.008516
1547.5,0.133596,0.008508
1548.5,0.133359,0.008499
1549.5,0.133111,0.008488
1550.5,0.132850,0.008477
1551.5,0.132577,0.008465
1552.5,0.132293,0.008451
1553.5,0.131996,0.008436
1554.5,0.131688,0.008421
1555.5,0.131368,0.008404
1556.5,0.131036,0.008386
1557.5,0.130694,0.008367
1558.5,0.130340,0.008347
1559.5,0.129976,0.008326
1560.5,0.129601,0.008304
1561.5,0.129217,0.008281
1562.5,0.128824,0.008258
1563.5,0.128421,0.008233
1564.5,0.128010,0.008208
1565.5,0.127591,0.008183
1566.5,0.127165,0.008157
1567.5,0.126733,0.008130
1568.5,0.126294,0.008103
1569.5,0.125850,0.008075
1570.5,0.125401,0.008048
1571.5,0.124949,0.008020
1572.5,0.124493,0.007991
1573.5,0.124035,0.007963
1574.5,0.123575,0.007935
1575.5,0.123114,0.007907
1576.5,0.122653,0.007878
1577.5,0.122192,0.007850
1578.5,0.121733,0.007823
1579.5,0.121276,0.007795
1580.5,0.120821,0.007768
1581.5,0.120371,0.007741
1582.5,0.119925,0.007715
1583.5,0.119484,0.007689
1584.5,0.119049,0.007664
1585.5,0.118620,0.007639
1586.5,0.118199,0.007615
1587.5,0.117786,0.007592
1588.5,0.117382,0.007570
1589.5,0.116987,0.007549
1590.5,0.116602,0.007528
1591.5,0.116227,0.007508
1592.5,0.115864,0.007490
1593.5,0.115512,0.007472
1594.5,0.115172,0.007455
1595.5,0.114846,0.007439
1596.5,0.114532,0.007424
1597.5,0.114232,0.007411
1598.5,0.113946,0.007398
1599.5,0.113675,0.007386
1600.5,0.113418,0.007376
1601.5,0.113176,0.007366
1602.5,0.112950,0.007357
1603.5,0.112740,0.007349
1604.5,0.112545,0.007343
1605.5,0.112367,0.007337
1606.5,0.112205,0.007332
1607.5,0.112060,0.007327
1608.5,0.111931,0.007324
1609.5,0.111819,0.007321
1610.5,0.111724,0.007319
1611.5,0.111646,0.007317
1612.5,0.111586,0.007317
1613.5,0.111542,0.007316
1614.5,0.111516,0.007316
1615.5,0.111507,0.007317
1616.5,0.111515,0.007318
1617.5,0.111540,0.007320
1618.5,0.111582,0.007322
1619.5,0.111641,0.007325
1620.5,0.111717,0.007328
1621.5,0.111810,0.007331
1622.5,0.111920,0.007335
1623.5,0.112047,0.007339
1624.5,0.112190,0.007343
1625.5,0.112349,0.007348
1626.5,0.112524,0.007354
1627.5,0.112716,0.007359
1628.5,0.112923,0.007366
1629.5,0.113145,0.007373
1630.5,0.113383,0.007380
1631.5,0.113636,0.007388
1632.5,0.113903,0.007397
1633.5,0.114185,0.007406
1634.5,0.114481,0.007416
1635.5,0.114790,0.007427
1636.5,0.115113,0.007438
1637.5,0.115449,0.007450
1638.5,0.115797,0.007463
1639.5,0.116157,0.007477
1640.5,0.116529,0.007492
1641.5,0.116911,0.007507
1642.5,0.117304,0.007524
1643.5,0.117707,0.007541
1644.5,0.118120,0.007559
1645.5,0.118541,0.007578
1646.5,0.118970,0.007598
1647.5,0.119407,0.007619
1648.5,0.119850,0.007641
1649.5,0.120300,0.007663
1650.5,0.120754,0.007686
1651.5,0.121214,0.007710
1652.5,0.121677,0.007735
1653.5,0.122143,0.007760
1654.5,0.122611,0.007786
1655.5,0.123081,0.007812
1656.5,0.123551,0.007839
1657.5,0.124021,0.007866
1658.5,0.124489,0.007893
1659.5,0.124956,0.007921
1660.5,0.125419,0.007948
1661.5,0.125879,0.007976
1662.5,0.126334,0.008003
1663.5,0.126784,0.008031
1664.5,0.127227,0.008058
1665.5,0.127663,0.008085
1666.5,0.128091,0.008112
1667.5,0.128509,0.008138
1668.5,0.128919,0.008163
1669.5,0.129317,0.008188
1670.5,0.129704,0.008213
1671.5,0.130080,0.008236
1672.5,0.130442,0.008259
1673.5,0.130791,0.008280
1674.5,0.131126,0.008301
1675.5,0.131446,0.008321
1676.5,0.131751,0.008339
1677.5,0.132040,0.008357
1678.5,0.132313,0.008373
1679.5,0.132568,0.008389
1680.5,0.132807,0.008403
1681.5,0.133028,0.008415
1682.5,0.133231,0.008427
1683.5,0.133415,0.008437
1684.5,0.133581,0.008446
1685.5,0.133729,0.008454
1686.5,0.133857,0.008461
1687.5,0.133967,0.008466
1688.5,0.134057,0.008470
1689.5,0.134129,0.008473
1690.5,0.134181,0.008474
1691.5,0.134215,0.008475
1692.5,0.134230,0.008474
1693.5,0.134227,0.008472
1694.5,0.134205,0.008469
1695.5,0.134165,0.008465
1696.5,0.134107,0.008459
1697.5,0.134032,0.008453
1698.5,0.133940,0.008446
1699.5,0.133831,0.008437
1700.5,0.133707,0.008428
1701.5,0.133567,0.008417
1702.5,0.133411,0.008406
1703.5,0.133242,0.008394
1704.5,0.133058,0.008380
1705.5,0.132861,0.008366
1706.5,0.132652,0.008352
1707.5,0.132431,0.008336
1708.5,0.132198,0.008319
1709.5,0.131955,0.008302
1710.5,0.131703,0.008284
1711.5,0.131441,0.008266
1712.5,0.131171,0.008247
1713.5,0.130893,0.008227
1714.5,0.130609,0.008207
1715.5,0.130319,0.008186
1716.5,0.130023,0.008165
1717.5,0.129723,0.008144
1718.5,0.129420,0.008123
1719.5,0.129113,0.008101
1720.5,0.128805,0.008079
1721.5,0.128495,0.008057
1722.5,0.128184,0.008035
1723.5,0.127873,0.008013
1724.5,0.127563,0.007991
1725.5,0.127254,0.007970
1726.5,0.126947,0.007949
1727.5,0.126643,0.007928
1728.5,0.126341,0.007908
1729.5,0.126044,0.007888
1730.5,0.125751,0.007869
1731.5,0.125462,0.007850
1732.5,0.125179,0.007832
1733.5,0.124902,0.007814
1734.5,0.124630,0.007798
1735.5,0.124365,0.007782
1736.5,0.124107,0.007767
1737.5,0.123855,0.007753
1738.5,0.123611,0.007740
1739.5,0.123375,0.007727
1740.5,0.123146,0.007716
1741.5,0.122925,0.007705
1742.5,0.122711,0.007695
1743.5,0.122506,0.007686
1744.5,0.122309,0.007677
1745.5,0.122119,0.007670
1746.5,0.121938,0.007663
1747.5,0.121765,0.007656
1748.5,0.121599,0.007650
1749.5,0.121441,0.007645
1750.5,0.121291,0.007640
1751.5,0.121147,0.007636
1752.5,0.121012,0.007632
1753.5,0.120883,0.007628
1754.5,0.120760,0.007625
1755.5,0.120644,0.007622
1756.5,0.120535,0.007619
1757.5,0.120431,0.007616
1758.5,0.120333,0.007613
1759.5,0.120240,0.007610
1760.5,0.120153,0.007607
1761.5,0.120070,0.007604
1762.5,0.119991,0.007600
1763.5,0.119916,0.007597
1764.5,0.119846,0.007593
1765.5,0.119778,0.007589
1766.5,0.119714,0.007585
1767.5,0.119653,0.007581
1768.5,0.119595,0.007576
1769.5,0.119539,0.007572
1770.5,0.119485,0.007566
1771.5,0.119432,0.007561
1772.5,0.119382,0.007555
1773.5,0.119332,0.007550
1774.5,0.119284,0.007543
1775.5,0.119237,0.007537
1776.5,0.119190,0.007531
1777.5,0.119144,0.007524
1778.5,0.119099,0.007517
1779.5,0.119053,0.007511
1780.5,0.119008,0.007504
1781.5,0.118963,0.007497
1782.5,0.118918,0.007490
1783.5,0.118873,0.007484
1784.5,0.118827,0.007477
1785.5,0.118781,0.007470
1786.5,0.118735,0.007464
1787.5,0.118689,0.007458
1788.5,0.118642,0.007452
1789.5,0.118594,0.007446
1790.5,0.118546,0.007440
1791.5,0.118498,0.007435
1792.5,0.118449,0.007430
1793.5,0.118400,0.007425
1794.5,0.118351,0.007421
1795.5,0.118301,0.007417
1796.5,0.118250,0.007414
1797.5,0.118200,0.007410
1798.5,0.118149,0.007407
1799.5,0.118098,0.007405
1800.5,0.118047,0.007403
1801.5,0.117996,0.007401
1802.5,0.117945,0.007399
1803.5,0.117893,0.007398
1804.5,0.117842,0.007397
1805.5,0.117791,0.007396
1806.5,0.117741,0.007396
1807.5,0.117690,0.007396
1808.5,0.117640,0.007396
1809.5,0.117590,0.007396
1810.5,0.117541,0.007396
1811.5,0.117492,0.007397
1812.5,0.117444,0.007398
1813.5,0.117396,0.007398
1814.5,0.117349,0.007399
1815.5,0.117303,0.007400
1816.5,0.117258,0.007401
1817.5,0.117213,0.007402
1818.5,0.117170,0.007403
1819.5,0.117127,0.007403
1820.5,0.117086,0.007404
1821.5,0.117046,0.007405
1822.5,0.117007,0.007406
1823.5,0.116969,0.007406
1824.5,0.116932,0.007407
1825.5,0.116897,0.007407
1826.5,0.116864,0.007407
1827.5,0.116831,0.007408
1828.5,0.116801,0.007408
1829.5,0.116772,0.007408
1830.5,0.116745,0.007407
1831.5,0.116719,0.007407
1832.5,0.116695,0.007407
1833.5,0.116673,0.007406
1834.5,0.116653,0.007406
1835.5,0.116635,0.007405
1836.5,0.116619,0.007405
1837.5,0.116605,0.007404
1838.5,0.116593,0.007403
1839.5,0.116583,0.007403
1840.5,0.116576,0.007402
1841.5,0.116570,0.007401
1842.5,0.116567,0.007400
1843.5,0.116567,0.007399
1844.5,0.116569,0.007398
1845.5,0.116573,0.007398
1846.5,0.116580,0.007397
1847.5,0.116590,0.007396
1848.5,0.116602,0.007395
1849.5,0.116617,0.007394
1850.5,0.116634,0.007394
1851.5,0.116655,0.007393
1852.5,0.116678,0.007392
1853.5,0.116704,0.007392
1854.5,0.116733,0.007391
1855.5,0.116765,0.007391
1856.5,0.116801,0.007390
1857.5,0.116839,0.007390
1858.5,0.116880,0.007389
1859.5,0.116925,0.007389
1860.5,0.116973,0.007388
1861.5,0.117024,0.007388
1862.5,0.117078,0.007388
1863.5,0.117136,0.007388
1864.5,0.117198,0.007388
1865.5,0.117263,0.007387
1866.5,0.117331,0.007387
1867.5,0.117403,0.007387
1868.5,0.117478,0.007387
1869.5,0.117558,0.007387
1870.5,0.117641,0.007388
1871.5,0.117727,0.007388
1872.5,0.117818,0.007388
1873.5,0.117912,0.007389
1874.5,0.118011,0.007389
1875.5,0.118113,0.007390
1876.5,0.118219,0.007391
1877.5,0.118329,0.007391
1878.5,0.118443,0.007393
1879.5,0.118560,0.007394
1880.5,0.118682,0.007395
1881.5,0.118808,0.007397
1882.5,0.118938,0.007398
1883.5,0.119071,0.007400
1884.5,0.119209,0.007403
1885.5,0.119350,0.007405
1886.5,0.119495,0.007408
1887.5,0.119644,0.007411
1888.5,0.119797,0.007414
1889.5,0.119953,0.007418
1890.5,0.120113,0.007422
1891.5,0.120277,0.007426
1892.5,0.120443,0.007431
1893.5,0.120613,0.007436
1894.5,0.120786,0.007442
1895.5,0.120962,0.007448
1896.5,0.121141,0.007454
1897.5,0.121322,0.007461
1898.5,0.121506,0.007468
1899.5,0.121692,0.007476
1900.5,0.121879,0.007485
1901.5,0.122069,0.007494
1902.5,0.122259,0.007503
1903.5,0.122451,0.007514
1904.5,0.122644,0.007524
1905.5,0.122837,0.007536
1906.5,0.123031,0.007548
1907.5,0.123224,0.007560
1908.5,0.123416,0.007573
1909.5,0.123608,0.007587
1910.5,0.123799,0.007601
1911.5,0.123987,0.007616
1912.5,0.124174,0.007632
1913.5,0.124358,0.007647
1914.5,0.124538,0.007664
1915.5,0.124716,0.007681
1916.5,0.124889,0.007698
1917.5,0.125058,0.007716
1918.5,0.125222,0.007734
1919.5,0.125380,0.007752
1920.5,0.125533,0.007771
1921.5,0.125679,0.007789
1922.5,0.125818,0.007808
1923.5,0.125950,0.007827
1924.5,0.126074,0.007845
1925.5,0.126189,0.007864
1926.5,0.126296,0.007882
1927.5,0.126394,0.007900
1928.5,0.126482,0.007917
1929.5,0.126560,0.007934
1930.5,0.126628,0.007950
1931.5,0.126685,0.007965
1932.5,0.126730,0.007980
1933.5,0.126765,0.007994
1934.5,0.126787,0.008006
1935.5,0.126797,0.008018
1936.5,0.126795,0.008028
1937.5,0.126781,0.008037
1938.5,0.126754,0.008044
1939.5,0.126714,0.008050
1940.5,0.126662,0.008055
1941.5,0.126597,0.008058
1942.5,0.126518,0.008059
1943.5,0.126427,0.008059
1944.5,0.126324,0.008057
1945.5,0.126207,0.008053
1946.5,0.126078,0.008048
1947.5,0.125937,0.008040
1948.5,0.125784,0.008031
1949.5,0.125619,0.008020
1950.5,0.125442,0.008008
1951.5,0.125255,0.007994
1952.5,0.125057,0.007978
1953.5,0.124848,0.007960
1954.5,0.124630,0.007941
1955.5,0.124402,0.007921
1956.5,0.124166,0.007899
1957.5,0.123921,0.007876
1958.5,0.123669,0.007852
1959.5,0.123410,0.007826
1960.5,0.123144,0.007800
1961.5,0.122872,0.007773
1962.5,0.122595,0.007745
1963.5,0.122314,0.007716
1964.5,0.122029,0.007687
1965.5,0.121740,0.007657
1966.5,0.121449,0.007628
1967.5,0.121156,0.007598
1968.5,0.120862,0.007568
1969.5,0.120567,0.007538
1970.5,0.120272,0.007508
1971.5,0.119978,0.007479
1972.5,0.119685,0.007450
1973.5,0.119394,0.007422
1974.5,0.119105,0.007394
1975.5,0.118819,0.007367
1976.5,0.118537,0.007341
1977.5,0.118259,0.007316
1978.5,0.117985,0.007291
1979.5,0.117716,0.007268
1980.5,0.117452,0.007246
1981.5,0.117195,0.007224
1982.5,0.116943,0.007204
1983.5,0.116698,0.007185
1984.5,0.116459,0.007166
1985.5,0.116228,0.007149
1986.5,0.116004,0.007133
1987.5,0.115787,0.007118
1988.5,0.115578,0.007104
1989.5,0.115377,0.007091
1990.5,0.115184,0.007078
1991.5,0.114998,0.007067
1992.5,0.114822,0.007057
1993.5,0.114653,0.007047
1994.5,0.114493,0.007038
1995.5,0.114341,0.007030
1996.5,0.114197,0.007023
1997.5,0.114062,0.007016
1998.5,0.113936,0.007009
1999.5,0.113817,0.007004
2000.5,0.113707,0.006998
2001.5,0.113605,0.006994
2002.5,0.113512,0.006989
2003.5,0.113426,0.006985
2004.5,0.113349,0.006982
2005.5,0.113280,0.006979
2006.5,0.113218,0.006976
2007.5,0.113165,0.006973
2008.5,0.113119,0.006971
2009.5,0.113082,0.006968
2010.5,0.113051,0.006967
2011.5,0.113029,0.006965
2012.5,0.113014,0.006964
2013.5,0.113007,0.006963
2014.5,0.113007,0.006962
2015.5,0.113014,0.006961
2016.5,0.113029,0.006961
2017.5,0.113051,0.006961
2018.5,0.113081,0.006961
2019.5,0.113118,0.006962
2020.5,0.113161,0.006963
2021.5,0.113213,0.006964
2022.5,0.113271,0.006966
2023.5,0.113336,0.006968
2024.5,0.113409,0.006971
2025.5,0.113488,0.006974
2026.5,0.113575,0.006977
2027.5,0.113668,0.006981
2028.5,0.113769,0.006986
2029.5,0.113876,0.006990
2030.5,0.113990,0.006996
2031.5,0.114111,0.007002
2032.5,0.114238,0.007008
2033.5,0.114372,0.007015
2034.5,0.114513,0.007023
2035.5,0.114659,0.007031
2036.5,0.114813,0.007039
2037.5,0.114972,0.007048
2038.5,0.115137,0.007058
2039.5,0.115308,0.007068
2040.5,0.115485,0.007079
2041.5,0.115667,0.007090
2042.5,0.115854,0.007102
2043.5,0.116047,0.007115
2044.5,0.116244,0.007127
2045.5,0.116446,0.007141
2046.5,0.116652,0.007154
2047.5,0.116862,0.007168
2048.5,0.117076,0.007183
2049.5,0.117293,0.007198
2050.5,0.117513,0.007213
2051.5,0.117735,0.007228
2052.5,0.117960,0.007244
2053.5,0.118187,0.007259
2054.5,0.118416,0.007275
2055.5,0.118646,0.007291
2056.5,0.118876,0.007307
2057.5,0.119107,0.007324
2058.5,0.119337,0.007340
2059.5,0.119567,0.007356
2060.5,0.119796,0.007371
2061.5,0.120024,0.007387
2062.5,0.120249,0.007402
2063.5,0.120472,0.007418
2064.5,0.120692,0.007432
2065.5,0.120909,0.007447
2066.5,0.121123,0.007461
2067.5,0.121331,0.007474
2068.5,0.121536,0.007488
2069.5,0.121735,0.007500
2070.5,0.121928,0.007512
2071.5,0.122115,0.007524
2072.5,0.122296,0.007534
2073.5,0.122470,0.007544
2074.5,0.122637,0.007554
2075.5,0.122796,0.007563
2076.5,0.122947,0.007571
2077.5,0.123090,0.007578
2078.5,0.123224,0.007584
2079.5,0.123349,0.007590
2080.5,0.123465,0.007595
2081.5,0.123571,0.007599
2082.5,0.123667,0.007602
2083.5,0.123753,0.007605
2084.5,0.123829,0.007606
2085.5,0.123895,0.007607
2086.5,0.123950,0.007607
2087.5,0.123995,0.007606
2088.5,0.124028,0.007605
2089.5,0.124051,0.007602
2090.5,0.124063,0.007599
2091.5,0.124064,0.007595
2092.5,0.124055,0.007591
2093.5,0.124034,0.007585
2094.5,0.124003,0.007579
2095.5,0.123962,0.007572
2096.5,0.123909,0.007565
2097.5,0.123847,0.007556
2098.5,0.123775,0.007547
2099.5,0.123692,0.007538
2100.5,0.123600,0.007528
2101.5,0.123499,0.007517
2102.5,0.123388,0.007506
2103.5,0.123269,0.007494
2104.5,0.123142,0.007482
2105.5,0.123006,0.007469
2106.5,0.122863,0.007456
2107.5,0.122712,0.007442
2108.5,0.122555,0.007428
2109.5,0.122391,0.007414
2110.5,0.122221,0.007399
2111.5,0.122045,0.007384
2112.5,0.121864,0.007369
2113.5,0.121679,0.007354
2114.5,0.121489,0.007339
2115.5,0.121296,0.007323
2116.5,0.121099,0.007308
2117.5,0.120900,0.007293
2118.5,0.120698,0.007277
2119.5,0.120494,0.007262
2120.5,0.120289,0.007247
2121.5,0.120083,0.007232
2122.5,0.119876,0.007217
2123.5,0.119669,0.007203
2124.5,0.119463,0.007189
2125.5,0.119257,0.007175
2126.5,0.119053,0.007162
2127.5,0.118850,0.007149
2128.5,0.118649,0.007136
2129.5,0.118451,0.007124
2130.5,0.118255,0.007113
2131.5,0.118062,0.007102
2132.5,0.117873,0.007092
2133.5,0.117687,0.007083
2134.5,0.117505,0.007074
2135.5,0.117326,0.007066
2136.5,0.117153,0.007059
2137.5,0.116983,0.007052
2138.5,0.116819,0.007046
2139.5,0.116659,0.007040
2140.5,0.116504,0.007036
2141.5,0.116355,0.007032
2142.5,0.116210,0.007028
2143.5,0.116071,0.007026
2144.5,0.115938,0.007024
2145.5,0.115809,0.007022
2146.5,0.115686,0.007021
2147.5,0.115569,0.007021
2148.5,0.115457,0.007021
2149.5,0.115350,0.007022
2150.5,0.115248,0.007023
2151.5,0.115152,0.007024
2152.5,0.115061,0.007026
2153.5,0.114975,0.007028
2154.5,0.114894,0.007031
2155.5,0.114818,0.007033
2156.5,0.114746,0.007036
2157.5,0.114679,0.007039
2158.5,0.114616,0.007042
2159.5,0.114558,0.007046
2160.5,0.114503,0.007049
2161.5,0.114453,0.007052
2162.5,0.114406,0.007055
2163.5,0.114362,0.007059
2164.5,0.114322,0.007062
2165.5,0.114285,0.007065
2166.5,0.114251,0.007068
2167.5,0.114220,0.007071
2168.5,0.114190,0.007074
2169.5,0.114163,0.007076
2170.5,0.114138,0.007079
2171.5,0.114115,0.007081
2172.5,0.114093,0.007083
2173.5,0.114073,0.007085
2174.5,0.114053,0.007087
2175.5,0.114035,0.007089
2176.5,0.114017,0.007091
2177.5,0.113999,0.007092
2178.5,0.113981,0.007093
2179.5,0.113964,0.007095
2180.5,0.113945,0.007096
2181.5,0.113927,0.007097
2182.5,0.113907,0.007097
2183.5,0.113887,0.007098
2184.5,0.113865,0.007099
2185.5,0.113842,0.007099
2186.5,0.113817,0.007100
2187.5,0.113791,0.007100
2188.5,0.113762,0.007100
2189.5,0.113731,0.007100
2190.5,0.113698,0.007100
2191.5,0.113662,0.007100
2192.5,0.113623,0.007100
2193.5,0.113581,0.007099
2194.5,0.113537,0.007099
2195.5,0.113489,0.007098
2196.5,0.113437,0.007097
2197.5,0.113382,0.007096
2198.5,0.113324,0.007095
2199.5,0.113262,0.007094
2200.5,0.113196,0.007092
2201.5,0.113126,0.007090
2202.5,0.113053,0.007088
2203.5,0.112975,0.007086
2204.5,0.112893,0.007083
2205.5,0.112808,0.007080
2206.5,0.112718,0.007077
2207.5,0.112624,0.007073
2208.5,0.112527,0.007069
2209.5,0.112425,0.007065
2210.5,0.112320,0.007060
2211.5,0.112210,0.007055
2212.5,0.112097,0.007049
2213.5,0.111981,0.007044
2214.5,0.111861,0.007037
2215.5,0.111737,0.007031
2216.5,0.111610,0.007024
2217.5,0.111481,0.007017
2218.5,0.111348,0.007009
2219.5,0.111213,0.007002
2220.5,0.111075,0.006993
2221.5,0.110935,0.006985
2222.5,0.110793,0.006977
2223.5,0.110649,0.006968
2224.5,0.110503,0.006959
2225.5,0.110356,0.006950
2226.5,0.110208,0.006941
2227.5,0.110060,0.006931
2228.5,0.109910,0.006922
2229.5,0.109760,0.006913
2230.5,0.109610,0.006904
2231.5,0.109460,0.006894
2232.5,0.109311,0.006885
2233.5,0.109162,0.006877
2234.5,0.109014,0.006868
2235.5,0.108868,0.006860
2236.5,0.108722,0.006852
2237.5,0.108579,0.006844
2238.5,0.108437,0.006837
2239.5,0.108297,0.006830
2240.5,0.108159,0.006823
2241.5,0.108024,0.006817
2242.5,0.107891,0.006811
2243.5,0.107761,0.006806
2244.5,0.107634,0.006801
2245.5,0.107509,0.006797
2246.5,0.107388,0.006794
2247.5,0.107270,0.006791
2248.5,0.107155,0.006788
2249.5,0.107044,0.006786
2250.5,0.106935,0.006785
2251.5,0.106830,0.006784
2252.5,0.106729,0.006783
2253.5,0.106631,0.006783
2254.5,0.106536,0.006783
2255.5,0.106444,0.006784
2256.5,0.106356,0.006785
2257.5,0.106271,0.006786
2258.5,0.106188,0.006788
2259.5,0.106109,0.006790
2260.5,0.106033,0.006792
2261.5,0.105959,0.006794
2262.5,0.105888,0.006796
2263.5,0.105819,0.006799
2264.5,0.105753,0.006801
2265.5,0.105689,0.006803
2266.5,0.105627,0.006806
2267.5,0.105567,0.006808
2268.5,0.105508,0.006809
2269.5,0.105452,0.006811
2270.5,0.105396,0.006812
2271.5,0.105342,0.006813
2272.5,0.105289,0.006814
2273.5,0.105237,0.006814
2274.5,0.105185,0.006814
2275.5,0.105135,0.006813
2276.5,0.105084,0.006812
2277.5,0.105035,0.006811
2278.5,0.104985,0.006809
2279.5,0.104936,0.006806
2280.5,0.104887,0.006803
2281.5,0.104838,0.006800
2282.5,0.104789,0.006796
2283.5,0.104740,0.006792
2284.5,0.104691,0.006787
2285.5,0.104642,0.006782
2286.5,0.104593,0.006776
2287.5,0.104543,0.006770
2288.5,0.104494,0.006763
2289.5,0.104444,0.006756
2290.5,0.104395,0.006749
2291.5,0.104346,0.006741
2292.5,0.104297,0.006733
2293.5,0.104248,0.006725
2294.5,0.104200,0.006717
2295.5,0.104152,0.006709
2296.5,0.104105,0.006700
2297.5,0.104058,0.006691
2298.5,0.104013,0.006682
2299.5,0.103969,0.006674
2300.5,0.103926,0.006665
2301.5,0.103885,0.006656
2302.5,0.103846,0.006647
2303.5,0.103808,0.006639
2304.5,0.103773,0.006630
2305.5,0.103740,0.006622
2306.5,0.103710,0.006614
2307.5,0.103682,0.006606
2308.5,0.103658,0.006598
2309.5,0.103637,0.006591
2310.5,0.103619,0.006584
2311.5,0.103606,0.006578
2312.5,0.103596,0.006571
2313.5,0.103590,0.006565
2314.5,0.103589,0.006560
2315.5,0.103592,0.006555
2316.5,0.103601,0.006550
2317.5,0.103614,0.006546
2318.5,0.103632,0.006542
2319.5,0.103656,0.006539
2320.5,0.103685,0.006537
2321.5,0.103720,0.006534
2322.5,0.103761,0.006533
2323.5,0.103807,0.006531
2324.5,0.103860,0.006531
2325.5,0.103918,0.006531
2326.5,0.103983,0.006531
2327.5,0.104054,0.006532
2328.5,0.104132,0.006533
2329.5,0.104216,0.006535
2330.5,0.104306,0.006538
2331.5,0.104402,0.006541
2332.5,0.104505,0.006545
2333.5,0.104614,0.006549
2334.5,0.104729,0.006554
2335.5,0.104851,0.006559
2336.5,0.104978,0.006564
2337.5,0.105112,0.006571
2338.5,0.105251,0.006577
2339.5,0.105395,0.006585
2340.5,0.105546,0.006592
2341.5,0.105701,0.006601
2342.5,0.105862,0.006609
2343.5,0.106027,0.006618
2344.5,0.106197,0.006628
2345.5,0.106372,0.006638
2346.5,0.106551,0.006648
2347.5,0.106733,0.006659
2348.5,0.106919,0.006670
2349.5,0.107109,0.006682
2350.5,0.107301,0.006694
2351.5,0.107496,0.006706
2352.5,0.107693,0.006718
2353.5,0.107892,0.006731
2354.5,0.108093,0.006744
2355.5,0.108295,0.006757
2356.5,0.108498,0.006770
2357.5,0.108701,0.006784
2358.5,0.108905,0.006797
2359.5,0.109109,0.006811
2360.5,0.109312,0.006824
2361.5,0.109514,0.006838
2362.5,0.109714,0.006852
2363.5,0.109913,0.006865
2364.5,0.110110,0.006878
2365.5,0.110305,0.006892
2366.5,0.110497,0.006905
2367.5,0.110686,0.006918
2368.5,0.110871,0.006930
2369.5,0.111053,0.006942
2370.5,0.111231,0.006954
2371.5,0.111404,0.006966
2372.5,0.111573,0.006977
2373.5,0.111737,0.006987
2374.5,0.111896,0.006997
2375.5,0.112050,0.007007
2376.5,0.112198,0.007016
2377.5,0.112340,0.007024
2378.5,0.112476,0.007032
2379.5,0.112606,0.007039
2380.5,0.112730,0.007045
2381.5,0.112847,0.007051
2382.5,0.112958,0.007056
2383.5,0.113062,0.007060
2384.5,0.113159,0.007063
2385.5,0.113250,0.007066
2386.5,0.113334,0.007067
2387.5,0.113411,0.007068
2388.5,0.113481,0.007068
2389.5,0.113545,0.007068
2390.5,0.113602,0.007066
2391.5,0.113652,0.007064
2392.5,0.113696,0.007061
2393.5,0.113733,0.007057
2394.5,0.113764,0.007052
2395.5,0.113789,0.007047
2396.5,0.113807,0.007041
2397.5,0.113820,0.007034
2398.5,0.113828,0.007027
2399.5,0.113830,0.007019
2400.5,0.113826,0.007010
2401.5,0.113818,0.007001
2402.5,0.113805,0.006991
2403.5,0.113788,0.006981
2404.5,0.113766,0.006970
2405.5,0.113741,0.006959
2406.5,0.113712,0.006947
2407.5,0.113679,0.006935
2408.5,0.113644,0.006923
2409.5,0.113606,0.006911
2410.5,0.113565,0.006899
2411.5,0.113523,0.006886
2412.5,0.113478,0.006873
2413.5,0.113432,0.006861
2414.5,0.113385,0.006848
2415.5,0.113337,0.006836
2416.5,0.113288,0.006823
2417.5,0.113240,0.006811
2418.5,0.113191,0.006799
2419.5,0.113142,0.006787
2420.5,0.113094,0.006776
2421.5,0.113047,0.006764
2422.5,0.113001,0.006754
2423.5,0.112957,0.006743
2424.5,0.112914,0.006733
2425.5,0.112873,0.006724
2426.5,0.112834,0.006715
2427.5,0.112797,0.006707
2428.5,0.112763,0.006699
2429.5,0.112731,0.006691
2430.5,0.112702,0.006685
2431.5,0.112676,0.006679
2432.5,0.112654,0.006673
2433.5,0.112634,0.006668
2434.5,0.112618,0.006664
2435.5,0.112605,0.006661
2436.5,0.112596,0.006658
2437.5,0.112590,0.006655
2438.5,0.112588,0.006653
2439.5,0.112590,0.006652
2440.5,0.112595,0.006652
2441.5,0.112604,0.006652
2442.5,0.112616,0.006652
2443.5,0.112633,0.006653
2444.5,0.112653,0.006655
2445.5,0.112676,0.006657
2446.5,0.112703,0.006660
2447.5,0.112733,0.006663
2448.5,0.112767,0.006666
2449.5,0.112804,0.006670
2450.5,0.112844,0.006674
2451.5,0.112887,0.006679
2452.5,0.112934,0.006683
2453.5,0.112982,0.006688
2454.5,0.113034,0.006693
2455.5,0.113088,0.006699
2456.5,0.113145,0.006704
2457.5,0.113203,0.006710
2458.5,0.113264,0.006715
2459.5,0.113327,0.006721
2460.5,0.113392,0.006727
2461.5,0.113458,0.006732
2462.5,0.113525,0.006738
2463.5,0.113594,0.006743
2464.5,0.113664,0.006748
2465.5,0.113735,0.006754
2466.5,0.113806,0.006759
2467.5,0.113879,0.006763
2468.5,0.113951,0.006768
2469.5,0.114025,0.006772
2470.5,0.114098,0.006776
2471.5,0.114171,0.006780
2472.5,0.114244,0.006783
2473.5,0.114317,0.006787
2474.5,0.114390,0.006789
2475.5,0.114462,0.006792
2476.5,0.114533,0.006794
2477.5,0.114604,0.006796
2478.5,0.114674,0.006798
2479.5,0.114743,0.006799
2480.5,0.114811,0.006801
2481.5,0.114879,0.006801
2482.5,0.114945,0.006802
2483.5,0.115009,0.006802
2484.5,0.115073,0.006802
2485.5,0.115135,0.006802
2486.5,0.115196,0.006802
2487.5,0.115256,0.006801
2488.5,0.115314,0.006800
2489.5,0.115371,0.006799
2490.5,0.115427,0.006798
2491.5,0.115481,0.006797
2492.5,0.115534,0.006796
2493.5,0.115585,0.006794
2494.5,0.115635,0.006793
2495.5,0.115683,0.006791
2496.5,0.115731,0.006790
2497.5,0.115777,0.006788
2498.5,0.115821,0.006786
2499.5,0.115865,0.006785
2500.5,0.115907,0.006783
2501.5,0.115948,0.006782
2502.5,0.115988,0.006780
2503.5,0.116026,0.006779
2504.5,0.116064,0.006778
2505.5,0.116100,0.006777
2506.5,0.116136,0.006776
2507.5,0.116171,0.006775
2508.5,0.116204,0.006774
2509.5,0.116237,0.006773
2510.5,0.116269,0.006773
2511.5,0.116300,0.006773
2512.5,0.116331,0.006773
2513.5,0.116360,0.006773
2514.5,0.116389,0.006773
2515.5,0.116417,0.006773
2516.5,0.116444,0.006774
2517.5,0.116471,0.006775
2518.5,0.116497,0.006776
2519.5,0.116522,0.006777
2520.5,0.116546,0.006779
2521.5,0.116569,0.006781
2522.5,0.116592,0.006783
2523.5,0.116614,0.006785
2524.5,0.116635,0.006787
2525.5,0.116655,0.006790
2526.5,0.116674,0.006793
2527.5,0.116692,0.006796
2528.5,0.116709,0.006799
2529.5,0.116725,0.006803
2530.5,0.116740,0.006806
2531.5,0.116753,0.006810
2532.5,0.116765,0.006814
2533.5,0.116775,0.006819
2534.5,0.116784,0.006823
2535.5,0.116791,0.006828
2536.5,0.116797,0.006832
2537.5,0.116801,0.006837
2538.5,0.116802,0.006842
2539.5,0.116802,0.006847
2540.5,0.116799,0.006852
2541.5,0.116794,0.006857
2542.5,0.116787,0.006863
2543.5,0.116777,0.006868
2544.5,0.116764,0.006873
2545.5,0.116749,0.006878
2546.5,0.116731,0.006883
2547.5,0.116709,0.006887
2548.5,0.116685,0.006892
2549.5,0.116657,0.006896
2550.5,0.116626,0.006901
2551.5,0.116592,0.006904
2552.5,0.116554,0.006908
2553.5,0.116512,0.006911
2554.5,0.116467,0.006914
2555.5,0.116418,0.006917
2556.5,0.116365,0.006919
2557.5,0.116308,0.006921
2558.5,0.116247,0.006922
2559.5,0.116182,0.006923
2560.5,0.116112,0.006924
2561.5,0.116039,0.006924
2562.5,0.115961,0.006923
2563.5,0.115879,0.006922
2564.5,0.115793,0.006921
2565.5,0.115702,0.006919
2566.5,0.115607,0.006916
2567.5,0.115507,0.006913
2568.5,0.115404,0.006910
2569.5,0.115296,0.006906
2570.5,0.115183,0.006901
2571.5,0.115067,0.006896
2572.5,0.114946,0.006891
2573.5,0.114821,0.006885
2574.5,0.114692,0.006879
2575.5,0.114558,0.006872
2576.5,0.114421,0.006865
2577.5,0.114280,0.006858
2578.5,0.114134,0.006850
2579.5,0.113985,0.006843
2580.5,0.113833,0.006834
2581.5,0.113676,0.006826
2582.5,0.113516,0.006817
2583.5,0.113352,0.006809
2584.5,0.113186,0.006800
2585.5,0.113015,0.006791
2586.5,0.112842,0.006781
2587.5,0.112665,0.006772
2588.5,0.112486,0.006763
2589.5,0.112303,0.006753
2590.5,0.112118,0.006744
2591.5,0.111930,0.006735
2592.5,0.111740,0.006725
2593.5,0.111547,0.006716
2594.5,0.111352,0.006707
2595.5,0.111155,0.006697
2596.5,0.110955,0.006688
2597.5,0.110753,0.006679
2598.5,0.110550,0.006670
2599.5,0.110344,0.006661
2600.5,0.110137,0.006652
2601.5,0.109929,0.006643
2602.5,0.109718,0.006634
2603.5,0.109507,0.006625
2604.5,0.109294,0.006617
2605.5,0.109079,0.006608
2606.5,0.108864,0.006599
2607.5,0.108648,0.006591
2608.5,0.108430,0.006582
2609.5,0.108212,0.006574
2610.5,0.107993,0.006565
2611.5,0.107773,0.006556
2612.5,0.107553,0.006548
2613.5,0.107332,0.006539
2614.5,0.107111,0.006530
2615.5,0.106890,0.006521
2616.5,0.106668,0.006513
2617.5,0.106446,0.006504
2618.5,0.106224,0.006495
2619.5,0.106003,0.006486
2620.5,0.105781,0.006477
2621.5,0.105560,0.006467
2622.5,0.105339,0.006458
2623.5,0.105118,0.006449
2624.5,0.104899,0.006439
2625.5,0.104679,0.006430
2626.5,0.104461,0.006420
2627.5,0.104243,0.006410
2628.5,0.104027,0.006400
2629.5,0.103812,0.006390
2630.5,0.103597,0.006381
2631.5,0.103385,0.006371
2632.5,0.103173,0.006361
2633.5,0.102963,0.006350
2634.5,0.102755,0.006340
2635.5,0.102549,0.006330
2636.5,0.102345,0.006320
2637.5,0.102143,0.006310
2638.5,0.101943,0.006300
2639.5,0.101745,0.006290
2640.5,0.101550,0.006280
2641.5,0.101357,0.006271
2642.5,0.101167,0.006261
2643.5,0.100980,0.006251
2644.5,0.100795,0.006242
2645.5,0.100614,0.006233
2646.5,0.100436,0.006224
2647.5,0.100261,0.006215
2648.5,0.100090,0.006206
2649.5,0.099922,0.006198
2650.5,0.099758,0.006190
2651.5,0.099598,0.006182
2652.5,0.099441,0.006174
2653.5,0.099288,0.006167
2654.5,0.099140,0.006160
2655.5,0.098995,0.006153
2656.5,0.098855,0.006147
2657.5,0.098719,0.006141
2658.5,0.098587,0.006135
2659.5,0.098460,0.006130
2660.5,0.098338,0.006125
2661.5,0.098220,0.006120
2662.5,0.098107,0.006116
2663.5,0.097998,0.006112
2664.5,0.097894,0.006108
2665.5,0.097795,0.006105
2666.5,0.097701,0.006102
2667.5,0.097612,0.006099
2668.5,0.097528,0.006097
2669.5,0.097448,0.006095
2670.5,0.097374,0.006093
2671.5,0.097305,0.006092
2672.5,0.097241,0.006090
2673.5,0.097181,0.006089
2674.5,0.097127,0.006088
2675.5,0.097078,0.006088
2676.5,0.097034,0.006087
2677.5,0.096995,0.006087
2678.5,0.096962,0.006087
2679.5,0.096933,0.006087
2680.5,0.096909,0.006087
2681.5,0.096891,0.006087
2682.5,0.096877,0.006087
2683.5,0.096869,0.006087
2684.5,0.096865,0.006087
2685.5,0.096867,0.006088
2686.5,0.096874,0.006088
2687.5,0.096885,0.006089
2688.5,0.096902,0.006089
2689.5,0.096923,0.006090
2690.5,0.096950,0.006090
2691.5,0.096981,0.006091
2692.5,0.097018,0.006091
2693.5,0.097059,0.006092
2694.5,0.097105,0.006092
2695.5,0.097156,0.006093
2696.5,0.097212,0.006093
2697.5,0.097273,0.006094
2698.5,0.097338,0.006095
2699.5,0.097409,0.006095
2700.5,0.097484,0.006096
2701.5,0.097563,0.006097
2702.5,0.097648,0.006099
2703.5,0.097737,0.006100
2704.5,0.097831,0.006101
2705.5,0.097929,0.006103
2706.5,0.098032,0.006105
2707.5,0.098140,0.006107
2708.5,0.098252,0.006109
2709.5,0.098368,0.006112
2710.5,0.098489,0.006115
2711.5,0.098614,0.006118
2712.5,0.098744,0.006122
2713.5,0.098878,0.006125
2714.5,0.099016,0.006130
2715.5,0.099158,0.006134
2716.5,0.099305,0.006139
2717.5,0.099455,0.006145
2718.5,0.099609,0.006150
2719.5,0.099767,0.006156
2720.5,0.099929,0.006163
2721.5,0.100095,0.006170
2722.5,0.100263,0.006177
2723.5,0.100436,0.006185
2724.5,0.100612,0.006193
2725.5,0.100790,0.006201
2726.5,0.100972,0.006210
2727.5,0.101157,0.006219
2728.5,0.101345,0.006228
2729.5,0.101535,0.006238
2730.5,0.101728,0.006248
2731.5,0.101923,0.006258
2732.5,0.102121,0.006268
2733.5,0.102320,0.006279
2734.5,0.102521,0.006290
2735.5,0.102724,0.006301
2736.5,0.102928,0.006312
2737.5,0.103134,0.006323
2738.5,0.103341,0.006334
2739.5,0.103549,0.006346
2740.5,0.103757,0.006357
2741.5,0.103966,0.006368
2742.5,0.104176,0.006380
2743.5,0.104385,0.006391
2744.5,0.104595,0.006402
2745.5,0.104804,0.006413
2746.5,0.105013,0.006424
2747.5,0.105222,0.006435
2748.5,0.105430,0.006446
2749.5,0.105636,0.006456
2750.5,0.105842,0.006466
2751.5,0.106046,0.006476
2752.5,0.106249,0.006486
2753.5,0.106450,0.006495
2754.5,0.106649,0.006504
2755.5,0.106847,0.006513
2756.5,0.107042,0.006521
2757.5,0.107235,0.006529
2758.5,0.107425,0.006537
2759.5,0.107613,0.006544
2760.5,0.107799,0.006551
2761.5,0.107981,0.006558
2762.5,0.108161,0.006564
2763.5,0.108337,0.006569
2764.5,0.108511,0.006575
2765.5,0.108681,0.006579
2766.5,0.108848,0.006584
2767.5,0.109012,0.006588
2768.5,0.109172,0.006592
2769.5,0.109329,0.006595
2770.5,0.109483,0.006598
2771.5,0.109633,0.006600
2772.5,0.109779,0.006603
2773.5,0.109922,0.006604
2774.5,0.110062,0.006606
2775.5,0.110198,0.006607
2776.5,0.110330,0.006608
2777.5,0.110459,0.006608
2778.5,0.110585,0.006608
2779.5,0.110707,0.006608
2780.5,0.110826,0.006608
2781.5,0.110941,0.006607
2782.5,0.111053,0.006607
2783.5,0.111162,0.006606
2784.5,0.111267,0.006605
2785.5,0.111370,0.006604
2786.5,0.111469,0.006603
2787.5,0.111566,0.006601
2788.5,0.111659,0.006600
2789.5,0.111750,0.006599
2790.5,0.111838,0.006597
2791.5,0.111923,0.006596
2792.5,0.112005,0.006595
2793.5,0.112085,0.006594
2794.5,0.112162,0.006593
2795.5,0.112236,0.006593
2796.5,0.112308,0.006592
2797.5,0.112378,0.006592
2798.5,0.112445,0.006592
2799.5,0.112510,0.006592
2800.5,0.112573,0.006592
2801.5,0.112634,0.006593
2802.5,0.112692,0.006594
2803.5,0.112748,0.006595
2804.5,0.112802,0.006597
2805.5,0.112854,0.006598
2806.5,0.112903,0.006601
2807.5,0.112951,0.006603
2808.5,0.112996,0.006606
2809.5,0.113039,0.006609
2810.5,0.113080,0.006612
2811.5,0.113118,0.006616
2812.5,0.113154,0.006619
2813.5,0.113188,0.006623
2814.5,0.113220,0.006627
2815.5,0.113249,0.006631
2816.5,0.113275,0.006636
2817.5,0.113300,0.006640
2818.5,0.113321,0.006645
2819.5,0.113340,0.006649
2820.5,0.113356,0.006654
2821.5,0.113369,0.006659
2822.5,0.113379,0.006663
2823.5,0.113386,0.006667
2824.5,0.113391,0.006672
2825.5,0.113392,0.006676
2826.5,0.113389,0.006679
2827.5,0.113384,0.006683
2828.5,0.113375,0.006686
2829.5,0.113363,0.006689
2830.5,0.113347,0.006692
2831.5,0.113327,0.006694
2832.5,0.113304,0.006696
2833.5,0.113276,0.006698
2834.5,0.113245,0.006699
2835.5,0.113210,0.006699
2836.5,0.113171,0.006700
2837.5,0.113128,0.006699
2838.5,0.113081,0.006699
2839.5,0.113030,0.006697
2840.5,0.112975,0.006696
2841.5,0.112915,0.006693
2842.5,0.112851,0.006691
2843.5,0.112783,0.006687
2844.5,0.112711,0.006684
2845.5,0.112634,0.006679
2846.5,0.112554,0.006675
2847.5,0.112469,0.006670
2848.5,0.112379,0.006664
2849.5,0.112286,0.006658
2850.5,0.112188,0.006652
2851.5,0.112087,0.006645
2852.5,0.111981,0.006638
2853.5,0.111871,0.006630
2854.5,0.111758,0.006622
2855.5,0.111640,0.006614
2856.5,0.111519,0.006606
2857.5,0.111394,0.006597
2858.5,0.111265,0.006588
2859.5,0.111133,0.006579
2860.5,0.110998,0.006570
2861.5,0.110859,0.006561
2862.5,0.110717,0.006551
2863.5,0.110572,0.006541
2864.5,0.110424,0.006531
2865.5,0.110273,0.006521
2866.5,0.110120,0.006511
2867.5,0.109964,0.006501
2868.5,0.109806,0.006491
2869.5,0.109645,0.006481
2870.5,0.109483,0.006471
2871.5,0.109318,0.006461
2872.5,0.109151,0.006451
2873.5,0.108983,0.006441
2874.5,0.108814,0.006431
2875.5,0.108643,0.006421
2876.5,0.108470,0.006411
2877.5,0.108297,0.006401
2878.5,0.108122,0.006391
2879.5,0.107947,0.006382
2880.5,0.107772,0.006372
2881.5,0.107595,0.006363
2882.5,0.107419,0.006353
2883.5,0.107242,0.006344
2884.5,0.107065,0.006335
2885.5,0.106888,0.006326
2886.5,0.106712,0.006316
2887.5,0.106535,0.006308
2888.5,0.106359,0.006299
2889.5,0.106184,0.006290
2890.5,0.106009,0.006281
2891.5,0.105836,0.006273
2892.5,0.105663,0.006265
2893.5,0.105491,0.006256
2894.5,0.105321,0.006248
2895.5,0.105151,0.006240
2896.5,0.104983,0.006233
2897.5,0.104817,0.006225
2898.5,0.104652,0.006217
2899.5,0.104489,0.006210
2900.5,0.104328,0.006203
2901.5,0.104168,0.006196
2902.5,0.104010,0.006189
2903.5,0.103855,0.006182
2904.5,0.103701,0.006176
2905.5,0.103550,0.006170
2906.5,0.103401,0.006163
2907.5,0.103254,0.006157
2908.5,0.103110,0.006152
2909.5,0.102967,0.006146
2910.5,0.102828,0.006141
2911.5,0.102691,0.006135
2912.5,0.102556,0.006130
2913.5,0.102424,0.006126
2914.5,0.102295,0.006121
2915.5,0.102169,0.006117
2916.5,0.102045,0.006112
2917.5,0.101924,0.006108
2918.5,0.101806,0.006104
2919.5,0.101690,0.006101
2920.5,0.101578,0.006097
2921.5,0.101468,0.006094
2922.5,0.101361,0.006091
2923.5,0.101257,0.006088
2924.5,0.101157,0.006085
2925.5,0.101059,0.006083
2926.5,0.100964,0.006080
2927.5,0.100872,0.006078
2928.5,0.100782,0.006076
2929.5,0.100696,0.006074
2930.5,0.100613,0.006072
2931.5,0.100533,0.006070
2932.5,0.100456,0.006068
2933.5,0.100382,0.006066
2934.5,0.100311,0.006065
2935.5,0.100243,0.006063
2936.5,0.100177,0.006062
2937.5,0.100115,0.006061
2938.5,0.100056,0.006059
2939.5,0.099999,0.006058
2940.5,0.099946,0.006057
2941.5,0.099895,0.006056
2942.5,0.099848,0.006055
2943.5,0.099803,0.006053
2944.5,0.099761,0.006052
2945.5,0.099722,0.006051
2946.5,0.099685,0.006050
2947.5,0.099652,0.006049
2948.5,0.099621,0.006048
2949.5,0.099593,0.006047
2950.5,0.099568,0.006046
2951.5,0.099546,0.006045
2952.5,0.099526,0.006044
2953.5,0.099509,0.006042
2954.5,0.099495,0.006041
2955.5,0.099483,0.006040
2956.5,0.099474,0.006039
2957.5,0.099467,0.006038
2958.5,0.099463,0.006037
2959.5,0.099462,0.006036
2960.5,0.099463,0.006035
2961.5,0.099467,0.006034
2962.5,0.099473,0.006033
2963.5,0.099481,0.006033
2964.5,0.099492,0.006032
2965.5,0.099505,0.006031
2966.5,0.099521,0.006031
2967.5,0.099539,0.006030
2968.5,0.099560,0.006030
2969.5,0.099583,0.006029
2970.5,0.099608,0.006029
2971.5,0.099635,0.006029
2972.5,0.099665,0.006029
2973.5,0.099697,0.006029
2974.5,0.099731,0.006029
2975.5,0.099767,0.006030
2976.5,0.099806,0.006030
2977.5,0.099847,0.006031
2978.5,0.099890,0.006032
2979.5,0.099935,0.006032
2980.5,0.099982,0.006034
2981.5,0.100032,0.006035
2982.5,0.100084,0.006036
2983.5,0.100138,0.006038
2984.5,0.100194,0.006039
2985.5,0.100252,0.006041
2986.5,0.100312,0.006043
2987.5,0.100375,0.006045
2988.5,0.100439,0.006047
2989.5,0.100506,0.006049
2990.5,0.100575,0.006051
2991.5,0.100647,0.006053
2992.5,0.100720,0.006056
2993.5,0.100795,0.006058
2994.5,0.100873,0.006061
2995.5,0.100953,0.006063
2996.5,0.101036,0.006066
2997.5,0.101120,0.006069
2998.5,0.101207,0.006071
2999.5,0.101296,0.006074
3000.5,0.101387,0.006077
3001.5,0.101481,0.006079
3002.5,0.101577,0.006082
3003.5,0.101675,0.006085
3004.5,0.101776,0.006088
3005.5,0.101879,0.006090
3006.5,0.101984,0.006093
3007.5,0.102092,0.006096
3008.5,0.102202,0.006098
3009.5,0.102315,0.006101
3010.5,0.102430,0.006104
3011.5,0.102547,0.006106
3012.5,0.102667,0.006109
3013.5,0.102789,0.006112
3014.5,0.102914,0.006115
3015.5,0.103041,0.006118
3016.5,0.103170,0.006120
3017.5,0.103302,0.006123
3018.5,0.103436,0.006126
3019.5,0.103573,0.006130
3020.5,0.103711,0.006133
3021.5,0.103852,0.006136
3022.5,0.103996,0.006140
3023.5,0.104141,0.006144
3024.5,0.104288,0.006147
3025.5,0.104438,0.006152
3026.5,0.104589,0.006156
3027.5,0.104742,0.006160
3028.5,0.104897,0.006165
3029.5,0.105054,0.006170
3030.5,0.105212,0.006175
3031.5,0.105372,0.006181
3032.5,0.105533,0.006186
3033.5,0.105695,0.006192
3034.5,0.105859,0.006199
3035.5,0.106023,0.006205
3036.5,0.106189,0.006212
3037.5,0.106355,0.006219
3038.5,0.106521,0.006226
3039.5,0.106688,0.006234
3040.5,0.106855,0.006241
3041.5,0.107022,0.006249
3042.5,0.107189,0.006257
3043.5,0.107355,0.006266
3044.5,0.107521,0.006274
3045.5,0.107686,0.006283
3046.5,0.107850,0.006292
3047.5,0.108013,0.006301
3048.5,0.108174,0.006310
3049.5,0.108334,0.006319
3050.5,0.108491,0.006328
3051.5,0.108647,0.006338
3052.5,0.108800,0.006347
3053.5,0.108951,0.006356
3054.5,0.109098,0.006365
3055.5,0.109243,0.006374
3056.5,0.109385,0.006383
3057.5,0.109522,0.006391
3058.5,0.109656,0.006400
3059.5,0.109787,0.006408
3060.5,0.109912,0.006416
3061.5,0.110034,0.006423
3062.5,0.110150,0.006430
3063.5,0.110262,0.006437
3064.5,0.110369,0.006444
3065.5,0.110470,0.006450
3066.5,0.110566,0.006456
3067.5,0.110656,0.006461
3068.5,0.110740,0.006466
3069.5,0.110818,0.006470
3070.5,0.110889,0.006474
3071.5,0.110954,0.006477
3072.5,0.111013,0.006480
3073.5,0.111065,0.006483
3074.5,0.111110,0.006484
3075.5,0.111148,0.006486
3076.5,0.111178,0.006486
3077.5,0.111202,0.006487
3078.5,0.111218,0.006486
3079.5,0.111226,0.006485
3080.5,0.111227,0.006484
3081.5,0.111221,0.006482
3082.5,0.111207,0.006479
3083.5,0.111185,0.006477
3084.5,0.111155,0.006473
3085.5,0.111117,0.006469
3086.5,0.111072,0.006465
3087.5,0.111019,0.006460
3088.5,0.110958,0.006455
3089.5,0.110889,0.006449
3090.5,0.110813,0.006443
3091.5,0.110729,0.006437
3092.5,0.110637,0.006430
3093.5,0.110537,0.006423
3094.5,0.110430,0.006416
3095.5,0.110316,0.006408
3096.5,0.110194,0.006401
3097.5,0.110064,0.006392
3098.5,0.109928,0.006384
3099.5,0.109784,0.006376
3100.5,0.109634,0.006367
3101.5,0.109476,0.006358
3102.5,0.109312,0.006349
3103.5,0.109141,0.006340
3104.5,0.108964,0.006331
3105.5,0.108781,0.006321
3106.5,0.108591,0.006312
3107.5,0.108396,0.006302
3108.5,0.108194,0.006293
3109.5,0.107987,0.006283
3110.5,0.107775,0.006273
3111.5,0.107557,0.006263
3112.5,0.107334,0.006253
3113.5,0.107107,0.006244
3114.5,0.106874,0.006234
3115.5,0.106637,0.006224
3116.5,0.106396,0.006213
3117.5,0.106151,0.006203
3118.5,0.105902,0.006193
3119.5,0.105649,0.006183
3120.5,0.105393,0.006173
3121.5,0.105133,0.006162
3122.5,0.104871,0.006152
3123.5,0.104605,0.006141
3124.5,0.104338,0.006131
3125.5,0.104067,0.006120
3126.5,0.103795,0.006109
3127.5,0.103521,0.006099
3128.5,0.103245,0.006088
3129.5,0.102967,0.006077
3130.5,0.102689,0.006066
3131.5,0.102409,0.006055
3132.5,0.102129,0.006044
3133.5,0.101847,0.006032
3134.5,0.101566,0.006021
3135.5,0.101285,0.006010
3136.5,0.101003,0.005998
3137.5,0.100722,0.005987
3138.5,0.100442,0.005975
3139.5,0.100162,0.005964
3140.5,0.099883,0.005952
3141.5,0.099605,0.005941
3142.5,0.099329,0.005929
3143.5,0.099054,0.005918
3144.5,0.098781,0.005906
3145.5,0.098511,0.005895
3146.5,0.098242,0.005883
3147.5,0.097976,0.005872
3148.5,0.097712,0.005861
3149.5,0.097451,0.005850
3150.5,0.097193,0.005839
3151.5,0.096938,0.005828
3152.5,0.096687,0.005818
3153.5,0.096439,0.005807
3154.5,0.096194,0.005797
3155.5,0.095954,0.005787
3156.5,0.095717,0.005777
3157.5,0.095485,0.005768
3158.5,0.095257,0.005759
3159.5,0.095033,0.005750
3160.5,0.094814,0.005741
3161.5,0.094599,0.005733
3162.5,0.094389,0.005725
3163.5,0.094184,0.005718
3164.5,0.093984,0.005710
3165.5,0.093789,0.005704
3166.5,0.093600,0.005697
3167.5,0.093416,0.005691
3168.5,0.093237,0.005685
3169.5,0.093063,0.005680
3170.5,0.092895,0.005675
3171.5,0.092733,0.005670
3172.5,0.092576,0.005666
3173.5,0.092425,0.005662
3174.5,0.092280,0.005658
3175.5,0.092141,0.005655
3176.5,0.092008,0.005652
3177.5,0.091880,0.005649
3178.5,0.091759,0.005646
3179.5,0.091643,0.005644
3180.5,0.091533,0.005642
3181.5,0.091430,0.005640
3182.5,0.091332,0.005639
3183.5,0.091241,0.005637
3184.5,0.091155,0.005636
3185.5,0.091076,0.005635
3186.5,0.091003,0.005634
3187.5,0.090936,0.005634
3188.5,0.090875,0.005633
3189.5,0.090819,0.005632
3190.5,0.090771,0.005632
3191.5,0.090728,0.005631
3192.5,0.090691,0.005631
3193.5,0.090660,0.005630
3194.5,0.090635,0.005630
3195.5,0.090616,0.005629
3196.5,0.090604,0.005629
3197.5,0.090597,0.005628
3198.5,0.090596,0.005628
3199.5,0.090601,0.005627
3200.5,0.090612,0.005626
3201.5,0.090630,0.005626
3202.5,0.090652,0.005625
3203.5,0.090681,0.005624
3204.5,0.090716,0.005623
3205.5,0.090757,0.005622
3206.5,0.090803,0.005621
3207.5,0.090855,0.005620
3208.5,0.090913,0.005618
3209.5,0.090977,0.005617
3210.5,0.091047,0.005616
3211.5,0.091122,0.005615
3212.5,0.091203,0.005614
3213.5,0.091289,0.005613
3214.5,0.091381,0.005612
3215.5,0.091479,0.005611
3216.5,0.091582,0.005610
3217.5,0.091691,0.005609
3218.5,0.091805,0.005609
3219.5,0.091924,0.005608
3220.5,0.092049,0.005608
3221.5,0.092179,0.005608
3222.5,0.092314,0.005608
3223.5,0.092454,0.005609
3224.5,0.092599,0.005610
3225.5,0.092749,0.005611
3226.5,0.092903,0.005613
3227.5,0.093063,0.005615
3228.5,0.093227,0.005617
3229.5,0.093395,0.005620
3230.5,0.093568,0.005623
3231.5,0.093744,0.005627
3232.5,0.093925,0.005631
3233.5,0.094110,0.005636
3234.5,0.094299,0.005641
3235.5,0.094491,0.005647
3236.5,0.094686,0.005653
3237.5,0.094885,0.005660
3238.5,0.095086,0.005667
3239.5,0.095291,0.005675
3240.5,0.095497,0.005683
3241.5,0.095707,0.005692
3242.5,0.095918,0.005702
3243.5,0.096131,0.005711
3244.5,0.096346,0.005722
3245.5,0.096563,0.005732
3246.5,0.096780,0.005744
3247.5,0.096999,0.005755
3248.5,0.097218,0.005767
3249.5,0.097437,0.005780
3250.5,0.097656,0.005792
3251.5,0.097876,0.005805
3252.5,0.098094,0.005818
3253.5,0.098312,0.005832
3254.5,0.098529,0.005846
3255.5,0.098745,0.005860
3256.5,0.098958,0.005874
3257.5,0.099170,0.005888
3258.5,0.099380,0.005902
3259.5,0.099587,0.005916
3260.5,0.099791,0.005930
3261.5,0.099992,0.005944
3262.5,0.100190,0.005958
3263.5,0.100384,0.005972
3264.5,0.100574,0.005986
3265.5,0.100759,0.005999
3266.5,0.100941,0.006012
3267.5,0.101117,0.006025
3268.5,0.101289,0.006037
3269.5,0.101455,0.006050
3270.5,0.101616,0.006061
3271.5,0.101771,0.006073
3272.5,0.101920,0.006083
3273.5,0.102062,0.006094
3274.5,0.102199,0.006103
3275.5,0.102329,0.006113
3276.5,0.102452,0.006121
3277.5,0.102569,0.006129
3278.5,0.102678,0.006137
3279.5,0.102781,0.006144
3280.5,0.102876,0.006150
3281.5,0.102964,0.006155
3282.5,0.103044,0.006160
3283.5,0.103117,0.006165
3284.5,0.103182,0.006168
3285.5,0.103240,0.006171
3286.5,0.103290,0.006173
3287.5,0.103332,0.006175
3288.5,0.103367,0.006176
3289.5,0.103393,0.006176
3290.5,0.103413,0.006176
3291.5,0.103424,0.006175
3292.5,0.103428,0.006173
3293.5,0.103424,0.006171
3294.5,0.103413,0.006168
3295.5,0.103395,0.006165
3296.5,0.103369,0.006161
3297.5,0.103335,0.006157
3298.5,0.103295,0.006152
3299.5,0.103248,0.006147
3300.5,0.103194,0.006141
3301.5,0.103133,0.006135
3302.5,0.103065,0.006129
3303.5,0.102991,0.006122
3304.5,0.102911,0.006115
3305.5,0.102825,0.006107
3306.5,0.102732,0.006100
3307.5,0.102634,0.006092
3308.5,0.102531,0.006083
3309.5,0.102421,0.006075
3310.5,0.102307,0.006067
3311.5,0.102188,0.006058
3312.5,0.102064,0.006049
3313.5,0.101935,0.006041
3314.5,0.101802,0.006032
3315.5,0.101664,0.006023
3316.5,0.101523,0.006014
3317.5,0.101377,0.006006
3318.5,0.101228,0.005997
3319.5,0.101075,0.005988
3320.5,0.100920,0.005979
3321.5,0.100761,0.005971
3322.5,0.100599,0.005962
3323.5,0.100434,0.005954
3324.5,0.100267,0.005946
3325.5,0.100097,0.005938
3326.5,0.099925,0.005930
3327.5,0.099751,0.005922
3328.5,0.099576,0.005914
3329.5,0.099398,0.005906
3330.5,0.099219,0.005899
3331.5,0.099039,0.005892
3332.5,0.098857,0.005884
3333.5,0.098674,0.005877
3334.5,0.098490,0.005870
3335.5,0.098305,0.005863
3336.5,0.098120,0.005856
3337.5,0.097934,0.005849
3338.5,0.097747,0.005842
3339.5,0.097560,0.005836
3340.5,0.097373,0.005829
3341.5,0.097186,0.005822
3342.5,0.096999,0.005816
3343.5,0.096811,0.005809
3344.5,0.096624,0.005802
3345.5,0.096437,0.005796
3346.5,0.096251,0.005789
3347.5,0.096065,0.005782
3348.5,0.095880,0.005775
3349.5,0.095695,0.005769
3350.5,0.095511,0.005762
3351.5,0.095328,0.005755
3352.5,0.095146,0.005748
3353.5,0.094965,0.005740
3354.5,0.094784,0.005733
3355.5,0.094606,0.005726
3356.5,0.094428,0.005718
3357.5,0.094252,0.005711
3358.5,0.094077,0.005703
3359.5,0.093903,0.005695
3360.5,0.093732,0.005687
3361.5,0.093562,0.005679
3362.5,0.093393,0.005671
3363.5,0.093227,0.005662
3364.5,0.093063,0.005654
3365.5,0.092900,0.005646
3366.5,0.092740,0.005637
3367.5,0.092582,0.005629
3368.5,0.092426,0.005620
3369.5,0.092273,0.005611
3370.5,0.092122,0.005602
3371.5,0.091974,0.005594
3372.5,0.091829,0.005585
3373.5,0.091686,0.005576
3374.5,0.091546,0.005567
3375.5,0.091409,0.005559
3376.5,0.091275,0.005550
3377.5,0.091144,0.005541
3378.5,0.091017,0.005533
3379.5,0.090892,0.005524
3380.5,0.090772,0.005516
3381.5,0.090654,0.005508
3382.5,0.090540,0.005500
3383.5,0.090430,0.005492
3384.5,0.090323,0.005484
3385.5,0.090221,0.005477
3386.5,0.090122,0.005470
3387.5,0.090027,0.005463
3388.5,0.089935,0.005456
3389.5,0.089849,0.005449
3390.5,0.089766,0.005443
3391.5,0.089687,0.005437
3392.5,0.089612,0.005431
3393.5,0.089542,0.005426
3394.5,0.089476,0.005420
3395.5,0.089415,0.005416
3396.5,0.089358,0.005411
3397.5,0.089305,0.005407
3398.5,0.089256,0.005403
3399.5,0.089213,0.005400
3400.5,0.089173,0.005396
3401.5,0.089138,0.005393
3402.5,0.089108,0.005391
3403.5,0.089082,0.005389
3404.5,0.089061,0.005387
3405.5,0.089044,0.005385
3406.5,0.089031,0.005384
3407.5,0.089023,0.005383
3408.5,0.089020,0.005382
3409.5,0.089020,0.005382
3410.5,0.089025,0.005382
3411.5,0.089035,0.005382
3412.5,0.089048,0.005383
3413.5,0.089066,0.005384
3414.5,0.089088,0.005385
3415.5,0.089114,0.005386
3416.5,0.089144,0.005388
3417.5,0.089178,0.005390
3418.5,0.089216,0.005392
3419.5,0.089258,0.005394
3420.5,0.089303,0.005396
3421.5,0.089352,0.005399
3422.5,0.089405,0.005402
3423.5,0.089461,0.005405
3424.5,0.089520,0.005408
3425.5,0.089582,0.005411
3426.5,0.089648,0.005415
3427.5,0.089717,0.005418
3428.5,0.089788,0.005422
3429.5,0.089863,0.005425
3430.5,0.089940,0.005429
3431.5,0.090020,0.005433
3432.5,0.090102,0.005437
3433.5,0.090187,0.005441
3434.5,0.090274,0.005445
3435.5,0.090363,0.005449
3436.5,0.090454,0.005454
3437.5,0.090547,0.005458
3438.5,0.090642,0.005462
3439.5,0.090739,0.005467
3440.5,0.090837,0.005471
3441.5,0.090937,0.005476
3442.5,0.091038,0.005480
3443.5,0.091141,0.005485
3444.5,0.091245,0.005489
3445.5,0.091349,0.005494
3446.5,0.091455,0.005499
3447.5,0.091562,0.005504
3448.5,0.091669,0.005508
3449.5,0.091777,0.005513
3450.5,0.091886,0.005518
3451.5,0.091995,0.005523
3452.5,0.092105,0.005528
3453.5,0.092215,0.005532
3454.5,0.092325,0.005537
3455.5,0.092435,0.005542
3456.5,0.092546,0.005547
3457.5,0.092656,0.005552
3458.5,0.092767,0.005557
3459.5,0.092877,0.005562
3460.5,0.092987,0.005567
3461.5,0.093097,0.005572
3462.5,0.093207,0.005577
3463.5,0.093316,0.005582
3464.5,0.093425,0.005587
3465.5,0.093534,0.005592
3466.5,0.093642,0.005597
3467.5,0.093749,0.005602
3468.5,0.093856,0.005607
3469.5,0.093962,0.005611
3470.5,0.094068,0.005616
3471.5,0.094173,0.005621
3472.5,0.094277,0.005626
3473.5,0.094381,0.005630
3474.5,0.094483,0.005635
3475.5,0.094586,0.005640
3476.5,0.094687,0.005644
3477.5,0.094787,0.005649
3478.5,0.094887,0.005653
3479.5,0.094986,0.005657
3480.5,0.095084,0.005661
3481.5,0.095182,0.005666
3482.5,0.095278,0.005670
3483.5,0.095374,0.005674
3484.5,0.095469,0.005677
3485.5,0.095564,0.005681
3486.5,0.095657,0.005685
3487.5,0.095750,0.005688
3488.5,0.095842,0.005692
3489.5,0.095933,0.005695
3490.5,0.096024,0.005698
3491.5,0.096114,0.005701
3492.5,0.096203,0.005704
3493.5,0.096292,0.005707
3494.5,0.096380,0.005710
3495.5,0.096467,0.005713
3496.5,0.096554,0.005715
3497.5,0.096641,0.005718
3498.5,0.096727,0.005720
3499.5,0.096812,0.005723
3500.5,0.096898,0.005725
3501.5,0.096982,0.005727
3502.5,0.097067,0.005729
3503.5,0.097151,0.005731
3504.5,0.097234,0.005734
3505.5,0.097318,0.005735
3506.5,0.097401,0.005737
3507.5,0.097484,0.005739
3508.5,0.097567,0.005741
3509.5,0.097650,0.005743
3510.5,0.097732,0.005745
3511.5,0.097815,0.005746
3512.5,0.097898,0.005748
3513.5,0.097980,0.005750
3514.5,0.098063,0.005752
3515.5,0.098145,0.005753
3516.5,0.098228,0.005755
3517.5,0.098311,0.005757
3518.5,0.098394,0.005759
3519.5,0.098477,0.005761
3520.5,0.098560,0.005762
3521.5,0.098643,0.005764
3522.5,0.098727,0.005766
3523.5,0.098810,0.005768
3524.5,0.098894,0.005770
3525.5,0.098978,0.005773
3526.5,0.099062,0.005775
3527.5,0.099147,0.005777
3528.5,0.099231,0.005780
3529.5,0.099316,0.005782
3530.5,0.099401,0.005785
3531.5,0.099486,0.005787
3532.5,0.099571,0.005790
3533.5,0.099657,0.005793
3534.5,0.099742,0.005796
3535.5,0.099827,0.005799
3536.5,0.099913,0.005802
3537.5,0.099998,0.005805
3538.5,0.100083,0.005809
3539.5,0.100168,0.005812
3540.5,0.100253,0.005816
3541.5,0.100338,0.005820
3542.5,0.100422,0.005824
3543.5,0.100506,0.005828
3544.5,0.100590,0.005832
3545.5,0.100673,0.005836
3546.5,0.100755,0.005841
3547.5,0.100837,0.005845
3548.5,0.100918,0.005850
3549.5,0.100998,0.005855
3550.5,0.101077,0.005860
3551.5,0.101155,0.005865
3552.5,0.101232,0.005870
3553.5,0.101308,0.005875
3554.5,0.101382,0.005881
3555.5,0.101455,0.005886
3556.5,0.101526,0.005892
3557.5,0.101596,0.005897
3558.5,0.101664,0.005903
3559.5,0.101730,0.005909
3560.5,0.101794,0.005915
3561.5,0.101856,0.005920
3562.5,0.101915,0.005926
3563.5,0.101972,0.005932
3564.5,0.102027,0.005938
3565.5,0.102079,0.005944
3566.5,0.102129,0.005950
3567.5,0.102175,0.005955
3568.5,0.102219,0.005961
3569.5,0.102259,0.005967
3570.5,0.102297,0.005972
3571.5,0.102331,0.005977
3572.5,0.102362,0.005983
3573.5,0.102389,0.005988
3574.5,0.102413,0.005992
3575.5,0.102433,0.005997
3576.5,0.102449,0.006001
3577.5,0.102462,0.006006
3578.5,0.102470,0.006010
3579.5,0.102475,0.006013
3580.5,0.102476,0.006017
3581.5,0.102472,0.006020
3582.5,0.102465,0.006022
3583.5,0.102453,0.006025
3584.5,0.102437,0.006027
3585.5,0.102417,0.006029
3586.5,0.102392,0.006030
3587.5,0.102364,0.006031
3588.5,0.102331,0.006031
3589.5,0.102294,0.006031
3590.5,0.102252,0.006031
3591.5,0.102207,0.006030
3592.5,0.102157,0.006029
3593.5,0.102103,0.006027
3594.5,0.102045,0.006025
3595.5,0.101983,0.006022
3596.5,0.101917,0.006019
3597.5,0.101847,0.006015
3598.5,0.101774,0.006011
3599.5,0.101696,0.006006
3600.5,0.101616,0.006001
3601.5,0.101532,0.005996
3602.5,0.101444,0.005990
3603.5,0.101353,0.005984
3604.5,0.101260,0.005977
3605.5,0.101163,0.005970
3606.5,0.101064,0.005962
3607.5,0.100963,0.005954
3608.5,0.100859,0.005946
3609.5,0.100752,0.005937
3610.5,0.100644,0.005928
3611.5,0.100534,0.005918
3612.5,0.100423,0.005909
3613.5,0.100310,0.005899
3614.5,0.100196,0.005888
3615.5,0.100081,0.005878
3616.5,0.099966,0.005867
3617.5,0.099850,0.005857
3618.5,0.099734,0.005846
3619.5,0.099618,0.005834
3620.5,0.099502,0.005823
3621.5,0.099387,0.005812
3622.5,0.099272,0.005801
3623.5,0.099159,0.005789
3624.5,0.099046,0.005778
3625.5,0.098935,0.005767
3626.5,0.098826,0.005756
3627.5,0.098719,0.005745
3628.5,0.098613,0.005734
3629.5,0.098511,0.005723
3630.5,0.098411,0.005713
3631.5,0.098313,0.005702
3632.5,0.098219,0.005692
3633.5,0.098128,0.005682
3634.5,0.098041,0.005673
3635.5,0.097957,0.005663
3636.5,0.097877,0.005655
3637.5,0.097802,0.005646
3638.5,0.097730,0.005638
3639.5,0.097663,0.005630
3640.5,0.097601,0.005623
3641.5,0.097543,0.005616
3642.5,0.097490,0.005609
3643.5,0.097443,0.005603
3644.5,0.097400,0.005597
3645.5,0.097363,0.005592
3646.5,0.097331,0.005588
3647.5,0.097305,0.005583
3648.5,0.097284,0.005580
3649.5,0.097269,0.005576
3650.5,0.097259,0.005574
3651.5,0.097256,0.005572
3652.5,0.097258,0.005570
3653.5,0.097266,0.005569
3654.5,0.097280,0.005568
3655.5,0.097300,0.005568
3656.5,0.097325,0.005568
3657.5,0.097357,0.005569
3658.5,0.097394,0.005570
3659.5,0.097437,0.005572
3660.5,0.097486,0.005574
3661.5,0.097541,0.005576
3662.5,0.097601,0.005579
3663.5,0.097667,0.005583
3664.5,0.097738,0.005587
3665.5,0.097815,0.005591
3666.5,0.097897,0.005596
3667.5,0.097984,0.005601
3668.5,0.098076,0.005606
3669.5,0.098172,0.005612
3670.5,0.098274,0.005618
3671.5,0.098380,0.005625
3672.5,0.098490,0.005631
3673.5,0.098605,0.005639
3674.5,0.098723,0.005646
3675.5,0.098846,0.005654
3676.5,0.098972,0.005662
3677.5,0.099101,0.005670
3678.5,0.099234,0.005678
3679.5,0.099370,0.005687
3680.5,0.099508,0.005696
3681.5,0.099649,0.005705
3682.5,0.099793,0.005715
3683.5,0.099938,0.005724
3684.5,0.100086,0.005734
3685.5,0.100235,0.005744
3686.5,0.100385,0.005754
3687.5,0.100537,0.005764
3688.5,0.100689,0.005774
3689.5,0.100842,0.005784
3690.5,0.100996,0.005795
3691.5,0.101150,0.005805
3692.5,0.101304,0.005816
3693.5,0.101457,0.005826
3694.5,0.101610,0.005837
3695.5,0.101762,0.005847
3696.5,0.101914,0.005858
3697.5,0.102064,0.005869
3698.5,0.102212,0.005879
3699.5,0.102359,0.005890
3700.5,0.102504,0.005900
3701.5,0.102647,0.005910
3702.5,0.102788,0.005921
3703.5,0.102926,0.005931
3704.5,0.103062,0.005941
3705.5,0.103194,0.005950
3706.5,0.103324,0.005960
3707.5,0.103450,0.005970
3708.5,0.103573,0.005979
3709.5,0.103692,0.005988
3710.5,0.103808,0.005997
3711.5,0.103920,0.006005
3712.5,0.104028,0.006014
3713.5,0.104131,0.006022
3714.5,0.104231,0.006029
3715.5,0.104326,0.006037
3716.5,0.104417,0.006044
3717.5,0.104504,0.006051
3718.5,0.104586,0.006057
3719.5,0.104663,0.006063
3720.5,0.104736,0.006069
3721.5,0.104804,0.006074
3722.5,0.104867,0.006079
3723.5,0.104926,0.006083
3724.5,0.104980,0.006087
3725.5,0.105029,0.006091
3726.5,0.105073,0.006094
3727.5,0.105113,0.006097
3728.5,0.105148,0.006099
3729.5,0.105179,0.006101
3730.5,0.105205,0.006102
3731.5,0.105226,0.006103
3732.5,0.105243,0.006104
3733.5,0.105256,0.006104
3734.5,0.105265,0.006103
3735.5,0.105269,0.006103
3736.5,0.105269,0.006101
3737.5,0.105266,0.006100
3738.5,0.105259,0.006097
3739.5,0.105248,0.006095
3740.5,0.105234,0.006092
3741.5,0.105217,0.006088
3742.5,0.105196,0.006085
3743.5,0.105173,0.006080
3744.5,0.105146,0.006076
3745.5,0.105117,0.006071
3746.5,0.105086,0.006066
3747.5,0.105052,0.006060
3748.5,0.105016,0.006054
3749.5,0.104979,0.006048
3750.5,0.104939,0.006042
3751.5,0.104899,0.006035
3752.5,0.104857,0.006028
3753.5,0.104814,0.006021
3754.5,0.104770,0.006014
3755.5,0.104725,0.006007
3756.5,0.104680,0.005999
3757.5,0.104634,0.005991
3758.5,0.104589,0.005984
3759.5,0.104544,0.005976
3760.5,0.104499,0.005968
3761.5,0.104454,0.005960
3762.5,0.104411,0.005952
3763.5,0.104368,0.005944
3764.5,0.104326,0.005936
3765.5,0.104286,0.005928
3766.5,0.104247,0.005921
3767.5,0.104209,0.005913
3768.5,0.104174,0.005905
3769.5,0.104140,0.005898
3770.5,0.104108,0.005891
3771.5,0.104079,0.005883
3772.5,0.104052,0.005877
3773.5,0.104028,0.005870
3774.5,0.104006,0.005863
3775.5,0.103987,0.005857
3776.5,0.103971,0.005851
3777.5,0.103958,0.005845
3778.5,0.103947,0.005839
3779.5,0.103940,0.005834
3780.5,0.103937,0.005829
3781.5,0.103936,0.005824
3782.5,0.103939,0.005819
3783.5,0.103946,0.005815
3784.5,0.103956,0.005811
3785.5,0.103969,0.005808
3786.5,0.103986,0.005804
3787.5,0.104007,0.005801
3788.5,0.104031,0.005799
3789.5,0.104059,0.005796
3790.5,0.104090,0.005794
3791.5,0.104125,0.005792
3792.5,0.104164,0.005791
3793.5,0.104206,0.005790
3794.5,0.104252,0.005789
3795.5,0.104301,0.005788
3796.5,0.104354,0.005788
3797.5,0.104410,0.005788
3798.5,0.104470,0.005788
3799.5,0.104533,0.005789
3800.5,0.104600,0.005789
3801.5,0.104669,0.005790
3802.5,0.104742,0.005791
3803.5,0.104818,0.005793
3804.5,0.104896,0.005795
3805.5,0.104978,0.005796
3806.5,0.105063,0.005799
3807.5,0.105150,0.005801
3808.5,0.105240,0.005803
3809.5,0.105333,0.005806
3810.5,0.105428,0.005808
3811.5,0.105526,0.005811
3812.5,0.105625,0.005814
3813.5,0.105727,0.005817
3814.5,0.105831,0.005821
3815.5,0.105938,0.005824
3816.5,0.106045,0.005827
3817.5,0.106155,0.005831
3818.5,0.106267,0.005834
3819.5,0.106380,0.005838
3820.5,0.106494,0.005842
3821.5,0.106610,0.005845
3822.5,0.106727,0.005849
3823.5,0.106845,0.005853
3824.5,0.106964,0.005856
3825.5,0.107084,0.005860
3826.5,0.107205,0.005864
3827.5,0.107327,0.005868
3828.5,0.107449,0.005871
3829.5,0.107572,0.005875
3830.5,0.107695,0.005879
3831.5,0.107819,0.005882
3832.5,0.107943,0.005886
3833.5,0.108067,0.005890
3834.5,0.108191,0.005893
3835.5,0.108315,0.005897
3836.5,0.108439,0.005900
3837.5,0.108563,0.005904
3838.5,0.108686,0.005907
3839.5,0.108809,0.005911
3840.5,0.108932,0.005914
3841.5,0.109054,0.005917
3842.5,0.109176,0.005921
3843.5,0.109297,0.005924
3844.5,0.109417,0.005927
3845.5,0.109536,0.005931
3846.5,0.109654,0.005934
3847.5,0.109772,0.005937
3848.5,0.109888,0.005940
3849.5,0.110003,0.005944
3850.5,0.110117,0.005947
3851.5,0.110230,0.005950
3852.5,0.110341,0.005953
3853.5,0.110451,0.005956
3854.5,0.110560,0.005960
3855.5,0.110667,0.005963
3856.5,0.110773,0.005966
3857.5,0.110877,0.005969
3858.5,0.110980,0.005973
3859.5,0.111080,0.005976
3860.5,0.111179,0.005979
3861.5,0.111276,0.005983
3862.5,0.111372,0.005986
3863.5,0.111465,0.005989
3864.5,0.111557,0.005993
3865.5,0.111646,0.005996
3866.5,0.111733,0.006000
3867.5,0.111819,0.006003
3868.5,0.111902,0.006006
3869.5,0.111983,0.006010
3870.5,0.112062,0.006013
3871.5,0.112138,0.006016
3872.5,0.112213,0.006020
3873.5,0.112285,0.006023
3874.5,0.112354,0.006026
3875.5,0.112422,0.006030
3876.5,0.112486,0.006033
3877.5,0.112549,0.006036
3878.5,0.112609,0.006039
3879.5,0.112666,0.006042
3880.5,0.112721,0.006045
3881.5,0.112773,0.006048
3882.5,0.112823,0.006051
3883.5,0.112870,0.006054
3884.5,0.112914,0.006056
3885.5,0.112956,0.006059
3886.5,0.112995,0.006061
3887.5,0.113031,0.006063
3888.5,0.113065,0.006066
3889.5,0.113096,0.006068
3890.5,0.113124,0.006069
3891.5,0.113149,0.006071
3892.5,0.113172,0.006073
3893.5,0.113192,0.006074
3894.5,0.113209,0.006075
3895.5,0.113223,0.006076
3896.5,0.113235,0.006077
3897.5,0.113243,0.006078
3898.5,0.113249,0.006079
3899.5,0.113252,0.006079
3900.5,0.113252,0.006079
3901.5,0.113249,0.006080
3902.5,0.113244,0.006080
3903.5,0.113235,0.006079
3904.5,0.113224,0.006079
3905.5,0.113210,0.006079
3906.5,0.113193,0.006078
3907.5,0.113173,0.006077
3908.5,0.113150,0.006077
3909.5,0.113125,0.006076
3910.5,0.113096,0.006075
3911.5,0.113065,0.006073
3912.5,0.113031,0.006072
3913.5,0.112994,0.006071
3914.5,0.112954,0.006070
3915.5,0.112911,0.006068
3916.5,0.112865,0.006067
3917.5,0.112817,0.006065
3918.5,0.112766,0.006064
3919.5,0.112711,0.006062
3920.5,0.112654,0.006061
3921.5,0.112595,0.006059
3922.5,0.112532,0.006058
3923.5,0.112466,0.006056
3924.5,0.112398,0.006055
3925.5,0.112326,0.006053
3926.5,0.112252,0.006052
3927.5,0.112175,0.006051
3928.5,0.112095,0.006049
3929.5,0.112012,0.006048
3930.5,0.111926,0.006047
3931.5,0.111837,0.006046
3932.5,0.111745,0.006045
3933.5,0.111651,0.006044
3934.5,0.111553,0.006043
3935.5,0.111453,0.006042
3936.5,0.111350,0.006041
3937.5,0.111243,0.006040
3938.5,0.111134,0.006039
3939.5,0.111022,0.006039
3940.5,0.110906,0.006038
3941.5,0.110788,0.006037
3942.5,0.110667,0.006037
3943.5,0.110543,0.006036
3944.5,0.110416,0.006035
3945.5,0.110286,0.006035
3946.5,0.110153,0.006034
3947.5,0.110017,0.006033
3948.5,0.109878,0.006032
3949.5,0.109737,0.006032
3950.5,0.109592,0.006031
3951.5,0.109444,0.006030
3952.5,0.109294,0.006028
3953.5,0.109140,0.006027
3954.5,0.108984,0.006026
3955.5,0.108825,0.006024
3956.5,0.108663,0.006023
3957.5,0.108498,0.006021
3958.5,0.108331,0.006019
3959.5,0.108161,0.006017
3960.5,0.107988,0.006014
3961.5,0.107813,0.006012
3962.5,0.107635,0.006009
3963.5,0.107454,0.006006
3964.5,0.107271,0.006002
3965.5,0.107085,0.005999
3966.5,0.106898,0.005995
3967.5,0.106707,0.005991
3968.5,0.106515,0.005987
3969.5,0.106321,0.005982
3970.5,0.106124,0.005977
3971.5,0.105926,0.005972
3972.5,0.105725,0.005966
3973.5,0.105523,0.005961
3974.5,0.105319,0.005955
3975.5,0.105114,0.005948
3976.5,0.104907,0.005942
3977.5,0.104698,0.005935
3978.5,0.104488,0.005928
3979.5,0.104278,0.005920
3980.5,0.104066,0.005913
3981.5,0.103853,0.005905
3982.5,0.103639,0.005897
3983.5,0.103425,0.005888
3984.5,0.103210,0.005880
3985.5,0.102995,0.005871
3986.5,0.102780,0.005862
3987.5,0.102564,0.005853
3988.5,0.102349,0.005844
3989.5,0.102134,0.005834
3990.5,0.101919,0.005825
3991.5,0.101704,0.005815
3992.5,0.101490,0.005805
3993.5,0.101277,0.005795
3994.5,0.101065,0.005786
3995.5,0.100854,0.005776
3996.5,0.100644,0.005766
3997.5,0.100436,0.005756
3998.5,0.100229,0.005745
3999.5,0.100024,0.005735
4000.5,0.099820,0.005725
4001.5,0.099619,0.005715
4002.5,0.099420,0.005706
4003.5,0.099223,0.005696
4004.5,0.099028,0.005686
4005.5,0.098836,0.005676
4006.5,0.098647,0.005667
4007.5,0.098461,0.005657
4008.5,0.098278,0.005648
4009.5,0.098097,0.005639
4010.5,0.097921,0.005630
4011.5,0.097747,0.005622
4012.5,0.097577,0.005613
4013.5,0.097411,0.005605
4014.5,0.097248,0.005597
4015.5,0.097090,0.005589
4016.5,0.096935,0.005581
4017.5,0.096785,0.005574
4018.5,0.096638,0.005566
4019.5,0.096496,0.005560
4020.5,0.096359,0.005553
4021.5,0.096225,0.005546
4022.5,0.096097,0.005540
4023.5,0.095973,0.005534
4024.5,0.095853,0.005529
4025.5,0.095739,0.005524
4026.5,0.095629,0.005518
4027.5,0.095524,0.005514
4028.5,0.095423,0.005509
4029.5,0.095328,0.005505
4030.5,0.095238,0.005501
4031.5,0.095153,0.005497
4032.5,0.095073,0.005494
4033.5,0.094997,0.005491
4034.5,0.094927,0.005488
4035.5,0.094862,0.005486
4036.5,0.094802,0.005483
4037.5,0.094747,0.005481
4038.5,0.094697,0.005480
4039.5,0.094652,0.005478
4040.5,0.094612,0.005477
4041.5,0.094577,0.005476
4042.5,0.094547,0.005475
4043.5,0.094522,0.005475
4044.5,0.094502,0.005475
4045.5,0.094486,0.005475
4046.5,0.094475,0.005475
4047.5,0.094469,0.005476
4048.5,0.094468,0.005476
4049.5,0.094471,0.005477
4050.5,0.094479,0.005478
4051.5,0.094491,0.005480
4052.5,0.094507,0.005481
4053.5,0.094528,0.005483
4054.5,0.094552,0.005485
4055.5,0.094581,0.005487
4056.5,0.094614,0.005489
4057.5,0.094651,0.005492
4058.5,0.094692,0.005494
4059.5,0.094736,0.005497
4060.5,0.094784,0.005500
4061.5,0.094836,0.005502
4062.5,0.094891,0.005505
4063.5,0.094949,0.005509
4064.5,0.095010,0.005512
4065.5,0.095075,0.005515
4066.5,0.095143,0.005518
4067.5,0.095213,0.005522
4068.5,0.095287,0.005525
4069.5,0.095363,0.005529
4070.5,0.095441,0.005532
4071.5,0.095522,0.005536
4072.5,0.095606,0.005540
4073.5,0.095691,0.005543
4074.5,0.095779,0.005547
4075.5,0.095869,0.005550
4076.5,0.095961,0.005554
4077.5,0.096054,0.005557
4078.5,0.096150,0.005561
4079.5,0.096247,0.005564
4080.5,0.096346,0.005568
4081.5,0.096446,0.005571
4082.5,0.096547,0.005574
4083.5,0.096650,0.005578
4084.5,0.096753,0.005581
4085.5,0.096858,0.005584
4086.5,0.096964,0.005587
4087.5,0.097071,0.005590
4088.5,0.097179,0.005592
4089.5,0.097287,0.005595
4090.5,0.097396,0.005598
4091.5,0.097505,0.005600
4092.5,0.097616,0.005602
4093.5,0.097726,0.005605
4094.5,0.097837,0.005607
4095.5,0.097948,0.005609
4096.5,0.098060,0.005611
4097.5,0.098172,0.005613
4098.5,0.098283,0.005614
4099.5,0.098395,0.005616
4100.5,0.098507,0.005618
4101.5,0.098619,0.005619
4102.5,0.098731,0.005621
4103.5,0.098842,0.005622
4104.5,0.098954,0.005623
4105.5,0.099065,0.005624
4106.5,0.099176,0.005625
4107.5,0.099287,0.005626
4108.5,0.099397,0.005627
4109.5,0.099507,0.005628
4110.5,0.099616,0.005629
4111.5,0.099725,0.005630
4112.5,0.099834,0.005631
4113.5,0.099942,0.005632
4114.5,0.100049,0.005633
4115.5,0.100156,0.005634
4116.5,0.100262,0.005634
4117.5,0.100367,0.005635
4118.5,0.100472,0.005636
4119.5,0.100576,0.005637
4120.5,0.100680,0.005638
4121.5,0.100782,0.005639
4122.5,0.100884,0.005640
4123.5,0.100985,0.005641
4124.5,0.101085,0.005642
4125.5,0.101184,0.005643
4126.5,0.101282,0.005644
4127.5,0.101379,0.005645
4128.5,0.101476,0.005647
4129.5,0.101571,0.005648
4130.5,0.101665,0.005649
4131.5,0.101758,0.005651
4132.5,0.101850,0.005652
4133.5,0.101941,0.005654
4134.5,0.102031,0.005656
4135.5,0.102120,0.005657
4136.5,0.102207,0.005659
4137.5,0.102293,0.005661
4138.5,0.102378,0.005663
4139.5,0.102461,0.005665
4140.5,0.102543,0.005667
4141.5,0.102624,0.005669
4142.5,0.102703,0.005671
4143.5,0.102781,0.005674
4144.5,0.102857,0.005676
4145.5,0.102932,0.005678
4146.5,0.103005,0.005680
4147.5,0.103077,0.005683
4148.5,0.103146,0.005685
4149.5,0.103215,0.005688
4150.5,0.103281,0.005690
4151.5,0.103346,0.005693
4152.5,0.103409,0.005695
4153.5,0.103470,0.005698
4154.5,0.103529,0.005700
4155.5,0.103586,0.005703
4156.5,0.103642,0.005705
4157.5,0.103695,0.005708
4158.5,0.103746,0.005710
4159.5,0.103796,0.005712
4160.5,0.103843,0.005715
4161.5,0.103888,0.005717
4162.5,0.103932,0.005719
4163.5,0.103973,0.005721
4164.5,0.104012,0.005723
4165.5,0.104048,0.005725
4166.5,0.104083,0.005727
4167.5,0.104115,0.005729
4168.5,0.104146,0.005731
4169.5,0.104174,0.005733
4170.5,0.104199,0.005734
4171.5,0.104223,0.005736
4172.5,0.104244,0.005737
4173.5,0.104264,0.005738
4174.5,0.104280,0.005740
4175.5,0.104295,0.005741
4176.5,0.104308,0.005741
4177.5,0.104318,0.005742
4178.5,0.104326,0.005743
4179.5,0.104332,0.005743
4180.5,0.104336,0.005744
4181.5,0.104338,0.005744
4182.5,0.104337,0.005744
4183.5,0.104335,0.005744
4184.5,0.104331,0.005744
4185.5,0.104324,0.005743
4186.5,0.104316,0.005743
4187.5,0.104306,0.005742
4188.5,0.104294,0.005741
4189.5,0.104280,0.005740
4190.5,0.104265,0.005739
4191.5,0.104248,0.005738
4192.5,0.104229,0.005737
4193.5,0.104209,0.005735
4194.5,0.104187,0.005734
4195.5,0.104164,0.005732
4196.5,0.104139,0.005730
4197.5,0.104114,0.005728
4198.5,0.104087,0.005726
4199.5,0.104058,0.005724
4200.5,0.104029,0.005721
4201.5,0.103999,0.005719
4202.5,0.103968,0.005716
4203.5,0.103937,0.005713
4204.5,0.103904,0.005711
4205.5,0.103871,0.005708
4206.5,0.103837,0.005705
4207.5,0.103803,0.005702
4208.5,0.103769,0.005698
4209.5,0.103734,0.005695
4210.5,0.103699,0.005692
4211.5,0.103664,0.005689
4212.5,0.103629,0.005685
4213.5,0.103594,0.005682
4214.5,0.103559,0.005678
4215.5,0.103525,0.005675
4216.5,0.103490,0.005671
4217.5,0.103456,0.005668
4218.5,0.103423,0.005664
4219.5,0.103390,0.005660
4220.5,0.103358,0.005657
4221.5,0.103326,0.005653
4222.5,0.103295,0.005650
4223.5,0.103265,0.005646
4224.5,0.103236,0.005643
4225.5,0.103207,0.005639
4226.5,0.103180,0.005636
4227.5,0.103154,0.005633
4228.5,0.103129,0.005630
4229.5,0.103105,0.005626
4230.5,0.103082,0.005623
4231.5,0.103060,0.005621
4232.5,0.103040,0.005618
4233.5,0.103021,0.005615
4234.5,0.103003,0.005612
4235.5,0.102986,0.005610
4236.5,0.102971,0.005608
4237.5,0.102956,0.005606
4238.5,0.102944,0.005603
4239.5,0.102932,0.005602
4240.5,0.102922,0.005600
4241.5,0.102913,0.005598
4242.5,0.102905,0.005597
4243.5,0.102899,0.005596
4244.5,0.102893,0.005595
4245.5,0.102889,0.005594
4246.5,0.102886,0.005594
4247.5,0.102883,0.005593
4248.5,0.102882,0.005593
4249.5,0.102882,0.005593
4250.5,0.102883,0.005593
4251.5,0.102884,0.005593
4252.5,0.102886,0.005594
4253.5,0.102889,0.005595
4254.5,0.102892,0.005596
4255.5,0.102896,0.005597
4256.5,0.102900,0.005598
4257.5,0.102904,0.005599
4258.5,0.102909,0.005601
4259.5,0.102914,0.005603
4260.5,0.102918,0.005605
4261.5,0.102923,0.005607
4262.5,0.102927,0.005609
4263.5,0.102931,0.005611
4264.5,0.102934,0.005614
4265.5,0.102937,0.005616
4266.5,0.102939,0.005619
4267.5,0.102940,0.005622
4268.5,0.102941,0.005625
4269.5,0.102940,0.005627
4270.5,0.102938,0.005630
4271.5,0.102935,0.005633
4272.5,0.102931,0.005636
4273.5,0.102924,0.005639
4274.5,0.102917,0.005642
4275.5,0.102907,0.005645
4276.5,0.102896,0.005647
4277.5,0.102883,0.005650
4278.5,0.102867,0.005653
4279.5,0.102850,0.005655
4280.5,0.102830,0.005657
4281.5,0.102808,0.005660
4282.5,0.102783,0.005662
4283.5,0.102756,0.005664
4284.5,0.102726,0.005665
4285.5,0.102693,0.005667
4286.5,0.102658,0.005668
4287.5,0.102619,0.005669
4288.5,0.102578,0.005670
4289.5,0.102534,0.005670
4290.5,0.102487,0.005670
4291.5,0.102437,0.005670
4292.5,0.102384,0.005670
4293.5,0.102327,0.005669
4294.5,0.102268,0.005668
4295.5,0.102205,0.005667
4296.5,0.102139,0.005665
4297.5,0.102070,0.005663
4298.5,0.101998,0.005661
4299.5,0.101923,0.005658
4300.5,0.101845,0.005655
4301.5,0.101763,0.005652
4302.5,0.101679,0.005648
4303.5,0.101591,0.005644
4304.5,0.101501,0.005640
4305.5,0.101408,0.005635
4306.5,0.101312,0.005630
4307.5,0.101213,0.005624
4308.5,0.101112,0.005618
4309.5,0.101008,0.005612
4310.5,0.100902,0.005606
4311.5,0.100794,0.005599
4312.5,0.100683,0.005592
4313.5,0.100570,0.005584
4314.5,0.100456,0.005577
4315.5,0.100339,0.005569
4316.5,0.100221,0.005561
4317.5,0.100101,0.005552
4318.5,0.099980,0.005544
4319.5,0.099858,0.005535
4320.5,0.099735,0.005526
4321.5,0.099611,0.005517
4322.5,0.099486,0.005508
4323.5,0.099361,0.005499
4324.5,0.099236,0.005489
4325.5,0.099110,0.005480
4326.5,0.098985,0.005470
4327.5,0.098859,0.005460
4328.5,0.098735,0.005451
4329.5,0.098610,0.005441
4330.5,0.098487,0.005432
4331.5,0.098365,0.005422
4332.5,0.098244,0.005413
4333.5,0.098124,0.005403
4334.5,0.098006,0.005394
4335.5,0.097890,0.005385
4336.5,0.097776,0.005376
4337.5,0.097664,0.005368
4338.5,0.097555,0.005359
4339.5,0.097448,0.005351
4340.5,0.097344,0.005343
4341.5,0.097243,0.005335
4342.5,0.097146,0.005328
4343.5,0.097051,0.005321
4344.5,0.096960,0.005314
4345.5,0.096873,0.005307
4346.5,0.096790,0.005301
4347.5,0.096711,0.005295
4348.5,0.096637,0.005290
4349.5,0.096566,0.005285
4350.5,0.096500,0.005280
4351.5,0.096439,0.005276
4352.5,0.096383,0.005272
4353.5,0.096331,0.005268
4354.5,0.096285,0.005265
4355.5,0.096244,0.005263
4356.5,0.096208,0.005260
4357.5,0.096177,0.005258
4358.5,0.096152,0.005257
4359.5,0.096133,0.005256
4360.5,0.096119,0.005255
4361.5,0.096111,0.005255
4362.5,0.096109,0.005255
4363.5,0.096113,0.005256
4364.5,0.096123,0.005257
4365.5,0.096138,0.005259
4366.5,0.096160,0.005260
4367.5,0.096188,0.005263
4368.5,0.096221,0.005265
4369.5,0.096261,0.005268
4370.5,0.096307,0.005271
4371.5,0.096358,0.005275
4372.5,0.096416,0.005279
4373.5,0.096480,0.005283
4374.5,0.096549,0.005288
4375.5,0.096625,0.005293
4376.5,0.096706,0.005298
4377.5,0.096793,0.005304
4378.5,0.096886,0.005309
4379.5,0.096985,0.005315
4380.5,0.097089,0.005322
4381.5,0.097198,0.005328
4382.5,0.097313,0.005335
4383.5,0.097434,0.005342
4384.5,0.097559,0.005349
4385.5,0.097689,0.005357
4386.5,0.097825,0.005364
4387.5,0.097965,0.005372
4388.5,0.098109,0.005380
4389.5,0.098259,0.005389
4390.5,0.098412,0.005397
4391.5,0.098570,0.005405
4392.5,0.098732,0.005414
4393.5,0.098898,0.005423
4394.5,0.099067,0.005432
4395.5,0.099240,0.005441
4396.5,0.099416,0.005450
4397.5,0.099595,0.005459
4398.5,0.099778,0.005469
4399.5,0.099963,0.005478
4400.5,0.100151,0.005488
4401.5,0.100341,0.005497
4402.5,0.100533,0.005507
4403.5,0.100727,0.005517
4404.5,0.100923,0.005527
4405.5,0.101120,0.005537
4406.5,0.101319,0.005547
4407.5,0.101519,0.005556
4408.5,0.101720,0.005567
4409.5,0.101921,0.005577
4410.5,0.102123,0.005587
4411.5,0.102325,0.005597
4412.5,0.102528,0.005607
4413.5,0.102730,0.005617
4414.5,0.102931,0.005627
4415.5,0.103132,0.005637
4416.5,0.103332,0.005647
4417.5,0.103531,0.005657
4418.5,0.103729,0.005667
4419.5,0.103925,0.005676
4420.5,0.104120,0.005686
4421.5,0.104312,0.005696
4422.5,0.104503,0.005705
4423.5,0.104691,0.005715
4424.5,0.104877,0.005724
4425.5,0.105060,0.005734
4426.5,0.105240,0.005743
4427.5,0.105416,0.005752
4428.5,0.105590,0.005760
4429.5,0.105760,0.005769
4430.5,0.105926,0.005778
4431.5,0.106089,0.005786
4432.5,0.106247,0.005794
4433.5,0.106401,0.005802
4434.5,0.106551,0.005810
4435.5,0.106697,0.005817
4436.5,0.106837,0.005825
4437.5,0.106973,0.005832
4438.5,0.107104,0.005838
4439.5,0.107230,0.005845
4440.5,0.107351,0.005851
4441.5,0.107466,0.005857
4442.5,0.107576,0.005863
4443.5,0.107680,0.005868
4444.5,0.107779,0.005874
4445.5,0.107872,0.005878
4446.5,0.107959,0.005883
4447.5,0.108040,0.005887
4448.5,0.108115,0.005891
4449.5,0.108184,0.005895
4450.5,0.108247,0.005898
4451.5,0.108303,0.005901
4452.5,0.108354,0.005903
4453.5,0.108398,0.005906
4454.5,0.108436,0.005908
4455.5,0.108468,0.005909
4456.5,0.108493,0.005910
4457.5,0.108512,0.005911
4458.5,0.108525,0.005912
4459.5,0.108531,0.005912
4460.5,0.108531,0.005912
4461.5,0.108525,0.005911
4462.5,0.108513,0.005910
4463.5,0.108494,0.005909
4464.5,0.108470,0.005908
4465.5,0.108439,0.005906
4466.5,0.108402,0.005903
4467.5,0.108359,0.005901
4468.5,0.108310,0.005898
4469.5,0.108256,0.005895
4470.5,0.108196,0.005891
4471.5,0.108130,0.005887
4472.5,0.108059,0.005883
4473.5,0.107982,0.005878
4474.5,0.107900,0.005873
4475.5,0.107813,0.005868
4476.5,0.107721,0.005863
4477.5,0.107624,0.005857
4478.5,0.107522,0.005851
4479.5,0.107416,0.005844
4480.5,0.107305,0.005838
4481.5,0.107190,0.005831
4482.5,0.107071,0.005824
4483.5,0.106948,0.005816
4484.5,0.106821,0.005809
4485.5,0.106691,0.005801
4486.5,0.106557,0.005792
4487.5,0.106420,0.005784
4488.5,0.106279,0.005775
4489.5,0.106136,0.005767
4490.5,0.105990,0.005758
4491.5,0.105842,0.005748
4492.5,0.105692,0.005739
4493.5,0.105539,0.005729
4494.5,0.105385,0.005720
4495.5,0.105228,0.005710
4496.5,0.105071,0.005700
4497.5,0.104912,0.005690
4498.5,0.104752,0.005679
4499.5,0.104591,0.005669
4500.5,0.104429,0.005658
4501.5,0.104267,0.005648
4502.5,0.104105,0.005637
4503.5,0.103943,0.005627
4504.5,0.103781,0.005616
4505.5,0.103619,0.005605
4506.5,0.103458,0.005594
4507.5,0.103297,0.005584
4508.5,0.103138,0.005573
4509.5,0.102979,0.005562
4510.5,0.102822,0.005552
4511.5,0.102667,0.005541
4512.5,0.102513,0.005531
4513.5,0.102361,0.005520
4514.5,0.102212,0.005510
4515.5,0.102064,0.005500
4516.5,0.101919,0.005490
4517.5,0.101776,0.005480
4518.5,0.101637,0.005470
4519.5,0.101500,0.005460
4520.5,0.101366,0.005451
4521.5,0.101235,0.005442
4522.5,0.101108,0.005433
4523.5,0.100984,0.005424
4524.5,0.100864,0.005416
4525.5,0.100748,0.005407
4526.5,0.100635,0.005400
4527.5,0.100527,0.005392
4528.5,0.100422,0.005385
4529.5,0.100322,0.005377
4530.5,0.100226,0.005371
4531.5,0.100134,0.005364
4532.5,0.100047,0.005358
4533.5,0.099964,0.005352
4534.5,0.099886,0.005347
4535.5,0.099813,0.005342
4536.5,0.099744,0.005337
4537.5,0.099680,0.005333
4538.5,0.099621,0.005329
4539.5,0.099566,0.005325
4540.5,0.099516,0.005322
4541.5,0.099472,0.005319
4542.5,0.099432,0.005317
4543.5,0.099397,0.005314
4544.5,0.099367,0.005313
4545.5,0.099342,0.005311
4546.5,0.099321,0.005310
4547.5,0.099306,0.005310
4548.5,0.099295,0.005309
4549.5,0.099289,0.005310
4550.5,0.099288,0.005310
4551.5,0.099292,0.005311
4552.5,0.099300,0.005312
4553.5,0.099312,0.005314
4554.5,0.099330,0.005315
4555.5,0.099351,0.005318
4556.5,0.099377,0.005320
4557.5,0.099407,0.005323
4558.5,0.099442,0.005326
4559.5,0.099480,0.005330
4560.5,0.099523,0.005333
4561.5,0.099569,0.005337
4562.5,0.099619,0.005342
4563.5,0.099673,0.005346
4564.5,0.099730,0.005351
4565.5,0.099791,0.005356
4566.5,0.099855,0.005362
4567.5,0.099922,0.005367
4568.5,0.099992,0.005373
4569.5,0.100065,0.005379
4570.5,0.100141,0.005385
4571.5,0.100219,0.005392
4572.5,0.100300,0.005398
4573.5,0.100383,0.005405
4574.5,0.100468,0.005412
4575.5,0.100555,0.005419
4576.5,0.100644,0.005426
4577.5,0.100735,0.005434
4578.5,0.100827,0.005441
4579.5,0.100920,0.005449
4580.5,0.101015,0.005456
4581.5,0.101111,0.005464
4582.5,0.101207,0.005472
4583.5,0.101304,0.005480
4584.5,0.101402,0.005488
4585.5,0.101500,0.005496
4586.5,0.101598,0.005504
4587.5,0.101696,0.005512
4588.5,0.101794,0.005520
4589.5,0.101891,0.005528
4590.5,0.101989,0.005536
4591.5,0.102085,0.005544
4592.5,0.102181,0.005552
4593.5,0.102276,0.005560
4594.5,0.102369,0.005567
4595.5,0.102462,0.005575
4596.5,0.102553,0.005583
4597.5,0.102642,0.005590
4598.5,0.102730,0.005598
4599.5,0.102816,0.005605
4600.5,0.102900,0.005612
4601.5,0.102982,0.005619
4602.5,0.103062,0.005626
4603.5,0.103139,0.005633
4604.5,0.103214,0.005639
4605.5,0.103286,0.005645
4606.5,0.103355,0.005651
4607.5,0.103422,0.005657
4608.5,0.103485,0.005663
4609.5,0.103546,0.005668
4610.5,0.103604,0.005673
4611.5,0.103658,0.005678
4612.5,0.103709,0.005683
4613.5,0.103756,0.005687
4614.5,0.103800,0.005691
4615.5,0.103841,0.005695
4616.5,0.103877,0.005698
4617.5,0.103911,0.005701
4618.5,0.103940,0.005704
4619.5,0.103966,0.005707
4620.5,0.103987,0.005709
4621.5,0.104005,0.005711
4622.5,0.104019,0.005713
4623.5,0.104029,0.005714
4624.5,0.104035,0.005715
4625.5,0.104037,0.005715
4626.5,0.104034,0.005716
4627.5,0.104028,0.005716
4628.5,0.104018,0.005716
4629.5,0.104003,0.005715
4630.5,0.103985,0.005714
4631.5,0.103962,0.005713
4632.5,0.103936,0.005711
4633.5,0.103905,0.005710
4634.5,0.103870,0.005707
4635.5,0.103831,0.005705
4636.5,0.103789,0.005703
4637.5,0.103742,0.005700
4638.5,0.103691,0.005697
4639.5,0.103637,0.005693
4640.5,0.103578,0.005690
4641.5,0.103516,0.005686
4642.5,0.103450,0.005682
4643.5,0.103380,0.005678
4644.5,0.103307,0.005674
4645.5,0.103230,0.005669
4646.5,0.103149,0.005665
4647.5,0.103065,0.005660
4648.5,0.102977,0.005655
4649.5,0.102886,0.005650
4650.5,0.102792,0.005645
4651.5,0.102694,0.005640
4652.5,0.102594,0.005634
4653.5,0.102490,0.005629
4654.5,0.102383,0.005623
4655.5,0.102273,0.005618
4656.5,0.102161,0.005612
4657.5,0.102045,0.005607
4658.5,0.101927,0.005601
4659.5,0.101806,0.005596
4660.5,0.101683,0.005590
4661.5,0.101557,0.005584
4662.5,0.101429,0.005579
4663.5,0.101298,0.005573
4664.5,0.101165,0.005567
4665.5,0.101030,0.005562
4666.5,0.100893,0.005556
4667.5,0.100754,0.005551
4668.5,0.100613,0.005545
4669.5,0.100470,0.005540
4670.5,0.100326,0.005534
4671.5,0.100180,0.005529
4672.5,0.100032,0.005523
4673.5,0.099883,0.005518
4674.5,0.099732,0.005512
4675.5,0.099581,0.005507
4676.5,0.099428,0.005502
4677.5,0.099273,0.005496
4678.5,0.099118,0.005491
4679.5,0.098962,0.005485
4680.5,0.098805,0.005480
4681.5,0.098647,0.005475
4682.5,0.098488,0.005469
4683.5,0.098329,0.005464
4684.5,0.098169,0.005458
4685.5,0.098008,0.005453
4686.5,0.097848,0.005447
4687.5,0.097687,0.005441
4688.5,0.097525,0.005436
4689.5,0.097364,0.005430
4690.5,0.097202,0.005424
4691.5,0.097041,0.005418
4692.5,0.096880,0.005412
4693.5,0.096718,0.005406
4694.5,0.096557,0.005400
4695.5,0.096397,0.005394
4696.5,0.096237,0.005388
4697.5,0.096077,0.005381
4698.5,0.095918,0.005375
4699.5,0.095759,0.005368
4700.5,0.095602,0.005361
4701.5,0.095445,0.005354
4702.5,0.095289,0.005348
4703.5,0.095134,0.005341
4704.5,0.094980,0.005333
4705.5,0.094827,0.005326
4706.5,0.094676,0.005319
4707.5,0.094525,0.005312
4708.5,0.094377,0.005304
4709.5,0.094229,0.005296
4710.5,0.094084,0.005289
4711.5,0.093940,0.005281
4712.5,0.093797,0.005273
4713.5,0.093657,0.005266
4714.5,0.093518,0.005258
4715.5,0.093382,0.005250
4716.5,0.093247,0.005242
4717.5,0.093115,0.005234
4718.5,0.092985,0.005226
4719.5,0.092857,0.005218
4720.5,0.092732,0.005210
4721.5,0.092609,0.005202
4722.5,0.092488,0.005195
4723.5,0.092371,0.005187
4724.5,0.092256,0.005179
4725.5,0.092143,0.005171
4726.5,0.092034,0.005164
4727.5,0.091928,0.005156
4728.5,0.091825,0.005149
4729.5,0.091724,0.005142
4730.5,0.091627,0.005135
4731.5,0.091534,0.005128
4732.5,0.091443,0.005121
4733.5,0.091356,0.005114
4734.5,0.091273,0.005108
4735.5,0.091193,0.005101
4736.5,0.091116,0.005095
4737.5,0.091044,0.005089
4738.5,0.090975,0.005084
4739.5,0.090910,0.005078
4740.5,0.090849,0.005073
4741.5,0.090791,0.005068
4742.5,0.090738,0.005063
4743.5,0.090689,0.005058
4744.5,0.090643,0.005054
4745.5,0.090602,0.005050
4746.5,0.090565,0.005046
4747.5,0.090533,0.005043
4748.5,0.090504,0.005040
4749.5,0.090480,0.005037
4750.5,0.090460,0.005034
4751.5,0.090445,0.005031
4752.5,0.090434,0.005029
4753.5,0.090427,0.005027
4754.5,0.090425,0.005026
4755.5,0.090427,0.005025
4756.5,0.090434,0.005024
4757.5,0.090445,0.005023
4758.5,0.090461,0.005023
4759.5,0.090481,0.005023
4760.5,0.090506,0.005023
4761.5,0.090535,0.005023
4762.5,0.090569,0.005024
4763.5,0.090607,0.005025
4764.5,0.090650,0.005026
4765.5,0.090697,0.005028
4766.5,0.090749,0.005030
4767.5,0.090804,0.005032
4768.5,0.090865,0.005034
4769.5,0.090929,0.005037
4770.5,0.090998,0.005040
4771.5,0.091071,0.005043
4772.5,0.091149,0.005047
4773.5,0.091230,0.005050
4774.5,0.091316,0.005054
4775.5,0.091405,0.005059
4776.5,0.091499,0.005063
4777.5,0.091596,0.005068
4778.5,0.091697,0.005073
4779.5,0.091802,0.005078
4780.5,0.091911,0.005084
4781.5,0.092023,0.005090
4782.5,0.092139,0.005095
4783.5,0.092258,0.005102
4784.5,0.092380,0.005108
4785.5,0.092505,0.005115
4786.5,0.092634,0.005122
4787.5,0.092765,0.005129
4788.5,0.092900,0.005136
4789.5,0.093037,0.005143
4790.5,0.093177,0.005151
4791.5,0.093319,0.005159
4792.5,0.093463,0.005167
4793.5,0.093610,0.005175
4794.5,0.093759,0.005183
4795.5,0.093909,0.005192
4796.5,0.094062,0.005201
4797.5,0.094216,0.005209
4798.5,0.094372,0.005218
4799.5,0.094529,0.005227
4800.5,0.094687,0.005237
4801.5,0.094846,0.005246
4802.5,0.095006,0.005255
4803.5,0.095167,0.005265
4804.5,0.095329,0.005274
4805.5,0.095491,0.005284
4806.5,0.095653,0.005294
4807.5,0.095815,0.005304
4808.5,0.095977,0.005313
4809.5,0.096139,0.005323
4810.5,0.096301,0.005333
4811.5,0.096462,0.005343
4812.5,0.096622,0.005353
4813.5,0.096781,0.005363
4814.5,0.096940,0.005372
4815.5,0.097097,0.005382
4816.5,0.097252,0.005392
4817.5,0.097407,0.005402
4818.5,0.097559,0.005411
4819.5,0.097709,0.005421
4820.5,0.097858,0.005430
4821.5,0.098004,0.005439
4822.5,0.098148,0.005448
4823.5,0.098289,0.005457
4824.5,0.098428,0.005466
4825.5,0.098564,0.005475
4826.5,0.098697,0.005483
4827.5,0.098827,0.005492
4828.5,0.098954,0.005500
4829.5,0.099077,0.005507
4830.5,0.099197,0.005515
4831.5,0.099313,0.005523
4832.5,0.099426,0.005530
4833.5,0.099535,0.005537
4834.5,0.099639,0.005543
4835.5,0.099740,0.005549
4836.5,0.099837,0.005556
4837.5,0.099929,0.005561
4838.5,0.100017,0.005567
4839.5,0.100100,0.005572
4840.5,0.100179,0.005577
4841.5,0.100254,0.005581
4842.5,0.100324,0.005585
4843.5,0.100389,0.005589
4844.5,0.100449,0.005593
4845.5,0.100504,0.005596
4846.5,0.100555,0.005599
4847.5,0.100601,0.005601
4848.5,0.100641,0.005603
4849.5,0.100677,0.005605
4850.5,0.100708,0.005606
4851.5,0.100734,0.005607
4852.5,0.100754,0.005608
4853.5,0.100770,0.005608
4854.5,0.100781,0.005608
4855.5,0.100787,0.005607
4856.5,0.100788,0.005607
4857.5,0.100784,0.005605
4858.5,0.100775,0.005604
4859.5,0.100762,0.005602
4860.5,0.100743,0.005600
4861.5,0.100720,0.005597
4862.5,0.100693,0.005594
4863.5,0.100660,0.005591
4864.5,0.100623,0.005587
4865.5,0.100582,0.005583
4866.5,0.100536,0.005579
4867.5,0.100486,0.005574
4868.5,0.100432,0.005570
4869.5,0.100374,0.005564
4870.5,0.100312,0.005559
4871.5,0.100246,0.005553
4872.5,0.100177,0.005547
4873.5,0.100103,0.005541
4874.5,0.100027,0.005535
4875.5,0.099947,0.005528
4876.5,0.099864,0.005521
4877.5,0.099777,0.005514
4878.5,0.099688,0.005506
4879.5,0.099596,0.005499
4880.5,0.099502,0.005491
4881.5,0.099405,0.005483
4882.5,0.099306,0.005475
4883.5,0.099204,0.005467
4884.5,0.099101,0.005458
4885.5,0.098996,0.005450
4886.5,0.098889,0.005441
4887.5,0.098781,0.005433
4888.5,0.098672,0.005424
4889.5,0.098562,0.005415
4890.5,0.098450,0.005406
4891.5,0.098338,0.005397
4892.5,0.098225,0.005388
4893.5,0.098112,0.005379
4894.5,0.097999,0.005370
4895.5,0.097886,0.005361
4896.5,0.097773,0.005352
4897.5,0.097660,0.005343
4898.5,0.097548,0.005334
4899.5,0.097436,0.005325
4900.5,0.097326,0.005316
4901.5,0.097216,0.005307
4902.5,0.097108,0.005299
4903.5,0.097001,0.005290
4904.5,0.096895,0.005282
4905.5,0.096792,0.005273
4906.5,0.096690,0.005265
4907.5,0.096590,0.005257
4908.5,0.096493,0.005249
4909.5,0.096398,0.005241
4910.5,0.096305,0.005233
4911.5,0.096215,0.005226
4912.5,0.096128,0.005219
4913.5,0.096044,0.005212
4914.5,0.095963,0.005205
4915.5,0.095886,0.005198
4916.5,0.095811,0.005192
4917.5,0.095741,0.005185
4918.5,0.095674,0.005179
4919.5,0.095610,0.005174
4920.5,0.095551,0.005168
4921.5,0.095496,0.005163
4922.5,0.095444,0.005158
4923.5,0.095397,0.005154
4924.5,0.095354,0.005149
4925.5,0.095316,0.005145
4926.5,0.095282,0.005142
4927.5,0.095252,0.005138
4928.5,0.095227,0.005135
4929.5,0.095207,0.005132
4930.5,0.095192,0.005130
4931.5,0.095181,0.005128
4932.5,0.095175,0.005126
4933.5,0.095174,0.005125
4934.5,0.095178,0.005124
4935.5,0.095186,0.005123
4936.5,0.095200,0.005123
4937.5,0.095219,0.005123
4938.5,0.095242,0.005123
4939.5,0.095271,0.005124
4940.5,0.095304,0.005125
4941.5,0.095343,0.005127
4942.5,0.095386,0.005128
4943.5,0.095435,0.005131
4944.5,0.095488,0.005133
4945.5,0.095546,0.005136
4946.5,0.095608,0.005140
4947.5,0.095676,0.005143
4948.5,0.095748,0.005148
4949.5,0.095825,0.005152
4950.5,0.095906,0.005157
4951.5,0.095991,0.005162
4952.5,0.096081,0.005167
4953.5,0.096176,0.005173
4954.5,0.096274,0.005180
4955.5,0.096376,0.005186
4956.5,0.096483,0.005193
4957.5,0.096593,0.005200
4958.5,0.096707,0.005208
4959.5,0.096824,0.005216
4960.5,0.096945,0.005224
4961.5,0.097069,0.005232
4962.5,0.097196,0.005241
4963.5,0.097327,0.005250
4964.5,0.097460,0.005259
4965.5,0.097595,0.005268
4966.5,0.097734,0.005278
4967.5,0.097874,0.005288
4968.5,0.098017,0.005298
4969.5,0.098162,0.005308
4970.5,0.098308,0.005319
4971.5,0.098456,0.005330
4972.5,0.098606,0.005340
4973.5,0.098756,0.005351
4974.5,0.098908,0.005363
4975.5,0.099061,0.005374
4976.5,0.099214,0.005385
4977.5,0.099367,0.005396
4978.5,0.099521,0.005408
4979.5,0.099675,0.005419
4980.5,0.099828,0.005431
4981.5,0.099982,0.005443
4982.5,0.100134,0.005454
4983.5,0.100286,0.005466
4984.5,0.100437,0.005477
4985.5,0.100586,0.005489
4986.5,0.100734,0.005500
4987.5,0.100880,0.005511
4988.5,0.101025,0.005522
4989.5,0.101167,0.005534
4990.5,0.101307,0.005544
4991.5,0.101445,0.005555
4992.5,0.101579,0.005566
4993.5,0.101711,0.005576
4994.5,0.101840,0.005587
4995.5,0.101966,0.005597
4996.5,0.102088,0.005607
4997.5,0.102207,0.005616
4998.5,0.102322,0.005625
4999.5,0.102433,0.005634
5000.5,0.102539,0.005643
5001.5,0.102642,0.005652
5002.5,0.102740,0.005660
5003.5,0.102833,0.005668
5004.5,0.102922,0.005675
5005.5,0.103005,0.005682
5006.5,0.103084,0.005689
5007.5,0.103158,0.005695
5008.5,0.103226,0.005701
5009.5,0.103289,0.005707
5010.5,0.103347,0.005712
5011.5,0.103399,0.005717
5012.5,0.103445,0.005721
5013.5,0.103486,0.005725
5014.5,0.103520,0.005729
5015.5,0.103549,0.005732
5016.5,0.103573,0.005734
5017.5,0.103590,0.005736
5018.5,0.103601,0.005738
5019.5,0.103606,0.005739
5020.5,0.103605,0.005740
5021.5,0.103599,0.005740
5022.5,0.103586,0.005740
5023.5,0.103567,0.005739
5024.5,0.103542,0.005738
5025.5,0.103511,0.005736
5026.5,0.103475,0.005734
5027.5,0.103432,0.005731
5028.5,0.103384,0.005728
5029.5,0.103329,0.005725
5030.5,0.103270,0.005721
5031.5,0.103204,0.005716
5032.5,0.103133,0.005711
5033.5,0.103057,0.005706
5034.5,0.102975,0.005700
5035.5,0.102888,0.005694
5036.5,0.102796,0.005687
5037.5,0.102699,0.005680
5038.5,0.102597,0.005672
5039.5,0.102491,0.005664
5040.5,0.102380,0.005656
5041.5,0.102265,0.005648
5042.5,0.102145,0.005639
5043.5,0.102022,0.005629
5044.5,0.101895,0.005620
5045.5,0.101764,0.005610
5046.5,0.101629,0.005599
5047.5,0.101491,0.005589
5048.5,0.101351,0.005578
5049.5,0.101207,0.005567
5050.5,0.101060,0.005556
5051.5,0.100912,0.005544
5052.5,0.100760,0.005533
5053.5,0.100607,0.005521
5054.5,0.100452,0.005509
5055.5,0.100295,0.005497
5056.5,0.100137,0.005485
5057.5,0.099978,0.005472
5058.5,0.099818,0.005460
5059.5,0.099657,0.005448
5060.5,0.099495,0.005435
5061.5,0.099334,0.005423
5062.5,0.099172,0.005410
5063.5,0.099010,0.005398
5064.5,0.098849,0.005386
5065.5,0.098688,0.005373
5066.5,0.098528,0.005361
5067.5,0.098369,0.005349
5068.5,0.098212,0.005337
5069.5,0.098055,0.005325
5070.5,0.097901,0.005313
5071.5,0.097748,0.005302
5072.5,0.097597,0.005291
5073.5,0.097449,0.005280
5074.5,0.097303,0.005269
5075.5,0.097160,0.005258
5076.5,0.097019,0.005248
5077.5,0.096882,0.005237
5078.5,0.096747,0.005228
5079.5,0.096616,0.005218
5080.5,0.096488,0.005209
5081.5,0.096364,0.005200
5082.5,0.096244,0.005191
5083.5,0.096128,0.005183
5084.5,0.096015,0.005175
5085.5,0.095907,0.005168
5086.5,0.095803,0.005160
5087.5,0.095703,0.005154
5088.5,0.095608,0.005147
5089.5,0.095517,0.005141
5090.5,0.095431,0.005135
5091.5,0.095350,0.005130
5092.5,0.095274,0.005125
5093.5,0.095202,0.005121
5094.5,0.095136,0.005117
5095.5,0.095074,0.005113
5096.5,0.095017,0.005109
5097.5,0.094966,0.005106
5098.5,0.094919,0.005104
5099.5,0.094877,0.005102
5100.5,0.094841,0.005100
5101.5,0.094810,0.005099
5102.5,0.094783,0.005098
5103.5,0.094762,0.005097
5104.5,0.094746,0.005097
5105.5,0.094735,0.005097
5106.5,0.094729,0.005097
5107.5,0.094727,0.005098
5108.5,0.094731,0.005099
5109.5,0.094739,0.005101
5110.5,0.094752,0.005103
5111.5,0.094770,0.005105
5112.5,0.094792,0.005107
5113.5,0.094819,0.005110
5114.5,0.094851,0.005113
5115.5,0.094886,0.005117
5116.5,0.094926,0.005120
5117.5,0.094970,0.005124
5118.5,0.095018,0.005128
5119.5,0.095070,0.005133
5120.5,0.095125,0.005138
5121.5,0.095184,0.005142
5122.5,0.095247,0.005148
5123.5,0.095313,0.005153
5124.5,0.095382,0.005159
5125.5,0.095454,0.005164
5126.5,0.095529,0.005170
5127.5,0.095607,0.005176
5128.5,0.095688,0.005183
5129.5,0.095771,0.005189
5130.5,0.095856,0.005196
5131.5,0.095943,0.005203
5132.5,0.096032,0.005209
5133.5,0.096124,0.005216
5134.5,0.096216,0.005223
5135.5,0.096311,0.005230
5136.5,0.096406,0.005238
5137.5,0.096503,0.005245
5138.5,0.096601,0.005252
5139.5,0.096699,0.005260
5140.5,0.096798,0.005267
5141.5,0.096898,0.005274
5142.5,0.096998,0.005282
5143.5,0.097098,0.005289
5144.5,0.097198,0.005297
5145.5,0.097298,0.005304
5146.5,0.097397,0.005311
5147.5,0.097497,0.005319
5148.5,0.097595,0.005326
5149.5,0.097693,0.005333
5150.5,0.097789,0.005340
5151.5,0.097885,0.005347
5152.5,0.097980,0.005354
5153.5,0.098073,0.005361
5154.5,0.098164,0.005367
5155.5,0.098254,0.005374
5156.5,0.098343,0.005380
5157.5,0.098429,0.005386
5158.5,0.098513,0.005392
5159.5,0.098596,0.005398
5160.5,0.098676,0.005404
5161.5,0.098754,0.005409
5162.5,0.098829,0.005414
5163.5,0.098903,0.005419
5164.5,0.098973,0.005424
5165.5,0.099041,0.005429
5166.5,0.099106,0.005433
5167.5,0.099169,0.005437
5168.5,0.099228,0.005441
5169.5,0.099285,0.005444
5170.5,0.099339,0.005448
5171.5,0.099389,0.005451
5172.5,0.099437,0.005453
5173.5,0.099482,0.005456
5174.5,0.099524,0.005458
5175.5,0.099563,0.005460
5176.5,0.099598,0.005461
5177.5,0.099631,0.005463
5178.5,0.099660,0.005463
5179.5,0.099687,0.005464
5180.5,0.099710,0.005464
5181.5,0.099730,0.005464
5182.5,0.099748,0.005464
5183.5,0.099762,0.005463
5184.5,0.099773,0.005462
5185.5,0.099782,0.005461
5186.5,0.099788,0.005459
5187.5,0.099791,0.005458
5188.5,0.099791,0.005455
5189.5,0.099789,0.005453
5190.5,0.099784,0.005450
5191.5,0.099777,0.005447
5192.5,0.099767,0.005444
5193.5,0.099755,0.005440
5194.5,0.099741,0.005436
5195.5,0.099725,0.005432
5196.5,0.099707,0.005427
5197.5,0.099687,0.005423
5198.5,0.099665,0.005418
5199.5,0.099642,0.005413
5200.5,0.099617,0.005407
5201.5,0.099590,0.005402
5202.5,0.099563,0.005396
5203.5,0.099534,0.005390
5204.5,0.099505,0.005384
5205.5,0.099474,0.005378
5206.5,0.099443,0.005371
5207.5,0.099411,0.005365
5208.5,0.099379,0.005358
5209.5,0.099347,0.005352
5210.5,0.099314,0.005345
5211.5,0.099282,0.005338
5212.5,0.099250,0.005331
5213.5,0.099218,0.005324
5214.5,0.099186,0.005317
5215.5,0.099156,0.005310
5216.5,0.099126,0.005303
5217.5,0.099097,0.005296
5218.5,0.099069,0.005289
5219.5,0.099042,0.005282
5220.5,0.099017,0.005276
5221.5,0.098993,0.005269
5222.5,0.098971,0.005262
5223.5,0.098950,0.005256
5224.5,0.098932,0.005249
5225.5,0.098916,0.005243
5226.5,0.098902,0.005237
5227.5,0.098890,0.005231
5228.5,0.098881,0.005225
5229.5,0.098874,0.005220
5230.5,0.098871,0.005214
5231.5,0.098870,0.005209
5232.5,0.098872,0.005204
5233.5,0.098877,0.005200
5234.5,0.098885,0.005195
5235.5,0.098897,0.005191
5236.5,0.098912,0.005187
5237.5,0.098930,0.005183
5238.5,0.098952,0.005180
5239.5,0.098978,0.005177
5240.5,0.099007,0.005174
5241.5,0.099040,0.005172
5242.5,0.099077,0.005170
5243.5,0.099118,0.005168
5244.5,0.099163,0.005166
5245.5,0.099212,0.005165
5246.5,0.099265,0.005164
5247.5,0.099322,0.005163
5248.5,0.099383,0.005163
5249.5,0.099449,0.005163
5250.5,0.099518,0.005164
5251.5,0.099592,0.005164
5252.5,0.099670,0.005165
5253.5,0.099752,0.005167
5254.5,0.099838,0.005168
5255.5,0.099928,0.005170
5256.5,0.100023,0.005173
5257.5,0.100121,0.005175
5258.5,0.100224,0.005178
5259.5,0.100330,0.005181
5260.5,0.100441,0.005185
5261.5,0.100556,0.005189
5262.5,0.100674,0.005193
5263.5,0.100796,0.005197
5264.5,0.100922,0.005202
5265.5,0.101052,0.005207
5266.5,0.101185,0.005212
5267.5,0.101322,0.005218
5268.5,0.101462,0.005223
5269.5,0.101605,0.005229
5270.5,0.101752,0.005236
5271.5,0.101901,0.005242
5272.5,0.102054,0.005249
5273.5,0.102209,0.005256
5274.5,0.102368,0.005263
5275.5,0.102528,0.005270
5276.5,0.102692,0.005278
5277.5,0.102857,0.005286
5278.5,0.103025,0.005293
5279.5,0.103195,0.005302
5280.5,0.103367,0.005310
5281.5,0.103540,0.005318
5282.5,0.103715,0.005327
5283.5,0.103892,0.005335
5284.5,0.104069,0.005344
5285.5,0.104248,0.005353
5286.5,0.104428,0.005362
5287.5,0.104609,0.005371
5288.5,0.104790,0.005380
5289.5,0.104972,0.005389
5290.5,0.105154,0.005399
5291.5,0.105336,0.005408
5292.5,0.105517,0.005417
5293.5,0.105699,0.005427
5294.5,0.105880,0.005436
5295.5,0.106061,0.005446
5296.5,0.106241,0.005455
5297.5,0.106419,0.005464
5298.5,0.106597,0.005474
5299.5,0.106773,0.005483
5300.5,0.106948,0.005493
5301.5,0.107121,0.005502
5302.5,0.107292,0.005511
5303.5,0.107462,0.005520
5304.5,0.107628,0.005530
5305.5,0.107793,0.005539
5306.5,0.107955,0.005547
5307.5,0.108114,0.005556
5308.5,0.108271,0.005565
5309.5,0.108424,0.005574
5310.5,0.108574,0.005582
5311.5,0.108721,0.005590
5312.5,0.108864,0.005598
5313.5,0.109004,0.005606
5314.5,0.109140,0.005614
5315.5,0.109272,0.005622
5316.5,0.109400,0.005629
5317.5,0.109523,0.005637
5318.5,0.109642,0.005644
5319.5,0.109757,0.005650
5320.5,0.109867,0.005657
5321.5,0.109973,0.005664
5322.5,0.110073,0.005670
5323.5,0.110169,0.005676
5324.5,0.110259,0.005681
5325.5,0.110345,0.005687
5326.5,0.110425,0.005692
5327.5,0.110500,0.005697
5328.5,0.110570,0.005701
5329.5,0.110634,0.005706
5330.5,0.110692,0.005710
5331.5,0.110745,0.005714
5332.5,0.110793,0.005717
5333.5,0.110834,0.005720
5334.5,0.110870,0.005723
5335.5,0.110900,0.005726
5336.5,0.110924,0.005728
5337.5,0.110943,0.005730
5338.5,0.110955,0.005732
5339.5,0.110962,0.005733
5340.5,0.110963,0.005734
5341.5,0.110957,0.005735
5342.5,0.110946,0.005735
5343.5,0.110929,0.005735
5344.5,0.110907,0.005735
5345.5,0.110878,0.005735
5346.5,0.110843,0.005734
5347.5,0.110803,0.005733
5348.5,0.110757,0.005732
5349.5,0.110705,0.005730
5350.5,0.110647,0.005728
5351.5,0.110584,0.005726
5352.5,0.110515,0.005723
5353.5,0.110441,0.005720
5354.5,0.110362,0.005717
5355.5,0.110277,0.005714
5356.5,0.110186,0.005710
5357.5,0.110091,0.005706
5358.5,0.109990,0.005702
5359.5,0.109885,0.005697
5360.5,0.109774,0.005692
5361.5,0.109659,0.005687
5362.5,0.109539,0.005682
5363.5,0.109414,0.005677
5364.5,0.109285,0.005671
5365.5,0.109151,0.005665
5366.5,0.109014,0.005659
5367.5,0.108872,0.005653
5368.5,0.108726,0.005646
5369.5,0.108576,0.005640
5370.5,0.108423,0.005633
5371.5,0.108265,0.005626
5372.5,0.108105,0.005619
5373.5,0.107941,0.005611
5374.5,0.107774,0.005604
5375.5,0.107603,0.005596
5376.5,0.107430,0.005589
5377.5,0.107254,0.005581
5378.5,0.107076,0.005573
5379.5,0.106895,0.005565
5380.5,0.106711,0.005557
5381.5,0.106526,0.005548
5382.5,0.106338,0.005540
5383.5,0.106148,0.005532
5384.5,0.105957,0.005523
5385.5,0.105764,0.005515
5386.5,0.105570,0.005506
5387.5,0.105374,0.005498
5388.5,0.105177,0.005489
5389.5,0.104979,0.005481
5390.5,0.104781,0.005472
5391.5,0.104581,0.005464
5392.5,0.104381,0.005455
5393.5,0.104181,0.005447
5394.5,0.103980,0.005438
5395.5,0.103779,0.005430
5396.5,0.103578,0.005421
5397.5,0.103377,0.005413
5398.5,0.103176,0.005404
5399.5,0.102976,0.005396
5400.5,0.102776,0.005388
5401.5,0.102577,0.005380
5402.5,0.102379,0.005371
5403.5,0.102181,0.005363
5404.5,0.101985,0.005355
5405.5,0.101789,0.005347
5406.5,0.101595,0.005340
5407.5,0.101402,0.005332
5408.5,0.101210,0.005324
5409.5,0.101021,0.005316
5410.5,0.100832,0.005309
5411.5,0.100646,0.005302
5412.5,0.100461,0.005294
5413.5,0.100278,0.005287
5414.5,0.100098,0.005280
5415.5,0.099919,0.005273
5416.5,0.099743,0.005266
5417.5,0.099569,0.005259
5418.5,0.099397,0.005252
5419.5,0.099228,0.005246
5420.5,0.099062,0.005239
5421.5,0.098898,0.005233
5422.5,0.098736,0.005227
5423.5,0.098578,0.005221
5424.5,0.098422,0.005215
5425.5,0.098269,0.005209
5426.5,0.098119,0.005203
5427.5,0.097972,0.005197
5428.5,0.097828,0.005192
5429.5,0.097687,0.005186
5430.5,0.097549,0.005181
5431.5,0.097415,0.005176
5432.5,0.097283,0.005171
5433.5,0.097155,0.005166
5434.5,0.097031,0.005161
5435.5,0.096909,0.005156
5436.5,0.096791,0.005152
5437.5,0.096676,0.005147
5438.5,0.096565,0.005143
5439.5,0.096457,0.005139
5440.5,0.096353,0.005135
5441.5,0.096252,0.005131
5442.5,0.096154,0.005127
5443.5,0.096060,0.005123
5444.5,0.095970,0.005120
5445.5,0.095883,0.005117
5446.5,0.095799,0.005113
5447.5,0.095720,0.005110
5448.5,0.095643,0.005107
5449.5,0.095571,0.005104
5450.5,0.095501,0.005102
5451.5,0.095436,0.005099
5452.5,0.095373,0.005097
5453.5,0.095315,0.005095
5454.5,0.095259,0.005093
5455.5,0.095208,0.005091
5456.5,0.095160,0.005089
5457.5,0.095115,0.005087
5458.5,0.095073,0.005086
5459.5,0.095036,0.005085
5460.5,0.095001,0.005084
5461.5,0.094970,0.005083
5462.5,0.094942,0.005082
5463.5,0.094918,0.005081
5464.5,0.094896,0.005080
5465.5,0.094878,0.005080
5466.5,0.094863,0.005080
5467.5,0.094852,0.005080
5468.5,0.094843,0.005080
5469.5,0.094838,0.005080
5470.5,0.094835,0.005081
5471.5,0.094836,0.005081
5472.5,0.094839,0.005082
5473.5,0.094846,0.005083
5474.5,0.094855,0.005084
5475.5,0.094867,0.005085
5476.5,0.094882,0.005086
5477.5,0.094899,0.005088
5478.5,0.094919,0.005089
5479.5,0.094942,0.005091
5480.5,0.094967,0.005093
5481.5,0.094994,0.005095
5482.5,0.095024,0.005098
5483.5,0.095056,0.005100
5484.5,0.095090,0.005102
5485.5,0.095126,0.005105
5486.5,0.095164,0.005108
5487.5,0.095205,0.005111
5488.5,0.095247,0.005114
5489.5,0.095291,0.005117
5490.5,0.095337,0.005120
5491.5,0.095384,0.005124
5492.5,0.095433,0.005127
5493.5,0.095483,0.005131
5494.5,0.095535,0.005135
5495.5,0.095588,0.005139
5496.5,0.095642,0.005143
5497.5,0.095697,0.005147
5498.5,0.095753,0.005151
5499.5,0.095811,0.005155
5500.5,0.095868,0.005159
5501.5,0.095927,0.005164
5502.5,0.095986,0.005168
5503.5,0.096046,0.005173
5504.5,0.096106,0.005177
5505.5,0.096167,0.005182
5506.5,0.096228,0.005187
5507.5,0.096288,0.005192
5508.5,0.096349,0.005196
5509.5,0.096410,0.005201
5510.5,0.096470,0.005206
5511.5,0.096531,0.005211
5512.5,0.096590,0.005216
5513.5,0.096650,0.005221
5514.5,0.096709,0.005225
5515.5,0.096767,0.005230
5516.5,0.096824,0.005235
5517.5,0.096880,0.005240
5518.5,0.096936,0.005244
5519.5,0.096990,0.005249
5520.5,0.097043,0.005254
5521.5,0.097095,0.005258
5522.5,0.097145,0.005263
5523.5,0.097194,0.005267
5524.5,0.097242,0.005271
5525.5,0.097287,0.005275
5526.5,0.097331,0.005279
5527.5,0.097374,0.005283
5528.5,0.097414,0.005287
5529.5,0.097453,0.005291
5530.5,0.097489,0.005294
5531.5,0.097523,0.005298
5532.5,0.097556,0.005301
5533.5,0.097586,0.005304
5534.5,0.097613,0.005307
5535.5,0.097639,0.005309
5536.5,0.097662,0.005312
5537.5,0.097682,0.005314
5538.5,0.097700,0.005316
5539.5,0.097715,0.005318
5540.5,0.097728,0.005320
5541.5,0.097738,0.005321
5542.5,0.097746,0.005322
5543.5,0.097751,0.005323
5544.5,0.097753,0.005323
5545.5,0.097752,0.005324
5546.5,0.097749,0.005324
5547.5,0.097743,0.005324
5548.5,0.097734,0.005323
5549.5,0.097722,0.005323
5550.5,0.097708,0.005322
5551.5,0.097691,0.005320
5552.5,0.097671,0.005319
5553.5,0.097648,0.005317
5554.5,0.097623,0.005315
5555.5,0.097594,0.005313
5556.5,0.097564,0.005310
5557.5,0.097530,0.005307
5558.5,0.097494,0.005304
5559.5,0.097456,0.005300
5560.5,0.097415,0.005296
5561.5,0.097371,0.005292
5562.5,0.097325,0.005288
5563.5,0.097277,0.005283
5564.5,0.097226,0.005278
5565.5,0.097173,0.005273
5566.5,0.097118,0.005268
5567.5,0.097061,0.005262
5568.5,0.097002,0.005256
5569.5,0.096942,0.005250
5570.5,0.096879,0.005244
5571.5,0.096814,0.005237
5572.5,0.096748,0.005231
5573.5,0.096681,0.005224
5574.5,0.096612,0.005216
5575.5,0.096541,0.005209
5576.5,0.096470,0.005202
5577.5,0.096397,0.005194
5578.5,0.096323,0.005186
5579.5,0.096248,0.005178
5580.5,0.096173,0.005170
5581.5,0.096097,0.005162
5582.5,0.096020,0.005154
5583.5,0.095943,0.005145
5584.5,0.095866,0.005137
5585.5,0.095788,0.005129
5586.5,0.095710,0.005120
5587.5,0.095633,0.005112
5588.5,0.095555,0.005103
5589.5,0.095478,0.005094
5590.5,0.095402,0.005086
5591.5,0.095326,0.005078
5592.5,0.095250,0.005069
5593.5,0.095176,0.005061
5594.5,0.095102,0.005052
5595.5,0.095030,0.005044
5596.5,0.094958,0.005036
5597.5,0.094888,0.005028
5598.5,0.094820,0.005020
5599.5,0.094753,0.005013
5600.5,0.094688,0.005005
5601.5,0.094624,0.004998
5602.5,0.094563,0.004991
5603.5,0.094503,0.004984
5604.5,0.094446,0.004977
5605.5,0.094391,0.004970
5606.5,0.094338,0.004964
5607.5,0.094287,0.004958
5608.5,0.094240,0.004952
5609.5,0.094195,0.004946
5610.5,0.094152,0.004941
5611.5,0.094113,0.004936
5612.5,0.094076,0.004931
5613.5,0.094043,0.004927
5614.5,0.094012,0.004923
5615.5,0.093985,0.004919
5616.5,0.093961,0.004915
5617.5,0.093940,0.004912
5618.5,0.093923,0.004909
5619.5,0.093909,0.004907
5620.5,0.093898,0.004905
5621.5,0.093891,0.004903
5622.5,0.093888,0.004901
5623.5,0.093888,0.004900
5624.5,0.093892,0.004899
5625.5,0.093900,0.004898
5626.5,0.093912,0.004898
5627.5,0.093927,0.004898
5628.5,0.093946,0.004898
5629.5,0.093969,0.004899
5630.5,0.093995,0.004900
5631.5,0.094026,0.004901
5632.5,0.094060,0.004903
5633.5,0.094098,0.004905
5634.5,0.094140,0.004907
5635.5,0.094186,0.004910
5636.5,0.094235,0.004912
5637.5,0.094289,0.004915
5638.5,0.094346,0.004919
5639.5,0.094406,0.004922
5640.5,0.094471,0.004926
5641.5,0.094539,0.004931
5642.5,0.094611,0.004935
5643.5,0.094686,0.004940
5644.5,0.094765,0.004945
5645.5,0.094847,0.004950
5646.5,0.094933,0.004955
5647.5,0.095022,0.004961
5648.5,0.095114,0.004966
5649.5,0.095209,0.004972
5650.5,0.095308,0.004978
5651.5,0.095410,0.004985
5652.5,0.095514,0.004991
5653.5,0.095622,0.004998
5654.5,0.095732,0.005005
5655.5,0.095845,0.005012
5656.5,0.095961,0.005019
5657.5,0.096079,0.005026
5658.5,0.096200,0.005034
5659.5,0.096323,0.005041
5660.5,0.096449,0.005049
5661.5,0.096576,0.005057
5662.5,0.096706,0.005064
5663.5,0.096837,0.005072
5664.5,0.096971,0.005080
5665.5,0.097106,0.005088
5666.5,0.097242,0.005097
5667.5,0.097380,0.005105
5668.5,0.097520,0.005113
5669.5,0.097660,0.005121
5670.5,0.097802,0.005130
5671.5,0.097945,0.005138
5672.5,0.098089,0.005147
5673.5,0.098233,0.005155
5674.5,0.098378,0.005163
5675.5,0.098524,0.005172
5676.5,0.098670,0.005180
5677.5,0.098816,0.005189
5678.5,0.098963,0.005197
5679.5,0.099109,0.005206
5680.5,0.099255,0.005214
5681.5,0.099401,0.005223
5682.5,0.099547,0.005231
5683.5,0.099692,0.005240
5684.5,0.099837,0.005248
5685.5,0.099980,0.005256
5686.5,0.100123,0.005264
5687.5,0.100265,0.005273
5688.5,0.100406,0.005281
5689.5,0.100545,0.005289
5690.5,0.100683,0.005297
5691.5,0.100820,0.005305
5692.5,0.100954,0.005312
5693.5,0.101087,0.005320
5694.5,0.101219,0.005328
5695.5,0.101348,0.005335
5696.5,0.101475,0.005343
5697.5,0.101600,0.005350
5698.5,0.101722,0.005357
5699.5,0.101843,0.005364
5700.5,0.101960,0.005371
5701.5,0.102075,0.005378
5702.5,0.102187,0.005385
5703.5,0.102296,0.005391
5704.5,0.102402,0.005398
5705.5,0.102506,0.005404
5706.5,0.102606,0.005410
5707.5,0.102702,0.005416
5708.5,0.102796,0.005421
5709.5,0.102885,0.005427
5710.5,0.102972,0.005432
5711.5,0.103054,0.005437
5712.5,0.103133,0.005442
5713.5,0.103209,0.005447
5714.5,0.103280,0.005451
5715.5,0.103347,0.005456
5716.5,0.103411,0.005460
5717.5,0.103470,0.005464
5718.5,0.103525,0.005467
5719.5,0.103576,0.005471
5720.5,0.103623,0.005474
5721.5,0.103666,0.005477
5722.5,0.103704,0.005479
5723.5,0.103737,0.005482
5724.5,0.103767,0.005484
5725.5,0.103792,0.005486
5726.5,0.103812,0.005487
5727.5,0.103828,0.005489
5728.5,0.103839,0.005490
5729.5,0.103846,0.005490
5730.5,0.103848,0.005491
5731.5,0.103846,0.005491
5732.5,0.103838,0.005491
5733.5,0.103827,0.005490
5734.5,0.103810,0.005490
5735.5,0.103789,0.005489
5736.5,0.103764,0.005487
5737.5,0.103734,0.005486
5738.5,0.103699,0.005484
5739.5,0.103660,0.005481
5740.5,0.103616,0.005479
5741.5,0.103568,0.005476
5742.5,0.103515,0.005473
5743.5,0.103458,0.005470
5744.5,0.103396,0.005466
5745.5,0.103330,0.005462
5746.5,0.103260,0.005457
5747.5,0.103185,0.005453
5748.5,0.103106,0.005448
5749.5,0.103023,0.005443
5750.5,0.102936,0.005437
5751.5,0.102845,0.005431
5752.5,0.102750,0.005425
5753.5,0.102652,0.005419
5754.5,0.102549,0.005412
5755.5,0.102443,0.005405
5756.5,0.102333,0.005398
5757.5,0.102219,0.005390
5758.5,0.102102,0.005383
5759.5,0.101982,0.005375
5760.5,0.101859,0.005367
5761.5,0.101732,0.005358
5762.5,0.101602,0.005350
5763.5,0.101469,0.005341
5764.5,0.101334,0.005332
5765.5,0.101196,0.005322
5766.5,0.101055,0.005313
5767.5,0.100911,0.005303
5768.5,0.100765,0.005293
5769.5,0.100617,0.005284
5770.5,0.100467,0.005273
5771.5,0.100315,0.005263
5772.5,0.100161,0.005253
5773.5,0.100005,0.005242
5774.5,0.099847,0.005231
5775.5,0.099688,0.005221
5776.5,0.099527,0.005210
5777.5,0.099365,0.005199
5778.5,0.099202,0.005188
5779.5,0.099038,0.005177
5780.5,0.098873,0.005166
5781.5,0.098707,0.005155
5782.5,0.098541,0.005144
5783.5,0.098374,0.005132
5784.5,0.098206,0.005121
5785.5,0.098039,0.005110
5786.5,0.097871,0.005099
5787.5,0.097703,0.005088
5788.5,0.097535,0.005077
5789.5,0.097368,0.005066
5790.5,0.097201,0.005055
5791.5,0.097034,0.005044
5792.5,0.096868,0.005033
5793.5,0.096702,0.005022
5794.5,0.096537,0.005012
5795.5,0.096374,0.005001
5796.5,0.096211,0.004991
5797.5,0.096049,0.004981
5798.5,0.095889,0.004971
5799.5,0.095730,0.004961
5800.5,0.095572,0.004951
5801.5,0.095416,0.004942
5802.5,0.095262,0.004933
5803.5,0.095109,0.004923
5804.5,0.094958,0.004914
5805.5,0.094810,0.004906
5806.5,0.094663,0.004897
5807.5,0.094518,0.004889
5808.5,0.094375,0.004881
5809.5,0.094235,0.004873
5810.5,0.094096,0.004865
5811.5,0.093961,0.004858
5812.5,0.093827,0.004851
5813.5,0.093696,0.004844
5814.5,0.093568,0.004837
5815.5,0.093442,0.004831
5816.5,0.093319,0.004825
5817.5,0.093199,0.004819
5818.5,0.093081,0.004814
5819.5,0.092967,0.004808
5820.5,0.092855,0.004803
5821.5,0.092746,0.004799
5822.5,0.092640,0.004794
5823.5,0.092537,0.004790
5824.5,0.092436,0.004786
5825.5,0.092339,0.004782
5826.5,0.092245,0.004779
5827.5,0.092154,0.004775
5828.5,0.092066,0.004773
5829.5,0.091981,0.004770
5830.5,0.091899,0.004767
5831.5,0.091820,0.004765
5832.5,0.091745,0.004763
5833.5,0.091672,0.004762
5834.5,0.091602,0.004760
5835.5,0.091536,0.004759
5836.5,0.091473,0.004758
5837.5,0.091412,0.004757
5838.5,0.091355,0.004757
5839.5,0.091301,0.004756
5840.5,0.091250,0.004756
5841.5,0.091201,0.004756
5842.5,0.091156,0.004756
5843.5,0.091114,0.004757
5844.5,0.091075,0.004758
5845.5,0.091039,0.004758
5846.5,0.091005,0.004759
5847.5,0.090975,0.004760
5848.5,0.090947,0.004762
5849.5,0.090922,0.004763
5850.5,0.090900,0.004765
5851.5,0.090881,0.004767
5852.5,0.090865,0.004768
5853.5,0.090851,0.004770
5854.5,0.090840,0.004772
5855.5,0.090831,0.004775
5856.5,0.090825,0.004777
5857.5,0.090822,0.004779
5858.5,0.090821,0.004782
5859.5,0.090823,0.004784
5860.5,0.090827,0.004787
5861.5,0.090834,0.004790
5862.5,0.090843,0.004793
5863.5,0.090854,0.004796
5864.5,0.090868,0.004798
5865.5,0.090884,0.004801
5866.5,0.090902,0.004804
5867.5,0.090923,0.004807
5868.5,0.090945,0.004811
5869.5,0.090970,0.004814
5870.5,0.090997,0.004817
5871.5,0.091026,0.004820
5872.5,0.091057,0.004823
5873.5,0.091090,0.004826
5874.5,0.091125,0.004830
5875.5,0.091162,0.004833
5876.5,0.091200,0.004836
5877.5,0.091241,0.004839
5878.5,0.091283,0.004843
5879.5,0.091327,0.004846
5880.5,0.091373,0.004849
5881.5,0.091421,0.004852
5882.5,0.091470,0.004855
5883.5,0.091521,0.004859
5884.5,0.091574,0.004862
5885.5,0.091628,0.004865
5886.5,0.091684,0.004868
5887.5,0.091741,0.004871
5888.5,0.091800,0.004874
5889.5,0.091861,0.004877
5890.5,0.091923,0.004880
5891.5,0.091986,0.004884
5892.5,0.092050,0.004887
5893.5,0.092116,0.004890
5894.5,0.092184,0.004893
5895.5,0.092252,0.004896
5896.5,0.092322,0.004899
5897.5,0.092393,0.004902
5898.5,0.092466,0.004905
5899.5,0.092539,0.004908
5900.5,0.092614,0.004911
5901.5,0.092690,0.004914
5902.5,0.092767,0.004917
5903.5,0.092845,0.004920
5904.5,0.092924,0.004923
5905.5,0.093004,0.004926
5906.5,0.093085,0.004929
5907.5,0.093167,0.004932
5908.5,0.093250,0.004935
5909.5,0.093334,0.004938
5910.5,0.093418,0.004941
5911.5,0.093504,0.004945
5912.5,0.093590,0.004948
5913.5,0.093677,0.004951
5914.5,0.093765,0.004954
5915.5,0.093853,0.004958
5916.5,0.093942,0.004961
5917.5,0.094032,0.004964
5918.5,0.094122,0.004968
5919.5,0.094212,0.004971
5920.5,0.094303,0.004975
5921.5,0.094395,0.004979
5922.5,0.094487,0.004982
5923.5,0.094579,0.004986
5924.5,0.094672,0.004990
5925.5,0.094764,0.004993
5926.5,0.094857,0.004997
5927.5,0.094951,0.005001
5928.5,0.095044,0.005005
5929.5,0.095137,0.005009
5930.5,0.095231,0.005013
5931.5,0.095324,0.005017
5932.5,0.095417,0.005021
5933.5,0.095510,0.005025
5934.5,0.095603,0.005030
5935.5,0.095696,0.005034
5936.5,0.095788,0.005038
5937.5,0.095880,0.005042
5938.5,0.095972,0.005047
5939.5,0.096063,0.005051
5940.5,0.096154,0.005055
5941.5,0.096244,0.005060
5942.5,0.096333,0.005064
5943.5,0.096422,0.005068
5944.5,0.096510,0.005073
5945.5,0.096597,0.005077
5946.5,0.096684,0.005081
5947.5,0.096769,0.005086
5948.5,0.096854,0.005090
5949.5,0.096937,0.005094
5950.5,0.097019,0.005098
5951.5,0.097101,0.005102
5952.5,0.097181,0.005106
5953.5,0.097260,0.005110
5954.5,0.097337,0.005114
5955.5,0.097413,0.005118
5956.5,0.097488,0.005122
5957.5,0.097561,0.005125
5958.5,0.097633,0.005129
5959.5,0.097703,0.005132
5960.5,0.097772,0.005136
5961.5,0.097839,0.005139
5962.5,0.097904,0.005142
5963.5,0.097968,0.005145
5964.5,0.098029,0.005148
5965.5,0.098089,0.005150
5966.5,0.098147,0.005153
5967.5,0.098203,0.005155
5968.5,0.098257,0.005157
5969.5,0.098309,0.005159
5970.5,0.098359,0.005161
5971.5,0.098407,0.005163
5972.5,0.098453,0.005165
5973.5,0.098496,0.005166
5974.5,0.098538,0.005167
5975.5,0.098577,0.005168
5976.5,0.098614,0.005169
5977.5,0.098649,0.005170
5978.5,0.098681,0.005171
5979.5,0.098711,0.005171
5980.5,0.098739,0.005171
5981.5,0.098765,0.005171
5982.5,0.098788,0.005171
5983.5,0.098809,0.005171
5984.5,0.098827,0.005170
5985.5,0.098843,0.005169
5986.5,0.098857,0.005169
5987.5,0.098868,0.005168
5988.5,0.098877,0.005166
5989.5,0.098883,0.005165
5990.5,0.098887,0.005164
5991.5,0.098889,0.005162
5992.5,0.098888,0.005160
5993.5,0.098885,0.005158
5994.5,0.098880,0.005156
5995.5,0.098872,0.005154
5996.5,0.098862,0.005152
5997.5,0.098849,0.005149
5998.5,0.098835,0.005147
5999.5,0.098817,0.005144
6000.5,0.098798,0.005142
6001.5,0.098777,0.005139
6002.5,0.098753,0.005136
6003.5,0.098727,0.005133
6004.5,0.098699,0.005130
6005.5,0.098668,0.005126
6006.5,0.098636,0.005123
6007.5,0.098601,0.005120
6008.5,0.098565,0.005116
6009.5,0.098526,0.005113
6010.5,0.098486,0.005109
6011.5,0.098443,0.005106
6012.5,0.098399,0.005102
6013.5,0.098353,0.005098
6014.5,0.098304,0.005095
6015.5,0.098255,0.005091
6016.5,0.098203,0.005087
6017.5,0.098150,0.005083
6018.5,0.098095,0.005079
6019.5,0.098038,0.005076
6020.5,0.097980,0.005072
6021.5,0.097921,0.005068
6022.5,0.097860,0.005064
6023.5,0.097797,0.005060
6024.5,0.097733,0.005056
6025.5,0.097668,0.005052
6026.5,0.097601,0.005048
6027.5,0.097534,0.005044
6028.5,0.097465,0.005040
6029.5,0.097395,0.005036
6030.5,0.097323,0.005032
6031.5,0.097251,0.005028
6032.5,0.097178,0.005024
6033.5,0.097104,0.005020
6034.5,0.097029,0.005017
6035.5,0.096953,0.005013
6036.5,0.096876,0.005009
6037.5,0.096798,0.005005
6038.5,0.096720,0.005001
6039.5,0.096641,0.004997
6040.5,0.096562,0.004993
6041.5,0.096481,0.004989
6042.5,0.096401,0.004985
6043.5,0.096319,0.004982
6044.5,0.096238,0.004978
6045.5,0.096156,0.004974
6046.5,0.096073,0.004970
6047.5,0.095990,0.004966
6048.5,0.095907,0.004963
6049.5,0.095824,0.004959
6050.5,0.095740,0.004955
6051.5,0.095656,0.004951
6052.5,0.095572,0.004948
6053.5,0.095488,0.004944
6054.5,0.095404,0.004940
6055.5,0.095319,0.004937
6056.5,0.095235,0.004933
6057.5,0.095150,0.004930
6058.5,0.095066,0.004926
6059.5,0.094982,0.004923
6060.5,0.094897,0.004919
6061.5,0.094813,0.004916
6062.5,0.094729,0.004913
6063.5,0.094645,0.004910
6064.5,0.094562,0.004906
6065.5,0.094478,0.004903
6066.5,0.094395,0.004900
6067.5,0.094312,0.004897
6068.5,0.094229,0.004894
6069.5,0.094146,0.004891
6070.5,0.094064,0.004888
6071.5,0.093982,0.004886
6072.5,0.093900,0.004883
6073.5,0.093819,0.004881
6074.5,0.093737,0.004878
6075.5,0.093657,0.004876
6076.5,0.093576,0.004873
6077.5,0.093496,0.004871
6078.5,0.093416,0.004869
6079.5,0.093337,0.004867
6080.5,0.093258,0.004865
6081.5,0.093179,0.004863
6082.5,0.093100,0.004861
6083.5,0.093022,0.004860
6084.5,0.092945,0.004858
6085.5,0.092868,0.004857
6086.5,0.092791,0.004855
6087.5,0.092714,0.004854
6088.5,0.092638,0.004853
6089.5,0.092562,0.004852
6090.5,0.092486,0.004851
6091.5,0.092411,0.004850
6092.5,0.092336,0.004849
6093.5,0.092262,0.004848
6094.5,0.092188,0.004847
6095.5,0.092114,0.004847
6096.5,0.092040,0.004846
6097.5,0.091967,0.004846
6098.5,0.091894,0.004845
6099.5,0.091822,0.004845
6100.5,0.091749,0.004845
6101.5,0.091677,0.004845
6102.5,0.091606,0.004844
6103.5,0.091534,0.004844
6104.5,0.091463,0.004844
6105.5,0.091392,0.004844
6106.5,0.091321,0.004844
6107.5,0.091250,0.004844
6108.5,0.091180,0.004844
6109.5,0.091110,0.004844
6110.5,0.091040,0.004844
6111.5,0.090970,0.004844
6112.5,0.090901,0.004844
6113.5,0.090832,0.004844
6114.5,0.090762,0.004844
6115.5,0.090693,0.004844
6116.5,0.090625,0.004844
6117.5,0.090556,0.004844
6118.5,0.090487,0.004844
6119.5,0.090419,0.004844
6120.5,0.090351,0.004844
6121.5,0.090283,0.004844
6122.5,0.090215,0.004843
6123.5,0.090147,0.004843
6124.5,0.090080,0.004843
6125.5,0.090012,0.004842
6126.5,0.089945,0.004841
6127.5,0.089878,0.004841
6128.5,0.089811,0.004840
6129.5,0.089744,0.004839
6130.5,0.089677,0.004839
6131.5,0.089611,0.004838
6132.5,0.089544,0.004837
6133.5,0.089478,0.004836
6134.5,0.089412,0.004834
6135.5,0.089346,0.004833
6136.5,0.089280,0.004832
6137.5,0.089215,0.004831
6138.5,0.089150,0.004829
6139.5,0.089084,0.004827
6140.5,0.089020,0.004826
6141.5,0.088955,0.004824
6142.5,0.088891,0.004822
6143.5,0.088827,0.004820
6144.5,0.088763,0.004819
6145.5,0.088699,0.004817
6146.5,0.088636,0.004815
6147.5,0.088573,0.004812
6148.5,0.088511,0.004810
6149.5,0.088448,0.004808
6150.5,0.088387,0.004806
6151.5,0.088325,0.004803
6152.5,0.088264,0.004801
6153.5,0.088204,0.004799
6154.5,0.088143,0.004796
6155.5,0.088084,0.004794
6156.5,0.088025,0.004791
6157.5,0.087966,0.004789
6158.5,0.087908,0.004786
6159.5,0.087850,0.004784
6160.5,0.087793,0.004781
6161.5,0.087736,0.004779
6162.5,0.087681,0.004776
6163.5,0.087625,0.004773
6164.5,0.087571,0.004771
6165.5,0.087517,0.004768
6166.5,0.087463,0.004766
6167.5,0.087411,0.004763
6168.5,0.087359,0.004761
6169.5,0.087308,0.004759
6170.5,0.087258,0.004756
6171.5,0.087208,0.004754
6172.5,0.087159,0.004752
6173.5,0.087111,0.004749
6174.5,0.087064,0.004747
6175.5,0.087018,0.004745
6176.5,0.086972,0.004743
6177.5,0.086928,0.004741
6178.5,0.086884,0.004739
6179.5,0.086842,0.004737
6180.5,0.086800,0.004735
6181.5,0.086759,0.004733
6182.5,0.086719,0.004732
6183.5,0.086680,0.004730
6184.5,0.086642,0.004728
6185.5,0.086606,0.004727
6186.5,0.086570,0.004725
6187.5,0.086535,0.004724
6188.5,0.086501,0.004723
6189.5,0.086468,0.004721
6190.5,0.086436,0.004720
6191.5,0.086406,0.004719
6192.5,0.086376,0.004718
6193.5,0.086348,0.004717
6194.5,0.086320,0.004716
6195.5,0.086294,0.004715
6196.5,0.086268,0.004714
6197.5,0.086244,0.004713
6198.5,0.086221,0.004713
6199.5,0.086199,0.004712
6200.5,0.086178,0.004711
6201.5,0.086158,0.004711
6202.5,0.086139,0.004710
6203.5,0.086122,0.004709
6204.5,0.086105,0.004709
6205.5,0.086090,0.004708
6206.5,0.086075,0.004708
6207.5,0.086062,0.004707
6208.5,0.086050,0.004707
6209.5,0.086039,0.004707
6210.5,0.086028,0.004706
6211.5,0.086020,0.004706
6212.5,0.086012,0.004705
6213.5,0.086005,0.004705
6214.5,0.085999,0.004705
6215.5,0.085994,0.004704
6216.5,0.085991,0.004704
6217.5,0.085988,0.004704
6218.5,0.085986,0.004703
6219.5,0.085986,0.004703
6220.5,0.085986,0.004702
6221.5,0.085988,0.004702
6222.5,0.085991,0.004702
6223.5,0.085994,0.004701
6224.5,0.085999,0.004701
6225.5,0.086004,0.004700
6226.5,0.086011,0.004699
6227.5,0.086018,0.004699
6228.5,0.086027,0.004698
6229.5,0.086036,0.004698
6230.5,0.086047,0.004697
6231.5,0.086058,0.004696
6232.5,0.086071,0.004695
6233.5,0.086084,0.004695
6234.5,0.086098,0.004694
6235.5,0.086114,0.004693
6236.5,0.086130,0.004692
6237.5,0.086147,0.004691
6238.5,0.086165,0.004690
6239.5,0.086184,0.004689
6240.5,0.086204,0.004688
6241.5,0.086225,0.004687
6242.5,0.086247,0.004686
6243.5,0.086270,0.004684
6244.5,0.086294,0.004683
6245.5,0.086319,0.004682
6246.5,0.086344,0.004681
6247.5,0.086371,0.004679
6248.5,0.086399,0.004678
6249.5,0.086427,0.004677
6250.5,0.086457,0.004675
6251.5,0.086487,0.004674
6252.5,0.086519,0.004672
6253.5,0.086551,0.004671
6254.5,0.086585,0.004670
6255.5,0.086619,0.004668
6256.5,0.086655,0.004667
6257.5,0.086691,0.004665
6258.5,0.086729,0.004664
6259.5,0.086767,0.004662
6260.5,0.086807,0.004661
6261.5,0.086847,0.004660
6262.5,0.086889,0.004658
6263.5,0.086932,0.004657
6264.5,0.086976,0.004655
6265.5,0.087021,0.004654
6266.5,0.087067,0.004653
6267.5,0.087114,0.004651
6268.5,0.087162,0.004650
6269.5,0.087212,0.004649
6270.5,0.087262,0.004648
6271.5,0.087314,0.004647
6272.5,0.087367,0.004646
6273.5,0.087421,0.004645
6274.5,0.087477,0.004644
6275.5,0.087533,0.004643
6276.5,0.087591,0.004642
6277.5,0.087650,0.004642
6278.5,0.087710,0.004641
6279.5,0.087772,0.004641
6280.5,0.087835,0.004640
6281.5,0.087899,0.004640
6282.5,0.087964,0.004639
6283.5,0.088031,0.004639
6284.5,0.088099,0.004639
6285.5,0.088168,0.004639
6286.5,0.088239,0.004639
6287.5,0.088311,0.004640
6288.5,0.088385,0.004640
6289.5,0.088460,0.004640
6290.5,0.088536,0.004641
6291.5,0.088613,0.004642
6292.5,0.088692,0.004642
6293.5,0.088773,0.004643
6294.5,0.088854,0.004644
6295.5,0.088937,0.004645
6296.5,0.089022,0.004647
6297.5,0.089108,0.004648
6298.5,0.089195,0.004650
6299.5,0.089284,0.004651
6300.5,0.089374,0.004653
6301.5,0.089465,0.004655
6302.5,0.089558,0.004657
6303.5,0.089652,0.004659
6304.5,0.089747,0.004661
6305.5,0.089844,0.004664
6306.5,0.089942,0.004666
6307.5,0.090042,0.004669
6308.5,0.090143,0.004671
6309.5,0.090245,0.004674
6310.5,0.090348,0.004677
6311.5,0.090453,0.004680
6312.5,0.090559,0.004684
6313.5,0.090666,0.004687
6314.5,0.090775,0.004690
6315.5,0.090884,0.004694
6316.5,0.090995,0.004698
6317.5,0.091107,0.004701
6318.5,0.091220,0.004705
6319.5,0.091334,0.004709
6320.5,0.091449,0.004713
6321.5,0.091566,0.004717
6322.5,0.091683,0.004722
6323.5,0.091801,0.004726
6324.5,0.091920,0.004731
6325.5,0.092040,0.004735
6326.5,0.092161,0.004740
6327.5,0.092283,0.004744
6328.5,0.092405,0.004749
6329.5,0.092529,0.004754
6330.5,0.092653,0.004759
6331.5,0.092777,0.004764
6332.5,0.092903,0.004769
6333.5,0.093028,0.004774
6334.5,0.093155,0.004779
6335.5,0.093282,0.004784
6336.5,0.093409,0.004789
6337.5,0.093537,0.004794
6338.5,0.093665,0.004800
6339.5,0.093793,0.004805
6340.5,0.093921,0.004810
6341.5,0.094050,0.004815
6342.5,0.094179,0.004821
6343.5,0.094308,0.004826
6344.5,0.094437,0.004832
6345.5,0.094566,0.004837
6346.5,0.094695,0.004842
6347.5,0.094823,0.004848
6348.5,0.094952,0.004853
6349.5,0.095080,0.004858
6350.5,0.095208,0.004863
6351.5,0.095336,0.004869
6352.5,0.095463,0.004874
6353.5,0.095590,0.004879
6354.5,0.095716,0.004884
6355.5,0.095841,0.004889
6356.5,0.095966,0.004894
6357.5,0.096091,0.004900
6358.5,0.096214,0.004904
6359.5,0.096337,0.004909
6360.5,0.096459,0.004914
6361.5,0.096580,0.004919
6362.5,0.096700,0.004924
6363.5,0.096819,0.004928
6364.5,0.096936,0.004933
6365.5,0.097053,0.004937
6366.5,0.097168,0.004942
6367.5,0.097283,0.004946
6368.5,0.097396,0.004950
6369.5,0.097507,0.004955
6370.5,0.097617,0.004959
6371.5,0.097726,0.004963
6372.5,0.097833,0.004967
6373.5,0.097939,0.004970
6374.5,0.098043,0.004974
6375.5,0.098146,0.004978
6376.5,0.098246,0.004981
6377.5,0.098345,0.004985
6378.5,0.098443,0.004988
6379.5,0.098538,0.004991
6380.5,0.098632,0.004994
6381.5,0.098723,0.004997
6382.5,0.098813,0.005000
6383.5,0.098901,0.005003
6384.5,0.098986,0.005005
6385.5,0.099070,0.005008
6386.5,0.099152,0.005010
6387.5,0.099231,0.005012
6388.5,0.099309,0.005015
6389.5,0.099384,0.005017
6390.5,0.099457,0.005019
6391.5,0.099528,0.005020
6392.5,0.099596,0.005022
6393.5,0.099663,0.005024
6394.5,0.099727,0.005025
6395.5,0.099788,0.005027
6396.5,0.099848,0.005028
6397.5,0.099905,0.005029
6398.5,0.099959,0.005030
6399.5,0.100011,0.005031
6400.5,0.100061,0.005032
6401.5,0.100109,0.005033
6402.5,0.100154,0.005034
6403.5,0.100196,0.005034
6404.5,0.100236,0.005035
6405.5,0.100274,0.005035
6406.5,0.100309,0.005036
6407.5,0.100342,0.005036
6408.5,0.100372,0.005036
6409.5,0.100400,0.005036
6410.5,0.100425,0.005036
6411.5,0.100448,0.005036
6412.5,0.100469,0.005036
6413.5,0.100487,0.005036
6414.5,0.100502,0.005035
6415.5,0.100515,0.005035
6416.5,0.100526,0.005034
6417.5,0.100534,0.005034
6418.5,0.100540,0.005033
6419.5,0.100543,0.005033
6420.5,0.100544,0.005032
6421.5,0.100543,0.005031
6422.5,0.100539,0.005030
6423.5,0.100533,0.005029
6424.5,0.100525,0.005029
6425.5,0.100514,0.005028
6426.5,0.100500,0.005027
6427.5,0.100485,0.005025
6428.5,0.100467,0.005024
6429.5,0.100447,0.005023
6430.5,0.100425,0.005022
6431.5,0.100400,0.005021
6432.5,0.100374,0.005020
6433.5,0.100345,0.005018
6434.5,0.100314,0.005017
6435.5,0.100280,0.005016
6436.5,0.100245,0.005014
6437.5,0.100208,0.005013
6438.5,0.100168,0.005012
6439.5,0.100127,0.005010
6440.5,0.100083,0.005009
6441.5,0.100037,0.005007
6442.5,0.099990,0.005006
6443.5,0.099940,0.005004
6444.5,0.099889,0.005003
6445.5,0.099835,0.005001
6446.5,0.099780,0.005000
6447.5,0.099723,0.004998
6448.5,0.099664,0.004996
6449.5,0.099604,0.004995
6450.5,0.099541,0.004993
6451.5,0.099477,0.004992
6452.5,0.099411,0.004990
6453.5,0.099343,0.004988
6454.5,0.099274,0.004987
6455.5,0.099203,0.004985
6456.5,0.099130,0.004983
6457.5,0.099056,0.004982
6458.5,0.098980,0.004980
6459.5,0.098903,0.004978
6460.5,0.098824,0.004976
6461.5,0.098744,0.004975
6462.5,0.098662,0.004973
6463.5,0.098579,0.004971
6464.5,0.098495,0.004969
6465.5,0.098409,0.004967
6466.5,0.098321,0.004965
6467.5,0.098233,0.004963
6468.5,0.098143,0.004962
6469.5,0.098052,0.004960
6470.5,0.097959,0.004958
6471.5,0.097866,0.004956
6472.5,0.097771,0.004954
6473.5,0.097675,0.004951
6474.5,0.097578,0.004949
6475.5,0.097480,0.004947
6476.5,0.097380,0.004945
6477.5,0.097280,0.004943
6478.5,0.097179,0.004940
6479.5,0.097076,0.004938
6480.5,0.096973,0.004936
6481.5,0.096869,0.004933
6482.5,0.096763,0.004931
6483.5,0.096657,0.004928
6484.5,0.096550,0.004926
6485.5,0.096443,0.004923
6486.5,0.096334,0.004921
6487.5,0.096225,0.004918
6488.5,0.096115,0.004915
6489.5,0.096004,0.004912
6490.5,0.095893,0.004909
6491.5,0.095781,0.004906
6492.5,0.095668,0.004903
6493.5,0.095555,0.004900
6494.5,0.095441,0.004897
6495.5,0.095326,0.004894
6496.5,0.095212,0.004891
6497.5,0.095096,0.004888
6498.5,0.094981,0.004884
6499.5,0.094865,0.004881
6500.5,0.094748,0.004877
6501.5,0.094632,0.004874
6502.5,0.094515,0.004870
6503.5,0.094397,0.004866
6504.5,0.094280,0.004863
6505.5,0.094162,0.004859
6506.5,0.094045,0.004855
6507.5,0.093927,0.004851
6508.5,0.093809,0.004847
6509.5,0.093691,0.004843
6510.5,0.093574,0.004839
6511.5,0.093456,0.004835
6512.5,0.093339,0.004830
6513.5,0.093221,0.004826
6514.5,0.093104,0.004822
6515.5,0.092987,0.004817
6516.5,0.092871,0.004813
6517.5,0.092755,0.004808
6518.5,0.092639,0.004804
6519.5,0.092524,0.004799
6520.5,0.092409,0.004794
6521.5,0.092295,0.004790
6522.5,0.092182,0.004785
6523.5,0.092069,0.004780
6524.5,0.091957,0.004775
6525.5,0.091845,0.004770
6526.5,0.091735,0.004765
6527.5,0.091625,0.004760
6528.5,0.091516,0.004755
6529.5,0.091408,0.004750
6530.5,0.091302,0.004745
6531.5,0.091196,0.004740
6532.5,0.091092,0.004735
6533.5,0.090988,0.004730
6534.5,0.090886,0.004725
6535.5,0.090786,0.004720
6536.5,0.090687,0.004715
6537.5,0.090589,0.004709
6538.5,0.090492,0.004704
6539.5,0.090398,0.004699
6540.5,0.090305,0.004694
6541.5,0.090213,0.004689
6542.5,0.090124,0.004684
6543.5,0.090036,0.004679
6544.5,0.089950,0.004673
6545.5,0.089865,0.004668
6546.5,0.089783,0.004663
6547.5,0.089703,0.004658
6548.5,0.089625,0.004653
6549.5,0.089549,0.004648
6550.5,0.089476,0.004643
6551.5,0.089404,0.004639
6552.5,0.089335,0.004634
6553.5,0.089269,0.004629
6554.5,0.089204,0.004624
6555.5,0.089143,0.004620
6556.5,0.089083,0.004615
6557.5,0.089027,0.004611
6558.5,0.088973,0.004606
6559.5,0.088921,0.004602
6560.5,0.088873,0.004598
6561.5,0.088827,0.004594
6562.5,0.088784,0.004589
6563.5,0.088744,0.004586
6564.5,0.088707,0.004582
6565.5,0.088672,0.004578
6566.5,0.088641,0.004575
6567.5,0.088613,0.004571
6568.5,0.088588,0.004568
6569.5,0.088566,0.004565
6570.5,0.088547,0.004562
6571.5,0.088531,0.004559
6572.5,0.088519,0.004556
6573.5,0.088510,0.004554
6574.5,0.088504,0.004551
6575.5,0.088501,0.004549
6576.5,0.088502,0.004547
6577.5,0.088506,0.004545
6578.5,0.088513,0.004544
6579.5,0.088524,0.004542
6580.5,0.088538,0.004541
6581.5,0.088555,0.004540
6582.5,0.088576,0.004539
6583.5,0.088600,0.004538
6584.5,0.088628,0.004538
6585.5,0.088659,0.004538
6586.5,0.088693,0.004538
6587.5,0.088731,0.004538
6588.5,0.088772,0.004539
6589.5,0.088816,0.004540
6590.5,0.088864,0.004541
6591.5,0.088915,0.004542
6592.5,0.088969,0.004544
6593.5,0.089026,0.004545
6594.5,0.089087,0.004547
6595.5,0.089151,0.004550
6596.5,0.089218,0.004552
6597.5,0.089289,0.004555
6598.5,0.089362,0.004558
6599.5,0.089438,0.004562
6600.5,0.089518,0.004565
6601.5,0.089600,0.004569
6602.5,0.089685,0.004573
6603.5,0.089773,0.004577
6604.5,0.089864,0.004582
6605.5,0.089958,0.004587
6606.5,0.090054,0.004592
6607.5,0.090153,0.004598
6608.5,0.090254,0.004603
6609.5,0.090358,0.004609
6610.5,0.090464,0.004615
6611.5,0.090572,0.004621
6612.5,0.090683,0.004628
6613.5,0.090796,0.004635
6614.5,0.090911,0.004642
6615.5,0.091028,0.004649
6616.5,0.091146,0.004656
6617.5,0.091267,0.004664
6618.5,0.091389,0.004672
6619.5,0.091513,0.004680
6620.5,0.091638,0.004688
6621.5,0.091765,0.004696
6622.5,0.091893,0.004705
6623.5,0.092022,0.004713
6624.5,0.092152,0.004722
6625.5,0.092283,0.004731
6626.5,0.092416,0.004740
6627.5,0.092549,0.004749
6628.5,0.092682,0.004758
6629.5,0.092816,0.004767
6630.5,0.092951,0.004776
6631.5,0.093086,0.004786
6632.5,0.093221,0.004795
6633.5,0.093357,0.004805
6634.5,0.093492,0.004814
6635.5,0.093628,0.004824
6636.5,0.093763,0.004833
6637.5,0.093898,0.004843
6638.5,0.094032,0.004852
6639.5,0.094166,0.004861
6640.5,0.094300,0.004871
6641.5,0.094432,0.004880
6642.5,0.094564,0.004889
6643.5,0.094695,0.004898
6644.5,0.094825,0.004907
6645.5,0.094953,0.004916
6646.5,0.095081,0.004925
6647.5,0.095207,0.004934
6648.5,0.095332,0.004942
6649.5,0.095455,0.004951
6650.5,0.095577,0.004959
6651.5,0.095696,0.004967
6652.5,0.095815,0.004975
6653.5,0.095931,0.004982
6654.5,0.096045,0.004990
6655.5,0.096157,0.004997
6656.5,0.096268,0.005004
6657.5,0.096376,0.005011
6658.5,0.096482,0.005017
6659.5,0.096585,0.005023
6660.5,0.096686,0.005029
6661.5,0.096785,0.005035
6662.5,0.096881,0.005041
6663.5,0.096975,0.005046
6664.5,0.097066,0.005051
6665.5,0.097154,0.005056
6666.5,0.097240,0.005060
6667.5,0.097323,0.005064
6668.5,0.097404,0.005068
6669.5,0.097481,0.005071
6670.5,0.097556,0.005075
6671.5,0.097628,0.005078
6672.5,0.097698,0.005080
6673.5,0.097764,0.005083
6674.5,0.097827,0.005085
6675.5,0.097888,0.005086
6676.5,0.097946,0.005088
6677.5,0.098001,0.005089
6678.5,0.098053,0.005090
6679.5,0.098102,0.005090
6680.5,0.098148,0.005091
6681.5,0.098192,0.005091
6682.5,0.098233,0.005090
6683.5,0.098271,0.005090
6684.5,0.098306,0.005089
6685.5,0.098338,0.005088
6686.5,0.098368,0.005087
6687.5,0.098396,0.005085
6688.5,0.098420,0.005083
6689.5,0.098442,0.005081
6690.5,0.098462,0.005079
6691.5,0.098479,0.005076
6692.5,0.098494,0.005074
6693.5,0.098506,0.005071
6694.5,0.098516,0.005068
6695.5,0.098524,0.005065
6696.5,0.098530,0.005061
6697.5,0.098534,0.005058
6698.5,0.098535,0.005054
6699.5,0.098535,0.005050
6700.5,0.098533,0.005046
6701.5,0.098529,0.005042
6702.5,0.098524,0.005038
6703.5,0.098516,0.005034
6704.5,0.098508,0.005029
6705.5,0.098498,0.005025
6706.5,0.098486,0.005021
6707.5,0.098473,0.005016
6708.5,0.098459,0.005012
6709.5,0.098444,0.005007
6710.5,0.098428,0.005003
6711.5,0.098411,0.004998
6712.5,0.098393,0.004994
6713.5,0.098375,0.004989
6714.5,0.098355,0.004985
6715.5,0.098336,0.004980
6716.5,0.098315,0.004976
6717.5,0.098295,0.004972
6718.5,0.098274,0.004968
6719.5,0.098253,0.004963
6720.5,0.098231,0.004960
6721.5,0.098210,0.004956
6722.5,0.098189,0.004952
6723.5,0.098168,0.004948
6724.5,0.098147,0.004945
6725.5,0.098127,0.004941
6726.5,0.098107,0.004938
6727.5,0.098087,0.004935
6728.5,0.098068,0.004932
6729.5,0.098050,0.004930
6730.5,0.098032,0.004927
6731.5,0.098015,0.004925
6732.5,0.098000,0.004923
6733.5,0.097985,0.004921
6734.5,0.097971,0.004919
6735.5,0.097958,0.004917
6736.5,0.097946,0.004916
6737.5,0.097935,0.004915
6738.5,0.097926,0.004914
6739.5,0.097918,0.004913
6740.5,0.097912,0.004912
6741.5,0.097907,0.004912
6742.5,0.097903,0.004912
6743.5,0.097901,0.004912
6744.5,0.097900,0.004912
6745.5,0.097901,0.004912
6746.5,0.097904,0.004913
6747.5,0.097908,0.004913
6748.5,0.097915,0.004914
6749.5,0.097922,0.004916
6750.5,0.097932,0.004917
6751.5,0.097944,0.004918
6752.5,0.097957,0.004920
6753.5,0.097972,0.004922
6754.5,0.097989,0.004924
6755.5,0.098008,0.004926
6756.5,0.098029,0.004928
6757.5,0.098052,0.004931
6758.5,0.098077,0.004933
6759.5,0.098103,0.004936
6760.5,0.098132,0.004939
6761.5,0.098162,0.004941
6762.5,0.098195,0.004944
6763.5,0.098229,0.004948
6764.5,0.098265,0.004951
6765.5,0.098303,0.004954
6766.5,0.098344,0.004958
6767.5,0.098385,0.004961
6768.5,0.098429,0.004965
6769.5,0.098475,0.004968
6770.5,0.098522,0.004972
6771.5,0.098572,0.004976
6772.5,0.098623,0.004979
6773.5,0.098676,0.004983
6774.5,0.098730,0.004987
6775.5,0.098787,0.004991
6776.5,0.098844,0.004995
6777.5,0.098904,0.004999
6778.5,0.098965,0.005002
6779.5,0.099028,0.005006
6780.5,0.099092,0.005010
6781.5,0.099158,0.005014
6782.5,0.099225,0.005018
6783.5,0.099294,0.005022
6784.5,0.099364,0.005026
6785.5,0.099436,0.005030
6786.5,0.099508,0.005033
6787.5,0.099582,0.005037
6788.5,0.099658,0.005041
6789.5,0.099734,0.005045
6790.5,0.099811,0.005048
6791.5,0.099890,0.005052
6792.5,0.099970,0.005056
6793.5,0.100050,0.005059
6794.5,0.100132,0.005063
6795.5,0.100214,0.005066
6796.5,0.100297,0.005069
6797.5,0.100381,0.005073
6798.5,0.100466,0.005076
6799.5,0.100552,0.005079
6800.5,0.100638,0.005082
6801.5,0.100724,0.005085
6802.5,0.100812,0.005088
6803.5,0.100899,0.005091
6804.5,0.100988,0.005094
6805.5,0.101076,0.005097
6806.5,0.101165,0.005100
6807.5,0.101254,0.005103
6808.5,0.101344,0.005106
6809.5,0.101434,0.005108
6810.5,0.101523,0.005111
6811.5,0.101613,0.005114
6812.5,0.101703,0.005116
6813.5,0.101794,0.005119
6814.5,0.101884,0.005121
6815.5,0.101974,0.005123
6816.5,0.102064,0.005126
6817.5,0.102153,0.005128
6818.5,0.102243,0.005130
6819.5,0.102332,0.005133
6820.5,0.102421,0.005135
6821.5,0.102510,0.005137
6822.5,0.102598,0.005139
6823.5,0.102686,0.005141
6824.5,0.102773,0.005143
6825.5,0.102860,0.005145
6826.5,0.102946,0.005147
6827.5,0.103032,0.005149
6828.5,0.103117,0.005151
6829.5,0.103202,0.005153
6830.5,0.103286,0.005155
6831.5,0.103369,0.005157
6832.5,0.103451,0.005158
6833.5,0.103533,0.005160
6834.5,0.103614,0.005162
6835.5,0.103694,0.005164
6836.5,0.103773,0.005166
6837.5,0.103851,0.005167
6838.5,0.103928,0.005169
6839.5,0.104004,0.005171
6840.5,0.104080,0.005172
6841.5,0.104154,0.005174
6842.5,0.104227,0.005175
6843.5,0.104299,0.005177
6844.5,0.104370,0.005179
6845.5,0.104440,0.005180
6846.5,0.104509,0.005181
6847.5,0.104576,0.005183
6848.5,0.104642,0.005184
6849.5,0.104708,0.005186
6850.5,0.104771,0.005187
6851.5,0.104834,0.005188
6852.5,0.104895,0.005190
6853.5,0.104955,0.005191
6854.5,0.105014,0.005192
6855.5,0.105072,0.005193
6856.5,0.105128,0.005194
6857.5,0.105182,0.005195
6858.5,0.105236,0.005196
6859.5,0.105288,0.005197
6860.5,0.105339,0.005198
6861.5,0.105388,0.005199
6862.5,0.105436,0.005200
6863.5,0.105482,0.005201
6864.5,0.105527,0.005201
6865.5,0.105571,0.005202
6866.5,0.105613,0.005203
6867.5,0.105653,0.005203
6868.5,0.105693,0.005204
6869.5,0.105731,0.005204
6870.5,0.105767,0.005204
6871.5,0.105802,0.005205
6872.5,0.105835,0.005205
6873.5,0.105867,0.005205
6874.5,0.105898,0.005205
6875.5,0.105927,0.005205
6876.5,0.105955,0.005205
6877.5,0.105981,0.005205
6878.5,0.106006,0.005205
6879.5,0.106030,0.005204
6880.5,0.106052,0.005204
6881.5,0.106072,0.005204
6882.5,0.106091,0.005203
6883.5,0.106109,0.005203
6884.5,0.106126,0.005202
6885.5,0.106141,0.005202
6886.5,0.106154,0.005201
6887.5,0.106167,0.005200
6888.5,0.106178,0.005199
6889.5,0.106187,0.005199
6890.5,0.106196,0.005198
6891.5,0.106203,0.005197
6892.5,0.106208,0.005196
6893.5,0.106213,0.005195
6894.5,0.106216,0.005194
6895.5,0.106218,0.005192
6896.5,0.106218,0.005191
6897.5,0.106218,0.005190
6898.5,0.106216,0.005189
6899.5,0.106213,0.005188
6900.5,0.106209,0.005186
6901.5,0.106204,0.005185
6902.5,0.106198,0.005184
6903.5,0.106190,0.005182
6904.5,0.106182,0.005181
6905.5,0.106172,0.005179
6906.5,0.106162,0.005178
6907.5,0.106150,0.005176
6908.5,0.106137,0.005175
6909.5,0.106124,0.005174
6910.5,0.106109,0.005172
6911.5,0.106093,0.005171
6912.5,0.106077,0.005169
6913.5,0.106060,0.005168
6914.5,0.106041,0.005166
6915.5,0.106022,0.005165
6916.5,0.106003,0.005163
6917.5,0.105982,0.005162
6918.5,0.105960,0.005160
6919.5,0.105938,0.005159
6920.5,0.105915,0.005157
6921.5,0.105891,0.005156
6922.5,0.105867,0.005154
6923.5,0.105842,0.005153
6924.5,0.105816,0.005152
6925.5,0.105790,0.005150
6926.5,0.105763,0.005149
6927.5,0.105736,0.005147
6928.5,0.105708,0.005146
6929.5,0.105679,0.005145
6930.5,0.105650,0.005143
6931.5,0.105620,0.005142
6932.5,0.105591,0.005140
6933.5,0.105560,0.005139
6934.5,0.105529,0.005138
6935.5,0.105498,0.005136
6936.5,0.105467,0.005135
6937.5,0.105435,0.005134
6938.5,0.105402,0.005132
6939.5,0.105370,0.005131
6940.5,0.105337,0.005130
6941.5,0.105304,0.005128
6942.5,0.105271,0.005127
6943.5,0.105238,0.005126
6944.5,0.105204,0.005124
6945.5,0.105170,0.005123
6946.5,0.105137,0.005121
6947.5,0.105103,0.005120
6948.5,0.105069,0.005119
6949.5,0.105035,0.005117
6950.5,0.105001,0.005115
6951.5,0.104967,0.005114
6952.5,0.104932,0.005112
6953.5,0.104898,0.005111
6954.5,0.104865,0.005109
6955.5,0.104831,0.005107
6956.5,0.104797,0.005106
6957.5,0.104763,0.005104
6958.5,0.104730,0.005102
6959.5,0.104697,0.005100
6960.5,0.104664,0.005098
6961.5,0.104631,0.005096
6962.5,0.104599,0.005094
6963.5,0.104566,0.005092
6964.5,0.104535,0.005090
6965.5,0.104503,0.005088
6966.5,0.104472,0.005086
6967.5,0.104441,0.005084
6968.5,0.104411,0.005082
6969.5,0.104381,0.005079
6970.5,0.104351,0.005077
6971.5,0.104323,0.005074
6972.5,0.104294,0.005072
6973.5,0.104266,0.005069
6974.5,0.104239,0.005067
6975.5,0.104212,0.005064
6976.5,0.104186,0.005061
6977.5,0.104161,0.005059
6978.5,0.104136,0.005056
6979.5,0.104112,0.005053
6980.5,0.104088,0.005050
6981.5,0.104066,0.005047
6982.5,0.104044,0.005045
6983.5,0.104022,0.005042
6984.5,0.104002,0.005039
6985.5,0.103983,0.005036
6986.5,0.103964,0.005033
6987.5,0.103946,0.005030
6988.5,0.103930,0.005027
6989.5,0.103914,0.005024
6990.5,0.103899,0.005020
6991.5,0.103885,0.005017
6992.5,0.103872,0.005014
6993.5,0.103860,0.005011
6994.5,0.103849,0.005008
6995.5,0.103840,0.005005
6996.5,0.103831,0.005002
6997.5,0.103823,0.004999
6998.5,0.103817,0.004996
6999.5,0.103812,0.004993
7000.5,0.103807,0.004990
7001.5,0.103805,0.004987
7002.5,0.103803,0.004984
7003.5,0.103802,0.004982
7004.5,0.103803,0.004979
7005.5,0.103805,0.004976
7006.5,0.103808,0.004974
7007.5,0.103813,0.004971
7008.5,0.103819,0.004968
7009.5,0.103826,0.004966
7010.5,0.103835,0.004964
7011.5,0.103845,0.004961
7012.5,0.103856,0.004959
7013.5,0.103868,0.004957
7014.5,0.103882,0.004955
7015.5,0.103898,0.004953
7016.5,0.103915,0.004951
7017.5,0.103933,0.004950
7018.5,0.103952,0.004948
7019.5,0.103973,0.004946
7020.5,0.103996,0.004945
7021.5,0.104020,0.004944
7022.5,0.104045,0.004943
7023.5,0.104072,0.004942
7024.5,0.104100,0.004941
7025.5,0.104129,0.004940
7026.5,0.104160,0.004939
7027.5,0.104193,0.004939
7028.5,0.104226,0.004938
7029.5,0.104262,0.004938
7030.5,0.104298,0.004938
7031.5,0.104336,0.004938
7032.5,0.104376,0.004938
7033.5,0.104416,0.004938
7034.5,0.104459,0.004938
7035.5,0.104502,0.004939
7036.5,0.104547,0.004939
7037.5,0.104593,0.004940
7038.5,0.104641,0.004941
7039.5,0.104690,0.004942
7040.5,0.104740,0.004943
7041.5,0.104791,0.004944
7042.5,0.104844,0.004945
7043.5,0.104898,0.004947
7044.5,0.104953,0.004948
7045.5,0.105009,0.004950
7046.5,0.105067,0.004952
7047.5,0.105126,0.004954
7048.5,0.105185,0.004956
7049.5,0.105246,0.004958
7050.5,0.105308,0.004960
7051.5,0.105371,0.004962
7052.5,0.105436,0.004965
7053.5,0.105501,0.004967
7054.5,0.105567,0.004969
7055.5,0.105634,0.004972
7056.5,0.105702,0.004975
7057.5,0.105771,0.004977
7058.5,0.105841,0.004980
7059.5,0.105911,0.004983
7060.5,0.105983,0.004986
7061.5,0.106055,0.004989
7062.5,0.106128,0.004992
7063.5,0.106201,0.004995
7064.5,0.106276,0.004998
7065.5,0.106351,0.005001
7066.5,0.106426,0.005004
7067.5,0.106503,0.005007
7068.5,0.106579,0.005010
7069.5,0.106657,0.005013
7070.5,0.106734,0.005016
7071.5,0.106813,0.005019
7072.5,0.106891,0.005022
7073.5,0.106970,0.005025
7074.5,0.107050,0.005028
7075.5,0.107129,0.005031
7076.5,0.107209,0.005034
7077.5,0.107290,0.005037
7078.5,0.107370,0.005040
7079.5,0.107451,0.005043
7080.5,0.107532,0.005046
7081.5,0.107612,0.005049
7082.5,0.107694,0.005052
7083.5,0.107775,0.005055
7084.5,0.107856,0.005058
7085.5,0.107937,0.005060
7086.5,0.108018,0.005063
7087.5,0.108099,0.005065
7088.5,0.108180,0.005068
7089.5,0.108261,0.005070
7090.5,0.108342,0.005073
7091.5,0.108423,0.005075
7092.5,0.108503,0.005077
7093.5,0.108583,0.005080
7094.5,0.108663,0.005082
7095.5,0.108743,0.005084
7096.5,0.108822,0.005086
7097.5,0.108901,0.005088
7098.5,0.108980,0.005090
7099.5,0.109059,0.005092
7100.5,0.109137,0.005094
7101.5,0.109214,0.005095
7102.5,0.109291,0.005097
7103.5,0.109368,0.005099
7104.5,0.109444,0.005100
7105.5,0.109520,0.005102
7106.5,0.109596,0.005103
7107.5,0.109670,0.005105
7108.5,0.109745,0.005106
7109.5,0.109818,0.005107
7110.5,0.109891,0.005109
7111.5,0.109964,0.005110
7112.5,0.110036,0.005111
7113.5,0.110107,0.005112
7114.5,0.110178,0.005113
7115.5,0.110248,0.005114
7116.5,0.110318,0.005115
7117.5,0.110386,0.005116
7118.5,0.110454,0.005117
7119.5,0.110522,0.005118
7120.5,0.110589,0.005119
7121.5,0.110655,0.005120
7122.5,0.110720,0.005121
7123.5,0.110785,0.005122
7124.5,0.110849,0.005123
7125.5,0.110912,0.005124
7126.5,0.110975,0.005125
7127.5,0.111036,0.005126
7128.5,0.111097,0.005127
7129.5,0.111158,0.005128
7130.5,0.111217,0.005129
7131.5,0.111276,0.005129
7132.5,0.111334,0.005130
7133.5,0.111391,0.005131
7134.5,0.111448,0.005132
7135.5,0.111504,0.005133
7136.5,0.111559,0.005134
7137.5,0.111613,0.005135
7138.5,0.111667,0.005136
7139.5,0.111719,0.005137
7140.5,0.111771,0.005138
7141.5,0.111823,0.005139
7142.5,0.111873,0.005140
7143.5,0.111923,0.005141
7144.5,0.111972,0.005142
7145.5,0.112020,0.005143
7146.5,0.112068,0.005144
7147.5,0.112115,0.005145
7148.5,0.112161,0.005146
7149.5,0.112206,0.005147
7150.5,0.112251,0.005149
7151.5,0.112294,0.005150
7152.5,0.112338,0.005151
7153.5,0.112380,0.005152
7154.5,0.112422,0.005153
7155.5,0.112463,0.005154
7156.5,0.112503,0.005155
7157.5,0.112543,0.005156
7158.5,0.112582,0.005157
7159.5,0.112620,0.005158
7160.5,0.112658,0.005159
7161.5,0.112695,0.005160
7162.5,0.112731,0.005161
7163.5,0.112767,0.005162
7164.5,0.112802,0.005163
7165.5,0.112837,0.005164
7166.5,0.112870,0.005164
7167.5,0.112904,0.005165
7168.5,0.112936,0.005166
7169.5,0.112969,0.005167
7170.5,0.113000,0.005167
7171.5,0.113031,0.005168
7172.5,0.113062,0.005168
7173.5,0.113092,0.005169
7174.5,0.113121,0.005169
7175.5,0.113150,0.005170
7176.5,0.113178,0.005170
7177.5,0.113207,0.005170
7178.5,0.113234,0.005170
7179.5,0.113261,0.005170
7180.5,0.113288,0.005171
7181.5,0.113314,0.005171
7182.5,0.113340,0.005170
7183.5,0.113366,0.005170
7184.5,0.113391,0.005170
7185.5,0.113416,0.005170
7186.5,0.113441,0.005169
7187.5,0.113465,0.005169
7188.5,0.113489,0.005168
7189.5,0.113513,0.005168
7190.5,0.113536,0.005167
7191.5,0.113560,0.005166
7192.5,0.113583,0.005166
7193.5,0.113606,0.005165
7194.5,0.113629,0.005164
7195.5,0.113651,0.005163
7196.5,0.113674,0.005162
7197.5,0.113697,0.005161
7198.5,0.113719,0.005159
7199.5,0.113742,0.005158
7200.5,0.113764,0.005157
7201.5,0.113787,0.005156
7202.5,0.113810,0.005154
7203.5,0.113832,0.005153
7204.5,0.113855,0.005151
7205.5,0.113878,0.005150
7206.5,0.113901,0.005148
7207.5,0.113925,0.005147
7208.5,0.113948,0.005145
7209.5,0.113972,0.005143
7210.5,0.113996,0.005142
7211.5,0.114021,0.005140
7212.5,0.114045,0.005138
7213.5,0.114070,0.005136
7214.5,0.114096,0.005135
7215.5,0.114122,0.005133
7216.5,0.114148,0.005131
7217.5,0.114175,0.005129
7218.5,0.114202,0.005128
7219.5,0.114230,0.005126
7220.5,0.114259,0.005124
7221.5,0.114288,0.005122
7222.5,0.114317,0.005121
7223.5,0.114348,0.005119
7224.5,0.114379,0.005117
7225.5,0.114410,0.005116
7226.5,0.114443,0.005114
7227.5,0.114476,0.005113
7228.5,0.114510,0.005111
7229.5,0.114545,0.005110
7230.5,0.114580,0.005109
7231.5,0.114617,0.005107
7232.5,0.114654,0.005106
7233.5,0.114692,0.005105
7234.5,0.114732,0.005104
7235.5,0.114772,0.005103
7236.5,0.114813,0.005102
7237.5,0.114855,0.005101
7238.5,0.114898,0.005100
7239.5,0.114943,0.005099
7240.5,0.114988,0.005099
7241.5,0.115035,0.005098
7242.5,0.115082,0.005098
7243.5,0.115131,0.005097
7244.5,0.115181,0.005097
7245.5,0.115232,0.005097
7246.5,0.115284,0.005097
7247.5,0.115338,0.005097
7248.5,0.115393,0.005097
7249.5,0.115448,0.005097
7250.5,0.115506,0.005097
7251.5,0.115564,0.005098
7252.5,0.115624,0.005098
7253.5,0.115685,0.005099
7254.5,0.115747,0.005100
7255.5,0.115811,0.005101
7256.5,0.115876,0.005102
7257.5,0.115942,0.005103
7258.5,0.116010,0.005104
7259.5,0.116079,0.005105
7260.5,0.116149,0.005107
7261.5,0.116221,0.005108
7262.5,0.116294,0.005110
7263.5,0.116368,0.005112
7264.5,0.116444,0.005114
7265.5,0.116521,0.005116
7266.5,0.116599,0.005118
7267.5,0.116678,0.005120
7268.5,0.116759,0.005122
7269.5,0.116842,0.005125
7270.5,0.116925,0.005127
7271.5,0.117010,0.005130
7272.5,0.117096,0.005133
7273.5,0.117183,0.005136
7274.5,0.117272,0.005139
7275.5,0.117362,0.005142
7276.5,0.117453,0.005145
7277.5,0.117545,0.005148
7278.5,0.117639,0.005151
7279.5,0.117733,0.005155
7280.5,0.117829,0.005158
7281.5,0.117926,0.005162
7282.5,0.118024,0.005166
7283.5,0.118123,0.005169
7284.5,0.118223,0.005173
7285.5,0.118324,0.005177
7286.5,0.118427,0.005181
7287.5,0.118530,0.005185
7288.5,0.118634,0.005189
7289.5,0.118739,0.005193
7290.5,0.118845,0.005197
7291.5,0.118952,0.005202
7292.5,0.119060,0.005206
7293.5,0.119168,0.005210
7294.5,0.119277,0.005215
7295.5,0.119387,0.005219
7296.5,0.119498,0.005224
7297.5,0.119609,0.005228
7298.5,0.119721,0.005233
7299.5,0.119833,0.005237
7300.5,0.119946,0.005242
7301.5,0.120060,0.005247
7302.5,0.120174,0.005251
7303.5,0.120288,0.005256
7304.5,0.120403,0.005261
7305.5,0.120518,0.005265
7306.5,0.120633,0.005270
7307.5,0.120748,0.005275
7308.5,0.120864,0.005280
7309.5,0.120980,0.005284
7310.5,0.121096,0.005289
7311.5,0.121212,0.005294
7312.5,0.121328,0.005299
7313.5,0.121444,0.005303
7314.5,0.121560,0.005308
7315.5,0.121676,0.005313
7316.5,0.121792,0.005317
7317.5,0.121907,0.005322
7318.5,0.122022,0.005327
7319.5,0.122137,0.005331
7320.5,0.122252,0.005336
7321.5,0.122366,0.005340
7322.5,0.122479,0.005345
7323.5,0.122592,0.005349
7324.5,0.122705,0.005354
7325.5,0.122817,0.005358
7326.5,0.122928,0.005363
7327.5,0.123039,0.005367
7328.5,0.123149,0.005371
7329.5,0.123258,0.005376
7330.5,0.123366,0.005380
7331.5,0.123474,0.005384
7332.5,0.123580,0.005388
7333.5,0.123686,0.005392
7334.5,0.123790,0.005396
7335.5,0.123894,0.005400
7336.5,0.123996,0.005404
7337.5,0.124097,0.005408
7338.5,0.124197,0.005412
7339.5,0.124296,0.005416
7340.5,0.124394,0.005419
7341.5,0.124490,0.005423
7342.5,0.124585,0.005426
7343.5,0.124679,0.005430
7344.5,0.124771,0.005433
7345.5,0.124862,0.005437
7346.5,0.124951,0.005440
7347.5,0.125039,0.005443
7348.5,0.125125,0.005447
7349.5,0.125210,0.005450
7350.5,0.125293,0.005453
7351.5,0.125374,0.005456
7352.5,0.125454,0.005459
7353.5,0.125532,0.005462
7354.5,0.125608,0.005464
7355.5,0.125683,0.005467
7356.5,0.125756,0.005470
7357.5,0.125827,0.005472
7358.5,0.125896,0.005475
7359.5,0.125964,0.005477
7360.5,0.126029,0.005480
7361.5,0.126093,0.005482
7362.5,0.126155,0.005484
7363.5,0.126215,0.005486
7364.5,0.126273,0.005488
7365.5,0.126330,0.005490
7366.5,0.126384,0.005492
7367.5,0.126436,0.005494
7368.5,0.126487,0.005495
7369.5,0.126536,0.005497
7370.5,0.126582,0.005499
7371.5,0.126627,0.005500
7372.5,0.126670,0.005501
7373.5,0.126711,0.005503
7374.5,0.126750,0.005504
7375.5,0.126787,0.005505
7376.5,0.126823,0.005506
7377.5,0.126856,0.005507
7378.5,0.126888,0.005508
7379.5,0.126917,0.005508
7380.5,0.126945,0.005509
7381.5,0.126971,0.005510
7382.5,0.126996,0.005510
7383.5,0.127018,0.005510
7384.5,0.127039,0.005511
7385.5,0.127058,0.005511
7386.5,0.127075,0.005511
7387.5,0.127091,0.005511
7388.5,0.127105,0.005511
7389.5,0.127118,0.005511
7390.5,0.127128,0.005511
7391.5,0.127138,0.005510
7392.5,0.127146,0.005510
7393.5,0.127152,0.005510
7394.5,0.127157,0.005509
7395.5,0.127161,0.005508
7396.5,0.127163,0.005508
7397.5,0.127164,0.005507
7398.5,0.127164,0.005506
7399.5,0.127163,0.005505
7400.5,0.127160,0.005504
7401.5,0.127157,0.005503
7402.5,0.127152,0.005502
7403.5,0.127147,0.005500
7404.5,0.127140,0.005499
7405.5,0.127133,0.005497
7406.5,0.127125,0.005496
7407.5,0.127116,0.005494
7408.5,0.127107,0.005493
7409.5,0.127097,0.005491
7410.5,0.127087,0.005489
7411.5,0.127076,0.005487
7412.5,0.127064,0.005486
7413.5,0.127053,0.005484
7414.5,0.127041,0.005482
7415.5,0.127028,0.005479
7416.5,0.127016,0.005477
7417.5,0.127004,0.005475
7418.5,0.126992,0.005473
7419.5,0.126980,0.005471
7420.5,0.126968,0.005468
7421.5,0.126956,0.005466
7422.5,0.126945,0.005463
7423.5,0.126934,0.005461
7424.5,0.126923,0.005459
7425.5,0.126913,0.005456
7426.5,0.126904,0.005453
7427.5,0.126895,0.005451
7428.5,0.126888,0.005448
7429.5,0.126881,0.005446
7430.5,0.126875,0.005443
7431.5,0.126870,0.005440
7432.5,0.126866,0.005438
7433.5,0.126864,0.005435
7434.5,0.126863,0.005432
7435.5,0.126863,0.005430
7436.5,0.126864,0.005427
7437.5,0.126867,0.005424
7438.5,0.126872,0.005422
7439.5,0.126878,0.005419
7440.5,0.126886,0.005417
7441.5,0.126896,0.005414
7442.5,0.126908,0.005411
7443.5,0.126922,0.005409
7444.5,0.126937,0.005406
7445.5,0.126955,0.005404
7446.5,0.126975,0.005401
7447.5,0.126998,0.005399
7448.5,0.127022,0.005397
7449.5,0.127049,0.005395
7450.5,0.127079,0.005392
7451.5,0.127111,0.005390
7452.5,0.127145,0.005388
7453.5,0.127182,0.005386
7454.5,0.127222,0.005384
7455.5,0.127265,0.005383
7456.5,0.127311,0.005381
7457.5,0.127359,0.005379
7458.5,0.127410,0.005378
7459.5,0.127465,0.005376
7460.5,0.127522,0.005375
7461.5,0.127583,0.005374
7462.5,0.127646,0.005373
7463.5,0.127713,0.005372
7464.5,0.127783,0.005371
7465.5,0.127856,0.005370
7466.5,0.127933,0.005370
7467.5,0.128013,0.005369
7468.5,0.128096,0.005369
7469.5,0.128183,0.005369
7470.5,0.128273,0.005369
7471.5,0.128366,0.005369
7472.5,0.128463,0.005369
7473.5,0.128564,0.005370
7474.5,0.128668,0.005371
7475.5,0.128776,0.005371
7476.5,0.128887,0.005372
7477.5,0.129002,0.005374
7478.5,0.129120,0.005375
7479.5,0.129242,0.005377
7480.5,0.129367,0.005378
7481.5,0.129496,0.005380
7482.5,0.129629,0.005382
7483.5,0.129765,0.005385
7484.5,0.129905,0.005387
7485.5,0.130048,0.005390
7486.5,0.130195,0.005393
7487.5,0.130346,0.005396
7488.5,0.130500,0.005399
7489.5,0.130657,0.005403
7490.5,0.130818,0.005406
7491.5,0.130983,0.005410
7492.5,0.131150,0.005414
7493.5,0.131322,0.005419
7494.5,0.131496,0.005423
7495.5,0.131674,0.005428
7496.5,0.131855,0.005433
7497.5,0.132040,0.005438
7498.5,0.132227,0.005443
7499.5,0.132418,0.005448
7500.5,0.132612,0.005454
7501.5,0.132809,0.005460
7502.5,0.133008,0.005466
7503.5,0.133211,0.005472
7504.5,0.133417,0.005479
7505.5,0.133625,0.005485
7506.5,0.133837,0.005492
7507.5,0.134050,0.005499
7508.5,0.134267,0.005506
7509.5,0.134486,0.005513
7510.5,0.134708,0.005520
7511.5,0.134931,0.005528
7512.5,0.135158,0.005536
7513.5,0.135386,0.005544
7514.5,0.135617,0.005552
7515.5,0.135850,0.005560
7516.5,0.136084,0.005568
7517.5,0.136321,0.005576
7518.5,0.136560,0.005585
7519.5,0.136800,0.005593
7520.5,0.137042,0.005602
7521.5,0.137285,0.005611
7522.5,0.137530,0.005620
7523.5,0.137776,0.005629
7524.5,0.138024,0.005638
7525.5,0.138273,0.005647
7526.5,0.138523,0.005656
7527.5,0.138774,0.005665
7528.5,0.139026,0.005674
7529.5,0.139278,0.005684
7530.5,0.139532,0.005693
7531.5,0.139786,0.005702
7532.5,0.140040,0.005712
7533.5,0.140295,0.005721
7534.5,0.140551,0.005730
7535.5,0.140806,0.005740
7536.5,0.141062,0.005749
7537.5,0.141318,0.005759
7538.5,0.141573,0.005768
7539.5,0.141829,0.005777
7540.5,0.142084,0.005787
7541.5,0.142339,0.005796
7542.5,0.142594,0.005805
7543.5,0.142848,0.005814
7544.5,0.143101,0.005823
7545.5,0.143353,0.005832
7546.5,0.143605,0.005841
7547.5,0.143856,0.005850
7548.5,0.144106,0.005859
7549.5,0.144354,0.005867
7550.5,0.144602,0.005876
7551.5,0.144848,0.005884
7552.5,0.145093,0.005893
7553.5,0.145337,0.005901
7554.5,0.145579,0.005909
7555.5,0.145819,0.005917
7556.5,0.146058,0.005925
7557.5,0.146295,0.005933
7558.5,0.146530,0.005940
7559.5,0.146763,0.005948
7560.5,0.146994,0.005955
7561.5,0.147223,0.005962
7562.5,0.147450,0.005969
7563.5,0.147675,0.005976
7564.5,0.147898,0.005983
7565.5,0.148118,0.005989
7566.5,0.148336,0.005996
7567.5,0.148552,0.006002
7568.5,0.148765,0.006008
7569.5,0.148975,0.006014
7570.5,0.149183,0.006020
7571.5,0.149388,0.006025
7572.5,0.149591,0.006031
7573.5,0.149791,0.006036
7574.5,0.149988,0.006041
7575.5,0.150182,0.006046
7576.5,0.150374,0.006051
7577.5,0.150563,0.006055
7578.5,0.150748,0.006060
7579.5,0.150931,0.006064
7580.5,0.151111,0.006068
7581.5,0.151288,0.006072
7582.5,0.151462,0.006075
7583.5,0.151633,0.006079
7584.5,0.151801,0.006082
7585.5,0.151966,0.006085
7586.5,0.152128,0.006088
7587.5,0.152287,0.006091
7588.5,0.152442,0.006094
7589.5,0.152595,0.006096
7590.5,0.152745,0.006099
7591.5,0.152891,0.006101
7592.5,0.153035,0.006103
7593.5,0.153175,0.006105
7594.5,0.153313,0.006107
7595.5,0.153447,0.006108
7596.5,0.153579,0.006110
7597.5,0.153707,0.006111
7598.5,0.153832,0.006112
7599.5,0.153955,0.006113
7600.5,0.154075,0.006114
7601.5,0.154191,0.006115
7602.5,0.154305,0.006116
7603.5,0.154416,0.006117
7604.5,0.154524,0.006117
7605.5,0.154629,0.006117
7606.5,0.154732,0.006118
7607.5,0.154832,0.006118
7608.5,0.154929,0.006118
7609.5,0.155024,0.006118
7610.5,0.155115,0.006118
7611.5,0.155205,0.006117
7612.5,0.155292,0.006117
7613.5,0.155376,0.006117
7614.5,0.155458,0.006116
7615.5,0.155538,0.006115
7616.5,0.155615,0.006115
7617.5,0.155690,0.006114
7618.5,0.155763,0.006113
7619.5,0.155833,0.006112
7620.5,0.155902,0.006111
7621.5,0.155968,0.006110
7622.5,0.156033,0.006109
7623.5,0.156095,0.006108
7624.5,0.156156,0.006107
7625.5,0.156214,0.006106
7626.5,0.156271,0.006105
7627.5,0.156327,0.006104
7628.5,0.156380,0.006102
7629.5,0.156432,0.006101
7630.5,0.156482,0.006100
7631.5,0.156531,0.006098
7632.5,0.156579,0.006097
7633.5,0.156625,0.006096
7634.5,0.156670,0.006094
7635.5,0.156713,0.006093
7636.5,0.156756,0.006091
7637.5,0.156797,0.006090
7638.5,0.156837,0.006088
7639.5,0.156876,0.006087
7640.5,0.156915,0.006086
7641.5,0.156952,0.006084
7642.5,0.156988,0.006083
7643.5,0.157024,0.006082
7644.5,0.157059,0.006080
7645.5,0.157093,0.006079
7646.5,0.157127,0.006078
7647.5,0.157160,0.006076
7648.5,0.157193,0.006075
7649.5,0.157225,0.006074
7650.5,0.157257,0.006073
7651.5,0.157289,0.006071
7652.5,0.157320,0.006070
7653.5,0.157351,0.006069
7654.5,0.157382,0.006068
7655.5,0.157413,0.006067
7656.5,0.157443,0.006066
7657.5,0.157474,0.006066
7658.5,0.157504,0.006065
7659.5,0.157535,0.006064
7660.5,0.157566,0.006063
7661.5,0.157597,0.006063
7662.5,0.157628,0.006062
7663.5,0.157659,0.006062
7664.5,0.157691,0.006061
7665.5,0.157723,0.006061
7666.5,0.157755,0.006061
7667.5,0.157787,0.006060
7668.5,0.157820,0.006060
7669.5,0.157854,0.006060
7670.5,0.157888,0.006060
7671.5,0.157922,0.006060
7672.5,0.157957,0.006060
7673.5,0.157992,0.006061
7674.5,0.158028,0.006061
7675.5,0.158065,0.006061
7676.5,0.158102,0.006062
7677.5,0.158140,0.006062
7678.5,0.158179,0.006063
7679.5,0.158218,0.006064
7680.5,0.158258,0.006065
7681.5,0.158299,0.006066
7682.5,0.158340,0.006067
7683.5,0.158382,0.006068
7684.5,0.158425,0.006069
7685.5,0.158469,0.006070
7686.5,0.158514,0.006072
7687.5,0.158559,0.006073
7688.5,0.158605,0.006075
7689.5,0.158652,0.006076
7690.5,0.158699,0.006078
7691.5,0.158748,0.006080
7692.5,0.158797,0.006081
7693.5,0.158847,0.006083
7694.5,0.158898,0.006085
7695.5,0.158950,0.006087
7696.5,0.159002,0.006090
7697.5,0.159055,0.006092
7698.5,0.159109,0.006094
7699.5,0.159164,0.006096
7700.5,0.159219,0.006099
7701.5,0.159276,0.006101
7702.5,0.159333,0.006104
7703.5,0.159391,0.006106
7704.5,0.159449,0.006109
7705.5,0.159508,0.006112
7706.5,0.159568,0.006115
7707.5,0.159628,0.006117
7708.5,0.159690,0.006120
7709.5,0.159751,0.006123
7710.5,0.159814,0.006126
7711.5,0.159877,0.006129
7712.5,0.159940,0.006132
7713.5,0.160004,0.006135
7714.5,0.160069,0.006138
7715.5,0.160134,0.006141
7716.5,0.160200,0.006144
7717.5,0.160266,0.006147
7718.5,0.160332,0.006150
7719.5,0.160399,0.006154
7720.5,0.160466,0.006157
7721.5,0.160534,0.006160
7722.5,0.160602,0.006163
7723.5,0.160670,0.006166
7724.5,0.160739,0.006169
7725.5,0.160807,0.006172
7726.5,0.160876,0.006175
7727.5,0.160945,0.006179
7728.5,0.161014,0.006182
7729.5,0.161084,0.006185
7730.5,0.161153,0.006188
7731.5,0.161223,0.006191
7732.5,0.161292,0.006194
7733.5,0.161361,0.006196
7734.5,0.161431,0.006199
7735.5,0.161500,0.006202
7736.5,0.161569,0.006205
7737.5,0.161639,0.006208
7738.5,0.161707,0.006210
7739.5,0.161776,0.006213
7740.5,0.161845,0.006215
7741.5,0.161913,0.006218
7742.5,0.161981,0.006220
7743.5,0.162048,0.006222
7744.5,0.162116,0.006225
7745.5,0.162183,0.006227
7746.5,0.162249,0.006229
7747.5,0.162315,0.006231
7748.5,0.162380,0.006233
7749.5,0.162445,0.006235
7750.5,0.162510,0.006237
7751.5,0.162574,0.006239
7752.5,0.162637,0.006240
7753.5,0.162700,0.006242
7754.5,0.162762,0.006243
7755.5,0.162823,0.006245
7756.5,0.162884,0.006246
7757.5,0.162944,0.006247
7758.5,0.163003,0.006248
7759.5,0.163062,0.006249
7760.5,0.163119,0.006250
7761.5,0.163176,0.006251
7762.5,0.163232,0.006252
7763.5,0.163287,0.006253
7764.5,0.163341,0.006253
7765.5,0.163394,0.006254
7766.5,0.163447,0.006254
7767.5,0.163498,0.006254
7768.5,0.163549,0.006255
7769.5,0.163598,0.006255
7770.5,0.163647,0.006255
7771.5,0.163694,0.006255
7772.5,0.163741,0.006255
7773.5,0.163786,0.006254
7774.5,0.163830,0.006254
7775.5,0.163873,0.006254
7776.5,0.163916,0.006253
7777.5,0.163957,0.006253
7778.5,0.163997,0.006252
7779.5,0.164035,0.006252
7780.5,0.164073,0.006251
7781.5,0.164110,0.006250
7782.5,0.164145,0.006249
7783.5,0.164179,0.006248
7784.5,0.164213,0.006247
7785.5,0.164245,0.006246
7786.5,0.164276,0.006245
7787.5,0.164305,0.006244
7788.5,0.164334,0.006242
7789.5,0.164361,0.006241
7790.5,0.164387,0.006240
7791.5,0.164412,0.006238
7792.5,0.164436,0.006237
7793.5,0.164459,0.006235
7794.5,0.164481,0.006234
7795.5,0.164501,0.006232
7796.5,0.164521,0.006230
7797.5,0.164539,0.006228
7798.5,0.164556,0.006227
7799.5,0.164572,0.006225
7800.5,0.164587,0.006223
7801.5,0.164601,0.006221
7802.5,0.164613,0.006219
7803.5,0.164625,0.006217
7804.5,0.164636,0.006215
7805.5,0.164645,0.006213
7806.5,0.164654,0.006211
7807.5,0.164661,0.006208
7808.5,0.164668,0.006206
7809.5,0.164674,0.006204
7810.5,0.164678,0.006202
7811.5,0.164682,0.006200
7812.5,0.164685,0.006197
7813.5,0.164687,0.006195
7814.5,0.164688,0.006192
7815.5,0.164688,0.006190
7816.5,0.164687,0.006188
7817.5,0.164686,0.006185
7818.5,0.164683,0.006183
7819.5,0.164680,0.006180
7820.5,0.164676,0.006178
7821.5,0.164672,0.006175
7822.5,0.164667,0.006172
7823.5,0.164661,0.006170
7824.5,0.164655,0.006167
7825.5,0.164648,0.006164
7826.5,0.164640,0.006162
7827.5,0.164632,0.006159
7828.5,0.164623,0.006156
7829.5,0.164614,0.006154
7830.5,0.164604,0.006151
7831.5,0.164594,0.006148
7832.5,0.164584,0.006145
7833.5,0.164573,0.006142
7834.5,0.164562,0.006140
7835.5,0.164551,0.006137
7836.5,0.164539,0.006134
7837.5,0.164527,0.006131
7838.5,0.164515,0.006128
7839.5,0.164503,0.006125
7840.5,0.164490,0.006122
7841.5,0.164478,0.006119
7842.5,0.164465,0.006116
7843.5,0.164452,0.006113
7844.5,0.164440,0.006110
7845.5,0.164427,0.006107
7846.5,0.164415,0.006104
7847.5,0.164402,0.006101
7848.5,0.164390,0.006098
7849.5,0.164378,0.006095
7850.5,0.164366,0.006092
7851.5,0.164354,0.006089
7852.5,0.164342,0.006086
7853.5,0.164331,0.006083
7854.5,0.164320,0.006081
7855.5,0.164310,0.006078
7856.5,0.164299,0.006075
7857.5,0.164290,0.006072
7858.5,0.164280,0.006069
7859.5,0.164271,0.006066
7860.5,0.164263,0.006063
7861.5,0.164255,0.006060
7862.5,0.164248,0.006058
7863.5,0.164241,0.006055
7864.5,0.164235,0.006052
7865.5,0.164229,0.006050
7866.5,0.164225,0.006047
7867.5,0.164220,0.006044
7868.5,0.164217,0.006042
7869.5,0.164214,0.006040
7870.5,0.164212,0.006037
7871.5,0.164211,0.006035
7872.5,0.164210,0.006033
7873.5,0.164211,0.006030
7874.5,0.164212,0.006028
7875.5,0.164214,0.006026
7876.5,0.164217,0.006024
7877.5,0.164221,0.006022
7878.5,0.164225,0.006020
7879.5,0.164231,0.006019
7880.5,0.164237,0.006017
7881.5,0.164245,0.006015
7882.5,0.164253,0.006014
7883.5,0.164262,0.006012
7884.5,0.164273,0.006011
7885.5,0.164284,0.006010
7886.5,0.164296,0.006009
7887.5,0.164309,0.006008
7888.5,0.164324,0.006007
7889.5,0.164339,0.006006
7890.5,0.164355,0.006005
7891.5,0.164372,0.006005
7892.5,0.164390,0.006004
7893.5,0.164410,0.006004
7894.5,0.164430,0.006003
7895.5,0.164451,0.006003
7896.5,0.164473,0.006003
7897.5,0.164497,0.006003
7898.5,0.164521,0.006003
7899.5,0.164546,0.006004
7900.5,0.164572,0.006004
7901.5,0.164600,0.006004
7902.5,0.164628,0.006005
7903.5,0.164657,0.006006
7904.5,0.164687,0.006006
7905.5,0.164718,0.006007
7906.5,0.164750,0.006008
7907.5,0.164783,0.006009
7908.5,0.164817,0.006010
7909.5,0.164851,0.006012
7910.5,0.164887,0.006013
7911.5,0.164923,0.006014
7912.5,0.164961,0.006016
7913.5,0.164999,0.006017
7914.5,0.165038,0.006019
7915.5,0.165077,0.006021
7916.5,0.165118,0.006023
7917.5,0.165159,0.006025
7918.5,0.165201,0.006027
7919.5,0.165244,0.006029
7920.5,0.165287,0.006031
7921.5,0.165331,0.006033
7922.5,0.165376,0.006035
7923.5,0.165421,0.006038
7924.5,0.165467,0.006040
7925.5,0.165514,0.006042
7926.5,0.165561,0.006045
7927.5,0.165608,0.006047
7928.5,0.165657,0.006050
7929.5,0.165705,0.006052
7930.5,0.165754,0.006055
7931.5,0.165804,0.006058
7932.5,0.165854,0.006060
7933.5,0.165905,0.006063
7934.5,0.165955,0.006066
7935.5,0.166007,0.006068
7936.5,0.166058,0.006071
7937.5,0.166110,0.006074
7938.5,0.166162,0.006077
7939.5,0.166214,0.006079
7940.5,0.166267,0.006082
7941.5,0.166320,0.006085
7942.5,0.166373,0.006087
7943.5,0.166426,0.006090
7944.5,0.166479,0.006093
7945.5,0.166532,0.006095
7946.5,0.166586,0.006098
7947.5,0.166639,0.006101
7948.5,0.166693,0.006103
7949.5,0.166747,0.006106
7950.5,0.166800,0.006108
7951.5,0.166854,0.006111
7952.5,0.166907,0.006113
7953.5,0.166961,0.006116
7954.5,0.167014,0.006118
7955.5,0.167068,0.006121
7956.5,0.167121,0.006123
7957.5,0.167174,0.006125
7958.5,0.167227,0.006127
7959.5,0.167280,0.006130
7960.5,0.167332,0.006132
7961.5,0.167385,0.006134
7962.5,0.167437,0.006136
7963.5,0.167489,0.006138
7964.5,0.167540,0.006140
7965.5,0.167592,0.006142
7966.5,0.167643,0.006143
7967.5,0.167694,0.006145
7968.5,0.167744,0.006147
7969.5,0.167794,0.006149
7970.5,0.167844,0.006150
7971.5,0.167893,0.006152
7972.5,0.167942,0.006153
7973.5,0.167991,0.006155
7974.5,0.168039,0.006156
7975.5,0.168086,0.006158
7976.5,0.168134,0.006159
7977.5,0.168181,0.006160
7978.5,0.168227,0.006161
7979.5,0.168273,0.006163
7980.5,0.168319,0.006164
7981.5,0.168364,0.006165
7982.5,0.168408,0.006166
7983.5,0.168452,0.006167
7984.5,0.168495,0.006168
7985.5,0.168538,0.006169
7986.5,0.168581,0.006169
7987.5,0.168623,0.006170
7988.5,0.168664,0.006171
7989.5,0.168705,0.006172
7990.5,0.168745,0.006172
7991.5,0.168785,0.006173
7992.5,0.168824,0.006174
7993.5,0.168863,0.006174
7994.5,0.168901,0.006175
7995.5,0.168938,0.006175
7996.5,0.168975,0.006176
7997.5,0.169011,0.006176
7998.5,0.169047,0.006176
7999.5,0.169082,0.006177
8000.5,0.169116,0.006177
8001.5,0.169150,0.006177
8002.5,0.169184,0.006177
8003.5,0.169216,0.006178
8004.5,0.169248,0.006178
8005.5,0.169280,0.006178
8006.5,0.169311,0.006178
8007.5,0.169341,0.006178
8008.5,0.169371,0.006178
8009.5,0.169400,0.006178
8010.5,0.169428,0.006178
8011.5,0.169456,0.006178
8012.5,0.169483,0.006178
8013.5,0.169510,0.006177
8014.5,0.169536,0.006177
8015.5,0.169562,0.006177
8016.5,0.169587,0.006177
8017.5,0.169611,0.006176
8018.5,0.169635,0.006176
8019.5,0.169658,0.006175
8020.5,0.169681,0.006175
8021.5,0.169703,0.006174
8022.5,0.169725,0.006174
8023.5,0.169746,0.006173
8024.5,0.169767,0.006173
8025.5,0.169787,0.006172
8026.5,0.169806,0.006171
8027.5,0.169825,0.006170
8028.5,0.169844,0.006170
8029.5,0.169862,0.006169
8030.5,0.169880,0.006168
8031.5,0.169897,0.006167
8032.5,0.169914,0.006166
8033.5,0.169930,0.006165
8034.5,0.169946,0.006164
8035.5,0.169962,0.006163
8036.5,0.169977,0.006161
8037.5,0.169992,0.006160
8038.5,0.170007,0.006159
8039.5,0.170021,0.006157
8040.5,0.170035,0.006156
8041.5,0.170049,0.006155
8042.5,0.170063,0.006153
8043.5,0.170076,0.006151
8044.5,0.170089,0.006150
8045.5,0.170102,0.006148
8046.5,0.170115,0.006147
8047.5,0.170127,0.006145
8048.5,0.170140,0.006143
8049.5,0.170152,0.006141
8050.5,0.170164,0.006139
8051.5,0.170177,0.006137
8052.5,0.170189,0.006135
8053.5,0.170201,0.006133
8054.5,0.170214,0.006131
8055.5,0.170226,0.006129
8056.5,0.170239,0.006127
8057.5,0.170251,0.006125
8058.5,0.170264,0.006123
8059.5,0.170277,0.006121
8060.5,0.170291,0.006119
8061.5,0.170304,0.006116
8062.5,0.170318,0.006114
8063.5,0.170332,0.006112
8064.5,0.170347,0.006110
8065.5,0.170361,0.006108
8066.5,0.170377,0.006105
8067.5,0.170392,0.006103
8068.5,0.170409,0.006101
8069.5,0.170425,0.006098
8070.5,0.170443,0.006096
8071.5,0.170460,0.006094
8072.5,0.170479,0.006092
8073.5,0.170498,0.006090
8074.5,0.170518,0.006087
8075.5,0.170538,0.006085
8076.5,0.170560,0.006083
8077.5,0.170582,0.006081
8078.5,0.170604,0.006079
8079.5,0.170628,0.006077
8080.5,0.170652,0.006075
8081.5,0.170678,0.006073
8082.5,0.170704,0.006072
8083.5,0.170732,0.006070
8084.5,0.170760,0.006068
8085.5,0.170789,0.006067
8086.5,0.170819,0.006065
8087.5,0.170851,0.006064
8088.5,0.170883,0.006062
8089.5,0.170917,0.006061
8090.5,0.170952,0.006060
8091.5,0.170988,0.006059
8092.5,0.171025,0.006058
8093.5,0.171063,0.006057
8094.5,0.171103,0.006056
8095.5,0.171143,0.006055
8096.5,0.171185,0.006055
8097.5,0.171229,0.006054
8098.5,0.171273,0.006054
8099.5,0.171319,0.006054
8100.5,0.171367,0.006053
8101.5,0.171416,0.006053
8102.5,0.171466,0.006054
8103.5,0.171517,0.006054
8104.5,0.171570,0.006054
8105.5,0.171624,0.006055
8106.5,0.171680,0.006055
8107.5,0.171737,0.006056
8108.5,0.171795,0.006057
8109.5,0.171855,0.006058
8110.5,0.171916,0.006059
8111.5,0.171979,0.006060
8112.5,0.172043,0.006062
8113.5,0.172108,0.006063
8114.5,0.172175,0.006065
8115.5,0.172243,0.006067
8116.5,0.172313,0.006069
8117.5,0.172384,0.006071
8118.5,0.172456,0.006073
8119.5,0.172530,0.006075
8120.5,0.172605,0.006078
8121.5,0.172682,0.006080
8122.5,0.172759,0.006083
8123.5,0.172838,0.006086
8124.5,0.172919,0.006089
8125.5,0.173000,0.006092
8126.5,0.173083,0.006095
8127.5,0.173167,0.006098
8128.5,0.173252,0.006102
8129.5,0.173338,0.006105
8130.5,0.173426,0.006109
8131.5,0.173515,0.006112
8132.5,0.173604,0.006116
8133.5,0.173695,0.006120
8134.5,0.173787,0.006124
8135.5,0.173880,0.006128
8136.5,0.173973,0.006132
8137.5,0.174068,0.006136
8138.5,0.174163,0.006140
8139.5,0.174260,0.006144
8140.5,0.174357,0.006149
8141.5,0.174455,0.006153
8142.5,0.174554,0.006157
8143.5,0.174653,0.006162
8144.5,0.174753,0.006166
8145.5,0.174854,0.006171
8146.5,0.174955,0.006176
8147.5,0.175057,0.006180
8148.5,0.175160,0.006185
8149.5,0.175263,0.006190
8150.5,0.175366,0.006194
8151.5,0.175470,0.006199
8152.5,0.175574,0.006204
8153.5,0.175678,0.006208
8154.5,0.175783,0.006213
8155.5,0.175887,0.006218
8156.5,0.175992,0.006222
8157.5,0.176098,0.006227
8158.5,0.176203,0.006232
8159.5,0.176308,0.006236
8160.5,0.176413,0.006241
8161.5,0.176519,0.006246
8162.5,0.176624,0.006250
8163.5,0.176729,0.006255
8164.5,0.176834,0.006259
8165.5,0.176939,0.006264
8166.5,0.177043,0.006268
8167.5,0.177147,0.006273
8168.5,0.177251,0.006277
8169.5,0.177355,0.006281
8170.5,0.177458,0.006286
8171.5,0.177561,0.006290
8172.5,0.177663,0.006294
8173.5,0.177765,0.006298
8174.5,0.177867,0.006302
8175.5,0.177967,0.006306
8176.5,0.178068,0.006310
8177.5,0.178167,0.006314
8178.5,0.178267,0.006318
8179.5,0.178365,0.006321
8180.5,0.178463,0.006325
8181.5,0.178560,0.006329
8182.5,0.178656,0.006332
8183.5,0.178751,0.006336
8184.5,0.178846,0.006339
8185.5,0.178940,0.006342
8186.5,0.179033,0.006346
8187.5,0.179126,0.006349
8188.5,0.179217,0.006352
8189.5,0.179308,0.006355
8190.5,0.179397,0.006358
8191.5,0.179486,0.006361
8192.5,0.179574,0.006364
8193.5,0.179661,0.006367
8194.5,0.179747,0.006369
8195.5,0.179832,0.006372
8196.5,0.179916,0.006374
8197.5,0.179999,0.006377
8198.5,0.180081,0.006379
8199.5,0.180163,0.006382
8200.5,0.180243,0.006384
8201.5,0.180322,0.006386
8202.5,0.180401,0.006389
8203.5,0.180478,0.006391
8204.5,0.180554,0.006393
8205.5,0.180630,0.006395
8206.5,0.180704,0.006397
8207.5,0.180778,0.006399
8208.5,0.180850,0.006400
8209.5,0.180922,0.006402
8210.5,0.180993,0.006404
8211.5,0.181063,0.006406
8212.5,0.181131,0.006407
8213.5,0.181199,0.006409
8214.5,0.181267,0.006410
8215.5,0.181333,0.006412
8216.5,0.181398,0.006413
8217.5,0.181463,0.006414
8218.5,0.181526,0.006416
8219.5,0.181589,0.006417
8220.5,0.181651,0.006418
8221.5,0.181713,0.006419
8222.5,0.181773,0.006420
8223.5,0.181833,0.006421
8224.5,0.181892,0.006422
8225.5,0.181951,0.006423
8226.5,0.182008,0.006424
8227.5,0.182065,0.006425
8228.5,0.182122,0.006426
8229.5,0.182178,0.006427
8230.5,0.182233,0.006427
8231.5,0.182288,0.006428
8232.5,0.182342,0.006429
8233.5,0.182395,0.006429
8234.5,0.182448,0.006430
8235.5,0.182501,0.006430
8236.5,0.182553,0.006431
8237.5,0.182605,0.006431
8238.5,0.182656,0.006432
8239.5,0.182707,0.006432
8240.5,0.182758,0.006432
8241.5,0.182808,0.006433
8242.5,0.182858,0.006433
8243.5,0.182907,0.006433
8244.5,0.182957,0.006433
8245.5,0.183006,0.006434
8246.5,0.183055,0.006434
8247.5,0.183103,0.006434
8248.5,0.183152,0.006434
8249.5,0.183200,0.006434
8250.5,0.183249,0.006434
8251.5,0.183297,0.006434
8252.5,0.183345,0.006434
8253.5,0.183393,0.006433
8254.5,0.183441,0.006433
8255.5,0.183489,0.006433
8256.5,0.183537,0.006433
8257.5,0.183585,0.006433
8258.5,0.183632,0.006432
8259.5,0.183681,0.006432
8260.5,0.183729,0.006432
8261.5,0.183777,0.006432
8262.5,0.183825,0.006431
8263.5,0.183874,0.006431
8264.5,0.183922,0.006431
8265.5,0.183971,0.006430
8266.5,0.184020,0.006430
8267.5,0.184069,0.006429
8268.5,0.184118,0.006429
8269.5,0.184168,0.006428
8270.5,0.184217,0.006428
8271.5,0.184267,0.006428
8272.5,0.184317,0.006427
8273.5,0.184368,0.006427
8274.5,0.184419,0.006426
8275.5,0.184470,0.006426
8276.5,0.184521,0.006425
8277.5,0.184572,0.006425
8278.5,0.184624,0.006424
8279.5,0.184677,0.006424
8280.5,0.184729,0.006423
8281.5,0.184782,0.006423
8282.5,0.184835,0.006423
8283.5,0.184888,0.006422
8284.5,0.184942,0.006422
8285.5,0.184996,0.006421
8286.5,0.185051,0.006421
8287.5,0.185106,0.006421
8288.5,0.185161,0.006420
8289.5,0.185216,0.006420
8290.5,0.185272,0.006420
8291.5,0.185328,0.006419
8292.5,0.185385,0.006419
8293.5,0.185442,0.006419
8294.5,0.185499,0.006419
8295.5,0.185556,0.006419
8296.5,0.185614,0.006419
8297.5,0.185672,0.006419
8298.5,0.185731,0.006419
8299.5,0.185790,0.006419
8300.5,0.185849,0.006419
8301.5,0.185908,0.006419
8302.5,0.185968,0.006419
8303.5,0.186028,0.006419
8304.5,0.186088,0.006419
8305.5,0.186149,0.006419
8306.5,0.186210,0.006420
8307.5,0.186271,0.006420
8308.5,0.186332,0.006420
8309.5,0.186394,0.006421
8310.5,0.186456,0.006421
8311.5,0.186518,0.006422
8312.5,0.186580,0.006422
8313.5,0.186643,0.006423
8314.5,0.186706,0.006423
8315.5,0.186769,0.006424
8316.5,0.186832,0.006425
8317.5,0.186895,0.006426
8318.5,0.186959,0.006426
8319.5,0.187022,0.006427
8320.5,0.187086,0.006428
8321.5,0.187150,0.006429
8322.5,0.187214,0.006430
8323.5,0.187279,0.006431
8324.5,0.187343,0.006432
8325.5,0.187407,0.006433
8326.5,0.187472,0.006434
8327.5,0.187536,0.006435
8328.5,0.187601,0.006437
8329.5,0.187666,0.006438
8330.5,0.187731,0.006439
8331.5,0.187796,0.006440
8332.5,0.187860,0.006442
8333.5,0.187925,0.006443
8334.5,0.187990,0.006444
8335.5,0.188055,0.006446
8336.5,0.188120,0.006447
8337.5,0.188185,0.006449
8338.5,0.188250,0.006450
8339.5,0.188314,0.006451
8340.5,0.188379,0.006453
8341.5,0.188444,0.006454
8342.5,0.188509,0.006456
8343.5,0.188573,0.006457
8344.5,0.188638,0.006459
8345.5,0.188702,0.006461
8346.5,0.188766,0.006462
8347.5,0.188831,0.006464
8348.5,0.188895,0.006465
8349.5,0.188959,0.006467
8350.5,0.189023,0.006468
8351.5,0.189086,0.006470
8352.5,0.189150,0.006471
8353.5,0.189214,0.006473
8354.5,0.189277,0.006475
8355.5,0.189340,0.006476
8356.5,0.189403,0.006478
8357.5,0.189466,0.006479
8358.5,0.189529,0.006481
8359.5,0.189591,0.006482
8360.5,0.189654,0.006484
8361.5,0.189716,0.006485
8362.5,0.189778,0.006487
8363.5,0.189840,0.006489
8364.5,0.189902,0.006490
8365.5,0.189963,0.006492
8366.5,0.190024,0.006493
8367.5,0.190085,0.006495
8368.5,0.190146,0.006496
8369.5,0.190207,0.006497
8370.5,0.190268,0.006499
8371.5,0.190328,0.006500
8372.5,0.190388,0.006502
8373.5,0.190448,0.006503
8374.5,0.190507,0.006505
8375.5,0.190567,0.006506
8376.5,0.190626,0.006507
8377.5,0.190685,0.006509
8378.5,0.190744,0.006510
8379.5,0.190803,0.006511
8380.5,0.190861,0.006513
8381.5,0.190919,0.006514
8382.5,0.190977,0.006515
8383.5,0.191035,0.006517
8384.5,0.191092,0.006518
8385.5,0.191149,0.006519
8386.5,0.191206,0.006520
8387.5,0.191263,0.006522
8388.5,0.191320,0.006523
8389.5,0.191376,0.006524
8390.5,0.191432,0.006525
8391.5,0.191488,0.006527
8392.5,0.191543,0.006528
8393.5,0.191599,0.006529
8394.5,0.191654,0.006530
8395.5,0.191708,0.006532
8396.5,0.191763,0.006533
8397.5,0.191817,0.006534
8398.5,0.191871,0.006535
8399.5,0.191925,0.006536
8400.5,0.191978,0.006537
8401.5,0.192031,0.006539
8402.5,0.192084,0.006540
8403.5,0.192137,0.006541
8404.5,0.192189,0.006542
8405.5,0.192241,0.006543
8406.5,0.192293,0.006544
8407.5,0.192344,0.006546
8408.5,0.192395,0.006547
8409.5,0.192446,0.006548
8410.5,0.192496,0.006549
8411.5,0.192546,0.006550
8412.5,0.192596,0.006551
8413.5,0.192645,0.006553
8414.5,0.192694,0.006554
8415.5,0.192742,0.006555
8416.5,0.192790,0.006556
8417.5,0.192838,0.006557
8418.5,0.192885,0.006558
8419.5,0.192932,0.006559
8420.5,0.192978,0.006560
8421.5,0.193024,0.006562
8422.5,0.193069,0.006563
8423.5,0.193114,0.006564
8424.5,0.193158,0.006565
8425.5,0.193202,0.006566
8426.5,0.193245,0.006567
8427.5,0.193288,0.006568
8428.5,0.193330,0.006569
8429.5,0.193372,0.006570
8430.5,0.193413,0.006571
8431.5,0.193453,0.006572
8432.5,0.193493,0.006573
8433.5,0.193532,0.006574
8434.5,0.193570,0.006575
8435.5,0.193608,0.006576
8436.5,0.193645,0.006577
8437.5,0.193681,0.006578
8438.5,0.193716,0.006579
8439.5,0.193751,0.006580
8440.5,0.193785,0.006581
8441.5,0.193818,0.006582
8442.5,0.193850,0.006583
8443.5,0.193882,0.006584
8444.5,0.193912,0.006585
8445.5,0.193942,0.006586
8446.5,0.193970,0.006587
8447.5,0.193998,0.006587
8448.5,0.194025,0.006588
8449.5,0.194051,0.006589
8450.5,0.194076,0.006590
8451.5,0.194100,0.006590
8452.5,0.194122,0.006591
8453.5,0.194144,0.006592
8454.5,0.194165,0.006592
8455.5,0.194184,0.006593
8456.5,0.194203,0.006593
8457.5,0.194220,0.006594
8458.5,0.194237,0.006594
8459.5,0.194252,0.006595
8460.5,0.194265,0.006595
8461.5,0.194278,0.006596
8462.5,0.194289,0.006596
8463.5,0.194300,0.006596
8464.5,0.194308,0.006596
8465.5,0.194316,0.006597
8466.5,0.194322,0.006597
8467.5,0.194328,0.006597
8468.5,0.194331,0.006597
8469.5,0.194334,0.006597
8470.5,0.194335,0.006597
8471.5,0.194334,0.006597
8472.5,0.194333,0.006597
8473.5,0.194330,0.006597
8474.5,0.194325,0.006596
8475.5,0.194319,0.006596
8476.5,0.194312,0.006596
8477.5,0.194303,0.006595
8478.5,0.194293,0.006595
8479.5,0.194282,0.006594
8480.5,0.194269,0.006594
8481.5,0.194254,0.006593
8482.5,0.194238,0.006592
8483.5,0.194221,0.006591
8484.5,0.194202,0.006591
8485.5,0.194182,0.006590
8486.5,0.194160,0.006589
8487.5,0.194137,0.006588
8488.5,0.194113,0.006586
8489.5,0.194087,0.006585
8490.5,0.194059,0.006584
8491.5,0.194030,0.006583
8492.5,0.194000,0.006581
8493.5,0.193968,0.006580
8494.5,0.193935,0.006578
8495.5,0.193900,0.006577
8496.5,0.193864,0.006575
8497.5,0.193827,0.006573
8498.5,0.193788,0.006571
8499.5,0.193748,0.006569
8500.5,0.193707,0.006567
8501.5,0.193664,0.006565
8502.5,0.193620,0.006563
8503.5,0.193575,0.006561
8504.5,0.193528,0.006559
8505.5,0.193480,0.006557
8506.5,0.193431,0.006554
8507.5,0.193381,0.006552
8508.5,0.193329,0.006550
8509.5,0.193277,0.006547
8510.5,0.193223,0.006545
8511.5,0.193168,0.006542
8512.5,0.193112,0.006539
8513.5,0.193055,0.006537
8514.5,0.192996,0.006534
8515.5,0.192937,0.006531
8516.5,0.192877,0.006528
8517.5,0.192816,0.006525
8518.5,0.192754,0.006522
8519.5,0.192691,0.006520
8520.5,0.192627,0.006517
8521.5,0.192563,0.006514
8522.5,0.192497,0.006511
8523.5,0.192431,0.006508
8524.5,0.192364,0.006504
8525.5,0.192296,0.006501
8526.5,0.192228,0.006498
8527.5,0.192159,0.006495
8528.5,0.192090,0.006492
8529.5,0.192019,0.006489
8530.5,0.191949,0.006486
8531.5,0.191878,0.006483
8532.5,0.191806,0.006480
8533.5,0.191734,0.006476
8534.5,0.191662,0.006473
8535.5,0.191589,0.006470
8536.5,0.191516,0.006467
8537.5,0.191442,0.006464
8538.5,0.191369,0.006461
8539.5,0.191295,0.006458
8540.5,0.191221,0.006455
8541.5,0.191146,0.006452
8542.5,0.191072,0.006449
8543.5,0.190998,0.006447
8544.5,0.190923,0.006444
8545.5,0.190849,0.006441
8546.5,0.190774,0.006438
8547.5,0.190700,0.006436
8548.5,0.190626,0.006433
8549.5,0.190551,0.006430
8550.5,0.190477,0.006428
8551.5,0.190403,0.006425
8552.5,0.190330,0.006423
8553.5,0.190256,0.006421
8554.5,0.190183,0.006418
8555.5,0.190110,0.006416
8556.5,0.190038,0.006414
8557.5,0.189965,0.006412
8558.5,0.189894,0.006410
8559.5,0.189822,0.006408
8560.5,0.189751,0.006406
8561.5,0.189680,0.006404
8562.5,0.189610,0.006403
8563.5,0.189541,0.006401
8564.5,0.189471,0.006399
8565.5,0.189403,0.006398
8566.5,0.189335,0.006396
8567.5,0.189267,0.006395
8568.5,0.189200,0.006393
8569.5,0.189134,0.006392
8570.5,0.189068,0.006391
8571.5,0.189003,0.006390
8572.5,0.188939,0.006389
8573.5,0.188875,0.006388
8574.5,0.188812,0.006387
8575.5,0.188749,0.006386
8576.5,0.188687,0.006385
8577.5,0.188626,0.006384
8578.5,0.188566,0.006384
8579.5,0.188506,0.006383
8580.5,0.188447,0.006382
8581.5,0.188389,0.006382
8582.5,0.188332,0.006381
8583.5,0.188275,0.006381
8584.5,0.188219,0.006380
8585.5,0.188164,0.006380
8586.5,0.188109,0.006380
8587.5,0.188055,0.006379
8588.5,0.188002,0.006379
8589.5,0.187950,0.006379
8590.5,0.187898,0.006379
8591.5,0.187848,0.006378
8592.5,0.187798,0.006378
8593.5,0.187748,0.006378
8594.5,0.187700,0.006378
8595.5,0.187652,0.006378
8596.5,0.187605,0.006378
8597.5,0.187558,0.006378
8598.5,0.187512,0.006378
8599.5,0.187468,0.006378
8600.5,0.187423,0.006377
8601.5,0.187380,0.006377
8602.5,0.187337,0.006377
8603.5,0.187294,0.006377
8604.5,0.187253,0.006377
8605.5,0.187212,0.006377
8606.5,0.187172,0.006377
8607.5,0.187132,0.006377
8608.5,0.187093,0.006377
8609.5,0.187055,0.006376
8610.5,0.187017,0.006376
8611.5,0.186980,0.006376
8612.5,0.186943,0.006376
8613.5,0.186907,0.006376
8614.5,0.186872,0.006375
8615.5,0.186837,0.006375
8616.5,0.186803,0.006375
8617.5,0.186769,0.006374
8618.5,0.186736,0.006374
8619.5,0.186703,0.006374
8620.5,0.186671,0.006373
8621.5,0.186639,0.006373
8622.5,0.186608,0.006372
8623.5,0.186577,0.006372
8624.5,0.186546,0.006371
8625.5,0.186516,0.006371
8626.5,0.186487,0.006370
8627.5,0.186458,0.006369
8628.5,0.186429,0.006369
8629.5,0.186401,0.006368
8630.5,0.186373,0.006367
8631.5,0.186346,0.006366
8632.5,0.186318,0.006366
8633.5,0.186292,0.006365
8634.5,0.186265,0.006364
8635.5,0.186239,0.006363
8636.5,0.186213,0.006362
8637.5,0.186188,0.006361
8638.5,0.186163,0.006360
8639.5,0.186138,0.006359
8640.5,0.186114,0.006358
8641.5,0.186090,0.006357
8642.5,0.186066,0.006356
8643.5,0.186042,0.006355
8644.5,0.186019,0.006354
8645.5,0.185996,0.006353
8646.5,0.185973,0.006352
8647.5,0.185950,0.006350
8648.5,0.185928,0.006349
8649.5,0.185906,0.006348
8650.5,0.185884,0.006347
8651.5,0.185863,0.006346
8652.5,0.185841,0.006344
8653.5,0.185820,0.006343
8654.5,0.185800,0.006342
8655.5,0.185779,0.006340
8656.5,0.185759,0.006339
8657.5,0.185738,0.006338
8658.5,0.185719,0.006337
8659.5,0.185699,0.006335
8660.5,0.185680,0.006334
8661.5,0.185660,0.006333
8662.5,0.185641,0.006331
8663.5,0.185623,0.006330
8664.5,0.185604,0.006328
8665.5,0.185586,0.006327
8666.5,0.185568,0.006326
8667.5,0.185550,0.006324
8668.5,0.185533,0.006323
8669.5,0.185516,0.006322
8670.5,0.185499,0.006320
8671.5,0.185482,0.006319
8672.5,0.185466,0.006318
8673.5,0.185450,0.006316
8674.5,0.185434,0.006315
8675.5,0.185418,0.006313
8676.5,0.185403,0.006312
8677.5,0.185388,0.006311
8678.5,0.185374,0.006309
8679.5,0.185359,0.006308
8680.5,0.185345,0.006307
8681.5,0.185332,0.006305
8682.5,0.185319,0.006304
8683.5,0.185306,0.006303
8684.5,0.185293,0.006301
8685.5,0.185281,0.006300
8686.5,0.185269,0.006299
8687.5,0.185258,0.006297
8688.5,0.185247,0.006296
8689.5,0.185237,0.006295
8690.5,0.185227,0.006293
8691.5,0.185217,0.006292
8692.5,0.185208,0.006291
8693.5,0.185200,0.006289
8694.5,0.185191,0.006288
8695.5,0.185184,0.006287
8696.5,0.185177,0.006285
8697.5,0.185170,0.006284
8698.5,0.185164,0.006283
8699.5,0.185159,0.006282
8700.5,0.185154,0.006280
8701.5,0.185150,0.006279
8702.5,0.185146,0.006278
8703.5,0.185143,0.006277
8704.5,0.185141,0.006275
8705.5,0.185139,0.006274
8706.5,0.185138,0.006273
8707.5,0.185138,0.006272
8708.5,0.185138,0.006271
8709.5,0.185139,0.006270
8710.5,0.185141,0.006268
8711.5,0.185144,0.006267
8712.5,0.185147,0.006266
8713.5,0.185151,0.006265
8714.5,0.185156,0.006264
8715.5,0.185162,0.006263
8716.5,0.185168,0.006262
8717.5,0.185176,0.006261
8718.5,0.185184,0.006260
8719.5,0.185193,0.006260
8720.5,0.185203,0.006259
8721.5,0.185214,0.006258
8722.5,0.185226,0.006257
8723.5,0.185238,0.006256
8724.5,0.185252,0.006256
8725.5,0.185267,0.006255
8726.5,0.185282,0.006254
8727.5,0.185299,0.006254
8728.5,0.185316,0.006253
8729.5,0.185335,0.006253
8730.5,0.185355,0.006253
8731.5,0.185375,0.006252
8732.5,0.185397,0.006252
8733.5,0.185419,0.006252
8734.5,0.185443,0.006252
8735.5,0.185468,0.006251
8736.5,0.185494,0.006251
8737.5,0.185521,0.006251
8738.5,0.185549,0.006252
8739.5,0.185578,0.006252
8740.5,0.185608,0.006252
8741.5,0.185639,0.006252
8742.5,0.185672,0.006253
8743.5,0.185705,0.006253
8744.5,0.185740,0.006253
8745.5,0.185776,0.006254
8746.5,0.185812,0.006255
8747.5,0.185850,0.006255
8748.5,0.185889,0.006256
8749.5,0.185930,0.006257
8750.5,0.185971,0.006258
8751.5,0.186013,0.006259
8752.5,0.186057,0.006260
8753.5,0.186101,0.006262
8754.5,0.186147,0.006263
8755.5,0.186194,0.006264
8756.5,0.186242,0.006266
8757.5,0.186290,0.006267
8758.5,0.186340,0.006269
8759.5,0.186391,0.006270
8760.5,0.186443,0.006272
8761.5,0.186496,0.006274
8762.5,0.186551,0.006276
8763.5,0.186606,0.006278
8764.5,0.186662,0.006280
8765.5,0.186719,0.006282
8766.5,0.186776,0.006285
8767.5,0.186835,0.006287
8768.5,0.186895,0.006289
8769.5,0.186956,0.006292
8770.5,0.187017,0.006294
8771.5,0.187079,0.006297
8772.5,0.187143,0.006300
8773.5,0.187207,0.006302
8774.5,0.187271,0.006305
8775.5,0.187337,0.006308
8776.5,0.187403,0.006311
8777.5,0.187470,0.006314
8778.5,0.187537,0.006317
8779.5,0.187605,0.006320
8780.5,0.187674,0.006323
8781.5,0.187743,0.006326
8782.5,0.187813,0.006329
8783.5,0.187883,0.006333
8784.5,0.187954,0.006336
8785.5,0.188025,0.006339
8786.5,0.188096,0.006343
8787.5,0.188168,0.006346
8788.5,0.188240,0.006349
8789.5,0.188313,0.006353
8790.5,0.188386,0.006356
8791.5,0.188459,0.006360
8792.5,0.188532,0.006363
8793.5,0.188605,0.006367
8794.5,0.188678,0.006370
8795.5,0.188751,0.006374
8796.5,0.188825,0.006377
8797.5,0.188898,0.006380
8798.5,0.188971,0.006384
8799.5,0.189044,0.006387
8800.5,0.189117,0.006391
8801.5,0.189189,0.006394
8802.5,0.189262,0.006398
8803.5,0.189334,0.006401
8804.5,0.189405,0.006404
8805.5,0.189477,0.006408
8806.5,0.189547,0.006411
8807.5,0.189618,0.006414
8808.5,0.189687,0.006417
8809.5,0.189757,0.006420
8810.5,0.189825,0.006424
8811.5,0.189893,0.006427
8812.5,0.189960,0.006430
8813.5,0.190027,0.006433
8814.5,0.190092,0.006435
8815.5,0.190157,0.006438
8816.5,0.190221,0.006441
8817.5,0.190284,0.006444
8818.5,0.190345,0.006446
8819.5,0.190406,0.006449
8820.5,0.190466,0.006451
8821.5,0.190525,0.006454
8822.5,0.190582,0.006456
8823.5,0.190639,0.006458
8824.5,0.190694,0.006461
8825.5,0.190747,0.006463
8826.5,0.190800,0.006465
8827.5,0.190851,0.006467
8828.5,0.190900,0.006468
8829.5,0.190949,0.006470
8830.5,0.190995,0.006472
8831.5,0.191040,0.006473
8832.5,0.191084,0.006475
8833.5,0.191126,0.006476
8834.5,0.191166,0.006478
8835.5,0.191205,0.006479
8836.5,0.191242,0.006480
8837.5,0.191277,0.006481
8838.5,0.191310,0.006482
8839.5,0.191342,0.006483
8840.5,0.191372,0.006484
8841.5,0.191399,0.006484
8842.5,0.191425,0.006485
8843.5,0.191449,0.006485
8844.5,0.191471,0.006486
8845.5,0.191491,0.006486
8846.5,0.191509,0.006486
8847.5,0.191525,0.006486
8848.5,0.191539,0.006486
8849.5,0.191551,0.006486
8850.5,0.191560,0.006486
8851.5,0.191568,0.006486
8852.5,0.191573,0.006486
8853.5,0.191576,0.006485
8854.5,0.191577,0.006485
8855.5,0.191575,0.006485
8856.5,0.191572,0.006484
8857.5,0.191566,0.006483
8858.5,0.191557,0.006483
8859.5,0.191547,0.006482
8860.5,0.191534,0.006481
8861.5,0.191519,0.006480
8862.5,0.191501,0.006479
8863.5,0.191481,0.006478
8864.5,0.191459,0.006477
8865.5,0.191434,0.006475
8866.5,0.191407,0.006474
8867.5,0.191378,0.006473
8868.5,0.191346,0.006472
8869.5,0.191312,0.006470
8870.5,0.191275,0.006469
8871.5,0.191236,0.006467
8872.5,0.191194,0.006466
8873.5,0.191150,0.006464
8874.5,0.191104,0.006462
8875.5,0.191055,0.006461
8876.5,0.191004,0.006459
8877.5,0.190950,0.006457
8878.5,0.190894,0.006455
8879.5,0.190835,0.006453
8880.5,0.190774,0.006451
8881.5,0.190711,0.006449
8882.5,0.190645,0.006447
8883.5,0.190577,0.006445
8884.5,0.190506,0.006443
8885.5,0.190433,0.006441
8886.5,0.190358,0.006439
8887.5,0.190280,0.006437
8888.5,0.190200,0.006435
8889.5,0.190118,0.006432
8890.5,0.190033,0.006430
8891.5,0.189946,0.006428
8892.5,0.189856,0.006426
8893.5,0.189765,0.006423
8894.5,0.189671,0.006421
8895.5,0.189575,0.006418
8896.5,0.189476,0.006416
8897.5,0.189376,0.006414
8898.5,0.189273,0.006411
8899.5,0.189168,0.006409
8900.5,0.189061,0.006406
8901.5,0.188952,0.006403
8902.5,0.188841,0.006401
8903.5,0.188727,0.006398
8904.5,0.188612,0.006395
8905.5,0.188495,0.006393
8906.5,0.188375,0.006390
8907.5,0.188254,0.006387
8908.5,0.188131,0.006384
8909.5,0.188006,0.006382
8910.5,0.187879,0.006379
8911.5,0.187750,0.006376
8912.5,0.187620,0.006373
8913.5,0.187487,0.006370
8914.5,0.187353,0.006367
8915.5,0.187217,0.006364
8916.5,0.187080,0.006360
8917.5,0.186941,0.006357
8918.5,0.186800,0.006354
8919.5,0.186658,0.006351
8920.5,0.186515,0.006347
8921.5,0.186370,0.006344
8922.5,0.186223,0.006341
8923.5,0.186075,0.006337
8924.5,0.185926,0.006334
8925.5,0.185776,0.006330
8926.5,0.185624,0.006327
8927.5,0.185471,0.006323
8928.5,0.185317,0.006319
8929.5,0.185162,0.006316
8930.5,0.185006,0.006312
8931.5,0.184849,0.006308
8932.5,0.184691,0.006304
8933.5,0.184532,0.006300
8934.5,0.184372,0.006296
8935.5,0.184212,0.006292
8936.5,0.184050,0.006288
8937.5,0.183888,0.006284
8938.5,0.183725,0.006280
8939.5,0.183562,0.006276
8940.5,0.183398,0.006271
8941.5,0.183234,0.006267
8942.5,0.183069,0.006263
8943.5,0.182904,0.006258
8944.5,0.182738,0.006254
8945.5,0.182573,0.006250
8946.5,0.182407,0.006245
8947.5,0.182241,0.006241
8948.5,0.182074,0.006236
8949.5,0.181908,0.006232
8950.5,0.181742,0.006227
8951.5,0.181576,0.006222
8952.5,0.181410,0.006218
8953.5,0.181244,0.006213
8954.5,0.181078,0.006208
8955.5,0.180913,0.006204
8956.5,0.180748,0.006199
8957.5,0.180583,0.006194
8958.5,0.180419,0.006190
8959.5,0.180255,0.006185
8960.5,0.180092,0.006180
8961.5,0.179930,0.006175
8962.5,0.179768,0.006171
8963.5,0.179607,0.006166
8964.5,0.179447,0.006161
8965.5,0.179287,0.006157
8966.5,0.179129,0.006152
8967.5,0.178971,0.006147
8968.5,0.178814,0.006143
8969.5,0.178659,0.006138
8970.5,0.178504,0.006133
8971.5,0.178351,0.006129
8972.5,0.178199,0.006124
8973.5,0.178048,0.006120
8974.5,0.177898,0.006115
8975.5,0.177750,0.006111
8976.5,0.177603,0.006107
8977.5,0.177457,0.006102
8978.5,0.177313,0.006098
8979.5,0.177171,0.006094
8980.5,0.177030,0.006090
8981.5,0.176890,0.006086
8982.5,0.176752,0.006082
8983.5,0.176616,0.006078
8984.5,0.176482,0.006074
8985.5,0.176349,0.006070
8986.5,0.176218,0.006067
8987.5,0.176089,0.006063
8988.5,0.175962,0.006059
8989.5,0.175837,0.006056
8990.5,0.175713,0.006053
8991.5,0.175592,0.006049
8992.5,0.175472,0.006046
8993.5,0.175355,0.006043
8994.5,0.175239,0.006040
8995.5,0.175126,0.006037
8996.5,0.175014,0.006034
8997.5,0.174905,0.006031
8998.5,0.174797,0.006028
8999.5,0.174692,0.006026
9000.5,0.174589,0.006023
9001.5,0.174488,0.006021
9002.5,0.174389,0.006018
9003.5,0.174293,0.006016
9004.5,0.174198,0.006014
9005.5,0.174106,0.006012
9006.5,0.174016,0.006010
9007.5,0.173928,0.006008
9008.5,0.173843,0.006006
9009.5,0.173759,0.006004
9010.5,0.173678,0.006002
9011.5,0.173599,0.006001
9012.5,0.173522,0.005999
9013.5,0.173447,0.005998
9014.5,0.173375,0.005996
9015.5,0.173305,0.005995
9016.5,0.173237,0.005994
9017.5,0.173171,0.005993
9018.5,0.173107,0.005992
9019.5,0.173045,0.005991
9020.5,0.172986,0.005990
9021.5,0.172929,0.005989
9022.5,0.172873,0.005989
9023.5,0.172820,0.005988
9024.5,0.172769,0.005987
9025.5,0.172720,0.005987
9026.5,0.172673,0.005987
9027.5,0.172628,0.005986
9028.5,0.172585,0.005986
9029.5,0.172544,0.005986
9030.5,0.172505,0.005985
9031.5,0.172468,0.005985
9032.5,0.172433,0.005985
9033.5,0.172399,0.005985
9034.5,0.172367,0.005985
9035.5,0.172338,0.005985
9036.5,0.172310,0.005986
9037.5,0.172283,0.005986
9038.5,0.172259,0.005986
9039.5,0.172236,0.005986
9040.5,0.172214,0.005987
9041.5,0.172195,0.005987
9042.5,0.172176,0.005987
9043.5,0.172160,0.005988
9044.5,0.172144,0.005988
9045.5,0.172131,0.005989
9046.5,0.172119,0.005990
9047.5,0.172108,0.005990
9048.5,0.172098,0.005991
9049.5,0.172090,0.005991
9050.5,0.172083,0.005992
9051.5,0.172077,0.005993
9052.5,0.172072,0.005994
9053.5,0.172069,0.005994
9054.5,0.172067,0.005995
9055.5,0.172065,0.005996
9056.5,0.172065,0.005997
9057.5,0.172066,0.005998
9058.5,0.172068,0.005999
9059.5,0.172071,0.005999
9060.5,0.172074,0.006000
9061.5,0.172079,0.006001
9062.5,0.172084,0.006002
9063.5,0.172090,0.006003
9064.5,0.172096,0.006004
9065.5,0.172104,0.006005
9066.5,0.172112,0.006006
9067.5,0.172121,0.006007
9068.5,0.172130,0.006008
9069.5,0.172140,0.006009
9070.5,0.172150,0.006010
9071.5,0.172161,0.006010
9072.5,0.172172,0.006011
9073.5,0.172184,0.006012
9074.5,0.172196,0.006013
9075.5,0.172209,0.006014
9076.5,0.172222,0.006015
9077.5,0.172235,0.006016
9078.5,0.172248,0.006017
9079.5,0.172262,0.006018
9080.5,0.172276,0.006018
9081.5,0.172290,0.006019
9082.5,0.172304,0.006020
9083.5,0.172319,0.006021
9084.5,0.172333,0.006021
9085.5,0.172348,0.006022
9086.5,0.172363,0.006023
9087.5,0.172377,0.006023
9088.5,0.172392,0.006024
9089.5,0.172407,0.006025
9090.5,0.172422,0.006025
9091.5,0.172437,0.006026
9092.5,0.172452,0.006026
9093.5,0.172467,0.006027
9094.5,0.172482,0.006027
9095.5,0.172497,0.006027
9096.5,0.172512,0.006028
9097.5,0.172527,0.006028
9098.5,0.172541,0.006028
9099.5,0.172556,0.006028
9100.5,0.172571,0.006029
9101.5,0.172585,0.006029
9102.5,0.172600,0.006029
9103.5,0.172614,0.006029
9104.5,0.172629,0.006029
9105.5,0.172643,0.006029
9106.5,0.172657,0.006029
9107.5,0.172671,0.006028
9108.5,0.172685,0.006028
9109.5,0.172699,0.006028
9110.5,0.172713,0.006028
9111.5,0.172727,0.006027
9112.5,0.172741,0.006027
9113.5,0.172755,0.006027
9114.5,0.172769,0.006026
9115.5,0.172783,0.006026
9116.5,0.172797,0.006025
9117.5,0.172811,0.006025
9118.5,0.172825,0.006024
9119.5,0.172839,0.006023
9120.5,0.172853,0.006023
9121.5,0.172867,0.006022
9122.5,0.172882,0.006021
9123.5,0.172896,0.006020
9124.5,0.172911,0.006019
9125.5,0.172926,0.006018
9126.5,0.172941,0.006018
9127.5,0.172956,0.006017
9128.5,0.172972,0.006016
9129.5,0.172988,0.006015
9130.5,0.173004,0.006014
9131.5,0.173020,0.006013
9132.5,0.173037,0.006012
9133.5,0.173054,0.006011
9134.5,0.173071,0.006009
9135.5,0.173089,0.006008
9136.5,0.173107,0.006007
9137.5,0.173126,0.006006
9138.5,0.173145,0.006005
9139.5,0.173165,0.006004
9140.5,0.173185,0.006003
9141.5,0.173206,0.006002
9142.5,0.173227,0.006001
9143.5,0.173249,0.005999
9144.5,0.173271,0.005998
9145.5,0.173294,0.005997
9146.5,0.173318,0.005996
9147.5,0.173343,0.005995
9148.5,0.173368,0.005994
9149.5,0.173394,0.005993
9150.5,0.173421,0.005992
9151.5,0.173448,0.005991
9152.5,0.173476,0.005990
9153.5,0.173506,0.005990
9154.5,0.173536,0.005989
9155.5,0.173566,0.005988
9156.5,0.173598,0.005987
9157.5,0.173631,0.005986
9158.5,0.173664,0.005986
9159.5,0.173699,0.005985
9160.5,0.173734,0.005985
9161.5,0.173771,0.005984
9162.5,0.173808,0.005984
9163.5,0.173846,0.005983
9164.5,0.173886,0.005983
9165.5,0.173926,0.005983
9166.5,0.173967,0.005983
9167.5,0.174010,0.005982
9168.5,0.174053,0.005982
9169.5,0.174098,0.005982
9170.5,0.174143,0.005982
9171.5,0.174190,0.005983
9172.5,0.174238,0.005983
9173.5,0.174287,0.005983
9174.5,0.174337,0.005984
9175.5,0.174387,0.005984
9176.5,0.174440,0.005985
9177.5,0.174493,0.005985
9178.5,0.174547,0.005986
9179.5,0.174602,0.005987
9180.5,0.174658,0.005987
9181.5,0.174716,0.005988
9182.5,0.174774,0.005989
9183.5,0.174833,0.005991
9184.5,0.174894,0.005992
9185.5,0.174955,0.005993
9186.5,0.175018,0.005994
9187.5,0.175081,0.005996
9188.5,0.175146,0.005997
9189.5,0.175211,0.005999
9190.5,0.175277,0.006000
9191.5,0.175345,0.006002
9192.5,0.175413,0.006004
9193.5,0.175482,0.006006
9194.5,0.175552,0.006008
9195.5,0.175622,0.006010
9196.5,0.175694,0.006012
9197.5,0.175766,0.006014
9198.5,0.175839,0.006016
9199.5,0.175913,0.006018
9200.5,0.175987,0.006021
9201.5,0.176062,0.006023
9202.5,0.176138,0.006026
9203.5,0.176215,0.006028
9204.5,0.176292,0.006031
9205.5,0.176369,0.006034
9206.5,0.176447,0.006036
9207.5,0.176526,0.006039
9208.5,0.176605,0.006042
9209.5,0.176684,0.006045
9210.5,0.176764,0.006048
9211.5,0.176844,0.006051
9212.5,0.176924,0.006054
9213.5,0.177005,0.006057
9214.5,0.177085,0.006060
9215.5,0.177166,0.006063
9216.5,0.177247,0.006066
9217.5,0.177329,0.006069
9218.5,0.177410,0.006072
9219.5,0.177491,0.006075
9220.5,0.177572,0.006078
9221.5,0.177654,0.006082
9222.5,0.177735,0.006085
9223.5,0.177815,0.006088
9224.5,0.177896,0.006091
9225.5,0.177977,0.006094
9226.5,0.178057,0.006098
9227.5,0.178137,0.006101
9228.5,0.178216,0.006104
9229.5,0.178295,0.006107
9230.5,0.178374,0.006111
9231.5,0.178452,0.006114
9232.5,0.178529,0.006117
9233.5,0.178606,0.006120
9234.5,0.178683,0.006123
9235.5,0.178759,0.006126
9236.5,0.178834,0.006129
9237.5,0.178908,0.006132
9238.5,0.178981,0.006135
9239.5,0.179054,0.006138
9240.5,0.179126,0.006141
9241.5,0.179197,0.006144
9242.5,0.179267,0.006147
9243.5,0.179336,0.006150
9244.5,0.179404,0.006152
9245.5,0.179471,0.006155
9246.5,0.179538,0.006158
9247.5,0.179602,0.006160
9248.5,0.179666,0.006163
9249.5,0.179729,0.006165
9250.5,0.179790,0.006167
9251.5,0.179851,0.006170
9252.5,0.179910,0.006172
9253.5,0.179968,0.006174
9254.5,0.180024,0.006176
9255.5,0.180079,0.006178
9256.5,0.180133,0.006180
9257.5,0.180185,0.006182
9258.5,0.180236,0.006184
9259.5,0.180286,0.006185
9260.5,0.180334,0.006187
9261.5,0.180381,0.006188
9262.5,0.180426,0.006190
9263.5,0.180470,0.006191
9264.5,0.180513,0.006192
9265.5,0.180554,0.006194
9266.5,0.180593,0.006195
9267.5,0.180631,0.006196
9268.5,0.180667,0.006197
9269.5,0.180702,0.006197
9270.5,0.180735,0.006198
9271.5,0.180767,0.006199
9272.5,0.180797,0.006199
9273.5,0.180825,0.006200
9274.5,0.180852,0.006200
9275.5,0.180878,0.006200
9276.5,0.180901,0.006201
9277.5,0.180924,0.006201
9278.5,0.180944,0.006201
9279.5,0.180963,0.006201
9280.5,0.180981,0.006201
9281.5,0.180997,0.006200
9282.5,0.181011,0.006200
9283.5,0.181024,0.006200
9284.5,0.181036,0.006199
9285.5,0.181046,0.006199
9286.5,0.181054,0.006198
9287.5,0.181061,0.006197
9288.5,0.181066,0.006196
9289.5,0.181070,0.006196
9290.5,0.181072,0.006195
9291.5,0.181073,0.006194
9292.5,0.181073,0.006193
9293.5,0.181071,0.006191
9294.5,0.181068,0.006190
9295.5,0.181063,0.006189
9296.5,0.181057,0.006188
9297.5,0.181050,0.006186
9298.5,0.181041,0.006185
9299.5,0.181031,0.006183
9300.5,0.181020,0.006182
9301.5,0.181007,0.006180
9302.5,0.180993,0.006179
9303.5,0.180978,0.006177
9304.5,0.180962,0.006175
9305.5,0.180945,0.006173
9306.5,0.180926,0.006172
9307.5,0.180906,0.006170
9308.5,0.180886,0.006168
9309.5,0.180864,0.006166
9310.5,0.180841,0.006164
9311.5,0.180817,0.006162
9312.5,0.180792,0.006160
9313.5,0.180766,0.006158
9314.5,0.180739,0.006156
9315.5,0.180711,0.006154
9316.5,0.180682,0.006152
9317.5,0.180653,0.006150
9318.5,0.180622,0.006148
9319.5,0.180591,0.006147
9320.5,0.180558,0.006145
9321.5,0.180525,0.006143
9322.5,0.180492,0.006141
9323.5,0.180457,0.006139
9324.5,0.180422,0.006137
9325.5,0.180386,0.006135
9326.5,0.180349,0.006133
9327.5,0.180312,0.006131
9328.5,0.180274,0.006129
9329.5,0.180235,0.006127
9330.5,0.180196,0.006125
9331.5,0.180156,0.006124
9332.5,0.180115,0.006122
9333.5,0.180074,0.006120
9334.5,0.180033,0.006118
9335.5,0.179991,0.006117
9336.5,0.179948,0.006115
9337.5,0.179905,0.006114
9338.5,0.179862,0.006112
9339.5,0.179818,0.006111
9340.5,0.179773,0.006109
9341.5,0.179728,0.006108
9342.5,0.179683,0.006106
9343.5,0.179637,0.006105
9344.5,0.179591,0.006104
9345.5,0.179545,0.006103
9346.5,0.179498,0.006102
9347.5,0.179450,0.006100
9348.5,0.179403,0.006099
9349.5,0.179355,0.006098
9350.5,0.179306,0.006097
9351.5,0.179257,0.006097
9352.5,0.179208,0.006096
9353.5,0.179159,0.006095
9354.5,0.179109,0.006094
9355.5,0.179059,0.006094
9356.5,0.179009,0.006093
9357.5,0.178958,0.006092
9358.5,0.178907,0.006092
9359.5,0.178855,0.006091
9360.5,0.178803,0.006091
9361.5,0.178751,0.006090
9362.5,0.178699,0.006090
9363.5,0.178646,0.006090
9364.5,0.178593,0.006089
9365.5,0.178540,0.006089
9366.5,0.178486,0.006089
9367.5,0.178432,0.006089
9368.5,0.178377,0.006089
9369.5,0.178323,0.006089
9370.5,0.178267,0.006089
9371.5,0.178212,0.006089
9372.5,0.178156,0.006089
9373.5,0.178100,0.006089
9374.5,0.178043,0.006089
9375.5,0.177986,0.006089
9376.5,0.177929,0.006089
9377.5,0.177871,0.006089
9378.5,0.177813,0.006089
9379.5,0.177755,0.006089
9380.5,0.177696,0.006089
9381.5,0.177637,0.006089
9382.5,0.177577,0.006089
9383.5,0.177517,0.006089
9384.5,0.177456,0.006090
9385.5,0.177395,0.006090
9386.5,0.177334,0.006090
9387.5,0.177272,0.006090
9388.5,0.177210,0.006090
9389.5,0.177147,0.006090
9390.5,0.177084,0.006090
9391.5,0.177020,0.006090
9392.5,0.176956,0.006090
9393.5,0.176891,0.006090
9394.5,0.176826,0.006090
9395.5,0.176761,0.006089
9396.5,0.176695,0.006089
9397.5,0.176628,0.006089
9398.5,0.176561,0.006089
9399.5,0.176494,0.006088
9400.5,0.176426,0.006088
9401.5,0.176358,0.006087
9402.5,0.176289,0.006087
9403.5,0.176220,0.006086
9404.5,0.176150,0.006086
9405.5,0.176080,0.006085
9406.5,0.176009,0.006084
9407.5,0.175938,0.006083
9408.5,0.175866,0.006083
9409.5,0.175794,0.006082
9410.5,0.175722,0.006081
9411.5,0.175649,0.006079
9412.5,0.175576,0.006078
9413.5,0.175502,0.006077
9414.5,0.175428,0.006076
9415.5,0.175353,0.006074
9416.5,0.175278,0.006073
9417.5,0.175203,0.006071
9418.5,0.175128,0.006069
9419.5,0.175051,0.006068
9420.5,0.174975,0.006066
9421.5,0.174898,0.006064
9422.5,0.174821,0.006062
9423.5,0.174744,0.006060
9424.5,0.174666,0.006058
9425.5,0.174589,0.006056
9426.5,0.174510,0.006053
9427.5,0.174432,0.006051
9428.5,0.174353,0.006048
9429.5,0.174274,0.006046
9430.5,0.174195,0.006043
9431.5,0.174116,0.006041
9432.5,0.174037,0.006038
9433.5,0.173957,0.006035
9434.5,0.173878,0.006032
9435.5,0.173798,0.006029
9436.5,0.173718,0.006026
9437.5,0.173638,0.006023
9438.5,0.173558,0.006020
9439.5,0.173478,0.006017
9440.5,0.173398,0.006013
9441.5,0.173318,0.006010
9442.5,0.173238,0.006007
9443.5,0.173159,0.006003
9444.5,0.173079,0.006000
9445.5,0.172999,0.005997
9446.5,0.172919,0.005993
9447.5,0.172840,0.005990
9448.5,0.172761,0.005986
9449.5,0.172682,0.005982
9450.5,0.172603,0.005979
9451.5,0.172524,0.005975
9452.5,0.172446,0.005972
9453.5,0.172368,0.005968
9454.5,0.172290,0.005965
9455.5,0.172212,0.005961
9456.5,0.172135,0.005957
9457.5,0.172058,0.005954
9458.5,0.171981,0.005950
9459.5,0.171905,0.005947
9460.5,0.171829,0.005943
9461.5,0.171753,0.005940
9462.5,0.171678,0.005936
9463.5,0.171604,0.005933
9464.5,0.171529,0.005930
9465.5,0.171456,0.005926
9466.5,0.171382,0.005923
9467.5,0.171310,0.005920
9468.5,0.171237,0.005917
9469.5,0.171165,0.005914
9470.5,0.171094,0.005911
9471.5,0.171023,0.005908
9472.5,0.170953,0.005905
9473.5,0.170883,0.005902
9474.5,0.170814,0.005899
9475.5,0.170745,0.005896
9476.5,0.170677,0.005894
9477.5,0.170609,0.005891
9478.5,0.170542,0.005889
9479.5,0.170476,0.005886
9480.5,0.170410,0.005884
9481.5,0.170344,0.005882
9482.5,0.170280,0.005880
9483.5,0.170215,0.005878
9484.5,0.170152,0.005876
9485.5,0.170089,0.005874
9486.5,0.170026,0.005872
9487.5,0.169964,0.005870
9488.5,0.169903,0.005869
9489.5,0.169842,0.005867
9490.5,0.169781,0.005866
9491.5,0.169721,0.005864
9492.5,0.169662,0.005863
9493.5,0.169603,0.005862
9494.5,0.169545,0.005861
9495.5,0.169487,0.005860
9496.5,0.169430,0.005859
9497.5,0.169373,0.005858
9498.5,0.169316,0.005857
9499.5,0.169260,0.005857
9500.5,0.169205,0.005856
9501.5,0.169150,0.005856
9502.5,0.169095,0.005855
9503.5,0.169041,0.005855
9504.5,0.168987,0.005854
9505.5,0.168934,0.005854
9506.5,0.168880,0.005854
9507.5,0.168828,0.005854
9508.5,0.168775,0.005854
9509.5,0.168723,0.005853
9510.5,0.168671,0.005853
9511.5,0.168620,0.005853
9512.5,0.168568,0.005853
9513.5,0.168517,0.005853
9514.5,0.168467,0.005854
9515.5,0.168416,0.005854
9516.5,0.168366,0.005854
9517.5,0.168316,0.005854
9518.5,0.168266,0.005854
9519.5,0.168216,0.005854
9520.5,0.168167,0.005854
9521.5,0.168117,0.005855
9522.5,0.168068,0.005855
9523.5,0.168019,0.005855
9524.5,0.167970,0.005855
9525.5,0.167921,0.005855
9526.5,0.167872,0.005855
9527.5,0.167823,0.005856
9528.5,0.167775,0.005856
9529.5,0.167726,0.005856
9530.5,0.167677,0.005856
9531.5,0.167629,0.005856
9532.5,0.167581,0.005856
9533.5,0.167532,0.005856
9534.5,0.167484,0.005855
9535.5,0.167435,0.005855
9536.5,0.167387,0.005855
9537.5,0.167339,0.005855
9538.5,0.167291,0.005854
9539.5,0.167243,0.005854
9540.5,0.167194,0.005854
9541.5,0.167146,0.005853
9542.5,0.167098,0.005853
9543.5,0.167050,0.005852
9544.5,0.167002,0.005851
9545.5,0.166954,0.005851
9546.5,0.166906,0.005850
9547.5,0.166858,0.005849
9548.5,0.166811,0.005848
9549.5,0.166763,0.005847
9550.5,0.166715,0.005846
9551.5,0.166668,0.005845
9552.5,0.166621,0.005843
9553.5,0.166574,0.005842
9554.5,0.166527,0.005841
9555.5,0.166480,0.005839
9556.5,0.166433,0.005838
9557.5,0.166387,0.005836
9558.5,0.166340,0.005835
9559.5,0.166294,0.005833
9560.5,0.166249,0.005831
9561.5,0.166203,0.005829
9562.5,0.166158,0.005828
9563.5,0.166114,0.005826
9564.5,0.166069,0.005824
9565.5,0.166025,0.005822
9566.5,0.165982,0.005820
9567.5,0.165939,0.005818
9568.5,0.165896,0.005815
9569.5,0.165854,0.005813
9570.5,0.165812,0.005811
9571.5,0.165771,0.005809
9572.5,0.165731,0.005806
9573.5,0.165691,0.005804
9574.5,0.165652,0.005802
9575.5,0.165614,0.005799
9576.5,0.165576,0.005797
9577.5,0.165539,0.005795
9578.5,0.165503,0.005792
9579.5,0.165468,0.005790
9580.5,0.165433,0.005787
9581.5,0.165400,0.005785
9582.5,0.165367,0.005782
9583.5,0.165336,0.005780
9584.5,0.165305,0.005778
9585.5,0.165275,0.005775
9586.5,0.165247,0.005773
9587.5,0.165219,0.005771
9588.5,0.165193,0.005768
9589.5,0.165168,0.005766
9590.5,0.165144,0.005764
9591.5,0.165121,0.005762
9592.5,0.165099,0.005759
9593.5,0.165079,0.005757
9594.5,0.165060,0.005755
9595.5,0.165043,0.005753
9596.5,0.165026,0.005752
9597.5,0.165012,0.005750
9598.5,0.164998,0.005748
9599.5,0.164986,0.005746
9600.5,0.164976,0.005745
9601.5,0.164967,0.005743
9602.5,0.164959,0.005742
9603.5,0.164953,0.005740
9604.5,0.164949,0.005739
9605.5,0.164946,0.005738
9606.5,0.164945,0.005737
9607.5,0.164945,0.005736
9608.5,0.164947,0.005735
9609.5,0.164950,0.005734
9610.5,0.164956,0.005734
9611.5,0.164963,0.005733
9612.5,0.164971,0.005733
9613.5,0.164981,0.005733
9614.5,0.164993,0.005732
9615.5,0.165007,0.005732
9616.5,0.165022,0.005732
9617.5,0.165039,0.005733
9618.5,0.165058,0.005733
9619.5,0.165078,0.005734
9620.5,0.165100,0.005734
9621.5,0.165124,0.005735
9622.5,0.165150,0.005736
9623.5,0.165177,0.005737
9624.5,0.165205,0.005738
9625.5,0.165236,0.005739
9626.5,0.165268,0.005740
9627.5,0.165301,0.005742
9628.5,0.165337,0.005744
9629.5,0.165373,0.005745
9630.5,0.165412,0.005747
9631.5,0.165452,0.005749
9632.5,0.165493,0.005751
9633.5,0.165536,0.005754
9634.5,0.165580,0.005756
9635.5,0.165626,0.005759
9636.5,0.165673,0.005761
9637.5,0.165721,0.005764
9638.5,0.165771,0.005767
9639.5,0.165822,0.005770
9640.5,0.165874,0.005773
9641.5,0.165928,0.005776
9642.5,0.165983,0.005779
9643.5,0.166038,0.005783
9644.5,0.166095,0.005786
9645.5,0.166153,0.005790
9646.5,0.166212,0.005793
9647.5,0.166272,0.005797
9648.5,0.166333,0.005801
9649.5,0.166395,0.005805
9650.5,0.166457,0.005809
9651.5,0.166520,0.005813
9652.5,0.166584,0.005817
9653.5,0.166649,0.005821
9654.5,0.166714,0.005825
9655.5,0.166780,0.005830
9656.5,0.166846,0.005834
9657.5,0.166913,0.005838
9658.5,0.166980,0.005843
9659.5,0.167047,0.005847
9660.5,0.167114,0.005852
9661.5,0.167182,0.005856
9662.5,0.167250,0.005861
9663.5,0.167318,0.005865
9664.5,0.167386,0.005870
9665.5,0.167454,0.005874
9666.5,0.167522,0.005879
9667.5,0.167589,0.005883
9668.5,0.167657,0.005888
9669.5,0.167724,0.005892
9670.5,0.167791,0.005897
9671.5,0.167857,0.005901
9672.5,0.167923,0.005906
9673.5,0.167989,0.005910
9674.5,0.168054,0.005914
9675.5,0.168118,0.005919
9676.5,0.168182,0.005923
9677.5,0.168244,0.005927
9678.5,0.168306,0.005931
9679.5,0.168368,0.005935
9680.5,0.168428,0.005939
9681.5,0.168487,0.005943
9682.5,0.168545,0.005947
9683.5,0.168603,0.005951
9684.5,0.168659,0.005955
9685.5,0.168714,0.005958
9686.5,0.168767,0.005962
9687.5,0.168820,0.005965
9688.5,0.168871,0.005969
9689.5,0.168920,0.005972
9690.5,0.168969,0.005975
9691.5,0.169015,0.005978
9692.5,0.169061,0.005981
9693.5,0.169105,0.005984
9694.5,0.169147,0.005987
9695.5,0.169187,0.005990
9696.5,0.169226,0.005992
9697.5,0.169264,0.005994
9698.5,0.169299,0.005997
9699.5,0.169333,0.005999
9700.5,0.169365,0.006001
9701.5,0.169396,0.006003
9702.5,0.169424,0.006005
9703.5,0.169451,0.006006
9704.5,0.169475,0.006008
9705.5,0.169498,0.006009
9706.5,0.169519,0.006010
9707.5,0.169538,0.006012
9708.5,0.169555,0.006013
9709.5,0.169570,0.006013
9710.5,0.169583,0.006014
9711.5,0.169594,0.006015
9712.5,0.169603,0.006015
9713.5,0.169610,0.006016
9714.5,0.169615,0.006016
9715.5,0.169618,0.006016
9716.5,0.169619,0.006016
9717.5,0.169618,0.006016
9718.5,0.169615,0.006016
9719.5,0.169610,0.006015
9720.5,0.169602,0.006015
9721.5,0.169593,0.006014
9722.5,0.169582,0.006013
9723.5,0.169569,0.006012
9724.5,0.169554,0.006011
9725.5,0.169536,0.006010
9726.5,0.169517,0.006009
9727.5,0.169496,0.006008
9728.5,0.169473,0.006006
9729.5,0.169448,0.006005
9730.5,0.169421,0.006003
9731.5,0.169392,0.006001
9732.5,0.169361,0.006000
9733.5,0.169329,0.005998
9734.5,0.169294,0.005996
9735.5,0.169258,0.005994
9736.5,0.169220,0.005991
9737.5,0.169180,0.005989
9738.5,0.169139,0.005987
9739.5,0.169096,0.005984
9740.5,0.169051,0.005982
9741.5,0.169004,0.005980
9742.5,0.168956,0.005977
9743.5,0.168906,0.005974
9744.5,0.168854,0.005972
9745.5,0.168801,0.005969
9746.5,0.168747,0.005966
9747.5,0.168691,0.005963
9748.5,0.168634,0.005960
9749.5,0.168575,0.005957
9750.5,0.168514,0.005954
9751.5,0.168453,0.005951
9752.5,0.168390,0.005948
9753.5,0.168325,0.005945
9754.5,0.168260,0.005942
9755.5,0.168193,0.005939
9756.5,0.168125,0.005936
9757.5,0.168056,0.005933
9758.5,0.167986,0.005930
9759.5,0.167914,0.005927
9760.5,0.167842,0.005924
9761.5,0.167768,0.005920
9762.5,0.167693,0.005917
9763.5,0.167618,0.005914
9764.5,0.167541,0.005911
9765.5,0.167464,0.005908
9766.5,0.167385,0.005905
9767.5,0.167306,0.005902
9768.5,0.167226,0.005899
9769.5,0.167145,0.005896
9770.5,0.167063,0.005893
9771.5,0.166980,0.005890
9772.5,0.166897,0.005887
9773.5,0.166813,0.005884
9774.5,0.166728,0.005881
9775.5,0.166643,0.005878
9776.5,0.166556,0.005875
9777.5,0.166470,0.005872
9778.5,0.166382,0.005870
9779.5,0.166294,0.005867
9780.5,0.166205,0.005864
9781.5,0.166116,0.005861
9782.5,0.166026,0.005859
9783.5,0.165936,0.005856
9784.5,0.165845,0.005854
9785.5,0.165753,0.005851
9786.5,0.165661,0.005849
9787.5,0.165568,0.005846
9788.5,0.165475,0.005844
9789.5,0.165382,0.005841
9790.5,0.165288,0.005839
9791.5,0.165193,0.005837
9792.5,0.165098,0.005834
9793.5,0.165002,0.005832
9794.5,0.164906,0.005830
9795.5,0.164809,0.005828
9796.5,0.164712,0.005825
9797.5,0.164614,0.005823
9798.5,0.164516,0.005821
9799.5,0.164417,0.005819
9800.5,0.164318,0.005817
9801.5,0.164218,0.005815
9802.5,0.164118,0.005813
9803.5,0.164017,0.005811
9804.5,0.163915,0.005809
9805.5,0.163813,0.005807
9806.5,0.163710,0.005805
9807.5,0.163607,0.005803
9808.5,0.163503,0.005801
9809.5,0.163398,0.005799
9810.5,0.163293,0.005797
9811.5,0.163187,0.005795
9812.5,0.163080,0.005793
9813.5,0.162972,0.005791
9814.5,0.162864,0.005789
9815.5,0.162755,0.005787
9816.5,0.162645,0.005785
9817.5,0.162534,0.005783
9818.5,0.162422,0.005781
9819.5,0.162309,0.005779
9820.5,0.162196,0.005777
9821.5,0.162081,0.005775
9822.5,0.161965,0.005773
9823.5,0.161849,0.005771
9824.5,0.161731,0.005769
9825.5,0.161612,0.005767
9826.5,0.161492,0.005765
9827.5,0.161370,0.005762
9828.5,0.161248,0.005760
9829.5,0.161124,0.005758
9830.5,0.160998,0.005756
9831.5,0.160872,0.005753
9832.5,0.160744,0.005751
9833.5,0.160614,0.005748
9834.5,0.160483,0.005746
9835.5,0.160350,0.005744
9836.5,0.160216,0.005741
9837.5,0.160080,0.005739
9838.5,0.159942,0.005736
9839.5,0.159803,0.005733
9840.5,0.159662,0.005731
9841.5,0.159518,0.005728
9842.5,0.159373,0.005725
9843.5,0.159226,0.005722
9844.5,0.159077,0.005720
9845.5,0.158926,0.005717
9846.5,0.158773,0.005714
9847.5,0.158617,0.005711
9848.5,0.158459,0.005708
9849.5,0.158299,0.005705
9850.5,0.158137,0.005702
9851.5,0.157971,0.005699
9852.5,0.157804,0.005695
9853.5,0.157634,0.005692
9854.5,0.157461,0.005689
9855.5,0.157286,0.005686
9856.5,0.157107,0.005682
9857.5,0.156926,0.005679
9858.5,0.156742,0.005676
9859.5,0.156555,0.005672
9860.5,0.156365,0.005669
9861.5,0.156172,0.005665
9862.5,0.155976,0.005662
9863.5,0.155777,0.005658
9864.5,0.155574,0.005655
9865.5,0.155368,0.005651
9866.5,0.155158,0.005648
9867.5,0.154945,0.005644
9868.5,0.154728,0.005640
9869.5,0.154508,0.005637
9870.5,0.154284,0.005633
9871.5,0.154056,0.005629
9872.5,0.153824,0.005625
9873.5,0.153588,0.005622
9874.5,0.153348,0.005618
9875.5,0.153104,0.005614
9876.5,0.152856,0.005610
9877.5,0.152604,0.005606
9878.5,0.152347,0.005602
9879.5,0.152086,0.005598
9880.5,0.151820,0.005594
9881.5,0.151550,0.005590
9882.5,0.151275,0.005586
9883.5,0.150995,0.005582
9884.5,0.150711,0.005578
9885.5,0.150422,0.005574
9886.5,0.150128,0.005570
9887.5,0.149828,0.005566
9888.5,0.149524,0.005562
9889.5,0.149215,0.005558
9890.5,0.148900,0.005553
9891.5,0.148580,0.005549
9892.5,0.148255,0.005545
9893.5,0.147924,0.005541
9894.5,0.147588,0.005536
9895.5,0.147246,0.005532
9896.5,0.146898,0.005527
9897.5,0.146544,0.005523
9898.5,0.146185,0.005518
9899.5,0.145820,0.005514
9900.5,0.145449,0.005509
9901.5,0.145072,0.005504
9902.5,0.144689,0.005499
9903.5,0.144299,0.005495
9904.5,0.143904,0.005490
9905.5,0.143502,0.005485
9906.5,0.143094,0.005479
9907.5,0.142679,0.005474
9908.5,0.142258,0.005469
9909.5,0.141830,0.005464
9910.5,0.141396,0.005458
9911.5,0.140955,0.005452
9912.5,0.140508,0.005447
9913.5,0.140053,0.005441
9914.5,0.139592,0.005435
9915.5,0.139124,0.005429
9916.5,0.138650,0.005423
9917.5,0.138168,0.005416
9918.5,0.137679,0.005410
9919.5,0.137183,0.005403
9920.5,0.136681,0.005396
9921.5,0.136171,0.005389
9922.5,0.135654,0.005382
9923.5,0.135130,0.005375
9924.5,0.134599,0.005367
9925.5,0.134060,0.005359
9926.5,0.133515,0.005351
9927.5,0.132962,0.005343
9928.5,0.132401,0.005335
9929.5,0.131834,0.005326
9930.5,0.131259,0.005317
9931.5,0.130678,0.005308
9932.5,0.130088,0.005299
9933.5,0.129492,0.005289
9934.5,0.128888,0.005280
9935.5,0.128277,0.005269
9936.5,0.127659,0.005259
9937.5,0.127033,0.005248
9938.5,0.126400,0.005238
9939.5,0.125760,0.005226
9940.5,0.125113,0.005215
9941.5,0.124459,0.005203
9942.5,0.123797,0.005191
9943.5,0.123128,0.005179
9944.5,0.122453,0.005166
9945.5,0.121770,0.005153
9946.5,0.121080,0.005139
9947.5,0.120384,0.005126
9948.5,0.119680,0.005112
9949.5,0.118970,0.005097
9950.5,0.118252,0.005082
9951.5,0.117529,0.005067
9952.5,0.116798,0.005052
9953.5,0.116061,0.005036
9954.5,0.115317,0.005020
9955.5,0.114567,0.005003
9956.5,0.113811,0.004986
9957.5,0.113049,0.004969
9958.5,0.112280,0.004951
9959.5,0.111505,0.004933
9960.5,0.110724,0.004915
9961.5,0.109938,0.004896
9962.5,0.109145,0.004877
9963.5,0.108347,0.004857
9964.5,0.107543,0.004837
9965.5,0.106734,0.004817
9966.5,0.105920,0.004796
9967.5,0.105100,0.004775
9968.5,0.104276,0.004753
9969.5,0.103446,0.004731
9970.5,0.102612,0.004709
9971.5,0.101773,0.004686
9972.5,0.100929,0.004663
9973.5,0.100081,0.004639
9974.5,0.099229,0.004616
9975.5,0.098372,0.004591
9976.5,0.097512,0.004566
9977.5,0.096648,0.004541
9978.5,0.095780,0.004516
9979.5,0.094909,0.004490
9980.5,0.094034,0.004464
9981.5,0.093156,0.004437
9982.5,0.092275,0.004410
9983.5,0.091392,0.004383
9984.5,0.090505,0.004355
9985.5,0.089616,0.004327
9986.5,0.088725,0.004299
9987.5,0.087832,0.004270
9988.5,0.086937,0.004241
9989.5,0.086040,0.004212
9990.5,0.085141,0.004182
9991.5,0.084241,0.004152
9992.5,0.083339,0.004121
9993.5,0.082437,0.004091
9994.5,0.081533,0.004060
9995.5,0.080629,0.004028
9996.5,0.079725,0.003997
9997.5,0.078820,0.003965
9998.5,0.077915,0.003932
9999.5,0.077010,0.003900
