E_keV,counts_per_h_per_keV,sigma_counts_per_h_per_keV
20.5,456.090363,10.093424
21.5,472.757128,10.138867
22.5,490.171979,10.259048
23.5,507.208777,10.441284
24.5,522.329916,10.624535
25.5,534.170372,10.736765
26.5,542.190328,10.742069
27.5,547.039251,10.658306
28.5,550.443921,10.534724
29.5,554.702617,10.414950
30.5,562.068863,10.319845
31.5,574.305847,10.257793
32.5,592.524558,10.240850
33.5,617.252633,10.287466
34.5,648.590194,10.413297
35.5,686.344965,10.622119
36.5,730.103490,10.904102
37.5,779.261283,11.240552
38.5,833.050046,11.610633
39.5,890.574033,11.996344
40.5,950.857583,12.384366
41.5,1012.889400,12.765316
42.5,1075.660337,13.131941
43.5,1138.190111,13.477623
44.5,1199.552785,13.795923
45.5,1258.902969,14.081051
46.5,1315.506736,14.328815
47.5,1368.768109,14.537481
48.5,1418.246545,14.708187
49.5,1463.657181,14.844714
50.5,1504.855997,14.952626
51.5,1541.809041,15.037952
52.5,1574.556950,15.105792
53.5,1603.181535,15.159283
54.5,1627.785247,15.199286
55.5,1648.482779,15.224889
56.5,1665.405598,15.234479
57.5,1678.713335,15.226910
58.5,1688.603835,15.202314
59.5,1695.318871,15.162267
60.5,1699.139384,15.109338
61.5,1700.373392,15.046316
62.5,1699.338190,14.975480
63.5,1696.342927,14.898242
64.5,1691.672478,14.815283
65.5,1685.575478,14.727049
66.5,1678.256293,14.634324
67.5,1669.869342,14.538551
68.5,1660.516617,14.441707
69.5,1650.246549,14.345756
70.5,1639.056510,14.251893
71.5,1626.899955,14.159908
72.5,1613.698710,14.067952
73.5,1599.361585,13.972840
74.5,1583.806055,13.870795
75.5,1566.980194,13.758423
76.5,1548.881545,13.633609
77.5,1529.568570,13.496078
78.5,1509.163711,13.347481
79.5,1487.846830,13.190984
80.5,1465.840385,13.030532
81.5,1443.390148,12.869992
82.5,1420.744009,12.712454
83.5,1398.133323,12.559860
84.5,1375.758433,12.413022
85.5,1353.779222,12.271956
86.5,1332.311189,12.136331
87.5,1311.425917,12.005851
88.5,1291.154149,11.880419
89.5,1271.491059,11.760076
90.5,1252.402825,11.644762
91.5,1233.832983,11.534065
92.5,1215.709971,11.427068
93.5,1197.954556,11.322375
94.5,1180.487791,11.218325
95.5,1163.239041,11.113310
96.5,1146.152238,11.006101
97.5,1129.190903,10.896088
98.5,1112.340725,10.783367
99.5,1095.609013,10.668667
100.5,1079.021891,10.553146
101.5,1062.619464,10.438129
102.5,1046.449085,10.324851
103.5,1030.558823,10.214266
104.5,1014.991445,10.106968
105.5,999.779729,10.003202
106.5,984.943488,9.902957
107.5,970.489233,9.806086
108.5,956.410659,9.712419
109.5,942.690803,9.621825
110.5,929.305065,9.534224
111.5,916.224263,9.449544
112.5,903.417578,9.367651
113.5,890.855673,9.288275
114.5,878.512414,9.210962
115.5,866.366555,9.135071
116.5,854.402771,9.059821
117.5,842.612115,8.984386
118.5,830.991949,8.908023
119.5,819.545957,8.830193
120.5,808.283076,8.750673
121.5,797.216338,8.669612
122.5,786.361456,8.587526
123.5,775.735029,8.505239
124.5,765.352436,8.423764
125.5,755.225875,8.344167
126.5,745.362863,8.267413
127.5,735.764447,8.194247
128.5,726.424315,8.125107
129.5,717.328378,8.060087
130.5,708.455097,7.998947
131.5,699.775849,7.941167
132.5,691.257080,7.886014
133.5,682.861631,7.832630
134.5,674.550914,7.780111
135.5,666.287202,7.727579
136.5,658.035792,7.674233
137.5,649.766752,7.619392
138.5,641.456560,7.562522
139.5,633.089466,7.503253
140.5,624.657852,7.441396
141.5,616.162455,7.376940
142.5,607.611951,7.310053
143.5,599.022174,7.241071
144.5,590.414891,7.170469
145.5,581.816252,7.098829
146.5,573.255525,7.026797
147.5,564.763319,6.955028
148.5,556.370115,6.884144
149.5,548.105018,6.814690
150.5,539.994738,6.747105
151.5,532.062770,6.681707
152.5,524.328849,6.618693
153.5,516.808985,6.558154
154.5,509.515280,6.500097
155.5,502.456068,6.444473
156.5,495.636245,6.391198
157.5,489.057505,6.340168
158.5,482.718764,6.291273
159.5,476.616059,6.244384
160.5,470.743354,6.199346
161.5,465.092434,6.155960
162.5,459.653258,6.113975
163.5,454.414180,6.073087
164.5,449.362311,6.032944
165.5,444.483840,5.993178
166.5,439.764330,5.953438
167.5,435.189066,5.913435
168.5,430.743604,5.872975
169.5,426.413897,5.831997
170.5,422.186557,5.790576
171.5,418.049051,5.748925
172.5,413.989680,5.707358
173.5,409.997671,5.666252
174.5,406.062712,5.625992
175.5,402.175230,5.586912
176.5,398.325964,5.549251
177.5,394.505836,5.513113
178.5,390.705861,5.478457
179.5,386.917126,5.445098
180.5,383.130832,5.412735
181.5,379.338494,5.380993
182.5,375.531847,5.349469
183.5,371.703495,5.317783
184.5,367.846859,5.285623
185.5,363.956516,5.252773
186.5,360.028345,5.219131
187.5,356.059654,5.184697
188.5,352.049281,5.149563
189.5,347.997610,5.113869
190.5,343.906343,5.077771
191.5,339.778731,5.041402
192.5,335.619254,5.004839
193.5,331.433535,4.968088
194.5,327.228292,4.931082
195.5,323.011179,4.893698
196.5,318.790731,4.855782
197.5,314.576341,4.817191
198.5,310.377905,4.777825
199.5,306.206044,4.737664
200.5,302.071713,4.696792
201.5,297.986051,4.655402
202.5,293.960123,4.613793
203.5,290.004598,4.572348
204.5,286.129424,4.531495
205.5,282.343493,4.491671
206.5,278.654151,4.453272
207.5,275.067144,4.416617
208.5,271.586213,4.381915
209.5,268.212990,4.349247
210.5,264.946917,4.318561
211.5,261.785367,4.289685
212.5,258.723760,4.262352
213.5,255.755864,4.236229
214.5,252.874214,4.210960
215.5,250.070271,4.186192
216.5,247.335186,4.161614
217.5,244.660022,4.136969
218.5,242.036213,4.112073
219.5,239.455896,4.086809
220.5,236.912193,4.061128
221.5,234.399398,4.035031
222.5,231.913109,4.008559
223.5,229.450186,3.981776
224.5,227.008689,3.954757
225.5,224.587872,3.927580
226.5,222.187897,3.900319
227.5,219.809702,3.873044
228.5,217.454757,3.845816
229.5,215.124872,3.818695
230.5,212.822005,3.791736
231.5,210.548151,3.764992
232.5,208.305009,3.738514
233.5,206.094139,3.712350
234.5,203.916746,3.686544
235.5,201.773670,3.661132
236.5,199.665375,3.636141
237.5,197.591989,3.611586
238.5,195.553312,3.587472
239.5,193.548894,3.563793
240.5,191.578094,3.540531
241.5,189.640027,3.517666
242.5,187.733807,3.495171
243.5,185.858479,3.473023
244.5,184.013084,3.451204
245.5,182.196680,3.429707
246.5,180.408398,3.408533
247.5,178.647420,3.387699
248.5,176.913006,3.367226
249.5,175.204514,3.347147
250.5,173.521264,3.327490
251.5,171.862701,3.308280
252.5,170.228281,3.289531
253.5,168.617469,3.271241
254.5,167.029709,3.253388
255.5,165.464461,3.235933
256.5,163.921135,3.218820
257.5,162.399129,3.201981
258.5,160.897809,3.185342
259.5,159.416555,3.168832
260.5,157.954637,3.152385
261.5,156.511396,3.135949
262.5,155.086148,3.119491
263.5,153.678207,3.102992
264.5,152.286898,3.086449
265.5,150.911567,3.069874
266.5,149.551564,3.053288
267.5,148.206268,3.036712
268.5,146.875117,3.020170
269.5,145.557482,3.003678
270.5,144.252843,2.987246
271.5,142.960688,2.970878
272.5,141.680529,2.954572
273.5,140.411908,2.938322
274.5,139.154411,2.922126
275.5,137.907637,2.905988
276.5,136.671228,2.889918
277.5,135.444860,2.873941
278.5,134.228245,2.858094
279.5,133.021036,2.842424
280.5,131.822972,2.826987
281.5,130.633772,2.811839
282.5,129.453136,2.797035
283.5,128.280744,2.782619
284.5,127.116269,2.768616
285.5,125.959352,2.755033
286.5,124.809613,2.741847
287.5,123.666653,2.729011
288.5,122.530107,2.716453
289.5,121.399535,2.704078
290.5,120.274600,2.691778
291.5,119.154993,2.679438
292.5,118.040470,2.666943
293.5,116.930864,2.654188
294.5,115.826119,2.641088
295.5,114.726287,2.627580
296.5,113.631539,2.613627
297.5,112.542167,2.599222
298.5,111.458592,2.584385
299.5,110.381284,2.569158
300.5,109.310847,2.553604
301.5,108.247934,2.537794
302.5,107.193235,2.521808
303.5,106.147462,2.505724
304.5,105.111300,2.489613
305.5,104.085423,2.473538
306.5,103.070445,2.457549
307.5,102.066910,2.441686
308.5,101.075300,2.425975
309.5,100.095973,2.410437
310.5,99.129250,2.395083
311.5,98.175347,2.379925
312.5,97.234414,2.364972
313.5,96.306523,2.350234
314.5,95.391695,2.335725
315.5,94.489896,2.321460
316.5,93.601059,2.307455
317.5,92.725089,2.293730
318.5,91.861870,2.280300
319.5,91.011236,2.267181
320.5,90.173044,2.254383
321.5,89.347126,2.241913
322.5,88.533297,2.229775
323.5,87.731360,2.217967
324.5,86.941103,2.206485
325.5,86.162288,2.195324
326.5,85.394663,2.184479
327.5,84.637951,2.173945
328.5,83.891850,2.163720
329.5,83.156057,2.153804
330.5,82.430199,2.144197
331.5,81.713930,2.134901
332.5,81.006870,2.125916
333.5,80.308645,2.117239
334.5,79.618862,2.108862
335.5,78.937149,2.100769
336.5,78.263140,2.092936
337.5,77.596491,2.085330
338.5,76.936884,2.077905
339.5,76.284059,2.070613
340.5,75.637770,2.063393
341.5,74.997824,2.056187
342.5,74.364089,2.048933
343.5,73.736471,2.041577
344.5,73.114932,2.034070
345.5,72.499454,2.026375
346.5,71.890068,2.018470
347.5,71.286812,2.010347
348.5,70.689737,2.002011
349.5,70.098879,1.993484
350.5,69.514274,1.984798
351.5,68.935884,1.975991
352.5,68.363641,1.967109
353.5,67.797418,1.958193
354.5,67.237008,1.949279
355.5,66.682130,1.940397
356.5,66.132437,1.931560
357.5,65.587504,1.922767
358.5,65.046847,1.914002
359.5,64.509932,1.905233
360.5,63.976209,1.896413
361.5,63.445117,1.887486
362.5,62.916099,1.878388
363.5,62.388659,1.869054
364.5,61.862362,1.859421
365.5,61.336866,1.849434
366.5,60.811947,1.839050
367.5,60.287509,1.828244
368.5,59.763592,1.817006
369.5,59.240396,1.805351
370.5,58.718266,1.793311
371.5,58.197690,1.780940
372.5,57.679300,1.768310
373.5,57.163831,1.755507
374.5,56.652125,1.742629
375.5,56.145098,1.729779
376.5,55.643711,1.717065
377.5,55.148946,1.704590
378.5,54.661772,1.692449
379.5,54.183126,1.680726
380.5,53.713880,1.669492
381.5,53.254831,1.658797
382.5,52.806668,1.648677
383.5,52.369972,1.639147
384.5,51.945209,1.630205
385.5,51.532693,1.621836
386.5,51.132633,1.614008
387.5,50.745107,1.606684
388.5,50.370073,1.599819
389.5,50.007382,1.593366
390.5,49.656780,1.587278
391.5,49.317928,1.581514
392.5,48.990412,1.576037
393.5,48.673758,1.570817
394.5,48.367432,1.565832
395.5,48.070864,1.561067
396.5,47.783437,1.556513
397.5,47.504515,1.552168
398.5,47.233441,1.548027
399.5,46.969534,1.544090
400.5,46.712102,1.540351
401.5,46.460430,1.536802
402.5,46.213797,1.533426
403.5,45.971467,1.530200
404.5,45.732686,1.527090
405.5,45.496693,1.524055
406.5,45.262719,1.521048
407.5,45.030002,1.518012
408.5,44.797746,1.514891
409.5,44.565190,1.511624
410.5,44.331568,1.508154
411.5,44.096139,1.504429
412.5,43.858185,1.500404
413.5,43.617023,1.496042
414.5,43.372016,1.491320
415.5,43.122569,1.486227
416.5,42.868164,1.480763
417.5,42.608343,1.474943
418.5,42.342722,1.468790
419.5,42.071020,1.462336
420.5,41.793023,1.455621
421.5,41.508630,1.448688
422.5,41.217835,1.441577
423.5,40.920733,1.434329
424.5,40.617525,1.426980
425.5,40.308522,1.419558
426.5,39.994134,1.412083
427.5,39.674882,1.404566
428.5,39.351381,1.397013
429.5,39.024350,1.389419
430.5,38.694598,1.381776
431.5,38.363026,1.374074
432.5,38.030797,1.366299
433.5,37.698660,1.358444
434.5,37.367876,1.350503
435.5,37.039623,1.342478
436.5,36.715126,1.334379
437.5,36.395639,1.326226
438.5,36.082439,1.318049
439.5,35.776807,1.309887
440.5,35.480016,1.301789
441.5,35.193317,1.293808
442.5,34.917927,1.286005
443.5,34.655012,1.278443
444.5,34.405668,1.271186
445.5,34.170925,1.264295
446.5,33.951729,1.257828
447.5,33.748936,1.251837
448.5,33.563306,1.246367
449.5,33.395502,1.241454
450.5,33.246094,1.237126
451.5,33.115565,1.233400
452.5,33.004314,1.230285
453.5,32.912679,1.227780
454.5,32.840951,1.225876
455.5,32.789390,1.224557
456.5,32.758248,1.223797
457.5,32.747808,1.223566
458.5,32.758411,1.223828
459.5,32.790485,1.224540
460.5,32.844585,1.225657
461.5,32.921424,1.227130
462.5,33.021919,1.228909
463.5,33.147217,1.230944
464.5,33.298731,1.233184
465.5,33.478174,1.235585
466.5,33.687584,1.238104
467.5,33.929342,1.240708
468.5,34.206187,1.243372
469.5,34.521214,1.246082
470.5,34.877874,1.248839
471.5,35.279960,1.251660
472.5,35.731569,1.254581
473.5,36.237057,1.257657
474.5,36.800987,1.260967
475.5,37.428046,1.264617
476.5,38.122960,1.268735
477.5,38.890392,1.273482
478.5,39.734819,1.279045
479.5,40.660393,1.285638
480.5,41.670810,1.293504
481.5,42.769157,1.302909
482.5,43.957728,1.314135
483.5,45.237902,1.327476
484.5,46.609956,1.343225
485.5,48.072923,1.361664
486.5,49.624446,1.383046
487.5,51.260654,1.407586
488.5,52.976057,1.435437
489.5,54.763464,1.466683
490.5,56.613939,1.501322
491.5,58.516788,1.539259
492.5,60.459571,1.580295
493.5,62.428193,1.624135
494.5,64.406993,1.670383
495.5,66.378892,1.718550
496.5,68.325606,1.768067
497.5,70.227874,1.818294
498.5,72.065721,1.868539
499.5,73.818775,1.918066
500.5,75.466590,1.966120
501.5,76.988998,2.011939
502.5,78.366471,2.054771
503.5,79.580487,2.093890
504.5,80.613885,2.128610
505.5,81.451209,2.158302
506.5,82.079020,2.182405
507.5,82.486190,2.200436
508.5,82.664123,2.212001
509.5,82.606966,2.216802
510.5,82.311747,2.214644
511.5,81.778442,2.205436
512.5,81.010004,2.189195
513.5,80.012316,2.166043
514.5,78.794093,2.136208
515.5,77.366715,2.100014
516.5,75.744012,2.057879
517.5,73.942015,2.010306
518.5,71.978634,1.957870
519.5,69.873341,1.901214
520.5,67.646806,1.841029
521.5,65.320521,1.778049
522.5,62.916431,1.713037
523.5,60.456560,1.646768
524.5,57.962655,1.580020
525.5,55.455848,1.513559
526.5,52.956349,1.448129
527.5,50.483171,1.384436
528.5,48.053900,1.323135
529.5,45.684499,1.264820
530.5,43.389162,1.210009
531.5,41.180209,1.159135
532.5,39.068028,1.112533
533.5,37.061061,1.070431
534.5,35.165820,1.032948
535.5,33.386946,1.000091
536.5,31.727309,0.971760
537.5,30.188107,0.947757
538.5,28.769012,0.927803
539.5,27.468323,0.911555
540.5,26.283127,0.898626
541.5,25.209471,0.888609
542.5,24.242531,0.881094
543.5,23.376782,0.875683
544.5,22.606161,0.872005
545.5,21.924227,0.869721
546.5,21.324294,0.868530
547.5,20.799568,0.868172
548.5,20.343253,0.868425
549.5,19.948661,0.869103
550.5,19.609296,0.870052
551.5,19.318918,0.871151
552.5,19.071602,0.872300
553.5,18.861781,0.873424
554.5,18.684271,0.874463
555.5,18.534293,0.875376
556.5,18.407487,0.876129
557.5,18.299894,0.876702
558.5,18.207966,0.877079
559.5,18.128544,0.877253
560.5,18.058849,0.877219
561.5,17.996446,0.876975
562.5,17.939232,0.876525
563.5,17.885411,0.875871
564.5,17.833466,0.875017
565.5,17.782130,0.873969
566.5,17.730368,0.872732
567.5,17.677348,0.871314
568.5,17.622417,0.869721
569.5,17.565088,0.867959
570.5,17.505008,0.866037
571.5,17.441951,0.863960
572.5,17.375795,0.861737
573.5,17.306508,0.859375
574.5,17.234140,0.856882
575.5,17.158798,0.854265
576.5,17.080652,0.851534
577.5,16.999917,0.848697
578.5,16.916842,0.845761
579.5,16.831707,0.842738
580.5,16.744818,0.839635
581.5,16.656492,0.836464
582.5,16.567062,0.833235
583.5,16.476865,0.829958
584.5,16.386247,0.826647
585.5,16.295544,0.823312
586.5,16.205093,0.819968
587.5,16.115219,0.816627
588.5,16.026236,0.813303
589.5,15.938443,0.810012
590.5,15.852022,0.806765
591.5,15.767464,0.803579
592.5,15.684873,0.800466
593.5,15.604468,0.797439
594.5,15.526447,0.794511
595.5,15.450973,0.791692
596.5,15.378188,0.788992
597.5,15.308201,0.786419
598.5,15.241095,0.783979
599.5,15.176925,0.781677
600.5,15.115716,0.779516
601.5,15.057463,0.777496
602.5,15.002137,0.775616
603.5,14.949682,0.773874
604.5,14.900013,0.772265
605.5,14.853025,0.770784
606.5,14.808588,0.769423
607.5,14.766553,0.768175
608.5,14.726755,0.767031
609.5,14.689009,0.765981
610.5,14.653117,0.765016
611.5,14.618870,0.764126
612.5,14.586049,0.763300
613.5,14.554426,0.762529
614.5,14.523772,0.761801
615.5,14.493856,0.761108
616.5,14.464449,0.760440
617.5,14.435319,0.759786
618.5,14.406247,0.759137
619.5,14.377014,0.758485
620.5,14.347421,0.757819
621.5,14.317275,0.757132
622.5,14.286399,0.756412
623.5,14.254636,0.755652
624.5,14.221845,0.754841
625.5,14.187908,0.753972
626.5,14.152727,0.753035
627.5,14.116231,0.752021
628.5,14.078370,0.750922
629.5,14.039123,0.749731
630.5,13.998495,0.748443
631.5,13.956519,0.747051
632.5,13.913256,0.745552
633.5,13.868791,0.743945
634.5,13.823236,0.742230
635.5,13.776730,0.740410
636.5,13.729439,0.738491
637.5,13.681547,0.736480
638.5,13.633264,0.734389
639.5,13.584815,0.732230
640.5,13.536443,0.730020
641.5,13.488404,0.727776
642.5,13.440962,0.725520
643.5,13.394392,0.723273
644.5,13.348969,0.721058
645.5,13.304970,0.718899
646.5,13.262667,0.716820
647.5,13.222321,0.714845
648.5,13.184183,0.712997
649.5,13.148489,0.711298
650.5,13.115458,0.709765
651.5,13.085282,0.708416
652.5,13.058132,0.707266
653.5,13.034147,0.706324
654.5,13.013438,0.705599
655.5,12.996081,0.705094
656.5,12.982118,0.704808
657.5,12.971556,0.704740
658.5,12.964367,0.704881
659.5,12.960482,0.705221
660.5,12.959802,0.705746
661.5,12.962186,0.706442
662.5,12.967463,0.707289
663.5,12.975427,0.708266
664.5,12.985841,0.709352
665.5,12.998440,0.710524
666.5,13.012932,0.711759
667.5,13.029004,0.713032
668.5,13.046320,0.714322
669.5,13.064531,0.715605
670.5,13.083273,0.716861
671.5,13.102172,0.718071
672.5,13.120849,0.719215
673.5,13.138924,0.720279
674.5,13.156016,0.721248
675.5,13.171750,0.722111
676.5,13.185761,0.722858
677.5,13.197695,0.723481
678.5,13.207210,0.723974
679.5,13.213986,0.724333
680.5,13.217724,0.724554
681.5,13.218143,0.724635
682.5,13.214994,0.724573
683.5,13.208052,0.724367
684.5,13.197122,0.724014
685.5,13.182043,0.723513
686.5,13.162684,0.722859
687.5,13.138951,0.722050
688.5,13.110780,0.721081
689.5,13.078147,0.719947
690.5,13.041063,0.718640
691.5,12.999574,0.717156
692.5,12.953764,0.715487
693.5,12.903750,0.713627
694.5,12.849684,0.711570
695.5,12.791753,0.709311
696.5,12.730175,0.706848
697.5,12.665200,0.704178
698.5,12.597105,0.701304
699.5,12.526193,0.698230
700.5,12.452794,0.694963
701.5,12.377253,0.691514
702.5,12.299936,0.687900
703.5,12.221223,0.684138
704.5,12.141505,0.680252
705.5,12.061177,0.676268
706.5,11.980638,0.672216
707.5,11.900286,0.668130
708.5,11.820512,0.664043
709.5,11.741698,0.659995
710.5,11.664212,0.656023
711.5,11.588403,0.652166
712.5,11.514601,0.648463
713.5,11.443109,0.644951
714.5,11.374202,0.641663
715.5,11.308126,0.638632
716.5,11.245093,0.635884
717.5,11.185275,0.633442
718.5,11.128815,0.631324
719.5,11.075811,0.629539
720.5,11.026328,0.628093
721.5,10.980390,0.626986
722.5,10.937984,0.626208
723.5,10.899064,0.625747
724.5,10.863542,0.625583
725.5,10.831305,0.625692
726.5,10.802205,0.626045
727.5,10.776071,0.626610
728.5,10.752705,0.627349
729.5,10.731890,0.628228
730.5,10.713394,0.629205
731.5,10.696969,0.630244
732.5,10.682361,0.631304
733.5,10.669312,0.632349
734.5,10.657559,0.633345
735.5,10.646845,0.634259
736.5,10.636920,0.635061
737.5,10.627538,0.635727
738.5,10.618473,0.636235
739.5,10.609505,0.636569
740.5,10.600438,0.636716
741.5,10.591089,0.636668
742.5,10.581301,0.636422
743.5,10.570933,0.635979
744.5,10.559866,0.635345
745.5,10.548006,0.634528
746.5,10.535278,0.633541
747.5,10.521625,0.632399
748.5,10.507013,0.631122
749.5,10.491428,0.629729
750.5,10.474869,0.628241
751.5,10.457352,0.626682
752.5,10.438909,0.625072
753.5,10.419579,0.623435
754.5,10.399418,0.621791
755.5,10.378484,0.620160
756.5,10.356844,0.618560
757.5,10.334567,0.617005
758.5,10.311730,0.615510
759.5,10.288407,0.614083
760.5,10.264672,0.612733
761.5,10.240601,0.611464
762.5,10.216265,0.610278
763.5,10.191731,0.609175
764.5,10.167064,0.608151
765.5,10.142324,0.607202
766.5,10.117565,0.606322
767.5,10.092840,0.605503
768.5,10.068190,0.604736
769.5,10.043658,0.604013
770.5,10.019277,0.603324
771.5,9.995076,0.602660
772.5,9.971083,0.602013
773.5,9.947314,0.601373
774.5,9.923791,0.600735
775.5,9.900524,0.600092
776.5,9.877523,0.599438
777.5,9.854794,0.598770
778.5,9.832340,0.598084
779.5,9.810162,0.597380
780.5,9.788254,0.596656
781.5,9.766611,0.595914
782.5,9.745226,0.595155
783.5,9.724086,0.594380
784.5,9.703175,0.593594
785.5,9.682477,0.592799
786.5,9.661971,0.591999
787.5,9.641633,0.591198
788.5,9.621436,0.590399
789.5,9.601349,0.589606
790.5,9.581339,0.588822
791.5,9.561370,0.588048
792.5,9.541400,0.587287
793.5,9.521389,0.586538
794.5,9.501289,0.585801
795.5,9.481054,0.585075
796.5,9.460632,0.584357
797.5,9.439972,0.583642
798.5,9.419021,0.582928
799.5,9.397722,0.582208
800.5,9.376022,0.581476
801.5,9.353868,0.580726
802.5,9.331204,0.579951
803.5,9.307980,0.579145
804.5,9.284143,0.578301
805.5,9.259646,0.577413
806.5,9.234446,0.576476
807.5,9.208500,0.575485
808.5,9.181775,0.574437
809.5,9.154237,0.573328
810.5,9.125860,0.572158
811.5,9.096624,0.570925
812.5,9.066515,0.569632
813.5,9.035524,0.568279
814.5,9.003651,0.566870
815.5,8.970899,0.565407
816.5,8.937281,0.563894
817.5,8.902816,0.562335
818.5,8.867528,0.560736
819.5,8.831449,0.559099
820.5,8.794618,0.557428
821.5,8.757077,0.555728
822.5,8.718877,0.554000
823.5,8.680072,0.552248
824.5,8.640722,0.550472
825.5,8.600891,0.548675
826.5,8.560646,0.546856
827.5,8.520060,0.545016
828.5,8.479206,0.543155
829.5,8.438157,0.541273
830.5,8.396993,0.539371
831.5,8.355789,0.537449
832.5,8.314622,0.535510
833.5,8.273567,0.533555
834.5,8.232700,0.531589
835.5,8.192091,0.529615
836.5,8.151809,0.527641
837.5,8.111918,0.525674
838.5,8.072479,0.523722
839.5,8.033544,0.521795
840.5,7.995161,0.519903
841.5,7.957374,0.518058
842.5,7.920217,0.516271
843.5,7.883717,0.514555
844.5,7.847894,0.512919
845.5,7.812761,0.511374
846.5,7.778324,0.509930
847.5,7.744577,0.508594
848.5,7.711511,0.507370
849.5,7.679107,0.506264
850.5,7.647341,0.505274
851.5,7.616183,0.504399
852.5,7.585595,0.503636
853.5,7.555536,0.502975
854.5,7.525962,0.502408
855.5,7.496827,0.501922
856.5,7.468079,0.501504
857.5,7.439670,0.501135
858.5,7.411550,0.500801
859.5,7.383672,0.500482
860.5,7.355991,0.500159
861.5,7.328468,0.499815
862.5,7.301068,0.499431
863.5,7.273761,0.498991
864.5,7.246525,0.498480
865.5,7.219347,0.497885
866.5,7.192223,0.497194
867.5,7.165154,0.496399
868.5,7.138154,0.495495
869.5,7.111246,0.494479
870.5,7.084461,0.493351
871.5,7.057841,0.492115
872.5,7.031435,0.490778
873.5,7.005301,0.489347
874.5,6.979505,0.487835
875.5,6.954120,0.486256
876.5,6.929223,0.484625
877.5,6.904897,0.482960
878.5,6.881227,0.481280
879.5,6.858299,0.479603
880.5,6.836202,0.477950
881.5,6.815022,0.476340
882.5,6.794843,0.474792
883.5,6.775747,0.473323
884.5,6.757808,0.471950
885.5,6.741096,0.470687
886.5,6.725673,0.469546
887.5,6.711593,0.468538
888.5,6.698901,0.467668
889.5,6.687630,0.466944
890.5,6.677805,0.466365
891.5,6.669439,0.465933
892.5,6.662535,0.465643
893.5,6.657084,0.465491
894.5,6.653065,0.465470
895.5,6.650451,0.465569
896.5,6.649198,0.465779
897.5,6.649259,0.466087
898.5,6.650575,0.466481
899.5,6.653080,0.466946
900.5,6.656701,0.467470
901.5,6.661359,0.468038
902.5,6.666971,0.468637
903.5,6.673451,0.469253
904.5,6.680709,0.469876
905.5,6.688656,0.470492
906.5,6.697201,0.471092
907.5,6.706256,0.471666
908.5,6.715732,0.472207
909.5,6.725549,0.472706
910.5,6.735626,0.473159
911.5,6.745889,0.473561
912.5,6.756270,0.473909
913.5,6.766706,0.474200
914.5,6.777142,0.474434
915.5,6.787531,0.474611
916.5,6.797831,0.474731
917.5,6.808009,0.474798
918.5,6.818038,0.474814
919.5,6.827903,0.474781
920.5,6.837590,0.474705
921.5,6.847096,0.474590
922.5,6.856425,0.474441
923.5,6.865584,0.474263
924.5,6.874587,0.474062
925.5,6.883454,0.473844
926.5,6.892207,0.473614
927.5,6.900873,0.473379
928.5,6.909482,0.473144
929.5,6.918063,0.472914
930.5,6.926650,0.472696
931.5,6.935274,0.472495
932.5,6.943967,0.472316
933.5,6.952760,0.472164
934.5,6.961680,0.472043
935.5,6.970754,0.471958
936.5,6.980002,0.471913
937.5,6.989443,0.471912
938.5,6.999090,0.471957
939.5,7.008950,0.472052
940.5,7.019026,0.472199
941.5,7.029313,0.472401
942.5,7.039800,0.472659
943.5,7.050469,0.472974
944.5,7.061297,0.473349
945.5,7.072251,0.473782
946.5,7.083293,0.474274
947.5,7.094377,0.474825
948.5,7.105452,0.475433
949.5,7.116459,0.476097
950.5,7.127334,0.476815
951.5,7.138004,0.477584
952.5,7.148395,0.478400
953.5,7.158425,0.479260
954.5,7.168010,0.480158
955.5,7.177060,0.481090
956.5,7.185485,0.482048
957.5,7.193191,0.483027
958.5,7.200084,0.484019
959.5,7.206070,0.485016
960.5,7.211054,0.486009
961.5,7.214943,0.486989
962.5,7.217649,0.487945
963.5,7.219083,0.488869
964.5,7.219165,0.489748
965.5,7.217817,0.490573
966.5,7.214967,0.491332
967.5,7.210551,0.492014
968.5,7.204513,0.492608
969.5,7.196804,0.493104
970.5,7.187386,0.493491
971.5,7.176226,0.493760
972.5,7.163308,0.493901
973.5,7.148619,0.493906
974.5,7.132163,0.493768
975.5,7.113949,0.493480
976.5,7.094001,0.493038
977.5,7.072352,0.492438
978.5,7.049044,0.491677
979.5,7.024134,0.490755
980.5,6.997683,0.489672
981.5,6.969766,0.488432
982.5,6.940465,0.487037
983.5,6.909872,0.485493
984.5,6.878082,0.483808
985.5,6.845201,0.481991
986.5,6.811341,0.480050
987.5,6.776614,0.477999
988.5,6.741140,0.475849
989.5,6.705040,0.473614
990.5,6.668439,0.471309
991.5,6.631459,0.468950
992.5,6.594223,0.466551
993.5,6.556854,0.464129
994.5,6.519472,0.461700
995.5,6.482193,0.459280
996.5,6.445127,0.456885
997.5,6.408383,0.454529
998.5,6.372061,0.452227
999.5,6.336255,0.449992
1000.5,6.301053,0.447835
1001.5,6.266534,0.445768
1002.5,6.232769,0.443799
1003.5,6.199821,0.441935
1004.5,6.167746,0.440182
1005.5,6.136587,0.438545
1006.5,6.106381,0.437024
1007.5,6.077157,0.435622
1008.5,6.048933,0.434336
1009.5,6.021721,0.433164
1010.5,5.995523,0.432101
1011.5,5.970334,0.431143
1012.5,5.946144,0.430282
1013.5,5.922931,0.429512
1014.5,5.900670,0.428823
1015.5,5.879334,0.428207
1016.5,5.858882,0.427655
1017.5,5.839277,0.427156
1018.5,5.820474,0.426701
1019.5,5.802428,0.426281
1020.5,5.785088,0.425886
1021.5,5.768404,0.425507
1022.5,5.752325,0.425136
1023.5,5.736797,0.424766
1024.5,5.721769,0.424388
1025.5,5.707191,0.423998
1026.5,5.693011,0.423589
1027.5,5.679181,0.423156
1028.5,5.665656,0.422697
1029.5,5.652391,0.422208
1030.5,5.639347,0.421686
1031.5,5.626486,0.421131
1032.5,5.613774,0.420542
1033.5,5.601181,0.419918
1034.5,5.588681,0.419262
1035.5,5.576252,0.418573
1036.5,5.563877,0.417854
1037.5,5.551540,0.417107
1038.5,5.539234,0.416334
1039.5,5.526951,0.415538
1040.5,5.514691,0.414723
1041.5,5.502458,0.413891
1042.5,5.490255,0.413046
1043.5,5.478096,0.412190
1044.5,5.465994,0.411328
1045.5,5.453964,0.410462
1046.5,5.442030,0.409595
1047.5,5.430213,0.408730
1048.5,5.418541,0.407871
1049.5,5.407041,0.407019
1050.5,5.395746,0.406178
1051.5,5.384690,0.405349
1052.5,5.373907,0.404536
1053.5,5.363433,0.403739
1054.5,5.353307,0.402962
1055.5,5.343568,0.402206
1056.5,5.334255,0.401474
1057.5,5.325408,0.400767
1058.5,5.317068,0.400088
1059.5,5.309275,0.399439
1060.5,5.302067,0.398822
1061.5,5.295484,0.398240
1062.5,5.289564,0.397695
1063.5,5.284344,0.397191
1064.5,5.279856,0.396729
1065.5,5.276135,0.396313
1066.5,5.273212,0.395946
1067.5,5.271114,0.395631
1068.5,5.269865,0.395370
1069.5,5.269490,0.395167
1070.5,5.270007,0.395023
1071.5,5.271431,0.394943
1072.5,5.273776,0.394927
1073.5,5.277047,0.394977
1074.5,5.281250,0.395096
1075.5,5.286384,0.395284
1076.5,5.292445,0.395541
1077.5,5.299423,0.395867
1078.5,5.307305,0.396262
1079.5,5.316073,0.396725
1080.5,5.325703,0.397253
1081.5,5.336169,0.397844
1082.5,5.347438,0.398495
1083.5,5.359474,0.399202
1084.5,5.372237,0.399961
1085.5,5.385680,0.400768
1086.5,5.399755,0.401617
1087.5,5.414409,0.402504
1088.5,5.429587,0.403422
1089.5,5.445227,0.404366
1090.5,5.461266,0.405330
1091.5,5.477639,0.406308
1092.5,5.494277,0.407295
1093.5,5.511111,0.408284
1094.5,5.528067,0.409270
1095.5,5.545072,0.410248
1096.5,5.562052,0.411211
1097.5,5.578933,0.412156
1098.5,5.595637,0.413078
1099.5,5.612090,0.413972
1100.5,5.628218,0.414835
1101.5,5.643947,0.415662
1102.5,5.659204,0.416450
1103.5,5.673918,0.417196
1104.5,5.688022,0.417898
1105.5,5.701449,0.418552
1106.5,5.714136,0.419156
1107.5,5.726021,0.419708
1108.5,5.737049,0.420206
1109.5,5.747167,0.420648
1110.5,5.756324,0.421033
1111.5,5.764473,0.421358
1112.5,5.771576,0.421624
1113.5,5.777594,0.421827
1114.5,5.782495,0.421967
1115.5,5.786251,0.422043
1116.5,5.788841,0.422054
1117.5,5.790244,0.421998
1118.5,5.790449,0.421876
1119.5,5.789445,0.421687
1120.5,5.787230,0.421431
1121.5,5.783805,0.421107
1122.5,5.779175,0.420715
1123.5,5.773350,0.420257
1124.5,5.766344,0.419732
1125.5,5.758177,0.419142
1126.5,5.748870,0.418488
1127.5,5.738453,0.417772
1128.5,5.726954,0.416996
1129.5,5.714407,0.416161
1130.5,5.700852,0.415272
1131.5,5.686326,0.414330
1132.5,5.670875,0.413339
1133.5,5.654543,0.412302
1134.5,5.637381,0.411223
1135.5,5.619437,0.410106
1136.5,5.600764,0.408955
1137.5,5.581415,0.407774
1138.5,5.561446,0.406568
1139.5,5.540913,0.405340
1140.5,5.519873,0.404094
1141.5,5.498384,0.402836
1142.5,5.476503,0.401568
1143.5,5.454287,0.400295
1144.5,5.431797,0.399020
1145.5,5.409088,0.397746
1146.5,5.386220,0.396478
1147.5,5.363248,0.395217
1148.5,5.340228,0.393966
1149.5,5.317216,0.392728
1150.5,5.294266,0.391505
1151.5,5.271430,0.390299
1152.5,5.248762,0.389111
1153.5,5.226310,0.387943
1154.5,5.204124,0.386797
1155.5,5.182252,0.385673
1156.5,5.160740,0.384572
1157.5,5.139632,0.383496
1158.5,5.118971,0.382446
1159.5,5.098798,0.381422
1160.5,5.079154,0.380424
1161.5,5.060074,0.379455
1162.5,5.041596,0.378514
1163.5,5.023753,0.377604
1164.5,5.006578,0.376723
1165.5,4.990101,0.375875
1166.5,4.974350,0.375059
1167.5,4.959353,0.374277
1168.5,4.945134,0.373531
1169.5,4.931715,0.372821
1170.5,4.919117,0.372149
1171.5,4.907358,0.371516
1172.5,4.896454,0.370924
1173.5,4.886420,0.370375
1174.5,4.877266,0.369870
1175.5,4.869002,0.369411
1176.5,4.861633,0.369000
1177.5,4.855166,0.368638
1178.5,4.849600,0.368327
1179.5,4.844936,0.368069
1180.5,4.841167,0.367867
1181.5,4.838289,0.367721
1182.5,4.836291,0.367634
1183.5,4.835161,0.367607
1184.5,4.834883,0.367642
1185.5,4.835438,0.367741
1186.5,4.836804,0.367905
1187.5,4.838957,0.368135
1188.5,4.841867,0.368433
1189.5,4.845506,0.368801
1190.5,4.849839,0.369237
1191.5,4.854829,0.369744
1192.5,4.860436,0.370320
1193.5,4.866619,0.370966
1194.5,4.873331,0.371681
1195.5,4.880527,0.372464
1196.5,4.888157,0.373312
1197.5,4.896167,0.374224
1198.5,4.904505,0.375197
1199.5,4.913117,0.376227
1200.5,4.921946,0.377309
1201.5,4.930934,0.378441
1202.5,4.940022,0.379615
1203.5,4.949152,0.380827
1204.5,4.958266,0.382069
1205.5,4.967305,0.383334
1206.5,4.976211,0.384616
1207.5,4.984928,0.385907
1208.5,4.993398,0.387197
1209.5,5.001568,0.388478
1210.5,5.009386,0.389742
1211.5,5.016801,0.390980
1212.5,5.023767,0.392182
1213.5,5.030238,0.393340
1214.5,5.036174,0.394445
1215.5,5.041538,0.395489
1216.5,5.046294,0.396463
1217.5,5.050414,0.397360
1218.5,5.053872,0.398172
1219.5,5.056646,0.398894
1220.5,5.058718,0.399518
1221.5,5.060077,0.400040
1222.5,5.060716,0.400456
1223.5,5.060630,0.400761
1224.5,5.059820,0.400954
1225.5,5.058295,0.401032
1226.5,5.056063,0.400996
1227.5,5.053141,0.400844
1228.5,5.049548,0.400579
1229.5,5.045307,0.400202
1230.5,5.040446,0.399717
1231.5,5.034995,0.399127
1232.5,5.028990,0.398437
1233.5,5.022468,0.397653
1234.5,5.015470,0.396780
1235.5,5.008039,0.395827
1236.5,5.000219,0.394799
1237.5,4.992059,0.393706
1238.5,4.983606,0.392554
1239.5,4.974912,0.391354
1240.5,4.966026,0.390113
1241.5,4.957000,0.388841
1242.5,4.947885,0.387546
1243.5,4.938733,0.386237
1244.5,4.929594,0.384922
1245.5,4.920518,0.383610
1246.5,4.911554,0.382308
1247.5,4.902750,0.381023
1248.5,4.894152,0.379763
1249.5,4.885803,0.378534
1250.5,4.877746,0.377341
1251.5,4.870021,0.376190
1252.5,4.862663,0.375085
1253.5,4.855708,0.374030
1254.5,4.849189,0.373027
1255.5,4.843134,0.372081
1256.5,4.837569,0.371192
1257.5,4.832517,0.370362
1258.5,4.828000,0.369592
1259.5,4.824033,0.368883
1260.5,4.820632,0.368235
1261.5,4.817806,0.367647
1262.5,4.815564,0.367119
1263.5,4.813911,0.366650
1264.5,4.812848,0.366239
1265.5,4.812375,0.365884
1266.5,4.812487,0.365586
1267.5,4.813179,0.365341
1268.5,4.814441,0.365149
1269.5,4.816260,0.365009
1270.5,4.818623,0.364917
1271.5,4.821512,0.364874
1272.5,4.824908,0.364877
1273.5,4.828791,0.364924
1274.5,4.833135,0.365014
1275.5,4.837917,0.365145
1276.5,4.843109,0.365315
1277.5,4.848682,0.365523
1278.5,4.854605,0.365765
1279.5,4.860846,0.366040
1280.5,4.867373,0.366346
1281.5,4.874150,0.366680
1282.5,4.881141,0.367040
1283.5,4.888312,0.367423
1284.5,4.895623,0.367826
1285.5,4.903038,0.368247
1286.5,4.910518,0.368681
1287.5,4.918025,0.369127
1288.5,4.925518,0.369582
1289.5,4.932961,0.370041
1290.5,4.940313,0.370501
1291.5,4.947535,0.370961
1292.5,4.954590,0.371416
1293.5,4.961439,0.371863
1294.5,4.968046,0.372299
1295.5,4.974373,0.372722
1296.5,4.980386,0.373128
1297.5,4.986050,0.373515
1298.5,4.991332,0.373880
1299.5,4.996200,0.374222
1300.5,5.000624,0.374537
1301.5,5.004573,0.374824
1302.5,5.008022,0.375081
1303.5,5.010944,0.375307
1304.5,5.013316,0.375499
1305.5,5.015117,0.375657
1306.5,5.016325,0.375780
1307.5,5.016925,0.375867
1308.5,5.016900,0.375916
1309.5,5.016236,0.375927
1310.5,5.014923,0.375899
1311.5,5.012954,0.375833
1312.5,5.010320,0.375728
1313.5,5.007018,0.375583
1314.5,5.003046,0.375399
1315.5,4.998405,0.375176
1316.5,4.993098,0.374913
1317.5,4.987130,0.374611
1318.5,4.980509,0.374272
1319.5,4.973245,0.373894
1320.5,4.965351,0.373478
1321.5,4.956841,0.373026
1322.5,4.947731,0.372539
1323.5,4.938041,0.372016
1324.5,4.927791,0.371460
1325.5,4.917004,0.370871
1326.5,4.905705,0.370251
1327.5,4.893919,0.369601
1328.5,4.881675,0.368922
1329.5,4.869004,0.368217
1330.5,4.855935,0.367486
1331.5,4.842502,0.366732
1332.5,4.828740,0.365956
1333.5,4.814682,0.365159
1334.5,4.800364,0.364345
1335.5,4.785824,0.363514
1336.5,4.771100,0.362669
1337.5,4.756230,0.361810
1338.5,4.741253,0.360942
1339.5,4.726209,0.360064
1340.5,4.711137,0.359179
1341.5,4.696076,0.358289
1342.5,4.681067,0.357397
1343.5,4.666148,0.356503
1344.5,4.651359,0.355610
1345.5,4.636738,0.354719
1346.5,4.622322,0.353834
1347.5,4.608150,0.352956
1348.5,4.594256,0.352086
1349.5,4.580677,0.351228
1350.5,4.567444,0.350384
1351.5,4.554591,0.349555
1352.5,4.542147,0.348745
1353.5,4.530143,0.347955
1354.5,4.518604,0.347189
1355.5,4.507556,0.346448
1356.5,4.497022,0.345736
1357.5,4.487022,0.345055
1358.5,4.477575,0.344407
1359.5,4.468697,0.343796
1360.5,4.460401,0.343223
1361.5,4.452699,0.342692
1362.5,4.445599,0.342204
1363.5,4.439106,0.341762
1364.5,4.433225,0.341368
1365.5,4.427954,0.341023
1366.5,4.423293,0.340728
1367.5,4.419236,0.340486
1368.5,4.415776,0.340296
1369.5,4.412903,0.340160
1370.5,4.410605,0.340076
1371.5,4.408868,0.340045
1372.5,4.407673,0.340066
1373.5,4.407003,0.340137
1374.5,4.406834,0.340256
1375.5,4.407146,0.340422
1376.5,4.407912,0.340630
1377.5,4.409108,0.340879
1378.5,4.410704,0.341164
1379.5,4.412673,0.341481
1380.5,4.414984,0.341826
1381.5,4.417608,0.342194
1382.5,4.420512,0.342581
1383.5,4.423668,0.342981
1384.5,4.427041,0.343389
1385.5,4.430601,0.343799
1386.5,4.434317,0.344207
1387.5,4.438158,0.344607
1388.5,4.442094,0.344995
1389.5,4.446096,0.345365
1390.5,4.450134,0.345714
1391.5,4.454182,0.346036
1392.5,4.458212,0.346328
1393.5,4.462201,0.346587
1394.5,4.466124,0.346810
1395.5,4.469959,0.346996
1396.5,4.473684,0.347141
1397.5,4.477281,0.347246
1398.5,4.480731,0.347310
1399.5,4.484018,0.347333
1400.5,4.487125,0.347317
1401.5,4.490041,0.347262
1402.5,4.492751,0.347171
1403.5,4.495244,0.347046
1404.5,4.497509,0.346892
1405.5,4.499537,0.346710
1406.5,4.501320,0.346506
1407.5,4.502848,0.346284
1408.5,4.504114,0.346048
1409.5,4.505112,0.345804
1410.5,4.505834,0.345555
1411.5,4.506273,0.345307
1412.5,4.506422,0.345064
1413.5,4.506275,0.344830
1414.5,4.505824,0.344611
1415.5,4.505062,0.344409
1416.5,4.503980,0.344227
1417.5,4.502570,0.344068
1418.5,4.500824,0.343935
1419.5,4.498731,0.343827
1420.5,4.496281,0.343747
1421.5,4.493463,0.343693
1422.5,4.490266,0.343665
1423.5,4.486678,0.343660
1424.5,4.482687,0.343677
1425.5,4.478279,0.343712
1426.5,4.473444,0.343761
1427.5,4.468166,0.343819
1428.5,4.462435,0.343883
1429.5,4.456237,0.343945
1430.5,4.449560,0.344001
1431.5,4.442393,0.344045
1432.5,4.434725,0.344069
1433.5,4.426547,0.344068
1434.5,4.417851,0.344034
1435.5,4.408631,0.343963
1436.5,4.398879,0.343848
1437.5,4.388595,0.343682
1438.5,4.377776,0.343462
1439.5,4.366423,0.343181
1440.5,4.354541,0.342835
1441.5,4.342135,0.342421
1442.5,4.329214,0.341935
1443.5,4.315789,0.341376
1444.5,4.301874,0.340740
1445.5,4.287487,0.340027
1446.5,4.272648,0.339237
1447.5,4.257380,0.338371
1448.5,4.241707,0.337430
1449.5,4.225660,0.336415
1450.5,4.209270,0.335331
1451.5,4.192570,0.334180
1452.5,4.175596,0.332966
1453.5,4.158389,0.331696
1454.5,4.140987,0.330375
1455.5,4.123435,0.329008
1456.5,4.105775,0.327603
1457.5,4.088054,0.326166
1458.5,4.070318,0.324707
1459.5,4.052614,0.323232
1460.5,4.034991,0.321750
1461.5,4.017496,0.320269
1462.5,4.000178,0.318797
1463.5,3.983085,0.317344
1464.5,3.966262,0.315918
1465.5,3.949757,0.314527
1466.5,3.933612,0.313178
1467.5,3.917872,0.311880
1468.5,3.902577,0.310640
1469.5,3.887765,0.309464
1470.5,3.873475,0.308358
1471.5,3.859740,0.307328
1472.5,3.846591,0.306379
1473.5,3.834056,0.305515
1474.5,3.822163,0.304738
1475.5,3.810932,0.304051
1476.5,3.800383,0.303456
1477.5,3.790533,0.302952
1478.5,3.781393,0.302540
1479.5,3.772975,0.302219
1480.5,3.765285,0.301985
1481.5,3.758325,0.301838
1482.5,3.752097,0.301772
1483.5,3.746598,0.301783
1484.5,3.741823,0.301868
1485.5,3.737764,0.302019
1486.5,3.734411,0.302232
1487.5,3.731753,0.302501
1488.5,3.729775,0.302818
1489.5,3.728460,0.303177
1490.5,3.727792,0.303570
1491.5,3.727751,0.303992
1492.5,3.728318,0.304436
1493.5,3.729470,0.304894
1494.5,3.731188,0.305360
1495.5,3.733448,0.305829
1496.5,3.736229,0.306294
1497.5,3.739507,0.306750
1498.5,3.743261,0.307193
1499.5,3.747469,0.307618
1500.5,3.752108,0.308022
1501.5,3.757158,0.308402
1502.5,3.762597,0.308756
1503.5,3.768406,0.309082
1504.5,3.774567,0.309378
1505.5,3.781060,0.309646
1506.5,3.787867,0.309885
1507.5,3.794973,0.310096
1508.5,3.802361,0.310282
1509.5,3.810017,0.310445
1510.5,3.817924,0.310587
1511.5,3.826069,0.310712
1512.5,3.834440,0.310825
1513.5,3.843021,0.310929
1514.5,3.851801,0.311030
1515.5,3.860767,0.311131
1516.5,3.869905,0.311239
1517.5,3.879202,0.311358
1518.5,3.888647,0.311494
1519.5,3.898224,0.311651
1520.5,3.907919,0.311835
1521.5,3.917718,0.312049
1522.5,3.927604,0.312299
1523.5,3.937561,0.312587
1524.5,3.947571,0.312916
1525.5,3.957615,0.313290
1526.5,3.967674,0.313710
1527.5,3.977726,0.314176
1528.5,3.987748,0.314690
1529.5,3.997717,0.315250
1530.5,4.007609,0.315855
1531.5,4.017397,0.316503
1532.5,4.027054,0.317191
1533.5,4.036552,0.317915
1534.5,4.045862,0.318671
1535.5,4.054953,0.319454
1536.5,4.063796,0.320258
1537.5,4.072358,0.321076
1538.5,4.080610,0.321902
1539.5,4.088519,0.322730
1540.5,4.096053,0.323551
1541.5,4.103182,0.324358
1542.5,4.109873,0.325144
1543.5,4.116097,0.325902
1544.5,4.121824,0.326623
1545.5,4.127027,0.327302
1546.5,4.131677,0.327932
1547.5,4.135749,0.328505
1548.5,4.139221,0.329017
1549.5,4.142068,0.329462
1550.5,4.144273,0.329835
1551.5,4.145817,0.330133
1552.5,4.146685,0.330352
1553.5,4.146866,0.330490
1554.5,4.146348,0.330544
1555.5,4.145125,0.330514
1556.5,4.143192,0.330400
1557.5,4.140548,0.330202
1558.5,4.137195,0.329920
1559.5,4.133136,0.329558
1560.5,4.128379,0.329117
1561.5,4.122934,0.328601
1562.5,4.116815,0.328014
1563.5,4.110036,0.327359
1564.5,4.102616,0.326641
1565.5,4.094577,0.325866
1566.5,4.085940,0.325039
1567.5,4.076732,0.324165
1568.5,4.066980,0.323250
1569.5,4.056714,0.322300
1570.5,4.045965,0.321321
1571.5,4.034765,0.320319
1572.5,4.023149,0.319300
1573.5,4.011152,0.318268
1574.5,3.998809,0.317230
1575.5,3.986159,0.316189
1576.5,3.973238,0.315152
1577.5,3.960084,0.314123
1578.5,3.946735,0.313104
1579.5,3.933229,0.312100
1580.5,3.919604,0.311114
1581.5,3.905897,0.310148
1582.5,3.892144,0.309205
1583.5,3.878383,0.308286
1584.5,3.864648,0.307393
1585.5,3.850973,0.306527
1586.5,3.837392,0.305689
1587.5,3.823937,0.304878
1588.5,3.810638,0.304096
1589.5,3.797526,0.303342
1590.5,3.784627,0.302615
1591.5,3.771970,0.301916
1592.5,3.759579,0.301244
1593.5,3.747476,0.300598
1594.5,3.735684,0.299977
1595.5,3.724223,0.299381
1596.5,3.713112,0.298810
1597.5,3.702368,0.298262
1598.5,3.692007,0.297737
1599.5,3.682042,0.297236
1600.5,3.672486,0.296756
1601.5,3.663349,0.296299
1602.5,3.654642,0.295865
1603.5,3.646371,0.295452
1604.5,3.638543,0.295062
1605.5,3.631162,0.294695
1606.5,3.624233,0.294350
1607.5,3.617759,0.294029
1608.5,3.611739,0.293732
1609.5,3.606173,0.293459
1610.5,3.601061,0.293212
1611.5,3.596400,0.292989
1612.5,3.592186,0.292792
1613.5,3.588414,0.292622
1614.5,3.585079,0.292478
1615.5,3.582174,0.292361
1616.5,3.579692,0.292271
1617.5,3.577623,0.292209
1618.5,3.575958,0.292173
1619.5,3.574688,0.292165
1620.5,3.573800,0.292183
1621.5,3.573284,0.292227
1622.5,3.573128,0.292297
1623.5,3.573318,0.292391
1624.5,3.573839,0.292509
1625.5,3.574679,0.292650
1626.5,3.575823,0.292812
1627.5,3.577255,0.292994
1628.5,3.578959,0.293194
1629.5,3.580920,0.293411
1630.5,3.583122,0.293644
1631.5,3.585547,0.293891
1632.5,3.588178,0.294149
1633.5,3.590998,0.294417
1634.5,3.593990,0.294694
1635.5,3.597137,0.294977
1636.5,3.600419,0.295265
1637.5,3.603821,0.295556
1638.5,3.607324,0.295848
1639.5,3.610910,0.296141
1640.5,3.614562,0.296431
1641.5,3.618262,0.296718
1642.5,3.621994,0.297001
1643.5,3.625740,0.297279
1644.5,3.629482,0.297550
1645.5,3.633205,0.297813
1646.5,3.636892,0.298068
1647.5,3.640526,0.298313
1648.5,3.644093,0.298549
1649.5,3.647576,0.298774
1650.5,3.650962,0.298988
1651.5,3.654236,0.299192
1652.5,3.657383,0.299383
1653.5,3.660390,0.299564
1654.5,3.663245,0.299732
1655.5,3.665936,0.299889
1656.5,3.668450,0.300034
1657.5,3.670776,0.300166
1658.5,3.672905,0.300287
1659.5,3.674825,0.300396
1660.5,3.676528,0.300493
1661.5,3.678006,0.300578
1662.5,3.679250,0.300651
1663.5,3.680254,0.300712
1664.5,3.681011,0.300761
1665.5,3.681515,0.300797
1666.5,3.681762,0.300821
1667.5,3.681748,0.300832
1668.5,3.681469,0.300830
1669.5,3.680922,0.300815
1670.5,3.680107,0.300786
1671.5,3.679021,0.300744
1672.5,3.677666,0.300687
1673.5,3.676042,0.300615
1674.5,3.674149,0.300528
1675.5,3.671993,0.300425
1676.5,3.669575,0.300306
1677.5,3.666899,0.300170
1678.5,3.663972,0.300017
1679.5,3.660798,0.299847
1680.5,3.657386,0.299658
1681.5,3.653742,0.299451
1682.5,3.649874,0.299226
1683.5,3.645793,0.298981
1684.5,3.641509,0.298718
1685.5,3.637031,0.298434
1686.5,3.632373,0.298132
1687.5,3.627547,0.297810
1688.5,3.622565,0.297469
1689.5,3.617442,0.297110
1690.5,3.612191,0.296731
1691.5,3.606827,0.296335
1692.5,3.601366,0.295922
1693.5,3.595823,0.295492
1694.5,3.590215,0.295047
1695.5,3.584558,0.294588
1696.5,3.578868,0.294116
1697.5,3.573162,0.293633
1698.5,3.567457,0.293140
1699.5,3.561769,0.292639
1700.5,3.556116,0.292133
1701.5,3.550512,0.291622
1702.5,3.544975,0.291110
1703.5,3.539520,0.290599
1704.5,3.534161,0.290092
1705.5,3.528915,0.289590
1706.5,3.523793,0.289097
1707.5,3.518810,0.288616
1708.5,3.513978,0.288148
1709.5,3.509307,0.287697
1710.5,3.504809,0.287265
1711.5,3.500492,0.286855
1712.5,3.496364,0.286470
1713.5,3.492431,0.286111
1714.5,3.488700,0.285781
1715.5,3.485174,0.285482
1716.5,3.481856,0.285216
1717.5,3.478747,0.284983
1718.5,3.475847,0.284786
1719.5,3.473154,0.284624
1720.5,3.470664,0.284500
1721.5,3.468374,0.284412
1722.5,3.466277,0.284362
1723.5,3.464365,0.284348
1724.5,3.462630,0.284369
1725.5,3.461061,0.284426
1726.5,3.459646,0.284515
1727.5,3.458373,0.284636
1728.5,3.457227,0.284786
1729.5,3.456194,0.284963
1730.5,3.455257,0.285165
1731.5,3.454399,0.285388
1732.5,3.453601,0.285630
1733.5,3.452846,0.285887
1734.5,3.452115,0.286156
1735.5,3.451388,0.286433
1736.5,3.450644,0.286715
1737.5,3.449865,0.286999
1738.5,3.449030,0.287279
1739.5,3.448118,0.287554
1740.5,3.447111,0.287819
1741.5,3.445989,0.288071
1742.5,3.444733,0.288307
1743.5,3.443325,0.288523
1744.5,3.441748,0.288716
1745.5,3.439985,0.288883
1746.5,3.438021,0.289021
1747.5,3.435841,0.289128
1748.5,3.433433,0.289202
1749.5,3.430785,0.289239
1750.5,3.427886,0.289239
1751.5,3.424728,0.289200
1752.5,3.421303,0.289121
1753.5,3.417607,0.288999
1754.5,3.413636,0.288835
1755.5,3.409387,0.288627
1756.5,3.404860,0.288376
1757.5,3.400056,0.288081
1758.5,3.394980,0.287742
1759.5,3.389635,0.287360
1760.5,3.384030,0.286936
1761.5,3.378172,0.286470
1762.5,3.372072,0.285964
1763.5,3.365741,0.285419
1764.5,3.359193,0.284837
1765.5,3.352443,0.284220
1766.5,3.345507,0.283569
1767.5,3.338402,0.282888
1768.5,3.331147,0.282179
1769.5,3.323762,0.281445
1770.5,3.316266,0.280689
1771.5,3.308683,0.279914
1772.5,3.301033,0.279123
1773.5,3.293339,0.278321
1774.5,3.285624,0.277509
1775.5,3.277911,0.276694
1776.5,3.270224,0.275877
1777.5,3.262585,0.275064
1778.5,3.255017,0.274258
1779.5,3.247543,0.273464
1780.5,3.240186,0.272684
1781.5,3.232965,0.271924
1782.5,3.225903,0.271187
1783.5,3.219018,0.270477
1784.5,3.212329,0.269798
1785.5,3.205855,0.269152
1786.5,3.199610,0.268544
1787.5,3.193611,0.267977
1788.5,3.187869,0.267453
1789.5,3.182399,0.266975
1790.5,3.177211,0.266546
1791.5,3.172313,0.266166
1792.5,3.167711,0.265837
1793.5,3.163414,0.265561
1794.5,3.159423,0.265339
1795.5,3.155741,0.265170
1796.5,3.152370,0.265054
1797.5,3.149308,0.264991
1798.5,3.146552,0.264979
1799.5,3.144099,0.265018
1800.5,3.141942,0.265105
1801.5,3.140074,0.265239
1802.5,3.138488,0.265416
1803.5,3.137173,0.265633
1804.5,3.136119,0.265887
1805.5,3.135314,0.266175
1806.5,3.134745,0.266493
1807.5,3.134398,0.266836
1808.5,3.134259,0.267200
1809.5,3.134313,0.267581
1810.5,3.134545,0.267975
1811.5,3.134940,0.268376
1812.5,3.135481,0.268781
1813.5,3.136153,0.269184
1814.5,3.136940,0.269582
1815.5,3.137827,0.269970
1816.5,3.138799,0.270345
1817.5,3.139840,0.270701
1818.5,3.140936,0.271036
1819.5,3.142074,0.271346
1820.5,3.143242,0.271628
1821.5,3.144428,0.271880
1822.5,3.145620,0.272100
1823.5,3.146808,0.272284
1824.5,3.147985,0.272432
1825.5,3.149140,0.272543
1826.5,3.150269,0.272616
1827.5,3.151365,0.272651
1828.5,3.152424,0.272647
1829.5,3.153443,0.272607
1830.5,3.154419,0.272529
1831.5,3.155352,0.272418
1832.5,3.156242,0.272272
1833.5,3.157090,0.272097
1834.5,3.157898,0.271893
1835.5,3.158670,0.271663
1836.5,3.159408,0.271412
1837.5,3.160119,0.271141
1838.5,3.160807,0.270856
1839.5,3.161478,0.270559
1840.5,3.162140,0.270256
1841.5,3.162799,0.269948
1842.5,3.163462,0.269642
1843.5,3.164137,0.269340
1844.5,3.164833,0.269047
1845.5,3.165555,0.268767
1846.5,3.166314,0.268503
1847.5,3.167115,0.268259
1848.5,3.167965,0.268037
1849.5,3.168873,0.267842
1850.5,3.169844,0.267675
1851.5,3.170884,0.267539
1852.5,3.171998,0.267436
1853.5,3.173191,0.267366
1854.5,3.174467,0.267332
1855.5,3.175829,0.267334
1856.5,3.177279,0.267371
1857.5,3.178819,0.267444
1858.5,3.180448,0.267552
1859.5,3.182168,0.267694
1860.5,3.183976,0.267868
1861.5,3.185871,0.268073
1862.5,3.187850,0.268306
1863.5,3.189909,0.268565
1864.5,3.192042,0.268848
1865.5,3.194245,0.269150
1866.5,3.196512,0.269470
1867.5,3.198835,0.269804
1868.5,3.201207,0.270148
1869.5,3.203621,0.270500
1870.5,3.206066,0.270855
1871.5,3.208535,0.271212
1872.5,3.211018,0.271565
1873.5,3.213505,0.271914
1874.5,3.215987,0.272253
1875.5,3.218452,0.272581
1876.5,3.220892,0.272896
1877.5,3.223296,0.273194
1878.5,3.225654,0.273473
1879.5,3.227957,0.273733
1880.5,3.230194,0.273971
1881.5,3.232357,0.274185
1882.5,3.234437,0.274376
1883.5,3.236426,0.274541
1884.5,3.238317,0.274681
1885.5,3.240101,0.274796
1886.5,3.241772,0.274885
1887.5,3.243325,0.274949
1888.5,3.244754,0.274987
1889.5,3.246054,0.275002
1890.5,3.247223,0.274992
1891.5,3.248258,0.274961
1892.5,3.249155,0.274908
1893.5,3.249915,0.274835
1894.5,3.250536,0.274743
1895.5,3.251020,0.274634
1896.5,3.251367,0.274510
1897.5,3.251580,0.274371
1898.5,3.251661,0.274219
1899.5,3.251614,0.274056
1900.5,3.251443,0.273883
1901.5,3.251154,0.273702
1902.5,3.250752,0.273515
1903.5,3.250243,0.273322
1904.5,3.249635,0.273126
1905.5,3.248934,0.272927
1906.5,3.248149,0.272726
1907.5,3.247288,0.272526
1908.5,3.246361,0.272327
1909.5,3.245376,0.272131
1910.5,3.244343,0.271937
1911.5,3.243271,0.271748
1912.5,3.242170,0.271564
1913.5,3.241050,0.271386
1914.5,3.239922,0.271215
1915.5,3.238795,0.271051
1916.5,3.237679,0.270896
1917.5,3.236585,0.270750
1918.5,3.235521,0.270613
1919.5,3.234498,0.270487
1920.5,3.233525,0.270372
1921.5,3.232610,0.270268
1922.5,3.231763,0.270176
1923.5,3.230992,0.270098
1924.5,3.230303,0.270032
1925.5,3.229705,0.269980
1926.5,3.229205,0.269943
1927.5,3.228807,0.269920
1928.5,3.228519,0.269913
1929.5,3.228345,0.269921
1930.5,3.228288,0.269945
1931.5,3.228353,0.269986
1932.5,3.228543,0.270043
1933.5,3.228859,0.270118
1934.5,3.229303,0.270210
1935.5,3.229875,0.270319
1936.5,3.230576,0.270445
1937.5,3.231404,0.270589
1938.5,3.232357,0.270750
1939.5,3.233433,0.270928
1940.5,3.234629,0.271123
1941.5,3.235940,0.271335
1942.5,3.237362,0.271562
1943.5,3.238889,0.271805
1944.5,3.240514,0.272063
1945.5,3.242231,0.272334
1946.5,3.244031,0.272618
1947.5,3.245907,0.272914
1948.5,3.247850,0.273220
1949.5,3.249850,0.273536
1950.5,3.251896,0.273860
1951.5,3.253979,0.274190
1952.5,3.256087,0.274525
1953.5,3.258209,0.274864
1954.5,3.260333,0.275204
1955.5,3.262448,0.275544
1956.5,3.264540,0.275882
1957.5,3.266598,0.276216
1958.5,3.268608,0.276545
1959.5,3.270559,0.276866
1960.5,3.272438,0.277177
1961.5,3.274232,0.277477
1962.5,3.275929,0.277763
1963.5,3.277517,0.278034
1964.5,3.278983,0.278289
1965.5,3.280316,0.278525
1966.5,3.281505,0.278740
1967.5,3.282539,0.278934
1968.5,3.283408,0.279104
1969.5,3.284101,0.279250
1970.5,3.284610,0.279370
1971.5,3.284926,0.279463
1972.5,3.285042,0.279528
1973.5,3.284949,0.279565
1974.5,3.284642,0.279572
1975.5,3.284115,0.279550
1976.5,3.283363,0.279497
1977.5,3.282383,0.279414
1978.5,3.281172,0.279300
1979.5,3.279726,0.279155
1980.5,3.278047,0.278981
1981.5,3.276132,0.278776
1982.5,3.273982,0.278542
1983.5,3.271600,0.278279
1984.5,3.268987,0.277987
1985.5,3.266148,0.277668
1986.5,3.263087,0.277323
1987.5,3.259808,0.276952
1988.5,3.256319,0.276557
1989.5,3.252626,0.276138
1990.5,3.248737,0.275698
1991.5,3.244660,0.275237
1992.5,3.240406,0.274756
1993.5,3.235983,0.274257
1994.5,3.231402,0.273742
1995.5,3.226676,0.273212
1996.5,3.221815,0.272668
1997.5,3.216832,0.272112
1998.5,3.211739,0.271546
1999.5,3.206551,0.270970
2000.5,3.201279,0.270388
2001.5,3.195939,0.269799
2002.5,3.190543,0.269207
2003.5,3.185106,0.268611
2004.5,3.179642,0.268015
2005.5,3.174165,0.267420
2006.5,3.168688,0.266826
2007.5,3.163226,0.266237
2008.5,3.157792,0.265653
2009.5,3.152400,0.265077
2010.5,3.147063,0.264509
2011.5,3.141792,0.263951
2012.5,3.136601,0.263405
2013.5,3.131500,0.262872
2014.5,3.126502,0.262355
2015.5,3.121615,0.261853
2016.5,3.116851,0.261370
2017.5,3.112217,0.260905
2018.5,3.107722,0.260462
2019.5,3.103373,0.260039
2020.5,3.099177,0.259640
2021.5,3.095139,0.259265
2022.5,3.091264,0.258915
2023.5,3.087555,0.258590
2024.5,3.084016,0.258293
2025.5,3.080646,0.258022
2026.5,3.077448,0.257780
2027.5,3.074420,0.257566
2028.5,3.071561,0.257380
2029.5,3.068869,0.257224
2030.5,3.066339,0.257096
2031.5,3.063968,0.256996
2032.5,3.061750,0.256925
2033.5,3.059677,0.256882
2034.5,3.057742,0.256866
2035.5,3.055936,0.256877
2036.5,3.054250,0.256913
2037.5,3.052673,0.256974
2038.5,3.051194,0.257059
2039.5,3.049801,0.257166
2040.5,3.048480,0.257294
2041.5,3.047218,0.257441
2042.5,3.046000,0.257607
2043.5,3.044812,0.257788
2044.5,3.043638,0.257984
2045.5,3.042461,0.258192
2046.5,3.041266,0.258411
2047.5,3.040035,0.258639
2048.5,3.038751,0.258873
2049.5,3.037397,0.259112
2050.5,3.035956,0.259353
2051.5,3.034409,0.259594
2052.5,3.032740,0.259833
2053.5,3.030930,0.260068
2054.5,3.028963,0.260296
2055.5,3.026821,0.260516
2056.5,3.024487,0.260724
2057.5,3.021945,0.260920
2058.5,3.019180,0.261100
2059.5,3.016175,0.261262
2060.5,3.012917,0.261405
2061.5,3.009390,0.261527
2062.5,3.005581,0.261624
2063.5,3.001478,0.261696
2064.5,2.997068,0.261741
2065.5,2.992342,0.261756
2066.5,2.987289,0.261740
2067.5,2.981900,0.261692
2068.5,2.976168,0.261609
2069.5,2.970085,0.261490
2070.5,2.963646,0.261335
2071.5,2.956848,0.261142
2072.5,2.949686,0.260910
2073.5,2.942159,0.260638
2074.5,2.934266,0.260325
2075.5,2.926008,0.259971
2076.5,2.917387,0.259575
2077.5,2.908406,0.259138
2078.5,2.899069,0.258658
2079.5,2.889383,0.258137
2080.5,2.879354,0.257574
2081.5,2.868991,0.256970
2082.5,2.858303,0.256325
2083.5,2.847301,0.255641
2084.5,2.835998,0.254917
2085.5,2.824405,0.254156
2086.5,2.812539,0.253359
2087.5,2.800413,0.252526
2088.5,2.788045,0.251660
2089.5,2.775453,0.250762
2090.5,2.762653,0.249834
2091.5,2.749667,0.248878
2092.5,2.736513,0.247896
2093.5,2.723214,0.246890
2094.5,2.709789,0.245862
2095.5,2.696263,0.244815
2096.5,2.682658,0.243751
2097.5,2.668996,0.242673
2098.5,2.655303,0.241583
2099.5,2.641602,0.240483
2100.5,2.627918,0.239376
2101.5,2.614275,0.238265
2102.5,2.600699,0.237152
2103.5,2.587215,0.236040
2104.5,2.573847,0.234931
2105.5,2.560621,0.233827
2106.5,2.547560,0.232732
2107.5,2.534691,0.231648
2108.5,2.522037,0.230577
2109.5,2.509622,0.229522
2110.5,2.497470,0.228485
2111.5,2.485602,0.227468
2112.5,2.474043,0.226473
2113.5,2.462813,0.225504
2114.5,2.451934,0.224562
2115.5,2.441425,0.223648
2116.5,2.431306,0.222767
2117.5,2.421595,0.221918
2118.5,2.412311,0.221105
2119.5,2.403469,0.220329
2120.5,2.395085,0.219593
2121.5,2.387172,0.218897
2122.5,2.379745,0.218245
2123.5,2.372815,0.217636
2124.5,2.366393,0.217074
2125.5,2.360489,0.216560
2126.5,2.355109,0.216094
2127.5,2.350261,0.215679
2128.5,2.345951,0.215316
2129.5,2.342182,0.215005
2130.5,2.338956,0.214748
2131.5,2.336277,0.214546
2132.5,2.334142,0.214398
2133.5,2.332550,0.214307
2134.5,2.331498,0.214272
2135.5,2.330983,0.214292
2136.5,2.330996,0.214369
2137.5,2.331532,0.214503
2138.5,2.332582,0.214691
2139.5,2.334136,0.214934
2140.5,2.336183,0.215232
2141.5,2.338709,0.215582
2142.5,2.341701,0.215984
2143.5,2.345144,0.216436
2144.5,2.349022,0.216936
2145.5,2.353318,0.217482
2146.5,2.358013,0.218072
2147.5,2.363089,0.218703
2148.5,2.368525,0.219374
2149.5,2.374299,0.220081
2150.5,2.380391,0.220821
2151.5,2.386777,0.221591
2152.5,2.393436,0.222389
2153.5,2.400343,0.223210
2154.5,2.407473,0.224051
2155.5,2.414804,0.224908
2156.5,2.422309,0.225779
2157.5,2.429966,0.226659
2158.5,2.437747,0.227546
2159.5,2.445629,0.228434
2160.5,2.453586,0.229321
2161.5,2.461595,0.230203
2162.5,2.469631,0.231077
2163.5,2.477670,0.231939
2164.5,2.485688,0.232785
2165.5,2.493662,0.233614
2166.5,2.501571,0.234421
2167.5,2.509392,0.235203
2168.5,2.517105,0.235959
2169.5,2.524690,0.236684
2170.5,2.532128,0.237378
2171.5,2.539401,0.238037
2172.5,2.546492,0.238660
2173.5,2.553384,0.239245
2174.5,2.560064,0.239790
2175.5,2.566518,0.240294
2176.5,2.572735,0.240756
2177.5,2.578702,0.241175
2178.5,2.584410,0.241550
2179.5,2.589852,0.241881
2180.5,2.595021,0.242167
2181.5,2.599910,0.242410
2182.5,2.604515,0.242608
2183.5,2.608835,0.242762
2184.5,2.612868,0.242874
2185.5,2.616612,0.242944
2186.5,2.620070,0.242974
2187.5,2.623244,0.242964
2188.5,2.626138,0.242916
2189.5,2.628756,0.242832
2190.5,2.631104,0.242714
2191.5,2.633189,0.242564
2192.5,2.635019,0.242384
2193.5,2.636604,0.242176
2194.5,2.637951,0.241944
2195.5,2.639073,0.241689
2196.5,2.639981,0.241415
2197.5,2.640685,0.241123
2198.5,2.641200,0.240818
2199.5,2.641536,0.240502
2200.5,2.641709,0.240177
2201.5,2.641730,0.239848
2202.5,2.641614,0.239516
2203.5,2.641374,0.239185
2204.5,2.641024,0.238858
2205.5,2.640578,0.238538
2206.5,2.640048,0.238227
2207.5,2.639449,0.237929
2208.5,2.638793,0.237645
2209.5,2.638092,0.237379
2210.5,2.637358,0.237133
2211.5,2.636603,0.236909
2212.5,2.635837,0.236709
2213.5,2.635070,0.236534
2214.5,2.634312,0.236388
2215.5,2.633571,0.236270
2216.5,2.632854,0.236183
2217.5,2.632169,0.236127
2218.5,2.631521,0.236103
2219.5,2.630916,0.236112
2220.5,2.630356,0.236153
2221.5,2.629847,0.236226
2222.5,2.629388,0.236332
2223.5,2.628983,0.236469
2224.5,2.628631,0.236637
2225.5,2.628331,0.236835
2226.5,2.628082,0.237060
2227.5,2.627882,0.237312
2228.5,2.627728,0.237588
2229.5,2.627615,0.237886
2230.5,2.627540,0.238204
2231.5,2.627496,0.238539
2232.5,2.627478,0.238889
2233.5,2.627480,0.239249
2234.5,2.627494,0.239618
2235.5,2.627514,0.239992
2236.5,2.627531,0.240368
2237.5,2.627538,0.240742
2238.5,2.627527,0.241111
2239.5,2.627491,0.241472
2240.5,2.627420,0.241820
2241.5,2.627306,0.242153
2242.5,2.627143,0.242468
2243.5,2.626921,0.242760
2244.5,2.626634,0.243028
2245.5,2.626274,0.243267
2246.5,2.625835,0.243475
2247.5,2.625312,0.243650
2248.5,2.624697,0.243789
2249.5,2.623986,0.243890
2250.5,2.623175,0.243950
2251.5,2.622260,0.243969
2252.5,2.621238,0.243945
2253.5,2.620107,0.243877
2254.5,2.618867,0.243763
2255.5,2.617515,0.243605
2256.5,2.616052,0.243401
2257.5,2.614480,0.243151
2258.5,2.612801,0.242857
2259.5,2.611017,0.242519
2260.5,2.609132,0.242139
2261.5,2.607150,0.241718
2262.5,2.605077,0.241257
2263.5,2.602919,0.240760
2264.5,2.600681,0.240228
2265.5,2.598372,0.239665
2266.5,2.596000,0.239073
2267.5,2.593572,0.238456
2268.5,2.591097,0.237817
2269.5,2.588586,0.237160
2270.5,2.586048,0.236490
2271.5,2.583493,0.235809
2272.5,2.580932,0.235122
2273.5,2.578374,0.234433
2274.5,2.575831,0.233747
2275.5,2.573313,0.233068
2276.5,2.570830,0.232400
2277.5,2.568394,0.231746
2278.5,2.566013,0.231112
2279.5,2.563699,0.230501
2280.5,2.561461,0.229916
2281.5,2.559308,0.229362
2282.5,2.557249,0.228841
2283.5,2.555292,0.228356
2284.5,2.553444,0.227910
2285.5,2.551713,0.227504
2286.5,2.550105,0.227142
2287.5,2.548625,0.226824
2288.5,2.547279,0.226552
2289.5,2.546070,0.226327
2290.5,2.545001,0.226148
2291.5,2.544075,0.226015
2292.5,2.543292,0.225929
2293.5,2.542655,0.225889
2294.5,2.542162,0.225893
2295.5,2.541812,0.225940
2296.5,2.541604,0.226028
2297.5,2.541533,0.226155
2298.5,2.541598,0.226318
2299.5,2.541792,0.226516
2300.5,2.542111,0.226745
2301.5,2.542548,0.227002
2302.5,2.543097,0.227285
2303.5,2.543750,0.227590
2304.5,2.544500,0.227914
2305.5,2.545336,0.228254
2306.5,2.546250,0.228607
2307.5,2.547233,0.228968
2308.5,2.548273,0.229337
2309.5,2.549361,0.229708
2310.5,2.550486,0.230080
2311.5,2.551636,0.230449
2312.5,2.552799,0.230814
2313.5,2.553965,0.231171
2314.5,2.555122,0.231518
2315.5,2.556258,0.231853
2316.5,2.557362,0.232175
2317.5,2.558421,0.232481
2318.5,2.559425,0.232771
2319.5,2.560362,0.233042
2320.5,2.561222,0.233294
2321.5,2.561994,0.233526
2322.5,2.562667,0.233737
2323.5,2.563232,0.233926
2324.5,2.563678,0.234094
2325.5,2.563997,0.234240
2326.5,2.564181,0.234364
2327.5,2.564221,0.234466
2328.5,2.564109,0.234546
2329.5,2.563839,0.234605
2330.5,2.563404,0.234643
2331.5,2.562800,0.234660
2332.5,2.562020,0.234657
2333.5,2.561061,0.234634
2334.5,2.559918,0.234593
2335.5,2.558589,0.234532
2336.5,2.557071,0.234454
2337.5,2.555363,0.234359
2338.5,2.553464,0.234247
2339.5,2.551373,0.234118
2340.5,2.549091,0.233974
2341.5,2.546618,0.233815
2342.5,2.543958,0.233641
2343.5,2.541111,0.233452
2344.5,2.538082,0.233249
2345.5,2.534873,0.233032
2346.5,2.531489,0.232801
2347.5,2.527935,0.232557
2348.5,2.524216,0.232300
2349.5,2.520339,0.232028
2350.5,2.516309,0.231744
2351.5,2.512134,0.231446
2352.5,2.507821,0.231136
2353.5,2.503379,0.230812
2354.5,2.498815,0.230474
2355.5,2.494138,0.230124
2356.5,2.489358,0.229760
2357.5,2.484484,0.229384
2358.5,2.479526,0.228995
2359.5,2.474493,0.228593
2360.5,2.469397,0.228178
2361.5,2.464248,0.227752
2362.5,2.459056,0.227314
2363.5,2.453832,0.226865
2364.5,2.448588,0.226406
2365.5,2.443334,0.225937
2366.5,2.438081,0.225458
2367.5,2.432841,0.224972
2368.5,2.427624,0.224478
2369.5,2.422443,0.223979
2370.5,2.417307,0.223474
2371.5,2.412227,0.222966
2372.5,2.407215,0.222456
2373.5,2.402281,0.221945
2374.5,2.397434,0.221435
2375.5,2.392686,0.220927
2376.5,2.388044,0.220423
2377.5,2.383521,0.219925
2378.5,2.379123,0.219435
2379.5,2.374859,0.218954
2380.5,2.370739,0.218483
2381.5,2.366770,0.218026
2382.5,2.362959,0.217583
2383.5,2.359313,0.217156
2384.5,2.355839,0.216746
2385.5,2.352542,0.216356
2386.5,2.349428,0.215987
2387.5,2.346501,0.215640
2388.5,2.343767,0.215317
2389.5,2.341228,0.215018
2390.5,2.338887,0.214745
2391.5,2.336747,0.214498
2392.5,2.334811,0.214278
2393.5,2.333078,0.214087
2394.5,2.331550,0.213923
2395.5,2.330228,0.213788
2396.5,2.329109,0.213682
2397.5,2.328194,0.213603
2398.5,2.327481,0.213554
2399.5,2.326967,0.213531
2400.5,2.326650,0.213537
2401.5,2.326526,0.213568
2402.5,2.326591,0.213625
2403.5,2.326842,0.213707
2404.5,2.327272,0.213812
2405.5,2.327878,0.213940
2406.5,2.328653,0.214088
2407.5,2.329591,0.214256
2408.5,2.330686,0.214442
2409.5,2.331931,0.214644
2410.5,2.333318,0.214862
2411.5,2.334841,0.215092
2412.5,2.336491,0.215334
2413.5,2.338262,0.215585
2414.5,2.340143,0.215845
2415.5,2.342128,0.216112
2416.5,2.344209,0.216383
2417.5,2.346376,0.216658
2418.5,2.348621,0.216934
2419.5,2.350935,0.217211
2420.5,2.353310,0.217487
2421.5,2.355738,0.217761
2422.5,2.358210,0.218031
2423.5,2.360717,0.218296
2424.5,2.363251,0.218556
2425.5,2.365805,0.218810
2426.5,2.368370,0.219056
2427.5,2.370938,0.219294
2428.5,2.373501,0.219524
2429.5,2.376053,0.219745
2430.5,2.378586,0.219956
2431.5,2.381093,0.220157
2432.5,2.383567,0.220349
2433.5,2.386003,0.220531
2434.5,2.388392,0.220703
2435.5,2.390731,0.220865
2436.5,2.393014,0.221018
2437.5,2.395235,0.221162
2438.5,2.397389,0.221297
2439.5,2.399471,0.221424
2440.5,2.401478,0.221542
2441.5,2.403405,0.221654
2442.5,2.405248,0.221758
2443.5,2.407005,0.221856
2444.5,2.408671,0.221949
2445.5,2.410244,0.222036
2446.5,2.411721,0.222120
2447.5,2.413101,0.222199
2448.5,2.414380,0.222274
2449.5,2.415558,0.222347
2450.5,2.416633,0.222418
2451.5,2.417603,0.222487
2452.5,2.418468,0.222553
2453.5,2.419226,0.222619
2454.5,2.419878,0.222684
2455.5,2.420423,0.222747
2456.5,2.420860,0.222810
2457.5,2.421191,0.222872
2458.5,2.421415,0.222933
2459.5,2.421533,0.222993
2460.5,2.421546,0.223051
2461.5,2.421455,0.223107
2462.5,2.421260,0.223161
2463.5,2.420963,0.223213
2464.5,2.420566,0.223261
2465.5,2.420070,0.223305
2466.5,2.419477,0.223345
2467.5,2.418789,0.223379
2468.5,2.418009,0.223407
2469.5,2.417138,0.223428
2470.5,2.416180,0.223441
2471.5,2.415136,0.223446
2472.5,2.414010,0.223441
2473.5,2.412804,0.223425
2474.5,2.411524,0.223398
2475.5,2.410170,0.223359
2476.5,2.408748,0.223307
2477.5,2.407260,0.223242
2478.5,2.405711,0.223162
2479.5,2.404104,0.223068
2480.5,2.402444,0.222959
2481.5,2.400735,0.222833
2482.5,2.398982,0.222692
2483.5,2.397189,0.222535
2484.5,2.395360,0.222361
2485.5,2.393500,0.222171
2486.5,2.391616,0.221965
2487.5,2.389710,0.221742
2488.5,2.387789,0.221505
2489.5,2.385857,0.221252
2490.5,2.383921,0.220986
2491.5,2.381984,0.220705
2492.5,2.380052,0.220412
2493.5,2.378131,0.220108
2494.5,2.376225,0.219792
2495.5,2.374340,0.219468
2496.5,2.372481,0.219136
2497.5,2.370652,0.218797
2498.5,2.368860,0.218453
2499.5,2.367108,0.218106
2500.5,2.365401,0.217757
2501.5,2.363745,0.217408
2502.5,2.362142,0.217060
2503.5,2.360598,0.216716
2504.5,2.359116,0.216377
2505.5,2.357700,0.216045
2506.5,2.356353,0.215722
2507.5,2.355079,0.215409
2508.5,2.353880,0.215108
2509.5,2.352759,0.214821
2510.5,2.351718,0.214549
2511.5,2.350759,0.214294
2512.5,2.349882,0.214056
2513.5,2.349090,0.213838
2514.5,2.348383,0.213639
2515.5,2.347762,0.213462
2516.5,2.347225,0.213307
2517.5,2.346773,0.213174
2518.5,2.346405,0.213065
2519.5,2.346120,0.212979
2520.5,2.345915,0.212916
2521.5,2.345790,0.212878
2522.5,2.345740,0.212862
2523.5,2.345765,0.212870
2524.5,2.345861,0.212900
2525.5,2.346023,0.212952
2526.5,2.346249,0.213025
2527.5,2.346533,0.213118
2528.5,2.346873,0.213231
2529.5,2.347263,0.213361
2530.5,2.347698,0.213507
2531.5,2.348174,0.213669
2532.5,2.348686,0.213844
2533.5,2.349226,0.214031
2534.5,2.349792,0.214228
2535.5,2.350376,0.214433
2536.5,2.350974,0.214645
2537.5,2.351579,0.214862
2538.5,2.352187,0.215081
2539.5,2.352792,0.215301
2540.5,2.353388,0.215520
2541.5,2.353972,0.215737
2542.5,2.354536,0.215949
2543.5,2.355078,0.216155
2544.5,2.355591,0.216353
2545.5,2.356072,0.216541
2546.5,2.356518,0.216717
2547.5,2.356923,0.216882
2548.5,2.357286,0.217032
2549.5,2.357603,0.217167
2550.5,2.357872,0.217285
2551.5,2.358091,0.217386
2552.5,2.358259,0.217469
2553.5,2.358373,0.217533
2554.5,2.358435,0.217577
2555.5,2.358443,0.217600
2556.5,2.358398,0.217604
2557.5,2.358301,0.217587
2558.5,2.358154,0.217549
2559.5,2.357958,0.217491
2560.5,2.357716,0.217413
2561.5,2.357431,0.217315
2562.5,2.357107,0.217198
2563.5,2.356746,0.217063
2564.5,2.356354,0.216912
2565.5,2.355935,0.216744
2566.5,2.355495,0.216561
2567.5,2.355038,0.216365
2568.5,2.354571,0.216157
2569.5,2.354101,0.215939
2570.5,2.353632,0.215713
2571.5,2.353173,0.215480
2572.5,2.352730,0.215244
2573.5,2.352310,0.215004
2574.5,2.351920,0.214765
2575.5,2.351567,0.214528
2576.5,2.351259,0.214295
2577.5,2.351003,0.214070
2578.5,2.350806,0.213853
2579.5,2.350675,0.213648
2580.5,2.350617,0.213457
2581.5,2.350638,0.213282
2582.5,2.350746,0.213125
2583.5,2.350945,0.212989
2584.5,2.351243,0.212876
2585.5,2.351645,0.212788
2586.5,2.352154,0.212726
2587.5,2.352777,0.212693
2588.5,2.353517,0.212690
2589.5,2.354377,0.212718
2590.5,2.355361,0.212779
2591.5,2.356472,0.212873
2592.5,2.357710,0.213002
2593.5,2.359077,0.213166
2594.5,2.360573,0.213365
2595.5,2.362199,0.213600
2596.5,2.363955,0.213871
2597.5,2.365837,0.214176
2598.5,2.367844,0.214517
2599.5,2.369975,0.214891
2600.5,2.372224,0.215298
2601.5,2.374588,0.215736
2602.5,2.377063,0.216204
2603.5,2.379641,0.216701
2604.5,2.382319,0.217224
2605.5,2.385090,0.217771
2606.5,2.387945,0.218340
2607.5,2.390878,0.218929
2608.5,2.393880,0.219535
2609.5,2.396943,0.220155
2610.5,2.400057,0.220787
2611.5,2.403214,0.221428
2612.5,2.406403,0.222074
2613.5,2.409615,0.222723
2614.5,2.412839,0.223372
2615.5,2.416064,0.224017
2616.5,2.419281,0.224657
2617.5,2.422479,0.225286
2618.5,2.425646,0.225904
2619.5,2.428773,0.226506
2620.5,2.431848,0.227090
2621.5,2.434861,0.227654
2622.5,2.437802,0.228194
2623.5,2.440660,0.228707
2624.5,2.443426,0.229193
2625.5,2.446090,0.229648
2626.5,2.448644,0.230069
2627.5,2.451078,0.230456
2628.5,2.453385,0.230807
2629.5,2.455556,0.231119
2630.5,2.457584,0.231392
2631.5,2.459463,0.231623
2632.5,2.461187,0.231813
2633.5,2.462750,0.231960
2634.5,2.464147,0.232063
2635.5,2.465375,0.232122
2636.5,2.466430,0.232138
2637.5,2.467309,0.232109
2638.5,2.468011,0.232036
2639.5,2.468534,0.231919
2640.5,2.468877,0.231760
2641.5,2.469041,0.231558
2642.5,2.469027,0.231315
2643.5,2.468837,0.231031
2644.5,2.468472,0.230709
2645.5,2.467935,0.230350
2646.5,2.467231,0.229955
2647.5,2.466363,0.229527
2648.5,2.465337,0.229067
2649.5,2.464157,0.228578
2650.5,2.462830,0.228061
2651.5,2.461362,0.227520
2652.5,2.459760,0.226957
2653.5,2.458032,0.226375
2654.5,2.456185,0.225775
2655.5,2.454227,0.225162
2656.5,2.452166,0.224537
2657.5,2.450012,0.223905
2658.5,2.447773,0.223267
2659.5,2.445457,0.222626
2660.5,2.443075,0.221986
2661.5,2.440635,0.221349
2662.5,2.438146,0.220717
2663.5,2.435617,0.220095
2664.5,2.433057,0.219484
2665.5,2.430476,0.218887
2666.5,2.427881,0.218306
2667.5,2.425281,0.217744
2668.5,2.422684,0.217202
2669.5,2.420099,0.216684
2670.5,2.417532,0.216190
2671.5,2.414992,0.215721
2672.5,2.412484,0.215281
2673.5,2.410015,0.214870
2674.5,2.407592,0.214488
2675.5,2.405218,0.214137
2676.5,2.402900,0.213817
2677.5,2.400641,0.213529
2678.5,2.398445,0.213273
2679.5,2.396316,0.213049
2680.5,2.394257,0.212857
2681.5,2.392269,0.212696
2682.5,2.390354,0.212565
2683.5,2.388513,0.212465
2684.5,2.386747,0.212393
2685.5,2.385055,0.212349
2686.5,2.383437,0.212331
2687.5,2.381891,0.212339
2688.5,2.380416,0.212369
2689.5,2.379010,0.212422
2690.5,2.377670,0.212494
2691.5,2.376393,0.212585
2692.5,2.375175,0.212692
2693.5,2.374011,0.212814
2694.5,2.372899,0.212947
2695.5,2.371833,0.213092
2696.5,2.370807,0.213244
2697.5,2.369817,0.213403
2698.5,2.368857,0.213567
2699.5,2.367920,0.213733
2700.5,2.367001,0.213899
2701.5,2.366094,0.214065
2702.5,2.365192,0.214227
2703.5,2.364288,0.214385
2704.5,2.363376,0.214536
2705.5,2.362449,0.214680
2706.5,2.361500,0.214815
2707.5,2.360523,0.214939
2708.5,2.359512,0.215051
2709.5,2.358459,0.215151
2710.5,2.357359,0.215236
2711.5,2.356205,0.215307
2712.5,2.354990,0.215362
2713.5,2.353710,0.215401
2714.5,2.352357,0.215424
2715.5,2.350928,0.215429
2716.5,2.349416,0.215416
2717.5,2.347816,0.215385
2718.5,2.346124,0.215337
2719.5,2.344335,0.215270
2720.5,2.342445,0.215186
2721.5,2.340449,0.215083
2722.5,2.338346,0.214963
2723.5,2.336131,0.214825
2724.5,2.333802,0.214670
2725.5,2.331355,0.214499
2726.5,2.328790,0.214311
2727.5,2.326104,0.214107
2728.5,2.323295,0.213889
2729.5,2.320362,0.213656
2730.5,2.317305,0.213409
2731.5,2.314123,0.213149
2732.5,2.310816,0.212877
2733.5,2.307383,0.212593
2734.5,2.303826,0.212298
2735.5,2.300145,0.211993
2736.5,2.296340,0.211678
2737.5,2.292414,0.211355
2738.5,2.288368,0.211023
2739.5,2.284203,0.210684
2740.5,2.279922,0.210339
2741.5,2.275527,0.209988
2742.5,2.271021,0.209631
2743.5,2.266406,0.209270
2744.5,2.261685,0.208905
2745.5,2.256860,0.208536
2746.5,2.251936,0.208165
2747.5,2.246916,0.207791
2748.5,2.241803,0.207415
2749.5,2.236601,0.207037
2750.5,2.231314,0.206658
2751.5,2.225946,0.206278
2752.5,2.220500,0.205898
2753.5,2.214981,0.205517
2754.5,2.209393,0.205137
2755.5,2.203740,0.204756
2756.5,2.198027,0.204375
2757.5,2.192258,0.203995
2758.5,2.186437,0.203615
2759.5,2.180568,0.203236
2760.5,2.174657,0.202857
2761.5,2.168707,0.202479
2762.5,2.162724,0.202102
2763.5,2.156711,0.201725
2764.5,2.150674,0.201348
2765.5,2.144616,0.200972
2766.5,2.138543,0.200597
2767.5,2.132459,0.200222
2768.5,2.126368,0.199847
2769.5,2.120275,0.199473
2770.5,2.114185,0.199099
2771.5,2.108102,0.198726
2772.5,2.102030,0.198353
2773.5,2.095975,0.197980
2774.5,2.089940,0.197607
2775.5,2.083930,0.197235
2776.5,2.077949,0.196864
2777.5,2.072003,0.196493
2778.5,2.066094,0.196123
2779.5,2.060229,0.195754
2780.5,2.054410,0.195385
2781.5,2.048643,0.195018
2782.5,2.042932,0.194653
2783.5,2.037280,0.194289
2784.5,2.031693,0.193926
2785.5,2.026174,0.193566
2786.5,2.020729,0.193208
2787.5,2.015360,0.192853
2788.5,2.010073,0.192501
2789.5,2.004871,0.192153
2790.5,1.999759,0.191808
2791.5,1.994740,0.191466
2792.5,1.989819,0.191130
2793.5,1.984999,0.190798
2794.5,1.980286,0.190470
2795.5,1.975682,0.190149
2796.5,1.971191,0.189833
2797.5,1.966818,0.189523
2798.5,1.962566,0.189219
2799.5,1.958439,0.188922
2800.5,1.954440,0.188632
2801.5,1.950574,0.188349
2802.5,1.946844,0.188075
2803.5,1.943253,0.187808
2804.5,1.939804,0.187549
2805.5,1.936501,0.187298
2806.5,1.933347,0.187057
2807.5,1.930346,0.186824
2808.5,1.927500,0.186601
2809.5,1.924811,0.186387
2810.5,1.922284,0.186184
2811.5,1.919920,0.185990
2812.5,1.917723,0.185806
2813.5,1.915694,0.185633
2814.5,1.913835,0.185471
2815.5,1.912149,0.185320
2816.5,1.910638,0.185180
2817.5,1.909304,0.185052
2818.5,1.908148,0.184936
2819.5,1.907172,0.184832
2820.5,1.906376,0.184740
2821.5,1.905763,0.184662
2822.5,1.905333,0.184596
2823.5,1.905087,0.184544
2824.5,1.905025,0.184506
2825.5,1.905148,0.184482
2826.5,1.905455,0.184473
2827.5,1.905947,0.184478
2828.5,1.906624,0.184499
2829.5,1.907484,0.184535
2830.5,1.908528,0.184587
2831.5,1.909753,0.184655
2832.5,1.911160,0.184740
2833.5,1.912746,0.184842
2834.5,1.914509,0.184961
2835.5,1.916449,0.185097
2836.5,1.918563,0.185250
2837.5,1.920847,0.185421
2838.5,1.923301,0.185610
2839.5,1.925921,0.185817
2840.5,1.928703,0.186041
2841.5,1.931646,0.186284
2842.5,1.934744,0.186543
2843.5,1.937995,0.186820
2844.5,1.941394,0.187114
2845.5,1.944937,0.187425
2846.5,1.948621,0.187752
2847.5,1.952440,0.188095
2848.5,1.956389,0.188453
2849.5,1.960464,0.188825
2850.5,1.964659,0.189211
2851.5,1.968970,0.189611
2852.5,1.973391,0.190022
2853.5,1.977915,0.190445
2854.5,1.982538,0.190879
2855.5,1.987253,0.191321
2856.5,1.992055,0.191772
2857.5,1.996937,0.192229
2858.5,2.001892,0.192693
2859.5,2.006915,0.193162
2860.5,2.011998,0.193634
2861.5,2.017136,0.194108
2862.5,2.022322,0.194583
2863.5,2.027548,0.195059
2864.5,2.032808,0.195533
2865.5,2.038096,0.196005
2866.5,2.043404,0.196473
2867.5,2.048725,0.196936
2868.5,2.054052,0.197394
2869.5,2.059379,0.197844
2870.5,2.064698,0.198287
2871.5,2.070003,0.198721
2872.5,2.075286,0.199146
2873.5,2.080541,0.199560
2874.5,2.085761,0.199963
2875.5,2.090938,0.200354
2876.5,2.096066,0.200734
2877.5,2.101139,0.201100
2878.5,2.106149,0.201453
2879.5,2.111090,0.201793
2880.5,2.115955,0.202119
2881.5,2.120738,0.202431
2882.5,2.125433,0.202729
2883.5,2.130032,0.203013
2884.5,2.134530,0.203284
2885.5,2.138921,0.203540
2886.5,2.143198,0.203783
2887.5,2.147355,0.204012
2888.5,2.151388,0.204229
2889.5,2.155289,0.204432
2890.5,2.159054,0.204623
2891.5,2.162676,0.204801
2892.5,2.166151,0.204968
2893.5,2.169473,0.205124
2894.5,2.172638,0.205268
2895.5,2.175639,0.205402
2896.5,2.178473,0.205526
2897.5,2.181135,0.205640
2898.5,2.183620,0.205744
2899.5,2.185923,0.205839
2900.5,2.188042,0.205925
2901.5,2.189971,0.206002
2902.5,2.191706,0.206070
2903.5,2.193245,0.206130
2904.5,2.194584,0.206182
2905.5,2.195720,0.206225
2906.5,2.196650,0.206259
2907.5,2.197370,0.206285
2908.5,2.197879,0.206302
2909.5,2.198173,0.206310
2910.5,2.198252,0.206308
2911.5,2.198112,0.206297
2912.5,2.197753,0.206275
2913.5,2.197174,0.206243
2914.5,2.196372,0.206199
2915.5,2.195347,0.206144
2916.5,2.194099,0.206077
2917.5,2.192628,0.205996
2918.5,2.190934,0.205902
2919.5,2.189017,0.205794
2920.5,2.186878,0.205671
2921.5,2.184518,0.205532
2922.5,2.181938,0.205378
2923.5,2.179141,0.205206
2924.5,2.176127,0.205017
2925.5,2.172901,0.204811
2926.5,2.169464,0.204585
2927.5,2.165819,0.204341
2928.5,2.161970,0.204078
2929.5,2.157920,0.203795
2930.5,2.153674,0.203492
2931.5,2.149236,0.203169
2932.5,2.144612,0.202826
2933.5,2.139805,0.202462
2934.5,2.134821,0.202078
2935.5,2.129667,0.201674
2936.5,2.124347,0.201250
2937.5,2.118869,0.200806
2938.5,2.113239,0.200344
2939.5,2.107464,0.199862
2940.5,2.101551,0.199363
2941.5,2.095507,0.198846
2942.5,2.089340,0.198312
2943.5,2.083058,0.197763
2944.5,2.076669,0.197199
2945.5,2.070180,0.196621
2946.5,2.063601,0.196031
2947.5,2.056940,0.195430
2948.5,2.050206,0.194818
2949.5,2.043406,0.194197
2950.5,2.036550,0.193569
2951.5,2.029647,0.192935
2952.5,2.022705,0.192297
2953.5,2.015734,0.191655
2954.5,2.008742,0.191012
2955.5,2.001737,0.190369
2956.5,1.994730,0.189728
2957.5,1.987727,0.189089
2958.5,1.980738,0.188456
2959.5,1.973772,0.187828
2960.5,1.966836,0.187208
2961.5,1.959938,0.186598
2962.5,1.953086,0.185998
2963.5,1.946288,0.185409
2964.5,1.939551,0.184835
2965.5,1.932882,0.184274
2966.5,1.926289,0.183730
2967.5,1.919777,0.183202
2968.5,1.913353,0.182692
2969.5,1.907023,0.182200
2970.5,1.900793,0.181729
2971.5,1.894667,0.181278
2972.5,1.888650,0.180847
2973.5,1.882747,0.180439
2974.5,1.876964,0.180052
2975.5,1.871302,0.179688
2976.5,1.865765,0.179346
2977.5,1.860357,0.179028
2978.5,1.855081,0.178732
2979.5,1.849938,0.178459
2980.5,1.844931,0.178208
2981.5,1.840060,0.177980
2982.5,1.835328,0.177774
2983.5,1.830736,0.177589
2984.5,1.826283,0.177425
2985.5,1.821970,0.177282
2986.5,1.817797,0.177158
2987.5,1.813764,0.177054
2988.5,1.809869,0.176967
2989.5,1.806112,0.176898
2990.5,1.802492,0.176844
2991.5,1.799007,0.176806
2992.5,1.795656,0.176783
2993.5,1.792436,0.176772
2994.5,1.789346,0.176773
2995.5,1.786383,0.176785
2996.5,1.783545,0.176807
2997.5,1.780830,0.176837
2998.5,1.778235,0.176874
2999.5,1.775757,0.176917
3000.5,1.773394,0.176966
3001.5,1.771143,0.177018
3002.5,1.769001,0.177073
3003.5,1.766965,0.177129
3004.5,1.765033,0.177185
3005.5,1.763203,0.177242
3006.5,1.761471,0.177296
3007.5,1.759835,0.177348
3008.5,1.758293,0.177396
3009.5,1.756843,0.177440
3010.5,1.755482,0.177479
3011.5,1.754208,0.177512
3012.5,1.753019,0.177539
3013.5,1.751915,0.177558
3014.5,1.750893,0.177570
3015.5,1.749952,0.177575
3016.5,1.749091,0.177570
3017.5,1.748309,0.177558
3018.5,1.747606,0.177537
3019.5,1.746981,0.177507
3020.5,1.746434,0.177468
3021.5,1.745964,0.177421
3022.5,1.745573,0.177366
3023.5,1.745260,0.177303
3024.5,1.745026,0.177232
3025.5,1.744872,0.177155
3026.5,1.744798,0.177071
3027.5,1.744807,0.176981
3028.5,1.744899,0.176886
3029.5,1.745076,0.176788
3030.5,1.745339,0.176687
3031.5,1.745691,0.176583
3032.5,1.746133,0.176479
3033.5,1.746668,0.176374
3034.5,1.747297,0.176272
3035.5,1.748024,0.176171
3036.5,1.748849,0.176075
3037.5,1.749776,0.175985
3038.5,1.750807,0.175901
3039.5,1.751943,0.175825
3040.5,1.753189,0.175758
3041.5,1.754545,0.175702
3042.5,1.756015,0.175659
3043.5,1.757599,0.175629
3044.5,1.759302,0.175614
3045.5,1.761124,0.175615
3046.5,1.763068,0.175633
3047.5,1.765134,0.175670
3048.5,1.767326,0.175726
3049.5,1.769644,0.175802
3050.5,1.772089,0.175900
3051.5,1.774664,0.176020
3052.5,1.777367,0.176162
3053.5,1.780201,0.176328
3054.5,1.783165,0.176518
3055.5,1.786259,0.176732
3056.5,1.789485,0.176970
3057.5,1.792840,0.177232
3058.5,1.796324,0.177519
3059.5,1.799937,0.177829
3060.5,1.803677,0.178164
3061.5,1.807543,0.178521
3062.5,1.811533,0.178901
3063.5,1.815644,0.179303
3064.5,1.819876,0.179726
3065.5,1.824223,0.180169
3066.5,1.828685,0.180631
3067.5,1.833257,0.181110
3068.5,1.837936,0.181607
3069.5,1.842719,0.182118
3070.5,1.847601,0.182644
3071.5,1.852577,0.183182
3072.5,1.857645,0.183731
3073.5,1.862798,0.184289
3074.5,1.868032,0.184855
3075.5,1.873341,0.185426
3076.5,1.878722,0.186003
3077.5,1.884166,0.186582
3078.5,1.889670,0.187163
3079.5,1.895228,0.187743
3080.5,1.900832,0.188321
3081.5,1.906478,0.188895
3082.5,1.912159,0.189465
3083.5,1.917869,0.190028
3084.5,1.923601,0.190583
3085.5,1.929349,0.191129
3086.5,1.935106,0.191664
3087.5,1.940866,0.192187
3088.5,1.946623,0.192698
3089.5,1.952370,0.193194
3090.5,1.958100,0.193675
3091.5,1.963807,0.194141
3092.5,1.969484,0.194590
3093.5,1.975126,0.195021
3094.5,1.980725,0.195434
3095.5,1.986275,0.195829
3096.5,1.991771,0.196205
3097.5,1.997206,0.196562
3098.5,2.002574,0.196899
3099.5,2.007870,0.197217
3100.5,2.013087,0.197515
3101.5,2.018219,0.197793
3102.5,2.023262,0.198051
3103.5,2.028209,0.198290
3104.5,2.033056,0.198510
3105.5,2.037797,0.198711
3106.5,2.042427,0.198893
3107.5,2.046942,0.199057
3108.5,2.051336,0.199204
3109.5,2.055606,0.199334
3110.5,2.059745,0.199448
3111.5,2.063751,0.199546
3112.5,2.067619,0.199629
3113.5,2.071345,0.199698
3114.5,2.074925,0.199754
3115.5,2.078355,0.199796
3116.5,2.081631,0.199827
3117.5,2.084750,0.199847
3118.5,2.087709,0.199856
3119.5,2.090505,0.199855
3120.5,2.093133,0.199846
3121.5,2.095592,0.199828
3122.5,2.097878,0.199803
3123.5,2.099989,0.199771
3124.5,2.101921,0.199732
3125.5,2.103673,0.199689
3126.5,2.105242,0.199639
3127.5,2.106625,0.199586
3128.5,2.107821,0.199528
3129.5,2.108827,0.199466
3130.5,2.109642,0.199400
3131.5,2.110264,0.199331
3132.5,2.110690,0.199259
3133.5,2.110920,0.199184
3134.5,2.110952,0.199105
3135.5,2.110785,0.199024
3136.5,2.110418,0.198939
3137.5,2.109848,0.198850
3138.5,2.109077,0.198758
3139.5,2.108103,0.198661
3140.5,2.106926,0.198560
3141.5,2.105544,0.198454
3142.5,2.103959,0.198343
3143.5,2.102170,0.198226
3144.5,2.100177,0.198102
3145.5,2.097981,0.197970
3146.5,2.095583,0.197831
3147.5,2.092982,0.197684
3148.5,2.090181,0.197527
3149.5,2.087181,0.197360
3150.5,2.083982,0.197182
3151.5,2.080588,0.196993
3152.5,2.076999,0.196792
3153.5,2.073219,0.196578
3154.5,2.069249,0.196350
3155.5,2.065094,0.196108
3156.5,2.060755,0.195851
3157.5,2.056236,0.195578
3158.5,2.051541,0.195289
3159.5,2.046674,0.194984
3160.5,2.041640,0.194661
3161.5,2.036442,0.194322
3162.5,2.031086,0.193964
3163.5,2.025576,0.193588
3164.5,2.019919,0.193194
3165.5,2.014120,0.192782
3166.5,2.008185,0.192351
3167.5,2.002120,0.191902
3168.5,1.995932,0.191434
3169.5,1.989628,0.190949
3170.5,1.983216,0.190446
3171.5,1.976702,0.189926
3172.5,1.970094,0.189389
3173.5,1.963400,0.188836
3174.5,1.956628,0.188267
3175.5,1.949786,0.187684
3176.5,1.942884,0.187087
3177.5,1.935930,0.186476
3178.5,1.928932,0.185854
3179.5,1.921899,0.185221
3180.5,1.914842,0.184577
3181.5,1.907768,0.183926
3182.5,1.900688,0.183266
3183.5,1.893611,0.182601
3184.5,1.886546,0.181931
3185.5,1.879503,0.181258
3186.5,1.872491,0.180584
3187.5,1.865521,0.179909
3188.5,1.858601,0.179235
3189.5,1.851741,0.178564
3190.5,1.844950,0.177897
3191.5,1.838238,0.177237
3192.5,1.831614,0.176583
3193.5,1.825086,0.175939
3194.5,1.818664,0.175306
3195.5,1.812356,0.174685
3196.5,1.806171,0.174077
3197.5,1.800117,0.173484
3198.5,1.794201,0.172908
3199.5,1.788432,0.172350
3200.5,1.782817,0.171810
3201.5,1.777362,0.171292
3202.5,1.772075,0.170794
3203.5,1.766962,0.170320
3204.5,1.762030,0.169869
3205.5,1.757282,0.169443
3206.5,1.752726,0.169042
3207.5,1.748366,0.168667
3208.5,1.744206,0.168320
3209.5,1.740249,0.168000
3210.5,1.736501,0.167708
3211.5,1.732963,0.167445
3212.5,1.729639,0.167210
3213.5,1.726530,0.167005
3214.5,1.723638,0.166828
3215.5,1.720965,0.166681
3216.5,1.718510,0.166563
3217.5,1.716275,0.166474
3218.5,1.714260,0.166414
3219.5,1.712462,0.166382
3220.5,1.710882,0.166378
3221.5,1.709517,0.166403
3222.5,1.708366,0.166454
3223.5,1.707425,0.166532
3224.5,1.706693,0.166636
3225.5,1.706164,0.166766
3226.5,1.705835,0.166921
3227.5,1.705702,0.167099
3228.5,1.705761,0.167300
3229.5,1.706005,0.167524
3230.5,1.706429,0.167769
3231.5,1.707028,0.168035
3232.5,1.707794,0.168320
3233.5,1.708721,0.168624
3234.5,1.709802,0.168946
3235.5,1.711030,0.169284
3236.5,1.712398,0.169638
3237.5,1.713896,0.170007
3238.5,1.715517,0.170389
3239.5,1.717252,0.170783
3240.5,1.719094,0.171190
3241.5,1.721033,0.171606
3242.5,1.723060,0.172032
3243.5,1.725166,0.172466
3244.5,1.727342,0.172907
3245.5,1.729577,0.173354
3246.5,1.731864,0.173806
3247.5,1.734192,0.174262
3248.5,1.736553,0.174721
3249.5,1.738935,0.175180
3250.5,1.741331,0.175640
3251.5,1.743729,0.176099
3252.5,1.746122,0.176556
3253.5,1.748499,0.177010
3254.5,1.750852,0.177459
3255.5,1.753170,0.177903
3256.5,1.755446,0.178340
3257.5,1.757671,0.178769
3258.5,1.759835,0.179188
3259.5,1.761931,0.179597
3260.5,1.763951,0.179995
3261.5,1.765885,0.180380
3262.5,1.767728,0.180751
3263.5,1.769471,0.181106
3264.5,1.771108,0.181446
3265.5,1.772632,0.181768
3266.5,1.774037,0.182072
3267.5,1.775316,0.182356
3268.5,1.776465,0.182620
3269.5,1.777477,0.182863
3270.5,1.778348,0.183083
3271.5,1.779074,0.183280
3272.5,1.779651,0.183453
3273.5,1.780075,0.183601
3274.5,1.780343,0.183723
3275.5,1.780453,0.183819
3276.5,1.780402,0.183889
3277.5,1.780188,0.183931
3278.5,1.779811,0.183945
3279.5,1.779268,0.183931
3280.5,1.778561,0.183889
3281.5,1.777689,0.183818
3282.5,1.776652,0.183718
3283.5,1.775452,0.183590
3284.5,1.774090,0.183433
3285.5,1.772567,0.183248
3286.5,1.770887,0.183035
3287.5,1.769051,0.182793
3288.5,1.767063,0.182525
3289.5,1.764926,0.182230
3290.5,1.762645,0.181908
3291.5,1.760223,0.181562
3292.5,1.757666,0.181191
3293.5,1.754977,0.180796
3294.5,1.752164,0.180379
3295.5,1.749231,0.179941
3296.5,1.746184,0.179483
3297.5,1.743029,0.179006
3298.5,1.739774,0.178511
3299.5,1.736425,0.178001
3300.5,1.732988,0.177475
3301.5,1.729471,0.176937
3302.5,1.725882,0.176388
3303.5,1.722228,0.175829
3304.5,1.718517,0.175262
3305.5,1.714756,0.174689
3306.5,1.710954,0.174111
3307.5,1.707119,0.173530
3308.5,1.703258,0.172948
3309.5,1.699380,0.172367
3310.5,1.695493,0.171788
3311.5,1.691606,0.171214
3312.5,1.687725,0.170645
3313.5,1.683861,0.170083
3314.5,1.680020,0.169531
3315.5,1.676211,0.168988
3316.5,1.672441,0.168458
3317.5,1.668719,0.167941
3318.5,1.665053,0.167439
3319.5,1.661449,0.166953
3320.5,1.657915,0.166483
3321.5,1.654459,0.166031
3322.5,1.651087,0.165598
3323.5,1.647807,0.165185
3324.5,1.644625,0.164792
3325.5,1.641549,0.164420
3326.5,1.638583,0.164069
3327.5,1.635734,0.163739
3328.5,1.633009,0.163432
3329.5,1.630412,0.163147
3330.5,1.627949,0.162884
3331.5,1.625626,0.162643
3332.5,1.623446,0.162424
3333.5,1.621415,0.162226
3334.5,1.619538,0.162050
3335.5,1.617817,0.161894
3336.5,1.616258,0.161759
3337.5,1.614863,0.161643
3338.5,1.613636,0.161547
3339.5,1.612581,0.161469
3340.5,1.611700,0.161409
3341.5,1.610995,0.161366
3342.5,1.610469,0.161339
3343.5,1.610124,0.161328
3344.5,1.609962,0.161332
3345.5,1.609984,0.161349
3346.5,1.610192,0.161380
3347.5,1.610587,0.161424
3348.5,1.611170,0.161479
3349.5,1.611941,0.161546
3350.5,1.612902,0.161623
3351.5,1.614051,0.161710
3352.5,1.615390,0.161807
3353.5,1.616917,0.161913
3354.5,1.618633,0.162027
3355.5,1.620538,0.162150
3356.5,1.622629,0.162280
3357.5,1.624906,0.162419
3358.5,1.627368,0.162564
3359.5,1.630014,0.162718
3360.5,1.632842,0.162878
3361.5,1.635850,0.163046
3362.5,1.639036,0.163221
3363.5,1.642398,0.163404
3364.5,1.645934,0.163595
3365.5,1.649641,0.163793
3366.5,1.653517,0.163999
3367.5,1.657558,0.164214
3368.5,1.661761,0.164438
3369.5,1.666124,0.164671
3370.5,1.670643,0.164913
3371.5,1.675314,0.165165
3372.5,1.680133,0.165427
3373.5,1.685097,0.165700
3374.5,1.690202,0.165983
3375.5,1.695442,0.166278
3376.5,1.700813,0.166584
3377.5,1.706312,0.166903
3378.5,1.711932,0.167233
3379.5,1.717669,0.167576
3380.5,1.723518,0.167932
3381.5,1.729474,0.168301
3382.5,1.735530,0.168682
3383.5,1.741681,0.169076
3384.5,1.747921,0.169483
3385.5,1.754244,0.169903
3386.5,1.760643,0.170336
3387.5,1.767114,0.170781
3388.5,1.773648,0.171238
3389.5,1.780239,0.171707
3390.5,1.786880,0.172188
3391.5,1.793565,0.172679
3392.5,1.800286,0.173181
3393.5,1.807035,0.173692
3394.5,1.813807,0.174213
3395.5,1.820592,0.174742
3396.5,1.827384,0.175278
3397.5,1.834175,0.175821
3398.5,1.840958,0.176369
3399.5,1.847724,0.176922
3400.5,1.854465,0.177479
3401.5,1.861174,0.178039
3402.5,1.867844,0.178600
3403.5,1.874465,0.179162
3404.5,1.881031,0.179723
3405.5,1.887532,0.180282
3406.5,1.893963,0.180838
3407.5,1.900314,0.181390
3408.5,1.906578,0.181936
3409.5,1.912747,0.182477
3410.5,1.918815,0.183009
3411.5,1.924772,0.183533
3412.5,1.930613,0.184046
3413.5,1.936330,0.184549
3414.5,1.941915,0.185039
3415.5,1.947363,0.185516
3416.5,1.952667,0.185979
3417.5,1.957820,0.186427
3418.5,1.962816,0.186859
3419.5,1.967649,0.187273
3420.5,1.972314,0.187670
3421.5,1.976806,0.188047
3422.5,1.981118,0.188406
3423.5,1.985247,0.188743
3424.5,1.989188,0.189061
3425.5,1.992937,0.189356
3426.5,1.996491,0.189630
3427.5,1.999845,0.189881
3428.5,2.002997,0.190109
3429.5,2.005944,0.190313
3430.5,2.008685,0.190494
3431.5,2.011216,0.190651
3432.5,2.013538,0.190785
3433.5,2.015648,0.190893
3434.5,2.017547,0.190978
3435.5,2.019234,0.191038
3436.5,2.020709,0.191074
3437.5,2.021973,0.191085
3438.5,2.023027,0.191073
3439.5,2.023873,0.191036
3440.5,2.024513,0.190976
3441.5,2.024949,0.190893
3442.5,2.025183,0.190787
3443.5,2.025220,0.190658
3444.5,2.025062,0.190507
3445.5,2.024714,0.190334
3446.5,2.024180,0.190140
3447.5,2.023465,0.189925
3448.5,2.022574,0.189691
3449.5,2.021513,0.189437
3450.5,2.020288,0.189165
3451.5,2.018904,0.188874
3452.5,2.017368,0.188567
3453.5,2.015688,0.188243
3454.5,2.013869,0.187904
3455.5,2.011921,0.187550
3456.5,2.009850,0.187182
3457.5,2.007663,0.186802
3458.5,2.005370,0.186410
3459.5,2.002979,0.186006
3460.5,2.000498,0.185593
3461.5,1.997935,0.185171
3462.5,1.995299,0.184741
3463.5,1.992600,0.184305
3464.5,1.989846,0.183862
3465.5,1.987046,0.183415
3466.5,1.984209,0.182965
3467.5,1.981344,0.182512
3468.5,1.978461,0.182057
3469.5,1.975567,0.181603
3470.5,1.972673,0.181149
3471.5,1.969787,0.180698
3472.5,1.966917,0.180250
3473.5,1.964072,0.179807
3474.5,1.961262,0.179369
3475.5,1.958494,0.178938
3476.5,1.955775,0.178515
3477.5,1.953115,0.178101
3478.5,1.950521,0.177698
3479.5,1.948001,0.177306
3480.5,1.945560,0.176926
3481.5,1.943207,0.176560
3482.5,1.940948,0.176209
3483.5,1.938789,0.175873
3484.5,1.936736,0.175554
3485.5,1.934794,0.175252
3486.5,1.932969,0.174970
3487.5,1.931266,0.174706
3488.5,1.929688,0.174463
3489.5,1.928240,0.174242
3490.5,1.926925,0.174042
3491.5,1.925747,0.173864
3492.5,1.924707,0.173710
3493.5,1.923809,0.173579
3494.5,1.923055,0.173472
3495.5,1.922444,0.173390
3496.5,1.921980,0.173332
3497.5,1.921661,0.173300
3498.5,1.921488,0.173292
3499.5,1.921460,0.173310
3500.5,1.921577,0.173353
3501.5,1.921837,0.173421
3502.5,1.922239,0.173514
3503.5,1.922780,0.173632
3504.5,1.923458,0.173773
3505.5,1.924269,0.173938
3506.5,1.925210,0.174127
3507.5,1.926277,0.174337
3508.5,1.927467,0.174569
3509.5,1.928774,0.174822
3510.5,1.930193,0.175095
3511.5,1.931720,0.175387
3512.5,1.933349,0.175697
3513.5,1.935073,0.176023
3514.5,1.936887,0.176365
3515.5,1.938784,0.176721
3516.5,1.940758,0.177090
3517.5,1.942801,0.177470
3518.5,1.944906,0.177861
3519.5,1.947066,0.178261
3520.5,1.949274,0.178668
3521.5,1.951522,0.179081
3522.5,1.953802,0.179498
3523.5,1.956106,0.179918
3524.5,1.958427,0.180340
3525.5,1.960756,0.180762
3526.5,1.963086,0.181182
3527.5,1.965407,0.181600
3528.5,1.967714,0.182013
3529.5,1.969996,0.182421
3530.5,1.972247,0.182821
3531.5,1.974459,0.183214
3532.5,1.976623,0.183596
3533.5,1.978733,0.183968
3534.5,1.980780,0.184328
3535.5,1.982758,0.184675
3536.5,1.984659,0.185008
3537.5,1.986476,0.185326
3538.5,1.988202,0.185628
3539.5,1.989831,0.185913
3540.5,1.991357,0.186181
3541.5,1.992774,0.186431
3542.5,1.994075,0.186662
3543.5,1.995255,0.186873
3544.5,1.996309,0.187066
3545.5,1.997231,0.187238
3546.5,1.998018,0.187390
3547.5,1.998665,0.187521
3548.5,1.999168,0.187632
3549.5,1.999523,0.187722
3550.5,1.999728,0.187791
3551.5,1.999778,0.187840
3552.5,1.999671,0.187869
3553.5,1.999404,0.187877
3554.5,1.998977,0.187866
3555.5,1.998386,0.187835
3556.5,1.997632,0.187785
3557.5,1.996712,0.187716
3558.5,1.995626,0.187629
3559.5,1.994373,0.187525
3560.5,1.992954,0.187403
3561.5,1.991369,0.187265
3562.5,1.989619,0.187112
3563.5,1.987703,0.186943
3564.5,1.985624,0.186760
3565.5,1.983383,0.186563
3566.5,1.980981,0.186354
3567.5,1.978421,0.186133
3568.5,1.975705,0.185900
3569.5,1.972834,0.185657
3570.5,1.969813,0.185404
3571.5,1.966643,0.185142
3572.5,1.963328,0.184872
3573.5,1.959872,0.184594
3574.5,1.956277,0.184309
3575.5,1.952548,0.184019
3576.5,1.948687,0.183723
3577.5,1.944700,0.183422
3578.5,1.940591,0.183117
3579.5,1.936362,0.182808
3580.5,1.932019,0.182497
3581.5,1.927567,0.182183
3582.5,1.923009,0.181867
3583.5,1.918351,0.181549
3584.5,1.913596,0.181231
3585.5,1.908750,0.180911
3586.5,1.903818,0.180591
3587.5,1.898803,0.180272
3588.5,1.893711,0.179952
3589.5,1.888548,0.179633
3590.5,1.883316,0.179314
3591.5,1.878022,0.178997
3592.5,1.872669,0.178680
3593.5,1.867264,0.178364
3594.5,1.861810,0.178049
3595.5,1.856312,0.177735
3596.5,1.850774,0.177423
3597.5,1.845202,0.177111
3598.5,1.839599,0.176801
3599.5,1.833970,0.176492
3600.5,1.828320,0.176183
3601.5,1.822652,0.175876
3602.5,1.816971,0.175569
3603.5,1.811281,0.175263
3604.5,1.805585,0.174958
3605.5,1.799888,0.174653
3606.5,1.794193,0.174349
3607.5,1.788504,0.174045
3608.5,1.782825,0.173742
3609.5,1.777158,0.173438
3610.5,1.771508,0.173135
3611.5,1.765877,0.172832
3612.5,1.760268,0.172529
3613.5,1.754684,0.172226
3614.5,1.749128,0.171923
3615.5,1.743603,0.171621
3616.5,1.738112,0.171318
3617.5,1.732655,0.171016
3618.5,1.727237,0.170714
3619.5,1.721859,0.170412
3620.5,1.716522,0.170111
3621.5,1.711230,0.169811
3622.5,1.705983,0.169511
3623.5,1.700784,0.169213
3624.5,1.695633,0.168916
3625.5,1.690532,0.168620
3626.5,1.685482,0.168327
3627.5,1.680485,0.168035
3628.5,1.675541,0.167746
3629.5,1.670652,0.167459
3630.5,1.665817,0.167175
3631.5,1.661038,0.166895
3632.5,1.656315,0.166618
3633.5,1.651648,0.166345
3634.5,1.647037,0.166076
3635.5,1.642484,0.165812
3636.5,1.637987,0.165553
3637.5,1.633546,0.165298
3638.5,1.629163,0.165049
3639.5,1.624835,0.164805
3640.5,1.620563,0.164567
3641.5,1.616347,0.164335
3642.5,1.612185,0.164109
3643.5,1.608078,0.163890
3644.5,1.604024,0.163676
3645.5,1.600023,0.163469
3646.5,1.596073,0.163269
3647.5,1.592175,0.163075
3648.5,1.588326,0.162887
3649.5,1.584527,0.162706
3650.5,1.580775,0.162530
3651.5,1.577070,0.162361
3652.5,1.573411,0.162198
3653.5,1.569796,0.162039
3654.5,1.566225,0.161887
3655.5,1.562696,0.161738
3656.5,1.559208,0.161595
3657.5,1.555759,0.161456
3658.5,1.552350,0.161320
3659.5,1.548977,0.161187
3660.5,1.545642,0.161057
3661.5,1.542341,0.160929
3662.5,1.539075,0.160803
3663.5,1.535842,0.160678
3664.5,1.532642,0.160554
3665.5,1.529473,0.160429
3666.5,1.526334,0.160304
3667.5,1.523225,0.160177
3668.5,1.520146,0.160049
3669.5,1.517094,0.159918
3670.5,1.514071,0.159785
3671.5,1.511076,0.159648
3672.5,1.508107,0.159506
3673.5,1.505166,0.159361
3674.5,1.502252,0.159210
3675.5,1.499365,0.159054
3676.5,1.496505,0.158892
3677.5,1.493672,0.158723
3678.5,1.490867,0.158548
3679.5,1.488091,0.158367
3680.5,1.485343,0.158178
3681.5,1.482625,0.157981
3682.5,1.479938,0.157778
3683.5,1.477282,0.157567
3684.5,1.474660,0.157348
3685.5,1.472071,0.157121
3686.5,1.469518,0.156888
3687.5,1.467003,0.156646
3688.5,1.464526,0.156398
3689.5,1.462090,0.156142
3690.5,1.459696,0.155880
3691.5,1.457347,0.155611
3692.5,1.455045,0.155337
3693.5,1.452793,0.155057
3694.5,1.450592,0.154772
3695.5,1.448446,0.154482
3696.5,1.446356,0.154188
3697.5,1.444326,0.153892
3698.5,1.442358,0.153592
3699.5,1.440456,0.153291
3700.5,1.438622,0.152988
3701.5,1.436860,0.152685
3702.5,1.435171,0.152382
3703.5,1.433561,0.152081
3704.5,1.432031,0.151781
3705.5,1.430585,0.151485
3706.5,1.429226,0.151192
3707.5,1.427959,0.150904
3708.5,1.426785,0.150621
3709.5,1.425708,0.150345
3710.5,1.424732,0.150076
3711.5,1.423860,0.149815
3712.5,1.423095,0.149563
3713.5,1.422440,0.149321
3714.5,1.421899,0.149089
3715.5,1.421475,0.148869
3716.5,1.421170,0.148660
3717.5,1.420989,0.148465
3718.5,1.420933,0.148283
3719.5,1.421007,0.148115
3720.5,1.421212,0.147962
3721.5,1.421552,0.147824
3722.5,1.422029,0.147702
3723.5,1.422647,0.147597
3724.5,1.423406,0.147507
3725.5,1.424310,0.147435
3726.5,1.425360,0.147380
3727.5,1.426560,0.147343
3728.5,1.427911,0.147323
3729.5,1.429415,0.147320
3730.5,1.431073,0.147336
3731.5,1.432888,0.147370
3732.5,1.434860,0.147421
3733.5,1.436992,0.147490
3734.5,1.439284,0.147576
3735.5,1.441737,0.147680
3736.5,1.444352,0.147801
3737.5,1.447130,0.147938
3738.5,1.450071,0.148092
3739.5,1.453177,0.148262
3740.5,1.456447,0.148448
3741.5,1.459881,0.148649
3742.5,1.463479,0.148865
3743.5,1.467242,0.149095
3744.5,1.471169,0.149339
3745.5,1.475259,0.149597
3746.5,1.479512,0.149867
3747.5,1.483927,0.150150
3748.5,1.488503,0.150444
3749.5,1.493239,0.150749
3750.5,1.498135,0.151065
3751.5,1.503188,0.151392
3752.5,1.508397,0.151728
3753.5,1.513761,0.152073
3754.5,1.519278,0.152427
3755.5,1.524946,0.152789
3756.5,1.530762,0.153159
3757.5,1.536726,0.153536
3758.5,1.542834,0.153920
3759.5,1.549084,0.154311
3760.5,1.555474,0.154708
3761.5,1.562001,0.155111
3762.5,1.568662,0.155520
3763.5,1.575455,0.155934
3764.5,1.582376,0.156354
3765.5,1.589422,0.156778
3766.5,1.596590,0.157208
3767.5,1.603877,0.157642
3768.5,1.611279,0.158081
3769.5,1.618792,0.158525
3770.5,1.626414,0.158973
3771.5,1.634139,0.159425
3772.5,1.641965,0.159882
3773.5,1.649887,0.160344
3774.5,1.657900,0.160810
3775.5,1.666002,0.161281
3776.5,1.674187,0.161756
3777.5,1.682451,0.162236
3778.5,1.690789,0.162721
3779.5,1.699197,0.163210
3780.5,1.707670,0.163704
3781.5,1.716203,0.164203
3782.5,1.724792,0.164707
3783.5,1.733430,0.165216
3784.5,1.742114,0.165730
3785.5,1.750837,0.166248
3786.5,1.759594,0.166772
3787.5,1.768381,0.167300
3788.5,1.777191,0.167833
3789.5,1.786019,0.168371
3790.5,1.794859,0.168913
3791.5,1.803705,0.169459
3792.5,1.812552,0.170010
3793.5,1.821393,0.170564
3794.5,1.830223,0.171123
3795.5,1.839036,0.171684
3796.5,1.847825,0.172248
3797.5,1.856584,0.172815
3798.5,1.865307,0.173384
3799.5,1.873988,0.173955
3800.5,1.882621,0.174527
3801.5,1.891198,0.175100
3802.5,1.899714,0.175673
3803.5,1.908162,0.176245
3804.5,1.916536,0.176817
3805.5,1.924830,0.177387
3806.5,1.933037,0.177955
3807.5,1.941150,0.178520
3808.5,1.949163,0.179081
3809.5,1.957070,0.179638
3810.5,1.964864,0.180190
3811.5,1.972539,0.180736
3812.5,1.980089,0.181276
3813.5,1.987508,0.181808
3814.5,1.994788,0.182333
3815.5,2.001925,0.182849
3816.5,2.008912,0.183355
3817.5,2.015743,0.183852
3818.5,2.022412,0.184337
3819.5,2.028914,0.184811
3820.5,2.035243,0.185273
3821.5,2.041393,0.185722
3822.5,2.047360,0.186157
3823.5,2.053137,0.186578
3824.5,2.058721,0.186984
3825.5,2.064105,0.187375
3826.5,2.069286,0.187749
3827.5,2.074259,0.188108
3828.5,2.079019,0.188449
3829.5,2.083562,0.188773
3830.5,2.087885,0.189079
3831.5,2.091983,0.189366
3832.5,2.095853,0.189635
3833.5,2.099492,0.189885
3834.5,2.102897,0.190116
3835.5,2.106065,0.190327
3836.5,2.108993,0.190519
3837.5,2.111680,0.190690
3838.5,2.114122,0.190841
3839.5,2.116319,0.190972
3840.5,2.118268,0.191083
3841.5,2.119969,0.191172
3842.5,2.121420,0.191242
3843.5,2.122620,0.191291
3844.5,2.123570,0.191319
3845.5,2.124269,0.191327
3846.5,2.124717,0.191315
3847.5,2.124914,0.191282
3848.5,2.124862,0.191229
3849.5,2.124560,0.191157
3850.5,2.124011,0.191064
3851.5,2.123215,0.190952
3852.5,2.122175,0.190821
3853.5,2.120892,0.190670
3854.5,2.119368,0.190501
3855.5,2.117607,0.190313
3856.5,2.115610,0.190107
3857.5,2.113381,0.189883
3858.5,2.110923,0.189642
3859.5,2.108240,0.189383
3860.5,2.105335,0.189108
3861.5,2.102212,0.188817
3862.5,2.098876,0.188509
3863.5,2.095329,0.188187
3864.5,2.091579,0.187849
3865.5,2.087627,0.187497
3866.5,2.083481,0.187131
3867.5,2.079144,0.186751
3868.5,2.074623,0.186358
3869.5,2.069922,0.185953
3870.5,2.065046,0.185536
3871.5,2.060002,0.185108
3872.5,2.054796,0.184669
3873.5,2.049432,0.184220
3874.5,2.043918,0.183761
3875.5,2.038259,0.183293
3876.5,2.032461,0.182816
3877.5,2.026530,0.182332
3878.5,2.020473,0.181841
3879.5,2.014296,0.181344
3880.5,2.008005,0.180840
3881.5,2.001607,0.180332
3882.5,1.995107,0.179818
3883.5,1.988512,0.179301
3884.5,1.981829,0.178781
3885.5,1.975064,0.178258
3886.5,1.968222,0.177733
3887.5,1.961310,0.177207
3888.5,1.954335,0.176680
3889.5,1.947302,0.176153
3890.5,1.940217,0.175627
3891.5,1.933087,0.175102
3892.5,1.925916,0.174580
3893.5,1.918711,0.174059
3894.5,1.911477,0.173542
3895.5,1.904220,0.173028
3896.5,1.896945,0.172519
3897.5,1.889657,0.172014
3898.5,1.882362,0.171515
3899.5,1.875063,0.171021
3900.5,1.867767,0.170534
3901.5,1.860477,0.170054
3902.5,1.853199,0.169580
3903.5,1.845936,0.169114
3904.5,1.838692,0.168656
3905.5,1.831472,0.168206
3906.5,1.824278,0.167765
3907.5,1.817116,0.167332
3908.5,1.809988,0.166909
3909.5,1.802897,0.166495
3910.5,1.795847,0.166090
3911.5,1.788841,0.165694
3912.5,1.781880,0.165308
3913.5,1.774968,0.164932
3914.5,1.768107,0.164566
3915.5,1.761299,0.164210
3916.5,1.754545,0.163863
3917.5,1.747849,0.163526
3918.5,1.741211,0.163198
3919.5,1.734634,0.162880
3920.5,1.728117,0.162571
3921.5,1.721663,0.162271
3922.5,1.715272,0.161981
3923.5,1.708945,0.161698
3924.5,1.702683,0.161425
3925.5,1.696487,0.161159
3926.5,1.690357,0.160902
3927.5,1.684292,0.160651
3928.5,1.678294,0.160409
3929.5,1.672363,0.160173
3930.5,1.666497,0.159943
3931.5,1.660698,0.159720
3932.5,1.654965,0.159502
3933.5,1.649297,0.159290
3934.5,1.643694,0.159082
3935.5,1.638155,0.158879
3936.5,1.632681,0.158681
3937.5,1.627270,0.158486
3938.5,1.621921,0.158294
3939.5,1.616634,0.158105
3940.5,1.611408,0.157919
3941.5,1.606242,0.157735
3942.5,1.601136,0.157553
3943.5,1.596088,0.157371
3944.5,1.591098,0.157191
3945.5,1.586165,0.157012
3946.5,1.581287,0.156832
3947.5,1.576464,0.156653
3948.5,1.571695,0.156473
3949.5,1.566979,0.156292
3950.5,1.562316,0.156111
3951.5,1.557704,0.155928
3952.5,1.553142,0.155743
3953.5,1.548631,0.155557
3954.5,1.544168,0.155368
3955.5,1.539755,0.155177
3956.5,1.535389,0.154984
3957.5,1.531071,0.154789
3958.5,1.526799,0.154590
3959.5,1.522574,0.154389
3960.5,1.518394,0.154185
3961.5,1.514261,0.153978
3962.5,1.510172,0.153768
3963.5,1.506129,0.153554
3964.5,1.502131,0.153338
3965.5,1.498178,0.153119
3966.5,1.494269,0.152897
3967.5,1.490406,0.152672
3968.5,1.486588,0.152444
3969.5,1.482815,0.152213
3970.5,1.479087,0.151980
3971.5,1.475405,0.151745
3972.5,1.471770,0.151507
3973.5,1.468181,0.151268
3974.5,1.464639,0.151027
3975.5,1.461145,0.150784
3976.5,1.457699,0.150540
3977.5,1.454302,0.150295
3978.5,1.450955,0.150050
3979.5,1.447658,0.149804
3980.5,1.444412,0.149558
3981.5,1.441218,0.149312
3982.5,1.438077,0.149067
3983.5,1.434990,0.148823
3984.5,1.431957,0.148580
3985.5,1.428980,0.148340
3986.5,1.426060,0.148101
3987.5,1.423197,0.147864
3988.5,1.420392,0.147631
3989.5,1.417647,0.147401
3990.5,1.414962,0.147174
3991.5,1.412339,0.146951
3992.5,1.409779,0.146733
3993.5,1.407282,0.146519
3994.5,1.404849,0.146310
3995.5,1.402482,0.146107
3996.5,1.400181,0.145909
3997.5,1.397947,0.145717
3998.5,1.395781,0.145532
3999.5,1.393684,0.145353
4000.5,1.391657,0.145181
4001.5,1.389701,0.145016
4002.5,1.387816,0.144859
4003.5,1.386003,0.144709
4004.5,1.384263,0.144567
4005.5,1.382596,0.144432
4006.5,1.381003,0.144306
4007.5,1.379485,0.144188
4008.5,1.378041,0.144078
4009.5,1.376674,0.143977
4010.5,1.375381,0.143884
4011.5,1.374165,0.143799
4012.5,1.373025,0.143723
4013.5,1.371961,0.143655
4014.5,1.370975,0.143595
4015.5,1.370064,0.143544
4016.5,1.369231,0.143501
4017.5,1.368475,0.143467
4018.5,1.367795,0.143440
4019.5,1.367191,0.143421
4020.5,1.366664,0.143410
4021.5,1.366214,0.143406
4022.5,1.365839,0.143409
4023.5,1.365540,0.143420
4024.5,1.365315,0.143437
4025.5,1.365166,0.143461
4026.5,1.365090,0.143491
4027.5,1.365088,0.143527
4028.5,1.365160,0.143569
4029.5,1.365303,0.143616
4030.5,1.365519,0.143669
4031.5,1.365806,0.143726
4032.5,1.366163,0.143788
4033.5,1.366590,0.143854
4034.5,1.367085,0.143925
4035.5,1.367649,0.143999
4036.5,1.368280,0.144076
4037.5,1.368977,0.144156
4038.5,1.369740,0.144240
4039.5,1.370567,0.144326
4040.5,1.371458,0.144414
4041.5,1.372412,0.144504
4042.5,1.373426,0.144596
4043.5,1.374502,0.144690
4044.5,1.375638,0.144785
4045.5,1.376832,0.144881
4046.5,1.378084,0.144978
4047.5,1.379392,0.145076
4048.5,1.380757,0.145175
4049.5,1.382175,0.145274
4050.5,1.383648,0.145373
4051.5,1.385172,0.145473
4052.5,1.386748,0.145573
4053.5,1.388375,0.145673
4054.5,1.390051,0.145773
4055.5,1.391775,0.145873
4056.5,1.393547,0.145973
4057.5,1.395364,0.146074
4058.5,1.397227,0.146174
4059.5,1.399133,0.146275
4060.5,1.401082,0.146376
4061.5,1.403073,0.146477
4062.5,1.405105,0.146578
4063.5,1.407176,0.146680
4064.5,1.409285,0.146782
4065.5,1.411432,0.146886
4066.5,1.413614,0.146990
4067.5,1.415832,0.147095
4068.5,1.418082,0.147201
4069.5,1.420366,0.147309
4070.5,1.422681,0.147418
4071.5,1.425025,0.147529
4072.5,1.427398,0.147642
4073.5,1.429799,0.147757
4074.5,1.432225,0.147874
4075.5,1.434676,0.147994
4076.5,1.437151,0.148116
4077.5,1.439647,0.148242
4078.5,1.442163,0.148370
4079.5,1.444698,0.148502
4080.5,1.447251,0.148637
4081.5,1.449820,0.148776
4082.5,1.452402,0.148918
4083.5,1.454997,0.149064
4084.5,1.457604,0.149215
4085.5,1.460219,0.149369
4086.5,1.462841,0.149528
4087.5,1.465470,0.149691
4088.5,1.468102,0.149858
4089.5,1.470735,0.150029
4090.5,1.473369,0.150205
4091.5,1.476001,0.150385
4092.5,1.478629,0.150570
4093.5,1.481251,0.150759
4094.5,1.483864,0.150952
4095.5,1.486468,0.151149
4096.5,1.489059,0.151350
4097.5,1.491636,0.151555
4098.5,1.494196,0.151764
4099.5,1.496738,0.151976
4100.5,1.499258,0.152191
4101.5,1.501755,0.152409
4102.5,1.504227,0.152630
4103.5,1.506671,0.152854
4104.5,1.509084,0.153079
4105.5,1.511466,0.153306
4106.5,1.513812,0.153534
4107.5,1.516122,0.153764
4108.5,1.518393,0.153994
4109.5,1.520622,0.154224
4110.5,1.522808,0.154453
4111.5,1.524948,0.154682
4112.5,1.527040,0.154910
4113.5,1.529082,0.155136
4114.5,1.531072,0.155360
4115.5,1.533008,0.155581
4116.5,1.534888,0.155798
4117.5,1.536710,0.156012
4118.5,1.538471,0.156222
4119.5,1.540172,0.156427
4120.5,1.541808,0.156626
4121.5,1.543380,0.156820
4122.5,1.544886,0.157007
4123.5,1.546323,0.157187
4124.5,1.547691,0.157360
4125.5,1.548989,0.157525
4126.5,1.550215,0.157682
4127.5,1.551369,0.157830
4128.5,1.552449,0.157969
4129.5,1.553455,0.158098
4130.5,1.554386,0.158217
4131.5,1.555241,0.158325
4132.5,1.556021,0.158423
4133.5,1.556725,0.158510
4134.5,1.557353,0.158585
4135.5,1.557905,0.158648
4136.5,1.558380,0.158699
4137.5,1.558781,0.158738
4138.5,1.559107,0.158765
4139.5,1.559358,0.158779
4140.5,1.559536,0.158780
4141.5,1.559642,0.158769
4142.5,1.559676,0.158745
4143.5,1.559640,0.158708
4144.5,1.559536,0.158658
4145.5,1.559365,0.158596
4146.5,1.559129,0.158521
4147.5,1.558829,0.158434
4148.5,1.558469,0.158334
4149.5,1.558049,0.158222
4150.5,1.557573,0.158099
4151.5,1.557043,0.157964
4152.5,1.556462,0.157818
4153.5,1.555832,0.157661
4154.5,1.555156,0.157494
4155.5,1.554438,0.157317
4156.5,1.553680,0.157131
4157.5,1.552887,0.156935
4158.5,1.552060,0.156731
4159.5,1.551205,0.156520
4160.5,1.550323,0.156301
4161.5,1.549420,0.156075
4162.5,1.548499,0.155844
4163.5,1.547564,0.155607
4164.5,1.546618,0.155365
4165.5,1.545666,0.155119
4166.5,1.544712,0.154870
4167.5,1.543760,0.154618
4168.5,1.542814,0.154365
4169.5,1.541878,0.154110
4170.5,1.540957,0.153855
4171.5,1.540055,0.153600
4172.5,1.539176,0.153345
4173.5,1.538323,0.153093
4174.5,1.537503,0.152843
4175.5,1.536718,0.152596
4176.5,1.535973,0.152353
4177.5,1.535272,0.152114
4178.5,1.534620,0.151881
4179.5,1.534020,0.151653
4180.5,1.533476,0.151432
4181.5,1.532992,0.151217
4182.5,1.532572,0.151010
4183.5,1.532221,0.150811
4184.5,1.531941,0.150621
4185.5,1.531736,0.150439
4186.5,1.531610,0.150268
4187.5,1.531566,0.150106
4188.5,1.531608,0.149954
4189.5,1.531738,0.149814
4190.5,1.531960,0.149684
4191.5,1.532275,0.149566
4192.5,1.532689,0.149460
4193.5,1.533201,0.149365
4194.5,1.533816,0.149283
4195.5,1.534536,0.149213
4196.5,1.535361,0.149156
4197.5,1.536295,0.149111
4198.5,1.537339,0.149080
4199.5,1.538494,0.149061
4200.5,1.539762,0.149055
4201.5,1.541144,0.149062
4202.5,1.542641,0.149083
4203.5,1.544254,0.149116
4204.5,1.545984,0.149163
4205.5,1.547830,0.149223
4206.5,1.549793,0.149296
4207.5,1.551873,0.149382
4208.5,1.554070,0.149480
4209.5,1.556383,0.149592
4210.5,1.558811,0.149717
4211.5,1.561355,0.149854
4212.5,1.564012,0.150003
4213.5,1.566781,0.150165
4214.5,1.569662,0.150340
4215.5,1.572651,0.150526
4216.5,1.575749,0.150725
4217.5,1.578952,0.150935
4218.5,1.582258,0.151157
4219.5,1.585664,0.151390
4220.5,1.589169,0.151635
4221.5,1.592769,0.151890
4222.5,1.596461,0.152157
4223.5,1.600242,0.152433
4224.5,1.604109,0.152720
4225.5,1.608058,0.153018
4226.5,1.612086,0.153324
4227.5,1.616188,0.153640
4228.5,1.620360,0.153966
4229.5,1.624599,0.154300
4230.5,1.628900,0.154642
4231.5,1.633259,0.154993
4232.5,1.637670,0.155351
4233.5,1.642130,0.155716
4234.5,1.646634,0.156088
4235.5,1.651176,0.156467
4236.5,1.655751,0.156851
4237.5,1.660355,0.157241
4238.5,1.664982,0.157636
4239.5,1.669628,0.158035
4240.5,1.674285,0.158438
4241.5,1.678950,0.158845
4242.5,1.683616,0.159254
4243.5,1.688278,0.159666
4244.5,1.692931,0.160079
4245.5,1.697569,0.160493
4246.5,1.702185,0.160908
4247.5,1.706776,0.161322
4248.5,1.711335,0.161736
4249.5,1.715856,0.162148
4250.5,1.720334,0.162558
4251.5,1.724764,0.162965
4252.5,1.729139,0.163369
4253.5,1.733455,0.163769
4254.5,1.737706,0.164164
4255.5,1.741886,0.164553
4256.5,1.745990,0.164937
4257.5,1.750014,0.165314
4258.5,1.753952,0.165684
4259.5,1.757799,0.166047
4260.5,1.761550,0.166401
4261.5,1.765200,0.166745
4262.5,1.768745,0.167081
4263.5,1.772181,0.167406
4264.5,1.775503,0.167721
4265.5,1.778706,0.168024
4266.5,1.781787,0.168316
4267.5,1.784742,0.168596
4268.5,1.787567,0.168864
4269.5,1.790259,0.169118
4270.5,1.792814,0.169360
4271.5,1.795229,0.169587
4272.5,1.797501,0.169801
4273.5,1.799628,0.170001
4274.5,1.801607,0.170186
4275.5,1.803435,0.170356
4276.5,1.805111,0.170511
4277.5,1.806633,0.170651
4278.5,1.807999,0.170775
4279.5,1.809207,0.170884
4280.5,1.810257,0.170978
4281.5,1.811147,0.171055
4282.5,1.811877,0.171117
4283.5,1.812446,0.171163
4284.5,1.812854,0.171193
4285.5,1.813101,0.171208
4286.5,1.813188,0.171206
4287.5,1.813113,0.171189
4288.5,1.812880,0.171157
4289.5,1.812487,0.171109
4290.5,1.811937,0.171045
4291.5,1.811230,0.170967
4292.5,1.810369,0.170873
4293.5,1.809355,0.170764
4294.5,1.808189,0.170641
4295.5,1.806876,0.170504
4296.5,1.805416,0.170352
4297.5,1.803812,0.170187
4298.5,1.802068,0.170008
4299.5,1.800186,0.169816
4300.5,1.798169,0.169611
4301.5,1.796021,0.169394
4302.5,1.793746,0.169164
4303.5,1.791346,0.168923
4304.5,1.788827,0.168670
4305.5,1.786191,0.168406
4306.5,1.783444,0.168132
4307.5,1.780588,0.167848
4308.5,1.777630,0.167554
4309.5,1.774572,0.167251
4310.5,1.771420,0.166939
4311.5,1.768179,0.166620
4312.5,1.764852,0.166292
4313.5,1.761446,0.165957
4314.5,1.757965,0.165616
4315.5,1.754413,0.165269
4316.5,1.750795,0.164917
4317.5,1.747117,0.164559
4318.5,1.743384,0.164198
4319.5,1.739601,0.163832
4320.5,1.735772,0.163464
4321.5,1.731903,0.163093
4322.5,1.727998,0.162721
4323.5,1.724063,0.162347
4324.5,1.720102,0.161973
4325.5,1.716120,0.161599
4326.5,1.712122,0.161226
4327.5,1.708113,0.160854
4328.5,1.704098,0.160485
4329.5,1.700080,0.160118
4330.5,1.696064,0.159755
4331.5,1.692055,0.159396
4332.5,1.688057,0.159041
4333.5,1.684074,0.158692
4334.5,1.680110,0.158349
4335.5,1.676168,0.158012
4336.5,1.672253,0.157683
4337.5,1.668368,0.157361
4338.5,1.664516,0.157048
4339.5,1.660701,0.156743
4340.5,1.656926,0.156448
4341.5,1.653194,0.156162
4342.5,1.649507,0.155886
4343.5,1.645868,0.155622
4344.5,1.642280,0.155368
4345.5,1.638745,0.155125
4346.5,1.635265,0.154894
4347.5,1.631842,0.154675
4348.5,1.628477,0.154468
4349.5,1.625173,0.154273
4350.5,1.621931,0.154090
4351.5,1.618751,0.153920
4352.5,1.615635,0.153762
4353.5,1.612584,0.153617
4354.5,1.609599,0.153484
4355.5,1.606681,0.153363
4356.5,1.603829,0.153254
4357.5,1.601043,0.153157
4358.5,1.598325,0.153072
4359.5,1.595675,0.152997
4360.5,1.593091,0.152934
4361.5,1.590574,0.152881
4362.5,1.588124,0.152839
4363.5,1.585739,0.152806
4364.5,1.583420,0.152782
4365.5,1.581165,0.152767
4366.5,1.578973,0.152759
4367.5,1.576845,0.152759
4368.5,1.574778,0.152766
4369.5,1.572773,0.152778
4370.5,1.570826,0.152796
4371.5,1.568939,0.152819
4372.5,1.567108,0.152846
4373.5,1.565333,0.152876
4374.5,1.563613,0.152909
4375.5,1.561946,0.152943
4376.5,1.560331,0.152979
4377.5,1.558766,0.153014
4378.5,1.557251,0.153050
4379.5,1.555783,0.153085
4380.5,1.554361,0.153118
4381.5,1.552984,0.153148
4382.5,1.551651,0.153176
4383.5,1.550361,0.153200
4384.5,1.549111,0.153220
4385.5,1.547901,0.153235
4386.5,1.546730,0.153245
4387.5,1.545596,0.153249
4388.5,1.544498,0.153247
4389.5,1.543436,0.153239
4390.5,1.542408,0.153224
4391.5,1.541414,0.153201
4392.5,1.540452,0.153171
4393.5,1.539523,0.153134
4394.5,1.538624,0.153088
4395.5,1.537757,0.153035
4396.5,1.536919,0.152974
4397.5,1.536112,0.152904
4398.5,1.535333,0.152827
4399.5,1.534584,0.152742
4400.5,1.533864,0.152649
4401.5,1.533173,0.152548
4402.5,1.532511,0.152441
4403.5,1.531877,0.152326
4404.5,1.531273,0.152204
4405.5,1.530698,0.152077
4406.5,1.530152,0.151943
4407.5,1.529636,0.151804
4408.5,1.529151,0.151660
4409.5,1.528696,0.151511
4410.5,1.528272,0.151359
4411.5,1.527881,0.151203
4412.5,1.527521,0.151045
4413.5,1.527195,0.150885
4414.5,1.526902,0.150723
4415.5,1.526644,0.150561
4416.5,1.526421,0.150399
4417.5,1.526234,0.150238
4418.5,1.526084,0.150079
4419.5,1.525971,0.149921
4420.5,1.525896,0.149767
4421.5,1.525860,0.149616
4422.5,1.525865,0.149470
4423.5,1.525909,0.149329
4424.5,1.525995,0.149194
4425.5,1.526122,0.149065
4426.5,1.526292,0.148943
4427.5,1.526505,0.148829
4428.5,1.526762,0.148723
4429.5,1.527063,0.148625
4430.5,1.527408,0.148538
4431.5,1.527799,0.148459
4432.5,1.528234,0.148392
4433.5,1.528715,0.148334
4434.5,1.529241,0.148288
4435.5,1.529813,0.148252
4436.5,1.530431,0.148228
4437.5,1.531094,0.148216
4438.5,1.531802,0.148216
4439.5,1.532556,0.148227
4440.5,1.533354,0.148250
4441.5,1.534196,0.148285
4442.5,1.535081,0.148332
4443.5,1.536009,0.148390
4444.5,1.536980,0.148460
4445.5,1.537991,0.148541
4446.5,1.539042,0.148634
4447.5,1.540132,0.148737
4448.5,1.541260,0.148850
4449.5,1.542425,0.148973
4450.5,1.543624,0.149106
4451.5,1.544857,0.149249
4452.5,1.546121,0.149400
4453.5,1.547416,0.149559
4454.5,1.548739,0.149725
4455.5,1.550088,0.149899
4456.5,1.551462,0.150080
4457.5,1.552858,0.150266
4458.5,1.554274,0.150458
4459.5,1.555709,0.150655
4460.5,1.557159,0.150856
4461.5,1.558623,0.151060
4462.5,1.560098,0.151267
4463.5,1.561581,0.151477
4464.5,1.563070,0.151689
4465.5,1.564563,0.151901
4466.5,1.566057,0.152114
4467.5,1.567549,0.152328
4468.5,1.569037,0.152540
4469.5,1.570518,0.152752
4470.5,1.571989,0.152961
4471.5,1.573448,0.153169
4472.5,1.574892,0.153374
4473.5,1.576319,0.153576
4474.5,1.577725,0.153774
4475.5,1.579108,0.153969
4476.5,1.580466,0.154158
4477.5,1.581796,0.154343
4478.5,1.583095,0.154523
4479.5,1.584361,0.154698
4480.5,1.585591,0.154866
4481.5,1.586783,0.155028
4482.5,1.587934,0.155184
4483.5,1.589043,0.155334
4484.5,1.590107,0.155476
4485.5,1.591123,0.155612
4486.5,1.592091,0.155740
4487.5,1.593007,0.155860
4488.5,1.593870,0.155973
4489.5,1.594678,0.156079
4490.5,1.595429,0.156176
4491.5,1.596122,0.156266
4492.5,1.596754,0.156348
4493.5,1.597326,0.156421
4494.5,1.597834,0.156487
4495.5,1.598279,0.156544
4496.5,1.598658,0.156593
4497.5,1.598972,0.156634
4498.5,1.599218,0.156667
4499.5,1.599396,0.156692
4500.5,1.599506,0.156709
4501.5,1.599546,0.156717
4502.5,1.599517,0.156717
4503.5,1.599418,0.156710
4504.5,1.599249,0.156694
4505.5,1.599010,0.156671
4506.5,1.598700,0.156639
4507.5,1.598320,0.156600
4508.5,1.597869,0.156553
4509.5,1.597350,0.156499
4510.5,1.596761,0.156437
4511.5,1.596103,0.156367
4512.5,1.595378,0.156290
4513.5,1.594585,0.156207
4514.5,1.593727,0.156115
4515.5,1.592802,0.156017
4516.5,1.591814,0.155913
4517.5,1.590762,0.155801
4518.5,1.589648,0.155683
4519.5,1.588474,0.155559
4520.5,1.587241,0.155428
4521.5,1.585950,0.155291
4522.5,1.584603,0.155149
4523.5,1.583201,0.155000
4524.5,1.581747,0.154847
4525.5,1.580242,0.154688
4526.5,1.578689,0.154524
4527.5,1.577088,0.154355
4528.5,1.575442,0.154181
4529.5,1.573753,0.154003
4530.5,1.572023,0.153821
4531.5,1.570253,0.153635
4532.5,1.568447,0.153445
4533.5,1.566607,0.153252
4534.5,1.564734,0.153056
4535.5,1.562831,0.152857
4536.5,1.560900,0.152655
4537.5,1.558944,0.152452
4538.5,1.556964,0.152246
4539.5,1.554963,0.152039
4540.5,1.552943,0.151831
4541.5,1.550907,0.151622
4542.5,1.548856,0.151412
4543.5,1.546794,0.151202
4544.5,1.544722,0.150991
4545.5,1.542642,0.150781
4546.5,1.540558,0.150572
4547.5,1.538470,0.150364
4548.5,1.536382,0.150157
4549.5,1.534295,0.149952
4550.5,1.532211,0.149748
4551.5,1.530134,0.149547
4552.5,1.528063,0.149349
4553.5,1.526003,0.149153
4554.5,1.523953,0.148960
4555.5,1.521917,0.148771
4556.5,1.519897,0.148585
4557.5,1.517894,0.148403
4558.5,1.515910,0.148225
4559.5,1.513946,0.148051
4560.5,1.512004,0.147882
4561.5,1.510086,0.147718
4562.5,1.508193,0.147559
4563.5,1.506327,0.147404
4564.5,1.504488,0.147255
4565.5,1.502679,0.147111
4566.5,1.500901,0.146973
4567.5,1.499155,0.146840
4568.5,1.497441,0.146712
4569.5,1.495760,0.146591
4570.5,1.494115,0.146475
4571.5,1.492505,0.146365
4572.5,1.490932,0.146261
4573.5,1.489397,0.146162
4574.5,1.487899,0.146069
4575.5,1.486439,0.145982
4576.5,1.485019,0.145901
4577.5,1.483638,0.145825
4578.5,1.482297,0.145755
4579.5,1.480996,0.145691
4580.5,1.479736,0.145632
4581.5,1.478517,0.145578
4582.5,1.477338,0.145530
4583.5,1.476201,0.145486
4584.5,1.475104,0.145447
4585.5,1.474049,0.145414
4586.5,1.473034,0.145385
4587.5,1.472060,0.145360
4588.5,1.471127,0.145340
4589.5,1.470234,0.145324
4590.5,1.469381,0.145311
4591.5,1.468568,0.145303
4592.5,1.467794,0.145298
4593.5,1.467059,0.145297
4594.5,1.466363,0.145299
4595.5,1.465705,0.145304
4596.5,1.465084,0.145312
4597.5,1.464500,0.145322
4598.5,1.463953,0.145335
4599.5,1.463442,0.145351
4600.5,1.462966,0.145368
4601.5,1.462525,0.145387
4602.5,1.462118,0.145408
4603.5,1.461744,0.145431
4604.5,1.461403,0.145455
4605.5,1.461094,0.145480
4606.5,1.460816,0.145507
4607.5,1.460569,0.145534
4608.5,1.460352,0.145561
4609.5,1.460165,0.145590
4610.5,1.460006,0.145619
4611.5,1.459876,0.145648
4612.5,1.459773,0.145677
4613.5,1.459697,0.145706
4614.5,1.459647,0.145735
4615.5,1.459623,0.145763
4616.5,1.459625,0.145791
4617.5,1.459651,0.145819
4618.5,1.459701,0.145846
4619.5,1.459774,0.145873
4620.5,1.459871,0.145898
4621.5,1.459991,0.145923
4622.5,1.460133,0.145947
4623.5,1.460297,0.145969
4624.5,1.460483,0.145991
4625.5,1.460690,0.146011
4626.5,1.460918,0.146031
4627.5,1.461167,0.146049
4628.5,1.461437,0.146066
4629.5,1.461728,0.146081
4630.5,1.462039,0.146095
4631.5,1.462370,0.146108
4632.5,1.462722,0.146120
4633.5,1.463095,0.146130
4634.5,1.463488,0.146139
4635.5,1.463901,0.146147
4636.5,1.464335,0.146154
4637.5,1.464790,0.146159
4638.5,1.465266,0.146163
4639.5,1.465763,0.146166
4640.5,1.466282,0.146168
4641.5,1.466823,0.146169
4642.5,1.467386,0.146169
4643.5,1.467972,0.146169
4644.5,1.468580,0.146167
4645.5,1.469212,0.146165
4646.5,1.469868,0.146163
4647.5,1.470549,0.146160
4648.5,1.471254,0.146156
4649.5,1.471984,0.146153
4650.5,1.472741,0.146149
4651.5,1.473524,0.146146
4652.5,1.474334,0.146142
4653.5,1.475171,0.146140
4654.5,1.476037,0.146137
4655.5,1.476931,0.146136
4656.5,1.477855,0.146135
4657.5,1.478809,0.146135
4658.5,1.479793,0.146137
4659.5,1.480808,0.146140
4660.5,1.481855,0.146144
4661.5,1.482934,0.146151
4662.5,1.484045,0.146159
4663.5,1.485190,0.146170
4664.5,1.486369,0.146183
4665.5,1.487581,0.146199
4666.5,1.488827,0.146217
4667.5,1.490109,0.146239
4668.5,1.491426,0.146264
4669.5,1.492778,0.146292
4670.5,1.494166,0.146325
4671.5,1.495589,0.146361
4672.5,1.497049,0.146401
4673.5,1.498545,0.146446
4674.5,1.500077,0.146495
4675.5,1.501645,0.146549
4676.5,1.503249,0.146608
4677.5,1.504889,0.146672
4678.5,1.506565,0.146742
4679.5,1.508276,0.146817
4680.5,1.510022,0.146897
4681.5,1.511803,0.146984
4682.5,1.513618,0.147076
4683.5,1.515467,0.147175
4684.5,1.517348,0.147279
4685.5,1.519261,0.147390
4686.5,1.521205,0.147507
4687.5,1.523180,0.147631
4688.5,1.525184,0.147760
4689.5,1.527217,0.147897
4690.5,1.529276,0.148039
4691.5,1.531361,0.148188
4692.5,1.533471,0.148344
4693.5,1.535603,0.148506
4694.5,1.537757,0.148673
4695.5,1.539931,0.148847
4696.5,1.542124,0.149027
4697.5,1.544332,0.149213
4698.5,1.546556,0.149404
4699.5,1.548792,0.149600
4700.5,1.551039,0.149802
4701.5,1.553294,0.150008
4702.5,1.555556,0.150219
4703.5,1.557822,0.150434
4704.5,1.560090,0.150654
4705.5,1.562359,0.150876
4706.5,1.564624,0.151103
4707.5,1.566884,0.151332
4708.5,1.569137,0.151563
4709.5,1.571379,0.151797
4710.5,1.573609,0.152032
4711.5,1.575823,0.152268
4712.5,1.578019,0.152506
4713.5,1.580194,0.152743
4714.5,1.582346,0.152981
4715.5,1.584471,0.153217
4716.5,1.586568,0.153453
4717.5,1.588632,0.153687
4718.5,1.590662,0.153919
4719.5,1.592655,0.154148
4720.5,1.594607,0.154374
4721.5,1.596517,0.154596
4722.5,1.598381,0.154815
4723.5,1.600196,0.155029
4724.5,1.601960,0.155237
4725.5,1.603670,0.155440
4726.5,1.605324,0.155638
4727.5,1.606919,0.155828
4728.5,1.608452,0.156012
4729.5,1.609920,0.156189
4730.5,1.611323,0.156358
4731.5,1.612656,0.156518
4732.5,1.613918,0.156670
4733.5,1.615106,0.156814
4734.5,1.616218,0.156948
4735.5,1.617253,0.157072
4736.5,1.618207,0.157187
4737.5,1.619080,0.157291
4738.5,1.619869,0.157385
4739.5,1.620573,0.157468
4740.5,1.621190,0.157541
4741.5,1.621718,0.157602
4742.5,1.622156,0.157652
4743.5,1.622503,0.157691
4744.5,1.622757,0.157718
4745.5,1.622917,0.157733
4746.5,1.622983,0.157737
4747.5,1.622954,0.157729
4748.5,1.622828,0.157709
4749.5,1.622605,0.157677
4750.5,1.622285,0.157634
4751.5,1.621867,0.157578
4752.5,1.621351,0.157511
4753.5,1.620737,0.157432
4754.5,1.620024,0.157342
4755.5,1.619214,0.157240
4756.5,1.618305,0.157127
4757.5,1.617299,0.157003
4758.5,1.616196,0.156868
4759.5,1.614997,0.156723
4760.5,1.613701,0.156567
4761.5,1.612311,0.156400
4762.5,1.610826,0.156224
4763.5,1.609248,0.156038
4764.5,1.607579,0.155843
4765.5,1.605818,0.155639
4766.5,1.603969,0.155426
4767.5,1.602031,0.155204
4768.5,1.600007,0.154975
4769.5,1.597897,0.154738
4770.5,1.595705,0.154494
4771.5,1.593431,0.154244
4772.5,1.591078,0.153987
4773.5,1.588647,0.153723
4774.5,1.586141,0.153455
4775.5,1.583560,0.153181
4776.5,1.580909,0.152903
4777.5,1.578188,0.152620
4778.5,1.575400,0.152334
4779.5,1.572547,0.152045
4780.5,1.569631,0.151752
4781.5,1.566656,0.151458
4782.5,1.563623,0.151161
4783.5,1.560534,0.150863
4784.5,1.557393,0.150564
4785.5,1.554201,0.150264
4786.5,1.550960,0.149965
4787.5,1.547675,0.149665
4788.5,1.544346,0.149366
4789.5,1.540976,0.149069
4790.5,1.537569,0.148773
4791.5,1.534126,0.148478
4792.5,1.530650,0.148186
4793.5,1.527143,0.147897
4794.5,1.523608,0.147611
4795.5,1.520047,0.147328
4796.5,1.516462,0.147048
4797.5,1.512856,0.146773
4798.5,1.509231,0.146501
4799.5,1.505590,0.146234
4800.5,1.501935,0.145971
4801.5,1.498268,0.145713
4802.5,1.494590,0.145460
4803.5,1.490905,0.145212
4804.5,1.487215,0.144969
4805.5,1.483521,0.144731
4806.5,1.479825,0.144499
4807.5,1.476130,0.144272
4808.5,1.472437,0.144050
4809.5,1.468748,0.143834
4810.5,1.465065,0.143623
4811.5,1.461389,0.143417
4812.5,1.457724,0.143217
4813.5,1.454069,0.143021
4814.5,1.450427,0.142831
4815.5,1.446799,0.142645
4816.5,1.443186,0.142464
4817.5,1.439591,0.142287
4818.5,1.436014,0.142115
4819.5,1.432457,0.141947
4820.5,1.428921,0.141782
4821.5,1.425407,0.141622
4822.5,1.421917,0.141464
4823.5,1.418451,0.141310
4824.5,1.415011,0.141159
4825.5,1.411598,0.141010
4826.5,1.408212,0.140864
4827.5,1.404855,0.140719
4828.5,1.401527,0.140577
4829.5,1.398229,0.140436
4830.5,1.394963,0.140297
4831.5,1.391729,0.140159
4832.5,1.388527,0.140021
4833.5,1.385358,0.139884
4834.5,1.382224,0.139748
4835.5,1.379124,0.139612
4836.5,1.376059,0.139476
4837.5,1.373030,0.139340
4838.5,1.370037,0.139204
4839.5,1.367081,0.139067
4840.5,1.364162,0.138930
4841.5,1.361281,0.138792
4842.5,1.358438,0.138653
4843.5,1.355633,0.138514
4844.5,1.352866,0.138374
4845.5,1.350139,0.138233
4846.5,1.347451,0.138091
4847.5,1.344802,0.137949
4848.5,1.342194,0.137806
4849.5,1.339625,0.137662
4850.5,1.337096,0.137518
4851.5,1.334608,0.137373
4852.5,1.332161,0.137227
4853.5,1.329753,0.137082
4854.5,1.327387,0.136936
4855.5,1.325061,0.136791
4856.5,1.322777,0.136646
4857.5,1.320533,0.136501
4858.5,1.318330,0.136357
4859.5,1.316168,0.136214
4860.5,1.314047,0.136072
4861.5,1.311966,0.135931
4862.5,1.309926,0.135792
4863.5,1.307927,0.135655
4864.5,1.305969,0.135519
4865.5,1.304051,0.135386
4866.5,1.302172,0.135256
4867.5,1.300334,0.135128
4868.5,1.298536,0.135004
4869.5,1.296777,0.134882
4870.5,1.295057,0.134764
4871.5,1.293377,0.134650
4872.5,1.291735,0.134540
4873.5,1.290131,0.134433
4874.5,1.288565,0.134331
4875.5,1.287037,0.134233
4876.5,1.285547,0.134139
4877.5,1.284093,0.134050
4878.5,1.282675,0.133966
4879.5,1.281293,0.133886
4880.5,1.279947,0.133811
4881.5,1.278636,0.133741
4882.5,1.277359,0.133676
4883.5,1.276116,0.133616
4884.5,1.274907,0.133560
4885.5,1.273731,0.133509
4886.5,1.272586,0.133463
4887.5,1.271473,0.133421
4888.5,1.270391,0.133384
4889.5,1.269340,0.133351
4890.5,1.268319,0.133322
4891.5,1.267326,0.133297
4892.5,1.266362,0.133276
4893.5,1.265426,0.133259
4894.5,1.264518,0.133245
4895.5,1.263635,0.133234
4896.5,1.262779,0.133226
4897.5,1.261948,0.133221
4898.5,1.261141,0.133218
4899.5,1.260358,0.133217
4900.5,1.259599,0.133218
4901.5,1.258862,0.133220
4902.5,1.258147,0.133224
4903.5,1.257454,0.133229
4904.5,1.256781,0.133234
4905.5,1.256129,0.133239
4906.5,1.255496,0.133245
4907.5,1.254882,0.133250
4908.5,1.254287,0.133255
4909.5,1.253709,0.133259
4910.5,1.253149,0.133261
4911.5,1.252606,0.133263
4912.5,1.252080,0.133262
4913.5,1.251569,0.133260
4914.5,1.251075,0.133256
4915.5,1.250595,0.133250
4916.5,1.250130,0.133240
4917.5,1.249680,0.133229
4918.5,1.249244,0.133214
4919.5,1.248822,0.133196
4920.5,1.248414,0.133175
4921.5,1.248020,0.133151
4922.5,1.247638,0.133124
4923.5,1.247270,0.133093
4924.5,1.246915,0.133059
4925.5,1.246573,0.133021
4926.5,1.246244,0.132980
4927.5,1.245928,0.132935
4928.5,1.245625,0.132887
4929.5,1.245335,0.132836
4930.5,1.245058,0.132781
4931.5,1.244794,0.132724
4932.5,1.244543,0.132663
4933.5,1.244305,0.132599
4934.5,1.244081,0.132533
4935.5,1.243871,0.132464
4936.5,1.243675,0.132393
4937.5,1.243493,0.132319
4938.5,1.243325,0.132244
4939.5,1.243172,0.132168
4940.5,1.243033,0.132090
4941.5,1.242910,0.132011
4942.5,1.242802,0.131932
4943.5,1.242710,0.131852
4944.5,1.242634,0.131773
4945.5,1.242575,0.131693
4946.5,1.242532,0.131614
4947.5,1.242506,0.131537
4948.5,1.242498,0.131461
4949.5,1.242507,0.131386
4950.5,1.242534,0.131314
4951.5,1.242579,0.131244
4952.5,1.242643,0.131177
4953.5,1.242725,0.131114
4954.5,1.242827,0.131054
4955.5,1.242948,0.130998
4956.5,1.243088,0.130946
4957.5,1.243248,0.130899
4958.5,1.243428,0.130857
4959.5,1.243628,0.130819
4960.5,1.243849,0.130788
4961.5,1.244089,0.130762
4962.5,1.244350,0.130742
4963.5,1.244632,0.130728
4964.5,1.244934,0.130721
4965.5,1.245257,0.130720
4966.5,1.245600,0.130726
4967.5,1.245964,0.130739
4968.5,1.246348,0.130759
4969.5,1.246753,0.130785
4970.5,1.247178,0.130819
4971.5,1.247623,0.130860
4972.5,1.248089,0.130907
4973.5,1.248574,0.130961
4974.5,1.249078,0.131023
4975.5,1.249602,0.131090
4976.5,1.250145,0.131165
4977.5,1.250707,0.131245
4978.5,1.251288,0.131332
4979.5,1.251887,0.131424
4980.5,1.252504,0.131522
4981.5,1.253138,0.131626
4982.5,1.253790,0.131734
4983.5,1.254459,0.131846
4984.5,1.255144,0.131963
4985.5,1.255845,0.132083
4986.5,1.256563,0.132207
4987.5,1.257295,0.132334
4988.5,1.258043,0.132463
4989.5,1.258805,0.132594
4990.5,1.259582,0.132727
4991.5,1.260373,0.132860
4992.5,1.261178,0.132994
4993.5,1.261996,0.133128
4994.5,1.262828,0.133261
4995.5,1.263672,0.133393
4996.5,1.264529,0.133524
4997.5,1.265399,0.133653
4998.5,1.266280,0.133779
4999.5,1.267174,0.133902
5000.5,1.268080,0.134021
5001.5,1.268998,0.134136
5002.5,1.269928,0.134248
5003.5,1.270869,0.134354
5004.5,1.271822,0.134455
5005.5,1.272788,0.134550
5006.5,1.273765,0.134640
5007.5,1.274755,0.134723
5008.5,1.275758,0.134799
5009.5,1.276773,0.134869
5010.5,1.277801,0.134932
5011.5,1.278843,0.134988
5012.5,1.279899,0.135036
5013.5,1.280969,0.135076
5014.5,1.282053,0.135110
5015.5,1.283153,0.135135
5016.5,1.284269,0.135153
5017.5,1.285401,0.135163
5018.5,1.286550,0.135166
5019.5,1.287718,0.135161
5020.5,1.288904,0.135149
5021.5,1.290109,0.135131
5022.5,1.291334,0.135105
5023.5,1.292581,0.135073
5024.5,1.293850,0.135035
5025.5,1.295141,0.134990
5026.5,1.296456,0.134941
5027.5,1.297796,0.134886
5028.5,1.299161,0.134827
5029.5,1.300553,0.134764
5030.5,1.301972,0.134698
5031.5,1.303421,0.134628
5032.5,1.304898,0.134556
5033.5,1.306406,0.134483
5034.5,1.307946,0.134408
5035.5,1.309518,0.134333
5036.5,1.311123,0.134258
5037.5,1.312762,0.134184
5038.5,1.314437,0.134112
5039.5,1.316148,0.134042
5040.5,1.317895,0.133975
5041.5,1.319679,0.133911
5042.5,1.321502,0.133852
5043.5,1.323364,0.133798
5044.5,1.325264,0.133750
5045.5,1.327205,0.133708
5046.5,1.329187,0.133674
5047.5,1.331209,0.133647
5048.5,1.333273,0.133629
5049.5,1.335377,0.133619
5050.5,1.337524,0.133619
5051.5,1.339712,0.133629
5052.5,1.341941,0.133650
5053.5,1.344212,0.133681
5054.5,1.346525,0.133724
5055.5,1.348878,0.133779
5056.5,1.351272,0.133846
5057.5,1.353706,0.133925
5058.5,1.356180,0.134017
5059.5,1.358692,0.134121
5060.5,1.361242,0.134238
5061.5,1.363829,0.134368
5062.5,1.366452,0.134511
5063.5,1.369109,0.134667
5064.5,1.371800,0.134836
5065.5,1.374523,0.135018
5066.5,1.377277,0.135212
5067.5,1.380059,0.135419
5068.5,1.382869,0.135637
5069.5,1.385704,0.135867
5070.5,1.388562,0.136108
5071.5,1.391442,0.136361
5072.5,1.394340,0.136623
5073.5,1.397256,0.136896
5074.5,1.400186,0.137178
5075.5,1.403128,0.137468
5076.5,1.406080,0.137767
5077.5,1.409038,0.138074
5078.5,1.412001,0.138387
5079.5,1.414965,0.138706
5080.5,1.417927,0.139031
5081.5,1.420885,0.139361
5082.5,1.423835,0.139695
5083.5,1.426775,0.140032
5084.5,1.429701,0.140372
5085.5,1.432611,0.140714
5086.5,1.435500,0.141056
5087.5,1.438367,0.141399
5088.5,1.441206,0.141742
5089.5,1.444016,0.142083
5090.5,1.446792,0.142423
5091.5,1.449532,0.142760
5092.5,1.452232,0.143093
5093.5,1.454889,0.143422
5094.5,1.457499,0.143747
5095.5,1.460060,0.144066
5096.5,1.462567,0.144380
5097.5,1.465018,0.144686
5098.5,1.467409,0.144985
5099.5,1.469737,0.145277
5100.5,1.471999,0.145560
5101.5,1.474192,0.145834
5102.5,1.476313,0.146099
5103.5,1.478359,0.146353
5104.5,1.480326,0.146598
5105.5,1.482213,0.146832
5106.5,1.484016,0.147055
5107.5,1.485733,0.147266
5108.5,1.487360,0.147465
5109.5,1.488897,0.147653
5110.5,1.490340,0.147828
5111.5,1.491687,0.147990
5112.5,1.492935,0.148140
5113.5,1.494084,0.148277
5114.5,1.495130,0.148401
5115.5,1.496072,0.148512
5116.5,1.496909,0.148609
5117.5,1.497638,0.148693
5118.5,1.498259,0.148764
5119.5,1.498771,0.148821
5120.5,1.499171,0.148865
5121.5,1.499459,0.148896
5122.5,1.499634,0.148913
5123.5,1.499696,0.148917
5124.5,1.499644,0.148908
5125.5,1.499477,0.148886
5126.5,1.499195,0.148851
5127.5,1.498798,0.148804
5128.5,1.498287,0.148744
5129.5,1.497660,0.148671
5130.5,1.496919,0.148587
5131.5,1.496063,0.148491
5132.5,1.495094,0.148383
5133.5,1.494013,0.148263
5134.5,1.492819,0.148133
5135.5,1.491515,0.147991
5136.5,1.490100,0.147839
5137.5,1.488578,0.147676
5138.5,1.486948,0.147504
5139.5,1.485212,0.147321
5140.5,1.483373,0.147129
5141.5,1.481432,0.146928
5142.5,1.479391,0.146718
5143.5,1.477252,0.146500
5144.5,1.475017,0.146273
5145.5,1.472688,0.146038
5146.5,1.470269,0.145795
5147.5,1.467761,0.145546
5148.5,1.465166,0.145289
5149.5,1.462489,0.145025
5150.5,1.459731,0.144755
5151.5,1.456895,0.144479
5152.5,1.453985,0.144197
5153.5,1.451004,0.143909
5154.5,1.447954,0.143616
5155.5,1.444838,0.143319
5156.5,1.441661,0.143016
5157.5,1.438426,0.142710
5158.5,1.435136,0.142399
5159.5,1.431794,0.142084
5160.5,1.428404,0.141766
5161.5,1.424970,0.141445
5162.5,1.421494,0.141121
5163.5,1.417982,0.140794
5164.5,1.414437,0.140465
5165.5,1.410862,0.140133
5166.5,1.407261,0.139800
5167.5,1.403638,0.139465
5168.5,1.399996,0.139129
5169.5,1.396341,0.138792
5170.5,1.392675,0.138454
5171.5,1.389002,0.138116
5172.5,1.385326,0.137777
5173.5,1.381651,0.137438
5174.5,1.377980,0.137100
5175.5,1.374319,0.136762
5176.5,1.370669,0.136425
5177.5,1.367036,0.136089
5178.5,1.363423,0.135754
5179.5,1.359833,0.135421
5180.5,1.356271,0.135090
5181.5,1.352739,0.134761
5182.5,1.349242,0.134435
5183.5,1.345784,0.134111
5184.5,1.342367,0.133790
5185.5,1.338995,0.133473
5186.5,1.335672,0.133159
5187.5,1.332400,0.132849
5188.5,1.329185,0.132544
5189.5,1.326027,0.132243
5190.5,1.322932,0.131947
5191.5,1.319900,0.131656
5192.5,1.316938,0.131370
5193.5,1.314045,0.131090
5194.5,1.311227,0.130816
5195.5,1.308485,0.130548
5196.5,1.305823,0.130287
5197.5,1.303242,0.130033
5198.5,1.300746,0.129787
5199.5,1.298337,0.129548
5200.5,1.296017,0.129316
5201.5,1.293789,0.129093
5202.5,1.291655,0.128878
5203.5,1.289617,0.128672
5204.5,1.287677,0.128475
5205.5,1.285836,0.128287
5206.5,1.284098,0.128109
5207.5,1.282463,0.127940
5208.5,1.280933,0.127781
5209.5,1.279509,0.127633
5210.5,1.278193,0.127495
5211.5,1.276987,0.127368
5212.5,1.275891,0.127251
5213.5,1.274906,0.127146
5214.5,1.274034,0.127052
5215.5,1.273276,0.126969
5216.5,1.272631,0.126898
5217.5,1.272101,0.126838
5218.5,1.271686,0.126790
5219.5,1.271387,0.126754
5220.5,1.271204,0.126729
5221.5,1.271138,0.126717
5222.5,1.271187,0.126716
5223.5,1.271353,0.126728
5224.5,1.271636,0.126751
5225.5,1.272034,0.126786
5226.5,1.272548,0.126833
5227.5,1.273177,0.126892
5228.5,1.273921,0.126963
5229.5,1.274779,0.127045
5230.5,1.275751,0.127139
5231.5,1.276835,0.127244
5232.5,1.278030,0.127361
5233.5,1.279336,0.127489
5234.5,1.280752,0.127627
5235.5,1.282275,0.127776
5236.5,1.283906,0.127936
5237.5,1.285642,0.128106
5238.5,1.287482,0.128286
5239.5,1.289424,0.128476
5240.5,1.291467,0.128676
5241.5,1.293608,0.128884
5242.5,1.295847,0.129102
5243.5,1.298181,0.129328
5244.5,1.300608,0.129563
5245.5,1.303126,0.129806
5246.5,1.305732,0.130057
5247.5,1.308426,0.130316
5248.5,1.311203,0.130581
5249.5,1.314062,0.130854
5250.5,1.317001,0.131133
5251.5,1.320017,0.131418
5252.5,1.323107,0.131709
5253.5,1.326269,0.132006
5254.5,1.329499,0.132308
5255.5,1.332796,0.132616
5256.5,1.336157,0.132928
5257.5,1.339578,0.133244
5258.5,1.343057,0.133565
5259.5,1.346591,0.133889
5260.5,1.350177,0.134217
5261.5,1.353811,0.134548
5262.5,1.357492,0.134882
5263.5,1.361215,0.135219
5264.5,1.364978,0.135558
5265.5,1.368778,0.135900
5266.5,1.372610,0.136243
5267.5,1.376473,0.136588
5268.5,1.380364,0.136934
5269.5,1.384278,0.137281
5270.5,1.388212,0.137629
5271.5,1.392164,0.137978
5272.5,1.396130,0.138328
5273.5,1.400107,0.138677
5274.5,1.404091,0.139027
5275.5,1.408080,0.139376
5276.5,1.412070,0.139725
5277.5,1.416058,0.140073
5278.5,1.420040,0.140421
5279.5,1.424014,0.140767
5280.5,1.427976,0.141112
5281.5,1.431922,0.141456
5282.5,1.435851,0.141798
5283.5,1.439758,0.142138
5284.5,1.443640,0.142476
5285.5,1.447495,0.142812
5286.5,1.451319,0.143145
5287.5,1.455109,0.143476
5288.5,1.458862,0.143803
5289.5,1.462576,0.144128
5290.5,1.466246,0.144449
5291.5,1.469870,0.144767
5292.5,1.473446,0.145081
5293.5,1.476971,0.145391
5294.5,1.480441,0.145697
5295.5,1.483854,0.145998
5296.5,1.487207,0.146295
5297.5,1.490498,0.146587
5298.5,1.493724,0.146874
5299.5,1.496882,0.147155
5300.5,1.499970,0.147431
5301.5,1.502986,0.147701
5302.5,1.505927,0.147965
5303.5,1.508792,0.148223
5304.5,1.511576,0.148474
5305.5,1.514280,0.148718
5306.5,1.516900,0.148956
5307.5,1.519434,0.149186
5308.5,1.521881,0.149408
5309.5,1.524239,0.149623
5310.5,1.526506,0.149829
5311.5,1.528680,0.150028
5312.5,1.530760,0.150218
5313.5,1.532744,0.150399
5314.5,1.534630,0.150571
5315.5,1.536418,0.150734
5316.5,1.538106,0.150887
5317.5,1.539693,0.151031
5318.5,1.541178,0.151165
5319.5,1.542560,0.151289
5320.5,1.543837,0.151403
5321.5,1.545010,0.151507
5322.5,1.546077,0.151600
5323.5,1.547038,0.151682
5324.5,1.547892,0.151753
5325.5,1.548639,0.151814
5326.5,1.549278,0.151863
5327.5,1.549810,0.151901
5328.5,1.550234,0.151928
5329.5,1.550550,0.151944
5330.5,1.550758,0.151948
5331.5,1.550858,0.151941
5332.5,1.550851,0.151922
5333.5,1.550737,0.151892
5334.5,1.550517,0.151851
5335.5,1.550190,0.151798
5336.5,1.549758,0.151733
5337.5,1.549222,0.151657
5338.5,1.548582,0.151570
5339.5,1.547839,0.151472
5340.5,1.546994,0.151362
5341.5,1.546049,0.151242
5342.5,1.545005,0.151111
5343.5,1.543862,0.150969
5344.5,1.542623,0.150816
5345.5,1.541289,0.150653
5346.5,1.539861,0.150480
5347.5,1.538341,0.150297
5348.5,1.536731,0.150104
5349.5,1.535033,0.149901
5350.5,1.533249,0.149690
5351.5,1.531380,0.149469
5352.5,1.529430,0.149239
5353.5,1.527399,0.149001
5354.5,1.525290,0.148755
5355.5,1.523106,0.148501
5356.5,1.520848,0.148239
5357.5,1.518520,0.147970
5358.5,1.516123,0.147694
5359.5,1.513661,0.147412
5360.5,1.511135,0.147123
5361.5,1.508549,0.146828
5362.5,1.505905,0.146528
5363.5,1.503206,0.146222
5364.5,1.500455,0.145911
5365.5,1.497654,0.145596
5366.5,1.494806,0.145277
5367.5,1.491915,0.144954
5368.5,1.488983,0.144627
5369.5,1.486012,0.144297
5370.5,1.483007,0.143965
5371.5,1.479970,0.143630
5372.5,1.476903,0.143293
5373.5,1.473811,0.142954
5374.5,1.470695,0.142614
5375.5,1.467559,0.142273
5376.5,1.464406,0.141932
5377.5,1.461239,0.141590
5378.5,1.458061,0.141249
5379.5,1.454874,0.140908
5380.5,1.451683,0.140568
5381.5,1.448489,0.140229
5382.5,1.445295,0.139891
5383.5,1.442105,0.139555
5384.5,1.438922,0.139222
5385.5,1.435747,0.138891
5386.5,1.432585,0.138563
5387.5,1.429436,0.138238
5388.5,1.426305,0.137916
5389.5,1.423194,0.137599
5390.5,1.420106,0.137285
5391.5,1.417042,0.136976
5392.5,1.414005,0.136671
5393.5,1.410999,0.136372
5394.5,1.408024,0.136077
5395.5,1.405084,0.135789
5396.5,1.402180,0.135506
5397.5,1.399315,0.135229
5398.5,1.396491,0.134959
5399.5,1.393709,0.134695
5400.5,1.390972,0.134438
5401.5,1.388281,0.134188
5402.5,1.385638,0.133946
5403.5,1.383045,0.133711
5404.5,1.380503,0.133484
5405.5,1.378013,0.133264
5406.5,1.375577,0.133053
5407.5,1.373197,0.132851
5408.5,1.370873,0.132657
5409.5,1.368606,0.132471
5410.5,1.366397,0.132294
5411.5,1.364247,0.132127
5412.5,1.362158,0.131968
5413.5,1.360129,0.131819
5414.5,1.358161,0.131678
5415.5,1.356254,0.131548
5416.5,1.354410,0.131426
5417.5,1.352627,0.131314
5418.5,1.350907,0.131212
5419.5,1.349249,0.131119
5420.5,1.347653,0.131036
5421.5,1.346120,0.130963
5422.5,1.344648,0.130898
5423.5,1.343238,0.130844
5424.5,1.341889,0.130799
5425.5,1.340600,0.130763
5426.5,1.339371,0.130736
5427.5,1.338201,0.130719
5428.5,1.337089,0.130710
5429.5,1.336034,0.130711
5430.5,1.335036,0.130720
5431.5,1.334093,0.130738
5432.5,1.333203,0.130764
5433.5,1.332367,0.130799
5434.5,1.331581,0.130841
5435.5,1.330846,0.130891
5436.5,1.330159,0.130949
5437.5,1.329519,0.131014
5438.5,1.328923,0.131086
5439.5,1.328372,0.131164
5440.5,1.327862,0.131249
5441.5,1.327392,0.131341
5442.5,1.326959,0.131438
5443.5,1.326563,0.131540
5444.5,1.326200,0.131648
5445.5,1.325869,0.131761
5446.5,1.325569,0.131878
5447.5,1.325295,0.131999
5448.5,1.325048,0.132124
5449.5,1.324823,0.132253
5450.5,1.324620,0.132384
5451.5,1.324435,0.132519
5452.5,1.324267,0.132656
5453.5,1.324113,0.132795
5454.5,1.323971,0.132935
5455.5,1.323838,0.133078
5456.5,1.323713,0.133221
5457.5,1.323592,0.133364
5458.5,1.323474,0.133508
5459.5,1.323356,0.133652
5460.5,1.323235,0.133796
5461.5,1.323111,0.133938
5462.5,1.322979,0.134080
5463.5,1.322839,0.134220
5464.5,1.322687,0.134359
5465.5,1.322521,0.134495
5466.5,1.322340,0.134629
5467.5,1.322140,0.134761
5468.5,1.321921,0.134889
5469.5,1.321680,0.135015
5470.5,1.321414,0.135137
5471.5,1.321121,0.135255
5472.5,1.320801,0.135369
5473.5,1.320451,0.135479
5474.5,1.320068,0.135584
5475.5,1.319652,0.135684
5476.5,1.319199,0.135780
5477.5,1.318710,0.135870
5478.5,1.318182,0.135955
5479.5,1.317614,0.136034
5480.5,1.317003,0.136108
5481.5,1.316350,0.136176
5482.5,1.315651,0.136237
5483.5,1.314907,0.136292
5484.5,1.314116,0.136341
5485.5,1.313276,0.136383
5486.5,1.312388,0.136419
5487.5,1.311449,0.136448
5488.5,1.310459,0.136470
5489.5,1.309417,0.136484
5490.5,1.308323,0.136492
5491.5,1.307176,0.136493
5492.5,1.305975,0.136486
5493.5,1.304720,0.136472
5494.5,1.303411,0.136451
5495.5,1.302047,0.136422
5496.5,1.300628,0.136385
5497.5,1.299155,0.136342
5498.5,1.297626,0.136290
5499.5,1.296042,0.136231
5500.5,1.294404,0.136165
5501.5,1.292711,0.136091
5502.5,1.290965,0.136010
5503.5,1.289165,0.135920
5504.5,1.287311,0.135824
5505.5,1.285405,0.135720
5506.5,1.283448,0.135609
5507.5,1.281439,0.135490
5508.5,1.279379,0.135364
5509.5,1.277270,0.135230
5510.5,1.275113,0.135090
5511.5,1.272909,0.134942
5512.5,1.270659,0.134787
5513.5,1.268363,0.134626
5514.5,1.266024,0.134457
5515.5,1.263643,0.134282
5516.5,1.261220,0.134100
5517.5,1.258758,0.133912
5518.5,1.256259,0.133717
5519.5,1.253723,0.133516
5520.5,1.251152,0.133309
5521.5,1.248548,0.133097
5522.5,1.245914,0.132878
5523.5,1.243249,0.132654
5524.5,1.240558,0.132424
5525.5,1.237840,0.132189
5526.5,1.235099,0.131949
5527.5,1.232336,0.131704
5528.5,1.229554,0.131454
5529.5,1.226754,0.131200
5530.5,1.223938,0.130941
5531.5,1.221109,0.130679
5532.5,1.218269,0.130413
5533.5,1.215419,0.130143
5534.5,1.212562,0.129870
5535.5,1.209701,0.129594
5536.5,1.206837,0.129315
5537.5,1.203973,0.129033
5538.5,1.201110,0.128749
5539.5,1.198252,0.128463
5540.5,1.195400,0.128176
5541.5,1.192556,0.127887
5542.5,1.189723,0.127596
5543.5,1.186903,0.127305
5544.5,1.184098,0.127014
5545.5,1.181311,0.126722
5546.5,1.178543,0.126430
5547.5,1.175797,0.126139
5548.5,1.173074,0.125848
5549.5,1.170378,0.125559
5550.5,1.167710,0.125270
5551.5,1.165072,0.124984
5552.5,1.162466,0.124699
5553.5,1.159894,0.124416
5554.5,1.157359,0.124137
5555.5,1.154862,0.123860
5556.5,1.152404,0.123586
5557.5,1.149989,0.123317
5558.5,1.147617,0.123051
5559.5,1.145291,0.122789
5560.5,1.143012,0.122532
5561.5,1.140782,0.122279
5562.5,1.138603,0.122032
5563.5,1.136475,0.121790
5564.5,1.134401,0.121554
5565.5,1.132383,0.121324
5566.5,1.130420,0.121100
5567.5,1.128516,0.120883
5568.5,1.126670,0.120672
5569.5,1.124885,0.120468
5570.5,1.123162,0.120272
5571.5,1.121501,0.120083
5572.5,1.119903,0.119902
5573.5,1.118370,0.119728
5574.5,1.116903,0.119563
5575.5,1.115502,0.119406
5576.5,1.114169,0.119257
5577.5,1.112903,0.119117
5578.5,1.111705,0.118985
5579.5,1.110577,0.118862
5580.5,1.109518,0.118747
5581.5,1.108530,0.118642
5582.5,1.107612,0.118545
5583.5,1.106764,0.118457
5584.5,1.105988,0.118379
5585.5,1.105282,0.118309
5586.5,1.104648,0.118248
5587.5,1.104085,0.118196
5588.5,1.103593,0.118153
5589.5,1.103173,0.118119
5590.5,1.102823,0.118094
5591.5,1.102544,0.118077
5592.5,1.102336,0.118069
5593.5,1.102198,0.118070
5594.5,1.102129,0.118078
5595.5,1.102129,0.118095
5596.5,1.102199,0.118120
5597.5,1.102336,0.118153
5598.5,1.102541,0.118194
5599.5,1.102813,0.118242
5600.5,1.103150,0.118298
5601.5,1.103553,0.118360
5602.5,1.104020,0.118430
5603.5,1.104551,0.118507
5604.5,1.105145,0.118590
5605.5,1.105799,0.118679
5606.5,1.106515,0.118774
5607.5,1.107289,0.118876
5608.5,1.108122,0.118982
5609.5,1.109012,0.119095
5610.5,1.109959,0.119212
5611.5,1.110959,0.119334
5612.5,1.112013,0.119461
5613.5,1.113120,0.119593
5614.5,1.114277,0.119728
5615.5,1.115483,0.119868
5616.5,1.116738,0.120011
5617.5,1.118039,0.120158
5618.5,1.119386,0.120308
5619.5,1.120777,0.120462
5620.5,1.122210,0.120618
5621.5,1.123684,0.120776
5622.5,1.125198,0.120937
5623.5,1.126749,0.121100
5624.5,1.128338,0.121266
5625.5,1.129961,0.121433
5626.5,1.131618,0.121601
5627.5,1.133307,0.121772
5628.5,1.135027,0.121943
5629.5,1.136776,0.122115
5630.5,1.138552,0.122289
5631.5,1.140355,0.122463
5632.5,1.142183,0.122638
5633.5,1.144034,0.122813
5634.5,1.145907,0.122988
5635.5,1.147800,0.123164
5636.5,1.149713,0.123340
5637.5,1.151643,0.123515
5638.5,1.153590,0.123691
5639.5,1.155552,0.123865
5640.5,1.157528,0.124040
5641.5,1.159516,0.124214
5642.5,1.161516,0.124387
5643.5,1.163526,0.124559
5644.5,1.165545,0.124730
5645.5,1.167571,0.124900
5646.5,1.169605,0.125069
5647.5,1.171644,0.125237
5648.5,1.173687,0.125403
5649.5,1.175735,0.125567
5650.5,1.177785,0.125730
5651.5,1.179837,0.125892
5652.5,1.181890,0.126051
5653.5,1.183943,0.126208
5654.5,1.185996,0.126364
5655.5,1.188047,0.126517
5656.5,1.190097,0.126668
5657.5,1.192144,0.126817
5658.5,1.194188,0.126963
5659.5,1.196229,0.127106
5660.5,1.198265,0.127247
5661.5,1.200297,0.127385
5662.5,1.202324,0.127520
5663.5,1.204346,0.127652
5664.5,1.206363,0.127781
5665.5,1.208374,0.127907
5666.5,1.210379,0.128029
5667.5,1.212378,0.128148
5668.5,1.214371,0.128264
5669.5,1.216359,0.128376
5670.5,1.218340,0.128484
5671.5,1.220315,0.128589
5672.5,1.222285,0.128689
5673.5,1.224249,0.128786
5674.5,1.226208,0.128879
5675.5,1.228162,0.128967
5676.5,1.230110,0.129052
5677.5,1.232055,0.129133
5678.5,1.233995,0.129209
5679.5,1.235931,0.129281
5680.5,1.237864,0.129349
5681.5,1.239795,0.129413
5682.5,1.241723,0.129472
5683.5,1.243649,0.129528
5684.5,1.245574,0.129579
5685.5,1.247498,0.129626
5686.5,1.249423,0.129670
5687.5,1.251348,0.129709
5688.5,1.253274,0.129744
5689.5,1.255202,0.129776
5690.5,1.257132,0.129804
5691.5,1.259066,0.129829
5692.5,1.261004,0.129850
5693.5,1.262946,0.129868
5694.5,1.264893,0.129883
5695.5,1.266847,0.129896
5696.5,1.268806,0.129905
5697.5,1.270773,0.129913
5698.5,1.272748,0.129919
5699.5,1.274731,0.129922
5700.5,1.276724,0.129925
5701.5,1.278726,0.129926
5702.5,1.280738,0.129926
5703.5,1.282760,0.129926
5704.5,1.284794,0.129926
5705.5,1.286839,0.129926
5706.5,1.288897,0.129926
5707.5,1.290966,0.129928
5708.5,1.293049,0.129930
5709.5,1.295144,0.129935
5710.5,1.297252,0.129941
5711.5,1.299373,0.129950
5712.5,1.301508,0.129962
5713.5,1.303656,0.129977
5714.5,1.305817,0.129996
5715.5,1.307992,0.130019
5716.5,1.310180,0.130046
5717.5,1.312380,0.130078
5718.5,1.314593,0.130116
5719.5,1.316818,0.130159
5720.5,1.319055,0.130208
5721.5,1.321303,0.130264
5722.5,1.323562,0.130326
5723.5,1.325830,0.130395
5724.5,1.328107,0.130472
5725.5,1.330393,0.130555
5726.5,1.332685,0.130647
5727.5,1.334984,0.130747
5728.5,1.337288,0.130854
5729.5,1.339596,0.130970
5730.5,1.341906,0.131095
5731.5,1.344218,0.131228
5732.5,1.346529,0.131370
5733.5,1.348838,0.131520
5734.5,1.351144,0.131679
5735.5,1.353445,0.131847
5736.5,1.355739,0.132023
5737.5,1.358025,0.132207
5738.5,1.360300,0.132400
5739.5,1.362562,0.132601
5740.5,1.364809,0.132810
5741.5,1.367040,0.133027
5742.5,1.369252,0.133250
5743.5,1.371443,0.133481
5744.5,1.373610,0.133719
5745.5,1.375751,0.133963
5746.5,1.377864,0.134212
5747.5,1.379946,0.134467
5748.5,1.381995,0.134727
5749.5,1.384008,0.134992
5750.5,1.385983,0.135260
5751.5,1.387917,0.135532
5752.5,1.389807,0.135806
5753.5,1.391652,0.136083
5754.5,1.393447,0.136361
5755.5,1.395191,0.136640
5756.5,1.396881,0.136919
5757.5,1.398514,0.137197
5758.5,1.400088,0.137475
5759.5,1.401600,0.137751
5760.5,1.403047,0.138024
5761.5,1.404427,0.138294
5762.5,1.405737,0.138561
5763.5,1.406975,0.138822
5764.5,1.408138,0.139079
5765.5,1.409224,0.139330
5766.5,1.410231,0.139574
5767.5,1.411155,0.139810
5768.5,1.411996,0.140039
5769.5,1.412750,0.140259
5770.5,1.413415,0.140470
5771.5,1.413991,0.140672
5772.5,1.414474,0.140863
5773.5,1.414862,0.141043
5774.5,1.415155,0.141211
5775.5,1.415350,0.141368
5776.5,1.415445,0.141511
5777.5,1.415440,0.141642
5778.5,1.415333,0.141760
5779.5,1.415122,0.141863
5780.5,1.414807,0.141953
5781.5,1.414387,0.142027
5782.5,1.413861,0.142087
5783.5,1.413227,0.142132
5784.5,1.412486,0.142161
5785.5,1.411636,0.142174
5786.5,1.410679,0.142172
5787.5,1.409612,0.142153
5788.5,1.408437,0.142119
5789.5,1.407153,0.142068
5790.5,1.405761,0.142001
5791.5,1.404260,0.141917
5792.5,1.402652,0.141817
5793.5,1.400937,0.141701
5794.5,1.399115,0.141569
5795.5,1.397188,0.141420
5796.5,1.395157,0.141256
5797.5,1.393022,0.141076
5798.5,1.390786,0.140881
5799.5,1.388450,0.140671
5800.5,1.386014,0.140445
5801.5,1.383481,0.140205
5802.5,1.380853,0.139951
5803.5,1.378132,0.139683
5804.5,1.375319,0.139402
5805.5,1.372418,0.139108
5806.5,1.369429,0.138801
5807.5,1.366356,0.138482
5808.5,1.363202,0.138152
5809.5,1.359968,0.137811
5810.5,1.356657,0.137460
5811.5,1.353273,0.137098
5812.5,1.349819,0.136728
5813.5,1.346296,0.136349
5814.5,1.342709,0.135962
5815.5,1.339060,0.135567
5816.5,1.335353,0.135166
5817.5,1.331591,0.134759
5818.5,1.327777,0.134347
5819.5,1.323915,0.133930
5820.5,1.320007,0.133509
5821.5,1.316059,0.133085
5822.5,1.312072,0.132659
5823.5,1.308051,0.132230
5824.5,1.304000,0.131800
5825.5,1.299921,0.131370
5826.5,1.295818,0.130940
5827.5,1.291695,0.130510
5828.5,1.287556,0.130082
5829.5,1.283404,0.129656
5830.5,1.279242,0.129233
5831.5,1.275075,0.128813
5832.5,1.270905,0.128397
5833.5,1.266737,0.127985
5834.5,1.262574,0.127578
5835.5,1.258419,0.127177
5836.5,1.254275,0.126781
5837.5,1.250146,0.126392
5838.5,1.246036,0.126010
5839.5,1.241947,0.125635
5840.5,1.237883,0.125268
5841.5,1.233847,0.124909
5842.5,1.229842,0.124558
5843.5,1.225871,0.124216
5844.5,1.221936,0.123883
5845.5,1.218042,0.123560
5846.5,1.214189,0.123245
5847.5,1.210382,0.122940
5848.5,1.206622,0.122645
5849.5,1.202913,0.122360
5850.5,1.199256,0.122085
5851.5,1.195654,0.121820
5852.5,1.192109,0.121565
5853.5,1.188623,0.121320
5854.5,1.185198,0.121085
5855.5,1.181836,0.120860
5856.5,1.178540,0.120645
5857.5,1.175309,0.120441
5858.5,1.172147,0.120246
5859.5,1.169055,0.120060
5860.5,1.166034,0.119885
5861.5,1.163084,0.119718
5862.5,1.160209,0.119561
5863.5,1.157408,0.119413
5864.5,1.154682,0.119274
5865.5,1.152033,0.119144
5866.5,1.149461,0.119022
5867.5,1.146967,0.118909
5868.5,1.144550,0.118803
5869.5,1.142213,0.118705
5870.5,1.139955,0.118615
5871.5,1.137776,0.118532
5872.5,1.135677,0.118456
5873.5,1.133657,0.118388
5874.5,1.131717,0.118325
5875.5,1.129856,0.118269
5876.5,1.128075,0.118220
5877.5,1.126372,0.118176
5878.5,1.124748,0.118138
5879.5,1.123202,0.118105
5880.5,1.121733,0.118078
5881.5,1.120341,0.118056
5882.5,1.119025,0.118039
5883.5,1.117785,0.118026
5884.5,1.116619,0.118018
5885.5,1.115527,0.118014
5886.5,1.114508,0.118015
5887.5,1.113560,0.118019
5888.5,1.112682,0.118028
5889.5,1.111874,0.118040
5890.5,1.111134,0.118055
5891.5,1.110461,0.118074
5892.5,1.109854,0.118097
5893.5,1.109310,0.118123
5894.5,1.108830,0.118152
5895.5,1.108410,0.118183
5896.5,1.108051,0.118218
5897.5,1.107750,0.118256
5898.5,1.107506,0.118296
5899.5,1.107317,0.118339
5900.5,1.107181,0.118384
5901.5,1.107098,0.118432
5902.5,1.107065,0.118483
5903.5,1.107080,0.118535
5904.5,1.107143,0.118590
5905.5,1.107251,0.118647
5906.5,1.107402,0.118706
5907.5,1.107595,0.118767
5908.5,1.107828,0.118830
5909.5,1.108100,0.118895
5910.5,1.108408,0.118961
5911.5,1.108751,0.119030
5912.5,1.109127,0.119099
5913.5,1.109534,0.119171
5914.5,1.109971,0.119243
5915.5,1.110436,0.119317
5916.5,1.110927,0.119392
5917.5,1.111442,0.119469
5918.5,1.111981,0.119546
5919.5,1.112540,0.119624
5920.5,1.113119,0.119703
5921.5,1.113715,0.119782
5922.5,1.114328,0.119862
5923.5,1.114955,0.119943
5924.5,1.115595,0.120024
5925.5,1.116246,0.120105
5926.5,1.116907,0.120186
5927.5,1.117576,0.120267
5928.5,1.118252,0.120347
5929.5,1.118934,0.120428
5930.5,1.119619,0.120508
5931.5,1.120307,0.120587
5932.5,1.120996,0.120665
5933.5,1.121685,0.120743
5934.5,1.122372,0.120820
5935.5,1.123057,0.120895
5936.5,1.123738,0.120969
5937.5,1.124413,0.121042
5938.5,1.125083,0.121113
5939.5,1.125745,0.121182
5940.5,1.126398,0.121250
5941.5,1.127042,0.121316
5942.5,1.127675,0.121379
5943.5,1.128297,0.121441
5944.5,1.128907,0.121500
5945.5,1.129503,0.121557
5946.5,1.130086,0.121611
5947.5,1.130654,0.121663
5948.5,1.131206,0.121712
5949.5,1.131742,0.121759
5950.5,1.132261,0.121802
5951.5,1.132763,0.121843
5952.5,1.133247,0.121880
5953.5,1.133712,0.121915
5954.5,1.134159,0.121946
5955.5,1.134586,0.121974
5956.5,1.134994,0.121999
5957.5,1.135382,0.122021
5958.5,1.135749,0.122039
5959.5,1.136096,0.122054
5960.5,1.136422,0.122066
5961.5,1.136727,0.122074
5962.5,1.137012,0.122079
5963.5,1.137275,0.122081
5964.5,1.137518,0.122079
5965.5,1.137739,0.122074
5966.5,1.137940,0.122065
5967.5,1.138121,0.122053
5968.5,1.138280,0.122038
5969.5,1.138420,0.122019
5970.5,1.138539,0.121997
5971.5,1.138639,0.121972
5972.5,1.138719,0.121944
5973.5,1.138781,0.121913
5974.5,1.138824,0.121878
5975.5,1.138848,0.121841
5976.5,1.138855,0.121800
5977.5,1.138845,0.121757
5978.5,1.138819,0.121711
5979.5,1.138776,0.121662
5980.5,1.138719,0.121610
5981.5,1.138647,0.121556
5982.5,1.138561,0.121499
5983.5,1.138461,0.121440
5984.5,1.138350,0.121379
5985.5,1.138227,0.121315
5986.5,1.138093,0.121250
5987.5,1.137949,0.121182
5988.5,1.137796,0.121113
5989.5,1.137635,0.121041
5990.5,1.137467,0.120968
5991.5,1.137293,0.120894
5992.5,1.137113,0.120818
5993.5,1.136929,0.120741
5994.5,1.136742,0.120663
5995.5,1.136552,0.120583
5996.5,1.136361,0.120503
5997.5,1.136170,0.120422
5998.5,1.135980,0.120341
5999.5,1.135791,0.120258
6000.5,1.135606,0.120176
6001.5,1.135424,0.120093
6002.5,1.135248,0.120011
6003.5,1.135077,0.119928
6004.5,1.134914,0.119846
6005.5,1.134760,0.119764
6006.5,1.134615,0.119682
6007.5,1.134480,0.119601
6008.5,1.134357,0.119521
6009.5,1.134247,0.119442
6010.5,1.134151,0.119364
6011.5,1.134069,0.119287
6012.5,1.134003,0.119212
6013.5,1.133955,0.119138
6014.5,1.133924,0.119066
6015.5,1.133913,0.118996
6016.5,1.133921,0.118928
6017.5,1.133951,0.118862
6018.5,1.134002,0.118799
6019.5,1.134077,0.118738
6020.5,1.134175,0.118679
6021.5,1.134298,0.118623
6022.5,1.134447,0.118570
6023.5,1.134623,0.118520
6024.5,1.134826,0.118474
6025.5,1.135057,0.118430
6026.5,1.135317,0.118390
6027.5,1.135607,0.118353
6028.5,1.135927,0.118320
6029.5,1.136279,0.118291
6030.5,1.136663,0.118266
6031.5,1.137079,0.118244
6032.5,1.137529,0.118227
6033.5,1.138012,0.118213
6034.5,1.138530,0.118204
6035.5,1.139082,0.118200
6036.5,1.139670,0.118199
6037.5,1.140293,0.118203
6038.5,1.140953,0.118212
6039.5,1.141649,0.118225
6040.5,1.142382,0.118243
6041.5,1.143152,0.118265
6042.5,1.143960,0.118292
6043.5,1.144805,0.118324
6044.5,1.145688,0.118360
6045.5,1.146608,0.118402
6046.5,1.147567,0.118448
6047.5,1.148564,0.118499
6048.5,1.149599,0.118554
6049.5,1.150672,0.118614
6050.5,1.151783,0.118679
6051.5,1.152932,0.118749
6052.5,1.154119,0.118824
6053.5,1.155344,0.118902
6054.5,1.156606,0.118986
6055.5,1.157905,0.119074
6056.5,1.159241,0.119166
6057.5,1.160614,0.119263
6058.5,1.162023,0.119364
6059.5,1.163468,0.119470
6060.5,1.164948,0.119579
6061.5,1.166464,0.119693
6062.5,1.168013,0.119810
6063.5,1.169597,0.119931
6064.5,1.171214,0.120056
6065.5,1.172865,0.120185
6066.5,1.174547,0.120317
6067.5,1.176261,0.120452
6068.5,1.178005,0.120591
6069.5,1.179780,0.120733
6070.5,1.181585,0.120877
6071.5,1.183418,0.121025
6072.5,1.185279,0.121175
6073.5,1.187167,0.121328
6074.5,1.189081,0.121483
6075.5,1.191021,0.121640
6076.5,1.192985,0.121800
6077.5,1.194973,0.121961
6078.5,1.196983,0.122124
6079.5,1.199016,0.122289
6080.5,1.201069,0.122456
6081.5,1.203142,0.122623
6082.5,1.205234,0.122792
6083.5,1.207344,0.122962
6084.5,1.209470,0.123133
6085.5,1.211612,0.123305
6086.5,1.213770,0.123477
6087.5,1.215941,0.123649
6088.5,1.218124,0.123822
6089.5,1.220320,0.123995
6090.5,1.222525,0.124168
6091.5,1.224741,0.124341
6092.5,1.226964,0.124514
6093.5,1.229195,0.124686
6094.5,1.231433,0.124858
6095.5,1.233675,0.125029
6096.5,1.235922,0.125199
6097.5,1.238172,0.125369
6098.5,1.240423,0.125538
6099.5,1.242676,0.125705
6100.5,1.244928,0.125871
6101.5,1.247179,0.126037
6102.5,1.249428,0.126200
6103.5,1.251673,0.126363
6104.5,1.253914,0.126523
6105.5,1.256149,0.126682
6106.5,1.258378,0.126840
6107.5,1.260599,0.126996
6108.5,1.262811,0.127149
6109.5,1.265014,0.127302
6110.5,1.267206,0.127452
6111.5,1.269387,0.127600
6112.5,1.271556,0.127746
6113.5,1.273710,0.127890
6114.5,1.275851,0.128032
6115.5,1.277976,0.128172
6116.5,1.280084,0.128310
6117.5,1.282176,0.128445
6118.5,1.284250,0.128579
6119.5,1.286304,0.128710
6120.5,1.288339,0.128839
6121.5,1.290353,0.128966
6122.5,1.292346,0.129091
6123.5,1.294316,0.129213
6124.5,1.296264,0.129334
6125.5,1.298188,0.129452
6126.5,1.300087,0.129568
6127.5,1.301961,0.129682
6128.5,1.303809,0.129793
6129.5,1.305630,0.129903
6130.5,1.307424,0.130010
6131.5,1.309190,0.130115
6132.5,1.310928,0.130219
6133.5,1.312636,0.130320
6134.5,1.314315,0.130419
6135.5,1.315963,0.130516
6136.5,1.317580,0.130611
6137.5,1.319165,0.130704
6138.5,1.320719,0.130795
6139.5,1.322240,0.130884
6140.5,1.323728,0.130971
6141.5,1.325183,0.131056
6142.5,1.326604,0.131139
6143.5,1.327990,0.131221
6144.5,1.329342,0.131300
6145.5,1.330658,0.131378
6146.5,1.331940,0.131453
6147.5,1.333185,0.131527
6148.5,1.334394,0.131599
6149.5,1.335567,0.131669
6150.5,1.336703,0.131737
6151.5,1.337802,0.131803
6152.5,1.338864,0.131867
6153.5,1.339888,0.131929
6154.5,1.340875,0.131989
6155.5,1.341824,0.132047
6156.5,1.342734,0.132103
6157.5,1.343606,0.132158
6158.5,1.344440,0.132210
6159.5,1.345235,0.132260
6160.5,1.345991,0.132308
6161.5,1.346709,0.132353
6162.5,1.347387,0.132397
6163.5,1.348027,0.132438
6164.5,1.348628,0.132477
6165.5,1.349189,0.132514
6166.5,1.349711,0.132549
6167.5,1.350195,0.132581
6168.5,1.350639,0.132611
6169.5,1.351044,0.132638
6170.5,1.351409,0.132663
6171.5,1.351736,0.132685
6172.5,1.352024,0.132705
6173.5,1.352272,0.132722
6174.5,1.352482,0.132737
6175.5,1.352653,0.132749
6176.5,1.352786,0.132758
6177.5,1.352880,0.132765
6178.5,1.352935,0.132769
6179.5,1.352952,0.132770
6180.5,1.352931,0.132768
6181.5,1.352872,0.132764
6182.5,1.352775,0.132757
6183.5,1.352640,0.132747
6184.5,1.352468,0.132734
6185.5,1.352259,0.132719
6186.5,1.352012,0.132701
6187.5,1.351729,0.132680
6188.5,1.351409,0.132657
6189.5,1.351053,0.132630
6190.5,1.350661,0.132601
6191.5,1.350232,0.132570
6192.5,1.349769,0.132535
6193.5,1.349269,0.132498
6194.5,1.348735,0.132459
6195.5,1.348166,0.132417
6196.5,1.347562,0.132373
6197.5,1.346924,0.132326
6198.5,1.346253,0.132277
6199.5,1.345547,0.132225
6200.5,1.344809,0.132171
6201.5,1.344037,0.132115
6202.5,1.343233,0.132057
6203.5,1.342397,0.131997
6204.5,1.341529,0.131935
6205.5,1.340629,0.131871
6206.5,1.339698,0.131806
6207.5,1.338737,0.131738
6208.5,1.337744,0.131669
6209.5,1.336722,0.131598
6210.5,1.335670,0.131526
6211.5,1.334589,0.131452
6212.5,1.333479,0.131377
6213.5,1.332340,0.131300
6214.5,1.331173,0.131222
6215.5,1.329979,0.131143
6216.5,1.328757,0.131062
6217.5,1.327508,0.130981
6218.5,1.326233,0.130898
6219.5,1.324932,0.130815
6220.5,1.323606,0.130730
6221.5,1.322254,0.130645
6222.5,1.320878,0.130558
6223.5,1.319477,0.130471
6224.5,1.318053,0.130382
6225.5,1.316606,0.130293
6226.5,1.315136,0.130203
6227.5,1.313644,0.130112
6228.5,1.312130,0.130020
6229.5,1.310594,0.129928
6230.5,1.309039,0.129834
6231.5,1.307462,0.129740
6232.5,1.305867,0.129644
6233.5,1.304252,0.129548
6234.5,1.302618,0.129451
6235.5,1.300967,0.129352
6236.5,1.299298,0.129253
6237.5,1.297612,0.129152
6238.5,1.295909,0.129051
6239.5,1.294191,0.128948
6240.5,1.292458,0.128844
6241.5,1.290710,0.128738
6242.5,1.288949,0.128632
6243.5,1.287173,0.128523
6244.5,1.285385,0.128414
6245.5,1.283585,0.128303
6246.5,1.281774,0.128190
6247.5,1.279952,0.128075
6248.5,1.278119,0.127959
6249.5,1.276277,0.127841
6250.5,1.274426,0.127722
6251.5,1.272567,0.127600
6252.5,1.270700,0.127477
6253.5,1.268826,0.127351
6254.5,1.266946,0.127224
6255.5,1.265061,0.127095
6256.5,1.263171,0.126963
6257.5,1.261277,0.126830
6258.5,1.259379,0.126695
6259.5,1.257479,0.126557
6260.5,1.255577,0.126418
6261.5,1.253673,0.126277
6262.5,1.251769,0.126134
6263.5,1.249866,0.125988
6264.5,1.247962,0.125841
6265.5,1.246061,0.125693
6266.5,1.244162,0.125542
6267.5,1.242266,0.125390
6268.5,1.240374,0.125236
6269.5,1.238486,0.125081
6270.5,1.236603,0.124924
6271.5,1.234727,0.124766
6272.5,1.232856,0.124607
6273.5,1.230994,0.124446
6274.5,1.229139,0.124285
6275.5,1.227292,0.124124
6276.5,1.225455,0.123961
6277.5,1.223628,0.123799
6278.5,1.221811,0.123636
6279.5,1.220005,0.123472
6280.5,1.218212,0.123310
6281.5,1.216431,0.123147
6282.5,1.214662,0.122985
6283.5,1.212908,0.122823
6284.5,1.211167,0.122663
6285.5,1.209442,0.122504
6286.5,1.207731,0.122345
6287.5,1.206037,0.122189
6288.5,1.204358,0.122034
6289.5,1.202696,0.121881
6290.5,1.201051,0.121731
6291.5,1.199424,0.121583
6292.5,1.197815,0.121437
6293.5,1.196225,0.121294
6294.5,1.194653,0.121154
6295.5,1.193100,0.121017
6296.5,1.191567,0.120884
6297.5,1.190053,0.120754
6298.5,1.188559,0.120627
6299.5,1.187085,0.120505
6300.5,1.185632,0.120386
6301.5,1.184199,0.120272
6302.5,1.182787,0.120162
6303.5,1.181396,0.120056
6304.5,1.180026,0.119954
6305.5,1.178677,0.119857
6306.5,1.177349,0.119765
6307.5,1.176042,0.119677
6308.5,1.174756,0.119594
6309.5,1.173491,0.119516
6310.5,1.172247,0.119443
6311.5,1.171024,0.119374
6312.5,1.169822,0.119310
6313.5,1.168641,0.119251
6314.5,1.167480,0.119197
6315.5,1.166339,0.119147
6316.5,1.165218,0.119101
6317.5,1.164117,0.119061
6318.5,1.163036,0.119024
6319.5,1.161974,0.118992
6320.5,1.160931,0.118964
6321.5,1.159907,0.118940
6322.5,1.158901,0.118920
6323.5,1.157912,0.118904
6324.5,1.156942,0.118891
6325.5,1.155989,0.118882
6326.5,1.155052,0.118875
6327.5,1.154132,0.118872
6328.5,1.153227,0.118872
6329.5,1.152338,0.118874
6330.5,1.151464,0.118878
6331.5,1.150605,0.118885
6332.5,1.149760,0.118893
6333.5,1.148928,0.118904
6334.5,1.148109,0.118915
6335.5,1.147303,0.118928
6336.5,1.146508,0.118942
6337.5,1.145726,0.118957
6338.5,1.144954,0.118972
6339.5,1.144194,0.118988
6340.5,1.143443,0.119003
6341.5,1.142702,0.119018
6342.5,1.141970,0.119033
6343.5,1.141247,0.119048
6344.5,1.140532,0.119061
6345.5,1.139824,0.119074
6346.5,1.139124,0.119085
6347.5,1.138431,0.119095
6348.5,1.137745,0.119104
6349.5,1.137065,0.119110
6350.5,1.136390,0.119115
6351.5,1.135721,0.119118
6352.5,1.135057,0.119118
6353.5,1.134398,0.119116
6354.5,1.133743,0.119111
6355.5,1.133092,0.119104
6356.5,1.132446,0.119094
6357.5,1.131803,0.119081
6358.5,1.131163,0.119065
6359.5,1.130527,0.119047
6360.5,1.129895,0.119025
6361.5,1.129265,0.119000
6362.5,1.128639,0.118972
6363.5,1.128015,0.118941
6364.5,1.127395,0.118906
6365.5,1.126777,0.118868
6366.5,1.126163,0.118827
6367.5,1.125551,0.118783
6368.5,1.124943,0.118735
6369.5,1.124339,0.118685
6370.5,1.123738,0.118631
6371.5,1.123140,0.118574
6372.5,1.122547,0.118514
6373.5,1.121957,0.118451
6374.5,1.121373,0.118386
6375.5,1.120793,0.118317
6376.5,1.120218,0.118246
6377.5,1.119649,0.118172
6378.5,1.119085,0.118095
6379.5,1.118528,0.118017
6380.5,1.117978,0.117935
6381.5,1.117435,0.117852
6382.5,1.116901,0.117767
6383.5,1.116374,0.117680
6384.5,1.115857,0.117591
6385.5,1.115349,0.117501
6386.5,1.114852,0.117409
6387.5,1.114365,0.117316
6388.5,1.113890,0.117221
6389.5,1.113427,0.117126
6390.5,1.112977,0.117030
6391.5,1.112541,0.116934
6392.5,1.112119,0.116837
6393.5,1.111712,0.116740
6394.5,1.111321,0.116643
6395.5,1.110946,0.116546
6396.5,1.110589,0.116449
6397.5,1.110251,0.116352
6398.5,1.109931,0.116257
6399.5,1.109631,0.116162
6400.5,1.109351,0.116068
6401.5,1.109093,0.115976
6402.5,1.108858,0.115884
6403.5,1.108645,0.115795
6404.5,1.108456,0.115707
6405.5,1.108291,0.115621
6406.5,1.108153,0.115537
6407.5,1.108040,0.115456
6408.5,1.107954,0.115376
6409.5,1.107897,0.115300
6410.5,1.107868,0.115226
6411.5,1.107868,0.115155
6412.5,1.107898,0.115087
6413.5,1.107959,0.115023
6414.5,1.108051,0.114962
6415.5,1.108176,0.114904
6416.5,1.108333,0.114850
6417.5,1.108524,0.114800
6418.5,1.108749,0.114754
6419.5,1.109009,0.114712
6420.5,1.109304,0.114674
6421.5,1.109635,0.114641
6422.5,1.110002,0.114612
6423.5,1.110406,0.114587
6424.5,1.110847,0.114567
6425.5,1.111326,0.114552
6426.5,1.111843,0.114541
6427.5,1.112399,0.114535
6428.5,1.112993,0.114535
6429.5,1.113626,0.114539
6430.5,1.114299,0.114548
6431.5,1.115011,0.114563
6432.5,1.115763,0.114582
6433.5,1.116554,0.114607
6434.5,1.117386,0.114636
6435.5,1.118258,0.114671
6436.5,1.119169,0.114712
6437.5,1.120121,0.114757
6438.5,1.121113,0.114808
6439.5,1.122145,0.114863
6440.5,1.123216,0.114924
6441.5,1.124327,0.114990
6442.5,1.125477,0.115061
6443.5,1.126667,0.115137
6444.5,1.127895,0.115219
6445.5,1.129161,0.115305
6446.5,1.130466,0.115395
6447.5,1.131808,0.115491
6448.5,1.133187,0.115591
6449.5,1.134603,0.115696
6450.5,1.136054,0.115806
6451.5,1.137542,0.115920
6452.5,1.139064,0.116038
6453.5,1.140620,0.116160
6454.5,1.142209,0.116287
6455.5,1.143832,0.116417
6456.5,1.145486,0.116551
6457.5,1.147171,0.116689
6458.5,1.148886,0.116830
6459.5,1.150631,0.116975
6460.5,1.152403,0.117124
6461.5,1.154203,0.117275
6462.5,1.156030,0.117429
6463.5,1.157881,0.117586
6464.5,1.159757,0.117746
6465.5,1.161655,0.117909
6466.5,1.163576,0.118074
6467.5,1.165517,0.118241
6468.5,1.167478,0.118410
6469.5,1.169456,0.118581
6470.5,1.171452,0.118754
6471.5,1.173463,0.118928
6472.5,1.175489,0.119104
6473.5,1.177528,0.119282
6474.5,1.179578,0.119460
6475.5,1.181638,0.119640
6476.5,1.183707,0.119820
6477.5,1.185784,0.120002
6478.5,1.187866,0.120184
6479.5,1.189953,0.120366
6480.5,1.192043,0.120549
6481.5,1.194134,0.120731
6482.5,1.196225,0.120914
6483.5,1.198314,0.121097
6484.5,1.200400,0.121280
6485.5,1.202482,0.121462
6486.5,1.204556,0.121644
6487.5,1.206623,0.121825
6488.5,1.208681,0.122006
6489.5,1.210727,0.122186
6490.5,1.212761,0.122365
6491.5,1.214780,0.122543
6492.5,1.216784,0.122720
6493.5,1.218770,0.122896
6494.5,1.220736,0.123070
6495.5,1.222683,0.123243
6496.5,1.224606,0.123415
6497.5,1.226506,0.123585
6498.5,1.228381,0.123753
6499.5,1.230228,0.123920
6500.5,1.232046,0.124085
6501.5,1.233835,0.124248
6502.5,1.235592,0.124409
6503.5,1.237315,0.124568
6504.5,1.239004,0.124724
6505.5,1.240656,0.124879
6506.5,1.242271,0.125031
6507.5,1.243846,0.125181
6508.5,1.245381,0.125328
6509.5,1.246873,0.125473
6510.5,1.248322,0.125615
6511.5,1.249726,0.125755
6512.5,1.251083,0.125892
6513.5,1.252393,0.126026
6514.5,1.253655,0.126157
6515.5,1.254865,0.126285
6516.5,1.256025,0.126410
6517.5,1.257131,0.126532
6518.5,1.258184,0.126650
6519.5,1.259182,0.126765
6520.5,1.260124,0.126877
6521.5,1.261008,0.126986
6522.5,1.261834,0.127090
6523.5,1.262601,0.127191
6524.5,1.263307,0.127289
6525.5,1.263953,0.127382
6526.5,1.264536,0.127472
6527.5,1.265056,0.127557
6528.5,1.265513,0.127638
6529.5,1.265905,0.127715
6530.5,1.266232,0.127788
6531.5,1.266493,0.127856
6532.5,1.266688,0.127920
6533.5,1.266815,0.127979
6534.5,1.266875,0.128034
6535.5,1.266868,0.128083
6536.5,1.266791,0.128127
6537.5,1.266646,0.128167
6538.5,1.266432,0.128201
6539.5,1.266149,0.128230
6540.5,1.265796,0.128253
6541.5,1.265373,0.128271
6542.5,1.264881,0.128284
6543.5,1.264318,0.128290
6544.5,1.263686,0.128291
6545.5,1.262985,0.128286
6546.5,1.262213,0.128275
6547.5,1.261373,0.128258
6548.5,1.260463,0.128234
6549.5,1.259484,0.128205
6550.5,1.258437,0.128169
6551.5,1.257322,0.128126
6552.5,1.256139,0.128077
6553.5,1.254889,0.128021
6554.5,1.253572,0.127959
6555.5,1.252190,0.127890
6556.5,1.250743,0.127814
6557.5,1.249231,0.127731
6558.5,1.247656,0.127642
6559.5,1.246018,0.127545
6560.5,1.244319,0.127442
6561.5,1.242559,0.127331
6562.5,1.240739,0.127214
6563.5,1.238860,0.127089
6564.5,1.236924,0.126958
6565.5,1.234932,0.126819
6566.5,1.232885,0.126674
6567.5,1.230784,0.126522
6568.5,1.228631,0.126362
6569.5,1.226426,0.126196
6570.5,1.224172,0.126023
6571.5,1.221870,0.125844
6572.5,1.219522,0.125657
6573.5,1.217128,0.125465
6574.5,1.214691,0.125265
6575.5,1.212212,0.125060
6576.5,1.209693,0.124848
6577.5,1.207135,0.124630
6578.5,1.204541,0.124407
6579.5,1.201912,0.124177
6580.5,1.199250,0.123942
6581.5,1.196556,0.123702
6582.5,1.193833,0.123456
6583.5,1.191083,0.123205
6584.5,1.188307,0.122950
6585.5,1.185506,0.122690
6586.5,1.182685,0.122426
6587.5,1.179843,0.122157
6588.5,1.176983,0.121885
6589.5,1.174107,0.121609
6590.5,1.171218,0.121330
6591.5,1.168316,0.121049
6592.5,1.165404,0.120764
6593.5,1.162484,0.120477
6594.5,1.159558,0.120188
6595.5,1.156627,0.119897
6596.5,1.153695,0.119604
6597.5,1.150762,0.119311
6598.5,1.147831,0.119017
6599.5,1.144903,0.118722
6600.5,1.141981,0.118427
6601.5,1.139066,0.118133
6602.5,1.136161,0.117839
6603.5,1.133267,0.117546
6604.5,1.130385,0.117254
6605.5,1.127518,0.116964
6606.5,1.124668,0.116676
6607.5,1.121836,0.116391
6608.5,1.119024,0.116108
6609.5,1.116233,0.115828
6610.5,1.113465,0.115552
6611.5,1.110722,0.115279
6612.5,1.108005,0.115010
6613.5,1.105316,0.114746
6614.5,1.102657,0.114487
6615.5,1.100027,0.114232
6616.5,1.097430,0.113983
6617.5,1.094866,0.113740
6618.5,1.092336,0.113502
6619.5,1.089842,0.113271
6620.5,1.087384,0.113046
6621.5,1.084964,0.112828
6622.5,1.082583,0.112617
6623.5,1.080242,0.112413
6624.5,1.077941,0.112216
6625.5,1.075682,0.112027
6626.5,1.073465,0.111846
6627.5,1.071291,0.111672
6628.5,1.069161,0.111507
6629.5,1.067075,0.111350
6630.5,1.065033,0.111201
6631.5,1.063036,0.111060
6632.5,1.061085,0.110928
6633.5,1.059180,0.110805
6634.5,1.057321,0.110690
6635.5,1.055508,0.110584
6636.5,1.053741,0.110486
6637.5,1.052021,0.110397
6638.5,1.050347,0.110317
6639.5,1.048720,0.110245
6640.5,1.047138,0.110182
6641.5,1.045603,0.110127
6642.5,1.044114,0.110080
6643.5,1.042670,0.110042
6644.5,1.041271,0.110012
6645.5,1.039917,0.109990
6646.5,1.038606,0.109976
6647.5,1.037340,0.109970
6648.5,1.036116,0.109971
6649.5,1.034935,0.109980
6650.5,1.033795,0.109995
6651.5,1.032696,0.110018
6652.5,1.031637,0.110048
6653.5,1.030617,0.110084
6654.5,1.029636,0.110127
6655.5,1.028692,0.110176
6656.5,1.027784,0.110230
6657.5,1.026911,0.110290
6658.5,1.026072,0.110356
6659.5,1.025267,0.110427
6660.5,1.024493,0.110502
6661.5,1.023750,0.110583
6662.5,1.023036,0.110667
6663.5,1.022351,0.110756
6664.5,1.021692,0.110848
6665.5,1.021060,0.110944
6666.5,1.020451,0.111043
6667.5,1.019866,0.111145
6668.5,1.019302,0.111250
6669.5,1.018758,0.111357
6670.5,1.018233,0.111466
6671.5,1.017725,0.111577
6672.5,1.017234,0.111689
6673.5,1.016757,0.111803
6674.5,1.016293,0.111918
6675.5,1.015841,0.112034
6676.5,1.015399,0.112150
6677.5,1.014965,0.112266
6678.5,1.014540,0.112383
6679.5,1.014120,0.112499
6680.5,1.013705,0.112614
6681.5,1.013293,0.112729
6682.5,1.012882,0.112843
6683.5,1.012472,0.112956
6684.5,1.012061,0.113067
6685.5,1.011647,0.113176
6686.5,1.011230,0.113284
6687.5,1.010808,0.113389
6688.5,1.010379,0.113492
6689.5,1.009943,0.113593
6690.5,1.009498,0.113690
6691.5,1.009043,0.113785
6692.5,1.008577,0.113877
6693.5,1.008098,0.113965
6694.5,1.007606,0.114050
6695.5,1.007100,0.114131
6696.5,1.006578,0.114208
6697.5,1.006039,0.114281
6698.5,1.005482,0.114350
6699.5,1.004907,0.114415
6700.5,1.004313,0.114475
6701.5,1.003698,0.114531
6702.5,1.003063,0.114582
6703.5,1.002405,0.114628
6704.5,1.001725,0.114669
6705.5,1.001022,0.114705
6706.5,1.000295,0.114736
6707.5,0.999543,0.114761
6708.5,0.998767,0.114781
6709.5,0.997964,0.114796
6710.5,0.997137,0.114805
6711.5,0.996283,0.114808
6712.5,0.995402,0.114805
6713.5,0.994494,0.114796
6714.5,0.993560,0.114782
6715.5,0.992597,0.114762
6716.5,0.991608,0.114735
6717.5,0.990591,0.114703
6718.5,0.989546,0.114664
6719.5,0.988473,0.114620
6720.5,0.987373,0.114569
6721.5,0.986246,0.114512
6722.5,0.985091,0.114448
6723.5,0.983909,0.114379
6724.5,0.982700,0.114304
6725.5,0.981465,0.114222
6726.5,0.980203,0.114134
6727.5,0.978916,0.114040
6728.5,0.977603,0.113940
6729.5,0.976265,0.113834
6730.5,0.974903,0.113722
6731.5,0.973517,0.113604
6732.5,0.972108,0.113480
6733.5,0.970677,0.113350
6734.5,0.969223,0.113214
6735.5,0.967748,0.113073
6736.5,0.966253,0.112926
6737.5,0.964739,0.112774
6738.5,0.963205,0.112617
6739.5,0.961654,0.112454
6740.5,0.960085,0.112286
6741.5,0.958501,0.112113
6742.5,0.956902,0.111935
6743.5,0.955289,0.111752
6744.5,0.953663,0.111565
6745.5,0.952025,0.111373
6746.5,0.950376,0.111177
6747.5,0.948717,0.110977
6748.5,0.947050,0.110773
6749.5,0.945376,0.110565
6750.5,0.943695,0.110354
6751.5,0.942009,0.110139
6752.5,0.940320,0.109921
6753.5,0.938628,0.109700
6754.5,0.936935,0.109476
6755.5,0.935241,0.109250
6756.5,0.933549,0.109021
6757.5,0.931859,0.108790
6758.5,0.930173,0.108558
6759.5,0.928492,0.108323
6760.5,0.926818,0.108087
6761.5,0.925151,0.107850
6762.5,0.923494,0.107612
6763.5,0.921846,0.107373
6764.5,0.920211,0.107133
6765.5,0.918588,0.106894
6766.5,0.916980,0.106654
6767.5,0.915387,0.106415
6768.5,0.913811,0.106176
6769.5,0.912253,0.105937
6770.5,0.910715,0.105700
6771.5,0.909197,0.105464
6772.5,0.907701,0.105230
6773.5,0.906228,0.104997
6774.5,0.904780,0.104766
6775.5,0.903358,0.104538
6776.5,0.901962,0.104312
6777.5,0.900594,0.104089
6778.5,0.899255,0.103868
6779.5,0.897947,0.103651
6780.5,0.896669,0.103438
6781.5,0.895425,0.103228
6782.5,0.894213,0.103022
6783.5,0.893037,0.102820
6784.5,0.891895,0.102623
6785.5,0.890791,0.102430
6786.5,0.889723,0.102243
6787.5,0.888694,0.102060
6788.5,0.887704,0.101882
6789.5,0.886754,0.101710
6790.5,0.885846,0.101543
6791.5,0.884978,0.101382
6792.5,0.884154,0.101228
6793.5,0.883372,0.101079
6794.5,0.882634,0.100936
6795.5,0.881940,0.100800
6796.5,0.881292,0.100671
6797.5,0.880689,0.100548
6798.5,0.880132,0.100432
6799.5,0.879622,0.100323
6800.5,0.879159,0.100220
6801.5,0.878743,0.100125
6802.5,0.878375,0.100037
6803.5,0.878055,0.099957
6804.5,0.877784,0.099883
6805.5,0.877561,0.099817
6806.5,0.877387,0.099758
6807.5,0.877262,0.099707
6808.5,0.877187,0.099663
6809.5,0.877160,0.099627
6810.5,0.877183,0.099598
6811.5,0.877255,0.099576
6812.5,0.877377,0.099562
6813.5,0.877547,0.099555
6814.5,0.877767,0.099555
6815.5,0.878036,0.099562
6816.5,0.878353,0.099577
6817.5,0.878718,0.099599
6818.5,0.879132,0.099627
6819.5,0.879594,0.099663
6820.5,0.880103,0.099705
6821.5,0.880659,0.099754
6822.5,0.881262,0.099809
6823.5,0.881911,0.099871
6824.5,0.882606,0.099939
6825.5,0.883345,0.100013
6826.5,0.884130,0.100093
6827.5,0.884959,0.100179
6828.5,0.885831,0.100270
6829.5,0.886745,0.100367
6830.5,0.887702,0.100469
6831.5,0.888700,0.100576
6832.5,0.889738,0.100688
6833.5,0.890817,0.100805
6834.5,0.891934,0.100926
6835.5,0.893089,0.101052
6836.5,0.894282,0.101182
6837.5,0.895511,0.101315
6838.5,0.896775,0.101453
6839.5,0.898074,0.101594
6840.5,0.899406,0.101738
6841.5,0.900771,0.101886
6842.5,0.902168,0.102036
6843.5,0.903595,0.102189
6844.5,0.905052,0.102345
6845.5,0.906537,0.102503
6846.5,0.908050,0.102664
6847.5,0.909590,0.102826
6848.5,0.911154,0.102990
6849.5,0.912743,0.103156
6850.5,0.914355,0.103323
6851.5,0.915989,0.103492
6852.5,0.917644,0.103662
6853.5,0.919319,0.103832
6854.5,0.921013,0.104004
6855.5,0.922724,0.104176
6856.5,0.924451,0.104349
6857.5,0.926194,0.104522
6858.5,0.927951,0.104695
6859.5,0.929721,0.104868
6860.5,0.931502,0.105041
6861.5,0.933295,0.105214
6862.5,0.935097,0.105387
6863.5,0.936907,0.105559
6864.5,0.938725,0.105731
6865.5,0.940549,0.105902
6866.5,0.942379,0.106072
6867.5,0.944212,0.106241
6868.5,0.946049,0.106410
6869.5,0.947887,0.106577
6870.5,0.949727,0.106743
6871.5,0.951566,0.106908
6872.5,0.953404,0.107072
6873.5,0.955240,0.107235
6874.5,0.957073,0.107395
6875.5,0.958901,0.107555
6876.5,0.960725,0.107713
6877.5,0.962542,0.107869
6878.5,0.964353,0.108023
6879.5,0.966156,0.108176
6880.5,0.967949,0.108327
6881.5,0.969734,0.108476
6882.5,0.971508,0.108623
6883.5,0.973270,0.108767
6884.5,0.975021,0.108910
6885.5,0.976759,0.109051
6886.5,0.978483,0.109190
6887.5,0.980193,0.109326
6888.5,0.981888,0.109460
6889.5,0.983568,0.109592
6890.5,0.985232,0.109721
6891.5,0.986879,0.109848
6892.5,0.988508,0.109973
6893.5,0.990119,0.110095
6894.5,0.991713,0.110214
6895.5,0.993287,0.110331
6896.5,0.994842,0.110445
6897.5,0.996377,0.110556
6898.5,0.997892,0.110665
6899.5,0.999387,0.110770
6900.5,1.000861,0.110873
6901.5,1.002314,0.110973
6902.5,1.003745,0.111070
6903.5,1.005155,0.111164
6904.5,1.006543,0.111255
6905.5,1.007909,0.111343
6906.5,1.009253,0.111428
6907.5,1.010575,0.111510
6908.5,1.011874,0.111588
6909.5,1.013151,0.111663
6910.5,1.014405,0.111735
6911.5,1.015638,0.111804
6912.5,1.016847,0.111869
6913.5,1.018035,0.111931
6914.5,1.019200,0.111990
6915.5,1.020344,0.112045
6916.5,1.021465,0.112097
6917.5,1.022565,0.112145
6918.5,1.023643,0.112190
6919.5,1.024700,0.112232
6920.5,1.025736,0.112270
6921.5,1.026751,0.112305
6922.5,1.027745,0.112337
6923.5,1.028720,0.112365
6924.5,1.029675,0.112390
6925.5,1.030610,0.112411
6926.5,1.031527,0.112430
6927.5,1.032425,0.112445
6928.5,1.033305,0.112457
6929.5,1.034168,0.112466
6930.5,1.035013,0.112472
6931.5,1.035841,0.112475
6932.5,1.036654,0.112476
6933.5,1.037451,0.112473
6934.5,1.038232,0.112468
6935.5,1.038999,0.112461
6936.5,1.039753,0.112451
6937.5,1.040493,0.112438
6938.5,1.041220,0.112424
6939.5,1.041935,0.112407
6940.5,1.042638,0.112389
6941.5,1.043331,0.112368
6942.5,1.044013,0.112347
6943.5,1.044685,0.112323
6944.5,1.045349,0.112298
6945.5,1.046004,0.112273
6946.5,1.046651,0.112246
6947.5,1.047291,0.112218
6948.5,1.047924,0.112189
6949.5,1.048552,0.112161
6950.5,1.049174,0.112131
6951.5,1.049792,0.112102
6952.5,1.050405,0.112073
6953.5,1.051015,0.112044
6954.5,1.051622,0.112015
6955.5,1.052227,0.111987
6956.5,1.052831,0.111960
6957.5,1.053433,0.111933
6958.5,1.054035,0.111908
6959.5,1.054637,0.111884
6960.5,1.055239,0.111861
6961.5,1.055843,0.111841
6962.5,1.056448,0.111821
6963.5,1.057055,0.111804
6964.5,1.057665,0.111789
6965.5,1.058278,0.111776
6966.5,1.058894,0.111766
6967.5,1.059514,0.111758
6968.5,1.060139,0.111753
6969.5,1.060768,0.111750
6970.5,1.061402,0.111750
6971.5,1.062041,0.111753
6972.5,1.062687,0.111760
6973.5,1.063338,0.111769
6974.5,1.063995,0.111781
6975.5,1.064659,0.111797
6976.5,1.065329,0.111816
6977.5,1.066007,0.111839
6978.5,1.066691,0.111864
6979.5,1.067382,0.111893
6980.5,1.068081,0.111926
6981.5,1.068787,0.111962
6982.5,1.069501,0.112001
6983.5,1.070222,0.112044
6984.5,1.070951,0.112090
6985.5,1.071687,0.112139
6986.5,1.072430,0.112191
6987.5,1.073181,0.112247
6988.5,1.073939,0.112306
6989.5,1.074704,0.112367
6990.5,1.075477,0.112432
6991.5,1.076256,0.112499
6992.5,1.077042,0.112569
6993.5,1.077834,0.112642
6994.5,1.078633,0.112717
6995.5,1.079437,0.112795
6996.5,1.080248,0.112874
6997.5,1.081063,0.112956
6998.5,1.081884,0.113040
6999.5,1.082709,0.113125
7000.5,1.083539,0.113212
7001.5,1.084372,0.113301
7002.5,1.085209,0.113391
7003.5,1.086050,0.113482
7004.5,1.086892,0.113574
7005.5,1.087737,0.113667
7006.5,1.088584,0.113760
7007.5,1.089432,0.113854
7008.5,1.090280,0.113948
7009.5,1.091129,0.114043
7010.5,1.091977,0.114137
7011.5,1.092825,0.114232
7012.5,1.093671,0.114326
7013.5,1.094514,0.114419
7014.5,1.095356,0.114512
7015.5,1.096193,0.114605
7016.5,1.097027,0.114696
7017.5,1.097857,0.114786
7018.5,1.098682,0.114875
7019.5,1.099500,0.114963
7020.5,1.100313,0.115049
7021.5,1.101118,0.115134
7022.5,1.101916,0.115217
7023.5,1.102705,0.115298
7024.5,1.103486,0.115378
7025.5,1.104257,0.115455
7026.5,1.105017,0.115530
7027.5,1.105767,0.115604
7028.5,1.106506,0.115675
7029.5,1.107232,0.115743
7030.5,1.107945,0.115810
7031.5,1.108646,0.115874
7032.5,1.109332,0.115935
7033.5,1.110003,0.115994
7034.5,1.110659,0.116050
7035.5,1.111299,0.116104
7036.5,1.111922,0.116155
7037.5,1.112529,0.116204
7038.5,1.113117,0.116250
7039.5,1.113688,0.116293
7040.5,1.114239,0.116334
7041.5,1.114771,0.116372
7042.5,1.115283,0.116407
7043.5,1.115774,0.116439
7044.5,1.116244,0.116469
7045.5,1.116692,0.116497
7046.5,1.117118,0.116522
7047.5,1.117521,0.116544
7048.5,1.117901,0.116564
7049.5,1.118257,0.116581
7050.5,1.118589,0.116596
7051.5,1.118897,0.116608
7052.5,1.119179,0.116618
7053.5,1.119436,0.116625
7054.5,1.119666,0.116631
7055.5,1.119870,0.116634
7056.5,1.120048,0.116635
7057.5,1.120198,0.116634
7058.5,1.120321,0.116630
7059.5,1.120415,0.116625
7060.5,1.120482,0.116617
7061.5,1.120520,0.116608
7062.5,1.120529,0.116597
7063.5,1.120508,0.116584
7064.5,1.120459,0.116569
7065.5,1.120379,0.116552
7066.5,1.120269,0.116534
7067.5,1.120130,0.116514
7068.5,1.119959,0.116492
7069.5,1.119758,0.116469
7070.5,1.119526,0.116444
7071.5,1.119263,0.116417
7072.5,1.118969,0.116390
7073.5,1.118643,0.116360
7074.5,1.118286,0.116329
7075.5,1.117897,0.116297
7076.5,1.117476,0.116263
7077.5,1.117024,0.116228
7078.5,1.116539,0.116192
7079.5,1.116022,0.116154
7080.5,1.115474,0.116115
7081.5,1.114893,0.116074
7082.5,1.114280,0.116032
7083.5,1.113635,0.115989
7084.5,1.112958,0.115945
7085.5,1.112249,0.115899
7086.5,1.111508,0.115851
7087.5,1.110735,0.115802
7088.5,1.109930,0.115752
7089.5,1.109093,0.115700
7090.5,1.108225,0.115647
7091.5,1.107325,0.115593
7092.5,1.106393,0.115537
7093.5,1.105431,0.115479
7094.5,1.104437,0.115419
7095.5,1.103412,0.115359
7096.5,1.102357,0.115296
7097.5,1.101271,0.115232
7098.5,1.100155,0.115165
7099.5,1.099009,0.115098
7100.5,1.097833,0.115028
7101.5,1.096628,0.114956
7102.5,1.095393,0.114883
7103.5,1.094130,0.114807
7104.5,1.092838,0.114730
7105.5,1.091518,0.114650
7106.5,1.090171,0.114568
7107.5,1.088795,0.114485
7108.5,1.087393,0.114399
7109.5,1.085964,0.114310
7110.5,1.084509,0.114220
7111.5,1.083029,0.114127
7112.5,1.081523,0.114032
7113.5,1.079992,0.113934
7114.5,1.078437,0.113834
7115.5,1.076858,0.113731
7116.5,1.075256,0.113626
7117.5,1.073631,0.113519
7118.5,1.071984,0.113408
7119.5,1.070315,0.113296
7120.5,1.068626,0.113180
7121.5,1.066916,0.113063
7122.5,1.065186,0.112942
7123.5,1.063437,0.112819
7124.5,1.061669,0.112693
7125.5,1.059884,0.112565
7126.5,1.058081,0.112434
7127.5,1.056262,0.112301
7128.5,1.054428,0.112165
7129.5,1.052578,0.112026
7130.5,1.050714,0.111885
7131.5,1.048836,0.111741
7132.5,1.046945,0.111595
7133.5,1.045043,0.111447
7134.5,1.043129,0.111296
7135.5,1.041205,0.111143
7136.5,1.039270,0.110988
7137.5,1.037327,0.110831
7138.5,1.035376,0.110671
7139.5,1.033418,0.110510
7140.5,1.031453,0.110346
7141.5,1.029482,0.110181
7142.5,1.027507,0.110014
7143.5,1.025528,0.109846
7144.5,1.023546,0.109675
7145.5,1.021561,0.109504
7146.5,1.019576,0.109331
7147.5,1.017589,0.109157
7148.5,1.015604,0.108982
7149.5,1.013619,0.108806
7150.5,1.011637,0.108629
7151.5,1.009657,0.108451
7152.5,1.007682,0.108273
7153.5,1.005711,0.108094
7154.5,1.003746,0.107915
7155.5,1.001788,0.107736
7156.5,0.999836,0.107557
7157.5,0.997894,0.107378
7158.5,0.995960,0.107200
7159.5,0.994036,0.107022
7160.5,0.992123,0.106844
7161.5,0.990221,0.106668
7162.5,0.988332,0.106492
7163.5,0.986456,0.106317
7164.5,0.984594,0.106144
7165.5,0.982747,0.105972
7166.5,0.980916,0.105801
7167.5,0.979101,0.105632
7168.5,0.977303,0.105465
7169.5,0.975523,0.105300
7170.5,0.973761,0.105137
7171.5,0.972019,0.104977
7172.5,0.970297,0.104819
7173.5,0.968595,0.104663
7174.5,0.966915,0.104510
7175.5,0.965257,0.104360
7176.5,0.963621,0.104212
7177.5,0.962009,0.104068
7178.5,0.960420,0.103927
7179.5,0.958855,0.103789
7180.5,0.957316,0.103655
7181.5,0.955801,0.103524
7182.5,0.954313,0.103396
7183.5,0.952851,0.103273
7184.5,0.951415,0.103153
7185.5,0.950007,0.103037
7186.5,0.948626,0.102924
7187.5,0.947273,0.102816
7188.5,0.945948,0.102712
7189.5,0.944652,0.102611
7190.5,0.943385,0.102515
7191.5,0.942146,0.102423
7192.5,0.940937,0.102335
7193.5,0.939758,0.102252
7194.5,0.938608,0.102173
7195.5,0.937487,0.102098
7196.5,0.936397,0.102027
7197.5,0.935337,0.101960
7198.5,0.934306,0.101898
7199.5,0.933306,0.101840
7200.5,0.932336,0.101786
7201.5,0.931396,0.101737
7202.5,0.930485,0.101691
7203.5,0.929605,0.101650
7204.5,0.928755,0.101613
7205.5,0.927934,0.101580
7206.5,0.927143,0.101552
7207.5,0.926381,0.101527
7208.5,0.925648,0.101506
7209.5,0.924944,0.101489
7210.5,0.924268,0.101476
7211.5,0.923621,0.101466
7212.5,0.923001,0.101461
7213.5,0.922409,0.101459
7214.5,0.921845,0.101460
7215.5,0.921307,0.101465
7216.5,0.920796,0.101474
7217.5,0.920310,0.101485
7218.5,0.919850,0.101500
7219.5,0.919415,0.101518
7220.5,0.919005,0.101539
7221.5,0.918618,0.101563
7222.5,0.918255,0.101590
7223.5,0.917915,0.101619
7224.5,0.917597,0.101652
7225.5,0.917300,0.101686
7226.5,0.917025,0.101723
7227.5,0.916770,0.101763
7228.5,0.916535,0.101805
7229.5,0.916319,0.101848
7230.5,0.916121,0.101894
7231.5,0.915942,0.101942
7232.5,0.915779,0.101991
7233.5,0.915633,0.102042
7234.5,0.915503,0.102095
7235.5,0.915387,0.102149
7236.5,0.915286,0.102205
7237.5,0.915198,0.102261
7238.5,0.915123,0.102319
7239.5,0.915060,0.102378
7240.5,0.915009,0.102437
7241.5,0.914968,0.102497
7242.5,0.914937,0.102558
7243.5,0.914915,0.102620
7244.5,0.914901,0.102681
7245.5,0.914896,0.102743
7246.5,0.914897,0.102806
7247.5,0.914904,0.102868
7248.5,0.914917,0.102930
7249.5,0.914935,0.102992
7250.5,0.914957,0.103054
7251.5,0.914982,0.103115
7252.5,0.915010,0.103176
7253.5,0.915040,0.103235
7254.5,0.915072,0.103295
7255.5,0.915104,0.103353
7256.5,0.915137,0.103410
7257.5,0.915169,0.103467
7258.5,0.915200,0.103522
7259.5,0.915230,0.103575
7260.5,0.915257,0.103627
7261.5,0.915282,0.103678
7262.5,0.915303,0.103727
7263.5,0.915321,0.103774
7264.5,0.915334,0.103820
7265.5,0.915343,0.103863
7266.5,0.915347,0.103905
7267.5,0.915345,0.103944
7268.5,0.915338,0.103981
7269.5,0.915324,0.104016
7270.5,0.915304,0.104048
7271.5,0.915276,0.104078
7272.5,0.915242,0.104105
7273.5,0.915200,0.104130
7274.5,0.915150,0.104152
7275.5,0.915093,0.104171
7276.5,0.915028,0.104187
7277.5,0.914954,0.104200
7278.5,0.914872,0.104211
7279.5,0.914782,0.104218
7280.5,0.914683,0.104223
7281.5,0.914576,0.104224
7282.5,0.914460,0.104222
7283.5,0.914336,0.104217
7284.5,0.914204,0.104209
7285.5,0.914063,0.104198
7286.5,0.913914,0.104184
7287.5,0.913757,0.104166
7288.5,0.913592,0.104145
7289.5,0.913420,0.104121
7290.5,0.913240,0.104093
7291.5,0.913053,0.104063
7292.5,0.912859,0.104029
7293.5,0.912658,0.103992
7294.5,0.912452,0.103952
7295.5,0.912239,0.103908
7296.5,0.912022,0.103862
7297.5,0.911799,0.103813
7298.5,0.911571,0.103761
7299.5,0.911340,0.103706
7300.5,0.911105,0.103648
7301.5,0.910867,0.103587
7302.5,0.910626,0.103524
7303.5,0.910384,0.103458
7304.5,0.910140,0.103389
7305.5,0.909895,0.103319
7306.5,0.909651,0.103246
7307.5,0.909406,0.103170
7308.5,0.909163,0.103093
7309.5,0.908922,0.103014
7310.5,0.908684,0.102933
7311.5,0.908449,0.102850
7312.5,0.908217,0.102766
7313.5,0.907991,0.102680
7314.5,0.907770,0.102594
7315.5,0.907555,0.102506
7316.5,0.907348,0.102417
7317.5,0.907148,0.102327
7318.5,0.906957,0.102237
7319.5,0.906775,0.102146
7320.5,0.906603,0.102055
7321.5,0.906442,0.101963
7322.5,0.906293,0.101872
7323.5,0.906157,0.101781
7324.5,0.906034,0.101690
7325.5,0.905925,0.101601
7326.5,0.905831,0.101511
7327.5,0.905753,0.101423
7328.5,0.905692,0.101336
7329.5,0.905647,0.101250
7330.5,0.905621,0.101166
7331.5,0.905614,0.101083
7332.5,0.905626,0.101002
7333.5,0.905658,0.100924
7334.5,0.905712,0.100847
7335.5,0.905787,0.100773
7336.5,0.905885,0.100702
7337.5,0.906006,0.100633
7338.5,0.906151,0.100568
7339.5,0.906320,0.100505
7340.5,0.906515,0.100446
7341.5,0.906735,0.100390
7342.5,0.906981,0.100338
7343.5,0.907254,0.100290
7344.5,0.907555,0.100245
7345.5,0.907883,0.100205
7346.5,0.908240,0.100169
7347.5,0.908626,0.100137
7348.5,0.909041,0.100109
7349.5,0.909486,0.100087
7350.5,0.909961,0.100069
7351.5,0.910466,0.100055
7352.5,0.911003,0.100047
7353.5,0.911570,0.100044
7354.5,0.912168,0.100045
7355.5,0.912799,0.100052
7356.5,0.913461,0.100064
7357.5,0.914155,0.100082
7358.5,0.914881,0.100105
7359.5,0.915639,0.100133
7360.5,0.916430,0.100166
7361.5,0.917253,0.100205
7362.5,0.918109,0.100250
7363.5,0.918996,0.100300
7364.5,0.919916,0.100355
7365.5,0.920869,0.100416
7366.5,0.921853,0.100482
7367.5,0.922870,0.100554
7368.5,0.923918,0.100631
7369.5,0.924998,0.100713
7370.5,0.926109,0.100800
7371.5,0.927251,0.100893
7372.5,0.928424,0.100991
7373.5,0.929628,0.101093
7374.5,0.930861,0.101201
7375.5,0.932124,0.101313
7376.5,0.933417,0.101430
7377.5,0.934738,0.101552
7378.5,0.936088,0.101678
7379.5,0.937465,0.101808
7380.5,0.938870,0.101943
7381.5,0.940301,0.102081
7382.5,0.941759,0.102224
7383.5,0.943242,0.102370
7384.5,0.944750,0.102519
7385.5,0.946282,0.102672
7386.5,0.947838,0.102828
7387.5,0.949417,0.102987
7388.5,0.951018,0.103149
7389.5,0.952640,0.103313
7390.5,0.954283,0.103480
7391.5,0.955946,0.103649
7392.5,0.957629,0.103820
7393.5,0.959329,0.103993
7394.5,0.961048,0.104168
7395.5,0.962783,0.104344
7396.5,0.964533,0.104521
7397.5,0.966299,0.104699
7398.5,0.968080,0.104877
7399.5,0.969873,0.105057
7400.5,0.971680,0.105236
7401.5,0.973498,0.105416
7402.5,0.975326,0.105596
7403.5,0.977165,0.105776
7404.5,0.979012,0.105955
7405.5,0.980868,0.106134
7406.5,0.982731,0.106311
7407.5,0.984601,0.106488
7408.5,0.986476,0.106663
7409.5,0.988356,0.106838
7410.5,0.990239,0.107010
7411.5,0.992126,0.107181
7412.5,0.994015,0.107350
7413.5,0.995904,0.107517
7414.5,0.997795,0.107682
7415.5,0.999685,0.107844
7416.5,1.001573,0.108005
7417.5,1.003460,0.108162
7418.5,1.005343,0.108317
7419.5,1.007223,0.108469
7420.5,1.009098,0.108618
7421.5,1.010969,0.108764
7422.5,1.012833,0.108907
7423.5,1.014691,0.109046
7424.5,1.016541,0.109183
7425.5,1.018383,0.109316
7426.5,1.020216,0.109445
7427.5,1.022039,0.109572
7428.5,1.023852,0.109694
7429.5,1.025655,0.109814
7430.5,1.027446,0.109929
7431.5,1.029225,0.110041
7432.5,1.030991,0.110150
7433.5,1.032743,0.110255
7434.5,1.034482,0.110356
7435.5,1.036207,0.110454
7436.5,1.037916,0.110549
7437.5,1.039611,0.110639
7438.5,1.041289,0.110727
7439.5,1.042950,0.110811
7440.5,1.044595,0.110892
7441.5,1.046223,0.110969
7442.5,1.047832,0.111043
7443.5,1.049424,0.111114
7444.5,1.050997,0.111182
7445.5,1.052551,0.111247
7446.5,1.054085,0.111309
7447.5,1.055600,0.111369
7448.5,1.057095,0.111425
7449.5,1.058569,0.111479
7450.5,1.060023,0.111531
7451.5,1.061456,0.111580
7452.5,1.062867,0.111627
7453.5,1.064257,0.111672
7454.5,1.065625,0.111714
7455.5,1.066971,0.111755
7456.5,1.068295,0.111794
7457.5,1.069596,0.111832
7458.5,1.070874,0.111867
7459.5,1.072129,0.111902
7460.5,1.073362,0.111935
7461.5,1.074570,0.111967
7462.5,1.075755,0.111998
7463.5,1.076917,0.112028
7464.5,1.078054,0.112057
7465.5,1.079167,0.112086
7466.5,1.080256,0.112113
7467.5,1.081320,0.112141
7468.5,1.082360,0.112168
7469.5,1.083375,0.112195
7470.5,1.084365,0.112221
7471.5,1.085330,0.112248
7472.5,1.086269,0.112275
7473.5,1.087183,0.112301
7474.5,1.088071,0.112328
7475.5,1.088933,0.112355
7476.5,1.089769,0.112383
7477.5,1.090580,0.112410
7478.5,1.091364,0.112438
7479.5,1.092121,0.112467
7480.5,1.092852,0.112496
7481.5,1.093555,0.112526
7482.5,1.094232,0.112556
7483.5,1.094882,0.112587
7484.5,1.095504,0.112619
7485.5,1.096098,0.112651
7486.5,1.096665,0.112684
7487.5,1.097203,0.112717
7488.5,1.097714,0.112751
7489.5,1.098196,0.112785
7490.5,1.098649,0.112821
7491.5,1.099073,0.112856
7492.5,1.099468,0.112892
7493.5,1.099834,0.112929
7494.5,1.100170,0.112966
7495.5,1.100476,0.113003
7496.5,1.100752,0.113040
7497.5,1.100998,0.113078
7498.5,1.101213,0.113116
7499.5,1.101397,0.113153
7500.5,1.101550,0.113191
7501.5,1.101671,0.113229
7502.5,1.101761,0.113266
7503.5,1.101818,0.113303
7504.5,1.101843,0.113339
7505.5,1.101836,0.113375
7506.5,1.101795,0.113411
7507.5,1.101721,0.113445
7508.5,1.101614,0.113479
7509.5,1.101473,0.113512
7510.5,1.101297,0.113543
7511.5,1.101087,0.113574
7512.5,1.100842,0.113603
7513.5,1.100563,0.113630
7514.5,1.100247,0.113656
7515.5,1.099896,0.113681
7516.5,1.099510,0.113703
7517.5,1.099087,0.113724
7518.5,1.098627,0.113742
7519.5,1.098131,0.113758
7520.5,1.097597,0.113772
7521.5,1.097026,0.113784
7522.5,1.096417,0.113793
7523.5,1.095771,0.113799
7524.5,1.095086,0.113803
7525.5,1.094363,0.113804
7526.5,1.093601,0.113802
7527.5,1.092800,0.113797
7528.5,1.091961,0.113788
7529.5,1.091082,0.113777
7530.5,1.090163,0.113762
7531.5,1.089205,0.113744
7532.5,1.088207,0.113722
7533.5,1.087169,0.113697
7534.5,1.086092,0.113668
7535.5,1.084973,0.113635
7536.5,1.083815,0.113598
7537.5,1.082616,0.113558
7538.5,1.081377,0.113514
7539.5,1.080098,0.113465
7540.5,1.078777,0.113413
7541.5,1.077417,0.113357
7542.5,1.076016,0.113297
7543.5,1.074574,0.113232
7544.5,1.073092,0.113163
7545.5,1.071569,0.113091
7546.5,1.070006,0.113014
7547.5,1.068404,0.112932
7548.5,1.066761,0.112847
7549.5,1.065078,0.112757
7550.5,1.063356,0.112663
7551.5,1.061594,0.112565
7552.5,1.059793,0.112463
7553.5,1.057953,0.112356
7554.5,1.056074,0.112245
7555.5,1.054157,0.112130
7556.5,1.052202,0.112011
7557.5,1.050209,0.111888
7558.5,1.048179,0.111760
7559.5,1.046112,0.111629
7560.5,1.044009,0.111493
7561.5,1.041869,0.111353
7562.5,1.039694,0.111210
7563.5,1.037484,0.111062
7564.5,1.035240,0.110910
7565.5,1.032962,0.110755
7566.5,1.030650,0.110596
7567.5,1.028306,0.110433
7568.5,1.025930,0.110266
7569.5,1.023522,0.110096
7570.5,1.021084,0.109922
7571.5,1.018615,0.109745
7572.5,1.016118,0.109564
7573.5,1.013592,0.109380
7574.5,1.011038,0.109192
7575.5,1.008458,0.109001
7576.5,1.005851,0.108807
7577.5,1.003220,0.108610
7578.5,1.000564,0.108410
7579.5,0.997885,0.108206
7580.5,0.995183,0.108000
7581.5,0.992460,0.107791
7582.5,0.989716,0.107579
7583.5,0.986953,0.107365
7584.5,0.984172,0.107148
7585.5,0.981373,0.106928
7586.5,0.978557,0.106706
7587.5,0.975726,0.106481
7588.5,0.972881,0.106254
7589.5,0.970023,0.106025
7590.5,0.967153,0.105794
7591.5,0.964272,0.105560
7592.5,0.961382,0.105325
7593.5,0.958482,0.105088
7594.5,0.955576,0.104849
7595.5,0.952663,0.104608
7596.5,0.949745,0.104365
7597.5,0.946824,0.104121
7598.5,0.943900,0.103876
7599.5,0.940974,0.103629
7600.5,0.938049,0.103380
7601.5,0.935125,0.103131
7602.5,0.932203,0.102881
7603.5,0.929285,0.102629
7604.5,0.926372,0.102377
7605.5,0.923465,0.102124
7606.5,0.920566,0.101870
7607.5,0.917676,0.101615
7608.5,0.914796,0.101360
7609.5,0.911927,0.101105
7610.5,0.909071,0.100850
7611.5,0.906229,0.100594
7612.5,0.903402,0.100339
7613.5,0.900591,0.100083
7614.5,0.897798,0.099828
7615.5,0.895025,0.099573
7616.5,0.892271,0.099319
7617.5,0.889539,0.099066
7618.5,0.886830,0.098813
7619.5,0.884145,0.098561
7620.5,0.881485,0.098311
7621.5,0.878851,0.098061
7622.5,0.876245,0.097813
7623.5,0.873668,0.097567
7624.5,0.871120,0.097322
7625.5,0.868604,0.097080
7626.5,0.866120,0.096839
7627.5,0.863669,0.096601
7628.5,0.861252,0.096365
7629.5,0.858871,0.096131
7630.5,0.856527,0.095901
7631.5,0.854220,0.095673
7632.5,0.851951,0.095449
7633.5,0.849722,0.095228
7634.5,0.847534,0.095010
7635.5,0.845386,0.094796
7636.5,0.843282,0.094586
7637.5,0.841220,0.094380
7638.5,0.839202,0.094178
7639.5,0.837229,0.093981
7640.5,0.835302,0.093788
7641.5,0.833421,0.093600
7642.5,0.831587,0.093417
7643.5,0.829801,0.093240
7644.5,0.828063,0.093067
7645.5,0.826375,0.092900
7646.5,0.824736,0.092739
7647.5,0.823147,0.092584
7648.5,0.821608,0.092435
7649.5,0.820121,0.092292
7650.5,0.818686,0.092156
7651.5,0.817303,0.092026
7652.5,0.815972,0.091902
7653.5,0.814694,0.091786
7654.5,0.813468,0.091676
7655.5,0.812296,0.091573
7656.5,0.811178,0.091478
7657.5,0.810113,0.091390
7658.5,0.809102,0.091309
7659.5,0.808145,0.091236
7660.5,0.807241,0.091170
7661.5,0.806392,0.091112
7662.5,0.805596,0.091061
7663.5,0.804855,0.091018
7664.5,0.804166,0.090983
7665.5,0.803532,0.090956
7666.5,0.802951,0.090936
7667.5,0.802422,0.090925
7668.5,0.801947,0.090921
7669.5,0.801524,0.090925
7670.5,0.801153,0.090936
7671.5,0.800834,0.090955
7672.5,0.800566,0.090982
7673.5,0.800350,0.091017
7674.5,0.800183,0.091059
7675.5,0.800066,0.091108
7676.5,0.799998,0.091164
7677.5,0.799978,0.091228
7678.5,0.800007,0.091299
7679.5,0.800082,0.091377
7680.5,0.800204,0.091461
7681.5,0.800371,0.091553
7682.5,0.800583,0.091650
7683.5,0.800838,0.091754
7684.5,0.801137,0.091864
7685.5,0.801478,0.091980
7686.5,0.801859,0.092102
7687.5,0.802281,0.092230
7688.5,0.802742,0.092362
7689.5,0.803241,0.092500
7690.5,0.803777,0.092643
7691.5,0.804348,0.092790
7692.5,0.804954,0.092942
7693.5,0.805594,0.093098
7694.5,0.806266,0.093258
7695.5,0.806970,0.093422
7696.5,0.807703,0.093589
7697.5,0.808465,0.093760
7698.5,0.809254,0.093933
7699.5,0.810069,0.094110
7700.5,0.810909,0.094288
7701.5,0.811773,0.094469
7702.5,0.812658,0.094652
7703.5,0.813565,0.094837
7704.5,0.814490,0.095024
7705.5,0.815434,0.095211
7706.5,0.816394,0.095400
7707.5,0.817370,0.095589
7708.5,0.818359,0.095779
7709.5,0.819361,0.095970
7710.5,0.820373,0.096160
7711.5,0.821395,0.096350
7712.5,0.822425,0.096540
7713.5,0.823462,0.096730
7714.5,0.824504,0.096918
7715.5,0.825550,0.097106
7716.5,0.826598,0.097292
7717.5,0.827648,0.097477
7718.5,0.828696,0.097660
7719.5,0.829743,0.097842
7720.5,0.830787,0.098021
7721.5,0.831825,0.098198
7722.5,0.832858,0.098373
7723.5,0.833884,0.098546
7724.5,0.834900,0.098715
7725.5,0.835906,0.098882
7726.5,0.836901,0.099046
7727.5,0.837883,0.099207
7728.5,0.838851,0.099364
7729.5,0.839803,0.099518
7730.5,0.840739,0.099668
7731.5,0.841657,0.099815
7732.5,0.842555,0.099958
7733.5,0.843434,0.100097
7734.5,0.844291,0.100232
7735.5,0.845125,0.100363
7736.5,0.845935,0.100489
7737.5,0.846721,0.100611
7738.5,0.847481,0.100729
7739.5,0.848213,0.100842
7740.5,0.848918,0.100951
7741.5,0.849594,0.101055
7742.5,0.850240,0.101154
7743.5,0.850855,0.101248
7744.5,0.851438,0.101338
7745.5,0.851988,0.101422
7746.5,0.852506,0.101502
7747.5,0.852989,0.101576
7748.5,0.853437,0.101646
7749.5,0.853850,0.101710
7750.5,0.854226,0.101769
7751.5,0.854565,0.101823
7752.5,0.854867,0.101871
7753.5,0.855130,0.101914
7754.5,0.855356,0.101952
7755.5,0.855541,0.101985
7756.5,0.855688,0.102012
7757.5,0.855794,0.102034
7758.5,0.855860,0.102051
7759.5,0.855886,0.102062
7760.5,0.855870,0.102067
7761.5,0.855813,0.102068
7762.5,0.855715,0.102063
7763.5,0.855576,0.102052
7764.5,0.855394,0.102036
7765.5,0.855171,0.102015
7766.5,0.854906,0.101988
7767.5,0.854599,0.101956
7768.5,0.854251,0.101919
7769.5,0.853860,0.101876
7770.5,0.853429,0.101828
7771.5,0.852955,0.101775
7772.5,0.852440,0.101716
7773.5,0.851885,0.101653
7774.5,0.851288,0.101584
7775.5,0.850651,0.101510
7776.5,0.849974,0.101430
7777.5,0.849258,0.101346
7778.5,0.848502,0.101257
7779.5,0.847707,0.101163
7780.5,0.846874,0.101064
7781.5,0.846003,0.100960
7782.5,0.845095,0.100852
7783.5,0.844149,0.100739
7784.5,0.843169,0.100621
7785.5,0.842152,0.100499
7786.5,0.841101,0.100372
7787.5,0.840016,0.100241
7788.5,0.838898,0.100105
7789.5,0.837748,0.099966
7790.5,0.836565,0.099822
7791.5,0.835353,0.099675
7792.5,0.834110,0.099523
7793.5,0.832838,0.099368
7794.5,0.831538,0.099209
7795.5,0.830211,0.099047
7796.5,0.828858,0.098881
7797.5,0.827480,0.098712
7798.5,0.826078,0.098540
7799.5,0.824652,0.098365
7800.5,0.823204,0.098187
7801.5,0.821736,0.098006
7802.5,0.820247,0.097823
7803.5,0.818740,0.097637
7804.5,0.817215,0.097450
7805.5,0.815673,0.097260
7806.5,0.814116,0.097068
7807.5,0.812545,0.096874
7808.5,0.810961,0.096679
7809.5,0.809365,0.096483
7810.5,0.807758,0.096285
7811.5,0.806141,0.096086
7812.5,0.804516,0.095887
7813.5,0.802884,0.095686
7814.5,0.801246,0.095486
7815.5,0.799603,0.095285
7816.5,0.797957,0.095084
7817.5,0.796309,0.094883
7818.5,0.794659,0.094683
7819.5,0.793009,0.094483
7820.5,0.791361,0.094283
7821.5,0.789715,0.094085
7822.5,0.788073,0.093888
7823.5,0.786436,0.093693
7824.5,0.784805,0.093499
7825.5,0.783181,0.093306
7826.5,0.781565,0.093116
7827.5,0.779959,0.092928
7828.5,0.778363,0.092742
7829.5,0.776780,0.092559
7830.5,0.775209,0.092379
7831.5,0.773652,0.092202
7832.5,0.772110,0.092028
7833.5,0.770585,0.091857
7834.5,0.769076,0.091690
7835.5,0.767586,0.091526
7836.5,0.766114,0.091367
7837.5,0.764663,0.091212
7838.5,0.763233,0.091060
7839.5,0.761825,0.090914
7840.5,0.760440,0.090772
7841.5,0.759079,0.090635
7842.5,0.757743,0.090502
7843.5,0.756432,0.090375
7844.5,0.755147,0.090253
7845.5,0.753890,0.090136
7846.5,0.752660,0.090024
7847.5,0.751459,0.089918
7848.5,0.750288,0.089818
7849.5,0.749146,0.089723
7850.5,0.748035,0.089634
7851.5,0.746956,0.089551
7852.5,0.745908,0.089474
7853.5,0.744893,0.089402
7854.5,0.743910,0.089337
7855.5,0.742961,0.089278
7856.5,0.742046,0.089225
7857.5,0.741165,0.089178
7858.5,0.740319,0.089138
7859.5,0.739508,0.089103
7860.5,0.738732,0.089074
7861.5,0.737992,0.089052
7862.5,0.737288,0.089036
7863.5,0.736620,0.089025
7864.5,0.735988,0.089021
7865.5,0.735393,0.089023
7866.5,0.734835,0.089030
7867.5,0.734313,0.089043
7868.5,0.733829,0.089062
7869.5,0.733381,0.089087
7870.5,0.732970,0.089117
7871.5,0.732596,0.089153
7872.5,0.732259,0.089194
7873.5,0.731959,0.089241
7874.5,0.731695,0.089292
7875.5,0.731468,0.089349
7876.5,0.731277,0.089410
7877.5,0.731122,0.089476
7878.5,0.731003,0.089547
7879.5,0.730920,0.089622
7880.5,0.730872,0.089701
7881.5,0.730858,0.089785
7882.5,0.730880,0.089873
7883.5,0.730935,0.089964
7884.5,0.731025,0.090059
7885.5,0.731148,0.090158
7886.5,0.731304,0.090260
7887.5,0.731492,0.090365
7888.5,0.731713,0.090473
7889.5,0.731965,0.090584
7890.5,0.732248,0.090698
7891.5,0.732561,0.090814
7892.5,0.732904,0.090932
7893.5,0.733276,0.091053
7894.5,0.733676,0.091175
7895.5,0.734105,0.091300
7896.5,0.734561,0.091426
7897.5,0.735043,0.091553
7898.5,0.735551,0.091682
7899.5,0.736085,0.091812
7900.5,0.736642,0.091942
7901.5,0.737224,0.092074
7902.5,0.737828,0.092206
7903.5,0.738455,0.092339
7904.5,0.739103,0.092472
7905.5,0.739772,0.092606
7906.5,0.740460,0.092739
7907.5,0.741168,0.092872
7908.5,0.741894,0.093005
7909.5,0.742637,0.093138
7910.5,0.743397,0.093270
7911.5,0.744173,0.093401
7912.5,0.744963,0.093532
7913.5,0.745768,0.093662
7914.5,0.746586,0.093790
7915.5,0.747417,0.093918
7916.5,0.748259,0.094045
7917.5,0.749112,0.094170
7918.5,0.749975,0.094293
7919.5,0.750847,0.094415
7920.5,0.751728,0.094536
7921.5,0.752615,0.094654
7922.5,0.753510,0.094771
7923.5,0.754410,0.094886
7924.5,0.755316,0.094999
7925.5,0.756225,0.095110
7926.5,0.757139,0.095218
7927.5,0.758054,0.095325
7928.5,0.758972,0.095429
7929.5,0.759891,0.095531
7930.5,0.760810,0.095631
7931.5,0.761729,0.095728
7932.5,0.762647,0.095822
7933.5,0.763563,0.095915
7934.5,0.764476,0.096004
7935.5,0.765386,0.096091
7936.5,0.766292,0.096175
7937.5,0.767194,0.096257
7938.5,0.768090,0.096335
7939.5,0.768980,0.096411
7940.5,0.769864,0.096485
7941.5,0.770741,0.096555
7942.5,0.771610,0.096623
7943.5,0.772471,0.096688
7944.5,0.773323,0.096750
7945.5,0.774166,0.096809
7946.5,0.774999,0.096865
7947.5,0.775822,0.096919
7948.5,0.776633,0.096969
7949.5,0.777434,0.097017
7950.5,0.778223,0.097062
7951.5,0.779000,0.097104
7952.5,0.779765,0.097143
7953.5,0.780517,0.097179
7954.5,0.781256,0.097212
7955.5,0.781982,0.097243
7956.5,0.782693,0.097270
7957.5,0.783391,0.097295
7958.5,0.784075,0.097317
7959.5,0.784744,0.097336
7960.5,0.785399,0.097353
7961.5,0.786039,0.097366
7962.5,0.786663,0.097377
7963.5,0.787273,0.097385
7964.5,0.787868,0.097391
7965.5,0.788448,0.097394
7966.5,0.789012,0.097394
7967.5,0.789561,0.097391
7968.5,0.790095,0.097386
7969.5,0.790614,0.097378
7970.5,0.791117,0.097368
7971.5,0.791606,0.097355
7972.5,0.792079,0.097340
7973.5,0.792538,0.097322
7974.5,0.792982,0.097301
7975.5,0.793411,0.097279
7976.5,0.793826,0.097253
7977.5,0.794227,0.097226
7978.5,0.794614,0.097196
7979.5,0.794988,0.097164
7980.5,0.795348,0.097129
7981.5,0.795696,0.097093
7982.5,0.796030,0.097054
7983.5,0.796353,0.097013
7984.5,0.796664,0.096970
7985.5,0.796963,0.096925
7986.5,0.797252,0.096878
7987.5,0.797530,0.096829
7988.5,0.797798,0.096778
7989.5,0.798056,0.096725
7990.5,0.798305,0.096670
7991.5,0.798546,0.096613
7992.5,0.798779,0.096555
7993.5,0.799005,0.096495
7994.5,0.799223,0.096433
7995.5,0.799436,0.096369
7996.5,0.799643,0.096305
7997.5,0.799846,0.096238
7998.5,0.800044,0.096170
7999.5,0.800239,0.096101
8000.5,0.800431,0.096031
8001.5,0.800620,0.095959
8002.5,0.800809,0.095886
8003.5,0.800996,0.095812
8004.5,0.801184,0.095737
8005.5,0.801373,0.095661
8006.5,0.801563,0.095584
8007.5,0.801756,0.095506
8008.5,0.801952,0.095427
8009.5,0.802152,0.095348
8010.5,0.802357,0.095269
8011.5,0.802567,0.095188
8012.5,0.802784,0.095108
8013.5,0.803008,0.095027
8014.5,0.803241,0.094945
8015.5,0.803482,0.094864
8016.5,0.803733,0.094783
8017.5,0.803994,0.094701
8018.5,0.804267,0.094620
8019.5,0.804553,0.094539
8020.5,0.804851,0.094459
8021.5,0.805164,0.094379
8022.5,0.805491,0.094299
8023.5,0.805834,0.094221
8024.5,0.806194,0.094143
8025.5,0.806570,0.094066
8026.5,0.806965,0.093990
8027.5,0.807379,0.093916
8028.5,0.807813,0.093843
8029.5,0.808267,0.093771
8030.5,0.808742,0.093701
8031.5,0.809240,0.093632
8032.5,0.809760,0.093565
8033.5,0.810304,0.093501
8034.5,0.810872,0.093438
8035.5,0.811465,0.093378
8036.5,0.812085,0.093320
8037.5,0.812730,0.093265
8038.5,0.813403,0.093212
8039.5,0.814103,0.093162
8040.5,0.814832,0.093115
8041.5,0.815590,0.093072
8042.5,0.816377,0.093031
8043.5,0.817195,0.092994
8044.5,0.818044,0.092960
8045.5,0.818923,0.092930
8046.5,0.819835,0.092904
8047.5,0.820779,0.092882
8048.5,0.821755,0.092863
8049.5,0.822765,0.092849
8050.5,0.823808,0.092839
8051.5,0.824886,0.092834
8052.5,0.825997,0.092833
8053.5,0.827143,0.092837
8054.5,0.828324,0.092845
8055.5,0.829540,0.092859
8056.5,0.830792,0.092877
8057.5,0.832079,0.092901
8058.5,0.833402,0.092929
8059.5,0.834761,0.092963
8060.5,0.836156,0.093003
8061.5,0.837587,0.093048
8062.5,0.839054,0.093098
8063.5,0.840557,0.093154
8064.5,0.842096,0.093216
8065.5,0.843672,0.093283
8066.5,0.845283,0.093356
8067.5,0.846930,0.093435
8068.5,0.848613,0.093520
8069.5,0.850331,0.093611
8070.5,0.852084,0.093707
8071.5,0.853873,0.093810
8072.5,0.855696,0.093918
8073.5,0.857553,0.094032
8074.5,0.859445,0.094152
8075.5,0.861370,0.094278
8076.5,0.863328,0.094410
8077.5,0.865318,0.094548
8078.5,0.867341,0.094691
8079.5,0.869396,0.094840
8080.5,0.871481,0.094995
8081.5,0.873597,0.095155
8082.5,0.875743,0.095320
8083.5,0.877918,0.095491
8084.5,0.880121,0.095668
8085.5,0.882352,0.095849
8086.5,0.884610,0.096036
8087.5,0.886894,0.096227
8088.5,0.889204,0.096424
8089.5,0.891538,0.096625
8090.5,0.893896,0.096830
8091.5,0.896276,0.097040
8092.5,0.898679,0.097254
8093.5,0.901102,0.097472
8094.5,0.903545,0.097695
8095.5,0.906007,0.097920
8096.5,0.908488,0.098150
8097.5,0.910984,0.098382
8098.5,0.913497,0.098618
8099.5,0.916025,0.098857
8100.5,0.918566,0.099099
8101.5,0.921120,0.099343
8102.5,0.923685,0.099590
8103.5,0.926260,0.099838
8104.5,0.928844,0.100089
8105.5,0.931437,0.100341
8106.5,0.934036,0.100595
8107.5,0.936640,0.100851
8108.5,0.939249,0.101107
8109.5,0.941861,0.101364
8110.5,0.944475,0.101622
8111.5,0.947090,0.101880
8112.5,0.949704,0.102138
8113.5,0.952316,0.102396
8114.5,0.954926,0.102654
8115.5,0.957531,0.102912
8116.5,0.960130,0.103169
8117.5,0.962723,0.103425
8118.5,0.965308,0.103680
8119.5,0.967883,0.103933
8120.5,0.970449,0.104185
8121.5,0.973002,0.104435
8122.5,0.975543,0.104684
8123.5,0.978069,0.104930
8124.5,0.980581,0.105174
8125.5,0.983076,0.105415
8126.5,0.985553,0.105653
8127.5,0.988011,0.105889
8128.5,0.990450,0.106122
8129.5,0.992867,0.106351
8130.5,0.995262,0.106577
8131.5,0.997634,0.106800
8132.5,0.999981,0.107018
8133.5,1.002303,0.107233
8134.5,1.004598,0.107444
8135.5,1.006866,0.107651
8136.5,1.009105,0.107854
8137.5,1.011315,0.108052
8138.5,1.013494,0.108246
8139.5,1.015642,0.108435
8140.5,1.017757,0.108619
8141.5,1.019840,0.108799
8142.5,1.021888,0.108974
8143.5,1.023901,0.109144
8144.5,1.025878,0.109309
8145.5,1.027819,0.109469
8146.5,1.029722,0.109623
8147.5,1.031588,0.109773
8148.5,1.033414,0.109917
8149.5,1.035201,0.110056
8150.5,1.036949,0.110190
8151.5,1.038655,0.110318
8152.5,1.040320,0.110442
8153.5,1.041944,0.110559
8154.5,1.043525,0.110672
8155.5,1.045064,0.110779
8156.5,1.046559,0.110881
8157.5,1.048010,0.110977
8158.5,1.049418,0.111068
8159.5,1.050781,0.111154
8160.5,1.052099,0.111235
8161.5,1.053372,0.111310
8162.5,1.054600,0.111381
8163.5,1.055782,0.111446
8164.5,1.056918,0.111506
8165.5,1.058009,0.111561
8166.5,1.059053,0.111612
8167.5,1.060051,0.111657
8168.5,1.061003,0.111698
8169.5,1.061908,0.111734
8170.5,1.062767,0.111765
8171.5,1.063580,0.111792
8172.5,1.064346,0.111815
8173.5,1.065065,0.111833
8174.5,1.065739,0.111846
8175.5,1.066366,0.111856
8176.5,1.066947,0.111862
8177.5,1.067482,0.111863
8178.5,1.067971,0.111861
8179.5,1.068415,0.111855
8180.5,1.068814,0.111845
8181.5,1.069167,0.111832
8182.5,1.069476,0.111815
8183.5,1.069740,0.111795
8184.5,1.069960,0.111772
8185.5,1.070137,0.111746
8186.5,1.070270,0.111717
8187.5,1.070360,0.111684
8188.5,1.070407,0.111649
8189.5,1.070412,0.111611
8190.5,1.070375,0.111571
8191.5,1.070297,0.111528
8192.5,1.070178,0.111483
8193.5,1.070018,0.111436
8194.5,1.069819,0.111386
8195.5,1.069580,0.111335
8196.5,1.069302,0.111281
8197.5,1.068986,0.111226
8198.5,1.068632,0.111169
8199.5,1.068241,0.111110
8200.5,1.067813,0.111049
8201.5,1.067349,0.110987
8202.5,1.066850,0.110924
8203.5,1.066315,0.110859
8204.5,1.065747,0.110794
8205.5,1.065144,0.110727
8206.5,1.064509,0.110659
8207.5,1.063841,0.110590
8208.5,1.063141,0.110520
8209.5,1.062410,0.110449
8210.5,1.061648,0.110377
8211.5,1.060857,0.110305
8212.5,1.060036,0.110232
8213.5,1.059186,0.110158
8214.5,1.058309,0.110084
8215.5,1.057404,0.110010
8216.5,1.056472,0.109935
8217.5,1.055514,0.109859
8218.5,1.054531,0.109784
8219.5,1.053523,0.109708
8220.5,1.052491,0.109632
8221.5,1.051436,0.109555
8222.5,1.050357,0.109479
8223.5,1.049256,0.109402
8224.5,1.048134,0.109325
8225.5,1.046991,0.109248
8226.5,1.045828,0.109171
8227.5,1.044644,0.109095
8228.5,1.043442,0.109018
8229.5,1.042221,0.108941
8230.5,1.040983,0.108864
8231.5,1.039727,0.108788
8232.5,1.038455,0.108711
8233.5,1.037166,0.108635
8234.5,1.035862,0.108558
8235.5,1.034544,0.108482
8236.5,1.033211,0.108406
8237.5,1.031864,0.108330
8238.5,1.030504,0.108255
8239.5,1.029132,0.108179
8240.5,1.027748,0.108104
8241.5,1.026352,0.108029
8242.5,1.024946,0.107954
8243.5,1.023529,0.107879
8244.5,1.022102,0.107805
8245.5,1.020666,0.107730
8246.5,1.019221,0.107656
8247.5,1.017768,0.107582
8248.5,1.016307,0.107509
8249.5,1.014839,0.107435
8250.5,1.013365,0.107362
8251.5,1.011884,0.107289
8252.5,1.010397,0.107216
8253.5,1.008905,0.107143
8254.5,1.007408,0.107070
8255.5,1.005906,0.106997
8256.5,1.004401,0.106925
8257.5,1.002893,0.106852
8258.5,1.001381,0.106780
8259.5,0.999867,0.106708
8260.5,0.998350,0.106636
8261.5,0.996832,0.106563
8262.5,0.995313,0.106491
8263.5,0.993792,0.106419
8264.5,0.992272,0.106347
8265.5,0.990751,0.106275
8266.5,0.989230,0.106203
8267.5,0.987710,0.106131
8268.5,0.986192,0.106059
8269.5,0.984674,0.105986
8270.5,0.983159,0.105914
8271.5,0.981646,0.105841
8272.5,0.980135,0.105768
8273.5,0.978628,0.105695
8274.5,0.977124,0.105622
8275.5,0.975623,0.105549
8276.5,0.974127,0.105475
8277.5,0.972635,0.105402
8278.5,0.971147,0.105328
8279.5,0.969665,0.105253
8280.5,0.968188,0.105178
8281.5,0.966716,0.105103
8282.5,0.965251,0.105028
8283.5,0.963792,0.104952
8284.5,0.962340,0.104876
8285.5,0.960894,0.104800
8286.5,0.959456,0.104723
8287.5,0.958026,0.104645
8288.5,0.956603,0.104567
8289.5,0.955189,0.104489
8290.5,0.953783,0.104410
8291.5,0.952386,0.104331
8292.5,0.950997,0.104251
8293.5,0.949618,0.104171
8294.5,0.948249,0.104090
8295.5,0.946889,0.104008
8296.5,0.945540,0.103926
8297.5,0.944201,0.103844
8298.5,0.942872,0.103761
8299.5,0.941554,0.103677
8300.5,0.940248,0.103593
8301.5,0.938953,0.103509
8302.5,0.937669,0.103424
8303.5,0.936398,0.103338
8304.5,0.935138,0.103252
8305.5,0.933891,0.103165
8306.5,0.932656,0.103078
8307.5,0.931434,0.102990
8308.5,0.930225,0.102902
8309.5,0.929029,0.102814
8310.5,0.927846,0.102725
8311.5,0.926677,0.102636
8312.5,0.925522,0.102546
8313.5,0.924381,0.102456
8314.5,0.923254,0.102366
8315.5,0.922141,0.102275
8316.5,0.921043,0.102184
8317.5,0.919960,0.102093
8318.5,0.918891,0.102002
8319.5,0.917837,0.101911
8320.5,0.916799,0.101820
8321.5,0.915776,0.101729
8322.5,0.914768,0.101637
8323.5,0.913776,0.101546
8324.5,0.912799,0.101455
8325.5,0.911839,0.101364
8326.5,0.910894,0.101274
8327.5,0.909966,0.101183
8328.5,0.909054,0.101094
8329.5,0.908158,0.101004
8330.5,0.907278,0.100915
8331.5,0.906415,0.100827
8332.5,0.905568,0.100739
8333.5,0.904738,0.100652
8334.5,0.903925,0.100565
8335.5,0.903128,0.100480
8336.5,0.902348,0.100395
8337.5,0.901585,0.100311
8338.5,0.900839,0.100228
8339.5,0.900110,0.100147
8340.5,0.899397,0.100066
8341.5,0.898701,0.099987
8342.5,0.898023,0.099909
8343.5,0.897361,0.099832
8344.5,0.896716,0.099757
8345.5,0.896088,0.099683
8346.5,0.895477,0.099610
8347.5,0.894883,0.099539
8348.5,0.894305,0.099470
8349.5,0.893744,0.099403
8350.5,0.893200,0.099337
8351.5,0.892672,0.099273
8352.5,0.892161,0.099211
8353.5,0.891666,0.099150
8354.5,0.891187,0.099092
8355.5,0.890725,0.099036
8356.5,0.890278,0.098981
8357.5,0.889847,0.098929
8358.5,0.889432,0.098879
8359.5,0.889033,0.098831
8360.5,0.888649,0.098785
8361.5,0.888281,0.098741
8362.5,0.887928,0.098699
8363.5,0.887589,0.098660
8364.5,0.887265,0.098623
8365.5,0.886956,0.098588
8366.5,0.886661,0.098555
8367.5,0.886381,0.098525
8368.5,0.886114,0.098497
8369.5,0.885861,0.098471
8370.5,0.885621,0.098447
8371.5,0.885394,0.098425
8372.5,0.885181,0.098406
8373.5,0.884979,0.098389
8374.5,0.884790,0.098374
8375.5,0.884614,0.098362
8376.5,0.884448,0.098351
8377.5,0.884295,0.098343
8378.5,0.884152,0.098336
8379.5,0.884020,0.098332
8380.5,0.883899,0.098330
8381.5,0.883788,0.098329
8382.5,0.883686,0.098331
8383.5,0.883594,0.098335
8384.5,0.883511,0.098340
8385.5,0.883436,0.098348
8386.5,0.883370,0.098357
8387.5,0.883312,0.098367
8388.5,0.883261,0.098380
8389.5,0.883217,0.098394
8390.5,0.883180,0.098410
8391.5,0.883150,0.098427
8392.5,0.883125,0.098446
8393.5,0.883106,0.098466
8394.5,0.883091,0.098487
8395.5,0.883081,0.098510
8396.5,0.883076,0.098534
8397.5,0.883074,0.098560
8398.5,0.883075,0.098586
8399.5,0.883079,0.098614
8400.5,0.883085,0.098642
8401.5,0.883094,0.098672
8402.5,0.883103,0.098702
8403.5,0.883114,0.098734
8404.5,0.883125,0.098766
8405.5,0.883136,0.098799
8406.5,0.883146,0.098833
8407.5,0.883155,0.098867
8408.5,0.883163,0.098902
8409.5,0.883169,0.098938
8410.5,0.883173,0.098974
8411.5,0.883173,0.099010
8412.5,0.883170,0.099047
8413.5,0.883163,0.099085
8414.5,0.883152,0.099122
8415.5,0.883136,0.099160
8416.5,0.883114,0.099199
8417.5,0.883087,0.099237
8418.5,0.883053,0.099276
8419.5,0.883012,0.099315
8420.5,0.882963,0.099354
8421.5,0.882907,0.099392
8422.5,0.882843,0.099431
8423.5,0.882769,0.099470
8424.5,0.882686,0.099509
8425.5,0.882594,0.099548
8426.5,0.882491,0.099586
8427.5,0.882377,0.099624
8428.5,0.882252,0.099662
8429.5,0.882116,0.099700
8430.5,0.881967,0.099738
8431.5,0.881806,0.099775
8432.5,0.881631,0.099811
8433.5,0.881443,0.099847
8434.5,0.881241,0.099883
8435.5,0.881025,0.099918
8436.5,0.880794,0.099953
8437.5,0.880547,0.099986
8438.5,0.880285,0.100020
8439.5,0.880007,0.100052
8440.5,0.879713,0.100084
8441.5,0.879401,0.100114
8442.5,0.879073,0.100144
8443.5,0.878727,0.100173
8444.5,0.878362,0.100201
8445.5,0.877980,0.100228
8446.5,0.877579,0.100253
8447.5,0.877159,0.100278
8448.5,0.876719,0.100301
8449.5,0.876260,0.100323
8450.5,0.875781,0.100344
8451.5,0.875282,0.100363
8452.5,0.874762,0.100381
8453.5,0.874222,0.100397
8454.5,0.873660,0.100411
8455.5,0.873077,0.100424
8456.5,0.872473,0.100435
8457.5,0.871847,0.100444
8458.5,0.871198,0.100451
8459.5,0.870528,0.100456
8460.5,0.869836,0.100459
8461.5,0.869121,0.100460
8462.5,0.868383,0.100459
8463.5,0.867622,0.100455
8464.5,0.866839,0.100449
8465.5,0.866032,0.100441
8466.5,0.865203,0.100430
8467.5,0.864350,0.100417
8468.5,0.863473,0.100401
8469.5,0.862574,0.100382
8470.5,0.861651,0.100360
8471.5,0.860704,0.100336
8472.5,0.859734,0.100309
8473.5,0.858740,0.100279
8474.5,0.857723,0.100245
8475.5,0.856683,0.100209
8476.5,0.855619,0.100170
8477.5,0.854532,0.100127
8478.5,0.853421,0.100081
8479.5,0.852288,0.100032
8480.5,0.851131,0.099980
8481.5,0.849951,0.099924
8482.5,0.848749,0.099865
8483.5,0.847523,0.099803
8484.5,0.846276,0.099737
8485.5,0.845006,0.099667
8486.5,0.843713,0.099595
8487.5,0.842399,0.099518
8488.5,0.841063,0.099438
8489.5,0.839705,0.099355
8490.5,0.838326,0.099268
8491.5,0.836927,0.099178
8492.5,0.835506,0.099084
8493.5,0.834065,0.098986
8494.5,0.832604,0.098886
8495.5,0.831122,0.098781
8496.5,0.829622,0.098673
8497.5,0.828102,0.098562
8498.5,0.826563,0.098448
8499.5,0.825006,0.098330
8500.5,0.823431,0.098208
8501.5,0.821838,0.098084
8502.5,0.820227,0.097956
8503.5,0.818600,0.097825
8504.5,0.816956,0.097691
8505.5,0.815297,0.097554
8506.5,0.813621,0.097414
8507.5,0.811931,0.097271
8508.5,0.810225,0.097126
8509.5,0.808506,0.096977
8510.5,0.806773,0.096826
8511.5,0.805026,0.096672
8512.5,0.803267,0.096516
8513.5,0.801496,0.096357
8514.5,0.799712,0.096196
8515.5,0.797918,0.096032
8516.5,0.796113,0.095867
8517.5,0.794298,0.095699
8518.5,0.792473,0.095529
8519.5,0.790639,0.095358
8520.5,0.788797,0.095184
8521.5,0.786946,0.095009
8522.5,0.785089,0.094832
8523.5,0.783225,0.094654
8524.5,0.781354,0.094474
8525.5,0.779478,0.094294
8526.5,0.777597,0.094111
8527.5,0.775711,0.093928
8528.5,0.773822,0.093744
8529.5,0.771929,0.093559
8530.5,0.770034,0.093373
8531.5,0.768137,0.093186
8532.5,0.766238,0.092999
8533.5,0.764339,0.092811
8534.5,0.762439,0.092622
8535.5,0.760540,0.092434
8536.5,0.758642,0.092245
8537.5,0.756746,0.092056
8538.5,0.754852,0.091867
8539.5,0.752960,0.091677
8540.5,0.751073,0.091488
8541.5,0.749189,0.091299
8542.5,0.747310,0.091110
8543.5,0.745437,0.090922
8544.5,0.743570,0.090734
8545.5,0.741709,0.090546
8546.5,0.739855,0.090359
8547.5,0.738010,0.090172
8548.5,0.736173,0.089986
8549.5,0.734344,0.089801
8550.5,0.732526,0.089616
8551.5,0.730717,0.089432
8552.5,0.728920,0.089249
8553.5,0.727134,0.089067
8554.5,0.725360,0.088886
8555.5,0.723598,0.088706
8556.5,0.721850,0.088527
8557.5,0.720115,0.088349
8558.5,0.718395,0.088172
8559.5,0.716690,0.087996
8560.5,0.715000,0.087822
8561.5,0.713326,0.087649
8562.5,0.711669,0.087477
8563.5,0.710029,0.087306
8564.5,0.708406,0.087137
8565.5,0.706802,0.086969
8566.5,0.705217,0.086802
8567.5,0.703650,0.086637
8568.5,0.702104,0.086473
8569.5,0.700578,0.086311
8570.5,0.699072,0.086151
8571.5,0.697588,0.085992
8572.5,0.696126,0.085834
8573.5,0.694685,0.085678
8574.5,0.693268,0.085524
8575.5,0.691873,0.085372
8576.5,0.690503,0.085221
8577.5,0.689156,0.085072
8578.5,0.687833,0.084925
8579.5,0.686536,0.084780
8580.5,0.685264,0.084637
8581.5,0.684018,0.084495
8582.5,0.682797,0.084356
8583.5,0.681604,0.084218
8584.5,0.680437,0.084083
8585.5,0.679297,0.083950
8586.5,0.678186,0.083818
8587.5,0.677102,0.083689
8588.5,0.676046,0.083563
8589.5,0.675019,0.083438
8590.5,0.674021,0.083316
8591.5,0.673052,0.083196
8592.5,0.672113,0.083079
8593.5,0.671204,0.082964
8594.5,0.670324,0.082852
8595.5,0.669475,0.082742
8596.5,0.668657,0.082635
8597.5,0.667869,0.082531
8598.5,0.667112,0.082430
8599.5,0.666387,0.082331
8600.5,0.665693,0.082236
8601.5,0.665031,0.082143
8602.5,0.664400,0.082054
8603.5,0.663801,0.081967
8604.5,0.663234,0.081884
8605.5,0.662700,0.081804
8606.5,0.662197,0.081727
8607.5,0.661727,0.081654
8608.5,0.661290,0.081584
8609.5,0.660885,0.081518
8610.5,0.660512,0.081455
8611.5,0.660172,0.081396
8612.5,0.659865,0.081341
8613.5,0.659590,0.081290
8614.5,0.659347,0.081242
8615.5,0.659138,0.081198
8616.5,0.658960,0.081158
8617.5,0.658815,0.081122
8618.5,0.658703,0.081090
8619.5,0.658623,0.081062
8620.5,0.658574,0.081039
8621.5,0.658558,0.081019
8622.5,0.658574,0.081004
8623.5,0.658621,0.080993
8624.5,0.658700,0.080986
8625.5,0.658810,0.080984
8626.5,0.658951,0.080986
8627.5,0.659123,0.080992
8628.5,0.659326,0.081002
8629.5,0.659559,0.081017
8630.5,0.659822,0.081037
8631.5,0.660115,0.081060
8632.5,0.660437,0.081089
8633.5,0.660789,0.081121
8634.5,0.661169,0.081158
8635.5,0.661578,0.081199
8636.5,0.662015,0.081244
8637.5,0.662479,0.081294
8638.5,0.662971,0.081348
8639.5,0.663490,0.081406
8640.5,0.664035,0.081469
8641.5,0.664606,0.081535
8642.5,0.665203,0.081606
8643.5,0.665824,0.081680
8644.5,0.666470,0.081759
8645.5,0.667141,0.081841
8646.5,0.667834,0.081928
8647.5,0.668551,0.082017
8648.5,0.669290,0.082111
8649.5,0.670051,0.082208
8650.5,0.670833,0.082309
8651.5,0.671636,0.082412
8652.5,0.672459,0.082519
8653.5,0.673302,0.082630
8654.5,0.674163,0.082743
8655.5,0.675043,0.082859
8656.5,0.675940,0.082978
8657.5,0.676855,0.083100
8658.5,0.677785,0.083224
8659.5,0.678732,0.083350
8660.5,0.679693,0.083479
8661.5,0.680669,0.083610
8662.5,0.681658,0.083743
8663.5,0.682661,0.083878
8664.5,0.683675,0.084015
8665.5,0.684702,0.084153
8666.5,0.685739,0.084293
8667.5,0.686786,0.084434
8668.5,0.687843,0.084576
8669.5,0.688908,0.084719
8670.5,0.689982,0.084863
8671.5,0.691063,0.085008
8672.5,0.692150,0.085154
8673.5,0.693243,0.085299
8674.5,0.694342,0.085445
8675.5,0.695445,0.085592
8676.5,0.696552,0.085738
8677.5,0.697662,0.085884
8678.5,0.698774,0.086030
8679.5,0.699888,0.086176
8680.5,0.701003,0.086320
8681.5,0.702119,0.086465
8682.5,0.703234,0.086608
8683.5,0.704348,0.086750
8684.5,0.705460,0.086892
8685.5,0.706570,0.087032
8686.5,0.707677,0.087171
8687.5,0.708780,0.087308
8688.5,0.709879,0.087444
8689.5,0.710973,0.087578
8690.5,0.712061,0.087710
8691.5,0.713144,0.087840
8692.5,0.714220,0.087968
8693.5,0.715288,0.088095
8694.5,0.716349,0.088218
8695.5,0.717402,0.088340
8696.5,0.718446,0.088459
8697.5,0.719480,0.088576
8698.5,0.720505,0.088690
8699.5,0.721519,0.088801
8700.5,0.722523,0.088910
8701.5,0.723515,0.089015
8702.5,0.724496,0.089118
8703.5,0.725465,0.089218
8704.5,0.726422,0.089315
8705.5,0.727366,0.089409
8706.5,0.728296,0.089499
8707.5,0.729214,0.089587
8708.5,0.730117,0.089671
8709.5,0.731007,0.089752
8710.5,0.731882,0.089830
8711.5,0.732744,0.089904
8712.5,0.733590,0.089975
8713.5,0.734421,0.090042
8714.5,0.735238,0.090106
8715.5,0.736039,0.090167
8716.5,0.736825,0.090224
8717.5,0.737596,0.090277
8718.5,0.738351,0.090327
8719.5,0.739090,0.090374
8720.5,0.739814,0.090417
8721.5,0.740523,0.090456
8722.5,0.741215,0.090492
8723.5,0.741893,0.090525
8724.5,0.742555,0.090554
8725.5,0.743201,0.090579
8726.5,0.743832,0.090601
8727.5,0.744448,0.090620
8728.5,0.745049,0.090635
8729.5,0.745635,0.090647
8730.5,0.746207,0.090655
8731.5,0.746764,0.090660
8732.5,0.747307,0.090662
8733.5,0.747836,0.090660
8734.5,0.748351,0.090655
8735.5,0.748854,0.090648
8736.5,0.749343,0.090636
8737.5,0.749819,0.090622
8738.5,0.750283,0.090605
8739.5,0.750735,0.090585
8740.5,0.751176,0.090562
8741.5,0.751605,0.090536
8742.5,0.752024,0.090508
8743.5,0.752433,0.090476
8744.5,0.752831,0.090442
8745.5,0.753221,0.090406
8746.5,0.753602,0.090367
8747.5,0.753974,0.090326
8748.5,0.754339,0.090282
8749.5,0.754696,0.090236
8750.5,0.755047,0.090188
8751.5,0.755392,0.090138
8752.5,0.755731,0.090086
8753.5,0.756065,0.090032
8754.5,0.756395,0.089977
8755.5,0.756721,0.089920
8756.5,0.757044,0.089861
8757.5,0.757364,0.089801
8758.5,0.757683,0.089740
8759.5,0.758000,0.089677
8760.5,0.758316,0.089614
8761.5,0.758632,0.089550
8762.5,0.758949,0.089484
8763.5,0.759268,0.089419
8764.5,0.759588,0.089352
8765.5,0.759910,0.089286
8766.5,0.760236,0.089219
8767.5,0.760565,0.089152
8768.5,0.760899,0.089085
8769.5,0.761238,0.089018
8770.5,0.761583,0.088952
8771.5,0.761933,0.088886
8772.5,0.762291,0.088820
8773.5,0.762656,0.088756
8774.5,0.763029,0.088692
8775.5,0.763411,0.088630
8776.5,0.763802,0.088569
8777.5,0.764203,0.088509
8778.5,0.764615,0.088451
8779.5,0.765037,0.088394
8780.5,0.765470,0.088340
8781.5,0.765916,0.088287
8782.5,0.766374,0.088237
8783.5,0.766845,0.088189
8784.5,0.767329,0.088143
8785.5,0.767827,0.088101
8786.5,0.768340,0.088061
8787.5,0.768867,0.088024
8788.5,0.769409,0.087990
8789.5,0.769967,0.087959
8790.5,0.770540,0.087932
8791.5,0.771130,0.087908
8792.5,0.771736,0.087888
8793.5,0.772358,0.087872
8794.5,0.772998,0.087860
8795.5,0.773655,0.087851
8796.5,0.774329,0.087847
8797.5,0.775021,0.087847
8798.5,0.775731,0.087852
8799.5,0.776459,0.087861
8800.5,0.777205,0.087874
8801.5,0.777969,0.087893
8802.5,0.778751,0.087915
8803.5,0.779551,0.087943
8804.5,0.780370,0.087976
8805.5,0.781207,0.088013
8806.5,0.782062,0.088056
8807.5,0.782936,0.088103
8808.5,0.783827,0.088155
8809.5,0.784737,0.088213
8810.5,0.785664,0.088275
8811.5,0.786609,0.088343
8812.5,0.787571,0.088416
8813.5,0.788550,0.088493
8814.5,0.789546,0.088576
8815.5,0.790559,0.088664
8816.5,0.791588,0.088757
8817.5,0.792634,0.088854
8818.5,0.793694,0.088957
8819.5,0.794770,0.089064
8820.5,0.795861,0.089176
8821.5,0.796966,0.089293
8822.5,0.798085,0.089414
8823.5,0.799218,0.089539
8824.5,0.800363,0.089669
8825.5,0.801521,0.089803
8826.5,0.802691,0.089942
8827.5,0.803871,0.090084
8828.5,0.805063,0.090230
8829.5,0.806264,0.090379
8830.5,0.807475,0.090532
8831.5,0.808695,0.090689
8832.5,0.809923,0.090849
8833.5,0.811158,0.091011
8834.5,0.812399,0.091177
8835.5,0.813647,0.091345
8836.5,0.814900,0.091516
8837.5,0.816157,0.091689
8838.5,0.817418,0.091864
8839.5,0.818681,0.092041
8840.5,0.819947,0.092220
8841.5,0.821214,0.092400
8842.5,0.822482,0.092581
8843.5,0.823749,0.092764
8844.5,0.825015,0.092947
8845.5,0.826279,0.093131
8846.5,0.827540,0.093316
8847.5,0.828798,0.093501
8848.5,0.830051,0.093685
8849.5,0.831298,0.093870
8850.5,0.832540,0.094054
8851.5,0.833774,0.094238
8852.5,0.835000,0.094421
8853.5,0.836217,0.094602
8854.5,0.837425,0.094783
8855.5,0.838622,0.094962
8856.5,0.839808,0.095140
8857.5,0.840981,0.095315
8858.5,0.842142,0.095489
8859.5,0.843289,0.095660
8860.5,0.844421,0.095830
8861.5,0.845537,0.095996
8862.5,0.846637,0.096160
8863.5,0.847721,0.096321
8864.5,0.848786,0.096479
8865.5,0.849833,0.096633
8866.5,0.850861,0.096785
8867.5,0.851868,0.096932
8868.5,0.852855,0.097077
8869.5,0.853821,0.097217
8870.5,0.854764,0.097353
8871.5,0.855685,0.097485
8872.5,0.856582,0.097613
8873.5,0.857455,0.097737
8874.5,0.858304,0.097856
8875.5,0.859128,0.097971
8876.5,0.859926,0.098081
8877.5,0.860697,0.098187
8878.5,0.861442,0.098288
8879.5,0.862160,0.098384
8880.5,0.862850,0.098475
8881.5,0.863512,0.098561
8882.5,0.864145,0.098642
8883.5,0.864750,0.098718
8884.5,0.865325,0.098788
8885.5,0.865871,0.098854
8886.5,0.866387,0.098915
8887.5,0.866873,0.098970
8888.5,0.867328,0.099020
8889.5,0.867753,0.099065
8890.5,0.868148,0.099105
8891.5,0.868511,0.099139
8892.5,0.868843,0.099168
8893.5,0.869145,0.099192
8894.5,0.869415,0.099211
8895.5,0.869654,0.099225
8896.5,0.869862,0.099234
8897.5,0.870039,0.099238
8898.5,0.870184,0.099236
8899.5,0.870299,0.099230
8900.5,0.870382,0.099219
8901.5,0.870435,0.099203
8902.5,0.870457,0.099182
8903.5,0.870449,0.099157
8904.5,0.870411,0.099127
8905.5,0.870342,0.099092
8906.5,0.870244,0.099053
8907.5,0.870117,0.099010
8908.5,0.869961,0.098963
8909.5,0.869776,0.098911
8910.5,0.869563,0.098855
8911.5,0.869321,0.098795
8912.5,0.869053,0.098732
8913.5,0.868758,0.098664
8914.5,0.868436,0.098594
8915.5,0.868088,0.098519
8916.5,0.867715,0.098441
8917.5,0.867317,0.098360
8918.5,0.866894,0.098276
8919.5,0.866448,0.098189
8920.5,0.865979,0.098099
8921.5,0.865488,0.098006
8922.5,0.864975,0.097911
8923.5,0.864441,0.097813
8924.5,0.863886,0.097713
8925.5,0.863312,0.097610
8926.5,0.862718,0.097506
8927.5,0.862107,0.097399
8928.5,0.861478,0.097291
8929.5,0.860832,0.097181
8930.5,0.860171,0.097069
8931.5,0.859494,0.096957
8932.5,0.858804,0.096843
8933.5,0.858099,0.096727
8934.5,0.857382,0.096611
8935.5,0.856654,0.096494
8936.5,0.855914,0.096377
8937.5,0.855164,0.096258
8938.5,0.854405,0.096140
8939.5,0.853638,0.096021
8940.5,0.852863,0.095902
8941.5,0.852082,0.095783
8942.5,0.851294,0.095664
8943.5,0.850502,0.095545
8944.5,0.849706,0.095427
8945.5,0.848907,0.095309
8946.5,0.848106,0.095192
8947.5,0.847303,0.095076
8948.5,0.846500,0.094961
8949.5,0.845697,0.094846
8950.5,0.844895,0.094733
8951.5,0.844096,0.094621
8952.5,0.843300,0.094510
8953.5,0.842507,0.094401
8954.5,0.841719,0.094293
8955.5,0.840937,0.094187
8956.5,0.840161,0.094083
8957.5,0.839392,0.093981
8958.5,0.838632,0.093881
8959.5,0.837880,0.093783
8960.5,0.837138,0.093687
8961.5,0.836406,0.093593
8962.5,0.835686,0.093502
8963.5,0.834977,0.093413
8964.5,0.834282,0.093326
8965.5,0.833599,0.093243
8966.5,0.832931,0.093161
8967.5,0.832278,0.093083
8968.5,0.831640,0.093007
8969.5,0.831019,0.092935
8970.5,0.830415,0.092865
8971.5,0.829828,0.092798
8972.5,0.829259,0.092734
8973.5,0.828709,0.092673
8974.5,0.828179,0.092616
8975.5,0.827668,0.092561
8976.5,0.827178,0.092510
8977.5,0.826709,0.092461
8978.5,0.826262,0.092417
8979.5,0.825837,0.092375
8980.5,0.825434,0.092336
8981.5,0.825055,0.092301
8982.5,0.824699,0.092269
8983.5,0.824367,0.092241
8984.5,0.824059,0.092215
8985.5,0.823776,0.092193
8986.5,0.823517,0.092175
8987.5,0.823285,0.092159
8988.5,0.823078,0.092147
8989.5,0.822896,0.092138
8990.5,0.822742,0.092132
8991.5,0.822613,0.092130
8992.5,0.822512,0.092130
8993.5,0.822437,0.092134
8994.5,0.822389,0.092141
8995.5,0.822369,0.092151
8996.5,0.822376,0.092164
8997.5,0.822411,0.092180
8998.5,0.822474,0.092199
8999.5,0.822564,0.092220
9000.5,0.822682,0.092245
9001.5,0.822828,0.092272
9002.5,0.823001,0.092303
9003.5,0.823203,0.092335
9004.5,0.823432,0.092371
9005.5,0.823689,0.092409
9006.5,0.823974,0.092449
9007.5,0.824286,0.092492
9008.5,0.824626,0.092537
9009.5,0.824993,0.092585
9010.5,0.825387,0.092635
9011.5,0.825809,0.092687
9012.5,0.826257,0.092741
9013.5,0.826732,0.092797
9014.5,0.827234,0.092855
9015.5,0.827761,0.092915
9016.5,0.828315,0.092977
9017.5,0.828894,0.093040
9018.5,0.829498,0.093105
9019.5,0.830128,0.093172
9020.5,0.830782,0.093241
9021.5,0.831460,0.093310
9022.5,0.832163,0.093382
9023.5,0.832889,0.093454
9024.5,0.833638,0.093528
9025.5,0.834410,0.093603
9026.5,0.835204,0.093680
9027.5,0.836020,0.093757
9028.5,0.836858,0.093835
9029.5,0.837716,0.093914
9030.5,0.838595,0.093995
9031.5,0.839494,0.094076
9032.5,0.840412,0.094158
9033.5,0.841349,0.094240
9034.5,0.842304,0.094323
9035.5,0.843278,0.094407
9036.5,0.844268,0.094492
9037.5,0.845275,0.094577
9038.5,0.846299,0.094662
9039.5,0.847338,0.094748
9040.5,0.848391,0.094835
9041.5,0.849459,0.094921
9042.5,0.850541,0.095008
9043.5,0.851635,0.095096
9044.5,0.852742,0.095183
9045.5,0.853860,0.095271
9046.5,0.854990,0.095359
9047.5,0.856130,0.095446
9048.5,0.857280,0.095535
9049.5,0.858439,0.095623
9050.5,0.859606,0.095711
9051.5,0.860781,0.095799
9052.5,0.861963,0.095887
9053.5,0.863151,0.095975
9054.5,0.864344,0.096063
9055.5,0.865543,0.096150
9056.5,0.866746,0.096238
9057.5,0.867952,0.096325
9058.5,0.869161,0.096413
9059.5,0.870372,0.096500
9060.5,0.871585,0.096586
9061.5,0.872798,0.096673
9062.5,0.874011,0.096759
9063.5,0.875223,0.096845
9064.5,0.876434,0.096930
9065.5,0.877642,0.097015
9066.5,0.878848,0.097100
9067.5,0.880050,0.097184
9068.5,0.881247,0.097268
9069.5,0.882439,0.097351
9070.5,0.883626,0.097434
9071.5,0.884806,0.097516
9072.5,0.885979,0.097598
9073.5,0.887144,0.097679
9074.5,0.888300,0.097759
9075.5,0.889447,0.097839
9076.5,0.890584,0.097918
9077.5,0.891711,0.097997
9078.5,0.892827,0.098074
9079.5,0.893930,0.098151
9080.5,0.895021,0.098227
9081.5,0.896098,0.098303
9082.5,0.897162,0.098377
9083.5,0.898211,0.098450
9084.5,0.899245,0.098523
9085.5,0.900264,0.098594
9086.5,0.901266,0.098665
9087.5,0.902251,0.098734
9088.5,0.903218,0.098803
9089.5,0.904167,0.098870
9090.5,0.905098,0.098936
9091.5,0.906010,0.099000
9092.5,0.906901,0.099064
9093.5,0.907772,0.099126
9094.5,0.908623,0.099187
9095.5,0.909452,0.099246
9096.5,0.910259,0.099304
9097.5,0.911044,0.099361
9098.5,0.911806,0.099415
9099.5,0.912545,0.099469
9100.5,0.913260,0.099520
9101.5,0.913951,0.099570
9102.5,0.914617,0.099619
9103.5,0.915258,0.099665
9104.5,0.915874,0.099710
9105.5,0.916464,0.099752
9106.5,0.917028,0.099793
9107.5,0.917566,0.099832
9108.5,0.918076,0.099869
9109.5,0.918560,0.099904
9110.5,0.919016,0.099936
9111.5,0.919445,0.099967
9112.5,0.919845,0.099995
9113.5,0.920217,0.100021
9114.5,0.920561,0.100044
9115.5,0.920876,0.100066
9116.5,0.921162,0.100085
9117.5,0.921419,0.100101
9118.5,0.921647,0.100115
9119.5,0.921845,0.100126
9120.5,0.922013,0.100135
9121.5,0.922152,0.100142
9122.5,0.922262,0.100145
9123.5,0.922341,0.100147
9124.5,0.922390,0.100145
9125.5,0.922410,0.100141
9126.5,0.922399,0.100134
9127.5,0.922358,0.100124
9128.5,0.922287,0.100111
9129.5,0.922186,0.100096
9130.5,0.922055,0.100077
9131.5,0.921894,0.100056
9132.5,0.921703,0.100032
9133.5,0.921482,0.100006
9134.5,0.921231,0.099976
9135.5,0.920951,0.099943
9136.5,0.920641,0.099908
9137.5,0.920302,0.099869
9138.5,0.919933,0.099828
9139.5,0.919536,0.099784
9140.5,0.919109,0.099737
9141.5,0.918654,0.099687
9142.5,0.918171,0.099634
9143.5,0.917659,0.099578
9144.5,0.917120,0.099520
9145.5,0.916553,0.099459
9146.5,0.915958,0.099394
9147.5,0.915336,0.099328
9148.5,0.914688,0.099258
9149.5,0.914013,0.099186
9150.5,0.913312,0.099111
9151.5,0.912585,0.099033
9152.5,0.911833,0.098953
9153.5,0.911056,0.098871
9154.5,0.910254,0.098786
9155.5,0.909428,0.098698
9156.5,0.908578,0.098608
9157.5,0.907705,0.098516
9158.5,0.906809,0.098421
9159.5,0.905890,0.098325
9160.5,0.904950,0.098226
9161.5,0.903988,0.098125
9162.5,0.903004,0.098022
9163.5,0.902000,0.097917
9164.5,0.900976,0.097810
9165.5,0.899933,0.097702
9166.5,0.898870,0.097591
9167.5,0.897789,0.097479
9168.5,0.896690,0.097366
9169.5,0.895573,0.097251
9170.5,0.894439,0.097134
9171.5,0.893289,0.097016
9172.5,0.892123,0.096897
9173.5,0.890942,0.096777
9174.5,0.889746,0.096656
9175.5,0.888536,0.096533
9176.5,0.887313,0.096410
9177.5,0.886076,0.096286
9178.5,0.884827,0.096161
9179.5,0.883567,0.096035
9180.5,0.882295,0.095909
9181.5,0.881012,0.095783
9182.5,0.879719,0.095655
9183.5,0.878417,0.095528
9184.5,0.877106,0.095400
9185.5,0.875787,0.095273
9186.5,0.874460,0.095145
9187.5,0.873126,0.095017
9188.5,0.871786,0.094889
9189.5,0.870439,0.094761
9190.5,0.869088,0.094634
9191.5,0.867731,0.094506
9192.5,0.866371,0.094379
9193.5,0.865007,0.094253
9194.5,0.863640,0.094127
9195.5,0.862271,0.094001
9196.5,0.860900,0.093877
9197.5,0.859528,0.093752
9198.5,0.858155,0.093629
9199.5,0.856782,0.093506
9200.5,0.855410,0.093385
9201.5,0.854039,0.093264
9202.5,0.852669,0.093144
9203.5,0.851302,0.093025
9204.5,0.849937,0.092907
9205.5,0.848575,0.092790
9206.5,0.847218,0.092674
9207.5,0.845864,0.092559
9208.5,0.844515,0.092446
9209.5,0.843172,0.092333
9210.5,0.841834,0.092222
9211.5,0.840503,0.092113
9212.5,0.839178,0.092004
9213.5,0.837860,0.091897
9214.5,0.836551,0.091791
9215.5,0.835249,0.091687
9216.5,0.833956,0.091583
9217.5,0.832672,0.091482
9218.5,0.831397,0.091381
9219.5,0.830132,0.091282
9220.5,0.828877,0.091185
9221.5,0.827634,0.091089
9222.5,0.826401,0.090994
9223.5,0.825179,0.090901
9224.5,0.823969,0.090809
9225.5,0.822772,0.090718
9226.5,0.821586,0.090629
9227.5,0.820414,0.090542
9228.5,0.819255,0.090456
9229.5,0.818109,0.090371
9230.5,0.816977,0.090288
9231.5,0.815859,0.090206
9232.5,0.814755,0.090126
9233.5,0.813665,0.090047
9234.5,0.812591,0.089970
9235.5,0.811531,0.089894
9236.5,0.810487,0.089819
9237.5,0.809458,0.089747
9238.5,0.808445,0.089675
9239.5,0.807447,0.089605
9240.5,0.806466,0.089536
9241.5,0.805501,0.089469
9242.5,0.804552,0.089404
9243.5,0.803619,0.089340
9244.5,0.802703,0.089277
9245.5,0.801804,0.089216
9246.5,0.800922,0.089156
9247.5,0.800056,0.089098
9248.5,0.799208,0.089041
9249.5,0.798376,0.088986
9250.5,0.797562,0.088933
9251.5,0.796764,0.088881
9252.5,0.795984,0.088831
9253.5,0.795221,0.088782
9254.5,0.794475,0.088735
9255.5,0.793746,0.088689
9256.5,0.793034,0.088645
9257.5,0.792340,0.088603
9258.5,0.791662,0.088562
9259.5,0.791001,0.088523
9260.5,0.790357,0.088486
9261.5,0.789730,0.088451
9262.5,0.789120,0.088417
9263.5,0.788526,0.088385
9264.5,0.787948,0.088355
9265.5,0.787387,0.088326
9266.5,0.786843,0.088300
9267.5,0.786314,0.088275
9268.5,0.785801,0.088252
9269.5,0.785303,0.088231
9270.5,0.784821,0.088212
9271.5,0.784354,0.088194
9272.5,0.783903,0.088179
9273.5,0.783466,0.088165
9274.5,0.783044,0.088154
9275.5,0.782636,0.088144
9276.5,0.782242,0.088136
9277.5,0.781862,0.088130
9278.5,0.781496,0.088126
9279.5,0.781142,0.088124
9280.5,0.780802,0.088124
9281.5,0.780474,0.088126
9282.5,0.780159,0.088129
9283.5,0.779856,0.088135
9284.5,0.779564,0.088142
9285.5,0.779284,0.088151
9286.5,0.779015,0.088162
9287.5,0.778756,0.088175
9288.5,0.778508,0.088190
9289.5,0.778270,0.088206
9290.5,0.778041,0.088224
9291.5,0.777821,0.088244
9292.5,0.777610,0.088265
9293.5,0.777407,0.088288
9294.5,0.777213,0.088313
9295.5,0.777025,0.088339
9296.5,0.776845,0.088367
9297.5,0.776672,0.088396
9298.5,0.776505,0.088426
9299.5,0.776344,0.088457
9300.5,0.776188,0.088490
9301.5,0.776037,0.088524
9302.5,0.775891,0.088559
9303.5,0.775748,0.088595
9304.5,0.775610,0.088632
9305.5,0.775474,0.088670
9306.5,0.775342,0.088709
9307.5,0.775211,0.088749
9308.5,0.775083,0.088789
9309.5,0.774955,0.088829
9310.5,0.774829,0.088870
9311.5,0.774703,0.088912
9312.5,0.774577,0.088954
9313.5,0.774451,0.088996
9314.5,0.774323,0.089038
9315.5,0.774195,0.089080
9316.5,0.774064,0.089123
9317.5,0.773931,0.089165
9318.5,0.773796,0.089206
9319.5,0.773657,0.089248
9320.5,0.773514,0.089289
9321.5,0.773368,0.089330
9322.5,0.773217,0.089370
9323.5,0.773061,0.089409
9324.5,0.772899,0.089447
9325.5,0.772732,0.089485
9326.5,0.772559,0.089522
9327.5,0.772378,0.089557
9328.5,0.772191,0.089592
9329.5,0.771996,0.089625
9330.5,0.771794,0.089657
9331.5,0.771583,0.089688
9332.5,0.771363,0.089717
9333.5,0.771135,0.089745
9334.5,0.770896,0.089771
9335.5,0.770649,0.089796
9336.5,0.770391,0.089819
9337.5,0.770122,0.089840
9338.5,0.769843,0.089859
9339.5,0.769552,0.089876
9340.5,0.769250,0.089891
9341.5,0.768936,0.089905
9342.5,0.768610,0.089916
9343.5,0.768272,0.089925
9344.5,0.767921,0.089932
9345.5,0.767557,0.089937
9346.5,0.767179,0.089939
9347.5,0.766788,0.089939
9348.5,0.766384,0.089937
9349.5,0.765965,0.089933
9350.5,0.765532,0.089926
9351.5,0.765085,0.089917
9352.5,0.764623,0.089905
9353.5,0.764146,0.089891
9354.5,0.763654,0.089875
9355.5,0.763147,0.089856
9356.5,0.762625,0.089834
9357.5,0.762087,0.089811
9358.5,0.761534,0.089784
9359.5,0.760965,0.089756
9360.5,0.760380,0.089724
9361.5,0.759779,0.089691
9362.5,0.759162,0.089655
9363.5,0.758529,0.089616
9364.5,0.757879,0.089576
9365.5,0.757214,0.089532
9366.5,0.756532,0.089487
9367.5,0.755833,0.089439
9368.5,0.755119,0.089389
9369.5,0.754388,0.089336
9370.5,0.753641,0.089282
9371.5,0.752877,0.089225
9372.5,0.752097,0.089166
9373.5,0.751301,0.089104
9374.5,0.750488,0.089041
9375.5,0.749660,0.088975
9376.5,0.748815,0.088908
9377.5,0.747954,0.088839
9378.5,0.747077,0.088767
9379.5,0.746184,0.088694
9380.5,0.745276,0.088619
9381.5,0.744352,0.088542
9382.5,0.743412,0.088463
9383.5,0.742457,0.088382
9384.5,0.741487,0.088300
9385.5,0.740502,0.088216
9386.5,0.739502,0.088131
9387.5,0.738487,0.088044
9388.5,0.737458,0.087956
9389.5,0.736414,0.087866
9390.5,0.735356,0.087774
9391.5,0.734285,0.087682
9392.5,0.733199,0.087588
9393.5,0.732100,0.087493
9394.5,0.730988,0.087396
9395.5,0.729862,0.087299
9396.5,0.728724,0.087200
9397.5,0.727573,0.087101
9398.5,0.726410,0.087000
9399.5,0.725235,0.086898
9400.5,0.724048,0.086796
9401.5,0.722849,0.086692
9402.5,0.721639,0.086588
9403.5,0.720419,0.086483
9404.5,0.719187,0.086377
9405.5,0.717945,0.086271
9406.5,0.716693,0.086164
9407.5,0.715431,0.086056
9408.5,0.714160,0.085948
9409.5,0.712880,0.085839
9410.5,0.711590,0.085729
9411.5,0.710292,0.085619
9412.5,0.708986,0.085509
9413.5,0.707672,0.085398
9414.5,0.706350,0.085287
9415.5,0.705021,0.085176
9416.5,0.703685,0.085064
9417.5,0.702342,0.084952
9418.5,0.700993,0.084840
9419.5,0.699638,0.084727
9420.5,0.698277,0.084614
9421.5,0.696911,0.084502
9422.5,0.695540,0.084389
9423.5,0.694164,0.084276
9424.5,0.692784,0.084163
9425.5,0.691399,0.084050
9426.5,0.690011,0.083936
9427.5,0.688620,0.083823
9428.5,0.687225,0.083710
9429.5,0.685828,0.083597
9430.5,0.684428,0.083484
9431.5,0.683027,0.083372
9432.5,0.681623,0.083259
9433.5,0.680218,0.083146
9434.5,0.678812,0.083034
9435.5,0.677406,0.082922
9436.5,0.675999,0.082810
9437.5,0.674591,0.082698
9438.5,0.673184,0.082586
9439.5,0.671777,0.082475
9440.5,0.670372,0.082364
9441.5,0.668967,0.082254
9442.5,0.667564,0.082143
9443.5,0.666163,0.082034
9444.5,0.664763,0.081924
9445.5,0.663366,0.081815
9446.5,0.661972,0.081706
9447.5,0.660581,0.081598
9448.5,0.659193,0.081490
9449.5,0.657808,0.081382
9450.5,0.656428,0.081275
9451.5,0.655051,0.081168
9452.5,0.653680,0.081062
9453.5,0.652312,0.080957
9454.5,0.650950,0.080852
9455.5,0.649594,0.080747
9456.5,0.648242,0.080643
9457.5,0.646897,0.080540
9458.5,0.645558,0.080437
9459.5,0.644225,0.080334
9460.5,0.642899,0.080233
9461.5,0.641580,0.080132
9462.5,0.640269,0.080031
9463.5,0.638965,0.079931
9464.5,0.637668,0.079832
9465.5,0.636380,0.079734
9466.5,0.635100,0.079636
9467.5,0.633828,0.079539
9468.5,0.632566,0.079442
9469.5,0.631312,0.079346
9470.5,0.630068,0.079251
9471.5,0.628833,0.079157
9472.5,0.627609,0.079063
9473.5,0.626394,0.078970
9474.5,0.625190,0.078878
9475.5,0.623996,0.078787
9476.5,0.622813,0.078696
9477.5,0.621642,0.078606
9478.5,0.620481,0.078517
9479.5,0.619332,0.078428
9480.5,0.618195,0.078341
9481.5,0.617071,0.078254
9482.5,0.615958,0.078168
9483.5,0.614858,0.078083
9484.5,0.613771,0.077998
9485.5,0.612697,0.077915
9486.5,0.611636,0.077832
9487.5,0.610588,0.077750
9488.5,0.609554,0.077669
9489.5,0.608535,0.077589
9490.5,0.607529,0.077509
9491.5,0.606538,0.077430
9492.5,0.605562,0.077353
9493.5,0.604600,0.077276
9494.5,0.603654,0.077200
9495.5,0.602723,0.077125
9496.5,0.601807,0.077050
9497.5,0.600908,0.076977
9498.5,0.600024,0.076904
9499.5,0.599157,0.076832
9500.5,0.598307,0.076762
9501.5,0.597473,0.076692
9502.5,0.596656,0.076623
9503.5,0.595856,0.076555
9504.5,0.595074,0.076487
9505.5,0.594310,0.076421
9506.5,0.593563,0.076356
9507.5,0.592835,0.076292
9508.5,0.592125,0.076228
9509.5,0.591434,0.076166
9510.5,0.590762,0.076104
9511.5,0.590109,0.076043
9512.5,0.589475,0.075984
9513.5,0.588861,0.075925
9514.5,0.588267,0.075868
9515.5,0.587692,0.075811
9516.5,0.587138,0.075756
9517.5,0.586605,0.075701
9518.5,0.586092,0.075648
9519.5,0.585601,0.075595
9520.5,0.585130,0.075544
9521.5,0.584681,0.075494
9522.5,0.584254,0.075445
9523.5,0.583849,0.075397
9524.5,0.583465,0.075350
9525.5,0.583105,0.075305
9526.5,0.582766,0.075261
9527.5,0.582451,0.075217
9528.5,0.582159,0.075176
9529.5,0.581890,0.075135
9530.5,0.581644,0.075096
9531.5,0.581422,0.075058
9532.5,0.581224,0.075021
9533.5,0.581051,0.074986
9534.5,0.580901,0.074952
9535.5,0.580776,0.074920
9536.5,0.580676,0.074889
9537.5,0.580601,0.074859
9538.5,0.580551,0.074831
9539.5,0.580527,0.074805
9540.5,0.580528,0.074780
9541.5,0.580555,0.074757
9542.5,0.580607,0.074735
9543.5,0.580686,0.074715
9544.5,0.580791,0.074697
9545.5,0.580923,0.074681
9546.5,0.581081,0.074666
9547.5,0.581266,0.074654
9548.5,0.581478,0.074643
9549.5,0.581717,0.074634
9550.5,0.581984,0.074627
9551.5,0.582277,0.074622
9552.5,0.582599,0.074619
9553.5,0.582948,0.074618
9554.5,0.583324,0.074620
9555.5,0.583729,0.074623
9556.5,0.584161,0.074629
9557.5,0.584622,0.074637
9558.5,0.585111,0.074647
9559.5,0.585628,0.074659
9560.5,0.586174,0.074674
9561.5,0.586748,0.074691
9562.5,0.587350,0.074711
9563.5,0.587981,0.074733
9564.5,0.588640,0.074758
9565.5,0.589328,0.074786
9566.5,0.590045,0.074816
9567.5,0.590790,0.074848
9568.5,0.591564,0.074883
9569.5,0.592366,0.074921
9570.5,0.593197,0.074962
9571.5,0.594056,0.075006
9572.5,0.594944,0.075052
9573.5,0.595861,0.075101
9574.5,0.596805,0.075154
9575.5,0.597778,0.075209
9576.5,0.598779,0.075267
9577.5,0.599809,0.075328
9578.5,0.600866,0.075392
9579.5,0.601951,0.075459
9580.5,0.603064,0.075529
9581.5,0.604204,0.075602
9582.5,0.605372,0.075678
9583.5,0.606566,0.075758
9584.5,0.607788,0.075840
9585.5,0.609037,0.075926
9586.5,0.610312,0.076014
9587.5,0.611614,0.076106
9588.5,0.612941,0.076201
9589.5,0.614294,0.076299
9590.5,0.615673,0.076401
9591.5,0.617077,0.076505
9592.5,0.618506,0.076613
9593.5,0.619960,0.076723
9594.5,0.621438,0.076837
9595.5,0.622940,0.076954
9596.5,0.624465,0.077074
9597.5,0.626013,0.077197
9598.5,0.627585,0.077323
9599.5,0.629178,0.077452
9600.5,0.630794,0.077584
9601.5,0.632431,0.077719
9602.5,0.634089,0.077857
9603.5,0.635767,0.077998
9604.5,0.637466,0.078142
9605.5,0.639184,0.078288
9606.5,0.640922,0.078437
9607.5,0.642678,0.078589
9608.5,0.644452,0.078744
9609.5,0.646243,0.078901
9610.5,0.648051,0.079061
9611.5,0.649876,0.079223
9612.5,0.651716,0.079388
9613.5,0.653572,0.079555
9614.5,0.655442,0.079724
9615.5,0.657326,0.079895
9616.5,0.659223,0.080069
9617.5,0.661132,0.080245
9618.5,0.663054,0.080422
9619.5,0.664987,0.080602
9620.5,0.666930,0.080783
9621.5,0.668883,0.080966
9622.5,0.670846,0.081151
9623.5,0.672817,0.081337
9624.5,0.674795,0.081525
9625.5,0.676781,0.081714
9626.5,0.678772,0.081904
9627.5,0.680769,0.082096
9628.5,0.682771,0.082289
9629.5,0.684777,0.082482
9630.5,0.686786,0.082677
9631.5,0.688797,0.082872
9632.5,0.690810,0.083068
9633.5,0.692823,0.083265
9634.5,0.694837,0.083462
9635.5,0.696850,0.083659
9636.5,0.698860,0.083857
9637.5,0.700869,0.084055
9638.5,0.702874,0.084252
9639.5,0.704875,0.084450
9640.5,0.706871,0.084648
9641.5,0.708861,0.084845
9642.5,0.710844,0.085042
9643.5,0.712820,0.085239
9644.5,0.714788,0.085435
9645.5,0.716746,0.085630
9646.5,0.718694,0.085824
9647.5,0.720632,0.086018
9648.5,0.722558,0.086210
9649.5,0.724471,0.086402
9650.5,0.726371,0.086592
9651.5,0.728257,0.086780
9652.5,0.730128,0.086968
9653.5,0.731983,0.087153
9654.5,0.733822,0.087337
9655.5,0.735642,0.087520
9656.5,0.737445,0.087700
9657.5,0.739229,0.087879
9658.5,0.740993,0.088055
9659.5,0.742736,0.088230
9660.5,0.744458,0.088402
9661.5,0.746158,0.088571
9662.5,0.747835,0.088739
9663.5,0.749488,0.088904
9664.5,0.751117,0.089066
9665.5,0.752720,0.089225
9666.5,0.754298,0.089382
9667.5,0.755850,0.089536
9668.5,0.757374,0.089687
9669.5,0.758870,0.089835
9670.5,0.760338,0.089979
9671.5,0.761777,0.090121
9672.5,0.763186,0.090259
9673.5,0.764564,0.090394
9674.5,0.765911,0.090526
9675.5,0.767227,0.090654
9676.5,0.768511,0.090779
9677.5,0.769761,0.090900
9678.5,0.770979,0.091017
9679.5,0.772163,0.091131
9680.5,0.773312,0.091241
9681.5,0.774427,0.091347
9682.5,0.775506,0.091449
9683.5,0.776550,0.091547
9684.5,0.777558,0.091641
9685.5,0.778529,0.091731
9686.5,0.779464,0.091817
9687.5,0.780361,0.091899
9688.5,0.781220,0.091977
9689.5,0.782042,0.092051
9690.5,0.782825,0.092120
9691.5,0.783570,0.092185
9692.5,0.784277,0.092246
9693.5,0.784944,0.092302
9694.5,0.785572,0.092354
9695.5,0.786161,0.092402
9696.5,0.786710,0.092445
9697.5,0.787220,0.092484
9698.5,0.787689,0.092518
9699.5,0.788119,0.092548
9700.5,0.788509,0.092573
9701.5,0.788859,0.092594
9702.5,0.789169,0.092610
9703.5,0.789439,0.092622
9704.5,0.789669,0.092630
9705.5,0.789859,0.092633
9706.5,0.790009,0.092631
9707.5,0.790119,0.092625
9708.5,0.790190,0.092614
9709.5,0.790221,0.092599
9710.5,0.790213,0.092579
9711.5,0.790165,0.092555
9712.5,0.790079,0.092527
9713.5,0.789953,0.092494
9714.5,0.789789,0.092456
9715.5,0.789587,0.092415
9716.5,0.789347,0.092368
9717.5,0.789069,0.092318
9718.5,0.788754,0.092263
9719.5,0.788402,0.092204
9720.5,0.788014,0.092141
9721.5,0.787589,0.092074
9722.5,0.787129,0.092002
9723.5,0.786633,0.091927
9724.5,0.786102,0.091847
9725.5,0.785537,0.091763
9726.5,0.784939,0.091676
9727.5,0.784307,0.091584
9728.5,0.783642,0.091489
9729.5,0.782944,0.091390
9730.5,0.782215,0.091287
9731.5,0.781455,0.091181
9732.5,0.780665,0.091071
9733.5,0.779845,0.090957
9734.5,0.778995,0.090840
9735.5,0.778117,0.090720
9736.5,0.777211,0.090596
9737.5,0.776278,0.090470
9738.5,0.775318,0.090340
9739.5,0.774333,0.090207
9740.5,0.773322,0.090072
9741.5,0.772287,0.089933
9742.5,0.771228,0.089792
9743.5,0.770146,0.089648
9744.5,0.769042,0.089502
9745.5,0.767917,0.089353
9746.5,0.766771,0.089202
9747.5,0.765605,0.089048
9748.5,0.764420,0.088893
9749.5,0.763217,0.088735
9750.5,0.761997,0.088576
9751.5,0.760760,0.088415
9752.5,0.759507,0.088252
9753.5,0.758239,0.088087
9754.5,0.756957,0.087921
9755.5,0.755661,0.087754
9756.5,0.754353,0.087586
9757.5,0.753034,0.087416
9758.5,0.751703,0.087246
9759.5,0.750362,0.087075
9760.5,0.749012,0.086903
9761.5,0.747654,0.086731
9762.5,0.746288,0.086558
9763.5,0.744915,0.086385
9764.5,0.743536,0.086211
9765.5,0.742152,0.086038
9766.5,0.740764,0.085865
9767.5,0.739372,0.085691
9768.5,0.737977,0.085519
9769.5,0.736581,0.085346
9770.5,0.735183,0.085174
9771.5,0.733784,0.085003
9772.5,0.732386,0.084833
9773.5,0.730989,0.084664
9774.5,0.729594,0.084496
9775.5,0.728202,0.084329
9776.5,0.726812,0.084163
9777.5,0.725427,0.083999
9778.5,0.724046,0.083837
9779.5,0.722670,0.083676
9780.5,0.721301,0.083517
9781.5,0.719938,0.083360
9782.5,0.718582,0.083205
9783.5,0.717235,0.083052
9784.5,0.715895,0.082901
9785.5,0.714565,0.082753
9786.5,0.713245,0.082607
9787.5,0.711935,0.082464
9788.5,0.710635,0.082323
9789.5,0.709347,0.082185
9790.5,0.708071,0.082050
9791.5,0.706807,0.081918
9792.5,0.705556,0.081789
9793.5,0.704318,0.081663
9794.5,0.703093,0.081540
9795.5,0.701883,0.081421
9796.5,0.700687,0.081304
9797.5,0.699506,0.081191
9798.5,0.698340,0.081082
9799.5,0.697189,0.080976
9800.5,0.696055,0.080873
9801.5,0.694936,0.080774
9802.5,0.693833,0.080679
9803.5,0.692748,0.080587
9804.5,0.691678,0.080499
9805.5,0.690626,0.080415
9806.5,0.689591,0.080334
9807.5,0.688573,0.080257
9808.5,0.687573,0.080184
9809.5,0.686590,0.080115
9810.5,0.685624,0.080050
9811.5,0.684676,0.079988
9812.5,0.683746,0.079930
9813.5,0.682833,0.079877
9814.5,0.681938,0.079826
9815.5,0.681061,0.079780
9816.5,0.680201,0.079737
9817.5,0.679359,0.079699
9818.5,0.678533,0.079664
9819.5,0.677725,0.079632
9820.5,0.676935,0.079605
9821.5,0.676160,0.079581
9822.5,0.675403,0.079560
9823.5,0.674662,0.079543
9824.5,0.673937,0.079530
9825.5,0.673229,0.079520
9826.5,0.672535,0.079513
9827.5,0.671858,0.079510
9828.5,0.671195,0.079510
9829.5,0.670547,0.079514
9830.5,0.669913,0.079520
9831.5,0.669293,0.079530
9832.5,0.668687,0.079543
9833.5,0.668093,0.079559
9834.5,0.667513,0.079577
9835.5,0.666944,0.079598
9836.5,0.666387,0.079623
9837.5,0.665841,0.079649
9838.5,0.665306,0.079679
9839.5,0.664781,0.079710
9840.5,0.664266,0.079744
9841.5,0.663760,0.079781
9842.5,0.663262,0.079820
9843.5,0.662771,0.079860
9844.5,0.662288,0.079903
9845.5,0.661812,0.079948
9846.5,0.661341,0.079994
9847.5,0.660876,0.080042
9848.5,0.660415,0.080092
9849.5,0.659959,0.080143
9850.5,0.659505,0.080195
9851.5,0.659054,0.080249
9852.5,0.658604,0.080304
9853.5,0.658156,0.080360
9854.5,0.657708,0.080417
9855.5,0.657260,0.080475
9856.5,0.656810,0.080534
9857.5,0.656359,0.080593
9858.5,0.655905,0.080652
9859.5,0.655447,0.080712
9860.5,0.654985,0.080773
9861.5,0.654518,0.080833
9862.5,0.654046,0.080894
9863.5,0.653566,0.080954
9864.5,0.653080,0.081014
9865.5,0.652585,0.081074
9866.5,0.652081,0.081133
9867.5,0.651567,0.081192
9868.5,0.651043,0.081250
9869.5,0.650507,0.081308
9870.5,0.649959,0.081364
9871.5,0.649398,0.081419
9872.5,0.648823,0.081474
9873.5,0.648233,0.081527
9874.5,0.647628,0.081578
9875.5,0.647007,0.081628
9876.5,0.646369,0.081677
9877.5,0.645713,0.081724
9878.5,0.645038,0.081769
9879.5,0.644344,0.081812
9880.5,0.643630,0.081853
9881.5,0.642895,0.081892
9882.5,0.642139,0.081929
9883.5,0.641360,0.081963
9884.5,0.640558,0.081995
9885.5,0.639732,0.082024
9886.5,0.638881,0.082050
9887.5,0.638006,0.082074
9888.5,0.637104,0.082095
9889.5,0.636176,0.082113
9890.5,0.635220,0.082128
9891.5,0.634236,0.082139
9892.5,0.633224,0.082147
9893.5,0.632182,0.082152
9894.5,0.631111,0.082154
9895.5,0.630009,0.082152
9896.5,0.628876,0.082146
9897.5,0.627711,0.082137
9898.5,0.626514,0.082124
9899.5,0.625284,0.082107
9900.5,0.624021,0.082086
9901.5,0.622724,0.082061
9902.5,0.621393,0.082032
9903.5,0.620027,0.081999
9904.5,0.618626,0.081961
9905.5,0.617189,0.081920
9906.5,0.615715,0.081874
9907.5,0.614206,0.081823
9908.5,0.612659,0.081768
9909.5,0.611075,0.081709
9910.5,0.609454,0.081644
9911.5,0.607794,0.081576
9912.5,0.606096,0.081502
9913.5,0.604360,0.081424
9914.5,0.602584,0.081341
9915.5,0.600770,0.081253
9916.5,0.598916,0.081161
9917.5,0.597023,0.081063
9918.5,0.595090,0.080960
9919.5,0.593117,0.080853
9920.5,0.591105,0.080740
9921.5,0.589052,0.080623
9922.5,0.586959,0.080500
9923.5,0.584825,0.080372
9924.5,0.582651,0.080239
9925.5,0.580437,0.080101
9926.5,0.578183,0.079958
9927.5,0.575888,0.079810
9928.5,0.573552,0.079656
9929.5,0.571177,0.079498
9930.5,0.568761,0.079334
9931.5,0.566305,0.079165
9932.5,0.563809,0.078990
9933.5,0.561273,0.078811
9934.5,0.558697,0.078626
9935.5,0.556082,0.078436
9936.5,0.553427,0.078240
9937.5,0.550734,0.078040
9938.5,0.548001,0.077834
9939.5,0.545231,0.077622
9940.5,0.542421,0.077406
9941.5,0.539574,0.077185
9942.5,0.536689,0.076958
9943.5,0.533767,0.076726
9944.5,0.530808,0.076488
9945.5,0.527812,0.076246
9946.5,0.524781,0.075998
9947.5,0.521713,0.075745
9948.5,0.518611,0.075487
9949.5,0.515473,0.075224
9950.5,0.512301,0.074956
9951.5,0.509096,0.074683
9952.5,0.505857,0.074404
9953.5,0.502586,0.074121
9954.5,0.499282,0.073832
9955.5,0.495947,0.073538
9956.5,0.492580,0.073240
9957.5,0.489184,0.072936
9958.5,0.485757,0.072628
9959.5,0.482301,0.072314
9960.5,0.478817,0.071996
9961.5,0.475305,0.071672
9962.5,0.471766,0.071344
9963.5,0.468200,0.071011
9964.5,0.464608,0.070674
9965.5,0.460992,0.070331
9966.5,0.457351,0.069984
9967.5,0.453686,0.069632
9968.5,0.449999,0.069275
9969.5,0.446289,0.068914
9970.5,0.442558,0.068549
9971.5,0.438807,0.068178
9972.5,0.435036,0.067803
9973.5,0.431246,0.067424
9974.5,0.427437,0.067040
9975.5,0.423612,0.066652
9976.5,0.419770,0.066260
9977.5,0.415912,0.065863
9978.5,0.412040,0.065462
9979.5,0.408153,0.065057
9980.5,0.404253,0.064648
9981.5,0.400341,0.064235
9982.5,0.396418,0.063817
9983.5,0.392484,0.063396
9984.5,0.388540,0.062971
9985.5,0.384588,0.062541
9986.5,0.380627,0.062108
9987.5,0.376660,0.061672
9988.5,0.372686,0.061231
9989.5,0.368707,0.060787
9990.5,0.364723,0.060340
9991.5,0.360736,0.059889
9992.5,0.356746,0.059434
9993.5,0.352754,0.058976
9994.5,0.348761,0.058515
9995.5,0.344768,0.058051
9996.5,0.340776,0.057584
9997.5,0.336785,0.057113
9998.5,0.332797,0.056640
9999.5,0.328812,0.056163
