E_keV,counts_per_h_per_keV,sigma_counts_per_h_per_keV
20.5,2.668099,0.256155
21.5,2.750003,0.256102
22.5,2.841617,0.258630
23.5,2.939785,0.263334
24.5,3.035605,0.267958
25.5,3.119626,0.270061
26.5,3.187219,0.268617
27.5,3.241206,0.264568
28.5,3.290666,0.260158
29.5,3.347052,0.257561
30.5,3.419914,0.257795
31.5,3.514179,0.260587
32.5,3.629603,0.264962
33.5,3.761896,0.269889
34.5,3.904467,0.274651
35.5,4.049980,0.278917
36.5,4.191404,0.282584
37.5,4.322666,0.285549
38.5,4.439165,0.287594
39.5,4.538286,0.288481
40.5,4.619845,0.288147
41.5,4.686258,0.286829
42.5,4.742233,0.285024
43.5,4.793899,0.283314
44.5,4.847536,0.282168
45.5,4.908212,0.281834
46.5,4.978714,0.282328
47.5,5.059028,0.283497
48.5,5.146497,0.285100
49.5,5.236541,0.286862
50.5,5.323758,0.288506
51.5,5.403077,0.289785
52.5,5.470744,0.290509
53.5,5.524944,0.290572
54.5,5.565992,0.289968
55.5,5.596113,0.288795
56.5,5.618900,0.287243
57.5,5.638612,0.285573
58.5,5.659429,0.284078
59.5,5.684816,0.283026
60.5,5.717074,0.282602
61.5,5.757113,0.282864
62.5,5.804457,0.283734
63.5,5.857444,0.285034
64.5,5.913548,0.286547
65.5,5.969765,0.288070
66.5,6.023002,0.289456
67.5,6.070406,0.290609
68.5,6.109629,0.291465
69.5,6.138997,0.291964
70.5,6.157594,0.292033
71.5,6.165267,0.291593
72.5,6.162570,0.290582
73.5,6.150646,0.288986
74.5,6.131071,0.286859
75.5,6.105664,0.284326
76.5,6.076277,0.281561
77.5,6.044606,0.278753
78.5,6.012029,0.276064
79.5,5.979502,0.273605
80.5,5.947515,0.271416
81.5,5.916121,0.269475
82.5,5.885012,0.267720
83.5,5.853641,0.266076
84.5,5.821344,0.264478
85.5,5.787459,0.262888
86.5,5.751415,0.261294
87.5,5.712787,0.259710
88.5,5.671317,0.258156
89.5,5.626906,0.256651
90.5,5.579596,0.255193
91.5,5.529538,0.253765
92.5,5.476976,0.252330
93.5,5.422227,0.250846
94.5,5.365678,0.249275
95.5,5.307788,0.247596
96.5,5.249084,0.245810
97.5,5.190145,0.243938
98.5,5.131588,0.242010
99.5,5.074027,0.240061
100.5,5.018028,0.238117
101.5,4.964064,0.236194
102.5,4.912467,0.234299
103.5,4.863391,0.232437
104.5,4.816793,0.230609
105.5,4.772440,0.228823
106.5,4.729932,0.227084
107.5,4.688751,0.225393
108.5,4.648318,0.223740
109.5,4.608072,0.222101
110.5,4.567534,0.220438
111.5,4.526380,0.218708
112.5,4.484484,0.216871
113.5,4.441954,0.214906
114.5,4.399138,0.212818
115.5,4.356606,0.210648
116.5,4.315108,0.208466
117.5,4.275514,0.206366
118.5,4.238745,0.204449
119.5,4.205696,0.202809
120.5,4.177165,0.201515
121.5,4.153788,0.200600
122.5,4.135990,0.200063
123.5,4.123959,0.199872
124.5,4.117628,0.199972
125.5,4.116678,0.200301
126.5,4.120556,0.200801
127.5,4.128490,0.201423
128.5,4.139526,0.202137
129.5,4.152551,0.202926
130.5,4.166331,0.203785
131.5,4.179534,0.204712
132.5,4.190779,0.205695
133.5,4.198663,0.206710
134.5,4.201811,0.207709
135.5,4.198927,0.208621
136.5,4.188840,0.209351
137.5,4.170566,0.209794
138.5,4.143361,0.209840
139.5,4.106768,0.209392
140.5,4.060655,0.208374
141.5,4.005234,0.206744
142.5,3.941070,0.204498
143.5,3.869062,0.201668
144.5,3.790405,0.198324
145.5,3.706535,0.194563
146.5,3.619064,0.190501
147.5,3.529694,0.186268
148.5,3.440137,0.181991
149.5,3.352035,0.177795
150.5,3.266883,0.173790
151.5,3.185968,0.170072
152.5,3.110323,0.166716
153.5,3.040698,0.163774
154.5,2.977553,0.161275
155.5,2.921061,0.159223
156.5,2.871134,0.157594
157.5,2.827461,0.156344
158.5,2.789553,0.155406
159.5,2.756793,0.154701
160.5,2.728492,0.154143
161.5,2.703938,0.153648
162.5,2.682441,0.153143
163.5,2.663368,0.152571
164.5,2.646171,0.151897
165.5,2.630399,0.151110
166.5,2.615700,0.150224
167.5,2.601816,0.149272
168.5,2.588567,0.148301
169.5,2.575830,0.147367
170.5,2.563512,0.146522
171.5,2.551533,0.145809
172.5,2.539800,0.145258
173.5,2.528197,0.144874
174.5,2.516573,0.144645
175.5,2.504748,0.144538
176.5,2.492518,0.144505
177.5,2.479668,0.144488
178.5,2.465997,0.144428
179.5,2.451330,0.144267
180.5,2.435552,0.143958
181.5,2.418613,0.143467
182.5,2.400551,0.142774
183.5,2.381498,0.141882
184.5,2.361677,0.140808
185.5,2.341398,0.139588
186.5,2.321038,0.138274
187.5,2.301026,0.136924
188.5,2.281811,0.135605
189.5,2.263842,0.134379
190.5,2.247534,0.133302
191.5,2.233249,0.132419
192.5,2.221271,0.131755
193.5,2.211791,0.131317
194.5,2.204903,0.131094
195.5,2.200596,0.131056
196.5,2.198765,0.131164
197.5,2.199216,0.131370
198.5,2.201686,0.131626
199.5,2.205858,0.131887
200.5,2.211383,0.132115
201.5,2.217897,0.132284
202.5,2.225041,0.132378
203.5,2.232475,0.132392
204.5,2.239889,0.132333
205.5,2.247013,0.132213
206.5,2.253618,0.132051
207.5,2.259520,0.131868
208.5,2.264575,0.131683
209.5,2.268678,0.131512
210.5,2.271754,0.131367
211.5,2.273755,0.131253
212.5,2.274655,0.131168
213.5,2.274442,0.131103
214.5,2.273119,0.131047
215.5,2.270698,0.130984
216.5,2.267203,0.130896
217.5,2.262666,0.130767
218.5,2.257133,0.130584
219.5,2.250658,0.130337
220.5,2.243309,0.130018
221.5,2.235169,0.129629
222.5,2.226331,0.129172
223.5,2.216898,0.128655
224.5,2.206985,0.128090
225.5,2.196709,0.127491
226.5,2.186189,0.126872
227.5,2.175541,0.126250
228.5,2.164874,0.125638
229.5,2.154282,0.125051
230.5,2.143845,0.124500
231.5,2.133622,0.123993
232.5,2.123652,0.123535
233.5,2.113950,0.123130
234.5,2.104509,0.122777
235.5,2.095302,0.122472
236.5,2.086284,0.122210
237.5,2.077393,0.121983
238.5,2.068558,0.121780
239.5,2.059700,0.121591
240.5,2.050740,0.121404
241.5,2.041598,0.121208
242.5,2.032202,0.120993
243.5,2.022486,0.120749
244.5,2.012397,0.120469
245.5,2.001894,0.120148
246.5,1.990946,0.119784
247.5,1.979535,0.119377
248.5,1.967655,0.118931
249.5,1.955307,0.118449
250.5,1.942497,0.117940
251.5,1.929238,0.117408
252.5,1.915543,0.116860
253.5,1.901426,0.116302
254.5,1.886898,0.115735
255.5,1.871968,0.115160
256.5,1.856645,0.114574
257.5,1.840931,0.113972
258.5,1.824829,0.113348
259.5,1.808343,0.112695
260.5,1.791476,0.112006
261.5,1.774236,0.111275
262.5,1.756634,0.110500
263.5,1.738689,0.109680
264.5,1.720427,0.108820
265.5,1.701881,0.107925
266.5,1.683093,0.107005
267.5,1.664113,0.106072
268.5,1.644996,0.105138
269.5,1.625804,0.104217
270.5,1.606602,0.103319
271.5,1.587456,0.102454
272.5,1.568434,0.101628
273.5,1.549601,0.100846
274.5,1.531017,0.100106
275.5,1.512740,0.099407
276.5,1.494818,0.098743
277.5,1.477295,0.098110
278.5,1.460204,0.097501
279.5,1.443571,0.096910
280.5,1.427414,0.096332
281.5,1.411742,0.095765
282.5,1.396555,0.095207
283.5,1.381846,0.094658
284.5,1.367600,0.094118
285.5,1.353794,0.093591
286.5,1.340399,0.093078
287.5,1.327382,0.092582
288.5,1.314700,0.092102
289.5,1.302310,0.091638
290.5,1.290163,0.091189
291.5,1.278208,0.090751
292.5,1.266394,0.090320
293.5,1.254670,0.089890
294.5,1.242985,0.089454
295.5,1.231294,0.089007
296.5,1.219555,0.088541
297.5,1.207733,0.088053
298.5,1.195800,0.087536
299.5,1.183739,0.086988
300.5,1.171539,0.086407
301.5,1.159201,0.085792
302.5,1.146735,0.085146
303.5,1.134162,0.084472
304.5,1.121513,0.083774
305.5,1.108823,0.083059
306.5,1.096138,0.082334
307.5,1.083507,0.081608
308.5,1.070984,0.080892
309.5,1.058622,0.080195
310.5,1.046477,0.079526
311.5,1.034600,0.078897
312.5,1.023041,0.078314
313.5,1.011842,0.077786
314.5,1.001041,0.077318
315.5,0.990667,0.076914
316.5,0.980744,0.076573
317.5,0.971284,0.076296
318.5,0.962297,0.076079
319.5,0.953781,0.075916
320.5,0.945730,0.075800
321.5,0.938134,0.075721
322.5,0.930978,0.075669
323.5,0.924244,0.075635
324.5,0.917916,0.075606
325.5,0.911974,0.075573
326.5,0.906405,0.075526
327.5,0.901193,0.075455
328.5,0.896331,0.075354
329.5,0.891812,0.075218
330.5,0.887635,0.075043
331.5,0.883805,0.074828
332.5,0.880327,0.074575
333.5,0.877214,0.074288
334.5,0.874476,0.073972
335.5,0.872129,0.073636
336.5,0.870186,0.073290
337.5,0.868657,0.072945
338.5,0.867552,0.072613
339.5,0.866872,0.072305
340.5,0.866614,0.072033
341.5,0.866765,0.071807
342.5,0.867303,0.071636
343.5,0.868198,0.071526
344.5,0.869407,0.071480
345.5,0.870877,0.071499
346.5,0.872544,0.071581
347.5,0.874336,0.071718
348.5,0.876171,0.071904
349.5,0.877960,0.072127
350.5,0.879609,0.072373
351.5,0.881021,0.072628
352.5,0.882097,0.072878
353.5,0.882741,0.073105
354.5,0.882861,0.073295
355.5,0.882372,0.073433
356.5,0.881197,0.073507
357.5,0.879271,0.073506
358.5,0.876542,0.073422
359.5,0.872970,0.073250
360.5,0.868534,0.072986
361.5,0.863226,0.072632
362.5,0.857055,0.072191
363.5,0.850045,0.071668
364.5,0.842236,0.071073
365.5,0.833679,0.070417
366.5,0.824440,0.069712
367.5,0.814592,0.068972
368.5,0.804217,0.068211
369.5,0.793404,0.067443
370.5,0.782243,0.066681
371.5,0.770829,0.065938
372.5,0.759255,0.065224
373.5,0.747610,0.064546
374.5,0.735983,0.063911
375.5,0.724454,0.063322
376.5,0.713100,0.062780
377.5,0.701990,0.062283
378.5,0.691184,0.061828
379.5,0.680738,0.061411
380.5,0.670698,0.061025
381.5,0.661103,0.060665
382.5,0.651986,0.060324
383.5,0.643374,0.059996
384.5,0.635288,0.059676
385.5,0.627742,0.059361
386.5,0.620747,0.059046
387.5,0.614311,0.058731
388.5,0.608436,0.058416
389.5,0.603123,0.058103
390.5,0.598369,0.057793
391.5,0.594168,0.057491
392.5,0.590513,0.057201
393.5,0.587395,0.056928
394.5,0.584801,0.056678
395.5,0.582718,0.056456
396.5,0.581130,0.056267
397.5,0.580020,0.056114
398.5,0.579369,0.056000
399.5,0.579155,0.055926
400.5,0.579358,0.055894
401.5,0.579955,0.055901
402.5,0.580920,0.055945
403.5,0.582231,0.056022
404.5,0.583862,0.056127
405.5,0.585789,0.056256
406.5,0.587988,0.056401
407.5,0.590436,0.056558
408.5,0.593109,0.056719
409.5,0.595986,0.056881
410.5,0.599047,0.057039
411.5,0.602271,0.057189
412.5,0.605642,0.057329
413.5,0.609141,0.057458
414.5,0.612752,0.057576
415.5,0.616458,0.057684
416.5,0.620242,0.057784
417.5,0.624089,0.057880
418.5,0.627980,0.057974
419.5,0.631896,0.058071
420.5,0.635817,0.058175
421.5,0.639721,0.058290
422.5,0.643582,0.058417
423.5,0.647374,0.058561
424.5,0.651067,0.058721
425.5,0.654630,0.058897
426.5,0.658028,0.059088
427.5,0.661227,0.059291
428.5,0.664189,0.059501
429.5,0.666877,0.059714
430.5,0.669253,0.059922
431.5,0.671280,0.060119
432.5,0.672923,0.060297
433.5,0.674149,0.060450
434.5,0.674928,0.060569
435.5,0.675232,0.060649
436.5,0.675042,0.060684
437.5,0.674339,0.060670
438.5,0.673114,0.060604
439.5,0.671362,0.060484
440.5,0.669083,0.060309
441.5,0.666284,0.060081
442.5,0.662981,0.059803
443.5,0.659191,0.059477
444.5,0.654939,0.059110
445.5,0.650256,0.058706
446.5,0.645174,0.058271
447.5,0.639732,0.057812
448.5,0.633969,0.057337
449.5,0.627928,0.056851
450.5,0.621651,0.056360
451.5,0.615181,0.055872
452.5,0.608563,0.055391
453.5,0.601837,0.054920
454.5,0.595044,0.054465
455.5,0.588221,0.054027
456.5,0.581403,0.053609
457.5,0.574622,0.053210
458.5,0.567907,0.052832
459.5,0.561283,0.052473
460.5,0.554771,0.052133
461.5,0.548392,0.051810
462.5,0.542158,0.051501
463.5,0.536085,0.051206
464.5,0.530180,0.050923
465.5,0.524452,0.050649
466.5,0.518906,0.050383
467.5,0.513545,0.050124
468.5,0.508373,0.049872
469.5,0.503389,0.049626
470.5,0.498593,0.049387
471.5,0.493987,0.049154
472.5,0.489568,0.048930
473.5,0.485336,0.048715
474.5,0.481289,0.048509
475.5,0.477427,0.048316
476.5,0.473748,0.048134
477.5,0.470252,0.047966
478.5,0.466938,0.047812
479.5,0.463807,0.047671
480.5,0.460857,0.047544
481.5,0.458089,0.047429
482.5,0.455503,0.047326
483.5,0.453100,0.047232
484.5,0.450879,0.047145
485.5,0.448842,0.047064
486.5,0.446988,0.046986
487.5,0.445318,0.046910
488.5,0.443832,0.046834
489.5,0.442530,0.046757
490.5,0.441411,0.046678
491.5,0.440475,0.046597
492.5,0.439720,0.046515
493.5,0.439146,0.046433
494.5,0.438749,0.046351
495.5,0.438528,0.046273
496.5,0.438478,0.046200
497.5,0.438596,0.046134
498.5,0.438877,0.046078
499.5,0.439316,0.046034
500.5,0.439905,0.046003
501.5,0.440637,0.045986
502.5,0.441504,0.045985
503.5,0.442497,0.045998
504.5,0.443606,0.046025
505.5,0.444820,0.046066
506.5,0.446127,0.046118
507.5,0.447515,0.046181
508.5,0.448971,0.046251
509.5,0.450482,0.046327
510.5,0.452033,0.046407
511.5,0.453610,0.046490
512.5,0.455198,0.046572
513.5,0.456782,0.046655
514.5,0.458347,0.046736
515.5,0.459877,0.046815
516.5,0.461358,0.046892
517.5,0.462774,0.046967
518.5,0.464111,0.047040
519.5,0.465354,0.047111
520.5,0.466489,0.047181
521.5,0.467502,0.047250
522.5,0.468382,0.047316
523.5,0.469116,0.047379
524.5,0.469693,0.047439
525.5,0.470103,0.047493
526.5,0.470337,0.047539
527.5,0.470388,0.047576
528.5,0.470249,0.047601
529.5,0.469916,0.047611
530.5,0.469385,0.047604
531.5,0.468656,0.047578
532.5,0.467727,0.047531
533.5,0.466602,0.047460
534.5,0.465284,0.047365
535.5,0.463779,0.047245
536.5,0.462094,0.047101
537.5,0.460237,0.046932
538.5,0.458220,0.046741
539.5,0.456054,0.046530
540.5,0.453753,0.046302
541.5,0.451330,0.046058
542.5,0.448800,0.045804
543.5,0.446180,0.045543
544.5,0.443485,0.045278
545.5,0.440731,0.045014
546.5,0.437934,0.044753
547.5,0.435111,0.044499
548.5,0.432275,0.044255
549.5,0.429441,0.044024
550.5,0.426623,0.043805
551.5,0.423832,0.043601
552.5,0.421081,0.043412
553.5,0.418379,0.043237
554.5,0.415734,0.043076
555.5,0.413153,0.042927
556.5,0.410642,0.042790
557.5,0.408205,0.042662
558.5,0.405845,0.042542
559.5,0.403564,0.042428
560.5,0.401362,0.042319
561.5,0.399238,0.042213
562.5,0.397191,0.042109
563.5,0.395218,0.042007
564.5,0.393315,0.041906
565.5,0.391480,0.041806
566.5,0.389707,0.041707
567.5,0.387991,0.041609
568.5,0.386327,0.041514
569.5,0.384709,0.041422
570.5,0.383131,0.041333
571.5,0.381587,0.041248
572.5,0.380072,0.041168
573.5,0.378579,0.041093
574.5,0.377103,0.041023
575.5,0.375638,0.040957
576.5,0.374178,0.040895
577.5,0.372720,0.040837
578.5,0.371257,0.040781
579.5,0.369786,0.040726
580.5,0.368304,0.040669
581.5,0.366808,0.040610
582.5,0.365296,0.040548
583.5,0.363766,0.040479
584.5,0.362217,0.040404
585.5,0.360651,0.040321
586.5,0.359067,0.040230
587.5,0.357468,0.040129
588.5,0.355857,0.040020
589.5,0.354238,0.039902
590.5,0.352614,0.039776
591.5,0.350993,0.039645
592.5,0.349379,0.039508
593.5,0.347779,0.039369
594.5,0.346202,0.039230
595.5,0.344655,0.039092
596.5,0.343147,0.038958
597.5,0.341686,0.038829
598.5,0.340282,0.038708
599.5,0.338944,0.038597
600.5,0.337681,0.038496
601.5,0.336502,0.038407
602.5,0.335416,0.038329
603.5,0.334432,0.038264
604.5,0.333558,0.038210
605.5,0.332802,0.038168
606.5,0.332171,0.038136
607.5,0.331671,0.038113
608.5,0.331310,0.038098
609.5,0.331091,0.038090
610.5,0.331020,0.038087
611.5,0.331101,0.038090
612.5,0.331337,0.038096
613.5,0.331730,0.038105
614.5,0.332281,0.038117
615.5,0.332992,0.038132
616.5,0.333862,0.038150
617.5,0.334890,0.038172
618.5,0.336075,0.038198
619.5,0.337413,0.038230
620.5,0.338902,0.038268
621.5,0.340538,0.038313
622.5,0.342314,0.038367
623.5,0.344227,0.038431
624.5,0.346269,0.038505
625.5,0.348433,0.038591
626.5,0.350711,0.038689
627.5,0.353095,0.038798
628.5,0.355577,0.038920
629.5,0.358146,0.039054
630.5,0.360793,0.039198
631.5,0.363507,0.039353
632.5,0.366279,0.039517
633.5,0.369097,0.039689
634.5,0.371951,0.039866
635.5,0.374830,0.040048
636.5,0.377723,0.040231
637.5,0.380621,0.040415
638.5,0.383512,0.040598
639.5,0.386389,0.040777
640.5,0.389240,0.040950
641.5,0.392057,0.041117
642.5,0.394832,0.041276
643.5,0.397558,0.041425
644.5,0.400226,0.041565
645.5,0.402832,0.041694
646.5,0.405368,0.041812
647.5,0.407830,0.041920
648.5,0.410212,0.042018
649.5,0.412512,0.042107
650.5,0.414723,0.042189
651.5,0.416844,0.042263
652.5,0.418871,0.042333
653.5,0.420800,0.042400
654.5,0.422629,0.042465
655.5,0.424355,0.042530
656.5,0.425974,0.042597
657.5,0.427482,0.042667
658.5,0.428878,0.042741
659.5,0.430156,0.042820
660.5,0.431313,0.042905
661.5,0.432344,0.042995
662.5,0.433245,0.043091
663.5,0.434010,0.043190
664.5,0.434633,0.043292
665.5,0.435111,0.043395
666.5,0.435436,0.043498
667.5,0.435603,0.043597
668.5,0.435606,0.043690
669.5,0.435441,0.043775
670.5,0.435100,0.043848
671.5,0.434581,0.043908
672.5,0.433878,0.043951
673.5,0.432989,0.043974
674.5,0.431909,0.043977
675.5,0.430637,0.043956
676.5,0.429172,0.043911
677.5,0.427514,0.043841
678.5,0.425665,0.043744
679.5,0.423626,0.043620
680.5,0.421400,0.043470
681.5,0.418994,0.043295
682.5,0.416412,0.043095
683.5,0.413661,0.042872
684.5,0.410749,0.042627
685.5,0.407686,0.042363
686.5,0.404481,0.042082
687.5,0.401145,0.041786
688.5,0.397689,0.041479
689.5,0.394126,0.041161
690.5,0.390467,0.040837
691.5,0.386727,0.040508
692.5,0.382917,0.040177
693.5,0.379051,0.039846
694.5,0.375141,0.039517
695.5,0.371202,0.039192
696.5,0.367244,0.038872
697.5,0.363282,0.038557
698.5,0.359325,0.038250
699.5,0.355387,0.037951
700.5,0.351477,0.037660
701.5,0.347606,0.037377
702.5,0.343782,0.037102
703.5,0.340016,0.036835
704.5,0.336315,0.036576
705.5,0.332687,0.036325
706.5,0.329138,0.036081
707.5,0.325674,0.035844
708.5,0.322301,0.035614
709.5,0.319023,0.035390
710.5,0.315845,0.035174
711.5,0.312770,0.034964
712.5,0.309802,0.034761
713.5,0.306942,0.034565
714.5,0.304192,0.034376
715.5,0.301554,0.034195
716.5,0.299028,0.034023
717.5,0.296617,0.033859
718.5,0.294318,0.033704
719.5,0.292132,0.033558
720.5,0.290059,0.033422
721.5,0.288098,0.033296
722.5,0.286246,0.033179
723.5,0.284503,0.033072
724.5,0.282867,0.032975
725.5,0.281335,0.032887
726.5,0.279906,0.032808
727.5,0.278576,0.032738
728.5,0.277342,0.032675
729.5,0.276203,0.032620
730.5,0.275154,0.032571
731.5,0.274193,0.032528
732.5,0.273316,0.032490
733.5,0.272519,0.032457
734.5,0.271799,0.032427
735.5,0.271153,0.032400
736.5,0.270577,0.032376
737.5,0.270067,0.032355
738.5,0.269619,0.032335
739.5,0.269230,0.032316
740.5,0.268896,0.032300
741.5,0.268614,0.032285
742.5,0.268380,0.032271
743.5,0.268190,0.032260
744.5,0.268041,0.032250
745.5,0.267930,0.032243
746.5,0.267854,0.032238
747.5,0.267809,0.032236
748.5,0.267792,0.032237
749.5,0.267800,0.032241
750.5,0.267831,0.032248
751.5,0.267882,0.032258
752.5,0.267950,0.032271
753.5,0.268034,0.032287
754.5,0.268131,0.032305
755.5,0.268240,0.032324
756.5,0.268359,0.032344
757.5,0.268486,0.032365
758.5,0.268622,0.032385
759.5,0.268764,0.032403
760.5,0.268914,0.032419
761.5,0.269070,0.032431
762.5,0.269232,0.032440
763.5,0.269402,0.032443
764.5,0.269580,0.032441
765.5,0.269767,0.032433
766.5,0.269965,0.032419
767.5,0.270174,0.032398
768.5,0.270398,0.032372
769.5,0.270636,0.032340
770.5,0.270892,0.032304
771.5,0.271168,0.032264
772.5,0.271464,0.032221
773.5,0.271785,0.032178
774.5,0.272130,0.032135
775.5,0.272501,0.032094
776.5,0.272901,0.032058
777.5,0.273329,0.032027
778.5,0.273787,0.032004
779.5,0.274275,0.031990
780.5,0.274792,0.031986
781.5,0.275338,0.031995
782.5,0.275912,0.032016
783.5,0.276512,0.032051
784.5,0.277136,0.032099
785.5,0.277782,0.032160
786.5,0.278445,0.032234
787.5,0.279123,0.032319
788.5,0.279811,0.032415
789.5,0.280506,0.032519
790.5,0.281202,0.032630
791.5,0.281895,0.032745
792.5,0.282580,0.032862
793.5,0.283253,0.032978
794.5,0.283907,0.033092
795.5,0.284540,0.033200
796.5,0.285146,0.033300
797.5,0.285722,0.033391
798.5,0.286263,0.033471
799.5,0.286767,0.033537
800.5,0.287231,0.033590
801.5,0.287654,0.033627
802.5,0.288034,0.033648
803.5,0.288369,0.033653
804.5,0.288662,0.033642
805.5,0.288911,0.033616
806.5,0.289120,0.033576
807.5,0.289289,0.033522
808.5,0.289422,0.033456
809.5,0.289521,0.033381
810.5,0.289591,0.033297
811.5,0.289636,0.033206
812.5,0.289660,0.033112
813.5,0.289668,0.033015
814.5,0.289665,0.032919
815.5,0.289656,0.032826
816.5,0.289645,0.032737
817.5,0.289638,0.032654
818.5,0.289638,0.032580
819.5,0.289650,0.032515
820.5,0.289678,0.032461
821.5,0.289725,0.032418
822.5,0.289793,0.032389
823.5,0.289884,0.032372
824.5,0.290001,0.032368
825.5,0.290143,0.032377
826.5,0.290312,0.032399
827.5,0.290506,0.032432
828.5,0.290724,0.032475
829.5,0.290965,0.032528
830.5,0.291226,0.032589
831.5,0.291504,0.032657
832.5,0.291796,0.032730
833.5,0.292098,0.032807
834.5,0.292406,0.032886
835.5,0.292716,0.032964
836.5,0.293022,0.033042
837.5,0.293320,0.033117
838.5,0.293606,0.033188
839.5,0.293875,0.033253
840.5,0.294121,0.033312
841.5,0.294341,0.033363
842.5,0.294531,0.033406
843.5,0.294685,0.033440
844.5,0.294802,0.033465
845.5,0.294878,0.033480
846.5,0.294909,0.033484
847.5,0.294895,0.033479
848.5,0.294832,0.033465
849.5,0.294720,0.033441
850.5,0.294558,0.033409
851.5,0.294345,0.033369
852.5,0.294082,0.033323
853.5,0.293769,0.033270
854.5,0.293407,0.033212
855.5,0.292997,0.033150
856.5,0.292541,0.033085
857.5,0.292041,0.033018
858.5,0.291499,0.032951
859.5,0.290918,0.032884
860.5,0.290299,0.032818
861.5,0.289647,0.032755
862.5,0.288963,0.032695
863.5,0.288252,0.032638
864.5,0.287515,0.032586
865.5,0.286756,0.032537
866.5,0.285979,0.032494
867.5,0.285185,0.032455
868.5,0.284380,0.032421
869.5,0.283564,0.032391
870.5,0.282742,0.032365
871.5,0.281917,0.032342
872.5,0.281092,0.032322
873.5,0.280270,0.032303
874.5,0.279454,0.032286
875.5,0.278646,0.032268
876.5,0.277851,0.032250
877.5,0.277072,0.032231
878.5,0.276311,0.032209
879.5,0.275573,0.032183
880.5,0.274860,0.032154
881.5,0.274176,0.032121
882.5,0.273525,0.032083
883.5,0.272911,0.032041
884.5,0.272336,0.031993
885.5,0.271806,0.031940
886.5,0.271323,0.031884
887.5,0.270892,0.031823
888.5,0.270517,0.031759
889.5,0.270202,0.031692
890.5,0.269949,0.031624
891.5,0.269764,0.031555
892.5,0.269650,0.031488
893.5,0.269609,0.031423
894.5,0.269646,0.031362
895.5,0.269763,0.031305
896.5,0.269963,0.031256
897.5,0.270248,0.031214
898.5,0.270619,0.031182
899.5,0.271079,0.031160
900.5,0.271627,0.031150
901.5,0.272265,0.031153
902.5,0.272993,0.031169
903.5,0.273808,0.031199
904.5,0.274711,0.031243
905.5,0.275699,0.031302
906.5,0.276770,0.031374
907.5,0.277920,0.031461
908.5,0.279146,0.031560
909.5,0.280444,0.031672
910.5,0.281808,0.031794
911.5,0.283234,0.031927
912.5,0.284714,0.032069
913.5,0.286243,0.032218
914.5,0.287815,0.032373
915.5,0.289421,0.032532
916.5,0.291054,0.032694
917.5,0.292707,0.032857
918.5,0.294372,0.033020
919.5,0.296039,0.033181
920.5,0.297702,0.033339
921.5,0.299352,0.033493
922.5,0.300980,0.033641
923.5,0.302579,0.033783
924.5,0.304140,0.033917
925.5,0.305655,0.034043
926.5,0.307118,0.034159
927.5,0.308521,0.034266
928.5,0.309856,0.034363
929.5,0.311119,0.034449
930.5,0.312301,0.034525
931.5,0.313399,0.034590
932.5,0.314407,0.034644
933.5,0.315320,0.034688
934.5,0.316134,0.034721
935.5,0.316847,0.034744
936.5,0.317454,0.034757
937.5,0.317954,0.034760
938.5,0.318346,0.034754
939.5,0.318627,0.034740
940.5,0.318798,0.034718
941.5,0.318858,0.034688
942.5,0.318808,0.034651
943.5,0.318649,0.034607
944.5,0.318382,0.034558
945.5,0.318010,0.034503
946.5,0.317535,0.034443
947.5,0.316961,0.034379
948.5,0.316290,0.034311
949.5,0.315527,0.034238
950.5,0.314676,0.034163
951.5,0.313741,0.034084
952.5,0.312727,0.034003
953.5,0.311640,0.033918
954.5,0.310486,0.033830
955.5,0.309270,0.033740
956.5,0.307998,0.033647
957.5,0.306677,0.033550
958.5,0.305314,0.033450
959.5,0.303914,0.033347
960.5,0.302486,0.033240
961.5,0.301036,0.033128
962.5,0.299572,0.033013
963.5,0.298101,0.032893
964.5,0.296630,0.032769
965.5,0.295167,0.032640
966.5,0.293719,0.032506
967.5,0.292294,0.032368
968.5,0.290899,0.032226
969.5,0.289541,0.032079
970.5,0.288228,0.031930
971.5,0.286967,0.031778
972.5,0.285765,0.031624
973.5,0.284627,0.031469
974.5,0.283561,0.031315
975.5,0.282573,0.031162
976.5,0.281668,0.031012
977.5,0.280851,0.030866
978.5,0.280128,0.030726
979.5,0.279502,0.030593
980.5,0.278977,0.030470
981.5,0.278557,0.030356
982.5,0.278244,0.030255
983.5,0.278039,0.030167
984.5,0.277945,0.030093
985.5,0.277962,0.030036
986.5,0.278089,0.029994
987.5,0.278326,0.029970
988.5,0.278672,0.029964
989.5,0.279123,0.029975
990.5,0.279678,0.030004
991.5,0.280333,0.030050
992.5,0.281082,0.030113
993.5,0.281921,0.030192
994.5,0.282845,0.030286
995.5,0.283847,0.030394
996.5,0.284920,0.030514
997.5,0.286058,0.030645
998.5,0.287252,0.030784
999.5,0.288495,0.030932
1000.5,0.289777,0.031084
1001.5,0.291090,0.031241
1002.5,0.292427,0.031400
1003.5,0.293776,0.031560
1004.5,0.295130,0.031718
1005.5,0.296479,0.031874
1006.5,0.297815,0.032026
1007.5,0.299128,0.032173
1008.5,0.300410,0.032313
1009.5,0.301653,0.032446
1010.5,0.302849,0.032570
1011.5,0.303990,0.032685
1012.5,0.305070,0.032790
1013.5,0.306081,0.032884
1014.5,0.307017,0.032968
1015.5,0.307873,0.033040
1016.5,0.308643,0.033101
1017.5,0.309325,0.033150
1018.5,0.309912,0.033188
1019.5,0.310404,0.033214
1020.5,0.310797,0.033228
1021.5,0.311089,0.033231
1022.5,0.311279,0.033223
1023.5,0.311367,0.033204
1024.5,0.311353,0.033175
1025.5,0.311237,0.033136
1026.5,0.311021,0.033087
1027.5,0.310707,0.033029
1028.5,0.310297,0.032963
1029.5,0.309794,0.032890
1030.5,0.309201,0.032809
1031.5,0.308523,0.032721
1032.5,0.307763,0.032628
1033.5,0.306925,0.032529
1034.5,0.306016,0.032425
1035.5,0.305039,0.032318
1036.5,0.304001,0.032207
1037.5,0.302907,0.032093
1038.5,0.301763,0.031977
1039.5,0.300575,0.031859
1040.5,0.299349,0.031740
1041.5,0.298092,0.031620
1042.5,0.296810,0.031499
1043.5,0.295509,0.031378
1044.5,0.294196,0.031257
1045.5,0.292878,0.031137
1046.5,0.291559,0.031017
1047.5,0.290248,0.030899
1048.5,0.288949,0.030781
1049.5,0.287670,0.030665
1050.5,0.286416,0.030550
1051.5,0.285194,0.030437
1052.5,0.284008,0.030326
1053.5,0.282865,0.030217
1054.5,0.281770,0.030111
1055.5,0.280728,0.030008
1056.5,0.279743,0.029908
1057.5,0.278821,0.029811
1058.5,0.277965,0.029719
1059.5,0.277181,0.029632
1060.5,0.276471,0.029550
1061.5,0.275838,0.029474
1062.5,0.275286,0.029405
1063.5,0.274817,0.029343
1064.5,0.274434,0.029290
1065.5,0.274138,0.029245
1066.5,0.273930,0.029210
1067.5,0.273811,0.029186
1068.5,0.273782,0.029172
1069.5,0.273841,0.029170
1070.5,0.273990,0.029181
1071.5,0.274225,0.029204
1072.5,0.274546,0.029239
1073.5,0.274950,0.029288
1074.5,0.275435,0.029351
1075.5,0.275996,0.029426
1076.5,0.276631,0.029514
1077.5,0.277335,0.029615
1078.5,0.278103,0.029728
1079.5,0.278930,0.029852
1080.5,0.279811,0.029987
1081.5,0.280738,0.030131
1082.5,0.281706,0.030284
1083.5,0.282709,0.030445
1084.5,0.283738,0.030611
1085.5,0.284787,0.030783
1086.5,0.285848,0.030958
1087.5,0.286913,0.031135
1088.5,0.287975,0.031313
1089.5,0.289027,0.031489
1090.5,0.290059,0.031663
1091.5,0.291066,0.031834
1092.5,0.292038,0.031999
1093.5,0.292969,0.032157
1094.5,0.293851,0.032308
1095.5,0.294679,0.032449
1096.5,0.295444,0.032580
1097.5,0.296142,0.032700
1098.5,0.296765,0.032808
1099.5,0.297311,0.032903
1100.5,0.297772,0.032984
1101.5,0.298146,0.033051
1102.5,0.298429,0.033104
1103.5,0.298617,0.033142
1104.5,0.298710,0.033164
1105.5,0.298704,0.033171
1106.5,0.298598,0.033163
1107.5,0.298394,0.033140
1108.5,0.298090,0.033103
1109.5,0.297688,0.033051
1110.5,0.297189,0.032984
1111.5,0.296595,0.032905
1112.5,0.295911,0.032812
1113.5,0.295138,0.032707
1114.5,0.294281,0.032590
1115.5,0.293344,0.032462
1116.5,0.292333,0.032325
1117.5,0.291254,0.032177
1118.5,0.290111,0.032022
1119.5,0.288912,0.031858
1120.5,0.287664,0.031688
1121.5,0.286373,0.031511
1122.5,0.285046,0.031330
1123.5,0.283693,0.031144
1124.5,0.282319,0.030955
1125.5,0.280933,0.030763
1126.5,0.279542,0.030570
1127.5,0.278156,0.030377
1128.5,0.276781,0.030183
1129.5,0.275427,0.029991
1130.5,0.274099,0.029801
1131.5,0.272807,0.029614
1132.5,0.271557,0.029431
1133.5,0.270357,0.029252
1134.5,0.269214,0.029079
1135.5,0.268134,0.028913
1136.5,0.267124,0.028755
1137.5,0.266189,0.028604
1138.5,0.265336,0.028463
1139.5,0.264569,0.028332
1140.5,0.263893,0.028211
1141.5,0.263313,0.028102
1142.5,0.262831,0.028005
1143.5,0.262452,0.027920
1144.5,0.262178,0.027849
1145.5,0.262011,0.027791
1146.5,0.261954,0.027747
1147.5,0.262006,0.027718
1148.5,0.262169,0.027703
1149.5,0.262443,0.027702
1150.5,0.262827,0.027715
1151.5,0.263321,0.027742
1152.5,0.263924,0.027783
1153.5,0.264632,0.027838
1154.5,0.265445,0.027905
1155.5,0.266358,0.027984
1156.5,0.267370,0.028076
1157.5,0.268477,0.028177
1158.5,0.269674,0.028289
1159.5,0.270957,0.028410
1160.5,0.272322,0.028539
1161.5,0.273764,0.028674
1162.5,0.275278,0.028816
1163.5,0.276859,0.028963
1164.5,0.278501,0.029114
1165.5,0.280199,0.029268
1166.5,0.281947,0.029423
1167.5,0.283740,0.029580
1168.5,0.285571,0.029736
1169.5,0.287435,0.029892
1170.5,0.289326,0.030045
1171.5,0.291239,0.030197
1172.5,0.293167,0.030345
1173.5,0.295106,0.030489
1174.5,0.297050,0.030629
1175.5,0.298993,0.030764
1176.5,0.300931,0.030895
1177.5,0.302858,0.031019
1178.5,0.304770,0.031138
1179.5,0.306661,0.031252
1180.5,0.308528,0.031359
1181.5,0.310365,0.031461
1182.5,0.312170,0.031558
1183.5,0.313936,0.031649
1184.5,0.315662,0.031735
1185.5,0.317342,0.031816
1186.5,0.318973,0.031893
1187.5,0.320552,0.031965
1188.5,0.322075,0.032034
1189.5,0.323539,0.032099
1190.5,0.324940,0.032161
1191.5,0.326274,0.032221
1192.5,0.327539,0.032279
1193.5,0.328732,0.032335
1194.5,0.329849,0.032389
1195.5,0.330886,0.032441
1196.5,0.331841,0.032493
1197.5,0.332709,0.032544
1198.5,0.333489,0.032594
1199.5,0.334176,0.032643
1200.5,0.334766,0.032691
1201.5,0.335257,0.032738
1202.5,0.335645,0.032783
1203.5,0.335926,0.032827
1204.5,0.336097,0.032869
1205.5,0.336154,0.032909
1206.5,0.336093,0.032946
1207.5,0.335912,0.032980
1208.5,0.335606,0.033009
1209.5,0.335172,0.033034
1210.5,0.334608,0.033054
1211.5,0.333909,0.033067
1212.5,0.333073,0.033074
1213.5,0.332098,0.033073
1214.5,0.330979,0.033064
1215.5,0.329717,0.033046
1216.5,0.328307,0.033019
1217.5,0.326749,0.032981
1218.5,0.325042,0.032932
1219.5,0.323183,0.032871
1220.5,0.321173,0.032797
1221.5,0.319012,0.032711
1222.5,0.316699,0.032612
1223.5,0.314236,0.032498
1224.5,0.311623,0.032370
1225.5,0.308862,0.032228
1226.5,0.305956,0.032071
1227.5,0.302907,0.031899
1228.5,0.299718,0.031712
1229.5,0.296393,0.031510
1230.5,0.292936,0.031293
1231.5,0.289351,0.031061
1232.5,0.285645,0.030814
1233.5,0.281821,0.030554
1234.5,0.277886,0.030279
1235.5,0.273847,0.029992
1236.5,0.269711,0.029691
1237.5,0.265483,0.029379
1238.5,0.261173,0.029055
1239.5,0.256787,0.028720
1240.5,0.252333,0.028375
1241.5,0.247819,0.028021
1242.5,0.243255,0.027659
1243.5,0.238647,0.027290
1244.5,0.234005,0.026914
1245.5,0.229337,0.026533
1246.5,0.224651,0.026148
1247.5,0.219957,0.025759
1248.5,0.215262,0.025368
1249.5,0.210575,0.024975
1250.5,0.205903,0.024582
1251.5,0.201255,0.024189
1252.5,0.196637,0.023798
1253.5,0.192059,0.023409
1254.5,0.187526,0.023024
1255.5,0.183045,0.022642
1256.5,0.178623,0.022266
1257.5,0.174266,0.021895
1258.5,0.169979,0.021531
1259.5,0.165768,0.021174
1260.5,0.161636,0.020824
1261.5,0.157590,0.020483
1262.5,0.153632,0.020151
1263.5,0.149766,0.019828
1264.5,0.145994,0.019515
1265.5,0.142321,0.019212
1266.5,0.138747,0.018919
1267.5,0.135274,0.018638
1268.5,0.131904,0.018367
1269.5,0.128637,0.018108
1270.5,0.125475,0.017860
1271.5,0.122415,0.017623
1272.5,0.119460,0.017398
1273.5,0.116607,0.017184
1274.5,0.113855,0.016981
1275.5,0.111204,0.016790
1276.5,0.108652,0.016609
1277.5,0.106196,0.016440
1278.5,0.103834,0.016280
1279.5,0.101565,0.016131
1280.5,0.099384,0.015991
1281.5,0.097290,0.015861
1282.5,0.095279,0.015740
1283.5,0.093349,0.015626
1284.5,0.091495,0.015521
1285.5,0.089715,0.015422
1286.5,0.088004,0.015330
1287.5,0.086361,0.015244
1288.5,0.084780,0.015163
1289.5,0.083259,0.015087
1290.5,0.081793,0.015014
1291.5,0.080381,0.014945
1292.5,0.079017,0.014877
1293.5,0.077699,0.014812
1294.5,0.076423,0.014748
1295.5,0.075186,0.014684
1296.5,0.073985,0.014621
1297.5,0.072818,0.014556
1298.5,0.071681,0.014490
1299.5,0.070572,0.014423
1300.5,0.069487,0.014353
1301.5,0.068426,0.014280
1302.5,0.067385,0.014205
1303.5,0.066362,0.014125
1304.5,0.065356,0.014042
1305.5,0.064366,0.013955
1306.5,0.063388,0.013864
1307.5,0.062423,0.013768
1308.5,0.061469,0.013668
1309.5,0.060525,0.013563
1310.5,0.059589,0.013454
1311.5,0.058663,0.013340
1312.5,0.057744,0.013221
1313.5,0.056833,0.013099
1314.5,0.055929,0.012972
1315.5,0.055032,0.012842
1316.5,0.054142,0.012708
1317.5,0.053259,0.012572
1318.5,0.052384,0.012432
1319.5,0.051516,0.012291
1320.5,0.050656,0.012147
1321.5,0.049804,0.012003
1322.5,0.048961,0.011858
1323.5,0.048127,0.011712
1324.5,0.047303,0.011568
1325.5,0.046489,0.011424
1326.5,0.045685,0.011282
1327.5,0.044893,0.011142
1328.5,0.044113,0.011005
1329.5,0.043348,0.010871
1330.5,0.042593,0.010741
1331.5,0.041851,0.010616
1332.5,0.041122,0.010495
1333.5,0.040407,0.010380
1334.5,0.039707,0.010270
1335.5,0.039021,0.010165
1336.5,0.038349,0.010067
1337.5,0.037692,0.009974
1338.5,0.037050,0.009888
1339.5,0.036423,0.009807
1340.5,0.035811,0.009732
1341.5,0.035213,0.009663
1342.5,0.034630,0.009599
1343.5,0.034062,0.009540
1344.5,0.033507,0.009485
1345.5,0.032967,0.009434
1346.5,0.032442,0.009387
1347.5,0.031929,0.009342
1348.5,0.031431,0.009300
1349.5,0.030946,0.009260
1350.5,0.030474,0.009221
1351.5,0.030016,0.009182
1352.5,0.029570,0.009143
1353.5,0.029138,0.009104
1354.5,0.028720,0.009064
1355.5,0.028315,0.009022
1356.5,0.027924,0.008978
1357.5,0.027547,0.008932
1358.5,0.027185,0.008883
1359.5,0.026839,0.008830
1360.5,0.026510,0.008775
1361.5,0.026198,0.008716
1362.5,0.025906,0.008653
1363.5,0.025634,0.008586
1364.5,0.025384,0.008515
1365.5,0.025159,0.008441
1366.5,0.024960,0.008362
1367.5,0.024791,0.008280
1368.5,0.024654,0.008195
1369.5,0.024552,0.008106
1370.5,0.024490,0.008014
1371.5,0.024470,0.007920
1372.5,0.024497,0.007823
1373.5,0.024577,0.007724
1374.5,0.024713,0.007624
1375.5,0.024912,0.007523
1376.5,0.025180,0.007421
1377.5,0.025523,0.007320
1378.5,0.025948,0.007220
1379.5,0.026462,0.007121
1380.5,0.027075,0.007025
1381.5,0.027793,0.006933
1382.5,0.028626,0.006844
1383.5,0.029584,0.006762
1384.5,0.030676,0.006685
1385.5,0.031914,0.006617
1386.5,0.033309,0.006557
1387.5,0.034872,0.006508
1388.5,0.036615,0.006471
1389.5,0.038553,0.006446
1390.5,0.040697,0.006437
1391.5,0.043062,0.006445
1392.5,0.045662,0.006470
1393.5,0.048512,0.006516
1394.5,0.051627,0.006583
1395.5,0.055023,0.006673
1396.5,0.058714,0.006788
1397.5,0.062718,0.006929
1398.5,0.067050,0.007098
1399.5,0.071727,0.007296
1400.5,0.076764,0.007524
1401.5,0.082178,0.007783
1402.5,0.087985,0.008075
1403.5,0.094200,0.008399
1404.5,0.100838,0.008758
1405.5,0.107915,0.009152
1406.5,0.115444,0.009580
1407.5,0.123438,0.010045
1408.5,0.131909,0.010547
1409.5,0.140869,0.011085
1410.5,0.150327,0.011661
1411.5,0.160292,0.012275
1412.5,0.170769,0.012927
1413.5,0.181766,0.013617
1414.5,0.193284,0.014346
1415.5,0.205324,0.015113
1416.5,0.217886,0.015919
1417.5,0.230967,0.016762
1418.5,0.244560,0.017644
1419.5,0.258657,0.018562
1420.5,0.273247,0.019518
1421.5,0.288315,0.020508
1422.5,0.303846,0.021533
1423.5,0.319818,0.022591
1424.5,0.336210,0.023681
1425.5,0.352994,0.024800
1426.5,0.370143,0.025948
1427.5,0.387623,0.027121
1428.5,0.405400,0.028317
1429.5,0.423435,0.029534
1430.5,0.441687,0.030769
1431.5,0.460111,0.032018
1432.5,0.478662,0.033279
1433.5,0.497289,0.034548
1434.5,0.515942,0.035822
1435.5,0.534566,0.037096
1436.5,0.553105,0.038367
1437.5,0.571502,0.039631
1438.5,0.589698,0.040883
1439.5,0.607633,0.042120
1440.5,0.625247,0.043337
1441.5,0.642477,0.044529
1442.5,0.659262,0.045692
1443.5,0.675541,0.046823
1444.5,0.691254,0.047916
1445.5,0.706341,0.048967
1446.5,0.720743,0.049972
1447.5,0.734403,0.050927
1448.5,0.747268,0.051828
1449.5,0.759285,0.052672
1450.5,0.770403,0.053454
1451.5,0.780578,0.054172
1452.5,0.789766,0.054821
1453.5,0.797928,0.055400
1454.5,0.805029,0.055906
1455.5,0.811037,0.056337
1456.5,0.815927,0.056690
1457.5,0.819676,0.056964
1458.5,0.822268,0.057157
1459.5,0.823690,0.057269
1460.5,0.823936,0.057300
1461.5,0.823003,0.057248
1462.5,0.820895,0.057114
1463.5,0.817619,0.056898
1464.5,0.813190,0.056602
1465.5,0.807625,0.056227
1466.5,0.800947,0.055773
1467.5,0.793185,0.055244
1468.5,0.784369,0.054641
1469.5,0.774537,0.053966
1470.5,0.763729,0.053223
1471.5,0.751989,0.052414
1472.5,0.739364,0.051543
1473.5,0.725905,0.050613
1474.5,0.711665,0.049628
1475.5,0.696699,0.048592
1476.5,0.681065,0.047509
1477.5,0.664822,0.046383
1478.5,0.648031,0.045218
1479.5,0.630754,0.044018
1480.5,0.613051,0.042788
1481.5,0.594986,0.041533
1482.5,0.576619,0.040255
1483.5,0.558013,0.038961
1484.5,0.539227,0.037654
1485.5,0.520321,0.036337
1486.5,0.501353,0.035016
1487.5,0.482379,0.033694
1488.5,0.463452,0.032376
1489.5,0.444624,0.031063
1490.5,0.425944,0.029761
1491.5,0.407459,0.028472
1492.5,0.389213,0.027199
1493.5,0.371246,0.025945
1494.5,0.353596,0.024714
1495.5,0.336299,0.023506
1496.5,0.319384,0.022326
1497.5,0.302882,0.021174
1498.5,0.286817,0.020052
1499.5,0.271210,0.018962
1500.5,0.256082,0.017905
1501.5,0.241447,0.016883
1502.5,0.227320,0.015896
1503.5,0.213709,0.014945
1504.5,0.200622,0.014030
1505.5,0.188064,0.013153
1506.5,0.176036,0.012312
1507.5,0.164540,0.011509
1508.5,0.153571,0.010742
1509.5,0.143126,0.010012
1510.5,0.133198,0.009317
1511.5,0.123779,0.008659
1512.5,0.114860,0.008035
1513.5,0.106429,0.007446
1514.5,0.098473,0.006889
1515.5,0.090981,0.006365
1516.5,0.083937,0.005873
1517.5,0.077326,0.005410
1518.5,0.071132,0.004977
1519.5,0.065340,0.004572
1520.5,0.059932,0.004194
1521.5,0.054892,0.003841
1522.5,0.050204,0.003513
1523.5,0.045849,0.003208
1524.5,0.041811,0.002926
1525.5,0.038073,0.002664
1526.5,0.034620,0.002423
1527.5,0.031434,0.002200
1528.5,0.028500,0.001995
1529.5,0.025802,0.001806
1530.5,0.023326,0.001632
1531.5,0.021057,0.001474
1532.5,0.018981,0.001328
1533.5,0.017085,0.001196
1534.5,0.015356,0.001075
1535.5,0.013782,0.000965
1536.5,0.012351,0.000864
1537.5,0.011053,0.000774
1538.5,0.009877,0.000691
1539.5,0.008813,0.000617
1540.5,0.007852,0.000550
1541.5,0.006986,0.000489
1542.5,0.006207,0.000434
1543.5,0.005506,0.000385
1544.5,0.004878,0.000341
1545.5,0.004315,0.000302
1546.5,0.003811,0.000267
1547.5,0.003362,0.000235
1548.5,0.002961,0.000207
1549.5,0.002604,0.000182
1550.5,0.002286,0.000160
1551.5,0.002005,0.000140
1552.5,0.001756,0.000123
1553.5,0.001535,0.000107
1554.5,0.001340,0.000094
1555.5,0.001168,0.000082
1556.5,0.001017,0.000071
1557.5,0.000884,0.000062
1558.5,0.000768,0.000054
1559.5,0.000665,0.000047
1560.5,0.000576,0.000040
1561.5,0.000498,0.000035
1562.5,0.000429,0.000030
1563.5,0.000370,0.000026
1564.5,0.000318,0.000022
1565.5,0.000274,0.000019
1566.5,0.000235,0.000016
1567.5,0.000201,0.000014
1568.5,0.000172,0.000012
1569.5,0.000147,0.000010
1570.5,0.000125,0.000009
1571.5,0.000107,0.000007
1572.5,0.000091,0.000006
1573.5,0.000077,0.000005
1574.5,0.000065,0.000005
1575.5,0.000055,0.000004
1576.5,0.000047,0.000003
1577.5,0.000040,0.000003
1578.5,0.000033,0.000002
1579.5,0.000028,0.000002
1580.5,0.000024,0.000002
1581.5,0.000020,0.000001
1582.5,0.000017,0.000001
1583.5,0.000014,0.000001
1584.5,0.000012,0.000001
1585.5,0.000010,0.000001
1586.5,0.000008,0.000001
1587.5,0.000007,0.000000
1588.5,0.000006,0.000000
1589.5,0.000005,0.000000
1590.5,0.000004,0.000000
1591.5,0.000003,0.000000
1592.5,0.000003,0.000000
1593.5,0.000000,0.000000
1594.5,0.000000,0.000000
1595.5,0.000000,0.000000
1596.5,0.000000,0.000000
1597.5,0.000000,0.000000
1598.5,0.000000,0.000000
1599.5,0.000000,0.000000
1600.5,0.000000,0.000000
1601.5,0.000000,0.000000
1602.5,0.000000,0.000000
1603.5,0.000000,0.000000
1604.5,0.000000,0.000000
1605.5,0.000000,0.000000
1606.5,0.000000,0.000000
1607.5,0.000000,0.000000
1608.5,0.000000,0.000000
1609.5,0.000000,0.000000
1610.5,0.000000,0.000000
1611.5,0.000000,0.000000
1612.5,0.000000,0.000000
1613.5,0.000000,0.000000
1614.5,0.000000,0.000000
1615.5,0.000000,0.000000
1616.5,0.000000,0.000000
1617.5,0.000000,0.000000
1618.5,0.000000,0.000000
1619.5,0.000000,0.000000
1620.5,0.000000,0.000000
1621.5,0.000000,0.000000
1622.5,0.000000,0.000000
1623.5,0.000000,0.000000
1624.5,0.000000,0.000000
1625.5,0.000000,0.000000
1626.5,0.000000,0.000000
1627.5,0.000000,0.000000
1628.5,0.000000,0.000000
1629.5,0.000000,0.000000
1630.5,0.000000,0.000000
1631.5,0.000000,0.000000
1632.5,0.000000,0.000000
1633.5,0.000000,0.000000
1634.5,0.000000,0.000000
1635.5,0.000000,0.000000
1636.5,0.000000,0.000000
1637.5,0.000000,0.000000
1638.5,0.000000,0.000000
1639.5,0.000000,0.000000
1640.5,0.000000,0.000000
1641.5,0.000000,0.000000
1642.5,0.000000,0.000000
1643.5,0.000000,0.000000
1644.5,0.000000,0.000000
1645.5,0.000000,0.000000
1646.5,0.000000,0.000000
1647.5,0.000000,0.000000
1648.5,0.000000,0.000000
1649.5,0.000000,0.000000
1650.5,0.000000,0.000000
1651.5,0.000000,0.000000
1652.5,0.000000,0.000000
1653.5,0.000000,0.000000
1654.5,0.000000,0.000000
1655.5,0.000000,0.000000
1656.5,0.000000,0.000000
1657.5,0.000000,0.000000
1658.5,0.000000,0.000000
1659.5,0.000000,0.000000
1660.5,0.000000,0.000000
1661.5,0.000000,0.000000
1662.5,0.000000,0.000000
1663.5,0.000000,0.000000
1664.5,0.000000,0.000000
1665.5,0.000000,0.000000
1666.5,0.000000,0.000000
1667.5,0.000000,0.000000
1668.5,0.000000,0.000000
1669.5,0.000000,0.000000
1670.5,0.000000,0.000000
1671.5,0.000000,0.000000
1672.5,0.000000,0.000000
1673.5,0.000000,0.000000
1674.5,0.000000,0.000000
1675.5,0.000000,0.000000
1676.5,0.000000,0.000000
1677.5,0.000000,0.000000
1678.5,0.000000,0.000000
1679.5,0.000000,0.000000
1680.5,0.000000,0.000000
1681.5,0.000000,0.000000
1682.5,0.000000,0.000000
1683.5,0.000000,0.000000
1684.5,0.000000,0.000000
1685.5,0.000000,0.000000
1686.5,0.000000,0.000000
1687.5,0.000000,0.000000
1688.5,0.000000,0.000000
1689.5,0.000000,0.000000
1690.5,0.000000,0.000000
1691.5,0.000000,0.000000
1692.5,0.000000,0.000000
1693.5,0.000000,0.000000
1694.5,0.000000,0.000000
1695.5,0.000000,0.000000
1696.5,0.000000,0.000000
1697.5,0.000000,0.000000
1698.5,0.000000,0.000000
1699.5,0.000000,0.000000
1700.5,0.000000,0.000000
1701.5,0.000000,0.000000
1702.5,0.000000,0.000000
1703.5,0.000000,0.000000
1704.5,0.000000,0.000000
1705.5,0.000000,0.000000
1706.5,0.000000,0.000000
1707.5,0.000000,0.000000
1708.5,0.000000,0.000000
1709.5,0.000000,0.000000
1710.5,0.000000,0.000000
1711.5,0.000000,0.000000
1712.5,0.000000,0.000000
1713.5,0.000000,0.000000
1714.5,0.000000,0.000000
1715.5,0.000000,0.000000
1716.5,0.000000,0.000000
1717.5,0.000000,0.000000
1718.5,0.000000,0.000000
1719.5,0.000000,0.000000
1720.5,0.000000,0.000000
1721.5,0.000000,0.000000
1722.5,0.000000,0.000000
1723.5,0.000000,0.000000
1724.5,0.000000,0.000000
1725.5,0.000000,0.000000
1726.5,0.000000,0.000000
1727.5,0.000000,0.000000
1728.5,0.000000,0.000000
1729.5,0.000000,0.000000
1730.5,0.000000,0.000000
1731.5,0.000000,0.000000
1732.5,0.000000,0.000000
1733.5,0.000000,0.000000
1734.5,0.000000,0.000000
1735.5,0.000000,0.000000
1736.5,0.000000,0.000000
1737.5,0.000000,0.000000
1738.5,0.000000,0.000000
1739.5,0.000000,0.000000
1740.5,0.000000,0.000000
1741.5,0.000000,0.000000
1742.5,0.000000,0.000000
1743.5,0.000000,0.000000
1744.5,0.000000,0.000000
1745.5,0.000000,0.000000
1746.5,0.000000,0.000000
1747.5,0.000000,0.000000
1748.5,0.000000,0.000000
1749.5,0.000000,0.000000
1750.5,0.000000,0.000000
1751.5,0.000000,0.000000
1752.5,0.000000,0.000000
1753.5,0.000000,0.000000
1754.5,0.000000,0.000000
1755.5,0.000000,0.000000
1756.5,0.000000,0.000000
1757.5,0.000000,0.000000
1758.5,0.000000,0.000000
1759.5,0.000000,0.000000
1760.5,0.000000,0.000000
1761.5,0.000000,0.000000
1762.5,0.000000,0.000000
1763.5,0.000000,0.000000
1764.5,0.000000,0.000000
1765.5,0.000000,0.000000
1766.5,0.000000,0.000000
1767.5,0.000000,0.000000
1768.5,0.000000,0.000000
1769.5,0.000000,0.000000
1770.5,0.000000,0.000000
1771.5,0.000000,0.000000
1772.5,0.000000,0.000000
1773.5,0.000000,0.000000
1774.5,0.000000,0.000000
1775.5,0.000000,0.000000
1776.5,0.000000,0.000000
1777.5,0.000000,0.000000
1778.5,0.000000,0.000000
1779.5,0.000000,0.000000
1780.5,0.000000,0.000000
1781.5,0.000000,0.000000
1782.5,0.000000,0.000000
1783.5,0.000000,0.000000
1784.5,0.000000,0.000000
1785.5,0.000000,0.000000
1786.5,0.000000,0.000000
1787.5,0.000000,0.000000
1788.5,0.000000,0.000000
1789.5,0.000000,0.000000
1790.5,0.000000,0.000000
1791.5,0.000000,0.000000
1792.5,0.000000,0.000000
1793.5,0.000000,0.000000
1794.5,0.000000,0.000000
1795.5,0.000000,0.000000
1796.5,0.000000,0.000000
1797.5,0.000000,0.000000
1798.5,0.000000,0.000000
1799.5,0.000000,0.000000
1800.5,0.000000,0.000000
1801.5,0.000000,0.000000
1802.5,0.000000,0.000000
1803.5,0.000000,0.000000
1804.5,0.000000,0.000000
1805.5,0.000000,0.000000
1806.5,0.000000,0.000000
1807.5,0.000000,0.000000
1808.5,0.000000,0.000000
1809.5,0.000000,0.000000
1810.5,0.000000,0.000000
1811.5,0.000000,0.000000
1812.5,0.000000,0.000000
1813.5,0.000000,0.000000
1814.5,0.000000,0.000000
1815.5,0.000000,0.000000
1816.5,0.000000,0.000000
1817.5,0.000000,0.000000
1818.5,0.000000,0.000000
1819.5,0.000000,0.000000
1820.5,0.000000,0.000000
1821.5,0.000000,0.000000
1822.5,0.000000,0.000000
1823.5,0.000000,0.000000
1824.5,0.000000,0.000000
1825.5,0.000000,0.000000
1826.5,0.000000,0.000000
1827.5,0.000000,0.000000
1828.5,0.000000,0.000000
1829.5,0.000000,0.000000
1830.5,0.000000,0.000000
1831.5,0.000000,0.000000
1832.5,0.000000,0.000000
1833.5,0.000000,0.000000
1834.5,0.000000,0.000000
1835.5,0.000000,0.000000
1836.5,0.000000,0.000000
1837.5,0.000000,0.000000
1838.5,0.000000,0.000000
1839.5,0.000000,0.000000
1840.5,0.000000,0.000000
1841.5,0.000000,0.000000
1842.5,0.000000,0.000000
1843.5,0.000000,0.000000
1844.5,0.000000,0.000000
1845.5,0.000000,0.000000
1846.5,0.000000,0.000000
1847.5,0.000000,0.000000
1848.5,0.000000,0.000000
1849.5,0.000000,0.000000
1850.5,0.000000,0.000000
1851.5,0.000000,0.000000
1852.5,0.000000,0.000000
1853.5,0.000000,0.000000
1854.5,0.000000,0.000000
1855.5,0.000000,0.000000
1856.5,0.000000,0.000000
1857.5,0.000000,0.000000
1858.5,0.000000,0.000000
1859.5,0.000000,0.000000
1860.5,0.000000,0.000000
1861.5,0.000000,0.000000
1862.5,0.000000,0.000000
1863.5,0.000000,0.000000
1864.5,0.000000,0.000000
1865.5,0.000000,0.000000
1866.5,0.000000,0.000000
1867.5,0.000000,0.000000
1868.5,0.000000,0.000000
1869.5,0.000000,0.000000
1870.5,0.000000,0.000000
1871.5,0.000000,0.000000
1872.5,0.000000,0.000000
1873.5,0.000000,0.000000
1874.5,0.000000,0.000000
1875.5,0.000000,0.000000
1876.5,0.000000,0.000000
1877.5,0.000000,0.000000
1878.5,0.000000,0.000000
1879.5,0.000000,0.000000
1880.5,0.000000,0.000000
1881.5,0.000000,0.000000
1882.5,0.000000,0.000000
1883.5,0.000000,0.000000
1884.5,0.000000,0.000000
1885.5,0.000000,0.000000
1886.5,0.000000,0.000000
1887.5,0.000000,0.000000
1888.5,0.000000,0.000000
1889.5,0.000000,0.000000
1890.5,0.000000,0.000000
1891.5,0.000000,0.000000
1892.5,0.000000,0.000000
1893.5,0.000000,0.000000
1894.5,0.000000,0.000000
1895.5,0.000000,0.000000
1896.5,0.000000,0.000000
1897.5,0.000000,0.000000
1898.5,0.000000,0.000000
1899.5,0.000000,0.000000
1900.5,0.000000,0.000000
1901.5,0.000000,0.000000
1902.5,0.000000,0.000000
1903.5,0.000000,0.000000
1904.5,0.000000,0.000000
1905.5,0.000000,0.000000
1906.5,0.000000,0.000000
1907.5,0.000000,0.000000
1908.5,0.000000,0.000000
1909.5,0.000000,0.000000
1910.5,0.000000,0.000000
1911.5,0.000000,0.000000
1912.5,0.000000,0.000000
1913.5,0.000000,0.000000
1914.5,0.000000,0.000000
1915.5,0.000000,0.000000
1916.5,0.000000,0.000000
1917.5,0.000000,0.000000
1918.5,0.000000,0.000000
1919.5,0.000000,0.000000
1920.5,0.000000,0.000000
1921.5,0.000000,0.000000
1922.5,0.000000,0.000000
1923.5,0.000000,0.000000
1924.5,0.000000,0.000000
1925.5,0.000000,0.000000
1926.5,0.000000,0.000000
1927.5,0.000000,0.000000
1928.5,0.000000,0.000000
1929.5,0.000000,0.000000
1930.5,0.000000,0.000000
1931.5,0.000000,0.000000
1932.5,0.000000,0.000000
1933.5,0.000000,0.000000
1934.5,0.000000,0.000000
1935.5,0.000000,0.000000
1936.5,0.000000,0.000000
1937.5,0.000000,0.000000
1938.5,0.000000,0.000000
1939.5,0.000000,0.000000
1940.5,0.000000,0.000000
1941.5,0.000000,0.000000
1942.5,0.000000,0.000000
1943.5,0.000000,0.000000
1944.5,0.000000,0.000000
1945.5,0.000000,0.000000
1946.5,0.000000,0.000000
1947.5,0.000000,0.000000
1948.5,0.000000,0.000000
1949.5,0.000000,0.000000
1950.5,0.000000,0.000000
1951.5,0.000000,0.000000
1952.5,0.000000,0.000000
1953.5,0.000000,0.000000
1954.5,0.000000,0.000000
1955.5,0.000000,0.000000
1956.5,0.000000,0.000000
1957.5,0.000000,0.000000
1958.5,0.000000,0.000000
1959.5,0.000000,0.000000
1960.5,0.000000,0.000000
1961.5,0.000000,0.000000
1962.5,0.000000,0.000000
1963.5,0.000000,0.000000
1964.5,0.000000,0.000000
1965.5,0.000000,0.000000
1966.5,0.000000,0.000000
1967.5,0.000000,0.000000
1968.5,0.000000,0.000000
1969.5,0.000000,0.000000
1970.5,0.000000,0.000000
1971.5,0.000000,0.000000
1972.5,0.000000,0.000000
1973.5,0.000000,0.000000
1974.5,0.000000,0.000000
1975.5,0.000000,0.000000
1976.5,0.000000,0.000000
1977.5,0.000000,0.000000
1978.5,0.000000,0.000000
1979.5,0.000000,0.000000
1980.5,0.000000,0.000000
1981.5,0.000000,0.000000
1982.5,0.000000,0.000000
1983.5,0.000000,0.000000
1984.5,0.000000,0.000000
1985.5,0.000000,0.000000
1986.5,0.000000,0.000000
1987.5,0.000000,0.000000
1988.5,0.000000,0.000000
1989.5,0.000000,0.000000
1990.5,0.000000,0.000000
1991.5,0.000000,0.000000
1992.5,0.000000,0.000000
1993.5,0.000000,0.000000
1994.5,0.000000,0.000000
1995.5,0.000000,0.000000
1996.5,0.000000,0.000000
1997.5,0.000000,0.000000
1998.5,0.000000,0.000000
1999.5,0.000000,0.000000
2000.5,0.000000,0.000000
2001.5,0.000000,0.000000
2002.5,0.000000,0.000000
2003.5,0.000000,0.000000
2004.5,0.000000,0.000000
2005.5,0.000000,0.000000
2006.5,0.000000,0.000000
2007.5,0.000000,0.000000
2008.5,0.000000,0.000000
2009.5,0.000000,0.000000
2010.5,0.000000,0.000000
2011.5,0.000000,0.000000
2012.5,0.000000,0.000000
2013.5,0.000000,0.000000
2014.5,0.000000,0.000000
2015.5,0.000000,0.000000
2016.5,0.000000,0.000000
2017.5,0.000000,0.000000
2018.5,0.000000,0.000000
2019.5,0.000000,0.000000
2020.5,0.000000,0.000000
2021.5,0.000000,0.000000
2022.5,0.000000,0.000000
2023.5,0.000000,0.000000
2024.5,0.000000,0.000000
2025.5,0.000000,0.000000
2026.5,0.000000,0.000000
2027.5,0.000000,0.000000
2028.5,0.000000,0.000000
2029.5,0.000000,0.000000
2030.5,0.000000,0.000000
2031.5,0.000000,0.000000
2032.5,0.000000,0.000000
2033.5,0.000000,0.000000
2034.5,0.000000,0.000000
2035.5,0.000000,0.000000
2036.5,0.000000,0.000000
2037.5,0.000000,0.000000
2038.5,0.000000,0.000000
2039.5,0.000000,0.000000
2040.5,0.000000,0.000000
2041.5,0.000000,0.000000
2042.5,0.000000,0.000000
2043.5,0.000000,0.000000
2044.5,0.000000,0.000000
2045.5,0.000000,0.000000
2046.5,0.000000,0.000000
2047.5,0.000000,0.000000
2048.5,0.000000,0.000000
2049.5,0.000000,0.000000
2050.5,0.000000,0.000000
2051.5,0.000000,0.000000
2052.5,0.000000,0.000000
2053.5,0.000000,0.000000
2054.5,0.000000,0.000000
2055.5,0.000000,0.000000
2056.5,0.000000,0.000000
2057.5,0.000000,0.000000
2058.5,0.000000,0.000000
2059.5,0.000000,0.000000
2060.5,0.000000,0.000000
2061.5,0.000000,0.000000
2062.5,0.000000,0.000000
2063.5,0.000000,0.000000
2064.5,0.000000,0.000000
2065.5,0.000000,0.000000
2066.5,0.000000,0.000000
2067.5,0.000000,0.000000
2068.5,0.000000,0.000000
2069.5,0.000000,0.000000
2070.5,0.000000,0.000000
2071.5,0.000000,0.000000
2072.5,0.000000,0.000000
2073.5,0.000000,0.000000
2074.5,0.000000,0.000000
2075.5,0.000000,0.000000
2076.5,0.000000,0.000000
2077.5,0.000000,0.000000
2078.5,0.000000,0.000000
2079.5,0.000000,0.000000
2080.5,0.000000,0.000000
2081.5,0.000000,0.000000
2082.5,0.000000,0.000000
2083.5,0.000000,0.000000
2084.5,0.000000,0.000000
2085.5,0.000000,0.000000
2086.5,0.000000,0.000000
2087.5,0.000000,0.000000
2088.5,0.000000,0.000000
2089.5,0.000000,0.000000
2090.5,0.000000,0.000000
2091.5,0.000000,0.000000
2092.5,0.000000,0.000000
2093.5,0.000000,0.000000
2094.5,0.000000,0.000000
2095.5,0.000000,0.000000
2096.5,0.000000,0.000000
2097.5,0.000000,0.000000
2098.5,0.000000,0.000000
2099.5,0.000000,0.000000
2100.5,0.000000,0.000000
2101.5,0.000000,0.000000
2102.5,0.000000,0.000000
2103.5,0.000000,0.000000
2104.5,0.000000,0.000000
2105.5,0.000000,0.000000
2106.5,0.000000,0.000000
2107.5,0.000000,0.000000
2108.5,0.000000,0.000000
2109.5,0.000000,0.000000
2110.5,0.000000,0.000000
2111.5,0.000000,0.000000
2112.5,0.000000,0.000000
2113.5,0.000000,0.000000
2114.5,0.000000,0.000000
2115.5,0.000000,0.000000
2116.5,0.000000,0.000000
2117.5,0.000000,0.000000
2118.5,0.000000,0.000000
2119.5,0.000000,0.000000
2120.5,0.000000,0.000000
2121.5,0.000000,0.000000
2122.5,0.000000,0.000000
2123.5,0.000000,0.000000
2124.5,0.000000,0.000000
2125.5,0.000000,0.000000
2126.5,0.000000,0.000000
2127.5,0.000000,0.000000
2128.5,0.000000,0.000000
2129.5,0.000000,0.000000
2130.5,0.000000,0.000000
2131.5,0.000000,0.000000
2132.5,0.000000,0.000000
2133.5,0.000000,0.000000
2134.5,0.000000,0.000000
2135.5,0.000000,0.000000
2136.5,0.000000,0.000000
2137.5,0.000000,0.000000
2138.5,0.000000,0.000000
2139.5,0.000000,0.000000
2140.5,0.000000,0.000000
2141.5,0.000000,0.000000
2142.5,0.000000,0.000000
2143.5,0.000000,0.000000
2144.5,0.000000,0.000000
2145.5,0.000000,0.000000
2146.5,0.000000,0.000000
2147.5,0.000000,0.000000
2148.5,0.000000,0.000000
2149.5,0.000000,0.000000
2150.5,0.000000,0.000000
2151.5,0.000000,0.000000
2152.5,0.000000,0.000000
2153.5,0.000000,0.000000
2154.5,0.000000,0.000000
2155.5,0.000000,0.000000
2156.5,0.000000,0.000000
2157.5,0.000000,0.000000
2158.5,0.000000,0.000000
2159.5,0.000000,0.000000
2160.5,0.000000,0.000000
2161.5,0.000000,0.000000
2162.5,0.000000,0.000000
2163.5,0.000000,0.000000
2164.5,0.000000,0.000000
2165.5,0.000000,0.000000
2166.5,0.000000,0.000000
2167.5,0.000000,0.000000
2168.5,0.000000,0.000000
2169.5,0.000000,0.000000
2170.5,0.000000,0.000000
2171.5,0.000000,0.000000
2172.5,0.000000,0.000000
2173.5,0.000000,0.000000
2174.5,0.000000,0.000000
2175.5,0.000000,0.000000
2176.5,0.000000,0.000000
2177.5,0.000000,0.000000
2178.5,0.000000,0.000000
2179.5,0.000000,0.000000
2180.5,0.000000,0.000000
2181.5,0.000000,0.000000
2182.5,0.000000,0.000000
2183.5,0.000000,0.000000
2184.5,0.000000,0.000000
2185.5,0.000000,0.000000
2186.5,0.000000,0.000000
2187.5,0.000000,0.000000
2188.5,0.000000,0.000000
2189.5,0.000000,0.000000
2190.5,0.000000,0.000000
2191.5,0.000000,0.000000
2192.5,0.000000,0.000000
2193.5,0.000000,0.000000
2194.5,0.000000,0.000000
2195.5,0.000000,0.000000
2196.5,0.000000,0.000000
2197.5,0.000000,0.000000
2198.5,0.000000,0.000000
2199.5,0.000000,0.000000
2200.5,0.000000,0.000000
2201.5,0.000000,0.000000
2202.5,0.000000,0.000000
2203.5,0.000000,0.000000
2204.5,0.000000,0.000000
2205.5,0.000000,0.000000
2206.5,0.000000,0.000000
2207.5,0.000000,0.000000
2208.5,0.000000,0.000000
2209.5,0.000000,0.000000
2210.5,0.000000,0.000000
2211.5,0.000000,0.000000
2212.5,0.000000,0.000000
2213.5,0.000000,0.000000
2214.5,0.000000,0.000000
2215.5,0.000000,0.000000
2216.5,0.000000,0.000000
2217.5,0.000000,0.000000
2218.5,0.000000,0.000000
2219.5,0.000000,0.000000
2220.5,0.000000,0.000000
2221.5,0.000000,0.000000
2222.5,0.000000,0.000000
2223.5,0.000000,0.000000
2224.5,0.000000,0.000000
2225.5,0.000000,0.000000
2226.5,0.000000,0.000000
2227.5,0.000000,0.000000
2228.5,0.000000,0.000000
2229.5,0.000000,0.000000
2230.5,0.000000,0.000000
2231.5,0.000000,0.000000
2232.5,0.000000,0.000000
2233.5,0.000000,0.000000
2234.5,0.000000,0.000000
2235.5,0.000000,0.000000
2236.5,0.000000,0.000000
2237.5,0.000000,0.000000
2238.5,0.000000,0.000000
2239.5,0.000000,0.000000
2240.5,0.000000,0.000000
2241.5,0.000000,0.000000
2242.5,0.000000,0.000000
2243.5,0.000000,0.000000
2244.5,0.000000,0.000000
2245.5,0.000000,0.000000
2246.5,0.000000,0.000000
2247.5,0.000000,0.000000
2248.5,0.000000,0.000000
2249.5,0.000000,0.000000
2250.5,0.000000,0.000000
2251.5,0.000000,0.000000
2252.5,0.000000,0.000000
2253.5,0.000000,0.000000
2254.5,0.000000,0.000000
2255.5,0.000000,0.000000
2256.5,0.000000,0.000000
2257.5,0.000000,0.000000
2258.5,0.000000,0.000000
2259.5,0.000000,0.000000
2260.5,0.000000,0.000000
2261.5,0.000000,0.000000
2262.5,0.000000,0.000000
2263.5,0.000000,0.000000
2264.5,0.000000,0.000000
2265.5,0.000000,0.000000
2266.5,0.000000,0.000000
2267.5,0.000000,0.000000
2268.5,0.000000,0.000000
2269.5,0.000000,0.000000
2270.5,0.000000,0.000000
2271.5,0.000000,0.000000
2272.5,0.000000,0.000000
2273.5,0.000000,0.000000
2274.5,0.000000,0.000000
2275.5,0.000000,0.000000
2276.5,0.000000,0.000000
2277.5,0.000000,0.000000
2278.5,0.000000,0.000000
2279.5,0.000000,0.000000
2280.5,0.000000,0.000000
2281.5,0.000000,0.000000
2282.5,0.000000,0.000000
2283.5,0.000000,0.000000
2284.5,0.000000,0.000000
2285.5,0.000000,0.000000
2286.5,0.000000,0.000000
2287.5,0.000000,0.000000
2288.5,0.000000,0.000000
2289.5,0.000000,0.000000
2290.5,0.000000,0.000000
2291.5,0.000000,0.000000
2292.5,0.000000,0.000000
2293.5,0.000000,0.000000
2294.5,0.000000,0.000000
2295.5,0.000000,0.000000
2296.5,0.000000,0.000000
2297.5,0.000000,0.000000
2298.5,0.000000,0.000000
2299.5,0.000000,0.000000
2300.5,0.000000,0.000000
2301.5,0.000000,0.000000
2302.5,0.000000,0.000000
2303.5,0.000000,0.000000
2304.5,0.000000,0.000000
2305.5,0.000000,0.000000
2306.5,0.000000,0.000000
2307.5,0.000000,0.000000
2308.5,0.000000,0.000000
2309.5,0.000000,0.000000
2310.5,0.000000,0.000000
2311.5,0.000000,0.000000
2312.5,0.000000,0.000000
2313.5,0.000000,0.000000
2314.5,0.000000,0.000000
2315.5,0.000000,0.000000
2316.5,0.000000,0.000000
2317.5,0.000000,0.000000
2318.5,0.000000,0.000000
2319.5,0.000000,0.000000
2320.5,0.000000,0.000000
2321.5,0.000000,0.000000
2322.5,0.000000,0.000000
2323.5,0.000000,0.000000
2324.5,0.000000,0.000000
2325.5,0.000000,0.000000
2326.5,0.000000,0.000000
2327.5,0.000000,0.000000
2328.5,0.000000,0.000000
2329.5,0.000000,0.000000
2330.5,0.000000,0.000000
2331.5,0.000000,0.000000
2332.5,0.000000,0.000000
2333.5,0.000000,0.000000
2334.5,0.000000,0.000000
2335.5,0.000000,0.000000
2336.5,0.000000,0.000000
2337.5,0.000000,0.000000
2338.5,0.000000,0.000000
2339.5,0.000000,0.000000
2340.5,0.000000,0.000000
2341.5,0.000000,0.000000
2342.5,0.000000,0.000000
2343.5,0.000000,0.000000
2344.5,0.000000,0.000000
2345.5,0.000000,0.000000
2346.5,0.000000,0.000000
2347.5,0.000000,0.000000
2348.5,0.000000,0.000000
2349.5,0.000000,0.000000
2350.5,0.000000,0.000000
2351.5,0.000000,0.000000
2352.5,0.000000,0.000000
2353.5,0.000000,0.000000
2354.5,0.000000,0.000000
2355.5,0.000000,0.000000
2356.5,0.000000,0.000000
2357.5,0.000000,0.000000
2358.5,0.000000,0.000000
2359.5,0.000000,0.000000
2360.5,0.000000,0.000000
2361.5,0.000000,0.000000
2362.5,0.000000,0.000000
2363.5,0.000000,0.000000
2364.5,0.000000,0.000000
2365.5,0.000000,0.000000
2366.5,0.000000,0.000000
2367.5,0.000000,0.000000
2368.5,0.000000,0.000000
2369.5,0.000000,0.000000
2370.5,0.000000,0.000000
2371.5,0.000000,0.000000
2372.5,0.000000,0.000000
2373.5,0.000000,0.000000
2374.5,0.000000,0.000000
2375.5,0.000000,0.000000
2376.5,0.000000,0.000000
2377.5,0.000000,0.000000
2378.5,0.000000,0.000000
2379.5,0.000000,0.000000
2380.5,0.000000,0.000000
2381.5,0.000000,0.000000
2382.5,0.000000,0.000000
2383.5,0.000000,0.000000
2384.5,0.000000,0.000000
2385.5,0.000000,0.000000
2386.5,0.000000,0.000000
2387.5,0.000000,0.000000
2388.5,0.000000,0.000000
2389.5,0.000000,0.000000
2390.5,0.000000,0.000000
2391.5,0.000000,0.000000
2392.5,0.000000,0.000000
2393.5,0.000000,0.000000
2394.5,0.000000,0.000000
2395.5,0.000000,0.000000
2396.5,0.000000,0.000000
2397.5,0.000000,0.000000
2398.5,0.000000,0.000000
2399.5,0.000000,0.000000
2400.5,0.000000,0.000000
2401.5,0.000000,0.000000
2402.5,0.000000,0.000000
2403.5,0.000000,0.000000
2404.5,0.000000,0.000000
2405.5,0.000000,0.000000
2406.5,0.000000,0.000000
2407.5,0.000000,0.000000
2408.5,0.000000,0.000000
2409.5,0.000000,0.000000
2410.5,0.000000,0.000000
2411.5,0.000000,0.000000
2412.5,0.000000,0.000000
2413.5,0.000000,0.000000
2414.5,0.000000,0.000000
2415.5,0.000000,0.000000
2416.5,0.000000,0.000000
2417.5,0.000000,0.000000
2418.5,0.000000,0.000000
2419.5,0.000000,0.000000
2420.5,0.000000,0.000000
2421.5,0.000000,0.000000
2422.5,0.000000,0.000000
2423.5,0.000000,0.000000
2424.5,0.000000,0.000000
2425.5,0.000000,0.000000
2426.5,0.000000,0.000000
2427.5,0.000000,0.000000
2428.5,0.000000,0.000000
2429.5,0.000000,0.000000
2430.5,0.000000,0.000000
2431.5,0.000000,0.000000
2432.5,0.000000,0.000000
2433.5,0.000000,0.000000
2434.5,0.000000,0.000000
2435.5,0.000000,0.000000
2436.5,0.000000,0.000000
2437.5,0.000000,0.000000
2438.5,0.000000,0.000000
2439.5,0.000000,0.000000
2440.5,0.000000,0.000000
2441.5,0.000000,0.000000
2442.5,0.000000,0.000000
2443.5,0.000000,0.000000
2444.5,0.000000,0.000000
2445.5,0.000000,0.000000
2446.5,0.000000,0.000000
2447.5,0.000000,0.000000
2448.5,0.000000,0.000000
2449.5,0.000000,0.000000
2450.5,0.000000,0.000000
2451.5,0.000000,0.000000
2452.5,0.000000,0.000000
2453.5,0.000000,0.000000
2454.5,0.000000,0.000000
2455.5,0.000000,0.000000
2456.5,0.000000,0.000000
2457.5,0.000000,0.000000
2458.5,0.000000,0.000000
2459.5,0.000000,0.000000
2460.5,0.000000,0.000000
2461.5,0.000000,0.000000
2462.5,0.000000,0.000000
2463.5,0.000000,0.000000
2464.5,0.000000,0.000000
2465.5,0.000000,0.000000
2466.5,0.000000,0.000000
2467.5,0.000000,0.000000
2468.5,0.000000,0.000000
2469.5,0.000000,0.000000
2470.5,0.000000,0.000000
2471.5,0.000000,0.000000
2472.5,0.000000,0.000000
2473.5,0.000000,0.000000
2474.5,0.000000,0.000000
2475.5,0.000000,0.000000
2476.5,0.000000,0.000000
2477.5,0.000000,0.000000
2478.5,0.000000,0.000000
2479.5,0.000000,0.000000
2480.5,0.000000,0.000000
2481.5,0.000000,0.000000
2482.5,0.000000,0.000000
2483.5,0.000000,0.000000
2484.5,0.000000,0.000000
2485.5,0.000000,0.000000
2486.5,0.000000,0.000000
2487.5,0.000000,0.000000
2488.5,0.000000,0.000000
2489.5,0.000000,0.000000
2490.5,0.000000,0.000000
2491.5,0.000000,0.000000
2492.5,0.000000,0.000000
2493.5,0.000000,0.000000
2494.5,0.000000,0.000000
2495.5,0.000000,0.000000
2496.5,0.000000,0.000000
2497.5,0.000000,0.000000
2498.5,0.000000,0.000000
2499.5,0.000000,0.000000
2500.5,0.000000,0.000000
2501.5,0.000000,0.000000
2502.5,0.000000,0.000000
2503.5,0.000000,0.000000
2504.5,0.000000,0.000000
2505.5,0.000000,0.000000
2506.5,0.000000,0.000000
2507.5,0.000000,0.000000
2508.5,0.000000,0.000000
2509.5,0.000000,0.000000
2510.5,0.000000,0.000000
2511.5,0.000000,0.000000
2512.5,0.000000,0.000000
2513.5,0.000000,0.000000
2514.5,0.000000,0.000000
2515.5,0.000000,0.000000
2516.5,0.000000,0.000000
2517.5,0.000000,0.000000
2518.5,0.000000,0.000000
2519.5,0.000000,0.000000
2520.5,0.000000,0.000000
2521.5,0.000000,0.000000
2522.5,0.000000,0.000000
2523.5,0.000000,0.000000
2524.5,0.000000,0.000000
2525.5,0.000000,0.000000
2526.5,0.000000,0.000000
2527.5,0.000000,0.000000
2528.5,0.000000,0.000000
2529.5,0.000000,0.000000
2530.5,0.000000,0.000000
2531.5,0.000000,0.000000
2532.5,0.000000,0.000000
2533.5,0.000000,0.000000
2534.5,0.000000,0.000000
2535.5,0.000000,0.000000
2536.5,0.000000,0.000000
2537.5,0.000000,0.000000
2538.5,0.000000,0.000000
2539.5,0.000000,0.000000
2540.5,0.000000,0.000000
2541.5,0.000000,0.000000
2542.5,0.000000,0.000000
2543.5,0.000000,0.000000
2544.5,0.000000,0.000000
2545.5,0.000000,0.000000
2546.5,0.000000,0.000000
2547.5,0.000000,0.000000
2548.5,0.000000,0.000000
2549.5,0.000000,0.000000
2550.5,0.000000,0.000000
2551.5,0.000000,0.000000
2552.5,0.000000,0.000000
2553.5,0.000000,0.000000
2554.5,0.000000,0.000000
2555.5,0.000000,0.000000
2556.5,0.000000,0.000000
2557.5,0.000000,0.000000
2558.5,0.000000,0.000000
2559.5,0.000000,0.000000
2560.5,0.000000,0.000000
2561.5,0.000000,0.000000
2562.5,0.000000,0.000000
2563.5,0.000000,0.000000
2564.5,0.000000,0.000000
2565.5,0.000000,0.000000
2566.5,0.000000,0.000000
2567.5,0.000000,0.000000
2568.5,0.000000,0.000000
2569.5,0.000000,0.000000
2570.5,0.000000,0.000000
2571.5,0.000000,0.000000
2572.5,0.000000,0.000000
2573.5,0.000000,0.000000
2574.5,0.000000,0.000000
2575.5,0.000000,0.000000
2576.5,0.000000,0.000000
2577.5,0.000000,0.000000
2578.5,0.000000,0.000000
2579.5,0.000000,0.000000
2580.5,0.000000,0.000000
2581.5,0.000000,0.000000
2582.5,0.000000,0.000000
2583.5,0.000000,0.000000
2584.5,0.000000,0.000000
2585.5,0.000000,0.000000
2586.5,0.000000,0.000000
2587.5,0.000000,0.000000
2588.5,0.000000,0.000000
2589.5,0.000000,0.000000
2590.5,0.000000,0.000000
2591.5,0.000000,0.000000
2592.5,0.000000,0.000000
2593.5,0.000000,0.000000
2594.5,0.000000,0.000000
2595.5,0.000000,0.000000
2596.5,0.000000,0.000000
2597.5,0.000000,0.000000
2598.5,0.000000,0.000000
2599.5,0.000000,0.000000
2600.5,0.000000,0.000000
2601.5,0.000000,0.000000
2602.5,0.000000,0.000000
2603.5,0.000000,0.000000
2604.5,0.000000,0.000000
2605.5,0.000000,0.000000
2606.5,0.000000,0.000000
2607.5,0.000000,0.000000
2608.5,0.000000,0.000000
2609.5,0.000000,0.000000
2610.5,0.000000,0.000000
2611.5,0.000000,0.000000
2612.5,0.000000,0.000000
2613.5,0.000000,0.000000
2614.5,0.000000,0.000000
2615.5,0.000000,0.000000
2616.5,0.000000,0.000000
2617.5,0.000000,0.000000
2618.5,0.000000,0.000000
2619.5,0.000000,0.000000
2620.5,0.000000,0.000000
2621.5,0.000000,0.000000
2622.5,0.000000,0.000000
2623.5,0.000000,0.000000
2624.5,0.000000,0.000000
2625.5,0.000000,0.000000
2626.5,0.000000,0.000000
2627.5,0.000000,0.000000
2628.5,0.000000,0.000000
2629.5,0.000000,0.000000
2630.5,0.000000,0.000000
2631.5,0.000000,0.000000
2632.5,0.000000,0.000000
2633.5,0.000000,0.000000
2634.5,0.000000,0.000000
2635.5,0.000000,0.000000
2636.5,0.000000,0.000000
2637.5,0.000000,0.000000
2638.5,0.000000,0.000000
2639.5,0.000000,0.000000
2640.5,0.000000,0.000000
2641.5,0.000000,0.000000
2642.5,0.000000,0.000000
2643.5,0.000000,0.000000
2644.5,0.000000,0.000000
2645.5,0.000000,0.000000
2646.5,0.000000,0.000000
2647.5,0.000000,0.000000
2648.5,0.000000,0.000000
2649.5,0.000000,0.000000
2650.5,0.000000,0.000000
2651.5,0.000000,0.000000
2652.5,0.000000,0.000000
2653.5,0.000000,0.000000
2654.5,0.000000,0.000000
2655.5,0.000000,0.000000
2656.5,0.000000,0.000000
2657.5,0.000000,0.000000
2658.5,0.000000,0.000000
2659.5,0.000000,0.000000
2660.5,0.000000,0.000000
2661.5,0.000000,0.000000
2662.5,0.000000,0.000000
2663.5,0.000000,0.000000
2664.5,0.000000,0.000000
2665.5,0.000000,0.000000
2666.5,0.000000,0.000000
2667.5,0.000000,0.000000
2668.5,0.000000,0.000000
2669.5,0.000000,0.000000
2670.5,0.000000,0.000000
2671.5,0.000000,0.000000
2672.5,0.000000,0.000000
2673.5,0.000000,0.000000
2674.5,0.000000,0.000000
2675.5,0.000000,0.000000
2676.5,0.000000,0.000000
2677.5,0.000000,0.000000
2678.5,0.000000,0.000000
2679.5,0.000000,0.000000
2680.5,0.000000,0.000000
2681.5,0.000000,0.000000
2682.5,0.000000,0.000000
2683.5,0.000000,0.000000
2684.5,0.000000,0.000000
2685.5,0.000000,0.000000
2686.5,0.000000,0.000000
2687.5,0.000000,0.000000
2688.5,0.000000,0.000000
2689.5,0.000000,0.000000
2690.5,0.000000,0.000000
2691.5,0.000000,0.000000
2692.5,0.000000,0.000000
2693.5,0.000000,0.000000
2694.5,0.000000,0.000000
2695.5,0.000000,0.000000
2696.5,0.000000,0.000000
2697.5,0.000000,0.000000
2698.5,0.000000,0.000000
2699.5,0.000000,0.000000
2700.5,0.000000,0.000000
2701.5,0.000000,0.000000
2702.5,0.000000,0.000000
2703.5,0.000000,0.000000
2704.5,0.000000,0.000000
2705.5,0.000000,0.000000
2706.5,0.000000,0.000000
2707.5,0.000000,0.000000
2708.5,0.000000,0.000000
2709.5,0.000000,0.000000
2710.5,0.000000,0.000000
2711.5,0.000000,0.000000
2712.5,0.000000,0.000000
2713.5,0.000000,0.000000
2714.5,0.000000,0.000000
2715.5,0.000000,0.000000
2716.5,0.000000,0.000000
2717.5,0.000000,0.000000
2718.5,0.000000,0.000000
2719.5,0.000000,0.000000
2720.5,0.000000,0.000000
2721.5,0.000000,0.000000
2722.5,0.000000,0.000000
2723.5,0.000000,0.000000
2724.5,0.000000,0.000000
2725.5,0.000000,0.000000
2726.5,0.000000,0.000000
2727.5,0.000000,0.000000
2728.5,0.000000,0.000000
2729.5,0.000000,0.000000
2730.5,0.000000,0.000000
2731.5,0.000000,0.000000
2732.5,0.000000,0.000000
2733.5,0.000000,0.000000
2734.5,0.000000,0.000000
2735.5,0.000000,0.000000
2736.5,0.000000,0.000000
2737.5,0.000000,0.000000
2738.5,0.000000,0.000000
2739.5,0.000000,0.000000
2740.5,0.000000,0.000000
2741.5,0.000000,0.000000
2742.5,0.000000,0.000000
2743.5,0.000000,0.000000
2744.5,0.000000,0.000000
2745.5,0.000000,0.000000
2746.5,0.000000,0.000000
2747.5,0.000000,0.000000
2748.5,0.000000,0.000000
2749.5,0.000000,0.000000
2750.5,0.000000,0.000000
2751.5,0.000000,0.000000
2752.5,0.000000,0.000000
2753.5,0.000000,0.000000
2754.5,0.000000,0.000000
2755.5,0.000000,0.000000
2756.5,0.000000,0.000000
2757.5,0.000000,0.000000
2758.5,0.000000,0.000000
2759.5,0.000000,0.000000
2760.5,0.000000,0.000000
2761.5,0.000000,0.000000
2762.5,0.000000,0.000000
2763.5,0.000000,0.000000
2764.5,0.000000,0.000000
2765.5,0.000000,0.000000
2766.5,0.000000,0.000000
2767.5,0.000000,0.000000
2768.5,0.000000,0.000000
2769.5,0.000000,0.000000
2770.5,0.000000,0.000000
2771.5,0.000000,0.000000
2772.5,0.000000,0.000000
2773.5,0.000000,0.000000
2774.5,0.000000,0.000000
2775.5,0.000000,0.000000
2776.5,0.000000,0.000000
2777.5,0.000000,0.000000
2778.5,0.000000,0.000000
2779.5,0.000000,0.000000
2780.5,0.000000,0.000000
2781.5,0.000000,0.000000
2782.5,0.000000,0.000000
2783.5,0.000000,0.000000
2784.5,0.000000,0.000000
2785.5,0.000000,0.000000
2786.5,0.000000,0.000000
2787.5,0.000000,0.000000
2788.5,0.000000,0.000000
2789.5,0.000000,0.000000
2790.5,0.000000,0.000000
2791.5,0.000000,0.000000
2792.5,0.000000,0.000000
2793.5,0.000000,0.000000
2794.5,0.000000,0.000000
2795.5,0.000000,0.000000
2796.5,0.000000,0.000000
2797.5,0.000000,0.000000
2798.5,0.000000,0.000000
2799.5,0.000000,0.000000
2800.5,0.000000,0.000000
2801.5,0.000000,0.000000
2802.5,0.000000,0.000000
2803.5,0.000000,0.000000
2804.5,0.000000,0.000000
2805.5,0.000000,0.000000
2806.5,0.000000,0.000000
2807.5,0.000000,0.000000
2808.5,0.000000,0.000000
2809.5,0.000000,0.000000
2810.5,0.000000,0.000000
2811.5,0.000000,0.000000
2812.5,0.000000,0.000000
2813.5,0.000000,0.000000
2814.5,0.000000,0.000000
2815.5,0.000000,0.000000
2816.5,0.000000,0.000000
2817.5,0.000000,0.000000
2818.5,0.000000,0.000000
2819.5,0.000000,0.000000
2820.5,0.000000,0.000000
2821.5,0.000000,0.000000
2822.5,0.000000,0.000000
2823.5,0.000000,0.000000
2824.5,0.000000,0.000000
2825.5,0.000000,0.000000
2826.5,0.000000,0.000000
2827.5,0.000000,0.000000
2828.5,0.000000,0.000000
2829.5,0.000000,0.000000
2830.5,0.000000,0.000000
2831.5,0.000000,0.000000
2832.5,0.000000,0.000000
2833.5,0.000000,0.000000
2834.5,0.000000,0.000000
2835.5,0.000000,0.000000
2836.5,0.000000,0.000000
2837.5,0.000000,0.000000
2838.5,0.000000,0.000000
2839.5,0.000000,0.000000
2840.5,0.000000,0.000000
2841.5,0.000000,0.000000
2842.5,0.000000,0.000000
2843.5,0.000000,0.000000
2844.5,0.000000,0.000000
2845.5,0.000000,0.000000
2846.5,0.000000,0.000000
2847.5,0.000000,0.000000
2848.5,0.000000,0.000000
2849.5,0.000000,0.000000
2850.5,0.000000,0.000000
2851.5,0.000000,0.000000
2852.5,0.000000,0.000000
2853.5,0.000000,0.000000
2854.5,0.000000,0.000000
2855.5,0.000000,0.000000
2856.5,0.000000,0.000000
2857.5,0.000000,0.000000
2858.5,0.000000,0.000000
2859.5,0.000000,0.000000
2860.5,0.000000,0.000000
2861.5,0.000000,0.000000
2862.5,0.000000,0.000000
2863.5,0.000000,0.000000
2864.5,0.000000,0.000000
2865.5,0.000000,0.000000
2866.5,0.000000,0.000000
2867.5,0.000000,0.000000
2868.5,0.000000,0.000000
2869.5,0.000000,0.000000
2870.5,0.000000,0.000000
2871.5,0.000000,0.000000
2872.5,0.000000,0.000000
2873.5,0.000000,0.000000
2874.5,0.000000,0.000000
2875.5,0.000000,0.000000
2876.5,0.000000,0.000000
2877.5,0.000000,0.000000
2878.5,0.000000,0.000000
2879.5,0.000000,0.000000
2880.5,0.000000,0.000000
2881.5,0.000000,0.000000
2882.5,0.000000,0.000000
2883.5,0.000000,0.000000
2884.5,0.000000,0.000000
2885.5,0.000000,0.000000
2886.5,0.000000,0.000000
2887.5,0.000000,0.000000
2888.5,0.000000,0.000000
2889.5,0.000000,0.000000
2890.5,0.000000,0.000000
2891.5,0.000000,0.000000
2892.5,0.000000,0.000000
2893.5,0.000000,0.000000
2894.5,0.000000,0.000000
2895.5,0.000000,0.000000
2896.5,0.000000,0.000000
2897.5,0.000000,0.000000
2898.5,0.000000,0.000000
2899.5,0.000000,0.000000
2900.5,0.000000,0.000000
2901.5,0.000000,0.000000
2902.5,0.000000,0.000000
2903.5,0.000000,0.000000
2904.5,0.000000,0.000000
2905.5,0.000000,0.000000
2906.5,0.000000,0.000000
2907.5,0.000000,0.000000
2908.5,0.000000,0.000000
2909.5,0.000000,0.000000
2910.5,0.000000,0.000000
2911.5,0.000000,0.000000
2912.5,0.000000,0.000000
2913.5,0.000000,0.000000
2914.5,0.000000,0.000000
2915.5,0.000000,0.000000
2916.5,0.000000,0.000000
2917.5,0.000000,0.000000
2918.5,0.000000,0.000000
2919.5,0.000000,0.000000
2920.5,0.000000,0.000000
2921.5,0.000000,0.000000
2922.5,0.000000,0.000000
2923.5,0.000000,0.000000
2924.5,0.000000,0.000000
2925.5,0.000000,0.000000
2926.5,0.000000,0.000000
2927.5,0.000000,0.000000
2928.5,0.000000,0.000000
2929.5,0.000000,0.000000
2930.5,0.000000,0.000000
2931.5,0.000000,0.000000
2932.5,0.000000,0.000000
2933.5,0.000000,0.000000
2934.5,0.000000,0.000000
2935.5,0.000000,0.000000
2936.5,0.000000,0.000000
2937.5,0.000000,0.000000
2938.5,0.000000,0.000000
2939.5,0.000000,0.000000
2940.5,0.000000,0.000000
2941.5,0.000000,0.000000
2942.5,0.000000,0.000000
2943.5,0.000000,0.000000
2944.5,0.000000,0.000000
2945.5,0.000000,0.000000
2946.5,0.000000,0.000000
2947.5,0.000000,0.000000
2948.5,0.000000,0.000000
2949.5,0.000000,0.000000
2950.5,0.000000,0.000000
2951.5,0.000000,0.000000
2952.5,0.000000,0.000000
2953.5,0.000000,0.000000
2954.5,0.000000,0.000000
2955.5,0.000000,0.000000
2956.5,0.000000,0.000000
2957.5,0.000000,0.000000
2958.5,0.000000,0.000000
2959.5,0.000000,0.000000
2960.5,0.000000,0.000000
2961.5,0.000000,0.000000
2962.5,0.000000,0.000000
2963.5,0.000000,0.000000
2964.5,0.000000,0.000000
2965.5,0.000000,0.000000
2966.5,0.000000,0.000000
2967.5,0.000000,0.000000
2968.5,0.000000,0.000000
2969.5,0.000000,0.000000
2970.5,0.000000,0.000000
2971.5,0.000000,0.000000
2972.5,0.000000,0.000000
2973.5,0.000000,0.000000
2974.5,0.000000,0.000000
2975.5,0.000000,0.000000
2976.5,0.000000,0.000000
2977.5,0.000000,0.000000
2978.5,0.000000,0.000000
2979.5,0.000000,0.000000
2980.5,0.000000,0.000000
2981.5,0.000000,0.000000
2982.5,0.000000,0.000000
2983.5,0.000000,0.000000
2984.5,0.000000,0.000000
2985.5,0.000000,0.000000
2986.5,0.000000,0.000000
2987.5,0.000000,0.000000
2988.5,0.000000,0.000000
2989.5,0.000000,0.000000
2990.5,0.000000,0.000000
2991.5,0.000000,0.000000
2992.5,0.000000,0.000000
2993.5,0.000000,0.000000
2994.5,0.000000,0.000000
2995.5,0.000000,0.000000
2996.5,0.000000,0.000000
2997.5,0.000000,0.000000
2998.5,0.000000,0.000000
2999.5,0.000000,0.000000
3000.5,0.000000,0.000000
3001.5,0.000000,0.000000
3002.5,0.000000,0.000000
3003.5,0.000000,0.000000
3004.5,0.000000,0.000000
3005.5,0.000000,0.000000
3006.5,0.000000,0.000000
3007.5,0.000000,0.000000
3008.5,0.000000,0.000000
3009.5,0.000000,0.000000
3010.5,0.000000,0.000000
3011.5,0.000000,0.000000
3012.5,0.000000,0.000000
3013.5,0.000000,0.000000
3014.5,0.000000,0.000000
3015.5,0.000000,0.000000
3016.5,0.000000,0.000000
3017.5,0.000000,0.000000
3018.5,0.000000,0.000000
3019.5,0.000000,0.000000
3020.5,0.000000,0.000000
3021.5,0.000000,0.000000
3022.5,0.000000,0.000000
3023.5,0.000000,0.000000
3024.5,0.000000,0.000000
3025.5,0.000000,0.000000
3026.5,0.000000,0.000000
3027.5,0.000000,0.000000
3028.5,0.000000,0.000000
3029.5,0.000000,0.000000
3030.5,0.000000,0.000000
3031.5,0.000000,0.000000
3032.5,0.000000,0.000000
3033.5,0.000000,0.000000
3034.5,0.000000,0.000000
3035.5,0.000000,0.000000
3036.5,0.000000,0.000000
3037.5,0.000000,0.000000
3038.5,0.000000,0.000000
3039.5,0.000000,0.000000
3040.5,0.000000,0.000000
3041.5,0.000000,0.000000
3042.5,0.000000,0.000000
3043.5,0.000000,0.000000
3044.5,0.000000,0.000000
3045.5,0.000000,0.000000
3046.5,0.000000,0.000000
3047.5,0.000000,0.000000
3048.5,0.000000,0.000000
3049.5,0.000000,0.000000
3050.5,0.000000,0.000000
3051.5,0.000000,0.000000
3052.5,0.000000,0.000000
3053.5,0.000000,0.000000
3054.5,0.000000,0.000000
3055.5,0.000000,0.000000
3056.5,0.000000,0.000000
3057.5,0.000000,0.000000
3058.5,0.000000,0.000000
3059.5,0.000000,0.000000
3060.5,0.000000,0.000000
3061.5,0.000000,0.000000
3062.5,0.000000,0.000000
3063.5,0.000000,0.000000
3064.5,0.000000,0.000000
3065.5,0.000000,0.000000
3066.5,0.000000,0.000000
3067.5,0.000000,0.000000
3068.5,0.000000,0.000000
3069.5,0.000000,0.000000
3070.5,0.000000,0.000000
3071.5,0.000000,0.000000
3072.5,0.000000,0.000000
3073.5,0.000000,0.000000
3074.5,0.000000,0.000000
3075.5,0.000000,0.000000
3076.5,0.000000,0.000000
3077.5,0.000000,0.000000
3078.5,0.000000,0.000000
3079.5,0.000000,0.000000
3080.5,0.000000,0.000000
3081.5,0.000000,0.000000
3082.5,0.000000,0.000000
3083.5,0.000000,0.000000
3084.5,0.000000,0.000000
3085.5,0.000000,0.000000
3086.5,0.000000,0.000000
3087.5,0.000000,0.000000
3088.5,0.000000,0.000000
3089.5,0.000000,0.000000
3090.5,0.000000,0.000000
3091.5,0.000000,0.000000
3092.5,0.000000,0.000000
3093.5,0.000000,0.000000
3094.5,0.000000,0.000000
3095.5,0.000000,0.000000
3096.5,0.000000,0.000000
3097.5,0.000000,0.000000
3098.5,0.000000,0.000000
3099.5,0.000000,0.000000
3100.5,0.000000,0.000000
3101.5,0.000000,0.000000
3102.5,0.000000,0.000000
3103.5,0.000000,0.000000
3104.5,0.000000,0.000000
3105.5,0.000000,0.000000
3106.5,0.000000,0.000000
3107.5,0.000000,0.000000
3108.5,0.000000,0.000000
3109.5,0.000000,0.000000
3110.5,0.000000,0.000000
3111.5,0.000000,0.000000
3112.5,0.000000,0.000000
3113.5,0.000000,0.000000
3114.5,0.000000,0.000000
3115.5,0.000000,0.000000
3116.5,0.000000,0.000000
3117.5,0.000000,0.000000
3118.5,0.000000,0.000000
3119.5,0.000000,0.000000
3120.5,0.000000,0.000000
3121.5,0.000000,0.000000
3122.5,0.000000,0.000000
3123.5,0.000000,0.000000
3124.5,0.000000,0.000000
3125.5,0.000000,0.000000
3126.5,0.000000,0.000000
3127.5,0.000000,0.000000
3128.5,0.000000,0.000000
3129.5,0.000000,0.000000
3130.5,0.000000,0.000000
3131.5,0.000000,0.000000
3132.5,0.000000,0.000000
3133.5,0.000000,0.000000
3134.5,0.000000,0.000000
3135.5,0.000000,0.000000
3136.5,0.000000,0.000000
3137.5,0.000000,0.000000
3138.5,0.000000,0.000000
3139.5,0.000000,0.000000
3140.5,0.000000,0.000000
3141.5,0.000000,0.000000
3142.5,0.000000,0.000000
3143.5,0.000000,0.000000
3144.5,0.000000,0.000000
3145.5,0.000000,0.000000
3146.5,0.000000,0.000000
3147.5,0.000000,0.000000
3148.5,0.000000,0.000000
3149.5,0.000000,0.000000
3150.5,0.000000,0.000000
3151.5,0.000000,0.000000
3152.5,0.000000,0.000000
3153.5,0.000000,0.000000
3154.5,0.000000,0.000000
3155.5,0.000000,0.000000
3156.5,0.000000,0.000000
3157.5,0.000000,0.000000
3158.5,0.000000,0.000000
3159.5,0.000000,0.000000
3160.5,0.000000,0.000000
3161.5,0.000000,0.000000
3162.5,0.000000,0.000000
3163.5,0.000000,0.000000
3164.5,0.000000,0.000000
3165.5,0.000000,0.000000
3166.5,0.000000,0.000000
3167.5,0.000000,0.000000
3168.5,0.000000,0.000000
3169.5,0.000000,0.000000
3170.5,0.000000,0.000000
3171.5,0.000000,0.000000
3172.5,0.000000,0.000000
3173.5,0.000000,0.000000
3174.5,0.000000,0.000000
3175.5,0.000000,0.000000
3176.5,0.000000,0.000000
3177.5,0.000000,0.000000
3178.5,0.000000,0.000000
3179.5,0.000000,0.000000
3180.5,0.000000,0.000000
3181.5,0.000000,0.000000
3182.5,0.000000,0.000000
3183.5,0.000000,0.000000
3184.5,0.000000,0.000000
3185.5,0.000000,0.000000
3186.5,0.000000,0.000000
3187.5,0.000000,0.000000
3188.5,0.000000,0.000000
3189.5,0.000000,0.000000
3190.5,0.000000,0.000000
3191.5,0.000000,0.000000
3192.5,0.000000,0.000000
3193.5,0.000000,0.000000
3194.5,0.000000,0.000000
3195.5,0.000000,0.000000
3196.5,0.000000,0.000000
3197.5,0.000000,0.000000
3198.5,0.000000,0.000000
3199.5,0.000000,0.000000
3200.5,0.000000,0.000000
3201.5,0.000000,0.000000
3202.5,0.000000,0.000000
3203.5,0.000000,0.000000
3204.5,0.000000,0.000000
3205.5,0.000000,0.000000
3206.5,0.000000,0.000000
3207.5,0.000000,0.000000
3208.5,0.000000,0.000000
3209.5,0.000000,0.000000
3210.5,0.000000,0.000000
3211.5,0.000000,0.000000
3212.5,0.000000,0.000000
3213.5,0.000000,0.000000
3214.5,0.000000,0.000000
3215.5,0.000000,0.000000
3216.5,0.000000,0.000000
3217.5,0.000000,0.000000
3218.5,0.000000,0.000000
3219.5,0.000000,0.000000
3220.5,0.000000,0.000000
3221.5,0.000000,0.000000
3222.5,0.000000,0.000000
3223.5,0.000000,0.000000
3224.5,0.000000,0.000000
3225.5,0.000000,0.000000
3226.5,0.000000,0.000000
3227.5,0.000000,0.000000
3228.5,0.000000,0.000000
3229.5,0.000000,0.000000
3230.5,0.000000,0.000000
3231.5,0.000000,0.000000
3232.5,0.000000,0.000000
3233.5,0.000000,0.000000
3234.5,0.000000,0.000000
3235.5,0.000000,0.000000
3236.5,0.000000,0.000000
3237.5,0.000000,0.000000
3238.5,0.000000,0.000000
3239.5,0.000000,0.000000
3240.5,0.000000,0.000000
3241.5,0.000000,0.000000
3242.5,0.000000,0.000000
3243.5,0.000000,0.000000
3244.5,0.000000,0.000000
3245.5,0.000000,0.000000
3246.5,0.000000,0.000000
3247.5,0.000000,0.000000
3248.5,0.000000,0.000000
3249.5,0.000000,0.000000
3250.5,0.000000,0.000000
3251.5,0.000000,0.000000
3252.5,0.000000,0.000000
3253.5,0.000000,0.000000
3254.5,0.000000,0.000000
3255.5,0.000000,0.000000
3256.5,0.000000,0.000000
3257.5,0.000000,0.000000
3258.5,0.000000,0.000000
3259.5,0.000000,0.000000
3260.5,0.000000,0.000000
3261.5,0.000000,0.000000
3262.5,0.000000,0.000000
3263.5,0.000000,0.000000
3264.5,0.000000,0.000000
3265.5,0.000000,0.000000
3266.5,0.000000,0.000000
3267.5,0.000000,0.000000
3268.5,0.000000,0.000000
3269.5,0.000000,0.000000
3270.5,0.000000,0.000000
3271.5,0.000000,0.000000
3272.5,0.000000,0.000000
3273.5,0.000000,0.000000
3274.5,0.000000,0.000000
3275.5,0.000000,0.000000
3276.5,0.000000,0.000000
3277.5,0.000000,0.000000
3278.5,0.000000,0.000000
3279.5,0.000000,0.000000
3280.5,0.000000,0.000000
3281.5,0.000000,0.000000
3282.5,0.000000,0.000000
3283.5,0.000000,0.000000
3284.5,0.000000,0.000000
3285.5,0.000000,0.000000
3286.5,0.000000,0.000000
3287.5,0.000000,0.000000
3288.5,0.000000,0.000000
3289.5,0.000000,0.000000
3290.5,0.000000,0.000000
3291.5,0.000000,0.000000
3292.5,0.000000,0.000000
3293.5,0.000000,0.000000
3294.5,0.000000,0.000000
3295.5,0.000000,0.000000
3296.5,0.000000,0.000000
3297.5,0.000000,0.000000
3298.5,0.000000,0.000000
3299.5,0.000000,0.000000
3300.5,0.000000,0.000000
3301.5,0.000000,0.000000
3302.5,0.000000,0.000000
3303.5,0.000000,0.000000
3304.5,0.000000,0.000000
3305.5,0.000000,0.000000
3306.5,0.000000,0.000000
3307.5,0.000000,0.000000
3308.5,0.000000,0.000000
3309.5,0.000000,0.000000
3310.5,0.000000,0.000000
3311.5,0.000000,0.000000
3312.5,0.000000,0.000000
3313.5,0.000000,0.000000
3314.5,0.000000,0.000000
3315.5,0.000000,0.000000
3316.5,0.000000,0.000000
3317.5,0.000000,0.000000
3318.5,0.000000,0.000000
3319.5,0.000000,0.000000
3320.5,0.000000,0.000000
3321.5,0.000000,0.000000
3322.5,0.000000,0.000000
3323.5,0.000000,0.000000
3324.5,0.000000,0.000000
3325.5,0.000000,0.000000
3326.5,0.000000,0.000000
3327.5,0.000000,0.000000
3328.5,0.000000,0.000000
3329.5,0.000000,0.000000
3330.5,0.000000,0.000000
3331.5,0.000000,0.000000
3332.5,0.000000,0.000000
3333.5,0.000000,0.000000
3334.5,0.000000,0.000000
3335.5,0.000000,0.000000
3336.5,0.000000,0.000000
3337.5,0.000000,0.000000
3338.5,0.000000,0.000000
3339.5,0.000000,0.000000
3340.5,0.000000,0.000000
3341.5,0.000000,0.000000
3342.5,0.000000,0.000000
3343.5,0.000000,0.000000
3344.5,0.000000,0.000000
3345.5,0.000000,0.000000
3346.5,0.000000,0.000000
3347.5,0.000000,0.000000
3348.5,0.000000,0.000000
3349.5,0.000000,0.000000
3350.5,0.000000,0.000000
3351.5,0.000000,0.000000
3352.5,0.000000,0.000000
3353.5,0.000000,0.000000
3354.5,0.000000,0.000000
3355.5,0.000000,0.000000
3356.5,0.000000,0.000000
3357.5,0.000000,0.000000
3358.5,0.000000,0.000000
3359.5,0.000000,0.000000
3360.5,0.000000,0.000000
3361.5,0.000000,0.000000
3362.5,0.000000,0.000000
3363.5,0.000000,0.000000
3364.5,0.000000,0.000000
3365.5,0.000000,0.000000
3366.5,0.000000,0.000000
3367.5,0.000000,0.000000
3368.5,0.000000,0.000000
3369.5,0.000000,0.000000
3370.5,0.000000,0.000000
3371.5,0.000000,0.000000
3372.5,0.000000,0.000000
3373.5,0.000000,0.000000
3374.5,0.000000,0.000000
3375.5,0.000000,0.000000
3376.5,0.000000,0.000000
3377.5,0.000000,0.000000
3378.5,0.000000,0.000000
3379.5,0.000000,0.000000
3380.5,0.000000,0.000000
3381.5,0.000000,0.000000
3382.5,0.000000,0.000000
3383.5,0.000000,0.000000
3384.5,0.000000,0.000000
3385.5,0.000000,0.000000
3386.5,0.000000,0.000000
3387.5,0.000000,0.000000
3388.5,0.000000,0.000000
3389.5,0.000000,0.000000
3390.5,0.000000,0.000000
3391.5,0.000000,0.000000
3392.5,0.000000,0.000000
3393.5,0.000000,0.000000
3394.5,0.000000,0.000000
3395.5,0.000000,0.000000
3396.5,0.000000,0.000000
3397.5,0.000000,0.000000
3398.5,0.000000,0.000000
3399.5,0.000000,0.000000
3400.5,0.000000,0.000000
3401.5,0.000000,0.000000
3402.5,0.000000,0.000000
3403.5,0.000000,0.000000
3404.5,0.000000,0.000000
3405.5,0.000000,0.000000
3406.5,0.000000,0.000000
3407.5,0.000000,0.000000
3408.5,0.000000,0.000000
3409.5,0.000000,0.000000
3410.5,0.000000,0.000000
3411.5,0.000000,0.000000
3412.5,0.000000,0.000000
3413.5,0.000000,0.000000
3414.5,0.000000,0.000000
3415.5,0.000000,0.000000
3416.5,0.000000,0.000000
3417.5,0.000000,0.000000
3418.5,0.000000,0.000000
3419.5,0.000000,0.000000
3420.5,0.000000,0.000000
3421.5,0.000000,0.000000
3422.5,0.000000,0.000000
3423.5,0.000000,0.000000
3424.5,0.000000,0.000000
3425.5,0.000000,0.000000
3426.5,0.000000,0.000000
3427.5,0.000000,0.000000
3428.5,0.000000,0.000000
3429.5,0.000000,0.000000
3430.5,0.000000,0.000000
3431.5,0.000000,0.000000
3432.5,0.000000,0.000000
3433.5,0.000000,0.000000
3434.5,0.000000,0.000000
3435.5,0.000000,0.000000
3436.5,0.000000,0.000000
3437.5,0.000000,0.000000
3438.5,0.000000,0.000000
3439.5,0.000000,0.000000
3440.5,0.000000,0.000000
3441.5,0.000000,0.000000
3442.5,0.000000,0.000000
3443.5,0.000000,0.000000
3444.5,0.000000,0.000000
3445.5,0.000000,0.000000
3446.5,0.000000,0.000000
3447.5,0.000000,0.000000
3448.5,0.000000,0.000000
3449.5,0.000000,0.000000
3450.5,0.000000,0.000000
3451.5,0.000000,0.000000
3452.5,0.000000,0.000000
3453.5,0.000000,0.000000
3454.5,0.000000,0.000000
3455.5,0.000000,0.000000
3456.5,0.000000,0.000000
3457.5,0.000000,0.000000
3458.5,0.000000,0.000000
3459.5,0.000000,0.000000
3460.5,0.000000,0.000000
3461.5,0.000000,0.000000
3462.5,0.000000,0.000000
3463.5,0.000000,0.000000
3464.5,0.000000,0.000000
3465.5,0.000000,0.000000
3466.5,0.000000,0.000000
3467.5,0.000000,0.000000
3468.5,0.000000,0.000000
3469.5,0.000000,0.000000
3470.5,0.000000,0.000000
3471.5,0.000000,0.000000
3472.5,0.000000,0.000000
3473.5,0.000000,0.000000
3474.5,0.000000,0.000000
3475.5,0.000000,0.000000
3476.5,0.000000,0.000000
3477.5,0.000000,0.000000
3478.5,0.000000,0.000000
3479.5,0.000000,0.000000
3480.5,0.000000,0.000000
3481.5,0.000000,0.000000
3482.5,0.000000,0.000000
3483.5,0.000000,0.000000
3484.5,0.000000,0.000000
3485.5,0.000000,0.000000
3486.5,0.000000,0.000000
3487.5,0.000000,0.000000
3488.5,0.000000,0.000000
3489.5,0.000000,0.000000
3490.5,0.000000,0.000000
3491.5,0.000000,0.000000
3492.5,0.000000,0.000000
3493.5,0.000000,0.000000
3494.5,0.000000,0.000000
3495.5,0.000000,0.000000
3496.5,0.000000,0.000000
3497.5,0.000000,0.000000
3498.5,0.000000,0.000000
3499.5,0.000000,0.000000
3500.5,0.000000,0.000000
3501.5,0.000000,0.000000
3502.5,0.000000,0.000000
3503.5,0.000000,0.000000
3504.5,0.000000,0.000000
3505.5,0.000000,0.000000
3506.5,0.000000,0.000000
3507.5,0.000000,0.000000
3508.5,0.000000,0.000000
3509.5,0.000000,0.000000
3510.5,0.000000,0.000000
3511.5,0.000000,0.000000
3512.5,0.000000,0.000000
3513.5,0.000000,0.000000
3514.5,0.000000,0.000000
3515.5,0.000000,0.000000
3516.5,0.000000,0.000000
3517.5,0.000000,0.000000
3518.5,0.000000,0.000000
3519.5,0.000000,0.000000
3520.5,0.000000,0.000000
3521.5,0.000000,0.000000
3522.5,0.000000,0.000000
3523.5,0.000000,0.000000
3524.5,0.000000,0.000000
3525.5,0.000000,0.000000
3526.5,0.000000,0.000000
3527.5,0.000000,0.000000
3528.5,0.000000,0.000000
3529.5,0.000000,0.000000
3530.5,0.000000,0.000000
3531.5,0.000000,0.000000
3532.5,0.000000,0.000000
3533.5,0.000000,0.000000
3534.5,0.000000,0.000000
3535.5,0.000000,0.000000
3536.5,0.000000,0.000000
3537.5,0.000000,0.000000
3538.5,0.000000,0.000000
3539.5,0.000000,0.000000
3540.5,0.000000,0.000000
3541.5,0.000000,0.000000
3542.5,0.000000,0.000000
3543.5,0.000000,0.000000
3544.5,0.000000,0.000000
3545.5,0.000000,0.000000
3546.5,0.000000,0.000000
3547.5,0.000000,0.000000
3548.5,0.000000,0.000000
3549.5,0.000000,0.000000
3550.5,0.000000,0.000000
3551.5,0.000000,0.000000
3552.5,0.000000,0.000000
3553.5,0.000000,0.000000
3554.5,0.000000,0.000000
3555.5,0.000000,0.000000
3556.5,0.000000,0.000000
3557.5,0.000000,0.000000
3558.5,0.000000,0.000000
3559.5,0.000000,0.000000
3560.5,0.000000,0.000000
3561.5,0.000000,0.000000
3562.5,0.000000,0.000000
3563.5,0.000000,0.000000
3564.5,0.000000,0.000000
3565.5,0.000000,0.000000
3566.5,0.000000,0.000000
3567.5,0.000000,0.000000
3568.5,0.000000,0.000000
3569.5,0.000000,0.000000
3570.5,0.000000,0.000000
3571.5,0.000000,0.000000
3572.5,0.000000,0.000000
3573.5,0.000000,0.000000
3574.5,0.000000,0.000000
3575.5,0.000000,0.000000
3576.5,0.000000,0.000000
3577.5,0.000000,0.000000
3578.5,0.000000,0.000000
3579.5,0.000000,0.000000
3580.5,0.000000,0.000000
3581.5,0.000000,0.000000
3582.5,0.000000,0.000000
3583.5,0.000000,0.000000
3584.5,0.000000,0.000000
3585.5,0.000000,0.000000
3586.5,0.000000,0.000000
3587.5,0.000000,0.000000
3588.5,0.000000,0.000000
3589.5,0.000000,0.000000
3590.5,0.000000,0.000000
3591.5,0.000000,0.000000
3592.5,0.000000,0.000000
3593.5,0.000000,0.000000
3594.5,0.000000,0.000000
3595.5,0.000000,0.000000
3596.5,0.000000,0.000000
3597.5,0.000000,0.000000
3598.5,0.000000,0.000000
3599.5,0.000000,0.000000
3600.5,0.000000,0.000000
3601.5,0.000000,0.000000
3602.5,0.000000,0.000000
3603.5,0.000000,0.000000
3604.5,0.000000,0.000000
3605.5,0.000000,0.000000
3606.5,0.000000,0.000000
3607.5,0.000000,0.000000
3608.5,0.000000,0.000000
3609.5,0.000000,0.000000
3610.5,0.000000,0.000000
3611.5,0.000000,0.000000
3612.5,0.000000,0.000000
3613.5,0.000000,0.000000
3614.5,0.000000,0.000000
3615.5,0.000000,0.000000
3616.5,0.000000,0.000000
3617.5,0.000000,0.000000
3618.5,0.000000,0.000000
3619.5,0.000000,0.000000
3620.5,0.000000,0.000000
3621.5,0.000000,0.000000
3622.5,0.000000,0.000000
3623.5,0.000000,0.000000
3624.5,0.000000,0.000000
3625.5,0.000000,0.000000
3626.5,0.000000,0.000000
3627.5,0.000000,0.000000
3628.5,0.000000,0.000000
3629.5,0.000000,0.000000
3630.5,0.000000,0.000000
3631.5,0.000000,0.000000
3632.5,0.000000,0.000000
3633.5,0.000000,0.000000
3634.5,0.000000,0.000000
3635.5,0.000000,0.000000
3636.5,0.000000,0.000000
3637.5,0.000000,0.000000
3638.5,0.000000,0.000000
3639.5,0.000000,0.000000
3640.5,0.000000,0.000000
3641.5,0.000000,0.000000
3642.5,0.000000,0.000000
3643.5,0.000000,0.000000
3644.5,0.000000,0.000000
3645.5,0.000000,0.000000
3646.5,0.000000,0.000000
3647.5,0.000000,0.000000
3648.5,0.000000,0.000000
3649.5,0.000000,0.000000
3650.5,0.000000,0.000000
3651.5,0.000000,0.000000
3652.5,0.000000,0.000000
3653.5,0.000000,0.000000
3654.5,0.000000,0.000000
3655.5,0.000000,0.000000
3656.5,0.000000,0.000000
3657.5,0.000000,0.000000
3658.5,0.000000,0.000000
3659.5,0.000000,0.000000
3660.5,0.000000,0.000000
3661.5,0.000000,0.000000
3662.5,0.000000,0.000000
3663.5,0.000000,0.000000
3664.5,0.000000,0.000000
3665.5,0.000000,0.000000
3666.5,0.000000,0.000000
3667.5,0.000000,0.000000
3668.5,0.000000,0.000000
3669.5,0.000000,0.000000
3670.5,0.000000,0.000000
3671.5,0.000000,0.000000
3672.5,0.000000,0.000000
3673.5,0.000000,0.000000
3674.5,0.000000,0.000000
3675.5,0.000000,0.000000
3676.5,0.000000,0.000000
3677.5,0.000000,0.000000
3678.5,0.000000,0.000000
3679.5,0.000000,0.000000
3680.5,0.000000,0.000000
3681.5,0.000000,0.000000
3682.5,0.000000,0.000000
3683.5,0.000000,0.000000
3684.5,0.000000,0.000000
3685.5,0.000000,0.000000
3686.5,0.000000,0.000000
3687.5,0.000000,0.000000
3688.5,0.000000,0.000000
3689.5,0.000000,0.000000
3690.5,0.000000,0.000000
3691.5,0.000000,0.000000
3692.5,0.000000,0.000000
3693.5,0.000000,0.000000
3694.5,0.000000,0.000000
3695.5,0.000000,0.000000
3696.5,0.000000,0.000000
3697.5,0.000000,0.000000
3698.5,0.000000,0.000000
3699.5,0.000000,0.000000
3700.5,0.000000,0.000000
3701.5,0.000000,0.000000
3702.5,0.000000,0.000000
3703.5,0.000000,0.000000
3704.5,0.000000,0.000000
3705.5,0.000000,0.000000
3706.5,0.000000,0.000000
3707.5,0.000000,0.000000
3708.5,0.000000,0.000000
3709.5,0.000000,0.000000
3710.5,0.000000,0.000000
3711.5,0.000000,0.000000
3712.5,0.000000,0.000000
3713.5,0.000000,0.000000
3714.5,0.000000,0.000000
3715.5,0.000000,0.000000
3716.5,0.000000,0.000000
3717.5,0.000000,0.000000
3718.5,0.000000,0.000000
3719.5,0.000000,0.000000
3720.5,0.000000,0.000000
3721.5,0.000000,0.000000
3722.5,0.000000,0.000000
3723.5,0.000000,0.000000
3724.5,0.000000,0.000000
3725.5,0.000000,0.000000
3726.5,0.000000,0.000000
3727.5,0.000000,0.000000
3728.5,0.000000,0.000000
3729.5,0.000000,0.000000
3730.5,0.000000,0.000000
3731.5,0.000000,0.000000
3732.5,0.000000,0.000000
3733.5,0.000000,0.000000
3734.5,0.000000,0.000000
3735.5,0.000000,0.000000
3736.5,0.000000,0.000000
3737.5,0.000000,0.000000
3738.5,0.000000,0.000000
3739.5,0.000000,0.000000
3740.5,0.000000,0.000000
3741.5,0.000000,0.000000
3742.5,0.000000,0.000000
3743.5,0.000000,0.000000
3744.5,0.000000,0.000000
3745.5,0.000000,0.000000
3746.5,0.000000,0.000000
3747.5,0.000000,0.000000
3748.5,0.000000,0.000000
3749.5,0.000000,0.000000
3750.5,0.000000,0.000000
3751.5,0.000000,0.000000
3752.5,0.000000,0.000000
3753.5,0.000000,0.000000
3754.5,0.000000,0.000000
3755.5,0.000000,0.000000
3756.5,0.000000,0.000000
3757.5,0.000000,0.000000
3758.5,0.000000,0.000000
3759.5,0.000000,0.000000
3760.5,0.000000,0.000000
3761.5,0.000000,0.000000
3762.5,0.000000,0.000000
3763.5,0.000000,0.000000
3764.5,0.000000,0.000000
3765.5,0.000000,0.000000
3766.5,0.000000,0.000000
3767.5,0.000000,0.000000
3768.5,0.000000,0.000000
3769.5,0.000000,0.000000
3770.5,0.000000,0.000000
3771.5,0.000000,0.000000
3772.5,0.000000,0.000000
3773.5,0.000000,0.000000
3774.5,0.000000,0.000000
3775.5,0.000000,0.000000
3776.5,0.000000,0.000000
3777.5,0.000000,0.000000
3778.5,0.000000,0.000000
3779.5,0.000000,0.000000
3780.5,0.000000,0.000000
3781.5,0.000000,0.000000
3782.5,0.000000,0.000000
3783.5,0.000000,0.000000
3784.5,0.000000,0.000000
3785.5,0.000000,0.000000
3786.5,0.000000,0.000000
3787.5,0.000000,0.000000
3788.5,0.000000,0.000000
3789.5,0.000000,0.000000
3790.5,0.000000,0.000000
3791.5,0.000000,0.000000
3792.5,0.000000,0.000000
3793.5,0.000000,0.000000
3794.5,0.000000,0.000000
3795.5,0.000000,0.000000
3796.5,0.000000,0.000000
3797.5,0.000000,0.000000
3798.5,0.000000,0.000000
3799.5,0.000000,0.000000
3800.5,0.000000,0.000000
3801.5,0.000000,0.000000
3802.5,0.000000,0.000000
3803.5,0.000000,0.000000
3804.5,0.000000,0.000000
3805.5,0.000000,0.000000
3806.5,0.000000,0.000000
3807.5,0.000000,0.000000
3808.5,0.000000,0.000000
3809.5,0.000000,0.000000
3810.5,0.000000,0.000000
3811.5,0.000000,0.000000
3812.5,0.000000,0.000000
3813.5,0.000000,0.000000
3814.5,0.000000,0.000000
3815.5,0.000000,0.000000
3816.5,0.000000,0.000000
3817.5,0.000000,0.000000
3818.5,0.000000,0.000000
3819.5,0.000000,0.000000
3820.5,0.000000,0.000000
3821.5,0.000000,0.000000
3822.5,0.000000,0.000000
3823.5,0.000000,0.000000
3824.5,0.000000,0.000000
3825.5,0.000000,0.000000
3826.5,0.000000,0.000000
3827.5,0.000000,0.000000
3828.5,0.000000,0.000000
3829.5,0.000000,0.000000
3830.5,0.000000,0.000000
3831.5,0.000000,0.000000
3832.5,0.000000,0.000000
3833.5,0.000000,0.000000
3834.5,0.000000,0.000000
3835.5,0.000000,0.000000
3836.5,0.000000,0.000000
3837.5,0.000000,0.000000
3838.5,0.000000,0.000000
3839.5,0.000000,0.000000
3840.5,0.000000,0.000000
3841.5,0.000000,0.000000
3842.5,0.000000,0.000000
3843.5,0.000000,0.000000
3844.5,0.000000,0.000000
3845.5,0.000000,0.000000
3846.5,0.000000,0.000000
3847.5,0.000000,0.000000
3848.5,0.000000,0.000000
3849.5,0.000000,0.000000
3850.5,0.000000,0.000000
3851.5,0.000000,0.000000
3852.5,0.000000,0.000000
3853.5,0.000000,0.000000
3854.5,0.000000,0.000000
3855.5,0.000000,0.000000
3856.5,0.000000,0.000000
3857.5,0.000000,0.000000
3858.5,0.000000,0.000000
3859.5,0.000000,0.000000
3860.5,0.000000,0.000000
3861.5,0.000000,0.000000
3862.5,0.000000,0.000000
3863.5,0.000000,0.000000
3864.5,0.000000,0.000000
3865.5,0.000000,0.000000
3866.5,0.000000,0.000000
3867.5,0.000000,0.000000
3868.5,0.000000,0.000000
3869.5,0.000000,0.000000
3870.5,0.000000,0.000000
3871.5,0.000000,0.000000
3872.5,0.000000,0.000000
3873.5,0.000000,0.000000
3874.5,0.000000,0.000000
3875.5,0.000000,0.000000
3876.5,0.000000,0.000000
3877.5,0.000000,0.000000
3878.5,0.000000,0.000000
3879.5,0.000000,0.000000
3880.5,0.000000,0.000000
3881.5,0.000000,0.000000
3882.5,0.000000,0.000000
3883.5,0.000000,0.000000
3884.5,0.000000,0.000000
3885.5,0.000000,0.000000
3886.5,0.000000,0.000000
3887.5,0.000000,0.000000
3888.5,0.000000,0.000000
3889.5,0.000000,0.000000
3890.5,0.000000,0.000000
3891.5,0.000000,0.000000
3892.5,0.000000,0.000000
3893.5,0.000000,0.000000
3894.5,0.000000,0.000000
3895.5,0.000000,0.000000
3896.5,0.000000,0.000000
3897.5,0.000000,0.000000
3898.5,0.000000,0.000000
3899.5,0.000000,0.000000
3900.5,0.000000,0.000000
3901.5,0.000000,0.000000
3902.5,0.000000,0.000000
3903.5,0.000000,0.000000
3904.5,0.000000,0.000000
3905.5,0.000000,0.000000
3906.5,0.000000,0.000000
3907.5,0.000000,0.000000
3908.5,0.000000,0.000000
3909.5,0.000000,0.000000
3910.5,0.000000,0.000000
3911.5,0.000000,0.000000
3912.5,0.000000,0.000000
3913.5,0.000000,0.000000
3914.5,0.000000,0.000000
3915.5,0.000000,0.000000
3916.5,0.000000,0.000000
3917.5,0.000000,0.000000
3918.5,0.000000,0.000000
3919.5,0.000000,0.000000
3920.5,0.000000,0.000000
3921.5,0.000000,0.000000
3922.5,0.000000,0.000000
3923.5,0.000000,0.000000
3924.5,0.000000,0.000000
3925.5,0.000000,0.000000
3926.5,0.000000,0.000000
3927.5,0.000000,0.000000
3928.5,0.000000,0.000000
3929.5,0.000000,0.000000
3930.5,0.000000,0.000000
3931.5,0.000000,0.000000
3932.5,0.000000,0.000000
3933.5,0.000000,0.000000
3934.5,0.000000,0.000000
3935.5,0.000000,0.000000
3936.5,0.000000,0.000000
3937.5,0.000000,0.000000
3938.5,0.000000,0.000000
3939.5,0.000000,0.000000
3940.5,0.000000,0.000000
3941.5,0.000000,0.000000
3942.5,0.000000,0.000000
3943.5,0.000000,0.000000
3944.5,0.000000,0.000000
3945.5,0.000000,0.000000
3946.5,0.000000,0.000000
3947.5,0.000000,0.000000
3948.5,0.000000,0.000000
3949.5,0.000000,0.000000
3950.5,0.000000,0.000000
3951.5,0.000000,0.000000
3952.5,0.000000,0.000000
3953.5,0.000000,0.000000
3954.5,0.000000,0.000000
3955.5,0.000000,0.000000
3956.5,0.000000,0.000000
3957.5,0.000000,0.000000
3958.5,0.000000,0.000000
3959.5,0.000000,0.000000
3960.5,0.000000,0.000000
3961.5,0.000000,0.000000
3962.5,0.000000,0.000000
3963.5,0.000000,0.000000
3964.5,0.000000,0.000000
3965.5,0.000000,0.000000
3966.5,0.000000,0.000000
3967.5,0.000000,0.000000
3968.5,0.000000,0.000000
3969.5,0.000000,0.000000
3970.5,0.000000,0.000000
3971.5,0.000000,0.000000
3972.5,0.000000,0.000000
3973.5,0.000000,0.000000
3974.5,0.000000,0.000000
3975.5,0.000000,0.000000
3976.5,0.000000,0.000000
3977.5,0.000000,0.000000
3978.5,0.000000,0.000000
3979.5,0.000000,0.000000
3980.5,0.000000,0.000000
3981.5,0.000000,0.000000
3982.5,0.000000,0.000000
3983.5,0.000000,0.000000
3984.5,0.000000,0.000000
3985.5,0.000000,0.000000
3986.5,0.000000,0.000000
3987.5,0.000000,0.000000
3988.5,0.000000,0.000000
3989.5,0.000000,0.000000
3990.5,0.000000,0.000000
3991.5,0.000000,0.000000
3992.5,0.000000,0.000000
3993.5,0.000000,0.000000
3994.5,0.000000,0.000000
3995.5,0.000000,0.000000
3996.5,0.000000,0.000000
3997.5,0.000000,0.000000
3998.5,0.000000,0.000000
3999.5,0.000000,0.000000
4000.5,0.000000,0.000000
4001.5,0.000000,0.000000
4002.5,0.000000,0.000000
4003.5,0.000000,0.000000
4004.5,0.000000,0.000000
4005.5,0.000000,0.000000
4006.5,0.000000,0.000000
4007.5,0.000000,0.000000
4008.5,0.000000,0.000000
4009.5,0.000000,0.000000
4010.5,0.000000,0.000000
4011.5,0.000000,0.000000
4012.5,0.000000,0.000000
4013.5,0.000000,0.000000
4014.5,0.000000,0.000000
4015.5,0.000000,0.000000
4016.5,0.000000,0.000000
4017.5,0.000000,0.000000
4018.5,0.000000,0.000000
4019.5,0.000000,0.000000
4020.5,0.000000,0.000000
4021.5,0.000000,0.000000
4022.5,0.000000,0.000000
4023.5,0.000000,0.000000
4024.5,0.000000,0.000000
4025.5,0.000000,0.000000
4026.5,0.000000,0.000000
4027.5,0.000000,0.000000
4028.5,0.000000,0.000000
4029.5,0.000000,0.000000
4030.5,0.000000,0.000000
4031.5,0.000000,0.000000
4032.5,0.000000,0.000000
4033.5,0.000000,0.000000
4034.5,0.000000,0.000000
4035.5,0.000000,0.000000
4036.5,0.000000,0.000000
4037.5,0.000000,0.000000
4038.5,0.000000,0.000000
4039.5,0.000000,0.000000
4040.5,0.000000,0.000000
4041.5,0.000000,0.000000
4042.5,0.000000,0.000000
4043.5,0.000000,0.000000
4044.5,0.000000,0.000000
4045.5,0.000000,0.000000
4046.5,0.000000,0.000000
4047.5,0.000000,0.000000
4048.5,0.000000,0.000000
4049.5,0.000000,0.000000
4050.5,0.000000,0.000000
4051.5,0.000000,0.000000
4052.5,0.000000,0.000000
4053.5,0.000000,0.000000
4054.5,0.000000,0.000000
4055.5,0.000000,0.000000
4056.5,0.000000,0.000000
4057.5,0.000000,0.000000
4058.5,0.000000,0.000000
4059.5,0.000000,0.000000
4060.5,0.000000,0.000000
4061.5,0.000000,0.000000
4062.5,0.000000,0.000000
4063.5,0.000000,0.000000
4064.5,0.000000,0.000000
4065.5,0.000000,0.000000
4066.5,0.000000,0.000000
4067.5,0.000000,0.000000
4068.5,0.000000,0.000000
4069.5,0.000000,0.000000
4070.5,0.000000,0.000000
4071.5,0.000000,0.000000
4072.5,0.000000,0.000000
4073.5,0.000000,0.000000
4074.5,0.000000,0.000000
4075.5,0.000000,0.000000
4076.5,0.000000,0.000000
4077.5,0.000000,0.000000
4078.5,0.000000,0.000000
4079.5,0.000000,0.000000
4080.5,0.000000,0.000000
4081.5,0.000000,0.000000
4082.5,0.000000,0.000000
4083.5,0.000000,0.000000
4084.5,0.000000,0.000000
4085.5,0.000000,0.000000
4086.5,0.000000,0.000000
4087.5,0.000000,0.000000
4088.5,0.000000,0.000000
4089.5,0.000000,0.000000
4090.5,0.000000,0.000000
4091.5,0.000000,0.000000
4092.5,0.000000,0.000000
4093.5,0.000000,0.000000
4094.5,0.000000,0.000000
4095.5,0.000000,0.000000
4096.5,0.000000,0.000000
4097.5,0.000000,0.000000
4098.5,0.000000,0.000000
4099.5,0.000000,0.000000
4100.5,0.000000,0.000000
4101.5,0.000000,0.000000
4102.5,0.000000,0.000000
4103.5,0.000000,0.000000
4104.5,0.000000,0.000000
4105.5,0.000000,0.000000
4106.5,0.000000,0.000000
4107.5,0.000000,0.000000
4108.5,0.000000,0.000000
4109.5,0.000000,0.000000
4110.5,0.000000,0.000000
4111.5,0.000000,0.000000
4112.5,0.000000,0.000000
4113.5,0.000000,0.000000
4114.5,0.000000,0.000000
4115.5,0.000000,0.000000
4116.5,0.000000,0.000000
4117.5,0.000000,0.000000
4118.5,0.000000,0.000000
4119.5,0.000000,0.000000
4120.5,0.000000,0.000000
4121.5,0.000000,0.000000
4122.5,0.000000,0.000000
4123.5,0.000000,0.000000
4124.5,0.000000,0.000000
4125.5,0.000000,0.000000
4126.5,0.000000,0.000000
4127.5,0.000000,0.000000
4128.5,0.000000,0.000000
4129.5,0.000000,0.000000
4130.5,0.000000,0.000000
4131.5,0.000000,0.000000
4132.5,0.000000,0.000000
4133.5,0.000000,0.000000
4134.5,0.000000,0.000000
4135.5,0.000000,0.000000
4136.5,0.000000,0.000000
4137.5,0.000000,0.000000
4138.5,0.000000,0.000000
4139.5,0.000000,0.000000
4140.5,0.000000,0.000000
4141.5,0.000000,0.000000
4142.5,0.000000,0.000000
4143.5,0.000000,0.000000
4144.5,0.000000,0.000000
4145.5,0.000000,0.000000
4146.5,0.000000,0.000000
4147.5,0.000000,0.000000
4148.5,0.000000,0.000000
4149.5,0.000000,0.000000
4150.5,0.000000,0.000000
4151.5,0.000000,0.000000
4152.5,0.000000,0.000000
4153.5,0.000000,0.000000
4154.5,0.000000,0.000000
4155.5,0.000000,0.000000
4156.5,0.000000,0.000000
4157.5,0.000000,0.000000
4158.5,0.000000,0.000000
4159.5,0.000000,0.000000
4160.5,0.000000,0.000000
4161.5,0.000000,0.000000
4162.5,0.000000,0.000000
4163.5,0.000000,0.000000
4164.5,0.000000,0.000000
4165.5,0.000000,0.000000
4166.5,0.000000,0.000000
4167.5,0.000000,0.000000
4168.5,0.000000,0.000000
4169.5,0.000000,0.000000
4170.5,0.000000,0.000000
4171.5,0.000000,0.000000
4172.5,0.000000,0.000000
4173.5,0.000000,0.000000
4174.5,0.000000,0.000000
4175.5,0.000000,0.000000
4176.5,0.000000,0.000000
4177.5,0.000000,0.000000
4178.5,0.000000,0.000000
4179.5,0.000000,0.000000
4180.5,0.000000,0.000000
4181.5,0.000000,0.000000
4182.5,0.000000,0.000000
4183.5,0.000000,0.000000
4184.5,0.000000,0.000000
4185.5,0.000000,0.000000
4186.5,0.000000,0.000000
4187.5,0.000000,0.000000
4188.5,0.000000,0.000000
4189.5,0.000000,0.000000
4190.5,0.000000,0.000000
4191.5,0.000000,0.000000
4192.5,0.000000,0.000000
4193.5,0.000000,0.000000
4194.5,0.000000,0.000000
4195.5,0.000000,0.000000
4196.5,0.000000,0.000000
4197.5,0.000000,0.000000
4198.5,0.000000,0.000000
4199.5,0.000000,0.000000
4200.5,0.000000,0.000000
4201.5,0.000000,0.000000
4202.5,0.000000,0.000000
4203.5,0.000000,0.000000
4204.5,0.000000,0.000000
4205.5,0.000000,0.000000
4206.5,0.000000,0.000000
4207.5,0.000000,0.000000
4208.5,0.000000,0.000000
4209.5,0.000000,0.000000
4210.5,0.000000,0.000000
4211.5,0.000000,0.000000
4212.5,0.000000,0.000000
4213.5,0.000000,0.000000
4214.5,0.000000,0.000000
4215.5,0.000000,0.000000
4216.5,0.000000,0.000000
4217.5,0.000000,0.000000
4218.5,0.000000,0.000000
4219.5,0.000000,0.000000
4220.5,0.000000,0.000000
4221.5,0.000000,0.000000
4222.5,0.000000,0.000000
4223.5,0.000000,0.000000
4224.5,0.000000,0.000000
4225.5,0.000000,0.000000
4226.5,0.000000,0.000000
4227.5,0.000000,0.000000
4228.5,0.000000,0.000000
4229.5,0.000000,0.000000
4230.5,0.000000,0.000000
4231.5,0.000000,0.000000
4232.5,0.000000,0.000000
4233.5,0.000000,0.000000
4234.5,0.000000,0.000000
4235.5,0.000000,0.000000
4236.5,0.000000,0.000000
4237.5,0.000000,0.000000
4238.5,0.000000,0.000000
4239.5,0.000000,0.000000
4240.5,0.000000,0.000000
4241.5,0.000000,0.000000
4242.5,0.000000,0.000000
4243.5,0.000000,0.000000
4244.5,0.000000,0.000000
4245.5,0.000000,0.000000
4246.5,0.000000,0.000000
4247.5,0.000000,0.000000
4248.5,0.000000,0.000000
4249.5,0.000000,0.000000
4250.5,0.000000,0.000000
4251.5,0.000000,0.000000
4252.5,0.000000,0.000000
4253.5,0.000000,0.000000
4254.5,0.000000,0.000000
4255.5,0.000000,0.000000
4256.5,0.000000,0.000000
4257.5,0.000000,0.000000
4258.5,0.000000,0.000000
4259.5,0.000000,0.000000
4260.5,0.000000,0.000000
4261.5,0.000000,0.000000
4262.5,0.000000,0.000000
4263.5,0.000000,0.000000
4264.5,0.000000,0.000000
4265.5,0.000000,0.000000
4266.5,0.000000,0.000000
4267.5,0.000000,0.000000
4268.5,0.000000,0.000000
4269.5,0.000000,0.000000
4270.5,0.000000,0.000000
4271.5,0.000000,0.000000
4272.5,0.000000,0.000000
4273.5,0.000000,0.000000
4274.5,0.000000,0.000000
4275.5,0.000000,0.000000
4276.5,0.000000,0.000000
4277.5,0.000000,0.000000
4278.5,0.000000,0.000000
4279.5,0.000000,0.000000
4280.5,0.000000,0.000000
4281.5,0.000000,0.000000
4282.5,0.000000,0.000000
4283.5,0.000000,0.000000
4284.5,0.000000,0.000000
4285.5,0.000000,0.000000
4286.5,0.000000,0.000000
4287.5,0.000000,0.000000
4288.5,0.000000,0.000000
4289.5,0.000000,0.000000
4290.5,0.000000,0.000000
4291.5,0.000000,0.000000
4292.5,0.000000,0.000000
4293.5,0.000000,0.000000
4294.5,0.000000,0.000000
4295.5,0.000000,0.000000
4296.5,0.000000,0.000000
4297.5,0.000000,0.000000
4298.5,0.000000,0.000000
4299.5,0.000000,0.000000
4300.5,0.000000,0.000000
4301.5,0.000000,0.000000
4302.5,0.000000,0.000000
4303.5,0.000000,0.000000
4304.5,0.000000,0.000000
4305.5,0.000000,0.000000
4306.5,0.000000,0.000000
4307.5,0.000000,0.000000
4308.5,0.000000,0.000000
4309.5,0.000000,0.000000
4310.5,0.000000,0.000000
4311.5,0.000000,0.000000
4312.5,0.000000,0.000000
4313.5,0.000000,0.000000
4314.5,0.000000,0.000000
4315.5,0.000000,0.000000
4316.5,0.000000,0.000000
4317.5,0.000000,0.000000
4318.5,0.000000,0.000000
4319.5,0.000000,0.000000
4320.5,0.000000,0.000000
4321.5,0.000000,0.000000
4322.5,0.000000,0.000000
4323.5,0.000000,0.000000
4324.5,0.000000,0.000000
4325.5,0.000000,0.000000
4326.5,0.000000,0.000000
4327.5,0.000000,0.000000
4328.5,0.000000,0.000000
4329.5,0.000000,0.000000
4330.5,0.000000,0.000000
4331.5,0.000000,0.000000
4332.5,0.000000,0.000000
4333.5,0.000000,0.000000
4334.5,0.000000,0.000000
4335.5,0.000000,0.000000
4336.5,0.000000,0.000000
4337.5,0.000000,0.000000
4338.5,0.000000,0.000000
4339.5,0.000000,0.000000
4340.5,0.000000,0.000000
4341.5,0.000000,0.000000
4342.5,0.000000,0.000000
4343.5,0.000000,0.000000
4344.5,0.000000,0.000000
4345.5,0.000000,0.000000
4346.5,0.000000,0.000000
4347.5,0.000000,0.000000
4348.5,0.000000,0.000000
4349.5,0.000000,0.000000
4350.5,0.000000,0.000000
4351.5,0.000000,0.000000
4352.5,0.000000,0.000000
4353.5,0.000000,0.000000
4354.5,0.000000,0.000000
4355.5,0.000000,0.000000
4356.5,0.000000,0.000000
4357.5,0.000000,0.000000
4358.5,0.000000,0.000000
4359.5,0.000000,0.000000
4360.5,0.000000,0.000000
4361.5,0.000000,0.000000
4362.5,0.000000,0.000000
4363.5,0.000000,0.000000
4364.5,0.000000,0.000000
4365.5,0.000000,0.000000
4366.5,0.000000,0.000000
4367.5,0.000000,0.000000
4368.5,0.000000,0.000000
4369.5,0.000000,0.000000
4370.5,0.000000,0.000000
4371.5,0.000000,0.000000
4372.5,0.000000,0.000000
4373.5,0.000000,0.000000
4374.5,0.000000,0.000000
4375.5,0.000000,0.000000
4376.5,0.000000,0.000000
4377.5,0.000000,0.000000
4378.5,0.000000,0.000000
4379.5,0.000000,0.000000
4380.5,0.000000,0.000000
4381.5,0.000000,0.000000
4382.5,0.000000,0.000000
4383.5,0.000000,0.000000
4384.5,0.000000,0.000000
4385.5,0.000000,0.000000
4386.5,0.000000,0.000000
4387.5,0.000000,0.000000
4388.5,0.000000,0.000000
4389.5,0.000000,0.000000
4390.5,0.000000,0.000000
4391.5,0.000000,0.000000
4392.5,0.000000,0.000000
4393.5,0.000000,0.000000
4394.5,0.000000,0.000000
4395.5,0.000000,0.000000
4396.5,0.000000,0.000000
4397.5,0.000000,0.000000
4398.5,0.000000,0.000000
4399.5,0.000000,0.000000
4400.5,0.000000,0.000000
4401.5,0.000000,0.000000
4402.5,0.000000,0.000000
4403.5,0.000000,0.000000
4404.5,0.000000,0.000000
4405.5,0.000000,0.000000
4406.5,0.000000,0.000000
4407.5,0.000000,0.000000
4408.5,0.000000,0.000000
4409.5,0.000000,0.000000
4410.5,0.000000,0.000000
4411.5,0.000000,0.000000
4412.5,0.000000,0.000000
4413.5,0.000000,0.000000
4414.5,0.000000,0.000000
4415.5,0.000000,0.000000
4416.5,0.000000,0.000000
4417.5,0.000000,0.000000
4418.5,0.000000,0.000000
4419.5,0.000000,0.000000
4420.5,0.000000,0.000000
4421.5,0.000000,0.000000
4422.5,0.000000,0.000000
4423.5,0.000000,0.000000
4424.5,0.000000,0.000000
4425.5,0.000000,0.000000
4426.5,0.000000,0.000000
4427.5,0.000000,0.000000
4428.5,0.000000,0.000000
4429.5,0.000000,0.000000
4430.5,0.000000,0.000000
4431.5,0.000000,0.000000
4432.5,0.000000,0.000000
4433.5,0.000000,0.000000
4434.5,0.000000,0.000000
4435.5,0.000000,0.000000
4436.5,0.000000,0.000000
4437.5,0.000000,0.000000
4438.5,0.000000,0.000000
4439.5,0.000000,0.000000
4440.5,0.000000,0.000000
4441.5,0.000000,0.000000
4442.5,0.000000,0.000000
4443.5,0.000000,0.000000
4444.5,0.000000,0.000000
4445.5,0.000000,0.000000
4446.5,0.000000,0.000000
4447.5,0.000000,0.000000
4448.5,0.000000,0.000000
4449.5,0.000000,0.000000
4450.5,0.000000,0.000000
4451.5,0.000000,0.000000
4452.5,0.000000,0.000000
4453.5,0.000000,0.000000
4454.5,0.000000,0.000000
4455.5,0.000000,0.000000
4456.5,0.000000,0.000000
4457.5,0.000000,0.000000
4458.5,0.000000,0.000000
4459.5,0.000000,0.000000
4460.5,0.000000,0.000000
4461.5,0.000000,0.000000
4462.5,0.000000,0.000000
4463.5,0.000000,0.000000
4464.5,0.000000,0.000000
4465.5,0.000000,0.000000
4466.5,0.000000,0.000000
4467.5,0.000000,0.000000
4468.5,0.000000,0.000000
4469.5,0.000000,0.000000
4470.5,0.000000,0.000000
4471.5,0.000000,0.000000
4472.5,0.000000,0.000000
4473.5,0.000000,0.000000
4474.5,0.000000,0.000000
4475.5,0.000000,0.000000
4476.5,0.000000,0.000000
4477.5,0.000000,0.000000
4478.5,0.000000,0.000000
4479.5,0.000000,0.000000
4480.5,0.000000,0.000000
4481.5,0.000000,0.000000
4482.5,0.000000,0.000000
4483.5,0.000000,0.000000
4484.5,0.000000,0.000000
4485.5,0.000000,0.000000
4486.5,0.000000,0.000000
4487.5,0.000000,0.000000
4488.5,0.000000,0.000000
4489.5,0.000000,0.000000
4490.5,0.000000,0.000000
4491.5,0.000000,0.000000
4492.5,0.000000,0.000000
4493.5,0.000000,0.000000
4494.5,0.000000,0.000000
4495.5,0.000000,0.000000
4496.5,0.000000,0.000000
4497.5,0.000000,0.000000
4498.5,0.000000,0.000000
4499.5,0.000000,0.000000
4500.5,0.000000,0.000000
4501.5,0.000000,0.000000
4502.5,0.000000,0.000000
4503.5,0.000000,0.000000
4504.5,0.000000,0.000000
4505.5,0.000000,0.000000
4506.5,0.000000,0.000000
4507.5,0.000000,0.000000
4508.5,0.000000,0.000000
4509.5,0.000000,0.000000
4510.5,0.000000,0.000000
4511.5,0.000000,0.000000
4512.5,0.000000,0.000000
4513.5,0.000000,0.000000
4514.5,0.000000,0.000000
4515.5,0.000000,0.000000
4516.5,0.000000,0.000000
4517.5,0.000000,0.000000
4518.5,0.000000,0.000000
4519.5,0.000000,0.000000
4520.5,0.000000,0.000000
4521.5,0.000000,0.000000
4522.5,0.000000,0.000000
4523.5,0.000000,0.000000
4524.5,0.000000,0.000000
4525.5,0.000000,0.000000
4526.5,0.000000,0.000000
4527.5,0.000000,0.000000
4528.5,0.000000,0.000000
4529.5,0.000000,0.000000
4530.5,0.000000,0.000000
4531.5,0.000000,0.000000
4532.5,0.000000,0.000000
4533.5,0.000000,0.000000
4534.5,0.000000,0.000000
4535.5,0.000000,0.000000
4536.5,0.000000,0.000000
4537.5,0.000000,0.000000
4538.5,0.000000,0.000000
4539.5,0.000000,0.000000
4540.5,0.000000,0.000000
4541.5,0.000000,0.000000
4542.5,0.000000,0.000000
4543.5,0.000000,0.000000
4544.5,0.000000,0.000000
4545.5,0.000000,0.000000
4546.5,0.000000,0.000000
4547.5,0.000000,0.000000
4548.5,0.000000,0.000000
4549.5,0.000000,0.000000
4550.5,0.000000,0.000000
4551.5,0.000000,0.000000
4552.5,0.000000,0.000000
4553.5,0.000000,0.000000
4554.5,0.000000,0.000000
4555.5,0.000000,0.000000
4556.5,0.000000,0.000000
4557.5,0.000000,0.000000
4558.5,0.000000,0.000000
4559.5,0.000000,0.000000
4560.5,0.000000,0.000000
4561.5,0.000000,0.000000
4562.5,0.000000,0.000000
4563.5,0.000000,0.000000
4564.5,0.000000,0.000000
4565.5,0.000000,0.000000
4566.5,0.000000,0.000000
4567.5,0.000000,0.000000
4568.5,0.000000,0.000000
4569.5,0.000000,0.000000
4570.5,0.000000,0.000000
4571.5,0.000000,0.000000
4572.5,0.000000,0.000000
4573.5,0.000000,0.000000
4574.5,0.000000,0.000000
4575.5,0.000000,0.000000
4576.5,0.000000,0.000000
4577.5,0.000000,0.000000
4578.5,0.000000,0.000000
4579.5,0.000000,0.000000
4580.5,0.000000,0.000000
4581.5,0.000000,0.000000
4582.5,0.000000,0.000000
4583.5,0.000000,0.000000
4584.5,0.000000,0.000000
4585.5,0.000000,0.000000
4586.5,0.000000,0.000000
4587.5,0.000000,0.000000
4588.5,0.000000,0.000000
4589.5,0.000000,0.000000
4590.5,0.000000,0.000000
4591.5,0.000000,0.000000
4592.5,0.000000,0.000000
4593.5,0.000000,0.000000
4594.5,0.000000,0.000000
4595.5,0.000000,0.000000
4596.5,0.000000,0.000000
4597.5,0.000000,0.000000
4598.5,0.000000,0.000000
4599.5,0.000000,0.000000
4600.5,0.000000,0.000000
4601.5,0.000000,0.000000
4602.5,0.000000,0.000000
4603.5,0.000000,0.000000
4604.5,0.000000,0.000000
4605.5,0.000000,0.000000
4606.5,0.000000,0.000000
4607.5,0.000000,0.000000
4608.5,0.000000,0.000000
4609.5,0.000000,0.000000
4610.5,0.000000,0.000000
4611.5,0.000000,0.000000
4612.5,0.000000,0.000000
4613.5,0.000000,0.000000
4614.5,0.000000,0.000000
4615.5,0.000000,0.000000
4616.5,0.000000,0.000000
4617.5,0.000000,0.000000
4618.5,0.000000,0.000000
4619.5,0.000000,0.000000
4620.5,0.000000,0.000000
4621.5,0.000000,0.000000
4622.5,0.000000,0.000000
4623.5,0.000000,0.000000
4624.5,0.000000,0.000000
4625.5,0.000000,0.000000
4626.5,0.000000,0.000000
4627.5,0.000000,0.000000
4628.5,0.000000,0.000000
4629.5,0.000000,0.000000
4630.5,0.000000,0.000000
4631.5,0.000000,0.000000
4632.5,0.000000,0.000000
4633.5,0.000000,0.000000
4634.5,0.000000,0.000000
4635.5,0.000000,0.000000
4636.5,0.000000,0.000000
4637.5,0.000000,0.000000
4638.5,0.000000,0.000000
4639.5,0.000000,0.000000
4640.5,0.000000,0.000000
4641.5,0.000000,0.000000
4642.5,0.000000,0.000000
4643.5,0.000000,0.000000
4644.5,0.000000,0.000000
4645.5,0.000000,0.000000
4646.5,0.000000,0.000000
4647.5,0.000000,0.000000
4648.5,0.000000,0.000000
4649.5,0.000000,0.000000
4650.5,0.000000,0.000000
4651.5,0.000000,0.000000
4652.5,0.000000,0.000000
4653.5,0.000000,0.000000
4654.5,0.000000,0.000000
4655.5,0.000000,0.000000
4656.5,0.000000,0.000000
4657.5,0.000000,0.000000
4658.5,0.000000,0.000000
4659.5,0.000000,0.000000
4660.5,0.000000,0.000000
4661.5,0.000000,0.000000
4662.5,0.000000,0.000000
4663.5,0.000000,0.000000
4664.5,0.000000,0.000000
4665.5,0.000000,0.000000
4666.5,0.000000,0.000000
4667.5,0.000000,0.000000
4668.5,0.000000,0.000000
4669.5,0.000000,0.000000
4670.5,0.000000,0.000000
4671.5,0.000000,0.000000
4672.5,0.000000,0.000000
4673.5,0.000000,0.000000
4674.5,0.000000,0.000000
4675.5,0.000000,0.000000
4676.5,0.000000,0.000000
4677.5,0.000000,0.000000
4678.5,0.000000,0.000000
4679.5,0.000000,0.000000
4680.5,0.000000,0.000000
4681.5,0.000000,0.000000
4682.5,0.000000,0.000000
4683.5,0.000000,0.000000
4684.5,0.000000,0.000000
4685.5,0.000000,0.000000
4686.5,0.000000,0.000000
4687.5,0.000000,0.000000
4688.5,0.000000,0.000000
4689.5,0.000000,0.000000
4690.5,0.000000,0.000000
4691.5,0.000000,0.000000
4692.5,0.000000,0.000000
4693.5,0.000000,0.000000
4694.5,0.000000,0.000000
4695.5,0.000000,0.000000
4696.5,0.000000,0.000000
4697.5,0.000000,0.000000
4698.5,0.000000,0.000000
4699.5,0.000000,0.000000
4700.5,0.000000,0.000000
4701.5,0.000000,0.000000
4702.5,0.000000,0.000000
4703.5,0.000000,0.000000
4704.5,0.000000,0.000000
4705.5,0.000000,0.000000
4706.5,0.000000,0.000000
4707.5,0.000000,0.000000
4708.5,0.000000,0.000000
4709.5,0.000000,0.000000
4710.5,0.000000,0.000000
4711.5,0.000000,0.000000
4712.5,0.000000,0.000000
4713.5,0.000000,0.000000
4714.5,0.000000,0.000000
4715.5,0.000000,0.000000
4716.5,0.000000,0.000000
4717.5,0.000000,0.000000
4718.5,0.000000,0.000000
4719.5,0.000000,0.000000
4720.5,0.000000,0.000000
4721.5,0.000000,0.000000
4722.5,0.000000,0.000000
4723.5,0.000000,0.000000
4724.5,0.000000,0.000000
4725.5,0.000000,0.000000
4726.5,0.000000,0.000000
4727.5,0.000000,0.000000
4728.5,0.000000,0.000000
4729.5,0.000000,0.000000
4730.5,0.000000,0.000000
4731.5,0.000000,0.000000
4732.5,0.000000,0.000000
4733.5,0.000000,0.000000
4734.5,0.000000,0.000000
4735.5,0.000000,0.000000
4736.5,0.000000,0.000000
4737.5,0.000000,0.000000
4738.5,0.000000,0.000000
4739.5,0.000000,0.000000
4740.5,0.000000,0.000000
4741.5,0.000000,0.000000
4742.5,0.000000,0.000000
4743.5,0.000000,0.000000
4744.5,0.000000,0.000000
4745.5,0.000000,0.000000
4746.5,0.000000,0.000000
4747.5,0.000000,0.000000
4748.5,0.000000,0.000000
4749.5,0.000000,0.000000
4750.5,0.000000,0.000000
4751.5,0.000000,0.000000
4752.5,0.000000,0.000000
4753.5,0.000000,0.000000
4754.5,0.000000,0.000000
4755.5,0.000000,0.000000
4756.5,0.000000,0.000000
4757.5,0.000000,0.000000
4758.5,0.000000,0.000000
4759.5,0.000000,0.000000
4760.5,0.000000,0.000000
4761.5,0.000000,0.000000
4762.5,0.000000,0.000000
4763.5,0.000000,0.000000
4764.5,0.000000,0.000000
4765.5,0.000000,0.000000
4766.5,0.000000,0.000000
4767.5,0.000000,0.000000
4768.5,0.000000,0.000000
4769.5,0.000000,0.000000
4770.5,0.000000,0.000000
4771.5,0.000000,0.000000
4772.5,0.000000,0.000000
4773.5,0.000000,0.000000
4774.5,0.000000,0.000000
4775.5,0.000000,0.000000
4776.5,0.000000,0.000000
4777.5,0.000000,0.000000
4778.5,0.000000,0.000000
4779.5,0.000000,0.000000
4780.5,0.000000,0.000000
4781.5,0.000000,0.000000
4782.5,0.000000,0.000000
4783.5,0.000000,0.000000
4784.5,0.000000,0.000000
4785.5,0.000000,0.000000
4786.5,0.000000,0.000000
4787.5,0.000000,0.000000
4788.5,0.000000,0.000000
4789.5,0.000000,0.000000
4790.5,0.000000,0.000000
4791.5,0.000000,0.000000
4792.5,0.000000,0.000000
4793.5,0.000000,0.000000
4794.5,0.000000,0.000000
4795.5,0.000000,0.000000
4796.5,0.000000,0.000000
4797.5,0.000000,0.000000
4798.5,0.000000,0.000000
4799.5,0.000000,0.000000
4800.5,0.000000,0.000000
4801.5,0.000000,0.000000
4802.5,0.000000,0.000000
4803.5,0.000000,0.000000
4804.5,0.000000,0.000000
4805.5,0.000000,0.000000
4806.5,0.000000,0.000000
4807.5,0.000000,0.000000
4808.5,0.000000,0.000000
4809.5,0.000000,0.000000
4810.5,0.000000,0.000000
4811.5,0.000000,0.000000
4812.5,0.000000,0.000000
4813.5,0.000000,0.000000
4814.5,0.000000,0.000000
4815.5,0.000000,0.000000
4816.5,0.000000,0.000000
4817.5,0.000000,0.000000
4818.5,0.000000,0.000000
4819.5,0.000000,0.000000
4820.5,0.000000,0.000000
4821.5,0.000000,0.000000
4822.5,0.000000,0.000000
4823.5,0.000000,0.000000
4824.5,0.000000,0.000000
4825.5,0.000000,0.000000
4826.5,0.000000,0.000000
4827.5,0.000000,0.000000
4828.5,0.000000,0.000000
4829.5,0.000000,0.000000
4830.5,0.000000,0.000000
4831.5,0.000000,0.000000
4832.5,0.000000,0.000000
4833.5,0.000000,0.000000
4834.5,0.000000,0.000000
4835.5,0.000000,0.000000
4836.5,0.000000,0.000000
4837.5,0.000000,0.000000
4838.5,0.000000,0.000000
4839.5,0.000000,0.000000
4840.5,0.000000,0.000000
4841.5,0.000000,0.000000
4842.5,0.000000,0.000000
4843.5,0.000000,0.000000
4844.5,0.000000,0.000000
4845.5,0.000000,0.000000
4846.5,0.000000,0.000000
4847.5,0.000000,0.000000
4848.5,0.000000,0.000000
4849.5,0.000000,0.000000
4850.5,0.000000,0.000000
4851.5,0.000000,0.000000
4852.5,0.000000,0.000000
4853.5,0.000000,0.000000
4854.5,0.000000,0.000000
4855.5,0.000000,0.000000
4856.5,0.000000,0.000000
4857.5,0.000000,0.000000
4858.5,0.000000,0.000000
4859.5,0.000000,0.000000
4860.5,0.000000,0.000000
4861.5,0.000000,0.000000
4862.5,0.000000,0.000000
4863.5,0.000000,0.000000
4864.5,0.000000,0.000000
4865.5,0.000000,0.000000
4866.5,0.000000,0.000000
4867.5,0.000000,0.000000
4868.5,0.000000,0.000000
4869.5,0.000000,0.000000
4870.5,0.000000,0.000000
4871.5,0.000000,0.000000
4872.5,0.000000,0.000000
4873.5,0.000000,0.000000
4874.5,0.000000,0.000000
4875.5,0.000000,0.000000
4876.5,0.000000,0.000000
4877.5,0.000000,0.000000
4878.5,0.000000,0.000000
4879.5,0.000000,0.000000
4880.5,0.000000,0.000000
4881.5,0.000000,0.000000
4882.5,0.000000,0.000000
4883.5,0.000000,0.000000
4884.5,0.000000,0.000000
4885.5,0.000000,0.000000
4886.5,0.000000,0.000000
4887.5,0.000000,0.000000
4888.5,0.000000,0.000000
4889.5,0.000000,0.000000
4890.5,0.000000,0.000000
4891.5,0.000000,0.000000
4892.5,0.000000,0.000000
4893.5,0.000000,0.000000
4894.5,0.000000,0.000000
4895.5,0.000000,0.000000
4896.5,0.000000,0.000000
4897.5,0.000000,0.000000
4898.5,0.000000,0.000000
4899.5,0.000000,0.000000
4900.5,0.000000,0.000000
4901.5,0.000000,0.000000
4902.5,0.000000,0.000000
4903.5,0.000000,0.000000
4904.5,0.000000,0.000000
4905.5,0.000000,0.000000
4906.5,0.000000,0.000000
4907.5,0.000000,0.000000
4908.5,0.000000,0.000000
4909.5,0.000000,0.000000
4910.5,0.000000,0.000000
4911.5,0.000000,0.000000
4912.5,0.000000,0.000000
4913.5,0.000000,0.000000
4914.5,0.000000,0.000000
4915.5,0.000000,0.000000
4916.5,0.000000,0.000000
4917.5,0.000000,0.000000
4918.5,0.000000,0.000000
4919.5,0.000000,0.000000
4920.5,0.000000,0.000000
4921.5,0.000000,0.000000
4922.5,0.000000,0.000000
4923.5,0.000000,0.000000
4924.5,0.000000,0.000000
4925.5,0.000000,0.000000
4926.5,0.000000,0.000000
4927.5,0.000000,0.000000
4928.5,0.000000,0.000000
4929.5,0.000000,0.000000
4930.5,0.000000,0.000000
4931.5,0.000000,0.000000
4932.5,0.000000,0.000000
4933.5,0.000000,0.000000
4934.5,0.000000,0.000000
4935.5,0.000000,0.000000
4936.5,0.000000,0.000000
4937.5,0.000000,0.000000
4938.5,0.000000,0.000000
4939.5,0.000000,0.000000
4940.5,0.000000,0.000000
4941.5,0.000000,0.000000
4942.5,0.000000,0.000000
4943.5,0.000000,0.000000
4944.5,0.000000,0.000000
4945.5,0.000000,0.000000
4946.5,0.000000,0.000000
4947.5,0.000000,0.000000
4948.5,0.000000,0.000000
4949.5,0.000000,0.000000
4950.5,0.000000,0.000000
4951.5,0.000000,0.000000
4952.5,0.000000,0.000000
4953.5,0.000000,0.000000
4954.5,0.000000,0.000000
4955.5,0.000000,0.000000
4956.5,0.000000,0.000000
4957.5,0.000000,0.000000
4958.5,0.000000,0.000000
4959.5,0.000000,0.000000
4960.5,0.000000,0.000000
4961.5,0.000000,0.000000
4962.5,0.000000,0.000000
4963.5,0.000000,0.000000
4964.5,0.000000,0.000000
4965.5,0.000000,0.000000
4966.5,0.000000,0.000000
4967.5,0.000000,0.000000
4968.5,0.000000,0.000000
4969.5,0.000000,0.000000
4970.5,0.000000,0.000000
4971.5,0.000000,0.000000
4972.5,0.000000,0.000000
4973.5,0.000000,0.000000
4974.5,0.000000,0.000000
4975.5,0.000000,0.000000
4976.5,0.000000,0.000000
4977.5,0.000000,0.000000
4978.5,0.000000,0.000000
4979.5,0.000000,0.000000
4980.5,0.000000,0.000000
4981.5,0.000000,0.000000
4982.5,0.000000,0.000000
4983.5,0.000000,0.000000
4984.5,0.000000,0.000000
4985.5,0.000000,0.000000
4986.5,0.000000,0.000000
4987.5,0.000000,0.000000
4988.5,0.000000,0.000000
4989.5,0.000000,0.000000
4990.5,0.000000,0.000000
4991.5,0.000000,0.000000
4992.5,0.000000,0.000000
4993.5,0.000000,0.000000
4994.5,0.000000,0.000000
4995.5,0.000000,0.000000
4996.5,0.000000,0.000000
4997.5,0.000000,0.000000
4998.5,0.000000,0.000000
4999.5,0.000000,0.000000
5000.5,0.000000,0.000000
5001.5,0.000000,0.000000
5002.5,0.000000,0.000000
5003.5,0.000000,0.000000
5004.5,0.000000,0.000000
5005.5,0.000000,0.000000
5006.5,0.000000,0.000000
5007.5,0.000000,0.000000
5008.5,0.000000,0.000000
5009.5,0.000000,0.000000
5010.5,0.000000,0.000000
5011.5,0.000000,0.000000
5012.5,0.000000,0.000000
5013.5,0.000000,0.000000
5014.5,0.000000,0.000000
5015.5,0.000000,0.000000
5016.5,0.000000,0.000000
5017.5,0.000000,0.000000
5018.5,0.000000,0.000000
5019.5,0.000000,0.000000
5020.5,0.000000,0.000000
5021.5,0.000000,0.000000
5022.5,0.000000,0.000000
5023.5,0.000000,0.000000
5024.5,0.000000,0.000000
5025.5,0.000000,0.000000
5026.5,0.000000,0.000000
5027.5,0.000000,0.000000
5028.5,0.000000,0.000000
5029.5,0.000000,0.000000
5030.5,0.000000,0.000000
5031.5,0.000000,0.000000
5032.5,0.000000,0.000000
5033.5,0.000000,0.000000
5034.5,0.000000,0.000000
5035.5,0.000000,0.000000
5036.5,0.000000,0.000000
5037.5,0.000000,0.000000
5038.5,0.000000,0.000000
5039.5,0.000000,0.000000
5040.5,0.000000,0.000000
5041.5,0.000000,0.000000
5042.5,0.000000,0.000000
5043.5,0.000000,0.000000
5044.5,0.000000,0.000000
5045.5,0.000000,0.000000
5046.5,0.000000,0.000000
5047.5,0.000000,0.000000
5048.5,0.000000,0.000000
5049.5,0.000000,0.000000
5050.5,0.000000,0.000000
5051.5,0.000000,0.000000
5052.5,0.000000,0.000000
5053.5,0.000000,0.000000
5054.5,0.000000,0.000000
5055.5,0.000000,0.000000
5056.5,0.000000,0.000000
5057.5,0.000000,0.000000
5058.5,0.000000,0.000000
5059.5,0.000000,0.000000
5060.5,0.000000,0.000000
5061.5,0.000000,0.000000
5062.5,0.000000,0.000000
5063.5,0.000000,0.000000
5064.5,0.000000,0.000000
5065.5,0.000000,0.000000
5066.5,0.000000,0.000000
5067.5,0.000000,0.000000
5068.5,0.000000,0.000000
5069.5,0.000000,0.000000
5070.5,0.000000,0.000000
5071.5,0.000000,0.000000
5072.5,0.000000,0.000000
5073.5,0.000000,0.000000
5074.5,0.000000,0.000000
5075.5,0.000000,0.000000
5076.5,0.000000,0.000000
5077.5,0.000000,0.000000
5078.5,0.000000,0.000000
5079.5,0.000000,0.000000
5080.5,0.000000,0.000000
5081.5,0.000000,0.000000
5082.5,0.000000,0.000000
5083.5,0.000000,0.000000
5084.5,0.000000,0.000000
5085.5,0.000000,0.000000
5086.5,0.000000,0.000000
5087.5,0.000000,0.000000
5088.5,0.000000,0.000000
5089.5,0.000000,0.000000
5090.5,0.000000,0.000000
5091.5,0.000000,0.000000
5092.5,0.000000,0.000000
5093.5,0.000000,0.000000
5094.5,0.000000,0.000000
5095.5,0.000000,0.000000
5096.5,0.000000,0.000000
5097.5,0.000000,0.000000
5098.5,0.000000,0.000000
5099.5,0.000000,0.000000
5100.5,0.000000,0.000000
5101.5,0.000000,0.000000
5102.5,0.000000,0.000000
5103.5,0.000000,0.000000
5104.5,0.000000,0.000000
5105.5,0.000000,0.000000
5106.5,0.000000,0.000000
5107.5,0.000000,0.000000
5108.5,0.000000,0.000000
5109.5,0.000000,0.000000
5110.5,0.000000,0.000000
5111.5,0.000000,0.000000
5112.5,0.000000,0.000000
5113.5,0.000000,0.000000
5114.5,0.000000,0.000000
5115.5,0.000000,0.000000
5116.5,0.000000,0.000000
5117.5,0.000000,0.000000
5118.5,0.000000,0.000000
5119.5,0.000000,0.000000
5120.5,0.000000,0.000000
5121.5,0.000000,0.000000
5122.5,0.000000,0.000000
5123.5,0.000000,0.000000
5124.5,0.000000,0.000000
5125.5,0.000000,0.000000
5126.5,0.000000,0.000000
5127.5,0.000000,0.000000
5128.5,0.000000,0.000000
5129.5,0.000000,0.000000
5130.5,0.000000,0.000000
5131.5,0.000000,0.000000
5132.5,0.000000,0.000000
5133.5,0.000000,0.000000
5134.5,0.000000,0.000000
5135.5,0.000000,0.000000
5136.5,0.000000,0.000000
5137.5,0.000000,0.000000
5138.5,0.000000,0.000000
5139.5,0.000000,0.000000
5140.5,0.000000,0.000000
5141.5,0.000000,0.000000
5142.5,0.000000,0.000000
5143.5,0.000000,0.000000
5144.5,0.000000,0.000000
5145.5,0.000000,0.000000
5146.5,0.000000,0.000000
5147.5,0.000000,0.000000
5148.5,0.000000,0.000000
5149.5,0.000000,0.000000
5150.5,0.000000,0.000000
5151.5,0.000000,0.000000
5152.5,0.000000,0.000000
5153.5,0.000000,0.000000
5154.5,0.000000,0.000000
5155.5,0.000000,0.000000
5156.5,0.000000,0.000000
5157.5,0.000000,0.000000
5158.5,0.000000,0.000000
5159.5,0.000000,0.000000
5160.5,0.000000,0.000000
5161.5,0.000000,0.000000
5162.5,0.000000,0.000000
5163.5,0.000000,0.000000
5164.5,0.000000,0.000000
5165.5,0.000000,0.000000
5166.5,0.000000,0.000000
5167.5,0.000000,0.000000
5168.5,0.000000,0.000000
5169.5,0.000000,0.000000
5170.5,0.000000,0.000000
5171.5,0.000000,0.000000
5172.5,0.000000,0.000000
5173.5,0.000000,0.000000
5174.5,0.000000,0.000000
5175.5,0.000000,0.000000
5176.5,0.000000,0.000000
5177.5,0.000000,0.000000
5178.5,0.000000,0.000000
5179.5,0.000000,0.000000
5180.5,0.000000,0.000000
5181.5,0.000000,0.000000
5182.5,0.000000,0.000000
5183.5,0.000000,0.000000
5184.5,0.000000,0.000000
5185.5,0.000000,0.000000
5186.5,0.000000,0.000000
5187.5,0.000000,0.000000
5188.5,0.000000,0.000000
5189.5,0.000000,0.000000
5190.5,0.000000,0.000000
5191.5,0.000000,0.000000
5192.5,0.000000,0.000000
5193.5,0.000000,0.000000
5194.5,0.000000,0.000000
5195.5,0.000000,0.000000
5196.5,0.000000,0.000000
5197.5,0.000000,0.000000
5198.5,0.000000,0.000000
5199.5,0.000000,0.000000
5200.5,0.000000,0.000000
5201.5,0.000000,0.000000
5202.5,0.000000,0.000000
5203.5,0.000000,0.000000
5204.5,0.000000,0.000000
5205.5,0.000000,0.000000
5206.5,0.000000,0.000000
5207.5,0.000000,0.000000
5208.5,0.000000,0.000000
5209.5,0.000000,0.000000
5210.5,0.000000,0.000000
5211.5,0.000000,0.000000
5212.5,0.000000,0.000000
5213.5,0.000000,0.000000
5214.5,0.000000,0.000000
5215.5,0.000000,0.000000
5216.5,0.000000,0.000000
5217.5,0.000000,0.000000
5218.5,0.000000,0.000000
5219.5,0.000000,0.000000
5220.5,0.000000,0.000000
5221.5,0.000000,0.000000
5222.5,0.000000,0.000000
5223.5,0.000000,0.000000
5224.5,0.000000,0.000000
5225.5,0.000000,0.000000
5226.5,0.000000,0.000000
5227.5,0.000000,0.000000
5228.5,0.000000,0.000000
5229.5,0.000000,0.000000
5230.5,0.000000,0.000000
5231.5,0.000000,0.000000
5232.5,0.000000,0.000000
5233.5,0.000000,0.000000
5234.5,0.000000,0.000000
5235.5,0.000000,0.000000
5236.5,0.000000,0.000000
5237.5,0.000000,0.000000
5238.5,0.000000,0.000000
5239.5,0.000000,0.000000
5240.5,0.000000,0.000000
5241.5,0.000000,0.000000
5242.5,0.000000,0.000000
5243.5,0.000000,0.000000
5244.5,0.000000,0.000000
5245.5,0.000000,0.000000
5246.5,0.000000,0.000000
5247.5,0.000000,0.000000
5248.5,0.000000,0.000000
5249.5,0.000000,0.000000
5250.5,0.000000,0.000000
5251.5,0.000000,0.000000
5252.5,0.000000,0.000000
5253.5,0.000000,0.000000
5254.5,0.000000,0.000000
5255.5,0.000000,0.000000
5256.5,0.000000,0.000000
5257.5,0.000000,0.000000
5258.5,0.000000,0.000000
5259.5,0.000000,0.000000
5260.5,0.000000,0.000000
5261.5,0.000000,0.000000
5262.5,0.000000,0.000000
5263.5,0.000000,0.000000
5264.5,0.000000,0.000000
5265.5,0.000000,0.000000
5266.5,0.000000,0.000000
5267.5,0.000000,0.000000
5268.5,0.000000,0.000000
5269.5,0.000000,0.000000
5270.5,0.000000,0.000000
5271.5,0.000000,0.000000
5272.5,0.000000,0.000000
5273.5,0.000000,0.000000
5274.5,0.000000,0.000000
5275.5,0.000000,0.000000
5276.5,0.000000,0.000000
5277.5,0.000000,0.000000
5278.5,0.000000,0.000000
5279.5,0.000000,0.000000
5280.5,0.000000,0.000000
5281.5,0.000000,0.000000
5282.5,0.000000,0.000000
5283.5,0.000000,0.000000
5284.5,0.000000,0.000000
5285.5,0.000000,0.000000
5286.5,0.000000,0.000000
5287.5,0.000000,0.000000
5288.5,0.000000,0.000000
5289.5,0.000000,0.000000
5290.5,0.000000,0.000000
5291.5,0.000000,0.000000
5292.5,0.000000,0.000000
5293.5,0.000000,0.000000
5294.5,0.000000,0.000000
5295.5,0.000000,0.000000
5296.5,0.000000,0.000000
5297.5,0.000000,0.000000
5298.5,0.000000,0.000000
5299.5,0.000000,0.000000
5300.5,0.000000,0.000000
5301.5,0.000000,0.000000
5302.5,0.000000,0.000000
5303.5,0.000000,0.000000
5304.5,0.000000,0.000000
5305.5,0.000000,0.000000
5306.5,0.000000,0.000000
5307.5,0.000000,0.000000
5308.5,0.000000,0.000000
5309.5,0.000000,0.000000
5310.5,0.000000,0.000000
5311.5,0.000000,0.000000
5312.5,0.000000,0.000000
5313.5,0.000000,0.000000
5314.5,0.000000,0.000000
5315.5,0.000000,0.000000
5316.5,0.000000,0.000000
5317.5,0.000000,0.000000
5318.5,0.000000,0.000000
5319.5,0.000000,0.000000
5320.5,0.000000,0.000000
5321.5,0.000000,0.000000
5322.5,0.000000,0.000000
5323.5,0.000000,0.000000
5324.5,0.000000,0.000000
5325.5,0.000000,0.000000
5326.5,0.000000,0.000000
5327.5,0.000000,0.000000
5328.5,0.000000,0.000000
5329.5,0.000000,0.000000
5330.5,0.000000,0.000000
5331.5,0.000000,0.000000
5332.5,0.000000,0.000000
5333.5,0.000000,0.000000
5334.5,0.000000,0.000000
5335.5,0.000000,0.000000
5336.5,0.000000,0.000000
5337.5,0.000000,0.000000
5338.5,0.000000,0.000000
5339.5,0.000000,0.000000
5340.5,0.000000,0.000000
5341.5,0.000000,0.000000
5342.5,0.000000,0.000000
5343.5,0.000000,0.000000
5344.5,0.000000,0.000000
5345.5,0.000000,0.000000
5346.5,0.000000,0.000000
5347.5,0.000000,0.000000
5348.5,0.000000,0.000000
5349.5,0.000000,0.000000
5350.5,0.000000,0.000000
5351.5,0.000000,0.000000
5352.5,0.000000,0.000000
5353.5,0.000000,0.000000
5354.5,0.000000,0.000000
5355.5,0.000000,0.000000
5356.5,0.000000,0.000000
5357.5,0.000000,0.000000
5358.5,0.000000,0.000000
5359.5,0.000000,0.000000
5360.5,0.000000,0.000000
5361.5,0.000000,0.000000
5362.5,0.000000,0.000000
5363.5,0.000000,0.000000
5364.5,0.000000,0.000000
5365.5,0.000000,0.000000
5366.5,0.000000,0.000000
5367.5,0.000000,0.000000
5368.5,0.000000,0.000000
5369.5,0.000000,0.000000
5370.5,0.000000,0.000000
5371.5,0.000000,0.000000
5372.5,0.000000,0.000000
5373.5,0.000000,0.000000
5374.5,0.000000,0.000000
5375.5,0.000000,0.000000
5376.5,0.000000,0.000000
5377.5,0.000000,0.000000
5378.5,0.000000,0.000000
5379.5,0.000000,0.000000
5380.5,0.000000,0.000000
5381.5,0.000000,0.000000
5382.5,0.000000,0.000000
5383.5,0.000000,0.000000
5384.5,0.000000,0.000000
5385.5,0.000000,0.000000
5386.5,0.000000,0.000000
5387.5,0.000000,0.000000
5388.5,0.000000,0.000000
5389.5,0.000000,0.000000
5390.5,0.000000,0.000000
5391.5,0.000000,0.000000
5392.5,0.000000,0.000000
5393.5,0.000000,0.000000
5394.5,0.000000,0.000000
5395.5,0.000000,0.000000
5396.5,0.000000,0.000000
5397.5,0.000000,0.000000
5398.5,0.000000,0.000000
5399.5,0.000000,0.000000
5400.5,0.000000,0.000000
5401.5,0.000000,0.000000
5402.5,0.000000,0.000000
5403.5,0.000000,0.000000
5404.5,0.000000,0.000000
5405.5,0.000000,0.000000
5406.5,0.000000,0.000000
5407.5,0.000000,0.000000
5408.5,0.000000,0.000000
5409.5,0.000000,0.000000
5410.5,0.000000,0.000000
5411.5,0.000000,0.000000
5412.5,0.000000,0.000000
5413.5,0.000000,0.000000
5414.5,0.000000,0.000000
5415.5,0.000000,0.000000
5416.5,0.000000,0.000000
5417.5,0.000000,0.000000
5418.5,0.000000,0.000000
5419.5,0.000000,0.000000
5420.5,0.000000,0.000000
5421.5,0.000000,0.000000
5422.5,0.000000,0.000000
5423.5,0.000000,0.000000
5424.5,0.000000,0.000000
5425.5,0.000000,0.000000
5426.5,0.000000,0.000000
5427.5,0.000000,0.000000
5428.5,0.000000,0.000000
5429.5,0.000000,0.000000
5430.5,0.000000,0.000000
5431.5,0.000000,0.000000
5432.5,0.000000,0.000000
5433.5,0.000000,0.000000
5434.5,0.000000,0.000000
5435.5,0.000000,0.000000
5436.5,0.000000,0.000000
5437.5,0.000000,0.000000
5438.5,0.000000,0.000000
5439.5,0.000000,0.000000
5440.5,0.000000,0.000000
5441.5,0.000000,0.000000
5442.5,0.000000,0.000000
5443.5,0.000000,0.000000
5444.5,0.000000,0.000000
5445.5,0.000000,0.000000
5446.5,0.000000,0.000000
5447.5,0.000000,0.000000
5448.5,0.000000,0.000000
5449.5,0.000000,0.000000
5450.5,0.000000,0.000000
5451.5,0.000000,0.000000
5452.5,0.000000,0.000000
5453.5,0.000000,0.000000
5454.5,0.000000,0.000000
5455.5,0.000000,0.000000
5456.5,0.000000,0.000000
5457.5,0.000000,0.000000
5458.5,0.000000,0.000000
5459.5,0.000000,0.000000
5460.5,0.000000,0.000000
5461.5,0.000000,0.000000
5462.5,0.000000,0.000000
5463.5,0.000000,0.000000
5464.5,0.000000,0.000000
5465.5,0.000000,0.000000
5466.5,0.000000,0.000000
5467.5,0.000000,0.000000
5468.5,0.000000,0.000000
5469.5,0.000000,0.000000
5470.5,0.000000,0.000000
5471.5,0.000000,0.000000
5472.5,0.000000,0.000000
5473.5,0.000000,0.000000
5474.5,0.000000,0.000000
5475.5,0.000000,0.000000
5476.5,0.000000,0.000000
5477.5,0.000000,0.000000
5478.5,0.000000,0.000000
5479.5,0.000000,0.000000
5480.5,0.000000,0.000000
5481.5,0.000000,0.000000
5482.5,0.000000,0.000000
5483.5,0.000000,0.000000
5484.5,0.000000,0.000000
5485.5,0.000000,0.000000
5486.5,0.000000,0.000000
5487.5,0.000000,0.000000
5488.5,0.000000,0.000000
5489.5,0.000000,0.000000
5490.5,0.000000,0.000000
5491.5,0.000000,0.000000
5492.5,0.000000,0.000000
5493.5,0.000000,0.000000
5494.5,0.000000,0.000000
5495.5,0.000000,0.000000
5496.5,0.000000,0.000000
5497.5,0.000000,0.000000
5498.5,0.000000,0.000000
5499.5,0.000000,0.000000
5500.5,0.000000,0.000000
5501.5,0.000000,0.000000
5502.5,0.000000,0.000000
5503.5,0.000000,0.000000
5504.5,0.000000,0.000000
5505.5,0.000000,0.000000
5506.5,0.000000,0.000000
5507.5,0.000000,0.000000
5508.5,0.000000,0.000000
5509.5,0.000000,0.000000
5510.5,0.000000,0.000000
5511.5,0.000000,0.000000
5512.5,0.000000,0.000000
5513.5,0.000000,0.000000
5514.5,0.000000,0.000000
5515.5,0.000000,0.000000
5516.5,0.000000,0.000000
5517.5,0.000000,0.000000
5518.5,0.000000,0.000000
5519.5,0.000000,0.000000
5520.5,0.000000,0.000000
5521.5,0.000000,0.000000
5522.5,0.000000,0.000000
5523.5,0.000000,0.000000
5524.5,0.000000,0.000000
5525.5,0.000000,0.000000
5526.5,0.000000,0.000000
5527.5,0.000000,0.000000
5528.5,0.000000,0.000000
5529.5,0.000000,0.000000
5530.5,0.000000,0.000000
5531.5,0.000000,0.000000
5532.5,0.000000,0.000000
5533.5,0.000000,0.000000
5534.5,0.000000,0.000000
5535.5,0.000000,0.000000
5536.5,0.000000,0.000000
5537.5,0.000000,0.000000
5538.5,0.000000,0.000000
5539.5,0.000000,0.000000
5540.5,0.000000,0.000000
5541.5,0.000000,0.000000
5542.5,0.000000,0.000000
5543.5,0.000000,0.000000
5544.5,0.000000,0.000000
5545.5,0.000000,0.000000
5546.5,0.000000,0.000000
5547.5,0.000000,0.000000
5548.5,0.000000,0.000000
5549.5,0.000000,0.000000
5550.5,0.000000,0.000000
5551.5,0.000000,0.000000
5552.5,0.000000,0.000000
5553.5,0.000000,0.000000
5554.5,0.000000,0.000000
5555.5,0.000000,0.000000
5556.5,0.000000,0.000000
5557.5,0.000000,0.000000
5558.5,0.000000,0.000000
5559.5,0.000000,0.000000
5560.5,0.000000,0.000000
5561.5,0.000000,0.000000
5562.5,0.000000,0.000000
5563.5,0.000000,0.000000
5564.5,0.000000,0.000000
5565.5,0.000000,0.000000
5566.5,0.000000,0.000000
5567.5,0.000000,0.000000
5568.5,0.000000,0.000000
5569.5,0.000000,0.000000
5570.5,0.000000,0.000000
5571.5,0.000000,0.000000
5572.5,0.000000,0.000000
5573.5,0.000000,0.000000
5574.5,0.000000,0.000000
5575.5,0.000000,0.000000
5576.5,0.000000,0.000000
5577.5,0.000000,0.000000
5578.5,0.000000,0.000000
5579.5,0.000000,0.000000
5580.5,0.000000,0.000000
5581.5,0.000000,0.000000
5582.5,0.000000,0.000000
5583.5,0.000000,0.000000
5584.5,0.000000,0.000000
5585.5,0.000000,0.000000
5586.5,0.000000,0.000000
5587.5,0.000000,0.000000
5588.5,0.000000,0.000000
5589.5,0.000000,0.000000
5590.5,0.000000,0.000000
5591.5,0.000000,0.000000
5592.5,0.000000,0.000000
5593.5,0.000000,0.000000
5594.5,0.000000,0.000000
5595.5,0.000000,0.000000
5596.5,0.000000,0.000000
5597.5,0.000000,0.000000
5598.5,0.000000,0.000000
5599.5,0.000000,0.000000
5600.5,0.000000,0.000000
5601.5,0.000000,0.000000
5602.5,0.000000,0.000000
5603.5,0.000000,0.000000
5604.5,0.000000,0.000000
5605.5,0.000000,0.000000
5606.5,0.000000,0.000000
5607.5,0.000000,0.000000
5608.5,0.000000,0.000000
5609.5,0.000000,0.000000
5610.5,0.000000,0.000000
5611.5,0.000000,0.000000
5612.5,0.000000,0.000000
5613.5,0.000000,0.000000
5614.5,0.000000,0.000000
5615.5,0.000000,0.000000
5616.5,0.000000,0.000000
5617.5,0.000000,0.000000
5618.5,0.000000,0.000000
5619.5,0.000000,0.000000
5620.5,0.000000,0.000000
5621.5,0.000000,0.000000
5622.5,0.000000,0.000000
5623.5,0.000000,0.000000
5624.5,0.000000,0.000000
5625.5,0.000000,0.000000
5626.5,0.000000,0.000000
5627.5,0.000000,0.000000
5628.5,0.000000,0.000000
5629.5,0.000000,0.000000
5630.5,0.000000,0.000000
5631.5,0.000000,0.000000
5632.5,0.000000,0.000000
5633.5,0.000000,0.000000
5634.5,0.000000,0.000000
5635.5,0.000000,0.000000
5636.5,0.000000,0.000000
5637.5,0.000000,0.000000
5638.5,0.000000,0.000000
5639.5,0.000000,0.000000
5640.5,0.000000,0.000000
5641.5,0.000000,0.000000
5642.5,0.000000,0.000000
5643.5,0.000000,0.000000
5644.5,0.000000,0.000000
5645.5,0.000000,0.000000
5646.5,0.000000,0.000000
5647.5,0.000000,0.000000
5648.5,0.000000,0.000000
5649.5,0.000000,0.000000
5650.5,0.000000,0.000000
5651.5,0.000000,0.000000
5652.5,0.000000,0.000000
5653.5,0.000000,0.000000
5654.5,0.000000,0.000000
5655.5,0.000000,0.000000
5656.5,0.000000,0.000000
5657.5,0.000000,0.000000
5658.5,0.000000,0.000000
5659.5,0.000000,0.000000
5660.5,0.000000,0.000000
5661.5,0.000000,0.000000
5662.5,0.000000,0.000000
5663.5,0.000000,0.000000
5664.5,0.000000,0.000000
5665.5,0.000000,0.000000
5666.5,0.000000,0.000000
5667.5,0.000000,0.000000
5668.5,0.000000,0.000000
5669.5,0.000000,0.000000
5670.5,0.000000,0.000000
5671.5,0.000000,0.000000
5672.5,0.000000,0.000000
5673.5,0.000000,0.000000
5674.5,0.000000,0.000000
5675.5,0.000000,0.000000
5676.5,0.000000,0.000000
5677.5,0.000000,0.000000
5678.5,0.000000,0.000000
5679.5,0.000000,0.000000
5680.5,0.000000,0.000000
5681.5,0.000000,0.000000
5682.5,0.000000,0.000000
5683.5,0.000000,0.000000
5684.5,0.000000,0.000000
5685.5,0.000000,0.000000
5686.5,0.000000,0.000000
5687.5,0.000000,0.000000
5688.5,0.000000,0.000000
5689.5,0.000000,0.000000
5690.5,0.000000,0.000000
5691.5,0.000000,0.000000
5692.5,0.000000,0.000000
5693.5,0.000000,0.000000
5694.5,0.000000,0.000000
5695.5,0.000000,0.000000
5696.5,0.000000,0.000000
5697.5,0.000000,0.000000
5698.5,0.000000,0.000000
5699.5,0.000000,0.000000
5700.5,0.000000,0.000000
5701.5,0.000000,0.000000
5702.5,0.000000,0.000000
5703.5,0.000000,0.000000
5704.5,0.000000,0.000000
5705.5,0.000000,0.000000
5706.5,0.000000,0.000000
5707.5,0.000000,0.000000
5708.5,0.000000,0.000000
5709.5,0.000000,0.000000
5710.5,0.000000,0.000000
5711.5,0.000000,0.000000
5712.5,0.000000,0.000000
5713.5,0.000000,0.000000
5714.5,0.000000,0.000000
5715.5,0.000000,0.000000
5716.5,0.000000,0.000000
5717.5,0.000000,0.000000
5718.5,0.000000,0.000000
5719.5,0.000000,0.000000
5720.5,0.000000,0.000000
5721.5,0.000000,0.000000
5722.5,0.000000,0.000000
5723.5,0.000000,0.000000
5724.5,0.000000,0.000000
5725.5,0.000000,0.000000
5726.5,0.000000,0.000000
5727.5,0.000000,0.000000
5728.5,0.000000,0.000000
5729.5,0.000000,0.000000
5730.5,0.000000,0.000000
5731.5,0.000000,0.000000
5732.5,0.000000,0.000000
5733.5,0.000000,0.000000
5734.5,0.000000,0.000000
5735.5,0.000000,0.000000
5736.5,0.000000,0.000000
5737.5,0.000000,0.000000
5738.5,0.000000,0.000000
5739.5,0.000000,0.000000
5740.5,0.000000,0.000000
5741.5,0.000000,0.000000
5742.5,0.000000,0.000000
5743.5,0.000000,0.000000
5744.5,0.000000,0.000000
5745.5,0.000000,0.000000
5746.5,0.000000,0.000000
5747.5,0.000000,0.000000
5748.5,0.000000,0.000000
5749.5,0.000000,0.000000
5750.5,0.000000,0.000000
5751.5,0.000000,0.000000
5752.5,0.000000,0.000000
5753.5,0.000000,0.000000
5754.5,0.000000,0.000000
5755.5,0.000000,0.000000
5756.5,0.000000,0.000000
5757.5,0.000000,0.000000
5758.5,0.000000,0.000000
5759.5,0.000000,0.000000
5760.5,0.000000,0.000000
5761.5,0.000000,0.000000
5762.5,0.000000,0.000000
5763.5,0.000000,0.000000
5764.5,0.000000,0.000000
5765.5,0.000000,0.000000
5766.5,0.000000,0.000000
5767.5,0.000000,0.000000
5768.5,0.000000,0.000000
5769.5,0.000000,0.000000
5770.5,0.000000,0.000000
5771.5,0.000000,0.000000
5772.5,0.000000,0.000000
5773.5,0.000000,0.000000
5774.5,0.000000,0.000000
5775.5,0.000000,0.000000
5776.5,0.000000,0.000000
5777.5,0.000000,0.000000
5778.5,0.000000,0.000000
5779.5,0.000000,0.000000
5780.5,0.000000,0.000000
5781.5,0.000000,0.000000
5782.5,0.000000,0.000000
5783.5,0.000000,0.000000
5784.5,0.000000,0.000000
5785.5,0.000000,0.000000
5786.5,0.000000,0.000000
5787.5,0.000000,0.000000
5788.5,0.000000,0.000000
5789.5,0.000000,0.000000
5790.5,0.000000,0.000000
5791.5,0.000000,0.000000
5792.5,0.000000,0.000000
5793.5,0.000000,0.000000
5794.5,0.000000,0.000000
5795.5,0.000000,0.000000
5796.5,0.000000,0.000000
5797.5,0.000000,0.000000
5798.5,0.000000,0.000000
5799.5,0.000000,0.000000
5800.5,0.000000,0.000000
5801.5,0.000000,0.000000
5802.5,0.000000,0.000000
5803.5,0.000000,0.000000
5804.5,0.000000,0.000000
5805.5,0.000000,0.000000
5806.5,0.000000,0.000000
5807.5,0.000000,0.000000
5808.5,0.000000,0.000000
5809.5,0.000000,0.000000
5810.5,0.000000,0.000000
5811.5,0.000000,0.000000
5812.5,0.000000,0.000000
5813.5,0.000000,0.000000
5814.5,0.000000,0.000000
5815.5,0.000000,0.000000
5816.5,0.000000,0.000000
5817.5,0.000000,0.000000
5818.5,0.000000,0.000000
5819.5,0.000000,0.000000
5820.5,0.000000,0.000000
5821.5,0.000000,0.000000
5822.5,0.000000,0.000000
5823.5,0.000000,0.000000
5824.5,0.000000,0.000000
5825.5,0.000000,0.000000
5826.5,0.000000,0.000000
5827.5,0.000000,0.000000
5828.5,0.000000,0.000000
5829.5,0.000000,0.000000
5830.5,0.000000,0.000000
5831.5,0.000000,0.000000
5832.5,0.000000,0.000000
5833.5,0.000000,0.000000
5834.5,0.000000,0.000000
5835.5,0.000000,0.000000
5836.5,0.000000,0.000000
5837.5,0.000000,0.000000
5838.5,0.000000,0.000000
5839.5,0.000000,0.000000
5840.5,0.000000,0.000000
5841.5,0.000000,0.000000
5842.5,0.000000,0.000000
5843.5,0.000000,0.000000
5844.5,0.000000,0.000000
5845.5,0.000000,0.000000
5846.5,0.000000,0.000000
5847.5,0.000000,0.000000
5848.5,0.000000,0.000000
5849.5,0.000000,0.000000
5850.5,0.000000,0.000000
5851.5,0.000000,0.000000
5852.5,0.000000,0.000000
5853.5,0.000000,0.000000
5854.5,0.000000,0.000000
5855.5,0.000000,0.000000
5856.5,0.000000,0.000000
5857.5,0.000000,0.000000
5858.5,0.000000,0.000000
5859.5,0.000000,0.000000
5860.5,0.000000,0.000000
5861.5,0.000000,0.000000
5862.5,0.000000,0.000000
5863.5,0.000000,0.000000
5864.5,0.000000,0.000000
5865.5,0.000000,0.000000
5866.5,0.000000,0.000000
5867.5,0.000000,0.000000
5868.5,0.000000,0.000000
5869.5,0.000000,0.000000
5870.5,0.000000,0.000000
5871.5,0.000000,0.000000
5872.5,0.000000,0.000000
5873.5,0.000000,0.000000
5874.5,0.000000,0.000000
5875.5,0.000000,0.000000
5876.5,0.000000,0.000000
5877.5,0.000000,0.000000
5878.5,0.000000,0.000000
5879.5,0.000000,0.000000
5880.5,0.000000,0.000000
5881.5,0.000000,0.000000
5882.5,0.000000,0.000000
5883.5,0.000000,0.000000
5884.5,0.000000,0.000000
5885.5,0.000000,0.000000
5886.5,0.000000,0.000000
5887.5,0.000000,0.000000
5888.5,0.000000,0.000000
5889.5,0.000000,0.000000
5890.5,0.000000,0.000000
5891.5,0.000000,0.000000
5892.5,0.000000,0.000000
5893.5,0.000000,0.000000
5894.5,0.000000,0.000000
5895.5,0.000000,0.000000
5896.5,0.000000,0.000000
5897.5,0.000000,0.000000
5898.5,0.000000,0.000000
5899.5,0.000000,0.000000
5900.5,0.000000,0.000000
5901.5,0.000000,0.000000
5902.5,0.000000,0.000000
5903.5,0.000000,0.000000
5904.5,0.000000,0.000000
5905.5,0.000000,0.000000
5906.5,0.000000,0.000000
5907.5,0.000000,0.000000
5908.5,0.000000,0.000000
5909.5,0.000000,0.000000
5910.5,0.000000,0.000000
5911.5,0.000000,0.000000
5912.5,0.000000,0.000000
5913.5,0.000000,0.000000
5914.5,0.000000,0.000000
5915.5,0.000000,0.000000
5916.5,0.000000,0.000000
5917.5,0.000000,0.000000
5918.5,0.000000,0.000000
5919.5,0.000000,0.000000
5920.5,0.000000,0.000000
5921.5,0.000000,0.000000
5922.5,0.000000,0.000000
5923.5,0.000000,0.000000
5924.5,0.000000,0.000000
5925.5,0.000000,0.000000
5926.5,0.000000,0.000000
5927.5,0.000000,0.000000
5928.5,0.000000,0.000000
5929.5,0.000000,0.000000
5930.5,0.000000,0.000000
5931.5,0.000000,0.000000
5932.5,0.000000,0.000000
5933.5,0.000000,0.000000
5934.5,0.000000,0.000000
5935.5,0.000000,0.000000
5936.5,0.000000,0.000000
5937.5,0.000000,0.000000
5938.5,0.000000,0.000000
5939.5,0.000000,0.000000
5940.5,0.000000,0.000000
5941.5,0.000000,0.000000
5942.5,0.000000,0.000000
5943.5,0.000000,0.000000
5944.5,0.000000,0.000000
5945.5,0.000000,0.000000
5946.5,0.000000,0.000000
5947.5,0.000000,0.000000
5948.5,0.000000,0.000000
5949.5,0.000000,0.000000
5950.5,0.000000,0.000000
5951.5,0.000000,0.000000
5952.5,0.000000,0.000000
5953.5,0.000000,0.000000
5954.5,0.000000,0.000000
5955.5,0.000000,0.000000
5956.5,0.000000,0.000000
5957.5,0.000000,0.000000
5958.5,0.000000,0.000000
5959.5,0.000000,0.000000
5960.5,0.000000,0.000000
5961.5,0.000000,0.000000
5962.5,0.000000,0.000000
5963.5,0.000000,0.000000
5964.5,0.000000,0.000000
5965.5,0.000000,0.000000
5966.5,0.000000,0.000000
5967.5,0.000000,0.000000
5968.5,0.000000,0.000000
5969.5,0.000000,0.000000
5970.5,0.000000,0.000000
5971.5,0.000000,0.000000
5972.5,0.000000,0.000000
5973.5,0.000000,0.000000
5974.5,0.000000,0.000000
5975.5,0.000000,0.000000
5976.5,0.000000,0.000000
5977.5,0.000000,0.000000
5978.5,0.000000,0.000000
5979.5,0.000000,0.000000
5980.5,0.000000,0.000000
5981.5,0.000000,0.000000
5982.5,0.000000,0.000000
5983.5,0.000000,0.000000
5984.5,0.000000,0.000000
5985.5,0.000000,0.000000
5986.5,0.000000,0.000000
5987.5,0.000000,0.000000
5988.5,0.000000,0.000000
5989.5,0.000000,0.000000
5990.5,0.000000,0.000000
5991.5,0.000000,0.000000
5992.5,0.000000,0.000000
5993.5,0.000000,0.000000
5994.5,0.000000,0.000000
5995.5,0.000000,0.000000
5996.5,0.000000,0.000000
5997.5,0.000000,0.000000
5998.5,0.000000,0.000000
5999.5,0.000000,0.000000
6000.5,0.000000,0.000000
6001.5,0.000000,0.000000
6002.5,0.000000,0.000000
6003.5,0.000000,0.000000
6004.5,0.000000,0.000000
6005.5,0.000000,0.000000
6006.5,0.000000,0.000000
6007.5,0.000000,0.000000
6008.5,0.000000,0.000000
6009.5,0.000000,0.000000
6010.5,0.000000,0.000000
6011.5,0.000000,0.000000
6012.5,0.000000,0.000000
6013.5,0.000000,0.000000
6014.5,0.000000,0.000000
6015.5,0.000000,0.000000
6016.5,0.000000,0.000000
6017.5,0.000000,0.000000
6018.5,0.000000,0.000000
6019.5,0.000000,0.000000
6020.5,0.000000,0.000000
6021.5,0.000000,0.000000
6022.5,0.000000,0.000000
6023.5,0.000000,0.000000
6024.5,0.000000,0.000000
6025.5,0.000000,0.000000
6026.5,0.000000,0.000000
6027.5,0.000000,0.000000
6028.5,0.000000,0.000000
6029.5,0.000000,0.000000
6030.5,0.000000,0.000000
6031.5,0.000000,0.000000
6032.5,0.000000,0.000000
6033.5,0.000000,0.000000
6034.5,0.000000,0.000000
6035.5,0.000000,0.000000
6036.5,0.000000,0.000000
6037.5,0.000000,0.000000
6038.5,0.000000,0.000000
6039.5,0.000000,0.000000
6040.5,0.000000,0.000000
6041.5,0.000000,0.000000
6042.5,0.000000,0.000000
6043.5,0.000000,0.000000
6044.5,0.000000,0.000000
6045.5,0.000000,0.000000
6046.5,0.000000,0.000000
6047.5,0.000000,0.000000
6048.5,0.000000,0.000000
6049.5,0.000000,0.000000
6050.5,0.000000,0.000000
6051.5,0.000000,0.000000
6052.5,0.000000,0.000000
6053.5,0.000000,0.000000
6054.5,0.000000,0.000000
6055.5,0.000000,0.000000
6056.5,0.000000,0.000000
6057.5,0.000000,0.000000
6058.5,0.000000,0.000000
6059.5,0.000000,0.000000
6060.5,0.000000,0.000000
6061.5,0.000000,0.000000
6062.5,0.000000,0.000000
6063.5,0.000000,0.000000
6064.5,0.000000,0.000000
6065.5,0.000000,0.000000
6066.5,0.000000,0.000000
6067.5,0.000000,0.000000
6068.5,0.000000,0.000000
6069.5,0.000000,0.000000
6070.5,0.000000,0.000000
6071.5,0.000000,0.000000
6072.5,0.000000,0.000000
6073.5,0.000000,0.000000
6074.5,0.000000,0.000000
6075.5,0.000000,0.000000
6076.5,0.000000,0.000000
6077.5,0.000000,0.000000
6078.5,0.000000,0.000000
6079.5,0.000000,0.000000
6080.5,0.000000,0.000000
6081.5,0.000000,0.000000
6082.5,0.000000,0.000000
6083.5,0.000000,0.000000
6084.5,0.000000,0.000000
6085.5,0.000000,0.000000
6086.5,0.000000,0.000000
6087.5,0.000000,0.000000
6088.5,0.000000,0.000000
6089.5,0.000000,0.000000
6090.5,0.000000,0.000000
6091.5,0.000000,0.000000
6092.5,0.000000,0.000000
6093.5,0.000000,0.000000
6094.5,0.000000,0.000000
6095.5,0.000000,0.000000
6096.5,0.000000,0.000000
6097.5,0.000000,0.000000
6098.5,0.000000,0.000000
6099.5,0.000000,0.000000
6100.5,0.000000,0.000000
6101.5,0.000000,0.000000
6102.5,0.000000,0.000000
6103.5,0.000000,0.000000
6104.5,0.000000,0.000000
6105.5,0.000000,0.000000
6106.5,0.000000,0.000000
6107.5,0.000000,0.000000
6108.5,0.000000,0.000000
6109.5,0.000000,0.000000
6110.5,0.000000,0.000000
6111.5,0.000000,0.000000
6112.5,0.000000,0.000000
6113.5,0.000000,0.000000
6114.5,0.000000,0.000000
6115.5,0.000000,0.000000
6116.5,0.000000,0.000000
6117.5,0.000000,0.000000
6118.5,0.000000,0.000000
6119.5,0.000000,0.000000
6120.5,0.000000,0.000000
6121.5,0.000000,0.000000
6122.5,0.000000,0.000000
6123.5,0.000000,0.000000
6124.5,0.000000,0.000000
6125.5,0.000000,0.000000
6126.5,0.000000,0.000000
6127.5,0.000000,0.000000
6128.5,0.000000,0.000000
6129.5,0.000000,0.000000
6130.5,0.000000,0.000000
6131.5,0.000000,0.000000
6132.5,0.000000,0.000000
6133.5,0.000000,0.000000
6134.5,0.000000,0.000000
6135.5,0.000000,0.000000
6136.5,0.000000,0.000000
6137.5,0.000000,0.000000
6138.5,0.000000,0.000000
6139.5,0.000000,0.000000
6140.5,0.000000,0.000000
6141.5,0.000000,0.000000
6142.5,0.000000,0.000000
6143.5,0.000000,0.000000
6144.5,0.000000,0.000000
6145.5,0.000000,0.000000
6146.5,0.000000,0.000000
6147.5,0.000000,0.000000
6148.5,0.000000,0.000000
6149.5,0.000000,0.000000
6150.5,0.000000,0.000000
6151.5,0.000000,0.000000
6152.5,0.000000,0.000000
6153.5,0.000000,0.000000
6154.5,0.000000,0.000000
6155.5,0.000000,0.000000
6156.5,0.000000,0.000000
6157.5,0.000000,0.000000
6158.5,0.000000,0.000000
6159.5,0.000000,0.000000
6160.5,0.000000,0.000000
6161.5,0.000000,0.000000
6162.5,0.000000,0.000000
6163.5,0.000000,0.000000
6164.5,0.000000,0.000000
6165.5,0.000000,0.000000
6166.5,0.000000,0.000000
6167.5,0.000000,0.000000
6168.5,0.000000,0.000000
6169.5,0.000000,0.000000
6170.5,0.000000,0.000000
6171.5,0.000000,0.000000
6172.5,0.000000,0.000000
6173.5,0.000000,0.000000
6174.5,0.000000,0.000000
6175.5,0.000000,0.000000
6176.5,0.000000,0.000000
6177.5,0.000000,0.000000
6178.5,0.000000,0.000000
6179.5,0.000000,0.000000
6180.5,0.000000,0.000000
6181.5,0.000000,0.000000
6182.5,0.000000,0.000000
6183.5,0.000000,0.000000
6184.5,0.000000,0.000000
6185.5,0.000000,0.000000
6186.5,0.000000,0.000000
6187.5,0.000000,0.000000
6188.5,0.000000,0.000000
6189.5,0.000000,0.000000
6190.5,0.000000,0.000000
6191.5,0.000000,0.000000
6192.5,0.000000,0.000000
6193.5,0.000000,0.000000
6194.5,0.000000,0.000000
6195.5,0.000000,0.000000
6196.5,0.000000,0.000000
6197.5,0.000000,0.000000
6198.5,0.000000,0.000000
6199.5,0.000000,0.000000
6200.5,0.000000,0.000000
6201.5,0.000000,0.000000
6202.5,0.000000,0.000000
6203.5,0.000000,0.000000
6204.5,0.000000,0.000000
6205.5,0.000000,0.000000
6206.5,0.000000,0.000000
6207.5,0.000000,0.000000
6208.5,0.000000,0.000000
6209.5,0.000000,0.000000
6210.5,0.000000,0.000000
6211.5,0.000000,0.000000
6212.5,0.000000,0.000000
6213.5,0.000000,0.000000
6214.5,0.000000,0.000000
6215.5,0.000000,0.000000
6216.5,0.000000,0.000000
6217.5,0.000000,0.000000
6218.5,0.000000,0.000000
6219.5,0.000000,0.000000
6220.5,0.000000,0.000000
6221.5,0.000000,0.000000
6222.5,0.000000,0.000000
6223.5,0.000000,0.000000
6224.5,0.000000,0.000000
6225.5,0.000000,0.000000
6226.5,0.000000,0.000000
6227.5,0.000000,0.000000
6228.5,0.000000,0.000000
6229.5,0.000000,0.000000
6230.5,0.000000,0.000000
6231.5,0.000000,0.000000
6232.5,0.000000,0.000000
6233.5,0.000000,0.000000
6234.5,0.000000,0.000000
6235.5,0.000000,0.000000
6236.5,0.000000,0.000000
6237.5,0.000000,0.000000
6238.5,0.000000,0.000000
6239.5,0.000000,0.000000
6240.5,0.000000,0.000000
6241.5,0.000000,0.000000
6242.5,0.000000,0.000000
6243.5,0.000000,0.000000
6244.5,0.000000,0.000000
6245.5,0.000000,0.000000
6246.5,0.000000,0.000000
6247.5,0.000000,0.000000
6248.5,0.000000,0.000000
6249.5,0.000000,0.000000
6250.5,0.000000,0.000000
6251.5,0.000000,0.000000
6252.5,0.000000,0.000000
6253.5,0.000000,0.000000
6254.5,0.000000,0.000000
6255.5,0.000000,0.000000
6256.5,0.000000,0.000000
6257.5,0.000000,0.000000
6258.5,0.000000,0.000000
6259.5,0.000000,0.000000
6260.5,0.000000,0.000000
6261.5,0.000000,0.000000
6262.5,0.000000,0.000000
6263.5,0.000000,0.000000
6264.5,0.000000,0.000000
6265.5,0.000000,0.000000
6266.5,0.000000,0.000000
6267.5,0.000000,0.000000
6268.5,0.000000,0.000000
6269.5,0.000000,0.000000
6270.5,0.000000,0.000000
6271.5,0.000000,0.000000
6272.5,0.000000,0.000000
6273.5,0.000000,0.000000
6274.5,0.000000,0.000000
6275.5,0.000000,0.000000
6276.5,0.000000,0.000000
6277.5,0.000000,0.000000
6278.5,0.000000,0.000000
6279.5,0.000000,0.000000
6280.5,0.000000,0.000000
6281.5,0.000000,0.000000
6282.5,0.000000,0.000000
6283.5,0.000000,0.000000
6284.5,0.000000,0.000000
6285.5,0.000000,0.000000
6286.5,0.000000,0.000000
6287.5,0.000000,0.000000
6288.5,0.000000,0.000000
6289.5,0.000000,0.000000
6290.5,0.000000,0.000000
6291.5,0.000000,0.000000
6292.5,0.000000,0.000000
6293.5,0.000000,0.000000
6294.5,0.000000,0.000000
6295.5,0.000000,0.000000
6296.5,0.000000,0.000000
6297.5,0.000000,0.000000
6298.5,0.000000,0.000000
6299.5,0.000000,0.000000
6300.5,0.000000,0.000000
6301.5,0.000000,0.000000
6302.5,0.000000,0.000000
6303.5,0.000000,0.000000
6304.5,0.000000,0.000000
6305.5,0.000000,0.000000
6306.5,0.000000,0.000000
6307.5,0.000000,0.000000
6308.5,0.000000,0.000000
6309.5,0.000000,0.000000
6310.5,0.000000,0.000000
6311.5,0.000000,0.000000
6312.5,0.000000,0.000000
6313.5,0.000000,0.000000
6314.5,0.000000,0.000000
6315.5,0.000000,0.000000
6316.5,0.000000,0.000000
6317.5,0.000000,0.000000
6318.5,0.000000,0.000000
6319.5,0.000000,0.000000
6320.5,0.000000,0.000000
6321.5,0.000000,0.000000
6322.5,0.000000,0.000000
6323.5,0.000000,0.000000
6324.5,0.000000,0.000000
6325.5,0.000000,0.000000
6326.5,0.000000,0.000000
6327.5,0.000000,0.000000
6328.5,0.000000,0.000000
6329.5,0.000000,0.000000
6330.5,0.000000,0.000000
6331.5,0.000000,0.000000
6332.5,0.000000,0.000000
6333.5,0.000000,0.000000
6334.5,0.000000,0.000000
6335.5,0.000000,0.000000
6336.5,0.000000,0.000000
6337.5,0.000000,0.000000
6338.5,0.000000,0.000000
6339.5,0.000000,0.000000
6340.5,0.000000,0.000000
6341.5,0.000000,0.000000
6342.5,0.000000,0.000000
6343.5,0.000000,0.000000
6344.5,0.000000,0.000000
6345.5,0.000000,0.000000
6346.5,0.000000,0.000000
6347.5,0.000000,0.000000
6348.5,0.000000,0.000000
6349.5,0.000000,0.000000
6350.5,0.000000,0.000000
6351.5,0.000000,0.000000
6352.5,0.000000,0.000000
6353.5,0.000000,0.000000
6354.5,0.000000,0.000000
6355.5,0.000000,0.000000
6356.5,0.000000,0.000000
6357.5,0.000000,0.000000
6358.5,0.000000,0.000000
6359.5,0.000000,0.000000
6360.5,0.000000,0.000000
6361.5,0.000000,0.000000
6362.5,0.000000,0.000000
6363.5,0.000000,0.000000
6364.5,0.000000,0.000000
6365.5,0.000000,0.000000
6366.5,0.000000,0.000000
6367.5,0.000000,0.000000
6368.5,0.000000,0.000000
6369.5,0.000000,0.000000
6370.5,0.000000,0.000000
6371.5,0.000000,0.000000
6372.5,0.000000,0.000000
6373.5,0.000000,0.000000
6374.5,0.000000,0.000000
6375.5,0.000000,0.000000
6376.5,0.000000,0.000000
6377.5,0.000000,0.000000
6378.5,0.000000,0.000000
6379.5,0.000000,0.000000
6380.5,0.000000,0.000000
6381.5,0.000000,0.000000
6382.5,0.000000,0.000000
6383.5,0.000000,0.000000
6384.5,0.000000,0.000000
6385.5,0.000000,0.000000
6386.5,0.000000,0.000000
6387.5,0.000000,0.000000
6388.5,0.000000,0.000000
6389.5,0.000000,0.000000
6390.5,0.000000,0.000000
6391.5,0.000000,0.000000
6392.5,0.000000,0.000000
6393.5,0.000000,0.000000
6394.5,0.000000,0.000000
6395.5,0.000000,0.000000
6396.5,0.000000,0.000000
6397.5,0.000000,0.000000
6398.5,0.000000,0.000000
6399.5,0.000000,0.000000
6400.5,0.000000,0.000000
6401.5,0.000000,0.000000
6402.5,0.000000,0.000000
6403.5,0.000000,0.000000
6404.5,0.000000,0.000000
6405.5,0.000000,0.000000
6406.5,0.000000,0.000000
6407.5,0.000000,0.000000
6408.5,0.000000,0.000000
6409.5,0.000000,0.000000
6410.5,0.000000,0.000000
6411.5,0.000000,0.000000
6412.5,0.000000,0.000000
6413.5,0.000000,0.000000
6414.5,0.000000,0.000000
6415.5,0.000000,0.000000
6416.5,0.000000,0.000000
6417.5,0.000000,0.000000
6418.5,0.000000,0.000000
6419.5,0.000000,0.000000
6420.5,0.000000,0.000000
6421.5,0.000000,0.000000
6422.5,0.000000,0.000000
6423.5,0.000000,0.000000
6424.5,0.000000,0.000000
6425.5,0.000000,0.000000
6426.5,0.000000,0.000000
6427.5,0.000000,0.000000
6428.5,0.000000,0.000000
6429.5,0.000000,0.000000
6430.5,0.000000,0.000000
6431.5,0.000000,0.000000
6432.5,0.000000,0.000000
6433.5,0.000000,0.000000
6434.5,0.000000,0.000000
6435.5,0.000000,0.000000
6436.5,0.000000,0.000000
6437.5,0.000000,0.000000
6438.5,0.000000,0.000000
6439.5,0.000000,0.000000
6440.5,0.000000,0.000000
6441.5,0.000000,0.000000
6442.5,0.000000,0.000000
6443.5,0.000000,0.000000
6444.5,0.000000,0.000000
6445.5,0.000000,0.000000
6446.5,0.000000,0.000000
6447.5,0.000000,0.000000
6448.5,0.000000,0.000000
6449.5,0.000000,0.000000
6450.5,0.000000,0.000000
6451.5,0.000000,0.000000
6452.5,0.000000,0.000000
6453.5,0.000000,0.000000
6454.5,0.000000,0.000000
6455.5,0.000000,0.000000
6456.5,0.000000,0.000000
6457.5,0.000000,0.000000
6458.5,0.000000,0.000000
6459.5,0.000000,0.000000
6460.5,0.000000,0.000000
6461.5,0.000000,0.000000
6462.5,0.000000,0.000000
6463.5,0.000000,0.000000
6464.5,0.000000,0.000000
6465.5,0.000000,0.000000
6466.5,0.000000,0.000000
6467.5,0.000000,0.000000
6468.5,0.000000,0.000000
6469.5,0.000000,0.000000
6470.5,0.000000,0.000000
6471.5,0.000000,0.000000
6472.5,0.000000,0.000000
6473.5,0.000000,0.000000
6474.5,0.000000,0.000000
6475.5,0.000000,0.000000
6476.5,0.000000,0.000000
6477.5,0.000000,0.000000
6478.5,0.000000,0.000000
6479.5,0.000000,0.000000
6480.5,0.000000,0.000000
6481.5,0.000000,0.000000
6482.5,0.000000,0.000000
6483.5,0.000000,0.000000
6484.5,0.000000,0.000000
6485.5,0.000000,0.000000
6486.5,0.000000,0.000000
6487.5,0.000000,0.000000
6488.5,0.000000,0.000000
6489.5,0.000000,0.000000
6490.5,0.000000,0.000000
6491.5,0.000000,0.000000
6492.5,0.000000,0.000000
6493.5,0.000000,0.000000
6494.5,0.000000,0.000000
6495.5,0.000000,0.000000
6496.5,0.000000,0.000000
6497.5,0.000000,0.000000
6498.5,0.000000,0.000000
6499.5,0.000000,0.000000
6500.5,0.000000,0.000000
6501.5,0.000000,0.000000
6502.5,0.000000,0.000000
6503.5,0.000000,0.000000
6504.5,0.000000,0.000000
6505.5,0.000000,0.000000
6506.5,0.000000,0.000000
6507.5,0.000000,0.000000
6508.5,0.000000,0.000000
6509.5,0.000000,0.000000
6510.5,0.000000,0.000000
6511.5,0.000000,0.000000
6512.5,0.000000,0.000000
6513.5,0.000000,0.000000
6514.5,0.000000,0.000000
6515.5,0.000000,0.000000
6516.5,0.000000,0.000000
6517.5,0.000000,0.000000
6518.5,0.000000,0.000000
6519.5,0.000000,0.000000
6520.5,0.000000,0.000000
6521.5,0.000000,0.000000
6522.5,0.000000,0.000000
6523.5,0.000000,0.000000
6524.5,0.000000,0.000000
6525.5,0.000000,0.000000
6526.5,0.000000,0.000000
6527.5,0.000000,0.000000
6528.5,0.000000,0.000000
6529.5,0.000000,0.000000
6530.5,0.000000,0.000000
6531.5,0.000000,0.000000
6532.5,0.000000,0.000000
6533.5,0.000000,0.000000
6534.5,0.000000,0.000000
6535.5,0.000000,0.000000
6536.5,0.000000,0.000000
6537.5,0.000000,0.000000
6538.5,0.000000,0.000000
6539.5,0.000000,0.000000
6540.5,0.000000,0.000000
6541.5,0.000000,0.000000
6542.5,0.000000,0.000000
6543.5,0.000000,0.000000
6544.5,0.000000,0.000000
6545.5,0.000000,0.000000
6546.5,0.000000,0.000000
6547.5,0.000000,0.000000
6548.5,0.000000,0.000000
6549.5,0.000000,0.000000
6550.5,0.000000,0.000000
6551.5,0.000000,0.000000
6552.5,0.000000,0.000000
6553.5,0.000000,0.000000
6554.5,0.000000,0.000000
6555.5,0.000000,0.000000
6556.5,0.000000,0.000000
6557.5,0.000000,0.000000
6558.5,0.000000,0.000000
6559.5,0.000000,0.000000
6560.5,0.000000,0.000000
6561.5,0.000000,0.000000
6562.5,0.000000,0.000000
6563.5,0.000000,0.000000
6564.5,0.000000,0.000000
6565.5,0.000000,0.000000
6566.5,0.000000,0.000000
6567.5,0.000000,0.000000
6568.5,0.000000,0.000000
6569.5,0.000000,0.000000
6570.5,0.000000,0.000000
6571.5,0.000000,0.000000
6572.5,0.000000,0.000000
6573.5,0.000000,0.000000
6574.5,0.000000,0.000000
6575.5,0.000000,0.000000
6576.5,0.000000,0.000000
6577.5,0.000000,0.000000
6578.5,0.000000,0.000000
6579.5,0.000000,0.000000
6580.5,0.000000,0.000000
6581.5,0.000000,0.000000
6582.5,0.000000,0.000000
6583.5,0.000000,0.000000
6584.5,0.000000,0.000000
6585.5,0.000000,0.000000
6586.5,0.000000,0.000000
6587.5,0.000000,0.000000
6588.5,0.000000,0.000000
6589.5,0.000000,0.000000
6590.5,0.000000,0.000000
6591.5,0.000000,0.000000
6592.5,0.000000,0.000000
6593.5,0.000000,0.000000
6594.5,0.000000,0.000000
6595.5,0.000000,0.000000
6596.5,0.000000,0.000000
6597.5,0.000000,0.000000
6598.5,0.000000,0.000000
6599.5,0.000000,0.000000
6600.5,0.000000,0.000000
6601.5,0.000000,0.000000
6602.5,0.000000,0.000000
6603.5,0.000000,0.000000
6604.5,0.000000,0.000000
6605.5,0.000000,0.000000
6606.5,0.000000,0.000000
6607.5,0.000000,0.000000
6608.5,0.000000,0.000000
6609.5,0.000000,0.000000
6610.5,0.000000,0.000000
6611.5,0.000000,0.000000
6612.5,0.000000,0.000000
6613.5,0.000000,0.000000
6614.5,0.000000,0.000000
6615.5,0.000000,0.000000
6616.5,0.000000,0.000000
6617.5,0.000000,0.000000
6618.5,0.000000,0.000000
6619.5,0.000000,0.000000
6620.5,0.000000,0.000000
6621.5,0.000000,0.000000
6622.5,0.000000,0.000000
6623.5,0.000000,0.000000
6624.5,0.000000,0.000000
6625.5,0.000000,0.000000
6626.5,0.000000,0.000000
6627.5,0.000000,0.000000
6628.5,0.000000,0.000000
6629.5,0.000000,0.000000
6630.5,0.000000,0.000000
6631.5,0.000000,0.000000
6632.5,0.000000,0.000000
6633.5,0.000000,0.000000
6634.5,0.000000,0.000000
6635.5,0.000000,0.000000
6636.5,0.000000,0.000000
6637.5,0.000000,0.000000
6638.5,0.000000,0.000000
6639.5,0.000000,0.000000
6640.5,0.000000,0.000000
6641.5,0.000000,0.000000
6642.5,0.000000,0.000000
6643.5,0.000000,0.000000
6644.5,0.000000,0.000000
6645.5,0.000000,0.000000
6646.5,0.000000,0.000000
6647.5,0.000000,0.000000
6648.5,0.000000,0.000000
6649.5,0.000000,0.000000
6650.5,0.000000,0.000000
6651.5,0.000000,0.000000
6652.5,0.000000,0.000000
6653.5,0.000000,0.000000
6654.5,0.000000,0.000000
6655.5,0.000000,0.000000
6656.5,0.000000,0.000000
6657.5,0.000000,0.000000
6658.5,0.000000,0.000000
6659.5,0.000000,0.000000
6660.5,0.000000,0.000000
6661.5,0.000000,0.000000
6662.5,0.000000,0.000000
6663.5,0.000000,0.000000
6664.5,0.000000,0.000000
6665.5,0.000000,0.000000
6666.5,0.000000,0.000000
6667.5,0.000000,0.000000
6668.5,0.000000,0.000000
6669.5,0.000000,0.000000
6670.5,0.000000,0.000000
6671.5,0.000000,0.000000
6672.5,0.000000,0.000000
6673.5,0.000000,0.000000
6674.5,0.000000,0.000000
6675.5,0.000000,0.000000
6676.5,0.000000,0.000000
6677.5,0.000000,0.000000
6678.5,0.000000,0.000000
6679.5,0.000000,0.000000
6680.5,0.000000,0.000000
6681.5,0.000000,0.000000
6682.5,0.000000,0.000000
6683.5,0.000000,0.000000
6684.5,0.000000,0.000000
6685.5,0.000000,0.000000
6686.5,0.000000,0.000000
6687.5,0.000000,0.000000
6688.5,0.000000,0.000000
6689.5,0.000000,0.000000
6690.5,0.000000,0.000000
6691.5,0.000000,0.000000
6692.5,0.000000,0.000000
6693.5,0.000000,0.000000
6694.5,0.000000,0.000000
6695.5,0.000000,0.000000
6696.5,0.000000,0.000000
6697.5,0.000000,0.000000
6698.5,0.000000,0.000000
6699.5,0.000000,0.000000
6700.5,0.000000,0.000000
6701.5,0.000000,0.000000
6702.5,0.000000,0.000000
6703.5,0.000000,0.000000
6704.5,0.000000,0.000000
6705.5,0.000000,0.000000
6706.5,0.000000,0.000000
6707.5,0.000000,0.000000
6708.5,0.000000,0.000000
6709.5,0.000000,0.000000
6710.5,0.000000,0.000000
6711.5,0.000000,0.000000
6712.5,0.000000,0.000000
6713.5,0.000000,0.000000
6714.5,0.000000,0.000000
6715.5,0.000000,0.000000
6716.5,0.000000,0.000000
6717.5,0.000000,0.000000
6718.5,0.000000,0.000000
6719.5,0.000000,0.000000
6720.5,0.000000,0.000000
6721.5,0.000000,0.000000
6722.5,0.000000,0.000000
6723.5,0.000000,0.000000
6724.5,0.000000,0.000000
6725.5,0.000000,0.000000
6726.5,0.000000,0.000000
6727.5,0.000000,0.000000
6728.5,0.000000,0.000000
6729.5,0.000000,0.000000
6730.5,0.000000,0.000000
6731.5,0.000000,0.000000
6732.5,0.000000,0.000000
6733.5,0.000000,0.000000
6734.5,0.000000,0.000000
6735.5,0.000000,0.000000
6736.5,0.000000,0.000000
6737.5,0.000000,0.000000
6738.5,0.000000,0.000000
6739.5,0.000000,0.000000
6740.5,0.000000,0.000000
6741.5,0.000000,0.000000
6742.5,0.000000,0.000000
6743.5,0.000000,0.000000
6744.5,0.000000,0.000000
6745.5,0.000000,0.000000
6746.5,0.000000,0.000000
6747.5,0.000000,0.000000
6748.5,0.000000,0.000000
6749.5,0.000000,0.000000
6750.5,0.000000,0.000000
6751.5,0.000000,0.000000
6752.5,0.000000,0.000000
6753.5,0.000000,0.000000
6754.5,0.000000,0.000000
6755.5,0.000000,0.000000
6756.5,0.000000,0.000000
6757.5,0.000000,0.000000
6758.5,0.000000,0.000000
6759.5,0.000000,0.000000
6760.5,0.000000,0.000000
6761.5,0.000000,0.000000
6762.5,0.000000,0.000000
6763.5,0.000000,0.000000
6764.5,0.000000,0.000000
6765.5,0.000000,0.000000
6766.5,0.000000,0.000000
6767.5,0.000000,0.000000
6768.5,0.000000,0.000000
6769.5,0.000000,0.000000
6770.5,0.000000,0.000000
6771.5,0.000000,0.000000
6772.5,0.000000,0.000000
6773.5,0.000000,0.000000
6774.5,0.000000,0.000000
6775.5,0.000000,0.000000
6776.5,0.000000,0.000000
6777.5,0.000000,0.000000
6778.5,0.000000,0.000000
6779.5,0.000000,0.000000
6780.5,0.000000,0.000000
6781.5,0.000000,0.000000
6782.5,0.000000,0.000000
6783.5,0.000000,0.000000
6784.5,0.000000,0.000000
6785.5,0.000000,0.000000
6786.5,0.000000,0.000000
6787.5,0.000000,0.000000
6788.5,0.000000,0.000000
6789.5,0.000000,0.000000
6790.5,0.000000,0.000000
6791.5,0.000000,0.000000
6792.5,0.000000,0.000000
6793.5,0.000000,0.000000
6794.5,0.000000,0.000000
6795.5,0.000000,0.000000
6796.5,0.000000,0.000000
6797.5,0.000000,0.000000
6798.5,0.000000,0.000000
6799.5,0.000000,0.000000
6800.5,0.000000,0.000000
6801.5,0.000000,0.000000
6802.5,0.000000,0.000000
6803.5,0.000000,0.000000
6804.5,0.000000,0.000000
6805.5,0.000000,0.000000
6806.5,0.000000,0.000000
6807.5,0.000000,0.000000
6808.5,0.000000,0.000000
6809.5,0.000000,0.000000
6810.5,0.000000,0.000000
6811.5,0.000000,0.000000
6812.5,0.000000,0.000000
6813.5,0.000000,0.000000
6814.5,0.000000,0.000000
6815.5,0.000000,0.000000
6816.5,0.000000,0.000000
6817.5,0.000000,0.000000
6818.5,0.000000,0.000000
6819.5,0.000000,0.000000
6820.5,0.000000,0.000000
6821.5,0.000000,0.000000
6822.5,0.000000,0.000000
6823.5,0.000000,0.000000
6824.5,0.000000,0.000000
6825.5,0.000000,0.000000
6826.5,0.000000,0.000000
6827.5,0.000000,0.000000
6828.5,0.000000,0.000000
6829.5,0.000000,0.000000
6830.5,0.000000,0.000000
6831.5,0.000000,0.000000
6832.5,0.000000,0.000000
6833.5,0.000000,0.000000
6834.5,0.000000,0.000000
6835.5,0.000000,0.000000
6836.5,0.000000,0.000000
6837.5,0.000000,0.000000
6838.5,0.000000,0.000000
6839.5,0.000000,0.000000
6840.5,0.000000,0.000000
6841.5,0.000000,0.000000
6842.5,0.000000,0.000000
6843.5,0.000000,0.000000
6844.5,0.000000,0.000000
6845.5,0.000000,0.000000
6846.5,0.000000,0.000000
6847.5,0.000000,0.000000
6848.5,0.000000,0.000000
6849.5,0.000000,0.000000
6850.5,0.000000,0.000000
6851.5,0.000000,0.000000
6852.5,0.000000,0.000000
6853.5,0.000000,0.000000
6854.5,0.000000,0.000000
6855.5,0.000000,0.000000
6856.5,0.000000,0.000000
6857.5,0.000000,0.000000
6858.5,0.000000,0.000000
6859.5,0.000000,0.000000
6860.5,0.000000,0.000000
6861.5,0.000000,0.000000
6862.5,0.000000,0.000000
6863.5,0.000000,0.000000
6864.5,0.000000,0.000000
6865.5,0.000000,0.000000
6866.5,0.000000,0.000000
6867.5,0.000000,0.000000
6868.5,0.000000,0.000000
6869.5,0.000000,0.000000
6870.5,0.000000,0.000000
6871.5,0.000000,0.000000
6872.5,0.000000,0.000000
6873.5,0.000000,0.000000
6874.5,0.000000,0.000000
6875.5,0.000000,0.000000
6876.5,0.000000,0.000000
6877.5,0.000000,0.000000
6878.5,0.000000,0.000000
6879.5,0.000000,0.000000
6880.5,0.000000,0.000000
6881.5,0.000000,0.000000
6882.5,0.000000,0.000000
6883.5,0.000000,0.000000
6884.5,0.000000,0.000000
6885.5,0.000000,0.000000
6886.5,0.000000,0.000000
6887.5,0.000000,0.000000
6888.5,0.000000,0.000000
6889.5,0.000000,0.000000
6890.5,0.000000,0.000000
6891.5,0.000000,0.000000
6892.5,0.000000,0.000000
6893.5,0.000000,0.000000
6894.5,0.000000,0.000000
6895.5,0.000000,0.000000
6896.5,0.000000,0.000000
6897.5,0.000000,0.000000
6898.5,0.000000,0.000000
6899.5,0.000000,0.000000
6900.5,0.000000,0.000000
6901.5,0.000000,0.000000
6902.5,0.000000,0.000000
6903.5,0.000000,0.000000
6904.5,0.000000,0.000000
6905.5,0.000000,0.000000
6906.5,0.000000,0.000000
6907.5,0.000000,0.000000
6908.5,0.000000,0.000000
6909.5,0.000000,0.000000
6910.5,0.000000,0.000000
6911.5,0.000000,0.000000
6912.5,0.000000,0.000000
6913.5,0.000000,0.000000
6914.5,0.000000,0.000000
6915.5,0.000000,0.000000
6916.5,0.000000,0.000000
6917.5,0.000000,0.000000
6918.5,0.000000,0.000000
6919.5,0.000000,0.000000
6920.5,0.000000,0.000000
6921.5,0.000000,0.000000
6922.5,0.000000,0.000000
6923.5,0.000000,0.000000
6924.5,0.000000,0.000000
6925.5,0.000000,0.000000
6926.5,0.000000,0.000000
6927.5,0.000000,0.000000
6928.5,0.000000,0.000000
6929.5,0.000000,0.000000
6930.5,0.000000,0.000000
6931.5,0.000000,0.000000
6932.5,0.000000,0.000000
6933.5,0.000000,0.000000
6934.5,0.000000,0.000000
6935.5,0.000000,0.000000
6936.5,0.000000,0.000000
6937.5,0.000000,0.000000
6938.5,0.000000,0.000000
6939.5,0.000000,0.000000
6940.5,0.000000,0.000000
6941.5,0.000000,0.000000
6942.5,0.000000,0.000000
6943.5,0.000000,0.000000
6944.5,0.000000,0.000000
6945.5,0.000000,0.000000
6946.5,0.000000,0.000000
6947.5,0.000000,0.000000
6948.5,0.000000,0.000000
6949.5,0.000000,0.000000
6950.5,0.000000,0.000000
6951.5,0.000000,0.000000
6952.5,0.000000,0.000000
6953.5,0.000000,0.000000
6954.5,0.000000,0.000000
6955.5,0.000000,0.000000
6956.5,0.000000,0.000000
6957.5,0.000000,0.000000
6958.5,0.000000,0.000000
6959.5,0.000000,0.000000
6960.5,0.000000,0.000000
6961.5,0.000000,0.000000
6962.5,0.000000,0.000000
6963.5,0.000000,0.000000
6964.5,0.000000,0.000000
6965.5,0.000000,0.000000
6966.5,0.000000,0.000000
6967.5,0.000000,0.000000
6968.5,0.000000,0.000000
6969.5,0.000000,0.000000
6970.5,0.000000,0.000000
6971.5,0.000000,0.000000
6972.5,0.000000,0.000000
6973.5,0.000000,0.000000
6974.5,0.000000,0.000000
6975.5,0.000000,0.000000
6976.5,0.000000,0.000000
6977.5,0.000000,0.000000
6978.5,0.000000,0.000000
6979.5,0.000000,0.000000
6980.5,0.000000,0.000000
6981.5,0.000000,0.000000
6982.5,0.000000,0.000000
6983.5,0.000000,0.000000
6984.5,0.000000,0.000000
6985.5,0.000000,0.000000
6986.5,0.000000,0.000000
6987.5,0.000000,0.000000
6988.5,0.000000,0.000000
6989.5,0.000000,0.000000
6990.5,0.000000,0.000000
6991.5,0.000000,0.000000
6992.5,0.000000,0.000000
6993.5,0.000000,0.000000
6994.5,0.000000,0.000000
6995.5,0.000000,0.000000
6996.5,0.000000,0.000000
6997.5,0.000000,0.000000
6998.5,0.000000,0.000000
6999.5,0.000000,0.000000
7000.5,0.000000,0.000000
7001.5,0.000000,0.000000
7002.5,0.000000,0.000000
7003.5,0.000000,0.000000
7004.5,0.000000,0.000000
7005.5,0.000000,0.000000
7006.5,0.000000,0.000000
7007.5,0.000000,0.000000
7008.5,0.000000,0.000000
7009.5,0.000000,0.000000
7010.5,0.000000,0.000000
7011.5,0.000000,0.000000
7012.5,0.000000,0.000000
7013.5,0.000000,0.000000
7014.5,0.000000,0.000000
7015.5,0.000000,0.000000
7016.5,0.000000,0.000000
7017.5,0.000000,0.000000
7018.5,0.000000,0.000000
7019.5,0.000000,0.000000
7020.5,0.000000,0.000000
7021.5,0.000000,0.000000
7022.5,0.000000,0.000000
7023.5,0.000000,0.000000
7024.5,0.000000,0.000000
7025.5,0.000000,0.000000
7026.5,0.000000,0.000000
7027.5,0.000000,0.000000
7028.5,0.000000,0.000000
7029.5,0.000000,0.000000
7030.5,0.000000,0.000000
7031.5,0.000000,0.000000
7032.5,0.000000,0.000000
7033.5,0.000000,0.000000
7034.5,0.000000,0.000000
7035.5,0.000000,0.000000
7036.5,0.000000,0.000000
7037.5,0.000000,0.000000
7038.5,0.000000,0.000000
7039.5,0.000000,0.000000
7040.5,0.000000,0.000000
7041.5,0.000000,0.000000
7042.5,0.000000,0.000000
7043.5,0.000000,0.000000
7044.5,0.000000,0.000000
7045.5,0.000000,0.000000
7046.5,0.000000,0.000000
7047.5,0.000000,0.000000
7048.5,0.000000,0.000000
7049.5,0.000000,0.000000
7050.5,0.000000,0.000000
7051.5,0.000000,0.000000
7052.5,0.000000,0.000000
7053.5,0.000000,0.000000
7054.5,0.000000,0.000000
7055.5,0.000000,0.000000
7056.5,0.000000,0.000000
7057.5,0.000000,0.000000
7058.5,0.000000,0.000000
7059.5,0.000000,0.000000
7060.5,0.000000,0.000000
7061.5,0.000000,0.000000
7062.5,0.000000,0.000000
7063.5,0.000000,0.000000
7064.5,0.000000,0.000000
7065.5,0.000000,0.000000
7066.5,0.000000,0.000000
7067.5,0.000000,0.000000
7068.5,0.000000,0.000000
7069.5,0.000000,0.000000
7070.5,0.000000,0.000000
7071.5,0.000000,0.000000
7072.5,0.000000,0.000000
7073.5,0.000000,0.000000
7074.5,0.000000,0.000000
7075.5,0.000000,0.000000
7076.5,0.000000,0.000000
7077.5,0.000000,0.000000
7078.5,0.000000,0.000000
7079.5,0.000000,0.000000
7080.5,0.000000,0.000000
7081.5,0.000000,0.000000
7082.5,0.000000,0.000000
7083.5,0.000000,0.000000
7084.5,0.000000,0.000000
7085.5,0.000000,0.000000
7086.5,0.000000,0.000000
7087.5,0.000000,0.000000
7088.5,0.000000,0.000000
7089.5,0.000000,0.000000
7090.5,0.000000,0.000000
7091.5,0.000000,0.000000
7092.5,0.000000,0.000000
7093.5,0.000000,0.000000
7094.5,0.000000,0.000000
7095.5,0.000000,0.000000
7096.5,0.000000,0.000000
7097.5,0.000000,0.000000
7098.5,0.000000,0.000000
7099.5,0.000000,0.000000
7100.5,0.000000,0.000000
7101.5,0.000000,0.000000
7102.5,0.000000,0.000000
7103.5,0.000000,0.000000
7104.5,0.000000,0.000000
7105.5,0.000000,0.000000
7106.5,0.000000,0.000000
7107.5,0.000000,0.000000
7108.5,0.000000,0.000000
7109.5,0.000000,0.000000
7110.5,0.000000,0.000000
7111.5,0.000000,0.000000
7112.5,0.000000,0.000000
7113.5,0.000000,0.000000
7114.5,0.000000,0.000000
7115.5,0.000000,0.000000
7116.5,0.000000,0.000000
7117.5,0.000000,0.000000
7118.5,0.000000,0.000000
7119.5,0.000000,0.000000
7120.5,0.000000,0.000000
7121.5,0.000000,0.000000
7122.5,0.000000,0.000000
7123.5,0.000000,0.000000
7124.5,0.000000,0.000000
7125.5,0.000000,0.000000
7126.5,0.000000,0.000000
7127.5,0.000000,0.000000
7128.5,0.000000,0.000000
7129.5,0.000000,0.000000
7130.5,0.000000,0.000000
7131.5,0.000000,0.000000
7132.5,0.000000,0.000000
7133.5,0.000000,0.000000
7134.5,0.000000,0.000000
7135.5,0.000000,0.000000
7136.5,0.000000,0.000000
7137.5,0.000000,0.000000
7138.5,0.000000,0.000000
7139.5,0.000000,0.000000
7140.5,0.000000,0.000000
7141.5,0.000000,0.000000
7142.5,0.000000,0.000000
7143.5,0.000000,0.000000
7144.5,0.000000,0.000000
7145.5,0.000000,0.000000
7146.5,0.000000,0.000000
7147.5,0.000000,0.000000
7148.5,0.000000,0.000000
7149.5,0.000000,0.000000
7150.5,0.000000,0.000000
7151.5,0.000000,0.000000
7152.5,0.000000,0.000000
7153.5,0.000000,0.000000
7154.5,0.000000,0.000000
7155.5,0.000000,0.000000
7156.5,0.000000,0.000000
7157.5,0.000000,0.000000
7158.5,0.000000,0.000000
7159.5,0.000000,0.000000
7160.5,0.000000,0.000000
7161.5,0.000000,0.000000
7162.5,0.000000,0.000000
7163.5,0.000000,0.000000
7164.5,0.000000,0.000000
7165.5,0.000000,0.000000
7166.5,0.000000,0.000000
7167.5,0.000000,0.000000
7168.5,0.000000,0.000000
7169.5,0.000000,0.000000
7170.5,0.000000,0.000000
7171.5,0.000000,0.000000
7172.5,0.000000,0.000000
7173.5,0.000000,0.000000
7174.5,0.000000,0.000000
7175.5,0.000000,0.000000
7176.5,0.000000,0.000000
7177.5,0.000000,0.000000
7178.5,0.000000,0.000000
7179.5,0.000000,0.000000
7180.5,0.000000,0.000000
7181.5,0.000000,0.000000
7182.5,0.000000,0.000000
7183.5,0.000000,0.000000
7184.5,0.000000,0.000000
7185.5,0.000000,0.000000
7186.5,0.000000,0.000000
7187.5,0.000000,0.000000
7188.5,0.000000,0.000000
7189.5,0.000000,0.000000
7190.5,0.000000,0.000000
7191.5,0.000000,0.000000
7192.5,0.000000,0.000000
7193.5,0.000000,0.000000
7194.5,0.000000,0.000000
7195.5,0.000000,0.000000
7196.5,0.000000,0.000000
7197.5,0.000000,0.000000
7198.5,0.000000,0.000000
7199.5,0.000000,0.000000
7200.5,0.000000,0.000000
7201.5,0.000000,0.000000
7202.5,0.000000,0.000000
7203.5,0.000000,0.000000
7204.5,0.000000,0.000000
7205.5,0.000000,0.000000
7206.5,0.000000,0.000000
7207.5,0.000000,0.000000
7208.5,0.000000,0.000000
7209.5,0.000000,0.000000
7210.5,0.000000,0.000000
7211.5,0.000000,0.000000
7212.5,0.000000,0.000000
7213.5,0.000000,0.000000
7214.5,0.000000,0.000000
7215.5,0.000000,0.000000
7216.5,0.000000,0.000000
7217.5,0.000000,0.000000
7218.5,0.000000,0.000000
7219.5,0.000000,0.000000
7220.5,0.000000,0.000000
7221.5,0.000000,0.000000
7222.5,0.000000,0.000000
7223.5,0.000000,0.000000
7224.5,0.000000,0.000000
7225.5,0.000000,0.000000
7226.5,0.000000,0.000000
7227.5,0.000000,0.000000
7228.5,0.000000,0.000000
7229.5,0.000000,0.000000
7230.5,0.000000,0.000000
7231.5,0.000000,0.000000
7232.5,0.000000,0.000000
7233.5,0.000000,0.000000
7234.5,0.000000,0.000000
7235.5,0.000000,0.000000
7236.5,0.000000,0.000000
7237.5,0.000000,0.000000
7238.5,0.000000,0.000000
7239.5,0.000000,0.000000
7240.5,0.000000,0.000000
7241.5,0.000000,0.000000
7242.5,0.000000,0.000000
7243.5,0.000000,0.000000
7244.5,0.000000,0.000000
7245.5,0.000000,0.000000
7246.5,0.000000,0.000000
7247.5,0.000000,0.000000
7248.5,0.000000,0.000000
7249.5,0.000000,0.000000
7250.5,0.000000,0.000000
7251.5,0.000000,0.000000
7252.5,0.000000,0.000000
7253.5,0.000000,0.000000
7254.5,0.000000,0.000000
7255.5,0.000000,0.000000
7256.5,0.000000,0.000000
7257.5,0.000000,0.000000
7258.5,0.000000,0.000000
7259.5,0.000000,0.000000
7260.5,0.000000,0.000000
7261.5,0.000000,0.000000
7262.5,0.000000,0.000000
7263.5,0.000000,0.000000
7264.5,0.000000,0.000000
7265.5,0.000000,0.000000
7266.5,0.000000,0.000000
7267.5,0.000000,0.000000
7268.5,0.000000,0.000000
7269.5,0.000000,0.000000
7270.5,0.000000,0.000000
7271.5,0.000000,0.000000
7272.5,0.000000,0.000000
7273.5,0.000000,0.000000
7274.5,0.000000,0.000000
7275.5,0.000000,0.000000
7276.5,0.000000,0.000000
7277.5,0.000000,0.000000
7278.5,0.000000,0.000000
7279.5,0.000000,0.000000
7280.5,0.000000,0.000000
7281.5,0.000000,0.000000
7282.5,0.000000,0.000000
7283.5,0.000000,0.000000
7284.5,0.000000,0.000000
7285.5,0.000000,0.000000
7286.5,0.000000,0.000000
7287.5,0.000000,0.000000
7288.5,0.000000,0.000000
7289.5,0.000000,0.000000
7290.5,0.000000,0.000000
7291.5,0.000000,0.000000
7292.5,0.000000,0.000000
7293.5,0.000000,0.000000
7294.5,0.000000,0.000000
7295.5,0.000000,0.000000
7296.5,0.000000,0.000000
7297.5,0.000000,0.000000
7298.5,0.000000,0.000000
7299.5,0.000000,0.000000
7300.5,0.000000,0.000000
7301.5,0.000000,0.000000
7302.5,0.000000,0.000000
7303.5,0.000000,0.000000
7304.5,0.000000,0.000000
7305.5,0.000000,0.000000
7306.5,0.000000,0.000000
7307.5,0.000000,0.000000
7308.5,0.000000,0.000000
7309.5,0.000000,0.000000
7310.5,0.000000,0.000000
7311.5,0.000000,0.000000
7312.5,0.000000,0.000000
7313.5,0.000000,0.000000
7314.5,0.000000,0.000000
7315.5,0.000000,0.000000
7316.5,0.000000,0.000000
7317.5,0.000000,0.000000
7318.5,0.000000,0.000000
7319.5,0.000000,0.000000
7320.5,0.000000,0.000000
7321.5,0.000000,0.000000
7322.5,0.000000,0.000000
7323.5,0.000000,0.000000
7324.5,0.000000,0.000000
7325.5,0.000000,0.000000
7326.5,0.000000,0.000000
7327.5,0.000000,0.000000
7328.5,0.000000,0.000000
7329.5,0.000000,0.000000
7330.5,0.000000,0.000000
7331.5,0.000000,0.000000
7332.5,0.000000,0.000000
7333.5,0.000000,0.000000
7334.5,0.000000,0.000000
7335.5,0.000000,0.000000
7336.5,0.000000,0.000000
7337.5,0.000000,0.000000
7338.5,0.000000,0.000000
7339.5,0.000000,0.000000
7340.5,0.000000,0.000000
7341.5,0.000000,0.000000
7342.5,0.000000,0.000000
7343.5,0.000000,0.000000
7344.5,0.000000,0.000000
7345.5,0.000000,0.000000
7346.5,0.000000,0.000000
7347.5,0.000000,0.000000
7348.5,0.000000,0.000000
7349.5,0.000000,0.000000
7350.5,0.000000,0.000000
7351.5,0.000000,0.000000
7352.5,0.000000,0.000000
7353.5,0.000000,0.000000
7354.5,0.000000,0.000000
7355.5,0.000000,0.000000
7356.5,0.000000,0.000000
7357.5,0.000000,0.000000
7358.5,0.000000,0.000000
7359.5,0.000000,0.000000
7360.5,0.000000,0.000000
7361.5,0.000000,0.000000
7362.5,0.000000,0.000000
7363.5,0.000000,0.000000
7364.5,0.000000,0.000000
7365.5,0.000000,0.000000
7366.5,0.000000,0.000000
7367.5,0.000000,0.000000
7368.5,0.000000,0.000000
7369.5,0.000000,0.000000
7370.5,0.000000,0.000000
7371.5,0.000000,0.000000
7372.5,0.000000,0.000000
7373.5,0.000000,0.000000
7374.5,0.000000,0.000000
7375.5,0.000000,0.000000
7376.5,0.000000,0.000000
7377.5,0.000000,0.000000
7378.5,0.000000,0.000000
7379.5,0.000000,0.000000
7380.5,0.000000,0.000000
7381.5,0.000000,0.000000
7382.5,0.000000,0.000000
7383.5,0.000000,0.000000
7384.5,0.000000,0.000000
7385.5,0.000000,0.000000
7386.5,0.000000,0.000000
7387.5,0.000000,0.000000
7388.5,0.000000,0.000000
7389.5,0.000000,0.000000
7390.5,0.000000,0.000000
7391.5,0.000000,0.000000
7392.5,0.000000,0.000000
7393.5,0.000000,0.000000
7394.5,0.000000,0.000000
7395.5,0.000000,0.000000
7396.5,0.000000,0.000000
7397.5,0.000000,0.000000
7398.5,0.000000,0.000000
7399.5,0.000000,0.000000
7400.5,0.000000,0.000000
7401.5,0.000000,0.000000
7402.5,0.000000,0.000000
7403.5,0.000000,0.000000
7404.5,0.000000,0.000000
7405.5,0.000000,0.000000
7406.5,0.000000,0.000000
7407.5,0.000000,0.000000
7408.5,0.000000,0.000000
7409.5,0.000000,0.000000
7410.5,0.000000,0.000000
7411.5,0.000000,0.000000
7412.5,0.000000,0.000000
7413.5,0.000000,0.000000
7414.5,0.000000,0.000000
7415.5,0.000000,0.000000
7416.5,0.000000,0.000000
7417.5,0.000000,0.000000
7418.5,0.000000,0.000000
7419.5,0.000000,0.000000
7420.5,0.000000,0.000000
7421.5,0.000000,0.000000
7422.5,0.000000,0.000000
7423.5,0.000000,0.000000
7424.5,0.000000,0.000000
7425.5,0.000000,0.000000
7426.5,0.000000,0.000000
7427.5,0.000000,0.000000
7428.5,0.000000,0.000000
7429.5,0.000000,0.000000
7430.5,0.000000,0.000000
7431.5,0.000000,0.000000
7432.5,0.000000,0.000000
7433.5,0.000000,0.000000
7434.5,0.000000,0.000000
7435.5,0.000000,0.000000
7436.5,0.000000,0.000000
7437.5,0.000000,0.000000
7438.5,0.000000,0.000000
7439.5,0.000000,0.000000
7440.5,0.000000,0.000000
7441.5,0.000000,0.000000
7442.5,0.000000,0.000000
7443.5,0.000000,0.000000
7444.5,0.000000,0.000000
7445.5,0.000000,0.000000
7446.5,0.000000,0.000000
7447.5,0.000000,0.000000
7448.5,0.000000,0.000000
7449.5,0.000000,0.000000
7450.5,0.000000,0.000000
7451.5,0.000000,0.000000
7452.5,0.000000,0.000000
7453.5,0.000000,0.000000
7454.5,0.000000,0.000000
7455.5,0.000000,0.000000
7456.5,0.000000,0.000000
7457.5,0.000000,0.000000
7458.5,0.000000,0.000000
7459.5,0.000000,0.000000
7460.5,0.000000,0.000000
7461.5,0.000000,0.000000
7462.5,0.000000,0.000000
7463.5,0.000000,0.000000
7464.5,0.000000,0.000000
7465.5,0.000000,0.000000
7466.5,0.000000,0.000000
7467.5,0.000000,0.000000
7468.5,0.000000,0.000000
7469.5,0.000000,0.000000
7470.5,0.000000,0.000000
7471.5,0.000000,0.000000
7472.5,0.000000,0.000000
7473.5,0.000000,0.000000
7474.5,0.000000,0.000000
7475.5,0.000000,0.000000
7476.5,0.000000,0.000000
7477.5,0.000000,0.000000
7478.5,0.000000,0.000000
7479.5,0.000000,0.000000
7480.5,0.000000,0.000000
7481.5,0.000000,0.000000
7482.5,0.000000,0.000000
7483.5,0.000000,0.000000
7484.5,0.000000,0.000000
7485.5,0.000000,0.000000
7486.5,0.000000,0.000000
7487.5,0.000000,0.000000
7488.5,0.000000,0.000000
7489.5,0.000000,0.000000
7490.5,0.000000,0.000000
7491.5,0.000000,0.000000
7492.5,0.000000,0.000000
7493.5,0.000000,0.000000
7494.5,0.000000,0.000000
7495.5,0.000000,0.000000
7496.5,0.000000,0.000000
7497.5,0.000000,0.000000
7498.5,0.000000,0.000000
7499.5,0.000000,0.000000
7500.5,0.000000,0.000000
7501.5,0.000000,0.000000
7502.5,0.000000,0.000000
7503.5,0.000000,0.000000
7504.5,0.000000,0.000000
7505.5,0.000000,0.000000
7506.5,0.000000,0.000000
7507.5,0.000000,0.000000
7508.5,0.000000,0.000000
7509.5,0.000000,0.000000
7510.5,0.000000,0.000000
7511.5,0.000000,0.000000
7512.5,0.000000,0.000000
7513.5,0.000000,0.000000
7514.5,0.000000,0.000000
7515.5,0.000000,0.000000
7516.5,0.000000,0.000000
7517.5,0.000000,0.000000
7518.5,0.000000,0.000000
7519.5,0.000000,0.000000
7520.5,0.000000,0.000000
7521.5,0.000000,0.000000
7522.5,0.000000,0.000000
7523.5,0.000000,0.000000
7524.5,0.000000,0.000000
7525.5,0.000000,0.000000
7526.5,0.000000,0.000000
7527.5,0.000000,0.000000
7528.5,0.000000,0.000000
7529.5,0.000000,0.000000
7530.5,0.000000,0.000000
7531.5,0.000000,0.000000
7532.5,0.000000,0.000000
7533.5,0.000000,0.000000
7534.5,0.000000,0.000000
7535.5,0.000000,0.000000
7536.5,0.000000,0.000000
7537.5,0.000000,0.000000
7538.5,0.000000,0.000000
7539.5,0.000000,0.000000
7540.5,0.000000,0.000000
7541.5,0.000000,0.000000
7542.5,0.000000,0.000000
7543.5,0.000000,0.000000
7544.5,0.000000,0.000000
7545.5,0.000000,0.000000
7546.5,0.000000,0.000000
7547.5,0.000000,0.000000
7548.5,0.000000,0.000000
7549.5,0.000000,0.000000
7550.5,0.000000,0.000000
7551.5,0.000000,0.000000
7552.5,0.000000,0.000000
7553.5,0.000000,0.000000
7554.5,0.000000,0.000000
7555.5,0.000000,0.000000
7556.5,0.000000,0.000000
7557.5,0.000000,0.000000
7558.5,0.000000,0.000000
7559.5,0.000000,0.000000
7560.5,0.000000,0.000000
7561.5,0.000000,0.000000
7562.5,0.000000,0.000000
7563.5,0.000000,0.000000
7564.5,0.000000,0.000000
7565.5,0.000000,0.000000
7566.5,0.000000,0.000000
7567.5,0.000000,0.000000
7568.5,0.000000,0.000000
7569.5,0.000000,0.000000
7570.5,0.000000,0.000000
7571.5,0.000000,0.000000
7572.5,0.000000,0.000000
7573.5,0.000000,0.000000
7574.5,0.000000,0.000000
7575.5,0.000000,0.000000
7576.5,0.000000,0.000000
7577.5,0.000000,0.000000
7578.5,0.000000,0.000000
7579.5,0.000000,0.000000
7580.5,0.000000,0.000000
7581.5,0.000000,0.000000
7582.5,0.000000,0.000000
7583.5,0.000000,0.000000
7584.5,0.000000,0.000000
7585.5,0.000000,0.000000
7586.5,0.000000,0.000000
7587.5,0.000000,0.000000
7588.5,0.000000,0.000000
7589.5,0.000000,0.000000
7590.5,0.000000,0.000000
7591.5,0.000000,0.000000
7592.5,0.000000,0.000000
7593.5,0.000000,0.000000
7594.5,0.000000,0.000000
7595.5,0.000000,0.000000
7596.5,0.000000,0.000000
7597.5,0.000000,0.000000
7598.5,0.000000,0.000000
7599.5,0.000000,0.000000
7600.5,0.000000,0.000000
7601.5,0.000000,0.000000
7602.5,0.000000,0.000000
7603.5,0.000000,0.000000
7604.5,0.000000,0.000000
7605.5,0.000000,0.000000
7606.5,0.000000,0.000000
7607.5,0.000000,0.000000
7608.5,0.000000,0.000000
7609.5,0.000000,0.000000
7610.5,0.000000,0.000000
7611.5,0.000000,0.000000
7612.5,0.000000,0.000000
7613.5,0.000000,0.000000
7614.5,0.000000,0.000000
7615.5,0.000000,0.000000
7616.5,0.000000,0.000000
7617.5,0.000000,0.000000
7618.5,0.000000,0.000000
7619.5,0.000000,0.000000
7620.5,0.000000,0.000000
7621.5,0.000000,0.000000
7622.5,0.000000,0.000000
7623.5,0.000000,0.000000
7624.5,0.000000,0.000000
7625.5,0.000000,0.000000
7626.5,0.000000,0.000000
7627.5,0.000000,0.000000
7628.5,0.000000,0.000000
7629.5,0.000000,0.000000
7630.5,0.000000,0.000000
7631.5,0.000000,0.000000
7632.5,0.000000,0.000000
7633.5,0.000000,0.000000
7634.5,0.000000,0.000000
7635.5,0.000000,0.000000
7636.5,0.000000,0.000000
7637.5,0.000000,0.000000
7638.5,0.000000,0.000000
7639.5,0.000000,0.000000
7640.5,0.000000,0.000000
7641.5,0.000000,0.000000
7642.5,0.000000,0.000000
7643.5,0.000000,0.000000
7644.5,0.000000,0.000000
7645.5,0.000000,0.000000
7646.5,0.000000,0.000000
7647.5,0.000000,0.000000
7648.5,0.000000,0.000000
7649.5,0.000000,0.000000
7650.5,0.000000,0.000000
7651.5,0.000000,0.000000
7652.5,0.000000,0.000000
7653.5,0.000000,0.000000
7654.5,0.000000,0.000000
7655.5,0.000000,0.000000
7656.5,0.000000,0.000000
7657.5,0.000000,0.000000
7658.5,0.000000,0.000000
7659.5,0.000000,0.000000
7660.5,0.000000,0.000000
7661.5,0.000000,0.000000
7662.5,0.000000,0.000000
7663.5,0.000000,0.000000
7664.5,0.000000,0.000000
7665.5,0.000000,0.000000
7666.5,0.000000,0.000000
7667.5,0.000000,0.000000
7668.5,0.000000,0.000000
7669.5,0.000000,0.000000
7670.5,0.000000,0.000000
7671.5,0.000000,0.000000
7672.5,0.000000,0.000000
7673.5,0.000000,0.000000
7674.5,0.000000,0.000000
7675.5,0.000000,0.000000
7676.5,0.000000,0.000000
7677.5,0.000000,0.000000
7678.5,0.000000,0.000000
7679.5,0.000000,0.000000
7680.5,0.000000,0.000000
7681.5,0.000000,0.000000
7682.5,0.000000,0.000000
7683.5,0.000000,0.000000
7684.5,0.000000,0.000000
7685.5,0.000000,0.000000
7686.5,0.000000,0.000000
7687.5,0.000000,0.000000
7688.5,0.000000,0.000000
7689.5,0.000000,0.000000
7690.5,0.000000,0.000000
7691.5,0.000000,0.000000
7692.5,0.000000,0.000000
7693.5,0.000000,0.000000
7694.5,0.000000,0.000000
7695.5,0.000000,0.000000
7696.5,0.000000,0.000000
7697.5,0.000000,0.000000
7698.5,0.000000,0.000000
7699.5,0.000000,0.000000
7700.5,0.000000,0.000000
7701.5,0.000000,0.000000
7702.5,0.000000,0.000000
7703.5,0.000000,0.000000
7704.5,0.000000,0.000000
7705.5,0.000000,0.000000
7706.5,0.000000,0.000000
7707.5,0.000000,0.000000
7708.5,0.000000,0.000000
7709.5,0.000000,0.000000
7710.5,0.000000,0.000000
7711.5,0.000000,0.000000
7712.5,0.000000,0.000000
7713.5,0.000000,0.000000
7714.5,0.000000,0.000000
7715.5,0.000000,0.000000
7716.5,0.000000,0.000000
7717.5,0.000000,0.000000
7718.5,0.000000,0.000000
7719.5,0.000000,0.000000
7720.5,0.000000,0.000000
7721.5,0.000000,0.000000
7722.5,0.000000,0.000000
7723.5,0.000000,0.000000
7724.5,0.000000,0.000000
7725.5,0.000000,0.000000
7726.5,0.000000,0.000000
7727.5,0.000000,0.000000
7728.5,0.000000,0.000000
7729.5,0.000000,0.000000
7730.5,0.000000,0.000000
7731.5,0.000000,0.000000
7732.5,0.000000,0.000000
7733.5,0.000000,0.000000
7734.5,0.000000,0.000000
7735.5,0.000000,0.000000
7736.5,0.000000,0.000000
7737.5,0.000000,0.000000
7738.5,0.000000,0.000000
7739.5,0.000000,0.000000
7740.5,0.000000,0.000000
7741.5,0.000000,0.000000
7742.5,0.000000,0.000000
7743.5,0.000000,0.000000
7744.5,0.000000,0.000000
7745.5,0.000000,0.000000
7746.5,0.000000,0.000000
7747.5,0.000000,0.000000
7748.5,0.000000,0.000000
7749.5,0.000000,0.000000
7750.5,0.000000,0.000000
7751.5,0.000000,0.000000
7752.5,0.000000,0.000000
7753.5,0.000000,0.000000
7754.5,0.000000,0.000000
7755.5,0.000000,0.000000
7756.5,0.000000,0.000000
7757.5,0.000000,0.000000
7758.5,0.000000,0.000000
7759.5,0.000000,0.000000
7760.5,0.000000,0.000000
7761.5,0.000000,0.000000
7762.5,0.000000,0.000000
7763.5,0.000000,0.000000
7764.5,0.000000,0.000000
7765.5,0.000000,0.000000
7766.5,0.000000,0.000000
7767.5,0.000000,0.000000
7768.5,0.000000,0.000000
7769.5,0.000000,0.000000
7770.5,0.000000,0.000000
7771.5,0.000000,0.000000
7772.5,0.000000,0.000000
7773.5,0.000000,0.000000
7774.5,0.000000,0.000000
7775.5,0.000000,0.000000
7776.5,0.000000,0.000000
7777.5,0.000000,0.000000
7778.5,0.000000,0.000000
7779.5,0.000000,0.000000
7780.5,0.000000,0.000000
7781.5,0.000000,0.000000
7782.5,0.000000,0.000000
7783.5,0.000000,0.000000
7784.5,0.000000,0.000000
7785.5,0.000000,0.000000
7786.5,0.000000,0.000000
7787.5,0.000000,0.000000
7788.5,0.000000,0.000000
7789.5,0.000000,0.000000
7790.5,0.000000,0.000000
7791.5,0.000000,0.000000
7792.5,0.000000,0.000000
7793.5,0.000000,0.000000
7794.5,0.000000,0.000000
7795.5,0.000000,0.000000
7796.5,0.000000,0.000000
7797.5,0.000000,0.000000
7798.5,0.000000,0.000000
7799.5,0.000000,0.000000
7800.5,0.000000,0.000000
7801.5,0.000000,0.000000
7802.5,0.000000,0.000000
7803.5,0.000000,0.000000
7804.5,0.000000,0.000000
7805.5,0.000000,0.000000
7806.5,0.000000,0.000000
7807.5,0.000000,0.000000
7808.5,0.000000,0.000000
7809.5,0.000000,0.000000
7810.5,0.000000,0.000000
7811.5,0.000000,0.000000
7812.5,0.000000,0.000000
7813.5,0.000000,0.000000
7814.5,0.000000,0.000000
7815.5,0.000000,0.000000
7816.5,0.000000,0.000000
7817.5,0.000000,0.000000
7818.5,0.000000,0.000000
7819.5,0.000000,0.000000
7820.5,0.000000,0.000000
7821.5,0.000000,0.000000
7822.5,0.000000,0.000000
7823.5,0.000000,0.000000
7824.5,0.000000,0.000000
7825.5,0.000000,0.000000
7826.5,0.000000,0.000000
7827.5,0.000000,0.000000
7828.5,0.000000,0.000000
7829.5,0.000000,0.000000
7830.5,0.000000,0.000000
7831.5,0.000000,0.000000
7832.5,0.000000,0.000000
7833.5,0.000000,0.000000
7834.5,0.000000,0.000000
7835.5,0.000000,0.000000
7836.5,0.000000,0.000000
7837.5,0.000000,0.000000
7838.5,0.000000,0.000000
7839.5,0.000000,0.000000
7840.5,0.000000,0.000000
7841.5,0.000000,0.000000
7842.5,0.000000,0.000000
7843.5,0.000000,0.000000
7844.5,0.000000,0.000000
7845.5,0.000000,0.000000
7846.5,0.000000,0.000000
7847.5,0.000000,0.000000
7848.5,0.000000,0.000000
7849.5,0.000000,0.000000
7850.5,0.000000,0.000000
7851.5,0.000000,0.000000
7852.5,0.000000,0.000000
7853.5,0.000000,0.000000
7854.5,0.000000,0.000000
7855.5,0.000000,0.000000
7856.5,0.000000,0.000000
7857.5,0.000000,0.000000
7858.5,0.000000,0.000000
7859.5,0.000000,0.000000
7860.5,0.000000,0.000000
7861.5,0.000000,0.000000
7862.5,0.000000,0.000000
7863.5,0.000000,0.000000
7864.5,0.000000,0.000000
7865.5,0.000000,0.000000
7866.5,0.000000,0.000000
7867.5,0.000000,0.000000
7868.5,0.000000,0.000000
7869.5,0.000000,0.000000
7870.5,0.000000,0.000000
7871.5,0.000000,0.000000
7872.5,0.000000,0.000000
7873.5,0.000000,0.000000
7874.5,0.000000,0.000000
7875.5,0.000000,0.000000
7876.5,0.000000,0.000000
7877.5,0.000000,0.000000
7878.5,0.000000,0.000000
7879.5,0.000000,0.000000
7880.5,0.000000,0.000000
7881.5,0.000000,0.000000
7882.5,0.000000,0.000000
7883.5,0.000000,0.000000
7884.5,0.000000,0.000000
7885.5,0.000000,0.000000
7886.5,0.000000,0.000000
7887.5,0.000000,0.000000
7888.5,0.000000,0.000000
7889.5,0.000000,0.000000
7890.5,0.000000,0.000000
7891.5,0.000000,0.000000
7892.5,0.000000,0.000000
7893.5,0.000000,0.000000
7894.5,0.000000,0.000000
7895.5,0.000000,0.000000
7896.5,0.000000,0.000000
7897.5,0.000000,0.000000
7898.5,0.000000,0.000000
7899.5,0.000000,0.000000
7900.5,0.000000,0.000000
7901.5,0.000000,0.000000
7902.5,0.000000,0.000000
7903.5,0.000000,0.000000
7904.5,0.000000,0.000000
7905.5,0.000000,0.000000
7906.5,0.000000,0.000000
7907.5,0.000000,0.000000
7908.5,0.000000,0.000000
7909.5,0.000000,0.000000
7910.5,0.000000,0.000000
7911.5,0.000000,0.000000
7912.5,0.000000,0.000000
7913.5,0.000000,0.000000
7914.5,0.000000,0.000000
7915.5,0.000000,0.000000
7916.5,0.000000,0.000000
7917.5,0.000000,0.000000
7918.5,0.000000,0.000000
7919.5,0.000000,0.000000
7920.5,0.000000,0.000000
7921.5,0.000000,0.000000
7922.5,0.000000,0.000000
7923.5,0.000000,0.000000
7924.5,0.000000,0.000000
7925.5,0.000000,0.000000
7926.5,0.000000,0.000000
7927.5,0.000000,0.000000
7928.5,0.000000,0.000000
7929.5,0.000000,0.000000
7930.5,0.000000,0.000000
7931.5,0.000000,0.000000
7932.5,0.000000,0.000000
7933.5,0.000000,0.000000
7934.5,0.000000,0.000000
7935.5,0.000000,0.000000
7936.5,0.000000,0.000000
7937.5,0.000000,0.000000
7938.5,0.000000,0.000000
7939.5,0.000000,0.000000
7940.5,0.000000,0.000000
7941.5,0.000000,0.000000
7942.5,0.000000,0.000000
7943.5,0.000000,0.000000
7944.5,0.000000,0.000000
7945.5,0.000000,0.000000
7946.5,0.000000,0.000000
7947.5,0.000000,0.000000
7948.5,0.000000,0.000000
7949.5,0.000000,0.000000
7950.5,0.000000,0.000000
7951.5,0.000000,0.000000
7952.5,0.000000,0.000000
7953.5,0.000000,0.000000
7954.5,0.000000,0.000000
7955.5,0.000000,0.000000
7956.5,0.000000,0.000000
7957.5,0.000000,0.000000
7958.5,0.000000,0.000000
7959.5,0.000000,0.000000
7960.5,0.000000,0.000000
7961.5,0.000000,0.000000
7962.5,0.000000,0.000000
7963.5,0.000000,0.000000
7964.5,0.000000,0.000000
7965.5,0.000000,0.000000
7966.5,0.000000,0.000000
7967.5,0.000000,0.000000
7968.5,0.000000,0.000000
7969.5,0.000000,0.000000
7970.5,0.000000,0.000000
7971.5,0.000000,0.000000
7972.5,0.000000,0.000000
7973.5,0.000000,0.000000
7974.5,0.000000,0.000000
7975.5,0.000000,0.000000
7976.5,0.000000,0.000000
7977.5,0.000000,0.000000
7978.5,0.000000,0.000000
7979.5,0.000000,0.000000
7980.5,0.000000,0.000000
7981.5,0.000000,0.000000
7982.5,0.000000,0.000000
7983.5,0.000000,0.000000
7984.5,0.000000,0.000000
7985.5,0.000000,0.000000
7986.5,0.000000,0.000000
7987.5,0.000000,0.000000
7988.5,0.000000,0.000000
7989.5,0.000000,0.000000
7990.5,0.000000,0.000000
7991.5,0.000000,0.000000
7992.5,0.000000,0.000000
7993.5,0.000000,0.000000
7994.5,0.000000,0.000000
7995.5,0.000000,0.000000
7996.5,0.000000,0.000000
7997.5,0.000000,0.000000
7998.5,0.000000,0.000000
7999.5,0.000000,0.000000
8000.5,0.000000,0.000000
8001.5,0.000000,0.000000
8002.5,0.000000,0.000000
8003.5,0.000000,0.000000
8004.5,0.000000,0.000000
8005.5,0.000000,0.000000
8006.5,0.000000,0.000000
8007.5,0.000000,0.000000
8008.5,0.000000,0.000000
8009.5,0.000000,0.000000
8010.5,0.000000,0.000000
8011.5,0.000000,0.000000
8012.5,0.000000,0.000000
8013.5,0.000000,0.000000
8014.5,0.000000,0.000000
8015.5,0.000000,0.000000
8016.5,0.000000,0.000000
8017.5,0.000000,0.000000
8018.5,0.000000,0.000000
8019.5,0.000000,0.000000
8020.5,0.000000,0.000000
8021.5,0.000000,0.000000
8022.5,0.000000,0.000000
8023.5,0.000000,0.000000
8024.5,0.000000,0.000000
8025.5,0.000000,0.000000
8026.5,0.000000,0.000000
8027.5,0.000000,0.000000
8028.5,0.000000,0.000000
8029.5,0.000000,0.000000
8030.5,0.000000,0.000000
8031.5,0.000000,0.000000
8032.5,0.000000,0.000000
8033.5,0.000000,0.000000
8034.5,0.000000,0.000000
8035.5,0.000000,0.000000
8036.5,0.000000,0.000000
8037.5,0.000000,0.000000
8038.5,0.000000,0.000000
8039.5,0.000000,0.000000
8040.5,0.000000,0.000000
8041.5,0.000000,0.000000
8042.5,0.000000,0.000000
8043.5,0.000000,0.000000
8044.5,0.000000,0.000000
8045.5,0.000000,0.000000
8046.5,0.000000,0.000000
8047.5,0.000000,0.000000
8048.5,0.000000,0.000000
8049.5,0.000000,0.000000
8050.5,0.000000,0.000000
8051.5,0.000000,0.000000
8052.5,0.000000,0.000000
8053.5,0.000000,0.000000
8054.5,0.000000,0.000000
8055.5,0.000000,0.000000
8056.5,0.000000,0.000000
8057.5,0.000000,0.000000
8058.5,0.000000,0.000000
8059.5,0.000000,0.000000
8060.5,0.000000,0.000000
8061.5,0.000000,0.000000
8062.5,0.000000,0.000000
8063.5,0.000000,0.000000
8064.5,0.000000,0.000000
8065.5,0.000000,0.000000
8066.5,0.000000,0.000000
8067.5,0.000000,0.000000
8068.5,0.000000,0.000000
8069.5,0.000000,0.000000
8070.5,0.000000,0.000000
8071.5,0.000000,0.000000
8072.5,0.000000,0.000000
8073.5,0.000000,0.000000
8074.5,0.000000,0.000000
8075.5,0.000000,0.000000
8076.5,0.000000,0.000000
8077.5,0.000000,0.000000
8078.5,0.000000,0.000000
8079.5,0.000000,0.000000
8080.5,0.000000,0.000000
8081.5,0.000000,0.000000
8082.5,0.000000,0.000000
8083.5,0.000000,0.000000
8084.5,0.000000,0.000000
8085.5,0.000000,0.000000
8086.5,0.000000,0.000000
8087.5,0.000000,0.000000
8088.5,0.000000,0.000000
8089.5,0.000000,0.000000
8090.5,0.000000,0.000000
8091.5,0.000000,0.000000
8092.5,0.000000,0.000000
8093.5,0.000000,0.000000
8094.5,0.000000,0.000000
8095.5,0.000000,0.000000
8096.5,0.000000,0.000000
8097.5,0.000000,0.000000
8098.5,0.000000,0.000000
8099.5,0.000000,0.000000
8100.5,0.000000,0.000000
8101.5,0.000000,0.000000
8102.5,0.000000,0.000000
8103.5,0.000000,0.000000
8104.5,0.000000,0.000000
8105.5,0.000000,0.000000
8106.5,0.000000,0.000000
8107.5,0.000000,0.000000
8108.5,0.000000,0.000000
8109.5,0.000000,0.000000
8110.5,0.000000,0.000000
8111.5,0.000000,0.000000
8112.5,0.000000,0.000000
8113.5,0.000000,0.000000
8114.5,0.000000,0.000000
8115.5,0.000000,0.000000
8116.5,0.000000,0.000000
8117.5,0.000000,0.000000
8118.5,0.000000,0.000000
8119.5,0.000000,0.000000
8120.5,0.000000,0.000000
8121.5,0.000000,0.000000
8122.5,0.000000,0.000000
8123.5,0.000000,0.000000
8124.5,0.000000,0.000000
8125.5,0.000000,0.000000
8126.5,0.000000,0.000000
8127.5,0.000000,0.000000
8128.5,0.000000,0.000000
8129.5,0.000000,0.000000
8130.5,0.000000,0.000000
8131.5,0.000000,0.000000
8132.5,0.000000,0.000000
8133.5,0.000000,0.000000
8134.5,0.000000,0.000000
8135.5,0.000000,0.000000
8136.5,0.000000,0.000000
8137.5,0.000000,0.000000
8138.5,0.000000,0.000000
8139.5,0.000000,0.000000
8140.5,0.000000,0.000000
8141.5,0.000000,0.000000
8142.5,0.000000,0.000000
8143.5,0.000000,0.000000
8144.5,0.000000,0.000000
8145.5,0.000000,0.000000
8146.5,0.000000,0.000000
8147.5,0.000000,0.000000
8148.5,0.000000,0.000000
8149.5,0.000000,0.000000
8150.5,0.000000,0.000000
8151.5,0.000000,0.000000
8152.5,0.000000,0.000000
8153.5,0.000000,0.000000
8154.5,0.000000,0.000000
8155.5,0.000000,0.000000
8156.5,0.000000,0.000000
8157.5,0.000000,0.000000
8158.5,0.000000,0.000000
8159.5,0.000000,0.000000
8160.5,0.000000,0.000000
8161.5,0.000000,0.000000
8162.5,0.000000,0.000000
8163.5,0.000000,0.000000
8164.5,0.000000,0.000000
8165.5,0.000000,0.000000
8166.5,0.000000,0.000000
8167.5,0.000000,0.000000
8168.5,0.000000,0.000000
8169.5,0.000000,0.000000
8170.5,0.000000,0.000000
8171.5,0.000000,0.000000
8172.5,0.000000,0.000000
8173.5,0.000000,0.000000
8174.5,0.000000,0.000000
8175.5,0.000000,0.000000
8176.5,0.000000,0.000000
8177.5,0.000000,0.000000
8178.5,0.000000,0.000000
8179.5,0.000000,0.000000
8180.5,0.000000,0.000000
8181.5,0.000000,0.000000
8182.5,0.000000,0.000000
8183.5,0.000000,0.000000
8184.5,0.000000,0.000000
8185.5,0.000000,0.000000
8186.5,0.000000,0.000000
8187.5,0.000000,0.000000
8188.5,0.000000,0.000000
8189.5,0.000000,0.000000
8190.5,0.000000,0.000000
8191.5,0.000000,0.000000
8192.5,0.000000,0.000000
8193.5,0.000000,0.000000
8194.5,0.000000,0.000000
8195.5,0.000000,0.000000
8196.5,0.000000,0.000000
8197.5,0.000000,0.000000
8198.5,0.000000,0.000000
8199.5,0.000000,0.000000
8200.5,0.000000,0.000000
8201.5,0.000000,0.000000
8202.5,0.000000,0.000000
8203.5,0.000000,0.000000
8204.5,0.000000,0.000000
8205.5,0.000000,0.000000
8206.5,0.000000,0.000000
8207.5,0.000000,0.000000
8208.5,0.000000,0.000000
8209.5,0.000000,0.000000
8210.5,0.000000,0.000000
8211.5,0.000000,0.000000
8212.5,0.000000,0.000000
8213.5,0.000000,0.000000
8214.5,0.000000,0.000000
8215.5,0.000000,0.000000
8216.5,0.000000,0.000000
8217.5,0.000000,0.000000
8218.5,0.000000,0.000000
8219.5,0.000000,0.000000
8220.5,0.000000,0.000000
8221.5,0.000000,0.000000
8222.5,0.000000,0.000000
8223.5,0.000000,0.000000
8224.5,0.000000,0.000000
8225.5,0.000000,0.000000
8226.5,0.000000,0.000000
8227.5,0.000000,0.000000
8228.5,0.000000,0.000000
8229.5,0.000000,0.000000
8230.5,0.000000,0.000000
8231.5,0.000000,0.000000
8232.5,0.000000,0.000000
8233.5,0.000000,0.000000
8234.5,0.000000,0.000000
8235.5,0.000000,0.000000
8236.5,0.000000,0.000000
8237.5,0.000000,0.000000
8238.5,0.000000,0.000000
8239.5,0.000000,0.000000
8240.5,0.000000,0.000000
8241.5,0.000000,0.000000
8242.5,0.000000,0.000000
8243.5,0.000000,0.000000
8244.5,0.000000,0.000000
8245.5,0.000000,0.000000
8246.5,0.000000,0.000000
8247.5,0.000000,0.000000
8248.5,0.000000,0.000000
8249.5,0.000000,0.000000
8250.5,0.000000,0.000000
8251.5,0.000000,0.000000
8252.5,0.000000,0.000000
8253.5,0.000000,0.000000
8254.5,0.000000,0.000000
8255.5,0.000000,0.000000
8256.5,0.000000,0.000000
8257.5,0.000000,0.000000
8258.5,0.000000,0.000000
8259.5,0.000000,0.000000
8260.5,0.000000,0.000000
8261.5,0.000000,0.000000
8262.5,0.000000,0.000000
8263.5,0.000000,0.000000
8264.5,0.000000,0.000000
8265.5,0.000000,0.000000
8266.5,0.000000,0.000000
8267.5,0.000000,0.000000
8268.5,0.000000,0.000000
8269.5,0.000000,0.000000
8270.5,0.000000,0.000000
8271.5,0.000000,0.000000
8272.5,0.000000,0.000000
8273.5,0.000000,0.000000
8274.5,0.000000,0.000000
8275.5,0.000000,0.000000
8276.5,0.000000,0.000000
8277.5,0.000000,0.000000
8278.5,0.000000,0.000000
8279.5,0.000000,0.000000
8280.5,0.000000,0.000000
8281.5,0.000000,0.000000
8282.5,0.000000,0.000000
8283.5,0.000000,0.000000
8284.5,0.000000,0.000000
8285.5,0.000000,0.000000
8286.5,0.000000,0.000000
8287.5,0.000000,0.000000
8288.5,0.000000,0.000000
8289.5,0.000000,0.000000
8290.5,0.000000,0.000000
8291.5,0.000000,0.000000
8292.5,0.000000,0.000000
8293.5,0.000000,0.000000
8294.5,0.000000,0.000000
8295.5,0.000000,0.000000
8296.5,0.000000,0.000000
8297.5,0.000000,0.000000
8298.5,0.000000,0.000000
8299.5,0.000000,0.000000
8300.5,0.000000,0.000000
8301.5,0.000000,0.000000
8302.5,0.000000,0.000000
8303.5,0.000000,0.000000
8304.5,0.000000,0.000000
8305.5,0.000000,0.000000
8306.5,0.000000,0.000000
8307.5,0.000000,0.000000
8308.5,0.000000,0.000000
8309.5,0.000000,0.000000
8310.5,0.000000,0.000000
8311.5,0.000000,0.000000
8312.5,0.000000,0.000000
8313.5,0.000000,0.000000
8314.5,0.000000,0.000000
8315.5,0.000000,0.000000
8316.5,0.000000,0.000000
8317.5,0.000000,0.000000
8318.5,0.000000,0.000000
8319.5,0.000000,0.000000
8320.5,0.000000,0.000000
8321.5,0.000000,0.000000
8322.5,0.000000,0.000000
8323.5,0.000000,0.000000
8324.5,0.000000,0.000000
8325.5,0.000000,0.000000
8326.5,0.000000,0.000000
8327.5,0.000000,0.000000
8328.5,0.000000,0.000000
8329.5,0.000000,0.000000
8330.5,0.000000,0.000000
8331.5,0.000000,0.000000
8332.5,0.000000,0.000000
8333.5,0.000000,0.000000
8334.5,0.000000,0.000000
8335.5,0.000000,0.000000
8336.5,0.000000,0.000000
8337.5,0.000000,0.000000
8338.5,0.000000,0.000000
8339.5,0.000000,0.000000
8340.5,0.000000,0.000000
8341.5,0.000000,0.000000
8342.5,0.000000,0.000000
8343.5,0.000000,0.000000
8344.5,0.000000,0.000000
8345.5,0.000000,0.000000
8346.5,0.000000,0.000000
8347.5,0.000000,0.000000
8348.5,0.000000,0.000000
8349.5,0.000000,0.000000
8350.5,0.000000,0.000000
8351.5,0.000000,0.000000
8352.5,0.000000,0.000000
8353.5,0.000000,0.000000
8354.5,0.000000,0.000000
8355.5,0.000000,0.000000
8356.5,0.000000,0.000000
8357.5,0.000000,0.000000
8358.5,0.000000,0.000000
8359.5,0.000000,0.000000
8360.5,0.000000,0.000000
8361.5,0.000000,0.000000
8362.5,0.000000,0.000000
8363.5,0.000000,0.000000
8364.5,0.000000,0.000000
8365.5,0.000000,0.000000
8366.5,0.000000,0.000000
8367.5,0.000000,0.000000
8368.5,0.000000,0.000000
8369.5,0.000000,0.000000
8370.5,0.000000,0.000000
8371.5,0.000000,0.000000
8372.5,0.000000,0.000000
8373.5,0.000000,0.000000
8374.5,0.000000,0.000000
8375.5,0.000000,0.000000
8376.5,0.000000,0.000000
8377.5,0.000000,0.000000
8378.5,0.000000,0.000000
8379.5,0.000000,0.000000
8380.5,0.000000,0.000000
8381.5,0.000000,0.000000
8382.5,0.000000,0.000000
8383.5,0.000000,0.000000
8384.5,0.000000,0.000000
8385.5,0.000000,0.000000
8386.5,0.000000,0.000000
8387.5,0.000000,0.000000
8388.5,0.000000,0.000000
8389.5,0.000000,0.000000
8390.5,0.000000,0.000000
8391.5,0.000000,0.000000
8392.5,0.000000,0.000000
8393.5,0.000000,0.000000
8394.5,0.000000,0.000000
8395.5,0.000000,0.000000
8396.5,0.000000,0.000000
8397.5,0.000000,0.000000
8398.5,0.000000,0.000000
8399.5,0.000000,0.000000
8400.5,0.000000,0.000000
8401.5,0.000000,0.000000
8402.5,0.000000,0.000000
8403.5,0.000000,0.000000
8404.5,0.000000,0.000000
8405.5,0.000000,0.000000
8406.5,0.000000,0.000000
8407.5,0.000000,0.000000
8408.5,0.000000,0.000000
8409.5,0.000000,0.000000
8410.5,0.000000,0.000000
8411.5,0.000000,0.000000
8412.5,0.000000,0.000000
8413.5,0.000000,0.000000
8414.5,0.000000,0.000000
8415.5,0.000000,0.000000
8416.5,0.000000,0.000000
8417.5,0.000000,0.000000
8418.5,0.000000,0.000000
8419.5,0.000000,0.000000
8420.5,0.000000,0.000000
8421.5,0.000000,0.000000
8422.5,0.000000,0.000000
8423.5,0.000000,0.000000
8424.5,0.000000,0.000000
8425.5,0.000000,0.000000
8426.5,0.000000,0.000000
8427.5,0.000000,0.000000
8428.5,0.000000,0.000000
8429.5,0.000000,0.000000
8430.5,0.000000,0.000000
8431.5,0.000000,0.000000
8432.5,0.000000,0.000000
8433.5,0.000000,0.000000
8434.5,0.000000,0.000000
8435.5,0.000000,0.000000
8436.5,0.000000,0.000000
8437.5,0.000000,0.000000
8438.5,0.000000,0.000000
8439.5,0.000000,0.000000
8440.5,0.000000,0.000000
8441.5,0.000000,0.000000
8442.5,0.000000,0.000000
8443.5,0.000000,0.000000
8444.5,0.000000,0.000000
8445.5,0.000000,0.000000
8446.5,0.000000,0.000000
8447.5,0.000000,0.000000
8448.5,0.000000,0.000000
8449.5,0.000000,0.000000
8450.5,0.000000,0.000000
8451.5,0.000000,0.000000
8452.5,0.000000,0.000000
8453.5,0.000000,0.000000
8454.5,0.000000,0.000000
8455.5,0.000000,0.000000
8456.5,0.000000,0.000000
8457.5,0.000000,0.000000
8458.5,0.000000,0.000000
8459.5,0.000000,0.000000
8460.5,0.000000,0.000000
8461.5,0.000000,0.000000
8462.5,0.000000,0.000000
8463.5,0.000000,0.000000
8464.5,0.000000,0.000000
8465.5,0.000000,0.000000
8466.5,0.000000,0.000000
8467.5,0.000000,0.000000
8468.5,0.000000,0.000000
8469.5,0.000000,0.000000
8470.5,0.000000,0.000000
8471.5,0.000000,0.000000
8472.5,0.000000,0.000000
8473.5,0.000000,0.000000
8474.5,0.000000,0.000000
8475.5,0.000000,0.000000
8476.5,0.000000,0.000000
8477.5,0.000000,0.000000
8478.5,0.000000,0.000000
8479.5,0.000000,0.000000
8480.5,0.000000,0.000000
8481.5,0.000000,0.000000
8482.5,0.000000,0.000000
8483.5,0.000000,0.000000
8484.5,0.000000,0.000000
8485.5,0.000000,0.000000
8486.5,0.000000,0.000000
8487.5,0.000000,0.000000
8488.5,0.000000,0.000000
8489.5,0.000000,0.000000
8490.5,0.000000,0.000000
8491.5,0.000000,0.000000
8492.5,0.000000,0.000000
8493.5,0.000000,0.000000
8494.5,0.000000,0.000000
8495.5,0.000000,0.000000
8496.5,0.000000,0.000000
8497.5,0.000000,0.000000
8498.5,0.000000,0.000000
8499.5,0.000000,0.000000
8500.5,0.000000,0.000000
8501.5,0.000000,0.000000
8502.5,0.000000,0.000000
8503.5,0.000000,0.000000
8504.5,0.000000,0.000000
8505.5,0.000000,0.000000
8506.5,0.000000,0.000000
8507.5,0.000000,0.000000
8508.5,0.000000,0.000000
8509.5,0.000000,0.000000
8510.5,0.000000,0.000000
8511.5,0.000000,0.000000
8512.5,0.000000,0.000000
8513.5,0.000000,0.000000
8514.5,0.000000,0.000000
8515.5,0.000000,0.000000
8516.5,0.000000,0.000000
8517.5,0.000000,0.000000
8518.5,0.000000,0.000000
8519.5,0.000000,0.000000
8520.5,0.000000,0.000000
8521.5,0.000000,0.000000
8522.5,0.000000,0.000000
8523.5,0.000000,0.000000
8524.5,0.000000,0.000000
8525.5,0.000000,0.000000
8526.5,0.000000,0.000000
8527.5,0.000000,0.000000
8528.5,0.000000,0.000000
8529.5,0.000000,0.000000
8530.5,0.000000,0.000000
8531.5,0.000000,0.000000
8532.5,0.000000,0.000000
8533.5,0.000000,0.000000
8534.5,0.000000,0.000000
8535.5,0.000000,0.000000
8536.5,0.000000,0.000000
8537.5,0.000000,0.000000
8538.5,0.000000,0.000000
8539.5,0.000000,0.000000
8540.5,0.000000,0.000000
8541.5,0.000000,0.000000
8542.5,0.000000,0.000000
8543.5,0.000000,0.000000
8544.5,0.000000,0.000000
8545.5,0.000000,0.000000
8546.5,0.000000,0.000000
8547.5,0.000000,0.000000
8548.5,0.000000,0.000000
8549.5,0.000000,0.000000
8550.5,0.000000,0.000000
8551.5,0.000000,0.000000
8552.5,0.000000,0.000000
8553.5,0.000000,0.000000
8554.5,0.000000,0.000000
8555.5,0.000000,0.000000
8556.5,0.000000,0.000000
8557.5,0.000000,0.000000
8558.5,0.000000,0.000000
8559.5,0.000000,0.000000
8560.5,0.000000,0.000000
8561.5,0.000000,0.000000
8562.5,0.000000,0.000000
8563.5,0.000000,0.000000
8564.5,0.000000,0.000000
8565.5,0.000000,0.000000
8566.5,0.000000,0.000000
8567.5,0.000000,0.000000
8568.5,0.000000,0.000000
8569.5,0.000000,0.000000
8570.5,0.000000,0.000000
8571.5,0.000000,0.000000
8572.5,0.000000,0.000000
8573.5,0.000000,0.000000
8574.5,0.000000,0.000000
8575.5,0.000000,0.000000
8576.5,0.000000,0.000000
8577.5,0.000000,0.000000
8578.5,0.000000,0.000000
8579.5,0.000000,0.000000
8580.5,0.000000,0.000000
8581.5,0.000000,0.000000
8582.5,0.000000,0.000000
8583.5,0.000000,0.000000
8584.5,0.000000,0.000000
8585.5,0.000000,0.000000
8586.5,0.000000,0.000000
8587.5,0.000000,0.000000
8588.5,0.000000,0.000000
8589.5,0.000000,0.000000
8590.5,0.000000,0.000000
8591.5,0.000000,0.000000
8592.5,0.000000,0.000000
8593.5,0.000000,0.000000
8594.5,0.000000,0.000000
8595.5,0.000000,0.000000
8596.5,0.000000,0.000000
8597.5,0.000000,0.000000
8598.5,0.000000,0.000000
8599.5,0.000000,0.000000
8600.5,0.000000,0.000000
8601.5,0.000000,0.000000
8602.5,0.000000,0.000000
8603.5,0.000000,0.000000
8604.5,0.000000,0.000000
8605.5,0.000000,0.000000
8606.5,0.000000,0.000000
8607.5,0.000000,0.000000
8608.5,0.000000,0.000000
8609.5,0.000000,0.000000
8610.5,0.000000,0.000000
8611.5,0.000000,0.000000
8612.5,0.000000,0.000000
8613.5,0.000000,0.000000
8614.5,0.000000,0.000000
8615.5,0.000000,0.000000
8616.5,0.000000,0.000000
8617.5,0.000000,0.000000
8618.5,0.000000,0.000000
8619.5,0.000000,0.000000
8620.5,0.000000,0.000000
8621.5,0.000000,0.000000
8622.5,0.000000,0.000000
8623.5,0.000000,0.000000
8624.5,0.000000,0.000000
8625.5,0.000000,0.000000
8626.5,0.000000,0.000000
8627.5,0.000000,0.000000
8628.5,0.000000,0.000000
8629.5,0.000000,0.000000
8630.5,0.000000,0.000000
8631.5,0.000000,0.000000
8632.5,0.000000,0.000000
8633.5,0.000000,0.000000
8634.5,0.000000,0.000000
8635.5,0.000000,0.000000
8636.5,0.000000,0.000000
8637.5,0.000000,0.000000
8638.5,0.000000,0.000000
8639.5,0.000000,0.000000
8640.5,0.000000,0.000000
8641.5,0.000000,0.000000
8642.5,0.000000,0.000000
8643.5,0.000000,0.000000
8644.5,0.000000,0.000000
8645.5,0.000000,0.000000
8646.5,0.000000,0.000000
8647.5,0.000000,0.000000
8648.5,0.000000,0.000000
8649.5,0.000000,0.000000
8650.5,0.000000,0.000000
8651.5,0.000000,0.000000
8652.5,0.000000,0.000000
8653.5,0.000000,0.000000
8654.5,0.000000,0.000000
8655.5,0.000000,0.000000
8656.5,0.000000,0.000000
8657.5,0.000000,0.000000
8658.5,0.000000,0.000000
8659.5,0.000000,0.000000
8660.5,0.000000,0.000000
8661.5,0.000000,0.000000
8662.5,0.000000,0.000000
8663.5,0.000000,0.000000
8664.5,0.000000,0.000000
8665.5,0.000000,0.000000
8666.5,0.000000,0.000000
8667.5,0.000000,0.000000
8668.5,0.000000,0.000000
8669.5,0.000000,0.000000
8670.5,0.000000,0.000000
8671.5,0.000000,0.000000
8672.5,0.000000,0.000000
8673.5,0.000000,0.000000
8674.5,0.000000,0.000000
8675.5,0.000000,0.000000
8676.5,0.000000,0.000000
8677.5,0.000000,0.000000
8678.5,0.000000,0.000000
8679.5,0.000000,0.000000
8680.5,0.000000,0.000000
8681.5,0.000000,0.000000
8682.5,0.000000,0.000000
8683.5,0.000000,0.000000
8684.5,0.000000,0.000000
8685.5,0.000000,0.000000
8686.5,0.000000,0.000000
8687.5,0.000000,0.000000
8688.5,0.000000,0.000000
8689.5,0.000000,0.000000
8690.5,0.000000,0.000000
8691.5,0.000000,0.000000
8692.5,0.000000,0.000000
8693.5,0.000000,0.000000
8694.5,0.000000,0.000000
8695.5,0.000000,0.000000
8696.5,0.000000,0.000000
8697.5,0.000000,0.000000
8698.5,0.000000,0.000000
8699.5,0.000000,0.000000
8700.5,0.000000,0.000000
8701.5,0.000000,0.000000
8702.5,0.000000,0.000000
8703.5,0.000000,0.000000
8704.5,0.000000,0.000000
8705.5,0.000000,0.000000
8706.5,0.000000,0.000000
8707.5,0.000000,0.000000
8708.5,0.000000,0.000000
8709.5,0.000000,0.000000
8710.5,0.000000,0.000000
8711.5,0.000000,0.000000
8712.5,0.000000,0.000000
8713.5,0.000000,0.000000
8714.5,0.000000,0.000000
8715.5,0.000000,0.000000
8716.5,0.000000,0.000000
8717.5,0.000000,0.000000
8718.5,0.000000,0.000000
8719.5,0.000000,0.000000
8720.5,0.000000,0.000000
8721.5,0.000000,0.000000
8722.5,0.000000,0.000000
8723.5,0.000000,0.000000
8724.5,0.000000,0.000000
8725.5,0.000000,0.000000
8726.5,0.000000,0.000000
8727.5,0.000000,0.000000
8728.5,0.000000,0.000000
8729.5,0.000000,0.000000
8730.5,0.000000,0.000000
8731.5,0.000000,0.000000
8732.5,0.000000,0.000000
8733.5,0.000000,0.000000
8734.5,0.000000,0.000000
8735.5,0.000000,0.000000
8736.5,0.000000,0.000000
8737.5,0.000000,0.000000
8738.5,0.000000,0.000000
8739.5,0.000000,0.000000
8740.5,0.000000,0.000000
8741.5,0.000000,0.000000
8742.5,0.000000,0.000000
8743.5,0.000000,0.000000
8744.5,0.000000,0.000000
8745.5,0.000000,0.000000
8746.5,0.000000,0.000000
8747.5,0.000000,0.000000
8748.5,0.000000,0.000000
8749.5,0.000000,0.000000
8750.5,0.000000,0.000000
8751.5,0.000000,0.000000
8752.5,0.000000,0.000000
8753.5,0.000000,0.000000
8754.5,0.000000,0.000000
8755.5,0.000000,0.000000
8756.5,0.000000,0.000000
8757.5,0.000000,0.000000
8758.5,0.000000,0.000000
8759.5,0.000000,0.000000
8760.5,0.000000,0.000000
8761.5,0.000000,0.000000
8762.5,0.000000,0.000000
8763.5,0.000000,0.000000
8764.5,0.000000,0.000000
8765.5,0.000000,0.000000
8766.5,0.000000,0.000000
8767.5,0.000000,0.000000
8768.5,0.000000,0.000000
8769.5,0.000000,0.000000
8770.5,0.000000,0.000000
8771.5,0.000000,0.000000
8772.5,0.000000,0.000000
8773.5,0.000000,0.000000
8774.5,0.000000,0.000000
8775.5,0.000000,0.000000
8776.5,0.000000,0.000000
8777.5,0.000000,0.000000
8778.5,0.000000,0.000000
8779.5,0.000000,0.000000
8780.5,0.000000,0.000000
8781.5,0.000000,0.000000
8782.5,0.000000,0.000000
8783.5,0.000000,0.000000
8784.5,0.000000,0.000000
8785.5,0.000000,0.000000
8786.5,0.000000,0.000000
8787.5,0.000000,0.000000
8788.5,0.000000,0.000000
8789.5,0.000000,0.000000
8790.5,0.000000,0.000000
8791.5,0.000000,0.000000
8792.5,0.000000,0.000000
8793.5,0.000000,0.000000
8794.5,0.000000,0.000000
8795.5,0.000000,0.000000
8796.5,0.000000,0.000000
8797.5,0.000000,0.000000
8798.5,0.000000,0.000000
8799.5,0.000000,0.000000
8800.5,0.000000,0.000000
8801.5,0.000000,0.000000
8802.5,0.000000,0.000000
8803.5,0.000000,0.000000
8804.5,0.000000,0.000000
8805.5,0.000000,0.000000
8806.5,0.000000,0.000000
8807.5,0.000000,0.000000
8808.5,0.000000,0.000000
8809.5,0.000000,0.000000
8810.5,0.000000,0.000000
8811.5,0.000000,0.000000
8812.5,0.000000,0.000000
8813.5,0.000000,0.000000
8814.5,0.000000,0.000000
8815.5,0.000000,0.000000
8816.5,0.000000,0.000000
8817.5,0.000000,0.000000
8818.5,0.000000,0.000000
8819.5,0.000000,0.000000
8820.5,0.000000,0.000000
8821.5,0.000000,0.000000
8822.5,0.000000,0.000000
8823.5,0.000000,0.000000
8824.5,0.000000,0.000000
8825.5,0.000000,0.000000
8826.5,0.000000,0.000000
8827.5,0.000000,0.000000
8828.5,0.000000,0.000000
8829.5,0.000000,0.000000
8830.5,0.000000,0.000000
8831.5,0.000000,0.000000
8832.5,0.000000,0.000000
8833.5,0.000000,0.000000
8834.5,0.000000,0.000000
8835.5,0.000000,0.000000
8836.5,0.000000,0.000000
8837.5,0.000000,0.000000
8838.5,0.000000,0.000000
8839.5,0.000000,0.000000
8840.5,0.000000,0.000000
8841.5,0.000000,0.000000
8842.5,0.000000,0.000000
8843.5,0.000000,0.000000
8844.5,0.000000,0.000000
8845.5,0.000000,0.000000
8846.5,0.000000,0.000000
8847.5,0.000000,0.000000
8848.5,0.000000,0.000000
8849.5,0.000000,0.000000
8850.5,0.000000,0.000000
8851.5,0.000000,0.000000
8852.5,0.000000,0.000000
8853.5,0.000000,0.000000
8854.5,0.000000,0.000000
8855.5,0.000000,0.000000
8856.5,0.000000,0.000000
8857.5,0.000000,0.000000
8858.5,0.000000,0.000000
8859.5,0.000000,0.000000
8860.5,0.000000,0.000000
8861.5,0.000000,0.000000
8862.5,0.000000,0.000000
8863.5,0.000000,0.000000
8864.5,0.000000,0.000000
8865.5,0.000000,0.000000
8866.5,0.000000,0.000000
8867.5,0.000000,0.000000
8868.5,0.000000,0.000000
8869.5,0.000000,0.000000
8870.5,0.000000,0.000000
8871.5,0.000000,0.000000
8872.5,0.000000,0.000000
8873.5,0.000000,0.000000
8874.5,0.000000,0.000000
8875.5,0.000000,0.000000
8876.5,0.000000,0.000000
8877.5,0.000000,0.000000
8878.5,0.000000,0.000000
8879.5,0.000000,0.000000
8880.5,0.000000,0.000000
8881.5,0.000000,0.000000
8882.5,0.000000,0.000000
8883.5,0.000000,0.000000
8884.5,0.000000,0.000000
8885.5,0.000000,0.000000
8886.5,0.000000,0.000000
8887.5,0.000000,0.000000
8888.5,0.000000,0.000000
8889.5,0.000000,0.000000
8890.5,0.000000,0.000000
8891.5,0.000000,0.000000
8892.5,0.000000,0.000000
8893.5,0.000000,0.000000
8894.5,0.000000,0.000000
8895.5,0.000000,0.000000
8896.5,0.000000,0.000000
8897.5,0.000000,0.000000
8898.5,0.000000,0.000000
8899.5,0.000000,0.000000
8900.5,0.000000,0.000000
8901.5,0.000000,0.000000
8902.5,0.000000,0.000000
8903.5,0.000000,0.000000
8904.5,0.000000,0.000000
8905.5,0.000000,0.000000
8906.5,0.000000,0.000000
8907.5,0.000000,0.000000
8908.5,0.000000,0.000000
8909.5,0.000000,0.000000
8910.5,0.000000,0.000000
8911.5,0.000000,0.000000
8912.5,0.000000,0.000000
8913.5,0.000000,0.000000
8914.5,0.000000,0.000000
8915.5,0.000000,0.000000
8916.5,0.000000,0.000000
8917.5,0.000000,0.000000
8918.5,0.000000,0.000000
8919.5,0.000000,0.000000
8920.5,0.000000,0.000000
8921.5,0.000000,0.000000
8922.5,0.000000,0.000000
8923.5,0.000000,0.000000
8924.5,0.000000,0.000000
8925.5,0.000000,0.000000
8926.5,0.000000,0.000000
8927.5,0.000000,0.000000
8928.5,0.000000,0.000000
8929.5,0.000000,0.000000
8930.5,0.000000,0.000000
8931.5,0.000000,0.000000
8932.5,0.000000,0.000000
8933.5,0.000000,0.000000
8934.5,0.000000,0.000000
8935.5,0.000000,0.000000
8936.5,0.000000,0.000000
8937.5,0.000000,0.000000
8938.5,0.000000,0.000000
8939.5,0.000000,0.000000
8940.5,0.000000,0.000000
8941.5,0.000000,0.000000
8942.5,0.000000,0.000000
8943.5,0.000000,0.000000
8944.5,0.000000,0.000000
8945.5,0.000000,0.000000
8946.5,0.000000,0.000000
8947.5,0.000000,0.000000
8948.5,0.000000,0.000000
8949.5,0.000000,0.000000
8950.5,0.000000,0.000000
8951.5,0.000000,0.000000
8952.5,0.000000,0.000000
8953.5,0.000000,0.000000
8954.5,0.000000,0.000000
8955.5,0.000000,0.000000
8956.5,0.000000,0.000000
8957.5,0.000000,0.000000
8958.5,0.000000,0.000000
8959.5,0.000000,0.000000
8960.5,0.000000,0.000000
8961.5,0.000000,0.000000
8962.5,0.000000,0.000000
8963.5,0.000000,0.000000
8964.5,0.000000,0.000000
8965.5,0.000000,0.000000
8966.5,0.000000,0.000000
8967.5,0.000000,0.000000
8968.5,0.000000,0.000000
8969.5,0.000000,0.000000
8970.5,0.000000,0.000000
8971.5,0.000000,0.000000
8972.5,0.000000,0.000000
8973.5,0.000000,0.000000
8974.5,0.000000,0.000000
8975.5,0.000000,0.000000
8976.5,0.000000,0.000000
8977.5,0.000000,0.000000
8978.5,0.000000,0.000000
8979.5,0.000000,0.000000
8980.5,0.000000,0.000000
8981.5,0.000000,0.000000
8982.5,0.000000,0.000000
8983.5,0.000000,0.000000
8984.5,0.000000,0.000000
8985.5,0.000000,0.000000
8986.5,0.000000,0.000000
8987.5,0.000000,0.000000
8988.5,0.000000,0.000000
8989.5,0.000000,0.000000
8990.5,0.000000,0.000000
8991.5,0.000000,0.000000
8992.5,0.000000,0.000000
8993.5,0.000000,0.000000
8994.5,0.000000,0.000000
8995.5,0.000000,0.000000
8996.5,0.000000,0.000000
8997.5,0.000000,0.000000
8998.5,0.000000,0.000000
8999.5,0.000000,0.000000
9000.5,0.000000,0.000000
9001.5,0.000000,0.000000
9002.5,0.000000,0.000000
9003.5,0.000000,0.000000
9004.5,0.000000,0.000000
9005.5,0.000000,0.000000
9006.5,0.000000,0.000000
9007.5,0.000000,0.000000
9008.5,0.000000,0.000000
9009.5,0.000000,0.000000
9010.5,0.000000,0.000000
9011.5,0.000000,0.000000
9012.5,0.000000,0.000000
9013.5,0.000000,0.000000
9014.5,0.000000,0.000000
9015.5,0.000000,0.000000
9016.5,0.000000,0.000000
9017.5,0.000000,0.000000
9018.5,0.000000,0.000000
9019.5,0.000000,0.000000
9020.5,0.000000,0.000000
9021.5,0.000000,0.000000
9022.5,0.000000,0.000000
9023.5,0.000000,0.000000
9024.5,0.000000,0.000000
9025.5,0.000000,0.000000
9026.5,0.000000,0.000000
9027.5,0.000000,0.000000
9028.5,0.000000,0.000000
9029.5,0.000000,0.000000
9030.5,0.000000,0.000000
9031.5,0.000000,0.000000
9032.5,0.000000,0.000000
9033.5,0.000000,0.000000
9034.5,0.000000,0.000000
9035.5,0.000000,0.000000
9036.5,0.000000,0.000000
9037.5,0.000000,0.000000
9038.5,0.000000,0.000000
9039.5,0.000000,0.000000
9040.5,0.000000,0.000000
9041.5,0.000000,0.000000
9042.5,0.000000,0.000000
9043.5,0.000000,0.000000
9044.5,0.000000,0.000000
9045.5,0.000000,0.000000
9046.5,0.000000,0.000000
9047.5,0.000000,0.000000
9048.5,0.000000,0.000000
9049.5,0.000000,0.000000
9050.5,0.000000,0.000000
9051.5,0.000000,0.000000
9052.5,0.000000,0.000000
9053.5,0.000000,0.000000
9054.5,0.000000,0.000000
9055.5,0.000000,0.000000
9056.5,0.000000,0.000000
9057.5,0.000000,0.000000
9058.5,0.000000,0.000000
9059.5,0.000000,0.000000
9060.5,0.000000,0.000000
9061.5,0.000000,0.000000
9062.5,0.000000,0.000000
9063.5,0.000000,0.000000
9064.5,0.000000,0.000000
9065.5,0.000000,0.000000
9066.5,0.000000,0.000000
9067.5,0.000000,0.000000
9068.5,0.000000,0.000000
9069.5,0.000000,0.000000
9070.5,0.000000,0.000000
9071.5,0.000000,0.000000
9072.5,0.000000,0.000000
9073.5,0.000000,0.000000
9074.5,0.000000,0.000000
9075.5,0.000000,0.000000
9076.5,0.000000,0.000000
9077.5,0.000000,0.000000
9078.5,0.000000,0.000000
9079.5,0.000000,0.000000
9080.5,0.000000,0.000000
9081.5,0.000000,0.000000
9082.5,0.000000,0.000000
9083.5,0.000000,0.000000
9084.5,0.000000,0.000000
9085.5,0.000000,0.000000
9086.5,0.000000,0.000000
9087.5,0.000000,0.000000
9088.5,0.000000,0.000000
9089.5,0.000000,0.000000
9090.5,0.000000,0.000000
9091.5,0.000000,0.000000
9092.5,0.000000,0.000000
9093.5,0.000000,0.000000
9094.5,0.000000,0.000000
9095.5,0.000000,0.000000
9096.5,0.000000,0.000000
9097.5,0.000000,0.000000
9098.5,0.000000,0.000000
9099.5,0.000000,0.000000
9100.5,0.000000,0.000000
9101.5,0.000000,0.000000
9102.5,0.000000,0.000000
9103.5,0.000000,0.000000
9104.5,0.000000,0.000000
9105.5,0.000000,0.000000
9106.5,0.000000,0.000000
9107.5,0.000000,0.000000
9108.5,0.000000,0.000000
9109.5,0.000000,0.000000
9110.5,0.000000,0.000000
9111.5,0.000000,0.000000
9112.5,0.000000,0.000000
9113.5,0.000000,0.000000
9114.5,0.000000,0.000000
9115.5,0.000000,0.000000
9116.5,0.000000,0.000000
9117.5,0.000000,0.000000
9118.5,0.000000,0.000000
9119.5,0.000000,0.000000
9120.5,0.000000,0.000000
9121.5,0.000000,0.000000
9122.5,0.000000,0.000000
9123.5,0.000000,0.000000
9124.5,0.000000,0.000000
9125.5,0.000000,0.000000
9126.5,0.000000,0.000000
9127.5,0.000000,0.000000
9128.5,0.000000,0.000000
9129.5,0.000000,0.000000
9130.5,0.000000,0.000000
9131.5,0.000000,0.000000
9132.5,0.000000,0.000000
9133.5,0.000000,0.000000
9134.5,0.000000,0.000000
9135.5,0.000000,0.000000
9136.5,0.000000,0.000000
9137.5,0.000000,0.000000
9138.5,0.000000,0.000000
9139.5,0.000000,0.000000
9140.5,0.000000,0.000000
9141.5,0.000000,0.000000
9142.5,0.000000,0.000000
9143.5,0.000000,0.000000
9144.5,0.000000,0.000000
9145.5,0.000000,0.000000
9146.5,0.000000,0.000000
9147.5,0.000000,0.000000
9148.5,0.000000,0.000000
9149.5,0.000000,0.000000
9150.5,0.000000,0.000000
9151.5,0.000000,0.000000
9152.5,0.000000,0.000000
9153.5,0.000000,0.000000
9154.5,0.000000,0.000000
9155.5,0.000000,0.000000
9156.5,0.000000,0.000000
9157.5,0.000000,0.000000
9158.5,0.000000,0.000000
9159.5,0.000000,0.000000
9160.5,0.000000,0.000000
9161.5,0.000000,0.000000
9162.5,0.000000,0.000000
9163.5,0.000000,0.000000
9164.5,0.000000,0.000000
9165.5,0.000000,0.000000
9166.5,0.000000,0.000000
9167.5,0.000000,0.000000
9168.5,0.000000,0.000000
9169.5,0.000000,0.000000
9170.5,0.000000,0.000000
9171.5,0.000000,0.000000
9172.5,0.000000,0.000000
9173.5,0.000000,0.000000
9174.5,0.000000,0.000000
9175.5,0.000000,0.000000
9176.5,0.000000,0.000000
9177.5,0.000000,0.000000
9178.5,0.000000,0.000000
9179.5,0.000000,0.000000
9180.5,0.000000,0.000000
9181.5,0.000000,0.000000
9182.5,0.000000,0.000000
9183.5,0.000000,0.000000
9184.5,0.000000,0.000000
9185.5,0.000000,0.000000
9186.5,0.000000,0.000000
9187.5,0.000000,0.000000
9188.5,0.000000,0.000000
9189.5,0.000000,0.000000
9190.5,0.000000,0.000000
9191.5,0.000000,0.000000
9192.5,0.000000,0.000000
9193.5,0.000000,0.000000
9194.5,0.000000,0.000000
9195.5,0.000000,0.000000
9196.5,0.000000,0.000000
9197.5,0.000000,0.000000
9198.5,0.000000,0.000000
9199.5,0.000000,0.000000
9200.5,0.000000,0.000000
9201.5,0.000000,0.000000
9202.5,0.000000,0.000000
9203.5,0.000000,0.000000
9204.5,0.000000,0.000000
9205.5,0.000000,0.000000
9206.5,0.000000,0.000000
9207.5,0.000000,0.000000
9208.5,0.000000,0.000000
9209.5,0.000000,0.000000
9210.5,0.000000,0.000000
9211.5,0.000000,0.000000
9212.5,0.000000,0.000000
9213.5,0.000000,0.000000
9214.5,0.000000,0.000000
9215.5,0.000000,0.000000
9216.5,0.000000,0.000000
9217.5,0.000000,0.000000
9218.5,0.000000,0.000000
9219.5,0.000000,0.000000
9220.5,0.000000,0.000000
9221.5,0.000000,0.000000
9222.5,0.000000,0.000000
9223.5,0.000000,0.000000
9224.5,0.000000,0.000000
9225.5,0.000000,0.000000
9226.5,0.000000,0.000000
9227.5,0.000000,0.000000
9228.5,0.000000,0.000000
9229.5,0.000000,0.000000
9230.5,0.000000,0.000000
9231.5,0.000000,0.000000
9232.5,0.000000,0.000000
9233.5,0.000000,0.000000
9234.5,0.000000,0.000000
9235.5,0.000000,0.000000
9236.5,0.000000,0.000000
9237.5,0.000000,0.000000
9238.5,0.000000,0.000000
9239.5,0.000000,0.000000
9240.5,0.000000,0.000000
9241.5,0.000000,0.000000
9242.5,0.000000,0.000000
9243.5,0.000000,0.000000
9244.5,0.000000,0.000000
9245.5,0.000000,0.000000
9246.5,0.000000,0.000000
9247.5,0.000000,0.000000
9248.5,0.000000,0.000000
9249.5,0.000000,0.000000
9250.5,0.000000,0.000000
9251.5,0.000000,0.000000
9252.5,0.000000,0.000000
9253.5,0.000000,0.000000
9254.5,0.000000,0.000000
9255.5,0.000000,0.000000
9256.5,0.000000,0.000000
9257.5,0.000000,0.000000
9258.5,0.000000,0.000000
9259.5,0.000000,0.000000
9260.5,0.000000,0.000000
9261.5,0.000000,0.000000
9262.5,0.000000,0.000000
9263.5,0.000000,0.000000
9264.5,0.000000,0.000000
9265.5,0.000000,0.000000
9266.5,0.000000,0.000000
9267.5,0.000000,0.000000
9268.5,0.000000,0.000000
9269.5,0.000000,0.000000
9270.5,0.000000,0.000000
9271.5,0.000000,0.000000
9272.5,0.000000,0.000000
9273.5,0.000000,0.000000
9274.5,0.000000,0.000000
9275.5,0.000000,0.000000
9276.5,0.000000,0.000000
9277.5,0.000000,0.000000
9278.5,0.000000,0.000000
9279.5,0.000000,0.000000
9280.5,0.000000,0.000000
9281.5,0.000000,0.000000
9282.5,0.000000,0.000000
9283.5,0.000000,0.000000
9284.5,0.000000,0.000000
9285.5,0.000000,0.000000
9286.5,0.000000,0.000000
9287.5,0.000000,0.000000
9288.5,0.000000,0.000000
9289.5,0.000000,0.000000
9290.5,0.000000,0.000000
9291.5,0.000000,0.000000
9292.5,0.000000,0.000000
9293.5,0.000000,0.000000
9294.5,0.000000,0.000000
9295.5,0.000000,0.000000
9296.5,0.000000,0.000000
9297.5,0.000000,0.000000
9298.5,0.000000,0.000000
9299.5,0.000000,0.000000
9300.5,0.000000,0.000000
9301.5,0.000000,0.000000
9302.5,0.000000,0.000000
9303.5,0.000000,0.000000
9304.5,0.000000,0.000000
9305.5,0.000000,0.000000
9306.5,0.000000,0.000000
9307.5,0.000000,0.000000
9308.5,0.000000,0.000000
9309.5,0.000000,0.000000
9310.5,0.000000,0.000000
9311.5,0.000000,0.000000
9312.5,0.000000,0.000000
9313.5,0.000000,0.000000
9314.5,0.000000,0.000000
9315.5,0.000000,0.000000
9316.5,0.000000,0.000000
9317.5,0.000000,0.000000
9318.5,0.000000,0.000000
9319.5,0.000000,0.000000
9320.5,0.000000,0.000000
9321.5,0.000000,0.000000
9322.5,0.000000,0.000000
9323.5,0.000000,0.000000
9324.5,0.000000,0.000000
9325.5,0.000000,0.000000
9326.5,0.000000,0.000000
9327.5,0.000000,0.000000
9328.5,0.000000,0.000000
9329.5,0.000000,0.000000
9330.5,0.000000,0.000000
9331.5,0.000000,0.000000
9332.5,0.000000,0.000000
9333.5,0.000000,0.000000
9334.5,0.000000,0.000000
9335.5,0.000000,0.000000
9336.5,0.000000,0.000000
9337.5,0.000000,0.000000
9338.5,0.000000,0.000000
9339.5,0.000000,0.000000
9340.5,0.000000,0.000000
9341.5,0.000000,0.000000
9342.5,0.000000,0.000000
9343.5,0.000000,0.000000
9344.5,0.000000,0.000000
9345.5,0.000000,0.000000
9346.5,0.000000,0.000000
9347.5,0.000000,0.000000
9348.5,0.000000,0.000000
9349.5,0.000000,0.000000
9350.5,0.000000,0.000000
9351.5,0.000000,0.000000
9352.5,0.000000,0.000000
9353.5,0.000000,0.000000
9354.5,0.000000,0.000000
9355.5,0.000000,0.000000
9356.5,0.000000,0.000000
9357.5,0.000000,0.000000
9358.5,0.000000,0.000000
9359.5,0.000000,0.000000
9360.5,0.000000,0.000000
9361.5,0.000000,0.000000
9362.5,0.000000,0.000000
9363.5,0.000000,0.000000
9364.5,0.000000,0.000000
9365.5,0.000000,0.000000
9366.5,0.000000,0.000000
9367.5,0.000000,0.000000
9368.5,0.000000,0.000000
9369.5,0.000000,0.000000
9370.5,0.000000,0.000000
9371.5,0.000000,0.000000
9372.5,0.000000,0.000000
9373.5,0.000000,0.000000
9374.5,0.000000,0.000000
9375.5,0.000000,0.000000
9376.5,0.000000,0.000000
9377.5,0.000000,0.000000
9378.5,0.000000,0.000000
9379.5,0.000000,0.000000
9380.5,0.000000,0.000000
9381.5,0.000000,0.000000
9382.5,0.000000,0.000000
9383.5,0.000000,0.000000
9384.5,0.000000,0.000000
9385.5,0.000000,0.000000
9386.5,0.000000,0.000000
9387.5,0.000000,0.000000
9388.5,0.000000,0.000000
9389.5,0.000000,0.000000
9390.5,0.000000,0.000000
9391.5,0.000000,0.000000
9392.5,0.000000,0.000000
9393.5,0.000000,0.000000
9394.5,0.000000,0.000000
9395.5,0.000000,0.000000
9396.5,0.000000,0.000000
9397.5,0.000000,0.000000
9398.5,0.000000,0.000000
9399.5,0.000000,0.000000
9400.5,0.000000,0.000000
9401.5,0.000000,0.000000
9402.5,0.000000,0.000000
9403.5,0.000000,0.000000
9404.5,0.000000,0.000000
9405.5,0.000000,0.000000
9406.5,0.000000,0.000000
9407.5,0.000000,0.000000
9408.5,0.000000,0.000000
9409.5,0.000000,0.000000
9410.5,0.000000,0.000000
9411.5,0.000000,0.000000
9412.5,0.000000,0.000000
9413.5,0.000000,0.000000
9414.5,0.000000,0.000000
9415.5,0.000000,0.000000
9416.5,0.000000,0.000000
9417.5,0.000000,0.000000
9418.5,0.000000,0.000000
9419.5,0.000000,0.000000
9420.5,0.000000,0.000000
9421.5,0.000000,0.000000
9422.5,0.000000,0.000000
9423.5,0.000000,0.000000
9424.5,0.000000,0.000000
9425.5,0.000000,0.000000
9426.5,0.000000,0.000000
9427.5,0.000000,0.000000
9428.5,0.000000,0.000000
9429.5,0.000000,0.000000
9430.5,0.000000,0.000000
9431.5,0.000000,0.000000
9432.5,0.000000,0.000000
9433.5,0.000000,0.000000
9434.5,0.000000,0.000000
9435.5,0.000000,0.000000
9436.5,0.000000,0.000000
9437.5,0.000000,0.000000
9438.5,0.000000,0.000000
9439.5,0.000000,0.000000
9440.5,0.000000,0.000000
9441.5,0.000000,0.000000
9442.5,0.000000,0.000000
9443.5,0.000000,0.000000
9444.5,0.000000,0.000000
9445.5,0.000000,0.000000
9446.5,0.000000,0.000000
9447.5,0.000000,0.000000
9448.5,0.000000,0.000000
9449.5,0.000000,0.000000
9450.5,0.000000,0.000000
9451.5,0.000000,0.000000
9452.5,0.000000,0.000000
9453.5,0.000000,0.000000
9454.5,0.000000,0.000000
9455.5,0.000000,0.000000
9456.5,0.000000,0.000000
9457.5,0.000000,0.000000
9458.5,0.000000,0.000000
9459.5,0.000000,0.000000
9460.5,0.000000,0.000000
9461.5,0.000000,0.000000
9462.5,0.000000,0.000000
9463.5,0.000000,0.000000
9464.5,0.000000,0.000000
9465.5,0.000000,0.000000
9466.5,0.000000,0.000000
9467.5,0.000000,0.000000
9468.5,0.000000,0.000000
9469.5,0.000000,0.000000
9470.5,0.000000,0.000000
9471.5,0.000000,0.000000
9472.5,0.000000,0.000000
9473.5,0.000000,0.000000
9474.5,0.000000,0.000000
9475.5,0.000000,0.000000
9476.5,0.000000,0.000000
9477.5,0.000000,0.000000
9478.5,0.000000,0.000000
9479.5,0.000000,0.000000
9480.5,0.000000,0.000000
9481.5,0.000000,0.000000
9482.5,0.000000,0.000000
9483.5,0.000000,0.000000
9484.5,0.000000,0.000000
9485.5,0.000000,0.000000
9486.5,0.000000,0.000000
9487.5,0.000000,0.000000
9488.5,0.000000,0.000000
9489.5,0.000000,0.000000
9490.5,0.000000,0.000000
9491.5,0.000000,0.000000
9492.5,0.000000,0.000000
9493.5,0.000000,0.000000
9494.5,0.000000,0.000000
9495.5,0.000000,0.000000
9496.5,0.000000,0.000000
9497.5,0.000000,0.000000
9498.5,0.000000,0.000000
9499.5,0.000000,0.000000
9500.5,0.000000,0.000000
9501.5,0.000000,0.000000
9502.5,0.000000,0.000000
9503.5,0.000000,0.000000
9504.5,0.000000,0.000000
9505.5,0.000000,0.000000
9506.5,0.000000,0.000000
9507.5,0.000000,0.000000
9508.5,0.000000,0.000000
9509.5,0.000000,0.000000
9510.5,0.000000,0.000000
9511.5,0.000000,0.000000
9512.5,0.000000,0.000000
9513.5,0.000000,0.000000
9514.5,0.000000,0.000000
9515.5,0.000000,0.000000
9516.5,0.000000,0.000000
9517.5,0.000000,0.000000
9518.5,0.000000,0.000000
9519.5,0.000000,0.000000
9520.5,0.000000,0.000000
9521.5,0.000000,0.000000
9522.5,0.000000,0.000000
9523.5,0.000000,0.000000
9524.5,0.000000,0.000000
9525.5,0.000000,0.000000
9526.5,0.000000,0.000000
9527.5,0.000000,0.000000
9528.5,0.000000,0.000000
9529.5,0.000000,0.000000
9530.5,0.000000,0.000000
9531.5,0.000000,0.000000
9532.5,0.000000,0.000000
9533.5,0.000000,0.000000
9534.5,0.000000,0.000000
9535.5,0.000000,0.000000
9536.5,0.000000,0.000000
9537.5,0.000000,0.000000
9538.5,0.000000,0.000000
9539.5,0.000000,0.000000
9540.5,0.000000,0.000000
9541.5,0.000000,0.000000
9542.5,0.000000,0.000000
9543.5,0.000000,0.000000
9544.5,0.000000,0.000000
9545.5,0.000000,0.000000
9546.5,0.000000,0.000000
9547.5,0.000000,0.000000
9548.5,0.000000,0.000000
9549.5,0.000000,0.000000
9550.5,0.000000,0.000000
9551.5,0.000000,0.000000
9552.5,0.000000,0.000000
9553.5,0.000000,0.000000
9554.5,0.000000,0.000000
9555.5,0.000000,0.000000
9556.5,0.000000,0.000000
9557.5,0.000000,0.000000
9558.5,0.000000,0.000000
9559.5,0.000000,0.000000
9560.5,0.000000,0.000000
9561.5,0.000000,0.000000
9562.5,0.000000,0.000000
9563.5,0.000000,0.000000
9564.5,0.000000,0.000000
9565.5,0.000000,0.000000
9566.5,0.000000,0.000000
9567.5,0.000000,0.000000
9568.5,0.000000,0.000000
9569.5,0.000000,0.000000
9570.5,0.000000,0.000000
9571.5,0.000000,0.000000
9572.5,0.000000,0.000000
9573.5,0.000000,0.000000
9574.5,0.000000,0.000000
9575.5,0.000000,0.000000
9576.5,0.000000,0.000000
9577.5,0.000000,0.000000
9578.5,0.000000,0.000000
9579.5,0.000000,0.000000
9580.5,0.000000,0.000000
9581.5,0.000000,0.000000
9582.5,0.000000,0.000000
9583.5,0.000000,0.000000
9584.5,0.000000,0.000000
9585.5,0.000000,0.000000
9586.5,0.000000,0.000000
9587.5,0.000000,0.000000
9588.5,0.000000,0.000000
9589.5,0.000000,0.000000
9590.5,0.000000,0.000000
9591.5,0.000000,0.000000
9592.5,0.000000,0.000000
9593.5,0.000000,0.000000
9594.5,0.000000,0.000000
9595.5,0.000000,0.000000
9596.5,0.000000,0.000000
9597.5,0.000000,0.000000
9598.5,0.000000,0.000000
9599.5,0.000000,0.000000
9600.5,0.000000,0.000000
9601.5,0.000000,0.000000
9602.5,0.000000,0.000000
9603.5,0.000000,0.000000
9604.5,0.000000,0.000000
9605.5,0.000000,0.000000
9606.5,0.000000,0.000000
9607.5,0.000000,0.000000
9608.5,0.000000,0.000000
9609.5,0.000000,0.000000
9610.5,0.000000,0.000000
9611.5,0.000000,0.000000
9612.5,0.000000,0.000000
9613.5,0.000000,0.000000
9614.5,0.000000,0.000000
9615.5,0.000000,0.000000
9616.5,0.000000,0.000000
9617.5,0.000000,0.000000
9618.5,0.000000,0.000000
9619.5,0.000000,0.000000
9620.5,0.000000,0.000000
9621.5,0.000000,0.000000
9622.5,0.000000,0.000000
9623.5,0.000000,0.000000
9624.5,0.000000,0.000000
9625.5,0.000000,0.000000
9626.5,0.000000,0.000000
9627.5,0.000000,0.000000
9628.5,0.000000,0.000000
9629.5,0.000000,0.000000
9630.5,0.000000,0.000000
9631.5,0.000000,0.000000
9632.5,0.000000,0.000000
9633.5,0.000000,0.000000
9634.5,0.000000,0.000000
9635.5,0.000000,0.000000
9636.5,0.000000,0.000000
9637.5,0.000000,0.000000
9638.5,0.000000,0.000000
9639.5,0.000000,0.000000
9640.5,0.000000,0.000000
9641.5,0.000000,0.000000
9642.5,0.000000,0.000000
9643.5,0.000000,0.000000
9644.5,0.000000,0.000000
9645.5,0.000000,0.000000
9646.5,0.000000,0.000000
9647.5,0.000000,0.000000
9648.5,0.000000,0.000000
9649.5,0.000000,0.000000
9650.5,0.000000,0.000000
9651.5,0.000000,0.000000
9652.5,0.000000,0.000000
9653.5,0.000000,0.000000
9654.5,0.000000,0.000000
9655.5,0.000000,0.000000
9656.5,0.000000,0.000000
9657.5,0.000000,0.000000
9658.5,0.000000,0.000000
9659.5,0.000000,0.000000
9660.5,0.000000,0.000000
9661.5,0.000000,0.000000
9662.5,0.000000,0.000000
9663.5,0.000000,0.000000
9664.5,0.000000,0.000000
9665.5,0.000000,0.000000
9666.5,0.000000,0.000000
9667.5,0.000000,0.000000
9668.5,0.000000,0.000000
9669.5,0.000000,0.000000
9670.5,0.000000,0.000000
9671.5,0.000000,0.000000
9672.5,0.000000,0.000000
9673.5,0.000000,0.000000
9674.5,0.000000,0.000000
9675.5,0.000000,0.000000
9676.5,0.000000,0.000000
9677.5,0.000000,0.000000
9678.5,0.000000,0.000000
9679.5,0.000000,0.000000
9680.5,0.000000,0.000000
9681.5,0.000000,0.000000
9682.5,0.000000,0.000000
9683.5,0.000000,0.000000
9684.5,0.000000,0.000000
9685.5,0.000000,0.000000
9686.5,0.000000,0.000000
9687.5,0.000000,0.000000
9688.5,0.000000,0.000000
9689.5,0.000000,0.000000
9690.5,0.000000,0.000000
9691.5,0.000000,0.000000
9692.5,0.000000,0.000000
9693.5,0.000000,0.000000
9694.5,0.000000,0.000000
9695.5,0.000000,0.000000
9696.5,0.000000,0.000000
9697.5,0.000000,0.000000
9698.5,0.000000,0.000000
9699.5,0.000000,0.000000
9700.5,0.000000,0.000000
9701.5,0.000000,0.000000
9702.5,0.000000,0.000000
9703.5,0.000000,0.000000
9704.5,0.000000,0.000000
9705.5,0.000000,0.000000
9706.5,0.000000,0.000000
9707.5,0.000000,0.000000
9708.5,0.000000,0.000000
9709.5,0.000000,0.000000
9710.5,0.000000,0.000000
9711.5,0.000000,0.000000
9712.5,0.000000,0.000000
9713.5,0.000000,0.000000
9714.5,0.000000,0.000000
9715.5,0.000000,0.000000
9716.5,0.000000,0.000000
9717.5,0.000000,0.000000
9718.5,0.000000,0.000000
9719.5,0.000000,0.000000
9720.5,0.000000,0.000000
9721.5,0.000000,0.000000
9722.5,0.000000,0.000000
9723.5,0.000000,0.000000
9724.5,0.000000,0.000000
9725.5,0.000000,0.000000
9726.5,0.000000,0.000000
9727.5,0.000000,0.000000
9728.5,0.000000,0.000000
9729.5,0.000000,0.000000
9730.5,0.000000,0.000000
9731.5,0.000000,0.000000
9732.5,0.000000,0.000000
9733.5,0.000000,0.000000
9734.5,0.000000,0.000000
9735.5,0.000000,0.000000
9736.5,0.000000,0.000000
9737.5,0.000000,0.000000
9738.5,0.000000,0.000000
9739.5,0.000000,0.000000
9740.5,0.000000,0.000000
9741.5,0.000000,0.000000
9742.5,0.000000,0.000000
9743.5,0.000000,0.000000
9744.5,0.000000,0.000000
9745.5,0.000000,0.000000
9746.5,0.000000,0.000000
9747.5,0.000000,0.000000
9748.5,0.000000,0.000000
9749.5,0.000000,0.000000
9750.5,0.000000,0.000000
9751.5,0.000000,0.000000
9752.5,0.000000,0.000000
9753.5,0.000000,0.000000
9754.5,0.000000,0.000000
9755.5,0.000000,0.000000
9756.5,0.000000,0.000000
9757.5,0.000000,0.000000
9758.5,0.000000,0.000000
9759.5,0.000000,0.000000
9760.5,0.000000,0.000000
9761.5,0.000000,0.000000
9762.5,0.000000,0.000000
9763.5,0.000000,0.000000
9764.5,0.000000,0.000000
9765.5,0.000000,0.000000
9766.5,0.000000,0.000000
9767.5,0.000000,0.000000
9768.5,0.000000,0.000000
9769.5,0.000000,0.000000
9770.5,0.000000,0.000000
9771.5,0.000000,0.000000
9772.5,0.000000,0.000000
9773.5,0.000000,0.000000
9774.5,0.000000,0.000000
9775.5,0.000000,0.000000
9776.5,0.000000,0.000000
9777.5,0.000000,0.000000
9778.5,0.000000,0.000000
9779.5,0.000000,0.000000
9780.5,0.000000,0.000000
9781.5,0.000000,0.000000
9782.5,0.000000,0.000000
9783.5,0.000000,0.000000
9784.5,0.000000,0.000000
9785.5,0.000000,0.000000
9786.5,0.000000,0.000000
9787.5,0.000000,0.000000
9788.5,0.000000,0.000000
9789.5,0.000000,0.000000
9790.5,0.000000,0.000000
9791.5,0.000000,0.000000
9792.5,0.000000,0.000000
9793.5,0.000000,0.000000
9794.5,0.000000,0.000000
9795.5,0.000000,0.000000
9796.5,0.000000,0.000000
9797.5,0.000000,0.000000
9798.5,0.000000,0.000000
9799.5,0.000000,0.000000
9800.5,0.000000,0.000000
9801.5,0.000000,0.000000
9802.5,0.000000,0.000000
9803.5,0.000000,0.000000
9804.5,0.000000,0.000000
9805.5,0.000000,0.000000
9806.5,0.000000,0.000000
9807.5,0.000000,0.000000
9808.5,0.000000,0.000000
9809.5,0.000000,0.000000
9810.5,0.000000,0.000000
9811.5,0.000000,0.000000
9812.5,0.000000,0.000000
9813.5,0.000000,0.000000
9814.5,0.000000,0.000000
9815.5,0.000000,0.000000
9816.5,0.000000,0.000000
9817.5,0.000000,0.000000
9818.5,0.000000,0.000000
9819.5,0.000000,0.000000
9820.5,0.000000,0.000000
9821.5,0.000000,0.000000
9822.5,0.000000,0.000000
9823.5,0.000000,0.000000
9824.5,0.000000,0.000000
9825.5,0.000000,0.000000
9826.5,0.000000,0.000000
9827.5,0.000000,0.000000
9828.5,0.000000,0.000000
9829.5,0.000000,0.000000
9830.5,0.000000,0.000000
9831.5,0.000000,0.000000
9832.5,0.000000,0.000000
9833.5,0.000000,0.000000
9834.5,0.000000,0.000000
9835.5,0.000000,0.000000
9836.5,0.000000,0.000000
9837.5,0.000000,0.000000
9838.5,0.000000,0.000000
9839.5,0.000000,0.000000
9840.5,0.000000,0.000000
9841.5,0.000000,0.000000
9842.5,0.000000,0.000000
9843.5,0.000000,0.000000
9844.5,0.000000,0.000000
9845.5,0.000000,0.000000
9846.5,0.000000,0.000000
9847.5,0.000000,0.000000
9848.5,0.000000,0.000000
9849.5,0.000000,0.000000
9850.5,0.000000,0.000000
9851.5,0.000000,0.000000
9852.5,0.000000,0.000000
9853.5,0.000000,0.000000
9854.5,0.000000,0.000000
9855.5,0.000000,0.000000
9856.5,0.000000,0.000000
9857.5,0.000000,0.000000
9858.5,0.000000,0.000000
9859.5,0.000000,0.000000
9860.5,0.000000,0.000000
9861.5,0.000000,0.000000
9862.5,0.000000,0.000000
9863.5,0.000000,0.000000
9864.5,0.000000,0.000000
9865.5,0.000000,0.000000
9866.5,0.000000,0.000000
9867.5,0.000000,0.000000
9868.5,0.000000,0.000000
9869.5,0.000000,0.000000
9870.5,0.000000,0.000000
9871.5,0.000000,0.000000
9872.5,0.000000,0.000000
9873.5,0.000000,0.000000
9874.5,0.000000,0.000000
9875.5,0.000000,0.000000
9876.5,0.000000,0.000000
9877.5,0.000000,0.000000
9878.5,0.000000,0.000000
9879.5,0.000000,0.000000
9880.5,0.000000,0.000000
9881.5,0.000000,0.000000
9882.5,0.000000,0.000000
9883.5,0.000000,0.000000
9884.5,0.000000,0.000000
9885.5,0.000000,0.000000
9886.5,0.000000,0.000000
9887.5,0.000000,0.000000
9888.5,0.000000,0.000000
9889.5,0.000000,0.000000
9890.5,0.000000,0.000000
9891.5,0.000000,0.000000
9892.5,0.000000,0.000000
9893.5,0.000000,0.000000
9894.5,0.000000,0.000000
9895.5,0.000000,0.000000
9896.5,0.000000,0.000000
9897.5,0.000000,0.000000
9898.5,0.000000,0.000000
9899.5,0.000000,0.000000
9900.5,0.000000,0.000000
9901.5,0.000000,0.000000
9902.5,0.000000,0.000000
9903.5,0.000000,0.000000
9904.5,0.000000,0.000000
9905.5,0.000000,0.000000
9906.5,0.000000,0.000000
9907.5,0.000000,0.000000
9908.5,0.000000,0.000000
9909.5,0.000000,0.000000
9910.5,0.000000,0.000000
9911.5,0.000000,0.000000
9912.5,0.000000,0.000000
9913.5,0.000000,0.000000
9914.5,0.000000,0.000000
9915.5,0.000000,0.000000
9916.5,0.000000,0.000000
9917.5,0.000000,0.000000
9918.5,0.000000,0.000000
9919.5,0.000000,0.000000
9920.5,0.000000,0.000000
9921.5,0.000000,0.000000
9922.5,0.000000,0.000000
9923.5,0.000000,0.000000
9924.5,0.000000,0.000000
9925.5,0.000000,0.000000
9926.5,0.000000,0.000000
9927.5,0.000000,0.000000
9928.5,0.000000,0.000000
9929.5,0.000000,0.000000
9930.5,0.000000,0.000000
9931.5,0.000000,0.000000
9932.5,0.000000,0.000000
9933.5,0.000000,0.000000
9934.5,0.000000,0.000000
9935.5,0.000000,0.000000
9936.5,0.000000,0.000000
9937.5,0.000000,0.000000
9938.5,0.000000,0.000000
9939.5,0.000000,0.000000
9940.5,0.000000,0.000000
9941.5,0.000000,0.000000
9942.5,0.000000,0.000000
9943.5,0.000000,0.000000
9944.5,0.000000,0.000000
9945.5,0.000000,0.000000
9946.5,0.000000,0.000000
9947.5,0.000000,0.000000
9948.5,0.000000,0.000000
9949.5,0.000000,0.000000
9950.5,0.000000,0.000000
9951.5,0.000000,0.000000
9952.5,0.000000,0.000000
9953.5,0.000000,0.000000
9954.5,0.000000,0.000000
9955.5,0.000000,0.000000
9956.5,0.000000,0.000000
9957.5,0.000000,0.000000
9958.5,0.000000,0.000000
9959.5,0.000000,0.000000
9960.5,0.000000,0.000000
9961.5,0.000000,0.000000
9962.5,0.000000,0.000000
9963.5,0.000000,0.000000
9964.5,0.000000,0.000000
9965.5,0.000000,0.000000
9966.5,0.000000,0.000000
9967.5,0.000000,0.000000
9968.5,0.000000,0.000000
9969.5,0.000000,0.000000
9970.5,0.000000,0.000000
9971.5,0.000000,0.000000
9972.5,0.000000,0.000000
9973.5,0.000000,0.000000
9974.5,0.000000,0.000000
9975.5,0.000000,0.000000
9976.5,0.000000,0.000000
9977.5,0.000000,0.000000
9978.5,0.000000,0.000000
9979.5,0.000000,0.000000
9980.5,0.000000,0.000000
9981.5,0.000000,0.000000
9982.5,0.000000,0.000000
9983.5,0.000000,0.000000
9984.5,0.000000,0.000000
9985.5,0.000000,0.000000
9986.5,0.000000,0.000000
9987.5,0.000000,0.000000
9988.5,0.000000,0.000000
9989.5,0.000000,0.000000
9990.5,0.000000,0.000000
9991.5,0.000000,0.000000
9992.5,0.000000,0.000000
9993.5,0.000000,0.000000
9994.5,0.000000,0.000000
9995.5,0.000000,0.000000
9996.5,0.000000,0.000000
9997.5,0.000000,0.000000
9998.5,0.000000,0.000000
9999.5,0.000000,0.000000
