# rates per second, merged T_sim_s=799.9997
bin_keV,sumw,sumw2,light_sumw,light_sumw2
0,0,0,0,0
1,0.002083334115,1.049812173e-07,0.002083334115,1.049812173e-07
2,0.002555556514,1.237462348e-07,0.002555556514,1.237462348e-07
3,0.002145371175,1.206032283e-07,0.002145371175,1.206032283e-07
4,0.0031544324,1.49783e-07,0.0031544324,1.49783e-07
5,0.005132156807,2.589345858e-07,0.005132156807,2.589345858e-07
6,0.005141668595,2.500970669e-07,0.005141668595,2.500970669e-07
7,0.00600000225,3.010547525e-07,0.00600000225,3.010547525e-07
8,0.004903474061,2.303080109e-07,0.004903474061,2.303080109e-07
9,0.005017079297,2.600614346e-07,0.005017079297,2.600614346e-07
10,0.006322753694,3.24278154e-07,0.006322753694,3.24278154e-07
11,0.004854378925,2.251875612e-07,0.004854378925,2.251875612e-07
12,0.00640026695,3.332525735e-07,0.00640026695,3.332525735e-07
13,0.006218520851,3.358164384e-07,0.006218520851,3.358164384e-07
14,0.005310187177,2.414053594e-07,0.005310187177,2.414053594e-07
15,0.006349407143,3.042084889e-07,0.006349407143,3.042084889e-07
16,0.006725465485,5.039460656e-07,0.006725465485,5.039460656e-07
17,0.00622017429,3.190826812e-07,0.00622017429,3.190826812e-07
18,0.005925928148,3.124573674e-07,0.005925928148,3.124573674e-07
19,0.005987849468,3.930395743e-07,0.005987849468,3.930395743e-07
20,0.007845241037,4.499859902e-07,0.007845241037,4.499859902e-07
21,0.006465280202,3.926025321e-07,0.006465280202,3.926025321e-07
22,0.00735979112,3.550688884e-07,0.00735979112,3.550688884e-07
23,0.007580558398,3.784956542e-07,0.007580558398,3.784956542e-07
24,0.00772407697,3.954169632e-07,0.00772407697,3.954169632e-07
25,0.01730000649,8.63954266e-07,0.01730000649,8.63954266e-07
26,0.007487568945,3.401203175e-07,0.007487568945,3.401203175e-07
27,0.009063958425,4.278758397e-07,0.009063958425,4.278758397e-07
28,0.0107277818,5.194156845e-07,0.0107277818,5.194156845e-07
29,0.01030269346,5.670770302e-07,0.01030269346,5.670770302e-07
30,0.0106713003,5.29183353e-07,0.0106713003,5.29183353e-07
31,0.01126389311,5.133105701e-07,0.01126389311,5.133105701e-07
32,0.01316661549,6.745392348e-07,0.01316661549,6.745392348e-07
33,0.0135482855,6.578606282e-07,0.0135482855,6.578606282e-07
34,0.01089768927,5.531899296e-07,0.01089768927,5.531899296e-07
35,0.01128102275,5.658888418e-07,0.01128102275,5.658888418e-07
36,0.01393796819,6.902590053e-07,0.01393796819,6.902590053e-07
37,0.01421296829,7.726343244e-07,0.01421296829,7.726343244e-07
38,0.01481713519,7.693363537e-07,0.01481713519,7.693363537e-07
39,0.01522718825,7.415954645e-07,0.01522718825,7.415954645e-07
40,0.01617990025,9.190914903e-07,0.01617990025,9.190914903e-07
41,0.01688810157,9.830983201e-07,0.01688810157,9.830983201e-07
42,0.01681978144,8.868394863e-07,0.01681978144,8.868394863e-07
43,0.01751945101,1.052442919e-06,0.01751945101,1.052442919e-06
44,0.01828951303,1.002748047e-06,0.01828951303,1.002748047e-06
45,0.01833025379,1.131064139e-06,0.01833025379,1.131064139e-06
46,0.0201385878,1.033165022e-06,0.0201385878,1.033165022e-06
47,0.01730857894,8.665442709e-07,0.01730857894,8.665442709e-07
48,0.02070721676,1.072459446e-06,0.02070721676,1.072459446e-06
49,0.02158287846,1.093849629e-06,0.02158287846,1.093849629e-06
50,0.02018148905,1.074800189e-06,0.02018148905,1.074800189e-06
51,0.02082441257,1.058372554e-06,0.02082441257,1.058372554e-06
52,0.02369174169,1.388936476e-06,0.02369174169,1.388936476e-06
53,0.02179379124,1.156394909e-06,0.02179379124,1.156394909e-06
54,0.02242084174,1.142364326e-06,0.02242084174,1.142364326e-06
55,0.02300663341,1.326990174e-06,0.02300663341,1.326990174e-06
56,0.02292037897,1.134786088e-06,0.02292037897,1.134786088e-06
57,0.02221819616,1.160388672e-06,0.02221819616,1.160388672e-06
58,0.02311371441,1.416370742e-06,0.02311371441,1.416370742e-06
59,0.02157408216,1.106096509e-06,0.02157408216,1.106096509e-06
60,0.02214352682,1.185421842e-06,0.02214352682,1.185421842e-06
61,0.0241428662,1.272808319e-06,0.0241428662,1.272808319e-06
62,0.0212986191,1.256157707e-06,0.0212986191,1.256157707e-06
63,0.02199193946,1.145913505e-06,0.02199193946,1.145913505e-06
64,0.02131574873,1.102031433e-06,0.02131574873,1.102031433e-06
65,0.02354265754,1.371588551e-06,0.02354265754,1.371588551e-06
66,0.02097774356,1.108396791e-06,0.02097774356,1.108396791e-06
67,0.02107377333,1.084948897e-06,0.02107377333,1.084948897e-06
68,0.02196621194,1.1054983e-06,0.02196621194,1.1054983e-06
69,0.01988426672,1.068180671e-06,0.01988426672,1.068180671e-06
70,0.02114680026,1.178810317e-06,0.02114680026,1.178810317e-06
71,0.02018565572,1.279113399e-06,0.02018565572,1.279113399e-06
72,0.02171092084,1.194769209e-06,0.02171092084,1.194769209e-06
73,0.02365291892,1.435369373e-06,0.02365291892,1.435369373e-06
74,0.02002454455,1.017129321e-06,0.02002454455,1.017129321e-06
75,0.02325463835,1.134004194e-06,0.02325463835,1.134004194e-06
76,0.02038146908,1.090547194e-06,0.02038146908,1.090547194e-06
77,0.01887176634,9.638418151e-07,0.01887176634,9.638418151e-07
78,0.02102629757,1.200507873e-06,0.02102629757,1.200507873e-06
79,0.01846667359,8.933151418e-07,0.01846667359,8.933151418e-07
80,0.01901207723,1.042687316e-06,0.01901207723,1.042687316e-06
81,0.01791204375,9.615169248e-07,0.01791204375,9.615169248e-07
82,0.01919115979,1.033071696e-06,0.01919115979,1.033071696e-06
83,0.0204552071,1.022878123e-06,0.0204552071,1.022878123e-06
84,0.01828005736,1.013290624e-06,0.01828005736,1.013290624e-06
85,0.01913849924,9.891322926e-07,0.01913849924,9.891322926e-07
86,0.018138565,9.5806165e-07,0.018138565,9.5806165e-07
87,0.01925849488,1.063894569e-06,0.01925849488,1.063894569e-06
88,0.01758773808,8.973065393e-07,0.01758773808,8.973065393e-07
89,0.01662959378,8.896329096e-07,0.01662959378,8.896329096e-07
90,0.01731574723,8.980146481e-07,0.01731574723,8.980146481e-07
91,0.01846296989,9.212541203e-07,0.01846296989,9.212541203e-07
92,0.01634028391,8.595739043e-07,0.01634028391,8.595739043e-07
93,0.01647878704,8.53884534e-07,0.01647878704,8.53884534e-07
94,0.01800393292,1.036839263e-06,0.01800393292,1.036839263e-06
95,0.01552593175,7.781568765e-07,0.01552593175,7.781568765e-07
96,0.01643148764,8.163187707e-07,0.01643148764,8.163187707e-07
97,0.01597500599,8.119476255e-07,0.01597500599,8.119476255e-07
98,0.0164023871,9.971514784e-07,0.0164023871,9.971514784e-07
99,0.01462685734,7.148573605e-07,0.01462685734,7.148573605e-07
100,0.01498843155,6.972982982e-07,0.01498843155,6.972982982e-07
101,0.01397222746,7.505578331e-07,0.01397222746,7.505578331e-07
102,0.01461350957,9.190705841e-07,0.01461350957,9.190705841e-07
103,0.0139970511,7.779511024e-07,0.0139970511,7.779511024e-07
104,0.01332130129,6.496566944e-07,0.01332130129,6.496566944e-07
105,0.01442994368,6.782687796e-07,0.01442994368,6.782687796e-07
106,0.01379938789,6.680913028e-07,0.01379938789,6.680913028e-07
107,0.01310417158,6.861332735e-07,0.01310417158,6.861332735e-07
108,0.01424405296,7.349345711e-07,0.01424405296,7.349345711e-07
109,0.01358333843,7.995521043e-07,0.01358333843,7.995521043e-07
110,0.01352452106,7.070458294e-07,0.01352452106,7.070458294e-07
111,0.01239614662,5.694931921e-07,0.01239614662,5.694931921e-07
112,0.01364348455,1.009928397e-06,0.01364348455,1.009928397e-06
113,0.01132407832,5.449678299e-07,0.01132407832,5.449678299e-07
114,0.01369151748,8.024002217e-07,0.01369151748,8.024002217e-07
115,0.01193056003,6.228031077e-07,0.01193056003,6.228031077e-07
116,0.01255525162,6.431502975e-07,0.01255525162,6.431502975e-07
117,0.01395542851,7.538419157e-07,0.01395542851,7.538419157e-07
118,0.01170972661,5.6796789e-07,0.01170972661,5.6796789e-07
119,0.01166759697,6.090290919e-07,0.01166759697,6.090290919e-07
120,0.01326852349,6.612672141e-07,0.01326852349,6.612672141e-07
121,0.01342315318,6.555937702e-07,0.01342315318,6.555937702e-07
122,0.01168423057,5.750479578e-07,0.01168423057,5.750479578e-07
123,0.01110350946,6.229272163e-07,0.01110350946,6.229272163e-07
124,0.01140278205,5.745674748e-07,0.01140278205,5.745674748e-07
125,0.0118606526,6.46897133e-07,0.0118606526,6.46897133e-07
126,0.011272491,5.809443745e-07,0.011272491,5.809443745e-07
127,0.01155926359,5.715504972e-07,0.01155926359,5.715504972e-07
128,0.0120351897,6.105422961e-07,0.0120351897,6.105422961e-07
129,0.01015972603,4.955690017e-07,0.01015972603,4.955690017e-07
130,0.009966670404,5.198632157e-07,0.009966670404,5.198632157e-07
131,0.009941934945,4.935750532e-07,0.009941934945,4.935750532e-07
132,0.00957778137,4.740024131e-07,0.00957778137,4.740024131e-07
133,0.009272159562,4.824234944e-07,0.009272159562,4.824234944e-07
134,0.01074444847,5.416109171e-07,0.01074444847,5.416109171e-07
135,0.008622225456,3.899539962e-07,0.008622225456,3.899539962e-07
136,0.008490743925,4.402438144e-07,0.008490743925,4.402438144e-07
137,0.009803244417,4.681984393e-07,0.009803244417,4.681984393e-07
138,0.01090185928,6.933120932e-07,0.01090185928,6.933120932e-07
139,0.009457675504,5.302931877e-07,0.009457675504,5.302931877e-07
140,0.01018902498,5.137718888e-07,0.01018902498,5.137718888e-07
141,0.008336974026,5.095690051e-07,0.008336974026,5.095690051e-07
142,0.008740744019,4.274587397e-07,0.008740744019,4.274587397e-07
143,0.009542596171,4.946466115e-07,0.009542596171,4.946466115e-07
144,0.009051524557,4.989448458e-07,0.009051524557,4.989448458e-07
145,0.01041164412,5.896764032e-07,0.01041164412,5.896764032e-07
146,0.008980558923,4.284493954e-07,0.008980558923,4.284493954e-07
147,0.007074076727,3.580249599e-07,0.007074076727,3.580249599e-07
148,0.00895648484,5.340067449e-07,0.00895648484,5.340067449e-07
149,0.009202384403,4.932291429e-07,0.009202384403,4.932291429e-07
150,0.007664817689,3.708113206e-07,0.007664817689,3.708113206e-07
151,0.008027780788,4.198069849e-07,0.008027780788,4.198069849e-07
152,0.007952549279,3.835857322e-07,0.007952549279,3.835857322e-07
153,0.007583336177,3.883747769e-07,0.007583336177,3.883747769e-07
154,0.008226854937,4.155220023e-07,0.008226854937,4.155220023e-07
155,0.008501855041,4.160102571e-07,0.008501855041,4.160102571e-07
156,0.006673150651,3.16451712e-07,0.006673150651,3.16451712e-07
157,0.008253309974,3.892981664e-07,0.008253309974,3.892981664e-07
158,0.008138891941,4.107513369e-07,0.008138891941,4.107513369e-07
159,0.006437502414,3.160314013e-07,0.006437502414,3.160314013e-07
160,0.006766669204,3.143263674e-07,0.006766669204,3.143263674e-07
161,0.006393388641,3.198911304e-07,0.006393388641,3.198911304e-07
162,0.00787453999,4.125648242e-07,0.00787453999,4.125648242e-07
163,0.007605558408,3.798922602e-07,0.007605558408,3.798922602e-07
164,0.007680755153,4.01258822e-07,0.007680755153,4.01258822e-07
165,0.007406947222,3.455144481e-07,0.007406947222,3.455144481e-07
166,0.006787304132,3.301477186e-07,0.006787304132,3.301477186e-07
167,0.008072688213,4.9928071e-07,0.008072688213,4.9928071e-07
168,0.006559724682,3.068377215e-07,0.006559724682,3.068377215e-07
169,0.007131484156,3.468658294e-07,0.007131484156,3.468658294e-07
170,0.007571762099,4.048839199e-07,0.007571762099,4.048839199e-07
171,0.006287039395,3.17858606e-07,0.006287039395,3.17858606e-07
172,0.006680558061,3.313831361e-07,0.006680558061,3.313831361e-07
173,0.006712039554,3.41204817e-07,0.006712039554,3.41204817e-07
174,0.006262502349,2.962984475e-07,0.006262502349,2.962984475e-07
175,0.007362965724,4.227403719e-07,0.007362965724,4.227403719e-07
176,0.00521481677,2.345972267e-07,0.00521481677,2.345972267e-07
177,0.007381947213,4.079060416e-07,0.007381947213,4.079060416e-07
178,0.006881484063,3.55610692e-07,0.006881484063,3.55610692e-07
179,0.006194446767,2.872944541e-07,0.006194446767,2.872944541e-07
180,0.005357409416,2.747310016e-07,0.005357409416,2.747310016e-07
181,0.00724722494,3.554606575e-07,0.00724722494,3.554606575e-07
182,0.006176742243,2.815467027e-07,0.006176742243,2.815467027e-07
183,0.005993983729,3.132309019e-07,0.005993983729,3.132309019e-07
184,0.004828705514,2.430424491e-07,0.004828705514,2.430424491e-07
185,0.004587303308,2.165858193e-07,0.004587303308,2.165858193e-07
186,0.005672224349,2.862193505e-07,0.005672224349,2.862193505e-07
187,0.006131946744,3.187856043e-07,0.006131946744,3.187856043e-07
188,0.005599076174,2.565558337e-07,0.005599076174,2.565558337e-07
189,0.004925927773,2.6526083e-07,0.004925927773,2.6526083e-07
190,0.00567173934,2.749275268e-07,0.00567173934,2.749275268e-07
191,0.005499836718,2.807335381e-07,0.005499836718,2.807335381e-07
192,0.006010187439,2.806252105e-07,0.006010187439,2.806252105e-07
193,0.00520139084,2.820700418e-07,0.00520139084,2.820700418e-07
194,0.004691668427,2.350044629e-07,0.004691668427,2.350044629e-07
195,0.006861113684,3.557101433e-07,0.006861113684,3.557101433e-07
196,0.005166668604,2.500001875e-07,0.005166668604,2.500001875e-07
197,0.005235451699,2.636966228e-07,0.005235451699,2.636966228e-07
198,0.005784724391,2.737297363e-07,0.005784724391,2.737297363e-07
199,0.004636575813,2.347877704e-07,0.004636575813,2.347877704e-07
200,0.0040000015,1.990742234e-07,0.0040000015,1.990742234e-07
201,0.004950129044,2.56912489e-07,0.004950129044,2.56912489e-07
202,0.004939816667,2.511361623e-07,0.004939816667,2.511361623e-07
203,0.004597223946,2.192324175e-07,0.004597223946,2.192324175e-07
204,0.005010293902,2.44076313e-07,0.005010293902,2.44076313e-07
205,0.004974538903,2.41442868e-07,0.004974538903,2.41442868e-07
206,0.003879631084,1.856139938e-07,0.003879631084,1.856139938e-07
207,0.005052691489,2.439886534e-07,0.005052691489,2.439886534e-07
208,0.00406944597,2.303885473e-07,0.00406944597,2.303885473e-07
209,0.004373678889,1.912956174e-07,0.004373678889,1.912956174e-07
210,0.004453705374,2.304957147e-07,0.004453705374,2.304957147e-07
211,0.003770834747,1.919850977e-07,0.003770834747,1.919850977e-07
212,0.003920140359,2.309150073e-07,0.003920140359,2.309150073e-07
213,0.003990279274,1.923786165e-07,0.003990279274,1.923786165e-07
214,0.005032409295,2.456063228e-07,0.005032409295,2.456063228e-07
215,0.003578705046,1.7016045e-07,0.003578705046,1.7016045e-07
216,0.005092594502,3.254031933e-07,0.005092594502,3.254031933e-07
217,0.004819446252,2.237012995e-07,0.004819446252,2.237012995e-07
218,0.004128308426,1.895901243e-07,0.004128308426,1.895901243e-07
219,0.004111112653,2.407409213e-07,0.004111112653,2.407409213e-07
220,0.004351853484,2.250087421e-07,0.004351853484,2.250087421e-07
221,0.003518519838,1.72539567e-07,0.003518519838,1.72539567e-07
222,0.003858467055,3.050851228e-07,0.003858467055,3.050851228e-07
223,0.003805556983,2.106483061e-07,0.003805556983,2.106483061e-07
224,0.00369143657,1.997121375e-07,0.00369143657,1.997121375e-07
225,0.004724538809,2.817056725e-07,0.004724538809,2.817056725e-07
226,0.004386421398,2.089157183e-07,0.004386421398,2.089157183e-07
227,0.00398379779,2.514603438e-07,0.00398379779,2.514603438e-07
228,0.003372223487,1.518211015e-07,0.003372223487,1.518211015e-07
229,0.003027778913,1.570217227e-07,0.003027778913,1.570217227e-07
230,0.003797256715,1.754352934e-07,0.003797256715,1.754352934e-07
231,0.002777778819,1.423612179e-07,0.002777778819,1.423612179e-07
232,0.003472223524,1.58179131e-07,0.003472223524,1.58179131e-07
233,0.003472223524,1.998458289e-07,0.003472223524,1.998458289e-07
234,0.003344908662,1.596633999e-07,0.003344908662,1.596633999e-07
235,0.003384260528,1.564430186e-07,0.003384260528,1.564430186e-07
236,0.00430555717,2.106483061e-07,0.00430555717,2.106483061e-07
237,0.003412459192,1.7514099e-07,0.003412459192,1.7514099e-07
238,0.002496528714,1.223597561e-07,0.002496528714,1.223597561e-07
239,0.003122223393,1.556791291e-07,0.003122223393,1.556791291e-07
240,0.0032000012,1.477161602e-07,0.0032000012,1.477161602e-07
241,0.003202382153,1.950036106e-07,0.003202382153,1.950036106e-07
242,0.003168519707,1.573080741e-07,0.003168519707,1.573080741e-07
243,0.003027778913,1.458334427e-07,0.003027778913,1.458334427e-07
244,0.003856482928,2.206148774e-07,0.003856482928,2.206148774e-07
245,0.002097223008,8.969914134e-08,0.002097223008,8.969914134e-08
246,0.003670140265,1.803748459e-07,0.003670140265,1.803748459e-07
247,0.003260417889,1.56889103e-07,0.003260417889,1.56889103e-07
248,0.002304654544,9.513877154e-08,0.002304654544,9.513877154e-08
249,0.002691799951,1.50638043e-07,0.002691799951,1.50638043e-07
250,0.003430556842,8.412429147e-07,0.003430556842,8.412429147e-07
251,0.00230555642,1.257716993e-07,0.00230555642,1.257716993e-07
252,0.002121528573,9.938037932e-08,0.002121528573,9.938037932e-08
253,0.002748678279,1.405196877e-07,0.002748678279,1.405196877e-07
254,0.002952161601,1.406346315e-07,0.002952161601,1.406346315e-07
255,0.002489815749,1.178164464e-07,0.002489815749,1.178164464e-07
256,0.002699075086,1.234886043e-07,0.002699075086,1.234886043e-07
257,0.002601852827,1.26243236e-07,0.002601852827,1.26243236e-07
258,0.002003858776,9.226907592e-08,0.002003858776,9.226907592e-08
259,0.00229814901,1.909157811e-07,0.00229814901,1.909157811e-07
260,0.002388889785,1.141976165e-07,0.002388889785,1.141976165e-07
261,0.002888889972,1.743828468e-07,0.002888889972,1.743828468e-07
262,0.002722223243,1.203704606e-07,0.002722223243,1.203704606e-07
263,0.00393796444,1.918837173e-07,0.00393796444,1.918837173e-07
264,0.003010252452,1.413600772e-07,0.003010252452,1.413600772e-07
265,0.002075926704,9.815165111e-08,0.002075926704,9.815165111e-08
266,0.002303241604,1.679581592e-07,0.002303241604,1.679581592e-07
267,0.001675000628,9.497692308e-08,0.001675000628,9.497692308e-08
268,0.001791667339,1.398535e-07,0.001791667339,1.398535e-07
269,0.002699075086,1.300798301e-07,0.002699075086,1.300798301e-07
270,0.002783334377,1.356276737e-07,0.002783334377,1.356276737e-07
271,0.001959259994,8.8902673e-08,0.001959259994,8.8902673e-08
272,0.001918519238,9.442222444e-08,0.001918519238,9.442222444e-08
273,0.002342593471,1.142833505e-07,0.002342593471,1.142833505e-07
274,0.001925926648,9.5850552e-08,0.001925926648,9.5850552e-08
275,0.001972222962,1.238426855e-07,0.001972222962,1.238426855e-07
276,0.002564815777,1.333162865e-07,0.002564815777,1.333162865e-07
277,0.002194445267,9.645068962e-08,0.002194445267,9.645068962e-08
278,0.00249305649,1.071084908e-07,0.00249305649,1.071084908e-07
279,0.001506173404,7.908480249e-08,0.001506173404,7.908480249e-08
280,0.002520834278,1.186825736e-07,0.002520834278,1.186825736e-07
281,0.001829167353,8.682298178e-08,0.001829167353,8.682298178e-08
282,0.002666667667,1.265433048e-07,0.002666667667,1.265433048e-07
283,0.002361111996,1.13426011e-07,0.002361111996,1.13426011e-07
284,0.002601852828,1.420611491e-07,0.002601852828,1.420611491e-07
285,0.002174537852,1.14220979e-07,0.002174537852,1.14220979e-07
286,0.002662038035,1.617049395e-07,0.002662038035,1.617049395e-07
287,0.001601852453,7.467426726e-08,0.001601852453,7.467426726e-08
288,0.001827381638,8.085804684e-08,0.001827381638,8.085804684e-08
289,0.001583333927,9.143525376e-08,0.001583333927,9.143525376e-08
290,0.001736111762,8.043987515e-08,0.001736111762,8.043987515e-08
291,0.002027778538,9.182105652e-08,0.002027778538,9.182105652e-08
292,0.001879630334,8.804876288e-08,0.001879630334,8.804876288e-08
293,0.002296297157,9.087798311e-08,0.002296297157,9.087798311e-08
294,0.001861111809,8.873463445e-08,0.001861111809,8.873463445e-08
295,0.001829630316,9.284643452e-08,0.001829630316,9.284643452e-08
296,0.001666667292,8.333339583e-08,0.001666667292,8.333339583e-08
297,0.002500000938,1.188272496e-07,0.002500000938,1.188272496e-07
298,0.001844445136,7.166672042e-08,0.001844445136,7.166672042e-08
299,0.001500000562,7.561734066e-08,0.001500000562,7.561734066e-08
300,0.002444445361,1.3425936e-07,0.002444445361,1.3425936e-07
301,0.001750000656,7.947536826e-08,0.001750000656,7.947536826e-08
302,0.001666667292,8.371919859e-08,0.001666667292,8.371919859e-08
303,0.001892857853,8.974244574e-08,0.001892857853,8.974244574e-08
304,0.001453704249,7.210224886e-08,0.001453704249,7.210224886e-08
305,0.001168518957,5.815676516e-08,0.001168518957,5.815676516e-08
306,0.001535417242,6.873703072e-08,0.001535417242,6.873703072e-08
307,0.001832871058,8.839019832e-08,0.001832871058,8.839019832e-08
308,0.002035715049,1.051115679e-07,0.002035715049,1.051115679e-07
309,0.001972222962,9.182105653e-08,0.001972222962,9.182105653e-08
310,0.001709326038,8.085421943e-08,0.001709326038,8.085421943e-08
311,0.001086805963,4.59225846e-08,0.001086805963,4.59225846e-08
312,0.001450000544,6.206794778e-08,0.001450000544,6.206794778e-08
313,0.001425926461,6.001376243e-08,0.001425926461,6.001376243e-08
314,0.001418982014,6.572042824e-08,0.001418982014,6.572042824e-08
315,0.001611111715,6.635807446e-08,0.001611111715,6.635807446e-08
316,0.001444444986,6.790128549e-08,0.001444444986,6.790128549e-08
317,0.001750000656,7.793215721e-08,0.001750000656,7.793215721e-08
318,0.001703704343,9.314993268e-08,0.001703704343,9.314993268e-08
319,0.001590278374,8.145260739e-08,0.001590278374,8.145260739e-08
320,0.001638889504,7.947536825e-08,0.001638889504,7.947536825e-08
321,0.001231481943,5.765607891e-08,0.001231481943,5.765607891e-08
322,0.001444444986,7.561734067e-08,0.001444444986,7.561734067e-08
323,0.001143518947,4.580336083e-08,0.001143518947,4.580336083e-08
324,0.001583333927,7.445993238e-08,0.001583333927,7.445993238e-08
325,0.0009444447986,4.166669792e-08,0.0009444447986,4.166669792e-08
326,0.001870371072,8.624835e-08,0.001870371072,8.624835e-08
327,0.001909722938,1.18875475e-07,0.001909722938,1.18875475e-07
328,0.001740741393,8.419073529e-08,0.001740741393,8.419073529e-08
329,0.001319444939,6.963739791e-08,0.001319444939,6.963739791e-08
330,0.001541667245,8.960269066e-08,0.001541667245,8.960269066e-08
331,0.001166667104,5.401238619e-08,0.001166667104,5.401238619e-08
332,0.001527778351,8.101857928e-08,0.001527778351,8.101857928e-08
333,0.001402778304,6.732258135e-08,0.001402778304,6.732258135e-08
334,0.001000000375,4.783954205e-08,0.001000000375,4.783954205e-08
335,0.000861111434,3.935188137e-08,0.000861111434,3.935188137e-08
336,0.0009166670103,4.243830344e-08,0.0009166670103,4.243830344e-08
337,0.00122222268,6.172844136e-08,0.00122222268,6.172844136e-08
338,0.00110555597,5.620374586e-08,0.00110555597,5.620374586e-08
339,0.001157407841,5.461252381e-08,0.001157407841,5.461252381e-08
340,0.0008796299594,4.929701914e-08,0.0008796299594,4.929701914e-08
341,0.0008518521713,1.078533045e-07,0.0008518521713,1.078533045e-07
342,0.001157407841,5.139750082e-08,0.001157407841,5.139750082e-08
343,0.001444444986,6.172844137e-08,0.001444444986,6.172844137e-08
344,0.0008981484849,5.25549091e-08,0.0008981484849,5.25549091e-08
345,0.001342593096,6.232857899e-08,0.001342593096,6.232857899e-08
346,0.001375000516,8.043987515e-08,0.001375000516,8.043987515e-08
347,0.001143518947,4.773237462e-08,0.001143518947,4.773237462e-08
348,0.001429167202,6.365938417e-08,0.001429167202,6.365938417e-08
349,0.001364815327,6.350141936e-08,0.001364815327,6.350141936e-08
350,0.0009444447986,5.092596412e-08,0.0009444447986,5.092596412e-08
351,0.001111111528,4.629633102e-08,0.001111111528,4.629633102e-08
352,0.000861111434,3.935188137e-08,0.000861111434,3.935188137e-08
353,0.0009074077477,3.960908321e-08,0.0009074077477,3.960908321e-08
354,0.001930556279,8.969914135e-08,0.001930556279,8.969914135e-08
355,0.0009305559045,4.417441585e-08,0.0009305559045,4.417441585e-08
356,0.001208333786,5.652010412e-08,0.001208333786,5.652010412e-08
357,0.001127315237,5.388914364e-08,0.001127315237,5.388914364e-08
358,0.001305556045,6.095683584e-08,0.001305556045,6.095683584e-08
359,0.0010185189,5.332651462e-08,0.0010185189,5.332651462e-08
360,0.001172222662,5.898152572e-08,0.001172222662,5.898152572e-08
361,0.001184524254,7.52748423e-08,0.001184524254,7.52748423e-08
362,0.001259645534,6.960182426e-08,0.001259645534,6.960182426e-08
363,0.0008888892223,4.320990895e-08,0.0008888892223,4.320990895e-08
364,0.001365741253,6.895152633e-08,0.001365741253,6.895152633e-08
365,0.001111111528,5.864201929e-08,0.001111111528,5.864201929e-08
366,0.0009351855359,4.020922083e-08,0.0009351855359,4.020922083e-08
367,0.001305556045,6.095683584e-08,0.001305556045,6.095683584e-08
368,0.001006944822,4.518714809e-08,0.001006944822,4.518714809e-08
369,0.0007013891518,3.515627637e-08,0.0007013891518,3.515627637e-08
370,0.0007625002859,3.919948928e-08,0.0007625002859,3.919948928e-08
371,0.0007777780694,3.549385378e-08,0.0007777780694,3.549385378e-08
372,0.001050000394,4.848769069e-08,0.001050000394,4.848769069e-08
373,0.001055555951,4.629633102e-08,0.001055555951,4.629633102e-08
374,0.000722222493,4.128089516e-08,0.000722222493,4.128089516e-08
375,0.001027778163,4.243830343e-08,0.001027778163,4.243830343e-08
376,0.0009563495649,1.07284661e-07,0.0009563495649,1.07284661e-07
377,0.001194444892,6.095683585e-08,0.001194444892,6.095683585e-08
378,0.001324405259,6.518590333e-08,0.001324405259,6.518590333e-08
379,0.0009212966418,3.963051669e-08,0.0009212966418,3.963051669e-08
380,0.001104167081,5.656832947e-08,0.001104167081,5.656832947e-08
381,0.001268518994,6.181417531e-08,0.001268518994,6.181417531e-08
382,0.0008796299594,4.638206496e-08,0.0008796299594,4.638206496e-08
383,0.0009212966417,4.580336083e-08,0.0009212966417,4.580336083e-08
384,0.001129437463,6.257511846e-08,0.001129437463,6.257511846e-08
385,0.001055555951,5.246917516e-08,0.001055555951,5.246917516e-08
386,0.001118055975,5.290320326e-08,0.001118055975,5.290320326e-08
387,0.001342593096,6.43861937e-08,0.001342593096,6.43861937e-08
388,0.0008055558576,3.62654593e-08,0.0008055558576,3.62654593e-08
389,0.001591609078,8.439401722e-08,0.001591609078,8.439401722e-08
390,0.0007657410278,3.995973504e-08,0.0007657410278,3.995973504e-08
391,0.001027778163,4.55247255e-08,0.001027778163,4.55247255e-08
392,0.0008333336458,4.320990895e-08,0.0008333336458,4.320990895e-08
393,0.0008518521712,3.840880796e-08,0.0008518521712,3.840880796e-08
394,0.0006388891285,2.854940413e-08,0.0006388891285,2.854940413e-08
395,0.0009972225961,4.769979572e-08,0.0009972225961,4.769979572e-08
396,0.000766203991,3.575641399e-08,0.000766203991,3.575641399e-08
397,0.0008055558577,3.780867033e-08,0.0008055558577,3.780867033e-08
398,0.001250000469,5.787041378e-08,0.001250000469,5.787041378e-08
399,0.001250000469,7.021610205e-08,0.001250000469,7.021610205e-08
400,0.0006666669166,2.932100964e-08,0.0006666669166,2.932100964e-08
401,0.001472222774,7.484573515e-08,0.001472222774,7.484573515e-08
402,0.0007824077007,3.963051669e-08,0.0007824077007,3.963051669e-08
403,0.000591270063,2.486459411e-08,0.000591270063,2.486459411e-08
404,0.0007824077007,4.194533324e-08,0.0007824077007,4.194533324e-08
405,0.0009166670104,4.706793654e-08,0.0009166670104,4.706793654e-08
406,0.0004722223993,1.774692689e-08,0.0004722223993,1.774692689e-08
407,0.001000000375,4.938275309e-08,0.001000000375,4.938275309e-08
408,0.0007261907485,3.881648162e-08,0.0007261907485,3.881648162e-08
409,0.0008888892222,5.092596412e-08,0.0008888892222,5.092596412e-08
410,0.0009166670103,4.398151447e-08,0.0009166670103,4.398151447e-08
411,0.001006944822,4.557295085e-08,0.001006944822,4.557295085e-08
412,0.0007777780694,3.086422068e-08,0.0007777780694,3.086422068e-08
413,0.0007950620265,3.721386726e-08,0.0007950620265,3.721386726e-08
414,0.0007916669635,3.645836068e-08,0.0007916669635,3.645836068e-08
415,0.0006250002343,2.951391102e-08,0.0006250002343,2.951391102e-08
416,0.001111111528,5.20833724e-08,0.001111111528,5.20833724e-08
417,0.001055555951,5.092596412e-08,0.001055555951,5.092596412e-08
418,0.000861111434,4.243830343e-08,0.000861111434,4.243830343e-08
419,0.001256944916,6.756370808e-08,0.001256944916,6.756370808e-08
420,0.0008888892223,4.320990895e-08,0.0008888892223,4.320990895e-08
421,0.001227778238,8.05864802e-08,0.001227778238,8.05864802e-08
422,0.0008587966184,4.295806549e-08,0.0008587966184,4.295806549e-08
423,0.0005046298189,3.448647991e-08,0.0005046298189,3.448647991e-08
424,0.0008444447611,4.302472362e-08,0.0008444447611,4.302472362e-08
425,0.0005000001875,2.314816551e-08,0.0005000001875,2.314816551e-08
426,0.0007361113871,3.491514964e-08,0.0007361113871,3.491514964e-08
427,0.0009277781257,6.540128362e-08,0.0009277781257,6.540128362e-08
428,0.0005902779991,2.589701016e-08,0.0005902779991,2.589701016e-08
429,0.0007277780507,2.657409401e-08,0.0007277780507,2.657409401e-08
430,0.0003055556701,1.311729379e-08,0.0003055556701,1.311729379e-08
431,0.0007500002812,3.472224827e-08,0.0007500002812,3.472224827e-08
432,0.0008333336459,3.549385378e-08,0.0008333336459,3.549385378e-08
433,0.0007907410372,4.039440616e-08,0.0007907410372,4.039440616e-08
434,0.0006736113637,3.129824878e-08,0.0006736113637,3.129824878e-08
435,0.0007777780694,5.246917515e-08,0.0007777780694,5.246917515e-08
436,0.0006111113403,2.469137654e-08,0.0006111113403,2.469137654e-08
437,0.0008333336458,4.320990895e-08,0.0008333336458,4.320990895e-08
438,0.0005833335521,3.009261516e-08,0.0005833335521,3.009261516e-08
439,0.0008055558576,3.472224827e-08,0.0008055558576,3.472224827e-08
440,0.000722222493,3.703706482e-08,0.000722222493,3.703706482e-08
441,0.001118055975,4.827357016e-08,0.001118055975,4.827357016e-08
442,0.0009166670104,5.01543586e-08,0.0009166670104,5.01543586e-08
443,0.0009722225868,4.398151447e-08,0.0009722225868,4.398151447e-08
444,0.0008611114339,4.243830343e-08,0.0008611114339,4.243830343e-08
445,0.0006388891285,2.854940413e-08,0.0006388891285,2.854940413e-08
446,0.0006111113403,2.777779861e-08,0.0006111113403,2.777779861e-08
447,0.000722222493,3.086422068e-08,0.000722222493,3.086422068e-08
448,0.0005902779991,2.74402212e-08,0.0005902779991,2.74402212e-08
449,0.0006666669166,3.086422068e-08,0.0006666669166,3.086422068e-08
450,0.0006944447048,3.317903723e-08,0.0006944447048,3.317903723e-08
451,0.0008690479449,4.955597066e-08,0.0008690479449,4.955597066e-08
452,0.0004490742425,1.72539567e-08,0.0004490742425,1.72539567e-08
453,0.0003611112465,1.774692689e-08,0.0003611112465,1.774692689e-08
454,0.0006388891284,3.163582619e-08,0.0006388891284,3.163582619e-08
455,0.0006111113403,2.314816551e-08,0.0006111113403,2.314816551e-08
456,0.0005555557639,2.160495448e-08,0.0005555557639,2.160495448e-08
457,0.0004722223993,2.237655999e-08,0.0004722223993,2.237655999e-08
458,0.0009722225868,4.398151447e-08,0.0009722225868,4.398151447e-08
459,0.0005555557639,2.469137654e-08,0.0005555557639,2.469137654e-08
460,0.0004444446111,2.160495448e-08,0.0004444446111,2.160495448e-08
461,0.0006111113403,2.777779861e-08,0.0006111113403,2.777779861e-08
462,0.00108333374,5.941362481e-08,0.00108333374,5.941362481e-08
463,0.0004277779382,2.064816363e-08,0.0004277779382,2.064816363e-08
464,0.001277778257,8.333339583e-08,0.001277778257,8.333339583e-08
465,0.0005000001875,2.160495448e-08,0.0005000001875,2.160495448e-08
466,0.0008923614457,4.187165563e-08,0.0008923614457,4.187165563e-08
467,0.0007777780694,3.395064275e-08,0.0007777780694,3.395064275e-08
468,0.0006666669167,3.395064275e-08,0.0006666669167,3.395064275e-08
469,0.0005277779757,2.546298206e-08,0.0005277779757,2.546298206e-08
470,0.000671296548,3.191446152e-08,0.000671296548,3.191446152e-08
471,0.0004722223993,2.237655999e-08,0.0004722223993,2.237655999e-08
472,0.0001944445174,6.944449652e-09,0.0001944445174,6.944449652e-09
473,0.000722222493,3.549385378e-08,0.000722222493,3.549385378e-08
474,0.0005000001875,2.314816551e-08,0.0005000001875,2.314816551e-08
475,0.0009166670103,5.01543586e-08,0.0009166670103,5.01543586e-08
476,0.0006111113402,3.240743171e-08,0.0006111113402,3.240743171e-08
477,0.0007361113871,3.337193861e-08,0.0007361113871,3.337193861e-08
478,0.0007777780694,3.703706482e-08,0.0007777780694,3.703706482e-08
479,0.0003333334584,1.080247724e-08,0.0003333334584,1.080247724e-08
480,0.0005208335287,2.435379913e-08,0.0005208335287,2.435379913e-08
481,0.0005902779991,3.20698543e-08,0.0005902779991,3.20698543e-08
482,0.0008611114341,4.243830343e-08,0.0008611114341,4.243830343e-08
483,0.000861111434,3.780867033e-08,0.000861111434,3.780867033e-08
484,0.0006500002437,3.453706294e-08,0.0006500002437,3.453706294e-08
485,0.0005555557638,2.777779861e-08,0.0005555557638,2.777779861e-08
486,0.000576389105,2.281058809e-08,0.000576389105,2.281058809e-08
487,0.0007055558202,3.299385191e-08,0.0007055558202,3.299385191e-08
488,0.0004722223993,2.391977103e-08,0.0004722223993,2.391977103e-08
489,0.0004444446111,2.006174344e-08,0.0004444446111,2.006174344e-08
490,0.0005055557452,2.645063712e-08,0.0005055557452,2.645063712e-08
491,0.0003055556702,1.311729379e-08,0.0003055556702,1.311729379e-08
492,0.0006759261794,3.043555095e-08,0.0006759261794,3.043555095e-08
493,0.0003888890347,1.38888993e-08,0.0003888890347,1.38888993e-08
494,0.000583333552,2.854940413e-08,0.000583333552,2.854940413e-08
495,0.0006458335756,3.66994874e-08,0.0006458335756,3.66994874e-08
496,0.0003981482975,1.603224796e-08,0.0003981482975,1.603224796e-08
497,0.0008055558576,3.780867034e-08,0.0008055558576,3.780867034e-08
498,0.0004416668322,2.006945949e-08,0.0004416668322,2.006945949e-08
499,0.0008055558576,3.62654593e-08,0.0008055558576,3.62654593e-08
500,0.0004444446111,2.160495448e-08,0.0004444446111,2.160495448e-08
501,0.0005833335521,3.16358262e-08,0.0005833335521,3.16358262e-08
502,0.0008055558577,3.780867033e-08,0.0008055558577,3.780867033e-08
503,0.0003055556701,1.157408275e-08,0.0003055556701,1.157408275e-08
504,0.0003055556701,1.311729379e-08,0.0003055556701,1.311729379e-08
505,0.0004444446111,1.543211034e-08,0.0004444446111,1.543211034e-08
506,0.0004555557264,2.296298019e-08,0.0004555557264,2.296298019e-08
507,0.0006898150734,3.387562555e-08,0.0006898150734,3.387562555e-08
508,0.0008888892222,4.012348689e-08,0.0008888892222,4.012348689e-08
509,0.0009722225868,5.01543586e-08,0.0009722225868,5.01543586e-08
510,0.01114358883,6.024964145e-07,0.01114358883,6.024964145e-07
511,0.0005000001875,2.006174344e-08,0.0005000001875,2.006174344e-08
512,0.0005000001875,2.314816551e-08,0.0005000001875,2.314816551e-08
513,0.0005069446346,2.358219361e-08,0.0005069446346,2.358219361e-08
514,0.0005339508175,2.618695761e-08,0.0005339508175,2.618695761e-08
515,0.0004166668229,1.929013793e-08,0.0004166668229,1.929013793e-08
516,0.0005555557639,2.314816551e-08,0.0005555557639,2.314816551e-08
517,0.0002685186192,9.859403828e-09,0.0002685186192,9.859403828e-09
518,0.0004484128665,2.338437128e-08,0.0004484128665,2.338437128e-08
519,0.0004166668229,2.666325731e-08,0.0004166668229,2.666325731e-08
520,0.0007037039676,3.686559692e-08,0.0007037039676,3.686559692e-08
521,0.0004027779288,1.639661723e-08,0.0004027779288,1.639661723e-08
522,0.0005416668698,2.334106689e-08,0.0005416668698,2.334106689e-08
523,0.0003333334583,1.543211034e-08,0.0003333334583,1.543211034e-08
524,0.0004722223992,2.546298206e-08,0.0004722223992,2.546298206e-08
525,0.0003888890347,1.543211034e-08,0.0003888890347,1.543211034e-08
526,0.000579629847,2.588822243e-08,0.000579629847,2.588822243e-08
527,0.0003611112465,1.620371586e-08,0.0003611112465,1.620371586e-08
528,0.0005972224462,2.951391102e-08,0.0005972224462,2.951391102e-08
529,0.0006388891284,3.16358262e-08,0.0006388891284,3.16358262e-08
530,0.0007777780694,3.858027585e-08,0.0007777780694,3.858027585e-08
531,0.0004555557264,2.141976915e-08,0.0004555557264,2.141976915e-08
532,0.0002777778819,1.234568827e-08,0.0002777778819,1.234568827e-08
533,0.0003425927211,1.444616996e-08,0.0003425927211,1.444616996e-08
534,0.0006666669166,3.240743172e-08,0.0006666669166,3.240743172e-08
535,0.0008055558576,3.780867034e-08,0.0008055558576,3.780867034e-08
536,0.0005000001875,2.006174344e-08,0.0005000001875,2.006174344e-08
537,0.0003194445642,1.639661723e-08,0.0003194445642,1.639661723e-08
538,0.000769444733,4.065589469e-08,0.000769444733,4.065589469e-08
539,0.0005555557639,2.469137654e-08,0.0005555557639,2.469137654e-08
540,0.0005347224227,2.435379913e-08,0.0005347224227,2.435379913e-08
541,0.0003888890347,1.388889931e-08,0.0003888890347,1.388889931e-08
542,0.000461111284,2.330248661e-08,0.000461111284,2.330248661e-08
543,0.0005462965011,2.786353256e-08,0.0005462965011,2.786353256e-08
544,0.0005555557638,2.932100965e-08,0.0005555557638,2.932100965e-08
545,0.0004027779288,2.025464482e-08,0.0004027779288,2.025464482e-08
546,0.0002817461374,9.495471975e-09,0.0002817461374,9.495471975e-09
547,0.0005277779757,1.929013792e-08,0.0005277779757,1.929013792e-08
548,0.0002222223056,1.080247724e-08,0.0002222223056,1.080247724e-08
549,0.0006111113402,3.395064275e-08,0.0006111113402,3.395064275e-08
550,0.0006111113403,3.858027584e-08,0.0006111113403,3.858027584e-08
551,0.0006388891285,2.854940413e-08,0.0006388891285,2.854940413e-08
552,0.0004398149797,1.931157141e-08,0.0004398149797,1.931157141e-08
553,0.0003888890347,1.851853241e-08,0.0003888890347,1.851853241e-08
554,0.000583333552,2.70061931e-08,0.000583333552,2.70061931e-08
555,0.0003333334583,1.234568827e-08,0.0003333334583,1.234568827e-08
556,0.0004490742425,1.72539567e-08,0.0004490742425,1.72539567e-08
557,0.0004500001687,2.040124987e-08,0.0004500001687,2.040124987e-08
558,0.000583333552,2.70061931e-08,0.000583333552,2.70061931e-08
559,0.0005555557639,2.623458758e-08,0.0005555557639,2.623458758e-08
560,0.000583333552,2.854940413e-08,0.000583333552,2.854940413e-08
561,0.0007055558201,3.7623485e-08,0.0007055558201,3.7623485e-08
562,0.0005000001875,1.851853241e-08,0.0005000001875,1.851853241e-08
563,0.0003111112278,1.345680022e-08,0.0003111112278,1.345680022e-08
564,0.0004444446111,2.160495448e-08,0.0004444446111,2.160495448e-08
565,0.000583333552,3.472224827e-08,0.000583333552,3.472224827e-08
566,0.0004722223993,2.237655999e-08,0.0004722223993,2.237655999e-08
567,0.0004490742425,1.879716773e-08,0.0004490742425,1.879716773e-08
568,0.0006574076539,3.094995463e-08,0.0006574076539,3.094995463e-08
569,0.0005555557639,2.160495447e-08,0.0005555557639,2.160495447e-08
570,0.0003611112465,1.620371585e-08,0.0003611112465,1.620371585e-08
571,0.000583333552,2.854940413e-08,0.000583333552,2.854940413e-08
572,0.0004166668229,1.620371586e-08,0.0004166668229,1.620371586e-08
573,0.0006984129602,3.650166507e-08,0.0006984129602,3.650166507e-08
574,0.0006111113402,3.858027585e-08,0.0006111113402,3.858027585e-08
575,0.0005368057568,2.292102414e-08,0.0005368057568,2.292102414e-08
576,0.0002500000937,1.003087172e-08,0.0002500000937,1.003087172e-08
577,0.0004861112934,1.871143379e-08,0.0004861112934,1.871143379e-08
578,0.0005972224462,2.642748896e-08,0.0005972224462,2.642748896e-08
579,0.0002037037801,7.544587277e-09,0.0002037037801,7.544587277e-09
580,0.0004166668229,1.929013792e-08,0.0004166668229,1.929013792e-08
581,0.0003333334583,1.38888993e-08,0.0003333334583,1.38888993e-08
582,0.0006365743127,3.061237722e-08,0.0006365743127,3.061237722e-08
583,0.0001111111528,4.629633101e-09,0.0001111111528,4.629633101e-09
584,0.0005555557639,2.623458758e-08,0.0005555557639,2.623458758e-08
585,0.0006111113403,2.623458758e-08,0.0006111113403,2.623458758e-08
586,0.0003402779054,1.277971637e-08,0.0003402779054,1.277971637e-08
587,0.0001944445174,8.487660686e-09,0.0001944445174,8.487660686e-09
588,0.0005000001875,2.160495448e-08,0.0005000001875,2.160495448e-08
589,0.0002777778819,1.388889931e-08,0.0002777778819,1.388889931e-08
590,0.0002222223055,1.080247724e-08,0.0002222223055,1.080247724e-08
591,0.0004166668229,1.620371586e-08,0.0004166668229,1.620371586e-08
592,0.0004166668229,1.929013793e-08,0.0004166668229,1.929013793e-08
593,0.0003148149329,1.217422038e-08,0.0003148149329,1.217422038e-08
594,0.0006944447048,5.787041377e-08,0.0006944447048,5.787041377e-08
595,0.0003888890347,1.85185324e-08,0.0003888890347,1.85185324e-08
596,0.0005357144865,2.751009874e-08,0.0005357144865,2.751009874e-08
597,0.0002500000938,1.003087172e-08,0.0002500000938,1.003087172e-08
598,0.0002222223056,1.080247724e-08,0.0002222223056,1.080247724e-08
599,0.0006944447048,7.330252411e-08,0.0006944447048,7.330252411e-08
600,0.0006388891285,5.169756964e-08,0.0006388891285,5.169756964e-08
601,0.0004166668229,1.929013792e-08,0.0004166668229,1.929013792e-08
602,0.0002361111996,8.680562066e-09,0.0002361111996,8.680562066e-09
603,0.0004166668229,1.929013793e-08,0.0004166668229,1.929013793e-08
604,0.000759259544,3.408400666e-08,0.000759259544,3.408400666e-08
605,0.0002500000937,1.157408275e-08,0.0002500000937,1.157408275e-08
606,0.0004097223759,1.837385637e-08,0.0004097223759,1.837385637e-08
607,0.0003333334583,1.697532137e-08,0.0003333334583,1.697532137e-08
608,0.0004277779382,2.064816363e-08,0.0004277779382,2.064816363e-08
609,0.0008611114339,4.08950924e-08,0.0008611114339,4.08950924e-08
610,0.0003472223524,1.639661724e-08,0.0003472223524,1.639661724e-08
611,0.0003888890347,1.697532137e-08,0.0003888890347,1.697532137e-08
612,0.0003333334583,1.697532137e-08,0.0003333334583,1.697532137e-08
613,0.0004444446111,2.160495447e-08,0.0004444446111,2.160495447e-08
614,0.0005000001875,2.160495448e-08,0.0005000001875,2.160495448e-08
615,0.0003333334583,1.543211034e-08,0.0003333334583,1.543211034e-08
616,0.0003055556702,1.311729379e-08,0.0003055556702,1.311729379e-08
617,0.0008212966042,4.253175344e-08,0.0008212966042,4.253175344e-08
618,0.0003333334584,1.234568827e-08,0.0003333334584,1.234568827e-08
619,0.000277777882,1.234568827e-08,0.000277777882,1.234568827e-08
620,0.0006333335708,3.53703969e-08,0.0006333335708,3.53703969e-08
621,0.0003888890347,2.006174344e-08,0.0003888890347,2.006174344e-08
622,0.0005555557639,2.417697286e-08,0.0005555557639,2.417697286e-08
623,0.0005185187129,2.554871601e-08,0.0005185187129,2.554871601e-08
624,0.0005000001875,2.314816551e-08,0.0005000001875,2.314816551e-08
625,0.0006527780226,3.337193861e-08,0.0006527780226,3.337193861e-08
626,0.0003611112465,1.774692689e-08,0.0003611112465,1.774692689e-08
627,0.0003888890347,1.851853241e-08,0.0003888890347,1.851853241e-08
628,0.0002013889644,7.378477755e-09,0.0002013889644,7.378477755e-09
629,0.0003611112465,2.391977103e-08,0.0003611112465,2.391977103e-08
630,0.0005000001875,2.623458758e-08,0.0005000001875,2.623458758e-08
631,0.0003981482974,2.580591784e-08,0.0003981482974,2.580591784e-08
632,0.0004166668229,1.774692689e-08,0.0004166668229,1.774692689e-08
633,0.0005069446345,2.358219361e-08,0.0005069446345,2.358219361e-08
634,0.0002222223056,1.234568827e-08,0.0002222223056,1.234568827e-08
635,0.0001666667292,7.716055169e-09,0.0001666667292,7.716055169e-09
636,0.0002777778819,1.234568827e-08,0.0002777778819,1.234568827e-08
637,0.0002222223056,1.080247724e-08,0.0002222223056,1.080247724e-08
638,0.0004583335052,1.871143379e-08,0.0004583335052,1.871143379e-08
639,0.0003611112465,1.774692689e-08,0.0003611112465,1.774692689e-08
640,0.0001111111528,4.629633101e-09,0.0001111111528,4.629633101e-09
641,0.0003055556702,1.311729379e-08,0.0003055556702,1.311729379e-08
642,0.0006777780319,5.228398983e-08,0.0006777780319,5.228398983e-08
643,0.0003888890347,1.851853241e-08,0.0003888890347,1.851853241e-08
644,0.0003101853015,1.519634199e-08,0.0003101853015,1.519634199e-08
645,0.0004791668463,2.28105881e-08,0.0004791668463,2.28105881e-08
646,0.0005277779757,2.083334896e-08,0.0005277779757,2.083334896e-08
647,0.0004791668464,2.126737706e-08,0.0004791668464,2.126737706e-08
648,0.0003194445642,1.639661723e-08,0.0003194445642,1.639661723e-08
649,0.0002500000937,1.157408276e-08,0.0002500000937,1.157408276e-08
650,0.0003518519838,1.526064245e-08,0.0003518519838,1.526064245e-08
651,0.0004444446111,2.160495448e-08,0.0004444446111,2.160495448e-08
652,0.000277777882,1.234568827e-08,0.000277777882,1.234568827e-08
653,0.0002222223056,9.259266203e-09,0.0002222223056,9.259266203e-09
654,0.000200000075,7.28395608e-09,0.000200000075,7.28395608e-09
655,0.0004023811033,1.825965088e-08,0.0004023811033,1.825965088e-08
656,0.0004907409248,2.820646834e-08,0.0004907409248,2.820646834e-08
657,0.0002750001031,1.235340433e-08,0.0002750001031,1.235340433e-08
658,0.0003888890348,2.006174344e-08,0.0003888890348,2.006174344e-08
659,0.0004206350784,1.798313266e-08,0.0004206350784,1.798313266e-08
660,0.000138888941,5.401238618e-09,0.000138888941,5.401238618e-09
661,0.0002500000937,1.157408275e-08,0.0002500000937,1.157408275e-08
662,0.0003055556702,1.311729379e-08,0.0003055556702,1.311729379e-08
663,0.0003611112465,1.620371586e-08,0.0003611112465,1.620371586e-08
664,0.0005277779757,3.16358262e-08,0.0005277779757,3.16358262e-08
665,0.0002638889879,9.452167582e-09,0.0002638889879,9.452167582e-09
666,0.0002777778819,1.388889931e-08,0.0002777778819,1.388889931e-08
667,0.0003888890347,2.006174344e-08,0.0003888890347,2.006174344e-08
668,0.0004166668229,2.083334896e-08,0.0004166668229,2.083334896e-08
669,0.0004351853484,2.014747739e-08,0.0004351853484,2.014747739e-08
670,0.0003958334817,2.049577155e-08,0.0003958334817,2.049577155e-08
671,0.000200000075,7.283956079e-09,0.000200000075,7.283956079e-09
672,0.0004189816386,1.942409722e-08,0.0004189816386,1.942409722e-08
673,0.0002777778819,1.234568827e-08,0.0002777778819,1.234568827e-08
674,0.000583333552,3.009261516e-08,0.000583333552,3.009261516e-08
675,0.0006351854233,3.167526381e-08,0.0006351854233,3.167526381e-08
676,0.0002222223056,9.259266203e-09,0.0002222223056,9.259266203e-09
677,0.0001944445174,1.003087172e-08,0.0001944445174,1.003087172e-08
678,0.0003657408779,1.493914015e-08,0.0003657408779,1.493914015e-08
679,0.0003194445642,9.452167582e-09,0.0003194445642,9.452167582e-09
680,0.0003888890347,1.697532137e-08,0.0003888890347,1.697532137e-08
681,0.0003657408779,1.648235118e-08,0.0003657408779,1.648235118e-08
682,0.0005000001875,2.314816551e-08,0.0005000001875,2.314816551e-08
683,0.0002083334114,7.908956548e-09,0.0002083334114,7.908956548e-09
684,0.0001666667292,7.716055169e-09,0.0001666667292,7.716055169e-09
685,0.0002222223055,1.080247724e-08,0.0002222223055,1.080247724e-08
686,0.0001111111528,3.086422068e-09,0.0001111111528,3.086422068e-09
687,0.0002592593565,1.063100934e-08,0.0002592593565,1.063100934e-08
688,0.0004027779288,1.793982827e-08,0.0004027779288,1.793982827e-08
689,0.0005185187129,2.863513807e-08,0.0005185187129,2.863513807e-08
690,0.0004444446111,1.851853241e-08,0.0004444446111,1.851853241e-08
691,0.0003333334583,1.543211034e-08,0.0003333334583,1.543211034e-08
692,0.0001111111528,6.172844138e-09,0.0001111111528,6.172844138e-09
693,0.0001666667292,7.716055169e-09,0.0001666667292,7.716055169e-09
694,0.0002777778819,1.080247724e-08,0.0002777778819,1.080247724e-08
695,0.0004722223993,2.391977103e-08,0.0004722223993,2.391977103e-08
696,0.0001111111528,4.629633101e-09,0.0001111111528,4.629633101e-09
697,0.0002222223056,9.259266203e-09,0.0002222223056,9.259266203e-09
698,8.333336458e-05,3.858027585e-09,8.333336458e-05,3.858027585e-09
699,0.0003750001406,1.94830393e-08,0.0003750001406,1.94830393e-08
700,0.0005000001875,2.623458758e-08,0.0005000001875,2.623458758e-08
701,0.0001666667292,7.716055169e-09,0.0001666667292,7.716055169e-09
702,0.0002500000938,1.003087172e-08,0.0002500000938,1.003087172e-08
703,0.0003055556701,1.466050482e-08,0.0003055556701,1.466050482e-08
704,0.0002777778819,1.388889931e-08,0.0002777778819,1.388889931e-08
705,0.0005138890817,2.411267241e-08,0.0005138890817,2.411267241e-08
706,0.0002500000938,1.003087172e-08,0.0002500000938,1.003087172e-08
707,0.0004722223993,2.237656e-08,0.0004722223993,2.237656e-08
708,0.0002222223056,9.259266203e-09,0.0002222223056,9.259266203e-09
709,0.000277777882,1.080247724e-08,0.000277777882,1.080247724e-08
710,0.0004444446111,2.006174344e-08,0.0004444446111,2.006174344e-08
711,0.0001111111528,4.629633101e-09,0.0001111111528,4.629633101e-09
712,0.0001944445174,1.003087172e-08,0.0001944445174,1.003087172e-08
713,0.0004722223992,4.243830343e-08,0.0004722223992,4.243830343e-08
714,0.0002777778819,1.234568827e-08,0.0002777778819,1.234568827e-08
715,0.0001944445174,6.944449652e-09,0.0001944445174,6.944449652e-09
716,0.0005000001875,2.469137654e-08,0.0005000001875,2.469137654e-08
717,0.0003333334583,2.126201869e-08,0.0003333334583,2.126201869e-08
718,0.0002870371447,1.346022958e-08,0.0002870371447,1.346022958e-08
719,0.0004706791888,2.640843697e-08,0.0004706791888,2.640843697e-08
720,0.0002870371447,1.500344061e-08,0.0002870371447,1.500344061e-08
721,8.333336461e-05,6.944449654e-09,8.333336461e-05,6.944449654e-09
722,0.0004722223993,2.237655999e-08,0.0004722223993,2.237655999e-08
723,0.0004166668229,2.546298206e-08,0.0004166668229,2.546298206e-08
724,0.0003333334583,2.469137654e-08,0.0003333334583,2.469137654e-08
725,0.0003055556701,1.483197271e-08,0.0003055556701,1.483197271e-08
726,0.0001111111528,4.629633101e-09,0.0001111111528,4.629633101e-09
727,0.000138888941,5.401238619e-09,0.000138888941,5.401238619e-09
728,0.0003333334583,1.388889931e-08,0.0003333334583,1.388889931e-08
729,0.0001736111762,5.063661206e-09,0.0001736111762,5.063661206e-09
730,0.0001666667292,7.716055169e-09,0.0001666667292,7.716055169e-09
731,0.0003055556701,1.466050482e-08,0.0003055556701,1.466050482e-08
732,0.0003888890347,2.160495448e-08,0.0003888890347,2.160495448e-08
733,0.0004166668229,2.083334896e-08,0.0004166668229,2.083334896e-08
734,0.0002888889972,1.216050295e-08,0.0002888889972,1.216050295e-08
735,0.0004722223993,2.083334896e-08,0.0004722223993,2.083334896e-08
736,0.000284722329,1.432292741e-08,0.000284722329,1.432292741e-08
737,0.0002500000937,1.157408275e-08,0.0002500000937,1.157408275e-08
738,0.0003611112465,1.466050482e-08,0.0003611112465,1.466050482e-08
739,0.0001944445174,8.487660686e-09,0.0001944445174,8.487660686e-09
740,0.0003888890347,1.697532137e-08,0.0003888890347,1.697532137e-08
741,0.0005111113028,3.222224639e-08,0.0005111113028,3.222224639e-08
742,0.0004484128666,2.184116025e-08,0.0004484128666,2.184116025e-08
743,0.0002222223055,1.234568827e-08,0.0002222223055,1.234568827e-08
744,0.0003611112465,2.391977103e-08,0.0003611112465,2.391977103e-08
745,0.0002500000938,1.157408275e-08,0.0002500000938,1.157408275e-08
746,0.0001150794082,4.865838872e-09,0.0001150794082,4.865838872e-09
747,0.000291666776,1.48534062e-08,0.000291666776,1.48534062e-08
748,0.0001944445174,8.487660686e-09,0.0001944445174,8.487660686e-09
749,0.0004537038739,2.786353256e-08,0.0004537038739,2.786353256e-08
750,0.0005000001875,2.777779861e-08,0.0005000001875,2.777779861e-08
751,0.000277777882,1.234568827e-08,0.000277777882,1.234568827e-08
752,0.0002222223056,9.259266203e-09,0.0002222223056,9.259266203e-09
753,0.0002638889878,1.215278689e-08,0.0002638889878,1.215278689e-08
754,0.0001944445174,8.487660686e-09,0.0001944445174,8.487660686e-09
755,0.0004444446111,1.543211034e-08,0.0004444446111,1.543211034e-08
756,0.0004722223993,2.083334896e-08,0.0004722223993,2.083334896e-08
757,0.0004722223993,2.391977103e-08,0.0004722223993,2.391977103e-08
758,0.0003333334583,1.543211034e-08,0.0003333334583,1.543211034e-08
759,0.0001944445174,8.487660686e-09,0.0001944445174,8.487660686e-09
760,0.0002055556326,1.138889743e-08,0.0002055556326,1.138889743e-08
761,0.0001666667292,7.716055169e-09,0.0001666667292,7.716055169e-09
762,0.0004761906547,2.41559768e-08,0.0004761906547,2.41559768e-08
763,0.0001666667292,9.259266203e-09,0.0001666667292,9.259266203e-09
764,0.0003055556701,1.466050482e-08,0.0003055556701,1.466050482e-08
765,2.777778819e-05,7.716055169e-10,2.777778819e-05,7.716055169e-10
766,0.0003333334583,1.543211034e-08,0.0003333334583,1.543211034e-08
767,0.0002500000938,1.003087172e-08,0.0002500000938,1.003087172e-08
768,0.0003055556702,1.466050482e-08,0.0003055556702,1.466050482e-08
769,0.0005000001875,2.314816551e-08,0.0005000001875,2.314816551e-08
770,0.0002500000938,1.003087172e-08,0.0002500000938,1.003087172e-08
771,0.0004259260856,1.834706452e-08,0.0004259260856,1.834706452e-08
772,0.000138888941,6.944449652e-09,0.000138888941,6.944449652e-09
773,0.0004166668229,2.546298206e-08,0.0004166668229,2.546298206e-08
774,0.0002361111996,8.680562065e-09,0.0002361111996,8.680562065e-09
775,0.0001944445173,1.003087172e-08,0.0001944445173,1.003087172e-08
776,0.0003055556701,1.311729379e-08,0.0003055556701,1.311729379e-08
777,0.0004206350784,1.95263437e-08,0.0004206350784,1.95263437e-08
778,0.000138888941,5.401238619e-09,0.000138888941,5.401238619e-09
779,0.0002222223055,9.259266203e-09,0.0002222223055,9.259266203e-09
780,0.0002500000937,1.003087172e-08,0.0002500000937,1.003087172e-08
781,0.0002222223056,1.234568827e-08,0.0002222223056,1.234568827e-08
782,0.000379629772,1.706105532e-08,0.000379629772,1.706105532e-08
783,0.0004074075602,2.246229394e-08,0.0004074075602,2.246229394e-08
784,0.000138888941,5.401238618e-09,0.000138888941,5.401238618e-09
785,0.0003333334583,1.388889931e-08,0.0003333334583,1.388889931e-08
786,0.0001666667292,6.172844135e-09,0.0001666667292,6.172844135e-09
787,0.0004880954211,2.439218257e-08,0.0004880954211,2.439218257e-08
788,0.0004444446111,2.160495448e-08,0.0004444446111,2.160495448e-08
789,0.000430555717,2.179785586e-08,0.000430555717,2.179785586e-08
790,0.000583333552,3.009261516e-08,0.000583333552,3.009261516e-08
791,0.0002500000938,8.487660686e-09,0.0002500000938,8.487660686e-09
792,0.0003703705093,1.526064245e-08,0.0003703705093,1.526064245e-08
793,0.0005555557639,2.777779861e-08,0.0005555557639,2.777779861e-08
794,0.0004259260856,1.976167463e-08,0.0004259260856,1.976167463e-08
795,0.0004444446111,2.006174344e-08,0.0004444446111,2.006174344e-08
796,0.0003888890347,2.006174344e-08,0.0003888890347,2.006174344e-08
797,0.0004652779523,2.126737706e-08,0.0004652779523,2.126737706e-08
798,0.0002222223056,9.259266203e-09,0.0002222223056,9.259266203e-09
799,0.000277777882,1.234568827e-08,0.000277777882,1.234568827e-08
800,0.000200000075,7.28395608e-09,0.000200000075,7.28395608e-09
801,0.0002500000938,1.311729379e-08,0.0002500000938,1.311729379e-08
802,0.0002361111997,1.099537862e-08,0.0002361111997,1.099537862e-08
803,8.333336458e-05,2.314816551e-09,8.333336458e-05,2.314816551e-09
804,0.0004444446111,2.160495448e-08,0.0004444446111,2.160495448e-08
805,0.0004166668229,1.774692689e-08,0.0004166668229,1.774692689e-08
806,0.000277777882,1.080247724e-08,0.000277777882,1.080247724e-08
807,0.0002222223056,1.080247724e-08,0.0002222223056,1.080247724e-08
808,0.0002277778632,1.73148278e-08,0.0002277778632,1.73148278e-08
809,0.0002129630428,1.088821118e-08,0.0002129630428,1.088821118e-08
810,0.0003055556701,1.466050482e-08,0.0003055556701,1.466050482e-08
811,0.0003888890347,1.697532137e-08,0.0003888890347,1.697532137e-08
812,8.333336458e-05,2.314816551e-09,8.333336458e-05,2.314816551e-09
813,0.0002500000937,1.157408275e-08,0.0002500000937,1.157408275e-08
814,0.0002500000938,1.311729379e-08,0.0002500000938,1.311729379e-08
815,0.0002222223056,7.716055169e-09,0.0002222223056,7.716055169e-09
816,0.0003333334584,1.234568827e-08,0.0003333334584,1.234568827e-08
817,0.0002666667666,1.277778736e-08,0.0002666667666,1.277778736e-08
818,0.0003611112466,1.620371586e-08,0.0003611112466,1.620371586e-08
819,0.000138888941,5.401238618e-09,0.000138888941,5.401238618e-09
820,0.0004444446111,2.160495447e-08,0.0004444446111,2.160495447e-08
821,0.0003611112465,1.466050482e-08,0.0003611112465,1.466050482e-08
822,0.0005000001874,2.469137654e-08,0.0005000001874,2.469137654e-08
823,0.0002222223055,9.259266203e-09,0.0002222223055,9.259266203e-09
824,8.333336458e-05,2.314816551e-09,8.333336458e-05,2.314816551e-09
825,0.000240740831,1.16598167e-08,0.000240740831,1.16598167e-08
826,0.0001498016435,6.071472492e-09,0.0001498016435,6.071472492e-09
827,0.0004722223993,2.391977102e-08,0.0004722223993,2.391977102e-08
828,0.0001666667292,6.172844135e-09,0.0001666667292,6.172844135e-09
829,0.0001851852546,1.011660567e-08,0.0001851852546,1.011660567e-08
830,0.0001944445174,6.944449652e-09,0.0001944445174,6.944449652e-09
831,0.000226190561,9.495471975e-09,0.000226190561,9.495471975e-09
832,5.555557639e-05,1.543211034e-09,5.555557639e-05,1.543211034e-09
833,0.0002283951474,8.078042943e-09,0.0002283951474,8.078042943e-09
834,0.0001666667292,7.716055169e-09,0.0001666667292,7.716055169e-09
835,0.0003888890347,1.697532137e-08,0.0003888890347,1.697532137e-08
836,0.000138888941,5.401238618e-09,0.000138888941,5.401238618e-09
837,0.0001666667292,7.716055169e-09,0.0001666667292,7.716055169e-09
838,0.0002592593565,1.268862406e-08,0.0002592593565,1.268862406e-08
839,5.555557639e-05,1.543211034e-09,5.555557639e-05,1.543211034e-09
840,0.0002638889879,1.176698413e-08,0.0002638889879,1.176698413e-08
841,0.0003611112465,1.929013793e-08,0.0003611112465,1.929013793e-08
842,0.0003055556701,1.620371586e-08,0.0003055556701,1.620371586e-08
843,0.0002777778819,1.38888993e-08,0.0002777778819,1.38888993e-08
844,0.0001166667104,4.969139529e-09,0.0001166667104,4.969139529e-09
845,0.0003055556701,1.466050482e-08,0.0003055556701,1.466050482e-08
846,0.0003611112465,1.466050482e-08,0.0003611112465,1.466050482e-08
847,0.0002500000937,1.157408275e-08,0.0002500000937,1.157408275e-08
848,0.0001666667291,9.259266205e-09,0.0001666667291,9.259266205e-09
849,0.0002500000938,1.311729379e-08,0.0002500000938,1.311729379e-08
850,0.0001944445174,8.487660686e-09,0.0001944445174,8.487660686e-09
851,0.0001944445174,1.003087172e-08,0.0001944445174,1.003087172e-08
852,0.0003611112465,1.466050482e-08,0.0003611112465,1.466050482e-08
853,0.0002777778819,1.234568827e-08,0.0002777778819,1.234568827e-08
854,0.0001111111528,6.172844135e-09,0.0001111111528,6.172844135e-09
855,0.0001111111528,6.172844135e-09,0.0001111111528,6.172844135e-09
856,0.0002500000937,1.311729379e-08,0.0002500000937,1.311729379e-08
857,0.0002777778819,1.388889931e-08,0.0002777778819,1.388889931e-08
858,0.0002500000937,1.157408275e-08,0.0002500000937,1.157408275e-08
859,5.555557639e-05,1.543211034e-09,5.555557639e-05,1.543211034e-09
860,0.0003611112465,1.620371586e-08,0.0003611112465,1.620371586e-08
861,0.0001141975737,3.267415954e-09,0.0001141975737,3.267415954e-09
862,0.0002500000937,1.157408276e-08,0.0002500000937,1.157408276e-08
863,0.0004222223806,1.808643332e-08,0.0004222223806,1.808643332e-08
864,0.0002500000937,1.003087172e-08,0.0002500000937,1.003087172e-08
865,0.0001666667292,7.716055169e-09,0.0001666667292,7.716055169e-09
866,0.0002500000937,1.003087172e-08,0.0002500000937,1.003087172e-08
867,0.0004861112934,2.179785585e-08,0.0004861112934,2.179785585e-08
868,0.0002777778819,1.38888993e-08,0.0002777778819,1.38888993e-08
869,0.0004166668229,2.083334896e-08,0.0004166668229,2.083334896e-08
870,5.555557639e-05,1.543211034e-09,5.555557639e-05,1.543211034e-09
871,0.0005000001875,2.160495448e-08,0.0005000001875,2.160495448e-08
872,5.555557639e-05,1.543211034e-09,5.555557639e-05,1.543211034e-09
873,0.0003333334583,1.388889931e-08,0.0003333334583,1.388889931e-08
874,0.0001111111528,3.086422068e-09,0.0001111111528,3.086422068e-09
875,0.0002222223055,1.080247724e-08,0.0002222223055,1.080247724e-08
876,0.0004722223993,2.083334896e-08,0.0004722223993,2.083334896e-08
877,0.0001944445174,8.487660689e-09,0.0001944445174,8.487660689e-09
878,0.0002500000937,1.311729379e-08,0.0002500000937,1.311729379e-08
879,0.0001666667292,7.716055169e-09,0.0001666667292,7.716055169e-09
880,0.0005555557638,3.086422068e-08,0.0005555557638,3.086422068e-08
881,0.0003888890347,2.160495448e-08,0.0003888890347,2.160495448e-08
882,0.000138888941,5.401238618e-09,0.000138888941,5.401238618e-09
883,0.0002037037801,9.08779831e-09,0.0002037037801,9.08779831e-09
884,0.0002777778819,1.234568827e-08,0.0002777778819,1.234568827e-08
885,5.555557639e-05,1.543211034e-09,5.555557639e-05,1.543211034e-09
886,0.000138888941,6.944449652e-09,0.000138888941,6.944449652e-09
887,0.000138888941,6.944449652e-09,0.000138888941,6.944449652e-09
888,0.000277777882,1.080247724e-08,0.000277777882,1.080247724e-08
889,0.0003638890254,1.636575301e-08,0.0003638890254,1.636575301e-08
890,0.000277777882,1.080247724e-08,0.000277777882,1.080247724e-08
891,0.0003958334818,1.586613844e-08,0.0003958334818,1.586613844e-08
892,0.0002870371447,1.346022957e-08,0.0002870371447,1.346022957e-08
893,0.0004722223993,2.391977102e-08,0.0004722223993,2.391977102e-08
894,0.0001111111528,4.629633101e-09,0.0001111111528,4.629633101e-09
895,0.0002500000937,1.929013792e-08,0.0002500000937,1.929013792e-08
896,0.0003333334583,1.851853241e-08,0.0003333334583,1.851853241e-08
897,0.0003194445642,1.408180068e-08,0.0003194445642,1.408180068e-08
898,0.0002222223056,7.716055169e-09,0.0002222223056,7.716055169e-09
899,0.0003750001406,1.716822275e-08,0.0003750001406,1.716822275e-08
900,0.0002638889879,1.099537862e-08,0.0002638889879,1.099537862e-08
901,0.000277777882,1.080247724e-08,0.000277777882,1.080247724e-08
902,0.0002777778819,1.38888993e-08,0.0002777778819,1.38888993e-08
903,0.0005000001875,2.623458758e-08,0.0005000001875,2.623458758e-08
904,0.0002777778819,1.080247724e-08,0.0002777778819,1.080247724e-08
905,0.0003611112465,1.620371586e-08,0.0003611112465,1.620371586e-08
906,0.0003611112466,1.774692689e-08,0.0003611112466,1.774692689e-08
907,0.000291666776,1.176698413e-08,0.000291666776,1.176698413e-08
908,0.0001944445174,1.003087172e-08,0.0001944445174,1.003087172e-08
909,2.777778819e-05,7.716055169e-10,2.777778819e-05,7.716055169e-10
910,5.555557639e-05,1.543211034e-09,5.555557639e-05,1.543211034e-09
911,0.0003333334583,1.388889931e-08,0.0003333334583,1.388889931e-08
912,0.0002592593565,1.268862406e-08,0.0002592593565,1.268862406e-08
913,0.0001944445174,8.487660686e-09,0.0001944445174,8.487660686e-09
914,0.0002222223056,1.080247724e-08,0.0002222223056,1.080247724e-08
915,0.0003095239256,1.489671059e-08,0.0003095239256,1.489671059e-08
916,0.0003055556701,1.620371586e-08,0.0003055556701,1.620371586e-08
917,0.0001759259919,7.287385438e-09,0.0001759259919,7.287385438e-09
918,8.333336458e-05,2.314816551e-09,8.333336458e-05,2.314816551e-09
919,0.0002500000938,1.003087172e-08,0.0002500000938,1.003087172e-08
920,0.0003333334584,1.38888993e-08,0.0003333334584,1.38888993e-08
921,0.0005509261325,2.908524129e-08,0.0005509261325,2.908524129e-08
922,0.0001111111528,4.629633101e-09,0.0001111111528,4.629633101e-09
923,0.0003333334583,2.314816551e-08,0.0003333334583,2.314816551e-08
924,0.0004444446111,4.166669791e-08,0.0004444446111,4.166669791e-08
925,0.0004722223993,2.083334896e-08,0.0004722223993,2.083334896e-08
926,0.0002500000937,1.774692689e-08,0.0002500000937,1.774692689e-08
927,0.0002777778819,1.234568827e-08,0.0002777778819,1.234568827e-08
928,0.0003055556701,1.466050482e-08,0.0003055556701,1.466050482e-08
929,0.0002222223056,1.080247724e-08,0.0002222223056,1.080247724e-08
930,0.0002500000937,1.929013792e-08,0.0002500000937,1.929013792e-08
931,0.0002500000937,1.157408276e-08,0.0002500000937,1.157408276e-08
932,0.0002777778819,3.086422068e-08,0.0002777778819,3.086422068e-08
933,0.000284722329,1.123650534e-08,0.000284722329,1.123650534e-08
934,0.0002817461374,1.258189404e-08,0.0002817461374,1.258189404e-08
935,0.0001150794082,3.322627838e-09,0.0001150794082,3.322627838e-09
936,0.0004722223993,2.546298206e-08,0.0004722223993,2.546298206e-08
937,0.0001111111528,4.629633101e-09,0.0001111111528,4.629633101e-09
938,0.0002268519369,9.537901529e-09,0.0002268519369,9.537901529e-09
939,0.000138888941,5.401238619e-09,0.000138888941,5.401238619e-09
940,0.0003101853015,1.519634199e-08,0.0003101853015,1.519634199e-08
941,0.0002500000937,1.157408275e-08,0.0002500000937,1.157408275e-08
942,0.0001944445174,6.944449652e-09,0.0001944445174,6.944449652e-09
943,0.0001944445174,8.487660686e-09,0.0001944445174,8.487660686e-09
944,0.0001944445174,1.003087172e-08,0.0001944445174,1.003087172e-08
945,0.000430555717,2.256946137e-08,0.000430555717,2.256946137e-08
946,0.000284722329,1.316551913e-08,0.000284722329,1.316551913e-08
947,0.0001944445174,1.003087172e-08,0.0001944445174,1.003087172e-08
948,0.0003009260388,1.468193831e-08,0.0003009260388,1.468193831e-08
949,0.0001944445174,1.003087172e-08,0.0001944445174,1.003087172e-08
950,0.0001944445174,1.003087172e-08,0.0001944445174,1.003087172e-08
951,0.0002083334114,1.716822275e-08,0.0002083334114,1.716822275e-08
952,0.0003055556701,1.466050482e-08,0.0003055556701,1.466050482e-08
953,0.0001423611645,5.606196334e-09,0.0001423611645,5.606196334e-09
954,0.0002777778819,1.234568827e-08,0.0002777778819,1.234568827e-08
955,0.0001666667292,7.716055169e-09,0.0001666667292,7.716055169e-09
956,0.0003888890347,1.851853241e-08,0.0003888890347,1.851853241e-08
957,0.0001666667291,7.716055172e-09,0.0001666667291,7.716055172e-09
958,0.0003703705092,1.680385348e-08,0.0003703705092,1.680385348e-08
959,0.0003944445923,1.73148278e-08,0.0003944445923,1.73148278e-08
960,0.0005185187129,2.554871601e-08,0.0005185187129,2.554871601e-08
961,0.0002500000937,1.157408275e-08,0.0002500000937,1.157408275e-08
962,0.0002777778819,1.38888993e-08,0.0002777778819,1.38888993e-08
963,0.0002777778819,1.388889931e-08,0.0002777778819,1.388889931e-08
964,8.333336458e-05,3.858027585e-09,8.333336458e-05,3.858027585e-09
965,0.0001666667291,7.716055172e-09,0.0001666667291,7.716055172e-09
966,0.0004194446017,1.945217508e-08,0.0004194446017,1.945217508e-08
967,0.0001111111528,6.172844135e-09,0.0001111111528,6.172844135e-09
968,0.0002685186192,1.127401394e-08,0.0002685186192,1.127401394e-08
969,0.0002222223055,9.259266203e-09,0.0002222223055,9.259266203e-09
970,0.0003055556701,1.157408275e-08,0.0003055556701,1.157408275e-08
971,0.0003611112465,1.620371586e-08,0.0003611112465,1.620371586e-08
972,5.555557639e-05,1.543211034e-09,5.555557639e-05,1.543211034e-09
973,0.0001111111528,6.172844135e-09,0.0001111111528,6.172844135e-09
974,0.0002916667761,1.793982827e-08,0.0002916667761,1.793982827e-08
975,0.0002013889644,7.378477756e-09,0.0002013889644,7.378477756e-09
976,0.000225694529,1.100743495e-08,0.000225694529,1.100743495e-08
977,0.0002222223056,9.259266203e-09,0.0002222223056,9.259266203e-09
978,8.333336458e-05,3.858027585e-09,8.333336458e-05,3.858027585e-09
979,0.0001944445174,6.944449652e-09,0.0001944445174,6.944449652e-09
980,0.0001944445174,1.003087172e-08,0.0001944445174,1.003087172e-08
981,0.0002870371447,1.500344061e-08,0.0002870371447,1.500344061e-08
982,0.0003888890347,2.006174344e-08,0.0003888890347,2.006174344e-08
983,0.0003055556701,1.466050482e-08,0.0003055556701,1.466050482e-08
984,0.0003333334584,1.234568827e-08,0.0003333334584,1.234568827e-08
985,0.0001666667292,7.716055169e-09,0.0001666667292,7.716055169e-09
986,0.0001111111528,3.086422068e-09,0.0001111111528,3.086422068e-09
987,0.0002500000937,1.157408275e-08,0.0002500000937,1.157408275e-08
988,0.000138888941,6.944449652e-09,0.000138888941,6.944449652e-09
989,0.0001944445173,8.487660688e-09,0.0001944445173,8.487660688e-09
990,0.0002777778819,1.234568827e-08,0.0002777778819,1.234568827e-08
991,0.0001666667292,7.716055169e-09,0.0001666667292,7.716055169e-09
992,0.000240740831,1.474623877e-08,0.000240740831,1.474623877e-08
993,0.0002222223055,9.259266203e-09,0.0002222223055,9.259266203e-09
994,0.0002500000937,1.157408275e-08,0.0002500000937,1.157408275e-08
995,0.000138888941,5.401238618e-09,0.000138888941,5.401238618e-09
996,0.0005416668698,2.874230551e-08,0.0005416668698,2.874230551e-08
997,0.0001944445174,8.487660686e-09,0.0001944445174,8.487660686e-09
998,0.0005992065739,3.056502671e-08,0.0005992065739,3.056502671e-08
999,0.0003055556701,1.466050482e-08,0.0003055556701,1.466050482e-08
1000,0.0001944445174,8.487660686e-09,0.0001944445174,8.487660686e-09
1001,0.0001666667292,7.716055169e-09,0.0001666667292,7.716055169e-09
1002,0.0001666667292,9.259266203e-09,0.0001666667292,9.259266203e-09
1003,0.0004513890582,1.895256051e-08,0.0004513890582,1.895256051e-08
1004,0.0002222223056,1.080247724e-08,0.0002222223056,1.080247724e-08
1005,0.0001944445174,8.487660686e-09,0.0001944445174,8.487660686e-09
1006,0.0003968255456,2.100656653e-08,0.0003968255456,2.100656653e-08
1007,5.555557639e-05,1.543211034e-09,5.555557639e-05,1.543211034e-09
1008,0.0001666667292,7.716055169e-09,0.0001666667292,7.716055169e-09
1009,0.0001944445174,1.003087172e-08,0.0001944445174,1.003087172e-08
1010,0.0001944445173,1.003087172e-08,0.0001944445173,1.003087172e-08
1011,0.0001944445174,1.157408276e-08,0.0001944445174,1.157408276e-08
1012,0.0004444446111,2.777779861e-08,0.0004444446111,2.777779861e-08
1013,0.0002777778819,1.388889931e-08,0.0002777778819,1.388889931e-08
1014,0.0004166668229,1.774692689e-08,0.0004166668229,1.774692689e-08
1015,0.0001666667292,6.172844135e-09,0.0001666667292,6.172844135e-09
1016,0.0001203704155,5.229770726e-09,0.0001203704155,5.229770726e-09
1017,0.0003611112465,1.774692689e-08,0.0003611112465,1.774692689e-08
1018,0.0003333334583,1.543211034e-08,0.0003333334583,1.543211034e-08
1019,0.0002361111996,1.099537862e-08,0.0002361111996,1.099537862e-08
1020,8.333336458e-05,3.858027585e-09,8.333336458e-05,3.858027585e-09
1021,0.0001666667291,9.259266205e-09,0.0001666667291,9.259266205e-09
1022,0.0003055556701,1.311729379e-08,0.0003055556701,1.311729379e-08
1023,0.000342592721,2.014747739e-08,0.000342592721,2.014747739e-08
1024,0.000138888941,5.401238618e-09,0.000138888941,5.401238618e-09
1025,0.0001805556233,7.137351032e-09,0.0001805556233,7.137351032e-09
1026,0.0003333334583,1.697532137e-08,0.0003333334583,1.697532137e-08
1027,0.0002500000938,1.003087172e-08,0.0002500000938,1.003087172e-08
1028,0.0003888890347,1.697532137e-08,0.0003888890347,1.697532137e-08
1029,0.0001851852546,6.001376243e-09,0.0001851852546,6.001376243e-09
1030,0.000277777882,1.38888993e-08,0.000277777882,1.38888993e-08
1031,2.777778819e-05,7.716055169e-10,2.777778819e-05,7.716055169e-10
1032,0.0003958334818,2.08815743e-08,0.0003958334818,2.08815743e-08
1033,0.000138888941,5.401238619e-09,0.000138888941,5.401238619e-09
1034,0.0004537038739,1.7575459e-08,0.0004537038739,1.7575459e-08
1035,0.0002222223056,7.716055169e-09,0.0002222223056,7.716055169e-09
1036,0.000138888941,6.944449652e-09,0.000138888941,6.944449652e-09
1037,0.0002222223055,1.080247724e-08,0.0002222223055,1.080247724e-08
1038,0.000138888941,6.944449652e-09,0.000138888941,6.944449652e-09
1039,0.0002824075133,1.26243236e-08,0.0002824075133,1.26243236e-08
1040,0.0004166668229,1.774692689e-08,0.0004166668229,1.774692689e-08
1041,0.0003981482974,1.654665164e-08,0.0003981482974,1.654665164e-08
1042,0.0001944445174,8.487660686e-09,0.0001944445174,8.487660686e-09
1043,0.0001944445174,6.944449652e-09,0.0001944445174,6.944449652e-09
1044,0.0003055556701,1.466050483e-08,0.0003055556701,1.466050483e-08
1045,0.000277777882,1.234568827e-08,0.000277777882,1.234568827e-08
1046,0.0001666667292,6.172844135e-09,0.0001666667292,6.172844135e-09
1047,0.0002662038035,1.157944113e-08,0.0002662038035,1.157944113e-08
1048,0.0003125001172,1.046489982e-08,0.0003125001172,1.046489982e-08
1049,0.0002222223055,1.697532137e-08,0.0002222223055,1.697532137e-08
1050,0.0002268519369,1.108111256e-08,0.0002268519369,1.108111256e-08
1051,0.0001944445174,8.487660686e-09,0.0001944445174,8.487660686e-09
1052,0.0002500000937,1.157408275e-08,0.0002500000937,1.157408275e-08
1053,0.0001944445174,8.487660686e-09,0.0001944445174,8.487660686e-09
1054,0.0004166668229,2.083334896e-08,0.0004166668229,2.083334896e-08
1055,0.0001666667292,7.716055169e-09,0.0001666667292,7.716055169e-09
1056,0.0002083334115,1.02237731e-08,0.0002083334115,1.02237731e-08
1057,0.0002777778819,1.543211034e-08,0.0002777778819,1.543211034e-08
1058,0.0001666667292,6.172844135e-09,0.0001666667292,6.172844135e-09
1059,8.333336458e-05,3.858027585e-09,8.333336458e-05,3.858027585e-09
1060,0.000138888941,5.401238618e-09,0.000138888941,5.401238618e-09
1061,5.555557639e-05,3.086422068e-09,5.555557639e-05,3.086422068e-09
1062,0.0003333334583,1.697532137e-08,0.0003333334583,1.697532137e-08
1063,5.555557639e-05,1.543211034e-09,5.555557639e-05,1.543211034e-09
1064,0.0001111111528,4.629633101e-09,0.0001111111528,4.629633101e-09
1065,0.0001666667292,6.172844135e-09,0.0001666667292,6.172844135e-09
1066,5.555557639e-05,1.543211034e-09,5.555557639e-05,1.543211034e-09
1067,5.555557639e-05,3.086422068e-09,5.555557639e-05,3.086422068e-09
1068,0.0005055557451,2.503088297e-08,0.0005055557451,2.503088297e-08
1069,0.0004722223993,1.16512433e-07,0.0004722223993,1.16512433e-07
1070,0.0001666667292,7.716055169e-09,0.0001666667292,7.716055169e-09
1071,0.0002500000938,1.157408275e-08,0.0002500000938,1.157408275e-08
1072,9.027781163e-05,2.748844654e-09,9.027781163e-05,2.748844654e-09
1073,0.0002500000937,1.157408275e-08,0.0002500000937,1.157408275e-08
1074,5.555557639e-05,3.086422068e-09,5.555557639e-05,3.086422068e-09
1075,5.555557639e-05,1.543211034e-09,5.555557639e-05,1.543211034e-09
1076,0.0001250000469,4.050928964e-09,0.0001250000469,4.050928964e-09
1077,0.0002777778819,1.080247724e-08,0.0002777778819,1.080247724e-08
1078,0.0003055556701,1.311729379e-08,0.0003055556701,1.311729379e-08
1079,8.333336458e-05,3.858027585e-09,8.333336458e-05,3.858027585e-09
1080,0.0002500000937,1.157408276e-08,0.0002500000937,1.157408276e-08
1081,8.33333646e-05,2.314816551e-09,8.33333646e-05,2.314816551e-09
1082,0.0002777778819,1.38888993e-08,0.0002777778819,1.38888993e-08
1083,0.000138888941,6.944449652e-09,0.000138888941,6.944449652e-09
1084,0.0002500000937,1.311729379e-08,0.0002500000937,1.311729379e-08
1085,8.333336458e-05,2.314816551e-09,8.333336458e-05,2.314816551e-09
1086,0.000145833388,7.378477755e-09,0.000145833388,7.378477755e-09
1087,0.0001759259919,6.77298176e-09,0.0001759259919,6.77298176e-09
1088,0.0001666667292,6.172844135e-09,0.0001666667292,6.172844135e-09
1089,0.0006944447048,5.324078067e-08,0.0006944447048,5.324078067e-08
1090,0.0003055556701,1.620371586e-08,0.0003055556701,1.620371586e-08
1091,0.0004833335146,2.836421881e-08,0.0004833335146,2.836421881e-08
1092,0.0002777778819,1.234568827e-08,0.0002777778819,1.234568827e-08
1093,0.0002500000938,1.003087172e-08,0.0002500000938,1.003087172e-08
1094,0.0002500000937,1.003087172e-08,0.0002500000937,1.003087172e-08
1095,0.0001666667292,7.716055169e-09,0.0001666667292,7.716055169e-09
1096,0.000138888941,6.944449652e-09,0.000138888941,6.944449652e-09
1097,0.000138888941,6.944449655e-09,0.000138888941,6.944449655e-09
1098,0.0002500000937,1.311729379e-08,0.0002500000937,1.311729379e-08
1099,0.0001944445174,8.487660686e-09,0.0001944445174,8.487660686e-09
1100,0.0002222223056,1.080247724e-08,0.0002222223056,1.080247724e-08
1101,0.0001428571964,5.637444389e-09,0.0001428571964,5.637444389e-09
1102,0.0001944445174,8.487660686e-09,0.0001944445174,8.487660686e-09
1103,0.0001666667292,6.172844135e-09,0.0001666667292,6.172844135e-09
1104,0.0001666667292,6.172844135e-09,0.0001666667292,6.172844135e-09
1105,0.0002222223055,9.259266203e-09,0.0002222223055,9.259266203e-09
1106,0.0003055556701,2.237655999e-08,0.0003055556701,2.237655999e-08
1107,0.0003148149329,1.577504613e-08,0.0003148149329,1.577504613e-08
1108,0.0002500000937,1.157408275e-08,0.0002500000937,1.157408275e-08
1109,0.0003333334584,1.38888993e-08,0.0003333334584,1.38888993e-08
1110,0.0002222223056,9.259266203e-09,0.0002222223056,9.259266203e-09
1111,0.0003333334583,1.697532137e-08,0.0003333334583,1.697532137e-08
1112,0.0002500000937,1.311729379e-08,0.0002500000937,1.311729379e-08
1113,0.0004074075602,2.246229394e-08,0.0004074075602,2.246229394e-08
1114,0.0003395063001,1.58131501e-08,0.0003395063001,1.58131501e-08
1115,0.0002500000937,1.157408275e-08,0.0002500000937,1.157408275e-08
1116,0.0003888890347,1.851853241e-08,0.0003888890347,1.851853241e-08
1117,0.0002777778819,1.234568827e-08,0.0002777778819,1.234568827e-08
1118,0.0001277778257,5.709880825e-09,0.0001277778257,5.709880825e-09
1119,0.0002222223056,1.080247724e-08,0.0002222223056,1.080247724e-08
1120,5.555557639e-05,1.543211034e-09,5.555557639e-05,1.543211034e-09
1121,5.555557639e-05,1.543211034e-09,5.555557639e-05,1.543211034e-09
1122,0.0001111111528,4.629633101e-09,0.0001111111528,4.629633101e-09
1123,0.0002500000937,1.003087172e-08,0.0002500000937,1.003087172e-08
1124,5.55555764e-05,1.543211034e-09,5.55555764e-05,1.543211034e-09
1125,5.555557639e-05,1.543211034e-09,5.555557639e-05,1.543211034e-09
1126,0.000138888941,6.944449652e-09,0.000138888941,6.944449652e-09
1127,0.000138888941,6.944449652e-09,0.000138888941,6.944449652e-09
1128,0.0001944445174,1.003087172e-08,0.0001944445174,1.003087172e-08
1129,8.33333646e-05,2.314816551e-09,8.33333646e-05,2.314816551e-09
1130,5.55555764e-05,1.543211034e-09,5.55555764e-05,1.543211034e-09
1131,2.777778819e-05,7.716055169e-10,2.777778819e-05,7.716055169e-10
1132,0.0002500000937,1.157408276e-08,0.0002500000937,1.157408276e-08
1133,0.0002037037801,9.08779831e-09,0.0002037037801,9.08779831e-09
1134,0.000138888941,5.401238618e-09,0.000138888941,5.401238618e-09
1135,0.0001111111528,3.086422068e-09,0.0001111111528,3.086422068e-09
1136,0.0003611112465,1.774692689e-08,0.0003611112465,1.774692689e-08
1137,0.0002222223056,9.259266203e-09,0.0002222223056,9.259266203e-09
1138,0.0001944445174,8.487660686e-09,0.0001944445174,8.487660686e-09
1139,0.0001944445174,1.003087172e-08,0.0001944445174,1.003087172e-08
1140,8.333336458e-05,3.858027585e-09,8.333336458e-05,3.858027585e-09
1141,0.0001944445174,8.487660686e-09,0.0001944445174,8.487660686e-09
1142,0.0002222223056,1.080247724e-08,0.0002222223056,1.080247724e-08
1143,0.0001944445174,8.487660686e-09,0.0001944445174,8.487660686e-09
1144,0.0002870371447,1.500344061e-08,0.0002870371447,1.500344061e-08
1145,2.777778819e-05,7.716055169e-10,2.777778819e-05,7.716055169e-10
1146,8.333336458e-05,3.858027585e-09,8.333336458e-05,3.858027585e-09
1147,0.000277777882,1.234568827e-08,0.000277777882,1.234568827e-08
1148,0.0001111111528,3.086422068e-09,0.0001111111528,3.086422068e-09
1149,0.0003907408873,2.459192517e-08,0.0003907408873,2.459192517e-08
1150,0.0001944445174,8.487660686e-09,0.0001944445174,8.487660686e-09
1151,0.0001666667291,7.716055172e-09,0.0001666667291,7.716055172e-09
1152,0.0001944445173,8.487660688e-09,0.0001944445173,8.487660688e-09
1153,0.0002592593565,1.217422038e-08,0.0002592593565,1.217422038e-08
1154,0.0004444446111,2.006174344e-08,0.0004444446111,2.006174344e-08
1155,8.333336458e-05,2.314816551e-09,8.333336458e-05,2.314816551e-09
1156,0,0,0,0
1157,8.33333646e-05,2.314816551e-09,8.33333646e-05,2.314816551e-09
1158,0.0003055556701,1.466050482e-08,0.0003055556701,1.466050482e-08
1159,0.0002222223056,1.080247724e-08,0.0002222223056,1.080247724e-08
1160,0.0001944445173,1.003087172e-08,0.0001944445173,1.003087172e-08
1161,0.000138888941,6.944449652e-09,0.000138888941,6.944449652e-09
1162,0.0001944445174,1.003087172e-08,0.0001944445174,1.003087172e-08
1163,0.000291666776,1.176698414e-08,0.000291666776,1.176698414e-08
1164,0.0003333334583,1.697532137e-08,0.0003333334583,1.697532137e-08
1165,0.0001111111528,3.086422068e-09,0.0001111111528,3.086422068e-09
1166,0.0001944445174,6.944449652e-09,0.0001944445174,6.944449652e-09
1167,0.0001111111528,6.172844135e-09,0.0001111111528,6.172844135e-09
1168,0.000138888941,6.944449652e-09,0.000138888941,6.944449652e-09
1169,0.0003055556701,1.311729379e-08,0.0003055556701,1.311729379e-08
1170,0.0003055556701,1.466050482e-08,0.0003055556701,1.466050482e-08
1171,0.0001111111528,4.629633101e-09,0.0001111111528,4.629633101e-09
1172,5.555557639e-05,1.543211034e-09,5.555557639e-05,1.543211034e-09
1173,0.0002222223055,9.259266203e-09,0.0002222223055,9.259266203e-09
1174,0.0003958334818,1.895256051e-08,0.0003958334818,1.895256051e-08
1175,0.000138888941,5.401238619e-09,0.000138888941,5.401238619e-09
1176,0.0001944445174,8.487660686e-09,0.0001944445174,8.487660686e-09
1177,0.0002615741722,1.074353515e-08,0.0002615741722,1.074353515e-08
1178,0.0001666667292,7.716055169e-09,0.0001666667292,7.716055169e-09
1179,8.333336458e-05,3.858027585e-09,8.333336458e-05,3.858027585e-09
1180,8.333336458e-05,2.314816551e-09,8.333336458e-05,2.314816551e-09
1181,0.0003611112465,1.311729379e-08,0.0003611112465,1.311729379e-08
1182,0.0001666667292,7.716055169e-09,0.0001666667292,7.716055169e-09
1183,0.0001666667292,6.172844135e-09,0.0001666667292,6.172844135e-09
1184,0.0001296296782,7.030183599e-09,0.0001296296782,7.030183599e-09
1185,0.0001111111528,6.172844135e-09,0.0001111111528,6.172844135e-09
1186,0.0002638889879,1.099537862e-08,0.0002638889879,1.099537862e-08
1187,0.0001944445174,1.003087172e-08,0.0001944445174,1.003087172e-08
1188,0.0002268519369,1.108111256e-08,0.0002268519369,1.108111256e-08
1189,0.0002222223056,1.080247724e-08,0.0002222223056,1.080247724e-08
1190,0.0001666667292,7.716055169e-09,0.0001666667292,7.716055169e-09
1191,0.0001944445174,1.003087172e-08,0.0001944445174,1.003087172e-08
1192,0.000138888941,6.944449652e-09,0.000138888941,6.944449652e-09
1193,0.0001500000562,6.759264329e-09,0.0001500000562,6.759264329e-09
1194,0.0001944445174,8.487660686e-09,0.0001944445174,8.487660686e-09
1195,0.0001111111528,4.629633101e-09,0.0001111111528,4.629633101e-09
1196,0.0002500000937,1.311729379e-08,0.0002500000937,1.311729379e-08
1197,0.0002055556326,9.228401982e-09,0.0002055556326,9.228401982e-09
1198,0.0002222223056,1.080247724e-08,0.0002222223056,1.080247724e-08
1199,0.000138888941,5.401238618e-09,0.000138888941,5.401238618e-09
1200,0.0001111111528,6.172844135e-09,0.0001111111528,6.172844135e-09
1201,0.000291666776,1.562501172e-08,0.000291666776,1.562501172e-08
1202,0.0002500000937,1.311729379e-08,0.0002500000937,1.311729379e-08
1203,0.000138888941,5.401238618e-09,0.000138888941,5.401238618e-09
1204,0.0003125001172,1.355132189e-08,0.0003125001172,1.355132189e-08
1205,0.000138888941,6.944449652e-09,0.000138888941,6.944449652e-09
1206,8.333336458e-05,3.858027585e-09,8.333336458e-05,3.858027585e-09
1207,0.0001666667292,6.172844135e-09,0.0001666667292,6.172844135e-09
1208,0.0003333334583,1.697532137e-08,0.0003333334583,1.697532137e-08
1209,0.0002870371447,1.29458259e-08,0.0002870371447,1.29458259e-08
1210,0.0001666667292,7.716055169e-09,0.0001666667292,7.716055169e-09
1211,0.0002539683492,1.181028853e-08,0.0002539683492,1.181028853e-08
1212,0.0001111111528,4.629633101e-09,0.0001111111528,4.629633101e-09
1213,0.0002500000937,1.157408276e-08,0.0002500000937,1.157408276e-08
1214,0.0001111111528,6.172844135e-09,0.0001111111528,6.172844135e-09
1215,0.0002777778819,1.38888993e-08,0.0002777778819,1.38888993e-08
1216,0.0005000001875,4.166669792e-08,0.0005000001875,4.166669792e-08
1217,0.000138888941,6.944449652e-09,0.000138888941,6.944449652e-09
1218,0.0001944445174,8.487660686e-09,0.0001944445174,8.487660686e-09
1219,8.333336458e-05,3.858027585e-09,8.333336458e-05,3.858027585e-09
1220,0.0002268519369,1.13383144e-08,0.0002268519369,1.13383144e-08
1221,8.33333646e-05,2.314816551e-09,8.33333646e-05,2.314816551e-09
1222,0.0003055556701,1.466050482e-08,0.0003055556701,1.466050482e-08
1223,0.0001666667292,9.259266203e-09,0.0001666667292,9.259266203e-09
1224,2.777778819e-05,7.716055169e-10,2.777778819e-05,7.716055169e-10
1225,0.0001666667292,7.716055172e-09,0.0001666667292,7.716055172e-09
1226,0.0001666667292,7.716055169e-09,0.0001666667292,7.716055169e-09
1227,0.0001944445174,6.944449652e-09,0.0001944445174,6.944449652e-09
1228,0.0002777778819,1.388889931e-08,0.0002777778819,1.388889931e-08
1229,0.0003333334583,1.234568827e-08,0.0003333334583,1.234568827e-08
1230,0.000138888941,5.401238618e-09,0.000138888941,5.401238618e-09
1231,0.000277777882,1.38888993e-08,0.000277777882,1.38888993e-08
1232,0.0001333333833,7.592598287e-09,0.0001333333833,7.592598287e-09
1233,0.0001944445174,1.466050482e-08,0.0001944445174,1.466050482e-08
1234,0.0001111111528,4.629633102e-09,0.0001111111528,4.629633102e-09
1235,0.0001666667292,4.629633102e-09,0.0001666667292,4.629633102e-09
1236,5.55555764e-05,1.543211034e-09,5.55555764e-05,1.543211034e-09
1237,0.0001111111528,6.172844135e-09,0.0001111111528,6.172844135e-09
1238,0.0001666667292,7.716055169e-09,0.0001666667292,7.716055169e-09
1239,0.0002500000937,1.311729379e-08,0.0002500000937,1.311729379e-08
1240,0.0001689815449,4.763592393e-09,0.0001689815449,4.763592393e-09
1241,0.000206944522,9.646997975e-09,0.000206944522,9.646997975e-09
1242,0.000138888941,6.944449652e-09,0.000138888941,6.944449652e-09
1243,0.0003148149329,1.371743141e-08,0.0003148149329,1.371743141e-08
1244,5.555557639e-05,1.543211034e-09,5.555557639e-05,1.543211034e-09
1245,0.0001111111528,6.172844135e-09,0.0001111111528,6.172844135e-09
1246,0,0,0,0
1247,0.0001944445174,8.487660686e-09,0.0001944445174,8.487660686e-09
1248,0.0001666667292,7.716055169e-09,0.0001666667292,7.716055169e-09
1249,0.0001666667292,6.172844135e-09,0.0001666667292,6.172844135e-09
1250,0.0003055556701,1.157408275e-08,0.0003055556701,1.157408275e-08
1251,6.111113403e-05,1.882717461e-09,6.111113403e-05,1.882717461e-09
1252,0.000138888941,6.944449652e-09,0.000138888941,6.944449652e-09
1253,0.0001666667292,7.716055169e-09,0.0001666667292,7.716055169e-09
1254,0.0002222223056,1.080247724e-08,0.0002222223056,1.080247724e-08
1255,0.0003611112465,1.620371586e-08,0.0003611112465,1.620371586e-08
1256,0.0002777778819,1.38888993e-08,0.0002777778819,1.38888993e-08
1257,2.777778819e-05,7.716055169e-10,2.777778819e-05,7.716055169e-10
1258,0.000138888941,5.401238619e-09,0.000138888941,5.401238619e-09
1259,0.0002500000937,1.157408275e-08,0.0002500000937,1.157408275e-08
1260,0.0003055556701,1.466050482e-08,0.0003055556701,1.466050482e-08
1261,0.0001111111528,3.086422068e-09,0.0001111111528,3.086422068e-09
1262,0.000200000075,8.827167114e-09,0.000200000075,8.827167114e-09
1263,0.0001111111528,4.629633101e-09,0.0001111111528,4.629633101e-09
1264,0.0001990741487,8.766296012e-09,0.0001990741487,8.766296012e-09
1265,0.000138888941,6.944449652e-09,0.000138888941,6.944449652e-09
1266,8.333336458e-05,3.858027585e-09,8.333336458e-05,3.858027585e-09
1267,8.333336458e-05,2.314816551e-09,8.333336458e-05,2.314816551e-09
1268,0.0002500000937,1.311729379e-08,0.0002500000937,1.311729379e-08
1269,0.0001944445174,8.487660686e-09,0.0001944445174,8.487660686e-09
1270,0.0002777778819,1.38888993e-08,0.0002777778819,1.38888993e-08
1271,0.0002500000937,1.157408275e-08,0.0002500000937,1.157408275e-08
1272,0.0001666667292,4.629633102e-09,0.0001666667292,4.629633102e-09
1273,5.555557639e-05,3.086422068e-09,5.555557639e-05,3.086422068e-09
1274,0.0001944445174,1.003087172e-08,0.0001944445174,1.003087172e-08
1275,0.0002222223056,1.234568827e-08,0.0002222223056,1.234568827e-08
1276,2.777778819e-05,7.716055169e-10,2.777778819e-05,7.716055169e-10
1277,0.0001979167409,1.023582944e-08,0.0001979167409,1.023582944e-08
1278,0.0002777778819,1.234568827e-08,0.0002777778819,1.234568827e-08
1279,0.0001111111528,4.629633101e-09,0.0001111111528,4.629633101e-09
1280,0,0,0,0
1281,0.0003333334583,1.38888993e-08,0.0003333334583,1.38888993e-08
1282,8.33333646e-05,3.858027584e-09,8.33333646e-05,3.858027584e-09
1283,0.0001944445174,8.487660686e-09,0.0001944445174,8.487660686e-09
1284,0.000138888941,5.401238618e-09,0.000138888941,5.401238618e-09
1285,0.0001111111528,4.629633101e-09,0.0001111111528,4.629633101e-09
1286,0.0003333334583,1.543211034e-08,0.0003333334583,1.543211034e-08
1287,0.0001666667291,9.259266205e-09,0.0001666667291,9.259266205e-09
1288,0.0001666667292,4.629633102e-09,0.0001666667292,4.629633102e-09
1289,0.0001018518901,3.686559693e-09,0.0001018518901,3.686559693e-09
1290,2.777778819e-05,7.716055169e-10,2.777778819e-05,7.716055169e-10
1291,0.0002500000937,1.311729379e-08,0.0002500000937,1.311729379e-08
1292,0.000138888941,6.944449652e-09,0.000138888941,6.944449652e-09
1293,0.0002500000938,1.466050483e-08,0.0002500000938,1.466050483e-08
1294,2.777778819e-05,7.716055169e-10,2.777778819e-05,7.716055169e-10
1295,0.0001944445173,1.003087172e-08,0.0001944445173,1.003087172e-08
1296,0.000138888941,6.944449655e-09,0.000138888941,6.944449655e-09
1297,0.000138888941,5.401238618e-09,0.000138888941,5.401238618e-09
1298,0.0001666667292,7.716055169e-09,0.0001666667292,7.716055169e-09
1299,0.000277777882,1.543211034e-08,0.000277777882,1.543211034e-08
1300,0.000138888941,6.944449652e-09,0.000138888941,6.944449652e-09
1301,0.000138888941,5.401238618e-09,0.000138888941,5.401238618e-09
1302,0.0002222223056,9.259266203e-09,0.0002222223056,9.259266203e-09
1303,0.0002777778819,1.388889931e-08,0.0002777778819,1.388889931e-08
1304,0.0001870371071,9.674218503e-09,0.0001870371071,9.674218503e-09
1305,0.0002592593565,1.628944981e-08,0.0002592593565,1.628944981e-08
1306,5.555557639e-05,3.086422068e-09,5.555557639e-05,3.086422068e-09
1307,0.000138888941,1.003087172e-08,0.000138888941,1.003087172e-08
1308,0.0003611112465,1.774692689e-08,0.0003611112465,1.774692689e-08
1309,8.333336458e-05,2.314816551e-09,8.333336458e-05,2.314816551e-09
1310,0.000138888941,6.944449652e-09,0.000138888941,6.944449652e-09
1311,0.000138888941,6.944449652e-09,0.000138888941,6.944449652e-09
1312,0.0001111111528,6.172844135e-09,0.0001111111528,6.172844135e-09
1313,0.0001296296782,8.573394633e-09,0.0001296296782,8.573394633e-09
1314,0.0003333334583,1.543211034e-08,0.0003333334583,1.543211034e-08
1315,0.0004444446111,2.006174344e-08,0.0004444446111,2.006174344e-08
1316,0.0001666667292,9.259266203e-09,0.0001666667292,9.259266203e-09
1317,5.555557639e-05,1.543211034e-09,5.555557639e-05,1.543211034e-09
1318,0.0001180555998,5.063661205e-09,0.0001180555998,5.063661205e-09
1319,5.555557639e-05,1.543211034e-09,5.555557639e-05,1.543211034e-09
1320,0.0002500000937,1.157408275e-08,0.0002500000937,1.157408275e-08
1321,0.0003055556701,1.311729379e-08,0.0003055556701,1.311729379e-08
1322,0.0002222223056,9.259266203e-09,0.0002222223056,9.259266203e-09
1323,0.0002222223055,1.080247724e-08,0.0002222223055,1.080247724e-08
1324,0.0002222223056,9.259266203e-09,0.0002222223056,9.259266203e-09
1325,0.0001944445174,8.487660686e-09,0.0001944445174,8.487660686e-09
1326,8.333336458e-05,3.858027585e-09,8.333336458e-05,3.858027585e-09
1327,0.0001944445174,1.003087172e-08,0.0001944445174,1.003087172e-08
1328,0.0001944445174,8.487660686e-09,0.0001944445174,8.487660686e-09
1329,0.0001666667292,7.716055169e-09,0.0001666667292,7.716055169e-09
1330,0.0002685186192,1.397463325e-08,0.0002685186192,1.397463325e-08
1331,0.0001666667292,7.716055169e-09,0.0001666667292,7.716055169e-09
1332,8.333336458e-05,3.858027585e-09,8.333336458e-05,3.858027585e-09
1333,0.0002500000938,1.466050483e-08,0.0002500000938,1.466050483e-08
1334,0.000138888941,6.944449652e-09,0.000138888941,6.944449652e-09
1335,8.68055881e-05,2.519774266e-09,8.68055881e-05,2.519774266e-09
1336,0.000138888941,5.401238618e-09,0.000138888941,5.401238618e-09
1337,0.0001666667291,9.259266205e-09,0.0001666667291,9.259266205e-09
1338,0.0002500000937,1.929013792e-08,0.0002500000937,1.929013792e-08
1339,2.777778819e-05,7.716055169e-10,2.777778819e-05,7.716055169e-10
1340,2.777778819e-05,7.716055169e-10,2.777778819e-05,7.716055169e-10
1341,0.0001666667292,7.716055169e-09,0.0001666667292,7.716055169e-09
1342,0.0002500000938,1.003087172e-08,0.0002500000938,1.003087172e-08
1343,0.0002500000937,1.157408276e-08,0.0002500000937,1.157408276e-08
1344,5.555557639e-05,1.543211034e-09,5.555557639e-05,1.543211034e-09
1345,0.0001111111528,4.629633101e-09,0.0001111111528,4.629633101e-09
1346,0.000138888941,6.944449655e-09,0.000138888941,6.944449655e-09
1347,0.000138888941,5.401238618e-09,0.000138888941,5.401238618e-09
1348,0.0001944445174,1.003087172e-08,0.0001944445174,1.003087172e-08
1349,0.000138888941,6.944449652e-09,0.000138888941,6.944449652e-09
1350,0.0001111111528,4.629633102e-09,0.0001111111528,4.629633102e-09
1351,8.333336458e-05,3.858027585e-09,8.333336458e-05,3.858027585e-09
1352,0.0002500000937,1.929013792e-08,0.0002500000937,1.929013792e-08
1353,0.0001666667291,7.716055172e-09,0.0001666667291,7.716055172e-09
1354,0.0003111112278,1.500001125e-08,0.0003111112278,1.500001125e-08
1355,0.0001111111528,3.086422068e-09,0.0001111111528,3.086422068e-09
1356,0.0001944445174,6.944449652e-09,0.0001944445174,6.944449652e-09
1357,0.0001666667292,4.629633102e-09,0.0001666667292,4.629633102e-09
1358,0.0002222223056,9.259266203e-09,0.0002222223056,9.259266203e-09
1359,0.0003333334583,1.697532138e-08,0.0003333334583,1.697532138e-08
1360,0.0001666667291,9.259266205e-09,0.0001666667291,9.259266205e-09
1361,0.0003055556701,1.620371586e-08,0.0003055556701,1.620371586e-08
1362,0.0002222223055,1.080247724e-08,0.0002222223055,1.080247724e-08
1363,8.333336458e-05,3.858027585e-09,8.333336458e-05,3.858027585e-09
1364,0.0002500000938,1.003087172e-08,0.0002500000938,1.003087172e-08
1365,5.555557639e-05,3.086422068e-09,5.555557639e-05,3.086422068e-09
1366,2.777778819e-05,7.716055169e-10,2.777778819e-05,7.716055169e-10
1367,0.000138888941,5.401238618e-09,0.000138888941,5.401238618e-09
1368,0.0001111111528,6.172844135e-09,0.0001111111528,6.172844135e-09
1369,0.0002222223056,1.080247724e-08,0.0002222223056,1.080247724e-08
1370,0.0001111111528,6.172844135e-09,0.0001111111528,6.172844135e-09
1371,0.0003888890348,5.709880826e-08,0.0003888890348,5.709880826e-08
1372,0.0001111111528,4.629633101e-09,0.0001111111528,4.629633101e-09
1373,0.0002222223055,1.234568827e-08,0.0002222223055,1.234568827e-08
1374,0.0003888890347,2.469137654e-08,0.0003888890347,2.469137654e-08
1375,0.0001964286451,8.601826808e-09,0.0001964286451,8.601826808e-09
1376,0.000200000075,8.827167114e-09,0.000200000075,8.827167114e-09
1377,0.0001944445174,1.157408276e-08,0.0001944445174,1.157408276e-08
1378,0.0001666667292,7.716055169e-09,0.0001666667292,7.716055169e-09
1379,5.55555764e-05,1.543211034e-09,5.55555764e-05,1.543211034e-09
1380,0.0002037037801,1.320302773e-08,0.0002037037801,1.320302773e-08
1381,8.333336458e-05,2.314816551e-09,8.333336458e-05,2.314816551e-09
1382,0.0002268519369,9.537901529e-09,0.0002268519369,9.537901529e-09
1383,2.777778819e-05,7.716055169e-10,2.777778819e-05,7.716055169e-10
1384,5.555557639e-05,1.543211034e-09,5.555557639e-05,1.543211034e-09
1385,8.333336458e-05,3.858027585e-09,8.333336458e-05,3.858027585e-09
1386,0.0001666667292,9.259266203e-09,0.0001666667292,9.259266203e-09
1387,8.333336458e-05,3.858027585e-09,8.333336458e-05,3.858027585e-09
1388,0.0001944445174,1.003087172e-08,0.0001944445174,1.003087172e-08
1389,8.333336458e-05,3.858027585e-09,8.333336458e-05,3.858027585e-09
1390,0.0001777778445,7.530869846e-09,0.0001777778445,7.530869846e-09
1391,8.33333646e-05,2.314816551e-09,8.33333646e-05,2.314816551e-09
1392,0.0001712963605,7.994690495e-09,0.0001712963605,7.994690495e-09
1393,0.000138888941,5.401238618e-09,0.000138888941,5.401238618e-09
1394,0.0001805556233,8.680562065e-09,0.0001805556233,8.680562065e-09
1395,0.0001666667292,7.716055169e-09,0.0001666667292,7.716055169e-09
1396,0.0003055556701,1.620371586e-08,0.0003055556701,1.620371586e-08
1397,0.0002333334208,1.00000075e-08,0.0002333334208,1.00000075e-08
1398,0.0002222223056,1.080247724e-08,0.0002222223056,1.080247724e-08
1399,0.0004444446111,1.851853241e-08,0.0004444446111,1.851853241e-08
1400,0.0002222223055,1.080247724e-08,0.0002222223055,1.080247724e-08
1401,0.0002777778819,1.234568827e-08,0.0002777778819,1.234568827e-08
1402,0.0001666667292,7.716055169e-09,0.0001666667292,7.716055169e-09
1403,0.0001712963605,7.994690495e-09,0.0001712963605,7.994690495e-09
1404,0.0001944445173,8.487660688e-09,0.0001944445173,8.487660688e-09
1405,0.0002222223055,1.543211034e-08,0.0002222223055,1.543211034e-08
1406,0.0001944445174,8.487660686e-09,0.0001944445174,8.487660686e-09
1407,0.0002777778819,1.388889931e-08,0.0002777778819,1.388889931e-08
1408,0.0001666667292,6.172844135e-09,0.0001666667292,6.172844135e-09
1409,0.0002592593565,1.371743141e-08,0.0002592593565,1.371743141e-08
1410,0.0002500000937,1.311729379e-08,0.0002500000937,1.311729379e-08
1411,0.0001944445173,1.003087172e-08,0.0001944445173,1.003087172e-08
1412,8.333336458e-05,3.858027585e-09,8.333336458e-05,3.858027585e-09
1413,0.000138888941,6.944449652e-09,0.000138888941,6.944449652e-09
1414,0.000277777882,1.388889931e-08,0.000277777882,1.388889931e-08
1415,0.0001111111528,3.086422068e-09,0.0001111111528,3.086422068e-09
1416,0.0001666667291,4.629633101e-09,0.0001666667291,4.629633101e-09
1417,8.333336458e-05,2.314816551e-09,8.333336458e-05,2.314816551e-09
1418,0.0002592593565,1.62894498e-08,0.0002592593565,1.62894498e-08
1419,0.0001111111528,6.172844135e-09,0.0001111111528,6.172844135e-09
1420,0.000138888941,5.401238618e-09,0.000138888941,5.401238618e-09
1421,0.0002222223056,1.080247724e-08,0.0002222223056,1.080247724e-08
1422,0.000138888941,6.944449652e-09,0.000138888941,6.944449652e-09
1423,0.0001666667292,7.716055169e-09,0.0001666667292,7.716055169e-09
1424,2.777778819e-05,7.716055169e-10,2.777778819e-05,7.716055169e-10
1425,0.0001666667291,7.716055172e-09,0.0001666667291,7.716055172e-09
1426,0.0001111111528,4.629633101e-09,0.0001111111528,4.629633101e-09
1427,2.777778819e-05,7.716055169e-10,2.777778819e-05,7.716055169e-10
1428,0.0001250000469,4.050928964e-09,0.0001250000469,4.050928964e-09
1429,0.0001944445174,6.944449652e-09,0.0001944445174,6.944449652e-09
1430,2.777778819e-05,7.716055169e-10,2.777778819e-05,7.716055169e-10
1431,5.555557639e-05,1.543211034e-09,5.555557639e-05,1.543211034e-09
1432,0.0001666667292,7.716055169e-09,0.0001666667292,7.716055169e-09
1433,8.333336458e-05,2.314816551e-09,8.333336458e-05,2.314816551e-09
1434,0.0002222223055,9.259266203e-09,0.0002222223055,9.259266203e-09
1435,0.0001736111762,5.063661205e-09,0.0001736111762,5.063661205e-09
1436,0.0002569445408,1.046489982e-08,0.0002569445408,1.046489982e-08
1437,5.555557639e-05,3.086422068e-09,5.555557639e-05,3.086422068e-09
1438,0.0001944445173,1.003087172e-08,0.0001944445173,1.003087172e-08
1439,5.555557639e-05,3.086422068e-09,5.555557639e-05,3.086422068e-09
1440,0.0001111111528,4.629633101e-09,0.0001111111528,4.629633101e-09
1441,0.0002222223056,1.080247724e-08,0.0002222223056,1.080247724e-08
1442,0.0001111111528,6.172844135e-09,0.0001111111528,6.172844135e-09
1443,8.333336458e-05,2.314816551e-09,8.333336458e-05,2.314816551e-09
1444,5.555557639e-05,1.543211034e-09,5.555557639e-05,1.543211034e-09
1445,0.0001666667292,9.259266203e-09,0.0001666667292,9.259266203e-09
1446,0.0003958334818,1.933836327e-08,0.0003958334818,1.933836327e-08
1447,8.333336458e-05,2.314816551e-09,8.333336458e-05,2.314816551e-09
1448,0.0001111111528,6.172844135e-09,0.0001111111528,6.172844135e-09
1449,0.000138888941,3.858027585e-09,0.000138888941,3.858027585e-09
1450,0.0002083334115,1.253858965e-08,0.0002083334115,1.253858965e-08
1451,8.33333646e-05,2.314816551e-09,8.33333646e-05,2.314816551e-09
1452,0,0,0,0
1453,0.0002555556514,1.191358918e-08,0.0002555556514,1.191358918e-08
1454,0.000138888941,6.944449652e-09,0.000138888941,6.944449652e-09
1455,0.0002777778819,1.38888993e-08,0.0002777778819,1.38888993e-08
1456,0.0001944445174,8.487660686e-09,0.0001944445174,8.487660686e-09
1457,0.0001944445173,1.003087172e-08,0.0001944445173,1.003087172e-08
1458,0.0001944445174,8.487660686e-09,0.0001944445174,8.487660686e-09
1459,8.333336458e-05,3.858027585e-09,8.333336458e-05,3.858027585e-09
1460,0.0004166668229,2.083334896e-08,0.0004166668229,2.083334896e-08
1461,0.0003055556701,1.620371586e-08,0.0003055556701,1.620371586e-08
1462,0.000138888941,5.401238618e-09,0.000138888941,5.401238618e-09
1463,0.0001666667292,7.716055169e-09,0.0001666667292,7.716055169e-09
1464,0.0001666667292,9.259266203e-09,0.0001666667292,9.259266203e-09
1465,0.00040000015,1.987655812e-08,0.00040000015,1.987655812e-08
1466,0.0002500000938,1.157408275e-08,0.0002500000938,1.157408275e-08
1467,0.000138888941,6.944449652e-09,0.000138888941,6.944449652e-09
1468,0.0001944445174,8.487660686e-09,0.0001944445174,8.487660686e-09
1469,0.0001111111528,4.629633101e-09,0.0001111111528,4.629633101e-09
1470,0.000277777882,1.38888993e-08,0.000277777882,1.38888993e-08
1471,0.0001944445174,8.487660686e-09,0.0001944445174,8.487660686e-09
1472,8.333336458e-05,3.858027585e-09,8.333336458e-05,3.858027585e-09
1473,0.0001944445174,8.487660686e-09,0.0001944445174,8.487660686e-09
1474,0.0001666667292,9.259266203e-09,0.0001666667292,9.259266203e-09
1475,0.0002500000937,1.157408276e-08,0.0002500000937,1.157408276e-08
1476,0.0002500000937,1.157408276e-08,0.0002500000937,1.157408276e-08
1477,0.0001666667292,6.172844135e-09,0.0001666667292,6.172844135e-09
1478,0.0002222223056,1.080247724e-08,0.0002222223056,1.080247724e-08
1479,5.555557639e-05,3.086422068e-09,5.555557639e-05,3.086422068e-09
1480,0.0001944445174,1.003087172e-08,0.0001944445174,1.003087172e-08
1481,8.333336458e-05,2.314816551e-09,8.333336458e-05,2.314816551e-09
1482,0.0001111111528,4.629633101e-09,0.0001111111528,4.629633101e-09
1483,2.777778819e-05,7.716055169e-10,2.777778819e-05,7.716055169e-10
1484,0.0001706349846,6.409049906e-09,0.0001706349846,6.409049906e-09
1485,0.0002222223055,9.259266203e-09,0.0002222223055,9.259266203e-09
1486,0.000138888941,5.401238618e-09,0.000138888941,5.401238618e-09
1487,0.0001944445174,8.487660687e-09,0.0001944445174,8.487660687e-09
1488,0.0001111111528,4.629633101e-09,0.0001111111528,4.629633101e-09
1489,6.944447049e-05,4.822534481e-09,6.944447049e-05,4.822534481e-09
1490,8.333336458e-05,3.858027585e-09,8.333336458e-05,3.858027585e-09
1491,0.0001250000469,7.908956549e-09,0.0001250000469,7.908956549e-09
1492,0.000138888941,6.944449655e-09,0.000138888941,6.944449655e-09
1493,5.555557639e-05,1.543211034e-09,5.555557639e-05,1.543211034e-09
1494,0.0003888890347,2.006174344e-08,0.0003888890347,2.006174344e-08
1495,0.0001666667292,7.716055169e-09,0.0001666667292,7.716055169e-09
1496,0.0001481482037,7.544587276e-09,0.0001481482037,7.544587276e-09
1497,8.333336458e-05,3.858027585e-09,8.333336458e-05,3.858027585e-09
1498,0.0001944445174,8.487660686e-09,0.0001944445174,8.487660686e-09
1499,0.0001666667292,6.172844135e-09,0.0001666667292,6.172844135e-09
1500,0.0001111111528,6.172844135e-09,0.0001111111528,6.172844135e-09
1501,0.000138888941,3.858027585e-09,0.000138888941,3.858027585e-09
1502,8.333336458e-05,3.858027585e-09,8.333336458e-05,3.858027585e-09
1503,2.777778819e-05,7.716055169e-10,2.777778819e-05,7.716055169e-10
1504,0.0001944445174,1.003087172e-08,0.0001944445174,1.003087172e-08
1505,0.000138888941,5.401238618e-09,0.000138888941,5.401238618e-09
1506,0.0001944445173,1.003087172e-08,0.0001944445173,1.003087172e-08
1507,8.333336458e-05,3.858027585e-09,8.333336458e-05,3.858027585e-09
1508,0.0001944445174,1.003087172e-08,0.0001944445174,1.003087172e-08
1509,0.0001666667291,9.259266205e-09,0.0001666667291,9.259266205e-09
1510,0.0001111111528,4.629633101e-09,0.0001111111528,4.629633101e-09
1511,0.0003888890347,1.697532137e-08,0.0003888890347,1.697532137e-08
1512,0.000138888941,6.944449652e-09,0.000138888941,6.944449652e-09
1513,0.0001666667292,7.716055169e-09,0.0001666667292,7.716055169e-09
1514,0.0001111111528,4.629633101e-09,0.0001111111528,4.629633101e-09
1515,0.0003333334583,1.543211034e-08,0.0003333334583,1.543211034e-08
1516,8.333336458e-05,3.858027585e-09,8.333336458e-05,3.858027585e-09
1517,0.0001944445174,8.487660686e-09,0.0001944445174,8.487660686e-09
1518,0.0004166668229,1.929013793e-08,0.0004166668229,1.929013793e-08
1519,0.000138888941,3.858027585e-09,0.000138888941,3.858027585e-09
1520,0.0003055556701,1.466050483e-08,0.0003055556701,1.466050483e-08
1521,0.0001666667291,9.259266205e-09,0.0001666667291,9.259266205e-09
1522,8.333336458e-05,3.858027585e-09,8.333336458e-05,3.858027585e-09
1523,0.0002361111996,1.02237731e-08,0.0002361111996,1.02237731e-08
1524,5.555557639e-05,3.086422068e-09,5.555557639e-05,3.086422068e-09
1525,0.000138888941,3.858027585e-09,0.000138888941,3.858027585e-09
1526,0.0001666667291,9.259266205e-09,0.0001666667291,9.259266205e-09
1527,0.0001666667292,7.716055169e-09,0.0001666667292,7.716055169e-09
1528,8.333336458e-05,3.858027585e-09,8.333336458e-05,3.858027585e-09
1529,0.000138888941,6.944449652e-09,0.000138888941,6.944449652e-09
1530,0.0002962964074,1.62894498e-08,0.0002962964074,1.62894498e-08
1531,0.000138888941,6.944449652e-09,0.000138888941,6.944449652e-09
1532,0.0001111111528,4.629633101e-09,0.0001111111528,4.629633101e-09
1533,0.000138888941,6.944449652e-09,0.000138888941,6.944449652e-09
1534,0.0002592593565,1.371743141e-08,0.0002592593565,1.371743141e-08
1535,0.0002222223055,1.080247724e-08,0.0002222223055,1.080247724e-08
1536,0.0002083334115,1.176698413e-08,0.0002083334115,1.176698413e-08
1537,0.0002579366047,1.251890584e-08,0.0002579366047,1.251890584e-08
1538,8.333336458e-05,3.858027585e-09,8.333336458e-05,3.858027585e-09
1539,5.555557639e-05,1.543211034e-09,5.555557639e-05,1.543211034e-09
1540,0.0001666667292,6.172844135e-09,0.0001666667292,6.172844135e-09
1541,0.000138888941,6.944449652e-09,0.000138888941,6.944449652e-09
1542,0.0001111111528,4.629633101e-09,0.0001111111528,4.629633101e-09
1543,0.0001666667292,7.716055169e-09,0.0001666667292,7.716055169e-09
1544,8.33333646e-05,2.314816551e-09,8.33333646e-05,2.314816551e-09
1545,0.0001450617828,7.668425199e-09,0.0001450617828,7.668425199e-09
1546,0.000261111209,1.077161302e-08,0.000261111209,1.077161302e-08
1547,0.0002222223055,1.080247724e-08,0.0002222223055,1.080247724e-08
1548,0,0,0,0
1549,0.0001111111528,4.629633101e-09,0.0001111111528,4.629633101e-09
1550,0.0003611112465,2.083334896e-08,0.0003611112465,2.083334896e-08
1551,0.0001944445174,8.487660686e-09,0.0001944445174,8.487660686e-09
1552,0.0001111111528,4.629633101e-09,0.0001111111528,4.629633101e-09
1553,0.0001994950243,1.061754699e-08,0.0001994950243,1.061754699e-08
1554,0.0002222223056,1.080247724e-08,0.0002222223056,1.080247724e-08
1555,0.0002222223055,1.697532137e-08,0.0002222223055,1.697532137e-08
1556,0.000138888941,6.944449655e-09,0.000138888941,6.944449655e-09
1557,0.0001428571964,5.637444389e-09,0.0001428571964,5.637444389e-09
1558,0.0001666667292,7.716055169e-09,0.0001666667292,7.716055169e-09
1559,5.555557639e-05,3.086422068e-09,5.555557639e-05,3.086422068e-09
1560,0.000138888941,6.944449652e-09,0.000138888941,6.944449652e-09
1561,0.0001944445174,8.487660686e-09,0.0001944445174,8.487660686e-09
1562,0.0002222223055,9.259266206e-09,0.0002222223055,9.259266206e-09
1563,0.0001111111528,4.629633101e-09,0.0001111111528,4.629633101e-09
1564,0.0001944445173,8.487660688e-09,0.0001944445173,8.487660688e-09
1565,0.0001706349846,6.409049907e-09,0.0001706349846,6.409049907e-09
1566,0.000138888941,5.401238619e-09,0.000138888941,5.401238619e-09
1567,0.0001111111528,4.629633101e-09,0.0001111111528,4.629633101e-09
1568,8.333336458e-05,2.314816551e-09,8.333336458e-05,2.314816551e-09
1569,8.333336458e-05,3.858027585e-09,8.333336458e-05,3.858027585e-09
1570,0.0001111111528,4.629633101e-09,0.0001111111528,4.629633101e-09
1571,0.0001944445174,8.487660686e-09,0.0001944445174,8.487660686e-09
1572,5.555557639e-05,3.086422068e-09,5.555557639e-05,3.086422068e-09
1573,0.0001111111528,3.086422068e-09,0.0001111111528,3.086422068e-09
1574,0.000138888941,6.944449652e-09,0.000138888941,6.944449652e-09
1575,0.0001666667292,9.259266203e-09,0.0001666667292,9.259266203e-09
1576,0.0001944445174,1.003087172e-08,0.0001944445174,1.003087172e-08
1577,0.0003888890347,2.006174344e-08,0.0003888890347,2.006174344e-08
1578,0.0001666667292,7.716055169e-09,0.0001666667292,7.716055169e-09
1579,0.000240740831,1.474623877e-08,0.000240740831,1.474623877e-08
1580,2.777778819e-05,7.716055169e-10,2.777778819e-05,7.716055169e-10
1581,0.0003750001406,4.263120482e-08,0.0003750001406,4.263120482e-08
1582,8.33333646e-05,2.314816551e-09,8.33333646e-05,2.314816551e-09
1583,0.000138888941,5.401238618e-09,0.000138888941,5.401238618e-09
1584,0.000277777882,1.234568827e-08,0.000277777882,1.234568827e-08
1585,9.722225868e-05,3.279323447e-09,9.722225868e-05,3.279323447e-09
1586,0.0001111111528,3.086422068e-09,0.0001111111528,3.086422068e-09
1587,0.000138888941,6.944449652e-09,0.000138888941,6.944449652e-09
1588,0.0001944445174,1.003087172e-08,0.0001944445174,1.003087172e-08
1589,0,0,0,0
1590,0.0001111111528,7.716055171e-09,0.0001111111528,7.716055171e-09
1591,0.0001666667292,7.716055169e-09,0.0001666667292,7.716055169e-09
1592,2.777778819e-05,7.716055169e-10,2.777778819e-05,7.716055169e-10
1593,5.555557639e-05,1.543211034e-09,5.555557639e-05,1.543211034e-09
1594,0,0,0,0
1595,0.0003888890347,1.851853241e-08,0.0003888890347,1.851853241e-08
1596,2.777778819e-05,7.716055169e-10,2.777778819e-05,7.716055169e-10
1597,0.0001736111762,6.606872239e-09,0.0001736111762,6.606872239e-09
1598,0.0001712963605,6.451479461e-09,0.0001712963605,6.451479461e-09
1599,0.0001968183803,9.848526173e-09,0.0001968183803,9.848526173e-09
1600,0.0003888890347,1.851853241e-08,0.0003888890347,1.851853241e-08
1601,8.333336458e-05,3.858027585e-09,8.333336458e-05,3.858027585e-09
1602,0.0001944445174,8.487660686e-09,0.0001944445174,8.487660686e-09
1603,0.0001666667292,7.716055169e-09,0.0001666667292,7.716055169e-09
1604,0.0001666667292,7.716055169e-09,0.0001666667292,7.716055169e-09
1605,8.333336458e-05,3.858027585e-09,8.333336458e-05,3.858027585e-09
1606,5.555557639e-05,3.086422068e-09,5.555557639e-05,3.086422068e-09
1607,0.000138888941,6.944449655e-09,0.000138888941,6.944449655e-09
1608,0.0002500000937,1.157408275e-08,0.0002500000937,1.157408275e-08
1609,4.861112933e-05,2.363041895e-09,4.861112933e-05,2.363041895e-09
1610,0.0002301588165,8.219960812e-09,0.0002301588165,8.219960812e-09
1611,0.0001805556233,8.680562065e-09,0.0001805556233,8.680562065e-09
1612,0.0001666667292,7.716055169e-09,0.0001666667292,7.716055169e-09
1613,0.0001944445173,1.003087172e-08,0.0001944445173,1.003087172e-08
1614,0.0001527778351,7.137351032e-09,0.0001527778351,7.137351032e-09
1615,0.0001111111528,4.629633101e-09,0.0001111111528,4.629633101e-09
1616,0.0002222223056,9.259266203e-09,0.0002222223056,9.259266203e-09
1617,0.000138888941,5.401238618e-09,0.000138888941,5.401238618e-09
1618,0.0001666667292,9.259266203e-09,0.0001666667292,9.259266203e-09
1619,0.0002500000937,1.311729379e-08,0.0002500000937,1.311729379e-08
1620,0.0001805556233,9.452167583e-09,0.0001805556233,9.452167583e-09
1621,0.0001111111528,4.629633101e-09,0.0001111111528,4.629633101e-09
1622,5.555557639e-05,3.086422068e-09,5.555557639e-05,3.086422068e-09
1623,0.0002222223056,1.080247724e-08,0.0002222223056,1.080247724e-08
1624,8.333336458e-05,3.858027585e-09,8.333336458e-05,3.858027585e-09
1625,0.0001944445174,6.944449652e-09,0.0001944445174,6.944449652e-09
1626,0.000138888941,6.944449652e-09,0.000138888941,6.944449652e-09
1627,0.0002500000938,1.157408275e-08,0.0002500000938,1.157408275e-08
1628,5.555557639e-05,1.543211034e-09,5.555557639e-05,1.543211034e-09
1629,8.333336458e-05,3.858027585e-09,8.333336458e-05,3.858027585e-09
1630,0.0002777778819,1.543211034e-08,0.0002777778819,1.543211034e-08
1631,0.0002222223055,1.080247724e-08,0.0002222223055,1.080247724e-08
1632,0.000138888941,6.944449652e-09,0.000138888941,6.944449652e-09
1633,0,0,0,0
1634,0.0002222223056,1.080247724e-08,0.0002222223056,1.080247724e-08
1635,0.0001666667291,7.716055172e-09,0.0001666667291,7.716055172e-09
1636,0.0001666667292,7.716055169e-09,0.0001666667292,7.716055169e-09
1637,0.0001666667291,7.716055172e-09,0.0001666667291,7.716055172e-09
1638,5.555557639e-05,3.086422068e-09,5.555557639e-05,3.086422068e-09
1639,0.0003055556701,1.466050482e-08,0.0003055556701,1.466050482e-08
1640,0.000138888941,6.944449652e-09,0.000138888941,6.944449652e-09
1641,0.000277777882,1.543211034e-08,0.000277777882,1.543211034e-08
1642,8.333336458e-05,3.858027585e-09,8.333336458e-05,3.858027585e-09
1643,0,0,0,0
1644,5.555557639e-05,3.086422068e-09,5.555557639e-05,3.086422068e-09
1645,8.333336458e-05,3.858027585e-09,8.333336458e-05,3.858027585e-09
1646,5.555557639e-05,1.543211034e-09,5.555557639e-05,1.543211034e-09
1647,0.0001666667291,7.716055172e-09,0.0001666667291,7.716055172e-09
1648,0.0002500000937,1.311729379e-08,0.0002500000937,1.311729379e-08
1649,5.55555764e-05,1.543211034e-09,5.55555764e-05,1.543211034e-09
1650,0.0001944445173,1.003087172e-08,0.0001944445173,1.003087172e-08
1651,5.555557639e-05,1.543211034e-09,5.555557639e-05,1.543211034e-09
1652,0.0003148149329,1.834706452e-08,0.0003148149329,1.834706452e-08
1653,0.0002500000937,1.311729379e-08,0.0002500000937,1.311729379e-08
1654,0.000138888941,6.944449652e-09,0.000138888941,6.944449652e-09
1655,0.0003055556701,1.620371586e-08,0.0003055556701,1.620371586e-08
1656,0.0001666667292,4.629633102e-09,0.0001666667292,4.629633102e-09
1657,0.0001319444939,4.484957067e-09,0.0001319444939,4.484957067e-09
1658,0.0001666667292,6.172844135e-09,0.0001666667292,6.172844135e-09
1659,5.555557639e-05,1.543211034e-09,5.555557639e-05,1.543211034e-09
1660,8.333336458e-05,3.858027585e-09,8.333336458e-05,3.858027585e-09
1661,0.0002222223056,7.716055169e-09,0.0002222223056,7.716055169e-09
1662,0.0001944445173,1.003087172e-08,0.0001944445173,1.003087172e-08
1663,8.333336458e-05,3.858027585e-09,8.333336458e-05,3.858027585e-09
1664,5.555557639e-05,1.543211034e-09,5.555557639e-05,1.543211034e-09
1665,9.259262731e-05,4.458165209e-09,9.259262731e-05,4.458165209e-09
1666,0.0002222223056,1.080247724e-08,0.0002222223056,1.080247724e-08
1667,8.33333646e-05,3.858027584e-09,8.33333646e-05,3.858027584e-09
1668,2.777778819e-05,7.716055169e-10,2.777778819e-05,7.716055169e-10
1669,0.0001111111528,3.086422068e-09,0.0001111111528,3.086422068e-09
1670,8.333336458e-05,2.314816551e-09,8.333336458e-05,2.314816551e-09
1671,0.000138888941,5.401238618e-09,0.000138888941,5.401238618e-09
1672,0.0001250000469,4.050928963e-09,0.0001250000469,4.050928963e-09
1673,0.0002500000937,1.157408275e-08,0.0002500000937,1.157408275e-08
1674,0.0003055556701,1.311729379e-08,0.0003055556701,1.311729379e-08
1675,0.0001666667292,9.259266203e-09,0.0001666667292,9.259266203e-09
1676,8.95062064e-05,4.582003132e-09,8.95062064e-05,4.582003132e-09
1677,0.0001666667292,6.172844135e-09,0.0001666667292,6.172844135e-09
1678,8.333336458e-05,3.858027585e-09,8.333336458e-05,3.858027585e-09
1679,0.0002777778819,1.388889931e-08,0.0002777778819,1.388889931e-08
1680,2.777778819e-05,7.716055169e-10,2.777778819e-05,7.716055169e-10
1681,0.000138888941,6.944449652e-09,0.000138888941,6.944449652e-09
1682,0.0001111111528,4.629633101e-09,0.0001111111528,4.629633101e-09
1683,2.777778819e-05,7.716055169e-10,2.777778819e-05,7.716055169e-10
1684,0.0001111111528,4.629633101e-09,0.0001111111528,4.629633101e-09
1685,0.0002129630428,1.243142222e-08,0.0002129630428,1.243142222e-08
1686,5.555557639e-05,3.086422068e-09,5.555557639e-05,3.086422068e-09
1687,0.0001111111528,3.086422068e-09,0.0001111111528,3.086422068e-09
1688,0.0001111111528,4.629633101e-09,0.0001111111528,4.629633101e-09
1689,0.000138888941,6.944449652e-09,0.000138888941,6.944449652e-09
1690,0.0002500000937,1.311729379e-08,0.0002500000937,1.311729379e-08
1691,0.0003333334583,1.543211034e-08,0.0003333334583,1.543211034e-08
1692,0.0003333334583,1.697532137e-08,0.0003333334583,1.697532137e-08
1693,0.000138888941,6.944449652e-09,0.000138888941,6.944449652e-09
1694,0.0001527778351,7.137351032e-09,0.0001527778351,7.137351032e-09
1695,5.555557639e-05,1.543211034e-09,5.555557639e-05,1.543211034e-09
1696,0.0001444444986,7.28395608e-09,0.0001444444986,7.28395608e-09
1697,0.0001111111528,4.629633101e-09,0.0001111111528,4.629633101e-09
1698,0.000138888941,6.944449655e-09,0.000138888941,6.944449655e-09
1699,9.259262731e-05,4.458165209e-09,9.259262731e-05,4.458165209e-09
1700,0.0001944445174,8.487660686e-09,0.0001944445174,8.487660686e-09
1701,0.0001296296782,8.573394633e-09,0.0001296296782,8.573394633e-09
1702,2.777778819e-05,7.716055169e-10,2.777778819e-05,7.716055169e-10
1703,0.0002500000937,1.157408276e-08,0.0002500000937,1.157408276e-08
1704,0.000138888941,3.858027585e-09,0.000138888941,3.858027585e-09
1705,8.333336458e-05,3.858027585e-09,8.333336458e-05,3.858027585e-09
1706,0.0001944445174,1.003087172e-08,0.0001944445174,1.003087172e-08
1707,5.555557639e-05,1.543211034e-09,5.555557639e-05,1.543211034e-09
1708,0.0001944445174,6.944449652e-09,0.0001944445174,6.944449652e-09
1709,0.0002500000937,1.311729379e-08,0.0002500000937,1.311729379e-08
1710,0.0002777778819,1.388889931e-08,0.0002777778819,1.388889931e-08
1711,0.0001574074664,9.345000149e-09,0.0001574074664,9.345000149e-09
1712,2.777778819e-05,7.716055169e-10,2.777778819e-05,7.716055169e-10
1713,2.777778819e-05,7.716055169e-10,2.777778819e-05,7.716055169e-10
1714,8.333336458e-05,3.858027585e-09,8.333336458e-05,3.858027585e-09
1715,2.777778819e-05,7.716055169e-10,2.777778819e-05,7.716055169e-10
1716,0.0002222223056,9.259266203e-09,0.0002222223056,9.259266203e-09
1717,0.0002222223056,1.080247724e-08,0.0002222223056,1.080247724e-08
1718,0.0001666667291,7.716055172e-09,0.0001666667291,7.716055172e-09
1719,0.0002083334115,9.452167582e-09,0.0002083334115,9.452167582e-09
1720,5.555557639e-05,3.086422068e-09,5.555557639e-05,3.086422068e-09
1721,8.333336458e-05,2.314816551e-09,8.333336458e-05,2.314816551e-09
1722,0.0001746032401,1.020408929e-08,0.0001746032401,1.020408929e-08
1723,8.333336458e-05,2.314816551e-09,8.333336458e-05,2.314816551e-09
1724,0.0001759259919,1.243142222e-08,0.0001759259919,1.243142222e-08
1725,0.0001777778445,9.074080879e-09,0.0001777778445,9.074080879e-09
1726,8.333336458e-05,3.858027585e-09,8.333336458e-05,3.858027585e-09
1727,6.250002344e-05,1.977239137e-09,6.250002344e-05,1.977239137e-09
1728,2.777778819e-05,7.716055169e-10,2.777778819e-05,7.716055169e-10
1729,0.0001111111528,6.172844135e-09,0.0001111111528,6.172844135e-09
1730,0.0002083334115,8.680562066e-09,0.0002083334115,8.680562066e-09
1731,8.333336458e-05,3.858027585e-09,8.333336458e-05,3.858027585e-09
1732,8.333336458e-05,3.858027585e-09,8.333336458e-05,3.858027585e-09
1733,0.0001111111528,4.629633102e-09,0.0001111111528,4.629633102e-09
1734,8.333336458e-05,3.858027585e-09,8.333336458e-05,3.858027585e-09
1735,0.0003125001172,1.702354672e-08,0.0003125001172,1.702354672e-08
1736,0.0001111111528,4.629633101e-09,0.0001111111528,4.629633101e-09
1737,0.000138888941,3.858027585e-09,0.000138888941,3.858027585e-09
1738,8.333336458e-05,3.858027585e-09,8.333336458e-05,3.858027585e-09
1739,0.0001944445174,8.487660686e-09,0.0001944445174,8.487660686e-09
1740,0.000138888941,5.401238618e-09,0.000138888941,5.401238618e-09
1741,8.333336458e-05,3.858027585e-09,8.333336458e-05,3.858027585e-09
1742,0.0001666667292,6.172844135e-09,0.0001666667292,6.172844135e-09
1743,0.000138888941,6.944449655e-09,0.000138888941,6.944449655e-09
1744,0.0002222223055,1.080247724e-08,0.0002222223055,1.080247724e-08
1745,8.333336458e-05,3.858027585e-09,8.333336458e-05,3.858027585e-09
1746,0.0001944445173,8.487660688e-09,0.0001944445173,8.487660688e-09
1747,0.000138888941,5.401238619e-09,0.000138888941,5.401238619e-09
1748,0.0001111111528,4.629633101e-09,0.0001111111528,4.629633101e-09
1749,8.333336458e-05,3.858027585e-09,8.333336458e-05,3.858027585e-09
1750,0.0002222223056,1.080247724e-08,0.0002222223056,1.080247724e-08
1751,0.0002222223055,1.080247724e-08,0.0002222223055,1.080247724e-08
1752,0.0001666667292,7.716055169e-09,0.0001666667292,7.716055169e-09
1753,6.944447048e-05,2.50771793e-09,6.944447048e-05,2.50771793e-09
1754,0.0002222223056,1.388889931e-08,0.0002222223056,1.388889931e-08
1755,0.000138888941,6.944449652e-09,0.000138888941,6.944449652e-09
1756,0.000138888941,5.401238618e-09,0.000138888941,5.401238618e-09
1757,5.555557639e-05,1.543211034e-09,5.555557639e-05,1.543211034e-09
1758,0.0002222223056,1.080247724e-08,0.0002222223056,1.080247724e-08
1759,5.952383184e-05,1.779416804e-09,5.952383184e-05,1.779416804e-09
1760,0.0003611112465,1.774692689e-08,0.0003611112465,1.774692689e-08
1761,0.0001944445174,1.003087172e-08,0.0001944445174,1.003087172e-08
1762,0.0001666667292,7.716055169e-09,0.0001666667292,7.716055169e-09
1763,0.0002685186192,1.551784429e-08,0.0002685186192,1.551784429e-08
1764,0.0001111111528,6.172844135e-09,0.0001111111528,6.172844135e-09
1765,0.0001111111528,4.629633101e-09,0.0001111111528,4.629633101e-09
1766,0.0001944445174,8.487660686e-09,0.0001944445174,8.487660686e-09
1767,0.0001666667292,6.172844135e-09,0.0001666667292,6.172844135e-09
1768,0.0001111111528,4.629633102e-09,0.0001111111528,4.629633102e-09
1769,8.333336458e-05,3.858027585e-09,8.333336458e-05,3.858027585e-09
1770,0.000138888941,6.944449652e-09,0.000138888941,6.944449652e-09
1771,0.0002500000938,8.487660686e-09,0.0002500000938,8.487660686e-09
1772,0.000138888941,5.401238619e-09,0.000138888941,5.401238619e-09
1773,0.0002546297251,1.030950705e-08,0.0002546297251,1.030950705e-08
1774,0.0002222223056,1.080247724e-08,0.0002222223056,1.080247724e-08
1775,8.333336458e-05,3.858027585e-09,8.333336458e-05,3.858027585e-09
1776,5.555557639e-05,1.543211034e-09,5.555557639e-05,1.543211034e-09
1777,0.000138888941,6.944449652e-09,0.000138888941,6.944449652e-09
1778,0.0001805556232,7.137351031e-09,0.0001805556232,7.137351031e-09
1779,0.0001111111528,6.172844138e-09,0.0001111111528,6.172844138e-09
1780,0.0001111111528,4.629633101e-09,0.0001111111528,4.629633101e-09
1781,0.0003055556701,2.237655999e-08,0.0003055556701,2.237655999e-08
1782,8.333336458e-05,3.858027585e-09,8.333336458e-05,3.858027585e-09
1783,5.555557639e-05,1.543211034e-09,5.555557639e-05,1.543211034e-09
1784,0.0001666667292,6.172844135e-09,0.0001666667292,6.172844135e-09
1785,0.0003055556701,1.466050482e-08,0.0003055556701,1.466050482e-08
1786,0.0001111111528,4.629633102e-09,0.0001111111528,4.629633102e-09
1787,0.0001444444986,7.28395608e-09,0.0001444444986,7.28395608e-09
1788,0.000138888941,5.401238618e-09,0.000138888941,5.401238618e-09
1789,0.0001111111528,4.629633101e-09,0.0001111111528,4.629633101e-09
1790,0.0003333334583,2.160495448e-08,0.0003333334583,2.160495448e-08
1791,0.0001746032401,8.66087825e-09,0.0001746032401,8.66087825e-09
1792,0.000138888941,5.401238618e-09,0.000138888941,5.401238618e-09
1793,0.0001111111528,4.629633101e-09,0.0001111111528,4.629633101e-09
1794,5.555557639e-05,1.543211034e-09,5.555557639e-05,1.543211034e-09
1795,0.0002500000937,1.157408276e-08,0.0002500000937,1.157408276e-08
1796,0.000145833388,5.835266722e-09,0.000145833388,5.835266722e-09
1797,0.0002777778819,1.234568827e-08,0.0002777778819,1.234568827e-08
1798,8.333336458e-05,2.314816551e-09,8.333336458e-05,2.314816551e-09
1799,0.0001666667292,6.172844136e-09,0.0001666667292,6.172844136e-09
1800,2.777778819e-05,7.716055169e-10,2.777778819e-05,7.716055169e-10
1801,0.000145833388,7.378477758e-09,0.000145833388,7.378477758e-09
1802,0.000138888941,5.401238618e-09,0.000138888941,5.401238618e-09
1803,0.0003333334583,1.543211034e-08,0.0003333334583,1.543211034e-08
1804,0.0002222223055,1.080247724e-08,0.0002222223055,1.080247724e-08
1805,0.0002500000937,1.003087172e-08,0.0002500000937,1.003087172e-08
1806,2.777778819e-05,7.716055169e-10,2.777778819e-05,7.716055169e-10
1807,0.000138888941,5.401238618e-09,0.000138888941,5.401238618e-09
1808,2.777778819e-05,7.716055169e-10,2.777778819e-05,7.716055169e-10
1809,0.000138888941,5.401238618e-09,0.000138888941,5.401238618e-09
1810,0.000138888941,6.944449652e-09,0.000138888941,6.944449652e-09
1811,0.0001944445174,6.944449652e-09,0.0001944445174,6.944449652e-09
1812,0.0001111111528,4.629633101e-09,0.0001111111528,4.629633101e-09
1813,8.33333646e-05,2.314816551e-09,8.33333646e-05,2.314816551e-09
1814,0.0003472223524,1.639661723e-08,0.0003472223524,1.639661723e-08
1815,0.0001666667292,9.259266203e-09,0.0001666667292,9.259266203e-09
1816,8.888892222e-05,4.197534012e-09,8.888892222e-05,4.197534012e-09
1817,0.0001111111528,4.629633101e-09,0.0001111111528,4.629633101e-09
1818,8.333336458e-05,3.858027585e-09,8.333336458e-05,3.858027585e-09
1819,2.777778819e-05,7.716055169e-10,2.777778819e-05,7.716055169e-10
1820,5.555557639e-05,1.543211034e-09,5.555557639e-05,1.543211034e-09
1821,8.333336458e-05,3.858027585e-09,8.333336458e-05,3.858027585e-09
1822,0.0001666667292,7.716055169e-09,0.0001666667292,7.716055169e-09
1823,0.0002222223056,1.080247724e-08,0.0002222223056,1.080247724e-08
1824,0.0002277778632,1.145062587e-08,0.0002277778632,1.145062587e-08
1825,5.86419973e-05,1.724204921e-09,5.86419973e-05,1.724204921e-09
1826,0.0001111111528,4.629633101e-09,0.0001111111528,4.629633101e-09
1827,5.555557639e-05,3.086422068e-09,5.555557639e-05,3.086422068e-09
1828,8.333336458e-05,3.858027585e-09,8.333336458e-05,3.858027585e-09
1829,0.0001111111528,3.086422068e-09,0.0001111111528,3.086422068e-09
1830,2.777778819e-05,7.716055169e-10,2.777778819e-05,7.716055169e-10
1831,0.000138888941,6.944449652e-09,0.000138888941,6.944449652e-09
1832,0.000138888941,5.401238618e-09,0.000138888941,5.401238618e-09
1833,0.0001111111528,4.629633101e-09,0.0001111111528,4.629633101e-09
1834,0,0,0,0
1835,0.000138888941,6.944449652e-09,0.000138888941,6.944449652e-09
1836,0.0001111111528,6.172844135e-09,0.0001111111528,6.172844135e-09
1837,0.000138888941,6.944449652e-09,0.000138888941,6.944449652e-09
1838,0.0001666667292,6.172844135e-09,0.0001666667292,6.172844135e-09
1839,0.0001111111528,4.629633101e-09,0.0001111111528,4.629633101e-09
1840,0.0002500000937,1.157408275e-08,0.0002500000937,1.157408275e-08
1841,0.0002777778819,1.234568827e-08,0.0002777778819,1.234568827e-08
1842,2.777778819e-05,7.716055169e-10,2.777778819e-05,7.716055169e-10
1843,8.333336458e-05,3.858027585e-09,8.333336458e-05,3.858027585e-09
1844,0.0001666667292,7.716055169e-09,0.0001666667292,7.716055169e-09
1845,0.0001666667292,7.716055169e-09,0.0001666667292,7.716055169e-09
1846,0.0001250000469,5.594139998e-09,0.0001250000469,5.594139998e-09
1847,0.000138888941,5.401238619e-09,0.000138888941,5.401238619e-09
1848,0.0001944445173,1.003087172e-08,0.0001944445173,1.003087172e-08
1849,0.0001666667292,6.172844135e-09,0.0001666667292,6.172844135e-09
1850,0.000138888941,5.401238619e-09,0.000138888941,5.401238619e-09
1851,0.0001111111528,4.629633101e-09,0.0001111111528,4.629633101e-09
1852,0.000138888941,5.401238618e-09,0.000138888941,5.401238618e-09
1853,9.722225868e-05,4.822534481e-09,9.722225868e-05,4.822534481e-09
1854,0.0001944445173,1.003087172e-08,0.0001944445173,1.003087172e-08
1855,0.000138888941,6.944449655e-09,0.000138888941,6.944449655e-09
1856,2.777778819e-05,7.716055169e-10,2.777778819e-05,7.716055169e-10
1857,0.0001111111528,4.629633101e-09,0.0001111111528,4.629633101e-09
1858,0.0001944445174,6.944449652e-09,0.0001944445174,6.944449652e-09
1859,0.000138888941,6.944449652e-09,0.000138888941,6.944449652e-09
1860,2.777778819e-05,7.716055169e-10,2.777778819e-05,7.716055169e-10
1861,0,0,0,0
1862,8.33333646e-05,2.314816551e-09,8.33333646e-05,2.314816551e-09
1863,0.0001666667292,9.259266205e-09,0.0001666667292,9.259266205e-09
1864,0.0003101853015,1.802556222e-08,0.0003101853015,1.802556222e-08
1865,0.0001851852546,1.011660567e-08,0.0001851852546,1.011660567e-08
1866,0.0001851852546,1.011660567e-08,0.0001851852546,1.011660567e-08
1867,0.0001666667292,7.716055169e-09,0.0001666667292,7.716055169e-09
1868,0.0002500000937,1.157408275e-08,0.0002500000937,1.157408275e-08
1869,0.0001111111528,3.086422068e-09,0.0001111111528,3.086422068e-09
1870,0.0001519608413,8.567758147e-09,0.0001519608413,8.567758147e-09
1871,0.0001296296782,8.573394633e-09,0.0001296296782,8.573394633e-09
1872,5.555557639e-05,3.086422068e-09,5.555557639e-05,3.086422068e-09
1873,0.0002962964074,1.474623877e-08,0.0002962964074,1.474623877e-08
1874,0.000291666776,1.562501172e-08,0.000291666776,1.562501172e-08
1875,0.0001944445174,8.487660686e-09,0.0001944445174,8.487660686e-09
1876,0.0002500000937,1.311729379e-08,0.0002500000937,1.311729379e-08
1877,0.0003333334583,1.697532137e-08,0.0003333334583,1.697532137e-08
1878,2.777778819e-05,7.716055169e-10,2.777778819e-05,7.716055169e-10
1879,0.0003055556701,1.311729379e-08,0.0003055556701,1.311729379e-08
1880,0.0001145833763,4.834590817e-09,0.0001145833763,4.834590817e-09
1881,0.0001111111528,4.629633101e-09,0.0001111111528,4.629633101e-09
1882,0.000138888941,6.944449652e-09,0.000138888941,6.944449652e-09
1883,5.555557639e-05,3.086422068e-09,5.555557639e-05,3.086422068e-09
1884,0.0001944445174,8.487660686e-09,0.0001944445174,8.487660686e-09
1885,0,0,0,0
1886,8.333336458e-05,2.314816551e-09,8.333336458e-05,2.314816551e-09
1887,0.0001666667292,7.716055169e-09,0.0001666667292,7.716055169e-09
1888,0.0003611112465,1.774692689e-08,0.0003611112465,1.774692689e-08
1889,5.555557639e-05,3.086422068e-09,5.555557639e-05,3.086422068e-09
1890,0.0001666667292,4.629633102e-09,0.0001666667292,4.629633102e-09
1891,0.0002500000938,8.487660687e-09,0.0002500000938,8.487660687e-09
1892,0.0002500000937,1.003087172e-08,0.0002500000937,1.003087172e-08
1893,0.0001944445174,6.944449652e-09,0.0001944445174,6.944449652e-09
1894,0.0002777778819,1.388889931e-08,0.0002777778819,1.388889931e-08
1895,0.0002222223056,1.080247724e-08,0.0002222223056,1.080247724e-08
1896,0.0001944445174,1.003087172e-08,0.0001944445174,1.003087172e-08
1897,0.0002638889878,1.48534062e-08,0.0002638889878,1.48534062e-08
1898,0.0001111111528,6.172844135e-09,0.0001111111528,6.172844135e-09
1899,0.0001666667292,9.259266203e-09,0.0001666667292,9.259266203e-09
1900,0,0,0,0
1901,0.0001222222681,5.987658812e-09,0.0001222222681,5.987658812e-09
1902,0.000138888941,5.401238618e-09,0.000138888941,5.401238618e-09
1903,0.000240740831,1.62894498e-08,0.000240740831,1.62894498e-08
1904,0.0003888890347,1.851853241e-08,0.0003888890347,1.851853241e-08
1905,0.0002388889785,1.046297081e-08,0.0002388889785,1.046297081e-08
1906,0.000138888941,6.944449652e-09,0.000138888941,6.944449652e-09
1907,0.000138888941,5.401238618e-09,0.000138888941,5.401238618e-09
1908,0.000138888941,5.401238618e-09,0.000138888941,5.401238618e-09
1909,0.0001944445174,6.944449652e-09,0.0001944445174,6.944449652e-09
1910,5.555557639e-05,3.086422068e-09,5.555557639e-05,3.086422068e-09
1911,0.0003055556701,1.157408275e-08,0.0003055556701,1.157408275e-08
1912,8.333336458e-05,3.858027585e-09,8.333336458e-05,3.858027585e-09
1913,0,0,0,0
1914,0.000138888941,5.401238618e-09,0.000138888941,5.401238618e-09
1915,0.0003055556701,1.466050482e-08,0.0003055556701,1.466050482e-08
1916,5.555557639e-05,3.086422068e-09,5.555557639e-05,3.086422068e-09
1917,0.0001468254519,7.889272733e-09,0.0001468254519,7.889272733e-09
1918,0.0002222223056,1.080247724e-08,0.0002222223056,1.080247724e-08
1919,0.0001666667292,7.716055169e-09,0.0001666667292,7.716055169e-09
1920,0.0001111111528,4.629633101e-09,0.0001111111528,4.629633101e-09
1921,5.555557639e-05,3.086422068e-09,5.555557639e-05,3.086422068e-09
1922,0.0001111111528,4.629633101e-09,0.0001111111528,4.629633101e-09
1923,0.000138888941,6.944449652e-09,0.000138888941,6.944449652e-09
1924,0.0003611112465,1.620371586e-08,0.0003611112465,1.620371586e-08
1925,8.333336458e-05,3.858027585e-09,8.333336458e-05,3.858027585e-09
1926,0.0001944445173,8.487660688e-09,0.0001944445173,8.487660688e-09
1927,8.333336458e-05,3.858027585e-09,8.333336458e-05,3.858027585e-09
1928,0.0001666667292,6.172844135e-09,0.0001666667292,6.172844135e-09
1929,2.777778819e-05,7.716055169e-10,2.777778819e-05,7.716055169e-10
1930,5.555557639e-05,1.543211034e-09,5.555557639e-05,1.543211034e-09
1931,0.0003055556701,1.466050482e-08,0.0003055556701,1.466050482e-08
1932,5.555557639e-05,3.086422068e-09,5.555557639e-05,3.086422068e-09
1933,0,0,0,0
1934,2.777778819e-05,7.716055169e-10,2.777778819e-05,7.716055169e-10
1935,0.000138888941,6.944449652e-09,0.000138888941,6.944449652e-09
1936,0.0001666667292,7.716055169e-09,0.0001666667292,7.716055169e-09
1937,0.0001944445174,6.944449653e-09,0.0001944445174,6.944449653e-09
1938,0.0001944445174,1.003087172e-08,0.0001944445174,1.003087172e-08
1939,5.555557639e-05,1.543211034e-09,5.555557639e-05,1.543211034e-09
1940,0.0002314815683,1.140261486e-08,0.0002314815683,1.140261486e-08
1941,8.730162004e-05,2.551022321e-09,8.730162004e-05,2.551022321e-09
1942,0.0001722222868,6.512350563e-09,0.0001722222868,6.512350563e-09
1943,0.0003194445642,1.48534062e-08,0.0003194445642,1.48534062e-08
1944,0,0,0,0
1945,0.000138888941,8.487660688e-09,0.000138888941,8.487660688e-09
1946,0.0002222223056,9.259266203e-09,0.0002222223056,9.259266203e-09
1947,0.0003055556701,1.466050482e-08,0.0003055556701,1.466050482e-08
1948,0,0,0,0
1949,0,0,0,0
1950,5.555557639e-05,3.086422068e-09,5.555557639e-05,3.086422068e-09
1951,5.555557639e-05,3.086422068e-09,5.555557639e-05,3.086422068e-09
1952,0.000138888941,1.003087172e-08,0.000138888941,1.003087172e-08
1953,8.333336458e-05,3.858027585e-09,8.333336458e-05,3.858027585e-09
1954,0.0001944445174,1.003087172e-08,0.0001944445174,1.003087172e-08
1955,0.0001666667292,6.172844135e-09,0.0001666667292,6.172844135e-09
1956,8.333336458e-05,3.858027585e-09,8.333336458e-05,3.858027585e-09
1957,8.33333646e-05,2.314816551e-09,8.33333646e-05,2.314816551e-09
1958,8.333336458e-05,3.858027585e-09,8.333336458e-05,3.858027585e-09
1959,6.805558108e-05,2.316745565e-09,6.805558108e-05,2.316745565e-09
1960,0.0001666667292,7.716055169e-09,0.0001666667292,7.716055169e-09
1961,8.333336458e-05,3.858027585e-09,8.333336458e-05,3.858027585e-09
1962,0.0001666667292,7.716055169e-09,0.0001666667292,7.716055169e-09
1963,0.0001944445173,1.003087172e-08,0.0001944445173,1.003087172e-08
1964,0.000138888941,6.944449655e-09,0.000138888941,6.944449655e-09
1965,8.333336458e-05,3.858027585e-09,8.333336458e-05,3.858027585e-09
1966,0.0002222223056,1.080247724e-08,0.0002222223056,1.080247724e-08
1967,0.000284722329,1.432292741e-08,0.000284722329,1.432292741e-08
1968,8.333336458e-05,2.314816551e-09,8.333336458e-05,2.314816551e-09
1969,0.0001180555998,5.449463964e-09,0.0001180555998,5.449463964e-09
1970,0.0001666667292,7.716055169e-09,0.0001666667292,7.716055169e-09
1971,8.33333646e-05,2.314816551e-09,8.33333646e-05,2.314816551e-09
1972,0.0001944445174,8.487660686e-09,0.0001944445174,8.487660686e-09
1973,0.0001666667291,9.259266205e-09,0.0001666667291,9.259266205e-09
1974,0.0004722223992,2.546298206e-08,0.0004722223992,2.546298206e-08
1975,0.0002500000937,8.487660686e-09,0.0002500000937,8.487660686e-09
1976,5.555557639e-05,3.086422068e-09,5.555557639e-05,3.086422068e-09
1977,0.0001111111528,6.172844135e-09,0.0001111111528,6.172844135e-09
1978,0.0002222223055,1.080247724e-08,0.0002222223055,1.080247724e-08
1979,0.0002291667526,1.16223081e-08,0.0002291667526,1.16223081e-08
1980,0.0001111111528,6.172844135e-09,0.0001111111528,6.172844135e-09
1981,2.777778819e-05,7.716055169e-10,2.777778819e-05,7.716055169e-10
1982,8.333336458e-05,2.314816551e-09,8.333336458e-05,2.314816551e-09
1983,0.0003055556702,1.311729379e-08,0.0003055556702,1.311729379e-08
1984,0.0001481482037,6.001376243e-09,0.0001481482037,6.001376243e-09
1985,0.0003333334583,1.543211034e-08,0.0003333334583,1.543211034e-08
1986,0.0002222223055,9.259266203e-09,0.0002222223055,9.259266203e-09
1987,2.777778819e-05,7.716055169e-10,2.777778819e-05,7.716055169e-10
1988,2.777778819e-05,7.716055169e-10,2.777778819e-05,7.716055169e-10
1989,5.555557639e-05,1.543211034e-09,5.555557639e-05,1.543211034e-09
1990,0.0001527778351,7.137351032e-09,0.0001527778351,7.137351032e-09
1991,5.555557639e-05,1.543211034e-09,5.555557639e-05,1.543211034e-09
1992,5.55555764e-05,1.543211034e-09,5.55555764e-05,1.543211034e-09
1993,0.0001944445174,8.487660686e-09,0.0001944445174,8.487660686e-09
1994,0.0003055556701,1.466050482e-08,0.0003055556701,1.466050482e-08
1995,0.0002222223056,1.080247724e-08,0.0002222223056,1.080247724e-08
1996,0.0001666667291,7.716055172e-09,0.0001666667291,7.716055172e-09
1997,2.777778819e-05,7.716055169e-10,2.777778819e-05,7.716055169e-10
1998,0.0001111111528,3.086422068e-09,0.0001111111528,3.086422068e-09
1999,5.555557639e-05,3.086422068e-09,5.555557639e-05,3.086422068e-09
2000,0.0001527778351,7.908956548e-09,0.0001527778351,7.908956548e-09
2001,0.0002222223055,1.234568827e-08,0.0002222223055,1.234568827e-08
2002,9.722225868e-05,3.279323447e-09,9.722225868e-05,3.279323447e-09
2003,5.555557639e-05,3.086422068e-09,5.555557639e-05,3.086422068e-09
2004,5.555557639e-05,1.543211034e-09,5.555557639e-05,1.543211034e-09
2005,0.0002500000937,1.311729379e-08,0.0002500000937,1.311729379e-08
2006,0.0001111111528,6.172844135e-09,0.0001111111528,6.172844135e-09
2007,0.0001736111762,8.150083272e-09,0.0001736111762,8.150083272e-09
2008,6.944447048e-05,2.50771793e-09,6.944447048e-05,2.50771793e-09
2009,0.0001666667292,7.716055169e-09,0.0001666667292,7.716055169e-09
2010,0.0001111111528,4.629633101e-09,0.0001111111528,4.629633101e-09
2011,8.796299595e-05,4.13666291e-09,8.796299595e-05,4.13666291e-09
2012,5.555557639e-05,3.086422068e-09,5.555557639e-05,3.086422068e-09
2013,0.0002500000937,1.311729379e-08,0.0002500000937,1.311729379e-08
2014,0.0001944445174,6.944449652e-09,0.0001944445174,6.944449652e-09
2015,0.0001111111528,4.629633101e-09,0.0001111111528,4.629633101e-09
2016,0.0002986112231,1.548033568e-08,0.0002986112231,1.548033568e-08
2017,5.555557639e-05,3.086422068e-09,5.555557639e-05,3.086422068e-09
2018,0.0002777778819,1.38888993e-08,0.0002777778819,1.38888993e-08
2019,2.777778819e-05,7.716055169e-10,2.777778819e-05,7.716055169e-10
2020,8.33333646e-05,2.314816551e-09,8.33333646e-05,2.314816551e-09
2021,0.000138888941,8.487660688e-09,0.000138888941,8.487660688e-09
2022,8.333336458e-05,3.858027585e-09,8.333336458e-05,3.858027585e-09
2023,0.0003055556701,1.466050482e-08,0.0003055556701,1.466050482e-08
2024,2.777778819e-05,7.716055169e-10,2.777778819e-05,7.716055169e-10
2025,8.333336458e-05,3.858027585e-09,8.333336458e-05,3.858027585e-09
2026,0.000138888941,3.858027585e-09,0.000138888941,3.858027585e-09
2027,0.0002345679892,1.055480139e-08,0.0002345679892,1.055480139e-08
2028,0.0003055556701,1.620371586e-08,0.0003055556701,1.620371586e-08
2029,0.0002500000938,1.157408275e-08,0.0002500000938,1.157408275e-08
2030,8.333336458e-05,3.858027585e-09,8.333336458e-05,3.858027585e-09
2031,8.333336458e-05,3.858027585e-09,8.333336458e-05,3.858027585e-09
2032,5.555557639e-05,1.543211034e-09,5.555557639e-05,1.543211034e-09
2033,5.555557639e-05,3.086422068e-09,5.555557639e-05,3.086422068e-09
2034,0.0001666667292,6.172844135e-09,0.0001666667292,6.172844135e-09
2035,0.000138888941,8.487660688e-09,0.000138888941,8.487660688e-09
2036,5.555557639e-05,1.543211034e-09,5.555557639e-05,1.543211034e-09
2037,0,0,0,0
2038,0.0001111111528,3.086422068e-09,0.0001111111528,3.086422068e-09
2039,0.000277777882,1.080247724e-08,0.000277777882,1.080247724e-08
2040,5.555557639e-05,3.086422068e-09,5.555557639e-05,3.086422068e-09
2041,0.0001805556233,9.452167583e-09,0.0001805556233,9.452167583e-09
2042,8.333336458e-05,3.858027585e-09,8.333336458e-05,3.858027585e-09
2043,0.0001944445174,6.944449652e-09,0.0001944445174,6.944449652e-09
2044,0.0001666667291,9.259266205e-09,0.0001666667291,9.259266205e-09
2045,8.333336458e-05,3.858027585e-09,8.333336458e-05,3.858027585e-09
2046,0.0002500000937,1.157408276e-08,0.0002500000937,1.157408276e-08
2047,2.777778819e-05,7.716055169e-10,2.777778819e-05,7.716055169e-10
2048,8.333336458e-05,2.314816551e-09,8.333336458e-05,2.314816551e-09
2049,9.722225868e-05,4.822534481e-09,9.722225868e-05,4.822534481e-09
2050,8.333336458e-05,3.858027585e-09,8.333336458e-05,3.858027585e-09
2051,0.0003055556702,1.774692689e-08,0.0003055556702,1.774692689e-08
2052,0.0001666667292,9.259266205e-09,0.0001666667292,9.259266205e-09
2053,0.0001111111528,3.086422068e-09,0.0001111111528,3.086422068e-09
2054,0.0001111111528,4.629633102e-09,0.0001111111528,4.629633102e-09
2055,0.0003333334584,1.851853241e-08,0.0003333334584,1.851853241e-08
2056,5.555557639e-05,3.086422068e-09,5.555557639e-05,3.086422068e-09
2057,8.333336458e-05,3.858027585e-09,8.333336458e-05,3.858027585e-09
2058,0,0,0,0
2059,8.333336458e-05,3.858027585e-09,8.333336458e-05,3.858027585e-09
2060,0.0001666667292,6.172844135e-09,0.0001666667292,6.172844135e-09
2061,0.0001111111528,4.629633101e-09,0.0001111111528,4.629633101e-09
2062,0.0002777778819,2.006174344e-08,0.0002777778819,2.006174344e-08
2063,2.777778819e-05,7.716055169e-10,2.777778819e-05,7.716055169e-10
2064,0.000138888941,6.944449652e-09,0.000138888941,6.944449652e-09
2065,0.000240740831,1.320302773e-08,0.000240740831,1.320302773e-08
2066,0.0001712963605,7.994690495e-09,0.0001712963605,7.994690495e-09
2067,0.0001666667292,9.259266203e-09,0.0001666667292,9.259266203e-09
2068,0.0002222223055,1.234568827e-08,0.0002222223055,1.234568827e-08
2069,5.555557639e-05,3.086422068e-09,5.555557639e-05,3.086422068e-09
2070,8.333336458e-05,3.858027585e-09,8.333336458e-05,3.858027585e-09
2071,0.0001944445174,1.003087172e-08,0.0001944445174,1.003087172e-08
2072,0.0001944445174,8.487660686e-09,0.0001944445174,8.487660686e-09
2073,0.0003333334583,2.04475462e-08,0.0003333334583,2.04475462e-08
2074,8.33333646e-05,2.314816551e-09,8.33333646e-05,2.314816551e-09
2075,8.333336458e-05,3.858027585e-09,8.333336458e-05,3.858027585e-09
2076,0.0001944445174,1.157408276e-08,0.0001944445174,1.157408276e-08
2077,0.0001944445174,8.487660686e-09,0.0001944445174,8.487660686e-09
2078,0.0001944445174,6.944449652e-09,0.0001944445174,6.944449652e-09
2079,0.0002013889644,1.046489982e-08,0.0002013889644,1.046489982e-08
2080,0.0001944445173,1.003087172e-08,0.0001944445173,1.003087172e-08
2081,0.0001706349846,7.95226094e-09,0.0001706349846,7.95226094e-09
2082,0.0001944445174,1.157408276e-08,0.0001944445174,1.157408276e-08
2083,0.0001111111528,4.629633101e-09,0.0001111111528,4.629633101e-09
2084,0.0001111111528,4.629633101e-09,0.0001111111528,4.629633101e-09
2085,0.0001111111528,6.172844135e-09,0.0001111111528,6.172844135e-09
2086,5.555557639e-05,3.086422068e-09,5.555557639e-05,3.086422068e-09
2087,5.555557639e-05,1.543211034e-09,5.555557639e-05,1.543211034e-09
2088,4.166668229e-05,1.736112413e-09,4.166668229e-05,1.736112413e-09
2089,0.0001111111528,4.629633101e-09,0.0001111111528,4.629633101e-09
2090,0.0002222223055,9.259266203e-09,0.0002222223055,9.259266203e-09
2091,0.0002500000937,1.157408276e-08,0.0002500000937,1.157408276e-08
2092,0.0002500000937,1.311729379e-08,0.0002500000937,1.311729379e-08
2093,2.777778819e-05,7.716055169e-10,2.777778819e-05,7.716055169e-10
2094,5.555557639e-05,3.086422068e-09,5.555557639e-05,3.086422068e-09
2095,0,0,0,0
2096,8.33333646e-05,2.314816551e-09,8.33333646e-05,2.314816551e-09
2097,5.55555764e-05,1.543211034e-09,5.55555764e-05,1.543211034e-09
2098,0.0002222223055,9.259266203e-09,0.0002222223055,9.259266203e-09
2099,0.0001111111528,6.172844135e-09,0.0001111111528,6.172844135e-09
2100,5.555557639e-05,1.543211034e-09,5.555557639e-05,1.543211034e-09
2101,0.0001468254519,6.346061701e-09,0.0001468254519,6.346061701e-09
2102,0.0003472223524,3.645836068e-08,0.0003472223524,3.645836068e-08
2103,5.555557639e-05,3.086422068e-09,5.555557639e-05,3.086422068e-09
2104,0.0001111111528,6.172844135e-09,0.0001111111528,6.172844135e-09
2105,8.333336458e-05,3.858027585e-09,8.333336458e-05,3.858027585e-09
2106,5.555557639e-05,1.543211034e-09,5.555557639e-05,1.543211034e-09
2107,0.0002222223055,9.259266203e-09,0.0002222223055,9.259266203e-09
2108,0.0002222223055,1.080247724e-08,0.0002222223055,1.080247724e-08
2109,0.000138888941,6.944449655e-09,0.000138888941,6.944449655e-09
2110,0.0001666667292,9.259266203e-09,0.0001666667292,9.259266203e-09
2111,0.0001944445174,1.003087172e-08,0.0001944445174,1.003087172e-08
2112,0.0002222223055,9.259266203e-09,0.0002222223055,9.259266203e-09
2113,5.555557639e-05,3.086422068e-09,5.555557639e-05,3.086422068e-09
2114,0.000277777882,1.234568827e-08,0.000277777882,1.234568827e-08
2115,0.000138888941,6.944449655e-09,0.000138888941,6.944449655e-09
2116,0.0001944445174,1.003087172e-08,0.0001944445174,1.003087172e-08
2117,0.000138888941,6.944449652e-09,0.000138888941,6.944449652e-09
2118,5.555557639e-05,3.086422068e-09,5.555557639e-05,3.086422068e-09
2119,0.0001666667292,6.172844135e-09,0.0001666667292,6.172844135e-09
2120,8.333336458e-05,3.858027585e-09,8.333336458e-05,3.858027585e-09
2121,5.555557639e-05,3.086422068e-09,5.555557639e-05,3.086422068e-09
2122,0.0001666667292,7.716055169e-09,0.0001666667292,7.716055169e-09
2123,0.0001666667292,6.172844135e-09,0.0001666667292,6.172844135e-09
2124,0.0001111111528,6.172844135e-09,0.0001111111528,6.172844135e-09
2125,5.555557639e-05,3.086422068e-09,5.555557639e-05,3.086422068e-09
2126,0.0001666667292,7.716055169e-09,0.0001666667292,7.716055169e-09
2127,0.0001666667292,7.716055169e-09,0.0001666667292,7.716055169e-09
2128,0.0001666667292,7.716055169e-09,0.0001666667292,7.716055169e-09
2129,0.000138888941,6.944449652e-09,0.000138888941,6.944449652e-09
2130,8.333336458e-05,3.858027585e-09,8.333336458e-05,3.858027585e-09
2131,0.0001984127728,8.723866457e-09,0.0001984127728,8.723866457e-09
2132,0.0001666667291,7.716055172e-09,0.0001666667291,7.716055172e-09
2133,0.0001944445174,8.487660686e-09,0.0001944445174,8.487660686e-09
2134,2.777778819e-05,7.716055169e-10,2.777778819e-05,7.716055169e-10
2135,0.0001944445173,1.003087172e-08,0.0001944445173,1.003087172e-08
2136,0.0002500000937,1.929013792e-08,0.0002500000937,1.929013792e-08
2137,0.0001944445173,1.003087172e-08,0.0001944445173,1.003087172e-08
2138,0.0001166667104,4.969139528e-09,0.0001166667104,4.969139528e-09
2139,0.0001111111528,3.086422068e-09,0.0001111111528,3.086422068e-09
2140,0.0003333334583,1.697532137e-08,0.0003333334583,1.697532137e-08
2141,0.0001111111528,4.629633101e-09,0.0001111111528,4.629633101e-09
2142,5.555557639e-05,1.543211034e-09,5.555557639e-05,1.543211034e-09
2143,0.0001805556233,8.680562065e-09,0.0001805556233,8.680562065e-09
2144,0.0001111111528,4.629633101e-09,0.0001111111528,4.629633101e-09
2145,5.555557639e-05,3.086422068e-09,5.555557639e-05,3.086422068e-09
2146,0.0001666667291,9.259266205e-09,0.0001666667291,9.259266205e-09
2147,0.0001111111528,6.172844135e-09,0.0001111111528,6.172844135e-09
2148,0.0001666667292,7.716055169e-09,0.0001666667292,7.716055169e-09
2149,0.0002777778819,1.234568827e-08,0.0002777778819,1.234568827e-08
2150,5.555557639e-05,1.543211034e-09,5.555557639e-05,1.543211034e-09
2151,0.0004444446111,2.314816551e-08,0.0004444446111,2.314816551e-08
2152,0.0001666667292,7.716055169e-09,0.0001666667292,7.716055169e-09
2153,2.777778819e-05,7.716055169e-10,2.777778819e-05,7.716055169e-10
2154,8.33333646e-05,2.314816551e-09,8.33333646e-05,2.314816551e-09
2155,0.0002777778819,1.388889931e-08,0.0002777778819,1.388889931e-08
2156,0.0001944445174,1.003087172e-08,0.0001944445174,1.003087172e-08
2157,8.333336458e-05,2.314816551e-09,8.333336458e-05,2.314816551e-09
2158,5.555557639e-05,1.543211034e-09,5.555557639e-05,1.543211034e-09
2159,0.0001944445173,1.003087172e-08,0.0001944445173,1.003087172e-08
2160,8.333336458e-05,2.314816551e-09,8.333336458e-05,2.314816551e-09
2161,0.0002222223055,1.080247724e-08,0.0002222223055,1.080247724e-08
2162,0.000138888941,6.944449652e-09,0.000138888941,6.944449652e-09
2163,0.000138888941,8.487660688e-09,0.000138888941,8.487660688e-09
2164,0.000138888941,6.944449652e-09,0.000138888941,6.944449652e-09
2165,0.0002222223055,1.697532137e-08,0.0002222223055,1.697532137e-08
2166,0.0002037037801,9.08779831e-09,0.0002037037801,9.08779831e-09
2167,0.0002777778819,1.234568827e-08,0.0002777778819,1.234568827e-08
2168,8.333336458e-05,2.314816551e-09,8.333336458e-05,2.314816551e-09
2169,0.0001666667292,7.716055169e-09,0.0001666667292,7.716055169e-09
2170,8.333336458e-05,3.858027585e-09,8.333336458e-05,3.858027585e-09
2171,0.000138888941,5.401238619e-09,0.000138888941,5.401238619e-09
2172,0,0,0,0
2173,0.0004444446111,2.314816551e-08,0.0004444446111,2.314816551e-08
2174,5.555557639e-05,3.086422068e-09,5.555557639e-05,3.086422068e-09
2175,0.000138888941,3.858027585e-09,0.000138888941,3.858027585e-09
2176,5.555557639e-05,3.086422068e-09,5.555557639e-05,3.086422068e-09
2177,0.0001944445174,1.003087172e-08,0.0001944445174,1.003087172e-08
2178,0.0001666667292,9.259266203e-09,0.0001666667292,9.259266203e-09
2179,8.333336458e-05,3.858027585e-09,8.333336458e-05,3.858027585e-09
2180,9.722225867e-05,3.279323447e-09,9.722225867e-05,3.279323447e-09
2181,2.777778819e-05,7.716055169e-10,2.777778819e-05,7.716055169e-10
2182,5.555557639e-05,1.543211034e-09,5.555557639e-05,1.543211034e-09
2183,0.000138888941,5.401238619e-09,0.000138888941,5.401238619e-09
2184,0.0001500000562,8.302475362e-09,0.0001500000562,8.302475362e-09
2185,0.0004166668229,2.237656e-08,0.0004166668229,2.237656e-08
2186,0.0001111111528,4.629633101e-09,0.0001111111528,4.629633101e-09
2187,0.000138888941,6.944449652e-09,0.000138888941,6.944449652e-09
2188,2.777778819e-05,7.716055169e-10,2.777778819e-05,7.716055169e-10
2189,8.33333646e-05,2.314816551e-09,8.33333646e-05,2.314816551e-09
2190,0.0002500000937,1.157408275e-08,0.0002500000937,1.157408275e-08
2191,8.888892224e-05,7.901240496e-09,8.888892224e-05,7.901240496e-09
2192,0.0002500000937,1.157408275e-08,0.0002500000937,1.157408275e-08
2193,8.333336458e-05,3.858027585e-09,8.333336458e-05,3.858027585e-09
2194,0.0002777778819,1.388889931e-08,0.0002777778819,1.388889931e-08
2195,8.333336458e-05,2.314816551e-09,8.333336458e-05,2.314816551e-09
2196,5.555557639e-05,1.543211034e-09,5.555557639e-05,1.543211034e-09
2197,5.555557639e-05,3.086422068e-09,5.555557639e-05,3.086422068e-09
2198,0.0002222223055,9.259266205e-09,0.0002222223055,9.259266205e-09
2199,0.0001111111528,6.172844135e-09,0.0001111111528,6.172844135e-09
2200,0.0001111111528,4.629633101e-09,0.0001111111528,4.629633101e-09
2201,9.027781163e-05,4.677858447e-09,9.027781163e-05,4.677858447e-09
2202,0.0002500000937,1.311729379e-08,0.0002500000937,1.311729379e-08
2203,0.0001944445173,1.003087172e-08,0.0001944445173,1.003087172e-08
2204,9.722225868e-05,5.594139998e-09,9.722225868e-05,5.594139998e-09
2205,0.0001759259919,8.316192795e-09,0.0001759259919,8.316192795e-09
2206,8.333336458e-05,2.314816551e-09,8.333336458e-05,2.314816551e-09
2207,8.333336458e-05,2.314816551e-09,8.333336458e-05,2.314816551e-09
2208,0.0001111111528,4.629633101e-09,0.0001111111528,4.629633101e-09
2209,0.0001944445173,8.487660688e-09,0.0001944445173,8.487660688e-09
2210,2.777778819e-05,7.716055169e-10,2.777778819e-05,7.716055169e-10
2211,0.0002500000937,1.157408275e-08,0.0002500000937,1.157408275e-08
2212,8.333336458e-05,2.314816551e-09,8.333336458e-05,2.314816551e-09
2213,8.333336458e-05,3.858027585e-09,8.333336458e-05,3.858027585e-09
2214,0.0002777778819,1.38888993e-08,0.0002777778819,1.38888993e-08
2215,0.0001944445173,1.003087172e-08,0.0001944445173,1.003087172e-08
2216,2.777778819e-05,7.716055169e-10,2.777778819e-05,7.716055169e-10
2217,0.000138888941,6.944449652e-09,0.000138888941,6.944449652e-09
2218,0.0001944445173,1.003087172e-08,0.0001944445173,1.003087172e-08
2219,0.0001111111528,4.629633101e-09,0.0001111111528,4.629633101e-09
2220,2.777778819e-05,7.716055169e-10,2.777778819e-05,7.716055169e-10
2221,0.0001944445174,8.487660686e-09,0.0001944445174,8.487660686e-09
2222,2.777778819e-05,7.716055169e-10,2.777778819e-05,7.716055169e-10
2223,0.000138888941,6.944449652e-09,0.000138888941,6.944449652e-09
2224,8.333336458e-05,3.858027585e-09,8.333336458e-05,3.858027585e-09
2225,0.0002500000937,1.311729379e-08,0.0002500000937,1.311729379e-08
2226,0.0002500000937,1.157408275e-08,0.0002500000937,1.157408275e-08
2227,8.333336458e-05,3.858027585e-09,8.333336458e-05,3.858027585e-09
2228,0.0001111111528,6.172844135e-09,0.0001111111528,6.172844135e-09
2229,0.0001111111528,6.172844135e-09,0.0001111111528,6.172844135e-09
2230,0.000138888941,6.944449652e-09,0.000138888941,6.944449652e-09
2231,0.0003055556701,1.620371585e-08,0.0003055556701,1.620371585e-08
2232,8.333336458e-05,3.858027585e-09,8.333336458e-05,3.858027585e-09
2233,0.000138888941,6.944449652e-09,0.000138888941,6.944449652e-09
2234,8.333336458e-05,3.858027585e-09,8.333336458e-05,3.858027585e-09
2235,0.0002222223055,9.259266203e-09,0.0002222223055,9.259266203e-09
2236,0.0001944445174,1.003087172e-08,0.0001944445174,1.003087172e-08
2237,0.0001666667292,6.172844135e-09,0.0001666667292,6.172844135e-09
2238,0.0001944445174,6.944449652e-09,0.0001944445174,6.944449652e-09
2239,0.0001666667292,7.716055169e-09,0.0001666667292,7.716055169e-09
2240,0.0001666667292,6.172844135e-09,0.0001666667292,6.172844135e-09
2241,0.0002013889644,8.92168879e-09,0.0002013889644,8.92168879e-09
2242,8.333336458e-05,3.858027585e-09,8.333336458e-05,3.858027585e-09
2243,5.555557639e-05,1.543211034e-09,5.555557639e-05,1.543211034e-09
2244,5.55555764e-05,1.543211034e-09,5.55555764e-05,1.543211034e-09
2245,0.0002777778819,1.234568827e-08,0.0002777778819,1.234568827e-08
2246,0.0001111111528,4.629633101e-09,0.0001111111528,4.629633101e-09
2247,8.333336458e-05,3.858027585e-09,8.333336458e-05,3.858027585e-09
2248,0.0002222223055,1.697532137e-08,0.0002222223055,1.697532137e-08
2249,0.0002055556326,1.138889743e-08,0.0002055556326,1.138889743e-08
2250,0.000138888941,5.401238618e-09,0.000138888941,5.401238618e-09
2251,0.000138888941,6.944449652e-09,0.000138888941,6.944449652e-09
2252,2.777778819e-05,7.716055169e-10,2.777778819e-05,7.716055169e-10
2253,8.33333646e-05,2.314816551e-09,8.33333646e-05,2.314816551e-09
2254,0.0001111111528,3.086422068e-09,0.0001111111528,3.086422068e-09
2255,0.0001111111528,6.172844135e-09,0.0001111111528,6.172844135e-09
2256,0.0001111111528,3.086422068e-09,0.0001111111528,3.086422068e-09
2257,0.0002500000938,1.003087172e-08,0.0002500000938,1.003087172e-08
2258,0.0001666667292,7.716055169e-09,0.0001666667292,7.716055169e-09
2259,0.0002037037801,1.114541303e-08,0.0002037037801,1.114541303e-08
2260,5.555557639e-05,3.086422068e-09,5.555557639e-05,3.086422068e-09
2261,0.0001203704155,3.686559692e-09,0.0001203704155,3.686559692e-09
2262,0.0001666667292,6.172844135e-09,0.0001666667292,6.172844135e-09
2263,0.0001111111528,4.629633101e-09,0.0001111111528,4.629633101e-09
2264,4.166668229e-05,1.736112413e-09,4.166668229e-05,1.736112413e-09
2265,8.333336458e-05,3.858027585e-09,8.333336458e-05,3.858027585e-09
2266,8.33333646e-05,2.314816551e-09,8.33333646e-05,2.314816551e-09
2267,0.0001111111528,4.629633101e-09,0.0001111111528,4.629633101e-09
2268,0.000138888941,5.401238618e-09,0.000138888941,5.401238618e-09
2269,0.0001851852546,1.16598167e-08,0.0001851852546,1.16598167e-08
2270,8.333336458e-05,3.858027585e-09,8.333336458e-05,3.858027585e-09
2271,0.0001944445174,8.487660686e-09,0.0001944445174,8.487660686e-09
2272,0.0002222223056,1.080247724e-08,0.0002222223056,1.080247724e-08
2273,8.333336458e-05,2.314816551e-09,8.333336458e-05,2.314816551e-09
2274,5.555557639e-05,3.086422068e-09,5.555557639e-05,3.086422068e-09
2275,8.333336458e-05,2.314816551e-09,8.333336458e-05,2.314816551e-09
2276,5.555557639e-05,3.086422068e-09,5.555557639e-05,3.086422068e-09
2277,2.777778819e-05,7.716055169e-10,2.777778819e-05,7.716055169e-10
2278,0.0001111111528,6.172844135e-09,0.0001111111528,6.172844135e-09
2279,0.0001481482037,6.001376243e-09,0.0001481482037,6.001376243e-09
2280,5.555557639e-05,1.543211034e-09,5.555557639e-05,1.543211034e-09
2281,5.555557639e-05,3.086422068e-09,5.555557639e-05,3.086422068e-09
2282,0.000138888941,6.944449652e-09,0.000138888941,6.944449652e-09
2283,0.0001111111528,4.629633101e-09,0.0001111111528,4.629633101e-09
2284,0.0003055556702,1.311729379e-08,0.0003055556702,1.311729379e-08
2285,0.0001666667291,9.259266205e-09,0.0001666667291,9.259266205e-09
2286,8.33333646e-05,2.314816551e-09,8.33333646e-05,2.314816551e-09
2287,0.0001111111528,4.629633101e-09,0.0001111111528,4.629633101e-09
2288,8.333336458e-05,3.858027585e-09,8.333336458e-05,3.858027585e-09
2289,0.000138888941,5.401238619e-09,0.000138888941,5.401238619e-09
2290,8.33333646e-05,2.314816551e-09,8.33333646e-05,2.314816551e-09
2291,5.55555764e-05,1.543211034e-09,5.55555764e-05,1.543211034e-09
2292,0.0001111111528,4.629633101e-09,0.0001111111528,4.629633101e-09
2293,0.0001111111528,4.629633101e-09,0.0001111111528,4.629633101e-09
2294,0.0001172839946,6.896819683e-09,0.0001172839946,6.896819683e-09
2295,0.0001111111528,4.629633101e-09,0.0001111111528,4.629633101e-09
2296,0.0003958334817,1.586613844e-08,0.0003958334817,1.586613844e-08
2297,0.0001944445173,1.003087172e-08,0.0001944445173,1.003087172e-08
2298,0.0001666667292,7.716055169e-09,0.0001666667292,7.716055169e-09
2299,5.555557639e-05,1.543211034e-09,5.555557639e-05,1.543211034e-09
2300,8.333336458e-05,3.858027585e-09,8.333336458e-05,3.858027585e-09
2301,2.777778819e-05,7.716055169e-10,2.777778819e-05,7.716055169e-10
2302,2.777778819e-05,7.716055169e-10,2.777778819e-05,7.716055169e-10
2303,0.0001111111528,6.172844135e-09,0.0001111111528,6.172844135e-09
2304,0.000138888941,3.858027585e-09,0.000138888941,3.858027585e-09
2305,0.000138888941,5.401238618e-09,0.000138888941,5.401238618e-09
2306,0.000277777882,1.234568827e-08,0.000277777882,1.234568827e-08
2307,0.0001111111528,4.629633101e-09,0.0001111111528,4.629633101e-09
2308,8.333336458e-05,3.858027585e-09,8.333336458e-05,3.858027585e-09
2309,5.555557639e-05,3.086422068e-09,5.555557639e-05,3.086422068e-09
2310,0.0002500000937,1.774692689e-08,0.0002500000937,1.774692689e-08
2311,8.333336458e-05,3.858027585e-09,8.333336458e-05,3.858027585e-09
2312,0.0002013889644,8.92168879e-09,0.0002013889644,8.92168879e-09
2313,0.0003333334583,1.697532137e-08,0.0003333334583,1.697532137e-08
2314,3.703705093e-05,1.371743141e-09,3.703705093e-05,1.371743141e-09
2315,0.000138888941,6.944449652e-09,0.000138888941,6.944449652e-09
2316,0.000138888941,6.944449652e-09,0.000138888941,6.944449652e-09
2317,0.000138888941,6.944449655e-09,0.000138888941,6.944449655e-09
2318,0.0001944445174,8.487660686e-09,0.0001944445174,8.487660686e-09
2319,0.0002500000938,1.003087172e-08,0.0002500000938,1.003087172e-08
2320,0.0001574074664,9.345000149e-09,0.0001574074664,9.345000149e-09
2321,0.0001944445174,8.487660686e-09,0.0001944445174,8.487660686e-09
2322,0.0001666667292,7.716055169e-09,0.0001666667292,7.716055169e-09
2323,0.0001111111528,4.629633101e-09,0.0001111111528,4.629633101e-09
2324,5.555557639e-05,3.086422068e-09,5.555557639e-05,3.086422068e-09
2325,0.0001944445173,1.003087172e-08,0.0001944445173,1.003087172e-08
2326,0.0001944445174,8.487660686e-09,0.0001944445174,8.487660686e-09
2327,5.555557639e-05,1.543211034e-09,5.555557639e-05,1.543211034e-09
2328,8.333336458e-05,3.858027585e-09,8.333336458e-05,3.858027585e-09
2329,2.777778819e-05,7.716055169e-10,2.777778819e-05,7.716055169e-10
2330,0.0001944445174,8.487660686e-09,0.0001944445174,8.487660686e-09
2331,0.0002500000937,1.157408276e-08,0.0002500000937,1.157408276e-08
2332,0.000200000075,8.827167113e-09,0.000200000075,8.827167113e-09
2333,8.333336458e-05,2.314816551e-09,8.333336458e-05,2.314816551e-09
2334,0.0001944445174,8.487660686e-09,0.0001944445174,8.487660686e-09
2335,2.777778819e-05,7.716055169e-10,2.777778819e-05,7.716055169e-10
2336,0,0,0,0
2337,0.0001111111528,4.629633101e-09,0.0001111111528,4.629633101e-09
2338,0.0001944445174,8.487660686e-09,0.0001944445174,8.487660686e-09
2339,0,0,0,0
2340,0.0001944445173,1.003087172e-08,0.0001944445173,1.003087172e-08
2341,8.333336458e-05,3.858027585e-09,8.333336458e-05,3.858027585e-09
2342,0.0004043211392,2.3957875e-08,0.0004043211392,2.3957875e-08
2343,0,0,0,0
2344,2.777778819e-05,7.716055169e-10,2.777778819e-05,7.716055169e-10
2345,0.0001736111762,8.150083272e-09,0.0001736111762,8.150083272e-09
2346,0.0001111111528,4.629633101e-09,0.0001111111528,4.629633101e-09
2347,0.0003388890159,1.762347001e-08,0.0003388890159,1.762347001e-08
2348,2.777778819e-05,7.716055169e-10,2.777778819e-05,7.716055169e-10
2349,5.555557639e-05,1.543211034e-09,5.555557639e-05,1.543211034e-09
2350,0.0002222223056,9.259266203e-09,0.0002222223056,9.259266203e-09
2351,0.0001666667291,7.716055172e-09,0.0001666667291,7.716055172e-09
2352,5.555557639e-05,3.086422068e-09,5.555557639e-05,3.086422068e-09
2353,0.0002592593565,1.268862406e-08,0.0002592593565,1.268862406e-08
2354,8.333336458e-05,3.858027585e-09,8.333336458e-05,3.858027585e-09
2355,0.0001944445174,8.487660686e-09,0.0001944445174,8.487660686e-09
2356,0.0001111111528,4.629633101e-09,0.0001111111528,4.629633101e-09
2357,0.0002870371447,1.448903693e-08,0.0002870371447,1.448903693e-08
2358,0.0001111111528,4.629633101e-09,0.0001111111528,4.629633101e-09
2359,2.777778819e-05,7.716055169e-10,2.777778819e-05,7.716055169e-10
2360,0.000138888941,5.401238618e-09,0.000138888941,5.401238618e-09
2361,2.777778819e-05,7.716055169e-10,2.777778819e-05,7.716055169e-10
2362,0.0001111111528,4.629633102e-09,0.0001111111528,4.629633102e-09
2363,5.555557639e-05,1.543211034e-09,5.555557639e-05,1.543211034e-09
2364,5.555557639e-05,1.543211034e-09,5.555557639e-05,1.543211034e-09
2365,0.0001111111528,4.629633101e-09,0.0001111111528,4.629633101e-09
2366,0.0001111111528,3.086422068e-09,0.0001111111528,3.086422068e-09
2367,0.0001736111762,6.606872239e-09,0.0001736111762,6.606872239e-09
2368,0.0001111111528,4.629633101e-09,0.0001111111528,4.629633101e-09
2369,5.555557639e-05,1.543211034e-09,5.555557639e-05,1.543211034e-09
2370,0.0001666667292,7.716055169e-09,0.0001666667292,7.716055169e-09
2371,0.0002222223055,1.697532137e-08,0.0002222223055,1.697532137e-08
2372,0.0002500000937,1.311729379e-08,0.0002500000937,1.311729379e-08
2373,0.000138888941,6.944449652e-09,0.000138888941,6.944449652e-09
2374,0.0001111111528,4.629633101e-09,0.0001111111528,4.629633101e-09
2375,2.777778819e-05,7.716055169e-10,2.777778819e-05,7.716055169e-10
2376,0.0001944445174,8.487660689e-09,0.0001944445174,8.487660689e-09
2377,0.0002500000937,1.003087172e-08,0.0002500000937,1.003087172e-08
2378,0.0002777778819,1.543211034e-08,0.0002777778819,1.543211034e-08
2379,5.555557639e-05,3.086422068e-09,5.555557639e-05,3.086422068e-09
2380,0.0002777778819,1.38888993e-08,0.0002777778819,1.38888993e-08
2381,0,0,0,0
2382,0.0001111111528,4.629633101e-09,0.0001111111528,4.629633101e-09
2383,5.555557639e-05,1.543211034e-09,5.555557639e-05,1.543211034e-09
2384,0.0002777778819,2.006174344e-08,0.0002777778819,2.006174344e-08
2385,0.0001666667292,7.716055169e-09,0.0001666667292,7.716055169e-09
2386,0.000138888941,6.944449655e-09,0.000138888941,6.944449655e-09
2387,0.0001111111528,4.629633101e-09,0.0001111111528,4.629633101e-09
2388,8.333336458e-05,3.858027585e-09,8.333336458e-05,3.858027585e-09
2389,2.777778819e-05,7.716055169e-10,2.777778819e-05,7.716055169e-10
2390,0.0001111111528,6.172844135e-09,0.0001111111528,6.172844135e-09
2391,5.555557639e-05,3.086422068e-09,5.555557639e-05,3.086422068e-09
2392,0.0001984127728,1.181028853e-08,0.0001984127728,1.181028853e-08
2393,0.0002222223056,1.080247724e-08,0.0002222223056,1.080247724e-08
2394,5.555557639e-05,1.543211034e-09,5.555557639e-05,1.543211034e-09
2395,0.0001425926461,5.620717521e-09,0.0001425926461,5.620717521e-09
2396,0.000138888941,6.944449652e-09,0.000138888941,6.944449652e-09
2397,5.555557639e-05,1.543211034e-09,5.555557639e-05,1.543211034e-09
2398,0.0001111111528,6.172844135e-09,0.0001111111528,6.172844135e-09
2399,0.0002555556514,1.345680021e-08,0.0002555556514,1.345680021e-08
2400,0.0002222223056,1.080247724e-08,0.0002222223056,1.080247724e-08
2401,8.333336458e-05,3.858027585e-09,8.333336458e-05,3.858027585e-09
2402,0.0001111111528,4.629633101e-09,0.0001111111528,4.629633101e-09
2403,0.000138888941,6.944449652e-09,0.000138888941,6.944449652e-09
2404,8.333336458e-05,3.858027585e-09,8.333336458e-05,3.858027585e-09
2405,8.333336458e-05,3.858027585e-09,8.333336458e-05,3.858027585e-09
2406,5.555557639e-05,1.543211034e-09,5.555557639e-05,1.543211034e-09
2407,0.0001666667291,9.259266205e-09,0.0001666667291,9.259266205e-09
2408,0.0001666667292,7.716055169e-09,0.0001666667292,7.716055169e-09
2409,5.555557639e-05,1.543211034e-09,5.555557639e-05,1.543211034e-09
2410,0.0001666667292,4.629633102e-09,0.0001666667292,4.629633102e-09
2411,0.000138888941,5.401238618e-09,0.000138888941,5.401238618e-09
2412,0.0001666667292,6.172844135e-09,0.0001666667292,6.172844135e-09
2413,8.333336458e-05,3.858027585e-09,8.333336458e-05,3.858027585e-09
2414,0.0001111111528,4.629633101e-09,0.0001111111528,4.629633101e-09
2415,0.0001944445174,1.003087172e-08,0.0001944445174,1.003087172e-08
2416,5.55555764e-05,1.543211034e-09,5.55555764e-05,1.543211034e-09
2417,8.333336458e-05,3.858027585e-09,8.333336458e-05,3.858027585e-09
2418,0.0001944445174,1.003087172e-08,0.0001944445174,1.003087172e-08
2419,8.333336458e-05,3.858027585e-09,8.333336458e-05,3.858027585e-09
2420,0.0001111111528,4.629633101e-09,0.0001111111528,4.629633101e-09
2421,6.172841821e-05,3.810397615e-09,6.172841821e-05,3.810397615e-09
2422,0.0001111111528,6.172844135e-09,0.0001111111528,6.172844135e-09
2423,0.0001666667292,7.716055169e-09,0.0001666667292,7.716055169e-09
2424,0.000138888941,5.401238618e-09,0.000138888941,5.401238618e-09
2425,8.333336458e-05,3.858027585e-09,8.333336458e-05,3.858027585e-09
2426,0.0002777778819,1.234568827e-08,0.0002777778819,1.234568827e-08
2427,0.000138888941,6.944449652e-09,0.000138888941,6.944449652e-09
2428,0.0004722223993,7.330252408e-08,0.0004722223993,7.330252408e-08
2429,8.333336458e-05,3.858027585e-09,8.333336458e-05,3.858027585e-09
2430,0.0001111111528,4.629633101e-09,0.0001111111528,4.629633101e-09
2431,0,0,0,0
2432,0.0001944445173,1.003087172e-08,0.0001944445173,1.003087172e-08
2433,2.777778819e-05,7.716055169e-10,2.777778819e-05,7.716055169e-10
2434,8.333336458e-05,2.314816551e-09,8.333336458e-05,2.314816551e-09
2435,0.0001428571964,7.180655423e-09,0.0001428571964,7.180655423e-09
2436,0.0001666667291,1.543211034e-08,0.0001666667291,1.543211034e-08
2437,0.000138888941,5.401238618e-09,0.000138888941,5.401238618e-09
2438,0,0,0,0
2439,8.333336458e-05,3.858027585e-09,8.333336458e-05,3.858027585e-09
2440,0.0001944445174,8.487660689e-09,0.0001944445174,8.487660689e-09
2441,0.0002500000937,1.157408275e-08,0.0002500000937,1.157408275e-08
2442,0.0001944445173,1.003087172e-08,0.0001944445173,1.003087172e-08
2443,0.0001805556233,8.680562065e-09,0.0001805556233,8.680562065e-09
2444,9.126987549e-05,4.802850667e-09,9.126987549e-05,4.802850667e-09
2445,5.555557639e-05,3.086422068e-09,5.555557639e-05,3.086422068e-09
2446,0.000138888941,5.401238618e-09,0.000138888941,5.401238618e-09
2447,0.0001111111528,4.629633101e-09,0.0001111111528,4.629633101e-09
2448,2.777778819e-05,7.716055169e-10,2.777778819e-05,7.716055169e-10
2449,0.0001666667292,9.259266203e-09,0.0001666667292,9.259266203e-09
2450,0.0001805556233,7.137351032e-09,0.0001805556233,7.137351032e-09
2451,2.777778819e-05,7.716055169e-10,2.777778819e-05,7.716055169e-10
2452,0.0003055556702,1.620371586e-08,0.0003055556702,1.620371586e-08
2453,0.0001111111528,6.172844135e-09,0.0001111111528,6.172844135e-09
2454,0,0,0,0
2455,6.34920873e-05,4.03124515e-09,6.34920873e-05,4.03124515e-09
2456,0.0001111111528,6.172844135e-09,0.0001111111528,6.172844135e-09
2457,0.0002777778819,1.388889931e-08,0.0002777778819,1.388889931e-08
2458,2.777778819e-05,7.716055169e-10,2.777778819e-05,7.716055169e-10
2459,6.481483912e-05,2.143348658e-09,6.481483912e-05,2.143348658e-09
2460,0.000138888941,6.944449652e-09,0.000138888941,6.944449652e-09
2461,0.0001701389527,7.921012885e-09,0.0001701389527,7.921012885e-09
2462,0.0001666667292,7.716055169e-09,0.0001666667292,7.716055169e-09
2463,0.0001111111528,6.172844138e-09,0.0001111111528,6.172844138e-09
2464,0.0002777778819,1.543211034e-08,0.0002777778819,1.543211034e-08
2465,0.0001111111528,6.172844135e-09,0.0001111111528,6.172844135e-09
2466,8.333336458e-05,3.858027585e-09,8.333336458e-05,3.858027585e-09
2467,0.0001666667292,6.172844135e-09,0.0001666667292,6.172844135e-09
2468,0.0003611112465,1.929013793e-08,0.0003611112465,1.929013793e-08
2469,0.000138888941,6.944449652e-09,0.000138888941,6.944449652e-09
2470,2.777778819e-05,7.716055169e-10,2.777778819e-05,7.716055169e-10
2471,0.000138888941,5.401238618e-09,0.000138888941,5.401238618e-09
2472,0.0002500000937,1.157408275e-08,0.0002500000937,1.157408275e-08
2473,2.777778819e-05,7.716055169e-10,2.777778819e-05,7.716055169e-10
2474,8.333336458e-05,3.858027585e-09,8.333336458e-05,3.858027585e-09
2475,8.333336458e-05,3.858027585e-09,8.333336458e-05,3.858027585e-09
2476,0.0001111111528,4.629633101e-09,0.0001111111528,4.629633101e-09
2477,0.0001666667292,7.716055169e-09,0.0001666667292,7.716055169e-09
2478,0.0001111111528,4.629633101e-09,0.0001111111528,4.629633101e-09
2479,0.0001111111528,6.172844135e-09,0.0001111111528,6.172844135e-09
2480,0.0001944445174,6.944449652e-09,0.0001944445174,6.944449652e-09
2481,0.0001944445174,1.003087172e-08,0.0001944445174,1.003087172e-08
2482,0.0001666667292,7.716055169e-09,0.0001666667292,7.716055169e-09
2483,0.000138888941,6.944449652e-09,0.000138888941,6.944449652e-09
2484,0.0001111111528,4.629633101e-09,0.0001111111528,4.629633101e-09
2485,0.0001666667292,7.716055169e-09,0.0001666667292,7.716055169e-09
2486,0.0002222223056,1.080247724e-08,0.0002222223056,1.080247724e-08
2487,0.0001435185723,7.223084978e-09,0.0001435185723,7.223084978e-09
2488,5.555557639e-05,3.086422068e-09,5.555557639e-05,3.086422068e-09
2489,5.55555764e-05,1.543211034e-09,5.55555764e-05,1.543211034e-09
2490,0.0002777778819,1.543211034e-08,0.0002777778819,1.543211034e-08
2491,0.0001250000469,6.365745515e-09,0.0001250000469,6.365745515e-09
2492,2.777778819e-05,7.716055169e-10,2.777778819e-05,7.716055169e-10
2493,0.0003333334583,1.697532138e-08,0.0003333334583,1.697532138e-08
2494,5.555557639e-05,3.086422068e-09,5.555557639e-05,3.086422068e-09
2495,2.777778819e-05,7.716055169e-10,2.777778819e-05,7.716055169e-10
2496,5.55555764e-05,1.543211034e-09,5.55555764e-05,1.543211034e-09
2497,0.0001666667292,9.259266203e-09,0.0001666667292,9.259266203e-09
2498,8.333336458e-05,3.858027585e-09,8.333336458e-05,3.858027585e-09
2499,0.0002777778819,1.38888993e-08,0.0002777778819,1.38888993e-08
2500,0.000138888941,6.944449652e-09,0.000138888941,6.944449652e-09
2501,0.0002500000937,1.311729379e-08,0.0002500000937,1.311729379e-08
2502,0.0001666667292,7.716055172e-09,0.0001666667292,7.716055172e-09
2503,0.0001666667292,7.716055169e-09,0.0001666667292,7.716055169e-09
2504,0.0001180555998,3.520450171e-09,0.0001180555998,3.520450171e-09
2505,0.0001944445174,8.487660686e-09,0.0001944445174,8.487660686e-09
2506,0.0002500000938,1.003087172e-08,0.0002500000938,1.003087172e-08
2507,0.0001666667292,6.172844135e-09,0.0001666667292,6.172844135e-09
2508,2.777778819e-05,7.716055169e-10,2.777778819e-05,7.716055169e-10
2509,5.555557639e-05,3.086422068e-09,5.555557639e-05,3.086422068e-09
2510,8.333336458e-05,2.314816551e-09,8.333336458e-05,2.314816551e-09
2511,0.0002222223056,1.388889931e-08,0.0002222223056,1.388889931e-08
2512,0.0001111111528,6.172844135e-09,0.0001111111528,6.172844135e-09
2513,0.000138888941,6.944449652e-09,0.000138888941,6.944449652e-09
2514,0.000138888941,6.944449652e-09,0.000138888941,6.944449652e-09
2515,0.000138888941,6.944449652e-09,0.000138888941,6.944449652e-09
2516,0,0,0,0
2517,0.0001111111528,4.629633101e-09,0.0001111111528,4.629633101e-09
2518,0.000138888941,5.401238618e-09,0.000138888941,5.401238618e-09
2519,8.333336458e-05,3.858027585e-09,8.333336458e-05,3.858027585e-09
2520,0.000138888941,5.401238619e-09,0.000138888941,5.401238619e-09
2521,0.000138888941,8.487660688e-09,0.000138888941,8.487660688e-09
2522,0.000138888941,6.944449655e-09,0.000138888941,6.944449655e-09
2523,9.259262731e-05,2.914954175e-09,9.259262731e-05,2.914954175e-09
2524,0.0001481482037,8.058990955e-09,0.0001481482037,8.058990955e-09
2525,5.555557639e-05,3.086422068e-09,5.555557639e-05,3.086422068e-09
2526,0.0001944445174,8.487660686e-09,0.0001944445174,8.487660686e-09
2527,8.333336458e-05,3.858027585e-09,8.333336458e-05,3.858027585e-09
2528,0.000138888941,6.944449652e-09,0.000138888941,6.944449652e-09
2529,2.777778819e-05,7.716055169e-10,2.777778819e-05,7.716055169e-10
2530,2.777778819e-05,7.716055169e-10,2.777778819e-05,7.716055169e-10
2531,5.555557639e-05,1.543211034e-09,5.555557639e-05,1.543211034e-09
2532,5.555557639e-05,3.086422068e-09,5.555557639e-05,3.086422068e-09
2533,0.0001527778351,6.365745515e-09,0.0001527778351,6.365745515e-09
2534,0.0001666667292,7.716055169e-09,0.0001666667292,7.716055169e-09
2535,8.333336458e-05,2.314816551e-09,8.333336458e-05,2.314816551e-09
2536,9.722225868e-05,3.279323447e-09,9.722225868e-05,3.279323447e-09
2537,0.0001944445174,1.003087172e-08,0.0001944445174,1.003087172e-08
2538,5.555557639e-05,3.086422068e-09,5.555557639e-05,3.086422068e-09
2539,5.555557639e-05,1.543211034e-09,5.555557639e-05,1.543211034e-09
2540,0.0001111111528,4.629633101e-09,0.0001111111528,4.629633101e-09
2541,8.333336458e-05,3.858027585e-09,8.333336458e-05,3.858027585e-09
2542,2.777778819e-05,7.716055169e-10,2.777778819e-05,7.716055169e-10
2543,0.000138888941,6.944449652e-09,0.000138888941,6.944449652e-09
2544,5.555557639e-05,1.543211034e-09,5.555557639e-05,1.543211034e-09
2545,0.0002870371447,1.500344061e-08,0.0002870371447,1.500344061e-08
2546,2.777778819e-05,7.716055169e-10,2.777778819e-05,7.716055169e-10
2547,0,0,0,0
2548,8.333336458e-05,3.858027585e-09,8.333336458e-05,3.858027585e-09
2549,0.000138888941,5.401238618e-09,0.000138888941,5.401238618e-09
2550,8.333336458e-05,3.858027585e-09,8.333336458e-05,3.858027585e-09
2551,5.555557639e-05,3.086422068e-09,5.555557639e-05,3.086422068e-09
2552,0.0002777778819,1.38888993e-08,0.0002777778819,1.38888993e-08
2553,0,0,0,0
2554,0.000138888941,6.944449652e-09,0.000138888941,6.944449652e-09
2555,8.333336458e-05,2.314816551e-09,8.333336458e-05,2.314816551e-09
2556,2.777778819e-05,7.716055169e-10,2.777778819e-05,7.716055169e-10
2557,0.0001111111528,4.629633101e-09,0.0001111111528,4.629633101e-09
2558,5.555557639e-05,3.086422068e-09,5.555557639e-05,3.086422068e-09
2559,0.0001250000469,5.594139998e-09,0.0001250000469,5.594139998e-09
2560,0,0,0,0
2561,5.555557639e-05,3.086422068e-09,5.555557639e-05,3.086422068e-09
2562,0,0,0,0
2563,0,0,0,0
2564,0.000138888941,5.401238619e-09,0.000138888941,5.401238619e-09
2565,8.333336458e-05,3.858027585e-09,8.333336458e-05,3.858027585e-09
2566,0.000138888941,5.401238618e-09,0.000138888941,5.401238618e-09
2567,0.0002222223055,1.080247724e-08,0.0002222223055,1.080247724e-08
2568,0.0001666667292,9.259266203e-09,0.0001666667292,9.259266203e-09
2569,0.0001111111528,3.086422068e-09,0.0001111111528,3.086422068e-09
2570,5.55555764e-05,3.086422067e-09,5.55555764e-05,3.086422067e-09
2571,0.000138888941,5.401238618e-09,0.000138888941,5.401238618e-09
2572,5.555557639e-05,1.543211034e-09,5.555557639e-05,1.543211034e-09
2573,2.777778819e-05,7.716055169e-10,2.777778819e-05,7.716055169e-10
2574,9.0909125e-05,2.793084433e-09,9.0909125e-05,2.793084433e-09
2575,0,0,0,0
2576,0,0,0,0
2577,0.000138888941,6.944449652e-09,0.000138888941,6.944449652e-09
2578,0.000138888941,6.944449652e-09,0.000138888941,6.944449652e-09
2579,0.0002222223056,1.080247724e-08,0.0002222223056,1.080247724e-08
2580,0.0001527778351,7.908956548e-09,0.0001527778351,7.908956548e-09
2581,0.0001111111528,4.629633101e-09,0.0001111111528,4.629633101e-09
2582,0.0001111111528,4.629633101e-09,0.0001111111528,4.629633101e-09
2583,2.777778819e-05,7.716055169e-10,2.777778819e-05,7.716055169e-10
2584,5.555557639e-05,1.543211034e-09,5.555557639e-05,1.543211034e-09
2585,0.0001944445174,1.003087172e-08,0.0001944445174,1.003087172e-08
2586,5.55555764e-05,1.543211034e-09,5.55555764e-05,1.543211034e-09
2587,0.0001944445174,8.487660686e-09,0.0001944445174,8.487660686e-09
2588,0.0001111111528,6.172844135e-09,0.0001111111528,6.172844135e-09
2589,0.0001944445173,1.003087172e-08,0.0001944445173,1.003087172e-08
2590,0.0001701389527,7.921012885e-09,0.0001701389527,7.921012885e-09
2591,8.333336458e-05,3.858027585e-09,8.333336458e-05,3.858027585e-09
2592,0.0001157407841,4.908268427e-09,0.0001157407841,4.908268427e-09
2593,0.0002500000937,1.157408275e-08,0.0002500000937,1.157408275e-08
2594,0.000138888941,5.401238619e-09,0.000138888941,5.401238619e-09
2595,0.0002222223056,1.080247724e-08,0.0002222223056,1.080247724e-08
2596,8.333336458e-05,3.858027585e-09,8.333336458e-05,3.858027585e-09
2597,0.0001666667292,7.716055169e-09,0.0001666667292,7.716055169e-09
2598,0.0002023810283,1.09756948e-08,0.0002023810283,1.09756948e-08
2599,0.0002666667667,1.123457633e-08,0.0002666667667,1.123457633e-08
2600,0.000138888941,5.401238619e-09,0.000138888941,5.401238619e-09
2601,2.777778819e-05,7.716055169e-10,2.777778819e-05,7.716055169e-10
2602,0.0001944445173,1.003087172e-08,0.0001944445173,1.003087172e-08
2603,0.0001296296782,6.001376242e-09,0.0001296296782,6.001376242e-09
2604,5.555557639e-05,1.543211034e-09,5.555557639e-05,1.543211034e-09
2605,0.000138888941,6.944449652e-09,0.000138888941,6.944449652e-09
2606,0.0003055556701,1.466050482e-08,0.0003055556701,1.466050482e-08
2607,0.0001666667291,9.259266205e-09,0.0001666667291,9.259266205e-09
2608,5.555557639e-05,1.543211034e-09,5.555557639e-05,1.543211034e-09
2609,5.555557639e-05,3.086422068e-09,5.555557639e-05,3.086422068e-09
2610,0.000145833388,5.835266722e-09,0.000145833388,5.835266722e-09
2611,5.555557639e-05,1.543211034e-09,5.555557639e-05,1.543211034e-09
2612,0.000138888941,6.944449652e-09,0.000138888941,6.944449652e-09
2613,8.333336458e-05,3.858027585e-09,8.333336458e-05,3.858027585e-09
2614,0.0001500000562,8.302475362e-09,0.0001500000562,8.302475362e-09
2615,0.000200000075,1.037037815e-08,0.000200000075,1.037037815e-08
2616,2.777778819e-05,7.716055169e-10,2.777778819e-05,7.716055169e-10
2617,5.555557639e-05,3.086422068e-09,5.555557639e-05,3.086422068e-09
2618,0,0,0,0
2619,6.481483912e-05,4.20096337e-09,6.481483912e-05,4.20096337e-09
2620,5.555557639e-05,1.543211034e-09,5.555557639e-05,1.543211034e-09
2621,0.0001666667292,6.172844135e-09,0.0001666667292,6.172844135e-09
2622,0.0002777778819,1.388889931e-08,0.0002777778819,1.388889931e-08
2623,0.0001666667291,7.716055172e-09,0.0001666667291,7.716055172e-09
2624,0.000138888941,6.944449652e-09,0.000138888941,6.944449652e-09
2625,0.0001666667292,7.716055169e-09,0.0001666667292,7.716055169e-09
2626,2.777778819e-05,7.716055169e-10,2.777778819e-05,7.716055169e-10
2627,0.000138888941,6.944449655e-09,0.000138888941,6.944449655e-09
2628,5.55555764e-05,1.543211034e-09,5.55555764e-05,1.543211034e-09
2629,5.555557639e-05,1.543211034e-09,5.555557639e-05,1.543211034e-09
2630,5.555557639e-05,3.086422068e-09,5.555557639e-05,3.086422068e-09
2631,6.944447047e-05,2.50771793e-09,6.944447047e-05,2.50771793e-09
2632,0.0001712963605,4.908268428e-09,0.0001712963605,4.908268428e-09
2633,0.0001666667291,7.716055172e-09,0.0001666667291,7.716055172e-09
2634,8.333336458e-05,3.858027585e-09,8.333336458e-05,3.858027585e-09
2635,0.0001111111528,4.629633101e-09,0.0001111111528,4.629633101e-09
2636,0.0002222223056,1.388889931e-08,0.0002222223056,1.388889931e-08
2637,2.777778819e-05,7.716055169e-10,2.777778819e-05,7.716055169e-10
2638,0.0002777778819,1.234568827e-08,0.0002777778819,1.234568827e-08
2639,5.55555764e-05,1.543211034e-09,5.55555764e-05,1.543211034e-09
2640,0.0001166667104,4.969139529e-09,0.0001166667104,4.969139529e-09
2641,0.0001944445174,8.487660686e-09,0.0001944445174,8.487660686e-09
2642,0.0001111111528,4.629633101e-09,0.0001111111528,4.629633101e-09
2643,0.0001666667292,1.080247724e-08,0.0001666667292,1.080247724e-08
2644,0.0001666667292,6.172844135e-09,0.0001666667292,6.172844135e-09
2645,0.000138888941,6.944449652e-09,0.000138888941,6.944449652e-09
2646,0.0001944445174,8.487660686e-09,0.0001944445174,8.487660686e-09
2647,0.0001111111528,4.629633101e-09,0.0001111111528,4.629633101e-09
2648,0.0001736111762,6.606872239e-09,0.0001736111762,6.606872239e-09
2649,0.0001944445174,1.003087172e-08,0.0001944445174,1.003087172e-08
2650,0.0001944445174,8.487660686e-09,0.0001944445174,8.487660686e-09
2651,0.000138888941,5.401238618e-09,0.000138888941,5.401238618e-09
2652,8.333336458e-05,3.858027585e-09,8.333336458e-05,3.858027585e-09
2653,0.0001944445174,1.003087172e-08,0.0001944445174,1.003087172e-08
2654,0.0001111111528,4.629633101e-09,0.0001111111528,4.629633101e-09
2655,2.777778819e-05,7.716055169e-10,2.777778819e-05,7.716055169e-10
2656,2.777778819e-05,7.716055169e-10,2.777778819e-05,7.716055169e-10
2657,0.0001296296782,8.573394633e-09,0.0001296296782,8.573394633e-09
2658,0.000138888941,6.944449652e-09,0.000138888941,6.944449652e-09
2659,0.000138888941,6.944449652e-09,0.000138888941,6.944449652e-09
2660,0.0001759259919,8.316192793e-09,0.0001759259919,8.316192793e-09
2661,0.0001944445174,8.487660686e-09,0.0001944445174,8.487660686e-09
2662,0.0002222223055,1.080247724e-08,0.0002222223055,1.080247724e-08
2663,2.777778819e-05,7.716055169e-10,2.777778819e-05,7.716055169e-10
2664,0.000138888941,6.944449652e-09,0.000138888941,6.944449652e-09
2665,2.777778819e-05,7.716055169e-10,2.777778819e-05,7.716055169e-10
2666,0.0003611112465,1.929013792e-08,0.0003611112465,1.929013792e-08
2667,5.555557639e-05,3.086422068e-09,5.555557639e-05,3.086422068e-09
2668,0.0001172839946,5.010672863e-09,0.0001172839946,5.010672863e-09
2669,6.250002344e-05,1.977239137e-09,6.250002344e-05,1.977239137e-09
2670,0.0003444445736,1.302470113e-08,0.0003444445736,1.302470113e-08
2671,0.0001180555998,5.063661205e-09,0.0001180555998,5.063661205e-09
2672,2.777778819e-05,7.716055169e-10,2.777778819e-05,7.716055169e-10
2673,0.000138888941,6.944449652e-09,0.000138888941,6.944449652e-09
2674,0.000138888941,6.944449655e-09,0.000138888941,6.944449655e-09
2675,5.555557639e-05,3.086422068e-09,5.555557639e-05,3.086422068e-09
2676,5.555557639e-05,1.543211034e-09,5.555557639e-05,1.543211034e-09
2677,5.555557639e-05,1.543211034e-09,5.555557639e-05,1.543211034e-09
2678,0.0001111111528,6.172844135e-09,0.0001111111528,6.172844135e-09
2679,0.0001666667292,9.259266203e-09,0.0001666667292,9.259266203e-09
2680,0.0001666667292,9.259266203e-09,0.0001666667292,9.259266203e-09
2681,5.555557639e-05,1.543211034e-09,5.555557639e-05,1.543211034e-09
2682,0.000138888941,6.944449652e-09,0.000138888941,6.944449652e-09
2683,0.0003055556701,1.466050482e-08,0.0003055556701,1.466050482e-08
2684,0.0002805556608,1.405093646e-08,0.0002805556608,1.405093646e-08
2685,5.555557639e-05,3.086422068e-09,5.555557639e-05,3.086422068e-09
2686,0.0001666667292,7.716055169e-09,0.0001666667292,7.716055169e-09
2687,8.333336458e-05,2.314816551e-09,8.333336458e-05,2.314816551e-09
2688,8.333336458e-05,3.858027585e-09,8.333336458e-05,3.858027585e-09
2689,0.0002222223055,9.259266203e-09,0.0002222223055,9.259266203e-09
2690,5.555557639e-05,3.086422068e-09,5.555557639e-05,3.086422068e-09
2691,0.000138888941,5.401238618e-09,0.000138888941,5.401238618e-09
2692,0.0001111111528,4.629633101e-09,0.0001111111528,4.629633101e-09
2693,0.0001944445174,8.487660686e-09,0.0001944445174,8.487660686e-09
2694,5.55555764e-05,1.543211034e-09,5.55555764e-05,1.543211034e-09
2695,0.0002222223055,9.259266203e-09,0.0002222223055,9.259266203e-09
2696,5.555557639e-05,3.086422068e-09,5.555557639e-05,3.086422068e-09
2697,8.333336458e-05,3.858027585e-09,8.333336458e-05,3.858027585e-09
2698,5.555557639e-05,1.543211034e-09,5.555557639e-05,1.543211034e-09
2699,0.0002555556514,1.376544242e-08,0.0002555556514,1.376544242e-08
2700,0.0001527778351,7.908956548e-09,0.0001527778351,7.908956548e-09
2701,2.777778819e-05,7.716055169e-10,2.777778819e-05,7.716055169e-10
2702,0.0001944445174,8.487660686e-09,0.0001944445174,8.487660686e-09
2703,5.555557639e-05,1.543211034e-09,5.555557639e-05,1.543211034e-09
2704,2.777778819e-05,7.716055169e-10,2.777778819e-05,7.716055169e-10
2705,0.000138888941,5.401238618e-09,0.000138888941,5.401238618e-09
2706,8.33333646e-05,2.314816551e-09,8.33333646e-05,2.314816551e-09
2707,8.333336458e-05,3.858027585e-09,8.333336458e-05,3.858027585e-09
2708,0,0,0,0
2709,0.0001111111528,4.629633101e-09,0.0001111111528,4.629633101e-09
2710,0.0002222223056,1.080247724e-08,0.0002222223056,1.080247724e-08
2711,8.333336458e-05,3.858027585e-09,8.333336458e-05,3.858027585e-09
2712,0.0001111111528,4.629633101e-09,0.0001111111528,4.629633101e-09
2713,8.333336458e-05,3.858027585e-09,8.333336458e-05,3.858027585e-09
2714,0.0001111111528,6.172844135e-09,0.0001111111528,6.172844135e-09
2715,5.555557639e-05,1.543211034e-09,5.555557639e-05,1.543211034e-09
2716,0.00010185189,6.258578082e-09,0.00010185189,6.258578082e-09
2717,5.555557639e-05,3.086422068e-09,5.555557639e-05,3.086422068e-09
2718,2.777778819e-05,7.716055169e-10,2.777778819e-05,7.716055169e-10
2719,0.0001666667292,7.716055169e-09,0.0001666667292,7.716055169e-09
2720,0.0001666667292,7.716055169e-09,0.0001666667292,7.716055169e-09
2721,5.555557639e-05,3.086422068e-09,5.555557639e-05,3.086422068e-09
2722,0.0001944445174,1.003087172e-08,0.0001944445174,1.003087172e-08
2723,0.0001580688424,7.459290748e-09,0.0001580688424,7.459290748e-09
2724,2.777778819e-05,7.716055169e-10,2.777778819e-05,7.716055169e-10
2725,0,0,0,0
2726,0.0002291667526,1.277971638e-08,0.0002291667526,1.277971638e-08
2727,6.666669167e-05,2.28395233e-09,6.666669167e-05,2.28395233e-09
2728,0.0001666667291,9.259266205e-09,0.0001666667291,9.259266205e-09
2729,0.000138888941,5.401238618e-09,0.000138888941,5.401238618e-09
2730,0.0002055556326,9.845686396e-09,0.0002055556326,9.845686396e-09
2731,0,0,0,0
2732,0.0001666667292,7.716055169e-09,0.0001666667292,7.716055169e-09
2733,5.555557639e-05,3.086422068e-09,5.555557639e-05,3.086422068e-09
2734,2.777778819e-05,7.716055169e-10,2.777778819e-05,7.716055169e-10
2735,0.000172839571,8.097094933e-09,0.000172839571,8.097094933e-09
2736,9.722225868e-05,3.279323447e-09,9.722225868e-05,3.279323447e-09
2737,0.0001111111528,3.086422068e-09,0.0001111111528,3.086422068e-09
2738,0.0001111111528,6.172844135e-09,0.0001111111528,6.172844135e-09
2739,0.0002222223055,1.234568827e-08,0.0002222223055,1.234568827e-08
2740,0.0002916667761,1.408180068e-08,0.0002916667761,1.408180068e-08
2741,2.777778819e-05,7.716055169e-10,2.777778819e-05,7.716055169e-10
2742,8.333336458e-05,3.858027585e-09,8.333336458e-05,3.858027585e-09
2743,2.777778819e-05,7.716055169e-10,2.777778819e-05,7.716055169e-10
2744,5.555557639e-05,3.086422068e-09,5.555557639e-05,3.086422068e-09
2745,0.000138888941,5.401238619e-09,0.000138888941,5.401238619e-09
2746,5.555557639e-05,1.543211034e-09,5.555557639e-05,1.543211034e-09
2747,5.555557639e-05,3.086422068e-09,5.555557639e-05,3.086422068e-09
2748,0.0001759259919,6.772981759e-09,0.0001759259919,6.772981759e-09
2749,0,0,0,0
2750,0,0,0,0
2751,0.0001111111528,4.629633101e-09,0.0001111111528,4.629633101e-09
2752,0.0001111111528,4.629633101e-09,0.0001111111528,4.629633101e-09
2753,0.0001111111528,6.172844135e-09,0.0001111111528,6.172844135e-09
2754,0.0001944445173,8.487660688e-09,0.0001944445173,8.487660688e-09
2755,5.555557639e-05,1.543211034e-09,5.555557639e-05,1.543211034e-09
2756,8.333336458e-05,3.858027585e-09,8.333336458e-05,3.858027585e-09
2757,2.777778819e-05,7.716055169e-10,2.777778819e-05,7.716055169e-10
2758,8.33333646e-05,2.314816551e-09,8.33333646e-05,2.314816551e-09
2759,0.0002222223055,9.259266203e-09,0.0002222223055,9.259266203e-09
2760,0.0001111111528,4.629633101e-09,0.0001111111528,4.629633101e-09
2761,0.0001944445174,8.487660686e-09,0.0001944445174,8.487660686e-09
2762,0,0,0,0
2763,0.000138888941,6.944449652e-09,0.000138888941,6.944449652e-09
2764,5.55555764e-05,1.543211034e-09,5.55555764e-05,1.543211034e-09
2765,0.0001111111528,6.172844135e-09,0.0001111111528,6.172844135e-09
2766,8.333336458e-05,3.858027585e-09,8.333336458e-05,3.858027585e-09
2767,0.0001111111528,4.629633101e-09,0.0001111111528,4.629633101e-09
2768,0.0001111111528,6.172844135e-09,0.0001111111528,6.172844135e-09
2769,5.555557639e-05,1.543211034e-09,5.555557639e-05,1.543211034e-09
2770,0.0001944445174,8.487660686e-09,0.0001944445174,8.487660686e-09
2771,0.0001111111528,6.172844135e-09,0.0001111111528,6.172844135e-09
2772,0.0001944445174,6.944449652e-09,0.0001944445174,6.944449652e-09
2773,9.537040614e-05,3.076991334e-09,9.537040614e-05,3.076991334e-09
2774,0.000138888941,6.944449652e-09,0.000138888941,6.944449652e-09
2775,8.333336458e-05,3.858027585e-09,8.333336458e-05,3.858027585e-09
2776,8.333336458e-05,3.858027585e-09,8.333336458e-05,3.858027585e-09
2777,0.0003333334583,1.543211034e-08,0.0003333334583,1.543211034e-08
2778,0.0001979167409,8.692618401e-09,0.0001979167409,8.692618401e-09
2779,2.777778819e-05,7.716055169e-10,2.777778819e-05,7.716055169e-10
2780,2.777778819e-05,7.716055169e-10,2.777778819e-05,7.716055169e-10
2781,8.333336458e-05,2.314816551e-09,8.333336458e-05,2.314816551e-09
2782,0.0001666667292,4.629633102e-09,0.0001666667292,4.629633102e-09
2783,0,0,0,0
2784,2.777778819e-05,7.716055169e-10,2.777778819e-05,7.716055169e-10
2785,2.777778819e-05,7.716055169e-10,2.777778819e-05,7.716055169e-10
2786,0.0002777778819,1.388889931e-08,0.0002777778819,1.388889931e-08
2787,0.0001666667292,6.172844135e-09,0.0001666667292,6.172844135e-09
2788,0.0001190476637,5.574456184e-09,0.0001190476637,5.574456184e-09
2789,0,0,0,0
2790,5.55555764e-05,1.543211034e-09,5.55555764e-05,1.543211034e-09
2791,8.33333646e-05,2.314816551e-09,8.33333646e-05,2.314816551e-09
2792,0.0001944445174,8.487660686e-09,0.0001944445174,8.487660686e-09
2793,0.0001111111528,4.629633101e-09,0.0001111111528,4.629633101e-09
2794,2.777778819e-05,7.716055169e-10,2.777778819e-05,7.716055169e-10
2795,0.0002500000937,1.157408275e-08,0.0002500000937,1.157408275e-08
2796,6.944447049e-05,4.822534481e-09,6.944447049e-05,4.822534481e-09
2797,0.0001111111528,6.172844135e-09,0.0001111111528,6.172844135e-09
2798,0.0001666667292,7.716055169e-09,0.0001666667292,7.716055169e-09
2799,0,0,0,0
2800,5.555557639e-05,1.543211034e-09,5.555557639e-05,1.543211034e-09
2801,0.0001527778351,8.680562065e-09,0.0001527778351,8.680562065e-09
2802,8.333336458e-05,2.314816551e-09,8.333336458e-05,2.314816551e-09
2803,5.555557639e-05,3.086422068e-09,5.555557639e-05,3.086422068e-09
2804,8.333336458e-05,2.314816551e-09,8.333336458e-05,2.314816551e-09
2805,0.0001944445174,1.157408276e-08,0.0001944445174,1.157408276e-08
2806,0.0001777778444,9.074080879e-09,0.0001777778444,9.074080879e-09
2807,8.33333646e-05,2.314816551e-09,8.33333646e-05,2.314816551e-09
2808,2.777778819e-05,7.716055169e-10,2.777778819e-05,7.716055169e-10
2809,8.333336458e-05,2.314816551e-09,8.333336458e-05,2.314816551e-09
2810,0.0001111111528,4.629633101e-09,0.0001111111528,4.629633101e-09
2811,0.0001111111528,4.629633101e-09,0.0001111111528,4.629633101e-09
2812,0.0001944445174,1.003087172e-08,0.0001944445174,1.003087172e-08
2813,0.0003055556701,1.311729379e-08,0.0003055556701,1.311729379e-08
2814,0.0001666667292,6.172844136e-09,0.0001666667292,6.172844136e-09
2815,0.000138888941,6.944449652e-09,0.000138888941,6.944449652e-09
2816,2.777778819e-05,7.716055169e-10,2.777778819e-05,7.716055169e-10
2817,0.0001944445173,1.003087172e-08,0.0001944445173,1.003087172e-08
2818,0.0001111111528,4.629633101e-09,0.0001111111528,4.629633101e-09
2819,0.0001666667292,7.716055169e-09,0.0001666667292,7.716055169e-09
2820,0.0002222223055,9.259266203e-09,0.0002222223055,9.259266203e-09
2821,0.000138888941,5.401238618e-09,0.000138888941,5.401238618e-09
2822,5.555557639e-05,3.086422068e-09,5.555557639e-05,3.086422068e-09
2823,2.777778819e-05,7.716055169e-10,2.777778819e-05,7.716055169e-10
2824,5.555557639e-05,3.086422068e-09,5.555557639e-05,3.086422068e-09
2825,2.777778819e-05,7.716055169e-10,2.777778819e-05,7.716055169e-10
2826,0.0001944445174,1.003087172e-08,0.0001944445174,1.003087172e-08
2827,0.000291666776,1.562501172e-08,0.000291666776,1.562501172e-08
2828,2.777778819e-05,7.716055169e-10,2.777778819e-05,7.716055169e-10
2829,5.555557639e-05,3.086422068e-09,5.555557639e-05,3.086422068e-09
2830,2.777778819e-05,7.716055169e-10,2.777778819e-05,7.716055169e-10
2831,5.555557639e-05,3.086422068e-09,5.555557639e-05,3.086422068e-09
2832,0.0001111111528,3.086422068e-09,0.0001111111528,3.086422068e-09
2833,0,0,0,0
2834,8.33333646e-05,2.314816551e-09,8.33333646e-05,2.314816551e-09
2835,0.0001666667292,7.716055169e-09,0.0001666667292,7.716055169e-09
2836,0.0001944445174,8.487660686e-09,0.0001944445174,8.487660686e-09
2837,2.777778819e-05,7.716055169e-10,2.777778819e-05,7.716055169e-10
2838,0.0001666667292,9.259266203e-09,0.0001666667292,9.259266203e-09
2839,0.0001944445174,1.157408275e-08,0.0001944445174,1.157408275e-08
2840,8.333336458e-05,3.858027585e-09,8.333336458e-05,3.858027585e-09
2841,0.0002777778819,1.234568827e-08,0.0002777778819,1.234568827e-08
2842,0.0001944445173,1.003087172e-08,0.0001944445173,1.003087172e-08
2843,0.0003055556701,1.620371586e-08,0.0003055556701,1.620371586e-08
2844,0.000138888941,6.944449652e-09,0.000138888941,6.944449652e-09
2845,0.0001944445174,8.487660686e-09,0.0001944445174,8.487660686e-09
2846,0.000138888941,6.944449652e-09,0.000138888941,6.944449652e-09
2847,0.0001111111528,4.629633101e-09,0.0001111111528,4.629633101e-09
2848,0.0002500000938,1.157408275e-08,0.0002500000938,1.157408275e-08
2849,0.0001111111528,6.172844135e-09,0.0001111111528,6.172844135e-09
2850,0.0001666667292,7.716055169e-09,0.0001666667292,7.716055169e-09
2851,5.555557639e-05,1.543211034e-09,5.555557639e-05,1.543211034e-09
2852,0.0002777778819,1.234568827e-08,0.0002777778819,1.234568827e-08
2853,8.333336458e-05,3.858027585e-09,8.333336458e-05,3.858027585e-09
2854,5.55555764e-05,1.543211034e-09,5.55555764e-05,1.543211034e-09
2855,0.000284722329,1.62519412e-08,0.000284722329,1.62519412e-08
2856,0.0001296296782,8.573394633e-09,0.0001296296782,8.573394633e-09
2857,0.000138888941,5.401238618e-09,0.000138888941,5.401238618e-09
2858,0.0001111111528,6.172844135e-09,0.0001111111528,6.172844135e-09
2859,8.333336458e-05,3.858027585e-09,8.333336458e-05,3.858027585e-09
2860,0.0001666667292,6.172844135e-09,0.0001666667292,6.172844135e-09
2861,2.777778819e-05,7.716055169e-10,2.777778819e-05,7.716055169e-10
2862,0.0001736111762,8.150083272e-09,0.0001736111762,8.150083272e-09
2863,5.555557639e-05,3.086422068e-09,5.555557639e-05,3.086422068e-09
2864,0.000138888941,6.944449652e-09,0.000138888941,6.944449652e-09
2865,2.777778819e-05,7.716055169e-10,2.777778819e-05,7.716055169e-10
2866,0.000138888941,6.944449652e-09,0.000138888941,6.944449652e-09
2867,2.777778819e-05,7.716055169e-10,2.777778819e-05,7.716055169e-10
2868,0.0001666667291,9.259266205e-09,0.0001666667291,9.259266205e-09
2869,0.0002546297251,1.185271808e-08,0.0002546297251,1.185271808e-08
2870,0.000393518666,2.059758061e-08,0.000393518666,2.059758061e-08
2871,2.777778819e-05,7.716055169e-10,2.777778819e-05,7.716055169e-10
2872,0.0001111111528,3.086422068e-09,0.0001111111528,3.086422068e-09
2873,0.0001111111528,4.629633102e-09,0.0001111111528,4.629633102e-09
2874,0.0002222223056,1.080247724e-08,0.0002222223056,1.080247724e-08
2875,8.564818026e-05,2.448775842e-09,8.564818026e-05,2.448775842e-09
2876,0.0001111111528,6.172844135e-09,0.0001111111528,6.172844135e-09
2877,0.0001666667292,6.172844135e-09,0.0001666667292,6.172844135e-09
2878,5.555557639e-05,1.543211034e-09,5.555557639e-05,1.543211034e-09
2879,0.000138888941,1.003087172e-08,0.000138888941,1.003087172e-08
2880,0.0001111111528,4.629633101e-09,0.0001111111528,4.629633101e-09
2881,2.777778819e-05,7.716055169e-10,2.777778819e-05,7.716055169e-10
2882,8.333336458e-05,3.858027585e-09,8.333336458e-05,3.858027585e-09
2883,8.333336458e-05,3.858027585e-09,8.333336458e-05,3.858027585e-09
2884,0.0001666667292,7.716055169e-09,0.0001666667292,7.716055169e-09
2885,3.472223524e-05,1.20563362e-09,3.472223524e-05,1.20563362e-09
2886,0,0,0,0
2887,5.555557639e-05,1.543211034e-09,5.555557639e-05,1.543211034e-09
2888,5.555557639e-05,1.543211034e-09,5.555557639e-05,1.543211034e-09
2889,0.0001527778351,6.365745514e-09,0.0001527778351,6.365745514e-09
2890,5.555557639e-05,1.543211034e-09,5.555557639e-05,1.543211034e-09
2891,8.333336458e-05,3.858027585e-09,8.333336458e-05,3.858027585e-09
2892,0.0001111111528,6.172844135e-09,0.0001111111528,6.172844135e-09
2893,0,0,0,0
2894,0.000138888941,5.401238618e-09,0.000138888941,5.401238618e-09
2895,0.0002277778632,9.59877263e-09,0.0002277778632,9.59877263e-09
2896,0.0001666667292,7.716055169e-09,0.0001666667292,7.716055169e-09
2897,0.0001500000562,6.759264329e-09,0.0001500000562,6.759264329e-09
2898,2.777778819e-05,7.716055169e-10,2.777778819e-05,7.716055169e-10
2899,0.000138888941,6.944449652e-09,0.000138888941,6.944449652e-09
2900,5.555557639e-05,1.543211034e-09,5.555557639e-05,1.543211034e-09
2901,0.0001296296782,8.573394632e-09,0.0001296296782,8.573394632e-09
2902,0.0001111111528,6.172844135e-09,0.0001111111528,6.172844135e-09
2903,8.333336458e-05,3.858027585e-09,8.333336458e-05,3.858027585e-09
2904,2.777778819e-05,7.716055169e-10,2.777778819e-05,7.716055169e-10
2905,0.0002013889644,1.046489983e-08,0.0002013889644,1.046489983e-08
2906,8.333336458e-05,3.858027585e-09,8.333336458e-05,3.858027585e-09
2907,0.000138888941,6.944449652e-09,0.000138888941,6.944449652e-09
2908,8.333336458e-05,2.314816551e-09,8.333336458e-05,2.314816551e-09
2909,0,0,0,0
2910,0.0001111111528,6.172844135e-09,0.0001111111528,6.172844135e-09
2911,5.555557639e-05,3.086422068e-09,5.555557639e-05,3.086422068e-09
2912,0.0002500000937,1.620371586e-08,0.0002500000937,1.620371586e-08
2913,0.0001111111528,4.629633101e-09,0.0001111111528,4.629633101e-09
2914,2.777778819e-05,7.716055169e-10,2.777778819e-05,7.716055169e-10
2915,0,0,0,0
2916,2.777778819e-05,7.716055169e-10,2.777778819e-05,7.716055169e-10
2917,0,0,0,0
2918,0.0001111111528,6.172844138e-09,0.0001111111528,6.172844138e-09
2919,0.000138888941,5.401238618e-09,0.000138888941,5.401238618e-09
2920,0.0001111111528,6.172844135e-09,0.0001111111528,6.172844135e-09
2921,5.555557639e-05,3.086422068e-09,5.555557639e-05,3.086422068e-09
2922,0.000138888941,6.944449652e-09,0.000138888941,6.944449652e-09
2923,0.0001574074664,9.345000149e-09,0.0001574074664,9.345000149e-09
2924,0.0001111111528,6.172844138e-09,0.0001111111528,6.172844138e-09
2925,5.555557639e-05,3.086422068e-09,5.555557639e-05,3.086422068e-09
2926,8.333336458e-05,3.858027585e-09,8.333336458e-05,3.858027585e-09
2927,0.0001111111528,3.086422068e-09,0.0001111111528,3.086422068e-09
2928,0.0002222223056,1.080247724e-08,0.0002222223056,1.080247724e-08
2929,0.000277777882,2.469137654e-08,0.000277777882,2.469137654e-08
2930,8.333336458e-05,3.858027585e-09,8.333336458e-05,3.858027585e-09
2931,5.787039207e-05,1.677170325e-09,5.787039207e-05,1.677170325e-09
2932,0.000138888941,1.003087172e-08,0.000138888941,1.003087172e-08
2933,0.000138888941,6.944449652e-09,0.000138888941,6.944449652e-09
2934,0.000277777882,1.543211034e-08,0.000277777882,1.543211034e-08
2935,0.0002222223055,1.080247724e-08,0.0002222223055,1.080247724e-08
2936,0.0001111111528,6.172844135e-09,0.0001111111528,6.172844135e-09
2937,2.777778819e-05,7.716055169e-10,2.777778819e-05,7.716055169e-10
2938,0.0001944445174,8.487660686e-09,0.0001944445174,8.487660686e-09
2939,8.333336458e-05,3.858027585e-09,8.333336458e-05,3.858027585e-09
2940,0.0001203704155,7.287385438e-09,0.0001203704155,7.287385438e-09
2941,0.0001666667291,7.716055172e-09,0.0001666667291,7.716055172e-09
2942,2.777778819e-05,7.716055169e-10,2.777778819e-05,7.716055169e-10
2943,9.722225868e-05,3.279323447e-09,9.722225868e-05,3.279323447e-09
2944,6.018520776e-05,1.821846359e-09,6.018520776e-05,1.821846359e-09
2945,0.000138888941,5.401238618e-09,0.000138888941,5.401238618e-09
2946,8.333336458e-05,3.858027585e-09,8.333336458e-05,3.858027585e-09
2947,0,0,0,0
2948,0.0002500000937,1.311729379e-08,0.0002500000937,1.311729379e-08
2949,0.0003194445642,1.408180068e-08,0.0003194445642,1.408180068e-08
2950,0.0001666667291,9.259266205e-09,0.0001666667291,9.259266205e-09
2951,0.0001944445174,1.003087172e-08,0.0001944445174,1.003087172e-08
2952,0,0,0,0
2953,0.000138888941,6.944449652e-09,0.000138888941,6.944449652e-09
2954,0.0001111111528,4.629633101e-09,0.0001111111528,4.629633101e-09
2955,0.0001666667292,7.716055169e-09,0.0001666667292,7.716055169e-09
2956,5.555557639e-05,1.543211034e-09,5.555557639e-05,1.543211034e-09
2957,0.0001111111528,6.172844135e-09,0.0001111111528,6.172844135e-09
2958,5.555557639e-05,3.086422068e-09,5.555557639e-05,3.086422068e-09
2959,0.000138888941,6.944449652e-09,0.000138888941,6.944449652e-09
2960,8.333336458e-05,3.858027585e-09,8.333336458e-05,3.858027585e-09
2961,2.777778819e-05,7.716055169e-10,2.777778819e-05,7.716055169e-10
2962,8.333336458e-05,3.858027585e-09,8.333336458e-05,3.858027585e-09
2963,5.555557639e-05,1.543211034e-09,5.555557639e-05,1.543211034e-09
2964,9.027781163e-05,4.292055688e-09,9.027781163e-05,4.292055688e-09
2965,5.555557639e-05,3.086422068e-09,5.555557639e-05,3.086422068e-09
2966,2.777778819e-05,7.716055169e-10,2.777778819e-05,7.716055169e-10
2967,0.0002037037801,1.063100935e-08,0.0002037037801,1.063100935e-08
2968,8.333336458e-05,3.858027585e-09,8.333336458e-05,3.858027585e-09
2969,0.0001111111528,4.629633101e-09,0.0001111111528,4.629633101e-09
2970,0.000138888941,5.401238618e-09,0.000138888941,5.401238618e-09
2971,8.33333646e-05,2.314816551e-09,8.33333646e-05,2.314816551e-09
2972,2.777778819e-05,7.716055169e-10,2.777778819e-05,7.716055169e-10
2973,0.0002222223055,1.080247724e-08,0.0002222223055,1.080247724e-08
2974,0.000138888941,6.944449652e-09,0.000138888941,6.944449652e-09
2975,5.555557639e-05,1.543211034e-09,5.555557639e-05,1.543211034e-09
2976,0.000138888941,6.944449652e-09,0.000138888941,6.944449652e-09
2977,0,0,0,0
2978,0.0003518519838,1.937587187e-08,0.0003518519838,1.937587187e-08
2979,0.0001111111528,4.629633101e-09,0.0001111111528,4.629633101e-09
2980,2.777778819e-05,7.716055169e-10,2.777778819e-05,7.716055169e-10
2981,0.000138888941,5.401238618e-09,0.000138888941,5.401238618e-09
2982,5.555557639e-05,3.086422068e-09,5.555557639e-05,3.086422068e-09
2983,9.027781163e-05,2.748844655e-09,9.027781163e-05,2.748844655e-09
2984,2.777778819e-05,7.716055169e-10,2.777778819e-05,7.716055169e-10
2985,5.555557639e-05,1.543211034e-09,5.555557639e-05,1.543211034e-09
2986,2.777778819e-05,7.716055169e-10,2.777778819e-05,7.716055169e-10
2987,0.0002222223055,9.259266203e-09,0.0002222223055,9.259266203e-09
2988,0.0001435185724,5.679873944e-09,0.0001435185724,5.679873944e-09
2989,0.000138888941,5.401238619e-09,0.000138888941,5.401238619e-09
2990,0.0002500000938,1.157408275e-08,0.0002500000938,1.157408275e-08
2991,5.555557639e-05,3.086422068e-09,5.555557639e-05,3.086422068e-09
2992,0.0001944445174,8.487660686e-09,0.0001944445174,8.487660686e-09
2993,0.0001666667291,1.543211034e-08,0.0001666667291,1.543211034e-08
2994,8.333336458e-05,3.858027585e-09,8.333336458e-05,3.858027585e-09
2995,0.0001944445174,8.487660686e-09,0.0001944445174,8.487660686e-09
2996,8.333336458e-05,3.858027585e-09,8.333336458e-05,3.858027585e-09
2997,8.333336458e-05,3.858027585e-09,8.333336458e-05,3.858027585e-09
2998,0.0001666667292,7.716055169e-09,0.0001666667292,7.716055169e-09
2999,0.0002222223056,1.234568827e-08,0.0002222223056,1.234568827e-08
3000,0.0002222223056,9.259266203e-09,0.0002222223056,9.259266203e-09
3001,0,0,0,0
3002,2.777778819e-05,7.716055169e-10,2.777778819e-05,7.716055169e-10
3003,0.0001666667291,9.259266205e-09,0.0001666667291,9.259266205e-09
3004,0.0001527778351,6.365745515e-09,0.0001527778351,6.365745515e-09
3005,8.333336458e-05,3.858027585e-09,8.333336458e-05,3.858027585e-09
3006,2.777778819e-05,7.716055169e-10,2.777778819e-05,7.716055169e-10
3007,2.777778819e-05,7.716055169e-10,2.777778819e-05,7.716055169e-10
3008,0.0001111111528,6.172844135e-09,0.0001111111528,6.172844135e-09
3009,2.777778819e-05,7.716055169e-10,2.777778819e-05,7.716055169e-10
3010,5.555557639e-05,3.086422068e-09,5.555557639e-05,3.086422068e-09
3011,0.0001111111528,4.629633101e-09,0.0001111111528,4.629633101e-09
3012,5.555557639e-05,3.086422068e-09,5.555557639e-05,3.086422068e-09
3013,0.0002500000937,1.157408276e-08,0.0002500000937,1.157408276e-08
3014,5.555557639e-05,3.086422068e-09,5.555557639e-05,3.086422068e-09
3015,0,0,0,0
3016,0.0001944445174,6.944449653e-09,0.0001944445174,6.944449653e-09
3017,0.000138888941,6.944449652e-09,0.000138888941,6.944449652e-09
3018,0.0001944445174,8.487660686e-09,0.0001944445174,8.487660686e-09
3019,0.000138888941,5.401238618e-09,0.000138888941,5.401238618e-09
3020,0.0001944445174,1.003087172e-08,0.0001944445174,1.003087172e-08
3021,2.777778819e-05,7.716055169e-10,2.777778819e-05,7.716055169e-10
3022,8.333336458e-05,2.314816551e-09,8.333336458e-05,2.314816551e-09
3023,0.0002777778819,1.851853241e-08,0.0002777778819,1.851853241e-08
3024,2.777778819e-05,7.716055169e-10,2.777778819e-05,7.716055169e-10
3025,0.000138888941,5.401238618e-09,0.000138888941,5.401238618e-09
3026,0.000138888941,6.944449652e-09,0.000138888941,6.944449652e-09
3027,0.000138888941,5.401238618e-09,0.000138888941,5.401238618e-09
3028,0.0001944445174,1.003087172e-08,0.0001944445174,1.003087172e-08
3029,8.333336458e-05,3.858027585e-09,8.333336458e-05,3.858027585e-09
3030,0.0001666667292,7.716055169e-09,0.0001666667292,7.716055169e-09
3031,8.333336458e-05,3.858027585e-09,8.333336458e-05,3.858027585e-09
3032,9.259262731e-05,4.458165209e-09,9.259262731e-05,4.458165209e-09
3033,0.000138888941,6.944449652e-09,0.000138888941,6.944449652e-09
3034,0.000182539751,9.731677744e-09,0.000182539751,9.731677744e-09
3035,0.0001111111528,4.629633101e-09,0.0001111111528,4.629633101e-09
3036,0.0003888890347,2.160495448e-08,0.0003888890347,2.160495448e-08
3037,0.0001666667292,7.716055169e-09,0.0001666667292,7.716055169e-09
3038,0.0002824075133,1.416753463e-08,0.0002824075133,1.416753463e-08
3039,2.777778819e-05,7.716055169e-10,2.777778819e-05,7.716055169e-10
3040,0.0001666667292,7.716055169e-09,0.0001666667292,7.716055169e-09
3041,0.0003750001406,1.716822275e-08,0.0003750001406,1.716822275e-08
3042,8.333336458e-05,3.858027585e-09,8.333336458e-05,3.858027585e-09
3043,0.0001111111528,4.629633101e-09,0.0001111111528,4.629633101e-09
3044,8.33333646e-05,2.314816551e-09,8.33333646e-05,2.314816551e-09
3045,0.000138888941,5.401238618e-09,0.000138888941,5.401238618e-09
3046,0.0001111111528,4.629633101e-09,0.0001111111528,4.629633101e-09
3047,0.0001666667292,7.716055169e-09,0.0001666667292,7.716055169e-09
3048,5.555557639e-05,3.086422068e-09,5.555557639e-05,3.086422068e-09
3049,0.000138888941,6.944449652e-09,0.000138888941,6.944449652e-09
3050,0.000240740831,1.320302773e-08,0.000240740831,1.320302773e-08
3051,5.555557639e-05,1.543211034e-09,5.555557639e-05,1.543211034e-09
3052,0,0,0,0
3053,0.0002648149141,1.560014888e-08,0.0002648149141,1.560014888e-08
3054,0.0001944445174,6.944449652e-09,0.0001944445174,6.944449652e-09
3055,5.555557639e-05,3.086422068e-09,5.555557639e-05,3.086422068e-09
3056,0.0001111111528,4.629633101e-09,0.0001111111528,4.629633101e-09
3057,0.000138888941,6.944449652e-09,0.000138888941,6.944449652e-09
3058,0.0001111111528,4.629633101e-09,0.0001111111528,4.629633101e-09
3059,8.333336458e-05,3.858027585e-09,8.333336458e-05,3.858027585e-09
3060,5.55555764e-05,1.543211034e-09,5.55555764e-05,1.543211034e-09
3061,5.555557639e-05,1.543211034e-09,5.555557639e-05,1.543211034e-09
3062,8.333336458e-05,3.858027585e-09,8.333336458e-05,3.858027585e-09
3063,0.0001666667292,7.716055169e-09,0.0001666667292,7.716055169e-09
3064,0.0001111111528,6.172844135e-09,0.0001111111528,6.172844135e-09
3065,0.0001666667292,7.716055169e-09,0.0001666667292,7.716055169e-09
3066,5.55555764e-05,1.543211034e-09,5.55555764e-05,1.543211034e-09
3067,0.000138888941,6.944449652e-09,0.000138888941,6.944449652e-09
3068,5.555557639e-05,3.086422068e-09,5.555557639e-05,3.086422068e-09
3069,0,0,0,0
3070,8.333336458e-05,3.858027585e-09,8.333336458e-05,3.858027585e-09
3071,0.0001777778444,9.074080879e-09,0.0001777778444,9.074080879e-09
3072,0.0001111111528,4.629633101e-09,0.0001111111528,4.629633101e-09
3073,8.333336458e-05,3.858027585e-09,8.333336458e-05,3.858027585e-09
3074,0.0001944445174,8.487660686e-09,0.0001944445174,8.487660686e-09
3075,0.0001666667292,7.716055169e-09,0.0001666667292,7.716055169e-09
3076,2.777778819e-05,7.716055169e-10,2.777778819e-05,7.716055169e-10
3077,0.0001111111528,4.629633101e-09,0.0001111111528,4.629633101e-09
3078,0.0001944445174,1.003087172e-08,0.0001944445174,1.003087172e-08
3079,8.333336458e-05,3.858027585e-09,8.333336458e-05,3.858027585e-09
3080,0.000138888941,6.944449652e-09,0.000138888941,6.944449652e-09
3081,0.0001111111528,6.172844135e-09,0.0001111111528,6.172844135e-09
3082,8.333336458e-05,3.858027585e-09,8.333336458e-05,3.858027585e-09
3083,0.0001111111528,4.629633101e-09,0.0001111111528,4.629633101e-09
3084,0.0001666667292,7.716055169e-09,0.0001666667292,7.716055169e-09
3085,0,0,0,0
3086,9.722225867e-05,3.279323447e-09,9.722225867e-05,3.279323447e-09
3087,8.333336458e-05,3.858027585e-09,8.333336458e-05,3.858027585e-09
3088,0.000138888941,6.944449652e-09,0.000138888941,6.944449652e-09
3089,8.333336458e-05,3.858027585e-09,8.333336458e-05,3.858027585e-09
3090,6.34920873e-05,4.03124515e-09,6.34920873e-05,4.03124515e-09
3091,0.0002777778819,1.388889931e-08,0.0002777778819,1.388889931e-08
3092,2.777778819e-05,7.716055169e-10,2.777778819e-05,7.716055169e-10
3093,0.000138888941,5.401238619e-09,0.000138888941,5.401238619e-09
3094,5.555557639e-05,3.086422068e-09,5.555557639e-05,3.086422068e-09
3095,0.0001851852546,1.011660567e-08,0.0001851852546,1.011660567e-08
3096,2.777778819e-05,7.716055169e-10,2.777778819e-05,7.716055169e-10
3097,5.555557639e-05,1.543211034e-09,5.555557639e-05,1.543211034e-09
3098,5.555557639e-05,1.543211034e-09,5.555557639e-05,1.543211034e-09
3099,8.333336458e-05,3.858027585e-09,8.333336458e-05,3.858027585e-09
3100,0.0001111111528,4.629633101e-09,0.0001111111528,4.629633101e-09
3101,5.555557639e-05,3.086422068e-09,5.555557639e-05,3.086422068e-09
3102,6.944447048e-05,2.50771793e-09,6.944447048e-05,2.50771793e-09
3103,0.0001111111528,6.172844135e-09,0.0001111111528,6.172844135e-09
3104,8.333336458e-05,3.858027585e-09,8.333336458e-05,3.858027585e-09
3105,0.0001666667292,4.629633101e-09,0.0001666667292,4.629633101e-09
3106,0.0002222223055,1.080247724e-08,0.0002222223055,1.080247724e-08
3107,5.555557639e-05,3.086422068e-09,5.555557639e-05,3.086422068e-09
3108,2.777778819e-05,7.716055169e-10,2.777778819e-05,7.716055169e-10
3109,5.555557639e-05,1.543211034e-09,5.555557639e-05,1.543211034e-09
3110,0.000138888941,6.944449655e-09,0.000138888941,6.944449655e-09
3111,2.777778819e-05,7.716055169e-10,2.777778819e-05,7.716055169e-10
3112,0.0002500000937,1.311729379e-08,0.0002500000937,1.311729379e-08
3113,0.000138888941,6.944449655e-09,0.000138888941,6.944449655e-09
3114,5.555557639e-05,1.543211034e-09,5.555557639e-05,1.543211034e-09
3115,6.481483912e-05,2.143348658e-09,6.481483912e-05,2.143348658e-09
3116,0.0001944445174,8.487660686e-09,0.0001944445174,8.487660686e-09
3117,0,0,0,0
3118,0.0001111111528,3.086422068e-09,0.0001111111528,3.086422068e-09
3119,0.000138888941,5.401238619e-09,0.000138888941,5.401238619e-09
3120,0,0,0,0
3121,0.0001111111528,4.629633102e-09,0.0001111111528,4.629633102e-09
3122,8.333336458e-05,2.314816551e-09,8.333336458e-05,2.314816551e-09
3123,0.0001944445174,1.003087172e-08,0.0001944445174,1.003087172e-08
3124,5.555557639e-05,3.086422068e-09,5.555557639e-05,3.086422068e-09
3125,0.0001944445174,8.487660686e-09,0.0001944445174,8.487660686e-09
3126,9.722225868e-05,5.594139998e-09,9.722225868e-05,5.594139998e-09
3127,0,0,0,0
3128,0.0001111111528,6.172844135e-09,0.0001111111528,6.172844135e-09
3129,0.0001944445173,8.487660688e-09,0.0001944445173,8.487660688e-09
3130,0.0001111111528,4.629633101e-09,0.0001111111528,4.629633101e-09
3131,0.000138888941,6.944449652e-09,0.000138888941,6.944449652e-09
3132,2.777778819e-05,7.716055169e-10,2.777778819e-05,7.716055169e-10
3133,2.777778819e-05,7.716055169e-10,2.777778819e-05,7.716055169e-10
3134,2.777778819e-05,7.716055169e-10,2.777778819e-05,7.716055169e-10
3135,0,0,0,0
3136,0,0,0,0
3137,0.0001296296782,8.573394633e-09,0.0001296296782,8.573394633e-09
3138,0.0001666667292,7.716055169e-09,0.0001666667292,7.716055169e-09
3139,0.000277777882,1.234568827e-08,0.000277777882,1.234568827e-08
3140,0,0,0,0
3141,0.0002500000937,1.311729379e-08,0.0002500000937,1.311729379e-08
3142,0.0001111111528,3.086422068e-09,0.0001111111528,3.086422068e-09
3143,5.555557639e-05,3.086422068e-09,5.555557639e-05,3.086422068e-09
3144,5.55555764e-05,1.543211034e-09,5.55555764e-05,1.543211034e-09
3145,0.0001111111528,6.172844135e-09,0.0001111111528,6.172844135e-09
3146,0.000138888941,6.944449655e-09,0.000138888941,6.944449655e-09
3147,0.0002500000937,1.311729379e-08,0.0002500000937,1.311729379e-08
3148,5.555557639e-05,3.086422068e-09,5.555557639e-05,3.086422068e-09
3149,0.000138888941,6.944449652e-09,0.000138888941,6.944449652e-09
3150,0.0001944445174,1.003087172e-08,0.0001944445174,1.003087172e-08
3151,0.0001111111528,6.172844135e-09,0.0001111111528,6.172844135e-09
3152,8.333336458e-05,3.858027585e-09,8.333336458e-05,3.858027585e-09
3153,0.000138888941,5.401238618e-09,0.000138888941,5.401238618e-09
3154,0,0,0,0
3155,0.0002569445408,1.046489982e-08,0.0002569445408,1.046489982e-08
3156,0.0001666667292,7.716055169e-09,0.0001666667292,7.716055169e-09
3157,0.0001574074664,7.801789116e-09,0.0001574074664,7.801789116e-09
3158,0.000138888941,6.944449652e-09,0.000138888941,6.944449652e-09
3159,0.0001944445174,1.003087172e-08,0.0001944445174,1.003087172e-08
3160,0.0002222223056,1.080247724e-08,0.0002222223056,1.080247724e-08
3161,5.555557639e-05,1.543211034e-09,5.555557639e-05,1.543211034e-09
3162,5.555557639e-05,1.543211034e-09,5.555557639e-05,1.543211034e-09
3163,0.000138888941,6.944449652e-09,0.000138888941,6.944449652e-09
3164,0,0,0,0
3165,0.0002500000937,1.311729379e-08,0.0002500000937,1.311729379e-08
3166,5.555557639e-05,3.086422068e-09,5.555557639e-05,3.086422068e-09
3167,0.0002208995537,1.183303427e-08,0.0002208995537,1.183303427e-08
3168,5.55555764e-05,1.543211034e-09,5.55555764e-05,1.543211034e-09
3169,0,0,0,0
3170,0.0001666667292,7.716055169e-09,0.0001666667292,7.716055169e-09
3171,2.777778819e-05,7.716055169e-10,2.777778819e-05,7.716055169e-10
3172,0.0001666667292,7.716055169e-09,0.0001666667292,7.716055169e-09
3173,5.555557639e-05,1.543211034e-09,5.555557639e-05,1.543211034e-09
3174,0.000138888941,5.401238619e-09,0.000138888941,5.401238619e-09
3175,8.333336458e-05,3.858027585e-09,8.333336458e-05,3.858027585e-09
3176,0.0001944445173,1.003087172e-08,0.0001944445173,1.003087172e-08
3177,0.0001666667291,9.259266205e-09,0.0001666667291,9.259266205e-09
3178,2.777778819e-05,7.716055169e-10,2.777778819e-05,7.716055169e-10
3179,8.95062064e-05,2.695856312e-09,8.95062064e-05,2.695856312e-09
3180,5.555557639e-05,3.086422068e-09,5.555557639e-05,3.086422068e-09
3181,0.0002129630428,1.243142222e-08,0.0002129630428,1.243142222e-08
3182,0.0001944445174,1.003087172e-08,0.0001944445174,1.003087172e-08
3183,0.0002777778819,1.234568827e-08,0.0002777778819,1.234568827e-08
3184,5.555557639e-05,3.086422068e-09,5.555557639e-05,3.086422068e-09
3185,0,0,0,0
3186,0.0002291667526,9.693294306e-09,0.0002291667526,9.693294306e-09
3187,0.0001944445173,8.487660688e-09,0.0001944445173,8.487660688e-09
3188,0.0001805556232,8.680562068e-09,0.0001805556232,8.680562068e-09
3189,0.0001111111528,4.629633101e-09,0.0001111111528,4.629633101e-09
3190,8.333336458e-05,3.858027585e-09,8.333336458e-05,3.858027585e-09
3191,0.000138888941,5.401238618e-09,0.000138888941,5.401238618e-09
3192,0.0001944445174,8.487660686e-09,0.0001944445174,8.487660686e-09
3193,0.0001111111528,4.629633101e-09,0.0001111111528,4.629633101e-09
3194,5.555557639e-05,3.086422068e-09,5.555557639e-05,3.086422068e-09
3195,5.555557639e-05,1.543211034e-09,5.555557639e-05,1.543211034e-09
3196,6.111113403e-05,1.882717461e-09,6.111113403e-05,1.882717461e-09
3197,5.555557639e-05,3.086422068e-09,5.555557639e-05,3.086422068e-09
3198,5.555557639e-05,3.086422068e-09,5.555557639e-05,3.086422068e-09
3199,8.333336458e-05,3.858027585e-09,8.333336458e-05,3.858027585e-09
3200,0.0002222223056,9.259266203e-09,0.0002222223056,9.259266203e-09
3201,8.33333646e-05,2.314816551e-09,8.33333646e-05,2.314816551e-09
3202,2.777778819e-05,7.716055169e-10,2.777778819e-05,7.716055169e-10
3203,5.555557639e-05,1.543211034e-09,5.555557639e-05,1.543211034e-09
3204,6.944447049e-05,4.822534481e-09,6.944447049e-05,4.822534481e-09
3205,0.000138888941,6.944449652e-09,0.000138888941,6.944449652e-09
3206,0.0001666667292,7.716055169e-09,0.0001666667292,7.716055169e-09
3207,5.555557639e-05,1.543211034e-09,5.555557639e-05,1.543211034e-09
3208,8.333336461e-05,6.944449654e-09,8.333336461e-05,6.944449654e-09
3209,0.0001111111528,4.629633102e-09,0.0001111111528,4.629633102e-09
3210,8.333336458e-05,3.858027585e-09,8.333336458e-05,3.858027585e-09
3211,8.333336458e-05,3.858027585e-09,8.333336458e-05,3.858027585e-09
3212,2.777778819e-05,7.716055169e-10,2.777778819e-05,7.716055169e-10
3213,0.0001944445174,1.620371586e-08,0.0001944445174,1.620371586e-08
3214,5.555557639e-05,1.543211034e-09,5.555557639e-05,1.543211034e-09
3215,8.333336458e-05,3.858027585e-09,8.333336458e-05,3.858027585e-09
3216,5.555557639e-05,3.086422068e-09,5.555557639e-05,3.086422068e-09
3217,0.000138888941,6.944449655e-09,0.000138888941,6.944449655e-09
3218,8.333336458e-05,3.858027585e-09,8.333336458e-05,3.858027585e-09
3219,0.0002500000938,1.003087172e-08,0.0002500000938,1.003087172e-08
3220,2.777778819e-05,7.716055169e-10,2.777778819e-05,7.716055169e-10
3221,5.555557639e-05,3.086422068e-09,5.555557639e-05,3.086422068e-09
3222,2.777778819e-05,7.716055169e-10,2.777778819e-05,7.716055169e-10
3223,0.0002333334208,1.216050295e-08,0.0002333334208,1.216050295e-08
3224,8.333336458e-05,2.314816551e-09,8.333336458e-05,2.314816551e-09
3225,0.0001666667292,9.259266203e-09,0.0001666667292,9.259266203e-09
3226,8.333336458e-05,2.314816551e-09,8.333336458e-05,2.314816551e-09
3227,0.0001666667292,7.716055169e-09,0.0001666667292,7.716055169e-09
3228,0.0002222223056,1.080247724e-08,0.0002222223056,1.080247724e-08
3229,8.33333646e-05,2.314816551e-09,8.33333646e-05,2.314816551e-09
3230,0,0,0,0
3231,8.333336458e-05,3.858027585e-09,8.333336458e-05,3.858027585e-09
3232,0.0001111111528,4.629633101e-09,0.0001111111528,4.629633101e-09
3233,0.000138888941,6.944449652e-09,0.000138888941,6.944449652e-09
3234,5.555557639e-05,1.543211034e-09,5.555557639e-05,1.543211034e-09
3235,0.0001944445174,5.401238619e-09,0.0001944445174,5.401238619e-09
3236,0.0001111111528,4.629633101e-09,0.0001111111528,4.629633101e-09
3237,5.555557639e-05,3.086422068e-09,5.555557639e-05,3.086422068e-09
3238,0.0001944445174,1.003087172e-08,0.0001944445174,1.003087172e-08
3239,0.0001666667292,7.716055169e-09,0.0001666667292,7.716055169e-09
3240,5.555557639e-05,3.086422068e-09,5.555557639e-05,3.086422068e-09
3241,8.333336458e-05,3.858027585e-09,8.333336458e-05,3.858027585e-09
3242,0.0001111111528,4.629633101e-09,0.0001111111528,4.629633101e-09
3243,0.000138888941,6.944449652e-09,0.000138888941,6.944449652e-09
3244,0.000138888941,5.401238618e-09,0.000138888941,5.401238618e-09
3245,9.027781163e-05,2.748844655e-09,9.027781163e-05,2.748844655e-09
3246,9.027781163e-05,2.748844655e-09,9.027781163e-05,2.748844655e-09
3247,0.0004444446111,4.012348688e-08,0.0004444446111,4.012348688e-08
3248,8.333336458e-05,3.858027585e-09,8.333336458e-05,3.858027585e-09
3249,0.0002777778819,1.388889931e-08,0.0002777778819,1.388889931e-08
3250,0.000138888941,6.944449652e-09,0.000138888941,6.944449652e-09
3251,0.000138888941,5.401238618e-09,0.000138888941,5.401238618e-09
3252,0,0,0,0
3253,8.333336458e-05,3.858027585e-09,8.333336458e-05,3.858027585e-09
3254,8.333336458e-05,2.314816551e-09,8.333336458e-05,2.314816551e-09
3255,0.0001597222821,6.992674998e-09,0.0001597222821,6.992674998e-09
3256,0.000145833388,5.835266722e-09,0.000145833388,5.835266722e-09
3257,8.333336458e-05,3.858027585e-09,8.333336458e-05,3.858027585e-09
3258,0.0001666667292,7.716055169e-09,0.0001666667292,7.716055169e-09
3259,8.333336458e-05,3.858027585e-09,8.333336458e-05,3.858027585e-09
3260,0.0001111111528,4.629633101e-09,0.0001111111528,4.629633101e-09
3261,0.0001111111528,3.086422068e-09,0.0001111111528,3.086422068e-09
3262,0.0001990741487,8.766296012e-09,0.0001990741487,8.766296012e-09
3263,2.777778819e-05,7.716055169e-10,2.777778819e-05,7.716055169e-10
3264,0.0002391976205,1.040476699e-08,0.0002391976205,1.040476699e-08
3265,0.000145833388,7.378477755e-09,0.000145833388,7.378477755e-09
3266,0.000138888941,6.944449652e-09,0.000138888941,6.944449652e-09
3267,0.000138888941,6.944449652e-09,0.000138888941,6.944449652e-09
3268,8.333336458e-05,3.858027585e-09,8.333336458e-05,3.858027585e-09
3269,0.0001111111528,4.629633101e-09,0.0001111111528,4.629633101e-09
3270,5.555557639e-05,1.543211034e-09,5.555557639e-05,1.543211034e-09
3271,8.333336458e-05,3.858027585e-09,8.333336458e-05,3.858027585e-09
3272,0.0001944445174,8.487660686e-09,0.0001944445174,8.487660686e-09
3273,5.555557639e-05,3.086422068e-09,5.555557639e-05,3.086422068e-09
3274,0.0001944445173,1.003087172e-08,0.0001944445173,1.003087172e-08
3275,0.0001111111528,4.629633101e-09,0.0001111111528,4.629633101e-09
3276,0.000138888941,6.944449652e-09,0.000138888941,6.944449652e-09
3277,0.0001944445174,8.487660686e-09,0.0001944445174,8.487660686e-09
3278,0,0,0,0
3279,2.777778819e-05,7.716055169e-10,2.777778819e-05,7.716055169e-10
3280,2.777778819e-05,7.716055169e-10,2.777778819e-05,7.716055169e-10
3281,0,0,0,0
3282,2.777778819e-05,7.716055169e-10,2.777778819e-05,7.716055169e-10
3283,2.777778819e-05,7.716055169e-10,2.777778819e-05,7.716055169e-10
3284,0,0,0,0
3285,0.0001111111528,4.629633101e-09,0.0001111111528,4.629633101e-09
3286,9.027781163e-05,2.748844654e-09,9.027781163e-05,2.748844654e-09
3287,8.333336458e-05,3.858027585e-09,8.333336458e-05,3.858027585e-09
3288,0.0001111111528,4.629633102e-09,0.0001111111528,4.629633102e-09
3289,0,0,0,0
3290,8.333336458e-05,2.314816551e-09,8.333336458e-05,2.314816551e-09
3291,0.0002500000937,1.311729379e-08,0.0002500000937,1.311729379e-08
3292,0.0002500000937,1.311729379e-08,0.0002500000937,1.311729379e-08
3293,8.333336458e-05,3.858027585e-09,8.333336458e-05,3.858027585e-09
3294,0.0001666667292,7.716055169e-09,0.0001666667292,7.716055169e-09
3295,8.333336458e-05,3.858027585e-09,8.333336458e-05,3.858027585e-09
3296,0.0001666667292,9.259266203e-09,0.0001666667292,9.259266203e-09
3297,8.333336458e-05,2.314816551e-09,8.333336458e-05,2.314816551e-09
3298,0.0001944445174,8.487660686e-09,0.0001944445174,8.487660686e-09
3299,0.0001111111528,4.629633101e-09,0.0001111111528,4.629633101e-09
3300,0.0001944445174,1.003087172e-08,0.0001944445174,1.003087172e-08
3301,0.0002777778819,1.388889931e-08,0.0002777778819,1.388889931e-08
3302,5.555557639e-05,3.086422068e-09,5.555557639e-05,3.086422068e-09
3303,0.0001111111528,4.629633101e-09,0.0001111111528,4.629633101e-09
3304,8.333336458e-05,2.314816551e-09,8.333336458e-05,2.314816551e-09
3305,8.333336458e-05,3.858027585e-09,8.333336458e-05,3.858027585e-09
3306,8.333336458e-05,3.858027585e-09,8.333336458e-05,3.858027585e-09
3307,0.0001111111528,4.629633102e-09,0.0001111111528,4.629633102e-09
3308,0.000138888941,5.401238618e-09,0.000138888941,5.401238618e-09
3309,0.0002777778819,2.006174344e-08,0.0002777778819,2.006174344e-08
3310,0.00010185189,6.258578082e-09,0.00010185189,6.258578082e-09
3311,0.000138888941,6.944449652e-09,0.000138888941,6.944449652e-09
3312,5.555557639e-05,3.086422068e-09,5.555557639e-05,3.086422068e-09
3313,0.0001111111528,4.629633101e-09,0.0001111111528,4.629633101e-09
3314,8.333336458e-05,3.858027585e-09,8.333336458e-05,3.858027585e-09
3315,0.0001111111528,4.629633101e-09,0.0001111111528,4.629633101e-09
3316,5.555557639e-05,3.086422068e-09,5.555557639e-05,3.086422068e-09
3317,0.0001666667292,7.71605517e-09,0.0001666667292,7.71605517e-09
3318,0.0002055556326,1.138889743e-08,0.0002055556326,1.138889743e-08
3319,0.0001666667292,9.259266203e-09,0.0001666667292,9.259266203e-09
3320,2.777778819e-05,7.716055169e-10,2.777778819e-05,7.716055169e-10
3321,5.555557639e-05,1.543211034e-09,5.555557639e-05,1.543211034e-09
3322,5.555557639e-05,1.543211034e-09,5.555557639e-05,1.543211034e-09
3323,0.0001111111528,6.172844135e-09,0.0001111111528,6.172844135e-09
3324,0.0001111111528,4.629633101e-09,0.0001111111528,4.629633101e-09
3325,0,0,0,0
3326,5.555557639e-05,3.086422068e-09,5.555557639e-05,3.086422068e-09
3327,5.555557639e-05,3.086422068e-09,5.555557639e-05,3.086422068e-09
3328,5.555557639e-05,3.086422068e-09,5.555557639e-05,3.086422068e-09
3329,6.944447048e-05,2.50771793e-09,6.944447048e-05,2.50771793e-09
3330,0.0002500000937,1.157408275e-08,0.0002500000937,1.157408275e-08
3331,0.0003333334583,1.543211034e-08,0.0003333334583,1.543211034e-08
3332,0.000277777882,1.234568827e-08,0.000277777882,1.234568827e-08
3333,0,0,0,0
3334,0.000138888941,6.944449652e-09,0.000138888941,6.944449652e-09
3335,8.333336458e-05,2.314816551e-09,8.333336458e-05,2.314816551e-09
3336,0,0,0,0
3337,5.555557639e-05,3.086422068e-09,5.555557639e-05,3.086422068e-09
3338,0.0001111111528,4.629633101e-09,0.0001111111528,4.629633101e-09
3339,0.0001736111762,5.063661205e-09,0.0001736111762,5.063661205e-09
3340,5.555557639e-05,1.543211034e-09,5.555557639e-05,1.543211034e-09
3341,0.0002812501055,1.42867584e-08,0.0002812501055,1.42867584e-08
3342,2.777778819e-05,7.716055169e-10,2.777778819e-05,7.716055169e-10
3343,0.000138888941,6.944449652e-09,0.000138888941,6.944449652e-09
3344,0.0001166667104,4.969139529e-09,0.0001166667104,4.969139529e-09
3345,8.333336458e-05,2.314816551e-09,8.333336458e-05,2.314816551e-09
3346,0.0001666667292,7.716055169e-09,0.0001666667292,7.716055169e-09
3347,0.000138888941,6.944449652e-09,0.000138888941,6.944449652e-09
3348,0.0001111111528,4.629633101e-09,0.0001111111528,4.629633101e-09
3349,0.0001111111528,4.629633101e-09,0.0001111111528,4.629633101e-09
3350,2.777778819e-05,7.716055169e-10,2.777778819e-05,7.716055169e-10
3351,5.555557639e-05,1.543211034e-09,5.555557639e-05,1.543211034e-09
3352,8.333336458e-05,3.858027585e-09,8.333336458e-05,3.858027585e-09
3353,0.0002500000937,1.311729379e-08,0.0002500000937,1.311729379e-08
3354,0.0002222223056,1.080247724e-08,0.0002222223056,1.080247724e-08
3355,0.0001111111528,4.629633101e-09,0.0001111111528,4.629633101e-09
3356,0.0001111111528,6.172844135e-09,0.0001111111528,6.172844135e-09
3357,5.555557639e-05,3.086422068e-09,5.555557639e-05,3.086422068e-09
3358,0.000138888941,5.401238618e-09,0.000138888941,5.401238618e-09
3359,8.333336458e-05,3.858027585e-09,8.333336458e-05,3.858027585e-09
3360,8.333336458e-05,3.858027585e-09,8.333336458e-05,3.858027585e-09
3361,8.33333646e-05,2.314816551e-09,8.33333646e-05,2.314816551e-09
3362,0.0001944445173,1.003087172e-08,0.0001944445173,1.003087172e-08
3363,0,0,0,0
3364,8.333336458e-05,3.858027585e-09,8.333336458e-05,3.858027585e-09
3365,0.000138888941,6.944449652e-09,0.000138888941,6.944449652e-09
3366,0.000138888941,6.944449652e-09,0.000138888941,6.944449652e-09
3367,0,0,0,0
3368,0.000138888941,5.401238618e-09,0.000138888941,5.401238618e-09
3369,0.0002500000937,1.311729379e-08,0.0002500000937,1.311729379e-08
3370,0.0001768078264,8.676236487e-09,0.0001768078264,8.676236487e-09
3371,0.0001111111528,4.629633101e-09,0.0001111111528,4.629633101e-09
3372,0.0001666667292,6.172844135e-09,0.0001666667292,6.172844135e-09
3373,0.000138888941,5.401238619e-09,0.000138888941,5.401238619e-09
3374,8.333336458e-05,3.858027585e-09,8.333336458e-05,3.858027585e-09
3375,0.000138888941,5.401238618e-09,0.000138888941,5.401238618e-09
3376,8.333336458e-05,2.314816551e-09,8.333336458e-05,2.314816551e-09
3377,0.0001944445174,8.487660689e-09,0.0001944445174,8.487660689e-09
3378,5.555557639e-05,1.543211034e-09,5.555557639e-05,1.543211034e-09
3379,2.777778819e-05,7.716055169e-10,2.777778819e-05,7.716055169e-10
3380,8.333336458e-05,3.858027585e-09,8.333336458e-05,3.858027585e-09
3381,8.333336458e-05,3.858027585e-09,8.333336458e-05,3.858027585e-09
3382,0.000138888941,6.944449652e-09,0.000138888941,6.944449652e-09
3383,0,0,0,0
3384,8.33333646e-05,2.314816551e-09,8.33333646e-05,2.314816551e-09
3385,0.0001018518901,3.686559693e-09,0.0001018518901,3.686559693e-09
3386,0.000138888941,5.401238618e-09,0.000138888941,5.401238618e-09
3387,0.0001468254519,7.889272734e-09,0.0001468254519,7.889272734e-09
3388,2.777778819e-05,7.716055169e-10,2.777778819e-05,7.716055169e-10
3389,0.0002500000938,1.157408275e-08,0.0002500000938,1.157408275e-08
3390,5.555557639e-05,1.543211034e-09,5.555557639e-05,1.543211034e-09
3391,0.0001944445173,1.003087172e-08,0.0001944445173,1.003087172e-08
3392,0.000138888941,6.944449652e-09,0.000138888941,6.944449652e-09
3393,8.333336458e-05,3.858027585e-09,8.333336458e-05,3.858027585e-09
3394,0.0001944445174,8.487660689e-09,0.0001944445174,8.487660689e-09
3395,5.555557639e-05,3.086422068e-09,5.555557639e-05,3.086422068e-09
3396,5.555557639e-05,3.086422068e-09,5.555557639e-05,3.086422068e-09
3397,8.333336458e-05,3.858027585e-09,8.333336458e-05,3.858027585e-09
3398,5.555557639e-05,1.543211034e-09,5.555557639e-05,1.543211034e-09
3399,8.333336458e-05,3.858027585e-09,8.333336458e-05,3.858027585e-09
3400,0,0,0,0
3401,2.777778819e-05,7.716055169e-10,2.777778819e-05,7.716055169e-10
3402,0.0004166668229,1.929013793e-08,0.0004166668229,1.929013793e-08
3403,0.0001111111528,6.172844138e-09,0.0001111111528,6.172844138e-09
3404,5.555557639e-05,3.086422068e-09,5.555557639e-05,3.086422068e-09
3405,8.333336458e-05,3.858027585e-09,8.333336458e-05,3.858027585e-09
3406,8.333336458e-05,3.858027585e-09,8.333336458e-05,3.858027585e-09
3407,0.0001111111528,4.629633101e-09,0.0001111111528,4.629633101e-09
3408,0.0003055556701,1.620371586e-08,0.0003055556701,1.620371586e-08
3409,0.000138888941,5.401238618e-09,0.000138888941,5.401238618e-09
3410,0.000138888941,6.944449652e-09,0.000138888941,6.944449652e-09
3411,0.0002500000937,1.311729379e-08,0.0002500000937,1.311729379e-08
3412,0.0001111111528,6.172844138e-09,0.0001111111528,6.172844138e-09
3413,0.0002561729356,1.195512252e-08,0.0002561729356,1.195512252e-08
3414,2.777778819e-05,7.716055169e-10,2.777778819e-05,7.716055169e-10
3415,3.472223524e-05,1.20563362e-09,3.472223524e-05,1.20563362e-09
3416,8.333336458e-05,3.858027585e-09,8.333336458e-05,3.858027585e-09
3417,0,0,0,0
3418,0.0002777778819,1.234568827e-08,0.0002777778819,1.234568827e-08
3419,0.000138888941,6.944449652e-09,0.000138888941,6.944449652e-09
3420,5.555557639e-05,3.086422068e-09,5.555557639e-05,3.086422068e-09
3421,0.0001111111528,4.629633102e-09,0.0001111111528,4.629633102e-09
3422,0,0,0,0
3423,0.000138888941,3.858027585e-09,0.000138888941,3.858027585e-09
3424,0.000138888941,5.401238619e-09,0.000138888941,5.401238619e-09
3425,5.555557639e-05,3.086422068e-09,5.555557639e-05,3.086422068e-09
3426,0.0001111111528,4.629633101e-09,0.0001111111528,4.629633101e-09
3427,0.0002222223056,9.259266203e-09,0.0002222223056,9.259266203e-09
3428,0.0001944445174,1.003087172e-08,0.0001944445174,1.003087172e-08
3429,8.333336458e-05,3.858027585e-09,8.333336458e-05,3.858027585e-09
3430,5.555557639e-05,3.086422068e-09,5.555557639e-05,3.086422068e-09
3431,2.777778819e-05,7.716055169e-10,2.777778819e-05,7.716055169e-10
3432,0.000138888941,6.944449652e-09,0.000138888941,6.944449652e-09
3433,0,0,0,0
3434,8.333336458e-05,2.314816551e-09,8.333336458e-05,2.314816551e-09
3435,0.0001777778444,9.074080879e-09,0.0001777778444,9.074080879e-09
3436,0.0001851852546,1.011660567e-08,0.0001851852546,1.011660567e-08
3437,0.0001527778351,6.365745515e-09,0.0001527778351,6.365745515e-09
3438,0,0,0,0
3439,0.0001111111528,4.629633101e-09,0.0001111111528,4.629633101e-09
3440,0.0001111111528,3.086422068e-09,0.0001111111528,3.086422068e-09
3441,5.555557639e-05,3.086422068e-09,5.555557639e-05,3.086422068e-09
3442,0.0002777778819,1.543211034e-08,0.0002777778819,1.543211034e-08
3443,0.0001111111528,3.086422068e-09,0.0001111111528,3.086422068e-09
3444,0.0001111111528,6.172844138e-09,0.0001111111528,6.172844138e-09
3445,2.777778819e-05,7.716055169e-10,2.777778819e-05,7.716055169e-10
3446,5.555557639e-05,3.086422068e-09,5.555557639e-05,3.086422068e-09
3447,8.333336458e-05,3.858027585e-09,8.333336458e-05,3.858027585e-09
3448,8.333336458e-05,3.858027585e-09,8.333336458e-05,3.858027585e-09
3449,5.555557639e-05,1.543211034e-09,5.555557639e-05,1.543211034e-09
3450,0,0,0,0
3451,0,0,0,0
3452,0.000138888941,5.401238619e-09,0.000138888941,5.401238619e-09
3453,5.555557639e-05,1.543211034e-09,5.555557639e-05,1.543211034e-09
3454,6.481483912e-05,4.20096337e-09,6.481483912e-05,4.20096337e-09
3455,2.777778819e-05,7.716055169e-10,2.777778819e-05,7.716055169e-10
3456,0.0001944445174,1.003087172e-08,0.0001944445174,1.003087172e-08
3457,5.555557639e-05,3.086422068e-09,5.555557639e-05,3.086422068e-09
3458,0.0001666667292,7.716055169e-09,0.0001666667292,7.716055169e-09
3459,2.777778819e-05,7.716055169e-10,2.777778819e-05,7.716055169e-10
3460,0,0,0,0
3461,2.777778819e-05,7.716055169e-10,2.777778819e-05,7.716055169e-10
3462,2.777778819e-05,7.716055169e-10,2.777778819e-05,7.716055169e-10
3463,0.0002500000937,1.774692689e-08,0.0002500000937,1.774692689e-08
3464,0.0001944445174,1.003087172e-08,0.0001944445174,1.003087172e-08
3465,5.555557639e-05,3.086422068e-09,5.555557639e-05,3.086422068e-09
3466,0.0001111111528,6.172844135e-09,0.0001111111528,6.172844135e-09
3467,8.333336458e-05,2.314816551e-09,8.333336458e-05,2.314816551e-09
3468,5.555557639e-05,1.543211034e-09,5.555557639e-05,1.543211034e-09
3469,8.33333646e-05,2.314816551e-09,8.33333646e-05,2.314816551e-09
3470,0.0001111111528,6.172844135e-09,0.0001111111528,6.172844135e-09
3471,8.333336458e-05,3.858027585e-09,8.333336458e-05,3.858027585e-09
3472,0.0001111111528,6.172844135e-09,0.0001111111528,6.172844135e-09
3473,5.555557639e-05,3.086422068e-09,5.555557639e-05,3.086422068e-09
3474,0.0001250000469,6.365745515e-09,0.0001250000469,6.365745515e-09
3475,0.0001111111528,6.172844135e-09,0.0001111111528,6.172844135e-09
3476,0.000138888941,6.944449652e-09,0.000138888941,6.944449652e-09
3477,0.0001736111762,8.535886031e-09,0.0001736111762,8.535886031e-09
3478,8.333336458e-05,3.858027585e-09,8.333336458e-05,3.858027585e-09
3479,2.777778819e-05,7.716055169e-10,2.777778819e-05,7.716055169e-10
3480,8.333336458e-05,3.858027585e-09,8.333336458e-05,3.858027585e-09
3481,8.333336458e-05,3.858027585e-09,8.333336458e-05,3.858027585e-09
3482,0,0,0,0
3483,0.0001944445174,1.003087172e-08,0.0001944445174,1.003087172e-08
3484,0.000138888941,6.944449655e-09,0.000138888941,6.944449655e-09
3485,0.0002962964074,1.62894498e-08,0.0002962964074,1.62894498e-08
3486,8.333336458e-05,3.858027585e-09,8.333336458e-05,3.858027585e-09
3487,0.0001805556233,8.680562065e-09,0.0001805556233,8.680562065e-09
3488,5.555557639e-05,1.543211034e-09,5.555557639e-05,1.543211034e-09
3489,8.333336458e-05,3.858027585e-09,8.333336458e-05,3.858027585e-09
3490,0.000138888941,6.944449655e-09,0.000138888941,6.944449655e-09
3491,3.333334583e-05,1.111111944e-09,3.333334583e-05,1.111111944e-09
3492,0.0001666667292,6.172844135e-09,0.0001666667292,6.172844135e-09
3493,5.555557639e-05,3.086422068e-09,5.555557639e-05,3.086422068e-09
3494,0.0003425927211,1.448903693e-08,0.0003425927211,1.448903693e-08
3495,8.333336458e-05,3.858027585e-09,8.333336458e-05,3.858027585e-09
3496,8.333336458e-05,3.858027585e-09,8.333336458e-05,3.858027585e-09
3497,0,0,0,0
3498,2.777778819e-05,7.716055169e-10,2.777778819e-05,7.716055169e-10
3499,0.0001111111528,4.629633102e-09,0.0001111111528,4.629633102e-09
3500,5.555557639e-05,1.543211034e-09,5.555557639e-05,1.543211034e-09
3501,8.333336458e-05,3.858027585e-09,8.333336458e-05,3.858027585e-09
3502,0.0001111111528,3.086422068e-09,0.0001111111528,3.086422068e-09
3503,0.0001666667291,9.259266205e-09,0.0001666667291,9.259266205e-09
3504,0.0001944445173,1.003087172e-08,0.0001944445173,1.003087172e-08
3505,5.555557639e-05,3.086422068e-09,5.555557639e-05,3.086422068e-09
3506,0.0001527778351,6.365745515e-09,0.0001527778351,6.365745515e-09
3507,8.333336458e-05,3.858027585e-09,8.333336458e-05,3.858027585e-09
3508,5.555557639e-05,3.086422068e-09,5.555557639e-05,3.086422068e-09
3509,8.333336458e-05,3.858027585e-09,8.333336458e-05,3.858027585e-09
3510,0.0001666667292,9.259266203e-09,0.0001666667292,9.259266203e-09
3511,8.333336458e-05,3.858027585e-09,8.333336458e-05,3.858027585e-09
3512,0.000138888941,6.944449652e-09,0.000138888941,6.944449652e-09
3513,0.0001111111528,6.172844135e-09,0.0001111111528,6.172844135e-09
3514,8.333336458e-05,3.858027585e-09,8.333336458e-05,3.858027585e-09
3515,0.0001196581645,7.195563874e-09,0.0001196581645,7.195563874e-09
3516,0.0001111111528,6.172844135e-09,0.0001111111528,6.172844135e-09
3517,0.0001984127728,7.180655423e-09,0.0001984127728,7.180655423e-09
3518,8.333336458e-05,3.858027585e-09,8.333336458e-05,3.858027585e-09
3519,0.0003611112465,1.774692689e-08,0.0003611112465,1.774692689e-08
3520,8.333336458e-05,3.858027585e-09,8.333336458e-05,3.858027585e-09
3521,8.333336458e-05,3.858027585e-09,8.333336458e-05,3.858027585e-09
3522,5.55555764e-05,1.543211034e-09,5.55555764e-05,1.543211034e-09
3523,8.333336458e-05,3.858027585e-09,8.333336458e-05,3.858027585e-09
3524,0.000145833388,5.835266722e-09,0.000145833388,5.835266722e-09
3525,3.888890347e-05,1.512346813e-09,3.888890347e-05,1.512346813e-09
3526,8.333336458e-05,2.314816551e-09,8.333336458e-05,2.314816551e-09
3527,0.0001666667292,6.172844135e-09,0.0001666667292,6.172844135e-09
3528,0.0001666667292,6.172844135e-09,0.0001666667292,6.172844135e-09
3529,0.0001666667292,7.716055169e-09,0.0001666667292,7.716055169e-09
3530,5.555557639e-05,3.086422068e-09,5.555557639e-05,3.086422068e-09
3531,5.555557639e-05,1.543211034e-09,5.555557639e-05,1.543211034e-09
3532,0.0001111111528,4.629633101e-09,0.0001111111528,4.629633101e-09
3533,0.000138888941,5.401238618e-09,0.000138888941,5.401238618e-09
3534,5.555557639e-05,3.086422068e-09,5.555557639e-05,3.086422068e-09
3535,0.0001111111528,4.629633101e-09,0.0001111111528,4.629633101e-09
3536,8.33333646e-05,2.314816551e-09,8.33333646e-05,2.314816551e-09
3537,0.0001111111528,3.086422068e-09,0.0001111111528,3.086422068e-09
3538,0.000138888941,5.401238619e-09,0.000138888941,5.401238619e-09
3539,2.777778819e-05,7.716055169e-10,2.777778819e-05,7.716055169e-10
3540,2.777778819e-05,7.716055169e-10,2.777778819e-05,7.716055169e-10
3541,0.0003611112465,1.774692689e-08,0.0003611112465,1.774692689e-08
3542,0.000138888941,6.944449652e-09,0.000138888941,6.944449652e-09
3543,2.777778819e-05,7.716055169e-10,2.777778819e-05,7.716055169e-10
3544,0.0002500000937,1.380316536e-08,0.0002500000937,1.380316536e-08
3545,0.0001203704155,5.744174404e-09,0.0001203704155,5.744174404e-09
3546,0.0002638889879,1.099537862e-08,0.0002638889879,1.099537862e-08
3547,0.0001944445174,1.003087172e-08,0.0001944445174,1.003087172e-08
3548,0.000138888941,6.944449652e-09,0.000138888941,6.944449652e-09
3549,5.555557639e-05,1.543211034e-09,5.555557639e-05,1.543211034e-09
3550,5.555557639e-05,1.543211034e-09,5.555557639e-05,1.543211034e-09
3551,6.944447049e-05,4.822534481e-09,6.944447049e-05,4.822534481e-09
3552,5.555557639e-05,3.086422068e-09,5.555557639e-05,3.086422068e-09
3553,0.0001666667292,7.716055169e-09,0.0001666667292,7.716055169e-09
3554,4.166668229e-05,1.736112413e-09,4.166668229e-05,1.736112413e-09
3555,2.777778819e-05,7.716055169e-10,2.777778819e-05,7.716055169e-10
3556,8.333336458e-05,3.858027585e-09,8.333336458e-05,3.858027585e-09
3557,5.555557639e-05,3.086422068e-09,5.555557639e-05,3.086422068e-09
3558,0.0001666667292,7.716055169e-09,0.0001666667292,7.716055169e-09
3559,8.33333646e-05,2.314816551e-09,8.33333646e-05,2.314816551e-09
3560,0.0001111111528,3.086422068e-09,0.0001111111528,3.086422068e-09
3561,2.777778819e-05,7.716055169e-10,2.777778819e-05,7.716055169e-10
3562,0.000138888941,6.944449652e-09,0.000138888941,6.944449652e-09
3563,5.555557639e-05,3.086422068e-09,5.555557639e-05,3.086422068e-09
3564,0.000138888941,8.487660688e-09,0.000138888941,8.487660688e-09
3565,0,0,0,0
3566,0.0001666667292,7.716055169e-09,0.0001666667292,7.716055169e-09
3567,0.0001111111528,4.629633101e-09,0.0001111111528,4.629633101e-09
3568,0.0001666667292,7.716055169e-09,0.0001666667292,7.716055169e-09
3569,5.555557639e-05,3.086422068e-09,5.555557639e-05,3.086422068e-09
3570,5.555557639e-05,1.543211034e-09,5.555557639e-05,1.543211034e-09
3571,0.0002440477106,1.348341273e-08,0.0002440477106,1.348341273e-08
3572,8.333336458e-05,3.858027585e-09,8.333336458e-05,3.858027585e-09
3573,5.555557639e-05,1.543211034e-09,5.555557639e-05,1.543211034e-09
3574,5.555557639e-05,1.543211034e-09,5.555557639e-05,1.543211034e-09
3575,8.333336458e-05,3.858027585e-09,8.333336458e-05,3.858027585e-09
3576,0.0001481482037,6.001376243e-09,0.0001481482037,6.001376243e-09
3577,5.555557639e-05,1.543211034e-09,5.555557639e-05,1.543211034e-09
3578,0.0001250000469,5.594139998e-09,0.0001250000469,5.594139998e-09
3579,5.555557639e-05,3.086422068e-09,5.555557639e-05,3.086422068e-09
3580,0,0,0,0
3581,0.0001666667291,9.259266205e-09,0.0001666667291,9.259266205e-09
3582,0.0001944445174,8.487660686e-09,0.0001944445174,8.487660686e-09
3583,0.0001166667104,4.969139529e-09,0.0001166667104,4.969139529e-09
3584,0.0001111111528,6.172844135e-09,0.0001111111528,6.172844135e-09
3585,0.0001111111528,6.172844138e-09,0.0001111111528,6.172844138e-09
3586,5.555557639e-05,3.086422068e-09,5.555557639e-05,3.086422068e-09
3587,8.333336458e-05,3.858027585e-09,8.333336458e-05,3.858027585e-09
3588,5.555557639e-05,1.543211034e-09,5.555557639e-05,1.543211034e-09
3589,0.0001111111528,3.086422068e-09,0.0001111111528,3.086422068e-09
3590,2.777778819e-05,7.716055169e-10,2.777778819e-05,7.716055169e-10
3591,0.0001250000469,5.594139998e-09,0.0001250000469,5.594139998e-09
3592,8.333336458e-05,3.858027585e-09,8.333336458e-05,3.858027585e-09
3593,0.0003055556701,1.620371586e-08,0.0003055556701,1.620371586e-08
3594,0.000138888941,5.401238618e-09,0.000138888941,5.401238618e-09
3595,0.000138888941,5.401238619e-09,0.000138888941,5.401238619e-09
3596,5.55555764e-05,1.543211034e-09,5.55555764e-05,1.543211034e-09
3597,2.777778819e-05,7.716055169e-10,2.777778819e-05,7.716055169e-10
3598,8.333336458e-05,3.858027585e-09,8.333336458e-05,3.858027585e-09
3599,2.777778819e-05,7.716055169e-10,2.777778819e-05,7.716055169e-10
3600,8.333336458e-05,3.858027585e-09,8.333336458e-05,3.858027585e-09
3601,2.777778819e-05,7.716055169e-10,2.777778819e-05,7.716055169e-10
3602,0.0001111111528,6.172844135e-09,0.0001111111528,6.172844135e-09
3603,2.777778819e-05,7.716055169e-10,2.777778819e-05,7.716055169e-10
3604,0,0,0,0
3605,0.0001111111528,6.172844135e-09,0.0001111111528,6.172844135e-09
3606,0.0001666667292,9.259266203e-09,0.0001666667292,9.259266203e-09
3607,0.000138888941,6.944449652e-09,0.000138888941,6.944449652e-09
3608,2.777778819e-05,7.716055169e-10,2.777778819e-05,7.716055169e-10
3609,2.777778819e-05,7.716055169e-10,2.777778819e-05,7.716055169e-10
3610,5.55555764e-05,1.543211034e-09,5.55555764e-05,1.543211034e-09
3611,0.0001666667292,9.259266203e-09,0.0001666667292,9.259266203e-09
3612,0.0002222223055,1.080247724e-08,0.0002222223055,1.080247724e-08
3613,2.777778819e-05,7.716055169e-10,2.777778819e-05,7.716055169e-10
3614,2.777778819e-05,7.716055169e-10,2.777778819e-05,7.716055169e-10
3615,0.0003277779007,1.916668104e-08,0.0003277779007,1.916668104e-08
3616,0.0002777778819,1.388889931e-08,0.0002777778819,1.388889931e-08
3617,5.555557639e-05,3.086422068e-09,5.555557639e-05,3.086422068e-09
3618,0.000138888941,5.401238618e-09,0.000138888941,5.401238618e-09
3619,0.0001222222681,5.987658812e-09,0.0001222222681,5.987658812e-09
3620,8.333336458e-05,3.858027585e-09,8.333336458e-05,3.858027585e-09
3621,0.0002222223055,1.080247724e-08,0.0002222223055,1.080247724e-08
3622,0,0,0,0
3623,0.000138888941,6.944449655e-09,0.000138888941,6.944449655e-09
3624,0.0001111111528,4.629633101e-09,0.0001111111528,4.629633101e-09
3625,2.777778819e-05,7.716055169e-10,2.777778819e-05,7.716055169e-10
3626,0.0001111111528,4.629633101e-09,0.0001111111528,4.629633101e-09
3627,0.0001250000469,4.050928965e-09,0.0001250000469,4.050928965e-09
3628,0.0001111111528,4.629633101e-09,0.0001111111528,4.629633101e-09
3629,0.0001944445174,1.003087172e-08,0.0001944445174,1.003087172e-08
3630,0.000138888941,6.944449655e-09,0.000138888941,6.944449655e-09
3631,0.0001296296782,8.573394633e-09,0.0001296296782,8.573394633e-09
3632,0.0001666667292,9.259266203e-09,0.0001666667292,9.259266203e-09
3633,0.0001180555998,5.063661205e-09,0.0001180555998,5.063661205e-09
3634,0.0001944445174,1.466050482e-08,0.0001944445174,1.466050482e-08
3635,0.0001666667292,7.716055169e-09,0.0001666667292,7.716055169e-09
3636,0.0001944445174,8.487660686e-09,0.0001944445174,8.487660686e-09
3637,0.000138888941,5.401238618e-09,0.000138888941,5.401238618e-09
3638,0.0001111111528,4.629633101e-09,0.0001111111528,4.629633101e-09
3639,0.0001203704155,5.229770726e-09,0.0001203704155,5.229770726e-09
3640,5.555557639e-05,3.086422068e-09,5.555557639e-05,3.086422068e-09
3641,8.333336458e-05,3.858027585e-09,8.333336458e-05,3.858027585e-09
3642,0,0,0,0
3643,8.333336458e-05,3.858027585e-09,8.333336458e-05,3.858027585e-09
3644,0.000145833388,5.835266722e-09,0.000145833388,5.835266722e-09
3645,5.555557639e-05,3.086422068e-09,5.555557639e-05,3.086422068e-09
3646,0.0001666667292,7.716055169e-09,0.0001666667292,7.716055169e-09
3647,0.0002222223056,1.080247724e-08,0.0002222223056,1.080247724e-08
3648,0.0001666667292,7.716055169e-09,0.0001666667292,7.716055169e-09
3649,0,0,0,0
3650,5.555557639e-05,3.086422068e-09,5.555557639e-05,3.086422068e-09
3651,0.0001666667292,7.716055169e-09,0.0001666667292,7.716055169e-09
3652,0.0001527778351,6.280011568e-09,0.0001527778351,6.280011568e-09
3653,0.0002222223056,1.080247724e-08,0.0002222223056,1.080247724e-08
3654,0.0001111111528,3.086422068e-09,0.0001111111528,3.086422068e-09
3655,0.0001145833763,7.921012887e-09,0.0001145833763,7.921012887e-09
3656,8.680558811e-05,4.0629853e-09,8.680558811e-05,4.0629853e-09
3657,0.000138888941,5.401238618e-09,0.000138888941,5.401238618e-09
3658,0.0001111111528,4.629633101e-09,0.0001111111528,4.629633101e-09
3659,8.333336458e-05,3.858027585e-09,8.333336458e-05,3.858027585e-09
3660,2.777778819e-05,7.716055169e-10,2.777778819e-05,7.716055169e-10
3661,0.000138888941,6.944449652e-09,0.000138888941,6.944449652e-09
3662,0.0002314815683,1.140261486e-08,0.0002314815683,1.140261486e-08
3663,8.333336458e-05,2.314816551e-09,8.333336458e-05,2.314816551e-09
3664,0,0,0,0
3665,0,0,0,0
3666,0.0001666667292,7.716055169e-09,0.0001666667292,7.716055169e-09
3667,0.0001944445174,8.487660686e-09,0.0001944445174,8.487660686e-09
3668,5.555557639e-05,3.086422068e-09,5.555557639e-05,3.086422068e-09
3669,5.555557639e-05,1.543211034e-09,5.555557639e-05,1.543211034e-09
3670,0.0001111111528,4.629633101e-09,0.0001111111528,4.629633101e-09
3671,0.0001111111528,6.172844138e-09,0.0001111111528,6.172844138e-09
3672,0.0001428571964,4.094233355e-09,0.0001428571964,4.094233355e-09
3673,0.000138888941,6.944449652e-09,0.000138888941,6.944449652e-09
3674,8.333336458e-05,2.314816551e-09,8.333336458e-05,2.314816551e-09
3675,0.0001111111528,6.172844135e-09,0.0001111111528,6.172844135e-09
3676,0.0001111111528,4.629633102e-09,0.0001111111528,4.629633102e-09
3677,0.0001111111528,3.086422068e-09,0.0001111111528,3.086422068e-09
3678,0.000138888941,6.944449652e-09,0.000138888941,6.944449652e-09
3679,0.0002361111996,1.02237731e-08,0.0002361111996,1.02237731e-08
3680,0.0001111111528,4.629633101e-09,0.0001111111528,4.629633101e-09
3681,0.0001712963605,7.994690495e-09,0.0001712963605,7.994690495e-09
3682,5.555557639e-05,3.086422068e-09,5.555557639e-05,3.086422068e-09
3683,2.777778819e-05,7.716055169e-10,2.777778819e-05,7.716055169e-10
3684,0.000138888941,6.944449652e-09,0.000138888941,6.944449652e-09
3685,0.000138888941,6.944449652e-09,0.000138888941,6.944449652e-09
3686,8.333336458e-05,3.858027585e-09,8.333336458e-05,3.858027585e-09
3687,0.000138888941,6.944449652e-09,0.000138888941,6.944449652e-09
3688,0.0002333334208,1.216050295e-08,0.0002333334208,1.216050295e-08
3689,0.0001111111528,4.629633101e-09,0.0001111111528,4.629633101e-09
3690,0.0001666667292,7.716055169e-09,0.0001666667292,7.716055169e-09
3691,0.0002314815683,8.316192793e-09,0.0002314815683,8.316192793e-09
3692,0.0001666667292,7.716055169e-09,0.0001666667292,7.716055169e-09
3693,2.777778819e-05,7.716055169e-10,2.777778819e-05,7.716055169e-10
3694,8.333336458e-05,3.858027585e-09,8.333336458e-05,3.858027585e-09
3695,8.333336458e-05,3.858027585e-09,8.333336458e-05,3.858027585e-09
3696,0,0,0,0
3697,0.0001666667292,6.172844135e-09,0.0001666667292,6.172844135e-09
3698,0.0003055556701,1.311729379e-08,0.0003055556701,1.311729379e-08
3699,0.0001111111528,4.629633101e-09,0.0001111111528,4.629633101e-09
3700,0.0002361111997,1.408180068e-08,0.0002361111997,1.408180068e-08
3701,8.333336458e-05,3.858027585e-09,8.333336458e-05,3.858027585e-09
3702,0.0001111111528,6.172844135e-09,0.0001111111528,6.172844135e-09
3703,0.0001111111528,6.172844135e-09,0.0001111111528,6.172844135e-09
3704,5.555557639e-05,1.543211034e-09,5.555557639e-05,1.543211034e-09
3705,0,0,0,0
3706,8.333336458e-05,3.858027585e-09,8.333336458e-05,3.858027585e-09
3707,0.0001111111528,4.629633101e-09,0.0001111111528,4.629633101e-09
3708,0.0001666667291,7.716055172e-09,0.0001666667291,7.716055172e-09
3709,5.55555764e-05,1.543211034e-09,5.55555764e-05,1.543211034e-09
3710,0.0001296296782,8.573394632e-09,0.0001296296782,8.573394632e-09
3711,0.0001111111528,4.629633101e-09,0.0001111111528,4.629633101e-09
3712,0.0001111111528,3.086422068e-09,0.0001111111528,3.086422068e-09
3713,0.0001111111528,6.172844135e-09,0.0001111111528,6.172844135e-09
3714,8.333336458e-05,3.858027585e-09,8.333336458e-05,3.858027585e-09
3715,0.000189814886,1.056670889e-08,0.000189814886,1.056670889e-08
3716,5.555557639e-05,1.543211034e-09,5.555557639e-05,1.543211034e-09
3717,0,0,0,0
3718,8.333336458e-05,2.314816551e-09,8.333336458e-05,2.314816551e-09
3719,2.777778819e-05,7.716055169e-10,2.777778819e-05,7.716055169e-10
3720,8.333336458e-05,3.858027585e-09,8.333336458e-05,3.858027585e-09
3721,2.777778819e-05,7.716055169e-10,2.777778819e-05,7.716055169e-10
3722,8.333336458e-05,3.858027585e-09,8.333336458e-05,3.858027585e-09
3723,0.000284722329,1.123650534e-08,0.000284722329,1.123650534e-08
3724,8.33333646e-05,2.314816551e-09,8.33333646e-05,2.314816551e-09
3725,5.555557639e-05,3.086422068e-09,5.555557639e-05,3.086422068e-09
3726,0.0001944445174,1.003087172e-08,0.0001944445174,1.003087172e-08
3727,0.0001944445174,1.003087172e-08,0.0001944445174,1.003087172e-08
3728,0,0,0,0
3729,8.333336458e-05,3.858027585e-09,8.333336458e-05,3.858027585e-09
3730,5.555557639e-05,1.543211034e-09,5.555557639e-05,1.543211034e-09
3731,2.777778819e-05,7.716055169e-10,2.777778819e-05,7.716055169e-10
3732,0.0001944445174,1.003087172e-08,0.0001944445174,1.003087172e-08
3733,2.777778819e-05,7.716055169e-10,2.777778819e-05,7.716055169e-10
3734,0.0001111111528,4.629633101e-09,0.0001111111528,4.629633101e-09
3735,2.777778819e-05,7.716055169e-10,2.777778819e-05,7.716055169e-10
3736,0.0001111111528,4.629633101e-09,0.0001111111528,4.629633101e-09
3737,8.333336458e-05,3.858027585e-09,8.333336458e-05,3.858027585e-09
3738,0.0001666667292,7.716055169e-09,0.0001666667292,7.716055169e-09
3739,0,0,0,0
3740,8.333336458e-05,3.858027585e-09,8.333336458e-05,3.858027585e-09
3741,2.777778819e-05,7.716055169e-10,2.777778819e-05,7.716055169e-10
3742,8.333336458e-05,3.858027585e-09,8.333336458e-05,3.858027585e-09
3743,0.000240740831,1.474623877e-08,0.000240740831,1.474623877e-08
3744,5.555557639e-05,3.086422068e-09,5.555557639e-05,3.086422068e-09
3745,0,0,0,0
3746,8.333336458e-05,3.858027585e-09,8.333336458e-05,3.858027585e-09
3747,0.0001944445174,8.487660687e-09,0.0001944445174,8.487660687e-09
3748,0.000138888941,5.401238618e-09,0.000138888941,5.401238618e-09
3749,2.777778819e-05,7.716055169e-10,2.777778819e-05,7.716055169e-10
3750,8.333336458e-05,3.858027585e-09,8.333336458e-05,3.858027585e-09
3751,0.000138888941,5.401238618e-09,0.000138888941,5.401238618e-09
3752,0.0001944445173,1.003087172e-08,0.0001944445173,1.003087172e-08
3753,0.0001944445174,1.003087172e-08,0.0001944445174,1.003087172e-08
3754,2.777778819e-05,7.716055169e-10,2.777778819e-05,7.716055169e-10
3755,0,0,0,0
3756,0.0001111111528,6.172844135e-09,0.0001111111528,6.172844135e-09
3757,0.0001111111528,4.629633101e-09,0.0001111111528,4.629633101e-09
3758,0.0001666667292,7.716055169e-09,0.0001666667292,7.716055169e-09
3759,8.333336458e-05,3.858027585e-09,8.333336458e-05,3.858027585e-09
3760,8.333336458e-05,3.858027585e-09,8.333336458e-05,3.858027585e-09
3761,0,0,0,0
3762,0.000138888941,5.401238618e-09,0.000138888941,5.401238618e-09
3763,5.555557639e-05,3.086422068e-09,5.555557639e-05,3.086422068e-09
3764,0.000138888941,5.401238618e-09,0.000138888941,5.401238618e-09
3765,8.333336458e-05,3.858027585e-09,8.333336458e-05,3.858027585e-09
3766,0.0002500000937,1.311729379e-08,0.0002500000937,1.311729379e-08
3767,5.555557639e-05,1.543211034e-09,5.555557639e-05,1.543211034e-09
3768,0,0,0,0
3769,9.259262731e-05,4.458165209e-09,9.259262731e-05,4.458165209e-09
3770,5.555557639e-05,1.543211034e-09,5.555557639e-05,1.543211034e-09
3771,0.0001944445173,8.487660688e-09,0.0001944445173,8.487660688e-09
3772,0.0001944445174,8.487660686e-09,0.0001944445174,8.487660686e-09
3773,8.333336458e-05,3.858027585e-09,8.333336458e-05,3.858027585e-09
3774,0,0,0,0
3775,2.777778819e-05,7.716055169e-10,2.777778819e-05,7.716055169e-10
3776,8.333336458e-05,3.858027585e-09,8.333336458e-05,3.858027585e-09
3777,0.0001111111528,4.629633101e-09,0.0001111111528,4.629633101e-09
3778,0.000138888941,5.401238618e-09,0.000138888941,5.401238618e-09
3779,0.000138888941,3.858027585e-09,0.000138888941,3.858027585e-09
3780,0,0,0,0
3781,0.0002222223056,1.080247724e-08,0.0002222223056,1.080247724e-08
3782,5.555557639e-05,1.543211034e-09,5.555557639e-05,1.543211034e-09
3783,8.333336458e-05,3.858027585e-09,8.333336458e-05,3.858027585e-09
3784,0.0001111111528,4.629633101e-09,0.0001111111528,4.629633101e-09
3785,0.000138888941,5.401238618e-09,0.000138888941,5.401238618e-09
3786,2.777778819e-05,7.716055169e-10,2.777778819e-05,7.716055169e-10
3787,0.0002345679892,1.164076471e-08,0.0002345679892,1.164076471e-08
3788,0.0001666667292,7.716055169e-09,0.0001666667292,7.716055169e-09
3789,0.0001111111528,4.629633101e-09,0.0001111111528,4.629633101e-09
3790,8.333336458e-05,3.858027585e-09,8.333336458e-05,3.858027585e-09
3791,0,0,0,0
3792,0.0001944445174,1.003087172e-08,0.0001944445174,1.003087172e-08
3793,0.0001111111528,4.629633101e-09,0.0001111111528,4.629633101e-09
3794,0.000138888941,6.944449652e-09,0.000138888941,6.944449652e-09
3795,2.777778819e-05,7.716055169e-10,2.777778819e-05,7.716055169e-10
3796,0.0001111111528,4.629633101e-09,0.0001111111528,4.629633101e-09
3797,8.333336458e-05,3.858027585e-09,8.333336458e-05,3.858027585e-09
3798,0.0001111111528,4.629633101e-09,0.0001111111528,4.629633101e-09
3799,8.33333646e-05,2.314816551e-09,8.33333646e-05,2.314816551e-09
3800,8.333336458e-05,3.858027585e-09,8.333336458e-05,3.858027585e-09
3801,0.0001666667292,7.716055169e-09,0.0001666667292,7.716055169e-09
3802,0.0001111111528,6.172844135e-09,0.0001111111528,6.172844135e-09
3803,0.000138888941,6.944449655e-09,0.000138888941,6.944449655e-09
3804,2.777778819e-05,7.716055169e-10,2.777778819e-05,7.716055169e-10
3805,0.0001944445173,1.003087172e-08,0.0001944445173,1.003087172e-08
3806,5.555557639e-05,3.086422068e-09,5.555557639e-05,3.086422068e-09
3807,0.0001203704155,5.744174404e-09,0.0001203704155,5.744174404e-09
3808,2.777778819e-05,7.716055169e-10,2.777778819e-05,7.716055169e-10
3809,0.0001180555998,5.449463964e-09,0.0001180555998,5.449463964e-09
3810,0,0,0,0
3811,0.000138888941,5.401238618e-09,0.000138888941,5.401238618e-09
3812,2.777778819e-05,7.716055169e-10,2.777778819e-05,7.716055169e-10
3813,5.555557639e-05,3.086422068e-09,5.555557639e-05,3.086422068e-09
3814,0,0,0,0
3815,0.0001527778351,8.680562066e-09,0.0001527778351,8.680562066e-09
3816,0.0001944445173,1.003087172e-08,0.0001944445173,1.003087172e-08
3817,2.777778819e-05,7.716055169e-10,2.777778819e-05,7.716055169e-10
3818,0.000138888941,6.944449652e-09,0.000138888941,6.944449652e-09
3819,0,0,0,0
3820,8.333336458e-05,2.314816551e-09,8.333336458e-05,2.314816551e-09
3821,0,0,0,0
3822,2.777778819e-05,7.716055169e-10,2.777778819e-05,7.716055169e-10
3823,0.0001111111528,6.172844135e-09,0.0001111111528,6.172844135e-09
3824,0.0001666667292,6.172844135e-09,0.0001666667292,6.172844135e-09
3825,0.0001944445174,8.487660686e-09,0.0001944445174,8.487660686e-09
3826,0,0,0,0
3827,0,0,0,0
3828,5.555557639e-05,1.543211034e-09,5.555557639e-05,1.543211034e-09
3829,4.166668229e-05,1.736112413e-09,4.166668229e-05,1.736112413e-09
3830,0.0002777778819,1.543211034e-08,0.0002777778819,1.543211034e-08
3831,0.0001944445174,1.311729379e-08,0.0001944445174,1.311729379e-08
3832,0.0001111111528,6.172844138e-09,0.0001111111528,6.172844138e-09
3833,0.0001111111528,6.172844135e-09,0.0001111111528,6.172844135e-09
3834,5.555557639e-05,1.543211034e-09,5.555557639e-05,1.543211034e-09
3835,5.555557639e-05,3.086422068e-09,5.555557639e-05,3.086422068e-09
3836,8.333336458e-05,3.858027585e-09,8.333336458e-05,3.858027585e-09
3837,0.0001111111528,4.629633101e-09,0.0001111111528,4.629633101e-09
3838,8.333336458e-05,3.858027585e-09,8.333336458e-05,3.858027585e-09
3839,0.000138888941,6.944449655e-09,0.000138888941,6.944449655e-09
3840,2.777778819e-05,7.716055169e-10,2.777778819e-05,7.716055169e-10
3841,5.555557639e-05,3.086422068e-09,5.555557639e-05,3.086422068e-09
3842,0.0001666667292,6.172844135e-09,0.0001666667292,6.172844135e-09
3843,0.0002500000937,1.157408276e-08,0.0002500000937,1.157408276e-08
3844,0.0001111111528,3.086422068e-09,0.0001111111528,3.086422068e-09
3845,8.33333646e-05,2.314816551e-09,8.33333646e-05,2.314816551e-09
3846,5.555557639e-05,1.543211034e-09,5.555557639e-05,1.543211034e-09
3847,2.777778819e-05,7.716055169e-10,2.777778819e-05,7.716055169e-10
3848,0.0001944445173,1.003087172e-08,0.0001944445173,1.003087172e-08
3849,0.0001111111528,6.172844135e-09,0.0001111111528,6.172844135e-09
3850,5.555557639e-05,3.086422068e-09,5.555557639e-05,3.086422068e-09
3851,0.0001666667292,7.716055169e-09,0.0001666667292,7.716055169e-09
3852,0.0001666667292,7.716055169e-09,0.0001666667292,7.716055169e-09
3853,0.0001111111528,4.629633101e-09,0.0001111111528,4.629633101e-09
3854,5.555557639e-05,1.543211034e-09,5.555557639e-05,1.543211034e-09
3855,0.0001944445173,1.003087172e-08,0.0001944445173,1.003087172e-08
3856,0.000291666776,1.562501172e-08,0.000291666776,1.562501172e-08
3857,5.902779991e-05,1.748168749e-09,5.902779991e-05,1.748168749e-09
3858,0.0001666667292,7.716055169e-09,0.0001666667292,7.716055169e-09
3859,2.777778819e-05,7.716055169e-10,2.777778819e-05,7.716055169e-10
3860,0,0,0,0
3861,0.0001944445174,8.487660686e-09,0.0001944445174,8.487660686e-09
3862,0.000138888941,6.944449652e-09,0.000138888941,6.944449652e-09
3863,5.555557639e-05,3.086422068e-09,5.555557639e-05,3.086422068e-09
3864,8.333336458e-05,3.858027585e-09,8.333336458e-05,3.858027585e-09
3865,0.0001944445174,1.003087172e-08,0.0001944445174,1.003087172e-08
3866,8.333336458e-05,3.858027585e-09,8.333336458e-05,3.858027585e-09
3867,2.777778819e-05,7.716055169e-10,2.777778819e-05,7.716055169e-10
3868,0.0001111111528,4.629633101e-09,0.0001111111528,4.629633101e-09
3869,0.0001666667291,7.716055172e-09,0.0001666667291,7.716055172e-09
3870,0,0,0,0
3871,2.777778819e-05,7.716055169e-10,2.777778819e-05,7.716055169e-10
3872,0.000138888941,6.944449652e-09,0.000138888941,6.944449652e-09
3873,0.000138888941,5.401238619e-09,0.000138888941,5.401238619e-09
3874,8.333336458e-05,3.858027585e-09,8.333336458e-05,3.858027585e-09
3875,5.555557639e-05,1.543211034e-09,5.555557639e-05,1.543211034e-09
3876,5.555557639e-05,3.086422068e-09,5.555557639e-05,3.086422068e-09
3877,2.777778819e-05,7.716055169e-10,2.777778819e-05,7.716055169e-10
3878,0.0001180555998,5.063661205e-09,0.0001180555998,5.063661205e-09
3879,0.0001111111528,3.086422068e-09,0.0001111111528,3.086422068e-09
3880,0.0002500000937,1.311729379e-08,0.0002500000937,1.311729379e-08
3881,0.0001111111528,6.172844135e-09,0.0001111111528,6.172844135e-09
3882,2.777778819e-05,7.716055169e-10,2.777778819e-05,7.716055169e-10
3883,2.777778819e-05,7.716055169e-10,2.777778819e-05,7.716055169e-10
3884,8.888892222e-05,4.197534012e-09,8.888892222e-05,4.197534012e-09
3885,0.000240740831,1.320302773e-08,0.000240740831,1.320302773e-08
3886,0.0001111111528,4.629633101e-09,0.0001111111528,4.629633101e-09
3887,0.0003444445736,2.604940226e-08,0.0003444445736,2.604940226e-08
3888,0.0001111111528,6.172844135e-09,0.0001111111528,6.172844135e-09
3889,8.333336458e-05,3.858027585e-09,8.333336458e-05,3.858027585e-09
3890,0.0001111111528,4.629633101e-09,0.0001111111528,4.629633101e-09
3891,0.000138888941,5.401238618e-09,0.000138888941,5.401238618e-09
3892,0.000138888941,5.401238618e-09,0.000138888941,5.401238618e-09
3893,0.0002083334115,1.176698413e-08,0.0002083334115,1.176698413e-08
3894,8.333336458e-05,3.858027585e-09,8.333336458e-05,3.858027585e-09
3895,0.000240740831,1.16598167e-08,0.000240740831,1.16598167e-08
3896,0.0001111111528,6.172844135e-09,0.0001111111528,6.172844135e-09
3897,5.555557639e-05,1.543211034e-09,5.555557639e-05,1.543211034e-09
3898,0.0001666667292,7.716055169e-09,0.0001666667292,7.716055169e-09
3899,8.33333646e-05,2.314816551e-09,8.33333646e-05,2.314816551e-09
3900,0.000138888941,6.944449652e-09,0.000138888941,6.944449652e-09
3901,8.333336458e-05,3.858027585e-09,8.333336458e-05,3.858027585e-09
3902,8.33333646e-05,2.314816551e-09,8.33333646e-05,2.314816551e-09
3903,0,0,0,0
3904,8.33333646e-05,2.314816551e-09,8.33333646e-05,2.314816551e-09
3905,0.0001111111528,4.629633101e-09,0.0001111111528,4.629633101e-09
3906,0,0,0,0
3907,2.777778819e-05,7.716055169e-10,2.777778819e-05,7.716055169e-10
3908,5.555557639e-05,3.086422068e-09,5.555557639e-05,3.086422068e-09
3909,5.555557639e-05,3.086422068e-09,5.555557639e-05,3.086422068e-09
3910,5.555557639e-05,1.543211034e-09,5.555557639e-05,1.543211034e-09
3911,5.555557639e-05,1.543211034e-09,5.555557639e-05,1.543211034e-09
3912,5.555557639e-05,1.543211034e-09,5.555557639e-05,1.543211034e-09
3913,0.0001666667292,7.716055169e-09,0.0001666667292,7.716055169e-09
3914,0.0003055556702,1.311729379e-08,0.0003055556702,1.311729379e-08
3915,0.0001944445173,1.003087172e-08,0.0001944445173,1.003087172e-08
3916,0,0,0,0
3917,8.33333646e-05,2.314816551e-09,8.33333646e-05,2.314816551e-09
3918,8.333336458e-05,3.858027585e-09,8.333336458e-05,3.858027585e-09
3919,0,0,0,0
3920,5.555557639e-05,1.543211034e-09,5.555557639e-05,1.543211034e-09
3921,0.0001222222681,7.530869846e-09,0.0001222222681,7.530869846e-09
3922,0.0001736111762,6.606872239e-09,0.0001736111762,6.606872239e-09
3923,0.000138888941,6.944449652e-09,0.000138888941,6.944449652e-09
3924,2.777778819e-05,7.716055169e-10,2.777778819e-05,7.716055169e-10
3925,0.0001722222868,8.055561597e-09,0.0001722222868,8.055561597e-09
3926,0.0001666667292,7.716055169e-09,0.0001666667292,7.716055169e-09
3927,5.555557639e-05,3.086422068e-09,5.555557639e-05,3.086422068e-09
3928,0,0,0,0
3929,0.000138888941,1.311729379e-08,0.000138888941,1.311729379e-08
3930,0.0001666667292,7.716055169e-09,0.0001666667292,7.716055169e-09
3931,2.777778819e-05,7.716055169e-10,2.777778819e-05,7.716055169e-10
3932,0.0001666667292,7.716055169e-09,0.0001666667292,7.716055169e-09
3933,8.333336458e-05,3.858027585e-09,8.333336458e-05,3.858027585e-09
3934,2.777778819e-05,7.716055169e-10,2.777778819e-05,7.716055169e-10
3935,0.0001111111528,4.629633101e-09,0.0001111111528,4.629633101e-09
3936,0.0001666667291,7.716055172e-09,0.0001666667291,7.716055172e-09
3937,2.777778819e-05,7.716055169e-10,2.777778819e-05,7.716055169e-10
3938,5.555557639e-05,1.543211034e-09,5.555557639e-05,1.543211034e-09
3939,0.0002777778819,2.314816551e-08,0.0002777778819,2.314816551e-08
3940,8.333336458e-05,2.314816551e-09,8.333336458e-05,2.314816551e-09
3941,5.555557639e-05,3.086422068e-09,5.555557639e-05,3.086422068e-09
3942,8.33333646e-05,2.314816551e-09,8.33333646e-05,2.314816551e-09
3943,0.0002500000937,1.157408275e-08,0.0002500000937,1.157408275e-08
3944,2.777778819e-05,7.716055169e-10,2.777778819e-05,7.716055169e-10
3945,5.55555764e-05,1.543211034e-09,5.55555764e-05,1.543211034e-09
3946,0.0001736111762,8.150083272e-09,0.0001736111762,8.150083272e-09
3947,5.555557639e-05,3.086422068e-09,5.555557639e-05,3.086422068e-09
3948,8.333336458e-05,3.858027585e-09,8.333336458e-05,3.858027585e-09
3949,0,0,0,0
3950,2.777778819e-05,7.716055169e-10,2.777778819e-05,7.716055169e-10
3951,8.333336458e-05,3.858027585e-09,8.333336458e-05,3.858027585e-09
3952,0.000138888941,6.944449652e-09,0.000138888941,6.944449652e-09
3953,8.333336458e-05,3.858027585e-09,8.333336458e-05,3.858027585e-09
3954,0.000138888941,6.944449655e-09,0.000138888941,6.944449655e-09
3955,0.000138888941,5.401238619e-09,0.000138888941,5.401238619e-09
3956,0.0001666667291,9.259266205e-09,0.0001666667291,9.259266205e-09
3957,9.722225868e-05,5.594139998e-09,9.722225868e-05,5.594139998e-09
3958,0.0001944445173,1.003087172e-08,0.0001944445173,1.003087172e-08
3959,0.0001944445174,6.944449652e-09,0.0001944445174,6.944449652e-09
3960,0.0002222223056,1.080247724e-08,0.0002222223056,1.080247724e-08
3961,5.555557639e-05,3.086422068e-09,5.555557639e-05,3.086422068e-09
3962,0.000138888941,5.401238618e-09,0.000138888941,5.401238618e-09
3963,2.777778819e-05,7.716055169e-10,2.777778819e-05,7.716055169e-10
3964,0.000138888941,6.944449652e-09,0.000138888941,6.944449652e-09
3965,0.0001111111528,3.086422068e-09,0.0001111111528,3.086422068e-09
3966,2.777778819e-05,7.716055169e-10,2.777778819e-05,7.716055169e-10
3967,2.777778819e-05,7.716055169e-10,2.777778819e-05,7.716055169e-10
3968,0.0001111111528,4.629633101e-09,0.0001111111528,4.629633101e-09
3969,8.333336458e-05,3.858027585e-09,8.333336458e-05,3.858027585e-09
3970,0.0001111111528,6.172844138e-09,0.0001111111528,6.172844138e-09
3971,5.55555764e-05,1.543211034e-09,5.55555764e-05,1.543211034e-09
3972,2.777778819e-05,7.716055169e-10,2.777778819e-05,7.716055169e-10
3973,8.333336458e-05,3.858027585e-09,8.333336458e-05,3.858027585e-09
3974,2.777778819e-05,7.716055169e-10,2.777778819e-05,7.716055169e-10
3975,0.0001111111528,4.629633102e-09,0.0001111111528,4.629633102e-09
3976,0.0001166667104,4.969139528e-09,0.0001166667104,4.969139528e-09
3977,5.555557639e-05,3.086422068e-09,5.555557639e-05,3.086422068e-09
3978,5.555557639e-05,1.543211034e-09,5.555557639e-05,1.543211034e-09
3979,0.0001666667292,9.259266203e-09,0.0001666667292,9.259266203e-09
3980,0.0001111111528,4.629633102e-09,0.0001111111528,4.629633102e-09
3981,0,0,0,0
3982,5.555557639e-05,3.086422068e-09,5.555557639e-05,3.086422068e-09
3983,0.0001111111528,6.172844135e-09,0.0001111111528,6.172844135e-09
3984,8.333336458e-05,3.858027585e-09,8.333336458e-05,3.858027585e-09
3985,5.555557639e-05,1.543211034e-09,5.555557639e-05,1.543211034e-09
3986,8.333336458e-05,2.314816551e-09,8.333336458e-05,2.314816551e-09
3987,0.0001111111528,4.629633101e-09,0.0001111111528,4.629633101e-09
3988,0.0002222223056,1.080247724e-08,0.0002222223056,1.080247724e-08
3989,2.777778819e-05,7.716055169e-10,2.777778819e-05,7.716055169e-10
3990,5.555557639e-05,3.086422068e-09,5.555557639e-05,3.086422068e-09
3991,2.777778819e-05,7.716055169e-10,2.777778819e-05,7.716055169e-10
3992,0,0,0,0
3993,5.555557639e-05,1.543211034e-09,5.555557639e-05,1.543211034e-09
3994,5.555557639e-05,1.543211034e-09,5.555557639e-05,1.543211034e-09
3995,0.0001666667292,9.259266203e-09,0.0001666667292,9.259266203e-09
3996,0.0001111111528,4.629633101e-09,0.0001111111528,4.629633101e-09
3997,8.333336458e-05,3.858027585e-09,8.333336458e-05,3.858027585e-09
3998,0.0001055555951,6.82099277e-09,0.0001055555951,6.82099277e-09
3999,0.000138888941,5.401238618e-09,0.000138888941,5.401238618e-09
4000,0.0001111111528,6.172844135e-09,0.0001111111528,6.172844135e-09
4001,8.333336458e-05,2.314816551e-09,8.333336458e-05,2.314816551e-09
4002,2.777778819e-05,7.716055169e-10,2.777778819e-05,7.716055169e-10
4003,0.0001180555998,5.449463964e-09,0.0001180555998,5.449463964e-09
4004,8.333336458e-05,3.858027585e-09,8.333336458e-05,3.858027585e-09
4005,0.0002777778819,1.38888993e-08,0.0002777778819,1.38888993e-08
4006,0.0001666667292,9.259266203e-09,0.0001666667292,9.259266203e-09
4007,0.000122222268,7.530869845e-09,0.000122222268,7.530869845e-09
4008,5.555557639e-05,1.543211034e-09,5.555557639e-05,1.543211034e-09
4009,0.0001111111528,4.629633101e-09,0.0001111111528,4.629633101e-09
4010,8.796299595e-05,4.13666291e-09,8.796299595e-05,4.13666291e-09
4011,0.0001111111528,6.172844135e-09,0.0001111111528,6.172844135e-09
4012,2.777778819e-05,7.716055169e-10,2.777778819e-05,7.716055169e-10
4013,0.000261111209,1.293210846e-08,0.000261111209,1.293210846e-08
4014,8.333336458e-05,3.858027585e-09,8.333336458e-05,3.858027585e-09
4015,0.0001666667292,7.716055169e-09,0.0001666667292,7.716055169e-09
4016,0.0001666667292,6.172844135e-09,0.0001666667292,6.172844135e-09
4017,2.777778819e-05,7.716055169e-10,2.777778819e-05,7.716055169e-10
4018,8.333336458e-05,3.858027585e-09,8.333336458e-05,3.858027585e-09
4019,5.555557639e-05,3.086422068e-09,5.555557639e-05,3.086422068e-09
4020,0.0001222222681,7.530869846e-09,0.0001222222681,7.530869846e-09
4021,0.0001111111528,4.629633101e-09,0.0001111111528,4.629633101e-09
4022,0.0001666667292,6.172844135e-09,0.0001666667292,6.172844135e-09
4023,8.333336458e-05,2.314816551e-09,8.333336458e-05,2.314816551e-09
4024,0.0001111111528,4.629633101e-09,0.0001111111528,4.629633101e-09
4025,0.000138888941,5.401238619e-09,0.000138888941,5.401238619e-09
4026,2.777778819e-05,7.716055169e-10,2.777778819e-05,7.716055169e-10
4027,9.027781163e-05,4.292055688e-09,9.027781163e-05,4.292055688e-09
4028,0.0002500000937,1.311729379e-08,0.0002500000937,1.311729379e-08
4029,8.333336458e-05,3.858027585e-09,8.333336458e-05,3.858027585e-09
4030,5.555557639e-05,1.543211034e-09,5.555557639e-05,1.543211034e-09
4031,4.166668229e-05,1.736112413e-09,4.166668229e-05,1.736112413e-09
4032,0,0,0,0
4033,2.777778819e-05,7.716055169e-10,2.777778819e-05,7.716055169e-10
4034,0.0001111111528,6.172844135e-09,0.0001111111528,6.172844135e-09
4035,0.0001150794082,4.865838872e-09,0.0001150794082,4.865838872e-09
4036,0.0001481482037,7.544587276e-09,0.0001481482037,7.544587276e-09
4037,5.555557639e-05,3.086422068e-09,5.555557639e-05,3.086422068e-09
4038,8.333336458e-05,3.858027585e-09,8.333336458e-05,3.858027585e-09
4039,0.0001666667292,7.716055169e-09,0.0001666667292,7.716055169e-09
4040,0.0001111111528,4.629633102e-09,0.0001111111528,4.629633102e-09
4041,0.0002055556326,9.228401983e-09,0.0002055556326,9.228401983e-09
4042,2.777778819e-05,7.716055169e-10,2.777778819e-05,7.716055169e-10
4043,5.555557639e-05,1.543211034e-09,5.555557639e-05,1.543211034e-09
4044,0.000138888941,6.944449655e-09,0.000138888941,6.944449655e-09
4045,0.000138888941,6.944449652e-09,0.000138888941,6.944449652e-09
4046,2.777778819e-05,7.716055169e-10,2.777778819e-05,7.716055169e-10
4047,0.000138888941,6.944449652e-09,0.000138888941,6.944449652e-09
4048,0.0001944445174,1.003087172e-08,0.0001944445174,1.003087172e-08
4049,0.0001111111528,6.172844135e-09,0.0001111111528,6.172844135e-09
4050,0.000138888941,6.944449652e-09,0.000138888941,6.944449652e-09
4051,2.777778819e-05,7.716055169e-10,2.777778819e-05,7.716055169e-10
4052,0.0001111111528,6.172844135e-09,0.0001111111528,6.172844135e-09
4053,0.0001111111528,4.629633101e-09,0.0001111111528,4.629633101e-09
4054,5.555557639e-05,3.086422068e-09,5.555557639e-05,3.086422068e-09
4055,8.333336458e-05,2.314816551e-09,8.333336458e-05,2.314816551e-09
4056,0.000138888941,6.944449652e-09,0.000138888941,6.944449652e-09
4057,8.333336458e-05,3.858027585e-09,8.333336458e-05,3.858027585e-09
4058,0.0001111111528,4.629633101e-09,0.0001111111528,4.629633101e-09
4059,0.0003055556701,1.466050482e-08,0.0003055556701,1.466050482e-08
4060,8.333336458e-05,3.858027585e-09,8.333336458e-05,3.858027585e-09
4061,0.000138888941,3.858027585e-09,0.000138888941,3.858027585e-09
4062,0,0,0,0
4063,0.000138888941,6.944449652e-09,0.000138888941,6.944449652e-09
4064,8.333336458e-05,2.314816551e-09,8.333336458e-05,2.314816551e-09
4065,0.0001944445174,8.487660686e-09,0.0001944445174,8.487660686e-09
4066,8.333336458e-05,3.858027585e-09,8.333336458e-05,3.858027585e-09
4067,8.333336458e-05,3.858027585e-09,8.333336458e-05,3.858027585e-09
4068,0,0,0,0
4069,5.555557639e-05,3.086422068e-09,5.555557639e-05,3.086422068e-09
4070,5.555557639e-05,1.543211034e-09,5.555557639e-05,1.543211034e-09
4071,0.0001111111528,3.086422068e-09,0.0001111111528,3.086422068e-09
4072,0.0001666667292,7.716055169e-09,0.0001666667292,7.716055169e-09
4073,0.0002037037801,9.602201989e-09,0.0002037037801,9.602201989e-09
4074,0.0001111111528,6.172844135e-09,0.0001111111528,6.172844135e-09
4075,0.0001666667291,2.777779861e-08,0.0001666667291,2.777779861e-08
4076,6.481483912e-05,2.143348658e-09,6.481483912e-05,2.143348658e-09
4077,0.0001666667292,7.716055169e-09,0.0001666667292,7.716055169e-09
4078,8.333336458e-05,2.314816551e-09,8.333336458e-05,2.314816551e-09
4079,5.555557639e-05,1.543211034e-09,5.555557639e-05,1.543211034e-09
4080,2.777778819e-05,7.716055169e-10,2.777778819e-05,7.716055169e-10
4081,5.555557639e-05,3.086422068e-09,5.555557639e-05,3.086422068e-09
4082,5.55555764e-05,1.543211034e-09,5.55555764e-05,1.543211034e-09
4083,5.555557639e-05,3.086422068e-09,5.555557639e-05,3.086422068e-09
4084,0.0002222223055,1.080247724e-08,0.0002222223055,1.080247724e-08
4085,0,0,0,0
4086,5.555557639e-05,1.543211034e-09,5.555557639e-05,1.543211034e-09
4087,0,0,0,0
4088,2.777778819e-05,7.716055169e-10,2.777778819e-05,7.716055169e-10
4089,5.555557639e-05,3.086422068e-09,5.555557639e-05,3.086422068e-09
4090,0.0003055556701,1.466050482e-08,0.0003055556701,1.466050482e-08
4091,0.0001666667292,7.716055169e-09,0.0001666667292,7.716055169e-09
4092,0,0,0,0
4093,0,0,0,0
4094,0.0001111111528,6.172844135e-09,0.0001111111528,6.172844135e-09
4095,2.777778819e-05,7.716055169e-10,2.777778819e-05,7.716055169e-10
4096,0.000138888941,5.401238618e-09,0.000138888941,5.401238618e-09
4097,0.000138888941,6.944449652e-09,0.000138888941,6.944449652e-09
4098,8.333336458e-05,3.858027585e-09,8.333336458e-05,3.858027585e-09
4099,0.000138888941,6.944449652e-09,0.000138888941,6.944449652e-09
4100,0.0002083334115,9.452167582e-09,0.0002083334115,9.452167582e-09
4101,5.555557639e-05,1.543211034e-09,5.555557639e-05,1.543211034e-09
4102,0.0001111111528,4.629633101e-09,0.0001111111528,4.629633101e-09
4103,0.0002962964074,2.246229394e-08,0.0002962964074,2.246229394e-08
4104,0,0,0,0
4105,2.777778819e-05,7.716055169e-10,2.777778819e-05,7.716055169e-10
4106,5.555557639e-05,3.086422068e-09,5.555557639e-05,3.086422068e-09
4107,8.33333646e-05,2.314816551e-09,8.33333646e-05,2.314816551e-09
4108,5.555557639e-05,1.543211034e-09,5.555557639e-05,1.543211034e-09
4109,5.555557639e-05,3.086422068e-09,5.555557639e-05,3.086422068e-09
4110,8.33333646e-05,2.314816551e-09,8.33333646e-05,2.314816551e-09
4111,0.0001111111528,3.086422068e-09,0.0001111111528,3.086422068e-09
4112,5.555557639e-05,3.086422068e-09,5.555557639e-05,3.086422068e-09
4113,0.000138888941,6.944449652e-09,0.000138888941,6.944449652e-09
4114,5.555557639e-05,3.086422068e-09,5.555557639e-05,3.086422068e-09
4115,0.0001111111528,4.629633101e-09,0.0001111111528,4.629633101e-09
4116,0,0,0,0
4117,8.333336458e-05,3.858027585e-09,8.333336458e-05,3.858027585e-09
4118,0.000138888941,5.401238618e-09,0.000138888941,5.401238618e-09
4119,2.777778819e-05,7.716055169e-10,2.777778819e-05,7.716055169e-10
4120,5.555557639e-05,1.543211034e-09,5.555557639e-05,1.543211034e-09
4121,5.555557639e-05,1.543211034e-09,5.555557639e-05,1.543211034e-09
4122,0,0,0,0
4123,0,0,0,0
4124,2.777778819e-05,7.716055169e-10,2.777778819e-05,7.716055169e-10
4125,0.0001111111528,6.172844135e-09,0.0001111111528,6.172844135e-09
4126,8.333336458e-05,3.858027585e-09,8.333336458e-05,3.858027585e-09
4127,0.0001111111528,4.629633101e-09,0.0001111111528,4.629633101e-09
4128,3.472223524e-05,1.20563362e-09,3.472223524e-05,1.20563362e-09
4129,0.000138888941,6.944449652e-09,0.000138888941,6.944449652e-09
4130,2.777778819e-05,7.716055169e-10,2.777778819e-05,7.716055169e-10
4131,8.333336458e-05,3.858027585e-09,8.333336458e-05,3.858027585e-09
4132,8.333336458e-05,3.858027585e-09,8.333336458e-05,3.858027585e-09
4133,8.333336458e-05,3.858027585e-09,8.333336458e-05,3.858027585e-09
4134,6.944447049e-05,4.822534481e-09,6.944447049e-05,4.822534481e-09
4135,2.777778819e-05,7.716055169e-10,2.777778819e-05,7.716055169e-10
4136,8.333336458e-05,3.858027585e-09,8.333336458e-05,3.858027585e-09
4137,0.0001666667292,4.629633102e-09,0.0001666667292,4.629633102e-09
4138,7.407410185e-05,5.486972565e-09,7.407410185e-05,5.486972565e-09
4139,0.0001666667291,9.259266205e-09,0.0001666667291,9.259266205e-09
4140,0.0001666667292,7.716055169e-09,0.0001666667292,7.716055169e-09
4141,8.333336458e-05,3.858027585e-09,8.333336458e-05,3.858027585e-09
4142,0,0,0,0
4143,2.777778819e-05,7.716055169e-10,2.777778819e-05,7.716055169e-10
4144,8.333336458e-05,3.858027585e-09,8.333336458e-05,3.858027585e-09
4145,2.777778819e-05,7.716055169e-10,2.777778819e-05,7.716055169e-10
4146,8.333336458e-05,3.858027585e-09,8.333336458e-05,3.858027585e-09
4147,0.000138888941,5.401238618e-09,0.000138888941,5.401238618e-09
4148,0.0001666667292,9.259266203e-09,0.0001666667292,9.259266203e-09
4149,2.777778819e-05,7.716055169e-10,2.777778819e-05,7.716055169e-10
4150,0.000138888941,5.401238619e-09,0.000138888941,5.401238619e-09
4151,5.555557639e-05,1.543211034e-09,5.555557639e-05,1.543211034e-09
4152,0.000138888941,6.944449652e-09,0.000138888941,6.944449652e-09
4153,0.0001111111528,3.086422068e-09,0.0001111111528,3.086422068e-09
4154,0.0001666667292,7.716055169e-09,0.0001666667292,7.716055169e-09
4155,0.0002037037801,9.08779831e-09,0.0002037037801,9.08779831e-09
4156,0.0001111111528,4.629633101e-09,0.0001111111528,4.629633101e-09
4157,0.0002500000937,1.311729379e-08,0.0002500000937,1.311729379e-08
4158,0.0001944445174,6.944449652e-09,0.0001944445174,6.944449652e-09
4159,0.0001944445173,1.003087172e-08,0.0001944445173,1.003087172e-08
4160,0.0002314815683,1.161694973e-08,0.0002314815683,1.161694973e-08
4161,2.777778819e-05,7.716055169e-10,2.777778819e-05,7.716055169e-10
4162,0.0001111111528,6.172844135e-09,0.0001111111528,6.172844135e-09
4163,0.0001111111528,4.629633101e-09,0.0001111111528,4.629633101e-09
4164,8.333336458e-05,3.858027585e-09,8.333336458e-05,3.858027585e-09
4165,8.333336458e-05,3.858027585e-09,8.333336458e-05,3.858027585e-09
4166,0.0002222223056,1.080247724e-08,0.0002222223056,1.080247724e-08
4167,0.0001444444986,6.049387253e-09,0.0001444444986,6.049387253e-09
4168,0.0001666667292,1.080247724e-08,0.0001666667292,1.080247724e-08
4169,0.0001685185817,1.070302586e-08,0.0001685185817,1.070302586e-08
4170,8.333336458e-05,3.858027585e-09,8.333336458e-05,3.858027585e-09
4171,0.0002777778819,1.388889931e-08,0.0002777778819,1.388889931e-08
4172,0,0,0,0
4173,2.777778819e-05,7.716055169e-10,2.777778819e-05,7.716055169e-10
4174,0.0001944445174,6.944449652e-09,0.0001944445174,6.944449652e-09
4175,0.0002222223055,9.259266203e-09,0.0002222223055,9.259266203e-09
4176,0.0001666667292,7.716055169e-09,0.0001666667292,7.716055169e-09
4177,5.555557639e-05,3.086422068e-09,5.555557639e-05,3.086422068e-09
4178,0.0002222223056,9.259266203e-09,0.0002222223056,9.259266203e-09
4179,0.0001111111528,4.629633101e-09,0.0001111111528,4.629633101e-09
4180,2.777778819e-05,7.716055169e-10,2.777778819e-05,7.716055169e-10
4181,0,0,0,0
4182,2.777778819e-05,7.716055169e-10,2.777778819e-05,7.716055169e-10
4183,0.000138888941,5.401238618e-09,0.000138888941,5.401238618e-09
4184,0,0,0,0
4185,0.000138888941,5.401238618e-09,0.000138888941,5.401238618e-09
4186,0.0002222223055,1.234568827e-08,0.0002222223055,1.234568827e-08
4187,0.0002500000937,1.311729379e-08,0.0002500000937,1.311729379e-08
4188,8.333336458e-05,3.858027585e-09,8.333336458e-05,3.858027585e-09
4189,0.0001944445174,8.487660686e-09,0.0001944445174,8.487660686e-09
4190,0,0,0,0
4191,0,0,0,0
4192,2.777778819e-05,7.716055169e-10,2.777778819e-05,7.716055169e-10
4193,0.0001111111528,6.172844135e-09,0.0001111111528,6.172844135e-09
4194,2.777778819e-05,7.716055169e-10,2.777778819e-05,7.716055169e-10
4195,0.000138888941,6.944449652e-09,0.000138888941,6.944449652e-09
4196,0.0001518519088,8.964341427e-09,0.0001518519088,8.964341427e-09
4197,8.333336458e-05,3.858027585e-09,8.333336458e-05,3.858027585e-09
4198,0.0002013889644,1.046489983e-08,0.0002013889644,1.046489983e-08
4199,0.0001111111528,6.172844135e-09,0.0001111111528,6.172844135e-09
4200,5.555557639e-05,3.086422068e-09,5.555557639e-05,3.086422068e-09
4201,0.0001944445174,1.003087172e-08,0.0001944445174,1.003087172e-08
4202,2.777778819e-05,7.716055169e-10,2.777778819e-05,7.716055169e-10
4203,0.000138888941,6.944449652e-09,0.000138888941,6.944449652e-09
4204,2.777778819e-05,7.716055169e-10,2.777778819e-05,7.716055169e-10
4205,8.333336458e-05,3.858027585e-09,8.333336458e-05,3.858027585e-09
4206,0,0,0,0
4207,0.0001944445174,1.003087172e-08,0.0001944445174,1.003087172e-08
4208,5.555557639e-05,3.086422068e-09,5.555557639e-05,3.086422068e-09
4209,2.777778819e-05,7.716055169e-10,2.777778819e-05,7.716055169e-10
4210,0.0001111111528,4.629633101e-09,0.0001111111528,4.629633101e-09
4211,0.0001111111528,4.629633101e-09,0.0001111111528,4.629633101e-09
4212,0.0002361111996,1.176698414e-08,0.0002361111996,1.176698414e-08
4213,0.0001944445174,8.487660686e-09,0.0001944445174,8.487660686e-09
4214,6.481483912e-05,4.20096337e-09,6.481483912e-05,4.20096337e-09
4215,0,0,0,0
4216,5.555557639e-05,1.543211034e-09,5.555557639e-05,1.543211034e-09
4217,8.333336458e-05,3.858027585e-09,8.333336458e-05,3.858027585e-09
4218,0.0001111111528,6.172844135e-09,0.0001111111528,6.172844135e-09
4219,0.0002013889644,7.378477756e-09,0.0002013889644,7.378477756e-09
4220,0.0001111111528,4.629633101e-09,0.0001111111528,4.629633101e-09
4221,5.555557639e-05,3.086422068e-09,5.555557639e-05,3.086422068e-09
4222,0.0001111111528,4.629633101e-09,0.0001111111528,4.629633101e-09
4223,0.0001944445174,8.487660686e-09,0.0001944445174,8.487660686e-09
4224,5.555557639e-05,3.086422068e-09,5.555557639e-05,3.086422068e-09
4225,8.333336458e-05,3.858027585e-09,8.333336458e-05,3.858027585e-09
4226,0,0,0,0
4227,0.0001666667292,9.259266203e-09,0.0001666667292,9.259266203e-09
4228,0.0001111111528,4.629633101e-09,0.0001111111528,4.629633101e-09
4229,2.777778819e-05,7.716055169e-10,2.777778819e-05,7.716055169e-10
4230,5.555557639e-05,3.086422068e-09,5.555557639e-05,3.086422068e-09
4231,5.555557639e-05,3.086422068e-09,5.555557639e-05,3.086422068e-09
4232,5.555557639e-05,3.086422068e-09,5.555557639e-05,3.086422068e-09
4233,0.0001111111528,6.172844135e-09,0.0001111111528,6.172844135e-09
4234,5.555557639e-05,3.086422068e-09,5.555557639e-05,3.086422068e-09
4235,0.0002222223056,1.080247724e-08,0.0002222223056,1.080247724e-08
4236,0.0001944445174,8.487660686e-09,0.0001944445174,8.487660686e-09
4237,0.0001481482037,8.058990955e-09,0.0001481482037,8.058990955e-09
4238,2.777778819e-05,7.716055169e-10,2.777778819e-05,7.716055169e-10
4239,0.000138888941,6.944449652e-09,0.000138888941,6.944449652e-09
4240,2.777778819e-05,7.716055169e-10,2.777778819e-05,7.716055169e-10
4241,5.55555764e-05,1.543211034e-09,5.55555764e-05,1.543211034e-09
4242,0.000138888941,6.944449652e-09,0.000138888941,6.944449652e-09
4243,0.0001111111528,4.629633101e-09,0.0001111111528,4.629633101e-09
4244,0.000138888941,5.401238619e-09,0.000138888941,5.401238619e-09
4245,0.0001111111528,4.629633101e-09,0.0001111111528,4.629633101e-09
4246,5.555557639e-05,3.086422068e-09,5.555557639e-05,3.086422068e-09
4247,8.333336458e-05,2.314816551e-09,8.333336458e-05,2.314816551e-09
4248,8.333336458e-05,3.858027585e-09,8.333336458e-05,3.858027585e-09
4249,0.0001944445174,8.487660686e-09,0.0001944445174,8.487660686e-09
4250,6.944447048e-05,2.50771793e-09,6.944447048e-05,2.50771793e-09
4251,0.0001111111528,4.629633101e-09,0.0001111111528,4.629633101e-09
4252,0.000138888941,6.944449652e-09,0.000138888941,6.944449652e-09
4253,8.333336458e-05,3.858027585e-09,8.333336458e-05,3.858027585e-09
4254,0.0001111111528,6.172844135e-09,0.0001111111528,6.172844135e-09
4255,0.0001111111528,6.172844135e-09,0.0001111111528,6.172844135e-09
4256,5.555557639e-05,3.086422068e-09,5.555557639e-05,3.086422068e-09
4257,2.777778819e-05,7.716055169e-10,2.777778819e-05,7.716055169e-10
4258,0.0001111111528,6.172844135e-09,0.0001111111528,6.172844135e-09
4259,0.000138888941,6.944449652e-09,0.000138888941,6.944449652e-09
4260,0.0001111111528,6.172844135e-09,0.0001111111528,6.172844135e-09
4261,0.0002222223055,1.080247724e-08,0.0002222223055,1.080247724e-08
4262,2.777778819e-05,7.716055169e-10,2.777778819e-05,7.716055169e-10
4263,0.0001944445174,8.487660686e-09,0.0001944445174,8.487660686e-09
4264,2.777778819e-05,7.716055169e-10,2.777778819e-05,7.716055169e-10
4265,0.0001111111528,6.172844138e-09,0.0001111111528,6.172844138e-09
4266,5.555557639e-05,1.543211034e-09,5.555557639e-05,1.543211034e-09
4267,0.0001944445174,1.003087172e-08,0.0001944445174,1.003087172e-08
4268,0.0001666667292,9.259266203e-09,0.0001666667292,9.259266203e-09
4269,0.0001666667292,7.716055169e-09,0.0001666667292,7.716055169e-09
4270,8.333336458e-05,2.314816551e-09,8.333336458e-05,2.314816551e-09
4271,0.0001944445174,1.003087172e-08,0.0001944445174,1.003087172e-08
4272,8.333336458e-05,3.858027585e-09,8.333336458e-05,3.858027585e-09
4273,2.777778819e-05,7.716055169e-10,2.777778819e-05,7.716055169e-10
4274,0.0001944445174,8.487660686e-09,0.0001944445174,8.487660686e-09
4275,0.0001111111528,4.629633101e-09,0.0001111111528,4.629633101e-09
4276,0,0,0,0
4277,0.0002500000937,1.157408275e-08,0.0002500000937,1.157408275e-08
4278,0.0001111111528,4.629633101e-09,0.0001111111528,4.629633101e-09
4279,8.33333646e-05,2.314816551e-09,8.33333646e-05,2.314816551e-09
4280,2.777778819e-05,7.716055169e-10,2.777778819e-05,7.716055169e-10
4281,8.333336458e-05,3.858027585e-09,8.333336458e-05,3.858027585e-09
4282,5.555557639e-05,1.543211034e-09,5.555557639e-05,1.543211034e-09
4283,0.000138888941,5.401238619e-09,0.000138888941,5.401238619e-09
4284,3.472223524e-05,1.20563362e-09,3.472223524e-05,1.20563362e-09
4285,0.0001666667292,7.716055169e-09,0.0001666667292,7.716055169e-09
4286,5.555557639e-05,1.543211034e-09,5.555557639e-05,1.543211034e-09
4287,5.555557639e-05,3.086422068e-09,5.555557639e-05,3.086422068e-09
4288,5.555557639e-05,3.086422068e-09,5.555557639e-05,3.086422068e-09
4289,0,0,0,0
4290,0.0002222223056,1.080247724e-08,0.0002222223056,1.080247724e-08
4291,0.0001111111528,6.172844135e-09,0.0001111111528,6.172844135e-09
4292,8.333336458e-05,3.858027585e-09,8.333336458e-05,3.858027585e-09
4293,8.333336458e-05,3.858027585e-09,8.333336458e-05,3.858027585e-09
4294,2.777778819e-05,7.716055169e-10,2.777778819e-05,7.716055169e-10
4295,2.777778819e-05,7.716055169e-10,2.777778819e-05,7.716055169e-10
4296,0.0001666667292,7.716055169e-09,0.0001666667292,7.716055169e-09
4297,0.0002037037801,1.063100934e-08,0.0002037037801,1.063100934e-08
4298,6.944447049e-05,4.822534481e-09,6.944447049e-05,4.822534481e-09
4299,0.0001111111528,4.629633101e-09,0.0001111111528,4.629633101e-09
4300,5.555557639e-05,1.543211034e-09,5.555557639e-05,1.543211034e-09
4301,5.555557639e-05,3.086422068e-09,5.555557639e-05,3.086422068e-09
4302,2.777778819e-05,7.716055169e-10,2.777778819e-05,7.716055169e-10
4303,2.777778819e-05,7.716055169e-10,2.777778819e-05,7.716055169e-10
4304,8.333336458e-05,3.858027585e-09,8.333336458e-05,3.858027585e-09
4305,0.0001944445174,1.003087172e-08,0.0001944445174,1.003087172e-08
4306,0.0002222223056,1.38888993e-08,0.0002222223056,1.38888993e-08
4307,5.555557639e-05,3.086422068e-09,5.555557639e-05,3.086422068e-09
4308,0.000138888941,6.944449655e-09,0.000138888941,6.944449655e-09
4309,8.33333646e-05,2.314816551e-09,8.33333646e-05,2.314816551e-09
4310,0.00010185189,6.258578082e-09,0.00010185189,6.258578082e-09
4311,0.000138888941,6.944449652e-09,0.000138888941,6.944449652e-09
4312,0.0001666667292,7.716055169e-09,0.0001666667292,7.716055169e-09
4313,0.0001666667292,7.716055169e-09,0.0001666667292,7.716055169e-09
4314,5.555557639e-05,3.086422068e-09,5.555557639e-05,3.086422068e-09
4315,2.777778819e-05,7.716055169e-10,2.777778819e-05,7.716055169e-10
4316,0.000138888941,6.944449652e-09,0.000138888941,6.944449652e-09
4317,0.000138888941,6.944449652e-09,0.000138888941,6.944449652e-09
4318,0.0001689815448,7.97861538e-09,0.0001689815448,7.97861538e-09
4319,0.0002314815683,1.191701854e-08,0.0002314815683,1.191701854e-08
4320,0.000138888941,6.944449652e-09,0.000138888941,6.944449652e-09
4321,8.33333646e-05,2.314816551e-09,8.33333646e-05,2.314816551e-09
4322,8.333336458e-05,3.858027585e-09,8.333336458e-05,3.858027585e-09
4323,4.861112933e-05,2.363041895e-09,4.861112933e-05,2.363041895e-09
4324,0.000138888941,6.944449652e-09,0.000138888941,6.944449652e-09
4325,0.000138888941,6.944449652e-09,0.000138888941,6.944449652e-09
4326,0.0001666667292,9.259266203e-09,0.0001666667292,9.259266203e-09
4327,8.333336458e-05,3.858027585e-09,8.333336458e-05,3.858027585e-09
4328,0.000138888941,5.401238618e-09,0.000138888941,5.401238618e-09
4329,2.777778819e-05,7.716055169e-10,2.777778819e-05,7.716055169e-10
4330,8.333336458e-05,3.858027585e-09,8.333336458e-05,3.858027585e-09
4331,0,0,0,0
4332,2.777778819e-05,7.716055169e-10,2.777778819e-05,7.716055169e-10
4333,0.0001666667292,9.259266203e-09,0.0001666667292,9.259266203e-09
4334,8.333336458e-05,2.314816551e-09,8.333336458e-05,2.314816551e-09
4335,0.0002222223056,1.080247724e-08,0.0002222223056,1.080247724e-08
4336,8.333336458e-05,3.858027585e-09,8.333336458e-05,3.858027585e-09
4337,5.55555764e-05,1.543211034e-09,5.55555764e-05,1.543211034e-09
4338,0.0001111111528,4.629633101e-09,0.0001111111528,4.629633101e-09
4339,0,0,0,0
4340,0.0001701389527,7.921012887e-09,0.0001701389527,7.921012887e-09
4341,5.555557639e-05,3.086422068e-09,5.555557639e-05,3.086422068e-09
4342,0.0001111111528,4.629633101e-09,0.0001111111528,4.629633101e-09
4343,8.333336458e-05,3.858027585e-09,8.333336458e-05,3.858027585e-09
4344,0.0001944445174,8.487660686e-09,0.0001944445174,8.487660686e-09
4345,5.555557639e-05,3.086422068e-09,5.555557639e-05,3.086422068e-09
4346,8.333336458e-05,3.858027585e-09,8.333336458e-05,3.858027585e-09
4347,0.0001666667292,7.716055169e-09,0.0001666667292,7.716055169e-09
4348,2.777778819e-05,7.716055169e-10,2.777778819e-05,7.716055169e-10
4349,8.33333646e-05,2.314816551e-09,8.33333646e-05,2.314816551e-09
4350,5.555557639e-05,1.543211034e-09,5.555557639e-05,1.543211034e-09
4351,8.333336458e-05,3.858027585e-09,8.333336458e-05,3.858027585e-09
4352,0.0001111111528,4.629633101e-09,0.0001111111528,4.629633101e-09
4353,0.0001574074664,9.345000149e-09,0.0001574074664,9.345000149e-09
4354,0,0,0,0
4355,0.0001944445174,1.003087172e-08,0.0001944445174,1.003087172e-08
4356,0.0001666667292,9.259266203e-09,0.0001666667292,9.259266203e-09
4357,0.000138888941,6.944449652e-09,0.000138888941,6.944449652e-09
4358,8.33333646e-05,2.314816551e-09,8.33333646e-05,2.314816551e-09
4359,0,0,0,0
4360,5.555557639e-05,3.086422068e-09,5.555557639e-05,3.086422068e-09
4361,0.000138888941,5.401238618e-09,0.000138888941,5.401238618e-09
4362,0.0001666667291,7.716055172e-09,0.0001666667291,7.716055172e-09
4363,0.0001944445174,1.003087172e-08,0.0001944445174,1.003087172e-08
4364,2.777778819e-05,7.716055169e-10,2.777778819e-05,7.716055169e-10
4365,0.0001111111528,6.172844135e-09,0.0001111111528,6.172844135e-09
4366,0,0,0,0
4367,0.0001944445174,1.003087172e-08,0.0001944445174,1.003087172e-08
4368,8.333336458e-05,2.314816551e-09,8.333336458e-05,2.314816551e-09
4369,0.0001944445174,1.003087172e-08,0.0001944445174,1.003087172e-08
4370,8.333336458e-05,3.858027585e-09,8.333336458e-05,3.858027585e-09
4371,2.777778819e-05,7.716055169e-10,2.777778819e-05,7.716055169e-10
4372,5.555557639e-05,1.543211034e-09,5.555557639e-05,1.543211034e-09
4373,0.0001111111528,4.629633102e-09,0.0001111111528,4.629633102e-09
4374,0.0001666667291,7.716055172e-09,0.0001666667291,7.716055172e-09
4375,0.0001111111528,4.629633102e-09,0.0001111111528,4.629633102e-09
4376,8.333336458e-05,3.858027585e-09,8.333336458e-05,3.858027585e-09
4377,0.0001111111528,4.629633101e-09,0.0001111111528,4.629633101e-09
4378,0.0001111111528,6.172844135e-09,0.0001111111528,6.172844135e-09
4379,0.000138888941,6.944449652e-09,0.000138888941,6.944449652e-09
4380,6.111113403e-05,1.882717461e-09,6.111113403e-05,1.882717461e-09
4381,0.000138888941,6.944449652e-09,0.000138888941,6.944449652e-09
4382,5.555557639e-05,1.543211034e-09,5.555557639e-05,1.543211034e-09
4383,8.333336458e-05,3.858027585e-09,8.333336458e-05,3.858027585e-09
4384,2.777778819e-05,7.716055169e-10,2.777778819e-05,7.716055169e-10
4385,0.0002638889878,1.099537862e-08,0.0002638889878,1.099537862e-08
4386,2.777778819e-05,7.716055169e-10,2.777778819e-05,7.716055169e-10
4387,5.555557639e-05,1.543211034e-09,5.555557639e-05,1.543211034e-09
4388,8.333336458e-05,2.314816551e-09,8.333336458e-05,2.314816551e-09
4389,0.000138888941,6.944449655e-09,0.000138888941,6.944449655e-09
4390,0.000138888941,5.401238618e-09,0.000138888941,5.401238618e-09
4391,0.000138888941,3.858027585e-09,0.000138888941,3.858027585e-09
4392,3.703705093e-05,1.371743141e-09,3.703705093e-05,1.371743141e-09
4393,0.000138888941,6.944449655e-09,0.000138888941,6.944449655e-09
4394,0.0001111111528,4.629633101e-09,0.0001111111528,4.629633101e-09
4395,0,0,0,0
4396,0.0001944445174,6.944449652e-09,0.0001944445174,6.944449652e-09
4397,0.0001527778351,8.680562066e-09,0.0001527778351,8.680562066e-09
4398,5.555557639e-05,1.543211034e-09,5.555557639e-05,1.543211034e-09
4399,0.0001111111528,4.629633101e-09,0.0001111111528,4.629633101e-09
4400,0.0001944445174,8.487660686e-09,0.0001944445174,8.487660686e-09
4401,0.0001111111528,4.629633102e-09,0.0001111111528,4.629633102e-09
4402,8.333336458e-05,3.858027585e-09,8.333336458e-05,3.858027585e-09
4403,0.000138888941,6.944449652e-09,0.000138888941,6.944449652e-09
4404,8.333336458e-05,3.858027585e-09,8.333336458e-05,3.858027585e-09
4405,0.0001944445174,1.003087172e-08,0.0001944445174,1.003087172e-08
4406,0.0001111111528,4.629633101e-09,0.0001111111528,4.629633101e-09
4407,5.555557639e-05,1.543211034e-09,5.555557639e-05,1.543211034e-09
4408,5.555557639e-05,3.086422068e-09,5.555557639e-05,3.086422068e-09
4409,2.777778819e-05,7.716055169e-10,2.777778819e-05,7.716055169e-10
4410,8.333336458e-05,3.858027585e-09,8.333336458e-05,3.858027585e-09
4411,8.333336458e-05,3.858027585e-09,8.333336458e-05,3.858027585e-09
4412,0.0002500000937,1.929013792e-08,0.0002500000937,1.929013792e-08
4413,0.0001666667292,7.716055169e-09,0.0001666667292,7.716055169e-09
4414,0.0002222223055,9.259266203e-09,0.0002222223055,9.259266203e-09
4415,5.555557639e-05,1.543211034e-09,5.555557639e-05,1.543211034e-09
4416,5.555557639e-05,3.086422068e-09,5.555557639e-05,3.086422068e-09
4417,0.0002222223055,1.234568827e-08,0.0002222223055,1.234568827e-08
4418,8.333336458e-05,3.858027585e-09,8.333336458e-05,3.858027585e-09
4419,2.777778819e-05,7.716055169e-10,2.777778819e-05,7.716055169e-10
4420,2.777778819e-05,7.716055169e-10,2.777778819e-05,7.716055169e-10
4421,8.33333646e-05,2.314816551e-09,8.33333646e-05,2.314816551e-09
4422,5.555557639e-05,3.086422068e-09,5.555557639e-05,3.086422068e-09
4423,2.777778819e-05,7.716055169e-10,2.777778819e-05,7.716055169e-10
4424,5.555557639e-05,1.543211034e-09,5.555557639e-05,1.543211034e-09
4425,8.333336458e-05,3.858027585e-09,8.333336458e-05,3.858027585e-09
4426,0,0,0,0
4427,0.000138888941,6.944449652e-09,0.000138888941,6.944449652e-09
4428,0.0002129630428,1.243142222e-08,0.0002129630428,1.243142222e-08
4429,8.333336458e-05,3.858027585e-09,8.333336458e-05,3.858027585e-09
4430,0,0,0,0
4431,5.555557639e-05,1.543211034e-09,5.555557639e-05,1.543211034e-09
4432,8.33333646e-05,2.314816551e-09,8.33333646e-05,2.314816551e-09
4433,5.555557639e-05,3.086422068e-09,5.555557639e-05,3.086422068e-09
4434,0.0002500000937,1.157408276e-08,0.0002500000937,1.157408276e-08
4435,0.0001944445173,1.003087172e-08,0.0001944445173,1.003087172e-08
4436,0.0001666667292,7.716055169e-09,0.0001666667292,7.716055169e-09
4437,0.0002013889644,1.200811086e-08,0.0002013889644,1.200811086e-08
4438,0.0001666667292,7.716055169e-09,0.0001666667292,7.716055169e-09
4439,0.0001805556233,9.452167583e-09,0.0001805556233,9.452167583e-09
4440,5.555557639e-05,3.086422068e-09,5.555557639e-05,3.086422068e-09
4441,0.0001666667292,9.259266203e-09,0.0001666667292,9.259266203e-09
4442,2.777778819e-05,7.716055169e-10,2.777778819e-05,7.716055169e-10
4443,0.000138888941,5.401238619e-09,0.000138888941,5.401238619e-09
4444,0.0001944445174,8.487660686e-09,0.0001944445174,8.487660686e-09
4445,8.333336458e-05,3.858027585e-09,8.333336458e-05,3.858027585e-09
4446,8.33333646e-05,2.314816551e-09,8.33333646e-05,2.314816551e-09
4447,0.0001111111528,6.172844135e-09,0.0001111111528,6.172844135e-09
4448,8.333336458e-05,3.858027585e-09,8.333336458e-05,3.858027585e-09
4449,2.777778819e-05,7.716055169e-10,2.777778819e-05,7.716055169e-10
4450,8.33333646e-05,2.314816551e-09,8.33333646e-05,2.314816551e-09
4451,0.0001444444986,7.28395608e-09,0.0001444444986,7.28395608e-09
4452,0.0002314815683,8.316192794e-09,0.0002314815683,8.316192794e-09
4453,2.777778819e-05,7.716055169e-10,2.777778819e-05,7.716055169e-10
4454,2.777778819e-05,7.716055169e-10,2.777778819e-05,7.716055169e-10
4455,0,0,0,0
4456,0.0001666667291,1.38888993e-08,0.0001666667291,1.38888993e-08
4457,0.000138888941,6.944449652e-09,0.000138888941,6.944449652e-09
4458,0.0001666667292,7.716055169e-09,0.0001666667292,7.716055169e-09
4459,2.777778819e-05,7.716055169e-10,2.777778819e-05,7.716055169e-10
4460,8.333336458e-05,3.858027585e-09,8.333336458e-05,3.858027585e-09
4461,8.333336458e-05,3.858027585e-09,8.333336458e-05,3.858027585e-09
4462,0,0,0,0
4463,2.777778819e-05,7.716055169e-10,2.777778819e-05,7.716055169e-10
4464,0.0001944445173,1.003087172e-08,0.0001944445173,1.003087172e-08
4465,0.0001111111528,6.172844135e-09,0.0001111111528,6.172844135e-09
4466,5.555557639e-05,3.086422068e-09,5.555557639e-05,3.086422068e-09
4467,0.0001759259919,6.77298176e-09,0.0001759259919,6.77298176e-09
4468,0.0001666667291,9.259266205e-09,0.0001666667291,9.259266205e-09
4469,5.555557639e-05,1.543211034e-09,5.555557639e-05,1.543211034e-09
4470,5.555557639e-05,3.086422068e-09,5.555557639e-05,3.086422068e-09
4471,2.777778819e-05,7.716055169e-10,2.777778819e-05,7.716055169e-10
4472,8.333336458e-05,2.314816551e-09,8.333336458e-05,2.314816551e-09
4473,0,0,0,0
4474,0,0,0,0
4475,0.000284722329,1.470873017e-08,0.000284722329,1.470873017e-08
4476,0.0001666667292,7.716055169e-09,0.0001666667292,7.716055169e-09
4477,0.0002824075133,1.416753463e-08,0.0002824075133,1.416753463e-08
4478,0.0001111111528,4.629633101e-09,0.0001111111528,4.629633101e-09
4479,9.027781163e-05,4.292055688e-09,9.027781163e-05,4.292055688e-09
4480,0,0,0,0
4481,2.777778819e-05,7.716055169e-10,2.777778819e-05,7.716055169e-10
4482,8.333336458e-05,3.858027585e-09,8.333336458e-05,3.858027585e-09
4483,0,0,0,0
4484,0.00010185189,6.258578082e-09,0.00010185189,6.258578082e-09
4485,0.0001111111528,6.172844135e-09,0.0001111111528,6.172844135e-09
4486,5.555557639e-05,3.086422068e-09,5.555557639e-05,3.086422068e-09
4487,2.777778819e-05,7.716055169e-10,2.777778819e-05,7.716055169e-10
4488,5.555557639e-05,1.543211034e-09,5.555557639e-05,1.543211034e-09
4489,5.555557639e-05,3.086422068e-09,5.555557639e-05,3.086422068e-09
4490,6.34920873e-05,2.047116678e-09,6.34920873e-05,2.047116678e-09
4491,0.0001111111528,4.629633101e-09,0.0001111111528,4.629633101e-09
4492,5.555557639e-05,3.086422068e-09,5.555557639e-05,3.086422068e-09
4493,5.555557639e-05,3.086422068e-09,5.555557639e-05,3.086422068e-09
4494,6.944447048e-05,2.50771793e-09,6.944447048e-05,2.50771793e-09
4495,0.000138888941,5.401238618e-09,0.000138888941,5.401238618e-09
4496,5.555557639e-05,1.543211034e-09,5.555557639e-05,1.543211034e-09
4497,8.333336458e-05,3.858027585e-09,8.333336458e-05,3.858027585e-09
4498,0.0001944445174,1.003087172e-08,0.0001944445174,1.003087172e-08
4499,0.000138888941,5.401238618e-09,0.000138888941,5.401238618e-09
4500,8.333336458e-05,3.858027585e-09,8.333336458e-05,3.858027585e-09
4501,8.333336458e-05,2.314816551e-09,8.333336458e-05,2.314816551e-09
4502,0.0001512346246,6.239526094e-09,0.0001512346246,6.239526094e-09
4503,8.333336458e-05,3.858027585e-09,8.333336458e-05,3.858027585e-09
4504,5.555557639e-05,1.543211034e-09,5.555557639e-05,1.543211034e-09
4505,0,0,0,0
4506,5.555557639e-05,3.086422068e-09,5.555557639e-05,3.086422068e-09
4507,0.0001666667292,6.172844135e-09,0.0001666667292,6.172844135e-09
4508,8.333336458e-05,3.858027585e-09,8.333336458e-05,3.858027585e-09
4509,0.0001944445174,1.003087172e-08,0.0001944445174,1.003087172e-08
4510,0,0,0,0
4511,0,0,0,0
4512,5.555557639e-05,1.543211034e-09,5.555557639e-05,1.543211034e-09
4513,2.777778819e-05,7.716055169e-10,2.777778819e-05,7.716055169e-10
4514,8.333336458e-05,3.858027585e-09,8.333336458e-05,3.858027585e-09
4515,0,0,0,0
4516,8.333336458e-05,3.858027585e-09,8.333336458e-05,3.858027585e-09
4517,0,0,0,0
4518,8.333336458e-05,3.858027585e-09,8.333336458e-05,3.858027585e-09
4519,5.555557639e-05,1.543211034e-09,5.555557639e-05,1.543211034e-09
4520,5.555557639e-05,3.086422068e-09,5.555557639e-05,3.086422068e-09
4521,0.0002500000937,1.311729379e-08,0.0002500000937,1.311729379e-08
4522,0,0,0,0
4523,0.000138888941,6.944449652e-09,0.000138888941,6.944449652e-09
4524,0.0001666667292,7.716055169e-09,0.0001666667292,7.716055169e-09
4525,0.0001111111528,4.629633101e-09,0.0001111111528,4.629633101e-09
4526,0.000138888941,6.944449652e-09,0.000138888941,6.944449652e-09
4527,0.0001111111528,4.629633101e-09,0.0001111111528,4.629633101e-09
4528,0,0,0,0
4529,0.0003134921811,1.714853894e-08,0.0003134921811,1.714853894e-08
4530,0.000138888941,6.944449652e-09,0.000138888941,6.944449652e-09
4531,0.0002222223056,9.259266203e-09,0.0002222223056,9.259266203e-09
4532,0.0001666667292,9.259266203e-09,0.0001666667292,9.259266203e-09
4533,5.555557639e-05,1.543211034e-09,5.555557639e-05,1.543211034e-09
4534,0.0001111111528,6.172844135e-09,0.0001111111528,6.172844135e-09
4535,0.0001157407842,3.365057393e-09,0.0001157407842,3.365057393e-09
4536,0.0001111111528,4.629633101e-09,0.0001111111528,4.629633101e-09
4537,8.333336458e-05,3.858027585e-09,8.333336458e-05,3.858027585e-09
4538,6.944447049e-05,4.822534481e-09,6.944447049e-05,4.822534481e-09
4539,0.0001111111528,3.086422068e-09,0.0001111111528,3.086422068e-09
4540,5.555557639e-05,1.543211034e-09,5.555557639e-05,1.543211034e-09
4541,2.777778819e-05,7.716055169e-10,2.777778819e-05,7.716055169e-10
4542,8.333336458e-05,3.858027585e-09,8.333336458e-05,3.858027585e-09
4543,5.555557639e-05,3.086422068e-09,5.555557639e-05,3.086422068e-09
4544,0,0,0,0
4545,0.000138888941,5.401238618e-09,0.000138888941,5.401238618e-09
4546,8.333336458e-05,3.858027585e-09,8.333336458e-05,3.858027585e-09
4547,8.333336458e-05,3.858027585e-09,8.333336458e-05,3.858027585e-09
4548,2.777778819e-05,7.716055169e-10,2.777778819e-05,7.716055169e-10
4549,0,0,0,0
4550,0,0,0,0
4551,8.333336458e-05,3.858027585e-09,8.333336458e-05,3.858027585e-09
4552,0,0,0,0
4553,0.0002222223056,1.080247724e-08,0.0002222223056,1.080247724e-08
4554,8.333336458e-05,3.858027585e-09,8.333336458e-05,3.858027585e-09
4555,8.333336458e-05,3.858027585e-09,8.333336458e-05,3.858027585e-09
4556,0.0001111111528,6.172844135e-09,0.0001111111528,6.172844135e-09
4557,0.0002592593565,1.217422038e-08,0.0002592593565,1.217422038e-08
4558,5.555557639e-05,3.086422068e-09,5.555557639e-05,3.086422068e-09
4559,0.0001851852546,1.011660567e-08,0.0001851852546,1.011660567e-08
4560,5.555557639e-05,3.086422068e-09,5.555557639e-05,3.086422068e-09
4561,6.944447048e-05,2.50771793e-09,6.944447048e-05,2.50771793e-09
4562,5.555557639e-05,3.086422068e-09,5.555557639e-05,3.086422068e-09
4563,2.777778819e-05,7.716055169e-10,2.777778819e-05,7.716055169e-10
4564,0.000138888941,6.944449652e-09,0.000138888941,6.944449652e-09
4565,8.333336458e-05,2.314816551e-09,8.333336458e-05,2.314816551e-09
4566,0.0002777778819,1.234568827e-08,0.0002777778819,1.234568827e-08
4567,0,0,0,0
4568,6.944447049e-05,4.822534481e-09,6.944447049e-05,4.822534481e-09
4569,2.777778819e-05,7.716055169e-10,2.777778819e-05,7.716055169e-10
4570,0,0,0,0
4571,5.555557639e-05,1.543211034e-09,5.555557639e-05,1.543211034e-09
4572,5.555557639e-05,3.086422068e-09,5.555557639e-05,3.086422068e-09
4573,2.777778819e-05,7.716055169e-10,2.777778819e-05,7.716055169e-10
4574,8.33333646e-05,2.314816551e-09,8.33333646e-05,2.314816551e-09
4575,0.0001944445174,8.487660686e-09,0.0001944445174,8.487660686e-09
4576,0.0001111111528,4.629633101e-09,0.0001111111528,4.629633101e-09
4577,0.000138888941,6.944449655e-09,0.000138888941,6.944449655e-09
4578,8.333336458e-05,2.314816551e-09,8.333336458e-05,2.314816551e-09
4579,0.0001666667292,4.629633101e-09,0.0001666667292,4.629633101e-09
4580,8.333336458e-05,3.858027585e-09,8.333336458e-05,3.858027585e-09
4581,8.333336458e-05,3.858027585e-09,8.333336458e-05,3.858027585e-09
4582,0.0001166667104,3.425928495e-09,0.0001166667104,3.425928495e-09
4583,5.555557639e-05,3.086422068e-09,5.555557639e-05,3.086422068e-09
4584,0.0002777778819,1.234568827e-08,0.0002777778819,1.234568827e-08
4585,0.0001111111528,4.629633101e-09,0.0001111111528,4.629633101e-09
4586,5.555557639e-05,3.086422068e-09,5.555557639e-05,3.086422068e-09
4587,5.555557639e-05,1.543211034e-09,5.555557639e-05,1.543211034e-09
4588,8.333336458e-05,3.858027585e-09,8.333336458e-05,3.858027585e-09
4589,2.777778819e-05,7.716055169e-10,2.777778819e-05,7.716055169e-10
4590,2.777778819e-05,7.716055169e-10,2.777778819e-05,7.716055169e-10
4591,8.333336458e-05,3.858027585e-09,8.333336458e-05,3.858027585e-09
4592,0.0001222222681,7.530869846e-09,0.0001222222681,7.530869846e-09
4593,0.0003148149328,1.371743141e-08,0.0003148149328,1.371743141e-08
4594,0.0001111111528,6.172844138e-09,0.0001111111528,6.172844138e-09
4595,8.333336458e-05,3.858027585e-09,8.333336458e-05,3.858027585e-09
4596,2.777778819e-05,7.716055169e-10,2.777778819e-05,7.716055169e-10
4597,0.0001111111528,4.629633101e-09,0.0001111111528,4.629633101e-09
4598,0,0,0,0
4599,0,0,0,0
4600,0.0001111111528,6.172844135e-09,0.0001111111528,6.172844135e-09
4601,5.555557639e-05,1.543211034e-09,5.555557639e-05,1.543211034e-09
4602,0.000138888941,5.401238619e-09,0.000138888941,5.401238619e-09
4603,0.0001944445174,8.487660686e-09,0.0001944445174,8.487660686e-09
4604,0.0001111111528,4.629633101e-09,0.0001111111528,4.629633101e-09
4605,2.777778819e-05,7.716055169e-10,2.777778819e-05,7.716055169e-10
4606,5.55555764e-05,1.543211034e-09,5.55555764e-05,1.543211034e-09
4607,0.0001944445174,1.003087172e-08,0.0001944445174,1.003087172e-08
4608,0,0,0,0
4609,0.0001111111528,4.629633101e-09,0.0001111111528,4.629633101e-09
4610,5.555557639e-05,3.086422068e-09,5.555557639e-05,3.086422068e-09
4611,8.333336458e-05,3.858027585e-09,8.333336458e-05,3.858027585e-09
4612,8.333336458e-05,3.858027585e-09,8.333336458e-05,3.858027585e-09
4613,2.777778819e-05,7.716055169e-10,2.777778819e-05,7.716055169e-10
4614,5.555557639e-05,3.086422068e-09,5.555557639e-05,3.086422068e-09
4615,2.777778819e-05,7.716055169e-10,2.777778819e-05,7.716055169e-10
4616,5.555557639e-05,3.086422068e-09,5.555557639e-05,3.086422068e-09
4617,8.333336458e-05,3.858027585e-09,8.333336458e-05,3.858027585e-09
4618,2.777778819e-05,7.716055169e-10,2.777778819e-05,7.716055169e-10
4619,0.000138888941,6.944449652e-09,0.000138888941,6.944449652e-09
4620,5.555557639e-05,1.543211034e-09,5.555557639e-05,1.543211034e-09
4621,0.0001944445174,8.487660686e-09,0.0001944445174,8.487660686e-09
4622,8.333336458e-05,3.858027585e-09,8.333336458e-05,3.858027585e-09
4623,2.777778819e-05,7.716055169e-10,2.777778819e-05,7.716055169e-10
4624,8.333336458e-05,3.858027585e-09,8.333336458e-05,3.858027585e-09
4625,0,0,0,0
4626,8.333336458e-05,3.858027585e-09,8.333336458e-05,3.858027585e-09
4627,0.0001180555998,5.063661205e-09,0.0001180555998,5.063661205e-09
4628,0.0001666667291,7.716055172e-09,0.0001666667291,7.716055172e-09
4629,5.555557639e-05,3.086422068e-09,5.555557639e-05,3.086422068e-09
4630,2.777778819e-05,7.716055169e-10,2.777778819e-05,7.716055169e-10
4631,5.555557639e-05,1.543211034e-09,5.555557639e-05,1.543211034e-09
4632,8.333336458e-05,3.858027585e-09,8.333336458e-05,3.858027585e-09
4633,0.0001759259919,8.316192793e-09,0.0001759259919,8.316192793e-09
4634,2.777778819e-05,7.716055169e-10,2.777778819e-05,7.716055169e-10
4635,8.333336458e-05,3.858027585e-09,8.333336458e-05,3.858027585e-09
4636,8.333336458e-05,2.314816551e-09,8.333336458e-05,2.314816551e-09
4637,8.333336458e-05,3.858027585e-09,8.333336458e-05,3.858027585e-09
4638,0.000138888941,6.944449652e-09,0.000138888941,6.944449652e-09
4639,5.555557639e-05,1.543211034e-09,5.555557639e-05,1.543211034e-09
4640,0.0001111111528,6.172844135e-09,0.0001111111528,6.172844135e-09
4641,0.0001111111528,3.086422068e-09,0.0001111111528,3.086422068e-09
4642,0.0001111111528,6.172844135e-09,0.0001111111528,6.172844135e-09
4643,0.0001111111528,6.172844138e-09,0.0001111111528,6.172844138e-09
4644,0.0001111111528,4.629633101e-09,0.0001111111528,4.629633101e-09
4645,5.555557639e-05,3.086422068e-09,5.555557639e-05,3.086422068e-09
4646,2.777778819e-05,7.716055169e-10,2.777778819e-05,7.716055169e-10
4647,5.55555764e-05,1.543211034e-09,5.55555764e-05,1.543211034e-09
4648,5.555557639e-05,1.543211034e-09,5.555557639e-05,1.543211034e-09
4649,0,0,0,0
4650,0,0,0,0
4651,5.555557639e-05,3.086422068e-09,5.555557639e-05,3.086422068e-09
4652,0,0,0,0
4653,0.0001111111528,6.172844135e-09,0.0001111111528,6.172844135e-09
4654,0.0001111111528,6.172844135e-09,0.0001111111528,6.172844135e-09
4655,0.000138888941,5.401238619e-09,0.000138888941,5.401238619e-09
4656,0.000138888941,6.944449655e-09,0.000138888941,6.944449655e-09
4657,2.777778819e-05,7.716055169e-10,2.777778819e-05,7.716055169e-10
4658,0.000138888941,6.944449652e-09,0.000138888941,6.944449652e-09
4659,0.0002222223056,1.234568827e-08,0.0002222223056,1.234568827e-08
4660,5.555557639e-05,3.086422068e-09,5.555557639e-05,3.086422068e-09
4661,5.555557639e-05,3.086422068e-09,5.555557639e-05,3.086422068e-09
4662,5.555557639e-05,3.086422068e-09,5.555557639e-05,3.086422068e-09
4663,0.000138888941,6.944449652e-09,0.000138888941,6.944449652e-09
4664,0.0001111111528,4.629633101e-09,0.0001111111528,4.629633101e-09
4665,2.777778819e-05,7.716055169e-10,2.777778819e-05,7.716055169e-10
4666,0.0001111111528,4.629633101e-09,0.0001111111528,4.629633101e-09
4667,0.0001666667292,7.716055169e-09,0.0001666667292,7.716055169e-09
4668,2.777778819e-05,7.716055169e-10,2.777778819e-05,7.716055169e-10
4669,0,0,0,0
4670,0.0001666667291,7.716055172e-09,0.0001666667291,7.716055172e-09
4671,8.333336458e-05,3.858027585e-09,8.333336458e-05,3.858027585e-09
4672,0,0,0,0
4673,0,0,0,0
4674,0.0001666667292,6.172844135e-09,0.0001666667292,6.172844135e-09
4675,5.555557639e-05,3.086422068e-09,5.555557639e-05,3.086422068e-09
4676,0.0001944445174,1.003087172e-08,0.0001944445174,1.003087172e-08
4677,0.0001944445174,1.003087172e-08,0.0001944445174,1.003087172e-08
4678,2.777778819e-05,7.716055169e-10,2.777778819e-05,7.716055169e-10
4679,0.0001944445173,1.003087172e-08,0.0001944445173,1.003087172e-08
4680,5.555557639e-05,3.086422068e-09,5.555557639e-05,3.086422068e-09
4681,8.333336458e-05,3.858027585e-09,8.333336458e-05,3.858027585e-09
4682,0.0001666667292,9.259266203e-09,0.0001666667292,9.259266203e-09
4683,0,0,0,0
4684,0.0001666667291,9.259266205e-09,0.0001666667291,9.259266205e-09
4685,0.0001736111762,1.007909706e-08,0.0001736111762,1.007909706e-08
4686,5.555557639e-05,3.086422068e-09,5.555557639e-05,3.086422068e-09
4687,0.0001666667292,7.716055169e-09,0.0001666667292,7.716055169e-09
4688,0.000138888941,6.944449652e-09,0.000138888941,6.944449652e-09
4689,0,0,0,0
4690,8.333336458e-05,2.314816551e-09,8.333336458e-05,2.314816551e-09
4691,0.0001111111528,4.629633101e-09,0.0001111111528,4.629633101e-09
4692,5.555557639e-05,3.086422068e-09,5.555557639e-05,3.086422068e-09
4693,0,0,0,0
4694,8.333336458e-05,3.858027585e-09,8.333336458e-05,3.858027585e-09
4695,0.0001111111528,6.172844135e-09,0.0001111111528,6.172844135e-09
4696,8.333336458e-05,3.858027585e-09,8.333336458e-05,3.858027585e-09
4697,0,0,0,0
4698,5.555557639e-05,3.086422068e-09,5.555557639e-05,3.086422068e-09
4699,8.333336458e-05,3.858027585e-09,8.333336458e-05,3.858027585e-09
4700,5.555557639e-05,1.543211034e-09,5.555557639e-05,1.543211034e-09
4701,0.000138888941,6.944449652e-09,0.000138888941,6.944449652e-09
4702,0.0001666667291,7.716055172e-09,0.0001666667291,7.716055172e-09
4703,0.000138888941,6.944449655e-09,0.000138888941,6.944449655e-09
4704,8.333336458e-05,3.858027585e-09,8.333336458e-05,3.858027585e-09
4705,2.777778819e-05,7.716055169e-10,2.777778819e-05,7.716055169e-10
4706,0.000138888941,6.944449652e-09,0.000138888941,6.944449652e-09
4707,0.0001722222868,6.512350563e-09,0.0001722222868,6.512350563e-09
4708,5.555557639e-05,3.086422068e-09,5.555557639e-05,3.086422068e-09
4709,0.0001111111528,3.086422068e-09,0.0001111111528,3.086422068e-09
4710,0.0001111111528,4.629633101e-09,0.0001111111528,4.629633101e-09
4711,5.555557639e-05,3.086422068e-09,5.555557639e-05,3.086422068e-09
4712,0.0001944445174,1.003087172e-08,0.0001944445174,1.003087172e-08
4713,0.0001111111528,6.172844135e-09,0.0001111111528,6.172844135e-09
4714,8.333336458e-05,3.858027585e-09,8.333336458e-05,3.858027585e-09
4715,2.777778819e-05,7.716055169e-10,2.777778819e-05,7.716055169e-10
4716,0.0001111111528,6.172844135e-09,0.0001111111528,6.172844135e-09
4717,0.0002222223055,9.259266205e-09,0.0002222223055,9.259266205e-09
4718,0.000138888941,6.944449652e-09,0.000138888941,6.944449652e-09
4719,0.0001944445173,1.003087172e-08,0.0001944445173,1.003087172e-08
4720,5.555557639e-05,3.086422068e-09,5.555557639e-05,3.086422068e-09
4721,0.0001944445174,6.944449652e-09,0.0001944445174,6.944449652e-09
4722,0.0001111111528,4.629633101e-09,0.0001111111528,4.629633101e-09
4723,2.777778819e-05,7.716055169e-10,2.777778819e-05,7.716055169e-10
4724,0.0001666667292,9.259266203e-09,0.0001666667292,9.259266203e-09
4725,2.777778819e-05,7.716055169e-10,2.777778819e-05,7.716055169e-10
4726,8.333336458e-05,3.858027585e-09,8.333336458e-05,3.858027585e-09
4727,8.333336458e-05,3.858027585e-09,8.333336458e-05,3.858027585e-09
4728,5.555557639e-05,3.086422068e-09,5.555557639e-05,3.086422068e-09
4729,5.555557639e-05,1.543211034e-09,5.555557639e-05,1.543211034e-09
4730,8.333336458e-05,3.858027585e-09,8.333336458e-05,3.858027585e-09
4731,0.0002222223055,1.080247724e-08,0.0002222223055,1.080247724e-08
4732,0.0001111111528,6.172844135e-09,0.0001111111528,6.172844135e-09
4733,0.0001111111528,4.629633101e-09,0.0001111111528,4.629633101e-09
4734,9.444447986e-05,5.216053295e-09,9.444447986e-05,5.216053295e-09
4735,2.777778819e-05,7.716055169e-10,2.777778819e-05,7.716055169e-10
4736,0.0001666667292,7.716055169e-09,0.0001666667292,7.716055169e-09
4737,0.0001111111528,3.086422068e-09,0.0001111111528,3.086422068e-09
4738,2.777778819e-05,7.716055169e-10,2.777778819e-05,7.716055169e-10
4739,0.000138888941,5.401238618e-09,0.000138888941,5.401238618e-09
4740,8.333336458e-05,3.858027585e-09,8.333336458e-05,3.858027585e-09
4741,0.0001111111528,4.629633101e-09,0.0001111111528,4.629633101e-09
4742,0.0001944445174,8.487660686e-09,0.0001944445174,8.487660686e-09
4743,8.333336458e-05,2.314816551e-09,8.333336458e-05,2.314816551e-09
4744,5.555557639e-05,1.543211034e-09,5.555557639e-05,1.543211034e-09
4745,2.777778819e-05,7.716055169e-10,2.777778819e-05,7.716055169e-10
4746,5.55555764e-05,1.543211034e-09,5.55555764e-05,1.543211034e-09
4747,6.944447049e-05,4.822534481e-09,6.944447049e-05,4.822534481e-09
4748,0,0,0,0
4749,8.333336458e-05,3.858027585e-09,8.333336458e-05,3.858027585e-09
4750,0.0001944445174,1.003087172e-08,0.0001944445174,1.003087172e-08
4751,2.777778819e-05,7.716055169e-10,2.777778819e-05,7.716055169e-10
4752,0.0001203704155,7.287385438e-09,0.0001203704155,7.287385438e-09
4753,2.777778819e-05,7.716055169e-10,2.777778819e-05,7.716055169e-10
4754,0,0,0,0
4755,0.0001666667292,7.716055169e-09,0.0001666667292,7.716055169e-09
4756,0.0001111111528,4.629633101e-09,0.0001111111528,4.629633101e-09
4757,5.555557639e-05,3.086422068e-09,5.555557639e-05,3.086422068e-09
4758,5.555557639e-05,1.543211034e-09,5.555557639e-05,1.543211034e-09
4759,8.333336458e-05,2.314816551e-09,8.333336458e-05,2.314816551e-09
4760,0.0001111111528,4.629633101e-09,0.0001111111528,4.629633101e-09
4761,0.0001111111528,6.172844138e-09,0.0001111111528,6.172844138e-09
4762,0.0001145833763,4.834590817e-09,0.0001145833763,4.834590817e-09
4763,0.0001111111528,4.629633101e-09,0.0001111111528,4.629633101e-09
4764,8.333336458e-05,3.858027585e-09,8.333336458e-05,3.858027585e-09
4765,2.777778819e-05,7.716055169e-10,2.777778819e-05,7.716055169e-10
4766,8.333336458e-05,3.858027585e-09,8.333336458e-05,3.858027585e-09
4767,0,0,0,0
4768,0.0002500000937,1.157408276e-08,0.0002500000937,1.157408276e-08
4769,0.0001666667292,6.172844135e-09,0.0001666667292,6.172844135e-09
4770,0.0001111111528,6.172844135e-09,0.0001111111528,6.172844135e-09
4771,0.0001111111528,7.716055171e-09,0.0001111111528,7.716055171e-09
4772,5.555557639e-05,1.543211034e-09,5.555557639e-05,1.543211034e-09
4773,8.333336458e-05,3.858027585e-09,8.333336458e-05,3.858027585e-09
4774,5.555557639e-05,3.086422068e-09,5.555557639e-05,3.086422068e-09
4775,2.777778819e-05,7.716055169e-10,2.777778819e-05,7.716055169e-10
4776,5.555557639e-05,3.086422068e-09,5.555557639e-05,3.086422068e-09
4777,2.777778819e-05,7.716055169e-10,2.777778819e-05,7.716055169e-10
4778,0.0001944445173,1.003087172e-08,0.0001944445173,1.003087172e-08
4779,8.333336458e-05,3.858027585e-09,8.333336458e-05,3.858027585e-09
4780,5.555557639e-05,3.086422068e-09,5.555557639e-05,3.086422068e-09
4781,0.0003333334583,1.697532137e-08,0.0003333334583,1.697532137e-08
4782,2.777778819e-05,7.716055169e-10,2.777778819e-05,7.716055169e-10
4783,8.333336458e-05,2.314816551e-09,8.333336458e-05,2.314816551e-09
4784,0.0003333334583,1.697532137e-08,0.0003333334583,1.697532137e-08
4785,5.555557639e-05,3.086422068e-09,5.555557639e-05,3.086422068e-09
4786,0.0001111111528,6.172844135e-09,0.0001111111528,6.172844135e-09
4787,2.777778819e-05,7.716055169e-10,2.777778819e-05,7.716055169e-10
4788,0.0001805556233,7.137351032e-09,0.0001805556233,7.137351032e-09
4789,8.333336458e-05,3.858027585e-09,8.333336458e-05,3.858027585e-09
4790,2.777778819e-05,7.716055169e-10,2.777778819e-05,7.716055169e-10
4791,8.333336458e-05,3.858027585e-09,8.333336458e-05,3.858027585e-09
4792,8.333336458e-05,3.858027585e-09,8.333336458e-05,3.858027585e-09
4793,0.0001111111528,6.172844138e-09,0.0001111111528,6.172844138e-09
4794,5.555557639e-05,1.543211034e-09,5.555557639e-05,1.543211034e-09
4795,2.777778819e-05,7.716055169e-10,2.777778819e-05,7.716055169e-10
4796,0.0001111111528,4.629633101e-09,0.0001111111528,4.629633101e-09
4797,8.333336458e-05,3.858027585e-09,8.333336458e-05,3.858027585e-09
4798,8.333336458e-05,3.858027585e-09,8.333336458e-05,3.858027585e-09
4799,8.333336458e-05,3.858027585e-09,8.333336458e-05,3.858027585e-09
4800,5.555557639e-05,3.086422068e-09,5.555557639e-05,3.086422068e-09
4801,0.0001666667292,7.716055169e-09,0.0001666667292,7.716055169e-09
4802,0.000138888941,5.401238618e-09,0.000138888941,5.401238618e-09
4803,2.777778819e-05,7.716055169e-10,2.777778819e-05,7.716055169e-10
4804,8.333336458e-05,2.314816551e-09,8.333336458e-05,2.314816551e-09
4805,2.777778819e-05,7.716055169e-10,2.777778819e-05,7.716055169e-10
4806,2.777778819e-05,7.716055169e-10,2.777778819e-05,7.716055169e-10
4807,5.555557639e-05,3.086422068e-09,5.555557639e-05,3.086422068e-09
4808,0.0001666667292,7.716055169e-09,0.0001666667292,7.716055169e-09
4809,0,0,0,0
4810,0.0001666667292,7.716055169e-09,0.0001666667292,7.716055169e-09
4811,8.333336458e-05,3.858027585e-09,8.333336458e-05,3.858027585e-09
4812,0,0,0,0
4813,0,0,0,0
4814,8.333336458e-05,3.858027585e-09,8.333336458e-05,3.858027585e-09
4815,0.000138888941,6.944449652e-09,0.000138888941,6.944449652e-09
4816,5.555557639e-05,3.086422068e-09,5.555557639e-05,3.086422068e-09
4817,2.777778819e-05,7.716055169e-10,2.777778819e-05,7.716055169e-10
4818,0.0001111111528,4.629633101e-09,0.0001111111528,4.629633101e-09
4819,2.777778819e-05,7.716055169e-10,2.777778819e-05,7.716055169e-10
4820,0.0001666667291,9.259266205e-09,0.0001666667291,9.259266205e-09
4821,8.333336458e-05,3.858027585e-09,8.333336458e-05,3.858027585e-09
4822,2.777778819e-05,7.716055169e-10,2.777778819e-05,7.716055169e-10
4823,5.555557639e-05,1.543211034e-09,5.555557639e-05,1.543211034e-09
4824,8.333336458e-05,3.858027585e-09,8.333336458e-05,3.858027585e-09
4825,2.777778819e-05,7.716055169e-10,2.777778819e-05,7.716055169e-10
4826,0.0001111111528,6.172844135e-09,0.0001111111528,6.172844135e-09
4827,5.55555764e-05,1.543211034e-09,5.55555764e-05,1.543211034e-09
4828,5.555557639e-05,3.086422068e-09,5.555557639e-05,3.086422068e-09
4829,0.0003055556701,1.620371586e-08,0.0003055556701,1.620371586e-08
4830,5.555557639e-05,1.543211034e-09,5.555557639e-05,1.543211034e-09
4831,0,0,0,0
4832,0.0001111111528,4.629633101e-09,0.0001111111528,4.629633101e-09
4833,0.0001666667291,7.716055172e-09,0.0001666667291,7.716055172e-09
4834,0.0001666667292,7.716055169e-09,0.0001666667292,7.716055169e-09
4835,0.0002222223056,9.259266203e-09,0.0002222223056,9.259266203e-09
4836,0,0,0,0
4837,0.0001666667292,6.172844135e-09,0.0001666667292,6.172844135e-09
4838,0.000284722329,1.470873017e-08,0.000284722329,1.470873017e-08
4839,8.333336458e-05,3.858027585e-09,8.333336458e-05,3.858027585e-09
4840,0.0002500000937,1.311729379e-08,0.0002500000937,1.311729379e-08
4841,0.0002222223055,1.080247724e-08,0.0002222223055,1.080247724e-08
4842,5.555557639e-05,1.543211034e-09,5.555557639e-05,1.543211034e-09
4843,5.555557639e-05,3.086422068e-09,5.555557639e-05,3.086422068e-09
4844,0.0001111111528,6.172844135e-09,0.0001111111528,6.172844135e-09
4845,0,0,0,0
4846,9.583336928e-05,3.088351081e-09,9.583336928e-05,3.088351081e-09
4847,0.0001944445174,8.487660686e-09,0.0001944445174,8.487660686e-09
4848,0.0001111111528,6.172844135e-09,0.0001111111528,6.172844135e-09
4849,0.0001203704155,1.448903693e-08,0.0001203704155,1.448903693e-08
4850,5.55555764e-05,1.543211034e-09,5.55555764e-05,1.543211034e-09
4851,0.0003333334583,1.697532138e-08,0.0003333334583,1.697532138e-08
4852,9.615388221e-05,5.44689575e-09,9.615388221e-05,5.44689575e-09
4853,0.0001111111528,6.172844135e-09,0.0001111111528,6.172844135e-09
4854,8.333336458e-05,3.858027585e-09,8.333336458e-05,3.858027585e-09
4855,0.0001111111528,6.172844135e-09,0.0001111111528,6.172844135e-09
4856,2.777778819e-05,7.716055169e-10,2.777778819e-05,7.716055169e-10
4857,8.333336458e-05,2.314816551e-09,8.333336458e-05,2.314816551e-09
4858,0.0001944445174,1.003087172e-08,0.0001944445174,1.003087172e-08
4859,0,0,0,0
4860,0.0001111111528,6.172844135e-09,0.0001111111528,6.172844135e-09
4861,5.555557639e-05,3.086422068e-09,5.555557639e-05,3.086422068e-09
4862,8.333336458e-05,2.314816551e-09,8.333336458e-05,2.314816551e-09
4863,5.555557639e-05,1.543211034e-09,5.555557639e-05,1.543211034e-09
4864,0,0,0,0
4865,5.555557639e-05,3.086422068e-09,5.555557639e-05,3.086422068e-09
4866,8.333336458e-05,3.858027585e-09,8.333336458e-05,3.858027585e-09
4867,0.000138888941,6.944449655e-09,0.000138888941,6.944449655e-09
4868,8.333336458e-05,2.314816551e-09,8.333336458e-05,2.314816551e-09
4869,5.555557639e-05,1.543211034e-09,5.555557639e-05,1.543211034e-09
4870,0.000138888941,6.944449652e-09,0.000138888941,6.944449652e-09
4871,0.000138888941,3.858027585e-09,0.000138888941,3.858027585e-09
4872,0.0001828704389,8.750220896e-09,0.0001828704389,8.750220896e-09
4873,7.407410185e-05,5.486972565e-09,7.407410185e-05,5.486972565e-09
4874,0.0001111111528,4.629633101e-09,0.0001111111528,4.629633101e-09
4875,2.777778819e-05,7.716055169e-10,2.777778819e-05,7.716055169e-10
4876,0.0001111111528,4.629633102e-09,0.0001111111528,4.629633102e-09
4877,6.250002344e-05,1.977239137e-09,6.250002344e-05,1.977239137e-09
4878,6.111113401e-05,1.882717461e-09,6.111113401e-05,1.882717461e-09
4879,0.000138888941,6.944449652e-09,0.000138888941,6.944449652e-09
4880,5.555557639e-05,3.086422068e-09,5.555557639e-05,3.086422068e-09
4881,5.555557639e-05,3.086422068e-09,5.555557639e-05,3.086422068e-09
4882,2.777778819e-05,7.716055169e-10,2.777778819e-05,7.716055169e-10
4883,0,0,0,0
4884,2.777778819e-05,7.716055169e-10,2.777778819e-05,7.716055169e-10
4885,0.000138888941,6.944449652e-09,0.000138888941,6.944449652e-09
4886,0.0002500000937,1.157408275e-08,0.0002500000937,1.157408275e-08
4887,5.555557639e-05,3.086422068e-09,5.555557639e-05,3.086422068e-09
4888,0.0001547619628,8.960072227e-09,0.0001547619628,8.960072227e-09
4889,5.555557639e-05,3.086422068e-09,5.555557639e-05,3.086422068e-09
4890,6.944447049e-05,4.822534481e-09,6.944447049e-05,4.822534481e-09
4891,5.555557639e-05,1.543211034e-09,5.555557639e-05,1.543211034e-09
4892,5.555557639e-05,3.086422068e-09,5.555557639e-05,3.086422068e-09
4893,0.000138888941,6.944449655e-09,0.000138888941,6.944449655e-09
4894,8.333336458e-05,3.858027585e-09,8.333336458e-05,3.858027585e-09
4895,5.55555764e-05,1.543211034e-09,5.55555764e-05,1.543211034e-09
4896,0.000138888941,8.487660688e-09,0.000138888941,8.487660688e-09
4897,8.333336458e-05,3.858027585e-09,8.333336458e-05,3.858027585e-09
4898,0.0001111111528,6.172844135e-09,0.0001111111528,6.172844135e-09
4899,2.777778819e-05,7.716055169e-10,2.777778819e-05,7.716055169e-10
4900,0,0,0,0
4901,2.777778819e-05,7.716055169e-10,2.777778819e-05,7.716055169e-10
4902,0,0,0,0
4903,5.555557639e-05,1.543211034e-09,5.555557639e-05,1.543211034e-09
4904,0.0001111111528,4.629633101e-09,0.0001111111528,4.629633101e-09
4905,0.0001111111528,6.172844135e-09,0.0001111111528,6.172844135e-09
4906,5.555557639e-05,1.543211034e-09,5.555557639e-05,1.543211034e-09
4907,0,0,0,0
4908,0,0,0,0
4909,0,0,0,0
4910,0.0001111111528,6.172844135e-09,0.0001111111528,6.172844135e-09
4911,0.0002222223055,1.234568827e-08,0.0002222223055,1.234568827e-08
4912,0.0002222223055,9.259266203e-09,0.0002222223055,9.259266203e-09
4913,8.333336458e-05,3.858027585e-09,8.333336458e-05,3.858027585e-09
4914,5.555557639e-05,1.543211034e-09,5.555557639e-05,1.543211034e-09
4915,5.555557639e-05,3.086422068e-09,5.555557639e-05,3.086422068e-09
4916,0.0002055556326,1.138889743e-08,0.0002055556326,1.138889743e-08
4917,8.333336458e-05,2.314816551e-09,8.333336458e-05,2.314816551e-09
4918,8.333336458e-05,3.858027585e-09,8.333336458e-05,3.858027585e-09
4919,0.000138888941,5.401238619e-09,0.000138888941,5.401238619e-09
4920,0,0,0,0
4921,8.333336458e-05,3.858027585e-09,8.333336458e-05,3.858027585e-09
4922,5.555557639e-05,3.086422068e-09,5.555557639e-05,3.086422068e-09
4923,0.0001111111528,4.629633101e-09,0.0001111111528,4.629633101e-09
4924,0.000138888941,6.944449655e-09,0.000138888941,6.944449655e-09
4925,5.555557639e-05,3.086422068e-09,5.555557639e-05,3.086422068e-09
4926,0.0001111111528,4.629633102e-09,0.0001111111528,4.629633102e-09
4927,5.555557639e-05,3.086422068e-09,5.555557639e-05,3.086422068e-09
4928,2.777778819e-05,7.716055169e-10,2.777778819e-05,7.716055169e-10
4929,0,0,0,0
4930,0.0001444444986,5.740745046e-09,0.0001444444986,5.740745046e-09
4931,2.777778819e-05,7.716055169e-10,2.777778819e-05,7.716055169e-10
4932,2.777778819e-05,7.716055169e-10,2.777778819e-05,7.716055169e-10
4933,0,0,0,0
4934,0,0,0,0
4935,0.000138888941,6.944449652e-09,0.000138888941,6.944449652e-09
4936,8.333336458e-05,3.858027585e-09,8.333336458e-05,3.858027585e-09
4937,0.0001666667291,7.716055172e-09,0.0001666667291,7.716055172e-09
4938,8.333336458e-05,3.858027585e-09,8.333336458e-05,3.858027585e-09
4939,0,0,0,0
4940,0.0001666667291,9.259266205e-09,0.0001666667291,9.259266205e-09
4941,2.777778819e-05,7.716055169e-10,2.777778819e-05,7.716055169e-10
4942,0,0,0,0
4943,0.0001111111528,4.629633102e-09,0.0001111111528,4.629633102e-09
4944,8.333336458e-05,3.858027585e-09,8.333336458e-05,3.858027585e-09
4945,0.0003148149329,1.577504613e-08,0.0003148149329,1.577504613e-08
4946,2.777778819e-05,7.716055169e-10,2.777778819e-05,7.716055169e-10
4947,0.0001111111528,4.629633101e-09,0.0001111111528,4.629633101e-09
4948,8.333336458e-05,3.858027585e-09,8.333336458e-05,3.858027585e-09
4949,5.555557639e-05,3.086422068e-09,5.555557639e-05,3.086422068e-09
4950,0.0003055556701,1.620371586e-08,0.0003055556701,1.620371586e-08
4951,2.777778819e-05,7.716055169e-10,2.777778819e-05,7.716055169e-10
4952,5.555557639e-05,3.086422068e-09,5.555557639e-05,3.086422068e-09
4953,0.000138888941,6.944449652e-09,0.000138888941,6.944449652e-09
4954,0,0,0,0
4955,0.0001203704155,5.229770725e-09,0.0001203704155,5.229770725e-09
4956,5.555557639e-05,1.543211034e-09,5.555557639e-05,1.543211034e-09
4957,0.000138888941,6.944449652e-09,0.000138888941,6.944449652e-09
4958,2.777778819e-05,7.716055169e-10,2.777778819e-05,7.716055169e-10
4959,0.0001944445174,1.003087172e-08,0.0001944445174,1.003087172e-08
4960,0.0001944445174,1.003087172e-08,0.0001944445174,1.003087172e-08
4961,5.555557639e-05,3.086422068e-09,5.555557639e-05,3.086422068e-09
4962,0,0,0,0
4963,5.555557639e-05,1.543211034e-09,5.555557639e-05,1.543211034e-09
4964,0,0,0,0
4965,0,0,0,0
4966,8.333336458e-05,3.858027585e-09,8.333336458e-05,3.858027585e-09
4967,0.000138888941,5.401238619e-09,0.000138888941,5.401238619e-09
4968,8.333336458e-05,3.858027585e-09,8.333336458e-05,3.858027585e-09
4969,0.0001111111528,4.629633101e-09,0.0001111111528,4.629633101e-09
4970,0.0001111111528,6.172844135e-09,0.0001111111528,6.172844135e-09
4971,0.0001944445174,1.003087172e-08,0.0001944445174,1.003087172e-08
4972,3.240741956e-05,1.050240843e-09,3.240741956e-05,1.050240843e-09
4973,5.555557639e-05,3.086422068e-09,5.555557639e-05,3.086422068e-09
4974,0,0,0,0
4975,0,0,0,0
4976,5.555557639e-05,3.086422068e-09,5.555557639e-05,3.086422068e-09
4977,5.555557639e-05,3.086422068e-09,5.555557639e-05,3.086422068e-09
4978,0,0,0,0
4979,5.555557639e-05,3.086422068e-09,5.555557639e-05,3.086422068e-09
4980,0.0001805556233,9.452167583e-09,0.0001805556233,9.452167583e-09
4981,0,0,0,0
4982,5.555557639e-05,3.086422068e-09,5.555557639e-05,3.086422068e-09
4983,8.333336458e-05,3.858027585e-09,8.333336458e-05,3.858027585e-09
4984,5.555557639e-05,1.543211034e-09,5.555557639e-05,1.543211034e-09
4985,0.0001666667292,7.716055169e-09,0.0001666667292,7.716055169e-09
4986,5.555557639e-05,3.086422068e-09,5.555557639e-05,3.086422068e-09
4987,0.0001759259919,8.316192793e-09,0.0001759259919,8.316192793e-09
4988,5.555557639e-05,3.086422068e-09,5.555557639e-05,3.086422068e-09
4989,5.555557639e-05,3.086422068e-09,5.555557639e-05,3.086422068e-09
4990,0.000138888941,6.944449652e-09,0.000138888941,6.944449652e-09
4991,2.777778819e-05,7.716055169e-10,2.777778819e-05,7.716055169e-10
4992,0.0002500000937,1.311729379e-08,0.0002500000937,1.311729379e-08
4993,8.333336458e-05,3.858027585e-09,8.333336458e-05,3.858027585e-09
4994,2.777778819e-05,7.716055169e-10,2.777778819e-05,7.716055169e-10
4995,0.0001111111528,6.172844135e-09,0.0001111111528,6.172844135e-09
4996,0.0001111111528,4.629633101e-09,0.0001111111528,4.629633101e-09
4997,8.333336458e-05,3.858027585e-09,8.333336458e-05,3.858027585e-09
4998,0,0,0,0
4999,0.0002500000937,1.157408275e-08,0.0002500000937,1.157408275e-08
5000,0.0001111111528,4.629633101e-09,0.0001111111528,4.629633101e-09
5001,2.777778819e-05,7.716055169e-10,2.777778819e-05,7.716055169e-10
5002,8.333336458e-05,3.858027585e-09,8.333336458e-05,3.858027585e-09
5003,0.0002013889644,8.92168879e-09,0.0002013889644,8.92168879e-09
5004,5.555557639e-05,3.086422068e-09,5.555557639e-05,3.086422068e-09
5005,8.333336458e-05,3.858027585e-09,8.333336458e-05,3.858027585e-09
5006,9.027781163e-05,2.748844655e-09,9.027781163e-05,2.748844655e-09
5007,0.0001111111528,4.629633101e-09,0.0001111111528,4.629633101e-09
5008,0.0001666667292,6.172844135e-09,0.0001666667292,6.172844135e-09
5009,0.0001111111528,4.629633101e-09,0.0001111111528,4.629633101e-09
5010,0.000138888941,5.401238618e-09,0.000138888941,5.401238618e-09
5011,2.777778819e-05,7.716055169e-10,2.777778819e-05,7.716055169e-10
5012,5.555557639e-05,1.543211034e-09,5.555557639e-05,1.543211034e-09
5013,8.333336458e-05,3.858027585e-09,8.333336458e-05,3.858027585e-09
5014,8.333336458e-05,3.858027585e-09,8.333336458e-05,3.858027585e-09
5015,5.55555764e-05,1.543211034e-09,5.55555764e-05,1.543211034e-09
5016,5.555557639e-05,3.086422068e-09,5.555557639e-05,3.086422068e-09
5017,0,0,0,0
5018,8.333336458e-05,3.858027585e-09,8.333336458e-05,3.858027585e-09
5019,5.555557639e-05,1.543211034e-09,5.555557639e-05,1.543211034e-09
5020,5.555557639e-05,3.086422068e-09,5.555557639e-05,3.086422068e-09
5021,2.777778819e-05,7.716055169e-10,2.777778819e-05,7.716055169e-10
5022,2.777778819e-05,7.716055169e-10,2.777778819e-05,7.716055169e-10
5023,5.902779991e-05,1.748168749e-09,5.902779991e-05,1.748168749e-09
5024,0.0001944445174,1.003087172e-08,0.0001944445174,1.003087172e-08
5025,0.0001944445173,8.487660688e-09,0.0001944445173,8.487660688e-09
5026,5.555557639e-05,3.086422068e-09,5.555557639e-05,3.086422068e-09
5027,5.555557639e-05,3.086422068e-09,5.555557639e-05,3.086422068e-09
5028,0.0001666667292,1.080247724e-08,0.0001666667292,1.080247724e-08
5029,0.0002500000937,1.311729379e-08,0.0002500000937,1.311729379e-08
5030,0.0001666667292,9.259266203e-09,0.0001666667292,9.259266203e-09
5031,2.777778819e-05,7.716055169e-10,2.777778819e-05,7.716055169e-10
5032,2.976191592e-05,8.857716393e-10,2.976191592e-05,8.857716393e-10
5033,2.777778819e-05,7.716055169e-10,2.777778819e-05,7.716055169e-10
5034,0.0001111111528,6.172844135e-09,0.0001111111528,6.172844135e-09
5035,0.0002222223056,1.388889931e-08,0.0002222223056,1.388889931e-08
5036,5.555557639e-05,3.086422068e-09,5.555557639e-05,3.086422068e-09
5037,8.33333646e-05,2.314816551e-09,8.33333646e-05,2.314816551e-09
5038,0,0,0,0
5039,8.333336458e-05,2.314816551e-09,8.333336458e-05,2.314816551e-09
5040,0.0002037037801,9.602201989e-09,0.0002037037801,9.602201989e-09
5041,0.0001944445174,1.003087172e-08,0.0001944445174,1.003087172e-08
5042,5.55555764e-05,1.543211034e-09,5.55555764e-05,1.543211034e-09
5043,0,0,0,0
5044,0.000138888941,6.944449652e-09,0.000138888941,6.944449652e-09
5045,5.555557639e-05,3.086422068e-09,5.555557639e-05,3.086422068e-09
5046,2.777778819e-05,7.716055169e-10,2.777778819e-05,7.716055169e-10
5047,5.555557639e-05,3.086422068e-09,5.555557639e-05,3.086422068e-09
5048,0.0001111111528,4.629633101e-09,0.0001111111528,4.629633101e-09
5049,0.0001944445174,8.487660686e-09,0.0001944445174,8.487660686e-09
5050,0.000138888941,6.944449652e-09,0.000138888941,6.944449652e-09
5051,8.333336458e-05,3.858027585e-09,8.333336458e-05,3.858027585e-09
5052,8.333336458e-05,2.314816551e-09,8.333336458e-05,2.314816551e-09
5053,0,0,0,0
5054,0,0,0,0
5055,0.0001111111528,4.629633101e-09,0.0001111111528,4.629633101e-09
5056,0.0002833334396,1.453704794e-08,0.0002833334396,1.453704794e-08
5057,0,0,0,0
5058,5.555557639e-05,3.086422068e-09,5.555557639e-05,3.086422068e-09
5059,0.0001111111528,6.172844135e-09,0.0001111111528,6.172844135e-09
5060,0.0001666667292,7.716055169e-09,0.0001666667292,7.716055169e-09
5061,2.777778819e-05,7.716055169e-10,2.777778819e-05,7.716055169e-10
5062,0,0,0,0
5063,0,0,0,0
5064,2.777778819e-05,7.716055169e-10,2.777778819e-05,7.716055169e-10
5065,0.0001111111528,4.629633101e-09,0.0001111111528,4.629633101e-09
5066,0.000138888941,5.401238618e-09,0.000138888941,5.401238618e-09
5067,0.0001180555998,5.063661205e-09,0.0001180555998,5.063661205e-09
5068,8.333336458e-05,3.858027585e-09,8.333336458e-05,3.858027585e-09
5069,0.0001111111528,4.629633102e-09,0.0001111111528,4.629633102e-09
5070,0.0001145833763,4.834590817e-09,0.0001145833763,4.834590817e-09
5071,0.0001111111528,6.172844135e-09,0.0001111111528,6.172844135e-09
5072,0,0,0,0
5073,0.0002222223056,1.080247724e-08,0.0002222223056,1.080247724e-08
5074,8.333336458e-05,3.858027585e-09,8.333336458e-05,3.858027585e-09
5075,0.0001111111528,4.629633101e-09,0.0001111111528,4.629633101e-09
5076,5.555557639e-05,3.086422068e-09,5.555557639e-05,3.086422068e-09
5077,2.777778819e-05,7.716055169e-10,2.777778819e-05,7.716055169e-10
5078,5.555557639e-05,3.086422068e-09,5.555557639e-05,3.086422068e-09
5079,0.0001666667291,9.259266205e-09,0.0001666667291,9.259266205e-09
5080,0,0,0,0
5081,5.555557639e-05,3.086422068e-09,5.555557639e-05,3.086422068e-09
5082,0.000138888941,6.944449652e-09,0.000138888941,6.944449652e-09
5083,0,0,0,0
5084,2.777778819e-05,7.716055169e-10,2.777778819e-05,7.716055169e-10
5085,5.555557639e-05,1.543211034e-09,5.555557639e-05,1.543211034e-09
5086,5.555557639e-05,3.086422068e-09,5.555557639e-05,3.086422068e-09
5087,0.0002777778819,1.388889931e-08,0.0002777778819,1.388889931e-08
5088,5.555557639e-05,1.543211034e-09,5.555557639e-05,1.543211034e-09
5089,2.777778819e-05,7.716055169e-10,2.777778819e-05,7.716055169e-10
5090,8.333336458e-05,2.314816551e-09,8.333336458e-05,2.314816551e-09
5091,8.333336458e-05,3.858027585e-09,8.333336458e-05,3.858027585e-09
5092,8.333336458e-05,3.858027585e-09,8.333336458e-05,3.858027585e-09
5093,0.0001666667292,7.716055169e-09,0.0001666667292,7.716055169e-09
5094,9.25926273e-05,2.914954176e-09,9.25926273e-05,2.914954176e-09
5095,5.555557639e-05,3.086422068e-09,5.555557639e-05,3.086422068e-09
5096,5.555557639e-05,3.086422068e-09,5.555557639e-05,3.086422068e-09
5097,0,0,0,0
5098,0.0002222223056,1.080247724e-08,0.0002222223056,1.080247724e-08
5099,2.777778819e-05,7.716055169e-10,2.777778819e-05,7.716055169e-10
5100,0.0001145833763,3.291379783e-09,0.0001145833763,3.291379783e-09
5101,0.0001111111528,6.172844135e-09,0.0001111111528,6.172844135e-09
5102,5.555557639e-05,3.086422068e-09,5.555557639e-05,3.086422068e-09
5103,0.0001150794082,4.865838872e-09,0.0001150794082,4.865838872e-09
5104,0.0001203704155,5.744174404e-09,0.0001203704155,5.744174404e-09
5105,0.0001180555998,5.063661205e-09,0.0001180555998,5.063661205e-09
5106,5.555557639e-05,1.543211034e-09,5.555557639e-05,1.543211034e-09
5107,2.777778819e-05,7.716055169e-10,2.777778819e-05,7.716055169e-10
5108,2.777778819e-05,7.716055169e-10,2.777778819e-05,7.716055169e-10
5109,0.0001111111528,4.629633101e-09,0.0001111111528,4.629633101e-09
5110,5.555557639e-05,3.086422068e-09,5.555557639e-05,3.086422068e-09
5111,0.0001666667291,9.259266205e-09,0.0001666667291,9.259266205e-09
5112,0.0001111111528,3.086422068e-09,0.0001111111528,3.086422068e-09
5113,0.0001666667292,9.259266203e-09,0.0001666667292,9.259266203e-09
5114,5.555557639e-05,1.543211034e-09,5.555557639e-05,1.543211034e-09
5115,5.555557639e-05,3.086422068e-09,5.555557639e-05,3.086422068e-09
5116,0.0001666667291,7.716055172e-09,0.0001666667291,7.716055172e-09
5117,0,0,0,0
5118,8.333336458e-05,3.858027585e-09,8.333336458e-05,3.858027585e-09
5119,0.000138888941,5.401238618e-09,0.000138888941,5.401238618e-09
5120,2.777778819e-05,7.716055169e-10,2.777778819e-05,7.716055169e-10
5121,8.33333646e-05,2.314816551e-09,8.33333646e-05,2.314816551e-09
5122,0.000138888941,6.944449652e-09,0.000138888941,6.944449652e-09
5123,0.0001666667292,9.259266203e-09,0.0001666667292,9.259266203e-09
5124,0,0,0,0
5125,0,0,0,0
5126,0.0001111111528,4.629633101e-09,0.0001111111528,4.629633101e-09
5127,0.000138888941,6.944449652e-09,0.000138888941,6.944449652e-09
5128,0,0,0,0
5129,8.333336458e-05,3.858027585e-09,8.333336458e-05,3.858027585e-09
5130,0.000138888941,6.944449652e-09,0.000138888941,6.944449652e-09
5131,5.555557639e-05,1.543211034e-09,5.555557639e-05,1.543211034e-09
5132,0.0001111111528,6.172844135e-09,0.0001111111528,6.172844135e-09
5133,0,0,0,0
5134,0.0001666667292,7.716055169e-09,0.0001666667292,7.716055169e-09
5135,2.777778819e-05,7.716055169e-10,2.777778819e-05,7.716055169e-10
5136,8.333336458e-05,3.858027585e-09,8.333336458e-05,3.858027585e-09
5137,8.333336458e-05,3.858027585e-09,8.333336458e-05,3.858027585e-09
5138,0.0002500000937,1.311729379e-08,0.0002500000937,1.311729379e-08
5139,2.777778819e-05,7.716055169e-10,2.777778819e-05,7.716055169e-10
5140,0.000138888941,6.944449652e-09,0.000138888941,6.944449652e-09
5141,5.555557639e-05,3.086422068e-09,5.555557639e-05,3.086422068e-09
5142,5.555557639e-05,3.086422068e-09,5.555557639e-05,3.086422068e-09
5143,0.000138888941,5.401238618e-09,0.000138888941,5.401238618e-09
5144,3.472223524e-05,1.20563362e-09,3.472223524e-05,1.20563362e-09
5145,5.555557639e-05,3.086422068e-09,5.555557639e-05,3.086422068e-09
5146,0.0002500000937,1.311729379e-08,0.0002500000937,1.311729379e-08
5147,2.777778819e-05,7.716055169e-10,2.777778819e-05,7.716055169e-10
5148,0.0001666667292,7.716055172e-09,0.0001666667292,7.716055172e-09
5149,0.0001111111528,6.172844135e-09,0.0001111111528,6.172844135e-09
5150,0.0001111111528,4.629633101e-09,0.0001111111528,4.629633101e-09
5151,8.333336458e-05,3.858027585e-09,8.333336458e-05,3.858027585e-09
5152,0.0001944445174,8.487660686e-09,0.0001944445174,8.487660686e-09
5153,8.33333646e-05,2.314816551e-09,8.33333646e-05,2.314816551e-09
5154,0,0,0,0
5155,8.333336458e-05,3.858027585e-09,8.333336458e-05,3.858027585e-09
5156,5.555557639e-05,3.086422068e-09,5.555557639e-05,3.086422068e-09
5157,0.000138888941,6.944449652e-09,0.000138888941,6.944449652e-09
5158,0.0001481482037,7.544587276e-09,0.0001481482037,7.544587276e-09
5159,0.000138888941,5.401238618e-09,0.000138888941,5.401238618e-09
5160,0,0,0,0
5161,0.0001666667291,9.259266205e-09,0.0001666667291,9.259266205e-09
5162,0.0001111111528,4.629633101e-09,0.0001111111528,4.629633101e-09
5163,5.55555764e-05,1.543211034e-09,5.55555764e-05,1.543211034e-09
5164,0.0001666667292,6.172844135e-09,0.0001666667292,6.172844135e-09
5165,5.55555764e-05,1.543211034e-09,5.55555764e-05,1.543211034e-09
5166,0,0,0,0
5167,0.0001111111528,6.172844135e-09,0.0001111111528,6.172844135e-09
5168,0.000138888941,6.944449652e-09,0.000138888941,6.944449652e-09
5169,5.555557639e-05,3.086422068e-09,5.555557639e-05,3.086422068e-09
5170,8.333336458e-05,3.858027585e-09,8.333336458e-05,3.858027585e-09
5171,2.777778819e-05,7.716055169e-10,2.777778819e-05,7.716055169e-10
5172,0.0001944445174,8.487660686e-09,0.0001944445174,8.487660686e-09
5173,5.555557639e-05,3.086422068e-09,5.555557639e-05,3.086422068e-09
5174,0.0001150794082,4.865838872e-09,0.0001150794082,4.865838872e-09
5175,0,0,0,0
5176,8.333336458e-05,3.858027585e-09,8.333336458e-05,3.858027585e-09
5177,8.333336458e-05,3.858027585e-09,8.333336458e-05,3.858027585e-09
5178,0.000138888941,6.944449652e-09,0.000138888941,6.944449652e-09
5179,5.555557639e-05,3.086422068e-09,5.555557639e-05,3.086422068e-09
5180,5.555557639e-05,3.086422068e-09,5.555557639e-05,3.086422068e-09
5181,0.0002013889644,8.921688789e-09,0.0002013889644,8.921688789e-09
5182,0,0,0,0
5183,0.0001666667292,7.716055169e-09,0.0001666667292,7.716055169e-09
5184,5.555557639e-05,3.086422068e-09,5.555557639e-05,3.086422068e-09
5185,0,0,0,0
5186,5.555557639e-05,3.086422068e-09,5.555557639e-05,3.086422068e-09
5187,0.000138888941,6.944449652e-09,0.000138888941,6.944449652e-09
5188,2.777778819e-05,7.716055169e-10,2.777778819e-05,7.716055169e-10
5189,0,0,0,0
5190,0.0001944445174,8.487660686e-09,0.0001944445174,8.487660686e-09
5191,0.0001666667292,9.259266203e-09,0.0001666667292,9.259266203e-09
5192,5.555557639e-05,3.086422068e-09,5.555557639e-05,3.086422068e-09
5193,0.0001944445173,1.003087172e-08,0.0001944445173,1.003087172e-08
5194,0.0001111111528,4.629633101e-09,0.0001111111528,4.629633101e-09
5195,0.0001111111528,6.172844135e-09,0.0001111111528,6.172844135e-09
5196,5.555557639e-05,3.086422068e-09,5.555557639e-05,3.086422068e-09
5197,8.333336458e-05,3.858027585e-09,8.333336458e-05,3.858027585e-09
5198,0.000138888941,5.401238618e-09,0.000138888941,5.401238618e-09
5199,8.333336458e-05,3.858027585e-09,8.333336458e-05,3.858027585e-09
5200,2.777778819e-05,7.716055169e-10,2.777778819e-05,7.716055169e-10
5201,0,0,0,0
5202,0.0001666667292,7.716055169e-09,0.0001666667292,7.716055169e-09
5203,5.555557639e-05,3.086422068e-09,5.555557639e-05,3.086422068e-09
5204,0.000138888941,5.401238618e-09,0.000138888941,5.401238618e-09
5205,0.0001666667292,9.259266203e-09,0.0001666667292,9.259266203e-09
5206,2.777778819e-05,7.716055169e-10,2.777778819e-05,7.716055169e-10
5207,5.555557639e-05,3.086422068e-09,5.555557639e-05,3.086422068e-09
5208,5.555557639e-05,3.086422068e-09,5.555557639e-05,3.086422068e-09
5209,5.555557639e-05,3.086422068e-09,5.555557639e-05,3.086422068e-09
5210,0.000138888941,6.944449652e-09,0.000138888941,6.944449652e-09
5211,5.555557639e-05,3.086422068e-09,5.555557639e-05,3.086422068e-09
5212,5.555557639e-05,3.086422068e-09,5.555557639e-05,3.086422068e-09
5213,0.0001666667292,7.716055169e-09,0.0001666667292,7.716055169e-09
5214,2.777778819e-05,7.716055169e-10,2.777778819e-05,7.716055169e-10
5215,5.555557639e-05,1.543211034e-09,5.555557639e-05,1.543211034e-09
5216,0,0,0,0
5217,0,0,0,0
5218,0.0002222223055,9.259266205e-09,0.0002222223055,9.259266205e-09
5219,0.0001111111528,6.172844135e-09,0.0001111111528,6.172844135e-09
5220,0,0,0,0
5221,2.777778819e-05,7.716055169e-10,2.777778819e-05,7.716055169e-10
5222,2.777778819e-05,7.716055169e-10,2.777778819e-05,7.716055169e-10
5223,8.333336458e-05,3.858027585e-09,8.333336458e-05,3.858027585e-09
5224,5.55555764e-05,3.086422067e-09,5.55555764e-05,3.086422067e-09
5225,8.333336458e-05,3.858027585e-09,8.333336458e-05,3.858027585e-09
5226,5.555557639e-05,3.086422068e-09,5.555557639e-05,3.086422068e-09
5227,0,0,0,0
5228,0.0001157407841,4.908268427e-09,0.0001157407841,4.908268427e-09
5229,5.555557639e-05,3.086422068e-09,5.555557639e-05,3.086422068e-09
5230,0.0001666667292,6.172844135e-09,0.0001666667292,6.172844135e-09
5231,5.555557639e-05,3.086422068e-09,5.555557639e-05,3.086422068e-09
5232,0,0,0,0
5233,2.777778819e-05,7.716055169e-10,2.777778819e-05,7.716055169e-10
5234,0.0001111111528,6.172844135e-09,0.0001111111528,6.172844135e-09
5235,2.777778819e-05,7.716055169e-10,2.777778819e-05,7.716055169e-10
5236,5.555557639e-05,3.086422068e-09,5.555557639e-05,3.086422068e-09
5237,0.0001180555998,6.992674997e-09,0.0001180555998,6.992674997e-09
5238,2.777778819e-05,7.716055169e-10,2.777778819e-05,7.716055169e-10
5239,0.0001222222681,7.530869846e-09,0.0001222222681,7.530869846e-09
5240,2.777778819e-05,7.716055169e-10,2.777778819e-05,7.716055169e-10
5241,8.333336458e-05,3.858027585e-09,8.333336458e-05,3.858027585e-09
5242,5.55555764e-05,1.543211034e-09,5.55555764e-05,1.543211034e-09
5243,0.0001222222681,5.987658812e-09,0.0001222222681,5.987658812e-09
5244,2.777778819e-05,7.716055169e-10,2.777778819e-05,7.716055169e-10
5245,0,0,0,0
5246,0.0001111111528,4.629633101e-09,0.0001111111528,4.629633101e-09
5247,0,0,0,0
5248,0,0,0,0
5249,5.555557639e-05,3.086422068e-09,5.555557639e-05,3.086422068e-09
5250,0,0,0,0
5251,0.0002222223056,1.080247724e-08,0.0002222223056,1.080247724e-08
5252,0.0001111111528,3.086422068e-09,0.0001111111528,3.086422068e-09
5253,0.0001111111528,4.629633101e-09,0.0001111111528,4.629633101e-09
5254,0.0001111111528,4.629633101e-09,0.0001111111528,4.629633101e-09
5255,8.33333646e-05,2.314816551e-09,8.33333646e-05,2.314816551e-09
5256,0.000138888941,6.944449652e-09,0.000138888941,6.944449652e-09
5257,0.000138888941,6.944449652e-09,0.000138888941,6.944449652e-09
5258,2.777778819e-05,7.716055169e-10,2.777778819e-05,7.716055169e-10
5259,8.333336458e-05,3.858027585e-09,8.333336458e-05,3.858027585e-09
5260,0.0001157407841,4.908268427e-09,0.0001157407841,4.908268427e-09
5261,0,0,0,0
5262,0,0,0,0
5263,0.0001666667292,6.172844135e-09,0.0001666667292,6.172844135e-09
5264,0,0,0,0
5265,8.333336458e-05,3.858027585e-09,8.333336458e-05,3.858027585e-09
5266,0.0001944445174,8.487660686e-09,0.0001944445174,8.487660686e-09
5267,5.555557639e-05,3.086422068e-09,5.555557639e-05,3.086422068e-09
5268,5.555557639e-05,3.086422068e-09,5.555557639e-05,3.086422068e-09
5269,0.0001666667292,7.716055169e-09,0.0001666667292,7.716055169e-09
5270,8.333336458e-05,3.858027585e-09,8.333336458e-05,3.858027585e-09
5271,0.0001111111528,4.629633101e-09,0.0001111111528,4.629633101e-09
5272,2.777778819e-05,7.716055169e-10,2.777778819e-05,7.716055169e-10
5273,5.555557639e-05,3.086422068e-09,5.555557639e-05,3.086422068e-09
5274,2.777778819e-05,7.716055169e-10,2.777778819e-05,7.716055169e-10
5275,8.333336458e-05,2.314816551e-09,8.333336458e-05,2.314816551e-09
5276,2.777778819e-05,7.716055169e-10,2.777778819e-05,7.716055169e-10
5277,5.555557639e-05,3.086422068e-09,5.555557639e-05,3.086422068e-09
5278,8.333336458e-05,3.858027585e-09,8.333336458e-05,3.858027585e-09
5279,0,0,0,0
5280,2.777778819e-05,7.716055169e-10,2.777778819e-05,7.716055169e-10
5281,5.555557639e-05,1.543211034e-09,5.555557639e-05,1.543211034e-09
5282,5.555557639e-05,1.543211034e-09,5.555557639e-05,1.543211034e-09
5283,0.0001111111528,4.629633101e-09,0.0001111111528,4.629633101e-09
5284,0.000138888941,5.401238619e-09,0.000138888941,5.401238619e-09
5285,0.0001944445174,8.487660686e-09,0.0001944445174,8.487660686e-09
5286,2.777778819e-05,7.716055169e-10,2.777778819e-05,7.716055169e-10
5287,2.777778819e-05,7.716055169e-10,2.777778819e-05,7.716055169e-10
5288,0.0001666667292,7.716055169e-09,0.0001666667292,7.716055169e-09
5289,0.0001111111528,6.172844135e-09,0.0001111111528,6.172844135e-09
5290,5.555557639e-05,1.543211034e-09,5.555557639e-05,1.543211034e-09
5291,5.555557639e-05,1.543211034e-09,5.555557639e-05,1.543211034e-09
5292,2.777778819e-05,7.716055169e-10,2.777778819e-05,7.716055169e-10
5293,0.0001666667292,7.716055169e-09,0.0001666667292,7.716055169e-09
5294,0.0001111111528,4.629633102e-09,0.0001111111528,4.629633102e-09
5295,0,0,0,0
5296,5.55555764e-05,3.086422067e-09,5.55555764e-05,3.086422067e-09
5297,8.333336458e-05,3.858027585e-09,8.333336458e-05,3.858027585e-09
5298,5.555557639e-05,3.086422068e-09,5.555557639e-05,3.086422068e-09
5299,0,0,0,0
5300,0.0001666667291,9.259266205e-09,0.0001666667291,9.259266205e-09
5301,0.0001666667292,7.716055169e-09,0.0001666667292,7.716055169e-09
5302,2.777778819e-05,7.716055169e-10,2.777778819e-05,7.716055169e-10
5303,5.555557639e-05,1.543211034e-09,5.555557639e-05,1.543211034e-09
5304,0,0,0,0
5305,0.0001444444986,5.740745046e-09,0.0001444444986,5.740745046e-09
5306,0.0001111111528,6.172844135e-09,0.0001111111528,6.172844135e-09
5307,5.555557639e-05,3.086422068e-09,5.555557639e-05,3.086422068e-09
5308,0.0002222223055,1.234568827e-08,0.0002222223055,1.234568827e-08
5309,0,0,0,0
5310,0,0,0,0
5311,0.0001666667292,9.259266203e-09,0.0001666667292,9.259266203e-09
5312,0,0,0,0
5313,0.0001666667292,7.716055172e-09,0.0001666667292,7.716055172e-09
5314,0.0001111111528,4.629633101e-09,0.0001111111528,4.629633101e-09
5315,0.0001111111528,6.172844135e-09,0.0001111111528,6.172844135e-09
5316,0.000138888941,6.944449655e-09,0.000138888941,6.944449655e-09
5317,2.777778819e-05,7.716055169e-10,2.777778819e-05,7.716055169e-10
5318,5.555557639e-05,3.086422068e-09,5.555557639e-05,3.086422068e-09
5319,0.0001111111528,4.629633101e-09,0.0001111111528,4.629633101e-09
5320,5.555557639e-05,1.543211034e-09,5.555557639e-05,1.543211034e-09
5321,8.333336458e-05,2.314816551e-09,8.333336458e-05,2.314816551e-09
5322,0.000138888941,6.944449652e-09,0.000138888941,6.944449652e-09
5323,0.0001759259919,6.77298176e-09,0.0001759259919,6.77298176e-09
5324,5.555557639e-05,1.543211034e-09,5.555557639e-05,1.543211034e-09
5325,0.0002222223056,9.259266203e-09,0.0002222223056,9.259266203e-09
5326,8.333336458e-05,2.314816551e-09,8.333336458e-05,2.314816551e-09
5327,0.0002777778819,1.38888993e-08,0.0002777778819,1.38888993e-08
5328,2.777778819e-05,7.716055169e-10,2.777778819e-05,7.716055169e-10
5329,8.333336458e-05,3.858027585e-09,8.333336458e-05,3.858027585e-09
5330,2.777778819e-05,7.716055169e-10,2.777778819e-05,7.716055169e-10
5331,0.0001666667291,9.259266205e-09,0.0001666667291,9.259266205e-09
5332,0.000138888941,5.401238618e-09,0.000138888941,5.401238618e-09
5333,2.777778819e-05,7.716055169e-10,2.777778819e-05,7.716055169e-10
5334,2.777778819e-05,7.716055169e-10,2.777778819e-05,7.716055169e-10
5335,0.000138888941,5.401238619e-09,0.000138888941,5.401238619e-09
5336,0.000138888941,6.944449655e-09,0.000138888941,6.944449655e-09
5337,0.000138888941,5.401238619e-09,0.000138888941,5.401238619e-09
5338,0,0,0,0
5339,0.0001111111528,4.629633101e-09,0.0001111111528,4.629633101e-09
5340,0,0,0,0
5341,8.333336458e-05,3.858027585e-09,8.333336458e-05,3.858027585e-09
5342,0.0001944445174,1.003087172e-08,0.0001944445174,1.003087172e-08
5343,0.0001111111528,4.629633101e-09,0.0001111111528,4.629633101e-09
5344,5.555557639e-05,1.543211034e-09,5.555557639e-05,1.543211034e-09
5345,0.0001666667291,9.259266205e-09,0.0001666667291,9.259266205e-09
5346,0,0,0,0
5347,0.000138888941,6.944449652e-09,0.000138888941,6.944449652e-09
5348,5.555557639e-05,3.086422068e-09,5.555557639e-05,3.086422068e-09
5349,0,0,0,0
5350,0.0002222223055,1.234568827e-08,0.0002222223055,1.234568827e-08
5351,0,0,0,0
5352,8.333336458e-05,3.858027585e-09,8.333336458e-05,3.858027585e-09
5353,8.333336458e-05,2.314816551e-09,8.333336458e-05,2.314816551e-09
5354,5.555557639e-05,1.543211034e-09,5.555557639e-05,1.543211034e-09
5355,5.555557639e-05,3.086422068e-09,5.555557639e-05,3.086422068e-09
5356,4.166668229e-05,1.736112413e-09,4.166668229e-05,1.736112413e-09
5357,0.0002361111997,1.099537862e-08,0.0002361111997,1.099537862e-08
5358,8.333336458e-05,3.858027585e-09,8.333336458e-05,3.858027585e-09
5359,2.777778819e-05,7.716055169e-10,2.777778819e-05,7.716055169e-10
5360,2.777778819e-05,7.716055169e-10,2.777778819e-05,7.716055169e-10
5361,2.777778819e-05,7.716055169e-10,2.777778819e-05,7.716055169e-10
5362,5.555557639e-05,1.543211034e-09,5.555557639e-05,1.543211034e-09
5363,0,0,0,0
5364,5.555557639e-05,1.543211034e-09,5.555557639e-05,1.543211034e-09
5365,2.777778819e-05,7.716055169e-10,2.777778819e-05,7.716055169e-10
5366,2.777778819e-05,7.716055169e-10,2.777778819e-05,7.716055169e-10
5367,5.555557639e-05,1.543211034e-09,5.555557639e-05,1.543211034e-09
5368,8.333336458e-05,3.858027585e-09,8.333336458e-05,3.858027585e-09
5369,5.555557639e-05,3.086422068e-09,5.555557639e-05,3.086422068e-09
5370,8.333336458e-05,3.858027585e-09,8.333336458e-05,3.858027585e-09
5371,8.333336458e-05,3.858027585e-09,8.333336458e-05,3.858027585e-09
5372,5.555557639e-05,3.086422068e-09,5.555557639e-05,3.086422068e-09
5373,5.555557639e-05,3.086422068e-09,5.555557639e-05,3.086422068e-09
5374,5.555557639e-05,1.543211034e-09,5.555557639e-05,1.543211034e-09
5375,0.0001111111528,4.629633101e-09,0.0001111111528,4.629633101e-09
5376,2.777778819e-05,7.716055169e-10,2.777778819e-05,7.716055169e-10
5377,0.0001527778351,7.908956548e-09,0.0001527778351,7.908956548e-09
5378,0,0,0,0
5379,0.0001111111528,4.629633101e-09,0.0001111111528,4.629633101e-09
5380,0,0,0,0
5381,0.0001111111528,4.629633101e-09,0.0001111111528,4.629633101e-09
5382,8.333336458e-05,3.858027585e-09,8.333336458e-05,3.858027585e-09
5383,8.333336458e-05,3.858027585e-09,8.333336458e-05,3.858027585e-09
5384,0,0,0,0
5385,8.333336458e-05,3.858027585e-09,8.333336458e-05,3.858027585e-09
5386,0.0001805556233,7.908956549e-09,0.0001805556233,7.908956549e-09
5387,2.777778819e-05,7.716055169e-10,2.777778819e-05,7.716055169e-10
5388,5.555557639e-05,1.543211034e-09,5.555557639e-05,1.543211034e-09
5389,8.333336458e-05,3.858027585e-09,8.333336458e-05,3.858027585e-09
5390,5.555557639e-05,3.086422068e-09,5.555557639e-05,3.086422068e-09
5391,0.0001111111528,4.629633101e-09,0.0001111111528,4.629633101e-09
5392,5.555557639e-05,3.086422068e-09,5.555557639e-05,3.086422068e-09
5393,0.0001111111528,4.629633101e-09,0.0001111111528,4.629633101e-09
5394,5.555557639e-05,1.543211034e-09,5.555557639e-05,1.543211034e-09
5395,0.0002500000938,1.466050482e-08,0.0002500000938,1.466050482e-08
5396,0.0002222223056,7.716055169e-09,0.0002222223056,7.716055169e-09
5397,8.333336458e-05,3.858027585e-09,8.333336458e-05,3.858027585e-09
5398,5.555557639e-05,3.086422068e-09,5.555557639e-05,3.086422068e-09
5399,2.777778819e-05,7.716055169e-10,2.777778819e-05,7.716055169e-10
5400,0.0001666667292,6.172844135e-09,0.0001666667292,6.172844135e-09
5401,0.0002500000937,1.311729379e-08,0.0002500000937,1.311729379e-08
5402,8.333336458e-05,3.858027585e-09,8.333336458e-05,3.858027585e-09
5403,0.0001111111528,6.172844138e-09,0.0001111111528,6.172844138e-09
5404,5.555557639e-05,1.543211034e-09,5.555557639e-05,1.543211034e-09
5405,8.333336458e-05,3.858027585e-09,8.333336458e-05,3.858027585e-09
5406,5.555557639e-05,3.086422068e-09,5.555557639e-05,3.086422068e-09
5407,0.0001666667291,9.259266205e-09,0.0001666667291,9.259266205e-09
5408,2.777778819e-05,7.716055169e-10,2.777778819e-05,7.716055169e-10
5409,8.333336458e-05,3.858027585e-09,8.333336458e-05,3.858027585e-09
5410,0.000138888941,5.401238618e-09,0.000138888941,5.401238618e-09
5411,5.555557639e-05,3.086422068e-09,5.555557639e-05,3.086422068e-09
5412,0.000138888941,6.944449652e-09,0.000138888941,6.944449652e-09
5413,0.0001111111528,6.172844135e-09,0.0001111111528,6.172844135e-09
5414,2.777778819e-05,7.716055169e-10,2.777778819e-05,7.716055169e-10
5415,0.0001111111528,3.086422068e-09,0.0001111111528,3.086422068e-09
5416,5.555557639e-05,3.086422068e-09,5.555557639e-05,3.086422068e-09
5417,0,0,0,0
5418,5.555557639e-05,3.086422068e-09,5.555557639e-05,3.086422068e-09
5419,2.777778819e-05,7.716055169e-10,2.777778819e-05,7.716055169e-10
5420,0.0001111111528,6.172844135e-09,0.0001111111528,6.172844135e-09
5421,2.777778819e-05,7.716055169e-10,2.777778819e-05,7.716055169e-10
5422,0,0,0,0
5423,0.0001111111528,6.172844135e-09,0.0001111111528,6.172844135e-09
5424,0.0001111111528,4.629633102e-09,0.0001111111528,4.629633102e-09
5425,0.0001111111528,6.172844135e-09,0.0001111111528,6.172844135e-09
5426,0,0,0,0
5427,0,0,0,0
5428,0.000138888941,6.944449652e-09,0.000138888941,6.944449652e-09
5429,0,0,0,0
5430,0.0001111111528,4.629633101e-09,0.0001111111528,4.629633101e-09
5431,5.555557639e-05,3.086422068e-09,5.555557639e-05,3.086422068e-09
5432,5.555557639e-05,1.543211034e-09,5.555557639e-05,1.543211034e-09
5433,9.027781163e-05,2.748844654e-09,9.027781163e-05,2.748844654e-09
5434,4.166668229e-05,1.736112413e-09,4.166668229e-05,1.736112413e-09
5435,0.0001666667292,7.716055169e-09,0.0001666667292,7.716055169e-09
5436,8.333336458e-05,3.858027585e-09,8.333336458e-05,3.858027585e-09
5437,0.0001111111528,6.172844135e-09,0.0001111111528,6.172844135e-09
5438,0,0,0,0
5439,2.777778819e-05,7.716055169e-10,2.777778819e-05,7.716055169e-10
5440,5.555557639e-05,1.543211034e-09,5.555557639e-05,1.543211034e-09
5441,0,0,0,0
5442,0.000138888941,5.401238618e-09,0.000138888941,5.401238618e-09
5443,5.555557639e-05,1.543211034e-09,5.555557639e-05,1.543211034e-09
5444,0.0002083334115,1.176698413e-08,0.0002083334115,1.176698413e-08
5445,0.0001111111528,6.172844135e-09,0.0001111111528,6.172844135e-09
5446,5.555557639e-05,1.543211034e-09,5.555557639e-05,1.543211034e-09
5447,5.555557639e-05,1.543211034e-09,5.555557639e-05,1.543211034e-09
5448,2.777778819e-05,7.716055169e-10,2.777778819e-05,7.716055169e-10
5449,8.333336458e-05,3.858027585e-09,8.333336458e-05,3.858027585e-09
5450,8.333336458e-05,3.858027585e-09,8.333336458e-05,3.858027585e-09
5451,2.777778819e-05,7.716055169e-10,2.777778819e-05,7.716055169e-10
5452,8.333336458e-05,3.858027585e-09,8.333336458e-05,3.858027585e-09
5453,5.55555764e-05,1.543211034e-09,5.55555764e-05,1.543211034e-09
5454,5.555557639e-05,3.086422068e-09,5.555557639e-05,3.086422068e-09
5455,9.722225867e-05,3.279323447e-09,9.722225867e-05,3.279323447e-09
5456,0,0,0,0
5457,0.0001944445173,1.620371585e-08,0.0001944445173,1.620371585e-08
5458,0.0001481482037,8.058990955e-09,0.0001481482037,8.058990955e-09
5459,0.0002222223055,1.234568827e-08,0.0002222223055,1.234568827e-08
5460,2.777778819e-05,7.716055169e-10,2.777778819e-05,7.716055169e-10
5461,0.0001111111528,4.629633101e-09,0.0001111111528,4.629633101e-09
5462,0,0,0,0
5463,0.0001111111528,4.629633101e-09,0.0001111111528,4.629633101e-09
5464,2.777778819e-05,7.716055169e-10,2.777778819e-05,7.716055169e-10
5465,5.555557639e-05,3.086422068e-09,5.555557639e-05,3.086422068e-09
5466,0.0001666667292,9.259266203e-09,0.0001666667292,9.259266203e-09
5467,8.333336458e-05,3.858027585e-09,8.333336458e-05,3.858027585e-09
5468,2.777778819e-05,7.716055169e-10,2.777778819e-05,7.716055169e-10
5469,5.555557639e-05,1.543211034e-09,5.555557639e-05,1.543211034e-09
5470,0.000138888941,6.944449652e-09,0.000138888941,6.944449652e-09
5471,5.555557639e-05,3.086422068e-09,5.555557639e-05,3.086422068e-09
5472,0.0001111111528,3.086422068e-09,0.0001111111528,3.086422068e-09
5473,0.0001944445174,8.487660686e-09,0.0001944445174,8.487660686e-09
5474,0.0002222223056,9.259266203e-09,0.0002222223056,9.259266203e-09
5475,2.777778819e-05,7.716055169e-10,2.777778819e-05,7.716055169e-10
5476,0.0001111111528,6.172844135e-09,0.0001111111528,6.172844135e-09
5477,5.555557639e-05,3.086422068e-09,5.555557639e-05,3.086422068e-09
5478,5.555557639e-05,3.086422068e-09,5.555557639e-05,3.086422068e-09
5479,0.0001990741487,1.030950705e-08,0.0001990741487,1.030950705e-08
5480,8.333336458e-05,3.472224826e-09,8.333336458e-05,3.472224826e-09
5481,8.333336458e-05,3.858027585e-09,8.333336458e-05,3.858027585e-09
5482,8.333336458e-05,3.858027585e-09,8.333336458e-05,3.858027585e-09
5483,0.0001423611645,5.606196333e-09,0.0001423611645,5.606196333e-09
5484,0.0001944445173,1.003087172e-08,0.0001944445173,1.003087172e-08
5485,2.777778819e-05,7.716055169e-10,2.777778819e-05,7.716055169e-10
5486,0.000138888941,6.944449652e-09,0.000138888941,6.944449652e-09
5487,0,0,0,0
5488,8.333336458e-05,3.858027585e-09,8.333336458e-05,3.858027585e-09
5489,8.333336458e-05,3.858027585e-09,8.333336458e-05,3.858027585e-09
5490,0.0002222223056,1.080247724e-08,0.0002222223056,1.080247724e-08
5491,0.0001111111528,6.172844138e-09,0.0001111111528,6.172844138e-09
5492,0.0001111111528,4.629633101e-09,0.0001111111528,4.629633101e-09
5493,0.0001111111528,4.629633101e-09,0.0001111111528,4.629633101e-09
5494,5.555557639e-05,3.086422068e-09,5.555557639e-05,3.086422068e-09
5495,8.333336458e-05,3.858027585e-09,8.333336458e-05,3.858027585e-09
5496,8.333336458e-05,3.858027585e-09,8.333336458e-05,3.858027585e-09
5497,8.333336458e-05,2.314816551e-09,8.333336458e-05,2.314816551e-09
5498,5.555557639e-05,3.086422068e-09,5.555557639e-05,3.086422068e-09
5499,0.0001944445174,1.157408275e-08,0.0001944445174,1.157408275e-08
5500,5.555557639e-05,1.543211034e-09,5.555557639e-05,1.543211034e-09
5501,2.777778819e-05,7.716055169e-10,2.777778819e-05,7.716055169e-10
5502,5.555557639e-05,3.086422068e-09,5.555557639e-05,3.086422068e-09
5503,5.952383184e-05,1.779416804e-09,5.952383184e-05,1.779416804e-09
5504,8.333336458e-05,3.858027585e-09,8.333336458e-05,3.858027585e-09
5505,0,0,0,0
5506,0.000138888941,5.401238619e-09,0.000138888941,5.401238619e-09
5507,0.0003611112465,1.929013792e-08,0.0003611112465,1.929013792e-08
5508,0,0,0,0
5509,8.333336458e-05,3.858027585e-09,8.333336458e-05,3.858027585e-09
5510,2.777778819e-05,7.716055169e-10,2.777778819e-05,7.716055169e-10
5511,2.777778819e-05,7.716055169e-10,2.777778819e-05,7.716055169e-10
5512,0.0001111111528,6.172844135e-09,0.0001111111528,6.172844135e-09
5513,2.777778819e-05,7.716055169e-10,2.777778819e-05,7.716055169e-10
5514,0,0,0,0
5515,0,0,0,0
5516,0,0,0,0
5517,5.555557639e-05,3.086422068e-09,5.555557639e-05,3.086422068e-09
5518,0.0001805556233,7.137351032e-09,0.0001805556233,7.137351032e-09
5519,0.0001944445174,1.003087172e-08,0.0001944445174,1.003087172e-08
5520,2.777778819e-05,7.716055169e-10,2.777778819e-05,7.716055169e-10
5521,5.555557639e-05,3.086422068e-09,5.555557639e-05,3.086422068e-09
5522,8.33333646e-05,3.858027584e-09,8.33333646e-05,3.858027584e-09
5523,2.777778819e-05,7.716055169e-10,2.777778819e-05,7.716055169e-10
5524,2.777778819e-05,7.716055169e-10,2.777778819e-05,7.716055169e-10
5525,0.0001666667292,9.259266203e-09,0.0001666667292,9.259266203e-09
5526,0.0001987180232,1.052396874e-08,0.0001987180232,1.052396874e-08
5527,0.0001944445174,1.311729379e-08,0.0001944445174,1.311729379e-08
5528,0.0001111111528,6.172844135e-09,0.0001111111528,6.172844135e-09
5529,5.555557639e-05,3.086422068e-09,5.555557639e-05,3.086422068e-09
5530,0,0,0,0
5531,0.0002500000937,1.311729379e-08,0.0002500000937,1.311729379e-08
5532,0,0,0,0
5533,0.000138888941,6.944449652e-09,0.000138888941,6.944449652e-09
5534,8.333336458e-05,3.858027585e-09,8.333336458e-05,3.858027585e-09
5535,2.777778819e-05,7.716055169e-10,2.777778819e-05,7.716055169e-10
5536,8.333336458e-05,2.314816551e-09,8.333336458e-05,2.314816551e-09
5537,0.0001250000469,4.050928963e-09,0.0001250000469,4.050928963e-09
5538,0,0,0,0
5539,8.333336458e-05,3.858027585e-09,8.333336458e-05,3.858027585e-09
5540,2.777778819e-05,7.716055169e-10,2.777778819e-05,7.716055169e-10
5541,2.777778819e-05,7.716055169e-10,2.777778819e-05,7.716055169e-10
5542,0.0001493056116,6.088449783e-09,0.0001493056116,6.088449783e-09
5543,0.0001111111528,4.629633101e-09,0.0001111111528,4.629633101e-09
5544,0.000138888941,6.944449652e-09,0.000138888941,6.944449652e-09
5545,0,0,0,0
5546,0.0002129630428,1.243142222e-08,0.0002129630428,1.243142222e-08
5547,3.703705093e-05,1.371743141e-09,3.703705093e-05,1.371743141e-09
5548,5.555557639e-05,3.086422068e-09,5.555557639e-05,3.086422068e-09
5549,8.333336458e-05,3.858027585e-09,8.333336458e-05,3.858027585e-09
5550,5.555557639e-05,3.086422068e-09,5.555557639e-05,3.086422068e-09
5551,0.0001666667292,7.716055169e-09,0.0001666667292,7.716055169e-09
5552,0.0001111111528,4.629633101e-09,0.0001111111528,4.629633101e-09
5553,0.0002777778819,1.543211034e-08,0.0002777778819,1.543211034e-08
5554,0.0002222223055,1.080247724e-08,0.0002222223055,1.080247724e-08
5555,5.555557639e-05,1.543211034e-09,5.555557639e-05,1.543211034e-09
5556,0.0001111111528,6.172844135e-09,0.0001111111528,6.172844135e-09
5557,0.0001180555998,5.449463964e-09,0.0001180555998,5.449463964e-09
5558,0.000309829176,1.669681287e-08,0.000309829176,1.669681287e-08
5559,0.0002222223056,1.234568827e-08,0.0002222223056,1.234568827e-08
5560,0.0001111111528,4.629633101e-09,0.0001111111528,4.629633101e-09
5561,8.333336458e-05,2.314816551e-09,8.333336458e-05,2.314816551e-09
5562,0,0,0,0
5563,0.000138888941,6.944449652e-09,0.000138888941,6.944449652e-09
5564,5.555557639e-05,1.543211034e-09,5.555557639e-05,1.543211034e-09
5565,0.0001944445174,8.487660686e-09,0.0001944445174,8.487660686e-09
5566,8.333336458e-05,3.858027585e-09,8.333336458e-05,3.858027585e-09
5567,0.0001111111528,6.172844135e-09,0.0001111111528,6.172844135e-09
5568,5.555557639e-05,3.086422068e-09,5.555557639e-05,3.086422068e-09
5569,0.0002500000937,1.157408275e-08,0.0002500000937,1.157408275e-08
5570,0.0001666667291,9.259266205e-09,0.0001666667291,9.259266205e-09
5571,0.0001111111528,4.629633102e-09,0.0001111111528,4.629633102e-09
5572,8.333336458e-05,3.858027585e-09,8.333336458e-05,3.858027585e-09
5573,0.0001111111528,4.629633101e-09,0.0001111111528,4.629633101e-09
5574,5.555557639e-05,3.086422068e-09,5.555557639e-05,3.086422068e-09
5575,0.0001111111528,6.172844135e-09,0.0001111111528,6.172844135e-09
5576,8.333336458e-05,3.858027585e-09,8.333336458e-05,3.858027585e-09
5577,0.0001111111528,4.629633101e-09,0.0001111111528,4.629633101e-09
5578,2.777778819e-05,7.716055169e-10,2.777778819e-05,7.716055169e-10
5579,0,0,0,0
5580,0.0003333334583,1.697532137e-08,0.0003333334583,1.697532137e-08
5581,0,0,0,0
5582,0.000138888941,6.944449652e-09,0.000138888941,6.944449652e-09
5583,8.333336458e-05,3.858027585e-09,8.333336458e-05,3.858027585e-09
5584,8.333336458e-05,3.858027585e-09,8.333336458e-05,3.858027585e-09
5585,0.0001111111528,4.629633101e-09,0.0001111111528,4.629633101e-09
5586,5.555557639e-05,3.086422068e-09,5.555557639e-05,3.086422068e-09
5587,5.555557639e-05,3.086422068e-09,5.555557639e-05,3.086422068e-09
5588,0.0001111111528,6.172844135e-09,0.0001111111528,6.172844135e-09
5589,2.777778819e-05,7.716055169e-10,2.777778819e-05,7.716055169e-10
5590,2.777778819e-05,7.716055169e-10,2.777778819e-05,7.716055169e-10
5591,2.777778819e-05,7.716055169e-10,2.777778819e-05,7.716055169e-10
5592,0.0001111111528,6.172844135e-09,0.0001111111528,6.172844135e-09
5593,2.777778819e-05,7.716055169e-10,2.777778819e-05,7.716055169e-10
5594,0.0001944445174,8.487660686e-09,0.0001944445174,8.487660686e-09
5595,2.777778819e-05,7.716055169e-10,2.777778819e-05,7.716055169e-10
5596,5.555557639e-05,3.086422068e-09,5.555557639e-05,3.086422068e-09
5597,0,0,0,0
5598,5.555557639e-05,1.543211034e-09,5.555557639e-05,1.543211034e-09
5599,2.777778819e-05,7.716055169e-10,2.777778819e-05,7.716055169e-10
5600,8.333336458e-05,3.858027585e-09,8.333336458e-05,3.858027585e-09
5601,8.333336458e-05,3.858027585e-09,8.333336458e-05,3.858027585e-09
5602,2.777778819e-05,7.716055169e-10,2.777778819e-05,7.716055169e-10
5603,8.33333646e-05,2.314816551e-09,8.33333646e-05,2.314816551e-09
5604,0.000138888941,5.401238618e-09,0.000138888941,5.401238618e-09
5605,0.0001944445174,8.487660686e-09,0.0001944445174,8.487660686e-09
5606,5.555557639e-05,1.543211034e-09,5.555557639e-05,1.543211034e-09
5607,0.0001111111528,4.629633101e-09,0.0001111111528,4.629633101e-09
5608,0.0001111111528,3.086422068e-09,0.0001111111528,3.086422068e-09
5609,5.555557639e-05,3.086422068e-09,5.555557639e-05,3.086422068e-09
5610,8.333336458e-05,3.858027585e-09,8.333336458e-05,3.858027585e-09
5611,5.555557639e-05,1.543211034e-09,5.555557639e-05,1.543211034e-09
5612,8.333336458e-05,3.858027585e-09,8.333336458e-05,3.858027585e-09
5613,0.000138888941,5.401238618e-09,0.000138888941,5.401238618e-09
5614,0.0001111111528,3.086422068e-09,0.0001111111528,3.086422068e-09
5615,0.0001666667292,7.716055169e-09,0.0001666667292,7.716055169e-09
5616,8.333336458e-05,2.314816551e-09,8.333336458e-05,2.314816551e-09
5617,5.55555764e-05,1.543211034e-09,5.55555764e-05,1.543211034e-09
5618,5.555557639e-05,3.086422068e-09,5.555557639e-05,3.086422068e-09
5619,0.0001666667292,6.172844135e-09,0.0001666667292,6.172844135e-09
5620,6.250002344e-05,1.977239137e-09,6.250002344e-05,1.977239137e-09
5621,5.555557639e-05,3.086422068e-09,5.555557639e-05,3.086422068e-09
5622,0.000138888941,6.944449652e-09,0.000138888941,6.944449652e-09
5623,0.000138888941,6.944449655e-09,0.000138888941,6.944449655e-09
5624,0.000138888941,6.944449652e-09,0.000138888941,6.944449652e-09
5625,0,0,0,0
5626,0.0001944445174,1.003087172e-08,0.0001944445174,1.003087172e-08
5627,5.555557639e-05,3.086422068e-09,5.555557639e-05,3.086422068e-09
5628,0,0,0,0
5629,0.000138888941,6.944449652e-09,0.000138888941,6.944449652e-09
5630,0,0,0,0
5631,0.0001180555998,5.063661205e-09,0.0001180555998,5.063661205e-09
5632,5.555557639e-05,3.086422068e-09,5.555557639e-05,3.086422068e-09
5633,2.777778819e-05,7.716055169e-10,2.777778819e-05,7.716055169e-10
5634,2.777778819e-05,7.716055169e-10,2.777778819e-05,7.716055169e-10
5635,0.000138888941,6.944449655e-09,0.000138888941,6.944449655e-09
5636,0.0001944445173,8.487660688e-09,0.0001944445173,8.487660688e-09
5637,5.555557639e-05,3.086422068e-09,5.555557639e-05,3.086422068e-09
5638,0.000247685278,1.40228586e-08,0.000247685278,1.40228586e-08
5639,0.0001111111528,6.172844135e-09,0.0001111111528,6.172844135e-09
5640,0.0001111111528,4.629633101e-09,0.0001111111528,4.629633101e-09
5641,8.333336458e-05,3.858027585e-09,8.333336458e-05,3.858027585e-09
5642,2.777778819e-05,7.716055169e-10,2.777778819e-05,7.716055169e-10
5643,0,0,0,0
5644,0.000138888941,6.944449655e-09,0.000138888941,6.944449655e-09
5645,2.777778819e-05,7.716055169e-10,2.777778819e-05,7.716055169e-10
5646,0,0,0,0
5647,0.000138888941,1.003087172e-08,0.000138888941,1.003087172e-08
5648,0.000138888941,5.401238618e-09,0.000138888941,5.401238618e-09
5649,0.0001111111528,4.629633101e-09,0.0001111111528,4.629633101e-09
5650,2.777778819e-05,7.716055169e-10,2.777778819e-05,7.716055169e-10
5651,8.333336458e-05,3.858027585e-09,8.333336458e-05,3.858027585e-09
5652,2.777778819e-05,7.716055169e-10,2.777778819e-05,7.716055169e-10
5653,0.000138888941,6.944449652e-09,0.000138888941,6.944449652e-09
5654,9.126987549e-05,4.802850667e-09,9.126987549e-05,4.802850667e-09
5655,5.555557639e-05,1.543211034e-09,5.555557639e-05,1.543211034e-09
5656,2.777778819e-05,7.716055169e-10,2.777778819e-05,7.716055169e-10
5657,3.240741956e-05,1.050240843e-09,3.240741956e-05,1.050240843e-09
5658,4.166668229e-05,1.736112413e-09,4.166668229e-05,1.736112413e-09
5659,5.555557639e-05,3.086422068e-09,5.555557639e-05,3.086422068e-09
5660,2.777778819e-05,7.716055169e-10,2.777778819e-05,7.716055169e-10
5661,0.0001736111762,1.007909706e-08,0.0001736111762,1.007909706e-08
5662,0.0001203704155,5.229770726e-09,0.0001203704155,5.229770726e-09
5663,0,0,0,0
5664,5.55555764e-05,1.543211034e-09,5.55555764e-05,1.543211034e-09
5665,2.777778819e-05,7.716055169e-10,2.777778819e-05,7.716055169e-10
5666,0.0001666667292,7.716055169e-09,0.0001666667292,7.716055169e-09
5667,5.555557639e-05,3.086422068e-09,5.555557639e-05,3.086422068e-09
5668,5.555557639e-05,1.543211034e-09,5.555557639e-05,1.543211034e-09
5669,5.555557639e-05,3.086422068e-09,5.555557639e-05,3.086422068e-09
5670,5.555557639e-05,3.086422068e-09,5.555557639e-05,3.086422068e-09
5671,0.0001111111528,6.172844135e-09,0.0001111111528,6.172844135e-09
5672,2.777778819e-05,7.716055169e-10,2.777778819e-05,7.716055169e-10
5673,5.555557639e-05,1.543211034e-09,5.555557639e-05,1.543211034e-09
5674,5.555557639e-05,3.086422068e-09,5.555557639e-05,3.086422068e-09
5675,0.000138888941,5.401238618e-09,0.000138888941,5.401238618e-09
5676,0.0001944445174,1.003087172e-08,0.0001944445174,1.003087172e-08
5677,5.555557639e-05,3.086422068e-09,5.555557639e-05,3.086422068e-09
5678,5.555557639e-05,3.086422068e-09,5.555557639e-05,3.086422068e-09
5679,0,0,0,0
5680,0.0001111111528,4.629633101e-09,0.0001111111528,4.629633101e-09
5681,0.0001944445174,6.944449652e-09,0.0001944445174,6.944449652e-09
5682,0.0001666667292,7.716055169e-09,0.0001666667292,7.716055169e-09
5683,5.555557639e-05,3.086422068e-09,5.555557639e-05,3.086422068e-09
5684,5.555557639e-05,3.086422068e-09,5.555557639e-05,3.086422068e-09
5685,8.333336458e-05,3.858027585e-09,8.333336458e-05,3.858027585e-09
5686,0.0001111111528,4.629633102e-09,0.0001111111528,4.629633102e-09
5687,0,0,0,0
5688,8.333336458e-05,3.858027585e-09,8.333336458e-05,3.858027585e-09
5689,5.555557639e-05,1.543211034e-09,5.555557639e-05,1.543211034e-09
5690,5.555557639e-05,3.086422068e-09,5.555557639e-05,3.086422068e-09
5691,0.0001180555998,5.063661205e-09,0.0001180555998,5.063661205e-09
5692,0.000138888941,6.944449652e-09,0.000138888941,6.944449652e-09
5693,0.0001111111528,4.629633102e-09,0.0001111111528,4.629633102e-09
5694,0.0001944445174,5.401238619e-09,0.0001944445174,5.401238619e-09
5695,8.333336458e-05,3.858027585e-09,8.333336458e-05,3.858027585e-09
5696,0,0,0,0
5697,0.0001111111528,4.629633101e-09,0.0001111111528,4.629633101e-09
5698,0.0001777778445,7.530869846e-09,0.0001777778445,7.530869846e-09
5699,0.0001875000703,9.886195686e-09,0.0001875000703,9.886195686e-09
5700,2.777778819e-05,7.716055169e-10,2.777778819e-05,7.716055169e-10
5701,5.555557639e-05,3.086422068e-09,5.555557639e-05,3.086422068e-09
5702,8.33333646e-05,2.314816551e-09,8.33333646e-05,2.314816551e-09
5703,5.555557639e-05,3.086422068e-09,5.555557639e-05,3.086422068e-09
5704,0.0002222223056,1.234568827e-08,0.0002222223056,1.234568827e-08
5705,0.0002222223055,9.259266205e-09,0.0002222223055,9.259266205e-09
5706,0.0001944445174,1.003087172e-08,0.0001944445174,1.003087172e-08
5707,0.000138888941,6.944449652e-09,0.000138888941,6.944449652e-09
5708,0.0001111111528,6.172844135e-09,0.0001111111528,6.172844135e-09
5709,0.0001666667292,7.716055169e-09,0.0001666667292,7.716055169e-09
5710,0.0001944445174,8.487660686e-09,0.0001944445174,8.487660686e-09
5711,2.777778819e-05,7.716055169e-10,2.777778819e-05,7.716055169e-10
5712,2.777778819e-05,7.716055169e-10,2.777778819e-05,7.716055169e-10
5713,2.777778819e-05,7.716055169e-10,2.777778819e-05,7.716055169e-10
5714,5.55555764e-05,1.543211034e-09,5.55555764e-05,1.543211034e-09
5715,8.33333646e-05,2.314816551e-09,8.33333646e-05,2.314816551e-09
5716,5.555557639e-05,3.086422068e-09,5.555557639e-05,3.086422068e-09
5717,5.555557639e-05,3.086422068e-09,5.555557639e-05,3.086422068e-09
5718,5.555557639e-05,3.086422068e-09,5.555557639e-05,3.086422068e-09
5719,5.555557639e-05,3.086422068e-09,5.555557639e-05,3.086422068e-09
5720,0.000138888941,6.944449655e-09,0.000138888941,6.944449655e-09
5721,0.0002222223056,1.080247724e-08,0.0002222223056,1.080247724e-08
5722,0.000138888941,6.944449652e-09,0.000138888941,6.944449652e-09
5723,0.0002222223056,9.259266203e-09,0.0002222223056,9.259266203e-09
5724,5.555557639e-05,3.086422068e-09,5.555557639e-05,3.086422068e-09
5725,0.0001111111528,4.629633101e-09,0.0001111111528,4.629633101e-09
5726,5.555557639e-05,1.543211034e-09,5.555557639e-05,1.543211034e-09
5727,0.0001296296783,6.001376243e-09,0.0001296296783,6.001376243e-09
5728,0.0001342593096,6.965883139e-09,0.0001342593096,6.965883139e-09
5729,6.018520776e-05,1.821846359e-09,6.018520776e-05,1.821846359e-09
5730,0.000138888941,6.944449652e-09,0.000138888941,6.944449652e-09
5731,0.0001666667292,7.716055169e-09,0.0001666667292,7.716055169e-09
5732,5.555557639e-05,3.086422068e-09,5.555557639e-05,3.086422068e-09
5733,2.777778819e-05,7.716055169e-10,2.777778819e-05,7.716055169e-10
5734,5.555557639e-05,3.086422068e-09,5.555557639e-05,3.086422068e-09
5735,0,0,0,0
5736,5.555557639e-05,3.086422068e-09,5.555557639e-05,3.086422068e-09
5737,5.555557639e-05,1.543211034e-09,5.555557639e-05,1.543211034e-09
5738,5.555557639e-05,1.543211034e-09,5.555557639e-05,1.543211034e-09
5739,8.333336458e-05,3.858027585e-09,8.333336458e-05,3.858027585e-09
5740,5.555557639e-05,3.086422068e-09,5.555557639e-05,3.086422068e-09
5741,5.555557639e-05,3.086422068e-09,5.555557639e-05,3.086422068e-09
5742,5.555557639e-05,1.543211034e-09,5.555557639e-05,1.543211034e-09
5743,3.240741956e-05,1.050240843e-09,3.240741956e-05,1.050240843e-09
5744,5.555557639e-05,3.086422068e-09,5.555557639e-05,3.086422068e-09
5745,0.0001111111528,4.629633101e-09,0.0001111111528,4.629633101e-09
5746,0.0002500000937,1.311729379e-08,0.0002500000937,1.311729379e-08
5747,5.555557639e-05,3.086422068e-09,5.555557639e-05,3.086422068e-09
5748,5.555557639e-05,3.086422068e-09,5.555557639e-05,3.086422068e-09
5749,0.000138888941,6.944449652e-09,0.000138888941,6.944449652e-09
5750,5.55555764e-05,1.543211034e-09,5.55555764e-05,1.543211034e-09
5751,2.777778819e-05,7.716055169e-10,2.777778819e-05,7.716055169e-10
5752,5.555557639e-05,3.086422068e-09,5.555557639e-05,3.086422068e-09
5753,2.777778819e-05,7.716055169e-10,2.777778819e-05,7.716055169e-10
5754,0,0,0,0
5755,5.555557639e-05,3.086422068e-09,5.555557639e-05,3.086422068e-09
5756,8.333336458e-05,3.858027585e-09,8.333336458e-05,3.858027585e-09
5757,2.777778819e-05,7.716055169e-10,2.777778819e-05,7.716055169e-10
5758,8.333336458e-05,2.314816551e-09,8.333336458e-05,2.314816551e-09
5759,0,0,0,0
5760,0.000138888941,3.858027585e-09,0.000138888941,3.858027585e-09
5761,0.0001944445174,1.003087172e-08,0.0001944445174,1.003087172e-08
5762,2.777778819e-05,7.716055169e-10,2.777778819e-05,7.716055169e-10
5763,8.333336458e-05,3.858027585e-09,8.333336458e-05,3.858027585e-09
5764,0.0001666667292,6.172844135e-09,0.0001666667292,6.172844135e-09
5765,0.0002222223055,1.080247724e-08,0.0002222223055,1.080247724e-08
5766,0.0001111111528,4.629633101e-09,0.0001111111528,4.629633101e-09
5767,0.0001111111528,6.172844135e-09,0.0001111111528,6.172844135e-09
5768,8.333336458e-05,3.858027585e-09,8.333336458e-05,3.858027585e-09
5769,8.333336458e-05,3.858027585e-09,8.333336458e-05,3.858027585e-09
5770,0.0001111111528,4.629633101e-09,0.0001111111528,4.629633101e-09
5771,0,0,0,0
5772,0.0001111111528,4.629633101e-09,0.0001111111528,4.629633101e-09
5773,5.555557639e-05,1.543211034e-09,5.555557639e-05,1.543211034e-09
5774,0.0001111111528,6.172844135e-09,0.0001111111528,6.172844135e-09
5775,0.0002291667526,1.123650534e-08,0.0002291667526,1.123650534e-08
5776,0.0001493056115,7.631660816e-09,0.0001493056115,7.631660816e-09
5777,2.777778819e-05,7.716055169e-10,2.777778819e-05,7.716055169e-10
5778,5.555557639e-05,3.086422068e-09,5.555557639e-05,3.086422068e-09
5779,5.555557639e-05,3.086422068e-09,5.555557639e-05,3.086422068e-09
5780,0.0001111111528,6.172844135e-09,0.0001111111528,6.172844135e-09
5781,0.000138888941,6.944449652e-09,0.000138888941,6.944449652e-09
5782,5.555557639e-05,3.086422068e-09,5.555557639e-05,3.086422068e-09
5783,6.111113403e-05,1.882717461e-09,6.111113403e-05,1.882717461e-09
5784,0.0001111111528,6.172844135e-09,0.0001111111528,6.172844135e-09
5785,5.555557639e-05,3.086422068e-09,5.555557639e-05,3.086422068e-09
5786,5.555557639e-05,3.086422068e-09,5.555557639e-05,3.086422068e-09
5787,4.166668229e-05,1.736112413e-09,4.166668229e-05,1.736112413e-09
5788,0.0001111111528,4.629633101e-09,0.0001111111528,4.629633101e-09
5789,2.777778819e-05,7.716055169e-10,2.777778819e-05,7.716055169e-10
5790,8.333336458e-05,3.858027585e-09,8.333336458e-05,3.858027585e-09
5791,0,0,0,0
5792,0.0001111111528,4.629633102e-09,0.0001111111528,4.629633102e-09
5793,5.555557639e-05,3.086422068e-09,5.555557639e-05,3.086422068e-09
5794,2.777778819e-05,7.716055169e-10,2.777778819e-05,7.716055169e-10
5795,5.555557639e-05,1.543211034e-09,5.555557639e-05,1.543211034e-09
5796,2.777778819e-05,7.716055169e-10,2.777778819e-05,7.716055169e-10
5797,2.777778819e-05,7.716055169e-10,2.777778819e-05,7.716055169e-10
5798,2.777778819e-05,7.716055169e-10,2.777778819e-05,7.716055169e-10
5799,5.555557639e-05,3.086422068e-09,5.555557639e-05,3.086422068e-09
5800,0.000138888941,6.944449652e-09,0.000138888941,6.944449652e-09
5801,0,0,0,0
5802,8.333336458e-05,3.858027585e-09,8.333336458e-05,3.858027585e-09
5803,5.555557639e-05,3.086422068e-09,5.555557639e-05,3.086422068e-09
5804,2.777778819e-05,7.716055169e-10,2.777778819e-05,7.716055169e-10
5805,2.777778819e-05,7.716055169e-10,2.777778819e-05,7.716055169e-10
5806,5.555557639e-05,3.086422068e-09,5.555557639e-05,3.086422068e-09
5807,0,0,0,0
5808,5.55555764e-05,1.543211034e-09,5.55555764e-05,1.543211034e-09
5809,8.333336458e-05,3.858027585e-09,8.333336458e-05,3.858027585e-09
5810,8.333336458e-05,3.858027585e-09,8.333336458e-05,3.858027585e-09
5811,0,0,0,0
5812,5.555557639e-05,3.086422068e-09,5.555557639e-05,3.086422068e-09
5813,0.0001666667292,6.172844135e-09,0.0001666667292,6.172844135e-09
5814,0.0001666667292,7.716055169e-09,0.0001666667292,7.716055169e-09
5815,0,0,0,0
5816,5.555557639e-05,3.086422068e-09,5.555557639e-05,3.086422068e-09
5817,0.0001666667291,9.259266205e-09,0.0001666667291,9.259266205e-09
5818,5.555557639e-05,3.086422068e-09,5.555557639e-05,3.086422068e-09
5819,8.333336458e-05,3.858027585e-09,8.333336458e-05,3.858027585e-09
5820,0.0001111111528,4.629633101e-09,0.0001111111528,4.629633101e-09
5821,2.777778819e-05,7.716055169e-10,2.777778819e-05,7.716055169e-10
5822,0.0001111111528,4.629633101e-09,0.0001111111528,4.629633101e-09
5823,0.0002870371447,1.294582589e-08,0.0002870371447,1.294582589e-08
5824,2.777778819e-05,7.716055169e-10,2.777778819e-05,7.716055169e-10
5825,8.33333646e-05,2.314816551e-09,8.33333646e-05,2.314816551e-09
5826,5.555557639e-05,3.086422068e-09,5.555557639e-05,3.086422068e-09
5827,0.0002222223056,1.080247724e-08,0.0002222223056,1.080247724e-08
5828,5.555557639e-05,3.086422068e-09,5.555557639e-05,3.086422068e-09
5829,0.0001583333927,9.020068493e-09,0.0001583333927,9.020068493e-09
5830,0.0001111111528,4.629633101e-09,0.0001111111528,4.629633101e-09
5831,5.555557639e-05,1.543211034e-09,5.555557639e-05,1.543211034e-09
5832,2.777778819e-05,7.716055169e-10,2.777778819e-05,7.716055169e-10
5833,0.0001944445173,1.003087172e-08,0.0001944445173,1.003087172e-08
5834,0.0001111111528,3.086422068e-09,0.0001111111528,3.086422068e-09
5835,8.333336458e-05,3.858027585e-09,8.333336458e-05,3.858027585e-09
5836,0,0,0,0
5837,0.0002500000937,1.311729379e-08,0.0002500000937,1.311729379e-08
5838,5.555557639e-05,3.086422068e-09,5.555557639e-05,3.086422068e-09
5839,0.000138888941,6.944449652e-09,0.000138888941,6.944449652e-09
5840,0.000138888941,6.944449652e-09,0.000138888941,6.944449652e-09
5841,0.0001296296782,8.573394633e-09,0.0001296296782,8.573394633e-09
5842,0.000138888941,6.944449652e-09,0.000138888941,6.944449652e-09
5843,0.0001777778444,8.456796465e-09,0.0001777778444,8.456796465e-09
5844,0.0001666667291,9.259266205e-09,0.0001666667291,9.259266205e-09
5845,0.0001111111528,4.629633101e-09,0.0001111111528,4.629633101e-09
5846,0.0002361111997,1.408180068e-08,0.0002361111997,1.408180068e-08
5847,2.777778819e-05,7.716055169e-10,2.777778819e-05,7.716055169e-10
5848,0,0,0,0
5849,0.0001666667292,6.172844135e-09,0.0001666667292,6.172844135e-09
5850,8.333336458e-05,3.858027585e-09,8.333336458e-05,3.858027585e-09
5851,0,0,0,0
5852,0.0001111111528,6.172844135e-09,0.0001111111528,6.172844135e-09
5853,5.555557639e-05,1.543211034e-09,5.555557639e-05,1.543211034e-09
5854,0.0001111111528,4.629633101e-09,0.0001111111528,4.629633101e-09
5855,0.000138888941,6.944449652e-09,0.000138888941,6.944449652e-09
5856,0,0,0,0
5857,8.333336458e-05,3.858027585e-09,8.333336458e-05,3.858027585e-09
5858,8.333336458e-05,3.858027585e-09,8.333336458e-05,3.858027585e-09
5859,8.333336458e-05,3.858027585e-09,8.333336458e-05,3.858027585e-09
5860,0.0001944445174,8.487660686e-09,0.0001944445174,8.487660686e-09
5861,8.333336458e-05,3.858027585e-09,8.333336458e-05,3.858027585e-09
5862,5.55555764e-05,1.543211034e-09,5.55555764e-05,1.543211034e-09
5863,5.555557639e-05,1.543211034e-09,5.555557639e-05,1.543211034e-09
5864,5.55555764e-05,1.543211034e-09,5.55555764e-05,1.543211034e-09
5865,8.333336458e-05,3.858027585e-09,8.333336458e-05,3.858027585e-09
5866,2.777778819e-05,7.716055169e-10,2.777778819e-05,7.716055169e-10
5867,8.333336458e-05,3.858027585e-09,8.333336458e-05,3.858027585e-09
5868,2.777778819e-05,7.716055169e-10,2.777778819e-05,7.716055169e-10
5869,2.777778819e-05,7.716055169e-10,2.777778819e-05,7.716055169e-10
5870,0.0002222223056,1.080247724e-08,0.0002222223056,1.080247724e-08
5871,0.000138888941,5.401238618e-09,0.000138888941,5.401238618e-09
5872,8.333336458e-05,3.858027585e-09,8.333336458e-05,3.858027585e-09
5873,5.555557639e-05,3.086422068e-09,5.555557639e-05,3.086422068e-09
5874,0.0001944445174,6.944449652e-09,0.0001944445174,6.944449652e-09
5875,2.777778819e-05,7.716055169e-10,2.777778819e-05,7.716055169e-10
5876,8.333336458e-05,3.858027585e-09,8.333336458e-05,3.858027585e-09
5877,2.777778819e-05,7.716055169e-10,2.777778819e-05,7.716055169e-10
5878,5.555557639e-05,3.086422068e-09,5.555557639e-05,3.086422068e-09
5879,5.555557639e-05,3.086422068e-09,5.555557639e-05,3.086422068e-09
5880,0,0,0,0
5881,8.333336458e-05,3.858027585e-09,8.333336458e-05,3.858027585e-09
5882,8.333336458e-05,2.314816551e-09,8.333336458e-05,2.314816551e-09
5883,8.888892222e-05,4.506176219e-09,8.888892222e-05,4.506176219e-09
5884,2.777778819e-05,7.716055169e-10,2.777778819e-05,7.716055169e-10
5885,2.777778819e-05,7.716055169e-10,2.777778819e-05,7.716055169e-10
5886,2.777778819e-05,7.716055169e-10,2.777778819e-05,7.716055169e-10
5887,0.0002222223056,1.080247724e-08,0.0002222223056,1.080247724e-08
5888,5.555557639e-05,1.543211034e-09,5.555557639e-05,1.543211034e-09
5889,5.555557639e-05,3.086422068e-09,5.555557639e-05,3.086422068e-09
5890,5.555557639e-05,3.086422068e-09,5.555557639e-05,3.086422068e-09
5891,8.333336458e-05,3.858027585e-09,8.333336458e-05,3.858027585e-09
5892,8.333336458e-05,3.858027585e-09,8.333336458e-05,3.858027585e-09
5893,0.0001111111528,6.172844135e-09,0.0001111111528,6.172844135e-09
5894,2.777778819e-05,7.716055169e-10,2.777778819e-05,7.716055169e-10
5895,0.000138888941,6.944449652e-09,0.000138888941,6.944449652e-09
5896,0.000138888941,5.401238619e-09,0.000138888941,5.401238619e-09
5897,0.0001666667291,9.259266205e-09,0.0001666667291,9.259266205e-09
5898,8.333336458e-05,3.858027585e-09,8.333336458e-05,3.858027585e-09
5899,2.777778819e-05,7.716055169e-10,2.777778819e-05,7.716055169e-10
5900,5.555557639e-05,1.543211034e-09,5.555557639e-05,1.543211034e-09
5901,8.333336458e-05,3.858027585e-09,8.333336458e-05,3.858027585e-09
5902,2.777778819e-05,7.716055169e-10,2.777778819e-05,7.716055169e-10
5903,0.0001111111528,6.172844135e-09,0.0001111111528,6.172844135e-09
5904,0.0001111111528,6.172844135e-09,0.0001111111528,6.172844135e-09
5905,5.555557639e-05,1.543211034e-09,5.555557639e-05,1.543211034e-09
5906,0.0001111111528,6.172844135e-09,0.0001111111528,6.172844135e-09
5907,5.555557639e-05,3.086422068e-09,5.555557639e-05,3.086422068e-09
5908,0,0,0,0
5909,0,0,0,0
5910,5.555557639e-05,3.086422068e-09,5.555557639e-05,3.086422068e-09
5911,8.333336458e-05,3.858027585e-09,8.333336458e-05,3.858027585e-09
5912,2.777778819e-05,7.716055169e-10,2.777778819e-05,7.716055169e-10
5913,0.0001944445174,1.003087172e-08,0.0001944445174,1.003087172e-08
5914,0,0,0,0
5915,2.777778819e-05,7.716055169e-10,2.777778819e-05,7.716055169e-10
5916,0.0001666667292,7.716055169e-09,0.0001666667292,7.716055169e-09
5917,2.777778819e-05,7.716055169e-10,2.777778819e-05,7.716055169e-10
5918,2.777778819e-05,7.716055169e-10,2.777778819e-05,7.716055169e-10
5919,0.0001666667291,9.259266205e-09,0.0001666667291,9.259266205e-09
5920,0,0,0,0
5921,0,0,0,0
5922,2.777778819e-05,7.716055169e-10,2.777778819e-05,7.716055169e-10
5923,8.333336458e-05,3.858027585e-09,8.333336458e-05,3.858027585e-09
5924,0.000138888941,6.944449652e-09,0.000138888941,6.944449652e-09
5925,0.000138888941,6.944449652e-09,0.000138888941,6.944449652e-09
5926,5.555557639e-05,3.086422068e-09,5.555557639e-05,3.086422068e-09
5927,8.333336458e-05,3.858027585e-09,8.333336458e-05,3.858027585e-09
5928,0.0001111111528,6.172844135e-09,0.0001111111528,6.172844135e-09
5929,5.555557639e-05,3.086422068e-09,5.555557639e-05,3.086422068e-09
5930,0.0001111111528,4.629633101e-09,0.0001111111528,4.629633101e-09
5931,0.0002500000938,1.003087172e-08,0.0002500000938,1.003087172e-08
5932,5.555557639e-05,3.086422068e-09,5.555557639e-05,3.086422068e-09
5933,2.777778819e-05,7.716055169e-10,2.777778819e-05,7.716055169e-10
5934,3.472223524e-05,1.20563362e-09,3.472223524e-05,1.20563362e-09
5935,5.555557639e-05,1.543211034e-09,5.555557639e-05,1.543211034e-09
5936,0.0001666667292,6.172844135e-09,0.0001666667292,6.172844135e-09
5937,8.333336458e-05,3.858027585e-09,8.333336458e-05,3.858027585e-09
5938,5.555557639e-05,1.543211034e-09,5.555557639e-05,1.543211034e-09
5939,2.777778819e-05,7.716055169e-10,2.777778819e-05,7.716055169e-10
5940,5.555557639e-05,1.543211034e-09,5.555557639e-05,1.543211034e-09
5941,0,0,0,0
5942,2.777778819e-05,7.716055169e-10,2.777778819e-05,7.716055169e-10
5943,5.555557639e-05,3.086422068e-09,5.555557639e-05,3.086422068e-09
5944,0.0001111111528,6.172844135e-09,0.0001111111528,6.172844135e-09
5945,0.000138888941,6.944449652e-09,0.000138888941,6.944449652e-09
5946,5.555557639e-05,3.086422068e-09,5.555557639e-05,3.086422068e-09
5947,8.333336458e-05,3.858027585e-09,8.333336458e-05,3.858027585e-09
5948,5.555557639e-05,1.543211034e-09,5.555557639e-05,1.543211034e-09
5949,2.777778819e-05,7.716055169e-10,2.777778819e-05,7.716055169e-10
5950,5.555557639e-05,3.086422068e-09,5.555557639e-05,3.086422068e-09
5951,0,0,0,0
5952,5.555557639e-05,3.086422068e-09,5.555557639e-05,3.086422068e-09
5953,0.0001666667292,6.172844135e-09,0.0001666667292,6.172844135e-09
5954,8.333336458e-05,3.858027585e-09,8.333336458e-05,3.858027585e-09
5955,8.333336458e-05,3.858027585e-09,8.333336458e-05,3.858027585e-09
5956,8.333336458e-05,3.858027585e-09,8.333336458e-05,3.858027585e-09
5957,2.777778819e-05,7.716055169e-10,2.777778819e-05,7.716055169e-10
5958,5.555557639e-05,1.543211034e-09,5.555557639e-05,1.543211034e-09
5959,0.000138888941,6.944449652e-09,0.000138888941,6.944449652e-09
5960,2.777778819e-05,7.716055169e-10,2.777778819e-05,7.716055169e-10
5961,5.555557639e-05,3.086422068e-09,5.555557639e-05,3.086422068e-09
5962,2.777778819e-05,7.716055169e-10,2.777778819e-05,7.716055169e-10
5963,5.555557639e-05,3.086422068e-09,5.555557639e-05,3.086422068e-09
5964,5.555557639e-05,1.543211034e-09,5.555557639e-05,1.543211034e-09
5965,0.0001666667292,7.716055169e-09,0.0001666667292,7.716055169e-09
5966,8.796299595e-05,4.13666291e-09,8.796299595e-05,4.13666291e-09
5967,8.333336458e-05,3.858027585e-09,8.333336458e-05,3.858027585e-09
5968,0.0002500000937,1.311729379e-08,0.0002500000937,1.311729379e-08
5969,0,0,0,0
5970,0.0001666667292,9.259266203e-09,0.0001666667292,9.259266203e-09
5971,0.000138888941,5.401238618e-09,0.000138888941,5.401238618e-09
5972,0,0,0,0
5973,0,0,0,0
5974,0.0001111111528,4.629633101e-09,0.0001111111528,4.629633101e-09
5975,0.0001111111528,6.172844135e-09,0.0001111111528,6.172844135e-09
5976,5.555557639e-05,3.086422068e-09,5.555557639e-05,3.086422068e-09
5977,8.333336458e-05,3.858027585e-09,8.333336458e-05,3.858027585e-09
5978,0,0,0,0
5979,0.0001111111528,6.172844135e-09,0.0001111111528,6.172844135e-09
5980,9.259262731e-05,4.972568887e-09,9.259262731e-05,4.972568887e-09
5981,0,0,0,0
5982,5.55555764e-05,1.543211034e-09,5.55555764e-05,1.543211034e-09
5983,2.777778819e-05,7.716055169e-10,2.777778819e-05,7.716055169e-10
5984,0,0,0,0
5985,0.0001944445174,8.487660686e-09,0.0001944445174,8.487660686e-09
5986,2.777778819e-05,7.716055169e-10,2.777778819e-05,7.716055169e-10
5987,0.0002083334115,1.176698413e-08,0.0002083334115,1.176698413e-08
5988,2.777778819e-05,7.716055169e-10,2.777778819e-05,7.716055169e-10
5989,2.777778819e-05,7.716055169e-10,2.777778819e-05,7.716055169e-10
5990,0.0001111111528,4.629633101e-09,0.0001111111528,4.629633101e-09
5991,5.55555764e-05,1.543211034e-09,5.55555764e-05,1.543211034e-09
5992,2.777778819e-05,7.716055169e-10,2.777778819e-05,7.716055169e-10
5993,2.777778819e-05,7.716055169e-10,2.777778819e-05,7.716055169e-10
5994,0,0,0,0
5995,0.0001111111528,6.172844135e-09,0.0001111111528,6.172844135e-09
5996,5.555557639e-05,3.086422068e-09,5.555557639e-05,3.086422068e-09
5997,0.0001944445174,1.003087172e-08,0.0001944445174,1.003087172e-08
5998,5.555557639e-05,1.543211034e-09,5.555557639e-05,1.543211034e-09
5999,0,0,0,0
6000,0,0,0,0
6001,2.777778819e-05,7.716055169e-10,2.777778819e-05,7.716055169e-10
6002,0.0001666667292,7.716055169e-09,0.0001666667292,7.716055169e-09
6003,2.777778819e-05,7.716055169e-10,2.777778819e-05,7.716055169e-10
6004,2.777778819e-05,7.716055169e-10,2.777778819e-05,7.716055169e-10
6005,8.333336458e-05,2.314816551e-09,8.333336458e-05,2.314816551e-09
6006,0.000138888941,6.944449652e-09,0.000138888941,6.944449652e-09
6007,2.777778819e-05,7.716055169e-10,2.777778819e-05,7.716055169e-10
6008,5.555557639e-05,3.086422068e-09,5.555557639e-05,3.086422068e-09
6009,8.333336458e-05,3.858027585e-09,8.333336458e-05,3.858027585e-09
6010,0.0001180555998,5.063661205e-09,0.0001180555998,5.063661205e-09
6011,5.555557639e-05,1.543211034e-09,5.555557639e-05,1.543211034e-09
6012,2.777778819e-05,7.716055169e-10,2.777778819e-05,7.716055169e-10
6013,0.000138888941,5.401238619e-09,0.000138888941,5.401238619e-09
6014,2.777778819e-05,7.716055169e-10,2.777778819e-05,7.716055169e-10
6015,0.0001111111528,4.629633101e-09,0.0001111111528,4.629633101e-09
6016,0.0001111111528,6.172844135e-09,0.0001111111528,6.172844135e-09
6017,2.777778819e-05,7.716055169e-10,2.777778819e-05,7.716055169e-10
6018,5.555557639e-05,3.086422068e-09,5.555557639e-05,3.086422068e-09
6019,0.0001111111528,4.629633101e-09,0.0001111111528,4.629633101e-09
6020,5.555557639e-05,1.543211034e-09,5.555557639e-05,1.543211034e-09
6021,0,0,0,0
6022,0.000152777835,1.253858965e-08,0.000152777835,1.253858965e-08
6023,0,0,0,0
6024,0.0001111111528,6.172844135e-09,0.0001111111528,6.172844135e-09
6025,0,0,0,0
6026,8.333336458e-05,3.858027585e-09,8.333336458e-05,3.858027585e-09
6027,0,0,0,0
6028,4.166668229e-05,1.736112413e-09,4.166668229e-05,1.736112413e-09
6029,0.000138888941,6.944449652e-09,0.000138888941,6.944449652e-09
6030,0.0001666667292,9.259266203e-09,0.0001666667292,9.259266203e-09
6031,8.333336458e-05,2.314816551e-09,8.333336458e-05,2.314816551e-09
6032,2.777778819e-05,7.716055169e-10,2.777778819e-05,7.716055169e-10
6033,2.777778819e-05,7.716055169e-10,2.777778819e-05,7.716055169e-10
6034,0,0,0,0
6035,0.000138888941,6.944449652e-09,0.000138888941,6.944449652e-09
6036,8.796299595e-05,4.13666291e-09,8.796299595e-05,4.13666291e-09
6037,0.0001944445173,1.620371585e-08,0.0001944445173,1.620371585e-08
6038,0.000138888941,6.944449652e-09,0.000138888941,6.944449652e-09
6039,5.555557639e-05,3.086422068e-09,5.555557639e-05,3.086422068e-09
6040,8.333336458e-05,2.314816551e-09,8.333336458e-05,2.314816551e-09
6041,0,0,0,0
6042,2.777778819e-05,7.716055169e-10,2.777778819e-05,7.716055169e-10
6043,2.777778819e-05,7.716055169e-10,2.777778819e-05,7.716055169e-10
6044,0.0001111111528,6.172844135e-09,0.0001111111528,6.172844135e-09
6045,5.555557639e-05,3.086422068e-09,5.555557639e-05,3.086422068e-09
6046,6.34920873e-05,4.03124515e-09,6.34920873e-05,4.03124515e-09
6047,8.333336458e-05,3.858027585e-09,8.333336458e-05,3.858027585e-09
6048,5.555557639e-05,3.086422068e-09,5.555557639e-05,3.086422068e-09
6049,0.000240740831,1.320302773e-08,0.000240740831,1.320302773e-08
6050,0,0,0,0
6051,0.0001111111528,3.086422068e-09,0.0001111111528,3.086422068e-09
6052,0.0001944445174,8.487660686e-09,0.0001944445174,8.487660686e-09
6053,2.777778819e-05,7.716055169e-10,2.777778819e-05,7.716055169e-10
6054,5.555557639e-05,3.086422068e-09,5.555557639e-05,3.086422068e-09
6055,2.777778819e-05,7.716055169e-10,2.777778819e-05,7.716055169e-10
6056,0.0001111111528,4.629633101e-09,0.0001111111528,4.629633101e-09
6057,0.0001944445174,1.311729379e-08,0.0001944445174,1.311729379e-08
6058,0.000138888941,5.401238618e-09,0.000138888941,5.401238618e-09
6059,2.777778819e-05,7.716055169e-10,2.777778819e-05,7.716055169e-10
6060,0.0001111111528,4.629633101e-09,0.0001111111528,4.629633101e-09
6061,0.0001111111528,4.629633102e-09,0.0001111111528,4.629633102e-09
6062,0.0001180555998,5.063661205e-09,0.0001180555998,5.063661205e-09
6063,0,0,0,0
6064,5.555557639e-05,1.543211034e-09,5.555557639e-05,1.543211034e-09
6065,5.555557639e-05,1.543211034e-09,5.555557639e-05,1.543211034e-09
6066,2.777778819e-05,7.716055169e-10,2.777778819e-05,7.716055169e-10
6067,0,0,0,0
6068,5.555557639e-05,3.086422068e-09,5.555557639e-05,3.086422068e-09
6069,0.0001111111528,4.629633101e-09,0.0001111111528,4.629633101e-09
6070,0.0001111111528,4.629633101e-09,0.0001111111528,4.629633101e-09
6071,2.777778819e-05,7.716055169e-10,2.777778819e-05,7.716055169e-10
6072,0.0001666667291,9.259266205e-09,0.0001666667291,9.259266205e-09
6073,0.000138888941,6.944449652e-09,0.000138888941,6.944449652e-09
6074,2.777778819e-05,7.716055169e-10,2.777778819e-05,7.716055169e-10
6075,2.777778819e-05,7.716055169e-10,2.777778819e-05,7.716055169e-10
6076,8.333336458e-05,3.858027585e-09,8.333336458e-05,3.858027585e-09
6077,0.000138888941,6.944449652e-09,0.000138888941,6.944449652e-09
6078,8.333336458e-05,3.858027585e-09,8.333336458e-05,3.858027585e-09
6079,2.777778819e-05,7.716055169e-10,2.777778819e-05,7.716055169e-10
6080,0.0001851852546,1.989027555e-08,0.0001851852546,1.989027555e-08
6081,2.777778819e-05,7.716055169e-10,2.777778819e-05,7.716055169e-10
6082,0.000138888941,5.401238619e-09,0.000138888941,5.401238619e-09
6083,0,0,0,0
6084,2.777778819e-05,7.716055169e-10,2.777778819e-05,7.716055169e-10
6085,0,0,0,0
6086,0,0,0,0
6087,6.250002344e-05,1.977239137e-09,6.250002344e-05,1.977239137e-09
6088,0,0,0,0
6089,0,0,0,0
6090,0,0,0,0
6091,5.555557639e-05,3.086422068e-09,5.555557639e-05,3.086422068e-09
6092,5.555557639e-05,1.543211034e-09,5.555557639e-05,1.543211034e-09
6093,0.000138888941,6.944449652e-09,0.000138888941,6.944449652e-09
6094,8.333336458e-05,3.858027585e-09,8.333336458e-05,3.858027585e-09
6095,0,0,0,0
6096,8.333336458e-05,3.858027585e-09,8.333336458e-05,3.858027585e-09
6097,0.0001666667292,7.716055169e-09,0.0001666667292,7.716055169e-09
6098,2.777778819e-05,7.716055169e-10,2.777778819e-05,7.716055169e-10
6099,0.0001666667292,7.716055169e-09,0.0001666667292,7.716055169e-09
6100,2.777778819e-05,7.716055169e-10,2.777778819e-05,7.716055169e-10
6101,5.555557639e-05,3.086422068e-09,5.555557639e-05,3.086422068e-09
6102,0,0,0,0
6103,0.000138888941,5.401238619e-09,0.000138888941,5.401238619e-09
6104,0.000138888941,6.944449652e-09,0.000138888941,6.944449652e-09
6105,0,0,0,0
6106,0.0002777778819,1.388889931e-08,0.0002777778819,1.388889931e-08
6107,5.555557639e-05,3.086422068e-09,5.555557639e-05,3.086422068e-09
6108,0.0001111111528,4.629633101e-09,0.0001111111528,4.629633101e-09
6109,5.555557639e-05,1.543211034e-09,5.555557639e-05,1.543211034e-09
6110,0.0001666667292,9.259266203e-09,0.0001666667292,9.259266203e-09
6111,5.555557639e-05,1.543211034e-09,5.555557639e-05,1.543211034e-09
6112,0,0,0,0
6113,0.0002222223056,1.080247724e-08,0.0002222223056,1.080247724e-08
6114,8.33333646e-05,2.314816551e-09,8.33333646e-05,2.314816551e-09
6115,0.0001111111528,4.629633101e-09,0.0001111111528,4.629633101e-09
6116,0.0001111111528,6.172844135e-09,0.0001111111528,6.172844135e-09
6117,0.0001111111528,7.716055171e-09,0.0001111111528,7.716055171e-09
6118,0.0001111111528,4.629633102e-09,0.0001111111528,4.629633102e-09
6119,5.555557639e-05,3.086422068e-09,5.555557639e-05,3.086422068e-09
6120,0.0001666667292,7.716055169e-09,0.0001666667292,7.716055169e-09
6121,0.000138888941,6.944449652e-09,0.000138888941,6.944449652e-09
6122,0.0001111111528,4.629633101e-09,0.0001111111528,4.629633101e-09
6123,5.555557639e-05,3.086422068e-09,5.555557639e-05,3.086422068e-09
6124,0.0001111111528,4.629633102e-09,0.0001111111528,4.629633102e-09
6125,8.333336458e-05,3.858027585e-09,8.333336458e-05,3.858027585e-09
6126,3.055556702e-05,9.336426755e-10,3.055556702e-05,9.336426755e-10
6127,2.777778819e-05,7.716055169e-10,2.777778819e-05,7.716055169e-10
6128,5.555557639e-05,3.086422068e-09,5.555557639e-05,3.086422068e-09
6129,0.0001944445174,1.311729379e-08,0.0001944445174,1.311729379e-08
6130,0,0,0,0
6131,2.777778819e-05,7.716055169e-10,2.777778819e-05,7.716055169e-10
6132,0.0001666667292,6.172844135e-09,0.0001666667292,6.172844135e-09
6133,0.000138888941,6.944449652e-09,0.000138888941,6.944449652e-09
6134,0.0001111111528,4.629633101e-09,0.0001111111528,4.629633101e-09
6135,0.0001944445174,1.003087172e-08,0.0001944445174,1.003087172e-08
6136,5.555557639e-05,1.543211034e-09,5.555557639e-05,1.543211034e-09
6137,5.555557639e-05,3.086422068e-09,5.555557639e-05,3.086422068e-09
6138,5.555557639e-05,1.543211034e-09,5.555557639e-05,1.543211034e-09
6139,0,0,0,0
6140,5.555557639e-05,3.086422068e-09,5.555557639e-05,3.086422068e-09
6141,5.555557639e-05,1.543211034e-09,5.555557639e-05,1.543211034e-09
6142,0.0001111111528,4.629633101e-09,0.0001111111528,4.629633101e-09
6143,5.555557639e-05,3.086422068e-09,5.555557639e-05,3.086422068e-09
6144,5.555557639e-05,3.086422068e-09,5.555557639e-05,3.086422068e-09
6145,0.0001944445174,8.487660686e-09,0.0001944445174,8.487660686e-09
6146,0,0,0,0
6147,5.555557639e-05,3.086422068e-09,5.555557639e-05,3.086422068e-09
6148,0.0001111111528,4.629633101e-09,0.0001111111528,4.629633101e-09
6149,2.777778819e-05,7.716055169e-10,2.777778819e-05,7.716055169e-10
6150,0,0,0,0
6151,2.777778819e-05,7.716055169e-10,2.777778819e-05,7.716055169e-10
6152,2.777778819e-05,7.716055169e-10,2.777778819e-05,7.716055169e-10
6153,0.0001111111528,6.172844135e-09,0.0001111111528,6.172844135e-09
6154,5.555557639e-05,3.086422068e-09,5.555557639e-05,3.086422068e-09
6155,0,0,0,0
6156,5.555557639e-05,1.543211034e-09,5.555557639e-05,1.543211034e-09
6157,0.000138888941,6.944449652e-09,0.000138888941,6.944449652e-09
6158,2.777778819e-05,7.716055169e-10,2.777778819e-05,7.716055169e-10
6159,8.333336458e-05,3.858027585e-09,8.333336458e-05,3.858027585e-09
6160,2.777778819e-05,7.716055169e-10,2.777778819e-05,7.716055169e-10
6161,2.777778819e-05,7.716055169e-10,2.777778819e-05,7.716055169e-10
6162,0.000138888941,6.944449652e-09,0.000138888941,6.944449652e-09
6163,0,0,0,0
6164,3.472223524e-05,1.20563362e-09,3.472223524e-05,1.20563362e-09
6165,2.777778819e-05,7.716055169e-10,2.777778819e-05,7.716055169e-10
6166,0.0001111111528,6.172844135e-09,0.0001111111528,6.172844135e-09
6167,8.333336458e-05,3.858027585e-09,8.333336458e-05,3.858027585e-09
6168,5.555557639e-05,3.086422068e-09,5.555557639e-05,3.086422068e-09
6169,5.555557639e-05,1.543211034e-09,5.555557639e-05,1.543211034e-09
6170,5.555557639e-05,3.086422068e-09,5.555557639e-05,3.086422068e-09
6171,0.0001111111528,4.629633101e-09,0.0001111111528,4.629633101e-09
6172,0,0,0,0
6173,0.000138888941,6.944449655e-09,0.000138888941,6.944449655e-09
6174,2.777778819e-05,7.716055169e-10,2.777778819e-05,7.716055169e-10
6175,5.555557639e-05,3.086422068e-09,5.555557639e-05,3.086422068e-09
6176,0.0001111111528,6.172844135e-09,0.0001111111528,6.172844135e-09
6177,5.555557639e-05,3.086422068e-09,5.555557639e-05,3.086422068e-09
6178,8.333336458e-05,3.858027585e-09,8.333336458e-05,3.858027585e-09
6179,5.555557639e-05,3.086422068e-09,5.555557639e-05,3.086422068e-09
6180,0,0,0,0
6181,0.000138888941,5.401238618e-09,0.000138888941,5.401238618e-09
6182,0.0001666667292,9.259266203e-09,0.0001666667292,9.259266203e-09
6183,0.000138888941,5.401238618e-09,0.000138888941,5.401238618e-09
6184,0,0,0,0
6185,0.0002222223056,1.080247724e-08,0.0002222223056,1.080247724e-08
6186,0.0001111111528,6.172844135e-09,0.0001111111528,6.172844135e-09
6187,0.0002546297251,1.879716773e-08,0.0002546297251,1.879716773e-08
6188,0,0,0,0
6189,5.555557639e-05,1.543211034e-09,5.555557639e-05,1.543211034e-09
6190,5.555557639e-05,3.086422068e-09,5.555557639e-05,3.086422068e-09
6191,0,0,0,0
6192,0.000138888941,6.944449652e-09,0.000138888941,6.944449652e-09
6193,2.777778819e-05,7.716055169e-10,2.777778819e-05,7.716055169e-10
6194,5.555557639e-05,1.543211034e-09,5.555557639e-05,1.543211034e-09
6195,2.777778819e-05,7.716055169e-10,2.777778819e-05,7.716055169e-10
6196,0,0,0,0
6197,5.555557639e-05,3.086422068e-09,5.555557639e-05,3.086422068e-09
6198,0.000138888941,6.944449652e-09,0.000138888941,6.944449652e-09
6199,5.555557639e-05,1.543211034e-09,5.555557639e-05,1.543211034e-09
6200,0.000261111209,1.44753195e-08,0.000261111209,1.44753195e-08
6201,6.481483912e-05,2.143348658e-09,6.481483912e-05,2.143348658e-09
6202,0,0,0,0
6203,8.333336458e-05,3.858027585e-09,8.333336458e-05,3.858027585e-09
6204,2.777778819e-05,7.716055169e-10,2.777778819e-05,7.716055169e-10
6205,8.333336458e-05,3.858027585e-09,8.333336458e-05,3.858027585e-09
6206,2.777778819e-05,7.716055169e-10,2.777778819e-05,7.716055169e-10
6207,2.777778819e-05,7.716055169e-10,2.777778819e-05,7.716055169e-10
6208,8.333336458e-05,3.858027585e-09,8.333336458e-05,3.858027585e-09
6209,2.777778819e-05,7.716055169e-10,2.777778819e-05,7.716055169e-10
6210,0.000138888941,6.944449652e-09,0.000138888941,6.944449652e-09
6211,6.018520776e-05,1.821846359e-09,6.018520776e-05,1.821846359e-09
6212,5.555557639e-05,3.086422068e-09,5.555557639e-05,3.086422068e-09
6213,0.0001944445174,6.944449652e-09,0.0001944445174,6.944449652e-09
6214,0,0,0,0
6215,8.333336458e-05,3.858027585e-09,8.333336458e-05,3.858027585e-09
6216,5.555557639e-05,1.543211034e-09,5.555557639e-05,1.543211034e-09
6217,6.944447048e-05,2.50771793e-09,6.944447048e-05,2.50771793e-09
6218,0.0001666667291,9.259266205e-09,0.0001666667291,9.259266205e-09
6219,0.000138888941,6.944449652e-09,0.000138888941,6.944449652e-09
6220,9.25926273e-05,8.573394632e-09,9.25926273e-05,8.573394632e-09
6221,2.777778819e-05,7.716055169e-10,2.777778819e-05,7.716055169e-10
6222,0,0,0,0
6223,0.0001944445173,8.487660688e-09,0.0001944445173,8.487660688e-09
6224,0,0,0,0
6225,8.888892222e-05,4.197534012e-09,8.888892222e-05,4.197534012e-09
6226,5.555557639e-05,1.543211034e-09,5.555557639e-05,1.543211034e-09
6227,0.0001111111528,4.629633101e-09,0.0001111111528,4.629633101e-09
6228,2.777778819e-05,7.716055169e-10,2.777778819e-05,7.716055169e-10
6229,5.555557639e-05,1.543211034e-09,5.555557639e-05,1.543211034e-09
6230,8.333336458e-05,2.314816551e-09,8.333336458e-05,2.314816551e-09
6231,8.333336458e-05,3.858027585e-09,8.333336458e-05,3.858027585e-09
6232,0,0,0,0
6233,0.0001666667292,6.172844135e-09,0.0001666667292,6.172844135e-09
6234,0.0001111111528,4.629633101e-09,0.0001111111528,4.629633101e-09
6235,2.777778819e-05,7.716055169e-10,2.777778819e-05,7.716055169e-10
6236,0.0001111111528,6.172844135e-09,0.0001111111528,6.172844135e-09
6237,0.000138888941,6.944449652e-09,0.000138888941,6.944449652e-09
6238,0.0001111111528,6.172844135e-09,0.0001111111528,6.172844135e-09
6239,0.0001666667292,7.716055169e-09,0.0001666667292,7.716055169e-09
6240,0.0001111111528,6.172844135e-09,0.0001111111528,6.172844135e-09
6241,0,0,0,0
6242,5.555557639e-05,1.543211034e-09,5.555557639e-05,1.543211034e-09
6243,0,0,0,0
6244,2.777778819e-05,7.716055169e-10,2.777778819e-05,7.716055169e-10
6245,0.0001851852546,8.573394633e-09,0.0001851852546,8.573394633e-09
6246,0.0001111111528,4.629633101e-09,0.0001111111528,4.629633101e-09
6247,8.333336458e-05,3.858027585e-09,8.333336458e-05,3.858027585e-09
6248,8.333336458e-05,3.858027585e-09,8.333336458e-05,3.858027585e-09
6249,0.0001666667291,7.716055172e-09,0.0001666667291,7.716055172e-09
6250,5.555557639e-05,3.086422068e-09,5.555557639e-05,3.086422068e-09
6251,5.555557639e-05,1.543211034e-09,5.555557639e-05,1.543211034e-09
6252,2.777778819e-05,7.716055169e-10,2.777778819e-05,7.716055169e-10
6253,5.555557639e-05,1.543211034e-09,5.555557639e-05,1.543211034e-09
6254,2.777778819e-05,7.716055169e-10,2.777778819e-05,7.716055169e-10
6255,0.0001944445174,1.157408276e-08,0.0001944445174,1.157408276e-08
6256,0,0,0,0
6257,5.555557639e-05,1.543211034e-09,5.555557639e-05,1.543211034e-09
6258,2.777778819e-05,7.716055169e-10,2.777778819e-05,7.716055169e-10
6259,0,0,0,0
6260,5.555557639e-05,3.086422068e-09,5.555557639e-05,3.086422068e-09
6261,8.333336458e-05,2.314816551e-09,8.333336458e-05,2.314816551e-09
6262,2.777778819e-05,7.716055169e-10,2.777778819e-05,7.716055169e-10
6263,0.0001111111528,6.172844138e-09,0.0001111111528,6.172844138e-09
6264,0.0001111111528,3.086422068e-09,0.0001111111528,3.086422068e-09
6265,5.555557639e-05,1.543211034e-09,5.555557639e-05,1.543211034e-09
6266,8.333336458e-05,3.858027585e-09,8.333336458e-05,3.858027585e-09
6267,0,0,0,0
6268,8.333336458e-05,3.858027585e-09,8.333336458e-05,3.858027585e-09
6269,5.555557639e-05,1.543211034e-09,5.555557639e-05,1.543211034e-09
6270,0.0001481482037,7.544587276e-09,0.0001481482037,7.544587276e-09
6271,5.55555764e-05,1.543211034e-09,5.55555764e-05,1.543211034e-09
6272,2.777778819e-05,7.716055169e-10,2.777778819e-05,7.716055169e-10
6273,0.000138888941,5.401238619e-09,0.000138888941,5.401238619e-09
6274,5.555557639e-05,3.086422068e-09,5.555557639e-05,3.086422068e-09
6275,8.333336458e-05,3.858027585e-09,8.333336458e-05,3.858027585e-09
6276,0.000138888941,5.401238618e-09,0.000138888941,5.401238618e-09
6277,0,0,0,0
6278,2.777778819e-05,7.716055169e-10,2.777778819e-05,7.716055169e-10
6279,5.555557639e-05,3.086422068e-09,5.555557639e-05,3.086422068e-09
6280,0.0001111111528,4.629633101e-09,0.0001111111528,4.629633101e-09
6281,2.777778819e-05,7.716055169e-10,2.777778819e-05,7.716055169e-10
6282,2.777778819e-05,7.716055169e-10,2.777778819e-05,7.716055169e-10
6283,0.0001111111528,4.629633101e-09,0.0001111111528,4.629633101e-09
6284,2.777778819e-05,7.716055169e-10,2.777778819e-05,7.716055169e-10
6285,8.333336458e-05,3.858027585e-09,8.333336458e-05,3.858027585e-09
6286,0.0001111111528,6.172844135e-09,0.0001111111528,6.172844135e-09
6287,0,0,0,0
6288,5.952383184e-05,1.779416804e-09,5.952383184e-05,1.779416804e-09
6289,0.0001944445174,1.003087172e-08,0.0001944445174,1.003087172e-08
6290,0.000138888941,6.944449652e-09,0.000138888941,6.944449652e-09
6291,0.0001111111528,4.629633101e-09,0.0001111111528,4.629633101e-09
6292,2.777778819e-05,7.716055169e-10,2.777778819e-05,7.716055169e-10
6293,0.0001111111528,4.629633101e-09,0.0001111111528,4.629633101e-09
6294,8.333336458e-05,2.314816551e-09,8.333336458e-05,2.314816551e-09
6295,0.0003055556701,1.466050482e-08,0.0003055556701,1.466050482e-08
6296,5.555557639e-05,3.086422068e-09,5.555557639e-05,3.086422068e-09
6297,0,0,0,0
6298,5.555557639e-05,1.543211034e-09,5.555557639e-05,1.543211034e-09
6299,0,0,0,0
6300,5.555557639e-05,1.543211034e-09,5.555557639e-05,1.543211034e-09
6301,5.555557639e-05,3.086422068e-09,5.555557639e-05,3.086422068e-09
6302,0,0,0,0
6303,8.333336458e-05,3.858027585e-09,8.333336458e-05,3.858027585e-09
6304,0.0001111111528,4.629633101e-09,0.0001111111528,4.629633101e-09
6305,8.333336458e-05,3.858027585e-09,8.333336458e-05,3.858027585e-09
6306,0.000138888941,6.944449652e-09,0.000138888941,6.944449652e-09
6307,0,0,0,0
6308,0,0,0,0
6309,5.555557639e-05,3.086422068e-09,5.555557639e-05,3.086422068e-09
6310,0.0001111111528,4.629633101e-09,0.0001111111528,4.629633101e-09
6311,5.555557639e-05,3.086422068e-09,5.555557639e-05,3.086422068e-09
6312,8.760687046e-05,4.351124602e-09,8.760687046e-05,4.351124602e-09
6313,8.680558811e-05,4.0629853e-09,8.680558811e-05,4.0629853e-09
6314,0.0002500000937,1.157408275e-08,0.0002500000937,1.157408275e-08
6315,8.333336458e-05,3.858027585e-09,8.333336458e-05,3.858027585e-09
6316,2.777778819e-05,7.716055169e-10,2.777778819e-05,7.716055169e-10
6317,0.0001111111528,6.172844135e-09,0.0001111111528,6.172844135e-09
6318,5.555557639e-05,3.086422068e-09,5.555557639e-05,3.086422068e-09
6319,0,0,0,0
6320,0.0001342593096,6.194277622e-09,0.0001342593096,6.194277622e-09
6321,8.333336458e-05,2.314816551e-09,8.333336458e-05,2.314816551e-09
6322,5.555557639e-05,3.086422068e-09,5.555557639e-05,3.086422068e-09
6323,0,0,0,0
6324,2.777778819e-05,7.716055169e-10,2.777778819e-05,7.716055169e-10
6325,2.777778819e-05,7.716055169e-10,2.777778819e-05,7.716055169e-10
6326,8.33333646e-05,3.858027584e-09,8.33333646e-05,3.858027584e-09
6327,5.555557639e-05,3.086422068e-09,5.555557639e-05,3.086422068e-09
6328,2.777778819e-05,7.716055169e-10,2.777778819e-05,7.716055169e-10
6329,0.000138888941,6.944449652e-09,0.000138888941,6.944449652e-09
6330,0.000138888941,6.944449652e-09,0.000138888941,6.944449652e-09
6331,0.0001111111528,4.629633101e-09,0.0001111111528,4.629633101e-09
6332,0.0002199074899,1.286545032e-08,0.0002199074899,1.286545032e-08
6333,6.666669166e-05,4.444447778e-09,6.666669166e-05,4.444447778e-09
6334,5.555557639e-05,3.086422068e-09,5.555557639e-05,3.086422068e-09
6335,5.555557639e-05,3.086422068e-09,5.555557639e-05,3.086422068e-09
6336,0,0,0,0
6337,0.000138888941,5.401238618e-09,0.000138888941,5.401238618e-09
6338,2.777778819e-05,7.716055169e-10,2.777778819e-05,7.716055169e-10
6339,0.0001111111528,4.629633101e-09,0.0001111111528,4.629633101e-09
6340,2.777778819e-05,7.716055169e-10,2.777778819e-05,7.716055169e-10
6341,8.333336458e-05,3.858027585e-09,8.333336458e-05,3.858027585e-09
6342,8.333336458e-05,3.858027585e-09,8.333336458e-05,3.858027585e-09
6343,5.555557639e-05,1.543211034e-09,5.555557639e-05,1.543211034e-09
6344,2.777778819e-05,7.716055169e-10,2.777778819e-05,7.716055169e-10
6345,0.000138888941,6.944449652e-09,0.000138888941,6.944449652e-09
6346,0,0,0,0
6347,2.777778819e-05,7.716055169e-10,2.777778819e-05,7.716055169e-10
6348,2.777778819e-05,7.716055169e-10,2.777778819e-05,7.716055169e-10
6349,2.777778819e-05,7.716055169e-10,2.777778819e-05,7.716055169e-10
6350,2.777778819e-05,7.716055169e-10,2.777778819e-05,7.716055169e-10
6351,0,0,0,0
6352,5.555557639e-05,3.086422068e-09,5.555557639e-05,3.086422068e-09
6353,5.555557639e-05,1.543211034e-09,5.555557639e-05,1.543211034e-09
6354,0.0002500000937,1.157408275e-08,0.0002500000937,1.157408275e-08
6355,5.555557639e-05,3.086422068e-09,5.555557639e-05,3.086422068e-09
6356,5.555557639e-05,3.086422068e-09,5.555557639e-05,3.086422068e-09
6357,0,0,0,0
6358,0.0001111111528,7.716055171e-09,0.0001111111528,7.716055171e-09
6359,5.555557639e-05,3.086422068e-09,5.555557639e-05,3.086422068e-09
6360,8.333336458e-05,3.858027585e-09,8.333336458e-05,3.858027585e-09
6361,5.555557639e-05,1.543211034e-09,5.555557639e-05,1.543211034e-09
6362,5.555557639e-05,3.086422068e-09,5.555557639e-05,3.086422068e-09
6363,5.555557639e-05,3.086422068e-09,5.555557639e-05,3.086422068e-09
6364,5.555557639e-05,1.543211034e-09,5.555557639e-05,1.543211034e-09
6365,2.777778819e-05,7.716055169e-10,2.777778819e-05,7.716055169e-10
6366,0.0001111111528,6.172844138e-09,0.0001111111528,6.172844138e-09
6367,0.0001666667291,7.716055172e-09,0.0001666667291,7.716055172e-09
6368,2.777778819e-05,7.716055169e-10,2.777778819e-05,7.716055169e-10
6369,8.333336458e-05,3.858027585e-09,8.333336458e-05,3.858027585e-09
6370,0.000138888941,5.401238619e-09,0.000138888941,5.401238619e-09
6371,8.333336458e-05,3.858027585e-09,8.333336458e-05,3.858027585e-09
6372,0,0,0,0
6373,0.0002500000937,1.311729379e-08,0.0002500000937,1.311729379e-08
6374,8.333336458e-05,3.858027585e-09,8.333336458e-05,3.858027585e-09
6375,5.555557639e-05,3.086422068e-09,5.555557639e-05,3.086422068e-09
6376,2.777778819e-05,7.716055169e-10,2.777778819e-05,7.716055169e-10
6377,2.777778819e-05,7.716055169e-10,2.777778819e-05,7.716055169e-10
6378,8.333336458e-05,3.858027585e-09,8.333336458e-05,3.858027585e-09
6379,8.333336458e-05,3.858027585e-09,8.333336458e-05,3.858027585e-09
6380,5.555557639e-05,3.086422068e-09,5.555557639e-05,3.086422068e-09
6381,0.0001111111528,6.172844138e-09,0.0001111111528,6.172844138e-09
6382,0.0001697531501,7.897049058e-09,0.0001697531501,7.897049058e-09
6383,0.0001944445173,1.003087172e-08,0.0001944445173,1.003087172e-08
6384,5.555557639e-05,1.543211034e-09,5.555557639e-05,1.543211034e-09
6385,5.555557639e-05,3.086422068e-09,5.555557639e-05,3.086422068e-09
6386,0.0001450617828,5.782278381e-09,0.0001450617828,5.782278381e-09
6387,0.000138888941,6.944449652e-09,0.000138888941,6.944449652e-09
6388,0.0001851852546,1.011660567e-08,0.0001851852546,1.011660567e-08
6389,5.555557639e-05,3.086422068e-09,5.555557639e-05,3.086422068e-09
6390,0,0,0,0
6391,4.166668229e-05,1.736112413e-09,4.166668229e-05,1.736112413e-09
6392,0.000138888941,6.944449652e-09,0.000138888941,6.944449652e-09
6393,0,0,0,0
6394,0,0,0,0
6395,6.481483912e-05,4.20096337e-09,6.481483912e-05,4.20096337e-09
6396,0.0001111111528,4.629633101e-09,0.0001111111528,4.629633101e-09
6397,5.555557639e-05,1.543211034e-09,5.555557639e-05,1.543211034e-09
6398,0.0002777778819,1.234568827e-08,0.0002777778819,1.234568827e-08
6399,0.0001574074664,7.801789116e-09,0.0001574074664,7.801789116e-09
6400,8.333336458e-05,3.858027585e-09,8.333336458e-05,3.858027585e-09
6401,0.0001944445174,1.003087172e-08,0.0001944445174,1.003087172e-08
6402,2.777778819e-05,7.716055169e-10,2.777778819e-05,7.716055169e-10
6403,5.555557639e-05,1.543211034e-09,5.555557639e-05,1.543211034e-09
6404,0,0,0,0
6405,0,0,0,0
6406,2.777778819e-05,7.716055169e-10,2.777778819e-05,7.716055169e-10
6407,0,0,0,0
6408,0.0001111111528,6.172844135e-09,0.0001111111528,6.172844135e-09
6409,0.0001666667292,7.716055169e-09,0.0001666667292,7.716055169e-09
6410,2.777778819e-05,7.716055169e-10,2.777778819e-05,7.716055169e-10
6411,0.0002222223056,1.234568827e-08,0.0002222223056,1.234568827e-08
6412,0.000138888941,6.944449652e-09,0.000138888941,6.944449652e-09
6413,0.000138888941,6.944449655e-09,0.000138888941,6.944449655e-09
6414,0,0,0,0
6415,0.0001111111528,4.629633101e-09,0.0001111111528,4.629633101e-09
6416,0.000138888941,1.311729379e-08,0.000138888941,1.311729379e-08
6417,8.333336458e-05,3.858027585e-09,8.333336458e-05,3.858027585e-09
6418,0,0,0,0
6419,0.000138888941,6.944449652e-09,0.000138888941,6.944449652e-09
6420,2.777778819e-05,7.716055169e-10,2.777778819e-05,7.716055169e-10
6421,5.555557639e-05,3.086422068e-09,5.555557639e-05,3.086422068e-09
6422,0,0,0,0
6423,5.555557639e-05,3.086422068e-09,5.555557639e-05,3.086422068e-09
6424,0,0,0,0
6425,8.333336458e-05,3.858027585e-09,8.333336458e-05,3.858027585e-09
6426,0.0001111111528,4.629633102e-09,0.0001111111528,4.629633102e-09
6427,5.555557639e-05,1.543211034e-09,5.555557639e-05,1.543211034e-09
6428,0,0,0,0
6429,5.555557639e-05,3.086422068e-09,5.555557639e-05,3.086422068e-09
6430,0,0,0,0
6431,3.472223524e-05,1.20563362e-09,3.472223524e-05,1.20563362e-09
6432,0.000138888941,5.401238618e-09,0.000138888941,5.401238618e-09
6433,2.777778819e-05,7.716055169e-10,2.777778819e-05,7.716055169e-10
6434,0,0,0,0
6435,0.0002777778819,1.543211034e-08,0.0002777778819,1.543211034e-08
6436,5.555557639e-05,3.086422068e-09,5.555557639e-05,3.086422068e-09
6437,0.0001111111528,4.629633101e-09,0.0001111111528,4.629633101e-09
6438,8.333336458e-05,3.858027585e-09,8.333336458e-05,3.858027585e-09
6439,2.777778819e-05,7.716055169e-10,2.777778819e-05,7.716055169e-10
6440,2.777778819e-05,7.716055169e-10,2.777778819e-05,7.716055169e-10
6441,5.555557639e-05,1.543211034e-09,5.555557639e-05,1.543211034e-09
6442,0.0001666667292,7.716055169e-09,0.0001666667292,7.716055169e-09
6443,8.333336458e-05,3.858027585e-09,8.333336458e-05,3.858027585e-09
6444,2.777778819e-05,7.716055169e-10,2.777778819e-05,7.716055169e-10
6445,5.555557639e-05,1.543211034e-09,5.555557639e-05,1.543211034e-09
6446,5.555557639e-05,3.086422068e-09,5.555557639e-05,3.086422068e-09
6447,0,0,0,0
6448,0,0,0,0
6449,0,0,0,0
6450,9.722225868e-05,4.822534481e-09,9.722225868e-05,4.822534481e-09
6451,8.333336458e-05,2.314816551e-09,8.333336458e-05,2.314816551e-09
6452,8.333336458e-05,3.858027585e-09,8.333336458e-05,3.858027585e-09
6453,0,0,0,0
6454,2.777778819e-05,7.716055169e-10,2.777778819e-05,7.716055169e-10
6455,2.777778819e-05,7.716055169e-10,2.777778819e-05,7.716055169e-10
6456,8.333336458e-05,3.858027585e-09,8.333336458e-05,3.858027585e-09
6457,5.555557639e-05,1.543211034e-09,5.555557639e-05,1.543211034e-09
6458,0.0001111111528,4.629633101e-09,0.0001111111528,4.629633101e-09
6459,2.777778819e-05,7.716055169e-10,2.777778819e-05,7.716055169e-10
6460,2.777778819e-05,7.716055169e-10,2.777778819e-05,7.716055169e-10
6461,5.555557639e-05,3.086422068e-09,5.555557639e-05,3.086422068e-09
6462,5.55555764e-05,1.543211034e-09,5.55555764e-05,1.543211034e-09
6463,0,0,0,0
6464,0.000138888941,5.401238618e-09,0.000138888941,5.401238618e-09
6465,0,0,0,0
6466,0.0001111111528,4.629633101e-09,0.0001111111528,4.629633101e-09
6467,2.777778819e-05,7.716055169e-10,2.777778819e-05,7.716055169e-10
6468,2.777778819e-05,7.716055169e-10,2.777778819e-05,7.716055169e-10
6469,2.777778819e-05,7.716055169e-10,2.777778819e-05,7.716055169e-10
6470,0,0,0,0
6471,2.777778819e-05,7.716055169e-10,2.777778819e-05,7.716055169e-10
6472,0,0,0,0
6473,0.0001111111528,6.172844135e-09,0.0001111111528,6.172844135e-09
6474,0,0,0,0
6475,0.000138888941,5.401238618e-09,0.000138888941,5.401238618e-09
6476,5.555557639e-05,1.543211034e-09,5.555557639e-05,1.543211034e-09
6477,2.777778819e-05,7.716055169e-10,2.777778819e-05,7.716055169e-10
6478,5.555557639e-05,3.086422068e-09,5.555557639e-05,3.086422068e-09
6479,0.0002083334114,1.562501172e-08,0.0002083334114,1.562501172e-08
6480,2.777778819e-05,7.716055169e-10,2.777778819e-05,7.716055169e-10
6481,0.000138888941,6.944449652e-09,0.000138888941,6.944449652e-09
6482,5.555557639e-05,1.543211034e-09,5.555557639e-05,1.543211034e-09
6483,6.944447049e-05,4.822534481e-09,6.944447049e-05,4.822534481e-09
6484,2.777778819e-05,7.716055169e-10,2.777778819e-05,7.716055169e-10
6485,5.555557639e-05,3.086422068e-09,5.555557639e-05,3.086422068e-09
6486,8.333336458e-05,3.858027585e-09,8.333336458e-05,3.858027585e-09
6487,5.555557639e-05,3.086422068e-09,5.555557639e-05,3.086422068e-09
6488,2.777778819e-05,7.716055169e-10,2.777778819e-05,7.716055169e-10
6489,5.555557639e-05,1.543211034e-09,5.555557639e-05,1.543211034e-09
6490,2.777778819e-05,7.716055169e-10,2.777778819e-05,7.716055169e-10
6491,5.555557639e-05,3.086422068e-09,5.555557639e-05,3.086422068e-09
6492,5.555557639e-05,3.086422068e-09,5.555557639e-05,3.086422068e-09
6493,0.0001481482037,1.16598167e-08,0.0001481482037,1.16598167e-08
6494,0.000138888941,6.944449652e-09,0.000138888941,6.944449652e-09
6495,8.333336458e-05,3.858027585e-09,8.333336458e-05,3.858027585e-09
6496,0.0001111111528,6.172844135e-09,0.0001111111528,6.172844135e-09
6497,0,0,0,0
6498,8.333336458e-05,2.314816551e-09,8.333336458e-05,2.314816551e-09
6499,8.333336458e-05,2.314816551e-09,8.333336458e-05,2.314816551e-09
6500,2.777778819e-05,7.716055169e-10,2.777778819e-05,7.716055169e-10
6501,8.333336458e-05,3.858027585e-09,8.333336458e-05,3.858027585e-09
6502,0.000138888941,6.944449652e-09,0.000138888941,6.944449652e-09
6503,0.0001111111528,6.172844135e-09,0.0001111111528,6.172844135e-09
6504,2.777778819e-05,7.716055169e-10,2.777778819e-05,7.716055169e-10
6505,0,0,0,0
6506,0,0,0,0
6507,0.0001111111528,4.629633101e-09,0.0001111111528,4.629633101e-09
6508,5.555557639e-05,3.086422068e-09,5.555557639e-05,3.086422068e-09
6509,0.0001111111528,4.629633101e-09,0.0001111111528,4.629633101e-09
6510,0.0001111111528,4.629633101e-09,0.0001111111528,4.629633101e-09
6511,8.333336458e-05,3.858027585e-09,8.333336458e-05,3.858027585e-09
6512,5.555557639e-05,3.086422068e-09,5.555557639e-05,3.086422068e-09
6513,0.0001666667292,7.716055169e-09,0.0001666667292,7.716055169e-09
6514,6.944447049e-05,2.41126724e-09,6.944447049e-05,2.41126724e-09
6515,2.777778819e-05,7.716055169e-10,2.777778819e-05,7.716055169e-10
6516,2.777778819e-05,7.716055169e-10,2.777778819e-05,7.716055169e-10
6517,9.722225868e-05,3.279323447e-09,9.722225868e-05,3.279323447e-09
6518,0.0001666667292,6.172844135e-09,0.0001666667292,6.172844135e-09
6519,2.777778819e-05,7.716055169e-10,2.777778819e-05,7.716055169e-10
6520,5.55555764e-05,1.543211034e-09,5.55555764e-05,1.543211034e-09
6521,0,0,0,0
6522,8.333336458e-05,3.858027585e-09,8.333336458e-05,3.858027585e-09
6523,0.0001250000469,7.908956549e-09,0.0001250000469,7.908956549e-09
6524,8.333336458e-05,3.858027585e-09,8.333336458e-05,3.858027585e-09
6525,0,0,0,0
6526,6.481483912e-05,4.20096337e-09,6.481483912e-05,4.20096337e-09
6527,0,0,0,0
6528,8.333336458e-05,3.858027585e-09,8.333336458e-05,3.858027585e-09
6529,0.000138888941,5.401238619e-09,0.000138888941,5.401238619e-09
6530,0,0,0,0
6531,0.000138888941,5.401238619e-09,0.000138888941,5.401238619e-09
6532,0.0001111111528,4.629633101e-09,0.0001111111528,4.629633101e-09
6533,2.777778819e-05,7.716055169e-10,2.777778819e-05,7.716055169e-10
6534,5.555557639e-05,3.086422068e-09,5.555557639e-05,3.086422068e-09
6535,2.777778819e-05,7.716055169e-10,2.777778819e-05,7.716055169e-10
6536,8.333336458e-05,2.314816551e-09,8.333336458e-05,2.314816551e-09
6537,0,0,0,0
6538,0,0,0,0
6539,8.33333646e-05,2.314816551e-09,8.33333646e-05,2.314816551e-09
6540,5.555557639e-05,3.086422068e-09,5.555557639e-05,3.086422068e-09
6541,5.555557639e-05,3.086422068e-09,5.555557639e-05,3.086422068e-09
6542,0.0001944445174,1.003087172e-08,0.0001944445174,1.003087172e-08
6543,8.333336458e-05,3.858027585e-09,8.333336458e-05,3.858027585e-09
6544,0,0,0,0
6545,0.0001111111528,4.629633101e-09,0.0001111111528,4.629633101e-09
6546,0,0,0,0
6547,8.333336458e-05,3.858027585e-09,8.333336458e-05,3.858027585e-09
6548,0.0001111111528,4.629633101e-09,0.0001111111528,4.629633101e-09
6549,0,0,0,0
6550,2.777778819e-05,7.716055169e-10,2.777778819e-05,7.716055169e-10
6551,2.777778819e-05,7.716055169e-10,2.777778819e-05,7.716055169e-10
6552,0,0,0,0
6553,5.555557639e-05,3.086422068e-09,5.555557639e-05,3.086422068e-09
6554,4.166668229e-05,1.736112413e-09,4.166668229e-05,1.736112413e-09
6555,0.000138888941,6.944449652e-09,0.000138888941,6.944449652e-09
6556,8.333336458e-05,3.858027585e-09,8.333336458e-05,3.858027585e-09
6557,2.777778819e-05,7.716055169e-10,2.777778819e-05,7.716055169e-10
6558,0,0,0,0
6559,2.777778819e-05,7.716055169e-10,2.777778819e-05,7.716055169e-10
6560,0,0,0,0
6561,2.777778819e-05,7.716055169e-10,2.777778819e-05,7.716055169e-10
6562,2.777778819e-05,7.716055169e-10,2.777778819e-05,7.716055169e-10
6563,8.333336458e-05,3.858027585e-09,8.333336458e-05,3.858027585e-09
6564,0.0001111111528,4.629633101e-09,0.0001111111528,4.629633101e-09
6565,8.333336458e-05,3.858027585e-09,8.333336458e-05,3.858027585e-09
6566,0.0001111111528,6.172844135e-09,0.0001111111528,6.172844135e-09
6567,8.333336458e-05,3.858027585e-09,8.333336458e-05,3.858027585e-09
6568,8.333336458e-05,2.314816551e-09,8.333336458e-05,2.314816551e-09
6569,5.555557639e-05,1.543211034e-09,5.555557639e-05,1.543211034e-09
6570,0.0001111111528,6.172844135e-09,0.0001111111528,6.172844135e-09
6571,2.777778819e-05,7.716055169e-10,2.777778819e-05,7.716055169e-10
6572,0,0,0,0
6573,5.555557639e-05,3.086422068e-09,5.555557639e-05,3.086422068e-09
6574,5.555557639e-05,3.086422068e-09,5.555557639e-05,3.086422068e-09
6575,0.0001666667292,7.716055169e-09,0.0001666667292,7.716055169e-09
6576,5.555557639e-05,1.543211034e-09,5.555557639e-05,1.543211034e-09
6577,2.777778819e-05,7.716055169e-10,2.777778819e-05,7.716055169e-10
6578,8.333336458e-05,3.858027585e-09,8.333336458e-05,3.858027585e-09
6579,0.000138888941,5.401238619e-09,0.000138888941,5.401238619e-09
6580,0,0,0,0
6581,2.777778819e-05,7.716055169e-10,2.777778819e-05,7.716055169e-10
6582,0.0001111111528,4.629633101e-09,0.0001111111528,4.629633101e-09
6583,5.555557639e-05,3.086422068e-09,5.555557639e-05,3.086422068e-09
6584,5.55555764e-05,1.543211034e-09,5.55555764e-05,1.543211034e-09
6585,0,0,0,0
6586,5.555557639e-05,1.543211034e-09,5.555557639e-05,1.543211034e-09
6587,0,0,0,0
6588,0.0001111111528,4.629633101e-09,0.0001111111528,4.629633101e-09
6589,5.555557639e-05,3.086422068e-09,5.555557639e-05,3.086422068e-09
6590,2.777778819e-05,7.716055169e-10,2.777778819e-05,7.716055169e-10
6591,0.0001111111528,4.629633101e-09,0.0001111111528,4.629633101e-09
6592,0.0001111111528,6.172844135e-09,0.0001111111528,6.172844135e-09
6593,5.555557639e-05,3.086422068e-09,5.555557639e-05,3.086422068e-09
6594,2.777778819e-05,7.716055169e-10,2.777778819e-05,7.716055169e-10
6595,5.555557639e-05,3.086422068e-09,5.555557639e-05,3.086422068e-09
6596,2.777778819e-05,7.716055169e-10,2.777778819e-05,7.716055169e-10
6597,6.018520776e-05,1.821846359e-09,6.018520776e-05,1.821846359e-09
6598,0,0,0,0
6599,5.555557639e-05,3.086422068e-09,5.555557639e-05,3.086422068e-09
6600,8.333336458e-05,2.314816551e-09,8.333336458e-05,2.314816551e-09
6601,0,0,0,0
6602,0,0,0,0
6603,0.0001111111528,4.629633101e-09,0.0001111111528,4.629633101e-09
6604,0,0,0,0
6605,8.333336458e-05,3.858027585e-09,8.333336458e-05,3.858027585e-09
6606,8.333336458e-05,3.858027585e-09,8.333336458e-05,3.858027585e-09
6607,2.777778819e-05,7.716055169e-10,2.777778819e-05,7.716055169e-10
6608,0,0,0,0
6609,2.777778819e-05,7.716055169e-10,2.777778819e-05,7.716055169e-10
6610,8.333336458e-05,3.858027585e-09,8.333336458e-05,3.858027585e-09
6611,0,0,0,0
6612,0.0001111111528,6.172844135e-09,0.0001111111528,6.172844135e-09
6613,2.777778819e-05,7.716055169e-10,2.777778819e-05,7.716055169e-10
6614,0,0,0,0
6615,0,0,0,0
6616,2.777778819e-05,7.716055169e-10,2.777778819e-05,7.716055169e-10
6617,5.555557639e-05,3.086422068e-09,5.555557639e-05,3.086422068e-09
6618,0.0001435185723,7.223084978e-09,0.0001435185723,7.223084978e-09
6619,8.333336458e-05,3.858027585e-09,8.333336458e-05,3.858027585e-09
6620,9.027781163e-05,2.748844655e-09,9.027781163e-05,2.748844655e-09
6621,2.777778819e-05,7.716055169e-10,2.777778819e-05,7.716055169e-10
6622,0.000138888941,1.003087172e-08,0.000138888941,1.003087172e-08
6623,0,0,0,0
6624,0.000138888941,6.944449652e-09,0.000138888941,6.944449652e-09
6625,0,0,0,0
6626,8.333336458e-05,3.858027585e-09,8.333336458e-05,3.858027585e-09
6627,5.555557639e-05,1.543211034e-09,5.555557639e-05,1.543211034e-09
6628,0.0001111111528,4.629633101e-09,0.0001111111528,4.629633101e-09
6629,5.555557639e-05,3.086422068e-09,5.555557639e-05,3.086422068e-09
6630,2.777778819e-05,7.716055169e-10,2.777778819e-05,7.716055169e-10
6631,5.555557639e-05,3.086422068e-09,5.555557639e-05,3.086422068e-09
6632,8.333336458e-05,3.858027585e-09,8.333336458e-05,3.858027585e-09
6633,0.0001944445174,1.003087172e-08,0.0001944445174,1.003087172e-08
6634,8.333336458e-05,3.858027585e-09,8.333336458e-05,3.858027585e-09
6635,0,0,0,0
6636,0,0,0,0
6637,0.000138888941,6.944449652e-09,0.000138888941,6.944449652e-09
6638,0,0,0,0
6639,0,0,0,0
6640,8.333336458e-05,3.858027585e-09,8.333336458e-05,3.858027585e-09
6641,0,0,0,0
6642,5.555557639e-05,3.086422068e-09,5.555557639e-05,3.086422068e-09
6643,0,0,0,0
6644,0,0,0,0
6645,0,0,0,0
6646,0.0001666667292,7.716055169e-09,0.0001666667292,7.716055169e-09
6647,0.0003055556701,1.466050482e-08,0.0003055556701,1.466050482e-08
6648,8.333336458e-05,3.858027585e-09,8.333336458e-05,3.858027585e-09
6649,0.000138888941,6.944449652e-09,0.000138888941,6.944449652e-09
6650,2.777778819e-05,7.716055169e-10,2.777778819e-05,7.716055169e-10
6651,0.0001111111528,6.172844135e-09,0.0001111111528,6.172844135e-09
6652,5.555557639e-05,1.543211034e-09,5.555557639e-05,1.543211034e-09
6653,8.333336458e-05,2.314816551e-09,8.333336458e-05,2.314816551e-09
6654,5.555557639e-05,3.086422068e-09,5.555557639e-05,3.086422068e-09
6655,0.0001111111528,4.629633101e-09,0.0001111111528,4.629633101e-09
6656,8.333336458e-05,3.858027585e-09,8.333336458e-05,3.858027585e-09
6657,5.555557639e-05,1.543211034e-09,5.555557639e-05,1.543211034e-09
6658,0,0,0,0
6659,5.555557639e-05,3.086422068e-09,5.555557639e-05,3.086422068e-09
6660,0,0,0,0
6661,0,0,0,0
6662,0.0001111111528,4.629633102e-09,0.0001111111528,4.629633102e-09
6663,2.777778819e-05,7.716055169e-10,2.777778819e-05,7.716055169e-10
6664,0,0,0,0
6665,8.333336458e-05,3.858027585e-09,8.333336458e-05,3.858027585e-09
6666,2.777778819e-05,7.716055169e-10,2.777778819e-05,7.716055169e-10
6667,5.555557639e-05,1.543211034e-09,5.555557639e-05,1.543211034e-09
6668,5.555557639e-05,1.543211034e-09,5.555557639e-05,1.543211034e-09
6669,2.777778819e-05,7.716055169e-10,2.777778819e-05,7.716055169e-10
6670,0,0,0,0
6671,5.555557639e-05,3.086422068e-09,5.555557639e-05,3.086422068e-09
6672,0.0001203704155,7.287385438e-09,0.0001203704155,7.287385438e-09
6673,8.333336458e-05,3.858027585e-09,8.333336458e-05,3.858027585e-09
6674,2.777778819e-05,7.716055169e-10,2.777778819e-05,7.716055169e-10
6675,0.0001111111528,6.172844135e-09,0.0001111111528,6.172844135e-09
6676,6.944447049e-05,4.822534481e-09,6.944447049e-05,4.822534481e-09
6677,8.333336458e-05,3.858027585e-09,8.333336458e-05,3.858027585e-09
6678,0.0001666667292,7.716055169e-09,0.0001666667292,7.716055169e-09
6679,5.555557639e-05,3.086422068e-09,5.555557639e-05,3.086422068e-09
6680,0.0001111111528,6.172844135e-09,0.0001111111528,6.172844135e-09
6681,5.55555764e-05,1.543211034e-09,5.55555764e-05,1.543211034e-09
6682,0,0,0,0
6683,2.777778819e-05,7.716055169e-10,2.777778819e-05,7.716055169e-10
6684,0.0001111111528,4.629633101e-09,0.0001111111528,4.629633101e-09
6685,8.33333646e-05,2.314816551e-09,8.33333646e-05,2.314816551e-09
6686,0.0001666667292,9.259266203e-09,0.0001666667292,9.259266203e-09
6687,0.0001111111528,6.172844135e-09,0.0001111111528,6.172844135e-09
6688,0.0001111111528,4.629633101e-09,0.0001111111528,4.629633101e-09
6689,0.0001666667292,7.716055169e-09,0.0001666667292,7.716055169e-09
6690,5.555557639e-05,3.086422068e-09,5.555557639e-05,3.086422068e-09
6691,0.0001111111528,6.172844135e-09,0.0001111111528,6.172844135e-09
6692,0.0001111111528,4.629633101e-09,0.0001111111528,4.629633101e-09
6693,0,0,0,0
6694,8.333336458e-05,3.858027585e-09,8.333336458e-05,3.858027585e-09
6695,4.166668229e-05,1.736112413e-09,4.166668229e-05,1.736112413e-09
6696,5.555557639e-05,3.086422068e-09,5.555557639e-05,3.086422068e-09
6697,8.333336458e-05,3.858027585e-09,8.333336458e-05,3.858027585e-09
6698,0.000138888941,5.401238619e-09,0.000138888941,5.401238619e-09
6699,0.0002222223056,7.716055169e-09,0.0002222223056,7.716055169e-09
6700,2.777778819e-05,7.716055169e-10,2.777778819e-05,7.716055169e-10
6701,0.0001944445173,1.003087172e-08,0.0001944445173,1.003087172e-08
6702,8.333336458e-05,3.858027585e-09,8.333336458e-05,3.858027585e-09
6703,0,0,0,0
6704,2.777778819e-05,7.716055169e-10,2.777778819e-05,7.716055169e-10
6705,8.333336458e-05,3.858027585e-09,8.333336458e-05,3.858027585e-09
6706,5.555557639e-05,1.543211034e-09,5.555557639e-05,1.543211034e-09
6707,2.777778819e-05,7.716055169e-10,2.777778819e-05,7.716055169e-10
6708,2.777778819e-05,7.716055169e-10,2.777778819e-05,7.716055169e-10
6709,2.777778819e-05,7.716055169e-10,2.777778819e-05,7.716055169e-10
6710,0.0001111111528,4.629633101e-09,0.0001111111528,4.629633101e-09
6711,5.555557639e-05,3.086422068e-09,5.555557639e-05,3.086422068e-09
6712,2.777778819e-05,7.716055169e-10,2.777778819e-05,7.716055169e-10
6713,0.000138888941,6.944449652e-09,0.000138888941,6.944449652e-09
6714,0.0001805556233,9.452167583e-09,0.0001805556233,9.452167583e-09
6715,0,0,0,0
6716,0.0001666667292,9.259266203e-09,0.0001666667292,9.259266203e-09
6717,8.333336458e-05,3.858027585e-09,8.333336458e-05,3.858027585e-09
6718,0.0001666667292,7.716055169e-09,0.0001666667292,7.716055169e-09
6719,8.333336458e-05,3.858027585e-09,8.333336458e-05,3.858027585e-09
6720,2.777778819e-05,7.716055169e-10,2.777778819e-05,7.716055169e-10
6721,8.333336458e-05,3.858027585e-09,8.333336458e-05,3.858027585e-09
6722,0,0,0,0
6723,2.777778819e-05,7.716055169e-10,2.777778819e-05,7.716055169e-10
6724,0,0,0,0
6725,8.333336458e-05,3.858027585e-09,8.333336458e-05,3.858027585e-09
6726,2.777778819e-05,7.716055169e-10,2.777778819e-05,7.716055169e-10
6727,8.333336458e-05,3.858027585e-09,8.333336458e-05,3.858027585e-09
6728,5.555557639e-05,1.543211034e-09,5.555557639e-05,1.543211034e-09
6729,0.000138888941,5.401238618e-09,0.000138888941,5.401238618e-09
6730,8.730162004e-05,4.094233355e-09,8.730162004e-05,4.094233355e-09
6731,0.0002222223056,1.234568827e-08,0.0002222223056,1.234568827e-08
6732,0,0,0,0
6733,0.0001666667292,7.716055169e-09,0.0001666667292,7.716055169e-09
6734,8.333336458e-05,3.858027585e-09,8.333336458e-05,3.858027585e-09
6735,0.0001111111528,6.172844135e-09,0.0001111111528,6.172844135e-09
6736,0.0001111111528,6.172844138e-09,0.0001111111528,6.172844138e-09
6737,0.000138888941,6.944449652e-09,0.000138888941,6.944449652e-09
6738,2.777778819e-05,7.716055169e-10,2.777778819e-05,7.716055169e-10
6739,2.777778819e-05,7.716055169e-10,2.777778819e-05,7.716055169e-10
6740,5.555557639e-05,1.543211034e-09,5.555557639e-05,1.543211034e-09
6741,8.333336458e-05,3.858027585e-09,8.333336458e-05,3.858027585e-09
6742,0.000138888941,6.944449652e-09,0.000138888941,6.944449652e-09
6743,0.0001500000562,6.759264329e-09,0.0001500000562,6.759264329e-09
6744,0.0001666667292,9.259266203e-09,0.0001666667292,9.259266203e-09
6745,3.888890347e-05,1.512346813e-09,3.888890347e-05,1.512346813e-09
6746,0,0,0,0
6747,2.777778819e-05,7.716055169e-10,2.777778819e-05,7.716055169e-10
6748,8.333336458e-05,3.858027585e-09,8.333336458e-05,3.858027585e-09
6749,0.000138888941,6.944449652e-09,0.000138888941,6.944449652e-09
6750,2.777778819e-05,7.716055169e-10,2.777778819e-05,7.716055169e-10
6751,8.333336461e-05,6.944449654e-09,8.333336461e-05,6.944449654e-09
6752,8.333336458e-05,3.858027585e-09,8.333336458e-05,3.858027585e-09
6753,0,0,0,0
6754,2.777778819e-05,7.716055169e-10,2.777778819e-05,7.716055169e-10
6755,2.777778819e-05,7.716055169e-10,2.777778819e-05,7.716055169e-10
6756,5.555557639e-05,3.086422068e-09,5.555557639e-05,3.086422068e-09
6757,0.0001500000562,7.685190948e-09,0.0001500000562,7.685190948e-09
6758,6.944447048e-05,2.50771793e-09,6.944447048e-05,2.50771793e-09
6759,8.333336458e-05,3.858027585e-09,8.333336458e-05,3.858027585e-09
6760,0.0001111111528,6.172844135e-09,0.0001111111528,6.172844135e-09
6761,5.555557639e-05,3.086422068e-09,5.555557639e-05,3.086422068e-09
6762,0.0001111111528,4.629633101e-09,0.0001111111528,4.629633101e-09
6763,0,0,0,0
6764,5.555557639e-05,3.086422068e-09,5.555557639e-05,3.086422068e-09
6765,5.555557639e-05,1.543211034e-09,5.555557639e-05,1.543211034e-09
6766,3.333334583e-05,1.111111944e-09,3.333334583e-05,1.111111944e-09
6767,0.0001111111528,6.172844135e-09,0.0001111111528,6.172844135e-09
6768,5.555557639e-05,1.543211034e-09,5.555557639e-05,1.543211034e-09
6769,0.0001111111528,6.172844135e-09,0.0001111111528,6.172844135e-09
6770,0.0001111111528,4.629633101e-09,0.0001111111528,4.629633101e-09
6771,2.777778819e-05,7.716055169e-10,2.777778819e-05,7.716055169e-10
6772,8.333336458e-05,3.858027585e-09,8.333336458e-05,3.858027585e-09
6773,8.333336458e-05,2.314816551e-09,8.333336458e-05,2.314816551e-09
6774,8.333336458e-05,3.858027585e-09,8.333336458e-05,3.858027585e-09
6775,0.000138888941,5.401238618e-09,0.000138888941,5.401238618e-09
6776,2.777778819e-05,7.716055169e-10,2.777778819e-05,7.716055169e-10
6777,0.0001111111528,6.172844138e-09,0.0001111111528,6.172844138e-09
6778,0.0001250000469,5.594139998e-09,0.0001250000469,5.594139998e-09
6779,0.0001435185723,7.223084978e-09,0.0001435185723,7.223084978e-09
6780,8.179015413e-05,3.346005405e-09,8.179015413e-05,3.346005405e-09
6781,6.481483912e-05,2.143348658e-09,6.481483912e-05,2.143348658e-09
6782,5.555557639e-05,3.086422068e-09,5.555557639e-05,3.086422068e-09
6783,0.0001111111528,4.629633102e-09,0.0001111111528,4.629633102e-09
6784,9.027781163e-05,4.292055688e-09,9.027781163e-05,4.292055688e-09
6785,5.555557639e-05,1.543211034e-09,5.555557639e-05,1.543211034e-09
6786,2.777778819e-05,7.716055169e-10,2.777778819e-05,7.716055169e-10
6787,2.777778819e-05,7.716055169e-10,2.777778819e-05,7.716055169e-10
6788,0.0001111111528,6.172844135e-09,0.0001111111528,6.172844135e-09
6789,5.555557639e-05,3.086422068e-09,5.555557639e-05,3.086422068e-09
6790,0.0001111111528,6.172844135e-09,0.0001111111528,6.172844135e-09
6791,8.333336458e-05,3.858027585e-09,8.333336458e-05,3.858027585e-09
6792,5.555557639e-05,1.543211034e-09,5.555557639e-05,1.543211034e-09
6793,0.0001111111528,6.172844135e-09,0.0001111111528,6.172844135e-09
6794,8.333336458e-05,2.314816551e-09,8.333336458e-05,2.314816551e-09
6795,0.0001666667291,7.716055172e-09,0.0001666667291,7.716055172e-09
6796,5.555557639e-05,3.086422068e-09,5.555557639e-05,3.086422068e-09
6797,0.0001759259919,6.77298176e-09,0.0001759259919,6.77298176e-09
6798,8.333336458e-05,3.858027585e-09,8.333336458e-05,3.858027585e-09
6799,4.166668229e-05,1.736112413e-09,4.166668229e-05,1.736112413e-09
6800,2.777778819e-05,7.716055169e-10,2.777778819e-05,7.716055169e-10
6801,5.555557639e-05,3.086422068e-09,5.555557639e-05,3.086422068e-09
6802,0.0001111111528,4.629633101e-09,0.0001111111528,4.629633101e-09
6803,5.555557639e-05,1.543211034e-09,5.555557639e-05,1.543211034e-09
6804,7.407410185e-05,5.486972565e-09,7.407410185e-05,5.486972565e-09
6805,0,0,0,0
6806,0.000138888941,6.944449652e-09,0.000138888941,6.944449652e-09
6807,0,0,0,0
6808,0,0,0,0
6809,5.555557639e-05,1.543211034e-09,5.555557639e-05,1.543211034e-09
6810,0.0001180555998,6.992674997e-09,0.0001180555998,6.992674997e-09
6811,0,0,0,0
6812,5.555557639e-05,3.086422068e-09,5.555557639e-05,3.086422068e-09
6813,6.250002344e-05,1.977239137e-09,6.250002344e-05,1.977239137e-09
6814,8.333336458e-05,3.858027585e-09,8.333336458e-05,3.858027585e-09
6815,5.555557639e-05,1.543211034e-09,5.555557639e-05,1.543211034e-09
6816,0.0001944445174,1.003087172e-08,0.0001944445174,1.003087172e-08
6817,8.333336458e-05,3.858027585e-09,8.333336458e-05,3.858027585e-09
6818,8.333336458e-05,3.858027585e-09,8.333336458e-05,3.858027585e-09
6819,5.555557639e-05,3.086422068e-09,5.555557639e-05,3.086422068e-09
6820,0.0001111111528,4.629633101e-09,0.0001111111528,4.629633101e-09
6821,2.777778819e-05,7.716055169e-10,2.777778819e-05,7.716055169e-10
6822,5.555557639e-05,1.543211034e-09,5.555557639e-05,1.543211034e-09
6823,5.555557639e-05,3.086422068e-09,5.555557639e-05,3.086422068e-09
6824,5.555557639e-05,1.543211034e-09,5.555557639e-05,1.543211034e-09
6825,0.0001666667292,7.716055169e-09,0.0001666667292,7.716055169e-09
6826,0,0,0,0
6827,8.333336458e-05,3.858027585e-09,8.333336458e-05,3.858027585e-09
6828,0,0,0,0
6829,2.777778819e-05,7.716055169e-10,2.777778819e-05,7.716055169e-10
6830,0,0,0,0
6831,0,0,0,0
6832,0,0,0,0
6833,8.33333646e-05,2.314816551e-09,8.33333646e-05,2.314816551e-09
6834,0.0001111111528,6.172844135e-09,0.0001111111528,6.172844135e-09
6835,0.000138888941,6.944449655e-09,0.000138888941,6.944449655e-09
6836,2.777778819e-05,7.716055169e-10,2.777778819e-05,7.716055169e-10
6837,0.0001111111528,6.172844135e-09,0.0001111111528,6.172844135e-09
6838,0.000138888941,6.944449652e-09,0.000138888941,6.944449652e-09
6839,2.777778819e-05,7.716055169e-10,2.777778819e-05,7.716055169e-10
6840,8.333336461e-05,6.944449654e-09,8.333336461e-05,6.944449654e-09
6841,0.0001111111528,6.172844138e-09,0.0001111111528,6.172844138e-09
6842,0,0,0,0
6843,2.777778819e-05,7.716055169e-10,2.777778819e-05,7.716055169e-10
6844,0.0001111111528,6.172844138e-09,0.0001111111528,6.172844138e-09
6845,2.777778819e-05,7.716055169e-10,2.777778819e-05,7.716055169e-10
6846,0.0001180555998,5.063661205e-09,0.0001180555998,5.063661205e-09
6847,2.777778819e-05,7.716055169e-10,2.777778819e-05,7.716055169e-10
6848,0,0,0,0
6849,2.777778819e-05,7.716055169e-10,2.777778819e-05,7.716055169e-10
6850,0.000138888941,6.944449652e-09,0.000138888941,6.944449652e-09
6851,0.0001111111528,6.172844135e-09,0.0001111111528,6.172844135e-09
6852,5.555557639e-05,3.086422068e-09,5.555557639e-05,3.086422068e-09
6853,0,0,0,0
6854,5.555557639e-05,3.086422068e-09,5.555557639e-05,3.086422068e-09
6855,5.555557639e-05,3.086422068e-09,5.555557639e-05,3.086422068e-09
6856,5.555557639e-05,1.543211034e-09,5.555557639e-05,1.543211034e-09
6857,0.00010185189,6.258578082e-09,0.00010185189,6.258578082e-09
6858,5.555557639e-05,3.086422068e-09,5.555557639e-05,3.086422068e-09
6859,5.555557639e-05,3.086422068e-09,5.555557639e-05,3.086422068e-09
6860,8.333336458e-05,2.314816551e-09,8.333336458e-05,2.314816551e-09
6861,0.0001666667292,7.716055169e-09,0.0001666667292,7.716055169e-09
6862,0,0,0,0
6863,5.555557639e-05,1.543211034e-09,5.555557639e-05,1.543211034e-09
6864,0,0,0,0
6865,6.666669166e-05,4.444447778e-09,6.666669166e-05,4.444447778e-09
6866,0,0,0,0
6867,8.333336458e-05,3.858027585e-09,8.333336458e-05,3.858027585e-09
6868,0.000138888941,6.944449652e-09,0.000138888941,6.944449652e-09
6869,0.0002500000937,1.311729379e-08,0.0002500000937,1.311729379e-08
6870,8.333336458e-05,3.858027585e-09,8.333336458e-05,3.858027585e-09
6871,2.777778819e-05,7.716055169e-10,2.777778819e-05,7.716055169e-10
6872,2.777778819e-05,7.716055169e-10,2.777778819e-05,7.716055169e-10
6873,5.555557639e-05,3.086422068e-09,5.555557639e-05,3.086422068e-09
6874,5.555557639e-05,1.543211034e-09,5.555557639e-05,1.543211034e-09
6875,8.333336458e-05,3.858027585e-09,8.333336458e-05,3.858027585e-09
6876,5.555557639e-05,3.086422068e-09,5.555557639e-05,3.086422068e-09
6877,2.777778819e-05,7.716055169e-10,2.777778819e-05,7.716055169e-10
6878,2.777778819e-05,7.716055169e-10,2.777778819e-05,7.716055169e-10
6879,0,0,0,0
6880,8.333336458e-05,2.314816551e-09,8.333336458e-05,2.314816551e-09
6881,2.777778819e-05,7.716055169e-10,2.777778819e-05,7.716055169e-10
6882,0.000138888941,5.401238618e-09,0.000138888941,5.401238618e-09
6883,0,0,0,0
6884,0.0001111111528,4.629633101e-09,0.0001111111528,4.629633101e-09
6885,0,0,0,0
6886,6.481483912e-05,2.143348658e-09,6.481483912e-05,2.143348658e-09
6887,0.0001250000469,7.908956549e-09,0.0001250000469,7.908956549e-09
6888,0.0001944445174,1.003087172e-08,0.0001944445174,1.003087172e-08
6889,2.777778819e-05,7.716055169e-10,2.777778819e-05,7.716055169e-10
6890,5.555557639e-05,3.086422068e-09,5.555557639e-05,3.086422068e-09
6891,5.555557639e-05,3.086422068e-09,5.555557639e-05,3.086422068e-09
6892,8.333336458e-05,3.858027585e-09,8.333336458e-05,3.858027585e-09
6893,2.777778819e-05,7.716055169e-10,2.777778819e-05,7.716055169e-10
6894,0.0001666667292,7.716055169e-09,0.0001666667292,7.716055169e-09
6895,0,0,0,0
6896,0.0001666667291,9.259266205e-09,0.0001666667291,9.259266205e-09
6897,2.777778819e-05,7.716055169e-10,2.777778819e-05,7.716055169e-10
6898,0.000138888941,5.401238619e-09,0.000138888941,5.401238619e-09
6899,0.000138888941,3.858027585e-09,0.000138888941,3.858027585e-09
6900,8.333336458e-05,2.314816551e-09,8.333336458e-05,2.314816551e-09
6901,6.172841821e-05,3.810397615e-09,6.172841821e-05,3.810397615e-09
6902,5.555557639e-05,3.086422068e-09,5.555557639e-05,3.086422068e-09
6903,5.555557639e-05,3.086422068e-09,5.555557639e-05,3.086422068e-09
6904,0.0001111111528,6.172844135e-09,0.0001111111528,6.172844135e-09
6905,8.333336458e-05,3.858027585e-09,8.333336458e-05,3.858027585e-09
6906,8.333336458e-05,3.858027585e-09,8.333336458e-05,3.858027585e-09
6907,0.0001111111528,4.629633101e-09,0.0001111111528,4.629633101e-09
6908,9.259262731e-05,4.458165209e-09,9.259262731e-05,4.458165209e-09
6909,0.000138888941,6.944449652e-09,0.000138888941,6.944449652e-09
6910,0.0001944445174,1.003087172e-08,0.0001944445174,1.003087172e-08
6911,8.333336458e-05,3.858027585e-09,8.333336458e-05,3.858027585e-09
6912,0,0,0,0
6913,5.555557639e-05,3.086422068e-09,5.555557639e-05,3.086422068e-09
6914,6.481483912e-05,2.143348658e-09,6.481483912e-05,2.143348658e-09
6915,8.333336458e-05,3.858027585e-09,8.333336458e-05,3.858027585e-09
6916,8.333336458e-05,3.858027585e-09,8.333336458e-05,3.858027585e-09
6917,5.555557639e-05,3.086422068e-09,5.555557639e-05,3.086422068e-09
6918,8.333336458e-05,3.858027585e-09,8.333336458e-05,3.858027585e-09
6919,0,0,0,0
6920,0,0,0,0
6921,5.555557639e-05,3.086422068e-09,5.555557639e-05,3.086422068e-09
6922,5.555557639e-05,3.086422068e-09,5.555557639e-05,3.086422068e-09
6923,0,0,0,0
6924,2.777778819e-05,7.716055169e-10,2.777778819e-05,7.716055169e-10
6925,5.555557639e-05,3.086422068e-09,5.555557639e-05,3.086422068e-09
6926,0.0001111111528,4.629633101e-09,0.0001111111528,4.629633101e-09
6927,5.555557639e-05,3.086422068e-09,5.555557639e-05,3.086422068e-09
6928,0,0,0,0
6929,2.777778819e-05,7.716055169e-10,2.777778819e-05,7.716055169e-10
6930,8.333336458e-05,3.858027585e-09,8.333336458e-05,3.858027585e-09
6931,8.333336458e-05,3.858027585e-09,8.333336458e-05,3.858027585e-09
6932,0.0001111111528,4.629633102e-09,0.0001111111528,4.629633102e-09
6933,0.0001111111528,4.629633101e-09,0.0001111111528,4.629633101e-09
6934,5.555557639e-05,3.086422068e-09,5.555557639e-05,3.086422068e-09
6935,0,0,0,0
6936,2.777778819e-05,7.716055169e-10,2.777778819e-05,7.716055169e-10
6937,0,0,0,0
6938,0.0001944445174,1.157408276e-08,0.0001944445174,1.157408276e-08
6939,0,0,0,0
6940,2.777778819e-05,7.716055169e-10,2.777778819e-05,7.716055169e-10
6941,5.555557639e-05,3.086422068e-09,5.555557639e-05,3.086422068e-09
6942,5.555557639e-05,3.086422068e-09,5.555557639e-05,3.086422068e-09
6943,2.777778819e-05,7.716055169e-10,2.777778819e-05,7.716055169e-10
6944,5.555557639e-05,3.086422068e-09,5.555557639e-05,3.086422068e-09
6945,2.777778819e-05,7.716055169e-10,2.777778819e-05,7.716055169e-10
6946,0,0,0,0
6947,2.777778819e-05,7.716055169e-10,2.777778819e-05,7.716055169e-10
6948,2.777778819e-05,7.716055169e-10,2.777778819e-05,7.716055169e-10
6949,5.555557639e-05,3.086422068e-09,5.555557639e-05,3.086422068e-09
6950,5.555557639e-05,1.543211034e-09,5.555557639e-05,1.543211034e-09
6951,5.555557639e-05,3.086422068e-09,5.555557639e-05,3.086422068e-09
6952,0,0,0,0
6953,2.777778819e-05,7.716055169e-10,2.777778819e-05,7.716055169e-10
6954,0.0001666667292,7.716055169e-09,0.0001666667292,7.716055169e-09
6955,2.777778819e-05,7.716055169e-10,2.777778819e-05,7.716055169e-10
6956,8.333336458e-05,3.858027585e-09,8.333336458e-05,3.858027585e-09
6957,2.777778819e-05,7.716055169e-10,2.777778819e-05,7.716055169e-10
6958,5.555557639e-05,1.543211034e-09,5.555557639e-05,1.543211034e-09
6959,0,0,0,0
6960,0.000138888941,6.944449652e-09,0.000138888941,6.944449652e-09
6961,0.0001111111528,4.629633102e-09,0.0001111111528,4.629633102e-09
6962,0,0,0,0
6963,0.0001500000562,8.302475362e-09,0.0001500000562,8.302475362e-09
6964,8.333336458e-05,3.858027585e-09,8.333336458e-05,3.858027585e-09
6965,0,0,0,0
6966,2.777778819e-05,7.716055169e-10,2.777778819e-05,7.716055169e-10
6967,0.0002222223055,1.080247724e-08,0.0002222223055,1.080247724e-08
6968,2.777778819e-05,7.716055169e-10,2.777778819e-05,7.716055169e-10
6969,5.555557639e-05,3.086422068e-09,5.555557639e-05,3.086422068e-09
6970,0,0,0,0
6971,8.333336458e-05,3.858027585e-09,8.333336458e-05,3.858027585e-09
6972,5.555557639e-05,1.543211034e-09,5.555557639e-05,1.543211034e-09
6973,2.777778819e-05,7.716055169e-10,2.777778819e-05,7.716055169e-10
6974,2.777778819e-05,7.716055169e-10,2.777778819e-05,7.716055169e-10
6975,0.0001111111528,6.172844135e-09,0.0001111111528,6.172844135e-09
6976,0.000138888941,6.944449652e-09,0.000138888941,6.944449652e-09
6977,8.333336458e-05,2.314816551e-09,8.333336458e-05,2.314816551e-09
6978,2.777778819e-05,7.716055169e-10,2.777778819e-05,7.716055169e-10
6979,8.333336458e-05,2.314816551e-09,8.333336458e-05,2.314816551e-09
6980,5.55555764e-05,1.543211034e-09,5.55555764e-05,1.543211034e-09
6981,8.333336458e-05,3.858027585e-09,8.333336458e-05,3.858027585e-09
6982,5.555557639e-05,3.086422068e-09,5.555557639e-05,3.086422068e-09
6983,0,0,0,0
6984,0.0001111111528,6.172844135e-09,0.0001111111528,6.172844135e-09
6985,5.555557639e-05,3.086422068e-09,5.555557639e-05,3.086422068e-09
6986,2.777778819e-05,7.716055169e-10,2.777778819e-05,7.716055169e-10
6987,5.555557639e-05,3.086422068e-09,5.555557639e-05,3.086422068e-09
6988,0.0001111111528,4.629633101e-09,0.0001111111528,4.629633101e-09
6989,2.777778819e-05,7.716055169e-10,2.777778819e-05,7.716055169e-10
6990,2.777778819e-05,7.716055169e-10,2.777778819e-05,7.716055169e-10
6991,0,0,0,0
6992,5.555557639e-05,3.086422068e-09,5.555557639e-05,3.086422068e-09
6993,0,0,0,0
6994,0.0001527778351,8.680562065e-09,0.0001527778351,8.680562065e-09
6995,8.333336458e-05,3.858027585e-09,8.333336458e-05,3.858027585e-09
6996,0,0,0,0
6997,0,0,0,0
6998,8.333336458e-05,2.314816551e-09,8.333336458e-05,2.314816551e-09
6999,8.333336458e-05,3.858027585e-09,8.333336458e-05,3.858027585e-09
7000,0,0,0,0
7001,0.0001203704155,5.229770726e-09,0.0001203704155,5.229770726e-09
7002,0,0,0,0
7003,8.333336458e-05,3.858027585e-09,8.333336458e-05,3.858027585e-09
7004,0.0001666667292,9.259266203e-09,0.0001666667292,9.259266203e-09
7005,0.000138888941,6.944449652e-09,0.000138888941,6.944449652e-09
7006,8.888892222e-05,2.654322978e-09,8.888892222e-05,2.654322978e-09
7007,5.555557639e-05,1.543211034e-09,5.555557639e-05,1.543211034e-09
7008,2.777778819e-05,7.716055169e-10,2.777778819e-05,7.716055169e-10
7009,8.333336458e-05,3.858027585e-09,8.333336458e-05,3.858027585e-09
7010,0.0001111111528,6.172844135e-09,0.0001111111528,6.172844135e-09
7011,0.000138888941,6.944449655e-09,0.000138888941,6.944449655e-09
7012,8.333336458e-05,2.314816551e-09,8.333336458e-05,2.314816551e-09
7013,2.777778819e-05,7.716055169e-10,2.777778819e-05,7.716055169e-10
7014,0,0,0,0
7015,8.333336458e-05,3.858027585e-09,8.333336458e-05,3.858027585e-09
7016,2.777778819e-05,7.716055169e-10,2.777778819e-05,7.716055169e-10
7017,8.33333646e-05,2.314816551e-09,8.33333646e-05,2.314816551e-09
7018,0.0002222223056,9.259266203e-09,0.0002222223056,9.259266203e-09
7019,5.555557639e-05,3.086422068e-09,5.555557639e-05,3.086422068e-09
7020,0.0001111111528,6.172844135e-09,0.0001111111528,6.172844135e-09
7021,0.000138888941,6.944449652e-09,0.000138888941,6.944449652e-09
7022,0.000138888941,6.944449652e-09,0.000138888941,6.944449652e-09
7023,0.0001111111528,4.629633101e-09,0.0001111111528,4.629633101e-09
7024,0.0001666667292,7.716055169e-09,0.0001666667292,7.716055169e-09
7025,0.0001944445174,8.487660689e-09,0.0001944445174,8.487660689e-09
7026,0,0,0,0
7027,0.00040000015,2.296298019e-08,0.00040000015,2.296298019e-08
7028,0,0,0,0
7029,0.0001111111528,6.172844135e-09,0.0001111111528,6.172844135e-09
7030,5.555557639e-05,3.086422068e-09,5.555557639e-05,3.086422068e-09
7031,0.0003055556701,1.620371586e-08,0.0003055556701,1.620371586e-08
7032,0.000138888941,6.944449652e-09,0.000138888941,6.944449652e-09
7033,5.555557639e-05,3.086422068e-09,5.555557639e-05,3.086422068e-09
7034,0,0,0,0
7035,0,0,0,0
7036,8.333336458e-05,3.858027585e-09,8.333336458e-05,3.858027585e-09
7037,8.333336458e-05,3.858027585e-09,8.333336458e-05,3.858027585e-09
7038,5.55555764e-05,3.086422067e-09,5.55555764e-05,3.086422067e-09
7039,5.555557639e-05,3.086422068e-09,5.555557639e-05,3.086422068e-09
7040,8.333336458e-05,3.858027585e-09,8.333336458e-05,3.858027585e-09
7041,0.0001111111528,3.086422068e-09,0.0001111111528,3.086422068e-09
7042,0,0,0,0
7043,5.555557639e-05,3.086422068e-09,5.555557639e-05,3.086422068e-09
7044,5.555557639e-05,3.086422068e-09,5.555557639e-05,3.086422068e-09
7045,5.555557639e-05,3.086422068e-09,5.555557639e-05,3.086422068e-09
7046,2.777778819e-05,7.716055169e-10,2.777778819e-05,7.716055169e-10
7047,5.555557639e-05,3.086422068e-09,5.555557639e-05,3.086422068e-09
7048,8.333336458e-05,3.858027585e-09,8.333336458e-05,3.858027585e-09
7049,0,0,0,0
7050,5.555557639e-05,3.086422068e-09,5.555557639e-05,3.086422068e-09
7051,5.555557639e-05,3.086422068e-09,5.555557639e-05,3.086422068e-09
7052,0.0001111111528,4.629633101e-09,0.0001111111528,4.629633101e-09
7053,0.0001944445174,8.487660686e-09,0.0001944445174,8.487660686e-09
7054,5.555557639e-05,3.086422068e-09,5.555557639e-05,3.086422068e-09
7055,0,0,0,0
7056,0.000138888941,6.944449652e-09,0.000138888941,6.944449652e-09
7057,0,0,0,0
7058,8.333336458e-05,3.858027585e-09,8.333336458e-05,3.858027585e-09
7059,5.555557639e-05,3.086422068e-09,5.555557639e-05,3.086422068e-09
7060,2.777778819e-05,7.716055169e-10,2.777778819e-05,7.716055169e-10
7061,0,0,0,0
7062,8.333336458e-05,3.858027585e-09,8.333336458e-05,3.858027585e-09
7063,5.555557639e-05,3.086422068e-09,5.555557639e-05,3.086422068e-09
7064,2.777778819e-05,7.716055169e-10,2.777778819e-05,7.716055169e-10
7065,8.333336458e-05,3.858027585e-09,8.333336458e-05,3.858027585e-09
7066,7.407410185e-05,5.486972565e-09,7.407410185e-05,5.486972565e-09
7067,2.777778819e-05,7.716055169e-10,2.777778819e-05,7.716055169e-10
7068,2.777778819e-05,7.716055169e-10,2.777778819e-05,7.716055169e-10
7069,5.555557639e-05,3.086422068e-09,5.555557639e-05,3.086422068e-09
7070,5.555557639e-05,1.543211034e-09,5.555557639e-05,1.543211034e-09
7071,0.000138888941,6.944449652e-09,0.000138888941,6.944449652e-09
7072,5.555557639e-05,1.543211034e-09,5.555557639e-05,1.543211034e-09
7073,0.000138888941,5.401238619e-09,0.000138888941,5.401238619e-09
7074,2.777778819e-05,7.716055169e-10,2.777778819e-05,7.716055169e-10
7075,5.55555764e-05,1.543211034e-09,5.55555764e-05,1.543211034e-09
7076,0.000138888941,5.401238618e-09,0.000138888941,5.401238618e-09
7077,5.555557639e-05,3.086422068e-09,5.555557639e-05,3.086422068e-09
7078,8.333336458e-05,3.858027585e-09,8.333336458e-05,3.858027585e-09
7079,5.555557639e-05,3.086422068e-09,5.555557639e-05,3.086422068e-09
7080,8.333336458e-05,3.858027585e-09,8.333336458e-05,3.858027585e-09
7081,0,0,0,0
7082,5.555557639e-05,1.543211034e-09,5.555557639e-05,1.543211034e-09
7083,9.722225868e-05,4.822534481e-09,9.722225868e-05,4.822534481e-09
7084,0.0002569445408,1.200811086e-08,0.0002569445408,1.200811086e-08
7085,8.333336458e-05,3.858027585e-09,8.333336458e-05,3.858027585e-09
7086,0,0,0,0
7087,0.0001111111528,4.629633101e-09,0.0001111111528,4.629633101e-09
7088,0,0,0,0
7089,0.0001666667292,7.716055169e-09,0.0001666667292,7.716055169e-09
7090,8.333336458e-05,2.314816551e-09,8.333336458e-05,2.314816551e-09
7091,0,0,0,0
7092,0,0,0,0
7093,5.555557639e-05,3.086422068e-09,5.555557639e-05,3.086422068e-09
7094,0.0001111111528,4.629633101e-09,0.0001111111528,4.629633101e-09
7095,0.0001666667291,9.259266205e-09,0.0001666667291,9.259266205e-09
7096,8.333336458e-05,3.858027585e-09,8.333336458e-05,3.858027585e-09
7097,5.555557639e-05,1.543211034e-09,5.555557639e-05,1.543211034e-09
7098,0.0001111111528,6.172844135e-09,0.0001111111528,6.172844135e-09
7099,0,0,0,0
7100,5.555557639e-05,3.086422068e-09,5.555557639e-05,3.086422068e-09
7101,0,0,0,0
7102,0.0001944445174,1.003087172e-08,0.0001944445174,1.003087172e-08
7103,0.0001666667292,7.716055169e-09,0.0001666667292,7.716055169e-09
7104,0.0002222223056,1.080247724e-08,0.0002222223056,1.080247724e-08
7105,0,0,0,0
7106,5.555557639e-05,3.086422068e-09,5.555557639e-05,3.086422068e-09
7107,0.000138888941,6.944449655e-09,0.000138888941,6.944449655e-09
7108,8.333336458e-05,3.858027585e-09,8.333336458e-05,3.858027585e-09
7109,5.55555764e-05,1.543211034e-09,5.55555764e-05,1.543211034e-09
7110,5.555557639e-05,3.086422068e-09,5.555557639e-05,3.086422068e-09
7111,8.333336458e-05,3.858027585e-09,8.333336458e-05,3.858027585e-09
7112,0.0001166667104,4.969139529e-09,0.0001166667104,4.969139529e-09
7113,0.0001666667292,9.259266203e-09,0.0001666667292,9.259266203e-09
7114,5.555557639e-05,3.086422068e-09,5.555557639e-05,3.086422068e-09
7115,5.555557639e-05,3.086422068e-09,5.555557639e-05,3.086422068e-09
7116,8.333336458e-05,3.858027585e-09,8.333336458e-05,3.858027585e-09
7117,0.0001666667292,1.080247724e-08,0.0001666667292,1.080247724e-08
7118,0.000138888941,1.003087172e-08,0.000138888941,1.003087172e-08
7119,8.333336458e-05,3.858027585e-09,8.333336458e-05,3.858027585e-09
7120,5.555557639e-05,3.086422068e-09,5.555557639e-05,3.086422068e-09
7121,0.0001666667292,7.716055169e-09,0.0001666667292,7.716055169e-09
7122,9.920638641e-05,5.873650159e-09,9.920638641e-05,5.873650159e-09
7123,0.0001944445174,1.003087172e-08,0.0001944445174,1.003087172e-08
7124,0,0,0,0
7125,5.555557639e-05,3.086422068e-09,5.555557639e-05,3.086422068e-09
7126,2.777778819e-05,7.716055169e-10,2.777778819e-05,7.716055169e-10
7127,0,0,0,0
7128,0,0,0,0
7129,8.333336458e-05,3.858027585e-09,8.333336458e-05,3.858027585e-09
7130,6.250002344e-05,1.977239137e-09,6.250002344e-05,1.977239137e-09
7131,8.333336458e-05,3.858027585e-09,8.333336458e-05,3.858027585e-09
7132,0.000138888941,6.944449652e-09,0.000138888941,6.944449652e-09
7133,0.0002222223056,1.080247724e-08,0.0002222223056,1.080247724e-08
7134,5.555557639e-05,1.543211034e-09,5.555557639e-05,1.543211034e-09
7135,8.333336458e-05,3.858027585e-09,8.333336458e-05,3.858027585e-09
7136,0.0001111111528,6.172844135e-09,0.0001111111528,6.172844135e-09
7137,0,0,0,0
7138,0.0001111111528,4.629633101e-09,0.0001111111528,4.629633101e-09
7139,0,0,0,0
7140,0,0,0,0
7141,8.333336458e-05,3.858027585e-09,8.333336458e-05,3.858027585e-09
7142,6.250002344e-05,1.977239137e-09,6.250002344e-05,1.977239137e-09
7143,0.000138888941,6.944449652e-09,0.000138888941,6.944449652e-09
7144,0.0001666667291,9.259266205e-09,0.0001666667291,9.259266205e-09
7145,0,0,0,0
7146,0.0001111111528,6.172844135e-09,0.0001111111528,6.172844135e-09
7147,5.555557639e-05,1.543211034e-09,5.555557639e-05,1.543211034e-09
7148,8.333336458e-05,3.858027585e-09,8.333336458e-05,3.858027585e-09
7149,0,0,0,0
7150,8.333336458e-05,2.314816551e-09,8.333336458e-05,2.314816551e-09
7151,0,0,0,0
7152,2.777778819e-05,7.716055169e-10,2.777778819e-05,7.716055169e-10
7153,0.0001666667292,7.716055169e-09,0.0001666667292,7.716055169e-09
7154,0,0,0,0
7155,5.555557639e-05,1.543211034e-09,5.555557639e-05,1.543211034e-09
7156,0,0,0,0
7157,0.000138888941,6.944449652e-09,0.000138888941,6.944449652e-09
7158,0.0001111111528,4.629633101e-09,0.0001111111528,4.629633101e-09
7159,0.0001111111528,6.172844135e-09,0.0001111111528,6.172844135e-09
7160,0,0,0,0
7161,5.555557639e-05,3.086422068e-09,5.555557639e-05,3.086422068e-09
7162,2.777778819e-05,7.716055169e-10,2.777778819e-05,7.716055169e-10
7163,8.333336458e-05,3.858027585e-09,8.333336458e-05,3.858027585e-09
7164,2.777778819e-05,7.716055169e-10,2.777778819e-05,7.716055169e-10
7165,2.777778819e-05,7.716055169e-10,2.777778819e-05,7.716055169e-10
7166,0,0,0,0
7167,8.333336458e-05,3.858027585e-09,8.333336458e-05,3.858027585e-09
7168,0.0003055556701,2.237655999e-08,0.0003055556701,2.237655999e-08
7169,0,0,0,0
7170,8.333336458e-05,3.858027585e-09,8.333336458e-05,3.858027585e-09
7171,8.33333646e-05,2.314816551e-09,8.33333646e-05,2.314816551e-09
7172,0.0001111111528,6.172844135e-09,0.0001111111528,6.172844135e-09
7173,5.555557639e-05,3.086422068e-09,5.555557639e-05,3.086422068e-09
7174,0.0002500000937,1.311729379e-08,0.0002500000937,1.311729379e-08
7175,8.333336458e-05,3.858027585e-09,8.333336458e-05,3.858027585e-09
7176,2.777778819e-05,7.716055169e-10,2.777778819e-05,7.716055169e-10
7177,0.0001111111528,4.629633101e-09,0.0001111111528,4.629633101e-09
7178,0,0,0,0
7179,0.0001111111528,6.172844135e-09,0.0001111111528,6.172844135e-09
7180,0.0001111111528,4.629633101e-09,0.0001111111528,4.629633101e-09
7181,5.555557639e-05,3.086422068e-09,5.555557639e-05,3.086422068e-09
7182,2.777778819e-05,7.716055169e-10,2.777778819e-05,7.716055169e-10
7183,0,0,0,0
7184,5.555557639e-05,1.543211034e-09,5.555557639e-05,1.543211034e-09
7185,5.555557639e-05,1.543211034e-09,5.555557639e-05,1.543211034e-09
7186,0.0001111111528,4.629633101e-09,0.0001111111528,4.629633101e-09
7187,8.333336458e-05,3.858027585e-09,8.333336458e-05,3.858027585e-09
7188,0,0,0,0
7189,0.0001111111528,6.172844135e-09,0.0001111111528,6.172844135e-09
7190,2.777778819e-05,7.716055169e-10,2.777778819e-05,7.716055169e-10
7191,8.333336458e-05,3.858027585e-09,8.333336458e-05,3.858027585e-09
7192,5.555557639e-05,3.086422068e-09,5.555557639e-05,3.086422068e-09
7193,2.777778819e-05,7.716055169e-10,2.777778819e-05,7.716055169e-10
7194,0,0,0,0
7195,2.777778819e-05,7.716055169e-10,2.777778819e-05,7.716055169e-10
7196,8.333336458e-05,3.858027585e-09,8.333336458e-05,3.858027585e-09
7197,2.777778819e-05,7.716055169e-10,2.777778819e-05,7.716055169e-10
7198,8.333336458e-05,3.858027585e-09,8.333336458e-05,3.858027585e-09
7199,5.555557639e-05,3.086422068e-09,5.555557639e-05,3.086422068e-09
7200,5.555557639e-05,3.086422068e-09,5.555557639e-05,3.086422068e-09
7201,2.777778819e-05,7.716055169e-10,2.777778819e-05,7.716055169e-10
7202,5.555557639e-05,3.086422068e-09,5.555557639e-05,3.086422068e-09
7203,5.555557639e-05,3.086422068e-09,5.555557639e-05,3.086422068e-09
7204,2.777778819e-05,7.716055169e-10,2.777778819e-05,7.716055169e-10
7205,0.0001111111528,6.172844135e-09,0.0001111111528,6.172844135e-09
7206,5.555557639e-05,1.543211034e-09,5.555557639e-05,1.543211034e-09
7207,5.55555764e-05,1.543211034e-09,5.55555764e-05,1.543211034e-09
7208,5.555557639e-05,1.543211034e-09,5.555557639e-05,1.543211034e-09
7209,0,0,0,0
7210,0.0001111111528,6.172844135e-09,0.0001111111528,6.172844135e-09
7211,8.333336458e-05,3.858027585e-09,8.333336458e-05,3.858027585e-09
7212,8.333336458e-05,3.858027585e-09,8.333336458e-05,3.858027585e-09
7213,0,0,0,0
7214,0.0001111111528,6.172844135e-09,0.0001111111528,6.172844135e-09
7215,0.0001111111528,4.629633101e-09,0.0001111111528,4.629633101e-09
7216,0.0001111111528,6.172844135e-09,0.0001111111528,6.172844135e-09
7217,5.555557639e-05,3.086422068e-09,5.555557639e-05,3.086422068e-09
7218,0,0,0,0
7219,5.555557639e-05,3.086422068e-09,5.555557639e-05,3.086422068e-09
7220,0.000138888941,6.944449655e-09,0.000138888941,6.944449655e-09
7221,0.0002222223056,1.234568827e-08,0.0002222223056,1.234568827e-08
7222,0.0001180555998,3.520450171e-09,0.0001180555998,3.520450171e-09
7223,5.555557639e-05,3.086422068e-09,5.555557639e-05,3.086422068e-09
7224,0,0,0,0
7225,0.0001111111528,4.629633101e-09,0.0001111111528,4.629633101e-09
7226,0,0,0,0
7227,8.333336458e-05,3.858027585e-09,8.333336458e-05,3.858027585e-09
7228,5.555557639e-05,3.086422068e-09,5.555557639e-05,3.086422068e-09
7229,2.777778819e-05,7.716055169e-10,2.777778819e-05,7.716055169e-10
7230,0,0,0,0
7231,0,0,0,0
7232,5.555557639e-05,3.086422068e-09,5.555557639e-05,3.086422068e-09
7233,0.0001296296782,8.573394633e-09,0.0001296296782,8.573394633e-09
7234,0.0001111111528,6.172844135e-09,0.0001111111528,6.172844135e-09
7235,0.000138888941,6.944449655e-09,0.000138888941,6.944449655e-09
7236,2.777778819e-05,7.716055169e-10,2.777778819e-05,7.716055169e-10
7237,8.333336458e-05,3.858027585e-09,8.333336458e-05,3.858027585e-09
7238,2.777778819e-05,7.716055169e-10,2.777778819e-05,7.716055169e-10
7239,0.0001111111528,4.629633101e-09,0.0001111111528,4.629633101e-09
7240,5.555557639e-05,3.086422068e-09,5.555557639e-05,3.086422068e-09
7241,0.000138888941,6.944449652e-09,0.000138888941,6.944449652e-09
7242,8.333336458e-05,3.858027585e-09,8.333336458e-05,3.858027585e-09
7243,4.44444611e-05,1.975310123e-09,4.44444611e-05,1.975310123e-09
7244,0,0,0,0
7245,0.000138888941,6.944449652e-09,0.000138888941,6.944449652e-09
7246,8.333336458e-05,3.858027585e-09,8.333336458e-05,3.858027585e-09
7247,0,0,0,0
7248,0.0001111111528,4.629633101e-09,0.0001111111528,4.629633101e-09
7249,8.333336458e-05,3.858027585e-09,8.333336458e-05,3.858027585e-09
7250,0,0,0,0
7251,0.000138888941,6.944449652e-09,0.000138888941,6.944449652e-09
7252,5.555557639e-05,1.543211034e-09,5.555557639e-05,1.543211034e-09
7253,0,0,0,0
7254,5.555557639e-05,1.543211034e-09,5.555557639e-05,1.543211034e-09
7255,0,0,0,0
7256,5.555557639e-05,3.086422068e-09,5.555557639e-05,3.086422068e-09
7257,8.333336458e-05,3.858027585e-09,8.333336458e-05,3.858027585e-09
7258,5.555557639e-05,3.086422068e-09,5.555557639e-05,3.086422068e-09
7259,0,0,0,0
7260,8.333336458e-05,3.858027585e-09,8.333336458e-05,3.858027585e-09
7261,2.777778819e-05,7.716055169e-10,2.777778819e-05,7.716055169e-10
7262,2.777778819e-05,7.716055169e-10,2.777778819e-05,7.716055169e-10
7263,0,0,0,0
7264,2.777778819e-05,7.716055169e-10,2.777778819e-05,7.716055169e-10
7265,2.777778819e-05,7.716055169e-10,2.777778819e-05,7.716055169e-10
7266,0,0,0,0
7267,0.0001111111528,4.629633102e-09,0.0001111111528,4.629633102e-09
7268,0,0,0,0
7269,5.555557639e-05,3.086422068e-09,5.555557639e-05,3.086422068e-09
7270,0.000138888941,6.944449652e-09,0.000138888941,6.944449652e-09
7271,0,0,0,0
7272,0,0,0,0
7273,2.777778819e-05,7.716055169e-10,2.777778819e-05,7.716055169e-10
7274,5.555557639e-05,3.086422068e-09,5.555557639e-05,3.086422068e-09
7275,5.555557639e-05,3.086422068e-09,5.555557639e-05,3.086422068e-09
7276,8.333336458e-05,3.858027585e-09,8.333336458e-05,3.858027585e-09
7277,5.555557639e-05,3.086422068e-09,5.555557639e-05,3.086422068e-09
7278,0.0001111111528,6.172844135e-09,0.0001111111528,6.172844135e-09
7279,5.555557639e-05,1.543211034e-09,5.555557639e-05,1.543211034e-09
7280,0.0001666667291,9.259266205e-09,0.0001666667291,9.259266205e-09
7281,0,0,0,0
7282,5.555557639e-05,1.543211034e-09,5.555557639e-05,1.543211034e-09
7283,2.777778819e-05,7.716055169e-10,2.777778819e-05,7.716055169e-10
7284,2.777778819e-05,7.716055169e-10,2.777778819e-05,7.716055169e-10
7285,2.777778819e-05,7.716055169e-10,2.777778819e-05,7.716055169e-10
7286,5.555557639e-05,1.543211034e-09,5.555557639e-05,1.543211034e-09
7287,0.0001111111528,6.172844135e-09,0.0001111111528,6.172844135e-09
7288,0,0,0,0
7289,2.777778819e-05,7.716055169e-10,2.777778819e-05,7.716055169e-10
7290,9.444447986e-05,5.216053295e-09,9.444447986e-05,5.216053295e-09
7291,2.777778819e-05,7.716055169e-10,2.777778819e-05,7.716055169e-10
7292,2.777778819e-05,7.716055169e-10,2.777778819e-05,7.716055169e-10
7293,5.555557639e-05,1.543211034e-09,5.555557639e-05,1.543211034e-09
7294,5.555557639e-05,3.086422068e-09,5.555557639e-05,3.086422068e-09
7295,8.333336461e-05,6.944449654e-09,8.333336461e-05,6.944449654e-09
7296,8.333336458e-05,2.314816551e-09,8.333336458e-05,2.314816551e-09
7297,5.555557639e-05,3.086422068e-09,5.555557639e-05,3.086422068e-09
7298,0.000138888941,6.944449652e-09,0.000138888941,6.944449652e-09
7299,0.0002222223055,1.080247724e-08,0.0002222223055,1.080247724e-08
7300,0,0,0,0
7301,0,0,0,0
7302,0,0,0,0
7303,0,0,0,0
7304,8.333336458e-05,3.858027585e-09,8.333336458e-05,3.858027585e-09
7305,0.0001666667292,9.259266203e-09,0.0001666667292,9.259266203e-09
7306,0.0001111111528,4.629633101e-09,0.0001111111528,4.629633101e-09
7307,2.777778819e-05,7.716055169e-10,2.777778819e-05,7.716055169e-10
7308,0,0,0,0
7309,5.555557639e-05,3.086422068e-09,5.555557639e-05,3.086422068e-09
7310,5.555557639e-05,3.086422068e-09,5.555557639e-05,3.086422068e-09
7311,5.555557639e-05,1.543211034e-09,5.555557639e-05,1.543211034e-09
7312,0,0,0,0
7313,2.777778819e-05,7.716055169e-10,2.777778819e-05,7.716055169e-10
7314,0,0,0,0
7315,5.555557639e-05,1.543211034e-09,5.555557639e-05,1.543211034e-09
7316,0,0,0,0
7317,0.0001468254519,7.889272734e-09,0.0001468254519,7.889272734e-09
7318,6.34920873e-05,4.03124515e-09,6.34920873e-05,4.03124515e-09
7319,2.777778819e-05,7.716055169e-10,2.777778819e-05,7.716055169e-10
7320,0.000138888941,6.944449652e-09,0.000138888941,6.944449652e-09
7321,0,0,0,0
7322,2.777778819e-05,7.716055169e-10,2.777778819e-05,7.716055169e-10
7323,0,0,0,0
7324,0,0,0,0
7325,0.0001111111528,4.629633101e-09,0.0001111111528,4.629633101e-09
7326,0.0001666667291,7.716055172e-09,0.0001666667291,7.716055172e-09
7327,8.333336458e-05,3.858027585e-09,8.333336458e-05,3.858027585e-09
7328,8.888892222e-05,4.197534012e-09,8.888892222e-05,4.197534012e-09
7329,0,0,0,0
7330,0.000138888941,6.944449652e-09,0.000138888941,6.944449652e-09
7331,0.0001172839946,5.353608649e-09,0.0001172839946,5.353608649e-09
7332,8.333336458e-05,3.858027585e-09,8.333336458e-05,3.858027585e-09
7333,2.777778819e-05,7.716055169e-10,2.777778819e-05,7.716055169e-10
7334,0.0001111111528,3.086422068e-09,0.0001111111528,3.086422068e-09
7335,2.777778819e-05,7.716055169e-10,2.777778819e-05,7.716055169e-10
7336,0.0001111111528,4.629633101e-09,0.0001111111528,4.629633101e-09
7337,0,0,0,0
7338,2.777778819e-05,7.716055169e-10,2.777778819e-05,7.716055169e-10
7339,8.333336458e-05,2.314816551e-09,8.333336458e-05,2.314816551e-09
7340,0.0001111111528,4.629633101e-09,0.0001111111528,4.629633101e-09
7341,2.777778819e-05,7.716055169e-10,2.777778819e-05,7.716055169e-10
7342,5.555557639e-05,1.543211034e-09,5.555557639e-05,1.543211034e-09
7343,0.0001111111528,4.629633101e-09,0.0001111111528,4.629633101e-09
7344,0,0,0,0
7345,5.555557639e-05,1.543211034e-09,5.555557639e-05,1.543211034e-09
7346,0.0001666667292,9.259266203e-09,0.0001666667292,9.259266203e-09
7347,0.0002500000937,1.311729379e-08,0.0002500000937,1.311729379e-08
7348,0,0,0,0
7349,2.777778819e-05,7.716055169e-10,2.777778819e-05,7.716055169e-10
7350,0,0,0,0
7351,0,0,0,0
7352,0.000138888941,6.944449652e-09,0.000138888941,6.944449652e-09
7353,2.777778819e-05,7.716055169e-10,2.777778819e-05,7.716055169e-10
7354,0.000138888941,6.944449652e-09,0.000138888941,6.944449652e-09
7355,0.0001111111528,6.172844135e-09,0.0001111111528,6.172844135e-09
7356,5.555557639e-05,1.543211034e-09,5.555557639e-05,1.543211034e-09
7357,0.0001111111528,6.172844135e-09,0.0001111111528,6.172844135e-09
7358,0.0001111111528,4.629633101e-09,0.0001111111528,4.629633101e-09
7359,8.333336458e-05,3.858027585e-09,8.333336458e-05,3.858027585e-09
7360,5.555557639e-05,3.086422068e-09,5.555557639e-05,3.086422068e-09
7361,0.0001111111528,6.172844135e-09,0.0001111111528,6.172844135e-09
7362,0,0,0,0
7363,5.555557639e-05,3.086422068e-09,5.555557639e-05,3.086422068e-09
7364,8.760687046e-05,2.570496485e-09,8.760687046e-05,2.570496485e-09
7365,0,0,0,0
7366,2.777778819e-05,7.716055169e-10,2.777778819e-05,7.716055169e-10
7367,0,0,0,0
7368,8.333336458e-05,3.858027585e-09,8.333336458e-05,3.858027585e-09
7369,0,0,0,0
7370,0.0001481482037,6.001376243e-09,0.0001481482037,6.001376243e-09
7371,0.0001111111528,6.172844135e-09,0.0001111111528,6.172844135e-09
7372,0.0001111111528,4.629633101e-09,0.0001111111528,4.629633101e-09
7373,2.777778819e-05,7.716055169e-10,2.777778819e-05,7.716055169e-10
7374,5.555557639e-05,3.086422068e-09,5.555557639e-05,3.086422068e-09
7375,0.0001111111528,6.172844135e-09,0.0001111111528,6.172844135e-09
7376,0.0001111111528,6.172844135e-09,0.0001111111528,6.172844135e-09
7377,8.333336458e-05,3.858027585e-09,8.333336458e-05,3.858027585e-09
7378,5.555557639e-05,3.086422068e-09,5.555557639e-05,3.086422068e-09
7379,0.0001666667292,6.172844135e-09,0.0001666667292,6.172844135e-09
7380,0.0002222223056,1.080247724e-08,0.0002222223056,1.080247724e-08
7381,2.777778819e-05,7.716055169e-10,2.777778819e-05,7.716055169e-10
7382,0,0,0,0
7383,0.0001111111528,6.172844135e-09,0.0001111111528,6.172844135e-09
7384,0.000138888941,5.401238618e-09,0.000138888941,5.401238618e-09
7385,6.250002344e-05,3.90625293e-09,6.250002344e-05,3.90625293e-09
7386,5.555557639e-05,3.086422068e-09,5.555557639e-05,3.086422068e-09
7387,3.240741956e-05,1.050240843e-09,3.240741956e-05,1.050240843e-09
7388,0,0,0,0
7389,8.333336461e-05,6.944449654e-09,8.333336461e-05,6.944449654e-09
7390,8.333336458e-05,3.858027585e-09,8.333336458e-05,3.858027585e-09
7391,5.555557639e-05,3.086422068e-09,5.555557639e-05,3.086422068e-09
7392,0,0,0,0
7393,5.555557639e-05,3.086422068e-09,5.555557639e-05,3.086422068e-09
7394,0,0,0,0
7395,0.0001111111528,4.629633102e-09,0.0001111111528,4.629633102e-09
7396,5.555557639e-05,3.086422068e-09,5.555557639e-05,3.086422068e-09
7397,5.555557639e-05,3.086422068e-09,5.555557639e-05,3.086422068e-09
7398,8.333336458e-05,3.858027585e-09,8.333336458e-05,3.858027585e-09
7399,0.000138888941,6.944449652e-09,0.000138888941,6.944449652e-09
7400,5.555557639e-05,1.543211034e-09,5.555557639e-05,1.543211034e-09
7401,0.0001666667292,9.259266203e-09,0.0001666667292,9.259266203e-09
7402,8.333336458e-05,3.858027585e-09,8.333336458e-05,3.858027585e-09
7403,5.555557639e-05,3.086422068e-09,5.555557639e-05,3.086422068e-09
7404,8.333336458e-05,3.858027585e-09,8.333336458e-05,3.858027585e-09
7405,4.166668229e-05,1.736112413e-09,4.166668229e-05,1.736112413e-09
7406,5.555557639e-05,3.086422068e-09,5.555557639e-05,3.086422068e-09
7407,5.555557639e-05,3.086422068e-09,5.555557639e-05,3.086422068e-09
7408,5.555557639e-05,3.086422068e-09,5.555557639e-05,3.086422068e-09
7409,0.0001111111528,7.716055171e-09,0.0001111111528,7.716055171e-09
7410,0,0,0,0
7411,0.0001944445174,1.003087172e-08,0.0001944445174,1.003087172e-08
7412,5.55555764e-05,1.543211034e-09,5.55555764e-05,1.543211034e-09
7413,0.0001574074664,9.345000149e-09,0.0001574074664,9.345000149e-09
7414,0.0001111111528,4.629633101e-09,0.0001111111528,4.629633101e-09
7415,8.333336458e-05,3.858027585e-09,8.333336458e-05,3.858027585e-09
7416,2.777778819e-05,7.716055169e-10,2.777778819e-05,7.716055169e-10
7417,8.333336458e-05,3.858027585e-09,8.333336458e-05,3.858027585e-09
7418,5.555557639e-05,3.086422068e-09,5.555557639e-05,3.086422068e-09
7419,0,0,0,0
7420,5.555557639e-05,3.086422068e-09,5.555557639e-05,3.086422068e-09
7421,0,0,0,0
7422,8.333336458e-05,3.858027585e-09,8.333336458e-05,3.858027585e-09
7423,0,0,0,0
7424,0.0001111111528,6.172844135e-09,0.0001111111528,6.172844135e-09
7425,2.777778819e-05,7.716055169e-10,2.777778819e-05,7.716055169e-10
7426,0.0001944445173,1.003087172e-08,0.0001944445173,1.003087172e-08
7427,5.555557639e-05,3.086422068e-09,5.555557639e-05,3.086422068e-09
7428,2.777778819e-05,7.716055169e-10,2.777778819e-05,7.716055169e-10
7429,9.027781163e-05,4.677858447e-09,9.027781163e-05,4.677858447e-09
7430,0,0,0,0
7431,0,0,0,0
7432,0,0,0,0
7433,0,0,0,0
7434,0.0001222222681,7.530869846e-09,0.0001222222681,7.530869846e-09
7435,5.555557639e-05,3.086422068e-09,5.555557639e-05,3.086422068e-09
7436,8.333336458e-05,3.858027585e-09,8.333336458e-05,3.858027585e-09
7437,5.555557639e-05,3.086422068e-09,5.555557639e-05,3.086422068e-09
7438,0.0001180555998,5.063661205e-09,0.0001180555998,5.063661205e-09
7439,8.024694369e-05,6.439571968e-09,8.024694369e-05,6.439571968e-09
7440,5.555557639e-05,3.086422068e-09,5.555557639e-05,3.086422068e-09
7441,0.0001666667292,6.172844135e-09,0.0001666667292,6.172844135e-09
7442,0,0,0,0
7443,0.0002361111997,1.253858965e-08,0.0002361111997,1.253858965e-08
7444,0.0001111111528,6.172844135e-09,0.0001111111528,6.172844135e-09
7445,0.0001111111528,4.629633101e-09,0.0001111111528,4.629633101e-09
7446,0.0002222223056,1.38888993e-08,0.0002222223056,1.38888993e-08
7447,8.333336458e-05,3.858027585e-09,8.333336458e-05,3.858027585e-09
7448,0.0001111111528,4.629633101e-09,0.0001111111528,4.629633101e-09
7449,3.703705093e-05,1.371743141e-09,3.703705093e-05,1.371743141e-09
7450,0,0,0,0
7451,5.555557639e-05,3.086422068e-09,5.555557639e-05,3.086422068e-09
7452,8.333336458e-05,3.858027585e-09,8.333336458e-05,3.858027585e-09
7453,5.555557639e-05,3.086422068e-09,5.555557639e-05,3.086422068e-09
7454,0,0,0,0
7455,0.0001666667292,9.259266203e-09,0.0001666667292,9.259266203e-09
7456,0,0,0,0
7457,5.555557639e-05,1.543211034e-09,5.555557639e-05,1.543211034e-09
7458,2.777778819e-05,7.716055169e-10,2.777778819e-05,7.716055169e-10
7459,0.0001111111528,4.629633101e-09,0.0001111111528,4.629633101e-09
7460,0,0,0,0
7461,0.0001944445173,1.003087172e-08,0.0001944445173,1.003087172e-08
7462,5.555557639e-05,1.543211034e-09,5.555557639e-05,1.543211034e-09
7463,0,0,0,0
7464,0.0001111111528,6.172844135e-09,0.0001111111528,6.172844135e-09
7465,2.777778819e-05,7.716055169e-10,2.777778819e-05,7.716055169e-10
7466,5.555557639e-05,3.086422068e-09,5.555557639e-05,3.086422068e-09
7467,5.555557639e-05,1.543211034e-09,5.555557639e-05,1.543211034e-09
7468,0.0001666667291,9.259266205e-09,0.0001666667291,9.259266205e-09
7469,0.0002777778819,1.38888993e-08,0.0002777778819,1.38888993e-08
7470,0.0001172839946,5.353608649e-09,0.0001172839946,5.353608649e-09
7471,0,0,0,0
7472,3.703705093e-05,1.371743141e-09,3.703705093e-05,1.371743141e-09
7473,8.333336458e-05,3.858027585e-09,8.333336458e-05,3.858027585e-09
7474,5.555557639e-05,1.543211034e-09,5.555557639e-05,1.543211034e-09
7475,5.555557639e-05,3.086422068e-09,5.555557639e-05,3.086422068e-09
7476,8.333336458e-05,3.858027585e-09,8.333336458e-05,3.858027585e-09
7477,8.333336458e-05,3.858027585e-09,8.333336458e-05,3.858027585e-09
7478,5.555557639e-05,3.086422068e-09,5.555557639e-05,3.086422068e-09
7479,0,0,0,0
7480,8.333336458e-05,3.858027585e-09,8.333336458e-05,3.858027585e-09
7481,8.333336458e-05,3.858027585e-09,8.333336458e-05,3.858027585e-09
7482,2.777778819e-05,7.716055169e-10,2.777778819e-05,7.716055169e-10
7483,0,0,0,0
7484,2.777778819e-05,7.716055169e-10,2.777778819e-05,7.716055169e-10
7485,0,0,0,0
7486,5.555557639e-05,1.543211034e-09,5.555557639e-05,1.543211034e-09
7487,8.333336458e-05,3.858027585e-09,8.333336458e-05,3.858027585e-09
7488,8.333336458e-05,3.858027585e-09,8.333336458e-05,3.858027585e-09
7489,0,0,0,0
7490,0,0,0,0
7491,0,0,0,0
7492,2.777778819e-05,7.716055169e-10,2.777778819e-05,7.716055169e-10
7493,5.555557639e-05,3.086422068e-09,5.555557639e-05,3.086422068e-09
7494,0,0,0,0
7495,8.333336458e-05,3.858027585e-09,8.333336458e-05,3.858027585e-09
7496,8.333336458e-05,3.858027585e-09,8.333336458e-05,3.858027585e-09
7497,2.777778819e-05,7.716055169e-10,2.777778819e-05,7.716055169e-10
7498,8.796299595e-05,4.13666291e-09,8.796299595e-05,4.13666291e-09
7499,2.777778819e-05,7.716055169e-10,2.777778819e-05,7.716055169e-10
7500,8.333336458e-05,3.858027585e-09,8.333336458e-05,3.858027585e-09
7501,5.555557639e-05,1.543211034e-09,5.555557639e-05,1.543211034e-09
7502,0.0001111111528,6.172844135e-09,0.0001111111528,6.172844135e-09
7503,8.333336458e-05,3.858027585e-09,8.333336458e-05,3.858027585e-09
7504,8.333336458e-05,3.858027585e-09,8.333336458e-05,3.858027585e-09
7505,5.555557639e-05,1.543211034e-09,5.555557639e-05,1.543211034e-09
7506,5.555557639e-05,3.086422068e-09,5.555557639e-05,3.086422068e-09
7507,0,0,0,0
7508,0.0001111111528,4.629633101e-09,0.0001111111528,4.629633101e-09
7509,8.333336458e-05,3.858027585e-09,8.333336458e-05,3.858027585e-09
7510,0,0,0,0
7511,6.481483912e-05,2.143348658e-09,6.481483912e-05,2.143348658e-09
7512,0,0,0,0
7513,8.333336458e-05,2.314816551e-09,8.333336458e-05,2.314816551e-09
7514,5.555557639e-05,3.086422068e-09,5.555557639e-05,3.086422068e-09
7515,0.0002222223056,9.259266203e-09,0.0002222223056,9.259266203e-09
7516,0.0001222222681,7.530869846e-09,0.0001222222681,7.530869846e-09
7517,2.777778819e-05,7.716055169e-10,2.777778819e-05,7.716055169e-10
7518,0.0002500000937,1.157408275e-08,0.0002500000937,1.157408275e-08
7519,2.777778819e-05,7.716055169e-10,2.777778819e-05,7.716055169e-10
7520,8.333336458e-05,3.858027585e-09,8.333336458e-05,3.858027585e-09
7521,5.555557639e-05,3.086422068e-09,5.555557639e-05,3.086422068e-09
7522,0.0001111111528,4.629633101e-09,0.0001111111528,4.629633101e-09
7523,5.555557639e-05,3.086422068e-09,5.555557639e-05,3.086422068e-09
7524,5.555557639e-05,3.086422068e-09,5.555557639e-05,3.086422068e-09
7525,0.0001111111528,4.629633101e-09,0.0001111111528,4.629633101e-09
7526,0.0001944445174,8.487660686e-09,0.0001944445174,8.487660686e-09
7527,8.333336458e-05,3.858027585e-09,8.333336458e-05,3.858027585e-09
7528,5.555557639e-05,1.543211034e-09,5.555557639e-05,1.543211034e-09
7529,2.777778819e-05,7.716055169e-10,2.777778819e-05,7.716055169e-10
7530,5.555557639e-05,3.086422068e-09,5.555557639e-05,3.086422068e-09
7531,5.555557639e-05,3.086422068e-09,5.555557639e-05,3.086422068e-09
7532,0,0,0,0
7533,0,0,0,0
7534,0,0,0,0
7535,2.777778819e-05,7.716055169e-10,2.777778819e-05,7.716055169e-10
7536,5.555557639e-05,1.543211034e-09,5.555557639e-05,1.543211034e-09
7537,2.777778819e-05,7.716055169e-10,2.777778819e-05,7.716055169e-10
7538,0.0001666667292,9.259266203e-09,0.0001666667292,9.259266203e-09
7539,2.777778819e-05,7.716055169e-10,2.777778819e-05,7.716055169e-10
7540,0.0001111111528,6.172844135e-09,0.0001111111528,6.172844135e-09
7541,5.555557639e-05,3.086422068e-09,5.555557639e-05,3.086422068e-09
7542,8.333336458e-05,3.858027585e-09,8.333336458e-05,3.858027585e-09
7543,0,0,0,0
7544,0.0001250000469,5.594139997e-09,0.0001250000469,5.594139997e-09
7545,2.777778819e-05,7.716055169e-10,2.777778819e-05,7.716055169e-10
7546,2.777778819e-05,7.716055169e-10,2.777778819e-05,7.716055169e-10
7547,5.555557639e-05,1.543211034e-09,5.555557639e-05,1.543211034e-09
7548,5.555557639e-05,1.543211034e-09,5.555557639e-05,1.543211034e-09
7549,2.777778819e-05,7.716055169e-10,2.777778819e-05,7.716055169e-10
7550,0,0,0,0
7551,8.333336458e-05,3.858027585e-09,8.333336458e-05,3.858027585e-09
7552,0.0001111111528,6.172844135e-09,0.0001111111528,6.172844135e-09
7553,2.777778819e-05,7.716055169e-10,2.777778819e-05,7.716055169e-10
7554,5.952383184e-05,1.779416804e-09,5.952383184e-05,1.779416804e-09
7555,5.555557639e-05,3.086422068e-09,5.555557639e-05,3.086422068e-09
7556,5.555557639e-05,3.086422068e-09,5.555557639e-05,3.086422068e-09
7557,2.777778819e-05,7.716055169e-10,2.777778819e-05,7.716055169e-10
7558,2.777778819e-05,7.716055169e-10,2.777778819e-05,7.716055169e-10
7559,2.777778819e-05,7.716055169e-10,2.777778819e-05,7.716055169e-10
7560,0.0002500000937,1.311729379e-08,0.0002500000937,1.311729379e-08
7561,5.555557639e-05,1.543211034e-09,5.555557639e-05,1.543211034e-09
7562,0,0,0,0
7563,3.472223524e-05,1.20563362e-09,3.472223524e-05,1.20563362e-09
7564,0.000138888941,5.401238619e-09,0.000138888941,5.401238619e-09
7565,0.000138888941,6.944449652e-09,0.000138888941,6.944449652e-09
7566,8.333336458e-05,3.858027585e-09,8.333336458e-05,3.858027585e-09
7567,8.333336458e-05,3.858027585e-09,8.333336458e-05,3.858027585e-09
7568,0,0,0,0
7569,0,0,0,0
7570,2.777778819e-05,7.716055169e-10,2.777778819e-05,7.716055169e-10
7571,0,0,0,0
7572,8.333336458e-05,3.858027585e-09,8.333336458e-05,3.858027585e-09
7573,0.0001111111528,6.172844135e-09,0.0001111111528,6.172844135e-09
7574,2.777778819e-05,7.716055169e-10,2.777778819e-05,7.716055169e-10
7575,0,0,0,0
7576,8.333336458e-05,3.858027585e-09,8.333336458e-05,3.858027585e-09
7577,0.0001111111528,6.172844135e-09,0.0001111111528,6.172844135e-09
7578,0.0001111111528,4.629633101e-09,0.0001111111528,4.629633101e-09
7579,0,0,0,0
7580,5.555557639e-05,3.086422068e-09,5.555557639e-05,3.086422068e-09
7581,5.555557639e-05,1.543211034e-09,5.555557639e-05,1.543211034e-09
7582,0.0001111111528,6.172844135e-09,0.0001111111528,6.172844135e-09
7583,0,0,0,0
7584,2.777778819e-05,7.716055169e-10,2.777778819e-05,7.716055169e-10
7585,0.0001944445174,8.487660686e-09,0.0001944445174,8.487660686e-09
7586,8.333336458e-05,3.858027585e-09,8.333336458e-05,3.858027585e-09
7587,0,0,0,0
7588,0,0,0,0
7589,0,0,0,0
7590,0.0001111111528,6.172844135e-09,0.0001111111528,6.172844135e-09
7591,0.0001111111528,4.629633101e-09,0.0001111111528,4.629633101e-09
7592,2.777778819e-05,7.716055169e-10,2.777778819e-05,7.716055169e-10
7593,5.555557639e-05,3.086422068e-09,5.555557639e-05,3.086422068e-09
7594,5.555557639e-05,3.086422068e-09,5.555557639e-05,3.086422068e-09
7595,2.777778819e-05,7.716055169e-10,2.777778819e-05,7.716055169e-10
7596,5.555557639e-05,1.543211034e-09,5.555557639e-05,1.543211034e-09
7597,0.000138888941,6.944449655e-09,0.000138888941,6.944449655e-09
7598,0,0,0,0
7599,9.722225868e-05,4.822534481e-09,9.722225868e-05,4.822534481e-09
7600,0.000138888941,3.858027585e-09,0.000138888941,3.858027585e-09
7601,0,0,0,0
7602,0.00010185189,6.258578082e-09,0.00010185189,6.258578082e-09
7603,0.000138888941,6.944449652e-09,0.000138888941,6.944449652e-09
7604,2.777778819e-05,7.716055169e-10,2.777778819e-05,7.716055169e-10
7605,0,0,0,0
7606,8.333336458e-05,3.858027585e-09,8.333336458e-05,3.858027585e-09
7607,2.777778819e-05,7.716055169e-10,2.777778819e-05,7.716055169e-10
7608,2.777778819e-05,7.716055169e-10,2.777778819e-05,7.716055169e-10
7609,0.0001296296782,8.573394633e-09,0.0001296296782,8.573394633e-09
7610,8.333336458e-05,3.858027585e-09,8.333336458e-05,3.858027585e-09
7611,0.0001111111528,6.172844138e-09,0.0001111111528,6.172844138e-09
7612,0.0001111111528,4.629633101e-09,0.0001111111528,4.629633101e-09
7613,5.555557639e-05,3.086422068e-09,5.555557639e-05,3.086422068e-09
7614,8.333336458e-05,3.858027585e-09,8.333336458e-05,3.858027585e-09
7615,0.0001111111528,3.086422068e-09,0.0001111111528,3.086422068e-09
7616,0.0001666667292,7.716055169e-09,0.0001666667292,7.716055169e-09
7617,0,0,0,0
7618,2.777778819e-05,7.716055169e-10,2.777778819e-05,7.716055169e-10
7619,0.0001111111528,4.629633101e-09,0.0001111111528,4.629633101e-09
7620,8.333336458e-05,3.858027585e-09,8.333336458e-05,3.858027585e-09
7621,2.777778819e-05,7.716055169e-10,2.777778819e-05,7.716055169e-10
7622,8.333336458e-05,3.858027585e-09,8.333336458e-05,3.858027585e-09
7623,5.555557639e-05,3.086422068e-09,5.555557639e-05,3.086422068e-09
7624,2.777778819e-05,7.716055169e-10,2.777778819e-05,7.716055169e-10
7625,0,0,0,0
7626,0.000138888941,6.944449652e-09,0.000138888941,6.944449652e-09
7627,0,0,0,0
7628,0,0,0,0
7629,0.0001111111528,4.629633101e-09,0.0001111111528,4.629633101e-09
7630,5.555557639e-05,3.086422068e-09,5.555557639e-05,3.086422068e-09
7631,8.333336458e-05,3.858027585e-09,8.333336458e-05,3.858027585e-09
7632,0,0,0,0
7633,0,0,0,0
7634,8.333336458e-05,3.858027585e-09,8.333336458e-05,3.858027585e-09
7635,8.333336458e-05,3.858027585e-09,8.333336458e-05,3.858027585e-09
7636,5.555557639e-05,3.086422068e-09,5.555557639e-05,3.086422068e-09
7637,0.000138888941,6.944449652e-09,0.000138888941,6.944449652e-09
7638,8.333336458e-05,3.858027585e-09,8.333336458e-05,3.858027585e-09
7639,5.555557639e-05,1.543211034e-09,5.555557639e-05,1.543211034e-09
7640,0.0001111111528,6.172844135e-09,0.0001111111528,6.172844135e-09
7641,0,0,0,0
7642,2.777778819e-05,7.716055169e-10,2.777778819e-05,7.716055169e-10
7643,8.333336458e-05,3.858027585e-09,8.333336458e-05,3.858027585e-09
7644,5.555557639e-05,3.086422068e-09,5.555557639e-05,3.086422068e-09
7645,0,0,0,0
7646,5.555557639e-05,3.086422068e-09,5.555557639e-05,3.086422068e-09
7647,0,0,0,0
7648,8.333336458e-05,3.858027585e-09,8.333336458e-05,3.858027585e-09
7649,8.333336458e-05,3.858027585e-09,8.333336458e-05,3.858027585e-09
7650,2.777778819e-05,7.716055169e-10,2.777778819e-05,7.716055169e-10
7651,0.000138888941,6.944449652e-09,0.000138888941,6.944449652e-09
7652,5.555557639e-05,3.086422068e-09,5.555557639e-05,3.086422068e-09
7653,2.777778819e-05,7.716055169e-10,2.777778819e-05,7.716055169e-10
7654,0.0001944445174,1.003087172e-08,0.0001944445174,1.003087172e-08
7655,2.777778819e-05,7.716055169e-10,2.777778819e-05,7.716055169e-10
7656,8.333336458e-05,3.858027585e-09,8.333336458e-05,3.858027585e-09
7657,0,0,0,0
7658,5.555557639e-05,3.086422068e-09,5.555557639e-05,3.086422068e-09
7659,0.000138888941,6.944449652e-09,0.000138888941,6.944449652e-09
7660,2.777778819e-05,7.716055169e-10,2.777778819e-05,7.716055169e-10
7661,5.555557639e-05,3.086422068e-09,5.555557639e-05,3.086422068e-09
7662,0,0,0,0
7663,2.777778819e-05,7.716055169e-10,2.777778819e-05,7.716055169e-10
7664,9.027781163e-05,4.677858447e-09,9.027781163e-05,4.677858447e-09
7665,0.0001111111528,4.629633101e-09,0.0001111111528,4.629633101e-09
7666,8.333336458e-05,3.858027585e-09,8.333336458e-05,3.858027585e-09
7667,2.777778819e-05,7.716055169e-10,2.777778819e-05,7.716055169e-10
7668,8.333336458e-05,3.858027585e-09,8.333336458e-05,3.858027585e-09
7669,8.333336458e-05,3.858027585e-09,8.333336458e-05,3.858027585e-09
7670,8.333336458e-05,3.858027585e-09,8.333336458e-05,3.858027585e-09
7671,5.555557639e-05,1.543211034e-09,5.555557639e-05,1.543211034e-09
7672,0,0,0,0
7673,0.0001111111528,6.172844135e-09,0.0001111111528,6.172844135e-09
7674,0,0,0,0
7675,0.0001111111528,4.629633101e-09,0.0001111111528,4.629633101e-09
7676,0,0,0,0
7677,0.0001111111528,6.172844135e-09,0.0001111111528,6.172844135e-09
7678,0.0001111111528,4.629633101e-09,0.0001111111528,4.629633101e-09
7679,8.333336458e-05,3.858027585e-09,8.333336458e-05,3.858027585e-09
7680,2.777778819e-05,7.716055169e-10,2.777778819e-05,7.716055169e-10
7681,8.333336458e-05,3.858027585e-09,8.333336458e-05,3.858027585e-09
7682,0.0002777778819,1.38888993e-08,0.0002777778819,1.38888993e-08
7683,0,0,0,0
7684,0.000138888941,6.944449652e-09,0.000138888941,6.944449652e-09
7685,5.555557639e-05,1.543211034e-09,5.555557639e-05,1.543211034e-09
7686,8.333336458e-05,3.858027585e-09,8.333336458e-05,3.858027585e-09
7687,5.555557639e-05,3.086422068e-09,5.555557639e-05,3.086422068e-09
7688,0.000138888941,6.944449652e-09,0.000138888941,6.944449652e-09
7689,4.166668229e-05,1.736112413e-09,4.166668229e-05,1.736112413e-09
7690,0.0001111111528,6.172844138e-09,0.0001111111528,6.172844138e-09
7691,5.555557639e-05,3.086422068e-09,5.555557639e-05,3.086422068e-09
7692,5.555557639e-05,3.086422068e-09,5.555557639e-05,3.086422068e-09
7693,0.000138888941,5.401238618e-09,0.000138888941,5.401238618e-09
7694,2.777778819e-05,7.716055169e-10,2.777778819e-05,7.716055169e-10
7695,5.555557639e-05,1.543211034e-09,5.555557639e-05,1.543211034e-09
7696,8.333336458e-05,3.858027585e-09,8.333336458e-05,3.858027585e-09
7697,0.0001666667292,6.172844136e-09,0.0001666667292,6.172844136e-09
7698,2.777778819e-05,7.716055169e-10,2.777778819e-05,7.716055169e-10
7699,5.555557639e-05,3.086422068e-09,5.555557639e-05,3.086422068e-09
7700,8.33333646e-05,2.314816551e-09,8.33333646e-05,2.314816551e-09
7701,2.777778819e-05,7.716055169e-10,2.777778819e-05,7.716055169e-10
7702,8.333336458e-05,3.858027585e-09,8.333336458e-05,3.858027585e-09
7703,5.555557639e-05,3.086422068e-09,5.555557639e-05,3.086422068e-09
7704,5.555557639e-05,3.086422068e-09,5.555557639e-05,3.086422068e-09
7705,8.333336458e-05,3.858027585e-09,8.333336458e-05,3.858027585e-09
7706,2.777778819e-05,7.716055169e-10,2.777778819e-05,7.716055169e-10
7707,0,0,0,0
7708,8.333336458e-05,3.858027585e-09,8.333336458e-05,3.858027585e-09
7709,5.555557639e-05,3.086422068e-09,5.555557639e-05,3.086422068e-09
7710,5.555557639e-05,3.086422068e-09,5.555557639e-05,3.086422068e-09
7711,0.000138888941,6.944449652e-09,0.000138888941,6.944449652e-09
7712,2.777778819e-05,7.716055169e-10,2.777778819e-05,7.716055169e-10
7713,2.777778819e-05,7.716055169e-10,2.777778819e-05,7.716055169e-10
7714,0.0001180555998,5.449463964e-09,0.0001180555998,5.449463964e-09
7715,5.555557639e-05,3.086422068e-09,5.555557639e-05,3.086422068e-09
7716,0.0001111111528,6.172844135e-09,0.0001111111528,6.172844135e-09
7717,2.777778819e-05,7.716055169e-10,2.777778819e-05,7.716055169e-10
7718,2.777778819e-05,7.716055169e-10,2.777778819e-05,7.716055169e-10
7719,8.333336458e-05,3.858027585e-09,8.333336458e-05,3.858027585e-09
7720,2.777778819e-05,7.716055169e-10,2.777778819e-05,7.716055169e-10
7721,9.722225868e-05,5.594139998e-09,9.722225868e-05,5.594139998e-09
7722,0.0002870371447,1.500344061e-08,0.0002870371447,1.500344061e-08
7723,0,0,0,0
7724,0,0,0,0
7725,0.000138888941,6.944449652e-09,0.000138888941,6.944449652e-09
7726,5.555557639e-05,3.086422068e-09,5.555557639e-05,3.086422068e-09
7727,0.0001666667291,9.259266205e-09,0.0001666667291,9.259266205e-09
7728,5.555557639e-05,3.086422068e-09,5.555557639e-05,3.086422068e-09
7729,8.333336458e-05,3.858027585e-09,8.333336458e-05,3.858027585e-09
7730,8.333336458e-05,3.858027585e-09,8.333336458e-05,3.858027585e-09
7731,5.555557639e-05,3.086422068e-09,5.555557639e-05,3.086422068e-09
7732,0,0,0,0
7733,0,0,0,0
7734,5.555557639e-05,3.086422068e-09,5.555557639e-05,3.086422068e-09
7735,5.555557639e-05,1.543211034e-09,5.555557639e-05,1.543211034e-09
7736,0.0001944445174,1.003087172e-08,0.0001944445174,1.003087172e-08
7737,0.0001574074664,9.345000149e-09,0.0001574074664,9.345000149e-09
7738,2.777778819e-05,7.716055169e-10,2.777778819e-05,7.716055169e-10
7739,0.0001447368964,7.628421302e-09,0.0001447368964,7.628421302e-09
7740,0.0001111111528,6.172844135e-09,0.0001111111528,6.172844135e-09
7741,9.259262731e-05,4.972568887e-09,9.259262731e-05,4.972568887e-09
7742,8.333336458e-05,3.858027585e-09,8.333336458e-05,3.858027585e-09
7743,0.0001111111528,4.629633101e-09,0.0001111111528,4.629633101e-09
7744,0,0,0,0
7745,0.000138888941,5.401238619e-09,0.000138888941,5.401238619e-09
7746,0,0,0,0
7747,5.555557639e-05,3.086422068e-09,5.555557639e-05,3.086422068e-09
7748,0,0,0,0
7749,5.555557639e-05,3.086422068e-09,5.555557639e-05,3.086422068e-09
7750,0.0001111111528,4.629633101e-09,0.0001111111528,4.629633101e-09
7751,0.0001431624468,5.656918553e-09,0.0001431624468,5.656918553e-09
7752,0.000138888941,6.944449652e-09,0.000138888941,6.944449652e-09
7753,2.777778819e-05,7.716055169e-10,2.777778819e-05,7.716055169e-10
7754,2.777778819e-05,7.716055169e-10,2.777778819e-05,7.716055169e-10
7755,0.0001666667292,9.259266203e-09,0.0001666667292,9.259266203e-09
7756,0.0001111111528,6.172844135e-09,0.0001111111528,6.172844135e-09
7757,5.555557639e-05,1.543211034e-09,5.555557639e-05,1.543211034e-09
7758,2.777778819e-05,7.716055169e-10,2.777778819e-05,7.716055169e-10
7759,0.000145833388,7.378477755e-09,0.000145833388,7.378477755e-09
7760,0.000138888941,5.401238618e-09,0.000138888941,5.401238618e-09
7761,0.0002222223056,1.080247724e-08,0.0002222223056,1.080247724e-08
7762,2.777778819e-05,7.716055169e-10,2.777778819e-05,7.716055169e-10
7763,2.777778819e-05,7.716055169e-10,2.777778819e-05,7.716055169e-10
7764,6.34920873e-05,4.03124515e-09,6.34920873e-05,4.03124515e-09
7765,2.777778819e-05,7.716055169e-10,2.777778819e-05,7.716055169e-10
7766,0.0001111111528,4.629633101e-09,0.0001111111528,4.629633101e-09
7767,5.555557639e-05,1.543211034e-09,5.555557639e-05,1.543211034e-09
7768,0,0,0,0
7769,2.777778819e-05,7.716055169e-10,2.777778819e-05,7.716055169e-10
7770,5.555557639e-05,1.543211034e-09,5.555557639e-05,1.543211034e-09
7771,0.0001666667292,7.716055169e-09,0.0001666667292,7.716055169e-09
7772,0.0001166667104,4.969139529e-09,0.0001166667104,4.969139529e-09
7773,5.555557639e-05,3.086422068e-09,5.555557639e-05,3.086422068e-09
7774,8.333336458e-05,3.858027585e-09,8.333336458e-05,3.858027585e-09
7775,0.0001111111528,4.629633101e-09,0.0001111111528,4.629633101e-09
7776,0.0001111111528,4.629633101e-09,0.0001111111528,4.629633101e-09
7777,0.0001111111528,4.629633101e-09,0.0001111111528,4.629633101e-09
7778,0,0,0,0
7779,8.333336458e-05,3.858027585e-09,8.333336458e-05,3.858027585e-09
7780,0.0001111111528,3.086422068e-09,0.0001111111528,3.086422068e-09
7781,0.0001111111528,6.172844135e-09,0.0001111111528,6.172844135e-09
7782,8.333336458e-05,3.858027585e-09,8.333336458e-05,3.858027585e-09
7783,0.0002222223056,1.080247724e-08,0.0002222223056,1.080247724e-08
7784,0,0,0,0
7785,2.777778819e-05,7.716055169e-10,2.777778819e-05,7.716055169e-10
7786,0.0001111111528,4.629633101e-09,0.0001111111528,4.629633101e-09
7787,2.777778819e-05,7.716055169e-10,2.777778819e-05,7.716055169e-10
7788,0,0,0,0
7789,0.000138888941,6.944449652e-09,0.000138888941,6.944449652e-09
7790,0.0001111111528,3.086422068e-09,0.0001111111528,3.086422068e-09
7791,0.0001296296782,8.573394633e-09,0.0001296296782,8.573394633e-09
7792,5.555557639e-05,3.086422068e-09,5.555557639e-05,3.086422068e-09
7793,0.0001666667292,9.259266203e-09,0.0001666667292,9.259266203e-09
7794,0.0001111111528,4.629633101e-09,0.0001111111528,4.629633101e-09
7795,8.333336458e-05,3.858027585e-09,8.333336458e-05,3.858027585e-09
7796,0.0001666667292,9.259266203e-09,0.0001666667292,9.259266203e-09
7797,0,0,0,0
7798,0.0001180555998,5.063661205e-09,0.0001180555998,5.063661205e-09
7799,8.333336458e-05,3.858027585e-09,8.333336458e-05,3.858027585e-09
7800,8.333336458e-05,3.858027585e-09,8.333336458e-05,3.858027585e-09
7801,0.0001111111528,6.172844135e-09,0.0001111111528,6.172844135e-09
7802,9.259262731e-05,2.914954175e-09,9.259262731e-05,2.914954175e-09
7803,2.777778819e-05,7.716055169e-10,2.777778819e-05,7.716055169e-10
7804,0.0001111111528,7.716055171e-09,0.0001111111528,7.716055171e-09
7805,5.555557639e-05,3.086422068e-09,5.555557639e-05,3.086422068e-09
7806,2.777778819e-05,7.716055169e-10,2.777778819e-05,7.716055169e-10
7807,0.0001111111528,6.172844135e-09,0.0001111111528,6.172844135e-09
7808,0.0001944445174,1.003087172e-08,0.0001944445174,1.003087172e-08
7809,0,0,0,0
7810,2.777778819e-05,7.716055169e-10,2.777778819e-05,7.716055169e-10
7811,0.0001111111528,4.629633101e-09,0.0001111111528,4.629633101e-09
7812,2.777778819e-05,7.716055169e-10,2.777778819e-05,7.716055169e-10
7813,0.000138888941,6.944449652e-09,0.000138888941,6.944449652e-09
7814,5.555557639e-05,3.086422068e-09,5.555557639e-05,3.086422068e-09
7815,5.555557639e-05,3.086422068e-09,5.555557639e-05,3.086422068e-09
7816,2.777778819e-05,7.716055169e-10,2.777778819e-05,7.716055169e-10
7817,5.555557639e-05,3.086422068e-09,5.555557639e-05,3.086422068e-09
7818,0.0001777778444,1.061729192e-08,0.0001777778444,1.061729192e-08
7819,5.555557639e-05,1.543211034e-09,5.555557639e-05,1.543211034e-09
7820,2.777778819e-05,7.716055169e-10,2.777778819e-05,7.716055169e-10
7821,5.555557639e-05,3.086422068e-09,5.555557639e-05,3.086422068e-09
7822,0,0,0,0
7823,5.555557639e-05,3.086422068e-09,5.555557639e-05,3.086422068e-09
7824,0,0,0,0
7825,5.555557639e-05,3.086422068e-09,5.555557639e-05,3.086422068e-09
7826,0,0,0,0
7827,0.0001777778444,9.074080879e-09,0.0001777778444,9.074080879e-09
7828,5.555557639e-05,3.086422068e-09,5.555557639e-05,3.086422068e-09
7829,0,0,0,0
7830,0.0001736111762,1.007909706e-08,0.0001736111762,1.007909706e-08
7831,8.333336458e-05,3.858027585e-09,8.333336458e-05,3.858027585e-09
7832,2.777778819e-05,7.716055169e-10,2.777778819e-05,7.716055169e-10
7833,0.0001111111528,4.629633101e-09,0.0001111111528,4.629633101e-09
7834,0.0001111111528,4.629633102e-09,0.0001111111528,4.629633102e-09
7835,2.777778819e-05,7.716055169e-10,2.777778819e-05,7.716055169e-10
7836,5.555557639e-05,3.086422068e-09,5.555557639e-05,3.086422068e-09
7837,0,0,0,0
7838,8.333336458e-05,3.858027585e-09,8.333336458e-05,3.858027585e-09
7839,8.333336458e-05,3.858027585e-09,8.333336458e-05,3.858027585e-09
7840,0,0,0,0
7841,0.0001111111528,4.629633102e-09,0.0001111111528,4.629633102e-09
7842,5.555557639e-05,3.086422068e-09,5.555557639e-05,3.086422068e-09
7843,8.333336458e-05,2.314816551e-09,8.333336458e-05,2.314816551e-09
7844,2.777778819e-05,7.716055169e-10,2.777778819e-05,7.716055169e-10
7845,2.777778819e-05,7.716055169e-10,2.777778819e-05,7.716055169e-10
7846,0,0,0,0
7847,0.0002222223055,1.234568827e-08,0.0002222223055,1.234568827e-08
7848,9.259262731e-05,4.972568887e-09,9.259262731e-05,4.972568887e-09
7849,0,0,0,0
7850,0.0002222223055,9.259266203e-09,0.0002222223055,9.259266203e-09
7851,2.777778819e-05,7.716055169e-10,2.777778819e-05,7.716055169e-10
7852,2.777778819e-05,7.716055169e-10,2.777778819e-05,7.716055169e-10
7853,8.333336458e-05,3.858027585e-09,8.333336458e-05,3.858027585e-09
7854,0.0001111111528,1.234568827e-08,0.0001111111528,1.234568827e-08
7855,8.333336458e-05,3.858027585e-09,8.333336458e-05,3.858027585e-09
7856,5.555557639e-05,1.543211034e-09,5.555557639e-05,1.543211034e-09
7857,5.555557639e-05,3.086422068e-09,5.555557639e-05,3.086422068e-09
7858,0,0,0,0
7859,2.777778819e-05,7.716055169e-10,2.777778819e-05,7.716055169e-10
7860,5.555557639e-05,3.086422068e-09,5.555557639e-05,3.086422068e-09
7861,0,0,0,0
7862,5.555557639e-05,1.543211034e-09,5.555557639e-05,1.543211034e-09
7863,0.0001222222681,7.530869846e-09,0.0001222222681,7.530869846e-09
7864,5.555557639e-05,3.086422068e-09,5.555557639e-05,3.086422068e-09
7865,0.0001666667292,9.259266203e-09,0.0001666667292,9.259266203e-09
7866,8.333336458e-05,3.858027585e-09,8.333336458e-05,3.858027585e-09
7867,8.333336458e-05,2.314816551e-09,8.333336458e-05,2.314816551e-09
7868,8.333336458e-05,3.858027585e-09,8.333336458e-05,3.858027585e-09
7869,0.0001666667292,9.259266203e-09,0.0001666667292,9.259266203e-09
7870,0,0,0,0
7871,2.777778819e-05,7.716055169e-10,2.777778819e-05,7.716055169e-10
7872,0.000138888941,6.944449652e-09,0.000138888941,6.944449652e-09
7873,5.555557639e-05,3.086422068e-09,5.555557639e-05,3.086422068e-09
7874,2.777778819e-05,7.716055169e-10,2.777778819e-05,7.716055169e-10
7875,0,0,0,0
7876,0,0,0,0
7877,8.333336458e-05,3.858027585e-09,8.333336458e-05,3.858027585e-09
7878,8.333336458e-05,3.858027585e-09,8.333336458e-05,3.858027585e-09
7879,0,0,0,0
7880,0,0,0,0
7881,2.777778819e-05,7.716055169e-10,2.777778819e-05,7.716055169e-10
7882,0,0,0,0
7883,5.555557639e-05,1.543211034e-09,5.555557639e-05,1.543211034e-09
7884,2.777778819e-05,7.716055169e-10,2.777778819e-05,7.716055169e-10
7885,0,0,0,0
7886,0,0,0,0
7887,5.555557639e-05,3.086422068e-09,5.555557639e-05,3.086422068e-09
7888,0,0,0,0
7889,2.777778819e-05,7.716055169e-10,2.777778819e-05,7.716055169e-10
7890,0.0001666667292,7.716055169e-09,0.0001666667292,7.716055169e-09
7891,0,0,0,0
7892,2.777778819e-05,7.716055169e-10,2.777778819e-05,7.716055169e-10
7893,2.777778819e-05,7.716055169e-10,2.777778819e-05,7.716055169e-10
7894,2.777778819e-05,7.716055169e-10,2.777778819e-05,7.716055169e-10
7895,0,0,0,0
7896,0,0,0,0
7897,5.555557639e-05,3.086422068e-09,5.555557639e-05,3.086422068e-09
7898,0.0001111111528,6.172844135e-09,0.0001111111528,6.172844135e-09
7899,0.0001944445174,1.003087172e-08,0.0001944445174,1.003087172e-08
7900,0.000138888941,5.401238618e-09,0.000138888941,5.401238618e-09
7901,2.777778819e-05,7.716055169e-10,2.777778819e-05,7.716055169e-10
7902,0.0002222223056,9.259266203e-09,0.0002222223056,9.259266203e-09
7903,0,0,0,0
7904,8.333336458e-05,3.858027585e-09,8.333336458e-05,3.858027585e-09
7905,0.0001203704155,5.229770726e-09,0.0001203704155,5.229770726e-09
7906,0,0,0,0
7907,0,0,0,0
7908,6.481483912e-05,2.143348658e-09,6.481483912e-05,2.143348658e-09
7909,0,0,0,0
7910,5.555557639e-05,1.543211034e-09,5.555557639e-05,1.543211034e-09
7911,8.333336458e-05,3.858027585e-09,8.333336458e-05,3.858027585e-09
7912,5.555557639e-05,3.086422068e-09,5.555557639e-05,3.086422068e-09
7913,0.0001666667292,7.716055169e-09,0.0001666667292,7.716055169e-09
7914,0,0,0,0
7915,8.333336458e-05,3.858027585e-09,8.333336458e-05,3.858027585e-09
7916,2.777778819e-05,7.716055169e-10,2.777778819e-05,7.716055169e-10
7917,0,0,0,0
7918,0,0,0,0
7919,0,0,0,0
7920,0.0001666667292,9.259266203e-09,0.0001666667292,9.259266203e-09
7921,2.777778819e-05,7.716055169e-10,2.777778819e-05,7.716055169e-10
7922,2.777778819e-05,7.716055169e-10,2.777778819e-05,7.716055169e-10
7923,0,0,0,0
7924,8.333336458e-05,3.858027585e-09,8.333336458e-05,3.858027585e-09
7925,2.777778819e-05,7.716055169e-10,2.777778819e-05,7.716055169e-10
7926,0,0,0,0
7927,5.55555764e-05,1.543211034e-09,5.55555764e-05,1.543211034e-09
7928,0,0,0,0
7929,0.000138888941,6.944449652e-09,0.000138888941,6.944449652e-09
7930,0.0001944445174,1.003087172e-08,0.0001944445174,1.003087172e-08
7931,5.555557639e-05,1.543211034e-09,5.555557639e-05,1.543211034e-09
7932,0.0001111111528,4.629633101e-09,0.0001111111528,4.629633101e-09
7933,0.000138888941,6.944449652e-09,0.000138888941,6.944449652e-09
7934,5.555557639e-05,1.543211034e-09,5.555557639e-05,1.543211034e-09
7935,5.555557639e-05,3.086422068e-09,5.555557639e-05,3.086422068e-09
7936,5.55555764e-05,1.543211034e-09,5.55555764e-05,1.543211034e-09
7937,0.0002500000937,1.311729379e-08,0.0002500000937,1.311729379e-08
7938,2.777778819e-05,7.716055169e-10,2.777778819e-05,7.716055169e-10
7939,0,0,0,0
7940,0.0001666667291,7.716055172e-09,0.0001666667291,7.716055172e-09
7941,2.777778819e-05,7.716055169e-10,2.777778819e-05,7.716055169e-10
7942,0,0,0,0
7943,5.555557639e-05,3.086422068e-09,5.555557639e-05,3.086422068e-09
7944,0.0001111111528,4.629633101e-09,0.0001111111528,4.629633101e-09
7945,0.0001944445174,1.157408276e-08,0.0001944445174,1.157408276e-08
7946,5.555557639e-05,1.543211034e-09,5.555557639e-05,1.543211034e-09
7947,8.333336458e-05,3.858027585e-09,8.333336458e-05,3.858027585e-09
7948,0,0,0,0
7949,0,0,0,0
7950,8.33333646e-05,2.314816551e-09,8.33333646e-05,2.314816551e-09
7951,0.0001111111528,6.172844135e-09,0.0001111111528,6.172844135e-09
7952,8.333336458e-05,2.314816551e-09,8.333336458e-05,2.314816551e-09
7953,8.333336458e-05,3.858027585e-09,8.333336458e-05,3.858027585e-09
7954,5.555557639e-05,1.543211034e-09,5.555557639e-05,1.543211034e-09
7955,8.333336458e-05,3.858027585e-09,8.333336458e-05,3.858027585e-09
7956,2.777778819e-05,7.716055169e-10,2.777778819e-05,7.716055169e-10
7957,0,0,0,0
7958,0,0,0,0
7959,5.555557639e-05,1.543211034e-09,5.555557639e-05,1.543211034e-09
7960,0.0001666667291,7.716055172e-09,0.0001666667291,7.716055172e-09
7961,0.0001269841746,8.18846671e-09,0.0001269841746,8.18846671e-09
7962,2.777778819e-05,7.716055169e-10,2.777778819e-05,7.716055169e-10
7963,0,0,0,0
7964,0,0,0,0
7965,0,0,0,0
7966,0.0001111111528,6.172844135e-09,0.0001111111528,6.172844135e-09
7967,8.333336458e-05,3.858027585e-09,8.333336458e-05,3.858027585e-09
7968,0.0001111111528,6.172844138e-09,0.0001111111528,6.172844138e-09
7969,9.722225868e-05,5.594139998e-09,9.722225868e-05,5.594139998e-09
7970,5.555557639e-05,3.086422068e-09,5.555557639e-05,3.086422068e-09
7971,5.555557639e-05,3.086422068e-09,5.555557639e-05,3.086422068e-09
7972,5.555557639e-05,3.086422068e-09,5.555557639e-05,3.086422068e-09
7973,8.333336458e-05,3.858027585e-09,8.333336458e-05,3.858027585e-09
7974,2.777778819e-05,7.716055169e-10,2.777778819e-05,7.716055169e-10
7975,2.777778819e-05,7.716055169e-10,2.777778819e-05,7.716055169e-10
7976,5.555557639e-05,1.543211034e-09,5.555557639e-05,1.543211034e-09
7977,0.0001166667104,4.969139529e-09,0.0001166667104,4.969139529e-09
7978,0.0001666667291,9.259266205e-09,0.0001666667291,9.259266205e-09
7979,5.55555764e-05,3.086422067e-09,5.55555764e-05,3.086422067e-09
7980,0.0001111111528,4.629633101e-09,0.0001111111528,4.629633101e-09
7981,5.555557639e-05,3.086422068e-09,5.555557639e-05,3.086422068e-09
7982,0,0,0,0
7983,8.333336458e-05,3.858027585e-09,8.333336458e-05,3.858027585e-09
7984,0.0001666667292,7.716055169e-09,0.0001666667292,7.716055169e-09
7985,0.0001111111528,6.172844135e-09,0.0001111111528,6.172844135e-09
7986,0.0001111111528,6.172844138e-09,0.0001111111528,6.172844138e-09
7987,0,0,0,0
7988,2.777778819e-05,7.716055169e-10,2.777778819e-05,7.716055169e-10
7989,0,0,0,0
7990,0,0,0,0
7991,8.333336458e-05,3.858027585e-09,8.333336458e-05,3.858027585e-09
7992,5.555557639e-05,3.086422068e-09,5.555557639e-05,3.086422068e-09
7993,0.0002361111996,1.02237731e-08,0.0002361111996,1.02237731e-08
7994,0.0001111111528,4.629633101e-09,0.0001111111528,4.629633101e-09
7995,0.0001111111528,3.086422068e-09,0.0001111111528,3.086422068e-09
7996,8.333336458e-05,3.858027585e-09,8.333336458e-05,3.858027585e-09
7997,0,0,0,0
7998,5.555557639e-05,3.086422068e-09,5.555557639e-05,3.086422068e-09
7999,5.555557639e-05,3.086422068e-09,5.555557639e-05,3.086422068e-09
8000,2.777778819e-05,7.716055169e-10,2.777778819e-05,7.716055169e-10
8001,2.777778819e-05,7.716055169e-10,2.777778819e-05,7.716055169e-10
8002,0,0,0,0
8003,0.0001944445174,1.003087172e-08,0.0001944445174,1.003087172e-08
8004,0.0001111111528,4.629633101e-09,0.0001111111528,4.629633101e-09
8005,8.333336458e-05,3.858027585e-09,8.333336458e-05,3.858027585e-09
8006,8.333336458e-05,3.858027585e-09,8.333336458e-05,3.858027585e-09
8007,0.0001111111528,4.629633101e-09,0.0001111111528,4.629633101e-09
8008,0.0001111111528,4.629633101e-09,0.0001111111528,4.629633101e-09
8009,0,0,0,0
8010,5.555557639e-05,3.086422068e-09,5.555557639e-05,3.086422068e-09
8011,2.777778819e-05,7.716055169e-10,2.777778819e-05,7.716055169e-10
8012,0.0001111111528,4.629633101e-09,0.0001111111528,4.629633101e-09
8013,5.555557639e-05,3.086422068e-09,5.555557639e-05,3.086422068e-09
8014,5.555557639e-05,3.086422068e-09,5.555557639e-05,3.086422068e-09
8015,5.555557639e-05,3.086422068e-09,5.555557639e-05,3.086422068e-09
8016,0.0002222223055,1.080247724e-08,0.0002222223055,1.080247724e-08
8017,5.555557639e-05,3.086422068e-09,5.555557639e-05,3.086422068e-09
8018,2.777778819e-05,7.716055169e-10,2.777778819e-05,7.716055169e-10
8019,5.555557639e-05,3.086422068e-09,5.555557639e-05,3.086422068e-09
8020,2.777778819e-05,7.716055169e-10,2.777778819e-05,7.716055169e-10
8021,8.333336458e-05,3.858027585e-09,8.333336458e-05,3.858027585e-09
8022,0,0,0,0
8023,8.333336458e-05,3.858027585e-09,8.333336458e-05,3.858027585e-09
8024,0,0,0,0
8025,6.481483912e-05,2.143348658e-09,6.481483912e-05,2.143348658e-09
8026,8.333336458e-05,3.858027585e-09,8.333336458e-05,3.858027585e-09
8027,0,0,0,0
8028,0.000138888941,6.944449652e-09,0.000138888941,6.944449652e-09
8029,0,0,0,0
8030,5.555557639e-05,3.086422068e-09,5.555557639e-05,3.086422068e-09
8031,8.333336458e-05,2.314816551e-09,8.333336458e-05,2.314816551e-09
8032,8.333336458e-05,3.858027585e-09,8.333336458e-05,3.858027585e-09
8033,2.777778819e-05,7.716055169e-10,2.777778819e-05,7.716055169e-10
8034,0,0,0,0
8035,2.777778819e-05,7.716055169e-10,2.777778819e-05,7.716055169e-10
8036,0.0001111111528,4.629633101e-09,0.0001111111528,4.629633101e-09
8037,0.0002222223055,1.234568827e-08,0.0002222223055,1.234568827e-08
8038,0.0001444444986,5.740745046e-09,0.0001444444986,5.740745046e-09
8039,5.555557639e-05,1.543211034e-09,5.555557639e-05,1.543211034e-09
8040,8.333336458e-05,2.314816551e-09,8.333336458e-05,2.314816551e-09
8041,0,0,0,0
8042,0,0,0,0
8043,8.333336458e-05,3.858027585e-09,8.333336458e-05,3.858027585e-09
8044,0,0,0,0
8045,0,0,0,0
8046,0,0,0,0
8047,0,0,0,0
8048,0.0001111111528,6.172844138e-09,0.0001111111528,6.172844138e-09
8049,8.333336458e-05,3.858027585e-09,8.333336458e-05,3.858027585e-09
8050,5.555557639e-05,3.086422068e-09,5.555557639e-05,3.086422068e-09
8051,2.777778819e-05,7.716055169e-10,2.777778819e-05,7.716055169e-10
8052,5.555557639e-05,1.543211034e-09,5.555557639e-05,1.543211034e-09
8053,2.777778819e-05,7.716055169e-10,2.777778819e-05,7.716055169e-10
8054,5.555557639e-05,3.086422068e-09,5.555557639e-05,3.086422068e-09
8055,8.333336458e-05,2.314816551e-09,8.333336458e-05,2.314816551e-09
8056,2.777778819e-05,7.716055169e-10,2.777778819e-05,7.716055169e-10
8057,0.0002037037801,1.114541302e-08,0.0002037037801,1.114541302e-08
8058,8.333336458e-05,3.858027585e-09,8.333336458e-05,3.858027585e-09
8059,5.555557639e-05,1.543211034e-09,5.555557639e-05,1.543211034e-09
8060,0.0001428571964,5.637444389e-09,0.0001428571964,5.637444389e-09
8061,0.000138888941,6.944449652e-09,0.000138888941,6.944449652e-09
8062,0.000138888941,6.944449652e-09,0.000138888941,6.944449652e-09
8063,0,0,0,0
8064,0.0001666667292,7.716055169e-09,0.0001666667292,7.716055169e-09
8065,0.00010185189,6.258578082e-09,0.00010185189,6.258578082e-09
8066,2.777778819e-05,7.716055169e-10,2.777778819e-05,7.716055169e-10
8067,0.0001666667292,9.259266203e-09,0.0001666667292,9.259266203e-09
8068,8.333336458e-05,3.858027585e-09,8.333336458e-05,3.858027585e-09
8069,5.555557639e-05,3.086422068e-09,5.555557639e-05,3.086422068e-09
8070,8.333336458e-05,2.314816551e-09,8.333336458e-05,2.314816551e-09
8071,0.0001111111528,4.629633101e-09,0.0001111111528,4.629633101e-09
8072,0.0001111111528,4.629633101e-09,0.0001111111528,4.629633101e-09
8073,0.0001666667291,9.259266205e-09,0.0001666667291,9.259266205e-09
8074,0,0,0,0
8075,0,0,0,0
8076,2.777778819e-05,7.716055169e-10,2.777778819e-05,7.716055169e-10
8077,0.0001111111528,6.172844135e-09,0.0001111111528,6.172844135e-09
8078,5.555557639e-05,3.086422068e-09,5.555557639e-05,3.086422068e-09
8079,5.555557639e-05,3.086422068e-09,5.555557639e-05,3.086422068e-09
8080,8.333336458e-05,6.944449653e-09,8.333336458e-05,6.944449653e-09
8081,0.0001250000469,7.908956549e-09,0.0001250000469,7.908956549e-09
8082,2.777778819e-05,7.716055169e-10,2.777778819e-05,7.716055169e-10
8083,0,0,0,0
8084,8.333336458e-05,3.858027585e-09,8.333336458e-05,3.858027585e-09
8085,8.333336458e-05,3.858027585e-09,8.333336458e-05,3.858027585e-09
8086,0.000138888941,6.944449652e-09,0.000138888941,6.944449652e-09
8087,2.777778819e-05,7.716055169e-10,2.777778819e-05,7.716055169e-10
8088,8.333336458e-05,3.858027585e-09,8.333336458e-05,3.858027585e-09
8089,8.333336458e-05,3.858027585e-09,8.333336458e-05,3.858027585e-09
8090,2.777778819e-05,7.716055169e-10,2.777778819e-05,7.716055169e-10
8091,0.0002685186192,1.243142222e-08,0.0002685186192,1.243142222e-08
8092,8.333336458e-05,3.858027585e-09,8.333336458e-05,3.858027585e-09
8093,5.555557639e-05,1.543211034e-09,5.555557639e-05,1.543211034e-09
8094,8.333336458e-05,3.858027585e-09,8.333336458e-05,3.858027585e-09
8095,0,0,0,0
8096,2.777778819e-05,7.716055169e-10,2.777778819e-05,7.716055169e-10
8097,8.333336458e-05,3.858027585e-09,8.333336458e-05,3.858027585e-09
8098,0.000138888941,6.944449652e-09,0.000138888941,6.944449652e-09
8099,2.777778819e-05,7.716055169e-10,2.777778819e-05,7.716055169e-10
8100,0,0,0,0
8101,0.0001111111528,6.172844135e-09,0.0001111111528,6.172844135e-09
8102,0,0,0,0
8103,0.0003888890347,2.006174344e-08,0.0003888890347,2.006174344e-08
8104,8.333336458e-05,2.314816551e-09,8.333336458e-05,2.314816551e-09
8105,5.555557639e-05,1.543211034e-09,5.555557639e-05,1.543211034e-09
8106,0,0,0,0
8107,0,0,0,0
8108,2.777778819e-05,7.716055169e-10,2.777778819e-05,7.716055169e-10
8109,5.555557639e-05,1.543211034e-09,5.555557639e-05,1.543211034e-09
8110,0,0,0,0
8111,8.333336458e-05,3.858027585e-09,8.333336458e-05,3.858027585e-09
8112,0,0,0,0
8113,0,0,0,0
8114,0.0001111111528,4.629633101e-09,0.0001111111528,4.629633101e-09
8115,0.0001111111528,4.629633102e-09,0.0001111111528,4.629633102e-09
8116,0.0001111111528,4.629633101e-09,0.0001111111528,4.629633101e-09
8117,8.333336458e-05,3.858027585e-09,8.333336458e-05,3.858027585e-09
8118,2.777778819e-05,7.716055169e-10,2.777778819e-05,7.716055169e-10
8119,8.333336458e-05,3.858027585e-09,8.333336458e-05,3.858027585e-09
8120,5.555557639e-05,3.086422068e-09,5.555557639e-05,3.086422068e-09
8121,8.333336458e-05,3.858027585e-09,8.333336458e-05,3.858027585e-09
8122,0.0001111111528,6.172844135e-09,0.0001111111528,6.172844135e-09
8123,8.333336458e-05,2.314816551e-09,8.333336458e-05,2.314816551e-09
8124,0,0,0,0
8125,8.333336458e-05,3.858027585e-09,8.333336458e-05,3.858027585e-09
8126,0.0001111111528,4.629633101e-09,0.0001111111528,4.629633101e-09
8127,8.333336458e-05,3.858027585e-09,8.333336458e-05,3.858027585e-09
8128,0.0002222223056,1.234568827e-08,0.0002222223056,1.234568827e-08
8129,5.555557639e-05,3.086422068e-09,5.555557639e-05,3.086422068e-09
8130,2.777778819e-05,7.716055169e-10,2.777778819e-05,7.716055169e-10
8131,2.777778819e-05,7.716055169e-10,2.777778819e-05,7.716055169e-10
8132,2.777778819e-05,7.716055169e-10,2.777778819e-05,7.716055169e-10
8133,0,0,0,0
8134,0,0,0,0
8135,0.0001111111528,4.629633101e-09,0.0001111111528,4.629633101e-09
8136,2.777778819e-05,7.716055169e-10,2.777778819e-05,7.716055169e-10
8137,8.333336458e-05,3.858027585e-09,8.333336458e-05,3.858027585e-09
8138,5.555557639e-05,3.086422068e-09,5.555557639e-05,3.086422068e-09
8139,8.333336458e-05,3.858027585e-09,8.333336458e-05,3.858027585e-09
8140,8.333336458e-05,3.858027585e-09,8.333336458e-05,3.858027585e-09
8141,0.0001111111528,4.629633101e-09,0.0001111111528,4.629633101e-09
8142,5.555557639e-05,3.086422068e-09,5.555557639e-05,3.086422068e-09
8143,0.000138888941,1.003087172e-08,0.000138888941,1.003087172e-08
8144,0.0001111111528,6.172844135e-09,0.0001111111528,6.172844135e-09
8145,0.000138888941,6.944449652e-09,0.000138888941,6.944449652e-09
8146,0.000138888941,5.401238618e-09,0.000138888941,5.401238618e-09
8147,8.333336458e-05,3.858027585e-09,8.333336458e-05,3.858027585e-09
8148,0,0,0,0
8149,0,0,0,0
8150,0.0001666667292,9.259266203e-09,0.0001666667292,9.259266203e-09
8151,0.0001111111528,6.172844135e-09,0.0001111111528,6.172844135e-09
8152,5.555557639e-05,3.086422068e-09,5.555557639e-05,3.086422068e-09
8153,5.555557639e-05,3.086422068e-09,5.555557639e-05,3.086422068e-09
8154,2.777778819e-05,7.716055169e-10,2.777778819e-05,7.716055169e-10
8155,8.333336458e-05,3.858027585e-09,8.333336458e-05,3.858027585e-09
8156,8.333336458e-05,3.858027585e-09,8.333336458e-05,3.858027585e-09
8157,2.777778819e-05,7.716055169e-10,2.777778819e-05,7.716055169e-10
8158,2.777778819e-05,7.716055169e-10,2.777778819e-05,7.716055169e-10
8159,0.0001180555998,5.063661205e-09,0.0001180555998,5.063661205e-09
8160,2.777778819e-05,7.716055169e-10,2.777778819e-05,7.716055169e-10
8161,2.777778819e-05,7.716055169e-10,2.777778819e-05,7.716055169e-10
8162,0.000138888941,6.944449652e-09,0.000138888941,6.944449652e-09
8163,0,0,0,0
8164,0,0,0,0
8165,5.555557639e-05,3.086422068e-09,5.555557639e-05,3.086422068e-09
8166,2.777778819e-05,7.716055169e-10,2.777778819e-05,7.716055169e-10
8167,8.333336458e-05,3.858027585e-09,8.333336458e-05,3.858027585e-09
8168,2.777778819e-05,7.716055169e-10,2.777778819e-05,7.716055169e-10
8169,5.555557639e-05,1.543211034e-09,5.555557639e-05,1.543211034e-09
8170,0,0,0,0
8171,0,0,0,0
8172,0.000138888941,6.944449655e-09,0.000138888941,6.944449655e-09
8173,8.333336458e-05,3.858027585e-09,8.333336458e-05,3.858027585e-09
8174,0,0,0,0
8175,0,0,0,0
8176,0.0001111111528,4.629633101e-09,0.0001111111528,4.629633101e-09
8177,0,0,0,0
8178,9.027781163e-05,2.748844654e-09,9.027781163e-05,2.748844654e-09
8179,0.0001111111528,6.172844135e-09,0.0001111111528,6.172844135e-09
8180,9.027781163e-05,2.748844654e-09,9.027781163e-05,2.748844654e-09
8181,8.333336458e-05,3.858027585e-09,8.333336458e-05,3.858027585e-09
8182,8.333336458e-05,3.858027585e-09,8.333336458e-05,3.858027585e-09
8183,2.777778819e-05,7.716055169e-10,2.777778819e-05,7.716055169e-10
8184,2.777778819e-05,7.716055169e-10,2.777778819e-05,7.716055169e-10
8185,0,0,0,0
8186,0.0001111111528,6.172844135e-09,0.0001111111528,6.172844135e-09
8187,5.555557639e-05,3.086422068e-09,5.555557639e-05,3.086422068e-09
8188,2.777778819e-05,7.716055169e-10,2.777778819e-05,7.716055169e-10
8189,0,0,0,0
8190,0,0,0,0
8191,6.111113403e-05,3.734570702e-09,6.111113403e-05,3.734570702e-09
8192,8.333336458e-05,3.858027585e-09,8.333336458e-05,3.858027585e-09
8193,2.777778819e-05,7.716055169e-10,2.777778819e-05,7.716055169e-10
8194,0,0,0,0
8195,2.777778819e-05,7.716055169e-10,2.777778819e-05,7.716055169e-10
8196,5.555557639e-05,3.086422068e-09,5.555557639e-05,3.086422068e-09
8197,0.0001666667292,7.716055169e-09,0.0001666667292,7.716055169e-09
8198,0.0002222223055,1.234568827e-08,0.0002222223055,1.234568827e-08
8199,0.0001111111528,6.172844135e-09,0.0001111111528,6.172844135e-09
8200,5.555557639e-05,1.543211034e-09,5.555557639e-05,1.543211034e-09
8201,0.000138888941,6.944449652e-09,0.000138888941,6.944449652e-09
8202,0,0,0,0
8203,0.000138888941,6.944449652e-09,0.000138888941,6.944449652e-09
8204,5.555557639e-05,1.543211034e-09,5.555557639e-05,1.543211034e-09
8205,8.333336458e-05,3.858027585e-09,8.333336458e-05,3.858027585e-09
8206,0.0001111111528,4.629633101e-09,0.0001111111528,4.629633101e-09
8207,0.000138888941,5.401238619e-09,0.000138888941,5.401238619e-09
8208,0,0,0,0
8209,8.333336458e-05,3.858027585e-09,8.333336458e-05,3.858027585e-09
8210,5.555557639e-05,3.086422068e-09,5.555557639e-05,3.086422068e-09
8211,5.555557639e-05,3.086422068e-09,5.555557639e-05,3.086422068e-09
8212,5.555557639e-05,1.543211034e-09,5.555557639e-05,1.543211034e-09
8213,5.555557639e-05,3.086422068e-09,5.555557639e-05,3.086422068e-09
8214,0.000138888941,6.944449652e-09,0.000138888941,6.944449652e-09
8215,0,0,0,0
8216,6.250002344e-05,1.977239137e-09,6.250002344e-05,1.977239137e-09
8217,0.0001111111528,4.629633101e-09,0.0001111111528,4.629633101e-09
8218,0,0,0,0
8219,5.555557639e-05,1.543211034e-09,5.555557639e-05,1.543211034e-09
8220,5.555557639e-05,3.086422068e-09,5.555557639e-05,3.086422068e-09
8221,0.0001111111528,6.172844135e-09,0.0001111111528,6.172844135e-09
8222,0,0,0,0
8223,0,0,0,0
8224,0.000138888941,6.944449655e-09,0.000138888941,6.944449655e-09
8225,8.333336458e-05,3.858027585e-09,8.333336458e-05,3.858027585e-09
8226,5.555557639e-05,3.086422068e-09,5.555557639e-05,3.086422068e-09
8227,0.0001416667198,7.106486811e-09,0.0001416667198,7.106486811e-09
8228,8.333336458e-05,3.858027585e-09,8.333336458e-05,3.858027585e-09
8229,0.0001666667292,7.716055169e-09,0.0001666667292,7.716055169e-09
8230,2.777778819e-05,7.716055169e-10,2.777778819e-05,7.716055169e-10
8231,5.555557639e-05,3.086422068e-09,5.555557639e-05,3.086422068e-09
8232,0,0,0,0
8233,5.55555764e-05,1.543211034e-09,5.55555764e-05,1.543211034e-09
8234,5.555557639e-05,1.543211034e-09,5.555557639e-05,1.543211034e-09
8235,0.000138888941,6.944449652e-09,0.000138888941,6.944449652e-09
8236,5.555557639e-05,3.086422068e-09,5.555557639e-05,3.086422068e-09
8237,8.33333646e-05,2.314816551e-09,8.33333646e-05,2.314816551e-09
8238,0.000138888941,6.944449655e-09,0.000138888941,6.944449655e-09
8239,0,0,0,0
8240,2.777778819e-05,7.716055169e-10,2.777778819e-05,7.716055169e-10
8241,8.333336458e-05,3.858027585e-09,8.333336458e-05,3.858027585e-09
8242,2.777778819e-05,7.716055169e-10,2.777778819e-05,7.716055169e-10
8243,0.000138888941,5.401238619e-09,0.000138888941,5.401238619e-09
8244,2.777778819e-05,7.716055169e-10,2.777778819e-05,7.716055169e-10
8245,0,0,0,0
8246,9.259262731e-05,4.458165209e-09,9.259262731e-05,4.458165209e-09
8247,8.333336458e-05,3.858027585e-09,8.333336458e-05,3.858027585e-09
8248,0.0001111111528,6.172844138e-09,0.0001111111528,6.172844138e-09
8249,5.555557639e-05,1.543211034e-09,5.555557639e-05,1.543211034e-09
8250,2.777778819e-05,7.716055169e-10,2.777778819e-05,7.716055169e-10
8251,0.0001944445174,1.311729379e-08,0.0001944445174,1.311729379e-08
8252,0.0001111111528,4.629633101e-09,0.0001111111528,4.629633101e-09
8253,0.0002083334115,1.176698413e-08,0.0002083334115,1.176698413e-08
8254,5.55555764e-05,1.543211034e-09,5.55555764e-05,1.543211034e-09
8255,5.555557639e-05,1.543211034e-09,5.555557639e-05,1.543211034e-09
8256,0.000138888941,6.944449652e-09,0.000138888941,6.944449652e-09
8257,5.555557639e-05,1.543211034e-09,5.555557639e-05,1.543211034e-09
8258,2.777778819e-05,7.716055169e-10,2.777778819e-05,7.716055169e-10
8259,5.555557639e-05,1.543211034e-09,5.555557639e-05,1.543211034e-09
8260,0,0,0,0
8261,5.555557639e-05,1.543211034e-09,5.555557639e-05,1.543211034e-09
8262,0,0,0,0
8263,5.555557639e-05,1.543211034e-09,5.555557639e-05,1.543211034e-09
8264,0.000138888941,6.944449652e-09,0.000138888941,6.944449652e-09
8265,2.777778819e-05,7.716055169e-10,2.777778819e-05,7.716055169e-10
8266,0,0,0,0
8267,8.333336458e-05,3.858027585e-09,8.333336458e-05,3.858027585e-09
8268,2.777778819e-05,7.716055169e-10,2.777778819e-05,7.716055169e-10
8269,2.777778819e-05,7.716055169e-10,2.777778819e-05,7.716055169e-10
8270,5.555557639e-05,3.086422068e-09,5.555557639e-05,3.086422068e-09
8271,2.777778819e-05,7.716055169e-10,2.777778819e-05,7.716055169e-10
8272,2.777778819e-05,7.716055169e-10,2.777778819e-05,7.716055169e-10
8273,0,0,0,0
8274,0.0001666667292,7.716055169e-09,0.0001666667292,7.716055169e-09
8275,0,0,0,0
8276,8.333336458e-05,3.858027585e-09,8.333336458e-05,3.858027585e-09
8277,8.333336458e-05,3.858027585e-09,8.333336458e-05,3.858027585e-09
8278,0,0,0,0
8279,0.0001111111528,6.172844135e-09,0.0001111111528,6.172844135e-09
8280,2.777778819e-05,7.716055169e-10,2.777778819e-05,7.716055169e-10
8281,0,0,0,0
8282,0.000138888941,6.944449652e-09,0.000138888941,6.944449652e-09
8283,0,0,0,0
8284,0,0,0,0
8285,2.777778819e-05,7.716055169e-10,2.777778819e-05,7.716055169e-10
8286,0,0,0,0
8287,0.0001111111528,4.629633101e-09,0.0001111111528,4.629633101e-09
8288,2.777778819e-05,7.716055169e-10,2.777778819e-05,7.716055169e-10
8289,0,0,0,0
8290,5.555557639e-05,3.086422068e-09,5.555557639e-05,3.086422068e-09
8291,2.777778819e-05,7.716055169e-10,2.777778819e-05,7.716055169e-10
8292,0,0,0,0
8293,0.0001111111528,6.172844135e-09,0.0001111111528,6.172844135e-09
8294,5.555557639e-05,3.086422068e-09,5.555557639e-05,3.086422068e-09
8295,5.555557639e-05,3.086422068e-09,5.555557639e-05,3.086422068e-09
8296,0.0001111111528,4.629633101e-09,0.0001111111528,4.629633101e-09
8297,2.777778819e-05,7.716055169e-10,2.777778819e-05,7.716055169e-10
8298,5.555557639e-05,3.086422068e-09,5.555557639e-05,3.086422068e-09
8299,0.0001759259919,8.316192793e-09,0.0001759259919,8.316192793e-09
8300,2.777778819e-05,7.716055169e-10,2.777778819e-05,7.716055169e-10
8301,0,0,0,0
8302,0.0001111111528,6.172844138e-09,0.0001111111528,6.172844138e-09
8303,0,0,0,0
8304,5.555557639e-05,3.086422068e-09,5.555557639e-05,3.086422068e-09
8305,5.555557639e-05,1.543211034e-09,5.555557639e-05,1.543211034e-09
8306,5.555557639e-05,3.086422068e-09,5.555557639e-05,3.086422068e-09
8307,2.777778819e-05,7.716055169e-10,2.777778819e-05,7.716055169e-10
8308,5.555557639e-05,3.086422068e-09,5.555557639e-05,3.086422068e-09
8309,0,0,0,0
8310,2.777778819e-05,7.716055169e-10,2.777778819e-05,7.716055169e-10
8311,0.0001203704155,5.229770725e-09,0.0001203704155,5.229770725e-09
8312,5.555557639e-05,3.086422068e-09,5.555557639e-05,3.086422068e-09
8313,0.0001111111528,4.629633101e-09,0.0001111111528,4.629633101e-09
8314,0.0001759259919,8.830596472e-09,0.0001759259919,8.830596472e-09
8315,0.0001111111528,6.172844135e-09,0.0001111111528,6.172844135e-09
8316,0.0001250000469,5.594139998e-09,0.0001250000469,5.594139998e-09
8317,0.0001111111528,6.172844135e-09,0.0001111111528,6.172844135e-09
8318,2.777778819e-05,7.716055169e-10,2.777778819e-05,7.716055169e-10
8319,2.777778819e-05,7.716055169e-10,2.777778819e-05,7.716055169e-10
8320,5.555557639e-05,3.086422068e-09,5.555557639e-05,3.086422068e-09
8321,8.333336458e-05,3.858027585e-09,8.333336458e-05,3.858027585e-09
8322,5.555557639e-05,1.543211034e-09,5.555557639e-05,1.543211034e-09
8323,0.0001111111528,6.172844135e-09,0.0001111111528,6.172844135e-09
8324,0.0001666667291,9.259266205e-09,0.0001666667291,9.259266205e-09
8325,0.000138888941,6.944449652e-09,0.000138888941,6.944449652e-09
8326,0.0001111111528,4.629633101e-09,0.0001111111528,4.629633101e-09
8327,0,0,0,0
8328,0,0,0,0
8329,2.777778819e-05,7.716055169e-10,2.777778819e-05,7.716055169e-10
8330,0,0,0,0
8331,0.0001111111528,4.629633102e-09,0.0001111111528,4.629633102e-09
8332,0.0001111111528,4.629633101e-09,0.0001111111528,4.629633101e-09
8333,0,0,0,0
8334,8.333336458e-05,3.858027585e-09,8.333336458e-05,3.858027585e-09
8335,0.0001111111528,4.629633101e-09,0.0001111111528,4.629633101e-09
8336,0.0001111111528,6.172844135e-09,0.0001111111528,6.172844135e-09
8337,0.0001111111528,6.172844135e-09,0.0001111111528,6.172844135e-09
8338,8.333336458e-05,3.858027585e-09,8.333336458e-05,3.858027585e-09
8339,8.333336458e-05,3.858027585e-09,8.333336458e-05,3.858027585e-09
8340,0,0,0,0
8341,0,0,0,0
8342,0.000138888941,5.401238618e-09,0.000138888941,5.401238618e-09
8343,0,0,0,0
8344,5.555557639e-05,3.086422068e-09,5.555557639e-05,3.086422068e-09
8345,0.0001944445174,1.003087172e-08,0.0001944445174,1.003087172e-08
8346,2.777778819e-05,7.716055169e-10,2.777778819e-05,7.716055169e-10
8347,0.0002500000938,1.003087172e-08,0.0002500000938,1.003087172e-08
8348,8.333336458e-05,3.858027585e-09,8.333336458e-05,3.858027585e-09
8349,8.333336458e-05,3.858027585e-09,8.333336458e-05,3.858027585e-09
8350,0.0001944445173,1.003087172e-08,0.0001944445173,1.003087172e-08
8351,0.0001111111528,6.172844135e-09,0.0001111111528,6.172844135e-09
8352,5.555557639e-05,1.543211034e-09,5.555557639e-05,1.543211034e-09
8353,5.555557639e-05,3.086422068e-09,5.555557639e-05,3.086422068e-09
8354,8.333336458e-05,3.858027585e-09,8.333336458e-05,3.858027585e-09
8355,0.0001111111528,4.629633101e-09,0.0001111111528,4.629633101e-09
8356,5.555557639e-05,3.086422068e-09,5.555557639e-05,3.086422068e-09
8357,2.777778819e-05,7.716055169e-10,2.777778819e-05,7.716055169e-10
8358,0,0,0,0
8359,5.555557639e-05,3.086422068e-09,5.555557639e-05,3.086422068e-09
8360,0.0001222222681,7.530869846e-09,0.0001222222681,7.530869846e-09
8361,0,0,0,0
8362,9.027781163e-05,4.292055688e-09,9.027781163e-05,4.292055688e-09
8363,8.333336458e-05,3.858027585e-09,8.333336458e-05,3.858027585e-09
8364,7.407410185e-05,5.486972565e-09,7.407410185e-05,5.486972565e-09
8365,2.777778819e-05,7.716055169e-10,2.777778819e-05,7.716055169e-10
8366,0.0001666667292,9.259266203e-09,0.0001666667292,9.259266203e-09
8367,8.796299595e-05,4.13666291e-09,8.796299595e-05,4.13666291e-09
8368,2.777778819e-05,7.716055169e-10,2.777778819e-05,7.716055169e-10
8369,0.0001111111528,4.629633101e-09,0.0001111111528,4.629633101e-09
8370,0,0,0,0
8371,0.0001203704155,5.229770726e-09,0.0001203704155,5.229770726e-09
8372,0,0,0,0
8373,0.0001111111528,4.629633102e-09,0.0001111111528,4.629633102e-09
8374,8.333336458e-05,3.858027585e-09,8.333336458e-05,3.858027585e-09
8375,0.000138888941,6.944449652e-09,0.000138888941,6.944449652e-09
8376,9.444447986e-05,5.216053295e-09,9.444447986e-05,5.216053295e-09
8377,2.777778819e-05,7.716055169e-10,2.777778819e-05,7.716055169e-10
8378,5.555557639e-05,3.086422068e-09,5.555557639e-05,3.086422068e-09
8379,0.000138888941,6.944449652e-09,0.000138888941,6.944449652e-09
8380,0.0002129630428,1.243142222e-08,0.0002129630428,1.243142222e-08
8381,2.777778819e-05,7.716055169e-10,2.777778819e-05,7.716055169e-10
8382,0.0001111111528,4.629633101e-09,0.0001111111528,4.629633101e-09
8383,5.555557639e-05,1.543211034e-09,5.555557639e-05,1.543211034e-09
8384,8.333336458e-05,2.314816551e-09,8.333336458e-05,2.314816551e-09
8385,8.333336458e-05,3.858027585e-09,8.333336458e-05,3.858027585e-09
8386,8.333336458e-05,3.858027585e-09,8.333336458e-05,3.858027585e-09
8387,8.333336458e-05,3.858027585e-09,8.333336458e-05,3.858027585e-09
8388,0,0,0,0
8389,8.333336458e-05,3.858027585e-09,8.333336458e-05,3.858027585e-09
8390,5.555557639e-05,3.086422068e-09,5.555557639e-05,3.086422068e-09
8391,5.555557639e-05,3.086422068e-09,5.555557639e-05,3.086422068e-09
8392,0.000138888941,1.003087172e-08,0.000138888941,1.003087172e-08
8393,3.472223524e-05,1.20563362e-09,3.472223524e-05,1.20563362e-09
8394,0,0,0,0
8395,0.0001111111528,4.629633101e-09,0.0001111111528,4.629633101e-09
8396,0.0001111111528,6.172844135e-09,0.0001111111528,6.172844135e-09
8397,8.333336458e-05,3.858027585e-09,8.333336458e-05,3.858027585e-09
8398,5.555557639e-05,3.086422068e-09,5.555557639e-05,3.086422068e-09
8399,2.777778819e-05,7.716055169e-10,2.777778819e-05,7.716055169e-10
8400,0,0,0,0
8401,2.777778819e-05,7.716055169e-10,2.777778819e-05,7.716055169e-10
8402,8.333336458e-05,3.858027585e-09,8.333336458e-05,3.858027585e-09
8403,0,0,0,0
8404,0.0001805556232,8.680562065e-09,0.0001805556232,8.680562065e-09
8405,0,0,0,0
8406,0.0001222222681,5.987658812e-09,0.0001222222681,5.987658812e-09
8407,0.0001111111528,6.172844135e-09,0.0001111111528,6.172844135e-09
8408,6.481483912e-05,4.20096337e-09,6.481483912e-05,4.20096337e-09
8409,0.0001666667292,1.080247724e-08,0.0001666667292,1.080247724e-08
8410,2.777778819e-05,7.716055169e-10,2.777778819e-05,7.716055169e-10
8411,0.0001111111528,4.629633102e-09,0.0001111111528,4.629633102e-09
8412,0,0,0,0
8413,5.555557639e-05,1.543211034e-09,5.555557639e-05,1.543211034e-09
8414,5.555557639e-05,3.086422068e-09,5.555557639e-05,3.086422068e-09
8415,8.33333646e-05,2.314816551e-09,8.33333646e-05,2.314816551e-09
8416,5.555557639e-05,1.543211034e-09,5.555557639e-05,1.543211034e-09
8417,2.777778819e-05,7.716055169e-10,2.777778819e-05,7.716055169e-10
8418,0,0,0,0
8419,0,0,0,0
8420,5.555557639e-05,3.086422068e-09,5.555557639e-05,3.086422068e-09
8421,8.333336458e-05,2.314816551e-09,8.333336458e-05,2.314816551e-09
8422,9.027781163e-05,4.677858447e-09,9.027781163e-05,4.677858447e-09
8423,2.777778819e-05,7.716055169e-10,2.777778819e-05,7.716055169e-10
8424,5.555557639e-05,3.086422068e-09,5.555557639e-05,3.086422068e-09
8425,9.444447986e-05,5.216053295e-09,9.444447986e-05,5.216053295e-09
8426,5.555557639e-05,3.086422068e-09,5.555557639e-05,3.086422068e-09
8427,2.777778819e-05,7.716055169e-10,2.777778819e-05,7.716055169e-10
8428,5.555557639e-05,3.086422068e-09,5.555557639e-05,3.086422068e-09
8429,0.0001666667292,7.716055169e-09,0.0001666667292,7.716055169e-09
8430,0.000138888941,6.944449655e-09,0.000138888941,6.944449655e-09
8431,5.555557639e-05,3.086422068e-09,5.555557639e-05,3.086422068e-09
8432,0.0001666667292,6.172844135e-09,0.0001666667292,6.172844135e-09
8433,8.333336458e-05,3.858027585e-09,8.333336458e-05,3.858027585e-09
8434,0.0001111111528,6.172844135e-09,0.0001111111528,6.172844135e-09
8435,6.481483912e-05,4.20096337e-09,6.481483912e-05,4.20096337e-09
8436,9.722225867e-05,5.594139997e-09,9.722225867e-05,5.594139997e-09
8437,0,0,0,0
8438,0.0001944445174,1.003087172e-08,0.0001944445174,1.003087172e-08
8439,2.777778819e-05,7.716055169e-10,2.777778819e-05,7.716055169e-10
8440,8.333336458e-05,3.858027585e-09,8.333336458e-05,3.858027585e-09
8441,0.0001759259919,8.316192793e-09,0.0001759259919,8.316192793e-09
8442,8.333336458e-05,3.858027585e-09,8.333336458e-05,3.858027585e-09
8443,8.333336458e-05,3.858027585e-09,8.333336458e-05,3.858027585e-09
8444,0,0,0,0
8445,2.777778819e-05,7.716055169e-10,2.777778819e-05,7.716055169e-10
8446,0,0,0,0
8447,8.333336458e-05,3.858027585e-09,8.333336458e-05,3.858027585e-09
8448,6.250002344e-05,1.977239137e-09,6.250002344e-05,1.977239137e-09
8449,5.555557639e-05,3.086422068e-09,5.555557639e-05,3.086422068e-09
8450,5.555557639e-05,3.086422068e-09,5.555557639e-05,3.086422068e-09
8451,5.55555764e-05,1.543211034e-09,5.55555764e-05,1.543211034e-09
8452,8.333336458e-05,2.314816551e-09,8.333336458e-05,2.314816551e-09
8453,0.0001111111528,4.629633101e-09,0.0001111111528,4.629633101e-09
8454,0.000138888941,6.944449652e-09,0.000138888941,6.944449652e-09
8455,0,0,0,0
8456,0.0001111111528,7.71605517e-09,0.0001111111528,7.71605517e-09
8457,8.333336458e-05,3.858027585e-09,8.333336458e-05,3.858027585e-09
8458,5.555557639e-05,3.086422068e-09,5.555557639e-05,3.086422068e-09
8459,0,0,0,0
8460,0,0,0,0
8461,0.0001111111528,6.172844135e-09,0.0001111111528,6.172844135e-09
8462,5.555557639e-05,3.086422068e-09,5.555557639e-05,3.086422068e-09
8463,8.333336458e-05,3.858027585e-09,8.333336458e-05,3.858027585e-09
8464,8.333336458e-05,3.858027585e-09,8.333336458e-05,3.858027585e-09
8465,5.555557639e-05,3.086422068e-09,5.555557639e-05,3.086422068e-09
8466,2.777778819e-05,7.716055169e-10,2.777778819e-05,7.716055169e-10
8467,0,0,0,0
8468,2.777778819e-05,7.716055169e-10,2.777778819e-05,7.716055169e-10
8469,0.0001203704155,5.229770726e-09,0.0001203704155,5.229770726e-09
8470,0.0001666667292,7.716055169e-09,0.0001666667292,7.716055169e-09
8471,3.333334583e-05,1.111111944e-09,3.333334583e-05,1.111111944e-09
8472,0,0,0,0
8473,5.555557639e-05,3.086422068e-09,5.555557639e-05,3.086422068e-09
8474,5.555557639e-05,3.086422068e-09,5.555557639e-05,3.086422068e-09
8475,0,0,0,0
8476,0,0,0,0
8477,5.555557639e-05,1.543211034e-09,5.555557639e-05,1.543211034e-09
8478,5.555557639e-05,1.543211034e-09,5.555557639e-05,1.543211034e-09
8479,0.0001722222868,6.512350563e-09,0.0001722222868,6.512350563e-09
8480,0,0,0,0
8481,5.555557639e-05,1.543211034e-09,5.555557639e-05,1.543211034e-09
8482,0.0001666667291,9.259266205e-09,0.0001666667291,9.259266205e-09
8483,0.0001111111528,6.172844135e-09,0.0001111111528,6.172844135e-09
8484,5.555557639e-05,3.086422068e-09,5.555557639e-05,3.086422068e-09
8485,5.555557639e-05,3.086422068e-09,5.555557639e-05,3.086422068e-09
8486,2.777778819e-05,7.716055169e-10,2.777778819e-05,7.716055169e-10
8487,5.555557639e-05,3.086422068e-09,5.555557639e-05,3.086422068e-09
8488,5.555557639e-05,1.543211034e-09,5.555557639e-05,1.543211034e-09
8489,2.777778819e-05,7.716055169e-10,2.777778819e-05,7.716055169e-10
8490,8.333336458e-05,3.858027585e-09,8.333336458e-05,3.858027585e-09
8491,0.0001111111528,4.629633102e-09,0.0001111111528,4.629633102e-09
8492,8.333336458e-05,3.858027585e-09,8.333336458e-05,3.858027585e-09
8493,0,0,0,0
8494,0,0,0,0
8495,2.777778819e-05,7.716055169e-10,2.777778819e-05,7.716055169e-10
8496,2.777778819e-05,7.716055169e-10,2.777778819e-05,7.716055169e-10
8497,2.777778819e-05,7.716055169e-10,2.777778819e-05,7.716055169e-10
8498,8.333336458e-05,3.858027585e-09,8.333336458e-05,3.858027585e-09
8499,0,0,0,0
8500,5.555557639e-05,3.086422068e-09,5.555557639e-05,3.086422068e-09
8501,8.333336458e-05,3.858027585e-09,8.333336458e-05,3.858027585e-09
8502,0.000138888941,5.401238618e-09,0.000138888941,5.401238618e-09
8503,0.000138888941,6.944449652e-09,0.000138888941,6.944449652e-09
8504,8.333336458e-05,2.314816551e-09,8.333336458e-05,2.314816551e-09
8505,5.555557639e-05,3.086422068e-09,5.555557639e-05,3.086422068e-09
8506,5.555557639e-05,3.086422068e-09,5.555557639e-05,3.086422068e-09
8507,0.000138888941,6.944449652e-09,0.000138888941,6.944449652e-09
8508,0.0001697531501,7.897049056e-09,0.0001697531501,7.897049056e-09
8509,2.777778819e-05,7.716055169e-10,2.777778819e-05,7.716055169e-10
8510,2.777778819e-05,7.716055169e-10,2.777778819e-05,7.716055169e-10
8511,0.0001527778351,8.680562066e-09,0.0001527778351,8.680562066e-09
8512,0.0001666667292,1.080247724e-08,0.0001666667292,1.080247724e-08
8513,5.555557639e-05,1.543211034e-09,5.555557639e-05,1.543211034e-09
8514,0.0001296296782,8.573394633e-09,0.0001296296782,8.573394633e-09
8515,5.555557639e-05,3.086422068e-09,5.555557639e-05,3.086422068e-09
8516,0.0001148148579,4.849112004e-09,0.0001148148579,4.849112004e-09
8517,8.333336458e-05,3.858027585e-09,8.333336458e-05,3.858027585e-09
8518,0.0003055556701,1.620371586e-08,0.0003055556701,1.620371586e-08
8519,0,0,0,0
8520,2.777778819e-05,7.716055169e-10,2.777778819e-05,7.716055169e-10
8521,2.777778819e-05,7.716055169e-10,2.777778819e-05,7.716055169e-10
8522,8.333336458e-05,3.858027585e-09,8.333336458e-05,3.858027585e-09
8523,5.555557639e-05,1.543211034e-09,5.555557639e-05,1.543211034e-09
8524,2.777778819e-05,7.716055169e-10,2.777778819e-05,7.716055169e-10
8525,5.555557639e-05,3.086422068e-09,5.555557639e-05,3.086422068e-09
8526,0,0,0,0
8527,0,0,0,0
8528,2.777778819e-05,7.716055169e-10,2.777778819e-05,7.716055169e-10
8529,0,0,0,0
8530,0.0001111111528,4.629633101e-09,0.0001111111528,4.629633101e-09
8531,2.777778819e-05,7.716055169e-10,2.777778819e-05,7.716055169e-10
8532,0,0,0,0
8533,5.555557639e-05,3.086422068e-09,5.555557639e-05,3.086422068e-09
8534,5.555557639e-05,3.086422068e-09,5.555557639e-05,3.086422068e-09
8535,0.0001111111528,7.716055171e-09,0.0001111111528,7.716055171e-09
8536,0.0001666667292,9.259266203e-09,0.0001666667292,9.259266203e-09
8537,0.0001944445174,1.003087172e-08,0.0001944445174,1.003087172e-08
8538,0,0,0,0
8539,8.333336458e-05,3.858027585e-09,8.333336458e-05,3.858027585e-09
8540,8.333336458e-05,2.314816551e-09,8.333336458e-05,2.314816551e-09
8541,8.333336458e-05,3.858027585e-09,8.333336458e-05,3.858027585e-09
8542,5.555557639e-05,3.086422068e-09,5.555557639e-05,3.086422068e-09
8543,0,0,0,0
8544,5.555557639e-05,3.086422068e-09,5.555557639e-05,3.086422068e-09
8545,0,0,0,0
8546,2.777778819e-05,7.716055169e-10,2.777778819e-05,7.716055169e-10
8547,0.0002222223056,1.234568827e-08,0.0002222223056,1.234568827e-08
8548,0.000138888941,6.944449652e-09,0.000138888941,6.944449652e-09
8549,0.000138888941,6.944449655e-09,0.000138888941,6.944449655e-09
8550,5.555557639e-05,3.086422068e-09,5.555557639e-05,3.086422068e-09
8551,3.472223524e-05,1.20563362e-09,3.472223524e-05,1.20563362e-09
8552,0,0,0,0
8553,0.000138888941,6.944449655e-09,0.000138888941,6.944449655e-09
8554,0,0,0,0
8555,0,0,0,0
8556,8.333336458e-05,3.858027585e-09,8.333336458e-05,3.858027585e-09
8557,8.33333646e-05,2.314816551e-09,8.33333646e-05,2.314816551e-09
8558,8.333336458e-05,3.858027585e-09,8.333336458e-05,3.858027585e-09
8559,2.777778819e-05,7.716055169e-10,2.777778819e-05,7.716055169e-10
8560,5.555557639e-05,3.086422068e-09,5.555557639e-05,3.086422068e-09
8561,8.333336458e-05,3.858027585e-09,8.333336458e-05,3.858027585e-09
8562,2.777778819e-05,7.716055169e-10,2.777778819e-05,7.716055169e-10
8563,0,0,0,0
8564,5.555557639e-05,3.086422068e-09,5.555557639e-05,3.086422068e-09
8565,5.555557639e-05,3.086422068e-09,5.555557639e-05,3.086422068e-09
8566,2.777778819e-05,7.716055169e-10,2.777778819e-05,7.716055169e-10
8567,5.55555764e-05,1.543211034e-09,5.55555764e-05,1.543211034e-09
8568,8.333336458e-05,3.858027585e-09,8.333336458e-05,3.858027585e-09
8569,2.777778819e-05,7.716055169e-10,2.777778819e-05,7.716055169e-10
8570,0.0001111111528,4.629633101e-09,0.0001111111528,4.629633101e-09
8571,5.555557639e-05,3.086422068e-09,5.555557639e-05,3.086422068e-09
8572,5.555557639e-05,3.086422068e-09,5.555557639e-05,3.086422068e-09
8573,0,0,0,0
8574,0.0001111111528,4.629633101e-09,0.0001111111528,4.629633101e-09
8575,5.555557639e-05,3.086422068e-09,5.555557639e-05,3.086422068e-09
8576,2.777778819e-05,7.716055169e-10,2.777778819e-05,7.716055169e-10
8577,0,0,0,0
8578,8.333336458e-05,3.858027585e-09,8.333336458e-05,3.858027585e-09
8579,5.555557639e-05,1.543211034e-09,5.555557639e-05,1.543211034e-09
8580,5.555557639e-05,3.086422068e-09,5.555557639e-05,3.086422068e-09
8581,0.0001944445174,1.003087172e-08,0.0001944445174,1.003087172e-08
8582,0,0,0,0
8583,0,0,0,0
8584,8.333336458e-05,3.858027585e-09,8.333336458e-05,3.858027585e-09
8585,8.333336458e-05,3.858027585e-09,8.333336458e-05,3.858027585e-09
8586,5.555557639e-05,1.543211034e-09,5.555557639e-05,1.543211034e-09
8587,8.333336458e-05,3.858027585e-09,8.333336458e-05,3.858027585e-09
8588,5.555557639e-05,3.086422068e-09,5.555557639e-05,3.086422068e-09
8589,5.555557639e-05,3.086422068e-09,5.555557639e-05,3.086422068e-09
8590,2.777778819e-05,7.716055169e-10,2.777778819e-05,7.716055169e-10
8591,5.555557639e-05,1.543211034e-09,5.555557639e-05,1.543211034e-09
8592,6.944447049e-05,4.822534481e-09,6.944447049e-05,4.822534481e-09
8593,5.555557639e-05,3.086422068e-09,5.555557639e-05,3.086422068e-09
8594,0.000138888941,6.944449652e-09,0.000138888941,6.944449652e-09
8595,8.333336458e-05,2.314816551e-09,8.333336458e-05,2.314816551e-09
8596,0.0001759259919,6.77298176e-09,0.0001759259919,6.77298176e-09
8597,0.0001111111528,6.172844135e-09,0.0001111111528,6.172844135e-09
8598,5.555557639e-05,1.543211034e-09,5.555557639e-05,1.543211034e-09
8599,5.555557639e-05,3.086422068e-09,5.555557639e-05,3.086422068e-09
8600,2.777778819e-05,7.716055169e-10,2.777778819e-05,7.716055169e-10
8601,8.333336458e-05,3.858027585e-09,8.333336458e-05,3.858027585e-09
8602,5.555557639e-05,3.086422068e-09,5.555557639e-05,3.086422068e-09
8603,8.333336458e-05,3.858027585e-09,8.333336458e-05,3.858027585e-09
8604,0,0,0,0
8605,2.777778819e-05,7.716055169e-10,2.777778819e-05,7.716055169e-10
8606,0.0001111111528,6.172844135e-09,0.0001111111528,6.172844135e-09
8607,0.000138888941,6.944449655e-09,0.000138888941,6.944449655e-09
8608,5.555557639e-05,1.543211034e-09,5.555557639e-05,1.543211034e-09
8609,0,0,0,0
8610,5.555557639e-05,1.543211034e-09,5.555557639e-05,1.543211034e-09
8611,0.000138888941,6.944449652e-09,0.000138888941,6.944449652e-09
8612,0,0,0,0
8613,5.555557639e-05,1.543211034e-09,5.555557639e-05,1.543211034e-09
8614,0,0,0,0
8615,5.555557639e-05,3.086422068e-09,5.555557639e-05,3.086422068e-09
8616,0,0,0,0
8617,0.0001111111528,6.172844135e-09,0.0001111111528,6.172844135e-09
8618,8.333336458e-05,3.858027585e-09,8.333336458e-05,3.858027585e-09
8619,8.333336458e-05,2.314816551e-09,8.333336458e-05,2.314816551e-09
8620,5.555557639e-05,3.086422068e-09,5.555557639e-05,3.086422068e-09
8621,2.777778819e-05,7.716055169e-10,2.777778819e-05,7.716055169e-10
8622,0.000138888941,5.401238618e-09,0.000138888941,5.401238618e-09
8623,0.0001944445173,1.003087172e-08,0.0001944445173,1.003087172e-08
8624,0,0,0,0
8625,0,0,0,0
8626,8.333336458e-05,3.858027585e-09,8.333336458e-05,3.858027585e-09
8627,0.0002777778819,1.38888993e-08,0.0002777778819,1.38888993e-08
8628,0,0,0,0
8629,2.777778819e-05,7.716055169e-10,2.777778819e-05,7.716055169e-10
8630,5.555557639e-05,3.086422068e-09,5.555557639e-05,3.086422068e-09
8631,0.0001111111528,4.629633102e-09,0.0001111111528,4.629633102e-09
8632,0.0001111111528,6.172844138e-09,0.0001111111528,6.172844138e-09
8633,9.259262731e-05,4.972568887e-09,9.259262731e-05,4.972568887e-09
8634,0,0,0,0
8635,3.703705093e-05,1.371743141e-09,3.703705093e-05,1.371743141e-09
8636,5.555557639e-05,3.086422068e-09,5.555557639e-05,3.086422068e-09
8637,0.0002129630428,9.859403827e-09,0.0002129630428,9.859403827e-09
8638,2.777778819e-05,7.716055169e-10,2.777778819e-05,7.716055169e-10
8639,2.777778819e-05,7.716055169e-10,2.777778819e-05,7.716055169e-10
8640,2.777778819e-05,7.716055169e-10,2.777778819e-05,7.716055169e-10
8641,0,0,0,0
8642,0.0001666667291,9.259266205e-09,0.0001666667291,9.259266205e-09
8643,8.333336458e-05,3.858027585e-09,8.333336458e-05,3.858027585e-09
8644,5.55555764e-05,1.543211034e-09,5.55555764e-05,1.543211034e-09
8645,0.0001055555951,6.82099277e-09,0.0001055555951,6.82099277e-09
8646,8.333336458e-05,3.858027585e-09,8.333336458e-05,3.858027585e-09
8647,0.0002361111996,1.408180069e-08,0.0002361111996,1.408180069e-08
8648,0.0001111111528,4.629633101e-09,0.0001111111528,4.629633101e-09
8649,0.0003055556702,7.793215722e-08,0.0003055556702,7.793215722e-08
8650,0.0001111111528,4.629633101e-09,0.0001111111528,4.629633101e-09
8651,8.333336458e-05,3.858027585e-09,8.333336458e-05,3.858027585e-09
8652,4.629631365e-05,2.143348658e-09,4.629631365e-05,2.143348658e-09
8653,8.333336458e-05,3.858027585e-09,8.333336458e-05,3.858027585e-09
8654,0,0,0,0
8655,5.555557639e-05,3.086422068e-09,5.555557639e-05,3.086422068e-09
8656,5.555557639e-05,3.086422068e-09,5.555557639e-05,3.086422068e-09
8657,5.555557639e-05,1.543211034e-09,5.555557639e-05,1.543211034e-09
8658,0,0,0,0
8659,5.555557639e-05,3.086422068e-09,5.555557639e-05,3.086422068e-09
8660,0.0001111111528,6.172844135e-09,0.0001111111528,6.172844135e-09
8661,5.555557639e-05,3.086422068e-09,5.555557639e-05,3.086422068e-09
8662,8.333336458e-05,3.858027585e-09,8.333336458e-05,3.858027585e-09
8663,8.333336458e-05,3.858027585e-09,8.333336458e-05,3.858027585e-09
8664,0,0,0,0
8665,5.555557639e-05,1.543211034e-09,5.555557639e-05,1.543211034e-09
8666,5.555557639e-05,3.086422068e-09,5.555557639e-05,3.086422068e-09
8667,2.777778819e-05,7.716055169e-10,2.777778819e-05,7.716055169e-10
8668,0,0,0,0
8669,0.0001666667291,9.259266205e-09,0.0001666667291,9.259266205e-09
8670,0.0001666667292,6.172844135e-09,0.0001666667292,6.172844135e-09
8671,0,0,0,0
8672,0.0001111111528,6.172844135e-09,0.0001111111528,6.172844135e-09
8673,0.000138888941,6.944449652e-09,0.000138888941,6.944449652e-09
8674,0.0001111111528,4.629633101e-09,0.0001111111528,4.629633101e-09
8675,0.0001180555998,3.520450171e-09,0.0001180555998,3.520450171e-09
8676,0.0002222223056,1.234568827e-08,0.0002222223056,1.234568827e-08
8677,6.944447049e-05,4.822534481e-09,6.944447049e-05,4.822534481e-09
8678,8.333336458e-05,3.858027585e-09,8.333336458e-05,3.858027585e-09
8679,2.777778819e-05,7.716055169e-10,2.777778819e-05,7.716055169e-10
8680,2.777778819e-05,7.716055169e-10,2.777778819e-05,7.716055169e-10
8681,8.333336458e-05,3.858027585e-09,8.333336458e-05,3.858027585e-09
8682,0,0,0,0
8683,5.555557639e-05,3.086422068e-09,5.555557639e-05,3.086422068e-09
8684,5.555557639e-05,3.086422068e-09,5.555557639e-05,3.086422068e-09
8685,5.555557639e-05,3.086422068e-09,5.555557639e-05,3.086422068e-09
8686,5.55555764e-05,1.543211034e-09,5.55555764e-05,1.543211034e-09
8687,0.0001527778351,6.365745515e-09,0.0001527778351,6.365745515e-09
8688,2.777778819e-05,7.716055169e-10,2.777778819e-05,7.716055169e-10
8689,5.555557639e-05,3.086422068e-09,5.555557639e-05,3.086422068e-09
8690,8.333336458e-05,3.858027585e-09,8.333336458e-05,3.858027585e-09
8691,5.555557639e-05,3.086422068e-09,5.555557639e-05,3.086422068e-09
8692,5.555557639e-05,3.086422068e-09,5.555557639e-05,3.086422068e-09
8693,0,0,0,0
8694,5.555557639e-05,3.086422068e-09,5.555557639e-05,3.086422068e-09
8695,8.333336458e-05,2.314816551e-09,8.333336458e-05,2.314816551e-09
8696,0.0001111111528,6.172844135e-09,0.0001111111528,6.172844135e-09
8697,0,0,0,0
8698,0,0,0,0
8699,0.0001500000562,8.302475362e-09,0.0001500000562,8.302475362e-09
8700,2.777778819e-05,7.716055169e-10,2.777778819e-05,7.716055169e-10
8701,0.0001481482037,6.001376243e-09,0.0001481482037,6.001376243e-09
8702,0,0,0,0
8703,0,0,0,0
8704,0.000138888941,6.944449652e-09,0.000138888941,6.944449652e-09
8705,0,0,0,0
8706,0.0001111111528,4.629633101e-09,0.0001111111528,4.629633101e-09
8707,0.0001111111528,6.172844135e-09,0.0001111111528,6.172844135e-09
8708,0.0001111111528,4.629633101e-09,0.0001111111528,4.629633101e-09
8709,3.472223524e-05,1.20563362e-09,3.472223524e-05,1.20563362e-09
8710,0.000138888941,6.944449655e-09,0.000138888941,6.944449655e-09
8711,0,0,0,0
8712,5.555557639e-05,1.543211034e-09,5.555557639e-05,1.543211034e-09
8713,8.333336458e-05,3.858027585e-09,8.333336458e-05,3.858027585e-09
8714,5.555557639e-05,1.543211034e-09,5.555557639e-05,1.543211034e-09
8715,5.555557639e-05,3.086422068e-09,5.555557639e-05,3.086422068e-09
8716,0,0,0,0
8717,8.333336458e-05,3.858027585e-09,8.333336458e-05,3.858027585e-09
8718,2.777778819e-05,7.716055169e-10,2.777778819e-05,7.716055169e-10
8719,2.777778819e-05,7.716055169e-10,2.777778819e-05,7.716055169e-10
8720,8.333336458e-05,3.858027585e-09,8.333336458e-05,3.858027585e-09
8721,5.555557639e-05,3.086422068e-09,5.555557639e-05,3.086422068e-09
8722,2.777778819e-05,7.716055169e-10,2.777778819e-05,7.716055169e-10
8723,0.0001180555998,5.063661205e-09,0.0001180555998,5.063661205e-09
8724,0,0,0,0
8725,0,0,0,0
8726,0,0,0,0
8727,0,0,0,0
8728,0,0,0,0
8729,2.777778819e-05,7.716055169e-10,2.777778819e-05,7.716055169e-10
8730,0.0001111111528,6.172844138e-09,0.0001111111528,6.172844138e-09
8731,0,0,0,0
8732,8.333336458e-05,3.858027585e-09,8.333336458e-05,3.858027585e-09
8733,5.555557639e-05,3.086422068e-09,5.555557639e-05,3.086422068e-09
8734,2.777778819e-05,7.716055169e-10,2.777778819e-05,7.716055169e-10
8735,2.777778819e-05,7.716055169e-10,2.777778819e-05,7.716055169e-10
8736,8.333336458e-05,3.858027585e-09,8.333336458e-05,3.858027585e-09
8737,8.333336458e-05,3.858027585e-09,8.333336458e-05,3.858027585e-09
8738,0.0001722222868,8.055561597e-09,0.0001722222868,8.055561597e-09
8739,5.555557639e-05,3.086422068e-09,5.555557639e-05,3.086422068e-09
8740,2.777778819e-05,7.716055169e-10,2.777778819e-05,7.716055169e-10
8741,0,0,0,0
8742,8.333336458e-05,3.858027585e-09,8.333336458e-05,3.858027585e-09
8743,8.333336458e-05,3.858027585e-09,8.333336458e-05,3.858027585e-09
8744,2.777778819e-05,7.716055169e-10,2.777778819e-05,7.716055169e-10
8745,2.777778819e-05,7.716055169e-10,2.777778819e-05,7.716055169e-10
8746,8.333336461e-05,6.944449654e-09,8.333336461e-05,6.944449654e-09
8747,8.333336458e-05,3.858027585e-09,8.333336458e-05,3.858027585e-09
8748,0.0001111111528,4.629633102e-09,0.0001111111528,4.629633102e-09
8749,5.555557639e-05,1.543211034e-09,5.555557639e-05,1.543211034e-09
8750,8.333336458e-05,3.858027585e-09,8.333336458e-05,3.858027585e-09
8751,8.333336458e-05,3.858027585e-09,8.333336458e-05,3.858027585e-09
8752,5.555557639e-05,3.086422068e-09,5.555557639e-05,3.086422068e-09
8753,2.777778819e-05,7.716055169e-10,2.777778819e-05,7.716055169e-10
8754,2.777778819e-05,7.716055169e-10,2.777778819e-05,7.716055169e-10
8755,0.0001111111528,6.172844138e-09,0.0001111111528,6.172844138e-09
8756,0,0,0,0
8757,2.777778819e-05,7.716055169e-10,2.777778819e-05,7.716055169e-10
8758,0,0,0,0
8759,5.555557639e-05,3.086422068e-09,5.555557639e-05,3.086422068e-09
8760,0.0001666667292,7.716055169e-09,0.0001666667292,7.716055169e-09
8761,2.777778819e-05,7.716055169e-10,2.777778819e-05,7.716055169e-10
8762,0.0001944445174,8.487660686e-09,0.0001944445174,8.487660686e-09
8763,0.000138888941,5.401238619e-09,0.000138888941,5.401238619e-09
8764,5.55555764e-05,1.543211034e-09,5.55555764e-05,1.543211034e-09
8765,2.777778819e-05,7.716055169e-10,2.777778819e-05,7.716055169e-10
8766,0.0002129630428,1.243142222e-08,0.0002129630428,1.243142222e-08
8767,0.0001111111528,3.086422068e-09,0.0001111111528,3.086422068e-09
8768,0.0001111111528,4.629633101e-09,0.0001111111528,4.629633101e-09
8769,0.0001944445174,8.487660686e-09,0.0001944445174,8.487660686e-09
8770,2.777778819e-05,7.716055169e-10,2.777778819e-05,7.716055169e-10
8771,0.0001666667292,7.716055169e-09,0.0001666667292,7.716055169e-09
8772,5.555557639e-05,1.543211034e-09,5.555557639e-05,1.543211034e-09
8773,5.555557639e-05,3.086422068e-09,5.555557639e-05,3.086422068e-09
8774,0,0,0,0
8775,5.555557639e-05,1.543211034e-09,5.555557639e-05,1.543211034e-09
8776,8.333336458e-05,3.858027585e-09,8.333336458e-05,3.858027585e-09
8777,0.0001500000562,8.302475362e-09,0.0001500000562,8.302475362e-09
8778,0.000138888941,5.401238619e-09,0.000138888941,5.401238619e-09
8779,5.555557639e-05,3.086422068e-09,5.555557639e-05,3.086422068e-09
8780,5.555557639e-05,1.543211034e-09,5.555557639e-05,1.543211034e-09
8781,8.333336458e-05,3.858027585e-09,8.333336458e-05,3.858027585e-09
8782,0.0001574074664,9.345000149e-09,0.0001574074664,9.345000149e-09
8783,0,0,0,0
8784,0,0,0,0
8785,8.333336458e-05,3.858027585e-09,8.333336458e-05,3.858027585e-09
8786,0.000240740831,1.320302773e-08,0.000240740831,1.320302773e-08
8787,0.0001944445174,1.003087172e-08,0.0001944445174,1.003087172e-08
8788,5.555557639e-05,1.543211034e-09,5.555557639e-05,1.543211034e-09
8789,0,0,0,0
8790,2.777778819e-05,7.716055169e-10,2.777778819e-05,7.716055169e-10
8791,0.0001111111528,4.629633101e-09,0.0001111111528,4.629633101e-09
8792,8.333336458e-05,3.858027585e-09,8.333336458e-05,3.858027585e-09
8793,0.0001111111528,1.234568827e-08,0.0001111111528,1.234568827e-08
8794,0.0001111111528,4.629633101e-09,0.0001111111528,4.629633101e-09
8795,5.555557639e-05,3.086422068e-09,5.555557639e-05,3.086422068e-09
8796,5.555557639e-05,3.086422068e-09,5.555557639e-05,3.086422068e-09
8797,0.0001150794082,4.865838872e-09,0.0001150794082,4.865838872e-09
8798,8.333336458e-05,3.858027585e-09,8.333336458e-05,3.858027585e-09
8799,0,0,0,0
8800,0.0001111111528,6.172844135e-09,0.0001111111528,6.172844135e-09
8801,0.0002222223055,1.080247724e-08,0.0002222223055,1.080247724e-08
8802,2.777778819e-05,7.716055169e-10,2.777778819e-05,7.716055169e-10
8803,2.777778819e-05,7.716055169e-10,2.777778819e-05,7.716055169e-10
8804,0.0001111111528,4.629633101e-09,0.0001111111528,4.629633101e-09
8805,0.0001037037426,5.816190919e-09,0.0001037037426,5.816190919e-09
8806,0.0001111111528,6.172844138e-09,0.0001111111528,6.172844138e-09
8807,0.0001111111528,3.086422068e-09,0.0001111111528,3.086422068e-09
8808,0,0,0,0
8809,2.777778819e-05,7.716055169e-10,2.777778819e-05,7.716055169e-10
8810,5.555557639e-05,3.086422068e-09,5.555557639e-05,3.086422068e-09
8811,8.333336458e-05,2.314816551e-09,8.333336458e-05,2.314816551e-09
8812,5.555557639e-05,3.086422068e-09,5.555557639e-05,3.086422068e-09
8813,2.777778819e-05,7.716055169e-10,2.777778819e-05,7.716055169e-10
8814,5.555557639e-05,3.086422068e-09,5.555557639e-05,3.086422068e-09
8815,0.0001736111762,6.606872239e-09,0.0001736111762,6.606872239e-09
8816,0.0001444444986,8.827167115e-09,0.0001444444986,8.827167115e-09
8817,2.777778819e-05,7.716055169e-10,2.777778819e-05,7.716055169e-10
8818,8.333336458e-05,3.858027585e-09,8.333336458e-05,3.858027585e-09
8819,2.777778819e-05,7.716055169e-10,2.777778819e-05,7.716055169e-10
8820,0,0,0,0
8821,0.0002500000937,1.311729379e-08,0.0002500000937,1.311729379e-08
8822,8.333336458e-05,3.858027585e-09,8.333336458e-05,3.858027585e-09
8823,0,0,0,0
8824,2.777778819e-05,7.716055169e-10,2.777778819e-05,7.716055169e-10
8825,8.333336458e-05,2.314816551e-09,8.333336458e-05,2.314816551e-09
8826,2.777778819e-05,7.716055169e-10,2.777778819e-05,7.716055169e-10
8827,8.333336458e-05,3.858027585e-09,8.333336458e-05,3.858027585e-09
8828,0.0001111111528,4.629633101e-09,0.0001111111528,4.629633101e-09
8829,2.777778819e-05,7.716055169e-10,2.777778819e-05,7.716055169e-10
8830,0.0001666667292,9.259266203e-09,0.0001666667292,9.259266203e-09
8831,0.0001111111528,6.172844135e-09,0.0001111111528,6.172844135e-09
8832,2.777778819e-05,7.716055169e-10,2.777778819e-05,7.716055169e-10
8833,0.0001111111528,6.172844135e-09,0.0001111111528,6.172844135e-09
8834,8.333336458e-05,2.314816551e-09,8.333336458e-05,2.314816551e-09
8835,2.777778819e-05,7.716055169e-10,2.777778819e-05,7.716055169e-10
8836,0.000138888941,5.401238618e-09,0.000138888941,5.401238618e-09
8837,0,0,0,0
8838,0.0001574074664,9.345000149e-09,0.0001574074664,9.345000149e-09
8839,8.333336458e-05,3.858027585e-09,8.333336458e-05,3.858027585e-09
8840,5.55555764e-05,1.543211034e-09,5.55555764e-05,1.543211034e-09
8841,9.259262731e-05,4.458165209e-09,9.259262731e-05,4.458165209e-09
8842,0.000138888941,5.401238619e-09,0.000138888941,5.401238619e-09
8843,0,0,0,0
8844,0,0,0,0
8845,2.777778819e-05,7.716055169e-10,2.777778819e-05,7.716055169e-10
8846,8.333336458e-05,3.858027585e-09,8.333336458e-05,3.858027585e-09
8847,8.333336458e-05,3.858027585e-09,8.333336458e-05,3.858027585e-09
8848,0.0002222223055,9.259266203e-09,0.0002222223055,9.259266203e-09
8849,0,0,0,0
8850,5.555557639e-05,3.086422068e-09,5.555557639e-05,3.086422068e-09
8851,0.0001111111528,6.172844138e-09,0.0001111111528,6.172844138e-09
8852,8.333336458e-05,2.314816551e-09,8.333336458e-05,2.314816551e-09
8853,5.55555764e-05,1.543211034e-09,5.55555764e-05,1.543211034e-09
8854,5.555557639e-05,3.086422068e-09,5.555557639e-05,3.086422068e-09
8855,2.777778819e-05,7.716055169e-10,2.777778819e-05,7.716055169e-10
8856,5.55555764e-05,1.543211034e-09,5.55555764e-05,1.543211034e-09
8857,5.555557639e-05,3.086422068e-09,5.555557639e-05,3.086422068e-09
8858,0,0,0,0
8859,0,0,0,0
8860,8.333336458e-05,3.858027585e-09,8.333336458e-05,3.858027585e-09
8861,2.777778819e-05,7.716055169e-10,2.777778819e-05,7.716055169e-10
8862,0.000138888941,6.944449652e-09,0.000138888941,6.944449652e-09
8863,0,0,0,0
8864,5.555557639e-05,1.543211034e-09,5.555557639e-05,1.543211034e-09
8865,0,0,0,0
8866,0.0001666667292,7.716055169e-09,0.0001666667292,7.716055169e-09
8867,0.0001666667292,7.716055169e-09,0.0001666667292,7.716055169e-09
8868,0.0001944445174,1.003087172e-08,0.0001944445174,1.003087172e-08
8869,0,0,0,0
8870,2.777778819e-05,7.716055169e-10,2.777778819e-05,7.716055169e-10
8871,5.555557639e-05,1.543211034e-09,5.555557639e-05,1.543211034e-09
8872,8.333336458e-05,3.858027585e-09,8.333336458e-05,3.858027585e-09
8873,8.333336458e-05,3.858027585e-09,8.333336458e-05,3.858027585e-09
8874,9.259262731e-05,4.972568887e-09,9.259262731e-05,4.972568887e-09
8875,8.333336458e-05,3.858027585e-09,8.333336458e-05,3.858027585e-09
8876,0.0001666667292,9.259266203e-09,0.0001666667292,9.259266203e-09
8877,8.333336458e-05,3.858027585e-09,8.333336458e-05,3.858027585e-09
8878,5.555557639e-05,1.543211034e-09,5.555557639e-05,1.543211034e-09
8879,8.333336458e-05,3.858027585e-09,8.333336458e-05,3.858027585e-09
8880,0,0,0,0
8881,0.0001111111528,4.629633101e-09,0.0001111111528,4.629633101e-09
8882,8.333336458e-05,3.858027585e-09,8.333336458e-05,3.858027585e-09
8883,5.555557639e-05,3.086422068e-09,5.555557639e-05,3.086422068e-09
8884,0.0001666667292,6.172844135e-09,0.0001666667292,6.172844135e-09
8885,0.0001111111528,6.172844135e-09,0.0001111111528,6.172844135e-09
8886,0.0001111111528,4.629633101e-09,0.0001111111528,4.629633101e-09
8887,0,0,0,0
8888,8.333336458e-05,2.314816551e-09,8.333336458e-05,2.314816551e-09
8889,0.000138888941,5.401238618e-09,0.000138888941,5.401238618e-09
8890,5.555557639e-05,3.086422068e-09,5.555557639e-05,3.086422068e-09
8891,2.777778819e-05,7.716055169e-10,2.777778819e-05,7.716055169e-10
8892,5.555557639e-05,3.086422068e-09,5.555557639e-05,3.086422068e-09
8893,0.000138888941,6.944449652e-09,0.000138888941,6.944449652e-09
8894,0.0001111111528,4.629633101e-09,0.0001111111528,4.629633101e-09
8895,0.0001111111528,4.629633101e-09,0.0001111111528,4.629633101e-09
8896,0.0001111111528,6.172844135e-09,0.0001111111528,6.172844135e-09
8897,2.777778819e-05,7.716055169e-10,2.777778819e-05,7.716055169e-10
8898,0.000138888941,6.944449652e-09,0.000138888941,6.944449652e-09
8899,0.0001666667292,7.716055169e-09,0.0001666667292,7.716055169e-09
8900,5.555557639e-05,3.086422068e-09,5.555557639e-05,3.086422068e-09
8901,0,0,0,0
8902,5.555557639e-05,3.086422068e-09,5.555557639e-05,3.086422068e-09
8903,0,0,0,0
8904,2.777778819e-05,7.716055169e-10,2.777778819e-05,7.716055169e-10
8905,2.777778819e-05,7.716055169e-10,2.777778819e-05,7.716055169e-10
8906,8.333336458e-05,3.858027585e-09,8.333336458e-05,3.858027585e-09
8907,8.333336458e-05,3.858027585e-09,8.333336458e-05,3.858027585e-09
8908,8.333336458e-05,3.858027585e-09,8.333336458e-05,3.858027585e-09
8909,0,0,0,0
8910,0,0,0,0
8911,0.000138888941,6.944449652e-09,0.000138888941,6.944449652e-09
8912,8.333336458e-05,3.858027585e-09,8.333336458e-05,3.858027585e-09
8913,0,0,0,0
8914,0.0001111111528,4.629633101e-09,0.0001111111528,4.629633101e-09
8915,8.333336458e-05,2.314816551e-09,8.333336458e-05,2.314816551e-09
8916,5.555557639e-05,1.543211034e-09,5.555557639e-05,1.543211034e-09
8917,0.000138888941,6.944449652e-09,0.000138888941,6.944449652e-09
8918,0,0,0,0
8919,2.777778819e-05,7.716055169e-10,2.777778819e-05,7.716055169e-10
8920,0.0001944445174,1.003087172e-08,0.0001944445174,1.003087172e-08
8921,0.0001944445174,8.487660686e-09,0.0001944445174,8.487660686e-09
8922,0,0,0,0
8923,0,0,0,0
8924,6.250002344e-05,1.977239137e-09,6.250002344e-05,1.977239137e-09
8925,0.0001111111528,6.172844135e-09,0.0001111111528,6.172844135e-09
8926,5.555557639e-05,1.543211034e-09,5.555557639e-05,1.543211034e-09
8927,8.333336458e-05,2.314816551e-09,8.333336458e-05,2.314816551e-09
8928,2.777778819e-05,7.716055169e-10,2.777778819e-05,7.716055169e-10
8929,0,0,0,0
8930,8.333336458e-05,3.858027585e-09,8.333336458e-05,3.858027585e-09
8931,0,0,0,0
8932,5.555557639e-05,3.086422068e-09,5.555557639e-05,3.086422068e-09
8933,5.55555764e-05,3.086422067e-09,5.55555764e-05,3.086422067e-09
8934,8.333336458e-05,3.858027585e-09,8.333336458e-05,3.858027585e-09
8935,0,0,0,0
8936,5.555557639e-05,1.543211034e-09,5.555557639e-05,1.543211034e-09
8937,8.333336458e-05,3.858027585e-09,8.333336458e-05,3.858027585e-09
8938,5.555557639e-05,1.543211034e-09,5.555557639e-05,1.543211034e-09
8939,0.0002256945291,9.464223918e-09,0.0002256945291,9.464223918e-09
8940,0.0002500000937,1.311729379e-08,0.0002500000937,1.311729379e-08
8941,5.555557639e-05,3.086422068e-09,5.555557639e-05,3.086422068e-09
8942,2.777778819e-05,7.716055169e-10,2.777778819e-05,7.716055169e-10
8943,0.0001296296782,7.030183599e-09,0.0001296296782,7.030183599e-09
8944,8.333336458e-05,3.858027585e-09,8.333336458e-05,3.858027585e-09
8945,0.0001111111528,4.629633101e-09,0.0001111111528,4.629633101e-09
8946,0.0001666667291,9.259266205e-09,0.0001666667291,9.259266205e-09
8947,0.0002129630428,1.243142222e-08,0.0002129630428,1.243142222e-08
8948,8.333336458e-05,2.314816551e-09,8.333336458e-05,2.314816551e-09
8949,0.0001944445174,1.003087172e-08,0.0001944445174,1.003087172e-08
8950,0,0,0,0
8951,0,0,0,0
8952,0,0,0,0
8953,2.777778819e-05,7.716055169e-10,2.777778819e-05,7.716055169e-10
8954,5.555557639e-05,3.086422068e-09,5.555557639e-05,3.086422068e-09
8955,8.333336458e-05,3.858027585e-09,8.333336458e-05,3.858027585e-09
8956,0.0001111111528,4.629633101e-09,0.0001111111528,4.629633101e-09
8957,2.777778819e-05,7.716055169e-10,2.777778819e-05,7.716055169e-10
8958,6.944447049e-05,4.822534481e-09,6.944447049e-05,4.822534481e-09
8959,0.0001111111528,4.629633101e-09,0.0001111111528,4.629633101e-09
8960,5.555557639e-05,1.543211034e-09,5.555557639e-05,1.543211034e-09
8961,2.777778819e-05,7.716055169e-10,2.777778819e-05,7.716055169e-10
8962,0,0,0,0
8963,0.0001111111528,4.629633101e-09,0.0001111111528,4.629633101e-09
8964,0,0,0,0
8965,0.0001111111528,6.172844135e-09,0.0001111111528,6.172844135e-09
8966,0,0,0,0
8967,0.0002777778819,1.388889931e-08,0.0002777778819,1.388889931e-08
8968,0.0001851852546,1.16598167e-08,0.0001851852546,1.16598167e-08
8969,8.333336458e-05,3.858027585e-09,8.333336458e-05,3.858027585e-09
8970,5.555557639e-05,3.086422068e-09,5.555557639e-05,3.086422068e-09
8971,0.000138888941,6.944449652e-09,0.000138888941,6.944449652e-09
8972,0,0,0,0
8973,5.555557639e-05,3.086422068e-09,5.555557639e-05,3.086422068e-09
8974,0.0001180555998,6.992674997e-09,0.0001180555998,6.992674997e-09
8975,0.000138888941,1.003087172e-08,0.000138888941,1.003087172e-08
8976,5.555557639e-05,1.543211034e-09,5.555557639e-05,1.543211034e-09
8977,8.333336458e-05,2.314816551e-09,8.333336458e-05,2.314816551e-09
8978,5.555557639e-05,3.086422068e-09,5.555557639e-05,3.086422068e-09
8979,5.555557639e-05,3.086422068e-09,5.555557639e-05,3.086422068e-09
8980,0.0001111111528,4.629633101e-09,0.0001111111528,4.629633101e-09
8981,8.333336458e-05,2.314816551e-09,8.333336458e-05,2.314816551e-09
8982,0,0,0,0
8983,5.555557639e-05,3.086422068e-09,5.555557639e-05,3.086422068e-09
8984,0.0001666667292,7.716055169e-09,0.0001666667292,7.716055169e-09
8985,0,0,0,0
8986,0,0,0,0
8987,8.333336458e-05,3.858027585e-09,8.333336458e-05,3.858027585e-09
8988,2.777778819e-05,7.716055169e-10,2.777778819e-05,7.716055169e-10
8989,0.0001481482037,7.544587276e-09,0.0001481482037,7.544587276e-09
8990,5.555557639e-05,3.086422068e-09,5.555557639e-05,3.086422068e-09
8991,2.777778819e-05,7.716055169e-10,2.777778819e-05,7.716055169e-10
8992,0,0,0,0
8993,0.0001111111528,6.172844135e-09,0.0001111111528,6.172844135e-09
8994,2.777778819e-05,7.716055169e-10,2.777778819e-05,7.716055169e-10
8995,5.555557639e-05,3.086422068e-09,5.555557639e-05,3.086422068e-09
8996,5.555557639e-05,3.086422068e-09,5.555557639e-05,3.086422068e-09
8997,8.333336458e-05,3.858027585e-09,8.333336458e-05,3.858027585e-09
8998,0,0,0,0
8999,0.0001005291382,3.418859818e-09,0.0001005291382,3.418859818e-09
9000,2.777778819e-05,7.716055169e-10,2.777778819e-05,7.716055169e-10
9001,0,0,0,0
9002,0,0,0,0
9003,8.333336458e-05,3.858027585e-09,8.333336458e-05,3.858027585e-09
9004,0,0,0,0
9005,5.555557639e-05,1.543211034e-09,5.555557639e-05,1.543211034e-09
9006,0.000138888941,6.944449652e-09,0.000138888941,6.944449652e-09
9007,8.333336458e-05,3.858027585e-09,8.333336458e-05,3.858027585e-09
9008,5.555557639e-05,1.543211034e-09,5.555557639e-05,1.543211034e-09
9009,0.0001111111528,6.172844135e-09,0.0001111111528,6.172844135e-09
9010,5.555557639e-05,3.086422068e-09,5.555557639e-05,3.086422068e-09
9011,6.944447048e-05,2.50771793e-09,6.944447048e-05,2.50771793e-09
9012,0.0001111111528,6.172844135e-09,0.0001111111528,6.172844135e-09
9013,8.333336458e-05,3.858027585e-09,8.333336458e-05,3.858027585e-09
9014,8.333336458e-05,3.858027585e-09,8.333336458e-05,3.858027585e-09
9015,0.0001666667292,7.716055169e-09,0.0001666667292,7.716055169e-09
9016,2.777778819e-05,7.716055169e-10,2.777778819e-05,7.716055169e-10
9017,5.555557639e-05,1.543211034e-09,5.555557639e-05,1.543211034e-09
9018,0.0001666667292,9.259266203e-09,0.0001666667292,9.259266203e-09
9019,5.555557639e-05,3.086422068e-09,5.555557639e-05,3.086422068e-09
9020,5.555557639e-05,3.086422068e-09,5.555557639e-05,3.086422068e-09
9021,2.777778819e-05,7.716055169e-10,2.777778819e-05,7.716055169e-10
9022,8.333336458e-05,3.858027585e-09,8.333336458e-05,3.858027585e-09
9023,8.33333646e-05,2.314816551e-09,8.33333646e-05,2.314816551e-09
9024,5.555557639e-05,1.543211034e-09,5.555557639e-05,1.543211034e-09
9025,0.0001944445174,1.003087172e-08,0.0001944445174,1.003087172e-08
9026,5.555557639e-05,3.086422068e-09,5.555557639e-05,3.086422068e-09
9027,2.777778819e-05,7.716055169e-10,2.777778819e-05,7.716055169e-10
9028,0.0001111111528,6.172844135e-09,0.0001111111528,6.172844135e-09
9029,5.555557639e-05,3.086422068e-09,5.555557639e-05,3.086422068e-09
9030,2.777778819e-05,7.716055169e-10,2.777778819e-05,7.716055169e-10
9031,0,0,0,0
9032,0.0001111111528,4.629633101e-09,0.0001111111528,4.629633101e-09
9033,0.0001111111528,4.629633101e-09,0.0001111111528,4.629633101e-09
9034,0,0,0,0
9035,5.555557639e-05,3.086422068e-09,5.555557639e-05,3.086422068e-09
9036,0.0001666667292,7.716055169e-09,0.0001666667292,7.716055169e-09
9037,0.0001666667292,4.629633101e-09,0.0001666667292,4.629633101e-09
9038,0.0001111111528,3.086422068e-09,0.0001111111528,3.086422068e-09
9039,0.0002222223056,1.080247724e-08,0.0002222223056,1.080247724e-08
9040,8.333336458e-05,3.858027585e-09,8.333336458e-05,3.858027585e-09
9041,8.333336458e-05,3.858027585e-09,8.333336458e-05,3.858027585e-09
9042,0.0001111111528,4.629633101e-09,0.0001111111528,4.629633101e-09
9043,2.777778819e-05,7.716055169e-10,2.777778819e-05,7.716055169e-10
9044,2.777778819e-05,7.716055169e-10,2.777778819e-05,7.716055169e-10
9045,9.444447986e-05,3.055557847e-09,9.444447986e-05,3.055557847e-09
9046,0.000138888941,6.944449652e-09,0.000138888941,6.944449652e-09
9047,8.33333646e-05,2.314816551e-09,8.33333646e-05,2.314816551e-09
9048,2.777778819e-05,7.716055169e-10,2.777778819e-05,7.716055169e-10
9049,5.555557639e-05,3.086422068e-09,5.555557639e-05,3.086422068e-09
9050,0.0001111111528,6.172844135e-09,0.0001111111528,6.172844135e-09
9051,2.777778819e-05,7.716055169e-10,2.777778819e-05,7.716055169e-10
9052,2.777778819e-05,7.716055169e-10,2.777778819e-05,7.716055169e-10
9053,2.777778819e-05,7.716055169e-10,2.777778819e-05,7.716055169e-10
9054,5.555557639e-05,3.086422068e-09,5.555557639e-05,3.086422068e-09
9055,2.777778819e-05,7.716055169e-10,2.777778819e-05,7.716055169e-10
9056,0,0,0,0
9057,2.777778819e-05,7.716055169e-10,2.777778819e-05,7.716055169e-10
9058,2.777778819e-05,7.716055169e-10,2.777778819e-05,7.716055169e-10
9059,0,0,0,0
9060,0,0,0,0
9061,0.000138888941,6.944449652e-09,0.000138888941,6.944449652e-09
9062,2.777778819e-05,7.716055169e-10,2.777778819e-05,7.716055169e-10
9063,8.333336458e-05,3.858027585e-09,8.333336458e-05,3.858027585e-09
9064,2.777778819e-05,7.716055169e-10,2.777778819e-05,7.716055169e-10
9065,0.0001180555998,6.992674997e-09,0.0001180555998,6.992674997e-09
9066,0,0,0,0
9067,2.777778819e-05,7.716055169e-10,2.777778819e-05,7.716055169e-10
9068,5.555557639e-05,3.086422068e-09,5.555557639e-05,3.086422068e-09
9069,0.000138888941,6.944449652e-09,0.000138888941,6.944449652e-09
9070,5.555557639e-05,3.086422068e-09,5.555557639e-05,3.086422068e-09
9071,6.250002344e-05,3.90625293e-09,6.250002344e-05,3.90625293e-09
9072,8.333336458e-05,3.858027585e-09,8.333336458e-05,3.858027585e-09
9073,2.777778819e-05,7.716055169e-10,2.777778819e-05,7.716055169e-10
9074,5.555557639e-05,3.086422068e-09,5.555557639e-05,3.086422068e-09
9075,0.0001166667104,4.969139529e-09,0.0001166667104,4.969139529e-09
9076,8.333336458e-05,3.858027585e-09,8.333336458e-05,3.858027585e-09
9077,8.333336458e-05,3.858027585e-09,8.333336458e-05,3.858027585e-09
9078,0.0001111111528,4.629633101e-09,0.0001111111528,4.629633101e-09
9079,2.777778819e-05,7.716055169e-10,2.777778819e-05,7.716055169e-10
9080,5.555557639e-05,3.086422068e-09,5.555557639e-05,3.086422068e-09
9081,8.333336458e-05,2.314816551e-09,8.333336458e-05,2.314816551e-09
9082,2.777778819e-05,7.716055169e-10,2.777778819e-05,7.716055169e-10
9083,5.555557639e-05,3.086422068e-09,5.555557639e-05,3.086422068e-09
9084,0.0001111111528,6.172844135e-09,0.0001111111528,6.172844135e-09
9085,6.481483912e-05,2.143348658e-09,6.481483912e-05,2.143348658e-09
9086,0,0,0,0
9087,0.0001425926461,7.163928555e-09,0.0001425926461,7.163928555e-09
9088,0.0001944445173,2.854940413e-08,0.0001944445173,2.854940413e-08
9089,0.0001111111528,4.629633101e-09,0.0001111111528,4.629633101e-09
9090,0.0001111111528,6.172844135e-09,0.0001111111528,6.172844135e-09
9091,0.000138888941,6.944449655e-09,0.000138888941,6.944449655e-09
9092,2.777778819e-05,7.716055169e-10,2.777778819e-05,7.716055169e-10
9093,5.555557639e-05,3.086422068e-09,5.555557639e-05,3.086422068e-09
9094,8.333336458e-05,3.858027585e-09,8.333336458e-05,3.858027585e-09
9095,0.0001111111528,6.172844135e-09,0.0001111111528,6.172844135e-09
9096,5.555557639e-05,3.086422068e-09,5.555557639e-05,3.086422068e-09
9097,0,0,0,0
9098,0.0001111111528,6.172844135e-09,0.0001111111528,6.172844135e-09
9099,0.0001111111528,3.086422068e-09,0.0001111111528,3.086422068e-09
9100,0.000138888941,6.944449652e-09,0.000138888941,6.944449652e-09
9101,5.555557639e-05,3.086422068e-09,5.555557639e-05,3.086422068e-09
9102,5.55555764e-05,1.543211034e-09,5.55555764e-05,1.543211034e-09
9103,8.333336458e-05,3.858027585e-09,8.333336458e-05,3.858027585e-09
9104,5.555557639e-05,1.543211034e-09,5.555557639e-05,1.543211034e-09
9105,5.555557639e-05,3.086422068e-09,5.555557639e-05,3.086422068e-09
9106,0,0,0,0
9107,0,0,0,0
9108,5.864199731e-05,1.724204921e-09,5.864199731e-05,1.724204921e-09
9109,2.777778819e-05,7.716055169e-10,2.777778819e-05,7.716055169e-10
9110,0.000138888941,6.944449652e-09,0.000138888941,6.944449652e-09
9111,5.555557639e-05,1.543211034e-09,5.555557639e-05,1.543211034e-09
9112,0.0001666667292,9.259266203e-09,0.0001666667292,9.259266203e-09
9113,5.555557639e-05,3.086422068e-09,5.555557639e-05,3.086422068e-09
9114,0.0001468254519,7.889272734e-09,0.0001468254519,7.889272734e-09
9115,2.777778819e-05,7.716055169e-10,2.777778819e-05,7.716055169e-10
9116,5.555557639e-05,3.086422068e-09,5.555557639e-05,3.086422068e-09
9117,0.0001111111528,7.716055171e-09,0.0001111111528,7.716055171e-09
9118,5.555557639e-05,3.086422068e-09,5.555557639e-05,3.086422068e-09
9119,5.555557639e-05,3.086422068e-09,5.555557639e-05,3.086422068e-09
9120,0,0,0,0
9121,3.472223524e-05,1.20563362e-09,3.472223524e-05,1.20563362e-09
9122,0.0001111111528,3.086422068e-09,0.0001111111528,3.086422068e-09
9123,2.777778819e-05,7.716055169e-10,2.777778819e-05,7.716055169e-10
9124,0,0,0,0
9125,5.555557639e-05,3.086422068e-09,5.555557639e-05,3.086422068e-09
9126,8.33333646e-05,2.314816551e-09,8.33333646e-05,2.314816551e-09
9127,8.333336458e-05,3.858027585e-09,8.333336458e-05,3.858027585e-09
9128,8.333336458e-05,3.858027585e-09,8.333336458e-05,3.858027585e-09
9129,2.777778819e-05,7.716055169e-10,2.777778819e-05,7.716055169e-10
9130,0,0,0,0
9131,8.333336458e-05,3.858027585e-09,8.333336458e-05,3.858027585e-09
9132,2.777778819e-05,7.716055169e-10,2.777778819e-05,7.716055169e-10
9133,0.0001111111528,6.172844135e-09,0.0001111111528,6.172844135e-09
9134,0.0001111111528,6.172844135e-09,0.0001111111528,6.172844135e-09
9135,0.0001574074664,9.345000149e-09,0.0001574074664,9.345000149e-09
9136,5.555557639e-05,3.086422068e-09,5.555557639e-05,3.086422068e-09
9137,8.333336458e-05,3.858027585e-09,8.333336458e-05,3.858027585e-09
9138,0.0001944445173,1.003087172e-08,0.0001944445173,1.003087172e-08
9139,0.0001111111528,6.172844135e-09,0.0001111111528,6.172844135e-09
9140,0.0001944445174,8.487660686e-09,0.0001944445174,8.487660686e-09
9141,5.555557639e-05,3.086422068e-09,5.555557639e-05,3.086422068e-09
9142,0.0001111111528,3.086422068e-09,0.0001111111528,3.086422068e-09
9143,0,0,0,0
9144,0,0,0,0
9145,0,0,0,0
9146,5.555557639e-05,3.086422068e-09,5.555557639e-05,3.086422068e-09
9147,5.555557639e-05,1.543211034e-09,5.555557639e-05,1.543211034e-09
9148,5.555557639e-05,3.086422068e-09,5.555557639e-05,3.086422068e-09
9149,0,0,0,0
9150,0,0,0,0
9151,2.777778819e-05,7.716055169e-10,2.777778819e-05,7.716055169e-10
9152,0.0001111111528,6.172844135e-09,0.0001111111528,6.172844135e-09
9153,0,0,0,0
9154,0.0001203704155,5.229770726e-09,0.0001203704155,5.229770726e-09
9155,0.0001111111528,4.629633101e-09,0.0001111111528,4.629633101e-09
9156,0.000138888941,6.944449652e-09,0.000138888941,6.944449652e-09
9157,0.00010185189,6.258578082e-09,0.00010185189,6.258578082e-09
9158,0.0002013889644,7.378477756e-09,0.0002013889644,7.378477756e-09
9159,0.0001666667292,7.716055169e-09,0.0001666667292,7.716055169e-09
9160,0.000138888941,6.944449652e-09,0.000138888941,6.944449652e-09
9161,5.555557639e-05,3.086422068e-09,5.555557639e-05,3.086422068e-09
9162,5.555557639e-05,1.543211034e-09,5.555557639e-05,1.543211034e-09
9163,7.407410184e-05,2.914954175e-09,7.407410184e-05,2.914954175e-09
9164,2.777778819e-05,7.716055169e-10,2.777778819e-05,7.716055169e-10
9165,2.777778819e-05,7.716055169e-10,2.777778819e-05,7.716055169e-10
9166,5.555557639e-05,1.543211034e-09,5.555557639e-05,1.543211034e-09
9167,0.0001701389527,7.921012885e-09,0.0001701389527,7.921012885e-09
9168,8.333336458e-05,3.858027585e-09,8.333336458e-05,3.858027585e-09
9169,0,0,0,0
9170,2.777778819e-05,7.716055169e-10,2.777778819e-05,7.716055169e-10
9171,2.777778819e-05,7.716055169e-10,2.777778819e-05,7.716055169e-10
9172,0.000138888941,6.944449652e-09,0.000138888941,6.944449652e-09
9173,0.000138888941,5.401238619e-09,0.000138888941,5.401238619e-09
9174,8.333336458e-05,2.314816551e-09,8.333336458e-05,2.314816551e-09
9175,0.0002222223056,1.080247724e-08,0.0002222223056,1.080247724e-08
9176,2.777778819e-05,7.716055169e-10,2.777778819e-05,7.716055169e-10
9177,0.000138888941,6.944449655e-09,0.000138888941,6.944449655e-09
9178,2.777778819e-05,7.716055169e-10,2.777778819e-05,7.716055169e-10
9179,8.333336458e-05,3.858027585e-09,8.333336458e-05,3.858027585e-09
9180,0,0,0,0
9181,2.777778819e-05,7.716055169e-10,2.777778819e-05,7.716055169e-10
9182,2.777778819e-05,7.716055169e-10,2.777778819e-05,7.716055169e-10
9183,0,0,0,0
9184,2.777778819e-05,7.716055169e-10,2.777778819e-05,7.716055169e-10
9185,5.555557639e-05,3.086422068e-09,5.555557639e-05,3.086422068e-09
9186,0.000138888941,5.401238618e-09,0.000138888941,5.401238618e-09
9187,2.777778819e-05,7.716055169e-10,2.777778819e-05,7.716055169e-10
9188,5.555557639e-05,3.086422068e-09,5.555557639e-05,3.086422068e-09
9189,6.666669166e-05,4.444447778e-09,6.666669166e-05,4.444447778e-09
9190,0.0002222223055,1.234568827e-08,0.0002222223055,1.234568827e-08
9191,0,0,0,0
9192,0,0,0,0
9193,0.000138888941,1.311729379e-08,0.000138888941,1.311729379e-08
9194,0,0,0,0
9195,5.555557639e-05,1.543211034e-09,5.555557639e-05,1.543211034e-09
9196,2.777778819e-05,7.716055169e-10,2.777778819e-05,7.716055169e-10
9197,0.000138888941,5.401238619e-09,0.000138888941,5.401238619e-09
9198,2.777778819e-05,7.716055169e-10,2.777778819e-05,7.716055169e-10
9199,0,0,0,0
9200,8.333336458e-05,3.858027585e-09,8.333336458e-05,3.858027585e-09
9201,0,0,0,0
9202,8.333336458e-05,3.858027585e-09,8.333336458e-05,3.858027585e-09
9203,0,0,0,0
9204,2.777778819e-05,7.716055169e-10,2.777778819e-05,7.716055169e-10
9205,8.333336458e-05,3.858027585e-09,8.333336458e-05,3.858027585e-09
9206,5.555557639e-05,1.543211034e-09,5.555557639e-05,1.543211034e-09
9207,2.777778819e-05,7.716055169e-10,2.777778819e-05,7.716055169e-10
9208,0,0,0,0
9209,5.555557639e-05,1.543211034e-09,5.555557639e-05,1.543211034e-09
9210,8.333336458e-05,3.858027585e-09,8.333336458e-05,3.858027585e-09
9211,2.777778819e-05,7.716055169e-10,2.777778819e-05,7.716055169e-10
9212,5.555557639e-05,3.086422068e-09,5.555557639e-05,3.086422068e-09
9213,5.555557639e-05,3.086422068e-09,5.555557639e-05,3.086422068e-09
9214,0,0,0,0
9215,5.555557639e-05,3.086422068e-09,5.555557639e-05,3.086422068e-09
9216,0,0,0,0
9217,2.777778819e-05,7.716055169e-10,2.777778819e-05,7.716055169e-10
9218,5.555557639e-05,1.543211034e-09,5.555557639e-05,1.543211034e-09
9219,0.0001666667292,7.716055169e-09,0.0001666667292,7.716055169e-09
9220,2.777778819e-05,7.716055169e-10,2.777778819e-05,7.716055169e-10
9221,0.0002055556326,9.845686396e-09,0.0002055556326,9.845686396e-09
9222,0.0001111111528,4.629633101e-09,0.0001111111528,4.629633101e-09
9223,0,0,0,0
9224,2.777778819e-05,7.716055169e-10,2.777778819e-05,7.716055169e-10
9225,5.555557639e-05,3.086422068e-09,5.555557639e-05,3.086422068e-09
9226,0.000138888941,6.944449652e-09,0.000138888941,6.944449652e-09
9227,0,0,0,0
9228,8.333336458e-05,3.858027585e-09,8.333336458e-05,3.858027585e-09
9229,0,0,0,0
9230,5.555557639e-05,3.086422068e-09,5.555557639e-05,3.086422068e-09
9231,5.555557639e-05,1.543211034e-09,5.555557639e-05,1.543211034e-09
9232,0.0002500000937,1.311729379e-08,0.0002500000937,1.311729379e-08
9233,0.0001666667292,7.716055169e-09,0.0001666667292,7.716055169e-09
9234,0.0001944445174,8.487660686e-09,0.0001944445174,8.487660686e-09
9235,8.333336458e-05,3.858027585e-09,8.333336458e-05,3.858027585e-09
9236,2.777778819e-05,7.716055169e-10,2.777778819e-05,7.716055169e-10
9237,0.000138888941,6.944449655e-09,0.000138888941,6.944449655e-09
9238,8.33333646e-05,2.314816551e-09,8.33333646e-05,2.314816551e-09
9239,5.555557639e-05,3.086422068e-09,5.555557639e-05,3.086422068e-09
9240,2.777778819e-05,7.716055169e-10,2.777778819e-05,7.716055169e-10
9241,0.0001666667292,9.259266203e-09,0.0001666667292,9.259266203e-09
9242,0.000138888941,6.944449652e-09,0.000138888941,6.944449652e-09
9243,7.407410185e-05,5.486972565e-09,7.407410185e-05,5.486972565e-09
9244,0,0,0,0
9245,2.777778819e-05,7.716055169e-10,2.777778819e-05,7.716055169e-10
9246,0.0001111111528,6.172844135e-09,0.0001111111528,6.172844135e-09
9247,5.555557639e-05,3.086422068e-09,5.555557639e-05,3.086422068e-09
9248,5.555557639e-05,3.086422068e-09,5.555557639e-05,3.086422068e-09
9249,0.0001203704155,5.744174404e-09,0.0001203704155,5.744174404e-09
9250,2.777778819e-05,7.716055169e-10,2.777778819e-05,7.716055169e-10
9251,5.555557639e-05,3.086422068e-09,5.555557639e-05,3.086422068e-09
9252,0.000138888941,6.944449655e-09,0.000138888941,6.944449655e-09
9253,2.777778819e-05,7.716055169e-10,2.777778819e-05,7.716055169e-10
9254,5.555557639e-05,3.086422068e-09,5.555557639e-05,3.086422068e-09
9255,9.722225868e-05,4.822534481e-09,9.722225868e-05,4.822534481e-09
9256,8.333336458e-05,3.858027585e-09,8.333336458e-05,3.858027585e-09
9257,5.555557639e-05,3.086422068e-09,5.555557639e-05,3.086422068e-09
9258,0.000138888941,6.944449652e-09,0.000138888941,6.944449652e-09
9259,0.0001111111528,6.172844135e-09,0.0001111111528,6.172844135e-09
9260,0.000138888941,6.944449655e-09,0.000138888941,6.944449655e-09
9261,0.0001805556233,9.452167583e-09,0.0001805556233,9.452167583e-09
9262,2.777778819e-05,7.716055169e-10,2.777778819e-05,7.716055169e-10
9263,0.000261111209,1.44753195e-08,0.000261111209,1.44753195e-08
9264,5.55555764e-05,1.543211034e-09,5.55555764e-05,1.543211034e-09
9265,0.0001111111528,4.629633101e-09,0.0001111111528,4.629633101e-09
9266,5.555557639e-05,1.543211034e-09,5.555557639e-05,1.543211034e-09
9267,0.0001250000469,5.594139998e-09,0.0001250000469,5.594139998e-09
9268,8.333336458e-05,3.858027585e-09,8.333336458e-05,3.858027585e-09
9269,0.0001944445173,1.003087172e-08,0.0001944445173,1.003087172e-08
9270,5.555557639e-05,3.086422068e-09,5.555557639e-05,3.086422068e-09
9271,0.0001111111528,4.629633101e-09,0.0001111111528,4.629633101e-09
9272,8.333336458e-05,3.858027585e-09,8.333336458e-05,3.858027585e-09
9273,0,0,0,0
9274,8.333336458e-05,3.858027585e-09,8.333336458e-05,3.858027585e-09
9275,5.555557639e-05,3.086422068e-09,5.555557639e-05,3.086422068e-09
9276,5.555557639e-05,3.086422068e-09,5.555557639e-05,3.086422068e-09
9277,2.777778819e-05,7.716055169e-10,2.777778819e-05,7.716055169e-10
9278,8.333336458e-05,3.858027585e-09,8.333336458e-05,3.858027585e-09
9279,0.0001111111528,4.629633102e-09,0.0001111111528,4.629633102e-09
9280,5.555557639e-05,3.086422068e-09,5.555557639e-05,3.086422068e-09
9281,0.000138888941,6.944449652e-09,0.000138888941,6.944449652e-09
9282,5.555557639e-05,3.086422068e-09,5.555557639e-05,3.086422068e-09
9283,2.777778819e-05,7.716055169e-10,2.777778819e-05,7.716055169e-10
9284,2.777778819e-05,7.716055169e-10,2.777778819e-05,7.716055169e-10
9285,0.0002222223055,1.080247724e-08,0.0002222223055,1.080247724e-08
9286,8.333336458e-05,3.858027585e-09,8.333336458e-05,3.858027585e-09
9287,0,0,0,0
9288,5.555557639e-05,3.086422068e-09,5.555557639e-05,3.086422068e-09
9289,2.777778819e-05,7.716055169e-10,2.777778819e-05,7.716055169e-10
9290,0,0,0,0
9291,2.777778819e-05,7.716055169e-10,2.777778819e-05,7.716055169e-10
9292,0.0001111111528,4.629633102e-09,0.0001111111528,4.629633102e-09
9293,5.555557639e-05,1.543211034e-09,5.555557639e-05,1.543211034e-09
9294,5.555557639e-05,1.543211034e-09,5.555557639e-05,1.543211034e-09
9295,0,0,0,0
9296,0.0002129630428,1.243142222e-08,0.0002129630428,1.243142222e-08
9297,2.777778819e-05,7.716055169e-10,2.777778819e-05,7.716055169e-10
9298,2.777778819e-05,7.716055169e-10,2.777778819e-05,7.716055169e-10
9299,5.555557639e-05,1.543211034e-09,5.555557639e-05,1.543211034e-09
9300,0,0,0,0
9301,8.333336458e-05,3.858027585e-09,8.333336458e-05,3.858027585e-09
9302,0,0,0,0
9303,2.777778819e-05,7.716055169e-10,2.777778819e-05,7.716055169e-10
9304,0.0001111111528,6.172844135e-09,0.0001111111528,6.172844135e-09
9305,2.777778819e-05,7.716055169e-10,2.777778819e-05,7.716055169e-10
9306,0.0001666667292,9.259266203e-09,0.0001666667292,9.259266203e-09
9307,0.0001111111528,4.629633101e-09,0.0001111111528,4.629633101e-09
9308,2.777778819e-05,7.716055169e-10,2.777778819e-05,7.716055169e-10
9309,5.555557639e-05,1.543211034e-09,5.555557639e-05,1.543211034e-09
9310,0,0,0,0
9311,0.0001944445174,8.487660686e-09,0.0001944445174,8.487660686e-09
9312,2.777778819e-05,7.716055169e-10,2.777778819e-05,7.716055169e-10
9313,5.555557639e-05,3.086422068e-09,5.555557639e-05,3.086422068e-09
9314,0.0001944445173,1.003087172e-08,0.0001944445173,1.003087172e-08
9315,2.777778819e-05,7.716055169e-10,2.777778819e-05,7.716055169e-10
9316,0.0001111111528,6.172844135e-09,0.0001111111528,6.172844135e-09
9317,8.333336458e-05,3.858027585e-09,8.333336458e-05,3.858027585e-09
9318,0,0,0,0
9319,2.777778819e-05,7.716055169e-10,2.777778819e-05,7.716055169e-10
9320,0,0,0,0
9321,0.0002083334115,1.176698413e-08,0.0002083334115,1.176698413e-08
9322,5.555557639e-05,1.543211034e-09,5.555557639e-05,1.543211034e-09
9323,5.55555764e-05,1.543211034e-09,5.55555764e-05,1.543211034e-09
9324,8.333336458e-05,3.858027585e-09,8.333336458e-05,3.858027585e-09
9325,2.777778819e-05,7.716055169e-10,2.777778819e-05,7.716055169e-10
9326,5.555557639e-05,1.543211034e-09,5.555557639e-05,1.543211034e-09
9327,5.555557639e-05,3.086422068e-09,5.555557639e-05,3.086422068e-09
9328,5.555557639e-05,3.086422068e-09,5.555557639e-05,3.086422068e-09
9329,0.0001111111528,4.629633101e-09,0.0001111111528,4.629633101e-09
9330,8.333336458e-05,3.858027585e-09,8.333336458e-05,3.858027585e-09
9331,5.555557639e-05,3.086422068e-09,5.555557639e-05,3.086422068e-09
9332,2.777778819e-05,7.716055169e-10,2.777778819e-05,7.716055169e-10
9333,0,0,0,0
9334,8.333336458e-05,3.858027585e-09,8.333336458e-05,3.858027585e-09
9335,0,0,0,0
9336,5.555557639e-05,3.086422068e-09,5.555557639e-05,3.086422068e-09
9337,8.333336458e-05,3.858027585e-09,8.333336458e-05,3.858027585e-09
9338,5.555557639e-05,3.086422068e-09,5.555557639e-05,3.086422068e-09
9339,8.333336458e-05,3.858027585e-09,8.333336458e-05,3.858027585e-09
9340,0.0001180555998,5.063661205e-09,0.0001180555998,5.063661205e-09
9341,0.0001250000469,6.365745515e-09,0.0001250000469,6.365745515e-09
9342,0.0001509259825,8.221028114e-09,0.0001509259825,8.221028114e-09
9343,8.333336458e-05,3.858027585e-09,8.333336458e-05,3.858027585e-09
9344,8.333336458e-05,3.858027585e-09,8.333336458e-05,3.858027585e-09
9345,2.777778819e-05,7.716055169e-10,2.777778819e-05,7.716055169e-10
9346,0,0,0,0
9347,8.33333646e-05,2.314816551e-09,8.33333646e-05,2.314816551e-09
9348,2.777778819e-05,7.716055169e-10,2.777778819e-05,7.716055169e-10
9349,0.0002222223056,1.080247724e-08,0.0002222223056,1.080247724e-08
9350,8.333336458e-05,3.858027585e-09,8.333336458e-05,3.858027585e-09
9351,0,0,0,0
9352,0,0,0,0
9353,5.555557639e-05,3.086422068e-09,5.555557639e-05,3.086422068e-09
9354,2.777778819e-05,7.716055169e-10,2.777778819e-05,7.716055169e-10
9355,8.333336458e-05,3.858027585e-09,8.333336458e-05,3.858027585e-09
9356,0.0001111111528,6.172844135e-09,0.0001111111528,6.172844135e-09
9357,5.555557639e-05,3.086422068e-09,5.555557639e-05,3.086422068e-09
9358,2.777778819e-05,7.716055169e-10,2.777778819e-05,7.716055169e-10
9359,0.0003074075227,1.919068654e-08,0.0003074075227,1.919068654e-08
9360,0,0,0,0
9361,5.555557639e-05,3.086422068e-09,5.555557639e-05,3.086422068e-09
9362,5.55555764e-05,1.543211034e-09,5.55555764e-05,1.543211034e-09
9363,0.0001111111528,4.629633101e-09,0.0001111111528,4.629633101e-09
9364,3.055556702e-05,9.336426755e-10,3.055556702e-05,9.336426755e-10
9365,0,0,0,0
9366,0.000138888941,6.944449652e-09,0.000138888941,6.944449652e-09
9367,2.777778819e-05,7.716055169e-10,2.777778819e-05,7.716055169e-10
9368,5.555557639e-05,3.086422068e-09,5.555557639e-05,3.086422068e-09
9369,5.555557639e-05,3.086422068e-09,5.555557639e-05,3.086422068e-09
9370,0.0001111111528,4.629633101e-09,0.0001111111528,4.629633101e-09
9371,2.777778819e-05,7.716055169e-10,2.777778819e-05,7.716055169e-10
9372,8.333336458e-05,3.858027585e-09,8.333336458e-05,3.858027585e-09
9373,5.555557639e-05,3.086422068e-09,5.555557639e-05,3.086422068e-09
9374,2.777778819e-05,7.716055169e-10,2.777778819e-05,7.716055169e-10
9375,0.0001111111528,4.629633101e-09,0.0001111111528,4.629633101e-09
9376,8.333336458e-05,3.858027585e-09,8.333336458e-05,3.858027585e-09
9377,0.000138888941,6.944449652e-09,0.000138888941,6.944449652e-09
9378,8.333336458e-05,3.858027585e-09,8.333336458e-05,3.858027585e-09
9379,0.000138888941,6.944449652e-09,0.000138888941,6.944449652e-09
9380,0,0,0,0
9381,5.555557639e-05,3.086422068e-09,5.555557639e-05,3.086422068e-09
9382,0,0,0,0
9383,8.333336458e-05,3.858027585e-09,8.333336458e-05,3.858027585e-09
9384,0,0,0,0
9385,0,0,0,0
9386,5.555557639e-05,3.086422068e-09,5.555557639e-05,3.086422068e-09
9387,0,0,0,0
9388,0.0001111111528,4.629633101e-09,0.0001111111528,4.629633101e-09
9389,0.0002222223056,1.080247724e-08,0.0002222223056,1.080247724e-08
9390,5.55555764e-05,1.543211034e-09,5.55555764e-05,1.543211034e-09
9391,0.0001111111528,6.172844135e-09,0.0001111111528,6.172844135e-09
9392,8.33333646e-05,2.314816551e-09,8.33333646e-05,2.314816551e-09
9393,8.333336458e-05,3.858027585e-09,8.333336458e-05,3.858027585e-09
9394,2.777778819e-05,7.716055169e-10,2.777778819e-05,7.716055169e-10
9395,8.333336458e-05,2.314816551e-09,8.333336458e-05,2.314816551e-09
9396,2.777778819e-05,7.716055169e-10,2.777778819e-05,7.716055169e-10
9397,2.777778819e-05,7.716055169e-10,2.777778819e-05,7.716055169e-10
9398,5.555557639e-05,3.086422068e-09,5.555557639e-05,3.086422068e-09
9399,0.0001111111528,6.172844138e-09,0.0001111111528,6.172844138e-09
9400,0.0001296296782,7.030183599e-09,0.0001296296782,7.030183599e-09
9401,8.33333646e-05,2.314816551e-09,8.33333646e-05,2.314816551e-09
9402,8.333336458e-05,3.858027585e-09,8.333336458e-05,3.858027585e-09
9403,5.555557639e-05,1.543211034e-09,5.555557639e-05,1.543211034e-09
9404,0,0,0,0
9405,5.555557639e-05,3.086422068e-09,5.555557639e-05,3.086422068e-09
9406,5.555557639e-05,3.086422068e-09,5.555557639e-05,3.086422068e-09
9407,0,0,0,0
9408,8.333336458e-05,2.314816551e-09,8.333336458e-05,2.314816551e-09
9409,0,0,0,0
9410,8.333336458e-05,2.314816551e-09,8.333336458e-05,2.314816551e-09
9411,0,0,0,0
9412,0.0001666667291,9.259266205e-09,0.0001666667291,9.259266205e-09
9413,5.555557639e-05,3.086422068e-09,5.555557639e-05,3.086422068e-09
9414,8.333336458e-05,3.858027585e-09,8.333336458e-05,3.858027585e-09
9415,0,0,0,0
9416,8.333336458e-05,3.858027585e-09,8.333336458e-05,3.858027585e-09
9417,2.777778819e-05,7.716055169e-10,2.777778819e-05,7.716055169e-10
9418,0,0,0,0
9419,0,0,0,0
9420,5.555557639e-05,1.543211034e-09,5.555557639e-05,1.543211034e-09
9421,3.125001172e-05,9.765632324e-10,3.125001172e-05,9.765632324e-10
9422,2.777778819e-05,7.716055169e-10,2.777778819e-05,7.716055169e-10
9423,0.0001111111528,6.172844135e-09,0.0001111111528,6.172844135e-09
9424,2.777778819e-05,7.716055169e-10,2.777778819e-05,7.716055169e-10
9425,8.333336458e-05,3.858027585e-09,8.333336458e-05,3.858027585e-09
9426,0,0,0,0
9427,2.777778819e-05,7.716055169e-10,2.777778819e-05,7.716055169e-10
9428,8.95062064e-05,2.695856312e-09,8.95062064e-05,2.695856312e-09
9429,8.333336458e-05,3.858027585e-09,8.333336458e-05,3.858027585e-09
9430,0.000138888941,6.944449652e-09,0.000138888941,6.944449652e-09
9431,0.000138888941,6.944449652e-09,0.000138888941,6.944449652e-09
9432,0,0,0,0
9433,8.333336458e-05,2.314816551e-09,8.333336458e-05,2.314816551e-09
9434,0,0,0,0
9435,8.333336458e-05,3.858027585e-09,8.333336458e-05,3.858027585e-09
9436,8.333336458e-05,3.858027585e-09,8.333336458e-05,3.858027585e-09
9437,0,0,0,0
9438,0.0001111111528,6.172844135e-09,0.0001111111528,6.172844135e-09
9439,5.555557639e-05,1.543211034e-09,5.555557639e-05,1.543211034e-09
9440,2.777778819e-05,7.716055169e-10,2.777778819e-05,7.716055169e-10
9441,2.777778819e-05,7.716055169e-10,2.777778819e-05,7.716055169e-10
9442,0,0,0,0
9443,0.0001111111528,4.629633101e-09,0.0001111111528,4.629633101e-09
9444,0,0,0,0
9445,0.0001444444986,7.28395608e-09,0.0001444444986,7.28395608e-09
9446,0.000138888941,6.944449652e-09,0.000138888941,6.944449652e-09
9447,8.333336458e-05,2.314816551e-09,8.333336458e-05,2.314816551e-09
9448,2.777778819e-05,7.716055169e-10,2.777778819e-05,7.716055169e-10
9449,2.777778819e-05,7.716055169e-10,2.777778819e-05,7.716055169e-10
9450,8.333336458e-05,2.314816551e-09,8.333336458e-05,2.314816551e-09
9451,8.333336458e-05,3.858027585e-09,8.333336458e-05,3.858027585e-09
9452,0.000138888941,6.944449652e-09,0.000138888941,6.944449652e-09
9453,0.0001111111528,4.629633101e-09,0.0001111111528,4.629633101e-09
9454,5.555557639e-05,3.086422068e-09,5.555557639e-05,3.086422068e-09
9455,0,0,0,0
9456,0,0,0,0
9457,2.777778819e-05,7.716055169e-10,2.777778819e-05,7.716055169e-10
9458,0.0001944445174,8.487660686e-09,0.0001944445174,8.487660686e-09
9459,0,0,0,0
9460,2.777778819e-05,7.716055169e-10,2.777778819e-05,7.716055169e-10
9461,0.0001666667292,7.716055169e-09,0.0001666667292,7.716055169e-09
9462,2.777778819e-05,7.716055169e-10,2.777778819e-05,7.716055169e-10
9463,5.555557639e-05,3.086422068e-09,5.555557639e-05,3.086422068e-09
9464,0.0001450617828,7.668425199e-09,0.0001450617828,7.668425199e-09
9465,0.0002222223056,1.234568827e-08,0.0002222223056,1.234568827e-08
9466,0.0001666667292,7.716055169e-09,0.0001666667292,7.716055169e-09
9467,0.0001111111528,1.234568827e-08,0.0001111111528,1.234568827e-08
9468,8.333336458e-05,3.858027585e-09,8.333336458e-05,3.858027585e-09
9469,0.000138888941,6.944449652e-09,0.000138888941,6.944449652e-09
9470,0,0,0,0
9471,0,0,0,0
9472,5.555557639e-05,3.086422068e-09,5.555557639e-05,3.086422068e-09
9473,2.777778819e-05,7.716055169e-10,2.777778819e-05,7.716055169e-10
9474,0,0,0,0
9475,5.555557639e-05,1.543211034e-09,5.555557639e-05,1.543211034e-09
9476,0.0001666667292,7.716055169e-09,0.0001666667292,7.716055169e-09
9477,0,0,0,0
9478,2.777778819e-05,7.716055169e-10,2.777778819e-05,7.716055169e-10
9479,8.333336458e-05,3.858027585e-09,8.333336458e-05,3.858027585e-09
9480,5.555557639e-05,3.086422068e-09,5.555557639e-05,3.086422068e-09
9481,5.555557639e-05,3.086422068e-09,5.555557639e-05,3.086422068e-09
9482,8.333336458e-05,3.858027585e-09,8.333336458e-05,3.858027585e-09
9483,0.0001666667292,7.716055169e-09,0.0001666667292,7.716055169e-09
9484,5.555557639e-05,3.086422068e-09,5.555557639e-05,3.086422068e-09
9485,5.555557639e-05,1.543211034e-09,5.555557639e-05,1.543211034e-09
9486,0,0,0,0
9487,0.0001111111528,6.172844135e-09,0.0001111111528,6.172844135e-09
9488,9.722225868e-05,4.822534481e-09,9.722225868e-05,4.822534481e-09
9489,0.0001666667291,7.716055172e-09,0.0001666667291,7.716055172e-09
9490,5.555557639e-05,1.543211034e-09,5.555557639e-05,1.543211034e-09
9491,2.777778819e-05,7.716055169e-10,2.777778819e-05,7.716055169e-10
9492,8.333336458e-05,3.858027585e-09,8.333336458e-05,3.858027585e-09
9493,5.555557639e-05,3.086422068e-09,5.555557639e-05,3.086422068e-09
9494,0.0001666667292,9.259266203e-09,0.0001666667292,9.259266203e-09
9495,0.0001111111528,4.629633101e-09,0.0001111111528,4.629633101e-09
9496,0,0,0,0
9497,5.555557639e-05,3.086422068e-09,5.555557639e-05,3.086422068e-09
9498,8.333336458e-05,3.858027585e-09,8.333336458e-05,3.858027585e-09
9499,0,0,0,0
9500,0.000138888941,6.944449652e-09,0.000138888941,6.944449652e-09
9501,8.33333646e-05,3.858027584e-09,8.33333646e-05,3.858027584e-09
9502,0.000138888941,6.944449652e-09,0.000138888941,6.944449652e-09
9503,0.0001851852546,1.16598167e-08,0.0001851852546,1.16598167e-08
9504,0.0001111111528,6.172844135e-09,0.0001111111528,6.172844135e-09
9505,5.555557639e-05,3.086422068e-09,5.555557639e-05,3.086422068e-09
9506,5.555557639e-05,1.543211034e-09,5.555557639e-05,1.543211034e-09
9507,0.0001111111528,4.629633101e-09,0.0001111111528,4.629633101e-09
9508,2.777778819e-05,7.716055169e-10,2.777778819e-05,7.716055169e-10
9509,8.333336458e-05,3.858027585e-09,8.333336458e-05,3.858027585e-09
9510,8.333336458e-05,3.858027585e-09,8.333336458e-05,3.858027585e-09
9511,2.777778819e-05,7.716055169e-10,2.777778819e-05,7.716055169e-10
9512,5.555557639e-05,1.543211034e-09,5.555557639e-05,1.543211034e-09
9513,8.333336461e-05,6.944449654e-09,8.333336461e-05,6.944449654e-09
9514,0.0001666667291,9.259266205e-09,0.0001666667291,9.259266205e-09
9515,0,0,0,0
9516,0,0,0,0
9517,5.555557639e-05,3.086422068e-09,5.555557639e-05,3.086422068e-09
9518,0.0001111111528,6.172844138e-09,0.0001111111528,6.172844138e-09
9519,0.0001944445174,1.003087172e-08,0.0001944445174,1.003087172e-08
9520,0.0002462963887,1.354253416e-08,0.0002462963887,1.354253416e-08
9521,5.555557639e-05,3.086422068e-09,5.555557639e-05,3.086422068e-09
9522,5.555557639e-05,3.086422068e-09,5.555557639e-05,3.086422068e-09
9523,0,0,0,0
9524,5.555557639e-05,3.086422068e-09,5.555557639e-05,3.086422068e-09
9525,0,0,0,0
9526,0,0,0,0
9527,8.333336458e-05,3.858027585e-09,8.333336458e-05,3.858027585e-09
9528,0.0002222223056,1.080247724e-08,0.0002222223056,1.080247724e-08
9529,3.472223524e-05,1.20563362e-09,3.472223524e-05,1.20563362e-09
9530,8.333336458e-05,3.858027585e-09,8.333336458e-05,3.858027585e-09
9531,5.555557639e-05,1.543211034e-09,5.555557639e-05,1.543211034e-09
9532,5.555557639e-05,3.086422068e-09,5.555557639e-05,3.086422068e-09
9533,0,0,0,0
9534,0,0,0,0
9535,0.0001111111528,6.172844135e-09,0.0001111111528,6.172844135e-09
9536,0.000138888941,6.944449652e-09,0.000138888941,6.944449652e-09
9537,5.555557639e-05,3.086422068e-09,5.555557639e-05,3.086422068e-09
9538,0,0,0,0
9539,0.000138888941,5.401238618e-09,0.000138888941,5.401238618e-09
9540,0.0001273148626,5.663798829e-09,0.0001273148626,5.663798829e-09
9541,0.0001111111528,4.629633102e-09,0.0001111111528,4.629633102e-09
9542,5.555557639e-05,1.543211034e-09,5.555557639e-05,1.543211034e-09
9543,5.555557639e-05,3.086422068e-09,5.555557639e-05,3.086422068e-09
9544,5.555557639e-05,3.086422068e-09,5.555557639e-05,3.086422068e-09
9545,8.333336458e-05,3.858027585e-09,8.333336458e-05,3.858027585e-09
9546,0,0,0,0
9547,2.777778819e-05,7.716055169e-10,2.777778819e-05,7.716055169e-10
9548,2.777778819e-05,7.716055169e-10,2.777778819e-05,7.716055169e-10
9549,2.777778819e-05,7.716055169e-10,2.777778819e-05,7.716055169e-10
9550,0.0001111111528,4.629633101e-09,0.0001111111528,4.629633101e-09
9551,2.777778819e-05,7.716055169e-10,2.777778819e-05,7.716055169e-10
9552,8.333336458e-05,3.858027585e-09,8.333336458e-05,3.858027585e-09
9553,8.333336458e-05,3.858027585e-09,8.333336458e-05,3.858027585e-09
9554,0.0001666667292,9.259266203e-09,0.0001666667292,9.259266203e-09
9555,8.333336458e-05,3.858027585e-09,8.333336458e-05,3.858027585e-09
9556,2.777778819e-05,7.716055169e-10,2.777778819e-05,7.716055169e-10
9557,0,0,0,0
9558,2.777778819e-05,7.716055169e-10,2.777778819e-05,7.716055169e-10
9559,0.0001111111528,4.629633101e-09,0.0001111111528,4.629633101e-09
9560,0,0,0,0
9561,0.000138888941,6.944449652e-09,0.000138888941,6.944449652e-09
9562,2.777778819e-05,7.716055169e-10,2.777778819e-05,7.716055169e-10
9563,3.703705093e-05,1.371743141e-09,3.703705093e-05,1.371743141e-09
9564,0,0,0,0
9565,0.0001527778351,8.680562066e-09,0.0001527778351,8.680562066e-09
9566,0,0,0,0
9567,0.0002222223056,1.080247724e-08,0.0002222223056,1.080247724e-08
9568,2.777778819e-05,7.716055169e-10,2.777778819e-05,7.716055169e-10
9569,0,0,0,0
9570,0.000159259319,7.359401953e-09,0.000159259319,7.359401953e-09
9571,5.555557639e-05,3.086422068e-09,5.555557639e-05,3.086422068e-09
9572,0.0001111111528,6.172844135e-09,0.0001111111528,6.172844135e-09
9573,5.555557639e-05,3.086422068e-09,5.555557639e-05,3.086422068e-09
9574,2.777778819e-05,7.716055169e-10,2.777778819e-05,7.716055169e-10
9575,0,0,0,0
9576,0.000138888941,6.944449652e-09,0.000138888941,6.944449652e-09
9577,0,0,0,0
9578,8.333336458e-05,3.858027585e-09,8.333336458e-05,3.858027585e-09
9579,0,0,0,0
9580,0.0001944445173,1.003087172e-08,0.0001944445173,1.003087172e-08
9581,0.000138888941,6.944449652e-09,0.000138888941,6.944449652e-09
9582,0,0,0,0
9583,0.0001944445174,1.003087172e-08,0.0001944445174,1.003087172e-08
9584,2.777778819e-05,7.716055169e-10,2.777778819e-05,7.716055169e-10
9585,0,0,0,0
9586,0,0,0,0
9587,2.777778819e-05,7.716055169e-10,2.777778819e-05,7.716055169e-10
9588,0.0001444444986,7.28395608e-09,0.0001444444986,7.28395608e-09
9589,0.0001111111528,6.172844135e-09,0.0001111111528,6.172844135e-09
9590,0,0,0,0
9591,2.777778819e-05,7.716055169e-10,2.777778819e-05,7.716055169e-10
9592,0.0001111111528,6.172844135e-09,0.0001111111528,6.172844135e-09
9593,0.000138888941,6.944449652e-09,0.000138888941,6.944449652e-09
9594,0.0001666667291,9.259266205e-09,0.0001666667291,9.259266205e-09
9595,5.555557639e-05,3.086422068e-09,5.555557639e-05,3.086422068e-09
9596,0,0,0,0
9597,5.555557639e-05,1.543211034e-09,5.555557639e-05,1.543211034e-09
9598,8.333336458e-05,3.858027585e-09,8.333336458e-05,3.858027585e-09
9599,5.555557639e-05,1.543211034e-09,5.555557639e-05,1.543211034e-09
9600,0,0,0,0
9601,8.333336458e-05,3.858027585e-09,8.333336458e-05,3.858027585e-09
9602,5.555557639e-05,3.086422068e-09,5.555557639e-05,3.086422068e-09
9603,0.0001111111528,6.172844135e-09,0.0001111111528,6.172844135e-09
9604,0.0001666667292,7.716055169e-09,0.0001666667292,7.716055169e-09
9605,2.777778819e-05,7.716055169e-10,2.777778819e-05,7.716055169e-10
9606,0.0001944445174,8.487660686e-09,0.0001944445174,8.487660686e-09
9607,5.555557639e-05,3.086422068e-09,5.555557639e-05,3.086422068e-09
9608,0.0001111111528,4.629633101e-09,0.0001111111528,4.629633101e-09
9609,0.0001111111528,6.172844138e-09,0.0001111111528,6.172844138e-09
9610,0.000138888941,1.003087172e-08,0.000138888941,1.003087172e-08
9611,0.000138888941,6.944449652e-09,0.000138888941,6.944449652e-09
9612,8.333336458e-05,3.858027585e-09,8.333336458e-05,3.858027585e-09
9613,8.333336458e-05,3.858027585e-09,8.333336458e-05,3.858027585e-09
9614,8.333336458e-05,3.858027585e-09,8.333336458e-05,3.858027585e-09
9615,0,0,0,0
9616,5.555557639e-05,3.086422068e-09,5.555557639e-05,3.086422068e-09
9617,0,0,0,0
9618,2.777778819e-05,7.716055169e-10,2.777778819e-05,7.716055169e-10
9619,2.777778819e-05,7.716055169e-10,2.777778819e-05,7.716055169e-10
9620,0.0001666667291,7.716055172e-09,0.0001666667291,7.716055172e-09
9621,0,0,0,0
9622,5.555557639e-05,3.086422068e-09,5.555557639e-05,3.086422068e-09
9623,5.555557639e-05,3.086422068e-09,5.555557639e-05,3.086422068e-09
9624,2.777778819e-05,7.716055169e-10,2.777778819e-05,7.716055169e-10
9625,5.555557639e-05,3.086422068e-09,5.555557639e-05,3.086422068e-09
9626,0.0001111111528,6.172844135e-09,0.0001111111528,6.172844135e-09
9627,0,0,0,0
9628,2.777778819e-05,7.716055169e-10,2.777778819e-05,7.716055169e-10
9629,8.333336458e-05,3.858027585e-09,8.333336458e-05,3.858027585e-09
9630,0,0,0,0
9631,0,0,0,0
9632,5.555557639e-05,1.543211034e-09,5.555557639e-05,1.543211034e-09
9633,0,0,0,0
9634,0.000138888941,6.944449652e-09,0.000138888941,6.944449652e-09
9635,0.000138888941,5.401238619e-09,0.000138888941,5.401238619e-09
9636,8.333336458e-05,3.858027585e-09,8.333336458e-05,3.858027585e-09
9637,0.0002222223055,1.080247724e-08,0.0002222223055,1.080247724e-08
9638,0.0001111111528,4.629633101e-09,0.0001111111528,4.629633101e-09
9639,0.0001111111528,6.172844135e-09,0.0001111111528,6.172844135e-09
9640,5.555557639e-05,3.086422068e-09,5.555557639e-05,3.086422068e-09
9641,8.333336458e-05,3.858027585e-09,8.333336458e-05,3.858027585e-09
9642,0,0,0,0
9643,0.0001666667292,9.259266203e-09,0.0001666667292,9.259266203e-09
9644,0.0001111111528,6.172844135e-09,0.0001111111528,6.172844135e-09
9645,2.777778819e-05,7.716055169e-10,2.777778819e-05,7.716055169e-10
9646,8.333336458e-05,2.314816551e-09,8.333336458e-05,2.314816551e-09
9647,0,0,0,0
9648,5.555557639e-05,1.543211034e-09,5.555557639e-05,1.543211034e-09
9649,0.0001666667292,4.629633102e-09,0.0001666667292,4.629633102e-09
9650,5.555557639e-05,1.543211034e-09,5.555557639e-05,1.543211034e-09
9651,5.555557639e-05,3.086422068e-09,5.555557639e-05,3.086422068e-09
9652,0.000138888941,6.944449652e-09,0.000138888941,6.944449652e-09
9653,2.777778819e-05,7.716055169e-10,2.777778819e-05,7.716055169e-10
9654,0,0,0,0
9655,0.0001944445174,8.487660686e-09,0.0001944445174,8.487660686e-09
9656,8.333336458e-05,3.858027585e-09,8.333336458e-05,3.858027585e-09
9657,0,0,0,0
9658,0.0001111111528,6.172844135e-09,0.0001111111528,6.172844135e-09
9659,0,0,0,0
9660,0,0,0,0
9661,5.555557639e-05,3.086422068e-09,5.555557639e-05,3.086422068e-09
9662,8.333336458e-05,3.858027585e-09,8.333336458e-05,3.858027585e-09
9663,8.333336458e-05,3.858027585e-09,8.333336458e-05,3.858027585e-09
9664,0.0002222223056,1.080247724e-08,0.0002222223056,1.080247724e-08
9665,5.555557639e-05,3.086422068e-09,5.555557639e-05,3.086422068e-09
9666,5.555557639e-05,1.543211034e-09,5.555557639e-05,1.543211034e-09
9667,0,0,0,0
9668,0.0001296296782,7.030183599e-09,0.0001296296782,7.030183599e-09
9669,2.777778819e-05,7.716055169e-10,2.777778819e-05,7.716055169e-10
9670,8.333336458e-05,3.858027585e-09,8.333336458e-05,3.858027585e-09
9671,2.777778819e-05,7.716055169e-10,2.777778819e-05,7.716055169e-10
9672,0.0001944445174,1.003087172e-08,0.0001944445174,1.003087172e-08
9673,0.000138888941,5.401238619e-09,0.000138888941,5.401238619e-09
9674,0.000138888941,6.944449652e-09,0.000138888941,6.944449652e-09
9675,0.0001111111528,4.629633101e-09,0.0001111111528,4.629633101e-09
9676,0.0001666667292,7.716055169e-09,0.0001666667292,7.716055169e-09
9677,8.333336458e-05,3.858027585e-09,8.333336458e-05,3.858027585e-09
9678,0,0,0,0
9679,2.777778819e-05,7.716055169e-10,2.777778819e-05,7.716055169e-10
9680,0.0001111111528,4.629633101e-09,0.0001111111528,4.629633101e-09
9681,5.555557639e-05,3.086422068e-09,5.555557639e-05,3.086422068e-09
9682,5.555557639e-05,3.086422068e-09,5.555557639e-05,3.086422068e-09
9683,0,0,0,0
9684,0,0,0,0
9685,0.0001111111528,4.629633101e-09,0.0001111111528,4.629633101e-09
9686,0,0,0,0
9687,2.777778819e-05,7.716055169e-10,2.777778819e-05,7.716055169e-10
9688,0,0,0,0
9689,0.000138888941,6.944449652e-09,0.000138888941,6.944449652e-09
9690,8.333336458e-05,3.858027585e-09,8.333336458e-05,3.858027585e-09
9691,8.333336458e-05,3.858027585e-09,8.333336458e-05,3.858027585e-09
9692,8.333336458e-05,3.858027585e-09,8.333336458e-05,3.858027585e-09
9693,0,0,0,0
9694,0.0002222223055,9.259266203e-09,0.0002222223055,9.259266203e-09
9695,0.0001111111528,6.172844135e-09,0.0001111111528,6.172844135e-09
9696,2.777778819e-05,7.716055169e-10,2.777778819e-05,7.716055169e-10
9697,0.0001111111528,6.172844135e-09,0.0001111111528,6.172844135e-09
9698,5.555557639e-05,3.086422068e-09,5.555557639e-05,3.086422068e-09
9699,8.33333646e-05,2.314816551e-09,8.33333646e-05,2.314816551e-09
9700,0.0001111111528,4.629633101e-09,0.0001111111528,4.629633101e-09
9701,0.0001111111528,4.629633101e-09,0.0001111111528,4.629633101e-09
9702,2.777778819e-05,7.716055169e-10,2.777778819e-05,7.716055169e-10
9703,0,0,0,0
9704,5.555557639e-05,1.543211034e-09,5.555557639e-05,1.543211034e-09
9705,0.0002083334115,1.176698413e-08,0.0002083334115,1.176698413e-08
9706,0.0001944445173,1.003087172e-08,0.0001944445173,1.003087172e-08
9707,5.555557639e-05,3.086422068e-09,5.555557639e-05,3.086422068e-09
9708,0.0001111111528,6.172844135e-09,0.0001111111528,6.172844135e-09
9709,0.0002777778819,1.543211034e-08,0.0002777778819,1.543211034e-08
9710,2.777778819e-05,7.716055169e-10,2.777778819e-05,7.716055169e-10
9711,0,0,0,0
9712,5.555557639e-05,1.543211034e-09,5.555557639e-05,1.543211034e-09
9713,0.0001111111528,4.629633101e-09,0.0001111111528,4.629633101e-09
9714,0.0001180555998,5.449463964e-09,0.0001180555998,5.449463964e-09
9715,5.555557639e-05,3.086422068e-09,5.555557639e-05,3.086422068e-09
9716,5.555557639e-05,3.086422068e-09,5.555557639e-05,3.086422068e-09
9717,5.555557639e-05,1.543211034e-09,5.555557639e-05,1.543211034e-09
9718,5.555557639e-05,3.086422068e-09,5.555557639e-05,3.086422068e-09
9719,8.333336458e-05,2.314816551e-09,8.333336458e-05,2.314816551e-09
9720,2.777778819e-05,7.716055169e-10,2.777778819e-05,7.716055169e-10
9721,5.555557639e-05,1.543211034e-09,5.555557639e-05,1.543211034e-09
9722,5.555557639e-05,1.543211034e-09,5.555557639e-05,1.543211034e-09
9723,2.777778819e-05,7.716055169e-10,2.777778819e-05,7.716055169e-10
9724,5.555557639e-05,3.086422068e-09,5.555557639e-05,3.086422068e-09
9725,5.555557639e-05,3.086422068e-09,5.555557639e-05,3.086422068e-09
9726,5.555557639e-05,1.543211034e-09,5.555557639e-05,1.543211034e-09
9727,5.555557639e-05,3.086422068e-09,5.555557639e-05,3.086422068e-09
9728,0.0001087963371,6.692606185e-09,0.0001087963371,6.692606185e-09
9729,0.0001111111528,4.629633101e-09,0.0001111111528,4.629633101e-09
9730,0,0,0,0
9731,0.000138888941,5.401238619e-09,0.000138888941,5.401238619e-09
9732,0.0002500000937,1.311729379e-08,0.0002500000937,1.311729379e-08
9733,0.0001111111528,6.172844135e-09,0.0001111111528,6.172844135e-09
9734,5.555557639e-05,3.086422068e-09,5.555557639e-05,3.086422068e-09
9735,8.33333646e-05,3.858027584e-09,8.33333646e-05,3.858027584e-09
9736,0,0,0,0
9737,0.0001666667291,9.259266205e-09,0.0001666667291,9.259266205e-09
9738,0.0001111111528,6.172844135e-09,0.0001111111528,6.172844135e-09
9739,8.333336458e-05,3.858027585e-09,8.333336458e-05,3.858027585e-09
9740,5.555557639e-05,1.543211034e-09,5.555557639e-05,1.543211034e-09
9741,0,0,0,0
9742,5.555557639e-05,1.543211034e-09,5.555557639e-05,1.543211034e-09
9743,5.555557639e-05,3.086422068e-09,5.555557639e-05,3.086422068e-09
9744,5.555557639e-05,3.086422068e-09,5.555557639e-05,3.086422068e-09
9745,8.333336458e-05,3.858027585e-09,8.333336458e-05,3.858027585e-09
9746,0,0,0,0
9747,2.777778819e-05,7.716055169e-10,2.777778819e-05,7.716055169e-10
9748,5.555557639e-05,3.086422068e-09,5.555557639e-05,3.086422068e-09
9749,0.0001944445174,1.003087172e-08,0.0001944445174,1.003087172e-08
9750,0.0001666667292,7.716055169e-09,0.0001666667292,7.716055169e-09
9751,0,0,0,0
9752,5.555557639e-05,1.543211034e-09,5.555557639e-05,1.543211034e-09
9753,0,0,0,0
9754,8.333336458e-05,3.858027585e-09,8.333336458e-05,3.858027585e-09
9755,0.0001111111528,6.172844135e-09,0.0001111111528,6.172844135e-09
9756,8.333336458e-05,3.858027585e-09,8.333336458e-05,3.858027585e-09
9757,8.333336458e-05,3.858027585e-09,8.333336458e-05,3.858027585e-09
9758,6.666669166e-05,4.444447778e-09,6.666669166e-05,4.444447778e-09
9759,5.555557639e-05,3.086422068e-09,5.555557639e-05,3.086422068e-09
9760,9.027781163e-05,2.748844654e-09,9.027781163e-05,2.748844654e-09
9761,0.0002222223056,1.080247724e-08,0.0002222223056,1.080247724e-08
9762,0.0001111111528,4.629633101e-09,0.0001111111528,4.629633101e-09
9763,8.333336458e-05,3.858027585e-09,8.333336458e-05,3.858027585e-09
9764,0.0001666667292,1.080247724e-08,0.0001666667292,1.080247724e-08
9765,5.555557639e-05,3.086422068e-09,5.555557639e-05,3.086422068e-09
9766,2.777778819e-05,7.716055169e-10,2.777778819e-05,7.716055169e-10
9767,5.555557639e-05,1.543211034e-09,5.555557639e-05,1.543211034e-09
9768,8.333336458e-05,3.858027585e-09,8.333336458e-05,3.858027585e-09
9769,0.0001527778351,8.680562066e-09,0.0001527778351,8.680562066e-09
9770,2.777778819e-05,7.716055169e-10,2.777778819e-05,7.716055169e-10
9771,8.333336458e-05,3.858027585e-09,8.333336458e-05,3.858027585e-09
9772,5.555557639e-05,3.086422068e-09,5.555557639e-05,3.086422068e-09
9773,5.555557639e-05,3.086422068e-09,5.555557639e-05,3.086422068e-09
9774,8.333336458e-05,3.858027585e-09,8.333336458e-05,3.858027585e-09
9775,2.777778819e-05,7.716055169e-10,2.777778819e-05,7.716055169e-10
9776,2.777778819e-05,7.716055169e-10,2.777778819e-05,7.716055169e-10
9777,0,0,0,0
9778,2.777778819e-05,7.716055169e-10,2.777778819e-05,7.716055169e-10
9779,0.0001111111528,6.172844135e-09,0.0001111111528,6.172844135e-09
9780,0.0001990741487,7.223084978e-09,0.0001990741487,7.223084978e-09
9781,0.0001111111528,4.629633101e-09,0.0001111111528,4.629633101e-09
9782,5.555557639e-05,3.086422068e-09,5.555557639e-05,3.086422068e-09
9783,2.777778819e-05,7.716055169e-10,2.777778819e-05,7.716055169e-10
9784,5.555557639e-05,1.543211034e-09,5.555557639e-05,1.543211034e-09
9785,2.777778819e-05,7.716055169e-10,2.777778819e-05,7.716055169e-10
9786,2.777778819e-05,7.716055169e-10,2.777778819e-05,7.716055169e-10
9787,8.333336458e-05,3.858027585e-09,8.333336458e-05,3.858027585e-09
9788,0.0001111111528,4.629633102e-09,0.0001111111528,4.629633102e-09
9789,0,0,0,0
9790,2.777778819e-05,7.716055169e-10,2.777778819e-05,7.716055169e-10
9791,0.0001111111528,4.629633101e-09,0.0001111111528,4.629633101e-09
9792,8.333336458e-05,2.314816551e-09,8.333336458e-05,2.314816551e-09
9793,0.0001666667292,7.716055169e-09,0.0001666667292,7.716055169e-09
9794,0.0001666667292,9.259266203e-09,0.0001666667292,9.259266203e-09
9795,0.000138888941,6.944449652e-09,0.000138888941,6.944449652e-09
9796,0,0,0,0
9797,0.0001851852546,9.08779831e-09,0.0001851852546,9.08779831e-09
9798,5.555557639e-05,1.543211034e-09,5.555557639e-05,1.543211034e-09
9799,0.000138888941,6.944449652e-09,0.000138888941,6.944449652e-09
9800,8.333336458e-05,3.858027585e-09,8.333336458e-05,3.858027585e-09
9801,5.555557639e-05,1.543211034e-09,5.555557639e-05,1.543211034e-09
9802,2.777778819e-05,7.716055169e-10,2.777778819e-05,7.716055169e-10
9803,2.777778819e-05,7.716055169e-10,2.777778819e-05,7.716055169e-10
9804,0,0,0,0
9805,0.0001759259919,8.316192793e-09,0.0001759259919,8.316192793e-09
9806,5.555557639e-05,1.543211034e-09,5.555557639e-05,1.543211034e-09
9807,0.0001666667291,7.716055172e-09,0.0001666667291,7.716055172e-09
9808,5.555557639e-05,3.086422068e-09,5.555557639e-05,3.086422068e-09
9809,8.333336458e-05,3.858027585e-09,8.333336458e-05,3.858027585e-09
9810,0.000138888941,6.944449655e-09,0.000138888941,6.944449655e-09
9811,2.777778819e-05,7.716055169e-10,2.777778819e-05,7.716055169e-10
9812,5.555557639e-05,3.086422068e-09,5.555557639e-05,3.086422068e-09
9813,0.0001111111528,6.172844135e-09,0.0001111111528,6.172844135e-09
9814,0.0001944445174,1.003087172e-08,0.0001944445174,1.003087172e-08
9815,0.0002500000937,1.311729379e-08,0.0002500000937,1.311729379e-08
9816,2.777778819e-05,7.716055169e-10,2.777778819e-05,7.716055169e-10
9817,8.333336458e-05,3.858027585e-09,8.333336458e-05,3.858027585e-09
9818,0.000138888941,1.003087172e-08,0.000138888941,1.003087172e-08
9819,0.0001111111528,4.629633101e-09,0.0001111111528,4.629633101e-09
9820,0,0,0,0
9821,0.000138888941,6.944449655e-09,0.000138888941,6.944449655e-09
9822,0,0,0,0
9823,5.555557639e-05,1.543211034e-09,5.555557639e-05,1.543211034e-09
9824,0,0,0,0
9825,0.0001111111528,6.172844138e-09,0.0001111111528,6.172844138e-09
9826,0.0001944445173,1.003087172e-08,0.0001944445173,1.003087172e-08
9827,5.555557639e-05,3.086422068e-09,5.555557639e-05,3.086422068e-09
9828,0,0,0,0
9829,0.0001111111528,6.172844135e-09,0.0001111111528,6.172844135e-09
9830,2.777778819e-05,7.716055169e-10,2.777778819e-05,7.716055169e-10
9831,0,0,0,0
9832,2.777778819e-05,7.716055169e-10,2.777778819e-05,7.716055169e-10
9833,5.555557639e-05,3.086422068e-09,5.555557639e-05,3.086422068e-09
9834,5.555557639e-05,3.086422068e-09,5.555557639e-05,3.086422068e-09
9835,0.0001111111528,6.172844138e-09,0.0001111111528,6.172844138e-09
9836,2.777778819e-05,7.716055169e-10,2.777778819e-05,7.716055169e-10
9837,0.0001111111528,4.629633101e-09,0.0001111111528,4.629633101e-09
9838,0,0,0,0
9839,5.555557639e-05,3.086422068e-09,5.555557639e-05,3.086422068e-09
9840,0.0001111111528,3.086422068e-09,0.0001111111528,3.086422068e-09
9841,5.555557639e-05,1.543211034e-09,5.555557639e-05,1.543211034e-09
9842,6.666669166e-05,4.444447778e-09,6.666669166e-05,4.444447778e-09
9843,0.0001435185723,7.223084978e-09,0.0001435185723,7.223084978e-09
9844,0,0,0,0
9845,0,0,0,0
9846,0.0001111111528,4.629633101e-09,0.0001111111528,4.629633101e-09
9847,0.0001944445174,8.487660686e-09,0.0001944445174,8.487660686e-09
9848,8.333336458e-05,3.858027585e-09,8.333336458e-05,3.858027585e-09
9849,0.0001944445174,8.487660686e-09,0.0001944445174,8.487660686e-09
9850,0.000138888941,6.944449652e-09,0.000138888941,6.944449652e-09
9851,0,0,0,0
9852,8.333336458e-05,3.858027585e-09,8.333336458e-05,3.858027585e-09
9853,5.555557639e-05,1.543211034e-09,5.555557639e-05,1.543211034e-09
9854,2.777778819e-05,7.716055169e-10,2.777778819e-05,7.716055169e-10
9855,0.0001111111528,4.629633101e-09,0.0001111111528,4.629633101e-09
9856,5.555557639e-05,1.543211034e-09,5.555557639e-05,1.543211034e-09
9857,2.777778819e-05,7.716055169e-10,2.777778819e-05,7.716055169e-10
9858,0,0,0,0
9859,3.472223524e-05,1.20563362e-09,3.472223524e-05,1.20563362e-09
9860,0.0001111111528,6.172844135e-09,0.0001111111528,6.172844135e-09
9861,0.0001111111528,6.172844135e-09,0.0001111111528,6.172844135e-09
9862,0.0001111111528,4.629633101e-09,0.0001111111528,4.629633101e-09
9863,0,0,0,0
9864,8.333336458e-05,3.858027585e-09,8.333336458e-05,3.858027585e-09
9865,0,0,0,0
9866,5.555557639e-05,3.086422068e-09,5.555557639e-05,3.086422068e-09
9867,0,0,0,0
9868,8.33333646e-05,2.314816551e-09,8.33333646e-05,2.314816551e-09
9869,0.0001666667292,7.716055169e-09,0.0001666667292,7.716055169e-09
9870,2.777778819e-05,7.716055169e-10,2.777778819e-05,7.716055169e-10
9871,8.333336458e-05,3.858027585e-09,8.333336458e-05,3.858027585e-09
9872,2.777778819e-05,7.716055169e-10,2.777778819e-05,7.716055169e-10
9873,5.555557639e-05,3.086422068e-09,5.555557639e-05,3.086422068e-09
9874,0.0003611112465,2.546298206e-08,0.0003611112465,2.546298206e-08
9875,0,0,0,0
9876,2.777778819e-05,7.716055169e-10,2.777778819e-05,7.716055169e-10
9877,0.0001944445173,8.487660688e-09,0.0001944445173,8.487660688e-09
9878,0.0002500000937,1.311729379e-08,0.0002500000937,1.311729379e-08
9879,5.555557639e-05,3.086422068e-09,5.555557639e-05,3.086422068e-09
9880,8.333336458e-05,2.314816551e-09,8.333336458e-05,2.314816551e-09
9881,0.0001944445173,1.003087172e-08,0.0001944445173,1.003087172e-08
9882,2.777778819e-05,7.716055169e-10,2.777778819e-05,7.716055169e-10
9883,5.555557639e-05,3.086422068e-09,5.555557639e-05,3.086422068e-09
9884,0,0,0,0
9885,0.0001111111528,6.172844135e-09,0.0001111111528,6.172844135e-09
9886,8.333336458e-05,3.858027585e-09,8.333336458e-05,3.858027585e-09
9887,0,0,0,0
9888,0,0,0,0
9889,0,0,0,0
9890,0,0,0,0
9891,9.027781163e-05,4.292055688e-09,9.027781163e-05,4.292055688e-09
9892,2.777778819e-05,7.716055169e-10,2.777778819e-05,7.716055169e-10
9893,5.555557639e-05,3.086422068e-09,5.555557639e-05,3.086422068e-09
9894,0.0002222223056,1.080247724e-08,0.0002222223056,1.080247724e-08
9895,0.0002037037801,1.268862406e-08,0.0002037037801,1.268862406e-08
9896,0.0001111111528,4.629633101e-09,0.0001111111528,4.629633101e-09
9897,2.777778819e-05,7.716055169e-10,2.777778819e-05,7.716055169e-10
9898,2.777778819e-05,7.716055169e-10,2.777778819e-05,7.716055169e-10
9899,0.0001111111528,4.629633101e-09,0.0001111111528,4.629633101e-09
9900,5.555557639e-05,3.086422068e-09,5.555557639e-05,3.086422068e-09
9901,5.555557639e-05,3.086422068e-09,5.555557639e-05,3.086422068e-09
9902,5.555557639e-05,3.086422068e-09,5.555557639e-05,3.086422068e-09
9903,0.0001111111528,6.172844135e-09,0.0001111111528,6.172844135e-09
9904,0.0002500000937,1.311729379e-08,0.0002500000937,1.311729379e-08
9905,0.0001666667292,9.259266203e-09,0.0001666667292,9.259266203e-09
9906,5.555557639e-05,3.086422068e-09,5.555557639e-05,3.086422068e-09
9907,8.333336458e-05,3.858027585e-09,8.333336458e-05,3.858027585e-09
9908,0.0001111111528,4.629633101e-09,0.0001111111528,4.629633101e-09
9909,0,0,0,0
9910,0,0,0,0
9911,0.000138888941,6.944449652e-09,0.000138888941,6.944449652e-09
9912,0,0,0,0
9913,8.333336458e-05,3.858027585e-09,8.333336458e-05,3.858027585e-09
9914,5.555557639e-05,1.543211034e-09,5.555557639e-05,1.543211034e-09
9915,9.126987549e-05,4.802850667e-09,9.126987549e-05,4.802850667e-09
9916,0,0,0,0
9917,0.0001111111528,6.172844135e-09,0.0001111111528,6.172844135e-09
9918,0.0001111111528,6.172844135e-09,0.0001111111528,6.172844135e-09
9919,5.555557639e-05,3.086422068e-09,5.555557639e-05,3.086422068e-09
9920,5.555557639e-05,3.086422068e-09,5.555557639e-05,3.086422068e-09
9921,8.333336458e-05,3.858027585e-09,8.333336458e-05,3.858027585e-09
9922,6.944447047e-05,2.50771793e-09,6.944447047e-05,2.50771793e-09
9923,0.000138888941,6.944449652e-09,0.000138888941,6.944449652e-09
9924,0,0,0,0
9925,3.333334583e-05,1.111111944e-09,3.333334583e-05,1.111111944e-09
9926,0.0001111111528,6.172844135e-09,0.0001111111528,6.172844135e-09
9927,0,0,0,0
9928,5.555557639e-05,1.543211034e-09,5.555557639e-05,1.543211034e-09
9929,0.000138888941,6.944449652e-09,0.000138888941,6.944449652e-09
9930,0,0,0,0
9931,3.472223524e-05,1.20563362e-09,3.472223524e-05,1.20563362e-09
9932,2.777778819e-05,7.716055169e-10,2.777778819e-05,7.716055169e-10
9933,0.0001666667292,7.716055169e-09,0.0001666667292,7.716055169e-09
9934,5.555557639e-05,3.086422068e-09,5.555557639e-05,3.086422068e-09
9935,5.555557639e-05,1.543211034e-09,5.555557639e-05,1.543211034e-09
9936,0.000138888941,5.401238619e-09,0.000138888941,5.401238619e-09
9937,0.000138888941,5.401238618e-09,0.000138888941,5.401238618e-09
9938,5.555557639e-05,1.543211034e-09,5.555557639e-05,1.543211034e-09
9939,5.555557639e-05,3.086422068e-09,5.555557639e-05,3.086422068e-09
9940,8.333336458e-05,3.858027585e-09,8.333336458e-05,3.858027585e-09
9941,0,0,0,0
9942,2.777778819e-05,7.716055169e-10,2.777778819e-05,7.716055169e-10
9943,0,0,0,0
9944,5.555557639e-05,1.543211034e-09,5.555557639e-05,1.543211034e-09
9945,0.0001111111528,6.172844135e-09,0.0001111111528,6.172844135e-09
9946,2.777778819e-05,7.716055169e-10,2.777778819e-05,7.716055169e-10
9947,2.777778819e-05,7.716055169e-10,2.777778819e-05,7.716055169e-10
9948,0.0001111111528,6.172844135e-09,0.0001111111528,6.172844135e-09
9949,0.0002083334114,1.176698414e-08,0.0002083334114,1.176698414e-08
9950,0,0,0,0
9951,0,0,0,0
9952,0.0001666667292,7.716055169e-09,0.0001666667292,7.716055169e-09
9953,0.000138888941,6.944449655e-09,0.000138888941,6.944449655e-09
9954,0.000138888941,1.003087172e-08,0.000138888941,1.003087172e-08
9955,5.555557639e-05,1.543211034e-09,5.555557639e-05,1.543211034e-09
9956,0,0,0,0
9957,0.0001111111528,6.172844135e-09,0.0001111111528,6.172844135e-09
9958,0.0001111111528,6.172844135e-09,0.0001111111528,6.172844135e-09
9959,2.777778819e-05,7.716055169e-10,2.777778819e-05,7.716055169e-10
9960,2.777778819e-05,7.716055169e-10,2.777778819e-05,7.716055169e-10
9961,0.0001111111528,4.629633101e-09,0.0001111111528,4.629633101e-09
9962,0,0,0,0
9963,5.555557639e-05,1.543211034e-09,5.555557639e-05,1.543211034e-09
9964,8.333336458e-05,3.858027585e-09,8.333336458e-05,3.858027585e-09
9965,2.777778819e-05,7.716055169e-10,2.777778819e-05,7.716055169e-10
9966,0.0001111111528,4.629633101e-09,0.0001111111528,4.629633101e-09
9967,5.555557639e-05,3.086422068e-09,5.555557639e-05,3.086422068e-09
9968,8.333336458e-05,3.858027585e-09,8.333336458e-05,3.858027585e-09
9969,5.555557639e-05,1.543211034e-09,5.555557639e-05,1.543211034e-09
9970,8.333336458e-05,3.858027585e-09,8.333336458e-05,3.858027585e-09
9971,8.333336458e-05,3.858027585e-09,8.333336458e-05,3.858027585e-09
9972,0.000138888941,5.401238618e-09,0.000138888941,5.401238618e-09
9973,5.555557639e-05,3.086422068e-09,5.555557639e-05,3.086422068e-09
9974,0.0001111111528,4.629633101e-09,0.0001111111528,4.629633101e-09
9975,0.0002500000937,1.157408276e-08,0.0002500000937,1.157408276e-08
9976,0.0001666667292,7.716055169e-09,0.0001666667292,7.716055169e-09
9977,0.0001111111528,4.629633101e-09,0.0001111111528,4.629633101e-09
9978,5.555557639e-05,3.086422068e-09,5.555557639e-05,3.086422068e-09
9979,0.000138888941,6.944449652e-09,0.000138888941,6.944449652e-09
9980,0.000138888941,5.401238618e-09,0.000138888941,5.401238618e-09
9981,0,0,0,0
9982,0.0001611111715,9.907414838e-09,0.0001611111715,9.907414838e-09
9983,8.333336458e-05,3.858027585e-09,8.333336458e-05,3.858027585e-09
9984,0.0001111111528,6.172844135e-09,0.0001111111528,6.172844135e-09
9985,0,0,0,0
9986,8.333336458e-05,3.858027585e-09,8.333336458e-05,3.858027585e-09
9987,0,0,0,0
9988,0.000138888941,6.944449652e-09,0.000138888941,6.944449652e-09
9989,0.0001111111528,4.629633101e-09,0.0001111111528,4.629633101e-09
9990,5.555557639e-05,1.543211034e-09,5.555557639e-05,1.543211034e-09
9991,3.333334583e-05,1.111111944e-09,3.333334583e-05,1.111111944e-09
9992,0,0,0,0
9993,0.0001111111528,6.172844135e-09,0.0001111111528,6.172844135e-09
9994,0,0,0,0
9995,9.027781163e-05,2.748844655e-09,9.027781163e-05,2.748844655e-09
9996,0,0,0,0
9997,2.777778819e-05,7.716055169e-10,2.777778819e-05,7.716055169e-10
9998,5.555557639e-05,1.543211034e-09,5.555557639e-05,1.543211034e-09
9999,8.333336458e-05,3.858027585e-09,8.333336458e-05,3.858027585e-09
10000,0.5147154077,2.392124814e-05,0.5147154077,2.392124814e-05
